date,code,name,shares,weight
2025-09-01,1101,台泥,7548000,2.52
2025-09-01,1102,亞泥,2774000,1.51
2025-09-01,1216,統一,5186000,6.01
2025-09-01,1537,廣隆,63000,0.12
2025-09-01,1717,長興,1063000,0.73
2025-09-01,1720,生達,105000,0.09
2025-09-01,2002,中鋼,12990000,3.88
2025-09-01,2027,大成鋼,2116237,1.2
2025-09-01,2206,三陽工業,728000,0.7
2025-09-01,2347,聯強,1413000,1.31
2025-09-01,2412,中華電,5478000,10.99
2025-09-01,2617,台航,254000,0.1
2025-09-01,2801,彰銀,9582884,2.78
2025-09-01,2812,台中銀,4823109,1.54
2025-09-01,2834,臺企銀,7914530,1.79
2025-09-01,2845,遠東銀,4343000,0.88
2025-09-01,2880,華南金,11340471,4.82
2025-09-01,2884,玉山金,17190695,8.66
2025-09-01,2886,兆豐金,12729970,7.77
2025-09-01,2887,台新新光金,13390720,3.29
2025-09-01,2889,國票金,3632009,0.84
2025-09-01,2890,永豐金,13964850,4.94
2025-09-01,2891,中信金,19183000,11.89
2025-09-01,2892,第一金,12647927,5.39
2025-09-01,2897,王道銀行,1901000,0.26
2025-09-01,3045,台灣大,2548000,4.06
2025-09-01,4904,遠傳,2664000,3.36
2025-09-01,5876,上海商銀,4067000,2.5
2025-09-01,5880,合庫金,12261238,4.37
2025-09-01,9927,泰銘,112000,0.09
2025-09-05,1101,台泥,7575000,2.54
2025-09-05,1102,亞泥,2784000,1.5
2025-09-05,1216,統一,5204000,6.02
2025-09-05,1537,廣隆,63000,0.12
2025-09-05,1717,長興,1066000,0.69
2025-09-05,1720,生達,105000,0.09
2025-09-05,2002,中鋼,13039000,3.78
2025-09-05,2027,大成鋼,2123237,1.18
2025-09-05,2206,三陽工業,730000,0.72
2025-09-05,2347,聯強,1419000,1.25
2025-09-05,2412,中華電,5498000,10.95
2025-09-05,2617,台航,255000,0.1
2025-09-05,2801,彰銀,9621884,2.77
2025-09-05,2812,台中銀,4842109,1.56
2025-09-05,2834,臺企銀,7947530,1.8
2025-09-05,2845,遠東銀,4451575,0.82
2025-09-05,2880,華南金,11380471,4.91
2025-09-05,2884,玉山金,17263695,8.77
2025-09-05,2886,兆豐金,12776970,7.81
2025-09-05,2887,台新新光金,13441720,3.4
2025-09-05,2889,國票金,3645009,0.82
2025-09-05,2890,永豐金,13964850,5.03
2025-09-05,2891,中信金,19254000,11.94
2025-09-05,2892,第一金,12699927,5.49
2025-09-05,2897,王道銀行,1908000,0.25
2025-09-05,3045,台灣大,2558000,4.02
2025-09-05,4904,遠傳,2673000,3.34
2025-09-05,5876,上海商銀,4082000,2.5
2025-09-05,5880,合庫金,12310238,4.41
2025-09-05,9927,泰銘,112000,0.09
2025-09-08,1101,台泥,7575000,2.52
2025-09-08,1102,亞泥,2784000,1.5
2025-09-08,1216,統一,5204000,6.11
2025-09-08,1537,廣隆,63000,0.12
2025-09-08,1717,長興,1066000,0.71
2025-09-08,1720,生達,105000,0.09
2025-09-08,2002,中鋼,13039000,3.8
2025-09-08,2027,大成鋼,2123237,1.23
2025-09-08,2206,三陽工業,730000,0.72
2025-09-08,2347,聯強,1419000,1.26
2025-09-08,2412,中華電,5498000,11.01
2025-09-08,2617,台航,255000,0.1
2025-09-08,2801,彰銀,9621884,2.78
2025-09-08,2812,台中銀,4842109,1.55
2025-09-08,2834,臺企銀,7947530,1.82
2025-09-08,2845,遠東銀,4451575,0.83
2025-09-08,2880,華南金,11380471,4.93
2025-09-08,2884,玉山金,17263695,8.64
2025-09-08,2886,兆豐金,12776970,7.77
2025-09-08,2887,台新新光金,13441720,3.42
2025-09-08,2889,國票金,3645009,0.82
2025-09-08,2890,永豐金,13964850,5.15
2025-09-08,2891,中信金,19254000,11.97
2025-09-08,2892,第一金,12699927,5.56
2025-09-08,2897,王道銀行,1908000,0.26
2025-09-08,3045,台灣大,2558000,4.08
2025-09-08,4904,遠傳,2673000,3.36
2025-09-08,5876,上海商銀,4082000,2.48
2025-09-08,5880,合庫金,12310238,4.41
2025-09-08,9927,泰銘,112000,0.1
2025-09-12,1101,台泥,7342000,2.5
2025-09-12,1102,亞泥,2699000,1.5
2025-09-12,1216,統一,5042000,6.09
2025-09-12,1537,廣隆,60000,0.12
2025-09-12,1717,長興,1034000,0.66
2025-09-12,1720,生達,102000,0.09
2025-09-12,2002,中鋼,12632000,3.72
2025-09-12,2027,大成鋼,2057237,1.21
2025-09-12,2206,三陽工業,708000,0.69
2025-09-12,2347,聯強,1375000,1.28
2025-09-12,2412,中華電,5327000,10.99
2025-09-12,2617,台航,247000,0.1
2025-09-12,2801,彰銀,9326884,2.8
2025-09-12,2812,台中銀,4694109,1.62
2025-09-12,2834,臺企銀,7702530,1.81
2025-09-12,2845,遠東銀,4260575,0.8
2025-09-12,2880,華南金,11031471,4.95
2025-09-12,2884,玉山金,16733695,8.62
2025-09-12,2886,兆豐金,12380970,7.83
2025-09-12,2887,台新新光金,13028720,3.43
2025-09-12,2889,國票金,3533009,0.82
2025-09-12,2890,永豐金,13447850,5.16
2025-09-12,2891,中信金,18660000,12.16
2025-09-12,2892,第一金,12309927,5.6
2025-09-12,2897,王道銀行,1849000,0.26
2025-09-12,3045,台灣大,2479000,4.06
2025-09-12,4904,遠傳,2591000,3.35
2025-09-12,5876,上海商銀,3955000,2.5
2025-09-12,5880,合庫金,11933238,4.44
2025-09-12,9927,泰銘,108000,0.09
2025-09-15,1101,台泥,7294000,2.5
2025-09-15,1102,亞泥,2681000,1.52
2025-09-15,1216,統一,5011000,6.09
2025-09-15,1537,廣隆,60000,0.12
2025-09-15,1717,長興,1027000,0.65
2025-09-15,1720,生達,101000,0.09
2025-09-15,2002,中鋼,12555000,3.71
2025-09-15,2027,大成鋼,2044237,1.19
2025-09-15,2206,三陽工業,703000,0.69
2025-09-15,2347,聯強,1366000,1.29
2025-09-15,2412,中華電,5294000,10.98
2025-09-15,2617,台航,245000,0.1
2025-09-15,2801,彰銀,9264884,2.8
2025-09-15,2812,台中銀,4663109,1.61
2025-09-15,2834,臺企銀,7652530,1.8
2025-09-15,2845,遠東銀,4232575,0.81
2025-09-15,2880,華南金,10958471,4.92
2025-09-15,2884,玉山金,16622695,8.56
2025-09-15,2886,兆豐金,12302970,7.83
2025-09-15,2887,台新新光金,12941720,3.47
2025-09-15,2889,國票金,3510009,0.82
2025-09-15,2890,永豐金,13357850,5.12
2025-09-15,2891,中信金,18539000,12.29
2025-09-15,2892,第一金,12227927,5.56
2025-09-15,2897,王道銀行,1837000,0.26
2025-09-15,3045,台灣大,2463000,4.05
2025-09-15,4904,遠傳,2574000,3.39
2025-09-15,5876,上海商銀,3930000,2.49
2025-09-15,5880,合庫金,11853238,4.42
2025-09-15,9927,泰銘,107000,0.09
2025-09-19,1101,台泥,7278000,2.62
2025-09-19,1102,亞泥,2675000,1.5
2025-09-19,1216,統一,5000000,6.04
2025-09-19,1537,廣隆,60000,0.12
2025-09-19,1717,長興,1025000,0.65
2025-09-19,1720,生達,101000,0.09
2025-09-19,2002,中鋼,12528000,3.74
2025-09-19,2027,大成鋼,2040237,1.2
2025-09-19,2206,三陽工業,702000,0.68
2025-09-19,2347,聯強,1363000,1.31
2025-09-19,2412,中華電,5282000,10.9
2025-09-19,2617,台航,245000,0.1
2025-09-19,2801,彰銀,9244884,2.76
2025-09-19,2812,台中銀,4653109,1.6
2025-09-19,2834,臺企銀,7635530,1.81
2025-09-19,2845,遠東銀,4224084,0.8
2025-09-19,2880,華南金,10934471,4.92
2025-09-19,2884,玉山金,16586695,8.57
2025-09-19,2886,兆豐金,12275970,7.89
2025-09-19,2887,台新新光金,12914720,3.45
2025-09-19,2889,國票金,3502009,0.8
2025-09-19,2890,永豐金,13329850,5.02
2025-09-19,2891,中信金,18499000,12.43
2025-09-19,2892,第一金,12201927,5.58
2025-09-19,2897,王道銀行,1833000,0.25
2025-09-19,3045,台灣大,2457000,3.99
2025-09-19,4904,遠傳,2569000,3.33
2025-09-19,5876,上海商銀,3922000,2.55
2025-09-19,5880,合庫金,11828238,4.42
2025-09-19,9927,泰銘,107000,0.09
2025-09-22,1101,台泥,7262000,2.75
2025-09-22,1102,亞泥,2669000,1.52
2025-09-22,1216,統一,4989000,6.04
2025-09-22,1537,廣隆,60000,0.12
2025-09-22,1717,長興,1023000,0.66
2025-09-22,1720,生達,101000,0.09
2025-09-22,2002,中鋼,12501000,3.74
2025-09-22,2027,大成鋼,2036237,1.2
2025-09-22,2206,三陽工業,701000,0.68
2025-09-22,2347,聯強,1360000,1.31
2025-09-22,2412,中華電,5270000,10.83
2025-09-22,2617,台航,245000,0.1
2025-09-22,2801,彰銀,9224884,2.77
2025-09-22,2812,台中銀,4643109,1.62
2025-09-22,2834,臺企銀,7618530,1.82
2025-09-22,2845,遠東銀,4215084,0.8
2025-09-22,2880,華南金,10910471,4.91
2025-09-22,2884,玉山金,16550695,8.55
2025-09-22,2886,兆豐金,12248970,7.85
2025-09-22,2887,台新新光金,12886720,3.47
2025-09-22,2889,國票金,3494009,0.8
2025-09-22,2890,永豐金,13301850,5.03
2025-09-22,2891,中信金,18459000,12.28
2025-09-22,2892,第一金,12175927,5.59
2025-09-22,2897,王道銀行,1829000,0.25
2025-09-22,3045,台灣大,2451000,4.0
2025-09-22,4904,遠傳,2564000,3.38
2025-09-22,5876,上海商銀,3914000,2.53
2025-09-22,5880,合庫金,11803238,4.42
2025-09-22,9927,泰銘,107000,0.09
2025-09-26,1101,台泥,7230000,2.67
2025-09-26,1102,亞泥,2658000,1.53
2025-09-26,1216,統一,4968000,6.04
2025-09-26,1537,廣隆,60000,0.12
2025-09-26,1717,長興,1018000,0.63
2025-09-26,1720,生達,100000,0.09
2025-09-26,2002,中鋼,12446000,3.77
2025-09-26,2027,大成鋼,2027237,1.2
2025-09-26,2206,三陽工業,697000,0.67
2025-09-26,2347,聯強,1354000,1.31
2025-09-26,2412,中華電,5248000,10.95
2025-09-26,2617,台航,243000,0.1
2025-09-26,2801,彰銀,9184884,2.78
2025-09-26,2812,台中銀,4622109,1.62
2025-09-26,2834,臺企銀,7585530,1.83
2025-09-26,2845,遠東銀,4196084,0.81
2025-09-26,2880,華南金,10863471,4.93
2025-09-26,2884,玉山金,16478695,8.41
2025-09-26,2886,兆豐金,12195970,7.94
2025-09-26,2887,台新新光金,12830720,3.54
2025-09-26,2889,國票金,3479009,0.8
2025-09-26,2890,永豐金,13242850,5.02
2025-09-26,2891,中信金,18379000,12.14
2025-09-26,2892,第一金,12122927,5.52
2025-09-26,2897,王道銀行,1821000,0.25
2025-09-26,3045,台灣大,2441000,4.05
2025-09-26,4904,遠傳,2552000,3.45
2025-09-26,5876,上海商銀,3896000,2.52
2025-09-26,5880,合庫金,11751238,4.41
2025-09-26,9927,泰銘,106000,0.09
2025-09-30,1101,台泥,7230000,2.67
2025-09-30,1102,亞泥,2658000,1.56
2025-09-30,1216,統一,4968000,5.99
2025-09-30,1537,廣隆,60000,0.12
2025-09-30,1717,長興,1018000,0.64
2025-09-30,1720,生達,100000,0.09
2025-09-30,2002,中鋼,12446000,3.71
2025-09-30,2027,大成鋼,2027237,1.2
2025-09-30,2206,三陽工業,697000,0.67
2025-09-30,2347,聯強,1354000,1.32
2025-09-30,2412,中華電,5248000,10.77
2025-09-30,2617,台航,243000,0.1
2025-09-30,2801,彰銀,9184884,2.77
2025-09-30,2812,台中銀,4622109,1.61
2025-09-30,2834,臺企銀,7585530,1.84
2025-09-30,2845,遠東銀,4196084,0.8
2025-09-30,2880,華南金,10863471,4.94
2025-09-30,2884,玉山金,16478695,8.45
2025-09-30,2886,兆豐金,12195970,7.97
2025-09-30,2887,台新新光金,12830720,3.55
2025-09-30,2889,國票金,3479009,0.82
2025-09-30,2890,永豐金,13242850,5.09
2025-09-30,2891,中信金,18379000,12.12
2025-09-30,2892,第一金,12122927,5.56
2025-09-30,2897,王道銀行,1821000,0.25
2025-09-30,3045,台灣大,2441000,4.09
2025-09-30,4904,遠傳,2552000,3.47
2025-09-30,5876,上海商銀,3896000,2.52
2025-09-30,5880,合庫金,11751238,4.45
2025-09-30,9927,泰銘,106000,0.09
2025-10-02,1101,台泥,7167000,2.65
2025-10-02,1102,亞泥,2634000,1.52
2025-10-02,1216,統一,4924000,5.97
2025-10-02,1537,廣隆,59000,0.12
2025-10-02,1717,長興,1009000,0.64
2025-10-02,1720,生達,100000,0.09
2025-10-02,2002,中鋼,12337000,3.68
2025-10-02,2027,大成鋼,2009237,1.18
2025-10-02,2206,三陽工業,691000,0.67
2025-10-02,2347,聯強,1342000,1.3
2025-10-02,2412,中華電,5202000,10.76
2025-10-02,2617,台航,241000,0.1
2025-10-02,2801,彰銀,9103884,2.84
2025-10-02,2812,台中銀,4582109,1.61
2025-10-02,2834,臺企銀,7519530,1.85
2025-10-02,2845,遠東銀,4159084,0.8
2025-10-02,2880,華南金,10768471,4.93
2025-10-02,2884,玉山金,16334695,8.38
2025-10-02,2886,兆豐金,12089970,7.9
2025-10-02,2887,台新新光金,12717720,3.6
2025-10-02,2889,國票金,3449009,0.81
2025-10-02,2890,永豐金,13126850,5.25
2025-10-02,2891,中信金,18218000,12.16
2025-10-02,2892,第一金,12016927,5.51
2025-10-02,2897,王道銀行,1805000,0.25
2025-10-02,3045,台灣大,2420000,4.08
2025-10-02,4904,遠傳,2530000,3.5
2025-10-02,5876,上海商銀,3862000,2.5
2025-10-02,5880,合庫金,11648238,4.43
2025-10-02,9927,泰銘,105000,0.09
2025-10-03,1101,台泥,7167000,2.66
2025-10-03,1102,亞泥,2634000,1.54
2025-10-03,1216,統一,4924000,5.96
2025-10-03,1537,廣隆,59000,0.12
2025-10-03,1717,長興,1009000,0.66
2025-10-03,1720,生達,100000,0.09
2025-10-03,2002,中鋼,12337000,3.67
2025-10-03,2027,大成鋼,2009237,1.17
2025-10-03,2206,三陽工業,691000,0.67
2025-10-03,2347,聯強,1342000,1.28
2025-10-03,2412,中華電,5202000,10.82
2025-10-03,2617,台航,241000,0.1
2025-10-03,2801,彰銀,9103884,2.87
2025-10-03,2812,台中銀,4582109,1.61
2025-10-03,2834,臺企銀,7519530,1.84
2025-10-03,2845,遠東銀,4159084,0.79
2025-10-03,2880,華南金,10768471,4.9
2025-10-03,2884,玉山金,16334695,8.33
2025-10-03,2886,兆豐金,12089970,7.9
2025-10-03,2887,台新新光金,12717720,3.63
2025-10-03,2889,國票金,3449009,0.82
2025-10-03,2890,永豐金,13126850,5.21
2025-10-03,2891,中信金,18218000,12.07
2025-10-03,2892,第一金,12016927,5.54
2025-10-03,2897,王道銀行,1805000,0.26
2025-10-03,3045,台灣大,2420000,4.13
2025-10-03,4904,遠傳,2530000,3.52
2025-10-03,5876,上海商銀,3862000,2.5
2025-10-03,5880,合庫金,11648238,4.44
2025-10-03,9927,泰銘,105000,0.09
2025-10-07,1101,台泥,7167000,2.64
2025-10-07,1102,亞泥,2634000,1.54
2025-10-07,1216,統一,4924000,6.01
2025-10-07,1537,廣隆,59000,0.12
2025-10-07,1717,長興,1009000,0.66
2025-10-07,1720,生達,100000,0.09
2025-10-07,2002,中鋼,12337000,3.65
2025-10-07,2027,大成鋼,2009237,1.2
2025-10-07,2206,三陽工業,691000,0.68
2025-10-07,2347,聯強,1342000,1.29
2025-10-07,2412,中華電,5202000,10.81
2025-10-07,2617,台航,241000,0.1
2025-10-07,2801,彰銀,9103884,2.87
2025-10-07,2812,台中銀,4582109,1.6
2025-10-07,2834,臺企銀,7519530,1.83
2025-10-07,2845,遠東銀,4159084,0.8
2025-10-07,2880,華南金,10768471,4.88
2025-10-07,2884,玉山金,16334695,8.34
2025-10-07,2886,兆豐金,12089970,7.9
2025-10-07,2887,台新新光金,12717720,3.65
2025-10-07,2889,國票金,3449009,0.82
2025-10-07,2890,永豐金,13126850,5.26
2025-10-07,2891,中信金,18218000,12.02
2025-10-07,2892,第一金,12016927,5.44
2025-10-07,2897,王道銀行,1805000,0.25
2025-10-07,3045,台灣大,2420000,4.16
2025-10-07,4904,遠傳,2530000,3.58
2025-10-07,5876,上海商銀,3862000,2.5
2025-10-07,5880,合庫金,11648238,4.38
2025-10-07,9927,泰銘,105000,0.09
2025-10-08,1101,台泥,7104000,2.61
2025-10-08,1102,亞泥,2611000,1.53
2025-10-08,1216,統一,4881000,5.98
2025-10-08,1537,廣隆,59000,0.12
2025-10-08,1717,長興,1000000,0.64
2025-10-08,1720,生達,99000,0.09
2025-10-08,2002,中鋼,12228000,3.65
2025-10-08,2027,大成鋼,1991237,1.22
2025-10-08,2206,三陽工業,685000,0.67
2025-10-08,2347,聯強,1330000,1.27
2025-10-08,2412,中華電,5156000,10.81
2025-10-08,2617,台航,239000,0.1
2025-10-08,2801,彰銀,9023884,2.88
2025-10-08,2812,台中銀,4541109,1.58
2025-10-08,2834,臺企銀,7453530,1.84
2025-10-08,2845,遠東銀,4123084,0.79
2025-10-08,2880,華南金,10673471,4.89
2025-10-08,2884,玉山金,16190695,8.34
2025-10-08,2886,兆豐金,11982970,7.89
2025-10-08,2887,台新新光金,12605720,3.65
2025-10-08,2889,國票金,3418009,0.82
2025-10-08,2890,永豐金,13010850,5.31
2025-10-08,2891,中信金,18057000,12.05
2025-10-08,2892,第一金,11909927,5.47
2025-10-08,2897,王道銀行,1789000,0.25
2025-10-08,3045,台灣大,2399000,4.16
2025-10-08,4904,遠傳,2507000,3.59
2025-10-08,5876,上海商銀,3828000,2.5
2025-10-08,5880,合庫金,11545238,4.36
2025-10-08,9927,泰銘,104000,0.09
2025-10-09,1101,台泥,7057000,2.61
2025-10-09,1102,亞泥,2594000,1.52
2025-10-09,1216,統一,4849000,5.94
2025-10-09,1537,廣隆,58000,0.12
2025-10-09,1717,長興,993000,0.66
2025-10-09,1720,生達,98000,0.08
2025-10-09,2002,中鋼,12148000,3.64
2025-10-09,2027,大成鋼,1978237,1.21
2025-10-09,2206,三陽工業,681000,0.67
2025-10-09,2347,聯強,1322000,1.25
2025-10-09,2412,中華電,5122000,10.75
2025-10-09,2617,台航,237000,0.1
2025-10-09,2801,彰銀,8963884,2.9
2025-10-09,2812,台中銀,4511109,1.58
2025-10-09,2834,臺企銀,7404530,1.83
2025-10-09,2845,遠東銀,4096084,0.8
2025-10-09,2880,華南金,10603471,4.9
2025-10-09,2884,玉山金,16083695,8.38
2025-10-09,2886,兆豐金,11903970,7.89
2025-10-09,2887,台新新光金,12522720,3.72
2025-10-09,2889,國票金,3396009,0.83
2025-10-09,2890,永豐金,12924850,5.37
2025-10-09,2891,中信金,17938000,12.06
2025-10-09,2892,第一金,11831927,5.41
2025-10-09,2897,王道銀行,1777000,0.25
2025-10-09,3045,台灣大,2383000,4.16
2025-10-09,4904,遠傳,2491000,3.58
2025-10-09,5876,上海商銀,3803000,2.5
2025-10-09,5880,合庫金,11469238,4.35
2025-10-09,9927,泰銘,104000,0.09
2025-10-13,1101,台泥,7057000,2.58
2025-10-13,1102,亞泥,2594000,1.52
2025-10-13,1216,統一,4849000,5.98
2025-10-13,1537,廣隆,58000,0.12
2025-10-13,1717,長興,993000,0.65
2025-10-13,1720,生達,98000,0.08
2025-10-13,2002,中鋼,12148000,3.67
2025-10-13,2027,大成鋼,1978237,1.22
2025-10-13,2206,三陽工業,681000,0.66
2025-10-13,2347,聯強,1322000,1.24
2025-10-13,2412,中華電,5122000,10.79
2025-10-13,2617,台航,237000,0.1
2025-10-13,2801,彰銀,8963884,2.88
2025-10-13,2812,台中銀,4511109,1.57
2025-10-13,2834,臺企銀,7404530,1.82
2025-10-13,2845,遠東銀,4096084,0.8
2025-10-13,2880,華南金,10603471,4.93
2025-10-13,2884,玉山金,16083695,8.31
2025-10-13,2886,兆豐金,11903970,7.88
2025-10-13,2887,台新新光金,12522720,3.69
2025-10-13,2889,國票金,3396009,0.83
2025-10-13,2890,永豐金,12924850,5.37
2025-10-13,2891,中信金,17938000,12.02
2025-10-13,2892,第一金,11831927,5.46
2025-10-13,2897,王道銀行,1777000,0.25
2025-10-13,3045,台灣大,2383000,4.19
2025-10-13,4904,遠傳,2491000,3.61
2025-10-13,5876,上海商銀,3803000,2.49
2025-10-13,5880,合庫金,11469238,4.35
2025-10-13,9927,泰銘,104000,0.09
2025-10-14,1101,台泥,5338000,1.94
2025-10-14,1102,亞泥,2558000,1.5
2025-10-14,1216,統一,4782000,5.93
2025-10-14,1537,廣隆,44000,0.09
2025-10-14,1717,長興,752000,0.48
2025-10-14,1720,生達,74000,0.06
2025-10-14,2002,中鋼,9189000,2.75
2025-10-14,2027,大成鋼,1496237,0.94
2025-10-14,2206,三陽工業,515000,0.49
2025-10-14,2347,聯強,1000000,0.94
2025-10-14,2412,中華電,5052000,10.64
2025-10-14,2617,台航,180000,0.08
2025-10-14,2801,彰銀,8843884,2.84
2025-10-14,2812,台中銀,4441109,1.55
2025-10-14,2834,臺企銀,7301530,1.79
2025-10-14,2845,遠東銀,4039084,0.79
2025-10-14,2880,華南金,10456471,4.9
2025-10-14,2884,玉山金,15861695,8.27
2025-10-14,2886,兆豐金,11739970,7.86
2025-10-14,2887,台新新光金,9472720,2.86
2025-10-14,2889,國票金,2769009,0.67
2025-10-14,2890,永豐金,12746850,5.32
2025-10-14,2891,中信金,17681000,11.9
2025-10-14,2892,第一金,11668927,5.44
2025-10-14,2897,王道銀行,1345000,0.19
2025-10-14,3045,台灣大,2350000,4.13
2025-10-14,4904,遠傳,2456000,3.58
2025-10-14,5876,上海商銀,3017000,1.99
2025-10-14,5880,合庫金,11311238,4.31
2025-10-14,9927,泰銘,78000,0.07
2025-10-15,1101,台泥,4040000,1.47
2025-10-15,1102,亞泥,2554000,1.49
2025-10-15,1216,統一,4773000,5.87
2025-10-15,1537,廣隆,31000,0.06
2025-10-15,1717,長興,559000,0.35
2025-10-15,1720,生達,56000,0.05
2025-10-15,2002,中鋼,6945000,2.06
2025-10-15,2027,大成鋼,1132237,0.69
2025-10-15,2206,三陽工業,390000,0.37
2025-10-15,2347,聯強,757000,0.71
2025-10-15,2412,中華電,5043000,10.52
2025-10-15,2617,台航,132000,0.06
2025-10-15,2801,彰銀,8824884,2.88
2025-10-15,2812,台中銀,4441109,1.57
2025-10-15,2834,臺企銀,7289530,1.8
2025-10-15,2845,遠東銀,4032084,0.8
2025-10-15,2880,華南金,10438471,4.91
2025-10-15,2884,玉山金,15833695,8.27
2025-10-15,2886,兆豐金,11718970,7.81
2025-10-15,2887,台新新光金,7169720,2.25
2025-10-15,2889,國票金,2174009,0.53
2025-10-15,2890,永豐金,12724850,5.34
2025-10-15,2891,中信金,17660000,11.93
2025-10-15,2892,第一金,11647927,5.41
2025-10-15,2897,王道銀行,1018000,0.15
2025-10-15,3045,台灣大,2346000,4.06
2025-10-15,4904,遠傳,2452000,3.57
2025-10-15,5876,上海商銀,2247000,1.47
2025-10-15,5880,合庫金,11291238,4.29
2025-10-15,9927,泰銘,59000,0.05
2025-10-16,1101,台泥,4040000,1.47
2025-10-16,1102,亞泥,2554000,1.48
2025-10-16,1216,統一,4773000,5.87
2025-10-16,1402,遠東新,335000,0.14
2025-10-16,1537,廣隆,31000,0.06
2025-10-16,1717,長興,559000,0.35
2025-10-16,1720,生達,56000,0.05
2025-10-16,2002,中鋼,6945000,2.07
2025-10-16,2027,大成鋼,1132237,0.69
2025-10-16,2206,三陽工業,390000,0.37
2025-10-16,2303,聯電,1003000,0.71
2025-10-16,2347,聯強,757000,0.71
2025-10-16,2412,中華電,5043000,10.55
2025-10-16,2474,可成,50000,0.14
2025-10-16,2610,華航,319000,0.1
2025-10-16,2617,台航,132000,0.06
2025-10-16,2618,長榮航,394000,0.24
2025-10-16,2801,彰銀,8824884,2.85
2025-10-16,2812,台中銀,4441109,1.56
2025-10-16,2834,臺企銀,7289530,1.8
2025-10-16,2845,遠東銀,4032084,0.81
2025-10-16,2880,華南金,10438471,4.93
2025-10-16,2881,富邦金,873000,1.24
2025-10-16,2882,國泰金,839000,0.88
2025-10-16,2883,凱基金,1429000,0.36
2025-10-16,2884,玉山金,15833695,8.13
2025-10-16,2885,元大金,1088000,0.59
2025-10-16,2886,兆豐金,11718970,7.77
2025-10-16,2887,台新新光金,7169720,2.23
2025-10-16,2889,國票金,2174009,0.53
2025-10-16,2890,永豐金,12724850,5.23
2025-10-16,2891,中信金,17660000,11.92
2025-10-16,2892,第一金,11647927,5.43
2025-10-16,2897,王道銀行,1018000,0.15
2025-10-16,3033,威健,37000,0.02
2025-10-16,3034,聯詠,50000,0.33
2025-10-16,3045,台灣大,2346000,4.09
2025-10-16,4904,遠傳,2452000,3.6
2025-10-16,5871,中租-KY,132000,0.22
2025-10-16,5876,上海商銀,2247000,1.46
2025-10-16,5880,合庫金,11291238,4.31
2025-10-16,8422,可寧衛,8000,0.03
2025-10-16,9927,泰銘,59000,0.05
2025-10-16,9939,宏全,24000,0.05
2025-10-17,1101,台泥,4040000,1.49
2025-10-17,1102,亞泥,2554000,1.49
2025-10-17,1216,統一,4773000,5.91
2025-10-17,1402,遠東新,521000,0.22
2025-10-17,1537,廣隆,31000,0.06
2025-10-17,1717,長興,559000,0.35
2025-10-17,1720,生達,56000,0.05
2025-10-17,2002,中鋼,6945000,2.1
2025-10-17,2027,大成鋼,1132237,0.69
2025-10-17,2206,三陽工業,390000,0.38
2025-10-17,2303,聯電,1566000,1.14
2025-10-17,2347,聯強,757000,0.71
2025-10-17,2412,中華電,5043000,10.63
2025-10-17,2474,可成,76000,0.22
2025-10-17,2610,華航,498000,0.17
2025-10-17,2617,台航,132000,0.06
2025-10-17,2618,長榮航,613000,0.37
2025-10-17,2801,彰銀,8824884,2.84
2025-10-17,2812,台中銀,4441109,1.57
2025-10-17,2834,臺企銀,7289530,1.78
2025-10-17,2845,遠東銀,4032084,0.81
2025-10-17,2880,華南金,10438471,4.92
2025-10-17,2881,富邦金,1359000,1.93
2025-10-17,2882,國泰金,1305000,1.35
2025-10-17,2883,凱基金,2211000,0.55
2025-10-17,2884,玉山金,15833695,8.17
2025-10-17,2885,元大金,1698000,0.91
2025-10-17,2886,兆豐金,11718970,7.72
2025-10-17,2887,台新新光金,7169720,2.2
2025-10-17,2889,國票金,2174009,0.53
2025-10-17,2890,永豐金,12724850,5.26
2025-10-17,2891,中信金,17660000,11.89
2025-10-17,2892,第一金,11647927,5.37
2025-10-17,2897,王道銀行,1018000,0.15
2025-10-17,3033,威健,58000,0.03
2025-10-17,3034,聯詠,78000,0.5
2025-10-17,3045,台灣大,2346000,4.14
2025-10-17,4904,遠傳,2452000,3.59
2025-10-17,5871,中租-KY,206000,0.35
2025-10-17,5876,上海商銀,2247000,1.46
2025-10-17,5880,合庫金,11291238,4.32
2025-10-17,8422,可寧衛,13000,0.04
2025-10-17,9927,泰銘,59000,0.05
2025-10-17,9939,宏全,37000,0.08
2025-10-20,1101,台泥,4040000,1.49
2025-10-20,1102,亞泥,2554000,1.49
2025-10-20,1216,統一,4773000,5.96
2025-10-20,1402,遠東新,544000,0.23
2025-10-20,1537,廣隆,31000,0.06
2025-10-20,1717,長興,559000,0.34
2025-10-20,1720,生達,56000,0.05
2025-10-20,2002,中鋼,6945000,2.08
2025-10-20,2027,大成鋼,1132237,0.69
2025-10-20,2206,三陽工業,390000,0.37
2025-10-20,2303,聯電,1636000,1.2
2025-10-20,2347,聯強,757000,0.71
2025-10-20,2412,中華電,5043000,10.63
2025-10-20,2474,可成,76000,0.24
2025-10-20,2610,華航,520000,0.17
2025-10-20,2617,台航,132000,0.06
2025-10-20,2618,長榮航,641000,0.39
2025-10-20,2801,彰銀,8824884,2.82
2025-10-20,2812,台中銀,4441109,1.58
2025-10-20,2834,臺企銀,7289530,1.77
2025-10-20,2845,遠東銀,4032084,0.82
2025-10-20,2880,華南金,10438471,4.92
2025-10-20,2881,富邦金,1412000,1.99
2025-10-20,2882,國泰金,1360000,1.41
2025-10-20,2883,凱基金,2311000,0.58
2025-10-20,2884,玉山金,15833695,8.11
2025-10-20,2885,元大金,1761000,0.95
2025-10-20,2886,兆豐金,11718970,7.76
2025-10-20,2887,台新新光金,7169720,2.25
2025-10-20,2889,國票金,2174009,0.53
2025-10-20,2890,永豐金,12724850,5.26
2025-10-20,2891,中信金,17660000,11.87
2025-10-20,2892,第一金,11647927,5.34
2025-10-20,2897,王道銀行,1018000,0.15
2025-10-20,3033,威健,63000,0.03
2025-10-20,3034,聯詠,83000,0.54
2025-10-20,3045,台灣大,2346000,4.15
2025-10-20,4904,遠傳,2452000,3.61
2025-10-20,5871,中租-KY,215000,0.36
2025-10-20,5876,上海商銀,2247000,1.45
2025-10-20,5880,合庫金,11291238,4.3
2025-10-20,8422,可寧衛,14000,0.05
2025-10-20,9927,泰銘,59000,0.05
2025-10-20,9939,宏全,39000,0.08
2025-10-21,1102,亞泥,2488000,1.46
2025-10-21,1216,統一,4646000,5.84
2025-10-21,1402,遠東新,941000,0.4
2025-10-21,2027,大成鋼,237,0.0
2025-10-21,2206,三陽工業,100000,0.1
2025-10-21,2303,聯電,2842000,2.05
2025-10-21,2412,中華電,4904000,10.37
2025-10-21,2474,可成,133000,0.41
2025-10-21,2610,華航,903000,0.3
2025-10-21,2618,長榮航,1115000,0.67
2025-10-21,2801,彰銀,8595884,2.76
2025-10-21,2812,台中銀,4326109,1.53
2025-10-21,2834,臺企銀,7098530,1.73
2025-10-21,2845,遠東銀,3957084,0.8
2025-10-21,2880,華南金,10167471,4.79
2025-10-21,2881,富邦金,2454000,3.53
2025-10-21,2882,國泰金,2359000,2.46
2025-10-21,2883,凱基金,4032000,1.01
2025-10-21,2884,玉山金,15424695,7.97
2025-10-21,2885,元大金,3071000,1.69
2025-10-21,2886,兆豐金,11404970,7.58
2025-10-21,2887,台新新光金,720,0.0
2025-10-21,2889,國票金,900009,0.22
2025-10-21,2890,永豐金,12483850,5.18
2025-10-21,2891,中信金,17204000,11.57
2025-10-21,2892,第一金,11335927,5.22
2025-10-21,3033,威健,107000,0.05
2025-10-21,3034,聯詠,143000,0.95
2025-10-21,3045,台灣大,2278000,4.02
2025-10-21,4904,遠傳,2382000,3.53
2025-10-21,5871,中租-KY,374000,0.61
2025-10-21,5880,合庫金,10998238,4.2
2025-10-21,8422,可寧衛,24000,0.09
2025-10-21,9939,宏全,68000,0.14
2025-10-22,1102,亞泥,2176000,1.29
2025-10-22,1216,統一,4065000,5.1
2025-10-22,1402,遠東新,1613000,0.71
2025-10-22,2303,聯電,4881000,3.53
2025-10-22,2412,中華電,4292000,9.11
2025-10-22,2474,可成,229000,0.72
2025-10-22,2610,華航,1551000,0.52
2025-10-22,2618,長榮航,1918000,1.16
2025-10-22,2801,彰銀,7519884,2.42
2025-10-22,2812,台中銀,3784109,1.32
2025-10-22,2834,臺企銀,6209530,1.53
2025-10-22,2845,遠東銀,3592084,0.73
2025-10-22,2880,華南金,8893471,4.22
2025-10-22,2881,富邦金,4270000,6.22
2025-10-22,2882,國泰金,4149000,4.34
2025-10-22,2883,凱基金,6944000,1.77
2025-10-22,2884,玉山金,13326695,6.91
2025-10-22,2885,元大金,5287000,2.92
2025-10-22,2886,兆豐金,10042970,6.67
2025-10-22,2890,永豐金,11313850,4.7
2025-10-22,2891,中信金,14170000,9.48
2025-10-22,2892,第一金,9918927,4.61
2025-10-22,3033,威健,180000,0.09
2025-10-22,3034,聯詠,245000,1.64
2025-10-22,3045,台灣大,1959000,3.49
2025-10-22,4904,遠傳,2086000,3.13
2025-10-22,5871,中租-KY,643000,1.06
2025-10-22,5880,合庫金,9682238,3.72
2025-10-22,8422,可寧衛,24000,0.09
2025-10-22,9939,宏全,116000,0.24
2025-10-23,1102,亞泥,2029000,1.21
2025-10-23,1216,統一,3767000,4.79
2025-10-23,1402,遠東新,1947000,0.85
2025-10-23,2303,聯電,5885000,4.25
2025-10-23,2412,中華電,4003000,8.53
2025-10-23,2474,可成,277000,0.89
2025-10-23,2610,華航,1863000,0.62
2025-10-23,2618,長榮航,2297000,1.38
2025-10-23,2801,彰銀,7012884,2.24
2025-10-23,2812,台中銀,3528109,1.24
2025-10-23,2834,臺企銀,5789530,1.42
2025-10-23,2845,遠東銀,3439084,0.71
2025-10-23,2880,華南金,8292471,3.94
2025-10-23,2881,富邦金,5200000,7.6
2025-10-23,2882,國泰金,5079000,5.31
2025-10-23,2883,凱基金,8044000,2.07
2025-10-23,2884,玉山金,12246695,6.36
2025-10-23,2885,元大金,6289000,3.48
2025-10-23,2886,兆豐金,9433970,6.23
2025-10-23,2890,永豐金,10759850,4.46
2025-10-23,2891,中信金,12370000,8.26
2025-10-23,2892,第一金,9013927,4.16
2025-10-23,3033,威健,216000,0.1
2025-10-23,3034,聯詠,296000,1.96
2025-10-23,3045,台灣大,1808000,3.23
2025-10-23,4904,遠傳,1946000,2.93
2025-10-23,5871,中租-KY,777000,1.29
2025-10-23,5880,合庫金,9094238,3.5
2025-10-23,8422,可寧衛,48000,0.18
2025-10-23,9939,宏全,140000,0.3
2025-10-27,1102,亞泥,1821000,1.08
2025-10-27,1216,統一,3399000,4.29
2025-10-27,1402,遠東新,2290000,1.01
2025-10-27,2303,聯電,6930000,5.05
2025-10-27,2412,中華電,3590000,7.58
2025-10-27,2474,可成,326000,1.05
2025-10-27,2610,華航,2198000,0.72
2025-10-27,2618,長榮航,2715000,1.61
2025-10-27,2801,彰銀,6315884,2.04
2025-10-27,2812,台中銀,3166109,1.11
2025-10-27,2834,臺企銀,5215530,1.31
2025-10-27,2845,遠東銀,3187084,0.66
2025-10-27,2880,華南金,7469471,3.55
2025-10-27,2881,富邦金,6050000,8.91
2025-10-27,2882,國泰金,5855000,6.15
2025-10-27,2883,凱基金,9686000,2.49
2025-10-27,2884,玉山金,11261695,5.46
2025-10-27,2885,元大金,7464000,4.14
2025-10-27,2886,兆豐金,8367970,5.51
2025-10-27,2890,永豐金,10002850,4.23
2025-10-27,2891,中信金,12370000,8.44
2025-10-27,2892,第一金,8301927,3.85
2025-10-27,3033,威健,254000,0.12
2025-10-27,3034,聯詠,348000,2.3
2025-10-27,3045,台灣大,1596000,2.83
2025-10-27,4904,遠傳,1754000,2.59
2025-10-27,5871,中租-KY,915000,1.55
2025-10-27,5880,合庫金,8062238,3.09
2025-10-27,8422,可寧衛,56000,0.22
2025-10-27,9939,宏全,165000,0.35
2025-10-28,1102,亞泥,1795000,1.06
2025-10-28,1216,統一,3354000,4.27
2025-10-28,1402,遠東新,2640000,1.15
2025-10-28,2303,聯電,7976000,5.92
2025-10-28,2412,中華電,3544000,7.54
2025-10-28,2474,可成,386000,1.25
2025-10-28,2610,華航,2534000,0.82
2025-10-28,2618,長榮航,3133000,1.83
2025-10-28,2801,彰銀,6201884,2.0
2025-10-28,2812,台中銀,3121109,1.1
2025-10-28,2834,臺企銀,5122530,1.28
2025-10-28,2845,遠東銀,3146084,0.65
2025-10-28,2880,華南金,7335471,3.48
2025-10-28,2881,富邦金,6900000,10.11
2025-10-28,2882,國泰金,6632000,6.93
2025-10-28,2883,凱基金,11328000,2.93
2025-10-28,2884,玉山金,11139695,5.39
2025-10-28,2885,元大金,8641000,4.79
2025-10-28,2886,兆豐金,8235970,5.44
2025-10-28,2890,永豐金,9879850,4.13
2025-10-28,2891,中信金,12370000,8.36
2025-10-28,2892,第一金,8185927,3.78
2025-10-28,3033,威健,292000,0.14
2025-10-28,3034,聯詠,399000,2.61
2025-10-28,3045,台灣大,1570000,2.82
2025-10-28,4904,遠傳,1723000,2.57
2025-10-28,5871,中租-KY,1052000,1.79
2025-10-28,5880,合庫金,7935238,3.06
2025-10-28,8422,可寧衛,64000,0.25
2025-10-28,9939,宏全,190000,0.4
2025-10-29,1102,亞泥,1795000,1.05
2025-10-29,1216,統一,3354000,4.26
2025-10-29,1402,遠東新,2694000,1.18
2025-10-29,2303,聯電,8164000,6.0
2025-10-29,2412,中華電,3544000,7.54
2025-10-29,2474,可成,386000,1.24
2025-10-29,2610,華航,2595000,0.84
2025-10-29,2618,長榮航,3209000,1.88
2025-10-29,2801,彰銀,6201884,2.0
2025-10-29,2812,台中銀,3121109,1.09
2025-10-29,2834,臺企銀,5122530,1.28
2025-10-29,2845,遠東銀,3146084,0.65
2025-10-29,2880,華南金,7335471,3.5
2025-10-29,2881,富邦金,7051000,10.44
2025-10-29,2882,國泰金,6769000,7.07
2025-10-29,2883,凱基金,11631000,3.0
2025-10-29,2884,玉山金,11139695,5.42
2025-10-29,2885,元大金,8854000,4.9
2025-10-29,2886,兆豐金,8235970,5.4
2025-10-29,2890,永豐金,9879850,4.14
2025-10-29,2891,中信金,12370000,8.38
2025-10-29,2892,第一金,8185927,3.78
2025-10-29,3033,威健,299000,0.14
2025-10-29,3034,聯詠,408000,2.65
2025-10-29,3045,台灣大,1570000,2.81
2025-10-29,4904,遠傳,1723000,2.57
2025-10-29,5871,中租-KY,1077000,1.81
2025-10-29,5880,合庫金,7935238,3.05
2025-10-29,8422,可寧衛,66000,0.26
2025-10-29,9939,宏全,194000,0.41
2025-10-30,1102,亞泥,1795000,1.06
2025-10-30,1216,統一,3354000,4.31
2025-10-30,1402,遠東新,2694000,1.17
2025-10-30,2303,聯電,8164000,6.04
2025-10-30,2412,中華電,3544000,7.52
2025-10-30,2474,可成,386000,1.24
2025-10-30,2610,華航,2595000,0.84
2025-10-30,2618,長榮航,3209000,1.9
2025-10-30,2801,彰銀,6201884,2.0
2025-10-30,2812,台中銀,3121109,1.09
2025-10-30,2834,臺企銀,5122530,1.28
2025-10-30,2845,遠東銀,3146084,0.65
2025-10-30,2880,華南金,7335471,3.47
2025-10-30,2881,富邦金,7051000,10.51
2025-10-30,2882,國泰金,6769000,7.05
2025-10-30,2883,凱基金,11631000,2.99
2025-10-30,2884,玉山金,11139695,5.35
2025-10-30,2885,元大金,8854000,4.89
2025-10-30,2886,兆豐金,8235970,5.44
2025-10-30,2890,永豐金,9879850,4.13
2025-10-30,2891,中信金,12370000,8.37
2025-10-30,2892,第一金,8185927,3.78
2025-10-30,3033,威健,299000,0.14
2025-10-30,3034,聯詠,408000,2.64
2025-10-30,3045,台灣大,1570000,2.79
2025-10-30,4904,遠傳,1723000,2.56
2025-10-30,5871,中租-KY,1077000,1.81
2025-10-30,5880,合庫金,7935238,3.07
2025-10-30,8422,可寧衛,66000,0.26
2025-10-30,9939,宏全,194000,0.41
2025-10-31,1102,亞泥,1795000,1.06
2025-10-31,1216,統一,3354000,4.28
2025-10-31,1402,遠東新,2694000,1.16
2025-10-31,2303,聯電,8164000,6.14
2025-10-31,2412,中華電,3544000,7.53
2025-10-31,2474,可成,386000,1.24
2025-10-31,2610,華航,2595000,0.84
2025-10-31,2618,長榮航,3209000,1.88
2025-10-31,2801,彰銀,6201884,1.99
2025-10-31,2812,台中銀,3121109,1.08
2025-10-31,2834,臺企銀,5122530,1.28
2025-10-31,2845,遠東銀,3146084,0.65
2025-10-31,2880,華南金,7335471,3.47
2025-10-31,2881,富邦金,7051000,10.43
2025-10-31,2882,國泰金,6769000,7.03
2025-10-31,2883,凱基金,11631000,3.0
2025-10-31,2884,玉山金,11139695,5.38
2025-10-31,2885,元大金,8854000,4.96
2025-10-31,2886,兆豐金,8235970,5.4
2025-10-31,2890,永豐金,9879850,4.11
2025-10-31,2891,中信金,12370000,8.4
2025-10-31,2892,第一金,8185927,3.79
2025-10-31,3033,威健,299000,0.14
2025-10-31,3034,聯詠,408000,2.6
2025-10-31,3045,台灣大,1570000,2.79
2025-10-31,4904,遠傳,1723000,2.59
2025-10-31,5871,中租-KY,1077000,1.8
2025-10-31,5880,合庫金,7935238,3.06
2025-10-31,8422,可寧衛,66000,0.26
2025-10-31,9939,宏全,194000,0.4
2025-11-06,1102,亞泥,1801000,1.04
2025-11-06,1216,統一,3367000,4.2
2025-11-06,1402,遠東新,2719000,1.18
2025-11-06,2303,聯電,8237000,6.08
2025-11-06,2412,中華電,3557000,7.54
2025-11-06,2474,可成,387000,1.27
2025-11-06,2610,華航,2618000,0.84
2025-11-06,2618,長榮航,3238000,1.9
2025-11-06,2801,彰銀,6224884,2.03
2025-11-06,2812,台中銀,3133109,1.09
2025-11-06,2834,臺企銀,5141530,1.28
2025-11-06,2845,遠東銀,3157084,0.65
2025-11-06,2880,華南金,7362471,3.51
2025-11-06,2881,富邦金,7114000,10.52
2025-11-06,2882,國泰金,6829000,7.12
2025-11-06,2883,凱基金,11735000,3.01
2025-11-06,2884,玉山金,11180695,5.4
2025-11-06,2885,元大金,8933000,5.1
2025-11-06,2886,兆豐金,8265970,5.39
2025-11-06,2890,永豐金,9915850,4.23
2025-11-06,2891,中信金,12474000,8.55
2025-11-06,2892,第一金,8215927,3.79
2025-11-06,3033,威健,301000,0.14
2025-11-06,3034,聯詠,412000,2.56
2025-11-06,3045,台灣大,1576000,2.79
2025-11-06,4904,遠傳,1730000,2.61
2025-11-06,5871,中租-KY,1086000,1.81
2025-11-06,5880,合庫金,7964238,3.05
2025-11-06,8422,可寧衛,66000,0.27
2025-11-06,9939,宏全,196000,0.4
2025-11-07,1102,亞泥,1801000,1.06
2025-11-07,1216,統一,3367000,4.17
2025-11-07,1402,遠東新,2719000,1.17
2025-11-07,2303,聯電,8237000,6.01
2025-11-07,2412,中華電,3557000,7.65
2025-11-07,2474,可成,387000,1.24
2025-11-07,2610,華航,2618000,0.84
2025-11-07,2618,長榮航,3238000,1.9
2025-11-07,2801,彰銀,6224884,2.07
2025-11-07,2812,台中銀,3133109,1.1
2025-11-07,2834,臺企銀,5141530,1.31
2025-11-07,2845,遠東銀,3157084,0.65
2025-11-07,2880,華南金,7362471,3.55
2025-11-07,2881,富邦金,7114000,10.45
2025-11-07,2882,國泰金,6829000,7.04
2025-11-07,2883,凱基金,11735000,3.0
2025-11-07,2884,玉山金,11180695,5.37
2025-11-07,2885,元大金,8933000,5.05
2025-11-07,2886,兆豐金,8265970,5.41
2025-11-07,2890,永豐金,9915850,4.28
2025-11-07,2891,中信金,12474000,8.48
2025-11-07,2892,第一金,8215927,3.79
2025-11-07,3033,威健,301000,0.14
2025-11-07,3034,聯詠,412000,2.54
2025-11-07,3045,台灣大,1576000,2.84
2025-11-07,4904,遠傳,1730000,2.68
2025-11-07,5871,中租-KY,1086000,1.83
2025-11-07,5880,合庫金,7964238,3.08
2025-11-07,8422,可寧衛,66000,0.27
2025-11-07,9939,宏全,196000,0.39
2025-11-13,1102,亞泥,1801000,1.08
2025-11-13,1216,統一,3367000,4.06
2025-11-13,1402,遠東新,2719000,1.22
2025-11-13,2303,聯電,8237000,5.9
2025-11-13,2412,中華電,3557000,7.53
2025-11-13,2474,可成,387000,1.27
2025-11-13,2610,華航,2618000,0.83
2025-11-13,2618,長榮航,3238000,1.83
2025-11-13,2801,彰銀,6224884,2.03
2025-11-13,2812,台中銀,3133109,1.08
2025-11-13,2834,臺企銀,5141530,1.3
2025-11-13,2845,遠東銀,3157084,0.65
2025-11-13,2880,華南金,7362471,3.46
2025-11-13,2881,富邦金,7114000,10.77
2025-11-13,2882,國泰金,6829000,7.25
2025-11-13,2883,凱基金,11735000,3.05
2025-11-13,2884,玉山金,11180695,5.42
2025-11-13,2885,元大金,8933000,5.08
2025-11-13,2886,兆豐金,8265970,5.32
2025-11-13,2890,永豐金,9915850,4.28
2025-11-13,2891,中信金,12474000,8.62
2025-11-13,2892,第一金,8215927,3.74
2025-11-13,3033,威健,301000,0.15
2025-11-13,3034,聯詠,412000,2.6
2025-11-13,3045,台灣大,1576000,2.75
2025-11-13,4904,遠傳,1730000,2.55
2025-11-13,5871,中租-KY,1086000,1.79
2025-11-13,5880,合庫金,7964238,3.08
2025-11-13,8422,可寧衛,66000,0.27
2025-11-13,9939,宏全,196000,0.4
2025-11-14,1102,亞泥,1801000,1.09
2025-11-14,1216,統一,3367000,4.09
2025-11-14,1402,遠東新,2719000,1.22
2025-11-14,2303,聯電,8237000,5.87
2025-11-14,2412,中華電,3557000,7.56
2025-11-14,2474,可成,387000,1.31
2025-11-14,2610,華航,2618000,0.82
2025-11-14,2618,長榮航,3238000,1.8
2025-11-14,2801,彰銀,6224884,2.05
2025-11-14,2812,台中銀,3133109,1.09
2025-11-14,2834,臺企銀,5141530,1.3
2025-11-14,2845,遠東銀,3157084,0.65
2025-11-14,2880,華南金,7362471,3.45
2025-11-14,2881,富邦金,7114000,10.72
2025-11-14,2882,國泰金,6829000,7.28
2025-11-14,2883,凱基金,11735000,3.03
2025-11-14,2884,玉山金,11180695,5.42
2025-11-14,2885,元大金,8933000,5.06
2025-11-14,2886,兆豐金,8265970,5.33
2025-11-14,2890,永豐金,9915850,4.3
2025-11-14,2891,中信金,12474000,8.6
2025-11-14,2892,第一金,8215927,3.72
2025-11-14,3033,威健,301000,0.15
2025-11-14,3034,聯詠,412000,2.6
2025-11-14,3045,台灣大,1576000,2.76
2025-11-14,4904,遠傳,1730000,2.56
2025-11-14,5871,中租-KY,1086000,1.78
2025-11-14,5880,合庫金,7964238,3.1
2025-11-14,8422,可寧衛,66000,0.27
2025-11-14,9939,宏全,196000,0.41
2025-11-20,1102,亞泥,1801000,1.1
2025-11-20,1216,統一,3367000,4.1
2025-11-20,1402,遠東新,2719000,1.24
2025-11-20,2303,聯電,8237000,5.97
2025-11-20,2412,中華電,3557000,7.62
2025-11-20,2474,可成,387000,1.32
2025-11-20,2610,華航,2618000,0.82
2025-11-20,2618,長榮航,3238000,1.77
2025-11-20,2801,彰銀,6224884,2.02
2025-11-20,2812,台中銀,3133109,1.07
2025-11-20,2834,臺企銀,5141530,1.3
2025-11-20,2845,遠東銀,3157084,0.64
2025-11-20,2880,華南金,7362471,3.44
2025-11-20,2881,富邦金,7114000,10.3
2025-11-20,2882,國泰金,6829000,7.17
2025-11-20,2883,凱基金,11735000,2.96
2025-11-20,2884,玉山金,11180695,5.48
2025-11-20,2885,元大金,8933000,5.22
2025-11-20,2886,兆豐金,8265970,5.32
2025-11-20,2890,永豐金,9915850,4.35
2025-11-20,2891,中信金,12474000,8.76
2025-11-20,2892,第一金,8215927,3.77
2025-11-20,3033,威健,301000,0.14
2025-11-20,3034,聯詠,412000,2.63
2025-11-20,3045,台灣大,1576000,2.76
2025-11-20,4904,遠傳,1730000,2.6
2025-11-20,5871,中租-KY,1086000,1.79
2025-11-20,5880,合庫金,7964238,3.11
2025-11-20,8422,可寧衛,660000,0.24
2025-11-20,9939,宏全,196000,0.39
2025-11-21,1102,亞泥,1801000,1.1
2025-11-21,1216,統一,3367000,4.11
2025-11-21,1402,遠東新,2719000,1.25
2025-11-21,2303,聯電,8237000,6.04
2025-11-21,2412,中華電,3557000,7.63
2025-11-21,2474,可成,387000,1.31
2025-11-21,2610,華航,2618000,0.81
2025-11-21,2618,長榮航,3238000,1.77
2025-11-21,2801,彰銀,6224884,2.02
2025-11-21,2812,台中銀,3133109,1.07
2025-11-21,2834,臺企銀,5141530,1.3
2025-11-21,2845,遠東銀,3157084,0.64
2025-11-21,2880,華南金,7362471,3.5
2025-11-21,2881,富邦金,7114000,10.29
2025-11-21,2882,國泰金,6829000,7.08
2025-11-21,2883,凱基金,11735000,2.91
2025-11-21,2884,玉山金,11180695,5.48
2025-11-21,2885,元大金,8933000,5.19
2025-11-21,2886,兆豐金,8265970,5.32
2025-11-21,2890,永豐金,9915850,4.32
2025-11-21,2891,中信金,12474000,8.83
2025-11-21,2892,第一金,8215927,3.79
2025-11-21,3033,威健,301000,0.14
2025-11-21,3034,聯詠,412000,2.61
2025-11-21,3045,台灣大,1576000,2.75
2025-11-21,4904,遠傳,1730000,2.58
2025-11-21,5871,中租-KY,1086000,1.82
2025-11-21,5880,合庫金,7964238,3.12
2025-11-21,8422,可寧衛,660000,0.24
2025-11-21,9939,宏全,196000,0.39
2025-11-27,1102,亞泥,1801000,1.12
2025-11-27,1216,統一,3367000,4.13
2025-11-27,1402,遠東新,2719000,1.22
2025-11-27,2303,聯電,8237000,6.06
2025-11-27,2412,中華電,3557000,7.46
2025-11-27,2474,可成,387000,1.25
2025-11-27,2610,華航,2618000,0.81
2025-11-27,2618,長榮航,3238000,1.77
2025-11-27,2801,彰銀,6224884,2.04
2025-11-27,2812,台中銀,3133109,1.06
2025-11-27,2834,臺企銀,5141530,1.31
2025-11-27,2845,遠東銀,3157084,0.64
2025-11-27,2880,華南金,7362471,3.43
2025-11-27,2881,富邦金,7114000,10.69
2025-11-27,2882,國泰金,6829000,7.19
2025-11-27,2883,凱基金,11735000,2.99
2025-11-27,2884,玉山金,11180695,5.44
2025-11-27,2885,元大金,8933000,5.22
2025-11-27,2886,兆豐金,8265970,5.37
2025-11-27,2890,永豐金,9915850,4.33
2025-11-27,2891,中信金,12474000,8.79
2025-11-27,2892,第一金,8215927,3.66
2025-11-27,3033,威健,301000,0.15
2025-11-27,3034,聯詠,412000,2.6
2025-11-27,3045,台灣大,1576000,2.74
2025-11-27,4904,遠傳,1730000,2.46
2025-11-27,5871,中租-KY,1086000,1.81
2025-11-27,5880,合庫金,7964238,3.04
2025-11-27,8422,可寧衛,660000,0.25
2025-11-27,9939,宏全,196000,0.4
2025-11-28,1102,亞泥,1801000,1.13
2025-11-28,1216,統一,3367000,4.16
2025-11-28,1402,遠東新,2719000,1.24
2025-11-28,2303,聯電,8237000,6.09
2025-11-28,2412,中華電,3557000,7.49
2025-11-28,2474,可成,387000,1.26
2025-11-28,2610,華航,2618000,0.81
2025-11-28,2618,長榮航,3238000,1.78
2025-11-28,2801,彰銀,6224884,2.03
2025-11-28,2812,台中銀,3133109,1.05
2025-11-28,2834,臺企銀,5141530,1.32
2025-11-28,2845,遠東銀,3157084,0.64
2025-11-28,2880,華南金,7362471,3.5
2025-11-28,2881,富邦金,7114000,10.63
2025-11-28,2882,國泰金,6829000,7.07
2025-11-28,2883,凱基金,11735000,2.98
2025-11-28,2884,玉山金,11180695,5.48
2025-11-28,2885,元大金,8933000,5.2
2025-11-28,2886,兆豐金,8265970,5.35
2025-11-28,2890,永豐金,9915850,4.31
2025-11-28,2891,中信金,12474000,8.75
2025-11-28,2892,第一金,8215927,3.66
2025-11-28,3033,威健,301000,0.15
2025-11-28,3034,聯詠,412000,2.59
2025-11-28,3045,台灣大,1576000,2.75
2025-11-28,4904,遠傳,1730000,2.46
2025-11-28,5871,中租-KY,1086000,1.81
2025-11-28,5880,合庫金,7964238,3.07
2025-11-28,8422,可寧衛,660000,0.26
2025-11-28,9939,宏全,196000,0.4
2025-12-04,1102,亞泥,1801000,1.11
2025-12-04,1216,統一,3367000,4.05
2025-12-04,1402,遠東新,2719000,1.25
2025-12-04,2303,聯電,8237000,6.28
2025-12-04,2412,中華電,3557000,7.31
2025-12-04,2474,可成,387000,1.24
2025-12-04,2610,華航,2618000,0.79
2025-12-04,2618,長榮航,3238000,1.77
2025-12-04,2801,彰銀,6224884,2.02
2025-12-04,2812,台中銀,3133109,1.04
2025-12-04,2834,臺企銀,5141530,1.31
2025-12-04,2845,遠東銀,3157084,0.63
2025-12-04,2880,華南金,7362471,3.59
2025-12-04,2881,富邦金,7114000,10.7
2025-12-04,2882,國泰金,6829000,7.48
2025-12-04,2883,凱基金,11735000,2.98
2025-12-04,2884,玉山金,11180695,5.47
2025-12-04,2885,元大金,8933000,5.29
2025-12-04,2886,兆豐金,8265970,5.32
2025-12-04,2890,永豐金,9915850,4.31
2025-12-04,2891,中信金,12474000,8.78
2025-12-04,2892,第一金,8215927,3.62
2025-12-04,3033,威健,301000,0.14
2025-12-04,3034,聯詠,412000,2.52
2025-12-04,3045,台灣大,1576000,2.64
2025-12-04,4904,遠傳,1730000,2.38
2025-12-04,5871,中租-KY,1086000,1.74
2025-12-04,5880,合庫金,7964238,3.02
2025-12-04,8422,可寧衛,660000,0.24
2025-12-04,9939,宏全,196000,0.39
2025-12-05,1102,亞泥,1801000,1.09
2025-12-05,1216,統一,3367000,4.07
2025-12-05,1402,遠東新,2719000,1.24
2025-12-05,2303,聯電,8237000,6.37
2025-12-05,2412,中華電,3557000,7.32
2025-12-05,2474,可成,387000,1.23
2025-12-05,2610,華航,2618000,0.78
2025-12-05,2618,長榮航,3238000,1.75
2025-12-05,2801,彰銀,6224884,2.03
2025-12-05,2812,台中銀,3173209,1.05
2025-12-05,2834,臺企銀,5141530,1.31
2025-12-05,2845,遠東銀,3157084,0.63
2025-12-05,2880,華南金,7362471,3.59
2025-12-05,2881,富邦金,7114000,10.68
2025-12-05,2882,國泰金,6829000,7.42
2025-12-05,2883,凱基金,11735000,2.98
2025-12-05,2884,玉山金,11180695,5.42
2025-12-05,2885,元大金,8933000,5.34
2025-12-05,2886,兆豐金,8265970,5.34
2025-12-05,2890,永豐金,9915850,4.32
2025-12-05,2891,中信金,12474000,8.79
2025-12-05,2892,第一金,8215927,3.63
2025-12-05,3033,威健,301000,0.14
2025-12-05,3034,聯詠,412000,2.52
2025-12-05,3045,台灣大,1576000,2.62
2025-12-05,4904,遠傳,1730000,2.37
2025-12-05,5871,中租-KY,1086000,1.73
2025-12-05,5880,合庫金,7964238,3.02
2025-12-05,8422,可寧衛,660000,0.24
2025-12-05,9939,宏全,196000,0.39
2025-12-11,1102,亞泥,1796000,1.08
2025-12-11,1216,統一,3358000,3.96
2025-12-11,1402,遠東新,2711000,1.2
2025-12-11,2303,聯電,8215000,6.31
2025-12-11,2412,中華電,3547000,7.28
2025-12-11,2474,可成,386000,1.15
2025-12-11,2610,華航,2611000,0.8
2025-12-11,2618,長榮航,3229000,1.81
2025-12-11,2801,彰銀,6207884,2.01
2025-12-11,2812,台中銀,3124209,1.05
2025-12-11,2834,臺企銀,5127530,1.28
2025-12-11,2845,遠東銀,3149084,0.63
2025-12-11,2880,華南金,7343471,3.56
2025-12-11,2881,富邦金,7095000,10.65
2025-12-11,2882,國泰金,6811000,7.44
2025-12-11,2883,凱基金,11704000,3.13
2025-12-11,2884,玉山金,11151695,5.69
2025-12-11,2885,元大金,8910000,5.28
2025-12-11,2886,兆豐金,8243970,5.32
2025-12-11,2890,永豐金,9889850,4.28
2025-12-11,2891,中信金,12442000,8.84
2025-12-11,2892,第一金,8193927,3.65
2025-12-11,3033,威健,300000,0.15
2025-12-11,3034,聯詠,411000,2.45
2025-12-11,3045,台灣大,1572000,2.63
2025-12-11,4904,遠傳,1725000,2.37
2025-12-11,5871,中租-KY,1084000,1.74
2025-12-11,5880,合庫金,7943238,3.05
2025-12-11,8422,可寧衛,660000,0.23
2025-12-11,9939,宏全,196000,0.36
2025-12-12,1102,亞泥,1796000,1.06
2025-12-12,1216,統一,3358000,3.94
2025-12-12,1402,遠東新,2711000,1.19
2025-12-12,2303,聯電,8215000,6.27
2025-12-12,2412,中華電,3547000,7.24
2025-12-12,2474,可成,386000,1.13
2025-12-12,2610,華航,2611000,0.79
2025-12-12,2618,長榮航,3229000,1.78
2025-12-12,2801,彰銀,6207884,2.01
2025-12-12,2812,台中銀,3124209,1.04
2025-12-12,2834,臺企銀,5127530,1.27
2025-12-12,2845,遠東銀,3149084,0.63
2025-12-12,2880,華南金,7343471,3.56
2025-12-12,2881,富邦金,7095000,10.75
2025-12-12,2882,國泰金,6811000,7.47
2025-12-12,2883,凱基金,11704000,3.12
2025-12-12,2884,玉山金,11151695,5.72
2025-12-12,2885,元大金,8910000,5.3
2025-12-12,2886,兆豐金,8243970,5.31
2025-12-12,2890,永豐金,9889850,4.27
2025-12-12,2891,中信金,12442000,9.05
2025-12-12,2892,第一金,8193927,3.63
2025-12-12,3033,威健,300000,0.14
2025-12-12,3034,聯詠,411000,2.4
2025-12-12,3045,台灣大,1572000,2.59
2025-12-12,4904,遠傳,1725000,2.34
2025-12-12,5871,中租-KY,1084000,1.73
2025-12-12,5880,合庫金,7943238,3.04
2025-12-12,8422,可寧衛,660000,0.23
2025-12-12,9939,宏全,196000,0.36
2025-12-18,1102,亞泥,1796000,1.0
2025-12-18,1216,統一,3358000,4.06
2025-12-18,1402,遠東新,2711000,1.16
2025-12-18,2303,聯電,8215000,6.33
2025-12-18,2412,中華電,3547000,7.06
2025-12-18,2474,可成,386000,1.13
2025-12-18,2610,華航,2611000,0.78
2025-12-18,2618,長榮航,3229000,1.77
2025-12-18,2801,彰銀,6207884,1.97
2025-12-18,2812,台中銀,3124209,1.02
2025-12-18,2834,臺企銀,5127530,1.26
2025-12-18,2845,遠東銀,3149084,0.62
2025-12-18,2880,華南金,7343471,3.56
2025-12-18,2881,富邦金,7095000,10.52
2025-12-18,2882,國泰金,6811000,7.76
2025-12-18,2883,凱基金,11704000,3.11
2025-12-18,2884,玉山金,11151695,5.68
2025-12-18,2885,元大金,8910000,5.35
2025-12-18,2886,兆豐金,8243970,5.1
2025-12-18,2890,永豐金,9889850,4.37
2025-12-18,2891,中信金,12442000,9.4
2025-12-18,2892,第一金,8193927,3.69
2025-12-18,3033,威健,300000,0.14
2025-12-18,3034,聯詠,411000,2.38
2025-12-18,3045,台灣大,1572000,2.52
2025-12-18,4904,遠傳,1725000,2.31
2025-12-18,5871,中租-KY,1084000,1.77
2025-12-18,5880,合庫金,7943238,3.0
2025-12-18,8422,可寧衛,660000,0.25
2025-12-18,9939,宏全,196000,0.35
2025-12-19,1102,亞泥,1792000,0.98
2025-12-19,1216,統一,3350000,4.0
2025-12-19,1402,遠東新,2705000,1.16
2025-12-19,2303,聯電,8197000,6.32
2025-12-19,2412,中華電,3539000,7.05
2025-12-19,2474,可成,385000,1.14
2025-12-19,2610,華航,2605000,0.79
2025-12-19,2618,長榮航,3222000,1.77
2025-12-19,2801,彰銀,6193884,1.99
2025-12-19,2812,台中銀,3117209,1.02
2025-12-19,2834,臺企銀,5115530,1.26
2025-12-19,2845,遠東銀,3142084,0.62
2025-12-19,2880,華南金,7326471,3.56
2025-12-19,2881,富邦金,7079000,10.48
2025-12-19,2882,國泰金,6796000,7.81
2025-12-19,2883,凱基金,11677000,3.12
2025-12-19,2884,玉山金,11125695,5.68
2025-12-19,2885,元大金,8890000,5.44
2025-12-19,2886,兆豐金,8224970,5.08
2025-12-19,2890,永豐金,9866850,4.37
2025-12-19,2891,中信金,12413000,9.35
2025-12-19,2892,第一金,8175927,3.73
2025-12-19,3033,威健,300000,0.14
2025-12-19,3034,聯詠,410000,2.35
2025-12-19,3045,台灣大,1568000,2.53
2025-12-19,4904,遠傳,1721000,2.3
2025-12-19,5871,中租-KY,1081000,1.81
2025-12-19,5880,合庫金,7925238,2.98
2025-12-19,8422,可寧衛,660000,0.25
2025-12-19,9939,宏全,195000,0.35
2025-12-26,1102,亞泥,1792000,1.0
2025-12-26,1216,統一,3350000,4.09
2025-12-26,1402,遠東新,2705000,1.14
2025-12-26,2303,聯電,8197000,6.22
2025-12-26,2412,中華電,3539000,7.07
2025-12-26,2474,可成,385000,1.22
2025-12-26,2610,華航,2605000,0.79
2025-12-26,2618,長榮航,3222000,1.78
2025-12-26,2801,彰銀,6193884,1.95
2025-12-26,2812,台中銀,3117209,0.99
2025-12-26,2834,臺企銀,5115530,1.25
2025-12-26,2845,遠東銀,3142084,0.62
2025-12-26,2880,華南金,7326471,3.6
2025-12-26,2881,富邦金,7079000,10.43
2025-12-26,2882,國泰金,6796000,7.72
2025-12-26,2883,凱基金,11677000,3.08
2025-12-26,2884,玉山金,11125695,5.77
2025-12-26,2885,元大金,8890000,5.4
2025-12-26,2886,兆豐金,8224970,5.07
2025-12-26,2890,永豐金,9866850,4.34
2025-12-26,2891,中信金,12413000,9.39
2025-12-26,2892,第一金,8175927,3.66
2025-12-26,3033,威健,300000,0.14
2025-12-26,3034,聯詠,410000,2.32
2025-12-26,3045,台灣大,1568000,2.65
2025-12-26,4904,遠傳,1721000,2.32
2025-12-26,5871,中租-KY,1081000,1.83
2025-12-26,5880,合庫金,7925238,2.95
2025-12-26,8422,可寧衛,660000,0.27
2025-12-26,9939,宏全,195000,0.35
2025-12-29,1102,亞泥,1792000,1.0
2025-12-29,1216,統一,3350000,4.04
2025-12-29,1402,遠東新,2705000,1.14
2025-12-29,2303,聯電,8197000,6.17
2025-12-29,2412,中華電,3539000,7.08
2025-12-29,2474,可成,385000,1.2
2025-12-29,2610,華航,2605000,0.81
2025-12-29,2618,長榮航,3222000,1.8
2025-12-29,2801,彰銀,6193884,1.92
2025-12-29,2812,台中銀,3117209,0.99
2025-12-29,2834,臺企銀,5115530,1.25
2025-12-29,2845,遠東銀,3142084,0.61
2025-12-29,2880,華南金,7326471,3.59
2025-12-29,2881,富邦金,7079000,10.53
2025-12-29,2882,國泰金,6796000,7.83
2025-12-29,2883,凱基金,11677000,3.11
2025-12-29,2884,玉山金,11125695,5.67
2025-12-29,2885,元大金,8890000,5.37
2025-12-29,2886,兆豐金,8224970,5.03
2025-12-29,2890,永豐金,9866850,4.32
2025-12-29,2891,中信金,12413000,9.48
2025-12-29,2892,第一金,8175927,3.65
2025-12-29,3033,威健,300000,0.14
2025-12-29,3034,聯詠,410000,2.34
2025-12-29,3045,台灣大,1568000,2.6
2025-12-29,4904,遠傳,1721000,2.33
2025-12-29,5871,中租-KY,1081000,1.78
2025-12-29,5880,合庫金,7925238,2.95
2025-12-29,8422,可寧衛,660000,0.29
2025-12-29,9939,宏全,195000,0.36
2026-01-05,1102,亞泥,1780000,1.03
2026-01-05,1216,統一,3327000,3.94
2026-01-05,1402,遠東新,2687000,1.14
2026-01-05,2303,聯電,8141000,6.07
2026-01-05,2412,中華電,3515000,7.18
2026-01-05,2474,可成,383000,1.22
2026-01-05,2610,華航,2587000,0.81
2026-01-05,2618,長榮航,3200000,1.79
2026-01-05,2801,彰銀,6151884,1.93
2026-01-05,2812,台中銀,3096209,0.99
2026-01-05,2834,臺企銀,5081530,1.25
2026-01-05,2845,遠東銀,3120084,0.62
2026-01-05,2880,華南金,7276471,3.56
2026-01-05,2881,富邦金,7031000,10.5
2026-01-05,2882,國泰金,6750000,7.93
2026-01-05,2883,凱基金,11598000,3.11
2026-01-05,2884,玉山金,11050695,5.75
2026-01-05,2885,元大金,8829000,5.33
2026-01-05,2886,兆豐金,8169970,5.06
2026-01-05,2890,永豐金,9799850,4.34
2026-01-05,2891,中信金,12329000,9.45
2026-01-05,2892,第一金,8119927,3.72
2026-01-05,3033,威健,298000,0.14
2026-01-05,3034,聯詠,407000,2.27
2026-01-05,3045,台灣大,1557000,2.56
2026-01-05,4904,遠傳,1709000,2.34
2026-01-05,5871,中租-KY,1074000,1.7
2026-01-05,5880,合庫金,7871238,2.94
2026-01-05,8422,可寧衛,656000,0.32
2026-01-05,9939,宏全,194000,0.35
2026-01-06,1102,亞泥,1764000,1.01
2026-01-06,1216,統一,3297000,3.89
2026-01-06,1402,遠東新,2662000,1.15
2026-01-06,2303,聯電,8067000,6.14
2026-01-06,2412,中華電,3483000,7.14
2026-01-06,2474,可成,379000,1.21
2026-01-06,2610,華航,2564000,0.81
2026-01-06,2618,長榮航,3171000,1.78
2026-01-06,2801,彰銀,6095884,1.93
2026-01-06,2812,台中銀,3068209,0.99
2026-01-06,2834,臺企銀,5034530,1.26
2026-01-06,2845,遠東銀,3092084,0.62
2026-01-06,2880,華南金,7210471,3.53
2026-01-06,2881,富邦金,6967000,10.39
2026-01-06,2882,國泰金,6688000,7.86
2026-01-06,2883,凱基金,11493000,3.11
2026-01-06,2884,玉山金,10949695,5.71
2026-01-06,2885,元大金,8749000,5.48
2026-01-06,2886,兆豐金,8094970,5.08
2026-01-06,2890,永豐金,9710850,4.36
2026-01-06,2891,中信金,12217000,9.42
2026-01-06,2892,第一金,8045927,3.74
2026-01-06,3033,威健,295000,0.15
2026-01-06,3034,聯詠,404000,2.36
2026-01-06,3045,台灣大,1543000,2.55
2026-01-06,4904,遠傳,1694000,2.34
2026-01-06,5871,中租-KY,1064000,1.74
2026-01-06,5880,合庫金,7799238,2.93
2026-01-06,8422,可寧衛,650000,0.32
2026-01-06,9939,宏全,192000,0.35
2026-01-12,1102,亞泥,1744000,1.02
2026-01-12,1216,統一,3260000,3.84
2026-01-12,1402,遠東新,2632000,1.16
2026-01-12,2303,聯電,7975000,6.86
2026-01-12,2412,中華電,3444000,7.16
2026-01-12,2474,可成,375000,1.21
2026-01-12,2610,華航,2534000,0.82
2026-01-12,2618,長榮航,3135000,1.81
2026-01-12,2801,彰銀,6026884,1.93
2026-01-12,2812,台中銀,3033209,0.98
2026-01-12,2834,臺企銀,4977530,1.24
2026-01-12,2845,遠東銀,3057084,0.61
2026-01-12,2880,華南金,7128471,3.56
2026-01-12,2881,富邦金,6888000,10.18
2026-01-12,2882,國泰金,6612000,7.83
2026-01-12,2883,凱基金,11361000,3.12
2026-01-12,2884,玉山金,10824695,5.48
2026-01-12,2885,元大金,8649000,5.45
2026-01-12,2886,兆豐金,8002970,5.02
2026-01-12,2890,永豐金,9599850,4.3
2026-01-12,2891,中信金,12077000,9.4
2026-01-12,2892,第一金,7953927,3.64
2026-01-12,3033,威健,292000,0.14
2026-01-12,3034,聯詠,399000,2.38
2026-01-12,3045,台灣大,1526000,2.55
2026-01-12,4904,遠傳,1674000,2.32
2026-01-12,5871,中租-KY,1052000,1.7
2026-01-12,5880,合庫金,7710238,2.87
2026-01-12,8422,可寧衛,643000,0.43
2026-01-12,9939,宏全,190000,0.35
2026-01-13,1102,亞泥,1716000,1.02
2026-01-13,1216,統一,3207000,3.86
2026-01-13,1402,遠東新,2590000,1.15
2026-01-13,2303,聯電,7846000,6.82
2026-01-13,2412,中華電,3388000,7.16
2026-01-13,2474,可成,369000,1.22
2026-01-13,2610,華航,2494000,0.8
2026-01-13,2618,長榮航,3084000,1.78
2026-01-13,2801,彰銀,5929884,1.91
2026-01-13,2812,台中銀,2984209,0.98
2026-01-13,2834,臺企銀,4897530,1.24
2026-01-13,2845,遠東銀,3008084,0.61
2026-01-13,2880,華南金,7013471,3.55
2026-01-13,2881,富邦金,6777000,10.1
2026-01-13,2882,國泰金,6505000,7.97
2026-01-13,2883,凱基金,11179000,3.12
2026-01-13,2884,玉山金,10650695,5.46
2026-01-13,2885,元大金,8510000,5.45
2026-01-13,2886,兆豐金,7873970,5.03
2026-01-13,2890,永豐金,9445850,4.29
2026-01-13,2891,中信金,11883000,9.34
2026-01-13,2892,第一金,7825927,3.64
2026-01-13,3033,威健,287000,0.14
2026-01-13,3034,聯詠,393000,2.4
2026-01-13,3045,台灣大,1501000,2.54
2026-01-13,4904,遠傳,1647000,2.31
2026-01-13,5871,中租-KY,1035000,1.73
2026-01-13,5880,合庫金,7586238,2.88
2026-01-13,8422,可寧衛,633000,0.47
2026-01-13,9939,宏全,187000,0.34
2026-01-19,1102,亞泥,1632000,0.96
2026-01-19,1216,統一,3051000,3.62
2026-01-19,1402,遠東新,2464000,1.12
2026-01-19,2303,聯電,7465000,7.42
2026-01-19,2412,中華電,3224000,6.87
2026-01-19,2474,可成,351000,1.17
2026-01-19,2610,華航,2373000,0.81
2026-01-19,2618,長榮航,2935000,1.73
2026-01-19,2801,彰銀,5641884,1.83
2026-01-19,2812,台中銀,2839209,0.93
2026-01-19,2834,臺企銀,4659530,1.18
2026-01-19,2845,遠東銀,2861084,0.58
2026-01-19,2880,華南金,6672471,3.53
2026-01-19,2881,富邦金,6448000,9.74
2026-01-19,2882,國泰金,6189000,7.62
2026-01-19,2883,凱基金,10636000,3.06
2026-01-19,2884,玉山金,10133695,5.32
2026-01-19,2885,元大金,8096000,5.46
2026-01-19,2886,兆豐金,7491970,4.83
2026-01-19,2890,永豐金,8986850,4.2
2026-01-19,2891,中信金,11306000,9.21
2026-01-19,2892,第一金,7445927,3.52
2026-01-19,3033,威健,273000,0.13
2026-01-19,3034,聯詠,373000,2.29
2026-01-19,3045,台灣大,1428000,2.46
2026-01-19,4904,遠傳,1567000,2.26
2026-01-19,5871,中租-KY,985000,1.62
2026-01-19,5880,合庫金,7218238,2.76
2026-01-19,8422,可寧衛,602000,0.43
2026-01-19,9939,宏全,178000,0.34
2026-01-20,1102,亞泥,1628000,0.96
2026-01-20,1216,統一,3043000,3.7
2026-01-20,1402,遠東新,2457000,1.15
2026-01-20,2303,聯電,7445000,8.23
2026-01-20,2412,中華電,3215000,6.97
2026-01-20,2474,可成,350000,1.17
2026-01-20,2610,華航,2366000,0.84
2026-01-20,2618,長榮航,2927000,1.82
2026-01-20,2801,彰銀,5625884,1.88
2026-01-20,2812,台中銀,2831209,0.96
2026-01-20,2834,臺企銀,4646530,1.2
2026-01-20,2845,遠東銀,2854084,0.59
2026-01-20,2880,華南金,6654471,3.59
2026-01-20,2881,富邦金,6430000,9.85
2026-01-20,2882,國泰金,6173000,7.71
2026-01-20,2883,凱基金,10607000,3.13
2026-01-20,2884,玉山金,10105695,5.45
2026-01-20,2885,元大金,8074000,5.49
2026-01-20,2886,兆豐金,7470970,4.87
2026-01-20,2890,永豐金,8962850,4.25
2026-01-20,2891,中信金,11275000,9.38
2026-01-20,2892,第一金,7425927,3.57
2026-01-20,3033,威健,272000,0.14
2026-01-20,3034,聯詠,372000,2.38
2026-01-20,3045,台灣大,1424000,2.5
2026-01-20,4904,遠傳,1563000,2.3
2026-01-20,5871,中租-KY,982000,1.67
2026-01-20,5880,合庫金,7198238,2.8
2026-01-20,8422,可寧衛,600000,0.41
2026-01-20,9939,宏全,177000,0.34
2026-01-26,1102,亞泥,1612000,0.95
2026-01-26,1216,統一,3013000,3.63
2026-01-26,1402,遠東新,2433000,1.16
2026-01-26,2303,聯電,7371000,8.38
2026-01-26,2412,中華電,3183000,6.99
2026-01-26,2474,可成,346000,1.17
2026-01-26,2610,華航,2343000,0.86
2026-01-26,2618,長榮航,2898000,1.83
2026-01-26,2801,彰銀,5570884,1.86
2026-01-26,2812,台中銀,2803209,0.94
2026-01-26,2834,臺企銀,4600530,1.18
2026-01-26,2845,遠東銀,2825084,0.59
2026-01-26,2880,華南金,6588471,3.59
2026-01-26,2881,富邦金,6366000,9.73
2026-01-26,2882,國泰金,6111000,7.73
2026-01-26,2883,凱基金,10502000,3.15
2026-01-26,2884,玉山金,10005695,5.52
2026-01-26,2885,元大金,7994000,5.56
2026-01-26,2886,兆豐金,7396970,4.8
2026-01-26,2890,永豐金,8873850,4.26
2026-01-26,2891,中信金,11163000,9.34
2026-01-26,2892,第一金,7351927,3.5
2026-01-26,3033,威健,270000,0.14
2026-01-26,3034,聯詠,369000,2.4
2026-01-26,3045,台灣大,1410000,2.49
2026-01-26,4904,遠傳,1548000,2.3
2026-01-26,5871,中租-KY,972000,1.71
2026-01-26,5880,合庫金,7127238,2.78
2026-01-26,8422,可寧衛,594000,0.39
2026-01-26,9939,宏全,176000,0.35
2026-01-27,1102,亞泥,1596000,0.94
2026-01-27,1216,統一,2984000,3.6
2026-01-27,1402,遠東新,2409000,1.13
2026-01-27,2303,聯電,7300000,9.19
2026-01-27,2412,中華電,3152000,6.92
2026-01-27,2474,可成,343000,1.16
2026-01-27,2610,華航,2320000,0.88
2026-01-27,2618,長榮航,2870000,1.82
2026-01-27,2801,彰銀,5516884,1.86
2026-01-27,2812,台中銀,2776209,0.93
2026-01-27,2834,臺企銀,4556530,1.17
2026-01-27,2845,遠東銀,2798084,0.58
2026-01-27,2880,華南金,6524471,3.56
2026-01-27,2881,富邦金,6305000,9.62
2026-01-27,2882,國泰金,6052000,7.59
2026-01-27,2883,凱基金,10400000,3.12
2026-01-27,2884,玉山金,9908695,5.5
2026-01-27,2885,元大金,7917000,5.53
2026-01-27,2886,兆豐金,7324970,4.77
2026-01-27,2890,永豐金,8787850,4.22
2026-01-27,2891,中信金,11055000,9.27
2026-01-27,2892,第一金,7280927,3.49
2026-01-27,3033,威健,267000,0.14
2026-01-27,3034,聯詠,365000,2.38
2026-01-27,3045,台灣大,1397000,2.46
2026-01-27,4904,遠傳,1533000,2.26
2026-01-27,5871,中租-KY,963000,1.69
2026-01-27,5880,合庫金,7058238,2.76
2026-01-27,8422,可寧衛,589000,0.39
2026-01-27,9939,宏全,174000,0.35
2026-02-02,1102,亞泥,1577000,0.94
2026-02-02,1216,統一,2947000,3.64
2026-02-02,1402,遠東新,2379000,1.14
2026-02-02,2303,聯電,7209000,7.56
2026-02-02,2412,中華電,3113000,7.15
2026-02-02,2474,可成,339000,1.17
2026-02-02,2610,華航,2291000,0.87
2026-02-02,2618,長榮航,2834000,1.83
2026-02-02,2801,彰銀,5447884,1.9
2026-02-02,2812,台中銀,2742209,0.94
2026-02-02,2834,臺企銀,4499530,1.18
2026-02-02,2845,遠東銀,2763084,0.59
2026-02-02,2880,華南金,6444471,3.64
2026-02-02,2881,富邦金,6227000,9.73
2026-02-02,2882,國泰金,5977000,7.67
2026-02-02,2883,凱基金,10271000,3.19
2026-02-02,2884,玉山金,9785695,5.63
2026-02-02,2885,元大金,7819000,5.7
2026-02-02,2886,兆豐金,7234970,4.85
2026-02-02,2890,永豐金,8678850,4.29
2026-02-02,2891,中信金,10918000,9.59
2026-02-02,2892,第一金,7190927,3.56
2026-02-02,3033,威健,264000,0.14
2026-02-02,3034,聯詠,361000,2.3
2026-02-02,3045,台灣大,1379000,2.5
2026-02-02,4904,遠傳,1514000,2.36
2026-02-02,5871,中租-KY,951000,1.69
2026-02-02,5880,合庫金,6970238,2.81
2026-02-02,8422,可寧衛,581000,0.36
2026-02-02,9939,宏全,172000,0.35
2026-02-03,1102,亞泥,1573000,0.93
2026-02-03,1216,統一,2940000,3.67
2026-02-03,1402,遠東新,2374000,1.13
2026-02-03,2303,聯電,7192000,7.52
2026-02-03,2412,中華電,3106000,7.13
2026-02-03,2474,可成,338000,1.17
2026-02-03,2610,華航,2286000,0.88
2026-02-03,2618,長榮航,2827000,1.85
2026-02-03,2801,彰銀,5434884,1.91
2026-02-03,2812,台中銀,2735209,0.94
2026-02-03,2834,臺企銀,4488530,1.18
2026-02-03,2845,遠東銀,2757084,0.58
2026-02-03,2880,華南金,6428471,3.66
2026-02-03,2881,富邦金,6211000,9.81
2026-02-03,2882,國泰金,5963000,7.66
2026-02-03,2883,凱基金,10246000,3.22
2026-02-03,2884,玉山金,9761695,5.61
2026-02-03,2885,元大金,7800000,5.63
2026-02-03,2886,兆豐金,7216970,4.83
2026-02-03,2890,永豐金,8657850,4.29
2026-02-03,2891,中信金,10892000,9.57
2026-02-03,2892,第一金,7173927,3.57
2026-02-03,3033,威健,263000,0.14
2026-02-03,3034,聯詠,360000,2.31
2026-02-03,3045,台灣大,1376000,2.48
2026-02-03,4904,遠傳,1510000,2.36
2026-02-03,5871,中租-KY,949000,1.71
2026-02-03,5880,合庫金,6953238,2.81
2026-02-03,8422,可寧衛,580000,0.35
2026-02-03,9939,宏全,171000,0.35
2026-02-09,1102,亞泥,1568000,0.94
2026-02-09,1216,統一,2931000,3.63
2026-02-09,1402,遠東新,2367000,1.14
2026-02-09,2303,聯電,7172000,7.58
2026-02-09,2412,中華電,3097000,6.93
2026-02-09,2474,可成,337000,1.12
2026-02-09,2610,華航,2279000,0.88
2026-02-09,2618,長榮航,2819000,1.85
2026-02-09,2801,彰銀,5419884,1.89
2026-02-09,2812,台中銀,2728209,0.95
2026-02-09,2834,臺企銀,4476530,1.17
2026-02-09,2845,遠東銀,2749084,0.58
2026-02-09,2880,華南金,6410471,3.69
2026-02-09,2881,富邦金,6194000,9.84
2026-02-09,2882,國泰金,5946000,7.78
2026-02-09,2883,凱基金,10218000,3.26
2026-02-09,2884,玉山金,9735695,5.56
2026-02-09,2885,元大金,7779000,5.79
2026-02-09,2886,兆豐金,7196970,4.85
2026-02-09,2890,永豐金,8633850,4.39
2026-02-09,2891,中信金,10862000,9.57
2026-02-09,2892,第一金,7153927,3.51
2026-02-09,3033,威健,262000,0.13
2026-02-09,3034,聯詠,359000,2.26
2026-02-09,3045,台灣大,1372000,2.44
2026-02-09,4904,遠傳,1506000,2.36
2026-02-09,5871,中租-KY,946000,1.69
2026-02-09,5880,合庫金,6934238,2.79
2026-02-09,8422,可寧衛,578000,0.32
2026-02-09,9939,宏全,171000,0.34
2026-02-10,1102,亞泥,1564000,0.94
2026-02-10,1216,統一,2924000,3.61
2026-02-10,1402,遠東新,2361000,1.12
2026-02-10,2303,聯電,7154000,7.55
2026-02-10,2412,中華電,3089000,6.93
2026-02-10,2474,可成,336000,1.1
2026-02-10,2610,華航,2274000,0.88
2026-02-10,2618,長榮航,2812000,1.86
2026-02-10,2801,彰銀,5405884,1.89
2026-02-10,2812,台中銀,2721209,0.94
2026-02-10,2834,臺企銀,4465530,1.19
2026-02-10,2845,遠東銀,2742084,0.58
2026-02-10,2880,華南金,6394471,3.69
2026-02-10,2881,富邦金,6179000,9.88
2026-02-10,2882,國泰金,5931000,7.82
2026-02-10,2883,凱基金,10192000,3.26
2026-02-10,2884,玉山金,9710695,5.55
2026-02-10,2885,元大金,7759000,5.82
2026-02-10,2886,兆豐金,7178970,4.83
2026-02-10,2890,永豐金,8611850,4.42
2026-02-10,2891,中信金,10834000,9.48
2026-02-10,2892,第一金,7135927,3.53
2026-02-10,3033,威健,262000,0.14
2026-02-10,3034,聯詠,358000,2.28
2026-02-10,3045,台灣大,1369000,2.44
2026-02-10,4904,遠傳,1502000,2.34
2026-02-10,5871,中租-KY,944000,1.69
2026-02-10,5880,合庫金,6917238,2.8
2026-02-10,8422,可寧衛,577000,0.31
2026-02-10,9939,宏全,170000,0.34
2026-02-25,1102,亞泥,1525000,0.92
2026-02-25,1216,統一,2850000,3.59
2026-02-25,1402,遠東新,2302000,1.11
2026-02-25,2303,聯電,6974000,7.71
2026-02-25,2412,中華電,3011000,6.91
2026-02-25,2474,可成,328000,1.07
2026-02-25,2610,華航,2216000,0.79
2026-02-25,2618,長榮航,2741000,1.76
2026-02-25,2801,彰銀,5269884,1.93
2026-02-25,2812,台中銀,2652209,0.94
2026-02-25,2834,臺企銀,4352530,1.19
2026-02-25,2845,遠東銀,2673084,0.58
2026-02-25,2880,華南金,6233471,3.91
2026-02-25,2881,富邦金,6023000,9.45
2026-02-25,2882,國泰金,5782000,7.51
2026-02-25,2883,凱基金,9935000,3.51
2026-02-25,2884,玉山金,9465695,5.58
2026-02-25,2885,元大金,7563000,6.03
2026-02-25,2886,兆豐金,6997970,4.79
2026-02-25,2890,永豐金,8394850,4.64
2026-02-25,2891,中信金,10561000,9.54
2026-02-25,2892,第一金,6955927,3.51
2026-02-25,3033,威健,255000,0.14
2026-02-25,3034,聯詠,349000,2.28
2026-02-25,3045,台灣大,1334000,2.44
2026-02-25,4904,遠傳,1464000,2.33
2026-02-25,5871,中租-KY,920000,1.64
2026-02-25,5880,合庫金,6742238,2.73
2026-02-25,8422,可寧衛,562000,0.33
2026-02-25,9939,宏全,166000,0.35
2026-02-26,1102,亞泥,1521000,0.91
2026-02-26,1216,統一,2843000,3.45
2026-02-26,1402,遠東新,2296000,1.11
2026-02-26,2303,聯電,6956000,7.61
2026-02-26,2412,中華電,3003000,6.73
2026-02-26,2474,可成,327000,1.05
2026-02-26,2610,華航,2211000,0.78
2026-02-26,2618,長榮航,2734000,1.74
2026-02-26,2801,彰銀,5255884,1.9
2026-02-26,2812,台中銀,2645209,0.93
2026-02-26,2834,臺企銀,4341530,1.19
2026-02-26,2845,遠東銀,2666084,0.58
2026-02-26,2880,華南金,6217471,3.96
2026-02-26,2881,富邦金,6007000,9.46
2026-02-26,2882,國泰金,5767000,7.69
2026-02-26,2883,凱基金,9909000,3.64
2026-02-26,2884,玉山金,9441695,5.54
2026-02-26,2885,元大金,7544000,6.2
2026-02-26,2886,兆豐金,6979970,4.73
2026-02-26,2890,永豐金,8372850,4.65
2026-02-26,2891,中信金,10534000,9.85
2026-02-26,2892,第一金,6937927,3.47
2026-02-26,3033,威健,254000,0.14
2026-02-26,3034,聯詠,348000,2.29
2026-02-26,3045,台灣大,1331000,2.39
2026-02-26,4904,遠傳,1460000,2.25
2026-02-26,5871,中租-KY,917000,1.6
2026-02-26,5880,合庫金,6725238,2.7
2026-02-26,8422,可寧衛,561000,0.33
2026-02-26,9939,宏全,166000,0.34
2026-03-05,1102,亞泥,1513000,0.91
2026-03-05,1216,統一,2828000,3.55
2026-03-05,1402,遠東新,2283000,1.12
2026-03-05,2303,聯電,6919000,7.57
2026-03-05,2412,中華電,2987000,7.21
2026-03-05,2474,可成,325000,1.06
2026-03-05,2610,華航,2199000,0.73
2026-03-05,2618,長榮航,2720000,1.63
2026-03-05,2801,彰銀,5227884,1.9
2026-03-05,2812,台中銀,2631209,0.94
2026-03-05,2834,臺企銀,4318530,1.17
2026-03-05,2845,遠東銀,2652084,0.58
2026-03-05,2880,華南金,6184471,3.86
2026-03-05,2881,富邦金,5975000,9.53
2026-03-05,2882,國泰金,5736000,7.44
2026-03-05,2883,凱基金,9857000,3.53
2026-03-05,2884,玉山金,9390695,5.64
2026-03-05,2885,元大金,7503000,6.0
2026-03-05,2886,兆豐金,6942970,4.81
2026-03-05,2890,永豐金,8328850,4.65
2026-03-05,2891,中信金,10478000,9.51
2026-03-05,2892,第一金,6900927,3.53
2026-03-05,3033,威健,253000,0.13
2026-03-05,3034,聯詠,346000,2.28
2026-03-05,3045,台灣大,1324000,2.51
2026-03-05,4904,遠傳,1453000,2.34
2026-03-05,5871,中租-KY,913000,1.61
2026-03-05,5880,合庫金,6689238,2.76
2026-03-05,8422,可寧衛,558000,0.32
2026-03-05,9939,宏全,165000,0.35
2026-03-06,1102,亞泥,1505000,0.92
2026-03-06,1216,統一,2813000,3.58
2026-03-06,1402,遠東新,2272000,1.18
2026-03-06,2303,聯電,6883000,7.56
2026-03-06,2412,中華電,2972000,7.19
2026-03-06,2474,可成,323000,1.07
2026-03-06,2610,華航,2187000,0.73
2026-03-06,2618,長榮航,2706000,1.64
2026-03-06,2801,彰銀,5200884,1.91
2026-03-06,2812,台中銀,2618209,0.95
2026-03-06,2834,臺企銀,4295530,1.18
2026-03-06,2845,遠東銀,2638084,0.58
2026-03-06,2880,華南金,6152471,3.84
2026-03-06,2881,富邦金,5944000,9.35
2026-03-06,2882,國泰金,5707000,7.38
2026-03-06,2883,凱基金,9806000,3.54
2026-03-06,2884,玉山金,9342695,5.63
2026-03-06,2885,元大金,7465000,6.07
2026-03-06,2886,兆豐金,6906970,4.81
2026-03-06,2890,永豐金,8285850,4.65
2026-03-06,2891,中信金,10424000,9.49
2026-03-06,2892,第一金,6864927,3.58
2026-03-06,3033,威健,252000,0.13
2026-03-06,3034,聯詠,344000,2.28
2026-03-06,3045,台灣大,1317000,2.52
2026-03-06,4904,遠傳,1445000,2.38
2026-03-06,5871,中租-KY,908000,1.62
2026-03-06,5880,合庫金,6654238,2.76
2026-03-06,8422,可寧衛,555000,0.31
2026-03-06,9939,宏全,164000,0.35
2026-03-12,1102,亞泥,1505000,0.94
2026-03-12,1216,統一,2813000,3.53
2026-03-12,1402,遠東新,2272000,1.14
2026-03-12,2303,聯電,6883000,7.47
2026-03-12,2412,中華電,2972000,7.24
2026-03-12,2474,可成,323000,1.08
2026-03-12,2610,華航,2187000,0.74
2026-03-12,2618,長榮航,2706000,1.63
2026-03-12,2801,彰銀,5200884,1.92
2026-03-12,2812,台中銀,2618209,0.98
2026-03-12,2834,臺企銀,4295530,1.16
2026-03-12,2845,遠東銀,2638084,0.59
2026-03-12,2880,華南金,6152471,3.73
2026-03-12,2881,富邦金,5944000,9.52
2026-03-12,2882,國泰金,5707000,7.41
2026-03-12,2883,凱基金,9806000,3.51
2026-03-12,2884,玉山金,9342695,5.53
2026-03-12,2885,元大金,7465000,5.92
2026-03-12,2886,兆豐金,6906970,4.8
2026-03-12,2890,永豐金,8285850,4.73
2026-03-12,2891,中信金,10424000,9.58
2026-03-12,2892,第一金,6864927,3.55
2026-03-12,3033,威健,252000,0.14
2026-03-12,3034,聯詠,344000,2.4
2026-03-12,3045,台灣大,1317000,2.5
2026-03-12,4904,遠傳,1445000,2.39
2026-03-12,5871,中租-KY,908000,1.65
2026-03-12,5880,合庫金,6654238,2.75
2026-03-12,8422,可寧衛,555000,0.31
2026-03-12,9939,宏全,164000,0.35
2026-03-13,1102,亞泥,1505000,0.94
2026-03-13,1216,統一,2813000,3.55
2026-03-13,1402,遠東新,2272000,1.12
2026-03-13,2303,聯電,6883000,7.38
2026-03-13,2412,中華電,2972000,7.28
2026-03-13,2474,可成,323000,1.08
2026-03-13,2610,華航,2187000,0.73
2026-03-13,2618,長榮航,2706000,1.64
2026-03-13,2801,彰銀,5200884,1.93
2026-03-13,2812,台中銀,2618209,0.98
2026-03-13,2834,臺企銀,4295530,1.16
2026-03-13,2845,遠東銀,2638084,0.59
2026-03-13,2880,華南金,6152471,3.75
2026-03-13,2881,富邦金,5944000,9.43
2026-03-13,2882,國泰金,5707000,7.37
2026-03-13,2883,凱基金,9806000,3.55
2026-03-13,2884,玉山金,9342695,5.56
2026-03-13,2885,元大金,7465000,5.82
2026-03-13,2886,兆豐金,6906970,4.82
2026-03-13,2890,永豐金,8285850,4.74
2026-03-13,2891,中信金,10424000,9.63
2026-03-13,2892,第一金,6864927,3.57
2026-03-13,3033,威健,252000,0.14
2026-03-13,3034,聯詠,344000,2.4
2026-03-13,3045,台灣大,1317000,2.53
2026-03-13,4904,遠傳,1445000,2.39
2026-03-13,5871,中租-KY,908000,1.67
2026-03-13,5880,合庫金,6654238,2.76
2026-03-13,8422,可寧衛,555000,0.3
2026-03-13,9939,宏全,164000,0.36
2026-03-19,1102,亞泥,1505000,0.93
2026-03-19,1216,統一,2813000,3.57
2026-03-19,1402,遠東新,2272000,1.09
2026-03-19,2303,聯電,6883000,7.29
2026-03-19,2412,中華電,2972000,7.27
2026-03-19,2474,可成,323000,1.1
2026-03-19,2610,華航,2187000,0.74
2026-03-19,2618,長榮航,2706000,1.69
2026-03-19,2801,彰銀,5200884,1.93
2026-03-19,2812,台中銀,2618209,0.96
2026-03-19,2834,臺企銀,4295530,1.17
2026-03-19,2845,遠東銀,2638084,0.59
2026-03-19,2880,華南金,6152471,3.7
2026-03-19,2881,富邦金,5944000,9.46
2026-03-19,2882,國泰金,5707000,7.37
2026-03-19,2883,凱基金,9806000,3.53
2026-03-19,2884,玉山金,9342695,5.34
2026-03-19,2885,元大金,7465000,5.96
2026-03-19,2886,兆豐金,6906970,4.85
2026-03-19,2890,永豐金,8285850,4.74
2026-03-19,2891,中信金,10424000,9.71
2026-03-19,2892,第一金,6864927,3.54
2026-03-19,3033,威健,252000,0.16
2026-03-19,3034,聯詠,344000,2.32
2026-03-19,3045,台灣大,1317000,2.6
2026-03-19,4904,遠傳,1445000,2.42
2026-03-19,5871,中租-KY,908000,1.74
2026-03-19,5880,合庫金,6654238,2.76
2026-03-19,8422,可寧衛,555000,0.3
2026-03-19,9939,宏全,164000,0.35
2026-03-20,1102,亞泥,1501000,0.94
2026-03-20,1216,統一,2806000,3.56
2026-03-20,1402,遠東新,2266000,1.08
2026-03-20,2303,聯電,6865000,7.17
2026-03-20,2412,中華電,2964000,7.17
2026-03-20,2474,可成,323000,1.08
2026-03-20,2610,華航,2182000,0.74
2026-03-20,2618,長榮航,2699000,1.7
2026-03-20,2801,彰銀,5187884,1.92
2026-03-20,2812,台中銀,2611209,0.97
2026-03-20,2834,臺企銀,4284530,1.16
2026-03-20,2845,遠東銀,2631084,0.58
2026-03-20,2880,華南金,6136471,3.72
2026-03-20,2881,富邦金,5929000,9.49
2026-03-20,2882,國泰金,5692000,7.4
2026-03-20,2883,凱基金,9780000,3.55
2026-03-20,2884,玉山金,9317695,5.35
2026-03-20,2885,元大金,7445000,5.94
2026-03-20,2886,兆豐金,6888970,4.82
2026-03-20,2890,永豐金,8263850,4.8
2026-03-20,2891,中信金,10396000,9.78
2026-03-20,2892,第一金,6846927,3.55
2026-03-20,3033,威健,251000,0.16
2026-03-20,3034,聯詠,343000,2.38
2026-03-20,3045,台灣大,1313000,2.58
2026-03-20,4904,遠傳,1441000,2.45
2026-03-20,5871,中租-KY,905000,1.74
2026-03-20,5880,合庫金,6637238,2.75
2026-03-20,8422,可寧衛,553000,0.29
2026-03-20,9939,宏全,163000,0.34
2026-03-26,1102,亞泥,1501000,0.93
2026-03-26,1216,統一,2806000,3.59
2026-03-26,1402,遠東新,2266000,1.07
2026-03-26,2303,聯電,6865000,7.17
2026-03-26,2412,中華電,2964000,7.16
2026-03-26,2474,可成,323000,1.1
2026-03-26,2610,華航,2182000,0.73
2026-03-26,2618,長榮航,2699000,1.71
2026-03-26,2801,彰銀,5187884,1.93
2026-03-26,2812,台中銀,2611209,0.97
2026-03-26,2834,臺企銀,4284530,1.16
2026-03-26,2845,遠東銀,2631084,0.59
2026-03-26,2880,華南金,6136471,3.71
2026-03-26,2881,富邦金,5929000,9.43
2026-03-26,2882,國泰金,5692000,7.23
2026-03-26,2883,凱基金,9780000,3.48
2026-03-26,2884,玉山金,9317695,5.41
2026-03-26,2885,元大金,7445000,6.15
2026-03-26,2886,兆豐金,6888970,4.84
2026-03-26,2890,永豐金,8263850,4.68
2026-03-26,2891,中信金,10396000,9.89
2026-03-26,2892,第一金,6846927,3.52
2026-03-26,3033,威健,251000,0.15
2026-03-26,3034,聯詠,343000,2.41
2026-03-26,3045,台灣大,1313000,2.57
2026-03-26,4904,遠傳,1441000,2.39
2026-03-26,5871,中租-KY,905000,1.77
2026-03-26,5880,合庫金,6637238,2.8
2026-03-26,8422,可寧衛,553000,0.29
2026-03-26,9939,宏全,163000,0.35
2026-03-27,1102,亞泥,1501000,0.93
2026-03-27,1216,統一,2806000,3.63
2026-03-27,1402,遠東新,2266000,1.07
2026-03-27,2303,聯電,6865000,7.14
2026-03-27,2412,中華電,2964000,7.14
2026-03-27,2474,可成,323000,1.12
2026-03-27,2610,華航,2182000,0.73
2026-03-27,2618,長榮航,2699000,1.72
2026-03-27,2801,彰銀,5187884,1.92
2026-03-27,2812,台中銀,2611209,0.97
2026-03-27,2834,臺企銀,4284530,1.16
2026-03-27,2845,遠東銀,2631084,0.59
2026-03-27,2880,華南金,6136471,3.7
2026-03-27,2881,富邦金,5929000,9.35
2026-03-27,2882,國泰金,5692000,7.23
2026-03-27,2883,凱基金,9780000,3.49
2026-03-27,2884,玉山金,9317695,5.4
2026-03-27,2885,元大金,7445000,6.07
2026-03-27,2886,兆豐金,6888970,4.84
2026-03-27,2890,永豐金,8263850,4.71
2026-03-27,2891,中信金,10396000,9.91
2026-03-27,2892,第一金,6846927,3.5
2026-03-27,3033,威健,251000,0.15
2026-03-27,3034,聯詠,343000,2.46
2026-03-27,3045,台灣大,1313000,2.59
2026-03-27,4904,遠傳,1441000,2.4
2026-03-27,5871,中租-KY,905000,1.84
2026-03-27,5880,合庫金,6637238,2.79
2026-03-27,8422,可寧衛,553000,0.29
2026-03-27,9939,宏全,163000,0.35
2026-04-02,1102,亞泥,1497000,0.95
2026-04-02,1216,統一,2797000,3.66
2026-04-02,1402,遠東新,2259000,1.09
2026-04-02,2303,聯電,6844000,6.63
2026-04-02,2412,中華電,2955000,7.15
2026-04-02,2474,可成,322000,1.11
2026-04-02,2610,華航,2175000,0.71
2026-04-02,2618,長榮航,2690000,1.7
2026-04-02,2801,彰銀,5171884,1.91
2026-04-02,2812,台中銀,2603209,0.98
2026-04-02,2834,臺企銀,4271530,1.18
2026-04-02,2845,遠東銀,2623084,0.59
2026-04-02,2880,華南金,6117471,3.74
2026-04-02,2881,富邦金,5911000,9.37
2026-04-02,2882,國泰金,5674000,7.36
2026-04-02,2883,凱基金,9751000,3.5
2026-04-02,2884,玉山金,9289695,5.39
2026-04-02,2885,元大金,7423000,6.15
2026-04-02,2886,兆豐金,6867970,4.87
2026-04-02,2890,永豐金,8238850,4.73
2026-04-02,2891,中信金,10365000,10.2
2026-04-02,2892,第一金,6826927,3.5
2026-04-02,3033,威健,250000,0.14
2026-04-02,3034,聯詠,342000,2.36
2026-04-02,3045,台灣大,1309000,2.59
2026-04-02,4904,遠傳,1437000,2.4
2026-04-02,5871,中租-KY,903000,1.75
2026-04-02,5880,合庫金,6617238,2.83
2026-04-02,8422,可寧衛,552000,0.29
2026-04-02,9939,宏全,163000,0.34
2026-04-07,1102,亞泥,1497000,0.95
2026-04-07,1216,統一,2797000,3.61
2026-04-07,1402,遠東新,2259000,1.07
2026-04-07,2303,聯電,6844000,7.11
2026-04-07,2412,中華電,2955000,7.06
2026-04-07,2474,可成,322000,1.1
2026-04-07,2610,華航,2175000,0.71
2026-04-07,2618,長榮航,2690000,1.65
2026-04-07,2801,彰銀,5171884,1.92
2026-04-07,2812,台中銀,2603209,0.98
2026-04-07,2834,臺企銀,4271530,1.16
2026-04-07,2845,遠東銀,2623084,0.59
2026-04-07,2880,華南金,6117471,3.71
2026-04-07,2881,富邦金,5911000,9.24
2026-04-07,2882,國泰金,5674000,7.27
2026-04-07,2883,凱基金,9751000,3.57
2026-04-07,2884,玉山金,9289695,5.37
2026-04-07,2885,元大金,7423000,6.15
2026-04-07,2886,兆豐金,6867970,4.82
2026-04-07,2890,永豐金,8238850,4.74
2026-04-07,2891,中信金,10365000,10.31
2026-04-07,2892,第一金,6826927,3.48
2026-04-07,3033,威健,250000,0.14
2026-04-07,3034,聯詠,342000,2.34
2026-04-07,3045,台灣大,1309000,2.56
2026-04-07,4904,遠傳,1437000,2.39
2026-04-07,5871,中租-KY,903000,1.75
2026-04-07,5880,合庫金,6617238,2.8
2026-04-07,8422,可寧衛,552000,0.28
2026-04-07,9939,宏全,163000,0.34
2026-04-13,1102,亞泥,1489000,0.95
2026-04-13,1216,統一,2783000,3.59
2026-04-13,1402,遠東新,2247000,1.06
2026-04-13,2303,聯電,6808000,7.33
2026-04-13,2412,中華電,2940000,7.08
2026-04-13,2474,可成,320000,1.1
2026-04-13,2610,華航,2164000,0.7
2026-04-13,2618,長榮航,2676000,1.68
2026-04-13,2801,彰銀,5144884,1.95
2026-04-13,2812,台中銀,2589209,0.96
2026-04-13,2834,臺企銀,4249530,1.16
2026-04-13,2845,遠東銀,2609084,0.59
2026-04-13,2880,華南金,6085471,3.7
2026-04-13,2881,富邦金,5880000,9.13
2026-04-13,2882,國泰金,5644000,7.28
2026-04-13,2883,凱基金,9699000,3.66
2026-04-13,2884,玉山金,9240695,5.3
2026-04-13,2885,元大金,7383000,6.27
2026-04-13,2886,兆豐金,6831970,4.81
2026-04-13,2890,永豐金,8194850,4.8
2026-04-13,2891,中信金,10310000,9.84
2026-04-13,2892,第一金,6789927,3.46
2026-04-13,3033,威健,249000,0.15
2026-04-13,3034,聯詠,341000,2.41
2026-04-13,3045,台灣大,1302000,2.56
2026-04-13,4904,遠傳,1429000,2.41
2026-04-13,5871,中租-KY,898000,1.77
2026-04-13,5880,合庫金,6582238,2.82
2026-04-13,8422,可寧衛,549000,0.29
2026-04-13,9939,宏全,162000,0.32
2026-04-14,1102,亞泥,1485000,0.94
2026-04-14,1216,統一,2775000,3.56
2026-04-14,1402,遠東新,2241000,1.05
2026-04-14,2303,聯電,6789000,7.22
2026-04-14,2412,中華電,2932000,7.05
2026-04-14,2474,可成,319000,1.12
2026-04-14,2610,華航,2158000,0.7
2026-04-14,2618,長榮航,2669000,1.67
2026-04-14,2801,彰銀,5130884,1.94
2026-04-14,2812,台中銀,2582209,0.95
2026-04-14,2834,臺企銀,4237530,1.16
2026-04-14,2845,遠東銀,2602084,0.59
2026-04-14,2880,華南金,6068471,3.78
2026-04-14,2881,富邦金,5863000,9.15
2026-04-14,2882,國泰金,5629000,7.29
2026-04-14,2883,凱基金,9672000,3.59
2026-04-14,2884,玉山金,9215695,5.37
2026-04-14,2885,元大金,7363000,6.5
2026-04-14,2886,兆豐金,6812970,4.77
2026-04-14,2890,永豐金,8172850,4.83
2026-04-14,2891,中信金,10282000,9.72
2026-04-14,2892,第一金,6771927,3.45
2026-04-14,3033,威健,248000,0.15
2026-04-14,3034,聯詠,340000,2.41
2026-04-14,3045,台灣大,1299000,2.54
2026-04-14,4904,遠傳,1425000,2.39
2026-04-14,5871,中租-KY,896000,1.8
2026-04-14,5880,合庫金,6564238,2.79
2026-04-14,8422,可寧衛,547000,0.28
2026-04-14,9939,宏全,162000,0.32
2026-04-20,1102,亞泥,1461000,0.9
2026-04-20,1216,統一,2731000,3.48
2026-04-20,1402,遠東新,2205000,1.01
2026-04-20,2303,聯電,6681000,9.01
2026-04-20,2412,中華電,2885000,6.93
2026-04-20,2474,可成,314000,1.14
2026-04-20,2610,華航,2123000,0.67
2026-04-20,2618,長榮航,2626000,1.62
2026-04-20,2801,彰銀,5048884,1.91
2026-04-20,2812,台中銀,2541209,0.91
2026-04-20,2834,臺企銀,4170530,1.24
2026-04-20,2845,遠東銀,2561084,0.57
2026-04-20,2880,華南金,5971471,3.76
2026-04-20,2881,富邦金,5770000,8.82
2026-04-20,2882,國泰金,5539000,7.25
2026-04-20,2883,凱基金,9519000,3.47
2026-04-20,2884,玉山金,9068695,5.22
2026-04-20,2885,元大金,7246000,6.51
2026-04-20,2886,兆豐金,6704970,4.67
2026-04-20,2890,永豐金,8042850,4.54
2026-04-20,2891,中信金,10118000,9.42
2026-04-20,2892,第一金,6663927,3.38
2026-04-20,3033,威健,244000,0.15
2026-04-20,3034,聯詠,334000,2.43
2026-04-20,3045,台灣大,1278000,2.54
2026-04-20,4904,遠傳,1403000,2.42
2026-04-20,5871,中租-KY,881000,1.85
2026-04-20,5880,合庫金,6459238,2.68
2026-04-20,8422,可寧衛,539000,0.28
2026-04-20,9939,宏全,159000,0.33
2026-04-21,1102,亞泥,1457000,0.91
2026-04-21,1216,統一,2723000,3.46
2026-04-21,1402,遠東新,2199000,1.01
2026-04-21,2303,聯電,6663000,8.95
2026-04-21,2412,中華電,2877000,6.95
2026-04-21,2474,可成,313000,1.16
2026-04-21,2610,華航,2117000,0.68
2026-04-21,2618,長榮航,2619000,1.63
2026-04-21,2801,彰銀,5034884,1.9
2026-04-21,2812,台中銀,2534209,0.91
2026-04-21,2834,臺企銀,4158530,1.21
2026-04-21,2845,遠東銀,2554084,0.57
2026-04-21,2880,華南金,5955471,3.7
2026-04-21,2881,富邦金,5754000,8.9
2026-04-21,2882,國泰金,5524000,7.36
2026-04-21,2883,凱基金,9492000,3.47
2026-04-21,2884,玉山金,9043695,5.26
2026-04-21,2885,元大金,7226000,6.5
2026-04-21,2886,兆豐金,6685970,4.65
2026-04-21,2890,永豐金,8020850,4.48
2026-04-21,2891,中信金,10090000,9.43
2026-04-21,2892,第一金,6645927,3.38
2026-04-21,3033,威健,244000,0.15
2026-04-21,3034,聯詠,333000,2.44
2026-04-21,3045,台灣大,1275000,2.55
2026-04-21,4904,遠傳,1399000,2.36
2026-04-21,5871,中租-KY,879000,1.82
2026-04-21,5880,合庫金,6441238,2.68
2026-04-21,8422,可寧衛,537000,0.29
2026-04-21,9939,宏全,159000,0.34
2026-04-27,1102,亞泥,1449000,0.92
2026-04-27,1216,統一,2708000,3.43
2026-04-27,1402,遠東新,2187000,1.02
2026-04-27,2303,聯電,6627000,8.65
2026-04-27,2412,中華電,2861000,7.04
2026-04-27,2474,可成,311000,1.26
2026-04-27,2610,華航,2106000,0.67
2026-04-27,2618,長榮航,2605000,1.56
2026-04-27,2801,彰銀,5007884,1.89
2026-04-27,2812,台中銀,2520209,0.9
2026-04-27,2834,臺企銀,4135530,1.2
2026-04-27,2845,遠東銀,2540084,0.56
2026-04-27,2880,華南金,5923471,3.75
2026-04-27,2881,富邦金,5723000,9.03
2026-04-27,2882,國泰金,5494000,7.35
2026-04-27,2883,凱基金,9441000,3.48
2026-04-27,2884,玉山金,8994695,5.26
2026-04-27,2885,元大金,7187000,6.56
2026-04-27,2886,兆豐金,6649970,4.75
2026-04-27,2890,永豐金,7976850,4.55
2026-04-27,2891,中信金,10036000,9.5
2026-04-27,2892,第一金,6609927,3.36
2026-04-27,3033,威健,242000,0.15
2026-04-27,3034,聯詠,331000,2.48
2026-04-27,3045,台灣大,1268000,2.55
2026-04-27,4904,遠傳,1391000,2.4
2026-04-27,5871,中租-KY,874000,1.82
2026-04-27,5880,合庫金,6407238,2.63
2026-04-27,8422,可寧衛,534000,0.27
2026-04-27,9939,宏全,158000,0.32
2026-04-28,1102,亞泥,1449000,0.91
2026-04-28,1216,統一,2708000,3.41
2026-04-28,1402,遠東新,2187000,1.02
2026-04-28,2303,聯電,6627000,8.88
2026-04-28,2412,中華電,2861000,6.99
2026-04-28,2474,可成,311000,1.28
2026-04-28,2610,華航,2106000,0.68
2026-04-28,2618,長榮航,2605000,1.55
2026-04-28,2801,彰銀,5007884,1.89
2026-04-28,2812,台中銀,2520209,0.9
2026-04-28,2834,臺企銀,4135530,1.2
2026-04-28,2845,遠東銀,2540084,0.56
2026-04-28,2880,華南金,5923471,3.49
2026-04-28,2881,富邦金,5723000,9.05
2026-04-28,2882,國泰金,5494000,7.32
2026-04-28,2883,凱基金,9441000,3.59
2026-04-28,2884,玉山金,8994695,5.21
2026-04-28,2885,元大金,7187000,6.69
2026-04-28,2886,兆豐金,6649970,4.76
2026-04-28,2890,永豐金,7976850,4.54
2026-04-28,2891,中信金,10036000,9.54
2026-04-28,2892,第一金,6609927,3.34
2026-04-28,3033,威健,242000,0.16
2026-04-28,3034,聯詠,331000,2.44
2026-04-28,3045,台灣大,1268000,2.51
2026-04-28,4904,遠傳,1391000,2.34
2026-04-28,5871,中租-KY,874000,1.84
2026-04-28,5880,合庫金,6407238,2.62
2026-04-28,8422,可寧衛,534000,0.27
2026-04-28,9939,宏全,158000,0.32
2026-05-05,1102,亞泥,1433000,0.89
2026-05-05,1216,統一,2679000,3.29
2026-05-05,1402,遠東新,2163000,0.99
2026-05-05,2303,聯電,6554000,9.69
2026-05-05,2412,中華電,2830000,6.85
2026-05-05,2474,可成,308000,1.16
2026-05-05,2610,華航,2083000,0.67
2026-05-05,2618,長榮航,2576000,1.56
2026-05-05,2801,彰銀,4952884,1.83
2026-05-05,2812,台中銀,2493209,0.88
2026-05-05,2834,臺企銀,4090530,1.18
2026-05-05,2845,遠東銀,2512084,0.55
2026-05-05,2880,華南金,5858471,3.4
2026-05-05,2881,富邦金,5661000,9.29
2026-05-05,2882,國泰金,5434000,7.46
2026-05-05,2883,凱基金,9338000,3.62
2026-05-05,2884,玉山金,8896695,4.99
2026-05-05,2885,元大金,7108000,7.01
2026-05-05,2886,兆豐金,6576970,4.57
2026-05-05,2890,永豐金,7889850,4.3
2026-05-05,2891,中信金,9926000,9.45
2026-05-05,2892,第一金,6536927,3.3
2026-05-05,3033,威健,240000,0.16
2026-05-05,3034,聯詠,328000,2.45
2026-05-05,3045,台灣大,1254000,2.47
2026-05-05,4904,遠傳,1376000,2.35
2026-05-05,5871,中租-KY,865000,1.77
2026-05-05,5880,合庫金,6337238,2.58
2026-05-05,8422,可寧衛,528000,0.27
2026-05-05,9939,宏全,156000,0.31
2026-05-06,1102,亞泥,1433000,0.88
2026-05-06,1216,統一,2679000,3.21
2026-05-06,1402,遠東新,2163000,0.99
2026-05-06,2303,聯電,6554000,10.46
2026-05-06,2412,中華電,2830000,6.72
2026-05-06,2474,可成,308000,1.13
2026-05-06,2610,華航,2083000,0.65
2026-05-06,2618,長榮航,2576000,1.53
2026-05-06,2801,彰銀,4952884,1.81
2026-05-06,2812,台中銀,2493209,0.86
2026-05-06,2834,臺企銀,4090530,1.16
2026-05-06,2845,遠東銀,2512084,0.54
2026-05-06,2880,華南金,5858471,3.35
2026-05-06,2881,富邦金,5661000,9.17
2026-05-06,2882,國泰金,5434000,7.47
2026-05-06,2883,凱基金,9338000,3.62
2026-05-06,2884,玉山金,8896695,4.95
2026-05-06,2885,元大金,7108000,6.98
2026-05-06,2886,兆豐金,6576970,4.54
2026-05-06,2890,永豐金,7889850,4.27
2026-05-06,2891,中信金,9926000,9.48
2026-05-06,2892,第一金,6536927,3.29
2026-05-06,3033,威健,240000,0.18
2026-05-06,3034,聯詠,328000,2.53
2026-05-06,3045,台灣大,1254000,2.41
2026-05-06,4904,遠傳,1376000,2.28
2026-05-06,5871,中租-KY,865000,1.75
2026-05-06,5880,合庫金,6337238,2.54
2026-05-06,8422,可寧衛,528000,0.26
2026-05-06,9939,宏全,156000,0.3
2026-05-12,1102,亞泥,1425000,0.86
2026-05-12,1216,統一,2664000,3.38
2026-05-12,1402,遠東新,2151000,0.99
2026-05-12,2303,聯電,6517000,11.82
2026-05-12,2412,中華電,2814000,6.62
2026-05-12,2474,可成,306000,1.09
2026-05-12,2610,華航,2071000,0.68
2026-05-12,2618,長榮航,2562000,1.56
2026-05-12,2801,彰銀,4924884,1.76
2026-05-12,2812,台中銀,2478209,0.84
2026-05-12,2834,臺企銀,4067530,1.13
2026-05-12,2845,遠東銀,2498084,0.53
2026-05-12,2880,華南金,5825471,3.29
2026-05-12,2881,富邦金,5629000,9.15
2026-05-12,2882,國泰金,5403000,7.16
2026-05-12,2883,凱基金,9285000,3.48
2026-05-12,2884,玉山金,8846695,4.88
2026-05-12,2885,元大金,7068000,6.7
2026-05-12,2886,兆豐金,6539970,4.45
2026-05-12,2890,永豐金,7845850,4.16
2026-05-12,2891,中信金,9870000,9.16
2026-05-12,2892,第一金,6500927,3.32
2026-05-12,3033,威健,238000,0.18
2026-05-12,3034,聯詠,326000,2.75
2026-05-12,3045,台灣大,1247000,2.38
2026-05-12,4904,遠傳,1368000,2.27
2026-05-12,5871,中租-KY,860000,1.63
2026-05-12,5880,合庫金,6301238,2.49
2026-05-12,8422,可寧衛,525000,0.25
2026-05-12,9939,宏全,155000,0.33
2026-05-13,1102,亞泥,1421000,0.87
2026-05-13,1216,統一,2656000,3.47
2026-05-13,1402,遠東新,2145000,1.0
2026-05-13,2303,聯電,6499000,11.1
2026-05-13,2412,中華電,2806000,6.7
2026-05-13,2474,可成,305000,1.07
2026-05-13,2610,華航,2065000,0.67
2026-05-13,2618,長榮航,2555000,1.53
2026-05-13,2801,彰銀,4910884,1.75
2026-05-13,2812,台中銀,2472209,0.83
2026-05-13,2834,臺企銀,4056530,1.13
2026-05-13,2845,遠東銀,2491084,0.52
2026-05-13,2880,華南金,5809471,3.3
2026-05-13,2881,富邦金,5613000,9.23
2026-05-13,2882,國泰金,5388000,7.23
2026-05-13,2883,凱基金,9259000,3.53
2026-05-13,2884,玉山金,8821695,4.89
2026-05-13,2885,元大金,7049000,6.83
2026-05-13,2886,兆豐金,6521970,4.48
2026-05-13,2890,永豐金,7823850,4.15
2026-05-13,2891,中信金,9843000,9.38
2026-05-13,2892,第一金,6482927,3.32
2026-05-13,3033,威健,238000,0.18
2026-05-13,3034,聯詠,325000,2.75
2026-05-13,3045,台灣大,1243000,2.42
2026-05-13,4904,遠傳,1365000,2.3
2026-05-13,5871,中租-KY,857000,1.6
2026-05-13,5880,合庫金,6283238,2.49
2026-05-13,8422,可寧衛,524000,0.25
2026-05-13,9939,宏全,155000,0.32
2026-05-19,1102,亞泥,1421000,0.84
2026-05-19,1216,統一,2656000,3.38
2026-05-19,1402,遠東新,2145000,0.96
2026-05-19,2303,聯電,6499000,12.51
2026-05-19,2412,中華電,2806000,6.81
2026-05-19,2474,可成,305000,0.96
2026-05-19,2610,華航,2065000,0.65
2026-05-19,2618,長榮航,2555000,1.5
2026-05-19,2801,彰銀,4910884,1.72
2026-05-19,2812,台中銀,2472209,0.81
2026-05-19,2834,臺企銀,4056530,1.11
2026-05-19,2845,遠東銀,2491084,0.51
2026-05-19,2880,華南金,5809471,3.19
2026-05-19,2881,富邦金,5613000,9.29
2026-05-19,2882,國泰金,5388000,7.14
2026-05-19,2883,凱基金,9259000,3.41
2026-05-19,2884,玉山金,8821695,4.81
2026-05-19,2885,元大金,7049000,6.57
2026-05-19,2886,兆豐金,6521970,4.52
2026-05-19,2890,永豐金,7823850,4.01
2026-05-19,2891,中信金,9843000,9.29
2026-05-19,2892,第一金,6482927,3.2
2026-05-19,3033,威健,238000,0.2
2026-05-19,3034,聯詠,325000,2.58
2026-05-19,3045,台灣大,1243000,2.47
2026-05-19,4904,遠傳,1365000,2.28
2026-05-19,5871,中租-KY,857000,1.61
2026-05-19,5880,合庫金,6283238,2.44
2026-05-19,8422,可寧衛,524000,0.23
2026-05-19,9939,宏全,155000,0.33
2026-05-20,1102,亞泥,1421000,0.84
2026-05-20,1216,統一,2656000,3.35
2026-05-20,1402,遠東新,2145000,0.99
2026-05-20,2303,聯電,6499000,12.05
2026-05-20,2412,中華電,2806000,6.7
2026-05-20,2474,可成,305000,0.96
2026-05-20,2610,華航,2065000,0.65
2026-05-20,2618,長榮航,2555000,1.5
2026-05-20,2801,彰銀,4910884,1.72
2026-05-20,2812,台中銀,2472209,0.8
2026-05-20,2834,臺企銀,4056530,1.12
2026-05-20,2845,遠東銀,2491084,0.51
2026-05-20,2880,華南金,5809471,3.2
2026-05-20,2881,富邦金,5613000,9.23
2026-05-20,2882,國泰金,5388000,7.21
2026-05-20,2883,凱基金,9259000,3.43
2026-05-20,2884,玉山金,8821695,4.8
2026-05-20,2885,元大金,7049000,6.67
2026-05-20,2886,兆豐金,6521970,4.51
2026-05-20,2890,永豐金,7823850,4.0
2026-05-20,2891,中信金,9843000,9.77
2026-05-20,2892,第一金,6482927,3.09
2026-05-20,3033,威健,238000,0.21
2026-05-20,3034,聯詠,325000,2.64
2026-05-20,3045,台灣大,1243000,2.45
2026-05-20,4904,遠傳,1365000,2.28
2026-05-20,5871,中租-KY,857000,1.63
2026-05-20,5880,合庫金,6283238,2.45
2026-05-20,8422,可寧衛,524000,0.23
2026-05-20,9939,宏全,155000,0.33
2026-05-26,1102,亞泥,1382000,0.79
2026-05-26,1216,統一,2583000,3.13
2026-05-26,1402,遠東新,2085000,0.93
2026-05-26,2303,聯電,6318000,14.1
2026-05-26,2412,中華電,2728000,6.34
2026-05-26,2474,可成,297000,0.99
2026-05-26,2610,華航,2008000,0.64
2026-05-26,2618,長榮航,2484000,1.5
2026-05-26,2801,彰銀,4774884,1.65
2026-05-26,2812,台中銀,2403209,0.77
2026-05-26,2834,臺企銀,3943530,1.08
2026-05-26,2845,遠東銀,2422084,0.5
2026-05-26,2880,華南金,5647471,2.91
2026-05-26,2881,富邦金,5457000,9.66
2026-05-26,2882,國泰金,5239000,7.44
2026-05-26,2883,凱基金,9002000,3.32
2026-05-26,2884,玉山金,8576695,4.57
2026-05-26,2885,元大金,6853000,6.71
2026-05-26,2886,兆豐金,6340970,4.27
2026-05-26,2890,永豐金,7605850,3.84
2026-05-26,2891,中信金,9569000,9.42
2026-05-26,2892,第一金,6301927,2.98
2026-05-26,3033,威健,231000,0.2
2026-05-26,3034,聯詠,316000,2.66
2026-05-26,3045,台灣大,1209000,2.28
2026-05-26,4904,遠傳,1327000,2.13
2026-05-26,5871,中租-KY,833000,1.52
2026-05-26,5880,合庫金,6109238,2.37
2026-05-26,8422,可寧衛,509000,0.24
2026-05-26,9939,宏全,150000,0.31
2026-05-27,1102,亞泥,1378000,0.76
2026-05-27,1216,統一,2575000,3.02
2026-05-27,1402,遠東新,2079000,0.81
2026-05-27,2303,聯電,6301000,15.09
2026-05-27,2412,中華電,2721000,6.22
2026-05-27,2474,可成,296000,1.03
2026-05-27,2610,華航,2002000,0.62
2026-05-27,2618,長榮航,2477000,1.44
2026-05-27,2801,彰銀,4760884,1.6
2026-05-27,2812,台中銀,2396209,0.75
2026-05-27,2834,臺企銀,3932530,1.06
2026-05-27,2845,遠東銀,2415084,0.48
2026-05-27,2880,華南金,5631471,2.81
2026-05-27,2881,富邦金,5442000,9.99
2026-05-27,2882,國泰金,5224000,7.44
2026-05-27,2883,凱基金,8976000,3.34
2026-05-27,2884,玉山金,8551695,4.44
2026-05-27,2885,元大金,6833000,6.78
2026-05-27,2886,兆豐金,6322970,4.16
2026-05-27,2890,永豐金,7584850,3.75
2026-05-27,2891,中信金,9542000,9.43
2026-05-27,2892,第一金,6283927,2.89
2026-05-27,3033,威健,230000,0.19
2026-05-27,3034,聯詠,315000,2.55
2026-05-27,3045,台灣大,1205000,2.21
2026-05-27,4904,遠傳,1323000,2.05
2026-05-27,5871,中租-KY,831000,1.48
2026-05-27,5880,合庫金,6091238,2.31
2026-05-27,8422,可寧衛,508000,0.23
2026-05-27,9939,宏全,150000,0.31
2026-06-02,1102,亞泥,1378000,0.75
2026-06-02,1216,統一,2575000,3.07
2026-06-02,1402,遠東新,2079000,0.88
2026-06-02,2303,聯電,6301000,14.33
2026-06-02,2412,中華電,2721000,6.21
2026-06-02,2474,可成,296000,1.17
2026-06-02,2610,華航,2002000,0.63
2026-06-02,2618,長榮航,2477000,1.48
2026-06-02,2801,彰銀,4760884,1.58
2026-06-02,2812,台中銀,2396209,0.72
2026-06-02,2834,臺企銀,3932530,1.03
2026-06-02,2845,遠東銀,2415084,0.47
2026-06-02,2880,華南金,5631471,3.08
2026-06-02,2881,富邦金,5442000,9.93
2026-06-02,2882,國泰金,5224000,7.49
2026-06-02,2883,凱基金,8976000,3.38
2026-06-02,2884,玉山金,8551695,4.43
2026-06-02,2885,元大金,6833000,6.55
2026-06-02,2886,兆豐金,6322970,4.24
2026-06-02,2890,永豐金,7584850,3.78
2026-06-02,2891,中信金,9542000,9.83
2026-06-02,2892,第一金,6283927,2.84
2026-06-02,3033,威健,230000,0.18
2026-06-02,3034,聯詠,315000,2.57
2026-06-02,3045,台灣大,1205000,2.24
2026-06-02,4904,遠傳,1323000,2.12
2026-06-02,5871,中租-KY,831000,1.53
2026-06-02,5880,合庫金,6091238,2.26
2026-06-02,8422,可寧衛,508000,0.22
2026-06-02,9939,宏全,150000,0.3
2026-06-03,1102,亞泥,1378000,0.74
2026-06-03,1216,統一,2575000,2.98
2026-06-03,1402,遠東新,2079000,0.9
2026-06-03,2303,聯電,6301000,12.99
2026-06-03,2412,中華電,2721000,6.06
2026-06-03,2474,可成,296000,1.2
2026-06-03,2610,華航,2002000,0.63
2026-06-03,2618,長榮航,2477000,1.48
2026-06-03,2801,彰銀,4760884,1.59
2026-06-03,2812,台中銀,2396209,0.73
2026-06-03,2834,臺企銀,3932530,1.05
2026-06-03,2845,遠東銀,2415084,0.47
2026-06-03,2880,華南金,5631471,3.24
2026-06-03,2881,富邦金,5442000,9.72
2026-06-03,2882,國泰金,5224000,7.58
2026-06-03,2883,凱基金,8976000,3.65
2026-06-03,2884,玉山金,8551695,4.46
2026-06-03,2885,元大金,6833000,6.88
2026-06-03,2886,兆豐金,6322970,4.16
2026-06-03,2890,永豐金,7584850,3.96
2026-06-03,2891,中信金,9542000,10.63
2026-06-03,2892,第一金,6283927,2.88
2026-06-03,3033,威健,230000,0.18
2026-06-03,3034,聯詠,315000,2.5
2026-06-03,3045,台灣大,1205000,2.21
2026-06-03,4904,遠傳,1323000,2.1
2026-06-03,5871,中租-KY,831000,1.54
2026-06-03,5880,合庫金,6091238,2.25
2026-06-03,8422,可寧衛,508000,0.23
2026-06-03,9939,宏全,150000,0.3
2026-06-09,1102,亞泥,1370000,0.72
2026-06-09,1216,統一,2560000,2.93
2026-06-09,1402,遠東新,2067000,0.89
2026-06-09,2303,聯電,6263000,12.35
2026-06-09,2412,中華電,2704000,5.94
2026-06-09,2474,可成,294000,1.0
2026-06-09,2610,華航,1991000,0.6
2026-06-09,2618,長榮航,2462000,1.41
2026-06-09,2801,彰銀,4732884,1.63
2026-06-09,2812,台中銀,2382209,0.73
2026-06-09,2834,臺企銀,3909530,1.03
2026-06-09,2845,遠東銀,2401084,0.48
2026-06-09,2880,華南金,5598471,3.07
2026-06-09,2881,富邦金,5409000,10.45
2026-06-09,2882,國泰金,5193000,8.35
2026-06-09,2883,凱基金,8923000,4.01
2026-06-09,2884,玉山金,8501695,4.5
2026-06-09,2885,元大金,6793000,6.81
2026-06-09,2886,兆豐金,6284970,4.23
2026-06-09,2890,永豐金,7539850,3.99
2026-06-09,2891,中信金,9485000,10.15
2026-06-09,2892,第一金,6246927,2.95
2026-06-09,3033,威健,229000,0.18
2026-06-09,3034,聯詠,313000,2.33
2026-06-09,3045,台灣大,1198000,2.17
2026-06-09,4904,遠傳,1315000,2.15
2026-06-09,5871,中租-KY,826000,1.53
2026-06-09,5880,合庫金,6055238,2.23
2026-06-09,8422,可寧衛,505000,0.23
2026-06-09,9939,宏全,149000,0.29
2026-06-10,1102,亞泥,1370000,0.74
2026-06-10,1216,統一,2560000,3.01
2026-06-10,1402,遠東新,2067000,0.9
2026-06-10,2303,聯電,6263000,11.73
2026-06-10,2412,中華電,2704000,6.15
2026-06-10,2474,可成,294000,0.95
2026-06-10,2610,華航,1991000,0.61
2026-06-10,2618,長榮航,2462000,1.45
2026-06-10,2801,彰銀,4732884,1.67
2026-06-10,2812,台中銀,2382209,0.73
2026-06-10,2834,臺企銀,3909530,1.05
2026-06-10,2845,遠東銀,2401084,0.49
2026-06-10,2880,華南金,5598471,3.13
2026-06-10,2881,富邦金,5409000,10.47
2026-06-10,2882,國泰金,5193000,8.2
2026-06-10,2883,凱基金,8923000,3.98
2026-06-10,2884,玉山金,8501695,4.52
2026-06-10,2885,元大金,6793000,6.69
2026-06-10,2886,兆豐金,6284970,4.31
2026-06-10,2890,永豐金,7539850,3.93
2026-06-10,2891,中信金,9485000,10.22
2026-06-10,2892,第一金,6246927,3.02
2026-06-10,3033,威健,229000,0.18
2026-06-10,3034,聯詠,313000,2.37
2026-06-10,3045,台灣大,1198000,2.23
2026-06-10,4904,遠傳,1315000,2.21
2026-06-10,5871,中租-KY,826000,1.56
2026-06-10,5880,合庫金,6055238,2.28
2026-06-10,8422,可寧衛,505000,0.24
2026-06-10,9939,宏全,149000,0.31
2026-06-16,1102,亞泥,1366000,0.72
2026-06-16,1216,統一,2553000,2.87
2026-06-16,1402,遠東新,2061000,0.88
2026-06-16,2303,聯電,6245000,13.11
2026-06-16,2412,中華電,2697000,5.88
2026-06-16,2474,可成,294000,0.9
2026-06-16,2610,華航,1985000,0.63
2026-06-16,2618,長榮航,2455000,1.45
2026-06-16,2801,彰銀,4718884,1.6
2026-06-16,2812,台中銀,2375209,0.7
2026-06-16,2834,臺企銀,3897530,1.02
2026-06-16,2845,遠東銀,2394084,0.46
2026-06-16,2880,華南金,5582471,3.11
2026-06-16,2881,富邦金,5394000,10.6
2026-06-16,2882,國泰金,5178000,8.44
2026-06-16,2883,凱基金,8897000,3.93
2026-06-16,2884,玉山金,8476695,4.44
2026-06-16,2885,元大金,6773000,6.59
2026-06-16,2886,兆豐金,6266970,4.15
2026-06-16,2890,永豐金,7517850,3.95
2026-06-16,2891,中信金,9458000,9.97
2026-06-16,2892,第一金,6228927,2.95
2026-06-16,3033,威健,228000,0.17
2026-06-16,3034,聯詠,312000,2.32
2026-06-16,3045,台灣大,1195000,2.14
2026-06-16,4904,遠傳,1311000,2.2
2026-06-16,5871,中租-KY,824000,1.43
2026-06-16,5880,合庫金,6038238,2.21
2026-06-16,8422,可寧衛,503000,0.21
2026-06-16,9939,宏全,149000,0.29
2026-06-17,1102,亞泥,1366000,0.71
2026-06-17,1216,統一,2553000,2.85
2026-06-17,1402,遠東新,2061000,0.87
2026-06-17,2303,聯電,6245000,12.86
2026-06-17,2412,中華電,2697000,5.77
2026-06-17,2474,可成,294000,0.89
2026-06-17,2610,華航,1985000,0.64
2026-06-17,2618,長榮航,2455000,1.54
2026-06-17,2801,彰銀,4718884,1.59
2026-06-17,2812,台中銀,2375209,0.69
2026-06-17,2834,臺企銀,3897530,1.01
2026-06-17,2845,遠東銀,2394084,0.47
2026-06-17,2880,華南金,5582471,3.13
2026-06-17,2881,富邦金,5394000,10.75
2026-06-17,2882,國泰金,5178000,8.65
2026-06-17,2883,凱基金,8897000,3.95
2026-06-17,2884,玉山金,8476695,4.43
2026-06-17,2885,元大金,6773000,6.65
2026-06-17,2886,兆豐金,6266970,4.16
2026-06-17,2890,永豐金,7517850,4.02
2026-06-17,2891,中信金,9458000,9.88
2026-06-17,2892,第一金,6228927,2.98
2026-06-17,3033,威健,228000,0.16
2026-06-17,3034,聯詠,312000,2.36
2026-06-17,3045,台灣大,1195000,2.09
2026-06-17,4904,遠傳,1311000,2.11
2026-06-17,5871,中租-KY,824000,1.39
2026-06-17,5880,合庫金,6038238,2.2
2026-06-17,8422,可寧衛,503000,0.21
2026-06-17,9939,宏全,149000,0.29
2026-06-24,1102,亞泥,1366000,0.7
2026-06-24,1216,統一,2553000,2.74
2026-06-24,1402,遠東新,2061000,0.84
2026-06-24,2303,聯電,6245000,15.88
2026-06-24,2412,中華電,2697000,5.53
2026-06-24,2474,可成,294000,0.88
2026-06-24,2610,華航,1985000,0.66
2026-06-24,2618,長榮航,2455000,1.54
2026-06-24,2801,彰銀,4718884,1.54
2026-06-24,2812,台中銀,2375209,0.67
2026-06-24,2834,臺企銀,3897530,0.99
2026-06-24,2845,遠東銀,2394084,0.44
2026-06-24,2880,華南金,5582471,2.95
2026-06-24,2881,富邦金,5394000,10.36
2026-06-24,2882,國泰金,5178000,8.13
2026-06-24,2883,凱基金,8897000,3.79
2026-06-24,2884,玉山金,8476695,4.24
2026-06-24,2885,元大金,6773000,6.39
2026-06-24,2886,兆豐金,6266970,3.99
2026-06-24,2890,永豐金,7517850,4.25
2026-06-24,2891,中信金,9458000,9.44
2026-06-24,2892,第一金,6228927,2.85
2026-06-24,3033,威健,228000,0.16
2026-06-24,3034,聯詠,312000,2.42
2026-06-24,3045,台灣大,1195000,2.04
2026-06-24,4904,遠傳,1311000,2.0
2026-06-24,5871,中租-KY,824000,1.34
2026-06-24,5880,合庫金,6038238,2.1
2026-06-24,8422,可寧衛,503000,0.21
2026-06-24,9939,宏全,149000,0.27
2026-06-25,1102,亞泥,1366000,0.7
2026-06-25,1216,統一,2553000,2.72
2026-06-25,1402,遠東新,2061000,0.83
2026-06-25,2303,聯電,6245000,15.72
2026-06-25,2412,中華電,2697000,5.48
2026-06-25,2474,可成,294000,0.85
2026-06-25,2610,華航,1985000,0.68
2026-06-25,2618,長榮航,2455000,1.54
2026-06-25,2801,彰銀,4718884,1.56
2026-06-25,2812,台中銀,2375209,0.67
2026-06-25,2834,臺企銀,3897530,0.99
2026-06-25,2845,遠東銀,2394084,0.44
2026-06-25,2880,華南金,5582471,2.99
2026-06-25,2881,富邦金,5394000,10.35
2026-06-25,2882,國泰金,5178000,8.14
2026-06-25,2883,凱基金,8897000,3.83
2026-06-25,2884,玉山金,8476695,4.24
2026-06-25,2885,元大金,6773000,6.37
2026-06-25,2886,兆豐金,6266970,4.12
2026-06-25,2890,永豐金,7517850,4.24
2026-06-25,2891,中信金,9458000,9.42
2026-06-25,2892,第一金,6228927,2.89
2026-06-25,3033,威健,228000,0.16
2026-06-25,3034,聯詠,312000,2.47
2026-06-25,3045,台灣大,1195000,2.02
2026-06-25,4904,遠傳,1311000,2.01
2026-06-25,5871,中租-KY,824000,1.34
2026-06-25,5880,合庫金,6038238,2.14
2026-06-25,8422,可寧衛,503000,0.2
2026-06-25,9939,宏全,149000,0.27
2026-07-01,1102,亞泥,1359000,0.7
2026-07-01,1216,統一,2540000,2.78
2026-07-01,1402,遠東新,2051000,0.85
2026-07-01,2303,聯電,6214000,15.43
2026-07-01,2412,中華電,2683000,5.58
2026-07-01,2474,可成,292000,0.87
2026-07-01,2610,華航,1975000,0.65
2026-07-01,2618,長榮航,2443000,1.58
2026-07-01,2801,彰銀,4695884,1.65
2026-07-01,2812,台中銀,2363209,0.69
2026-07-01,2834,臺企銀,3878530,1.0
2026-07-01,2845,遠東銀,2382084,0.45
2026-07-01,2880,華南金,5554471,2.99
2026-07-01,2881,富邦金,5367000,9.66
2026-07-01,2882,國泰金,5152000,7.19
2026-07-01,2883,凱基金,8853000,3.68
2026-07-01,2884,玉山金,8434695,4.08
2026-07-01,2885,元大金,6739000,6.53
2026-07-01,2886,兆豐金,6235970,4.23
2026-07-01,2890,永豐金,7480850,4.4
2026-07-01,2891,中信金,9411000,9.76
2026-07-01,2892,第一金,6197927,3.02
2026-07-01,3033,威健,227000,0.17
2026-07-01,3034,聯詠,311000,2.46
2026-07-01,3045,台灣大,1189000,2.06
2026-07-01,4904,遠傳,1305000,1.98
2026-07-01,5871,中租-KY,820000,1.38
2026-07-01,5880,合庫金,6008238,2.19
2026-07-01,8422,可寧衛,501000,0.2
2026-07-01,9939,宏全,148000,0.28
2026-07-02,1102,亞泥,1359000,0.73
2026-07-02,1216,統一,2540000,2.82
2026-07-02,1402,遠東新,2051000,0.86
2026-07-02,2303,聯電,6214000,15.25
2026-07-02,2412,中華電,2683000,5.61
2026-07-02,2474,可成,292000,0.87
2026-07-02,2610,華航,1975000,0.67
2026-07-02,2618,長榮航,2443000,1.59
2026-07-02,2801,彰銀,4695884,1.63
2026-07-02,2812,台中銀,2363209,0.71
2026-07-02,2834,臺企銀,3878530,1.02
2026-07-02,2845,遠東銀,2382084,0.46
2026-07-02,2880,華南金,5554471,3.01
2026-07-02,2881,富邦金,5367000,9.51
2026-07-02,2882,國泰金,5152000,7.14
2026-07-02,2883,凱基金,8853000,3.66
2026-07-02,2884,玉山金,8434695,4.22
2026-07-02,2885,元大金,6739000,6.58
2026-07-02,2886,兆豐金,6235970,4.25
2026-07-02,2890,永豐金,7480850,4.38
2026-07-02,2891,中信金,9411000,9.75
2026-07-02,2892,第一金,6197927,2.95
2026-07-02,3033,威健,227000,0.17
2026-07-02,3034,聯詠,311000,2.49
2026-07-02,3045,台灣大,1189000,2.09
2026-07-02,4904,遠傳,1305000,1.99
2026-07-02,5871,中租-KY,820000,1.4
2026-07-02,5880,合庫金,6008238,2.19
2026-07-02,8422,可寧衛,501000,0.2
2026-07-02,9939,宏全,148000,0.26
2026-07-08,1102,亞泥,1359000,0.7
2026-07-08,1216,統一,2540000,2.88
2026-07-08,1402,遠東新,2051000,0.82
2026-07-08,2303,聯電,6214000,14.61
2026-07-08,2412,中華電,2683000,5.4
2026-07-08,2474,可成,292000,0.82
2026-07-08,2610,華航,1975000,0.63
2026-07-08,2618,長榮航,2443000,1.4
2026-07-08,2801,彰銀,4695884,1.62
2026-07-08,2812,台中銀,2363209,0.7
2026-07-08,2834,臺企銀,3878530,1.02
2026-07-08,2845,遠東銀,2382084,0.46
2026-07-08,2880,華南金,5554471,3.18
2026-07-08,2881,富邦金,5367000,9.76
2026-07-08,2882,國泰金,5152000,7.28
2026-07-08,2883,凱基金,8853000,3.92
2026-07-08,2884,玉山金,8434695,4.23
2026-07-08,2885,元大金,6739000,6.95
2026-07-08,2886,兆豐金,6235970,4.21
2026-07-08,2890,永豐金,7480850,4.52
2026-07-08,2891,中信金,9411000,9.68
2026-07-08,2892,第一金,6197927,3.05
2026-07-08,3033,威健,227000,0.16
2026-07-08,3034,聯詠,311000,2.44
2026-07-08,3045,台灣大,1189000,1.94
2026-07-08,4904,遠傳,1305000,1.75
2026-07-08,5871,中租-KY,820000,1.37
2026-07-08,5880,合庫金,6008238,2.18
2026-07-08,8422,可寧衛,501000,0.2
2026-07-08,9939,宏全,148000,0.26
2026-07-09,1102,亞泥,1354000,0.71
2026-07-09,1216,統一,2531000,2.92
2026-07-09,1402,遠東新,2044000,0.83
2026-07-09,2303,聯電,6193000,14.23
2026-07-09,2412,中華電,2674000,5.26
2026-07-09,2474,可成,291000,0.84
2026-07-09,2610,華航,1968000,0.62
2026-07-09,2618,長榮航,2435000,1.42
2026-07-09,2801,彰銀,4679884,1.66
2026-07-09,2812,台中銀,2355209,0.71
2026-07-09,2834,臺企銀,3865530,1.02
2026-07-09,2845,遠東銀,2374084,0.46
2026-07-09,2880,華南金,5535471,3.17
2026-07-09,2881,富邦金,5349000,9.81
2026-07-09,2882,國泰金,5135000,7.29
2026-07-09,2883,凱基金,8823000,3.91
2026-07-09,2884,玉山金,8406695,4.3
2026-07-09,2885,元大金,6717000,6.76
2026-07-09,2886,兆豐金,6214970,4.28
2026-07-09,2890,永豐金,7455850,4.44
2026-07-09,2891,中信金,9379000,9.66
2026-07-09,2892,第一金,6176927,3.06
2026-07-09,3033,威健,226000,0.17
2026-07-09,3034,聯詠,310000,2.48
2026-07-09,3045,台灣大,1185000,1.89
2026-07-09,4904,遠傳,1300000,1.82
2026-07-09,5871,中租-KY,817000,1.38
2026-07-09,5880,合庫金,5988238,2.22
2026-07-09,8422,可寧衛,499000,0.2
2026-07-09,9939,宏全,147000,0.27
2026-07-16,1102,亞泥,1354000,0.66
2026-07-16,1216,統一,2531000,2.94
2026-07-16,1402,遠東新,2044000,0.84
2026-07-16,2303,聯電,6193000,14.59
2026-07-16,2412,中華電,2674000,5.35
2026-07-16,2474,可成,291000,0.81
2026-07-16,2610,華航,1968000,0.61
2026-07-16,2618,長榮航,2435000,1.5
2026-07-16,2801,彰銀,4679884,1.65
2026-07-16,2812,台中銀,2355209,0.7
2026-07-16,2834,臺企銀,3865530,1.03
2026-07-16,2845,遠東銀,2374084,0.47
2026-07-16,2880,華南金,5535471,3.21
2026-07-16,2881,富邦金,5349000,9.85
2026-07-16,2882,國泰金,5135000,7.36
2026-07-16,2883,凱基金,8823000,3.97
2026-07-16,2884,玉山金,8406695,4.32
2026-07-16,2885,元大金,6717000,6.6
2026-07-16,2886,兆豐金,6214970,4.26
2026-07-16,2890,永豐金,7455850,4.37
2026-07-16,2891,中信金,9379000,8.7
2026-07-16,2892,第一金,6176927,3.09
2026-07-16,3033,威健,226000,0.18
2026-07-16,3034,聯詠,310000,2.15
2026-07-16,3045,台灣大,1185000,1.93
2026-07-16,4904,遠傳,1300000,1.93
2026-07-16,5871,中租-KY,817000,1.45
2026-07-16,5880,合庫金,5988238,2.25
2026-07-16,8422,可寧衛,499000,0.2
2026-07-16,9939,宏全,147000,0.27
2026-07-17,1102,亞泥,1354000,0.68
2026-07-17,1216,統一,2531000,3.04
2026-07-17,1402,遠東新,2044000,0.85
2026-07-17,2303,聯電,6193000,13.41
2026-07-17,2412,中華電,2674000,5.55
2026-07-17,2474,可成,291000,0.82
2026-07-17,2610,華航,1968000,0.61
2026-07-17,2618,長榮航,2435000,1.51
2026-07-17,2801,彰銀,4679884,1.68
2026-07-17,2812,台中銀,2355209,0.73
2026-07-17,2834,臺企銀,3865530,1.05
2026-07-17,2845,遠東銀,2374084,0.48
2026-07-17,2880,華南金,5535471,3.34
2026-07-17,2881,富邦金,5349000,10.01
2026-07-17,2882,國泰金,5135000,7.28
2026-07-17,2883,凱基金,8823000,3.98
2026-07-17,2884,玉山金,8406695,4.44
2026-07-17,2885,元大金,6717000,6.56
2026-07-17,2886,兆豐金,6214970,4.45
2026-07-17,2890,永豐金,7455850,4.48
2026-07-17,2891,中信金,9379000,8.76
2026-07-17,2892,第一金,6176927,3.17
2026-07-17,3033,威健,226000,0.17
2026-07-17,3034,聯詠,310000,2.15
2026-07-17,3045,台灣大,1185000,1.98
2026-07-17,4904,遠傳,1300000,2.01
2026-07-17,5871,中租-KY,817000,1.47
2026-07-17,5880,合庫金,5988238,2.28
2026-07-17,8422,可寧衛,499000,0.19
2026-07-17,9939,宏全,147000,0.28
2026-07-23,1102,亞泥,1332000,0.66
2026-07-23,1216,統一,2531000,2.94
2026-07-23,1402,遠東新,2010000,0.82
2026-07-23,2303,聯電,6089000,12.72
2026-07-23,2412,中華電,2629000,5.47
2026-07-23,2474,可成,286000,0.83
2026-07-23,2610,華航,1935000,0.6
2026-07-23,2618,長榮航,2394000,1.47
2026-07-23,2801,彰銀,4679884,1.71
2026-07-23,2812,台中銀,2355209,0.73
2026-07-23,2834,臺企銀,3865530,1.04
2026-07-23,2845,遠東銀,2374084,0.47
2026-07-23,2880,華南金,5535471,3.44
2026-07-23,2881,富邦金,5261000,10.19
2026-07-23,2882,國泰金,5048000,7.41
2026-07-23,2883,凱基金,8677000,4.04
2026-07-23,2884,玉山金,8264695,4.44
2026-07-23,2885,元大金,6604000,6.3
2026-07-23,2886,兆豐金,6214970,4.51
2026-07-23,2890,永豐金,7604967,4.38
2026-07-23,2891,中信金,9223000,8.83
2026-07-23,2892,第一金,6176927,3.18
2026-07-23,3033,威健,226000,0.17
2026-07-23,3034,聯詠,305000,2.31
2026-07-23,3045,台灣大,1165000,1.97
2026-07-23,4904,遠傳,1278000,1.98
2026-07-23,5871,中租-KY,817000,1.48
2026-07-23,5880,合庫金,5988238,2.31
2026-07-23,8422,可寧衛,491000,0.19
2026-07-23,9939,宏全,145000,0.28
2026-07-24,1102,亞泥,1328000,0.66
2026-07-24,1216,統一,2531000,2.99
2026-07-24,1402,遠東新,2004000,0.84
2026-07-24,2303,聯電,6072000,11.86
2026-07-24,2412,中華電,2622000,5.56
2026-07-24,2474,可成,285000,0.82
2026-07-24,2610,華航,1930000,0.6
2026-07-24,2618,長榮航,2387000,1.48
2026-07-24,2801,彰銀,4679884,1.74
2026-07-24,2812,台中銀,2355209,0.74
2026-07-24,2834,臺企銀,3865530,1.06
2026-07-24,2845,遠東銀,2374084,0.48
2026-07-24,2880,華南金,5535471,3.44
2026-07-24,2881,富邦金,5244000,10.21
2026-07-24,2882,國泰金,5034000,7.45
2026-07-24,2883,凱基金,8650000,4.05
2026-07-24,2884,玉山金,8241695,4.52
2026-07-24,2885,元大金,6585000,6.34
2026-07-24,2886,兆豐金,6214970,4.6
2026-07-24,2890,永豐金,7455967,4.39
2026-07-24,2891,中信金,9195000,8.93
2026-07-24,2892,第一金,6176927,3.23
2026-07-24,3033,威健,226000,0.17
2026-07-24,3034,聯詠,304000,2.35
2026-07-24,3045,台灣大,1162000,2.01
2026-07-24,4904,遠傳,1275000,2.05
2026-07-24,5871,中租-KY,817000,1.5
2026-07-24,5880,合庫金,5988238,2.34
2026-07-24,8422,可寧衛,490000,0.19
2026-07-24,9939,宏全,145000,0.29
2026-07-30,1102,亞泥,1328000,0.68
2026-07-30,1216,統一,2553000,3.0
2026-07-30,1402,遠東新,2004000,0.84
2026-07-30,2303,聯電,6072000,10.36
2026-07-30,2412,中華電,2622000,5.72
2026-07-30,2474,可成,285000,0.79
2026-07-30,2610,華航,1930000,0.65
2026-07-30,2618,長榮航,2387000,1.55
2026-07-30,2801,彰銀,4719884,1.82
2026-07-30,2812,台中銀,2375209,0.76
2026-07-30,2834,臺企銀,3898530,1.1
2026-07-30,2845,遠東銀,2394084,0.5
2026-07-30,2880,華南金,5582471,3.69
2026-07-30,2881,富邦金,5244000,10.09
2026-07-30,2882,國泰金,5034000,7.44
2026-07-30,2883,凱基金,8650000,3.89
2026-07-30,2884,玉山金,8241695,4.82
2026-07-30,2885,元大金,6585000,6.45
2026-07-30,2886,兆豐金,6266970,5.01
2026-07-30,2890,永豐金,7455967,4.5
2026-07-30,2891,中信金,9195000,9.0
2026-07-30,2892,第一金,6228927,3.43
2026-07-30,3033,威健,228000,0.15
2026-07-30,3034,聯詠,304000,2.32
2026-07-30,3045,台灣大,1162000,2.06
2026-07-30,4904,遠傳,1275000,2.09
2026-07-30,5871,中租-KY,838440,1.44
2026-07-30,5880,合庫金,6038238,2.53
2026-07-30,8422,可寧衛,490000,0.19
2026-07-30,9939,宏全,145000,0.29
2026-07-31,1102,亞泥,1328000,0.65
2026-07-31,1216,統一,2553000,2.81
2026-07-31,1402,遠東新,2004000,0.81
2026-07-31,2303,聯電,6072000,10.95
2026-07-31,2412,中華電,2622000,5.45
2026-07-31,2474,可成,285000,0.78
2026-07-31,2610,華航,1930000,0.64
2026-07-31,2618,長榮航,2387000,1.54
2026-07-31,2801,彰銀,4719884,1.77
2026-07-31,2812,台中銀,2375209,0.73
2026-07-31,2834,臺企銀,3898530,1.06
2026-07-31,2845,遠東銀,2394084,0.48
2026-07-31,2880,華南金,5582471,3.63
2026-07-31,2881,富邦金,5244000,10.16
2026-07-31,2882,國泰金,5034000,7.61
2026-07-31,2883,凱基金,8650000,3.98
2026-07-31,2884,玉山金,8241695,4.75
2026-07-31,2885,元大金,6585000,6.68
2026-07-31,2886,兆豐金,6266970,4.96
2026-07-31,2890,永豐金,7455967,4.51
2026-07-31,2891,中信金,9195000,8.89
2026-07-31,2892,第一金,6228927,3.41
2026-07-31,3033,威健,228000,0.15
2026-07-31,3034,聯詠,304000,2.35
2026-07-31,3045,台灣大,1162000,1.95
2026-07-31,4904,遠傳,1275000,1.99
2026-07-31,5871,中租-KY,838440,1.39
2026-07-31,5880,合庫金,6038238,2.48
2026-07-31,8422,可寧衛,490000,0.18
2026-07-31,9939,宏全,145000,0.28
2026-08-06,1102,亞泥,1329000,0.67
2026-08-06,1216,統一,2553000,2.83
2026-08-06,1402,遠東新,2006000,0.82
2026-08-06,2303,聯電,6077000,11.22
2026-08-06,2412,中華電,2624000,5.46
2026-08-06,2474,可成,286000,0.81
2026-08-06,2610,華航,1931000,0.65
2026-08-06,2618,長榮航,2389000,1.57
2026-08-06,2801,彰銀,4837881,1.7
2026-08-06,2812,台中銀,2534348,0.71
2026-08-06,2834,臺企銀,4171427,1.05
2026-08-06,2845,遠東銀,2394084,0.48
2026-08-06,2880,華南金,5583471,3.74
2026-08-06,2881,富邦金,5248000,10.05
2026-08-06,2882,國泰金,5038000,7.46
2026-08-06,2883,凱基金,8658000,4.03
2026-08-06,2884,玉山金,8248695,4.76
2026-08-06,2885,元大金,6591000,6.72
2026-08-06,2886,兆豐金,6267970,4.79
2026-08-06,2890,永豐金,7461967,4.39
2026-08-06,2891,中信金,9203000,9.03
2026-08-06,2892,第一金,6230927,3.36
2026-08-06,3033,威健,228000,0.17
2026-08-06,3034,聯詠,304000,2.51
2026-08-06,3045,台灣大,1163000,1.95
2026-08-06,4904,遠傳,1276000,1.98
2026-08-06,5871,中租-KY,838440,1.39
2026-08-06,5880,合庫金,6039238,2.39
2026-08-06,8422,可寧衛,490000,0.19
2026-08-06,9939,宏全,145000,0.31
2026-08-07,1102,亞泥,1329000,0.66
2026-08-07,1216,統一,2553000,2.93
2026-08-07,1402,遠東新,2006000,0.84
2026-08-07,2303,聯電,6077000,10.67
2026-08-07,2412,中華電,2624000,5.46
2026-08-07,2474,可成,286000,0.81
2026-08-07,2610,華航,1931000,0.66
2026-08-07,2618,長榮航,2389000,1.61
2026-08-07,2801,彰銀,4837881,1.7
2026-08-07,2812,台中銀,2534348,0.72
2026-08-07,2834,臺企銀,4171427,1.04
2026-08-07,2845,遠東銀,2394084,0.48
2026-08-07,2880,華南金,5583471,3.75
2026-08-07,2881,富邦金,5248000,10.09
2026-08-07,2882,國泰金,5038000,7.58
2026-08-07,2883,凱基金,8658000,4.04
2026-08-07,2884,玉山金,8248695,4.77
2026-08-07,2885,元大金,6591000,6.76
2026-08-07,2886,兆豐金,6267970,4.83
2026-08-07,2890,永豐金,7461967,4.4
2026-08-07,2891,中信金,9203000,9.14
2026-08-07,2892,第一金,6230927,3.35
2026-08-07,3033,威健,228000,0.16
2026-08-07,3034,聯詠,304000,2.5
2026-08-07,3045,台灣大,1163000,1.96
2026-08-07,4904,遠傳,1276000,1.99
2026-08-07,5871,中租-KY,838440,1.38
2026-08-07,5880,合庫金,6039238,2.4
2026-08-07,8422,可寧衛,490000,0.2
2026-08-07,9939,宏全,145000,0.32
2026-08-13,1102,亞泥,1331000,0.64
2026-08-13,1216,統一,2561000,2.95
2026-08-13,1402,遠東新,2009000,0.82
2026-08-13,2303,聯電,6107000,11.47
2026-08-13,2412,中華電,2628000,5.39
2026-08-13,2474,可成,295000,0.9
2026-08-13,2610,華航,1935000,0.59
2026-08-13,2618,長榮航,2393000,1.48
2026-08-13,2801,彰銀,4853881,1.72
2026-08-13,2812,台中銀,2543348,0.72
2026-08-13,2834,臺企銀,4185427,1.04
2026-08-13,2845,遠東銀,2402084,0.48
2026-08-13,2880,華南金,5664555,3.34
2026-08-13,2881,富邦金,5263000,10.2
2026-08-13,2882,國泰金,5052000,7.58
2026-08-13,2883,凱基金,8672000,4.12
2026-08-13,2884,玉山金,8262695,4.65
2026-08-13,2885,元大金,6602000,6.94
2026-08-13,2886,兆豐金,6297970,4.36
2026-08-13,2890,永豐金,7473967,4.5
2026-08-13,2891,中信金,9228000,9.26
2026-08-13,2892,第一金,6250927,3.13
2026-08-13,3033,威健,229000,0.17
2026-08-13,3034,聯詠,305000,2.48
2026-08-13,3045,台灣大,1165000,1.91
2026-08-13,4904,遠傳,1278000,1.92
2026-08-13,5871,中租-KY,843440,1.45
2026-08-13,5880,合庫金,6210218,2.27
2026-08-13,8422,可寧衛,491000,0.2
2026-08-13,9939,宏全,149000,0.3
2026-08-14,1102,亞泥,1331000,0.67
2026-08-14,1216,統一,2561000,2.93
2026-08-14,1402,遠東新,2009000,0.82
2026-08-14,2303,聯電,6107000,11.16
2026-08-14,2412,中華電,2628000,5.36
2026-08-14,2474,可成,295000,0.91
2026-08-14,2610,華航,1935000,0.58
2026-08-14,2618,長榮航,2393000,1.44
2026-08-14,2801,彰銀,4853881,1.73
2026-08-14,2812,台中銀,2543348,0.72
2026-08-14,2834,臺企銀,4185427,1.03
2026-08-14,2845,遠東銀,2402084,0.48
2026-08-14,2880,華南金,5664555,3.33
2026-08-14,2881,富邦金,5263000,10.3
2026-08-14,2882,國泰金,5052000,7.75
2026-08-14,2883,凱基金,8672000,4.15
2026-08-14,2884,玉山金,8262695,4.7
2026-08-14,2885,元大金,6602000,6.95
2026-08-14,2886,兆豐金,6297970,4.51
2026-08-14,2890,永豐金,7473967,4.58
2026-08-14,2891,中信金,9228000,9.17
2026-08-14,2892,第一金,6250927,3.15
2026-08-14,3033,威健,229000,0.17
2026-08-14,3034,聯詠,305000,2.36
2026-08-14,3045,台灣大,1165000,1.9
2026-08-14,4904,遠傳,1278000,1.91
2026-08-14,5871,中租-KY,843440,1.42
2026-08-14,5880,合庫金,6210218,2.27
2026-08-14,8422,可寧衛,491000,0.2
2026-08-14,9939,宏全,149000,0.3
2026-08-20,1102,亞泥,1318000,0.73
2026-08-20,1216,統一,2463000,3.08
2026-08-20,1402,遠東新,1989000,0.93
2026-08-20,2303,聯電,6026000,11.15
2026-08-20,2412,中華電,2602000,5.69
2026-08-20,2474,可成,283000,0.92
2026-08-20,2610,華航,1915000,0.61
2026-08-20,2618,長榮航,2369000,1.6
2026-08-20,2801,彰銀,4667881,1.78
2026-08-20,2812,台中銀,2445348,0.74
2026-08-20,2834,臺企銀,4024427,1.07
2026-08-20,2845,遠東銀,2310084,0.5
2026-08-20,2880,華南金,5440555,3.38
2026-08-20,2881,富邦金,5205000,10.67
2026-08-20,2882,國泰金,4996000,7.82
2026-08-20,2883,凱基金,8586000,4.18
2026-08-20,2884,玉山金,8179695,4.89
2026-08-20,2885,元大金,6797440,6.76
2026-08-20,2886,兆豐金,6046970,4.49
2026-08-20,2890,永豐金,7399967,4.66
2026-08-20,2891,中信金,9127000,9.27
2026-08-20,2892,第一金,6010927,3.21
2026-08-20,3033,威健,220000,0.16
2026-08-20,3034,聯詠,301000,2.54
2026-08-20,3045,台灣大,1153000,2.12
2026-08-20,4904,遠傳,1265000,2.07
2026-08-20,5871,中租-KY,810440,1.45
2026-08-20,5880,合庫金,5972218,2.37
2026-08-20,8422,可寧衛,486000,0.21
2026-08-20,9939,宏全,143000,0.3
2026-08-21,1102,亞泥,1318000,0.72
2026-08-21,1216,統一,2463000,3.0
2026-08-21,1402,遠東新,1989000,0.95
2026-08-21,2303,聯電,6026000,11.04
2026-08-21,2412,中華電,2602000,5.58
2026-08-21,2474,可成,283000,0.91
2026-08-21,2610,華航,1915000,0.61
2026-08-21,2618,長榮航,2369000,1.59
2026-08-21,2801,彰銀,4667881,1.77
2026-08-21,2812,台中銀,2445348,0.72
2026-08-21,2834,臺企銀,4024427,1.05
2026-08-21,2845,遠東銀,2310084,0.5
2026-08-21,2880,華南金,5440555,3.39
2026-08-21,2881,富邦金,5205000,10.97
2026-08-21,2882,國泰金,4996000,7.89
2026-08-21,2883,凱基金,8586000,4.26
2026-08-21,2884,玉山金,8179695,4.89
2026-08-21,2885,元大金,6797440,6.84
2026-08-21,2886,兆豐金,6046970,4.46
2026-08-21,2890,永豐金,7399967,4.61
2026-08-21,2891,中信金,9127000,9.33
2026-08-21,2892,第一金,6010927,3.18
2026-08-21,3033,威健,220000,0.16
2026-08-21,3034,聯詠,301000,2.51
2026-08-21,3045,台灣大,1153000,2.08
2026-08-21,4904,遠傳,1265000,2.04
2026-08-21,5871,中租-KY,810440,1.47
2026-08-21,5880,合庫金,5972218,2.35
2026-08-21,8422,可寧衛,486000,0.21
2026-08-21,9939,宏全,143000,0.3
2026-08-27,1102,亞泥,1318000,0.72
2026-08-27,1216,統一,2463000,2.96
2026-08-27,1402,遠東新,1989000,0.88
2026-08-27,2303,聯電,6026000,11.15
2026-08-27,2412,中華電,2602000,5.5
2026-08-27,2474,可成,283000,0.92
2026-08-27,2610,華航,1915000,0.62
2026-08-27,2618,長榮航,2369000,1.58
2026-08-27,2801,彰銀,4667881,1.8
2026-08-27,2812,台中銀,2445348,0.72
2026-08-27,2834,臺企銀,4024427,1.03
2026-08-27,2845,遠東銀,2310084,0.49
2026-08-27,2880,華南金,5440555,3.34
2026-08-27,2881,富邦金,5205000,11.5
2026-08-27,2882,國泰金,4996000,7.99
2026-08-27,2883,凱基金,8586000,4.31
2026-08-27,2884,玉山金,8179695,4.92
2026-08-27,2885,元大金,6797440,6.71
2026-08-27,2886,兆豐金,6046970,4.36
2026-08-27,2890,永豐金,7399967,4.55
2026-08-27,2891,中信金,9127000,9.09
2026-08-27,2892,第一金,6010927,3.13
2026-08-27,3033,威健,220000,0.16
2026-08-27,3034,聯詠,301000,2.58
2026-08-27,3045,台灣大,1153000,2.08
2026-08-27,4904,遠傳,1265000,2.0
2026-08-27,5871,中租-KY,810440,1.45
2026-08-27,5880,合庫金,5972218,2.34
2026-08-27,8422,可寧衛,486000,0.2
2026-08-27,9939,宏全,143000,0.3
2026-08-28,1102,亞泥,1318000,0.7
2026-08-28,1216,統一,2463000,2.85
2026-08-28,1402,遠東新,1989000,0.85
2026-08-28,2303,聯電,6026000,11.98
2026-08-28,2412,中華電,2602000,5.39
2026-08-28,2474,可成,283000,0.89
2026-08-28,2610,華航,1915000,0.6
2026-08-28,2618,長榮航,2369000,1.51
2026-08-28,2801,彰銀,4667881,1.77
2026-08-28,2812,台中銀,2445348,0.71
2026-08-28,2834,臺企銀,4024427,1.01
2026-08-28,2845,遠東銀,2310084,0.47
2026-08-28,2880,華南金,5440555,3.35
2026-08-28,2881,富邦金,5205000,11.46
2026-08-28,2882,國泰金,4996000,8.06
2026-08-28,2883,凱基金,8586000,4.3
2026-08-28,2884,玉山金,8179695,4.85
2026-08-28,2885,元大金,6797440,6.65
2026-08-28,2886,兆豐金,6046970,4.46
2026-08-28,2890,永豐金,7399967,4.5
2026-08-28,2891,中信金,9127000,8.99
2026-08-28,2892,第一金,6010927,3.16
2026-08-28,3033,威健,220000,0.15
2026-08-28,3034,聯詠,301000,2.51
2026-08-28,3045,台灣大,1153000,2.04
2026-08-28,4904,遠傳,1265000,1.94
2026-08-28,5871,中租-KY,810440,1.4
2026-08-28,5880,合庫金,5972218,2.31
2026-08-28,8422,可寧衛,486000,0.2
2026-08-28,9939,宏全,143000,0.29
2026-09-03,1102,亞泥,1313000,0.68
2026-09-03,1216,統一,2454000,2.74
2026-09-03,1402,遠東新,1982000,0.85
2026-09-03,2303,聯電,6004000,11.1
2026-09-03,2412,中華電,2592000,5.29
2026-09-03,2474,可成,282000,0.86
2026-09-03,2610,華航,1908000,0.58
2026-09-03,2618,長榮航,2360000,1.49
2026-09-03,2801,彰銀,4650881,1.83
2026-09-03,2812,台中銀,2436348,0.7
2026-09-03,2834,臺企銀,4009427,1.01
2026-09-03,2845,遠東銀,2337689,0.47
2026-09-03,2880,華南金,5420555,3.48
2026-09-03,2881,富邦金,5185000,11.28
2026-09-03,2882,國泰金,4978000,8.28
2026-09-03,2883,凱基金,8553000,4.54
2026-09-03,2884,玉山金,8149695,5.21
2026-09-03,2885,元大金,6771440,6.86
2026-09-03,2886,兆豐金,6024970,4.49
2026-09-03,2890,永豐金,7371967,4.65
2026-09-03,2891,中信金,9092000,9.08
2026-09-03,2892,第一金,5987927,3.26
2026-09-03,3033,威健,220000,0.14
2026-09-03,3034,聯詠,300000,2.34
2026-09-03,3045,台灣大,1149000,2.01
2026-09-03,4904,遠傳,1261000,1.93
2026-09-03,5871,中租-KY,807440,1.33
2026-09-03,5880,合庫金,5950218,2.35
2026-09-03,8422,可寧衛,484000,0.19
2026-09-03,9939,宏全,143000,0.28
2026-09-04,1102,亞泥,1313000,0.67
2026-09-04,1216,統一,2454000,2.71
2026-09-04,1402,遠東新,1982000,0.84
2026-09-04,2303,聯電,6004000,11.4
2026-09-04,2412,中華電,2592000,5.2
2026-09-04,2474,可成,282000,0.86
2026-09-04,2610,華航,1908000,0.57
2026-09-04,2618,長榮航,2360000,1.46
2026-09-04,2801,彰銀,4650881,1.81
2026-09-04,2812,台中銀,2436348,0.69
2026-09-04,2834,臺企銀,4009427,1.0
2026-09-04,2845,遠東銀,2337689,0.47
2026-09-04,2880,華南金,5420555,3.48
2026-09-04,2881,富邦金,5185000,11.4
2026-09-04,2882,國泰金,4978000,8.36
2026-09-04,2883,凱基金,8553000,4.58
2026-09-04,2884,玉山金,8149695,5.18
2026-09-04,2885,元大金,6771440,6.9
2026-09-04,2886,兆豐金,6024970,4.36
2026-09-04,2890,永豐金,7371967,4.61
2026-09-04,2891,中信金,9092000,9.08
2026-09-04,2892,第一金,5987927,3.26
2026-09-04,3033,威健,220000,0.14
2026-09-04,3034,聯詠,300000,2.3
2026-09-04,3045,台灣大,1149000,1.98
2026-09-04,4904,遠傳,1261000,1.92
2026-09-04,5871,中租-KY,807440,1.31
2026-09-04,5880,合庫金,5950218,2.32
2026-09-04,8422,可寧衛,484000,0.18
2026-09-04,9939,宏全,143000,0.27
2026-09-10,1102,亞泥,1305000,0.67
2026-09-10,1216,統一,2439000,2.68
2026-09-10,1402,遠東新,1970000,0.82
2026-09-10,2303,聯電,5968000,12.36
2026-09-10,2412,中華電,2577000,5.23
2026-09-10,2474,可成,280000,0.83
2026-09-10,2610,華航,1897000,0.56
2026-09-10,2618,長榮航,2346000,1.43
2026-09-10,2801,彰銀,4622881,1.8
2026-09-10,2812,台中銀,2421348,0.67
2026-09-10,2834,臺企銀,3985427,1.04
2026-09-10,2845,遠東銀,2314689,0.45
2026-09-10,2880,華南金,5387555,3.51
2026-09-10,2881,富邦金,5154000,11.12
2026-09-10,2882,國泰金,4948000,7.95
2026-09-10,2883,凱基金,8502000,4.6
2026-09-10,2884,玉山金,8100695,5.29
2026-09-10,2885,元大金,6731440,6.82
2026-09-10,2886,兆豐金,5988970,4.34
2026-09-10,2890,永豐金,7327967,4.57
2026-09-10,2891,中信金,9038000,8.84
2026-09-10,2892,第一金,5952927,3.29
2026-09-10,3033,威健,218000,0.13
2026-09-10,3034,聯詠,299000,2.37
2026-09-10,3045,台灣大,1142000,1.99
2026-09-10,4904,遠傳,1253000,1.9
2026-09-10,5871,中租-KY,802440,1.31
2026-09-10,5880,合庫金,5914218,2.31
2026-09-10,8422,可寧衛,481000,0.18
2026-09-10,9939,宏全,142000,0.26
2026-09-11,1102,亞泥,1305000,0.67
2026-09-11,1216,統一,2439000,2.64
2026-09-11,1402,遠東新,1970000,0.81
2026-09-11,2303,聯電,5968000,12.11
2026-09-11,2412,中華電,2577000,5.23
2026-09-11,2474,可成,280000,0.82
2026-09-11,2610,華航,1897000,0.56
2026-09-11,2618,長榮航,2346000,1.43
2026-09-11,2801,彰銀,4622881,1.86
2026-09-11,2812,台中銀,2421348,0.68
2026-09-11,2834,臺企銀,3985427,1.04
2026-09-11,2845,遠東銀,2314689,0.46
2026-09-11,2880,華南金,5387555,3.57
2026-09-11,2881,富邦金,5154000,11.05
2026-09-11,2882,國泰金,4948000,7.9
2026-09-11,2883,凱基金,8502000,4.65
2026-09-11,2884,玉山金,8100695,5.42
2026-09-11,2885,元大金,6731440,6.8
2026-09-11,2886,兆豐金,5988970,4.47
2026-09-11,2890,永豐金,7327967,4.62
2026-09-11,2891,中信金,9038000,8.76
2026-09-11,2892,第一金,5952927,3.34
2026-09-11,3033,威健,218000,0.13
2026-09-11,3034,聯詠,299000,2.36
2026-09-11,3045,台灣大,1142000,2.0
2026-09-11,4904,遠傳,1253000,1.91
2026-09-11,5871,中租-KY,802440,1.29
2026-09-11,5880,合庫金,5914218,2.32
2026-09-11,8422,可寧衛,481000,0.18
2026-09-11,9939,宏全,142000,0.27
2026-09-17,1102,亞泥,1305000,0.65
2026-09-17,1216,統一,2439000,2.59
2026-09-17,1402,遠東新,1970000,0.78
2026-09-17,2303,聯電,5968000,12.38
2026-09-17,2412,中華電,2577000,5.25
2026-09-17,2474,可成,280000,0.82
2026-09-17,2610,華航,1897000,0.54
2026-09-17,2618,長榮航,2346000,1.39
2026-09-17,2801,彰銀,4622881,1.92
2026-09-17,2812,台中銀,2421348,0.66
2026-09-17,2834,臺企銀,3985427,1.05
2026-09-17,2845,遠東銀,2314689,0.45
2026-09-17,2880,華南金,5387555,3.63
2026-09-17,2881,富邦金,5154000,10.98
2026-09-17,2882,國泰金,4948000,7.79
2026-09-17,2883,凱基金,8502000,4.74
2026-09-17,2884,玉山金,8100695,5.39
2026-09-17,2885,元大金,6731440,6.53
2026-09-17,2886,兆豐金,5988970,4.37
2026-09-17,2890,永豐金,7327967,4.73
2026-09-17,2891,中信金,9038000,9.05
2026-09-17,2892,第一金,5952927,3.41
2026-09-17,3033,威健,218000,0.13
2026-09-17,3034,聯詠,299000,2.29
2026-09-17,3045,台灣大,1142000,1.99
2026-09-17,4904,遠傳,1253000,1.88
2026-09-17,5871,中租-KY,802440,1.26
2026-09-17,5880,合庫金,5914218,2.29
2026-09-17,8422,可寧衛,481000,0.17
2026-09-17,9939,宏全,142000,0.25
2026-09-18,1102,亞泥,1305000,0.64
2026-09-18,1216,統一,2439000,2.57
2026-09-18,1402,遠東新,1970000,0.78
2026-09-18,2303,聯電,5968000,13.09
2026-09-18,2412,中華電,2577000,5.27
2026-09-18,2474,可成,280000,0.82
2026-09-18,2610,華航,1897000,0.54
2026-09-18,2618,長榮航,2346000,1.38
2026-09-18,2801,彰銀,4622881,1.88
2026-09-18,2812,台中銀,2421348,0.66
2026-09-18,2834,臺企銀,3985427,1.03
2026-09-18,2845,遠東銀,2314689,0.44
2026-09-18,2880,華南金,5387555,3.61
2026-09-18,2881,富邦金,5154000,10.91
2026-09-18,2882,國泰金,4948000,7.69
2026-09-18,2883,凱基金,8502000,4.7
2026-09-18,2884,玉山金,8100695,5.28
2026-09-18,2885,元大金,6731440,6.62
2026-09-18,2886,兆豐金,5988970,4.3
2026-09-18,2890,永豐金,7327967,4.66
2026-09-18,2891,中信金,9038000,8.83
2026-09-18,2892,第一金,5952927,3.33
2026-09-18,3033,威健,218000,0.13
2026-09-18,3034,聯詠,299000,2.35
2026-09-18,3045,台灣大,1142000,1.99
2026-09-18,4904,遠傳,1253000,1.88
2026-09-18,5871,中租-KY,802440,1.26
2026-09-18,5880,合庫金,5914218,2.27
2026-09-18,8422,可寧衛,481000,0.18
2026-09-18,9939,宏全,142000,0.25
2026-09-24,1102,亞泥,1305000,0.66
2026-09-24,1216,統一,2439000,2.59
2026-09-24,1402,遠東新,1970000,0.79
2026-09-24,2303,聯電,5968000,13.08
2026-09-24,2412,中華電,2577000,5.32
2026-09-24,2474,可成,280000,0.82
2026-09-24,2610,華航,1897000,0.55
2026-09-24,2618,長榮航,2346000,1.4
2026-09-24,2801,彰銀,4622881,1.83
2026-09-24,2812,台中銀,2421348,0.65
2026-09-24,2834,臺企銀,3985427,1.01
2026-09-24,2845,遠東銀,2314689,0.44
2026-09-24,2880,華南金,5387555,3.51
2026-09-24,2881,富邦金,5154000,11.01
2026-09-24,2882,國泰金,4948000,7.78
2026-09-24,2883,凱基金,8502000,4.71
2026-09-24,2884,玉山金,8100695,5.26
2026-09-24,2885,元大金,6731440,6.63
2026-09-24,2886,兆豐金,5988970,4.23
2026-09-24,2890,永豐金,7327967,4.71
2026-09-24,2891,中信金,9038000,8.81
2026-09-24,2892,第一金,5952927,3.35
2026-09-24,3033,威健,218000,0.13
2026-09-24,3034,聯詠,299000,2.31
2026-09-24,3045,台灣大,1142000,1.99
2026-09-24,4904,遠傳,1253000,1.88
2026-09-24,5871,中租-KY,802440,1.22
2026-09-24,5880,合庫金,5914218,2.23
2026-09-24,8422,可寧衛,481000,0.17
2026-09-24,9939,宏全,142000,0.25
