date,market,code,name,open,high,low,close,change,volume,value,transactions
2023-02-23,TWSE,0050,元大台灣50,117.95,119.80,117.95,119.40,1.75,6448658,768858699,8273
2023-02-23,TWSE,0051,元大中型100,56.00,56.65,56.00,56.55,0.75,25823,1458672,178
2023-02-23,TWSE,0052,富邦科技,103.80,105.70,103.80,105.60,2.15,237162,24955647,360
2023-02-23,TWSE,0053,元大電子,57.80,58.90,57.80,58.90,0.95,6769,396311,1019
2023-02-23,TWSE,0055,元大MSCI金融,22.55,22.62,22.51,22.62,0.10,139184,3143381,239
2023-02-23,TWSE,0056,元大高股息,27.40,27.78,27.40,27.74,0.34,36632142,1014757194,20520
2023-02-23,TWSE,0057,富邦摩台,86.45,86.90,86.45,86.90,1.25,3018,260818,1003
2023-02-23,TWSE,0061,元大寶滬深,19.71,19.71,19.58,19.58,-0.12,36500,716441,413
2023-02-23,TWSE,006203,元大MSCI台灣,57.40,57.90,57.40,57.90,1.15,5197,298740,942
2023-02-23,TWSE,006204,永豐臺灣加權,77.95,78.55,77.90,78.35,0.95,25521,1997290,926
2023-02-23,TWSE,006205,富邦上証,32.93,32.93,32.61,32.64,-0.23,789207,25827449,185
2023-02-23,TWSE,006206,元大上證50,31.51,31.55,31.27,31.27,-0.24,76667,2408397,48
2023-02-23,TWSE,006207,復華滬深,25.68,25.73,25.54,25.54,-0.14,402337,10313997,102
2023-02-23,TWSE,006208,富邦台50,68.15,69.30,68.15,69.05,1.00,1862629,128384839,2808
2023-02-23,TWSE,00625K,富邦上証+R,,,,,0.00,0,0,0
2023-02-23,TWSE,00631L,元大台灣50正2,110.80,113.75,110.80,113.10,3.30,3889281,437716415,2134
2023-02-23,TWSE,00632R,元大台灣50反1,5.37,5.38,5.31,5.33,-0.08,227296728,1214002585,12136
2023-02-23,TWSE,00633L,富邦上証正2,41.66,42.23,41.35,41.37,-0.50,10001636,416389939,2128
2023-02-23,TWSE,00634R,富邦上証反1,4.32,4.32,4.30,4.31,0.00,752000,3242660,17
2023-02-23,TWSE,00635U,期元大S&P黃金,23.33,23.36,23.32,23.35,-0.12,523678,12225886,183
2023-02-23,TWSE,00636,國泰中國A50,22.32,22.43,22.18,22.18,-0.18,1821729,40554528,817
2023-02-23,TWSE,00636K,國泰中國A50+U,7.33,7.33,7.33,7.33,0.00,200,1466,2
2023-02-23,TWSE,00637L,元大滬深300正2,16.41,16.65,16.31,16.32,-0.19,66325198,1089446665,8712
2023-02-23,TWSE,00638R,元大滬深300反1,9.08,9.08,9.02,9.06,0.02,164100,1485654,46
2023-02-23,TWSE,00639,富邦深100,13.43,13.49,13.36,13.37,-0.06,634718,8490347,1041
2023-02-23,TWSE,00640L,富邦日本正2,29.17,29.21,29.17,29.21,0.18,10125,295368,7
2023-02-23,TWSE,00641R,富邦日本反1,9.50,9.51,9.48,9.49,-0.02,377000,3577710,61
2023-02-23,TWSE,00642U,期元大S&P石油,15.73,15.76,15.66,15.76,-0.36,19401963,305046400,4340
2023-02-23,TWSE,00643,群益深証中小,15.56,15.56,15.44,15.46,-0.06,807492,12487618,1070
2023-02-23,TWSE,00643K,群益深証中小+R,,,,,0.00,0,0,0
2023-02-23,TWSE,00645,富邦日本,26.26,26.31,26.25,26.30,0.05,13121,344377,819
2023-02-23,TWSE,00646,元大S&P500,37.86,37.87,37.69,37.72,-0.12,841841,31785007,663
2023-02-23,TWSE,00647L,元大S&P500正2,53.15,53.30,53.10,53.25,0.15,465217,24756991,92
2023-02-23,TWSE,00648R,元大S&P500反1,7.26,7.27,7.24,7.24,-0.02,1552200,11259271,133
2023-02-23,TWSE,00650L,復華香港正2,14.16,14.38,14.05,14.12,-0.14,10411559,147552867,1423
2023-02-23,TWSE,00651R,復華香港反1,8.22,8.28,8.16,8.23,0.02,3577000,29276620,129
2023-02-23,TWSE,00652,富邦印度,28.79,28.85,28.51,28.71,-0.08,494658,14204411,404
2023-02-23,TWSE,00653L,富邦印度正2,42.14,42.14,41.39,41.80,-0.55,1405677,58845901,688
2023-02-23,TWSE,00654R,富邦印度反1,8.11,8.18,8.10,8.12,0.01,1061100,8611219,96
2023-02-23,TWSE,00655L,國泰中國A50正2,29.45,29.90,29.27,29.29,-0.39,2524156,74293183,767
2023-02-23,TWSE,00656R,國泰中國A50反1,8.11,8.14,8.08,8.13,0.05,446000,3618750,17
2023-02-23,TWSE,00657,國泰日經225,32.03,32.21,32.03,32.19,0.11,105000,3379740,6
2023-02-23,TWSE,00657K,國泰日經225+U,10.58,10.58,10.58,10.58,0.06,200,2116,2
2023-02-23,TWSE,00660,元大歐洲50,31.12,31.12,31.12,31.12,0.09,2723,84147,1003
2023-02-23,TWSE,00661,元大日經225,34.47,34.47,34.47,34.47,0.04,1998,67590,999
2023-02-23,TWSE,00662,富邦NASDAQ,47.57,47.70,47.53,47.58,0.19,424033,20179630,360
2023-02-23,TWSE,00663L,國泰臺灣加權正2,103.05,105.05,103.05,104.80,3.30,137059,14341336,18
2023-02-23,TWSE,00664R,國泰臺灣加權反1,6.08,6.08,5.99,6.02,-0.09,15535412,93498895,1168
2023-02-23,TWSE,00665L,富邦恒生國企正2,8.64,8.81,8.56,8.68,0.00,31297939,271762480,2623
2023-02-23,TWSE,00666R,富邦恒生國企反1,14.56,14.58,14.32,14.43,-0.03,342000,4927900,36
2023-02-23,TWSE,00668,國泰美國道瓊,36.69,36.70,36.56,36.57,-0.21,124972,4572781,557
2023-02-23,TWSE,00668K,國泰美國道瓊+U,12.03,12.03,12.03,12.03,-0.01,200,2406,2
2023-02-23,TWSE,00669R,國泰美國道瓊反1,8.04,8.05,8.02,8.02,0.00,18044200,144920682,703
2023-02-23,TWSE,00670L,富邦NASDAQ正2,58.35,58.70,58.25,58.70,0.80,3588129,210069891,1110
2023-02-23,TWSE,00671R,富邦NASDAQ反1,5.99,5.99,5.96,5.97,-0.04,12762560,76177646,631
2023-02-23,TWSE,00673R,期元大S&P原油反1,9.22,9.24,9.16,9.16,0.18,94442899,868864901,4133
2023-02-23,TWSE,00674R,期元大S&P黃金反1,12.93,12.95,12.91,12.91,0.04,1932000,24966590,109
2023-02-23,TWSE,00675L,富邦臺灣加權正2,44.54,45.65,44.54,45.43,1.28,1609154,72728424,629
2023-02-23,TWSE,00676R,富邦臺灣加權反1,3.35,3.35,3.30,3.32,-0.04,10600329,35169374,824
2023-02-23,TWSE,00678,群益那斯達克生技,25.74,25.74,25.63,25.65,-0.02,351254,9007271,884
2023-02-23,TWSE,00680L,元大美債20正2,11.11,11.13,11.09,11.11,0.11,5698832,63318184,964
2023-02-23,TWSE,00681R,元大美債20反1,18.66,18.67,18.63,18.65,-0.13,116000,2162880,36
2023-02-23,TWSE,00682U,期元大美元指數,20.79,20.81,20.74,20.76,0.01,281025,5838151,84
2023-02-23,TWSE,00683L,期元大美元指正2,22.05,22.08,21.98,21.99,0.04,2134015,46962919,304
2023-02-23,TWSE,00684R,期元大美元指反1,15.83,15.85,15.83,15.85,-0.03,6050,95770,3
2023-02-23,TWSE,00685L,群益臺灣加權正2,39.56,40.40,39.56,40.31,1.17,169216,6775968,83
2023-02-23,TWSE,00686R,群益臺灣加權反1,3.63,3.63,3.58,3.59,-0.05,965000,3485650,80
2023-02-23,TWSE,00688L,國泰20年美債正2,11.01,11.17,10.81,11.00,0.12,8968200,98626280,392
2023-02-23,TWSE,00689R,國泰20年美債反1,19.34,19.34,19.31,19.31,-0.15,13000,251250,12
2023-02-23,TWSE,00690,兆豐藍籌30,27.34,27.54,27.34,27.44,0.32,236040,6484906,994
2023-02-23,TWSE,00692,富邦公司治理,29.27,29.65,29.27,29.54,0.34,2016467,59525964,1226
2023-02-23,TWSE,00693U,期街口S&P黃豆,27.44,27.44,27.37,27.38,-0.27,45000,1232580,18
2023-02-23,TWSE,00700,富邦恒生國企,13.12,13.16,13.01,13.07,-0.03,102106,1335416,1012
2023-02-23,TWSE,00701,國泰股利精選30,22.45,22.60,22.45,22.57,0.12,1129101,25469972,602
2023-02-23,TWSE,00702,國泰標普低波高息,21.32,21.32,21.25,21.28,-0.12,142061,3022942,719
2023-02-23,TWSE,00703,台新MSCI中國,16.49,16.56,16.36,16.50,-0.01,21200,348520,18
2023-02-23,TWSE,00706L,期元大S&P日圓正2,9.73,9.74,9.71,9.72,0.02,1380302,13423513,238
2023-02-23,TWSE,00707R,期元大S&P日圓反1,24.30,24.30,24.23,24.23,-0.05,7000,169720,4
2023-02-23,TWSE,00708L,期元大S&P黃金正2,24.43,24.51,24.38,24.46,-0.21,911574,22271596,209
2023-02-23,TWSE,00709,富邦歐洲,24.22,24.22,24.17,24.20,0.01,130962,3166624,976
2023-02-23,TWSE,00710B,復華彭博非投等債,17.75,17.77,17.68,17.69,-0.03,285844,5061501,178
2023-02-23,TWSE,00711B,復華彭博新興債,15.82,15.82,15.78,15.80,-0.03,158749,2507165,764
2023-02-23,TWSE,00712,復華富時不動產,10.51,10.51,10.47,10.49,-0.02,13038299,136673815,5655
2023-02-23,TWSE,00713,元大台灣高息低波,39.01,39.19,39.01,39.14,0.26,6171377,241371483,2661
2023-02-23,TWSE,00714,群益道瓊美國地產,19.21,19.21,18.96,18.97,-0.23,799864,15205536,591
2023-02-23,TWSE,00715L,期街口布蘭特正2,13.84,13.90,13.70,13.90,-0.51,84301615,1163675798,10680
2023-02-23,TWSE,00717,富邦美國特別股,15.09,15.16,15.01,15.03,0.01,234118,3524486,854
2023-02-23,TWSE,00728,第一金工業30,23.10,23.49,23.10,23.38,0.32,627412,14660017,702
2023-02-23,TWSE,00730,富邦臺灣優質高息,18.71,18.95,18.71,18.95,0.25,478953,9059807,287
2023-02-23,TWSE,00731,復華富時高息低波,56.10,56.45,56.10,56.30,0.25,1132902,63883209,176
2023-02-23,TWSE,00732,國泰RMB短期報酬,40.46,40.46,40.46,40.46,-0.14,100010,4046405,5
2023-02-23,TWSE,00733,富邦臺灣中小,35.93,36.35,35.93,36.30,0.47,190707,6912576,223
2023-02-23,TWSE,00735,國泰臺韓科技,26.40,26.40,26.40,26.40,0.27,104066,2746299,1003
2023-02-23,TWSE,00736,國泰新興市場,19.42,19.50,19.42,19.49,0.09,106420,2075299,1003
2023-02-23,TWSE,00737,國泰AI機器人,27.15,27.26,27.15,27.16,0.23,81597,2217396,878
2023-02-23,TWSE,00738U,期元大道瓊白銀,21.38,21.45,21.37,21.41,-0.22,342050,7323392,119
2023-02-23,TWSE,00739,元大MSCI A股,24.11,24.16,23.98,23.98,-0.20,65365,1572729,904
2023-02-23,TWSE,00752,中信中國50,18.98,19.18,18.83,18.96,-0.04,2466802,46845100,1261
2023-02-23,TWSE,00753L,中信中國50正2,11.70,11.94,11.61,11.74,-0.02,14846230,174684038,2625
2023-02-23,TWSE,00757,統一FANG+,40.26,40.72,40.26,40.62,0.55,359827,14621899,455
2023-02-23,TWSE,00762,元大全球AI,34.70,34.76,34.69,34.71,0.13,179960,6250660,192
2023-02-23,TWSE,00763U,期街口道瓊銅,26.46,26.46,26.32,26.35,-0.13,19000,501490,13
2023-02-23,TWSE,00770,國泰北美科技,26.95,27.05,26.95,27.00,0.10,381734,10311509,511
2023-02-23,TWSE,00771,元大US高息特別股,16.93,16.93,16.80,16.82,0.03,51993,874897,906
2023-02-23,TWSE,00775B,台新投等債15+,32.62,32.62,32.61,32.62,-0.09,52644,1716348,648
2023-02-23,TWSE,00783,富邦中証500,21.78,21.78,21.48,21.48,-0.13,134987,2908708,999
2023-02-23,TWSE,00830,國泰費城半導體,26.01,26.26,26.01,26.26,0.38,3876889,101558361,1162
2023-02-23,TWSE,00850,元大臺灣ESG永續,30.53,30.92,30.53,30.86,0.39,462369,14232467,488
2023-02-23,TWSE,00851,台新全球AI,25.70,25.71,25.62,25.62,0.27,83041,2131657,1034
2023-02-23,TWSE,00852L,國泰美國道瓊正2,18.81,18.83,18.79,18.83,-0.06,1310296,24659342,205
2023-02-23,TWSE,00861,元大全球未來通訊,27.72,27.74,27.67,27.67,-0.04,162672,4510755,124
2023-02-23,TWSE,00865B,國泰US短期公債,40.16,40.16,39.95,39.95,-0.20,119219,4764660,765
2023-02-23,TWSE,00875,國泰網路資安,25.74,25.77,25.68,25.68,0.16,245381,6314181,121
2023-02-23,TWSE,00876,元大全球5G,26.56,26.63,26.55,26.60,0.00,305810,8133253,379
2023-02-23,TWSE,00878,國泰永續高股息,17.07,17.20,17.07,17.17,0.11,59714013,1024904219,16941
2023-02-23,TWSE,00881,國泰台灣科技龍頭,14.67,14.88,14.66,14.84,0.23,8579932,127154873,2417
2023-02-23,TWSE,00882,中信中國高股息,12.31,12.32,12.24,12.26,-0.05,13921113,170896472,4372
2023-02-23,TWSE,00885,富邦越南,11.46,11.52,11.39,11.40,-0.14,34877642,398725347,9712
2023-02-23,TWSE,00891,中信關鍵半導體,12.70,12.99,12.70,12.94,0.32,9358171,120808556,3453
2023-02-23,TWSE,00892,富邦台灣半導體,11.76,12.03,11.76,11.97,0.29,5686737,67977655,2572
2023-02-23,TWSE,00893,國泰智能電動車,13.18,13.33,13.18,13.32,0.31,21392985,284218198,5545
2023-02-23,TWSE,00894,中信小資高價30,13.05,13.26,13.05,13.23,0.28,1983037,26196147,510
2023-02-23,TWSE,00895,富邦未來車,14.26,14.50,14.26,14.48,0.37,4131016,59705845,853
2023-02-23,TWSE,00896,中信綠能及電動車,14.24,14.40,14.24,14.35,0.15,1874504,26904999,752
2023-02-23,TWSE,00897,富邦基因免疫生技,8.13,8.16,8.13,8.15,0.09,1633722,13304826,265
2023-02-23,TWSE,00898,國泰基因免疫革命,7.39,7.42,7.38,7.40,0.04,367730,2719377,176
2023-02-23,TWSE,00899,FT潔淨能源,22.19,22.19,22.11,22.13,-0.11,231579,5125398,235
2023-02-23,TWSE,00900,富邦特選高股息30,11.20,11.40,11.20,11.36,0.18,13766926,156369089,3481
2023-02-23,TWSE,00901,永豐智能車供應鏈,12.69,12.87,12.69,12.84,0.22,586785,7518200,242
2023-02-23,TWSE,00902,中信電池及儲能,12.79,12.81,12.72,12.77,0.02,5368090,68541644,1714
2023-02-23,TWSE,00903,富邦元宇宙,9.48,9.52,9.46,9.51,0.08,5907895,56104883,670
2023-02-23,TWSE,00904,台新臺灣半導體30,11.97,12.23,11.97,12.17,0.29,1113303,13543189,295
2023-02-23,TWSE,00905,FT臺灣Smart,8.87,8.99,8.87,8.96,0.10,3853737,34495904,939
2023-02-23,TWSE,00906,大華元宇宙科技50,9.90,9.91,9.90,9.91,0.10,13360,132392,9
2023-02-23,TWSE,00907,永豐優息存股,14.85,14.90,14.82,14.88,0.06,1662318,24716107,496
2023-02-23,TWSE,00908,富邦入息REITs+,13.37,13.37,13.30,13.33,-0.11,1348538,17972165,541
2023-02-23,TWSE,00909,國泰數位支付服務,17.32,17.34,17.29,17.30,0.16,196531,3404116,103
2023-02-23,TWSE,00910,第一金太空衛星,16.13,16.13,15.88,15.90,0.12,107736,1715154,178
2023-02-23,TWSE,00911,兆豐洲際半導體,16.63,16.69,16.50,16.69,0.20,161016,2680146,13
2023-02-23,TWSE,00912,中信臺灣智慧50,14.75,15.00,14.75,14.95,0.22,1184955,17682228,332
2023-02-23,TWSE,00913,兆豐台灣晶圓製造,16.30,16.43,16.27,16.43,0.37,124667,2029710,40
2023-02-23,TWSE,00915,凱基優選高股息30,16.26,16.39,16.26,16.34,0.11,295144,4824126,257
2023-02-23,TWSE,00916,國泰全球品牌50,15.17,15.17,15.12,15.13,-0.03,666092,10086015,513
2023-02-23,TWSE,00917,中信特選金融,15.57,15.57,15.52,15.52,-0.11,1595569,24797246,194
2023-02-23,TWSE,00918,大華優利高填息30,16.43,16.66,16.43,16.64,0.22,515557,8554397,184
2023-02-23,TWSE,00919,群益台灣精選高息,18.29,18.56,18.19,18.49,0.38,3056830,56492174,1601
2023-02-23,TWSE,00920,富邦ESG綠色電力,16.24,16.24,16.22,16.24,-0.13,463722,7530291,184
2023-02-23,TWSE,00921,兆豐龍頭等權重,15.80,16.00,15.80,15.92,0.17,726584,11562475,264
2023-02-23,TWSE,01001T,土銀富邦R1,15.70,15.70,15.65,15.66,-0.04,10000,156650,7
2023-02-23,TWSE,01002T,土銀國泰R1,17.81,18.01,17.81,17.99,0.17,133000,2375000,30
2023-02-23,TWSE,01003T,兆豐新光R1,20.73,20.73,20.40,20.51,-0.19,522150,10742155,53
2023-02-23,TWSE,01004T,土銀富邦R2,,,,,0.00,0,0,0
2023-02-23,TWSE,01007T,兆豐國泰R2,17.73,17.73,17.72,17.72,-0.01,12000,212720,8
2023-02-23,TWSE,01009T,王道圓滿R1,8.56,8.56,8.56,8.56,0.06,1000,8560,1
2023-02-23,TWSE,01010T,京城樂富R1,10.04,10.06,10.03,10.06,0.02,100765,1012073,23
2023-02-23,TWSE,020000,富邦特選蘋果N,,,,,0.00,0,0,0
2023-02-23,TWSE,020002,元富新中國N,13.46,13.46,13.46,13.46,0.00,2000,26920,1
2023-02-23,TWSE,020007,凱基臺灣500N,,,,,0.00,0,0,0
2023-02-23,TWSE,020011,統一微波高息20N,7.19,7.19,7.19,7.19,0.00,5000,35950,1
2023-02-23,TWSE,020012,富邦行動通訊N,6.68,6.73,6.68,6.73,0.00,4000,26830,4
2023-02-23,TWSE,020015,統一MSCI美低波N,,,,,0.00,0,0,0
2023-02-23,TWSE,020016,統一MSCI美科技N,,,,,0.00,0,0,0
2023-02-23,TWSE,020018,統一價值成長30N,16.00,16.09,16.00,16.06,0.26,227000,3652170,4
2023-02-23,TWSE,020019,統一特選台灣5GN,12.72,12.72,12.72,12.72,0.00,220000,2798400,1
2023-02-23,TWSE,02001L,富邦蘋果正二N,9.68,9.73,9.65,9.72,0.14,89000,861970,5
2023-02-23,TWSE,02001R,富邦蘋果反一N,2.86,2.86,2.85,2.85,-0.03,6000,17150,2
2023-02-23,TWSE,02001S,策元大加權策略N,5.10,5.11,5.10,5.11,0.05,2000,10210,2
2023-02-23,TWSE,020020,元大台股領航N,6.66,6.71,6.65,6.70,0.10,217000,1449360,33
2023-02-23,TWSE,020022,元大電動車N,5.43,5.49,5.43,5.49,0.07,810000,4435280,115
2023-02-23,TWSE,020028,元大特選電動車N,5.27,5.29,5.26,5.29,0.06,366000,1934540,58
2023-02-23,TWSE,020029,元大ESG高股息N,4.85,4.88,4.85,4.88,0.07,122000,594540,32
2023-02-23,TWSE,020030,統一智慧電動車N,4.17,4.19,4.17,4.19,0.04,53000,221950,12
2023-02-23,TWSE,020031,統一IC設計臺灣N,4.10,4.22,4.10,4.18,0.11,1070000,4472800,84
2023-02-23,TWSE,020032,元大綠能N,5.34,5.34,5.33,5.33,0.01,48000,256070,15
2023-02-23,TWSE,020034,元大IC設計N,5.10,5.26,5.10,5.23,0.22,606000,3155370,114
2023-02-23,TWSE,1101,台泥,38.50,39.70,38.40,39.50,1.45,47953951,1886677218,25543
2023-02-23,TWSE,1101B,台泥乙特,48.45,48.50,48.45,48.50,0.10,158402,7677963,21
2023-02-23,TWSE,1102,亞泥,44.05,44.80,43.85,44.50,0.50,5721050,254603844,3143
2023-02-23,TWSE,1103,嘉泥,20.90,21.05,20.70,20.85,0.10,2217613,46339964,1178
2023-02-23,TWSE,1104,環泥,24.10,24.40,24.10,24.35,0.25,610832,14848424,376
2023-02-23,TWSE,1108,幸福,13.90,14.65,13.80,14.65,1.30,15649445,225267390,5658
2023-02-23,TWSE,1109,信大,17.35,17.40,17.10,17.20,0.05,381788,6576445,193
2023-02-23,TWSE,1110,東泥,17.70,17.95,17.65,17.70,0.05,224259,3982382,144
2023-02-23,TWSE,1201,味全,20.10,20.35,20.10,20.35,0.20,304555,6174782,373
2023-02-23,TWSE,1203,味王,36.20,36.95,36.20,36.90,0.70,19846,728536,132
2023-02-23,TWSE,1210,大成,49.40,50.70,49.40,49.55,0.50,4848697,242726743,3823
2023-02-23,TWSE,1213,大飲,7.20,7.20,7.02,7.07,-0.17,24000,170090,17
2023-02-23,TWSE,1215,卜蜂,79.10,79.60,79.10,79.50,0.60,545024,43250240,693
2023-02-23,TWSE,1216,統一,66.80,67.50,66.50,67.20,0.60,9341274,627660434,4769
2023-02-23,TWSE,1217,愛之味,11.50,11.60,11.45,11.55,0.10,2934435,33796963,1063
2023-02-23,TWSE,1218,泰山,30.55,30.80,30.50,30.60,0.15,2679364,82034384,1358
2023-02-23,TWSE,1219,福壽,20.45,20.70,20.45,20.50,0.05,1868909,38466382,819
2023-02-23,TWSE,1220,台榮,16.00,16.15,15.95,15.95,0.00,526536,8434595,259
2023-02-23,TWSE,1225,福懋油,57.60,57.70,57.40,57.70,0.10,6454,371271,23
2023-02-23,TWSE,1227,佳格,41.45,41.65,41.40,41.45,0.00,401569,16677229,398
2023-02-23,TWSE,1229,聯華,53.90,54.60,53.80,54.30,0.50,636274,34605450,851
2023-02-23,TWSE,1231,聯華食,84.60,84.90,84.40,84.60,0.00,116950,9901758,234
2023-02-23,TWSE,1232,大統益,146.50,147.50,145.50,147.50,1.50,51223,7513954,182
2023-02-23,TWSE,1233,天仁,33.60,34.00,33.55,33.95,0.40,12341,416345,18
2023-02-23,TWSE,1234,黑松,34.65,34.95,34.65,34.85,0.25,270578,9430624,270
2023-02-23,TWSE,1235,興泰,68.20,68.20,68.20,68.20,0.00,1230,83891,7
2023-02-23,TWSE,1236,宏亞,24.70,25.30,24.70,24.80,0.45,861827,21517955,516
2023-02-23,TWSE,1256,鮮活果汁-KY,327.50,334.50,324.50,324.50,-0.50,131618,43267250,363
2023-02-23,TWSE,1301,台塑,91.70,91.70,91.30,91.30,-0.40,5294261,483906954,4023
2023-02-23,TWSE,1303,南亞,76.20,76.60,75.60,76.10,0.10,4216620,321650183,2485
2023-02-23,TWSE,1304,台聚,25.20,25.25,25.10,25.10,-0.10,1132208,28473099,740
2023-02-23,TWSE,1305,華夏,28.55,28.60,28.15,28.25,-0.20,1860469,52757211,998
2023-02-23,TWSE,1307,三芳,21.05,21.05,20.85,20.90,0.10,92304,1932123,62
2023-02-23,TWSE,1308,亞聚,29.25,29.45,29.10,29.30,0.05,1090409,31930655,692
2023-02-23,TWSE,1309,台達化,23.00,23.20,23.00,23.10,0.10,676427,15638048,403
2023-02-23,TWSE,1310,台苯,14.15,14.15,14.05,14.10,0.05,398679,5625522,429
2023-02-23,TWSE,1312,國喬,19.85,20.10,19.85,19.95,0.10,2517036,50325256,976
2023-02-23,TWSE,1312A,國喬特,28.40,28.40,27.90,27.90,0.00,5000,141000,3
2023-02-23,TWSE,1313,聯成,15.60,15.80,15.60,15.60,0.00,1441078,22584101,586
2023-02-23,TWSE,1314,中石化,10.30,10.45,10.30,10.40,0.10,8992999,93496093,2419
2023-02-23,TWSE,1315,達新,72.10,72.40,72.00,72.40,0.30,28613,2066697,34
2023-02-23,TWSE,1316,上曜,12.15,12.30,12.10,12.15,0.00,991768,12111429,530
2023-02-23,TWSE,1319,東陽,43.60,44.45,43.60,44.35,0.80,2608067,115153791,1764
2023-02-23,TWSE,1321,大洋,36.75,37.20,36.50,36.80,-0.20,320237,11793847,203
2023-02-23,TWSE,1323,永裕,33.50,33.50,33.30,33.40,-0.10,21471,716922,43
2023-02-23,TWSE,1324,地球,11.15,11.25,11.15,11.25,0.15,74353,831450,63
2023-02-23,TWSE,1325,恆大,23.90,24.20,23.90,24.05,0.15,191154,4593787,181
2023-02-23,TWSE,1326,台化,71.60,72.20,71.20,71.90,0.30,2722415,195524097,1515
2023-02-23,TWSE,1337,再生-KY,7.21,7.34,7.20,7.20,0.02,635209,4603331,468
2023-02-23,TWSE,1338,廣華-KY,47.00,47.00,46.60,46.65,-0.10,64132,2994313,159
2023-02-23,TWSE,1339,昭輝,42.60,42.85,42.60,42.85,0.20,110301,4714430,87
2023-02-23,TWSE,1340,勝悅-KY,10.80,11.35,10.80,11.15,0.40,507618,5634177,445
2023-02-23,TWSE,1341,富林-KY,68.30,68.40,67.80,68.40,0.10,15256,1037579,30
2023-02-23,TWSE,1342,八貫,162.00,162.50,157.00,161.50,0.50,8224747,1316677596,6349
2023-02-23,TWSE,1402,遠東新,32.10,32.55,32.10,32.45,0.30,4611077,149352816,1978
2023-02-23,TWSE,1409,新纖,18.20,18.25,18.15,18.15,0.00,1870291,34005434,1004
2023-02-23,TWSE,1410,南染,40.35,40.45,40.15,40.40,0.25,35121,1414675,53
2023-02-23,TWSE,1413,宏洲,9.50,9.55,9.49,9.55,0.05,157001,1493309,25
2023-02-23,TWSE,1414,東和,18.05,18.10,17.95,18.00,-0.05,291635,5248390,198
2023-02-23,TWSE,1416,廣豐,10.95,11.15,10.90,10.90,-0.05,577202,6330311,228
2023-02-23,TWSE,1417,嘉裕,14.50,14.60,14.30,14.35,-0.15,1624330,23426579,843
2023-02-23,TWSE,1418,東華,14.00,14.00,13.90,14.00,0.00,33122,461928,47
2023-02-23,TWSE,1419,新紡,40.80,41.10,40.80,41.00,0.30,112545,4608995,70
2023-02-23,TWSE,1423,利華,20.25,20.30,20.25,20.30,-0.05,41169,834135,41
2023-02-23,TWSE,1432,大魯閣,18.90,19.80,18.90,19.15,0.35,1954196,37656055,1735
2023-02-23,TWSE,1434,福懋,27.40,27.55,27.40,27.45,0.10,1021845,28068417,698
2023-02-23,TWSE,1436,華友聯,54.40,54.50,54.40,54.40,-0.30,23134,1258420,28
2023-02-23,TWSE,1437,勤益控,31.00,31.40,30.75,31.00,0.05,1438909,44666838,915
2023-02-23,TWSE,1438,三地開發,33.20,33.25,32.70,33.00,0.00,136598,4505160,113
2023-02-23,TWSE,1439,雋揚,23.45,23.65,23.20,23.40,-0.05,76521,1792341,77
2023-02-23,TWSE,1440,南紡,17.70,17.90,17.65,17.80,0.15,1927059,34366520,797
2023-02-23,TWSE,1441,大東,8.17,8.22,8.16,8.16,0.02,58006,475181,105
2023-02-23,TWSE,1442,名軒,32.00,32.00,31.35,31.80,-0.10,1507896,47670260,546
2023-02-23,TWSE,1443,立益物流,30.80,32.70,30.40,31.30,1.10,571107,17927070,420
2023-02-23,TWSE,1444,力麗,10.55,11.35,10.55,10.95,0.45,26401136,289582990,6406
2023-02-23,TWSE,1445,大宇,15.90,15.95,15.85,15.95,0.05,121543,1932078,40
2023-02-23,TWSE,1446,宏和,31.75,32.65,31.75,32.40,0.65,147766,4770769,105
2023-02-23,TWSE,1447,力鵬,8.26,8.54,8.26,8.54,0.32,4899347,41416309,1645
2023-02-23,TWSE,1449,佳和,15.45,15.60,15.35,15.45,0.10,213877,3319623,218
2023-02-23,TWSE,1451,年興,23.45,23.50,23.30,23.50,0.15,313802,7347700,139
2023-02-23,TWSE,1452,宏益,18.00,18.10,18.00,18.00,0.00,125374,2260612,97
2023-02-23,TWSE,1453,大將,16.55,16.75,16.55,16.55,0.00,278804,4633809,188
2023-02-23,TWSE,1454,台富,13.05,13.15,12.95,13.05,0.00,98042,1281233,52
2023-02-23,TWSE,1455,集盛,11.00,11.15,10.95,11.10,0.15,1103302,12198264,456
2023-02-23,TWSE,1456,怡華,15.10,15.20,15.05,15.20,0.10,47077,713262,42
2023-02-23,TWSE,1457,宜進,19.10,19.15,19.00,19.15,0.05,178916,3415467,104
2023-02-23,TWSE,1459,聯發,8.55,8.64,8.55,8.61,0.07,31001,267037,82
2023-02-23,TWSE,1460,宏遠,7.27,7.40,7.27,7.34,0.04,428224,3148139,195
2023-02-23,TWSE,1463,強盛新,15.00,15.15,14.95,15.00,0.05,135405,2036589,76
2023-02-23,TWSE,1464,得力,14.30,14.35,14.20,14.35,0.05,269666,3864654,302
2023-02-23,TWSE,1465,偉全,13.90,14.00,13.90,14.00,0.05,24425,341027,34
2023-02-23,TWSE,1466,聚隆,11.65,11.80,11.60,11.70,0.10,61534,718025,72
2023-02-23,TWSE,1467,南緯,11.60,11.65,11.55,11.55,0.00,481505,5579429,213
2023-02-23,TWSE,1468,昶和,14.10,14.10,13.95,14.10,0.05,39001,548113,38
2023-02-23,TWSE,1470,大統新創,18.75,18.95,18.75,18.85,-0.10,31981,599580,46
2023-02-23,TWSE,1471,首利,7.77,7.90,7.77,7.89,0.12,540896,4234275,260
2023-02-23,TWSE,1472,三洋實業,30.00,30.55,30.00,30.25,0.20,21005,636784,25
2023-02-23,TWSE,1473,台南,25.95,26.20,25.75,25.85,0.05,1016633,26412510,467
2023-02-23,TWSE,1474,弘裕,12.25,12.55,12.25,12.30,0.10,474913,5883683,243
2023-02-23,TWSE,1475,業旺,69.00,70.20,69.00,69.90,0.20,85000,5916600,75
2023-02-23,TWSE,1476,儒鴻,492.50,493.00,486.50,488.50,-3.50,403375,197681513,626
2023-02-23,TWSE,1477,聚陽,219.50,221.50,218.00,218.50,-1.00,1508616,331075366,1059
2023-02-23,TWSE,1503,士電,82.00,85.60,81.80,82.50,0.20,6839573,571918611,4959
2023-02-23,TWSE,1504,東元,30.55,31.25,30.20,30.95,0.70,17300908,534836520,5361
2023-02-23,TWSE,1506,正道,23.45,23.55,22.40,22.85,-0.40,2529098,57828382,1404
2023-02-23,TWSE,1512,瑞利,5.78,5.78,5.74,5.75,-0.03,670206,3852418,240
2023-02-23,TWSE,1513,中興電,94.50,97.40,94.50,95.70,1.50,30088681,2890455066,19066
2023-02-23,TWSE,1514,亞力,41.00,41.80,39.60,40.15,-0.40,32376418,1318874410,18158
2023-02-23,TWSE,1515,力山,32.10,32.20,31.70,31.80,-0.25,400112,12748070,321
2023-02-23,TWSE,1516,川飛,20.90,20.90,20.65,20.75,-0.05,192191,3992513,191
2023-02-23,TWSE,1517,利奇,20.70,20.90,20.60,20.65,-0.05,569747,11807476,440
2023-02-23,TWSE,1519,華城,64.50,64.70,63.30,64.30,-0.50,14075074,899879018,8570
2023-02-23,TWSE,1521,大億,37.65,37.70,36.95,37.60,0.75,64827,2433983,63
2023-02-23,TWSE,1522,堤維西,29.00,29.15,28.65,28.75,-0.20,2545806,73434661,1550
2023-02-23,TWSE,1522A,堤維西甲特,44.95,45.10,44.95,45.10,0.15,4143,186476,7
2023-02-23,TWSE,1524,耿鼎,25.55,25.65,25.20,25.25,-0.15,2883918,73026658,1632
2023-02-23,TWSE,1525,江申,61.50,61.80,61.10,61.70,0.30,72099,4430973,67
2023-02-23,TWSE,1526,日馳,42.60,42.80,42.40,42.60,0.10,165221,7032705,220
2023-02-23,TWSE,1527,鑽全,43.25,43.90,43.25,43.70,0.45,535706,23415951,477
2023-02-23,TWSE,1528,恩德,10.80,11.00,10.80,10.80,0.00,1061794,11550820,408
2023-02-23,TWSE,1529,樂事綠能,25.10,25.35,24.65,24.65,-0.50,3872951,96531326,1934
2023-02-23,TWSE,1530,亞崴,31.90,32.30,31.90,32.25,0.40,45175,1451903,60
2023-02-23,TWSE,1531,高林股,14.50,14.50,14.40,14.45,0.10,77697,1123512,163
2023-02-23,TWSE,1532,勤美,32.00,32.60,32.00,32.40,0.60,1799215,58381666,705
2023-02-23,TWSE,1533,車王電,52.10,55.00,51.80,53.50,1.70,1463583,78440694,985
2023-02-23,TWSE,1535,中宇,47.20,48.35,47.20,47.20,0.50,852575,40602842,643
2023-02-23,TWSE,1536,和大,72.50,73.30,72.50,72.80,0.30,804230,58681851,598
2023-02-23,TWSE,1537,廣隆,139.50,140.50,139.50,140.50,1.00,44772,6268529,88
2023-02-23,TWSE,1538,正峰,8.99,8.99,8.99,8.99,0.69,3275,29061,23
2023-02-23,TWSE,1539,巨庭,29.65,30.40,29.50,30.00,0.60,861179,25906388,542
2023-02-23,TWSE,1540,喬福,17.10,17.25,17.05,17.15,0.10,524235,8988469,275
2023-02-23,TWSE,1541,錩泰,38.25,39.00,38.10,38.35,0.40,96308,3719818,99
2023-02-23,TWSE,1558,伸興,121.50,122.50,121.00,122.00,1.00,99111,12086208,140
2023-02-23,TWSE,1560,中砂,115.00,117.00,114.50,116.50,2.00,1655720,192461296,1387
2023-02-23,TWSE,1568,倉佑,24.35,24.55,24.30,24.40,0.15,309620,7560094,164
2023-02-23,TWSE,1582,信錦,61.60,61.60,61.20,61.40,0.20,122534,7516376,166
2023-02-23,TWSE,1583,程泰,62.00,62.50,62.00,62.30,0.30,12100,753600,14
2023-02-23,TWSE,1587,吉茂,22.65,22.75,22.60,22.65,0.10,68591,1554082,53
2023-02-23,TWSE,1589,永冠-KY,70.50,71.80,70.20,70.50,0.00,1078775,76390458,758
2023-02-23,TWSE,1590,亞德客-KY,1110.00,1115.00,1085.00,1090.00,-20.00,538249,590010655,653
2023-02-23,TWSE,1597,直得,76.80,77.00,76.40,76.80,0.30,57312,4393380,161
2023-02-23,TWSE,1598,岱宇,49.65,49.85,48.30,48.70,-0.80,582094,28406355,484
2023-02-23,TWSE,1603,華電,26.50,26.70,26.30,26.35,0.05,441698,11684476,232
2023-02-23,TWSE,1604,聲寶,26.85,26.95,26.80,26.95,0.20,230879,6208329,234
2023-02-23,TWSE,1605,華新,57.50,58.20,57.30,57.30,0.00,34817747,2007386642,15462
2023-02-23,TWSE,1608,華榮,15.75,15.95,15.70,15.75,0.05,1058204,16719631,526
2023-02-23,TWSE,1609,大亞,24.90,25.15,24.55,24.60,-0.30,9259796,229338472,4582
2023-02-23,TWSE,1611,中電,14.55,14.65,14.50,14.50,0.05,760523,11058237,470
2023-02-23,TWSE,1612,宏泰,19.05,19.25,19.05,19.20,0.15,709330,13584894,421
2023-02-23,TWSE,1614,三洋電,37.00,37.15,36.90,36.90,0.10,10289,380059,21
2023-02-23,TWSE,1615,大山,32.45,32.50,31.90,32.40,0.10,97500,3149601,94
2023-02-23,TWSE,1616,億泰,8.21,8.25,8.01,8.18,-0.01,168949,1382038,125
2023-02-23,TWSE,1617,榮星,14.90,14.90,14.75,14.80,-0.05,59055,874525,38
2023-02-23,TWSE,1618,合機,15.00,15.15,14.95,15.05,0.00,293826,4423852,154
2023-02-23,TWSE,1626,艾美特-KY,17.70,17.75,17.55,17.70,0.20,61424,1085157,89
2023-02-23,TWSE,1701,中化,27.85,28.30,27.80,28.25,0.55,7903795,221792407,3682
2023-02-23,TWSE,1702,南僑,46.00,46.50,45.85,46.25,0.35,335551,15503600,300
2023-02-23,TWSE,1707,葡萄王,178.50,185.00,178.50,180.50,2.50,1772862,322839904,4278
2023-02-23,TWSE,1708,東鹼,42.15,42.80,42.10,42.55,0.70,3238817,137803657,1950
2023-02-23,TWSE,1709,和益,24.50,24.70,24.25,24.45,0.00,3302920,80757343,1633
2023-02-23,TWSE,1710,東聯,18.85,19.05,18.85,19.00,0.15,772573,14658375,346
2023-02-23,TWSE,1711,永光,18.90,19.10,18.90,19.10,0.20,644275,12266613,425
2023-02-23,TWSE,1712,興農,39.40,40.10,39.40,39.90,0.60,1776395,70878003,1150
2023-02-23,TWSE,1713,國化,25.75,26.00,25.75,25.80,0.20,55467,1430977,64
2023-02-23,TWSE,1714,和桐,8.94,8.99,8.89,8.90,0.02,1625423,14513857,606
2023-02-23,TWSE,1717,長興,32.25,32.60,32.25,32.40,0.15,1025723,33316859,720
2023-02-23,TWSE,1718,中纖,8.73,8.77,8.72,8.74,0.02,2044539,17869759,678
2023-02-23,TWSE,1720,生達,57.50,58.30,57.40,58.10,0.60,1080674,62495480,759
2023-02-23,TWSE,1721,國慶科技,15.15,15.50,15.10,15.30,0.20,2979900,45825811,1054
2023-02-23,TWSE,1722,台肥,57.50,58.10,57.30,57.80,0.70,1508417,87144254,1072
2023-02-23,TWSE,1723,中碳,112.50,113.00,112.00,112.50,0.00,243658,27426577,280
2023-02-23,TWSE,1725,元禎,21.10,21.25,20.95,21.25,0.15,65001,1372371,37
2023-02-23,TWSE,1726,永記,71.90,72.00,71.80,72.00,0.20,15512,1114672,18
2023-02-23,TWSE,1727,中華化,26.90,27.05,26.70,26.85,-0.05,225983,6078157,161
2023-02-23,TWSE,1730,花仙子,55.30,55.40,52.60,55.40,0.10,87602,4768181,129
2023-02-23,TWSE,1731,美吾華,19.70,19.70,19.65,19.65,0.00,121651,2393966,88
2023-02-23,TWSE,1732,毛寶,29.20,29.50,29.10,29.20,0.05,192203,5633194,207
2023-02-23,TWSE,1733,五鼎,26.00,26.30,25.95,26.20,0.20,212416,5544221,158
2023-02-23,TWSE,1734,杏輝,31.80,31.95,31.50,31.85,0.05,1175292,37271330,794
2023-02-23,TWSE,1735,日勝化,15.00,15.00,15.00,15.00,0.10,7221,108487,22
2023-02-23,TWSE,1736,喬山,70.00,70.50,69.70,69.70,-0.10,521847,36479971,465
2023-02-23,TWSE,1737,臺鹽,33.30,33.70,33.20,33.30,0.10,403490,13482509,335
2023-02-23,TWSE,1752,南光,58.30,58.60,57.50,58.00,-0.50,1987794,114947098,1454
2023-02-23,TWSE,1760,寶齡富錦,160.50,166.00,160.50,165.00,4.50,2597536,425598507,2217
2023-02-23,TWSE,1762,中化生,68.40,69.60,67.70,69.00,1.10,2264758,155910169,1400
2023-02-23,TWSE,1773,勝一,119.50,124.00,118.00,122.00,-8.50,2602661,315816880,2683
2023-02-23,TWSE,1776,展宇,17.00,17.00,16.90,16.95,-0.05,96372,1630718,65
2023-02-23,TWSE,1783,和康生,63.90,64.20,62.40,62.70,-1.20,3187325,201285317,2263
2023-02-23,TWSE,1786,科妍,63.50,65.40,63.10,64.50,1.50,1134906,73092683,941
2023-02-23,TWSE,1789,神隆,25.90,26.50,25.85,26.35,0.50,1028128,27052511,613
2023-02-23,TWSE,1795,美時,279.00,286.50,278.50,285.00,8.50,8052931,2278895905,6322
2023-02-23,TWSE,1802,台玻,23.40,23.65,23.35,23.55,0.30,2180559,51267896,1141
2023-02-23,TWSE,1805,寶徠,10.75,10.80,10.65,10.65,0.00,16279,173821,14
2023-02-23,TWSE,1806,冠軍,9.11,9.17,9.07,9.08,0.03,486076,4431776,316
2023-02-23,TWSE,1808,潤隆,71.80,72.60,70.80,71.30,0.20,257495,18428075,682
2023-02-23,TWSE,1809,中釉,14.35,14.65,14.30,14.35,0.10,1002908,14541481,418
2023-02-23,TWSE,1810,和成,20.25,20.30,19.55,19.60,-0.25,11288238,224110144,4622
2023-02-23,TWSE,1817,凱撒衛,39.05,39.05,38.90,38.95,0.00,78015,3039994,65
2023-02-23,TWSE,1903,士紙,48.80,49.20,48.80,49.10,0.20,185225,9086588,142
2023-02-23,TWSE,1904,正隆,28.60,28.70,28.55,28.60,0.00,465514,13331350,699
2023-02-23,TWSE,1905,華紙,16.85,17.20,16.85,17.10,0.25,1334178,22790033,650
2023-02-23,TWSE,1906,寶隆,17.80,17.95,17.75,17.90,0.15,180438,3219508,79
2023-02-23,TWSE,1907,永豐餘,26.15,26.65,26.15,26.55,0.45,3100566,82058328,1661
2023-02-23,TWSE,1909,榮成,18.70,19.00,18.70,18.95,0.30,2849360,53774932,1316
2023-02-23,TWSE,2002,中鋼,31.95,32.00,31.80,31.80,-0.15,14901525,475446832,6062
2023-02-23,TWSE,2002A,中鋼特,46.50,46.70,46.30,46.70,-0.05,9352,434388,24
2023-02-23,TWSE,2006,東和鋼鐵,56.50,58.40,56.50,57.90,1.50,2342753,135397251,2071
2023-02-23,TWSE,2007,燁興,12.70,12.75,12.60,12.65,0.10,1352794,17143745,566
2023-02-23,TWSE,2008,高興昌,18.50,18.60,18.50,18.55,0.15,17200,318950,16
2023-02-23,TWSE,2009,第一銅,36.45,36.75,36.30,36.35,0.05,1793748,65441413,1076
2023-02-23,TWSE,2010,春源,16.80,17.00,16.80,16.95,0.20,614761,10413971,338
2023-02-23,TWSE,2012,春雨,24.20,24.50,24.20,24.45,0.25,74439,1815637,96
2023-02-23,TWSE,2013,中鋼構,59.00,59.60,58.80,59.10,0.50,173827,10286646,1994
2023-02-23,TWSE,2014,中鴻,29.35,29.85,29.30,29.70,0.50,17222839,509968530,7169
2023-02-23,TWSE,2015,豐興,72.00,72.70,72.00,72.50,0.50,174637,12656220,190
2023-02-23,TWSE,2017,官田鋼,18.95,19.20,18.50,18.60,0.10,4715613,88863742,1974
2023-02-23,TWSE,2020,美亞,23.75,23.90,23.65,23.85,0.10,113173,2694444,138
2023-02-23,TWSE,2022,聚亨,8.81,8.89,8.81,8.83,0.04,900358,7961006,453
2023-02-23,TWSE,2023,燁輝,17.40,17.70,17.40,17.45,0.25,6663201,116697367,2748
2023-02-23,TWSE,2024,志聯,19.30,19.30,19.20,19.20,0.00,12521,240629,41
2023-02-23,TWSE,2025,千興,5.83,5.85,5.72,5.76,-0.07,404217,2347024,121
2023-02-23,TWSE,2027,大成鋼,43.35,43.70,43.35,43.60,0.40,5962537,259707038,3181
2023-02-23,TWSE,2028,威致,28.80,29.20,28.70,29.15,0.65,610552,17711595,395
2023-02-23,TWSE,2029,盛餘,25.45,25.90,25.45,25.80,0.35,370489,9554567,231
2023-02-23,TWSE,2030,彰源,23.55,23.65,23.55,23.60,0.15,956932,22580595,435
2023-02-23,TWSE,2031,新光鋼,44.25,44.85,44.15,44.75,0.50,1831989,81679489,1157
2023-02-23,TWSE,2032,新鋼,20.95,21.15,20.95,21.05,0.25,694200,14617073,299
2023-02-23,TWSE,2033,佳大,15.80,16.40,15.60,16.20,0.55,1087917,17551341,505
2023-02-23,TWSE,2034,允強,31.35,31.45,31.25,31.40,0.25,1704051,53410103,763
2023-02-23,TWSE,2038,海光,23.05,23.40,23.00,23.20,0.40,1426040,33075227,742
2023-02-23,TWSE,2049,上銀,246.50,247.50,242.50,245.00,-2.00,3373447,825649311,2880
2023-02-23,TWSE,2059,川湖,402.50,405.00,401.00,404.00,3.00,290150,117124951,351
2023-02-23,TWSE,2062,橋椿,24.00,24.05,23.80,23.85,0.05,181069,4328204,124
2023-02-23,TWSE,2069,運錩,21.55,21.70,21.50,21.65,0.30,303542,6564577,166
2023-02-23,TWSE,2101,南港,37.25,37.30,36.85,36.95,-0.05,749283,27753555,454
2023-02-23,TWSE,2102,泰豐,21.85,22.25,21.80,21.95,0.10,1517655,33396309,534
2023-02-23,TWSE,2103,台橡,29.10,29.60,29.10,29.20,0.10,1347807,39566147,784
2023-02-23,TWSE,2104,國際中橡,20.85,21.20,20.85,21.00,0.15,2223216,46816802,830
2023-02-23,TWSE,2105,正新,34.65,35.15,34.65,34.85,0.25,3368019,117828437,1592
2023-02-23,TWSE,2106,建大,31.30,31.45,31.30,31.35,0.00,298812,9377264,203
2023-02-23,TWSE,2107,厚生,22.10,22.15,22.05,22.05,-0.05,260390,5753672,163
2023-02-23,TWSE,2108,南帝,43.05,43.70,42.70,42.80,-0.15,1129669,48833478,970
2023-02-23,TWSE,2109,華豐,14.95,14.95,14.80,14.80,-0.05,111972,1664059,113
2023-02-23,TWSE,2114,鑫永銓,98.50,99.50,98.50,99.50,1.10,7885,779686,20
2023-02-23,TWSE,2115,六暉-KY,30.70,31.20,30.70,31.20,0.50,31143,966127,33
2023-02-23,TWSE,2201,裕隆,78.10,80.50,77.60,80.00,1.90,15295043,1208801944,8610
2023-02-23,TWSE,2204,中華,57.50,58.20,57.20,58.00,0.70,791198,45584287,624
2023-02-23,TWSE,2206,三陽工業,39.65,40.20,39.65,40.15,0.70,5207757,208118707,3034
2023-02-23,TWSE,2207,和泰車,612.00,622.00,610.00,618.00,6.00,356656,219734964,420
2023-02-23,TWSE,2208,台船,24.40,24.85,23.85,24.05,-0.15,18693865,454855574,7726
2023-02-23,TWSE,2211,長榮鋼,52.20,53.10,52.20,52.20,0.00,794546,41603115,527
2023-02-23,TWSE,2227,裕日車,202.00,202.00,200.00,201.50,0.50,35219,7062261,87
2023-02-23,TWSE,2228,劍麟,82.30,83.00,81.50,82.20,-0.10,218461,17926334,179
2023-02-23,TWSE,2231,為升,153.50,162.00,153.50,160.50,7.50,1812298,288076198,1456
2023-02-23,TWSE,2233,宇隆,106.00,106.00,104.00,105.00,-0.50,147555,15471966,220
2023-02-23,TWSE,2236,百達-KY,40.65,42.30,40.40,40.85,0.20,1936180,79398531,660
2023-02-23,TWSE,2239,英利-KY,63.20,63.90,63.10,63.90,0.40,49109,3124487,58
2023-02-23,TWSE,2241,艾姆勒,33.00,33.25,32.65,32.95,0.45,72214,2374628,63
2023-02-23,TWSE,2243,宏旭-KY,17.90,19.45,17.90,18.80,1.05,3714586,70162510,1924
2023-02-23,TWSE,2247,汎德永業,226.50,230.00,226.50,230.00,3.00,47163,10794046,103
2023-02-23,TWSE,2250,IKKA-KY,73.50,76.40,73.50,74.80,1.80,53606,4028295,54
2023-02-23,TWSE,2301,光寶科,69.50,70.40,69.30,69.50,0.10,8074025,562448075,8873
2023-02-23,TWSE,2302,麗正,17.40,17.70,17.40,17.65,0.30,376551,6632275,200
2023-02-23,TWSE,2303,聯電,49.90,50.50,49.75,50.20,0.65,69948050,3513685626,28773
2023-02-23,TWSE,2305,全友,24.30,24.40,24.00,24.10,-0.15,608866,14710806,348
2023-02-23,TWSE,2308,台達電,291.50,293.50,289.00,290.00,0.00,7995089,2322886194,7981
2023-02-23,TWSE,2312,金寶,13.80,13.90,13.75,13.80,0.05,2770907,38236270,1035
2023-02-23,TWSE,2313,華通,45.80,46.05,45.60,45.90,-0.05,6673639,306157643,2859
2023-02-23,TWSE,2314,台揚,44.50,45.00,44.50,44.70,0.30,882489,39565317,782
2023-02-23,TWSE,2316,楠梓電,28.00,28.10,27.95,27.95,0.00,123404,3453789,123
2023-02-23,TWSE,2317,鴻海,102.00,103.00,102.00,103.00,1.00,20893415,2146712771,9364
2023-02-23,TWSE,2321,東訊,18.35,18.35,18.15,18.15,-0.35,23697,430815,60
2023-02-23,TWSE,2323,中環,8.04,8.08,8.01,8.02,0.05,3996052,32142996,1379
2023-02-23,TWSE,2324,仁寶,23.75,24.20,23.70,24.15,0.45,15194633,364628711,5564
2023-02-23,TWSE,2327,國巨*,543.00,545.00,535.00,543.00,2.00,3202915,1732275105,3786
2023-02-23,TWSE,2328,廣宇,38.65,39.15,38.65,38.95,0.50,1940841,75600837,1147
2023-02-23,TWSE,2329,華泰,19.70,20.00,19.55,19.90,0.30,3900319,77135542,1662
2023-02-23,TWSE,2330,台積電,512.00,521.00,510.00,518.00,11.00,26801677,13846782345,26552
2023-02-23,TWSE,2331,精英,21.70,21.80,21.60,21.60,0.10,1147855,24873324,603
2023-02-23,TWSE,2332,友訊,16.95,17.30,16.80,16.80,0.05,7494595,127399639,2812
2023-02-23,TWSE,2337,旺宏,34.80,34.85,34.65,34.65,0.05,3774588,130985361,2546
2023-02-23,TWSE,2338,光罩,82.70,83.60,82.60,83.30,0.80,2205575,183302431,1673
2023-02-23,TWSE,2340,台亞,37.70,38.35,37.30,38.10,0.65,2743300,103733800,1545
2023-02-23,TWSE,2342,茂矽,42.20,42.60,41.90,41.95,-0.30,748147,31552461,621
2023-02-23,TWSE,2344,華邦電,23.30,23.35,23.00,23.05,0.00,22153894,513462694,6901
2023-02-23,TWSE,2345,智邦,275.00,284.50,274.50,283.50,7.50,3418993,954831021,2644
2023-02-23,TWSE,2347,聯強,63.40,64.00,63.40,63.60,0.20,2077362,132299154,1456
2023-02-23,TWSE,2348,海悅,67.30,68.00,67.30,67.80,0.80,52203,3540106,56
2023-02-23,TWSE,2348A,海悅甲特,36.00,36.00,36.00,36.00,0.15,8797,316662,7
2023-02-23,TWSE,2349,錸德,8.66,8.74,8.66,8.70,0.06,982191,8547840,486
2023-02-23,TWSE,2351,順德,124.00,125.00,122.00,123.00,1.00,1400992,172930302,1011
2023-02-23,TWSE,2352,佳世達,30.00,30.15,29.90,29.95,0.35,6280023,188605843,3106
2023-02-23,TWSE,2353,宏碁,25.80,25.95,25.75,25.85,0.05,4212318,108938153,2010
2023-02-23,TWSE,2354,鴻準,55.60,56.40,55.30,56.00,0.80,3953997,221712898,2626
2023-02-23,TWSE,2355,敬鵬,29.95,30.10,29.90,30.00,0.05,440979,13217733,305
2023-02-23,TWSE,2356,英業達,26.80,26.95,26.70,26.80,0.00,3817300,102351572,1665
2023-02-23,TWSE,2357,華碩,281.00,282.00,279.50,280.50,1.00,1564849,439631972,1830
2023-02-23,TWSE,2358,廷鑫,15.50,15.65,15.40,15.40,0.10,943974,14627467,549
2023-02-23,TWSE,2359,所羅門,26.45,26.80,26.40,26.70,0.35,1286636,34214694,775
2023-02-23,TWSE,2360,致茂,195.50,198.00,194.50,197.50,2.50,1406441,277146289,1329
2023-02-23,TWSE,2362,藍天,31.50,31.65,31.30,31.45,-0.05,180122,5673549,168
2023-02-23,TWSE,2363,矽統,18.20,18.80,18.15,18.80,0.95,9907233,184135113,4153
2023-02-23,TWSE,2364,倫飛,112.00,114.50,111.00,112.50,1.00,514740,58006112,480
2023-02-23,TWSE,2365,昆盈,10.40,10.55,10.40,10.50,0.05,297142,3122112,225
2023-02-23,TWSE,2367,燿華,18.90,19.10,18.90,18.95,0.05,3403709,64551549,1325
2023-02-23,TWSE,2368,金像電,87.60,89.40,87.40,89.00,1.90,9166057,812412656,5451
2023-02-23,TWSE,2369,菱生,15.55,15.65,15.40,15.40,-0.10,2335971,36162156,1031
2023-02-23,TWSE,2371,大同,33.95,33.95,33.70,33.80,0.00,4048197,136983814,1606
2023-02-23,TWSE,2373,震旦行,79.10,79.60,79.10,79.40,0.30,37046,2940282,35
2023-02-23,TWSE,2374,佳能,20.75,20.95,20.70,20.95,0.30,709750,14807532,402
2023-02-23,TWSE,2375,凱美,67.60,68.90,67.40,68.10,0.90,990534,67406616,1011
2023-02-23,TWSE,2376,技嘉,121.00,121.50,119.50,120.50,3.00,11428965,1380084711,6626
2023-02-23,TWSE,2377,微星,140.00,145.00,139.50,141.50,5.00,7721398,1098865789,5207
2023-02-23,TWSE,2379,瑞昱,378.00,395.00,376.00,382.50,12.00,8828826,3392171356,8092
2023-02-23,TWSE,2380,虹光,10.85,11.00,10.75,10.75,0.00,544333,5902355,330
2023-02-23,TWSE,2382,廣達,79.50,80.40,78.50,80.10,0.90,5336997,426430831,3037
2023-02-23,TWSE,2383,台光電,187.00,188.00,184.50,185.00,-0.50,1324798,245350803,1830
2023-02-23,TWSE,2385,群光,91.00,92.30,91.00,92.30,1.50,2489891,229181721,1943
2023-02-23,TWSE,2387,精元,39.25,39.30,39.10,39.30,0.25,417809,16376948,293
2023-02-23,TWSE,2388,威盛,76.70,83.80,76.70,83.80,7.60,42670629,3478576089,21508
2023-02-23,TWSE,2390,云辰,13.00,13.30,12.95,13.10,0.10,3426016,45051584,905
2023-02-23,TWSE,2392,正崴,40.00,40.40,39.80,39.90,-0.10,1333334,53347758,1155
2023-02-23,TWSE,2393,億光,39.10,39.10,38.75,38.85,-0.20,964679,37517739,631
2023-02-23,TWSE,2395,研華,358.00,362.00,357.50,360.00,2.00,521196,187350096,564
2023-02-23,TWSE,2397,友通,65.20,66.00,64.70,65.40,0.50,412250,26940462,239
2023-02-23,TWSE,2399,映泰,15.00,16.25,15.00,16.25,1.45,16392099,259661940,5713
2023-02-23,TWSE,2401,凌陽,26.05,26.95,26.00,26.35,0.45,4640641,123133905,2780
2023-02-23,TWSE,2402,毅嘉,19.00,19.15,18.85,19.05,0.20,1695504,32289617,787
2023-02-23,TWSE,2404,漢唐,224.50,228.00,224.00,225.00,1.50,1235778,279415313,1384
2023-02-23,TWSE,2405,輔信,12.75,12.85,12.65,12.75,0.05,1427551,18202768,561
2023-02-23,TWSE,2406,國碩,19.75,20.10,19.75,20.00,0.25,1025787,20540860,734
2023-02-23,TWSE,2408,南亞科,59.10,59.60,58.60,59.50,0.80,5596637,331449864,2647
2023-02-23,TWSE,2409,友達,18.70,18.75,18.15,18.30,-0.45,74074175,1358678288,20250
2023-02-23,TWSE,2412,中華電,115.00,116.00,114.50,115.50,0.50,7556467,871908086,3890
2023-02-23,TWSE,2413,環科,30.30,30.35,29.15,29.20,-0.70,2978114,88204287,1619
2023-02-23,TWSE,2414,精技,32.35,32.55,32.35,32.40,0.10,112189,3643203,109
2023-02-23,TWSE,2415,錩新,25.75,25.75,25.05,25.15,-0.05,165603,4188420,162
2023-02-23,TWSE,2417,圓剛,23.80,23.95,23.70,23.95,0.30,300723,7177715,282
2023-02-23,TWSE,2419,仲琦,26.80,27.05,26.80,26.85,0.20,1435581,38627432,808
2023-02-23,TWSE,2420,新巨,42.00,42.20,42.00,42.05,0.05,152192,6405987,165
2023-02-23,TWSE,2421,建準,42.20,42.90,42.20,42.85,0.65,527534,22479532,452
2023-02-23,TWSE,2423,固緯,28.90,29.30,28.75,28.80,0.05,313218,9091895,198
2023-02-23,TWSE,2424,隴華,20.85,21.50,20.75,21.35,0.40,57310,1213861,77
2023-02-23,TWSE,2425,承啟,34.10,35.20,33.95,34.80,1.00,5547038,192220878,2684
2023-02-23,TWSE,2426,鼎元,17.80,18.40,17.65,17.70,-0.15,710846,12776816,905
2023-02-23,TWSE,2427,三商電,12.80,13.00,12.80,12.90,0.10,611949,7906391,185
2023-02-23,TWSE,2428,興勤,141.50,143.50,141.00,142.50,0.50,357219,50729768,302
2023-02-23,TWSE,2429,銘旺科,10.35,10.35,10.10,10.30,-0.05,41011,418864,22
2023-02-23,TWSE,2430,燦坤,47.35,47.70,47.30,47.60,0.25,370387,17602179,313
2023-02-23,TWSE,2431,聯昌,10.20,10.40,10.20,10.30,0.10,164412,1696405,129
2023-02-23,TWSE,2433,互盛電,49.70,49.70,49.50,49.50,0.15,12420,615820,20
2023-02-23,TWSE,2434,統懋,28.05,28.15,27.50,27.95,0.30,112532,3128282,38
2023-02-23,TWSE,2436,偉詮電,51.90,52.10,50.90,50.90,-0.20,3181264,163110887,2280
2023-02-23,TWSE,2438,翔耀,14.05,14.10,14.05,14.10,0.00,21151,297605,9
2023-02-23,TWSE,2439,美律,83.80,84.50,83.80,84.40,0.40,360117,30317596,389
2023-02-23,TWSE,2440,太空梭,11.75,11.80,11.65,11.75,0.10,318300,3723800,135
2023-02-23,TWSE,2441,超豐,52.60,53.30,52.30,53.10,0.80,978501,51731573,712
2023-02-23,TWSE,2442,新美齊,13.40,13.40,13.30,13.30,-0.05,470047,6275240,227
2023-02-23,TWSE,2443,昶虹,2.87,2.96,2.87,2.96,0.08,122119,357578,72
2023-02-23,TWSE,2444,兆勁,17.75,17.85,17.55,17.60,-0.15,1225952,21651225,732
2023-02-23,TWSE,2449,京元電子,40.60,41.80,40.60,41.50,0.95,10754059,445313171,5930
2023-02-23,TWSE,2450,神腦,33.55,33.55,33.40,33.45,0.00,179947,6018399,169
2023-02-23,TWSE,2451,創見,69.50,69.60,69.20,69.50,0.00,236817,16451241,213
2023-02-23,TWSE,2453,凌群,45.30,45.30,43.50,43.90,-0.10,3573389,158840422,2447
2023-02-23,TWSE,2454,聯發科,724.00,745.00,722.00,745.00,32.00,8227452,6079143664,11541
2023-02-23,TWSE,2455,全新,85.00,86.50,84.30,86.30,1.70,1578737,135249625,1352
2023-02-23,TWSE,2457,飛宏,46.50,47.35,46.20,46.60,-0.60,16273225,761049593,9766
2023-02-23,TWSE,2458,義隆,110.50,114.50,109.00,111.00,4.00,7667590,856886351,6369
2023-02-23,TWSE,2459,敦吉,55.70,56.40,55.70,56.20,0.60,94826,5312939,113
2023-02-23,TWSE,2460,建通,18.20,18.85,18.00,18.85,0.80,1142177,21091975,516
2023-02-23,TWSE,2461,光群雷,20.25,20.80,20.25,20.45,0.40,781127,16020540,475
2023-02-23,TWSE,2462,良得電,32.60,33.35,32.45,32.85,0.55,2465348,81320776,1268
2023-02-23,TWSE,2464,盟立,39.15,39.20,39.00,39.20,0.00,240808,9414408,232
2023-02-23,TWSE,2465,麗臺,41.95,42.80,41.25,41.30,0.55,4292632,180253019,2807
2023-02-23,TWSE,2466,冠西電,34.80,34.85,34.60,34.75,0.25,12330,428382,17
2023-02-23,TWSE,2467,志聖,45.65,46.50,45.65,46.30,0.65,173647,8029086,204
2023-02-23,TWSE,2468,華經,28.80,28.90,28.25,28.25,-0.25,1580150,44964736,907
2023-02-23,TWSE,2471,資通,41.80,44.50,40.10,40.70,-0.25,17726585,751078437,10782
2023-02-23,TWSE,2472,立隆電,64.00,65.10,63.70,65.10,0.30,1193744,76754390,1044
2023-02-23,TWSE,2474,可成,189.00,191.00,189.00,191.00,2.00,1733005,329934901,1341
2023-02-23,TWSE,2476,鉅祥,50.10,50.80,49.65,49.95,0.05,1757212,88191064,1087
2023-02-23,TWSE,2477,美隆電,20.30,22.20,20.30,22.20,2.00,1048435,22994140,643
2023-02-23,TWSE,2478,大毅,48.70,49.25,48.70,48.90,0.20,140893,6896598,183
2023-02-23,TWSE,2480,敦陽科,89.00,90.00,89.00,89.90,1.00,358079,32141321,395
2023-02-23,TWSE,2481,強茂,66.70,67.00,66.30,66.50,0.30,1865482,124259589,1163
2023-02-23,TWSE,2482,連宇,48.50,50.50,46.20,49.05,1.05,18654853,899803985,11849
2023-02-23,TWSE,2483,百容,25.95,26.20,25.90,26.15,0.20,267328,6982258,154
2023-02-23,TWSE,2484,希華,38.50,38.95,38.50,38.75,0.10,4301196,166703538,1917
2023-02-23,TWSE,2485,兆赫,18.05,18.15,18.00,18.10,0.15,638322,11564562,1531
2023-02-23,TWSE,2486,一詮,23.80,24.05,23.70,23.95,0.35,1342262,32062122,836
2023-02-23,TWSE,2488,漢平,29.90,29.95,29.70,29.95,0.25,263679,7867191,218
2023-02-23,TWSE,2489,瑞軒,10.80,10.85,10.60,10.65,-0.10,1667741,17819188,1082
2023-02-23,TWSE,2491,吉祥全,12.25,12.35,12.05,12.15,0.05,109070,1323746,60
2023-02-23,TWSE,2492,華新科,99.00,101.50,98.70,101.00,2.90,2886840,289003795,2311
2023-02-23,TWSE,2493,揚博,49.95,51.00,49.75,50.40,0.60,272879,13720341,255
2023-02-23,TWSE,2495,普安,19.35,19.45,19.10,19.15,-0.05,1191235,22888692,682
2023-02-23,TWSE,2496,卓越,50.50,51.60,50.50,51.60,1.10,54266,2760823,59
2023-02-23,TWSE,2497,怡利電,76.20,76.90,76.10,76.50,0.70,864865,66218008,725
2023-02-23,TWSE,2498,宏達電,65.00,67.80,64.90,66.70,2.10,40295257,2686467392,21403
2023-02-23,TWSE,2501,國建,16.75,16.95,16.70,16.90,0.15,432281,7274633,285
2023-02-23,TWSE,2504,國產,27.00,27.45,27.00,27.45,0.50,2506537,68550191,1163
2023-02-23,TWSE,2505,國揚,18.85,19.15,18.85,19.05,0.10,255350,4854058,178
2023-02-23,TWSE,2506,太設,9.41,9.45,9.39,9.43,0.07,206797,1950692,80
2023-02-23,TWSE,2509,全坤建,15.40,15.45,15.35,15.40,0.05,74612,1151492,296
2023-02-23,TWSE,2511,太子,11.40,11.50,11.40,11.40,0.00,659713,7551924,327
2023-02-23,TWSE,2514,龍邦,17.05,17.20,17.05,17.15,0.10,174042,2978592,74
2023-02-23,TWSE,2515,中工,8.71,8.83,8.71,8.79,0.08,3696164,32512523,1068
2023-02-23,TWSE,2516,新建,5.08,5.14,5.08,5.10,0.02,326928,1669764,179
2023-02-23,TWSE,2520,冠德,29.00,29.20,29.00,29.15,0.20,385136,11206343,305
2023-02-23,TWSE,2524,京城,32.80,33.10,32.80,33.05,0.25,23488,776050,16
2023-02-23,TWSE,2527,宏璟,21.50,21.65,21.45,21.55,0.10,199744,4307193,97
2023-02-23,TWSE,2528,皇普,17.50,17.65,17.50,17.55,0.05,34196,599766,33
2023-02-23,TWSE,2530,華建,17.50,17.60,17.35,17.40,-0.10,582326,10160640,292
2023-02-23,TWSE,2534,宏盛,23.30,23.40,23.20,23.40,0.20,1968223,45805960,520
2023-02-23,TWSE,2535,達欣工,31.35,31.40,31.25,31.40,0.15,329103,10317565,254
2023-02-23,TWSE,2536,宏普,22.35,22.50,22.35,22.40,0.10,199618,4477091,58
2023-02-23,TWSE,2537,聯上發,7.13,7.27,7.13,7.21,0.08,2501349,18054261,714
2023-02-23,TWSE,2538,基泰,13.05,13.10,13.00,13.10,0.05,459406,6003884,227
2023-02-23,TWSE,2539,櫻花建,34.05,34.20,34.05,34.20,0.15,122577,4188271,87
2023-02-23,TWSE,2540,愛山林,75.60,76.40,75.20,76.00,-0.10,74294,5638641,134
2023-02-23,TWSE,2542,興富發,42.30,42.50,42.30,42.40,0.10,2267729,96210702,1586
2023-02-23,TWSE,2543,皇昌,9.55,9.55,9.20,9.30,0.17,247177,2317601,133
2023-02-23,TWSE,2545,皇翔,43.95,44.75,43.85,44.15,0.45,288562,12765313,215
2023-02-23,TWSE,2546,根基,56.70,57.20,56.70,56.90,0.20,98177,5595697,248
2023-02-23,TWSE,2547,日勝生,9.48,10.05,9.46,9.72,0.27,4421609,43305246,1418
2023-02-23,TWSE,2548,華固,91.50,91.50,91.00,91.10,0.00,444601,40545045,409
2023-02-23,TWSE,2597,潤弘,123.00,124.50,122.50,123.00,-0.50,126257,15598772,112
2023-02-23,TWSE,2601,益航,8.66,9.16,8.66,9.10,0.50,13314608,119969461,4845
2023-02-23,TWSE,2603,長榮,153.50,158.50,153.50,158.00,5.50,34603881,5423905167,19249
2023-02-23,TWSE,2605,新興,21.70,23.40,21.70,23.40,2.10,24218208,556599017,9191
2023-02-23,TWSE,2606,裕民,52.40,56.60,52.40,56.60,5.10,17694897,979832948,9488
2023-02-23,TWSE,2607,榮運,27.80,28.30,27.75,27.95,0.40,6084820,170587182,3184
2023-02-23,TWSE,2608,嘉里大榮,38.25,38.75,38.25,38.60,0.35,334589,12903001,307
2023-02-23,TWSE,2609,陽明,63.30,64.50,63.20,64.30,1.70,46108563,2955373976,25923
2023-02-23,TWSE,2610,華航,20.60,20.75,20.45,20.50,0.00,38301811,788126469,11504
2023-02-23,TWSE,2611,志信,13.80,15.05,13.80,15.05,1.35,8922655,132370690,3434
2023-02-23,TWSE,2612,中航,40.00,42.60,40.00,42.05,3.00,5901629,245710358,3553
2023-02-23,TWSE,2613,中櫃,22.90,23.95,22.90,23.75,1.00,2501009,58897048,1523
2023-02-23,TWSE,2614,東森,23.35,23.70,23.35,23.45,0.15,1783586,41927964,1083
2023-02-23,TWSE,2615,萬海,77.60,80.10,77.50,79.20,2.50,24010532,1901410307,16338
2023-02-23,TWSE,2616,山隆,31.30,31.30,31.05,31.05,-0.25,369427,11497427,681
2023-02-23,TWSE,2617,台航,28.15,29.50,28.10,28.85,1.05,7134414,206329104,3644
2023-02-23,TWSE,2618,長榮航,28.55,28.85,28.50,28.55,0.05,36911013,1057044187,11241
2023-02-23,TWSE,2630,亞航,17.70,17.95,17.70,17.70,0.05,196841,3502303,161
2023-02-23,TWSE,2633,台灣高鐵,29.20,29.45,29.20,29.25,0.05,4963638,145594724,1971
2023-02-23,TWSE,2634,漢翔,39.30,39.35,38.80,39.20,0.00,12856494,501672593,5985
2023-02-23,TWSE,2636,台驊控股,67.70,69.60,67.70,68.80,1.60,1181976,81610335,1148
2023-02-23,TWSE,2637,慧洋-KY,62.90,67.10,62.80,65.50,3.60,21334731,1396594584,13298
2023-02-23,TWSE,2642,宅配通,49.00,49.25,48.55,49.00,0.45,138928,6801207,136
2023-02-23,TWSE,2701,萬企,13.30,13.90,13.25,13.55,0.35,5685662,77550529,2047
2023-02-23,TWSE,2702,華園,27.05,28.30,26.60,27.60,0.75,7663076,210915748,4517
2023-02-23,TWSE,2704,國賓,37.15,40.30,37.15,39.60,2.50,4392260,173311686,2909
2023-02-23,TWSE,2705,六福,19.10,20.20,19.05,19.25,0.20,14345231,280409478,6899
2023-02-23,TWSE,2706,第一店,15.25,15.75,15.25,15.40,0.35,3895182,60334020,1583
2023-02-23,TWSE,2707,晶華,303.50,315.00,296.50,309.00,14.50,15457418,4727396523,16519
2023-02-23,TWSE,2712,遠雄來,38.00,38.50,37.40,38.45,3.45,4617356,177152098,1731
2023-02-23,TWSE,2722,夏都,44.45,44.45,43.80,44.45,4.00,1101015,48928136,490
2023-02-23,TWSE,2723,美食-KY,159.50,165.00,159.00,162.00,1.50,2315610,373861579,2037
2023-02-23,TWSE,2727,王品,272.00,280.00,268.00,276.00,4.00,7957316,2189161176,7537
2023-02-23,TWSE,2731,雄獅,126.00,131.00,126.00,129.00,3.00,5751353,736663753,8408
2023-02-23,TWSE,2739,寒舍,49.10,49.10,49.10,49.10,4.45,513539,25214708,346
2023-02-23,TWSE,2748,雲品,108.00,110.50,100.50,105.50,2.50,34477333,3654619805,21935
2023-02-23,TWSE,2753,八方雲集,255.00,256.00,246.50,254.00,0.50,2390487,600666621,2276
2023-02-23,TWSE,2801,彰銀,17.50,17.55,17.45,17.50,0.05,3715798,65053529,1276
2023-02-23,TWSE,2809,京城銀,34.20,34.55,34.00,34.10,-0.10,1947727,66627212,1224
2023-02-23,TWSE,2812,台中銀,13.50,13.70,13.50,13.65,0.20,10604759,144554780,3660
2023-02-23,TWSE,2816,旺旺保,16.50,16.65,16.35,16.60,0.15,59072,978453,58
2023-02-23,TWSE,2820,華票,15.35,15.45,15.30,15.45,0.10,336281,5166876,281
2023-02-23,TWSE,2832,台產,20.75,20.85,20.75,20.80,-0.05,84917,1765394,147
2023-02-23,TWSE,2834,臺企銀,14.25,14.60,14.25,14.40,0.20,61421431,888216584,17409
2023-02-23,TWSE,2836,高雄銀,12.75,12.80,12.65,12.80,0.10,340144,4337584,191
2023-02-23,TWSE,2836A,高雄銀甲特,,,,,0.00,27,607,1
2023-02-23,TWSE,2838,聯邦銀,16.20,16.25,16.15,16.20,-0.05,833908,13505058,653
2023-02-23,TWSE,2838A,聯邦銀甲特,51.90,52.00,51.90,52.00,0.00,40000,2077100,13
2023-02-23,TWSE,2845,遠東銀,11.75,11.85,11.75,11.80,0.05,8312158,98150788,1791
2023-02-23,TWSE,2849,安泰銀,14.75,14.85,14.75,14.85,0.10,30231,448220,29
2023-02-23,TWSE,2850,新產,50.60,51.00,50.60,50.80,0.20,163726,8322519,151
2023-02-23,TWSE,2851,中再保,18.45,18.55,18.40,18.45,0.00,1301535,24051757,499
2023-02-23,TWSE,2852,第一保,16.95,17.00,16.90,16.95,0.05,298011,5049994,144
2023-02-23,TWSE,2855,統一證,17.10,17.25,17.10,17.20,0.10,634958,10899845,317
2023-02-23,TWSE,2867,三商壽,5.41,5.43,5.38,5.42,0.00,18444022,99789578,2583
2023-02-23,TWSE,2880,華南金,22.95,23.10,22.85,22.95,0.00,9020065,207226461,2945
2023-02-23,TWSE,2881,富邦金,60.10,60.20,59.70,59.80,-0.10,10659435,638356694,5535
2023-02-23,TWSE,2881A,富邦特,61.90,61.90,61.80,61.90,0.00,24000,1485400,21
2023-02-23,TWSE,2881B,富邦金乙特,60.30,60.40,60.20,60.40,0.10,125754,7583193,24
2023-02-23,TWSE,2881C,富邦金丙特,58.70,58.80,58.70,58.80,0.10,25287,1484388,52
2023-02-23,TWSE,2882,國泰金,43.25,43.55,43.20,43.30,-0.05,18234647,790149404,7416
2023-02-23,TWSE,2882A,國泰特,59.60,59.80,59.60,59.70,0.10,325116,19408700,70
2023-02-23,TWSE,2882B,國泰金乙特,59.80,59.90,59.70,59.90,0.20,24579,1469449,22
2023-02-23,TWSE,2883,凱基金,13.15,13.20,13.10,13.20,0.10,24318940,319850243,9198
2023-02-23,TWSE,2883B,凱基金乙特,8.10,8.15,8.10,8.13,0.03,3048697,24784038,489
2023-02-23,TWSE,2884,玉山金,25.00,25.00,24.80,24.95,0.05,34582872,862230416,15367
2023-02-23,TWSE,2885,元大金,22.80,22.90,22.75,22.85,0.10,9812836,224114528,3532
2023-02-23,TWSE,2886,兆豐金,33.80,33.85,33.65,33.65,-0.15,11496939,387635366,5055
2023-02-23,TWSE,2887,台新新光金,16.50,16.60,16.45,16.55,0.00,11100909,183653028,4338
2023-02-23,TWSE,2887E,台新新光戊特一,51.40,51.60,51.30,51.30,-0.10,334272,17195608,90
2023-02-23,TWSE,2887F,台新新光戊特二,49.00,49.10,49.00,49.10,0.10,28043,1375261,15
2023-02-23,TWSE,2887Z1,台新新光己特,16.95,17.00,16.95,17.00,0.05,8720,147921,28
2023-02-23,TWSE,2888,新光金,8.76,8.80,8.75,8.76,0.01,16307783,143068304,3270
2023-02-23,TWSE,2888A,新光金甲特,36.30,36.35,36.20,36.35,0.05,7217,261916,12
2023-02-23,TWSE,2888B,新光金乙特,36.30,36.35,36.30,36.35,0.00,33487,1216792,22
2023-02-23,TWSE,2889,國票金,12.50,12.60,12.50,12.60,0.10,2603848,32710636,1453
2023-02-23,TWSE,2890,永豐金,17.25,17.35,17.25,17.35,0.15,11920651,206266915,3022
2023-02-23,TWSE,2891,中信金,22.85,23.00,22.75,22.85,0.05,16630270,380332282,4439
2023-02-23,TWSE,2891B,中信金乙特,59.60,59.70,59.50,59.70,0.10,128132,7636259,28
2023-02-23,TWSE,2891C,中信金丙特,59.40,59.80,59.40,59.70,0.30,36187,2151351,21
2023-02-23,TWSE,2892,第一金,26.95,27.10,26.85,27.05,0.10,18408715,497099698,5978
2023-02-23,TWSE,2897,王道銀行,9.63,9.72,9.63,9.69,0.06,5733203,55583759,1348
2023-02-23,TWSE,2897A,王道銀甲特,10.25,10.25,10.25,10.25,0.00,24033,246330,16
2023-02-23,TWSE,2901,欣欣,25.60,26.45,25.50,26.00,0.55,90817,2354801,120
2023-02-23,TWSE,2903,遠百,22.15,22.90,22.15,22.55,0.50,7286673,163867857,2631
2023-02-23,TWSE,2904,匯僑,22.10,22.30,21.45,21.70,-0.10,130340,2824874,91
2023-02-23,TWSE,2905,三商,16.95,17.00,16.75,16.80,-0.10,312908,5272507,222
2023-02-23,TWSE,2906,高林,18.70,19.30,18.60,18.80,0.20,3919032,74502411,1766
2023-02-23,TWSE,2908,特力,20.10,20.15,20.00,20.10,0.10,247274,4973388,103
2023-02-23,TWSE,2910,統領,29.70,30.35,29.65,30.15,0.45,19068,571150,17
2023-02-23,TWSE,2911,麗嬰房,7.38,7.86,7.38,7.47,0.12,1482346,11253134,882
2023-02-23,TWSE,2912,統一超,269.00,269.50,268.00,269.00,-0.50,1260948,338695388,1639
2023-02-23,TWSE,2913,農林,21.90,22.40,21.90,22.00,0.25,1611942,35621965,846
2023-02-23,TWSE,2915,潤泰全,67.60,67.70,67.20,67.20,0.00,1467391,98857689,1182
2023-02-23,TWSE,2923,鼎固-KY,24.60,25.40,24.50,24.60,0.15,139933,3487581,211
2023-02-23,TWSE,2929,淘帝-KY,17.00,17.15,16.65,16.70,-0.10,1594264,26827380,962
2023-02-23,TWSE,2939,永邑-KY,33.50,34.00,33.25,34.00,0.45,95004,3215884,29
2023-02-23,TWSE,2945,三商家購,46.00,46.50,46.00,46.00,0.25,23428,1083048,33
2023-02-23,TWSE,3002,歐格,11.85,12.00,11.80,12.00,0.05,182419,2169225,102
2023-02-23,TWSE,3003,健和興,73.50,73.50,72.70,72.80,-0.20,233080,17012083,259
2023-02-23,TWSE,3004,豐達科,85.50,86.60,84.60,86.10,1.40,279980,23983339,303
2023-02-23,TWSE,3005,神基,47.75,48.80,47.75,48.55,0.85,1403726,68066592,1184
2023-02-23,TWSE,3006,晶豪科,83.00,83.60,82.60,83.50,1.50,3738626,311165684,2828
2023-02-23,TWSE,3008,大立光,2215.00,2250.00,2215.00,2225.00,15.00,304536,680473680,1315
2023-02-23,TWSE,3010,華立,87.70,88.50,87.70,88.00,0.30,370327,32600526,332
2023-02-23,TWSE,3011,今皓,20.40,20.50,20.00,20.20,0.10,1665686,33683834,661
2023-02-23,TWSE,3013,晟銘電,20.25,20.45,20.20,20.35,0.20,1995810,40504330,875
2023-02-23,TWSE,3014,聯陽,87.50,89.10,86.80,88.80,2.10,1339653,118053941,1240
2023-02-23,TWSE,3015,全漢,41.60,42.20,41.60,41.90,0.45,209412,8779139,145
2023-02-23,TWSE,3016,嘉晶,76.10,76.30,75.80,76.00,0.40,407313,30994864,359
2023-02-23,TWSE,3017,奇鋐,115.50,117.00,115.50,116.50,1.50,3154234,366866011,2325
2023-02-23,TWSE,3019,亞光,66.00,66.30,65.70,65.80,0.40,657052,43365814,513
2023-02-23,TWSE,3021,鴻名,21.40,21.55,21.40,21.40,0.00,138983,2983381,66
2023-02-23,TWSE,3022,威強電,83.20,84.70,83.20,83.80,0.90,2171596,182366724,1649
2023-02-23,TWSE,3023,信邦,298.50,298.50,294.00,296.50,0.00,504662,149365905,661
2023-02-23,TWSE,3024,憶聲,14.05,14.10,13.95,13.95,0.00,956134,13380898,449
2023-02-23,TWSE,3025,星通,21.80,21.90,21.60,21.65,-0.05,475721,10337851,331
2023-02-23,TWSE,3026,禾伸堂,95.10,95.50,95.00,95.10,0.00,127392,12128440,181
2023-02-23,TWSE,3027,盛達,43.25,43.55,42.70,43.10,-0.20,13767992,593311241,7223
2023-02-23,TWSE,3028,增你強,29.80,29.90,29.80,29.85,0.05,257457,7688570,341
2023-02-23,TWSE,3029,零壹,48.60,49.30,48.25,48.40,-0.40,4842669,235567012,3522
2023-02-23,TWSE,3030,德律,64.00,64.10,63.40,63.70,0.20,793108,50538735,543
2023-02-23,TWSE,3031,佰鴻,16.80,16.80,16.50,16.60,0.10,148206,2463176,95
2023-02-23,TWSE,3032,偉訓,33.10,33.60,33.10,33.45,0.20,61018,2040478,107
2023-02-23,TWSE,3033,威健,27.75,27.85,27.70,27.75,0.10,714329,19844645,529
2023-02-23,TWSE,3034,聯詠,410.50,416.50,409.00,409.00,0.00,6364691,2622595207,6447
2023-02-23,TWSE,3035,智原,182.00,192.00,181.00,188.50,7.50,33362670,6273312146,20905
2023-02-23,TWSE,3036,文曄,67.00,67.70,67.00,67.30,0.30,904226,60962374,737
2023-02-23,TWSE,3036A,文曄甲特,48.30,48.35,48.30,48.35,0.00,30508,1474936,23
2023-02-23,TWSE,3037,欣興,133.00,135.50,133.00,134.00,0.50,25471038,3413583017,15533
2023-02-23,TWSE,3038,全台,21.50,22.00,21.50,21.80,0.45,1644964,35850239,688
2023-02-23,TWSE,3040,遠見,31.80,32.80,31.80,32.10,0.60,52533,1685713,68
2023-02-23,TWSE,3041,揚智,22.10,22.40,22.10,22.25,0.25,692332,15401735,488
2023-02-23,TWSE,3042,晶技,86.50,87.00,86.50,86.50,-0.30,1004853,87055204,880
2023-02-23,TWSE,3043,科風,28.80,28.80,28.75,28.80,0.20,51040,1468663,127
2023-02-23,TWSE,3044,健鼎,102.50,103.00,101.50,103.00,0.50,825289,84476368,675
2023-02-23,TWSE,3045,台灣大,97.40,97.70,96.90,97.60,0.40,1680792,163732883,1195
2023-02-23,TWSE,3046,建碁,53.30,54.50,53.10,53.30,0.70,1640696,88096267,1194
2023-02-23,TWSE,3047,訊舟,15.65,15.80,15.65,15.75,0.15,2056631,32309111,780
2023-02-23,TWSE,3048,益登,28.45,28.65,28.45,28.60,0.30,368443,10511453,343
2023-02-23,TWSE,3049,精金,10.35,10.35,10.20,10.30,-0.05,4065015,41737523,1239
2023-02-23,TWSE,3050,鈺德,17.55,17.60,17.45,17.50,0.00,259026,4540406,156
2023-02-23,TWSE,3051,力特,19.40,19.40,19.10,19.10,-0.15,653776,12579150,381
2023-02-23,TWSE,3052,夆典,10.60,10.95,10.60,10.90,0.35,1056891,11426805,407
2023-02-23,TWSE,3054,立萬利,19.20,19.20,18.80,18.80,0.00,31055,584482,21
2023-02-23,TWSE,3055,蔚華科,31.95,31.95,31.20,31.55,0.40,490766,15545460,427
2023-02-23,TWSE,3056,富華新,32.45,32.70,32.45,32.60,0.25,698088,22762797,467
2023-02-23,TWSE,3057,喬鼎,11.75,11.80,11.55,11.60,-0.05,279502,3261115,579
2023-02-23,TWSE,3058,立德,13.90,15.25,13.65,15.10,1.20,5692360,83766169,2517
2023-02-23,TWSE,3059,華晶科,34.65,34.90,34.60,34.75,0.20,906918,31560726,626
2023-02-23,TWSE,3060,銘異,17.75,17.85,17.75,17.75,0.05,170516,3036180,459
2023-02-23,TWSE,3062,建漢,24.35,24.40,24.20,24.25,0.05,1749412,42513306,1018
2023-02-23,TWSE,3090,日電貿,56.10,56.60,56.10,56.50,0.30,370040,20902164,341
2023-02-23,TWSE,3092,鴻碩,38.75,39.25,38.75,39.00,0.25,371377,14473720,271
2023-02-23,TWSE,3094,聯傑,35.30,35.30,34.05,35.20,2.30,20131712,697725871,10577
2023-02-23,TWSE,3130,一零四,202.50,203.00,202.00,202.50,0.50,41490,8402059,233
2023-02-23,TWSE,3138,耀登,160.50,163.50,158.00,161.50,1.00,744022,119558925,1262
2023-02-23,TWSE,3149,正達,18.55,19.00,18.55,18.85,0.30,389549,7332966,269
2023-02-23,TWSE,3164,景岳,25.10,25.20,24.65,24.85,-0.60,368682,9200884,376
2023-02-23,TWSE,3167,大量,45.75,45.75,45.05,45.55,0.05,61543,2803125,60
2023-02-23,TWSE,3189,景碩,109.00,110.50,108.50,110.50,2.00,4520852,496085470,2656
2023-02-23,TWSE,3209,全科,43.40,43.65,42.90,43.15,0.00,2513612,108955538,1528
2023-02-23,TWSE,3229,晟鈦,19.75,19.75,19.70,19.75,-0.10,20022,395032,37
2023-02-23,TWSE,3231,緯創,31.75,32.30,31.75,32.20,0.45,18860700,605949743,8169
2023-02-23,TWSE,3257,虹冠電,48.10,48.20,47.85,48.05,-0.05,95187,4574339,101
2023-02-23,TWSE,3266,昇陽,12.00,12.10,12.00,12.00,0.00,83289,1003668,42
2023-02-23,TWSE,3296,勝德,18.00,18.15,17.50,17.60,-0.30,1446403,25598934,889
2023-02-23,TWSE,3305,昇貿,47.80,49.30,47.80,48.85,1.10,815408,39840789,685
2023-02-23,TWSE,3308,聯德,14.90,15.30,14.90,15.30,0.45,31782,477643,38
2023-02-23,TWSE,3311,閎暉,34.00,35.00,34.00,34.20,0.20,38338,1315029,128
2023-02-23,TWSE,3312,弘憶股,18.30,18.45,18.30,18.40,0.15,242149,4455659,209
2023-02-23,TWSE,3321,同泰,8.38,8.50,8.36,8.42,0.05,393995,3331151,438
2023-02-23,TWSE,3338,泰碩,35.60,36.25,35.60,36.20,0.60,229460,8265418,268
2023-02-23,TWSE,3346,麗清,38.90,39.45,38.80,38.80,-0.30,1102582,43059633,698
2023-02-23,TWSE,3356,奇偶,40.30,40.85,40.25,40.25,0.10,835841,33850121,595
2023-02-23,TWSE,3376,新日興,91.00,91.00,89.50,89.50,-0.50,439772,39510609,419
2023-02-23,TWSE,3380,明泰,32.20,32.90,31.95,32.50,0.60,6422481,209196958,3484
2023-02-23,TWSE,3406,玉晶光,399.50,403.00,392.50,393.00,2.00,2850974,1133308113,3169
2023-02-23,TWSE,3413,京鼎,201.50,205.00,201.50,204.50,4.50,552504,112670354,583
2023-02-23,TWSE,3416,融程電,95.10,95.90,94.50,94.80,-0.40,578116,54943582,542
2023-02-23,TWSE,3419,譁裕,20.00,20.10,19.80,19.85,-0.25,2742190,54612604,1425
2023-02-23,TWSE,3432,台端,19.55,19.90,19.20,19.30,-0.05,2292925,44955751,1156
2023-02-23,TWSE,3437,榮創,18.60,18.65,18.45,18.65,0.30,219165,4064868,264
2023-02-23,TWSE,3443,創意,1050.00,1115.00,1045.00,1115.00,100.00,5221187,5676374590,5923
2023-02-23,TWSE,3447,展達,46.00,47.35,45.80,46.90,1.25,433209,20283977,329
2023-02-23,TWSE,3450,聯鈞,40.70,41.25,40.70,41.20,0.45,169754,6970788,146
2023-02-23,TWSE,3454,晶睿,231.50,234.50,229.00,231.00,3.50,3837115,888528166,3423
2023-02-23,TWSE,3481,群創,15.10,15.15,14.55,14.70,-0.35,128960668,1908110109,36067
2023-02-23,TWSE,3494,誠研,11.70,11.80,11.45,11.55,-0.05,982914,11361349,538
2023-02-23,TWSE,3501,維熹,51.00,51.30,50.90,51.20,0.20,249743,12771761,139
2023-02-23,TWSE,3504,揚明光,84.70,85.50,84.30,84.40,0.20,655921,55611716,543
2023-02-23,TWSE,3515,華擎,156.50,168.00,156.50,168.00,15.00,6981688,1144030559,4891
2023-02-23,TWSE,3518,柏騰,21.30,21.60,21.20,21.45,0.20,165050,3528833,133
2023-02-23,TWSE,3528,安馳,54.60,55.50,53.80,55.00,0.80,228479,12518385,173
2023-02-23,TWSE,3530,晶相光,84.50,90.50,84.50,88.50,4.60,682487,60351916,749
2023-02-23,TWSE,3532,台勝科,152.00,153.00,151.00,152.50,2.00,949290,144291651,815
2023-02-23,TWSE,3533,嘉澤,818.00,850.00,808.00,839.00,21.00,1221573,1014155030,2006
2023-02-23,TWSE,3535,晶彩科,22.95,24.00,22.95,23.70,1.05,2813649,66183490,1267
2023-02-23,TWSE,3536,誠創,4.15,4.15,4.10,4.11,-0.03,60124,246773,19
2023-02-23,TWSE,3543,州巧,20.25,20.40,20.00,20.20,-0.05,46040,932772,68
2023-02-23,TWSE,3545,敦泰,73.80,74.60,73.30,74.20,1.00,2530342,187353052,2061
2023-02-23,TWSE,3550,聯穎,14.40,14.80,14.35,14.70,0.15,331264,4850067,210
2023-02-23,TWSE,3557,嘉威,60.00,63.60,60.00,62.50,2.70,434444,27055674,408
2023-02-23,TWSE,3563,牧德,176.00,178.50,175.50,176.00,0.00,327543,57778549,2415
2023-02-23,TWSE,3576,聯合再生,21.00,21.05,20.85,20.85,-0.10,4418876,92490531,1955
2023-02-23,TWSE,3583,辛耘,78.90,78.90,77.80,78.10,-0.40,267775,20932597,354
2023-02-23,TWSE,3588,通嘉,64.80,65.40,63.70,65.20,1.90,523112,33926077,466
2023-02-23,TWSE,3591,艾笛森,21.25,21.70,21.10,21.25,0.15,1184686,25333279,620
2023-02-23,TWSE,3592,瑞鼎,407.50,414.00,404.00,406.00,3.00,1041395,424996306,1212
2023-02-23,TWSE,3593,力銘,12.05,12.10,11.90,12.10,0.05,106652,1273348,122
2023-02-23,TWSE,3596,智易,106.00,107.00,105.50,106.50,0.00,880127,93466457,797
2023-02-23,TWSE,3605,宏致,34.10,34.80,34.00,34.70,0.75,282479,9725552,205
2023-02-23,TWSE,3607,谷崧,12.15,12.30,12.10,12.30,0.15,179946,2189494,169
2023-02-23,TWSE,3617,碩天,124.50,131.00,124.00,128.00,3.50,1950051,250198830,1759
2023-02-23,TWSE,3622,洋華,28.70,28.80,28.40,28.50,0.20,188807,5396548,128
2023-02-23,TWSE,3645,達邁,34.15,34.50,34.10,34.35,0.25,174881,5993701,208
2023-02-23,TWSE,3652,精聯,24.15,26.25,23.85,26.25,2.35,1991239,51879528,693
2023-02-23,TWSE,3653,健策,400.00,403.50,398.00,401.50,3.50,879585,352627841,888
2023-02-23,TWSE,3661,世芯-KY,922.00,980.00,919.00,958.00,58.00,8895636,8489137298,9619
2023-02-23,TWSE,3665,貿聯-KY,275.50,281.00,275.50,280.50,6.50,1856449,516656261,1791
2023-02-23,TWSE,3669,圓展,45.65,45.65,44.80,45.20,0.20,69001,3116846,61
2023-02-23,TWSE,3673,TPK-KY,34.35,35.35,34.35,35.05,1.10,11294296,394326308,6154
2023-02-23,TWSE,3679,新至陞,96.50,96.60,96.10,96.60,0.10,34078,3283292,36
2023-02-23,TWSE,3682,亞太電,6.22,6.25,6.22,6.23,-0.01,1584620,9876007,620
2023-02-23,TWSE,3686,達能,15.30,15.30,15.10,15.10,0.00,246733,3743837,313
2023-02-23,TWSE,3694,海華,20.30,20.50,20.30,20.50,0.15,113100,2311744,65
2023-02-23,TWSE,3701,大眾控,43.85,45.20,43.85,44.60,1.20,680641,30359662,486
2023-02-23,TWSE,3702,大聯大,49.20,49.40,49.20,49.20,0.00,1928566,94988319,1158
2023-02-23,TWSE,3702A,大聯大甲特,49.20,49.20,49.20,49.20,0.00,12038,592269,9
2023-02-23,TWSE,3703,欣陸,30.95,31.00,30.60,30.70,-0.10,1086560,33430052,687
2023-02-23,TWSE,3704,合勤控,39.15,39.90,39.10,39.55,0.65,3716006,146703535,2497
2023-02-23,TWSE,3705,永信,43.60,43.60,43.25,43.40,0.10,545037,23638812,370
2023-02-23,TWSE,3706,神達,31.00,31.35,31.00,31.20,0.20,2563245,80077493,1230
2023-02-23,TWSE,3708,上緯投控,109.00,116.00,108.50,112.50,2.50,6569377,740558521,4632
2023-02-23,TWSE,3711,日月光投控,103.00,104.50,102.00,103.50,1.00,12007622,1243222518,5093
2023-02-23,TWSE,3712,永崴投控,30.30,30.80,30.05,30.65,0.50,747763,22716553,403
2023-02-23,TWSE,3714,富采,49.20,51.20,49.20,50.10,0.95,3881487,195725574,2311
2023-02-23,TWSE,3715,定穎投控,17.95,18.10,17.90,18.10,0.25,819237,14739666,360
2023-02-23,TWSE,4104,佳醫,79.30,80.00,78.80,79.30,-0.40,673132,53409340,868
2023-02-23,TWSE,4106,雃博,31.90,32.25,31.65,31.90,0.10,707235,22564636,415
2023-02-23,TWSE,4108,懷特,19.25,19.50,19.25,19.45,0.20,174254,3378758,293
2023-02-23,TWSE,4119,旭富,112.00,112.50,109.50,111.00,-0.50,722108,80296093,679
2023-02-23,TWSE,4133,亞諾法,37.55,38.00,37.55,37.95,0.40,275237,10410247,239
2023-02-23,TWSE,4137,麗豐-KY,231.50,240.00,231.50,237.50,5.00,719125,170635007,713
2023-02-23,TWSE,4142,國光生,40.05,40.80,40.05,40.50,0.35,1136110,46003801,677
2023-02-23,TWSE,4148,全宇生技-KY,69.30,69.90,68.20,68.20,-0.90,274478,18848649,198
2023-02-23,TWSE,4155,訊映,33.35,33.85,33.05,33.05,-0.05,2263265,75676295,1215
2023-02-23,TWSE,4164,承業醫,58.40,61.40,57.70,60.70,2.30,4970853,299294813,2722
2023-02-23,TWSE,4190,佐登-KY,84.10,85.80,83.10,84.50,0.80,626041,52870043,540
2023-02-23,TWSE,4306,炎洲,14.75,14.85,14.70,14.80,0.10,957196,14139989,411
2023-02-23,TWSE,4426,利勤,25.80,26.25,25.75,26.10,0.40,236429,6152234,178
2023-02-23,TWSE,4438,廣越,121.00,122.50,120.00,121.50,1.50,101108,12306893,97
2023-02-23,TWSE,4439,冠星-KY,111.50,113.00,110.50,113.00,3.00,34565,3877426,44
2023-02-23,TWSE,4440,宜新實業,33.25,33.45,33.00,33.35,0.10,95093,3163598,82
2023-02-23,TWSE,4526,東台,16.95,17.20,16.80,16.90,0.15,1554301,26448577,695
2023-02-23,TWSE,4532,瑞智,17.35,17.35,17.20,17.30,-0.05,230780,3989045,125
2023-02-23,TWSE,4536,拓凱,225.50,229.50,220.50,223.50,-0.50,4365232,978890074,3558
2023-02-23,TWSE,4540,全球傳動,42.35,42.35,41.10,41.65,-0.15,116226,4838497,97
2023-02-23,TWSE,4545,銘鈺,31.00,32.75,30.90,32.20,1.40,335535,10750957,245
2023-02-23,TWSE,4551,智伸科,151.50,153.50,151.50,153.50,2.00,160370,24540848,160
2023-02-23,TWSE,4552,力達-KY,30.00,30.10,30.00,30.05,0.10,64244,1929140,67
2023-02-23,TWSE,4555,氣立,49.50,52.00,49.40,52.00,2.50,148559,7437767,102
2023-02-23,TWSE,4557,永新-KY,119.00,120.00,114.00,116.50,-0.50,898074,105243653,929
2023-02-23,TWSE,4560,強信-KY,38.50,39.45,38.50,38.75,0.25,65020,2516520,35
2023-02-23,TWSE,4562,穎漢,15.55,15.90,15.55,15.80,0.10,69508,1092772,50
2023-02-23,TWSE,4564,元翎,26.80,27.00,26.20,26.80,0.00,1752016,46499385,1122
2023-02-23,TWSE,4566,時碩工業,55.80,56.30,55.10,56.10,0.60,975341,54346811,641
2023-02-23,TWSE,4571,鈞興-KY,73.30,73.80,73.30,73.60,0.30,12050,885463,14
2023-02-23,TWSE,4572,駐龍,137.50,138.00,135.00,136.00,-0.50,173552,23661344,170
2023-02-23,TWSE,4576,大銀微系統,80.00,80.00,79.10,79.60,-0.30,71341,5667498,82
2023-02-23,TWSE,4581,光隆精密-KY,41.50,41.65,41.30,41.30,-0.05,28219,1172710,30
2023-02-23,TWSE,4583,台灣精銳,200.00,202.50,199.50,202.50,3.00,41388,8325817,48
2023-02-23,TWSE,4720,德淵,14.75,14.85,14.70,14.80,0.10,230941,3419137,137
2023-02-23,TWSE,4722,國精化,35.00,35.90,35.00,35.25,0.25,124475,4406141,115
2023-02-23,TWSE,4737,華廣,78.50,79.90,78.50,79.50,1.20,146210,11616298,145
2023-02-23,TWSE,4739,康普,102.00,103.50,102.00,103.00,1.00,606020,62364397,681
2023-02-23,TWSE,4746,台耀,71.10,73.30,70.80,72.70,2.10,3759441,271199109,2678
2023-02-23,TWSE,4755,三福化,130.00,133.00,128.50,131.00,1.00,684976,89566906,642
2023-02-23,TWSE,4763,材料*-KY,322.00,356.00,320.00,356.00,32.00,9349360,3189701861,7788
2023-02-23,TWSE,4764,雙鍵,55.90,58.50,55.90,56.70,1.20,89402,5079233,101
2023-02-23,TWSE,4766,南寶,138.50,139.50,138.50,139.00,0.50,40361,5606602,48
2023-02-23,TWSE,4770,上品,341.00,368.00,340.00,358.00,18.50,3176629,1134253624,3012
2023-02-23,TWSE,4807,日成-KY,22.10,22.10,21.75,21.90,-0.55,20032,440183,39
2023-02-23,TWSE,4904,遠傳,69.10,69.70,68.90,69.50,-0.10,4286432,297498920,2999
2023-02-23,TWSE,4906,正文,27.90,27.95,27.70,27.80,0.05,1325153,36862928,732
2023-02-23,TWSE,4912,聯德控股-KY,77.60,78.70,77.50,77.80,0.20,62271,4843284,113
2023-02-23,TWSE,4915,致伸,58.20,58.60,58.10,58.20,0.10,2757038,160660661,2011
2023-02-23,TWSE,4916,事欣科,31.30,31.35,30.30,30.40,-0.45,1291341,39573466,875
2023-02-23,TWSE,4919,新唐,143.00,150.00,142.50,149.50,7.00,14058710,2075144615,11214
2023-02-23,TWSE,4927,泰鼎-KY,62.50,63.30,62.00,62.80,0.50,1004195,62974044,679
2023-02-23,TWSE,4930,燦星網,29.80,29.85,29.55,29.60,0.00,167995,4976608,246
2023-02-23,TWSE,4934,太極,28.80,28.80,28.30,28.55,-0.25,1586050,45269763,763
2023-02-23,TWSE,4935,茂林-KY,58.00,58.70,58.00,58.60,0.60,102128,5957757,77
2023-02-23,TWSE,4938,和碩,68.20,68.50,68.10,68.50,0.30,2566616,175536354,1857
2023-02-23,TWSE,4942,嘉彰,38.30,38.50,38.20,38.40,0.15,156246,5995730,136
2023-02-23,TWSE,4943,康控-KY,13.70,13.70,13.20,13.30,0.10,100139,1328006,79
2023-02-23,TWSE,4952,凌通,54.80,55.40,54.60,55.30,1.00,850847,46880752,677
2023-02-23,TWSE,4956,光鋐,16.20,16.30,16.05,16.15,0.15,232778,3760843,204
2023-02-23,TWSE,4958,臻鼎-KY,114.50,114.50,112.50,114.00,-0.50,3475324,394860876,2299
2023-02-23,TWSE,4960,誠美材,13.00,13.05,12.60,12.65,-0.20,7357182,93773926,2304
2023-02-23,TWSE,4961,天鈺,170.50,174.00,167.00,168.50,-0.50,10601456,1805658790,21007
2023-02-23,TWSE,4967,十銓,46.90,49.70,46.60,49.70,4.50,9330418,454203492,4979
2023-02-23,TWSE,4968,立積,136.50,146.00,135.50,141.00,5.50,8243983,1171489439,6591
2023-02-23,TWSE,4976,佳凌,41.50,42.00,41.20,41.40,0.05,439462,18267201,399
2023-02-23,TWSE,4977,眾達-KY,109.50,112.50,108.00,111.50,2.00,6176422,682540839,3603
2023-02-23,TWSE,4989,榮科,27.25,27.50,27.25,27.40,0.15,139221,3810755,107
2023-02-23,TWSE,4994,傳奇,41.50,41.85,41.50,41.70,0.15,68107,2837861,65
2023-02-23,TWSE,4999,鑫禾,38.50,38.75,38.40,38.65,0.20,43456,1677882,85
2023-02-23,TWSE,5007,三星,51.80,51.80,51.20,51.40,-0.10,14435,744146,28
2023-02-23,TWSE,5203,訊連,93.20,93.60,92.20,93.00,0.00,667831,61988624,542
2023-02-23,TWSE,5215,科嘉-KY,50.00,50.20,49.80,49.80,0.40,56170,2806826,58
2023-02-23,TWSE,5222,全訊,150.00,153.00,147.50,148.50,0.00,1530833,229583726,1303
2023-02-23,TWSE,5225,東科-KY,38.05,38.65,37.65,38.05,0.05,554015,21083201,305
2023-02-23,TWSE,5234,達興材料,78.00,83.40,78.00,82.10,3.80,485174,39620379,406
2023-02-23,TWSE,5243,乙盛-KY,61.60,64.60,61.60,63.20,1.80,3710462,235520849,2349
2023-02-23,TWSE,5244,弘凱,31.90,31.90,31.30,31.60,-0.15,149424,4722010,145
2023-02-23,TWSE,5258,虹堡,88.80,94.80,88.00,94.10,7.80,55891843,5093809884,34491
2023-02-23,TWSE,5269,祥碩,990.00,1035.00,990.00,1015.00,43.00,1794885,1817064943,2312
2023-02-23,TWSE,5283,禾聯碩,113.50,114.50,113.50,114.50,1.00,104949,11968001,121
2023-02-23,TWSE,5284,jpp-KY,95.50,96.40,94.00,95.60,0.10,1181248,112352410,936
2023-02-23,TWSE,5285,界霖,79.90,79.90,78.50,79.00,0.50,513974,40592829,331
2023-02-23,TWSE,5288,豐祥-KY,176.00,179.00,176.00,178.00,2.50,49055,8717787,49
2023-02-23,TWSE,5306,桂盟,154.50,155.00,153.50,153.50,-1.00,74615,11513075,191
2023-02-23,TWSE,5388,中磊,84.50,84.80,84.00,84.80,0.40,2214997,187104804,1495
2023-02-23,TWSE,5434,崇越,178.00,182.50,178.00,181.50,4.00,986726,178404570,1095
2023-02-23,TWSE,5469,瀚宇博,34.40,34.70,34.40,34.60,0.35,889444,30767890,612
2023-02-23,TWSE,5471,松翰,55.00,55.50,54.70,55.40,0.90,314932,17408065,375
2023-02-23,TWSE,5484,慧友,13.50,13.65,13.30,13.45,0.15,138200,1857828,73
2023-02-23,TWSE,5515,建國,11.70,11.80,11.65,11.80,0.10,129954,1529737,98
2023-02-23,TWSE,5519,隆大,23.55,23.90,23.55,23.85,0.35,1064642,25314590,519
2023-02-23,TWSE,5521,工信,6.90,7.08,6.89,7.07,0.19,2148448,15065387,788
2023-02-23,TWSE,5522,遠雄,58.80,59.30,58.80,59.20,0.50,470509,27811138,368
2023-02-23,TWSE,5525,順天,24.30,24.35,24.30,24.35,0.15,53050,1289265,16
2023-02-23,TWSE,5531,鄉林,9.15,9.50,9.15,9.33,0.18,1010892,9475491,446
2023-02-23,TWSE,5533,皇鼎,17.40,17.70,17.40,17.70,0.30,268330,4722368,157
2023-02-23,TWSE,5534,長虹,75.50,75.60,75.20,75.40,-0.10,125810,9496666,168
2023-02-23,TWSE,5538,東明-KY,42.25,42.50,42.25,42.30,0.05,23035,975439,16
2023-02-23,TWSE,5546,永固-KY,43.30,44.30,43.25,44.10,0.80,23343,1020998,25
2023-02-23,TWSE,5607,遠雄港,54.80,55.70,54.80,55.30,0.60,311784,17289357,204
2023-02-23,TWSE,5608,四維航,24.95,26.60,24.95,26.10,1.50,30572398,793482007,14879
2023-02-23,TWSE,5706,鳳凰,68.80,73.00,68.70,70.90,2.10,7547010,535716832,6422
2023-02-23,TWSE,5871,中租-KY,227.00,228.00,224.00,225.00,-3.00,5203442,1174681700,4671
2023-02-23,TWSE,5871A,中租-KY甲特,99.50,99.60,99.40,99.50,0.00,62483,6216356,38
2023-02-23,TWSE,5876,上海商銀,47.65,48.00,47.60,47.85,0.20,3035649,145186563,1401
2023-02-23,TWSE,5880,合庫金,26.70,26.85,26.55,26.80,0.30,7612606,203653882,3567
2023-02-23,TWSE,5906,台南-KY,36.40,36.40,36.00,36.20,-0.50,14179,513489,21
2023-02-23,TWSE,5907,大洋-KY,17.60,17.80,17.45,17.60,0.00,145101,2561737,90
2023-02-23,TWSE,6005,群益證,12.00,12.10,11.95,12.05,0.10,2874909,34552338,840
2023-02-23,TWSE,6024,群益期,39.05,39.45,39.00,39.40,0.40,364009,14252579,361
2023-02-23,TWSE,6108,競國,16.80,17.05,16.80,17.05,0.25,225342,3820650,135
2023-02-23,TWSE,6112,邁達特,39.25,39.80,39.10,39.40,0.25,615262,24235183,631
2023-02-23,TWSE,6115,鎰勝,43.20,44.00,43.20,44.00,0.65,402129,17563520,281
2023-02-23,TWSE,6116,彩晶,13.15,13.20,12.80,12.85,-0.25,14660818,189972320,4165
2023-02-23,TWSE,6117,迎廣,14.60,14.65,14.45,14.45,0.05,81406,1183045,113
2023-02-23,TWSE,6120,達運,10.45,10.45,10.25,10.30,0.00,2239993,23180531,931
2023-02-23,TWSE,6128,上福,32.90,33.75,32.90,33.40,0.60,216659,7262901,142
2023-02-23,TWSE,6133,金橋,22.80,23.50,22.80,22.95,0.25,3138064,72792612,1089
2023-02-23,TWSE,6136,富爾特,18.55,18.90,18.55,18.80,0.30,382774,7181662,214
2023-02-23,TWSE,6139,亞翔,40.00,40.00,39.65,39.70,-0.15,991628,39428915,710
2023-02-23,TWSE,6141,柏承,19.65,19.65,19.55,19.55,-0.10,14104,276228,17
2023-02-23,TWSE,6142,友勁,12.35,12.40,12.20,12.25,-0.05,1784725,21925005,1686
2023-02-23,TWSE,6152,百一,10.00,10.15,10.00,10.15,0.05,333433,3363967,159
2023-02-23,TWSE,6153,嘉聯益,24.45,24.60,24.25,24.30,-0.15,2158788,52698080,998
2023-02-23,TWSE,6155,鈞寶,25.30,27.05,25.20,26.55,1.25,1218634,32119291,720
2023-02-23,TWSE,6164,華興,10.60,10.65,10.60,10.60,0.05,720035,7636428,208
2023-02-23,TWSE,6165,浪凡,34.30,34.55,33.60,34.05,-0.25,641257,21861874,461
2023-02-23,TWSE,6166,凌華,60.60,61.90,60.60,61.50,1.10,175043,10731610,149
2023-02-23,TWSE,6168,宏齊,21.70,22.10,21.55,21.90,0.20,1277003,27852205,734
2023-02-23,TWSE,6176,瑞儀,105.50,106.50,105.00,105.50,0.00,1068968,112834751,872
2023-02-23,TWSE,6177,達麗,30.45,31.20,30.45,31.10,0.65,1355639,41951009,451
2023-02-23,TWSE,6183,關貿,62.70,64.00,62.70,63.00,0.10,31126,1961377,100
2023-02-23,TWSE,6184,大豐電,49.10,49.10,49.10,49.10,0.15,12489,613236,19
2023-02-23,TWSE,6189,豐藝,39.00,39.25,39.00,39.25,0.25,258742,10140107,284
2023-02-23,TWSE,6191,精成科,30.00,30.40,29.90,30.20,0.60,2387254,72055641,1380
2023-02-23,TWSE,6192,巨路,74.10,74.80,74.00,74.50,0.70,64613,4800866,167
2023-02-23,TWSE,6196,帆宣,125.00,125.50,124.50,125.50,1.50,360076,45114530,410
2023-02-23,TWSE,6197,佳必琪,45.20,45.30,44.75,45.05,0.05,370321,16668686,316
2023-02-23,TWSE,6201,亞弘電,40.85,41.95,40.85,41.90,1.35,44172,1836154,47
2023-02-23,TWSE,6202,盛群,74.70,75.70,74.40,75.60,0.90,1285963,96532730,1039
2023-02-23,TWSE,6205,詮欣,96.30,97.30,93.80,95.50,-0.50,4877487,464554020,2909
2023-02-23,TWSE,6206,飛捷,72.30,72.70,72.20,72.40,0.10,226963,16439474,202
2023-02-23,TWSE,6209,今國光,26.25,26.25,26.00,26.00,-0.15,354531,9251982,268
2023-02-23,TWSE,6213,聯茂,76.00,76.70,75.50,76.60,0.90,1279265,97258806,1049
2023-02-23,TWSE,6214,精誠,75.80,76.20,75.50,75.50,0.00,257054,19478171,299
2023-02-23,TWSE,6215,和椿,27.30,27.45,27.05,27.05,-0.10,567570,15449766,456
2023-02-23,TWSE,6216,居易,26.35,26.55,26.30,26.55,0.20,172036,4556788,166
2023-02-23,TWSE,6224,聚鼎,66.30,67.00,66.00,66.70,0.70,200501,13352179,243
2023-02-23,TWSE,6225,天瀚,12.30,12.30,12.25,12.25,-0.15,9066,109770,24
2023-02-23,TWSE,6226,光鼎,11.80,11.95,11.70,11.75,0.10,487857,5768898,286
2023-02-23,TWSE,6230,尼得科超眾,121.00,121.00,119.00,120.50,1.00,43866,5268931,69
2023-02-23,TWSE,6235,華孚,54.00,55.80,53.30,54.80,0.80,42329867,2309921501,24203
2023-02-23,TWSE,6239,力成,87.10,87.90,87.10,87.60,0.10,968315,84913758,938
2023-02-23,TWSE,6243,迅杰,32.20,32.75,31.60,31.70,-0.10,449442,14444390,390
2023-02-23,TWSE,6257,矽格,52.90,53.30,52.90,53.20,0.50,1923378,102115567,1482
2023-02-23,TWSE,6269,台郡,98.10,98.80,98.00,98.00,0.00,1395737,137105545,1136
2023-02-23,TWSE,6271,同欣電,221.50,224.00,219.00,223.00,4.00,1829514,404267898,1718
2023-02-23,TWSE,6277,宏正,81.30,81.40,80.80,81.10,0.00,130124,10565646,117
2023-02-23,TWSE,6278,台表科,89.00,89.20,87.90,88.50,-0.20,3056043,270529621,2446
2023-02-23,TWSE,6281,全國電,84.10,84.30,83.90,84.20,0.10,24216,2038635,33
2023-02-23,TWSE,6282,康舒,39.50,39.70,38.70,38.90,-0.35,21799493,853964251,11278
2023-02-23,TWSE,6283,淳安,35.60,35.65,35.00,35.15,-0.20,470638,16563589,382
2023-02-23,TWSE,6285,啟碁,84.40,84.60,83.70,84.30,0.10,4393221,369525677,3325
2023-02-23,TWSE,6288,聯嘉,27.80,28.25,27.65,28.00,0.15,6935807,194101994,3371
2023-02-23,TWSE,6405,悅城,20.60,21.65,20.60,21.65,1.05,126000,2661450,60
2023-02-23,TWSE,6409,旭隼,1660.00,1700.00,1645.00,1670.00,30.00,165486,277697140,349
2023-02-23,TWSE,6412,群電,77.50,78.80,77.50,78.10,0.40,192711,15059233,178
2023-02-23,TWSE,6414,樺漢,230.50,233.00,230.00,232.00,2.00,387215,89683028,434
2023-02-23,TWSE,6415,矽力*-KY,587.00,604.00,584.00,584.00,4.00,2331609,1377891863,2119
2023-02-23,TWSE,6416,瑞祺電通,92.70,93.60,92.70,93.20,0.60,55159,5143424,68
2023-02-23,TWSE,6426,統新,63.00,63.60,63.00,63.30,0.30,57301,3624724,78
2023-02-23,TWSE,6431,光麗-KY,20.25,20.30,20.10,20.25,0.00,16000,323150,15
2023-02-23,TWSE,6438,迅得,99.40,100.00,99.00,99.90,0.90,220058,21937328,243
2023-02-23,TWSE,6442,光聖,51.00,51.80,50.00,51.20,1.20,1127655,57366142,800
2023-02-23,TWSE,6443,元晶,37.30,37.80,37.25,37.75,0.50,6803668,255360834,3491
2023-02-23,TWSE,6449,鈺邦,45.20,45.45,45.20,45.40,0.10,19381,879050,67
2023-02-23,TWSE,6451,訊芯-KY,86.90,87.10,86.20,86.80,0.70,151138,13097366,122
2023-02-23,TWSE,6456,GIS-KY,86.80,87.30,86.60,86.70,0.40,916772,79651636,578
2023-02-23,TWSE,6464,台數科,90.00,90.00,89.80,89.80,-0.10,14340,1289089,23
2023-02-23,TWSE,6477,安集,47.60,48.75,47.60,48.50,1.05,2039696,98529700,1218
2023-02-23,TWSE,6491,晶碩,455.50,469.00,455.50,467.50,14.50,405058,187979358,538
2023-02-23,TWSE,6504,南六,72.60,72.90,72.10,72.90,0.40,55089,3987493,46
2023-02-23,TWSE,6505,台塑化,85.30,85.90,84.80,85.00,-0.10,1603218,136848462,1106
2023-02-23,TWSE,6515,穎崴,535.00,568.00,522.00,568.00,51.00,1836391,1009149249,1978
2023-02-23,TWSE,6525,捷敏-KY,73.30,74.50,73.20,74.30,1.00,167285,12373957,157
2023-02-23,TWSE,6531,愛普*,270.00,292.00,270.00,289.50,23.00,17532771,4958557731,15538
2023-02-23,TWSE,6533,晶心科,525.00,555.00,524.00,541.00,24.00,3938308,2126326468,4333
2023-02-23,TWSE,6541,泰福-KY,38.20,38.35,37.00,37.40,-0.85,2697062,101407287,2089
2023-02-23,TWSE,6550,北極星藥業-KY,98.30,100.50,97.60,99.10,2.70,3095642,306508611,2652
2023-02-23,TWSE,6552,易華電,39.25,39.80,39.25,39.40,0.15,178290,7058095,211
2023-02-23,TWSE,6558,興能高,25.90,26.10,25.45,25.50,0.10,277199,7122567,272
2023-02-23,TWSE,6573,虹揚-KY,13.65,14.00,13.60,13.80,0.20,157100,2166771,92
2023-02-23,TWSE,6579,研揚,97.00,97.20,95.90,96.70,1.00,123037,11896148,177
2023-02-23,TWSE,6581,鋼聯,103.00,106.50,103.00,105.50,3.00,293252,30873523,289
2023-02-23,TWSE,6582,申豐,67.80,68.80,65.20,65.70,-2.10,1088423,72477377,1559
2023-02-23,TWSE,6585,鼎基,66.40,67.40,65.80,67.00,0.50,297487,19824254,160
2023-02-23,TWSE,6591,動力-KY,45.20,45.70,45.20,45.40,0.35,87410,3966271,131
2023-02-23,TWSE,6592,和潤企業,110.00,111.00,109.50,110.00,0.50,354246,39072475,328
2023-02-23,TWSE,6592A,和潤企業甲特,98.00,98.00,98.00,98.00,0.10,7098,695604,11
2023-02-23,TWSE,6598,ABC-KY,28.15,29.25,28.15,28.75,0.85,564708,16305166,403
2023-02-23,TWSE,6605,帝寶,88.20,88.70,87.50,88.00,0.40,911082,80147448,697
2023-02-23,TWSE,6625,必應,49.45,49.55,48.30,48.30,-0.75,416359,20272518,359
2023-02-23,TWSE,6641,基士德-KY,55.00,56.20,55.00,55.30,0.30,28117,1565627,28
2023-02-23,TWSE,6655,科定,127.50,128.50,127.50,128.50,2.00,19012,2436542,15
2023-02-23,TWSE,6666,羅麗芬-KY,103.50,104.50,97.70,97.80,-1.40,2474604,248451890,1876
2023-02-23,TWSE,6668,中揚光,41.15,41.95,41.15,41.40,0.25,142491,5928220,187
2023-02-23,TWSE,6669,緯穎,856.00,908.00,856.00,908.00,82.00,3182622,2827254919,4276
2023-02-23,TWSE,6670,復盛應用,237.50,248.00,237.50,246.00,11.00,1574475,383957772,1526
2023-02-23,TWSE,6671,三能-KY,38.50,39.90,38.25,39.90,1.80,28000,1077500,19
2023-02-23,TWSE,6672,騰輝電子-KY,83.10,83.90,83.10,83.50,0.90,232438,19411972,254
2023-02-23,TWSE,6674,鋐寶科技,27.20,27.25,26.40,27.25,0.05,27249,729008,34
2023-02-23,TWSE,6689,伊雲谷,127.00,130.00,127.00,128.00,1.00,248050,31965365,308
2023-02-23,TWSE,6691,洋基工程,281.50,293.50,281.00,292.00,15.00,1667497,480152187,1468
2023-02-23,TWSE,6695,芯鼎,45.00,45.60,44.55,45.15,0.15,266148,11983002,174
2023-02-23,TWSE,6698,旭暉應材,32.00,32.80,31.75,32.65,1.30,186299,6024113,161
2023-02-23,TWSE,6706,惠特,97.10,97.80,96.50,97.70,1.50,297474,28979144,290
2023-02-23,TWSE,6715,嘉基,154.50,155.00,148.50,152.00,-1.00,1627728,246714482,1119
2023-02-23,TWSE,6719,力智,291.00,301.50,291.00,296.00,7.50,2424021,720364140,2610
2023-02-23,TWSE,6743,安普新,43.50,44.20,43.30,43.90,0.45,142978,6261387,115
2023-02-23,TWSE,6754,匯僑設計,47.90,47.95,47.85,47.90,0.25,45010,2156890,39
2023-02-23,TWSE,6756,威鋒電子,216.00,225.00,216.00,224.50,9.50,889010,197877352,977
2023-02-23,TWSE,6768,志強-KY,72.40,72.40,71.60,71.70,-0.30,480647,34523921,374
2023-02-23,TWSE,6770,力積電,33.50,33.75,33.50,33.65,0.25,9807546,330090487,5015
2023-02-23,TWSE,6776,展碁國際,41.00,41.70,40.90,41.60,0.75,157304,6508362,120
2023-02-23,TWSE,6781,AES-KY,823.00,849.00,819.00,831.00,20.00,781745,653119610,1089
2023-02-23,TWSE,6782,視陽,370.50,388.50,370.50,383.00,8.00,911159,346036519,1087
2023-02-23,TWSE,6789,采鈺,241.00,242.50,236.00,240.00,-1.00,1384584,331662106,1709
2023-02-23,TWSE,6790,永豐實,37.75,37.80,37.50,37.50,0.10,129153,4861231,109
2023-02-23,TWSE,6792,詠業,80.90,81.50,80.80,81.10,0.40,43420,3521199,48
2023-02-23,TWSE,6796,晉弘,101.00,104.50,100.00,102.00,2.30,581109,59394560,498
2023-02-23,TWSE,6799,來頡,128.00,136.50,127.50,133.50,6.00,1116567,148485234,924
2023-02-23,TWSE,6806,森崴能源,87.00,88.60,86.80,88.60,2.60,2637686,231360378,2067
2023-02-23,TWSE,6807,峰源-KY,24.75,25.35,24.75,24.95,0.10,35161,879730,23
2023-02-23,TWSE,6830,汎銓,130.50,137.50,128.00,137.50,7.50,652062,86733083,630
2023-02-23,TWSE,6834,天二科技,27.40,27.55,27.05,27.55,0.15,76082,2086396,48
2023-02-23,TWSE,6835,圓裕,42.50,43.20,42.40,42.80,0.30,158330,6778354,126
2023-02-23,TWSE,6854,錼創科技-KY創,107.50,108.00,104.50,104.50,-3.50,115000,12192000,82
2023-02-23,TWSE,8011,台通,14.70,14.75,14.60,14.60,-0.05,231715,3398256,435
2023-02-23,TWSE,8016,矽創,237.50,242.00,235.00,236.50,3.50,3697911,880788562,3089
2023-02-23,TWSE,8021,尖點,29.40,29.65,29.35,29.60,0.20,302439,8930741,494
2023-02-23,TWSE,8028,昇陽半導體,57.50,58.00,57.40,57.50,0.20,889866,51294489,714
2023-02-23,TWSE,8033,雷虎,57.10,59.00,55.00,58.00,0.30,19405879,1107002542,11862
2023-02-23,TWSE,8039,台虹,42.35,42.75,42.35,42.60,0.30,153906,6549945,209
2023-02-23,TWSE,8046,南電,240.00,244.00,238.50,243.00,3.00,4246784,1025648725,3857
2023-02-23,TWSE,8070,長華*,33.15,33.35,33.05,33.05,0.00,718111,23821543,446
2023-02-23,TWSE,8072,陞泰,26.60,26.95,26.60,26.65,0.05,230552,6160528,169
2023-02-23,TWSE,8081,致新,172.50,177.50,172.50,176.50,4.50,909032,159403121,853
2023-02-23,TWSE,8101,華冠,5.98,6.00,5.92,5.97,0.08,100244,597258,63
2023-02-23,TWSE,8103,瀚荃,35.30,35.45,35.00,35.30,0.05,178318,6283405,142
2023-02-23,TWSE,8104,錸寶,40.15,40.20,39.70,39.80,0.45,315934,12609522,227
2023-02-23,TWSE,8105,凌巨,14.85,14.95,14.70,14.80,0.10,3378726,50007398,1283
2023-02-23,TWSE,8110,華東,12.80,13.00,12.80,12.85,0.10,558846,7202476,281
2023-02-23,TWSE,8112,至上,38.60,38.80,38.55,38.65,0.05,1543369,59638155,945
2023-02-23,TWSE,8112A,至上甲特,41.75,41.75,41.70,41.75,0.05,6904,288140,23
2023-02-23,TWSE,8114,振樺電,119.50,122.00,119.00,122.00,3.00,480087,57979848,410
2023-02-23,TWSE,8131,福懋科,41.70,42.90,41.70,42.60,1.35,1369639,58098682,958
2023-02-23,TWSE,8150,南茂,36.70,37.20,36.55,37.00,0.45,3941184,145375464,2501
2023-02-23,TWSE,8163,達方,41.00,41.30,41.00,41.00,0.00,348538,14323209,292
2023-02-23,TWSE,8201,無敵,11.00,11.10,10.85,11.05,0.15,95168,1047268,64
2023-02-23,TWSE,8210,勤誠,83.00,86.80,83.00,86.80,4.10,1323055,113461444,1076
2023-02-23,TWSE,8213,志超,38.75,39.05,38.75,39.00,0.15,361657,14080317,325
2023-02-23,TWSE,8215,明基材,37.05,37.20,36.70,36.95,0.05,1744005,64450907,1106
2023-02-23,TWSE,8222,寶一,33.55,33.95,33.10,33.45,-0.15,9595719,320723509,4947
2023-02-23,TWSE,8249,菱光,27.90,27.90,27.55,27.70,0.15,125290,3469522,132
2023-02-23,TWSE,8261,富鼎,110.00,111.00,109.50,110.00,0.50,1564321,172089133,1335
2023-02-23,TWSE,8271,宇瞻,46.80,47.55,46.70,47.20,0.80,1257776,59187780,1178
2023-02-23,TWSE,8341,日友,165.00,166.50,163.50,166.00,1.50,429375,70856506,1243
2023-02-23,TWSE,8367,建新國際,41.50,42.25,41.50,41.95,1.25,144357,6057956,94
2023-02-23,TWSE,8374,羅昇,29.75,30.05,29.75,30.00,0.10,20017,598876,45
2023-02-23,TWSE,8404,百和興業-KY,28.00,28.15,27.90,27.90,-0.10,100992,2826534,83
2023-02-23,TWSE,8411,福貞-KY,15.20,15.70,15.00,15.60,0.40,652896,10133319,255
2023-02-23,TWSE,8422,可寧衛*,187.00,188.50,187.00,188.00,1.00,79149,14879610,190
2023-02-23,TWSE,8429,金麗-KY,10.90,10.95,10.85,10.85,0.05,214184,2333404,406
2023-02-23,TWSE,8438,昶昕,25.30,25.40,25.20,25.25,-0.15,31000,785200,22
2023-02-23,TWSE,8442,威宏-KY,75.00,75.40,74.40,74.40,-0.20,99101,7413569,79
2023-02-23,TWSE,8443,阿瘦,11.50,11.55,11.45,11.50,0.05,125660,1446774,210
2023-02-23,TWSE,8454,富邦媒,786.00,788.00,771.00,780.00,-4.00,705055,549394506,1599
2023-02-23,TWSE,8462,柏文,136.50,142.50,136.50,141.00,4.00,177389,24948640,232
2023-02-23,TWSE,8463,潤泰材,24.00,24.60,23.90,24.50,0.50,126072,3067287,82
2023-02-23,TWSE,8464,億豐,321.00,329.00,321.00,329.00,9.00,315813,103233292,373
2023-02-23,TWSE,8466,美吉吉-KY,40.40,40.70,40.40,40.60,0.00,27000,1095450,21
2023-02-23,TWSE,8467,波力-KY,56.00,56.30,55.30,56.00,-0.30,53240,2972008,51
2023-02-23,TWSE,8473,山林水,32.50,33.85,32.05,32.65,0.70,1134050,37208000,1022
2023-02-23,TWSE,8478,東哥遊艇,378.00,404.50,375.00,390.50,19.50,11247819,4369893776,11510
2023-02-23,TWSE,8481,政伸,58.30,58.40,57.80,58.00,0.00,25178,1462559,26
2023-02-23,TWSE,8482,商億-KY,72.30,73.10,72.30,72.90,0.50,21235,1547860,20
2023-02-23,TWSE,8488,吉源-KY,15.35,15.70,15.25,15.60,0.05,25000,384750,21
2023-02-23,TWSE,8499,鼎炫-KY,104.00,107.00,103.50,105.50,2.00,37395,3957102,52
2023-02-23,TWSE,8926,台汽電,36.20,36.45,36.20,36.30,0.10,316357,11493820,295
2023-02-23,TWSE,8940,新天地,25.90,26.55,25.30,25.55,-0.35,2735344,70462622,1865
2023-02-23,TWSE,8996,高力,242.00,245.00,233.00,234.00,-8.00,13890045,3293631596,9645
2023-02-23,TWSE,9103,美德醫療-DR,7.26,7.31,7.22,7.27,0.07,970523,7039282,314
2023-02-23,TWSE,910322,康師傅-DR,25.20,25.30,25.15,25.30,0.30,7000,176550,7
2023-02-23,TWSE,9105,泰金寶-DR,4.16,4.16,4.12,4.13,-0.01,817904,3375623,211
2023-02-23,TWSE,910861,神州-DR,7.30,7.46,7.30,7.38,0.08,23050,169320,17
2023-02-23,TWSE,9110,越南控-DR,3.18,3.30,3.16,3.26,-0.04,91000,291310,38
2023-02-23,TWSE,911608,明輝-DR,2.37,2.37,2.35,2.37,0.00,16000,37740,11
2023-02-23,TWSE,911622,泰聚亨-DR,5.10,5.14,5.06,5.13,0.03,50000,255090,14
2023-02-23,TWSE,911868,同方友友-DR,1.15,1.16,1.12,1.12,-0.02,307001,349981,48
2023-02-23,TWSE,912000,晨訊科-DR,2.22,2.22,2.20,2.20,-0.01,101400,223958,35
2023-02-23,TWSE,9136,巨騰-DR,6.33,6.37,6.33,6.34,0.01,134031,851216,42
2023-02-23,TWSE,9802,鈺齊-KY,132.00,133.50,131.00,132.00,1.00,965972,127597052,817
2023-02-23,TWSE,9902,台火,13.30,13.60,13.20,13.35,0.05,453591,6062083,292
2023-02-23,TWSE,9904,寶成,33.60,33.70,33.45,33.45,-0.10,4776710,160110506,1988
2023-02-23,TWSE,9905,大華,24.55,24.65,24.50,24.55,0.00,47258,1161206,61
2023-02-23,TWSE,9906,欣巴巴,48.10,48.15,48.05,48.15,0.10,58054,2792219,45
2023-02-23,TWSE,9907,統一實,17.45,17.50,17.30,17.50,0.10,1731333,30193053,774
2023-02-23,TWSE,9908,大台北,31.20,31.35,31.20,31.25,0.05,64277,2008710,95
2023-02-23,TWSE,9910,豐泰,183.00,184.50,183.00,183.50,0.00,561449,103253336,663
2023-02-23,TWSE,9911,櫻花,64.40,64.70,64.30,64.70,0.30,115081,7431059,176
2023-02-23,TWSE,9912,偉聯,10.55,10.55,10.20,10.45,0.05,86255,893909,145
2023-02-23,TWSE,9914,美利達,181.50,183.00,181.00,181.50,0.00,418430,76030727,456
2023-02-23,TWSE,9917,中保科,100.50,101.00,100.00,100.50,0.00,287722,28916107,312
2023-02-23,TWSE,9918,欣天然,42.00,42.25,42.00,42.25,0.20,10916,460483,23
2023-02-23,TWSE,9919,康那香,17.50,17.70,17.50,17.60,0.15,725837,12781830,360
2023-02-23,TWSE,9921,巨大,206.50,209.00,206.50,207.50,1.00,957078,198946479,896
2023-02-23,TWSE,9924,福興,42.75,42.75,42.65,42.75,0.10,132693,5666067,112
2023-02-23,TWSE,9925,新保,40.50,40.55,40.45,40.45,0.05,147197,5958272,117
2023-02-23,TWSE,9926,新海,51.60,51.70,51.60,51.70,-0.10,3035,156813,4
2023-02-23,TWSE,9927,泰銘,39.40,39.80,39.40,39.55,0.20,109850,4353515,156
2023-02-23,TWSE,9928,中視,19.95,20.15,19.80,19.80,-0.10,157220,3135771,124
2023-02-23,TWSE,9929,秋雨,9.23,9.44,9.23,9.30,0.07,86001,797030,37
2023-02-23,TWSE,9930,中聯資源,47.00,47.10,46.85,47.05,0.15,70792,3329032,77
2023-02-23,TWSE,9931,欣高,39.20,39.20,39.20,39.20,0.05,4515,176988,14
2023-02-23,TWSE,9933,中鼎,44.35,45.15,44.35,44.65,0.45,2005771,89896049,1508
2023-02-23,TWSE,9934,成霖,13.15,13.30,13.15,13.30,0.15,361246,4787269,103
2023-02-23,TWSE,9935,慶豐富,17.95,19.65,17.90,19.65,1.75,1983002,37759957,712
2023-02-23,TWSE,9937,全國,58.10,59.20,58.10,58.70,0.60,84309,4958563,105
2023-02-23,TWSE,9938,百和,62.50,63.10,62.00,62.50,-0.20,770446,48110853,643
2023-02-23,TWSE,9939,宏全,95.70,98.40,95.70,96.40,0.80,2793995,271732497,2097
2023-02-23,TWSE,9940,信義,28.50,28.70,28.30,28.50,-0.30,452812,12895996,447
2023-02-23,TWSE,9941,裕融,170.00,171.00,169.50,170.00,1.00,704329,119824449,983
2023-02-23,TWSE,9941A,裕融甲特,50.40,50.50,50.40,50.50,-0.10,4022,203022,4
2023-02-23,TWSE,9942,茂順,120.50,123.00,119.50,122.00,2.00,344729,41998051,309
2023-02-23,TWSE,9943,好樂迪,68.80,69.40,68.60,69.00,0.40,132529,9129748,186
2023-02-23,TWSE,9944,新麗,20.40,20.55,20.35,20.55,0.10,102801,2105058,83
2023-02-23,TWSE,9945,潤泰新,44.25,44.75,44.15,44.50,0.30,5138208,228813598,2603
2023-02-23,TWSE,9946,三發地產,12.05,12.35,12.05,12.25,0.20,180581,2201673,137
2023-02-23,TWSE,9955,佳龍,21.60,21.65,21.20,21.30,-0.45,853251,18190384,553
2023-02-23,TWSE,9958,世紀鋼,106.00,107.00,105.00,106.50,0.50,1942796,206465011,1810
2023-02-23,TPEx,006201,元大富櫃50,17.43,17.90,17.43,17.90,+0.49,420361,7485035,75
2023-02-23,TPEx,00679B,元大美債20年,31.03,31.09,30.96,30.96,0.00,13565966,420699359,6136
2023-02-23,TPEx,00687B,國泰20年美債,32.20,32.21,32.04,32.05,+0.05,4469927,143700886,526
2023-02-23,TPEx,00694B,富邦美債1-3,38.06,38.06,37.91,37.91,-0.19,283155,10742656,30
2023-02-23,TPEx,00695B,富邦美債7-10,33.62,33.62,33.53,33.55,-0.11,405100,13600140,73
2023-02-23,TPEx,00696B,富邦美債20年,32.50,32.55,32.38,32.39,+0.06,1575903,51086152,299
2023-02-23,TPEx,00697B,元大美債7-10,35.05,35.05,34.90,34.91,-0.07,404764,14138487,130
2023-02-23,TPEx,00718B,富邦中國政策債,19.81,19.81,19.79,19.79,-0.05,15209,301126,35
2023-02-23,TPEx,00719B,元大美債1-3,30.23,30.24,30.06,30.08,-0.17,542234,16338830,176
2023-02-23,TPEx,00720B,元大投資級公司債,33.93,33.97,33.50,33.57,-0.31,28397777,957204130,19382
2023-02-23,TPEx,00721B,元大中國債3-5,45.48,45.48,45.30,45.30,-0.14,21488,975454,8
2023-02-23,TPEx,00722B,群益15年IG電信債,36.50,36.50,36.23,36.25,-0.07,356304,12926942,956
2023-02-23,TPEx,00723B,群益15年IG科技債,32.14,32.14,32.00,32.00,-0.04,111200,3558830,16
2023-02-23,TPEx,00724B,群益10年IG金融債,32.75,32.75,32.60,32.63,-0.06,410268,13387736,297
2023-02-23,TPEx,00725B,國泰投資級公司債,35.10,35.12,34.90,34.92,-0.05,9840844,344248799,2312
2023-02-23,TPEx,00726B,國泰5Y+新興債,32.79,32.79,32.60,32.61,-0.26,296221,9674244,124
2023-02-23,TPEx,00727B,國泰1-5Y非投等債,36.68,36.70,36.62,36.67,-0.01,167091,6127383,25
2023-02-23,TPEx,00734B,台新JPM新興債,15.21,15.21,15.14,15.14,-0.07,1052987,15953886,59
2023-02-23,TPEx,00740B,富邦全球投等債,37.67,37.67,37.50,37.54,-0.08,1525469,57282635,287
2023-02-23,TPEx,00741B,富邦全球非投等債,35.64,35.64,35.48,35.51,-0.03,115392,4098144,23
2023-02-23,TPEx,00744B,國泰中國政金債5+,42.59,42.59,42.59,42.59,-0.12,101186,4309567,4
2023-02-23,TPEx,00746B,富邦A級公司債,35.33,35.33,35.12,35.17,-0.06,191173,6720931,43
2023-02-23,TPEx,00749B,凱基新興債10+,30.71,30.71,30.61,30.62,-0.09,136000,4165420,26
2023-02-23,TPEx,00750B,凱基科技債10+,33.10,33.10,33.10,33.10,-0.02,100000,3310000,2
2023-02-23,TPEx,00751B,元大AAA至A公司債,33.90,33.90,33.70,33.71,-0.08,10061686,339670198,5741
2023-02-23,TPEx,00754B,群益AAA-AA公司債,35.38,35.38,35.24,35.24,-0.04,111000,3911780,11
2023-02-23,TPEx,00755B,群益15年IG公用債,33.37,33.37,33.27,33.27,-0.10,141127,4698484,30
2023-02-23,TPEx,00756B,群益15年EM主權債,31.29,31.30,31.12,31.17,-0.15,278478,8680943,1069
2023-02-23,TPEx,00758B,FH能源債,49.69,49.69,49.65,49.65,,102395,5083956,6
2023-02-23,TPEx,00759B,FH製藥債,54.50,54.50,54.20,54.20,,102111,5534738,5
2023-02-23,TPEx,00760B,FH新興企業債,51.40,51.40,51.00,51.05,,873550,44613828,496
2023-02-23,TPEx,00761B,國泰A級公司債,35.68,35.69,35.41,35.45,-0.06,773437,27479656,1081
2023-02-23,TPEx,00764B,群益25年美債,32.18,32.21,32.06,32.06,+0.04,115321,3698170,17
2023-02-23,TPEx,00765B,群益中國政金債,39.55,39.55,39.48,39.48,-0.10,104148,4111930,7
2023-02-23,TPEx,00768B,FH20年美債,54.10,54.10,54.00,54.00,+0.15,102127,5515023,7
2023-02-23,TPEx,00772B,中信高評級公司債,34.33,34.33,34.13,34.15,-0.05,13123077,448547489,8276
2023-02-23,TPEx,00773B,中信優先金融債,34.86,34.91,34.70,34.72,-0.11,5146100,178941687,2786
2023-02-23,TPEx,00777B,凱基AAA至A公司債,33.75,33.75,33.75,33.75,-0.08,100000,3375000,2
2023-02-23,TPEx,00778B,凱基金融債20+,34.36,34.36,34.36,34.36,-0.15,100000,3436000,2
2023-02-23,TPEx,00779B,凱基美債25+,32.59,32.59,32.37,32.39,0.00,113000,3660660,7
2023-02-23,TPEx,00780B,國泰A級金融債,34.87,34.87,34.69,34.71,-0.12,1621439,56343653,1029
2023-02-23,TPEx,00781B,國泰A級科技債,31.94,32.02,31.90,31.94,+0.18,273000,8725870,16
2023-02-23,TPEx,00782B,國泰A級公用債,32.17,32.17,32.04,32.07,-0.04,167500,5372259,38
2023-02-23,TPEx,00784B,富邦中國投等債,35.33,35.33,35.29,35.29,-0.19,105002,3706720,7
2023-02-23,TPEx,00785B,富邦金融投等債,33.59,33.59,33.56,33.58,-0.12,101471,3406888,13
2023-02-23,TPEx,00786B,元大10年IG銀行債,32.59,32.59,32.43,32.44,-0.08,249000,8077500,27
2023-02-23,TPEx,00787B,元大10年IG醫療債,33.92,33.92,33.77,33.78,-0.02,320000,10808810,19
2023-02-23,TPEx,00788B,元大10年IG電能債,31.33,31.33,31.17,31.18,-0.03,225000,7015500,19
2023-02-23,TPEx,00789B,FH公司債A3,50.50,50.55,50.50,50.55,+0.20,333000,16816850,17
2023-02-23,TPEx,00790B,FH次順位IG金融債,51.55,51.55,51.55,51.55,-0.20,100000,5155000,2
2023-02-23,TPEx,00791B,FH美元信用債1-5Y,51.85,51.85,51.70,51.70,-0.25,101000,5221850,5
2023-02-23,TPEx,00792B,群益A級公司債,32.62,32.62,32.62,32.62,-0.03,100000,3262000,2
2023-02-23,TPEx,00793B,群益AAA-A醫療債,32.42,32.42,32.37,32.38,-0.04,118131,3826509,22
2023-02-23,TPEx,00794B,群益7+中國政金債,39.66,39.66,39.52,39.52,-0.25,143200,5673080,26
2023-02-23,TPEx,00795B,中信美國公債20年,31.19,31.20,31.04,31.06,+0.01,2024937,62921217,499
2023-02-23,TPEx,00799B,國泰A級醫療債,32.42,32.43,32.31,32.36,-0.08,189511,6131891,32
2023-02-23,TPEx,00831B,新光美債1-3,36.90,36.90,36.90,36.90,-0.15,2000,73800,2
2023-02-23,TPEx,00834B,第一金金融債10+,33.00,33.12,33.00,33.04,+0.02,211000,6971770,40
2023-02-23,TPEx,00836B,永豐10年A公司債,29.98,30.00,29.95,29.95,+0.13,114000,3417430,16
2023-02-23,TPEx,00840B,凱基IG精選15+,30.63,30.63,30.63,30.63,-0.03,100000,3063000,2
2023-02-23,TPEx,00841B,凱基AAA-AA公司債,30.58,30.58,30.58,30.58,-0.03,100000,3058000,4
2023-02-23,TPEx,00842B,台新美元銀行債,31.65,31.66,31.65,31.66,-0.06,102000,3228310,4
2023-02-23,TPEx,00844B,新光15年IG金融債,31.05,31.05,31.05,31.05,-0.15,2000,62100,2
2023-02-23,TPEx,00845B,富邦新興投等債,30.63,30.63,30.45,30.45,-0.22,107199,3264540,9
2023-02-23,TPEx,00846B,富邦歐洲銀行債,31.84,31.84,31.78,31.78,-0.24,52083,1658215,6
2023-02-23,TPEx,00847B,中信美國市政債,27.31,27.32,27.23,27.23,-0.03,231000,6292040,18
2023-02-23,TPEx,00848B,中信新興亞洲債,32.61,32.62,32.55,32.55,-0.07,137007,4463951,13
2023-02-23,TPEx,00849B,中信EM主權債0-5,35.16,35.16,35.06,35.06,-0.15,103289,3626643,7
2023-02-23,TPEx,00853B,統一美債10年Aa-A,28.40,28.40,28.27,28.27,0.00,1207000,34162240,44
2023-02-23,TPEx,00856B,永豐1-3年美公債,37.05,37.05,36.90,36.90,-0.16,102000,3767950,4
2023-02-23,TPEx,00857B,永豐20年美公債,27.10,27.10,26.98,26.99,+0.04,382063,10326487,98
2023-02-23,TPEx,00858,永豐美國500大,24.96,24.98,24.95,24.96,0.00,197190,4921411,66
2023-02-23,TPEx,00859B,群益0-1年美債,39.00,39.02,38.83,38.83,-0.21,159000,6184600,6
2023-02-23,TPEx,00860B,群益1-5年IG債,36.03,36.03,36.03,36.03,-0.18,100615,3625224,4
2023-02-23,TPEx,00862B,中信投資級公司債,30.86,30.86,30.71,30.72,-0.04,762539,23430912,428
2023-02-23,TPEx,00863B,中信全球電信債,31.65,31.65,31.51,31.51,-0.07,145004,4574804,22
2023-02-23,TPEx,00864B,中信美國公債0-1,40.41,40.41,40.30,40.32,-0.14,129000,5203080,17
2023-02-23,TPEx,00867B,新光A-BBB電信債,30.65,30.65,30.65,30.65,+0.01,2000,61300,2
2023-02-23,TPEx,00870B,元大15年EM主權債,28.73,28.73,28.66,28.66,-0.10,8000,229490,8
2023-02-23,TPEx,00877,FH中國5G,10.08,10.09,9.92,9.94,-0.06,1278560,12727300,180
2023-02-23,TPEx,00883B,中信ESG投資級債,30.59,30.65,30.55,30.55,+0.01,239043,7306804,1029
2023-02-23,TPEx,00884B,中信低碳新興債,29.41,29.41,29.24,29.25,-0.16,215475,6306669,20
2023-02-23,TPEx,00886,永豐美國科技,19.24,19.29,19.24,19.29,+0.19,169100,3260635,11
2023-02-23,TPEx,00887,永豐中國科技50大,14.80,15.04,14.80,15.02,-0.03,168000,2524150,18
2023-02-23,TPEx,00888,永豐台灣ESG,13.37,13.55,13.37,13.52,+0.16,1614253,21764898,693
2023-02-23,TPEx,00890B,凱基ESG BBB債15+,31.73,31.73,31.66,31.67,0.00,170864,5418397,51
2023-02-23,TPEx,020001,富邦存股雙十N,8.19,8.19,8.19,8.19,+0.11,2000,16380,1
2023-02-23,TPEx,02001B,統一美國政府債N,,,,,,0,0,0
2023-02-23,TPEx,020023,元大櫃買半導體N,5.08,5.20,5.08,5.20,+0.20,1041000,5317250,38
2023-02-23,TPEx,020024,兆豐富櫃200N,5.70,5.70,5.70,5.70,+0.09,1000,5700,1
2023-02-23,TPEx,020025,統一亞洲半導體N,6.67,6.73,6.67,6.71,+0.10,145000,971520,11
2023-02-23,TPEx,020026,兆豐上櫃ESG電菁N,4.54,4.54,4.54,4.54,+0.07,1000,4540,1
2023-02-23,TPEx,020027,元大上櫃ESG成長N,4.46,4.56,4.46,4.55,+0.10,133000,599300,21
2023-02-23,TPEx,02002L,兆豐富櫃200正二N,5.51,5.66,5.51,5.66,+0.23,64000,357640,12
2023-02-23,TPEx,020033,統一恒生科期N,3.80,3.90,3.80,3.85,+0.04,12000,46280,6
2023-02-23,TPEx,020035,元大上櫃ESG高息N,6.12,6.21,6.12,6.20,+0.09,40000,247230,7
2023-02-23,TPEx,1240,茂生農經,45.35,47.50,45.35,46.80,+1.75,214967,10012732,191
2023-02-23,TPEx,1258,其祥-KY,,,,,,0,0,0
2023-02-23,TPEx,1259,安心,77.40,83.90,77.40,81.20,+4.20,214978,17447824,330
2023-02-23,TPEx,1264,德麥,270.00,270.50,269.00,269.00,0.00,29324,7908480,252
2023-02-23,TPEx,1268,漢來美食,150.50,159.50,150.00,152.50,+2.50,1551075,237956993,1254
2023-02-23,TPEx,1336,台翰,30.05,30.25,29.55,29.65,-0.35,797094,23756228,476
2023-02-23,TPEx,1565,精華,259.00,263.00,259.00,263.00,+4.50,181334,47510057,248
2023-02-23,TPEx,1569,濱川,24.00,24.20,24.00,24.05,+0.10,242413,5840091,160
2023-02-23,TPEx,1570,力肯,18.05,18.20,18.05,18.10,+0.05,72256,1308649,103
2023-02-23,TPEx,1580,新麥,95.60,96.50,95.60,96.10,+0.60,92897,8926625,154
2023-02-23,TPEx,1584,精剛,30.40,30.50,29.90,30.25,+0.15,17563695,529962150,8232
2023-02-23,TPEx,1586,和勤,33.65,34.00,33.65,33.95,+0.15,107258,3629346,98
2023-02-23,TPEx,1591,駿吉-KY,26.15,26.15,25.45,25.75,-0.15,406838,10450841,209
2023-02-23,TPEx,1593,祺驊,85.00,89.80,83.50,87.80,+3.60,231709,19871099,233
2023-02-23,TPEx,1595,川寶,39.00,41.40,39.00,41.10,+2.10,190036,7659892,178
2023-02-23,TPEx,1599,宏佳騰,39.55,39.80,39.20,39.65,+0.30,82848,3280789,89
2023-02-23,TPEx,1742,台蠟,14.80,14.85,14.60,14.65,-0.15,194009,2845685,93
2023-02-23,TPEx,1777,生泰,88.50,88.70,88.30,88.60,+0.50,56390,4991267,52
2023-02-23,TPEx,1781,合世,15.75,15.80,15.50,15.75,+0.15,94404,1476802,82
2023-02-23,TPEx,1784,訊聯,44.05,44.35,43.75,44.15,+0.05,726772,31963930,487
2023-02-23,TPEx,1785,光洋科,37.10,37.30,37.00,37.05,+0.15,977768,36315542,646
2023-02-23,TPEx,1788,杏昌,146.50,147.00,145.50,145.50,-0.50,19202,2805495,89
2023-02-23,TPEx,1796,金穎生技,90.40,93.60,89.00,89.50,-0.50,570880,52161594,502
2023-02-23,TPEx,1799,易威,16.95,16.95,16.30,16.40,-0.10,10889,179455,28
2023-02-23,TPEx,1813,寶利徠,22.20,22.55,22.00,22.50,+0.60,33000,739550,27
2023-02-23,TPEx,1815,富喬,12.70,12.95,12.65,12.70,+0.05,2037929,26066117,831
2023-02-23,TPEx,2035,唐榮,32.35,32.35,31.95,32.15,+0.10,11023,353738,28
2023-02-23,TPEx,2061,風青,26.40,26.90,26.35,26.50,+0.10,87009,2308984,77
2023-02-23,TPEx,2063,世鎧,45.80,46.90,45.70,46.90,+0.95,122635,5666498,85
2023-02-23,TPEx,2064,晉椿,18.85,19.50,18.85,19.50,+0.35,102945,1968116,78
2023-02-23,TPEx,2065,世豐,57.80,58.50,57.80,58.00,0.00,113490,6594331,297
2023-02-23,TPEx,2066,世德,83.80,84.50,83.60,83.80,0.00,98183,8249030,120
2023-02-23,TPEx,2067,嘉鋼,10.70,10.70,10.70,10.70,0.00,10000,107000,7
2023-02-23,TPEx,2070,精湛,36.30,37.15,36.30,36.60,-0.85,19016,695833,16
2023-02-23,TPEx,2221,大甲,40.20,41.00,40.20,40.30,+0.10,326146,13245562,238
2023-02-23,TPEx,2230,泰茂,67.70,73.70,67.70,73.70,+6.70,3997915,285819060,2469
2023-02-23,TPEx,2235,謚源,47.45,47.45,46.50,47.05,+0.15,7261,341028,24
2023-02-23,TPEx,2596,綠意,20.10,20.25,20.00,20.10,-0.05,94298,1896694,174
2023-02-23,TPEx,2640,大車隊,111.00,111.00,108.50,109.50,0.00,215548,23636820,391
2023-02-23,TPEx,2641,正德,18.35,19.15,18.30,18.80,+0.75,11798786,222118431,5360
2023-02-23,TPEx,2643,捷迅,71.20,72.80,71.20,72.20,+1.40,194439,14054947,171
2023-02-23,TPEx,2718,晶悅,35.50,36.00,34.95,34.95,-0.55,15100,536105,14
2023-02-23,TPEx,2719,燦星旅,62.00,62.00,57.00,58.30,-1.80,355984,20838273,448
2023-02-23,TPEx,2724,富驛-KY,,,,,,250,3261,2
2023-02-23,TPEx,2726,雅茗-KY,26.65,28.45,26.10,27.80,+1.60,515457,14154750,381
2023-02-23,TPEx,2729,瓦城,253.00,258.00,250.50,258.00,+5.50,488778,124039429,1209
2023-02-23,TPEx,2732,六角,158.00,162.00,155.50,156.50,+1.50,2875907,455260037,2656
2023-02-23,TPEx,2734,易飛網,33.30,36.35,33.25,36.30,+3.25,2798996,99299886,1874
2023-02-23,TPEx,2736,富野,26.00,28.25,25.95,28.25,+2.55,17289223,476360043,8415
2023-02-23,TPEx,2740,天蔥,,,,,,6,292,6
2023-02-23,TPEx,2743,山富,64.70,67.30,64.70,65.30,+0.60,3775471,248869750,2769
2023-02-23,TPEx,2745,五福,42.15,43.40,42.05,42.60,+0.45,594879,25421399,641
2023-02-23,TPEx,2752,豆府,258.00,259.00,256.50,257.00,-1.00,47017,12123527,166
2023-02-23,TPEx,2754,亞洲藏壽司,219.00,225.00,212.00,213.50,-5.50,439369,95245385,775
2023-02-23,TPEx,2755,揚秦,98.00,99.50,96.80,98.70,+3.60,49642,4881038,128
2023-02-23,TPEx,2756,聯發國際,119.00,119.50,118.00,119.00,0.00,26092,3100421,239
2023-02-23,TPEx,2916,滿心,30.50,31.60,30.50,31.15,+0.80,398422,12410523,312
2023-02-23,TPEx,2924,宏太-KY,36.10,37.30,36.00,36.00,0.00,4000,145400,4
2023-02-23,TPEx,2926,誠品生活,59.40,59.60,59.30,59.40,+0.30,23716,1408459,22
2023-02-23,TPEx,2937,集雅社,36.65,38.40,36.65,38.40,+0.55,64127,2435875,39
2023-02-23,TPEx,2947,振宇五金,96.00,97.40,95.00,96.70,-0.70,29143,2792926,66
2023-02-23,TPEx,3064,泰偉,14.05,14.05,14.05,14.05,0.00,14000,196700,3
2023-02-23,TPEx,3066,李洲,24.30,24.35,24.30,24.35,0.00,35546,865158,48
2023-02-23,TPEx,3067,全域,31.10,31.10,31.10,31.10,-1.05,1000,31100,1
2023-02-23,TPEx,3071,協禧,25.70,26.20,25.70,25.70,-0.05,245604,6362350,166
2023-02-23,TPEx,3078,僑威,33.40,33.55,33.25,33.30,-0.10,697715,23287557,548
2023-02-23,TPEx,3081,聯亞,128.00,138.00,128.00,133.50,+7.50,8047840,1076870579,5931
2023-02-23,TPEx,3083,網龍,45.60,46.45,45.60,46.45,+1.10,261521,12036096,195
2023-02-23,TPEx,3085,新零售,21.40,22.70,20.95,22.70,+1.05,23320,501854,30
2023-02-23,TPEx,3086,華義,80.90,80.90,80.00,80.10,-0.80,34012,2728362,32
2023-02-23,TPEx,3088,艾訊,67.20,70.20,67.20,70.00,+2.20,5980392,414133020,3796
2023-02-23,TPEx,3089,億杰,59.10,61.70,59.10,60.50,+1.50,34491,2083352,38
2023-02-23,TPEx,3093,港建*,30.85,30.95,30.70,30.70,+0.15,1014122,31229064,462
2023-02-23,TPEx,3095,及成,33.35,33.35,32.80,32.95,-0.40,7754,256123,91
2023-02-23,TPEx,3105,穩懋,174.00,176.00,172.00,174.50,+2.50,2809600,489955451,2350
2023-02-23,TPEx,3114,好德,26.85,26.90,26.75,26.85,+0.15,148911,3995445,99
2023-02-23,TPEx,3115,富榮綱,12.50,12.50,12.15,12.15,+0.05,4000,48950,4
2023-02-23,TPEx,3118,進階,28.60,28.60,28.50,28.50,0.00,10397,296658,78
2023-02-23,TPEx,3122,笙泉,28.30,28.75,28.15,28.45,+0.40,537357,15262460,391
2023-02-23,TPEx,3128,昇銳,46.55,46.85,46.30,46.50,+0.30,1519475,70753740,1061
2023-02-23,TPEx,3131,弘塑,259.50,263.50,256.50,261.50,+2.00,203011,52864245,389
2023-02-23,TPEx,3141,晶宏,111.00,114.00,111.00,113.00,+2.50,3281139,369002139,2375
2023-02-23,TPEx,3147,大綜,58.40,59.70,58.00,58.90,+0.40,773220,45494941,560
2023-02-23,TPEx,3152,璟德,240.00,243.50,234.00,236.50,-4.00,204757,48934399,294
2023-02-23,TPEx,3162,精確,53.80,56.10,53.00,55.40,+1.90,6221821,341140319,3569
2023-02-23,TPEx,3163,波若威,55.50,57.20,55.50,56.90,+1.80,2307260,130625990,1439
2023-02-23,TPEx,3169,亞信,115.00,118.50,114.50,118.00,+4.00,745559,87398275,670
2023-02-23,TPEx,3171,新洲,17.50,17.55,17.45,17.50,+0.10,30056,525663,25
2023-02-23,TPEx,3176,基亞,32.40,32.80,32.40,32.50,+0.10,278169,9064518,269
2023-02-23,TPEx,3178,公準,70.10,71.20,70.00,71.00,+1.30,148355,10480457,145
2023-02-23,TPEx,3188,鑫龍騰,12.70,13.05,12.70,12.85,+0.20,292188,3751078,107
2023-02-23,TPEx,3191,和進,8.88,8.88,8.18,8.18,+0.08,33044,273601,30
2023-02-23,TPEx,3202,樺晟,15.10,15.45,15.10,15.20,+0.10,722315,11038019,251
2023-02-23,TPEx,3205,佰研,45.65,46.35,45.40,46.05,+0.50,289155,13283700,248
2023-02-23,TPEx,3206,志豐,29.95,30.35,29.95,30.15,+0.20,238794,7202648,204
2023-02-23,TPEx,3207,耀勝,70.60,73.00,70.30,73.00,+2.50,3655209,261856249,2718
2023-02-23,TPEx,3211,順達,79.00,79.80,79.00,79.70,+0.60,260624,20705575,300
2023-02-23,TPEx,3213,茂訊,48.15,48.45,47.60,47.60,-0.55,116535,5594536,231
2023-02-23,TPEx,3217,優群,94.10,96.20,93.60,94.90,-0.40,840488,79677076,691
2023-02-23,TPEx,3218,大學光,327.00,330.50,327.00,328.50,+3.50,163362,53731517,263
2023-02-23,TPEx,3219,倚強科,61.10,62.00,61.10,61.40,-0.10,17095,1052303,20
2023-02-23,TPEx,3221,台嘉碩,28.75,29.20,28.75,29.20,+0.50,548691,15945758,368
2023-02-23,TPEx,3224,三顧,49.15,49.20,48.30,48.70,-0.15,1225059,59701911,799
2023-02-23,TPEx,3226,至寶電,55.00,57.60,55.00,57.60,+3.10,3028,170207,4
2023-02-23,TPEx,3227,原相,109.50,111.00,108.50,110.00,+0.50,550564,60502181,565
2023-02-23,TPEx,3228,金麗科,193.00,203.00,193.00,197.50,+6.00,2301026,456623960,2125
2023-02-23,TPEx,3230,錦明,12.20,12.25,12.10,12.20,-0.10,167024,2034543,101
2023-02-23,TPEx,3232,昱捷,29.80,30.50,29.40,30.40,+0.80,399179,11935340,279
2023-02-23,TPEx,3234,光環,23.75,23.80,23.50,23.50,-0.15,297477,7027144,203
2023-02-23,TPEx,3236,千如,25.30,25.50,25.15,25.25,0.00,174837,4431177,197
2023-02-23,TPEx,3252,海灣,20.85,22.50,20.75,20.90,+0.40,3878400,83411152,2389
2023-02-23,TPEx,3259,鑫創,20.50,21.05,20.50,21.05,+0.55,63015,1314320,62
2023-02-23,TPEx,3260,威剛,69.10,69.10,67.40,67.40,+0.30,1861167,126420976,1376
2023-02-23,TPEx,3264,欣銓,55.10,56.20,54.90,56.10,+1.30,6196937,345406748,3686
2023-02-23,TPEx,3265,台星科,50.00,50.80,50.00,50.70,+0.85,1355178,68551558,804
2023-02-23,TPEx,3268,海德威,23.35,23.35,23.15,23.30,+0.20,53068,1234231,100
2023-02-23,TPEx,3272,東碩,43.15,43.50,42.20,42.25,-0.45,472107,20162905,419
2023-02-23,TPEx,3276,宇環,14.15,14.55,14.00,14.50,+0.20,408333,5836249,321
2023-02-23,TPEx,3284,太普高,14.25,14.30,14.10,14.25,+0.10,202106,2872188,84
2023-02-23,TPEx,3285,微端,19.90,19.90,19.90,19.90,0.00,2008,39965,9
2023-02-23,TPEx,3287,廣寰科,13.75,14.05,13.70,13.85,+0.15,294000,4072550,145
2023-02-23,TPEx,3288,點晶,22.20,22.20,21.35,21.35,-0.75,5755,124369,73
2023-02-23,TPEx,3289,宜特,85.90,87.50,85.00,86.00,+1.10,2225549,191959021,1686
2023-02-23,TPEx,3290,東浦,26.20,27.90,26.00,27.10,+1.00,8303424,223974006,2545
2023-02-23,TPEx,3293,鈊象,498.50,512.00,497.50,508.00,+10.50,1214179,612266872,1805
2023-02-23,TPEx,3294,英濟,17.80,18.00,17.80,17.80,+0.05,138007,2465200,86
2023-02-23,TPEx,3297,杭特,18.45,18.65,18.25,18.25,0.00,198717,3666418,136
2023-02-23,TPEx,3303,岱稜,27.30,27.60,27.25,27.30,+0.05,344492,9437141,180
2023-02-23,TPEx,3306,鼎天,23.70,23.70,23.45,23.60,+0.05,91069,2145388,86
2023-02-23,TPEx,3310,佳穎,57.90,57.90,56.50,57.20,+0.10,154821,8865033,248
2023-02-23,TPEx,3313,斐成,10.45,10.65,10.35,10.65,+0.20,131606,1390704,267
2023-02-23,TPEx,3317,尼克森,57.50,58.40,57.50,58.10,+0.60,287139,16675082,348
2023-02-23,TPEx,3322,建舜電,21.00,21.20,20.70,20.95,0.00,1120295,23432924,585
2023-02-23,TPEx,3323,加百裕,35.15,35.35,35.10,35.30,+0.20,185270,6518277,184
2023-02-23,TPEx,3324,雙鴻,160.50,161.00,158.00,159.00,0.00,1533302,243814342,1307
2023-02-23,TPEx,3325,旭品,13.90,14.00,13.85,13.90,+0.05,64073,892159,90
2023-02-23,TPEx,3332,幸康,44.75,48.35,44.75,47.40,+1.40,89119,4219714,56
2023-02-23,TPEx,3339,泰谷,13.05,13.05,12.90,12.90,-0.05,89394,1158427,54
2023-02-23,TPEx,3349,寶德,13.45,13.90,13.45,13.90,+0.40,19455,264821,18
2023-02-23,TPEx,3354,律勝,14.50,14.70,14.20,14.40,+0.10,227420,3283265,193
2023-02-23,TPEx,3357,臺慶科,113.00,117.00,113.00,116.50,+1.50,375301,43176889,467
2023-02-23,TPEx,3360,尚立,13.95,14.20,13.95,14.10,+0.15,76210,1070263,84
2023-02-23,TPEx,3362,先進光,83.40,84.20,82.20,83.10,+0.30,3973656,330583145,2871
2023-02-23,TPEx,3363,上詮,24.15,24.90,24.05,24.35,+0.20,281310,6882023,262
2023-02-23,TPEx,3372,典範,12.05,12.10,12.00,12.05,+0.05,261771,3149184,171
2023-02-23,TPEx,3373,熱映,25.65,26.15,25.65,25.95,+0.40,134603,3485558,136
2023-02-23,TPEx,3374,精材,102.00,104.50,102.00,103.50,+2.00,1022210,105644302,868
2023-02-23,TPEx,3379,彬台,11.90,12.00,11.80,11.90,+0.10,28185,335021,48
2023-02-23,TPEx,3388,崇越電,75.20,75.30,75.00,75.10,+0.10,29251,2197329,28
2023-02-23,TPEx,3390,旭軟,19.10,19.80,19.10,19.60,+0.50,336827,6591735,245
2023-02-23,TPEx,3402,漢科,47.65,47.65,46.90,47.00,+0.10,216752,10208484,192
2023-02-23,TPEx,3426,台興,38.40,38.40,38.00,38.00,-0.15,6000,228500,5
2023-02-23,TPEx,3430,奇鈦科,48.50,48.65,48.10,48.30,-0.20,212627,10288756,180
2023-02-23,TPEx,3434,哲固,24.50,24.75,24.50,24.70,+0.05,89041,2194757,71
2023-02-23,TPEx,3438,類比科,58.50,60.30,58.30,59.30,+1.30,337956,20078637,288
2023-02-23,TPEx,3441,聯一光,41.15,41.45,41.00,41.10,-0.05,479549,19736657,397
2023-02-23,TPEx,3444,利機,64.50,64.90,63.30,63.80,-0.50,670684,42852407,517
2023-02-23,TPEx,3455,由田,90.80,91.90,90.00,91.40,+1.10,1146977,104497489,1209
2023-02-23,TPEx,3465,進泰電子,93.60,95.00,93.50,95.00,-0.60,26037,2469670,31
2023-02-23,TPEx,3466,致振,29.00,29.80,29.00,29.65,+0.80,438853,12992286,289
2023-02-23,TPEx,3479,安勤,87.90,89.30,87.50,87.80,+1.00,2766486,244112357,1834
2023-02-23,TPEx,3483,力致,63.20,63.60,62.80,63.20,+0.40,330910,20886251,334
2023-02-23,TPEx,3484,崧騰,47.60,47.90,47.55,47.90,+0.35,146823,7008595,158
2023-02-23,TPEx,3489,森寶,10.45,10.60,10.30,10.60,+0.20,107499,1127439,58
2023-02-23,TPEx,3490,單井,25.75,25.95,25.60,25.60,+0.10,138475,3564576,422
2023-02-23,TPEx,3491,昇達科,144.00,149.00,144.00,146.00,+3.50,2311107,338485802,1753
2023-02-23,TPEx,3492,長盛,19.05,19.30,19.00,19.15,+0.25,77000,1475800,52
2023-02-23,TPEx,3498,陽程,34.10,34.50,33.85,33.85,-0.25,99452,3385397,142
2023-02-23,TPEx,3499,環天科,19.10,19.50,18.70,18.70,-0.35,2608077,50126238,893
2023-02-23,TPEx,3508,位速,39.60,40.95,39.30,40.05,+1.45,3740540,149890965,2671
2023-02-23,TPEx,3511,矽瑪,35.75,36.30,35.35,35.60,+0.05,740361,26425591,480
2023-02-23,TPEx,3512,皇龍,29.20,29.20,28.90,28.95,-0.05,39000,1130500,26
2023-02-23,TPEx,3516,亞帝歐,16.10,16.40,16.00,16.20,+0.15,41136,665079,30
2023-02-23,TPEx,3520,華盈,22.15,22.70,21.75,21.90,-0.25,2921862,64658770,1672
2023-02-23,TPEx,3521,鴻翊,23.30,23.40,23.25,23.30,+0.05,107323,2500548,93
2023-02-23,TPEx,3522,御頂,11.50,12.45,11.50,12.45,+1.05,198834,2412828,180
2023-02-23,TPEx,3523,迎輝,19.15,19.95,18.80,19.25,+0.25,27016,519708,28
2023-02-23,TPEx,3526,凡甲,133.50,136.00,133.50,133.50,+1.50,268058,36122691,314
2023-02-23,TPEx,3527,聚積,118.50,119.50,118.00,119.00,+1.00,325128,38673791,311
2023-02-23,TPEx,3529,力旺,1675.00,1795.00,1670.00,1765.00,+120.00,939955,1639071500,1601
2023-02-23,TPEx,3531,先益,27.35,28.00,27.35,27.95,+0.60,231000,6422550,117
2023-02-23,TPEx,3537,堡達,39.00,39.20,39.00,39.10,+0.10,172862,6756095,161
2023-02-23,TPEx,3540,曜越,34.00,34.45,33.70,34.20,+0.30,516393,17584757,404
2023-02-23,TPEx,3541,西柏,58.00,58.50,57.50,57.80,-0.20,82893,4795111,76
2023-02-23,TPEx,3546,宇峻,74.50,75.10,74.40,74.80,+0.30,137455,10255431,131
2023-02-23,TPEx,3548,兆利,68.90,69.40,68.20,68.60,+0.10,489704,33631661,482
2023-02-23,TPEx,3551,世禾,61.70,62.30,61.70,62.30,+0.80,136270,8451348,127
2023-02-23,TPEx,3552,同致,153.00,154.50,153.00,154.00,+2.00,460363,70859763,511
2023-02-23,TPEx,3555,重鵬,26.70,26.70,26.70,26.70,0.00,1139,30265,6
2023-02-23,TPEx,3556,禾瑞亞,61.00,61.50,61.00,61.40,+0.40,133425,8185894,180
2023-02-23,TPEx,3558,神準,291.00,299.50,288.00,295.00,+4.00,7495173,2205245101,6311
2023-02-23,TPEx,3564,其陽,41.55,41.75,40.15,40.55,+0.75,350051,14236509,310
2023-02-23,TPEx,3567,逸昌,27.90,28.00,27.80,27.90,0.00,38073,1061642,73
2023-02-23,TPEx,3570,大塚,95.40,97.30,95.40,96.30,+1.20,24113,2317685,22
2023-02-23,TPEx,3577,泓格,82.80,83.30,81.30,81.30,-1.50,97534,7989468,254
2023-02-23,TPEx,3580,友威科,61.10,61.10,59.80,60.00,-0.60,297387,17911261,242
2023-02-23,TPEx,3581,博磊,22.85,22.85,22.50,22.80,-0.10,67000,1517950,43
2023-02-23,TPEx,3587,閎康,178.00,184.00,178.00,183.00,+5.00,654103,118590772,693
2023-02-23,TPEx,3594,磐儀,44.80,46.20,43.80,44.80,-0.40,16982723,765815003,9461
2023-02-23,TPEx,3597,映興,24.10,24.15,24.05,24.05,0.00,16000,385000,10
2023-02-23,TPEx,3609,三一東林,45.20,45.50,44.90,45.35,+0.15,25026,1130331,28
2023-02-23,TPEx,3611,鼎翰,207.00,212.00,207.00,210.50,+3.50,82723,17317089,127
2023-02-23,TPEx,3615,安可,17.60,17.90,17.60,17.65,+0.05,77937,1385098,89
2023-02-23,TPEx,3623,富晶通,17.05,17.05,16.70,16.95,+0.25,21113,355998,19
2023-02-23,TPEx,3624,光頡,56.50,58.60,56.40,58.60,+2.30,5790258,335192840,3968
2023-02-23,TPEx,3625,西勝,13.45,13.55,13.40,13.40,-0.05,249717,3361092,190
2023-02-23,TPEx,3628,盈正,43.55,44.45,43.55,43.95,+0.75,196980,8674624,161
2023-02-23,TPEx,3629,地心引力,38.40,39.80,38.20,39.35,+0.25,7112,275850,13
2023-02-23,TPEx,3630,新鉅科,28.90,29.20,28.80,28.90,+0.10,289416,8369616,170
2023-02-23,TPEx,3631,晟楠,37.20,38.70,37.00,37.00,-0.10,34000,1271050,33
2023-02-23,TPEx,3632,研勤,11.95,12.05,11.90,11.90,-0.05,32175,384869,138
2023-02-23,TPEx,3646,艾恩特,25.55,25.55,25.25,25.35,+0.15,46082,1170000,94
2023-02-23,TPEx,3663,鑫科,28.95,29.50,28.85,29.50,+0.70,84002,2445059,39
2023-02-23,TPEx,3664,安瑞-KY,16.30,16.30,15.50,16.05,+1.20,2826121,45747716,1161
2023-02-23,TPEx,3666,光耀,19.55,19.55,19.35,19.50,+0.15,57104,1110162,40
2023-02-23,TPEx,3672,康聯訊,27.50,27.50,26.95,27.40,-0.05,7003,191131,9
2023-02-23,TPEx,3675,德微,254.00,258.00,252.50,253.00,+1.00,2048279,522179826,1900
2023-02-23,TPEx,3680,家登,285.50,292.50,285.50,291.50,+7.00,890489,258410561,914
2023-02-23,TPEx,3684,榮昌,57.30,58.40,56.50,58.40,+0.20,81040,4677623,61
2023-02-23,TPEx,3685,元創精密,20.70,20.90,20.60,20.85,+0.25,98003,2036865,66
2023-02-23,TPEx,3687,歐買尬,87.40,87.60,87.00,87.40,+0.70,113906,9942423,247
2023-02-23,TPEx,3689,湧德,34.90,35.35,34.90,35.20,+0.40,206405,7261049,182
2023-02-23,TPEx,3691,碩禾,108.00,112.00,108.00,109.50,+1.00,268536,29526324,229
2023-02-23,TPEx,3693,營邦,127.50,128.00,125.00,128.00,+3.50,2156545,273290575,1426
2023-02-23,TPEx,3707,漢磊,93.60,94.50,93.10,93.90,+0.70,2485973,233323180,1847
2023-02-23,TPEx,3709,鑫聯大投控,23.25,23.75,23.25,23.65,+0.15,54222,1274748,35
2023-02-23,TPEx,3710,連展投控,12.60,12.70,12.40,12.40,-0.10,2349840,29374418,952
2023-02-23,TPEx,3713,新晶投控,29.70,29.85,29.25,29.35,-0.15,142224,4179913,129
2023-02-23,TPEx,4102,永日,29.40,29.45,29.10,29.20,+0.05,461385,13500157,320
2023-02-23,TPEx,4105,東洋,77.70,78.30,77.70,78.00,+0.30,397208,31018768,398
2023-02-23,TPEx,4107,邦特,113.00,116.50,113.00,115.00,+2.00,559917,64402632,458
2023-02-23,TPEx,4109,加捷生醫,14.60,14.85,14.60,14.75,+0.25,148570,2190466,162
2023-02-23,TPEx,4111,濟生,27.00,27.20,27.00,27.15,+0.15,166838,4522731,170
2023-02-23,TPEx,4113,聯上,13.80,14.20,13.80,14.10,+0.35,2042413,28659358,496
2023-02-23,TPEx,4114,健喬,47.90,48.45,47.30,48.40,+0.80,8169439,391477409,5171
2023-02-23,TPEx,4116,明基醫,65.00,65.20,64.20,64.50,-0.30,286510,18474646,214
2023-02-23,TPEx,4120,友華,36.45,36.55,36.35,36.50,0.00,43287,1579494,97
2023-02-23,TPEx,4121,優盛,24.30,24.35,24.05,24.30,0.00,637925,15435408,435
2023-02-23,TPEx,4123,晟德,47.15,47.85,47.10,47.75,+0.60,925477,43911108,667
2023-02-23,TPEx,4126,太醫,77.50,78.30,76.10,77.00,-0.30,568343,43948457,536
2023-02-23,TPEx,4127,天良,14.85,14.85,14.60,14.65,-0.05,120195,1762082,95
2023-02-23,TPEx,4128,中天,65.50,66.20,65.50,66.00,+0.50,2260833,148832652,1720
2023-02-23,TPEx,4129,聯合,48.45,50.20,48.05,50.00,+1.55,1111772,54841083,886
2023-02-23,TPEx,4129A,聯合甲特,49.80,50.60,49.65,50.20,+0.45,44000,2197650,26
2023-02-23,TPEx,4130,健亞,29.70,30.20,29.60,30.10,+0.55,934301,27861933,717
2023-02-23,TPEx,4131,晶宇,20.70,21.65,20.70,20.85,+0.25,19816,417673,24
2023-02-23,TPEx,4138,曜亞,72.90,73.70,72.60,72.70,+0.10,155388,11366292,183
2023-02-23,TPEx,4139,馬光-KY,39.00,39.05,38.80,39.00,0.00,36403,1419066,71
2023-02-23,TPEx,4147,中裕,70.80,77.80,70.70,77.80,+7.00,8231453,629418538,4125
2023-02-23,TPEx,4153,鈺緯,41.70,46.00,40.35,40.35,-1.75,2102523,91670474,1564
2023-02-23,TPEx,4154,樂威科-KY,34.50,35.80,34.45,35.70,+0.05,36034,1247904,25
2023-02-23,TPEx,4157,太景*-KY,15.65,15.85,15.60,15.75,+0.15,911201,14356873,437
2023-02-23,TPEx,4160,創源,28.00,28.50,28.00,28.05,-0.15,42058,1181860,87
2023-02-23,TPEx,4161,聿新科,26.60,27.40,26.45,27.40,+0.80,102203,2745037,87
2023-02-23,TPEx,4162,智擎,115.50,117.50,115.00,116.50,+1.00,1639825,190548066,1340
2023-02-23,TPEx,4163,鐿鈦,138.00,140.00,137.00,137.50,+1.50,486481,67251105,509
2023-02-23,TPEx,4167,松瑞藥,20.65,20.90,20.40,20.80,+0.35,2483923,51332449,1315
2023-02-23,TPEx,4168,醣聯,34.55,34.80,33.95,34.80,+0.25,3236114,111182190,2088
2023-02-23,TPEx,4171,瑞基,60.80,61.80,60.80,61.70,+0.90,212756,13087704,226
2023-02-23,TPEx,4173,久裕,18.85,19.25,18.85,19.00,+0.10,265274,5054337,164
2023-02-23,TPEx,4174,浩鼎,82.00,83.40,80.50,82.40,+1.30,1475083,121313451,1081
2023-02-23,TPEx,4175,杏一,77.70,78.20,77.30,77.50,0.00,109846,8539496,107
2023-02-23,TPEx,4183,福永生技,18.75,18.90,18.75,18.90,+0.25,9000,169000,7
2023-02-23,TPEx,4188,安克,16.40,17.10,16.40,16.90,+0.50,150007,2509967,100
2023-02-23,TPEx,4192,杏國,24.40,24.40,24.30,24.35,+0.05,45000,1096450,30
2023-02-23,TPEx,4198,欣大健康,25.70,25.70,25.30,25.40,-0.30,9064,230784,14
2023-02-23,TPEx,4205,中華食,105.50,107.50,105.50,107.50,+2.00,16336,1742021,75
2023-02-23,TPEx,4207,環泰,13.70,13.75,13.60,13.60,+0.05,390904,5320707,104
2023-02-23,TPEx,4303,信立,18.90,19.00,18.00,18.45,+1.15,1791284,33743909,854
2023-02-23,TPEx,4304,勝昱,9.70,9.79,9.70,9.71,+0.01,73002,710268,31
2023-02-23,TPEx,4305,世坤,30.50,30.50,30.40,30.40,-0.05,7256,220959,11
2023-02-23,TPEx,4401,東隆興,27.35,27.55,27.15,27.40,+0.10,23268,637193,39
2023-02-23,TPEx,4402,福大,11.00,11.30,10.85,11.00,0.00,445229,4912689,255
2023-02-23,TPEx,4406,新昕纖,10.45,10.50,10.45,10.45,0.00,26000,272800,14
2023-02-23,TPEx,4413,飛寶企業,17.20,17.20,16.95,16.95,+0.05,24615,419689,30
2023-02-23,TPEx,4416,三圓,88.20,88.20,88.10,88.10,0.00,3027,266830,8
2023-02-23,TPEx,4417,金洲,38.10,38.15,38.05,38.10,0.00,105884,4034297,70
2023-02-23,TPEx,4420,光明,30.40,30.50,29.80,29.90,+0.05,15275,459559,22
2023-02-23,TPEx,4430,耀億,22.40,22.40,22.15,22.35,-0.05,50866,1132053,220
2023-02-23,TPEx,4432,銘旺實,26.80,26.90,26.35,26.80,0.00,740439,19735042,455
2023-02-23,TPEx,4433,興采,37.80,37.80,37.80,37.80,+3.40,975724,36882349,466
2023-02-23,TPEx,4502,健信,36.95,37.00,36.80,37.00,0.00,15066,556040,22
2023-02-23,TPEx,4503,金雨,48.25,49.30,47.70,48.10,-0.30,1149934,55509101,706
2023-02-23,TPEx,4506,崇友,73.00,74.90,73.00,74.00,+1.10,131582,9769521,192
2023-02-23,TPEx,4510,高鋒,10.70,10.90,10.70,10.90,+0.30,282711,3059007,182
2023-02-23,TPEx,4513,福裕,18.95,19.05,18.10,18.90,+0.05,1425447,26611821,536
2023-02-23,TPEx,4523,永彰,45.05,45.05,44.25,44.40,-0.35,105167,4700153,184
2023-02-23,TPEx,4527,方土霖,28.95,29.00,28.95,29.00,+0.05,32000,927050,21
2023-02-23,TPEx,4528,江興鍛,34.90,35.45,34.30,34.35,-0.45,151974,5294842,260
2023-02-23,TPEx,4529,淳紳,11.20,11.50,11.00,11.15,-0.05,287982,3233955,205
2023-02-23,TPEx,4530,宏易,6.86,6.90,6.86,6.88,+0.01,11012,75849,10
2023-02-23,TPEx,4533,協易機,11.95,11.95,11.60,11.80,+0.05,1010547,11958000,422
2023-02-23,TPEx,4534,慶騰,9.26,9.26,9.15,9.20,+0.02,87391,804817,110
2023-02-23,TPEx,4535,至興,38.15,38.45,38.15,38.45,+0.25,11234,429396,16
2023-02-23,TPEx,4538,大詠城,20.40,20.45,20.15,20.40,+0.05,38010,772646,32
2023-02-23,TPEx,4541,晟田,32.50,32.50,31.35,31.65,-0.35,1270002,40662780,760
2023-02-23,TPEx,4542,科嶠,25.75,25.75,25.75,25.75,+0.05,1000,25750,1
2023-02-23,TPEx,4543,萬在,24.50,24.80,24.50,24.75,+0.40,174000,4294500,115
2023-02-23,TPEx,4549,桓達,88.60,88.90,88.50,88.60,0.00,41704,3696465,182
2023-02-23,TPEx,4550,長佳,26.95,27.30,26.85,27.30,+0.55,176219,4773781,169
2023-02-23,TPEx,4554,橙的,27.75,27.75,25.85,26.00,+0.25,32385,851947,38
2023-02-23,TPEx,4556,旭然,31.00,31.15,30.40,30.60,0.00,38395,1182709,30
2023-02-23,TPEx,4558,寶緯,23.10,23.15,23.10,23.15,-0.25,4000,92500,4
2023-02-23,TPEx,4561,健椿,22.60,22.80,22.50,22.70,+0.25,30710,694997,26
2023-02-23,TPEx,4563,百德,41.00,41.60,40.95,41.10,-0.10,112000,4598350,64
2023-02-23,TPEx,4568,科際精密,61.10,62.20,61.00,62.00,+1.00,33768,2086036,52
2023-02-23,TPEx,4577,達航科技,31.05,31.40,30.95,31.35,-0.05,358004,11140077,273
2023-02-23,TPEx,4580,捷流閥業,83.00,83.50,82.90,83.30,+0.10,49911,4149018,44
2023-02-23,TPEx,4584,君帆,52.90,55.00,52.40,54.70,+1.20,338034,17971230,190
2023-02-23,TPEx,4609,唐鋒,8.10,8.35,8.10,8.33,-0.02,10000,83120,6
2023-02-23,TPEx,4702,中美實,12.70,12.85,12.65,12.75,+0.05,159750,2036352,323
2023-02-23,TPEx,4706,大恭,17.30,17.30,17.20,17.20,0.00,17203,296111,16
2023-02-23,TPEx,4707,磐亞,12.25,12.40,12.25,12.35,+0.10,549021,6767855,277
2023-02-23,TPEx,4711,永純,14.95,15.05,14.95,15.05,+0.10,7282,109201,12
2023-02-23,TPEx,4712,南璋,4.80,4.80,4.77,4.78,-0.02,13029,62340,29
2023-02-23,TPEx,4714,永捷,11.10,11.35,11.10,11.30,+0.30,468318,5266549,250
2023-02-23,TPEx,4716,大立,12.90,12.95,12.65,12.75,+0.05,592325,7567095,404
2023-02-23,TPEx,4721,美琪瑪,110.50,112.00,110.00,111.00,+1.00,474575,52624651,437
2023-02-23,TPEx,4726,永昕,40.30,40.30,39.75,40.20,+0.50,491731,19712992,286
2023-02-23,TPEx,4728,雙美,124.50,127.00,124.50,126.00,+1.00,44598,5614702,65
2023-02-23,TPEx,4729,熒茂,15.80,16.15,15.65,16.10,+0.60,446236,7140799,319
2023-02-23,TPEx,4735,豪展,39.15,39.15,38.95,39.10,+0.20,29825,1165520,86
2023-02-23,TPEx,4736,泰博,185.50,189.00,185.50,188.00,+3.00,470173,88314733,866
2023-02-23,TPEx,4741,泓瀚,26.50,26.50,26.20,26.45,-0.10,6001,158078,7
2023-02-23,TPEx,4743,合一,264.50,269.00,264.00,266.50,+0.50,5042909,1343477585,4666
2023-02-23,TPEx,4744,皇將,32.00,32.00,31.35,31.60,0.00,575830,18165699,348
2023-02-23,TPEx,4745,合富-KY,25.20,25.50,25.10,25.35,+0.20,89757,2271280,53
2023-02-23,TPEx,4747,強生,56.00,57.40,55.80,57.20,+1.00,1164012,65935917,835
2023-02-23,TPEx,4754,國碳科,35.80,35.85,35.70,35.80,0.00,31672,1134502,92
2023-02-23,TPEx,4760,勤凱,54.30,54.30,53.50,53.90,-0.50,45105,2427083,44
2023-02-23,TPEx,4767,誠泰科技,26.45,27.05,26.25,27.05,+0.20,11000,292750,11
2023-02-23,TPEx,4768,晶呈科技,184.50,195.50,184.00,194.00,+11.50,2876040,552029060,2712
2023-02-23,TPEx,4804,大略-KY,11.45,12.00,11.45,11.75,+0.35,957042,11256091,495
2023-02-23,TPEx,4806,昇華,7.06,7.06,7.06,7.06,-0.10,2012,14204,14
2023-02-23,TPEx,4903,聯光通,13.70,14.45,13.50,14.40,+1.10,382751,5352509,341
2023-02-23,TPEx,4905,台聯電,,,,,,827,42092,6
2023-02-23,TPEx,4907,富宇,30.15,30.45,30.15,30.30,+0.05,51930,1569340,44
2023-02-23,TPEx,4908,前鼎,32.00,32.55,32.00,32.25,+0.65,360205,11623318,256
2023-02-23,TPEx,4909,新復興,17.55,17.80,17.55,17.75,+0.25,194872,3447487,199
2023-02-23,TPEx,4911,德英,64.30,65.50,62.60,63.30,-2.90,525115,33365237,528
2023-02-23,TPEx,4923,力士,55.50,56.70,55.30,56.50,+1.30,171688,9621129,203
2023-02-23,TPEx,4924,欣厚-KY,14.15,14.40,13.95,14.00,-0.15,155200,2204240,109
2023-02-23,TPEx,4931,新盛力,48.75,49.35,48.65,48.75,+0.25,2068293,101123029,1469
2023-02-23,TPEx,4933,友輝,33.90,34.25,33.70,34.00,+0.15,114442,3886952,94
2023-02-23,TPEx,4939,亞電,16.50,16.60,16.50,16.60,+0.10,111196,1839514,97
2023-02-23,TPEx,4944,兆遠,12.70,13.00,12.70,13.00,+0.30,16841,216743,39
2023-02-23,TPEx,4945,陞達科技,50.20,51.60,50.10,51.60,+1.60,30243,1546051,101
2023-02-23,TPEx,4946,辣椒,46.85,47.25,46.50,47.25,0.00,37356,1747076,68
2023-02-23,TPEx,4950,牧東,21.20,21.20,20.75,21.00,-0.30,384145,8055814,269
2023-02-23,TPEx,4951,精拓科,60.00,60.80,59.00,59.60,+0.40,474731,28352702,518
2023-02-23,TPEx,4953,緯軟,98.90,102.50,98.60,99.60,+2.10,2231490,224789336,1726
2023-02-23,TPEx,4966,譜瑞-KY,968.00,1020.00,968.00,992.00,+47.00,2155875,2143481609,2697
2023-02-23,TPEx,4971,IET-KY,56.70,56.80,56.30,56.80,+0.40,55220,3120206,61
2023-02-23,TPEx,4972,湯石照明,30.40,30.80,30.35,30.45,+0.05,52779,1607246,53
2023-02-23,TPEx,4973,廣穎,23.55,23.70,23.50,23.55,+0.05,174079,4107825,144
2023-02-23,TPEx,4974,亞泰,66.00,66.60,65.80,66.10,+0.40,460582,30469020,391
2023-02-23,TPEx,4979,華星光,48.25,48.70,46.90,48.00,-0.70,18321029,880251084,10663
2023-02-23,TPEx,4987,科誠,59.30,59.60,58.80,59.00,-0.30,88767,5243044,88
2023-02-23,TPEx,4991,環宇-KY,38.00,38.20,37.80,37.90,-0.20,45601,1728521,63
2023-02-23,TPEx,4995,晶達,46.00,47.30,44.50,46.50,+3.50,1207922,55803288,1142
2023-02-23,TPEx,5009,榮剛,42.75,44.45,42.70,44.20,+1.70,18169847,792822751,8478
2023-02-23,TPEx,5011,久陽,25.00,25.15,24.90,25.05,+0.25,697315,17458479,291
2023-02-23,TPEx,5013,強新,35.55,35.55,35.55,35.55,+0.15,1179,41901,18
2023-02-23,TPEx,5014,建錩,17.85,18.00,17.80,17.85,+0.10,774313,13842195,342
2023-02-23,TPEx,5015,華祺,58.90,59.20,58.10,58.20,-0.50,362278,21212627,291
2023-02-23,TPEx,5016,松和,30.30,30.30,30.25,30.30,+0.10,11549,349759,24
2023-02-23,TPEx,5201,凱衛,26.85,27.30,26.80,26.95,-0.15,39090,1050487,38
2023-02-23,TPEx,5202,力新,15.20,15.20,14.45,14.60,-0.40,517064,7621570,342
2023-02-23,TPEx,5205,中茂,37.50,38.30,37.00,38.30,-0.20,9005,337750,14
2023-02-23,TPEx,5206,坤悅,17.95,18.10,17.85,18.00,+0.05,91434,1648281,65
2023-02-23,TPEx,5209,新鼎,87.90,91.00,87.90,90.90,+4.10,179565,16084390,240
2023-02-23,TPEx,5210,寶碩,21.90,21.90,20.65,21.30,+1.35,4605827,98925868,2491
2023-02-23,TPEx,5211,蒙恬,19.80,20.20,19.80,19.90,+0.10,180658,3617451,104
2023-02-23,TPEx,5212,凌網,49.60,51.10,49.30,50.10,-1.90,17134,857595,65
2023-02-23,TPEx,5213,亞昕,23.80,23.80,23.55,23.80,0.00,141548,3348486,71
2023-02-23,TPEx,5220,萬達光電,32.00,32.05,31.60,31.85,+0.15,74172,2358697,68
2023-02-23,TPEx,5223,安力-KY,42.00,42.75,41.70,41.80,+0.20,60001,2535392,48
2023-02-23,TPEx,5227,立凱-KY,70.00,72.20,68.70,71.10,+1.00,1047980,73206618,1099
2023-02-23,TPEx,5228,鈺鎧,22.50,22.50,22.35,22.50,+0.15,33004,741038,32
2023-02-23,TPEx,5230,雷笛克光學,23.60,23.70,23.40,23.55,-0.05,55765,1314681,98
2023-02-23,TPEx,5236,凌陽創新,82.50,86.60,82.50,86.60,+7.80,487468,41861221,354
2023-02-23,TPEx,5245,智晶,53.30,53.70,53.00,53.40,+0.40,126304,6744146,103
2023-02-23,TPEx,5251,天鉞電,26.70,27.40,26.70,27.25,+0.55,290660,7913031,270
2023-02-23,TPEx,5263,智崴,130.50,133.00,130.50,132.00,+1.50,451888,59511086,421
2023-02-23,TPEx,5272,笙科,27.90,28.05,27.75,28.00,+0.30,118496,3305692,193
2023-02-23,TPEx,5274,信驊,2450.00,2625.00,2445.00,2595.00,+195.00,885356,2267621534,1750
2023-02-23,TPEx,5276,達輝-KY,14.80,14.80,14.60,14.65,+0.15,9000,131950,7
2023-02-23,TPEx,5278,尚凡,186.00,186.00,185.50,185.50,0.00,7776,1443529,38
2023-02-23,TPEx,5281,大峽谷-KY,16.40,16.50,16.40,16.40,0.00,40004,656564,30
2023-02-23,TPEx,5287,數字,193.50,195.00,193.50,194.50,+1.50,36679,7123273,253
2023-02-23,TPEx,5289,宜鼎,200.00,204.50,199.00,204.50,+4.50,236011,47954973,263
2023-02-23,TPEx,5291,邑昇,32.90,33.40,32.90,33.40,+0.50,229004,7638982,52
2023-02-23,TPEx,5299,杰力,132.50,134.50,132.50,134.00,+1.50,147709,19757826,230
2023-02-23,TPEx,5301,寶得利,10.95,11.65,10.85,11.10,+0.40,87621,982932,58
2023-02-23,TPEx,5302,太欣,8.65,8.75,8.65,8.67,+0.02,109106,949373,64
2023-02-23,TPEx,5309,系統電,43.20,43.20,42.85,43.00,+0.10,1963881,84393256,1287
2023-02-23,TPEx,5310,天剛,24.25,24.95,24.15,24.80,-0.10,10004,244602,13
2023-02-23,TPEx,5312,寶島科,61.40,61.90,61.40,61.90,+0.80,28295,1746297,39
2023-02-23,TPEx,5314,世紀,17.80,17.80,17.20,17.20,-0.60,3324,58404,51
2023-02-23,TPEx,5315,光聯,21.80,22.20,21.65,21.70,+0.05,2015154,44069111,1087
2023-02-23,TPEx,5321,美而快,89.30,89.60,88.50,89.00,+0.80,474309,42261579,466
2023-02-23,TPEx,5324,士開,8.65,9.47,8.65,9.47,+0.86,784965,7377461,380
2023-02-23,TPEx,5328,華容,11.45,11.65,11.35,11.60,+0.20,643054,7394428,336
2023-02-23,TPEx,5340,建榮,52.30,52.80,50.50,50.90,-1.40,814797,41633982,539
2023-02-23,TPEx,5344,立衛,18.65,19.50,18.65,19.05,+0.40,263129,5042311,189
2023-02-23,TPEx,5345,天揚,6.23,6.23,6.23,6.23,+0.20,1340,8289,7
2023-02-23,TPEx,5347,世界,92.00,94.40,91.70,93.40,+1.70,7251523,675827993,5066
2023-02-23,TPEx,5348,系通,10.05,10.25,10.00,10.00,+0.02,36000,363750,8
2023-02-23,TPEx,5351,鈺創,47.55,48.45,47.30,48.00,+1.00,5026080,240696962,3429
2023-02-23,TPEx,5353,台林,35.30,35.55,34.70,34.80,-0.50,2162156,75681896,1441
2023-02-23,TPEx,5355,佳總,6.78,7.00,6.77,6.78,0.00,142302,965334,83
2023-02-23,TPEx,5356,協益,21.60,21.75,21.60,21.65,+0.05,69226,1500902,184
2023-02-23,TPEx,5364,力麗店,29.80,32.50,29.00,32.45,+2.75,375929,11634797,328
2023-02-23,TPEx,5371,中光電,64.60,64.90,63.80,63.90,-1.40,4680173,301015189,3383
2023-02-23,TPEx,5381,合正,7.19,7.66,7.15,7.40,+0.14,1254521,9225726,363
2023-02-23,TPEx,5383,金利,25.50,25.50,25.30,25.30,+0.05,14162,359424,21
2023-02-23,TPEx,5386,青雲,37.15,38.00,36.95,37.50,+0.75,508964,19120417,450
2023-02-23,TPEx,5392,能率,22.50,23.10,22.50,22.60,+0.10,361520,8248548,402
2023-02-23,TPEx,5398,慕康生醫,16.50,16.50,16.35,16.40,-0.10,16285,267333,36
2023-02-23,TPEx,5403,中菲,76.00,76.80,76.00,76.20,+0.80,236936,18075971,257
2023-02-23,TPEx,5410,國眾,34.65,34.95,34.35,34.35,-0.20,496545,17193788,473
2023-02-23,TPEx,5425,台半,91.80,93.30,91.70,92.20,+1.30,6853358,633843498,4647
2023-02-23,TPEx,5426,振發,13.70,13.95,13.70,13.70,0.00,495993,6840701,248
2023-02-23,TPEx,5432,新門,26.80,26.90,26.60,26.65,+0.05,35192,941548,44
2023-02-23,TPEx,5438,東友,17.85,17.95,17.85,17.90,-0.05,35044,626121,59
2023-02-23,TPEx,5439,高技,62.10,62.50,61.40,61.50,+0.60,1518943,94087082,1018
2023-02-23,TPEx,5443,均豪,29.35,29.60,29.20,29.40,+0.35,337061,9902097,257
2023-02-23,TPEx,5450,南良,18.10,18.10,18.05,18.10,+0.05,68014,1230201,59
2023-02-23,TPEx,5452,佶優,16.40,17.60,16.40,17.10,+0.75,2532582,43514590,1241
2023-02-23,TPEx,5455,昇益,,,,,,1,28,1
2023-02-23,TPEx,5457,宣德,53.80,58.50,53.30,58.50,+5.30,4066636,229705543,2106
2023-02-23,TPEx,5460,同協,11.15,11.45,11.15,11.30,+0.15,153633,1730807,162
2023-02-23,TPEx,5464,霖宏,28.80,30.85,28.75,30.85,+2.80,2737922,83154413,1103
2023-02-23,TPEx,5465,富驊,21.50,21.80,21.50,21.60,+0.10,234104,5075394,159
2023-02-23,TPEx,5468,凱鈺,17.70,17.70,17.35,17.65,0.00,38161,666092,36
2023-02-23,TPEx,5474,聰泰,77.80,78.30,77.60,77.90,+0.20,25445,1981052,51
2023-02-23,TPEx,5475,德宏,13.30,13.40,12.70,13.00,-0.25,1182639,15508102,597
2023-02-23,TPEx,5478,智冠,80.70,82.50,80.70,81.60,+1.10,310671,25400281,342
2023-02-23,TPEx,5481,新華,12.50,12.50,12.40,12.45,0.00,21529,268931,167
2023-02-23,TPEx,5483,中美晶,160.50,164.50,160.50,164.50,+4.50,3948455,644377391,2856
2023-02-23,TPEx,5487,通泰,25.10,25.10,25.05,25.05,+0.35,9006,225756,12
2023-02-23,TPEx,5488,松普,9.96,9.99,9.90,9.93,-0.04,203122,2021334,118
2023-02-23,TPEx,5489,彩富,35.80,36.20,35.70,36.20,+0.25,74044,2658976,48
2023-02-23,TPEx,5490,同亨,24.40,24.45,24.10,24.25,+0.05,56651,1373468,256
2023-02-23,TPEx,5493,三聯,49.70,50.00,49.70,49.75,+0.05,12005,598700,11
2023-02-23,TPEx,5498,凱崴,10.50,10.60,10.45,10.55,+0.05,412282,4340230,221
2023-02-23,TPEx,5508,永信建,58.00,59.10,57.90,59.10,+1.20,190654,11169073,164
2023-02-23,TPEx,5511,德昌,31.10,31.20,31.05,31.15,+0.05,68046,2117379,40
2023-02-23,TPEx,5512,力麒,10.95,11.35,10.90,11.35,+1.00,56317921,635582361,9542
2023-02-23,TPEx,5514,三豐,18.20,18.20,18.20,18.20,+0.20,1003,18252,3
2023-02-23,TPEx,5516,雙喜,23.95,26.25,23.90,26.10,+2.20,326711,8152624,213
2023-02-23,TPEx,5520,力泰,56.30,57.00,56.30,56.50,+0.30,5000,282800,5
2023-02-23,TPEx,5523,豐謙,25.00,25.00,24.90,25.00,+0.05,12306,307104,11
2023-02-23,TPEx,5529,鉅陞,12.45,12.60,12.30,12.60,0.00,179720,2248575,63
2023-02-23,TPEx,5530,龍巖,38.50,39.25,38.50,38.70,+0.30,265867,10320640,212
2023-02-23,TPEx,5536,聖暉*,117.00,120.00,117.00,119.50,+2.50,917349,108873817,871
2023-02-23,TPEx,5543,桓鼎-KY,53.90,54.00,53.90,54.00,0.00,3000,161900,3
2023-02-23,TPEx,5601,台聯櫃,42.60,43.00,40.45,41.50,-0.40,41214,1728188,23
2023-02-23,TPEx,5603,陸海,23.10,24.00,23.10,23.60,+0.50,754500,17809148,523
2023-02-23,TPEx,5604,中連,53.90,54.10,53.30,53.80,,74330,3988473,120
2023-02-23,TPEx,5609,中菲行,76.30,78.70,76.30,78.30,+2.70,933702,72959633,898
2023-02-23,TPEx,5701,劍湖山,5.01,5.01,4.79,4.79,+0.09,5479336,26723301,1125
2023-02-23,TPEx,5703,亞都,23.90,25.50,23.60,25.50,+2.30,1260417,31340675,629
2023-02-23,TPEx,5704,老爺知,74.00,77.50,72.70,75.50,+5.00,7062051,529191461,4976
2023-02-23,TPEx,5864,致和證,11.90,12.30,11.90,12.20,+0.35,388165,4715137,152
2023-02-23,TPEx,5878,台名,48.50,48.50,48.40,48.50,0.00,3135,151979,6
2023-02-23,TPEx,5902,德記,36.50,37.60,36.50,36.80,+0.45,37000,1370950,32
2023-02-23,TPEx,5903,全家,201.50,203.00,201.00,203.00,+2.00,70119,14181808,159
2023-02-23,TPEx,5904,寶雅,574.00,614.00,574.00,603.00,+23.00,2212931,1331350960,3210
2023-02-23,TPEx,5905,南仁湖,13.55,13.90,13.30,13.65,+0.15,12858199,175073078,4535
2023-02-23,TPEx,6015,宏遠證,9.89,10.20,9.89,10.05,+0.18,1613735,16287584,686
2023-02-23,TPEx,6016,康和證,10.70,10.90,10.70,10.90,+0.25,1083887,11711396,456
2023-02-23,TPEx,6020,大展證,18.90,19.00,18.90,18.95,+0.05,11000,208300,9
2023-02-23,TPEx,6021,美好證,17.55,17.75,17.55,17.60,0.00,9000,159150,8
2023-02-23,TPEx,6023,元大期,50.20,50.40,50.10,50.30,0.00,48661,2445749,64
2023-02-23,TPEx,6026,福邦證,11.10,11.20,11.05,11.10,+0.05,1039706,11573917,485
2023-02-23,TPEx,6101,寬魚國際,34.60,38.00,34.60,38.00,+3.45,1405086,52489558,814
2023-02-23,TPEx,6103,合邦,5.40,5.56,5.16,5.16,+0.09,55554,289063,28
2023-02-23,TPEx,6104,創惟,124.50,129.00,124.00,128.00,+5.50,9644015,1224629383,7234
2023-02-23,TPEx,6109,亞元,19.00,19.45,18.70,18.70,-0.20,1124101,21290045,758
2023-02-23,TPEx,6111,大宇資,57.50,58.80,57.40,58.00,+0.50,717081,41665525,641
2023-02-23,TPEx,6113,亞矽,17.50,18.05,17.50,17.75,+0.25,350022,6238953,208
2023-02-23,TPEx,6114,久威,25.30,25.40,25.15,25.15,-0.05,100105,2527632,82
2023-02-23,TPEx,6118,建達,39.10,40.90,38.85,39.60,+0.95,9782575,391708996,6229
2023-02-23,TPEx,6121,新普,295.00,300.00,294.50,300.00,+4.50,673233,200739816,827
2023-02-23,TPEx,6122,擎邦,19.15,19.25,19.05,19.15,0.00,532522,10200732,315
2023-02-23,TPEx,6123,上奇,65.00,68.00,65.00,67.60,+2.50,470375,31544224,509
2023-02-23,TPEx,6124,業強,26.00,26.05,25.90,25.95,0.00,54406,1412150,72
2023-02-23,TPEx,6125,廣運,28.05,28.20,27.55,27.70,-0.05,5353097,149314313,2790
2023-02-23,TPEx,6126,信音,21.00,22.05,20.85,21.85,+1.00,1444508,31225568,625
2023-02-23,TPEx,6127,九豪,17.65,17.85,17.65,17.75,+0.05,141491,2509299,161
2023-02-23,TPEx,6129,普誠,35.35,35.75,35.20,35.55,+0.60,4490086,159385318,2671
2023-02-23,TPEx,6130,星寶國際,37.00,37.00,36.20,36.75,-0.20,80179,2918251,60
2023-02-23,TPEx,6134,萬旭,21.30,21.90,21.30,21.40,+0.05,138518,2980028,96
2023-02-23,TPEx,6138,茂達,146.00,149.50,146.00,149.50,+6.00,3013434,447068553,2283
2023-02-23,TPEx,6140,訊達,17.95,19.50,17.90,19.00,+1.20,1977163,37750223,1139
2023-02-23,TPEx,6143,振曜,88.10,89.90,87.10,89.40,+0.80,3215621,285417035,2157
2023-02-23,TPEx,6144,得利影,14.35,14.35,14.25,14.25,+0.10,2060,29461,3
2023-02-23,TPEx,6146,耕興,258.50,266.50,255.00,258.50,+1.50,1570906,408037891,1543
2023-02-23,TPEx,6147,頎邦,66.50,67.30,66.40,67.10,+1.10,4127430,276512747,2852
2023-02-23,TPEx,6148,驊宏資,17.00,17.25,16.00,16.00,-0.30,4998291,83273845,2453
2023-02-23,TPEx,6150,撼訊,80.50,82.50,79.50,81.40,+3.20,4476666,363782471,3159
2023-02-23,TPEx,6151,晉倫,27.20,27.20,27.15,27.20,+0.05,25166,684456,26
2023-02-23,TPEx,6154,順發,15.90,16.20,15.90,16.20,+0.30,58270,935270,42
2023-02-23,TPEx,6156,松上,19.80,20.05,19.70,19.80,+0.15,517687,10286934,339
2023-02-23,TPEx,6158,禾昌,26.90,26.90,26.60,26.70,+0.30,45332,1212434,150
2023-02-23,TPEx,6160,欣技,19.85,21.35,19.50,20.65,+1.00,2323392,47518493,1369
2023-02-23,TPEx,6161,捷波,27.10,27.55,27.10,27.40,+0.40,376674,10293442,251
2023-02-23,TPEx,6163,華電網,15.80,15.95,15.70,15.80,+0.05,325033,5141335,174
2023-02-23,TPEx,6167,久正,12.65,12.75,12.60,12.60,+0.05,389147,4926838,208
2023-02-23,TPEx,6169,昱泉,19.00,19.25,19.00,19.10,+0.10,20086,383665,53
2023-02-23,TPEx,6170,統振,37.35,37.80,37.00,37.50,+0.50,338798,12675605,400
2023-02-23,TPEx,6171,大城地產,24.40,24.60,24.30,24.60,+0.35,36900,903037,34
2023-02-23,TPEx,6173,信昌電,42.65,43.20,42.30,42.90,+0.35,780668,33460617,564
2023-02-23,TPEx,6174,安碁,28.05,28.85,28.00,28.55,+0.80,278408,7916460,189
2023-02-23,TPEx,6175,立敦,37.00,37.15,36.50,37.05,+0.35,236758,8726672,184
2023-02-23,TPEx,6179,亞通,30.10,30.15,29.80,29.90,-0.35,412116,12350848,326
2023-02-23,TPEx,6180,橘子,79.80,81.20,79.60,80.10,+0.10,2082854,167115790,1814
2023-02-23,TPEx,6182,合晶,45.20,45.45,45.20,45.35,+0.20,2299487,104181164,1410
2023-02-23,TPEx,6185,幃翔,13.55,13.65,13.45,13.55,+0.05,182618,2470813,260
2023-02-23,TPEx,6186,新潤,36.75,38.55,36.75,38.05,+1.10,829084,31448251,636
2023-02-23,TPEx,6187,萬潤,70.50,72.30,70.50,71.20,+0.90,695788,49666138,566
2023-02-23,TPEx,6188,廣明,49.65,50.50,49.15,50.00,+0.50,4581269,228413436,2834
2023-02-23,TPEx,6190,萬泰科,31.00,31.40,30.95,31.15,+0.20,703258,21975705,484
2023-02-23,TPEx,6194,育富,23.75,23.80,23.60,23.65,-0.10,14958,354072,18
2023-02-23,TPEx,6195,詩肯,43.95,44.20,43.90,44.15,+0.30,29508,1300552,37
2023-02-23,TPEx,6198,瑞築,19.60,19.60,18.85,19.50,-0.10,5117,98115,32
2023-02-23,TPEx,6199,天品,18.45,18.60,18.40,18.60,-0.10,16000,295250,13
2023-02-23,TPEx,6203,海韻電,56.60,57.50,56.60,56.80,+0.80,154076,8794951,146
2023-02-23,TPEx,6204,艾華,55.50,55.80,55.30,55.80,+0.50,7070,392892,8
2023-02-23,TPEx,6207,雷科,26.70,26.95,26.70,26.85,+0.25,130354,3488484,248
2023-02-23,TPEx,6208,日揚,54.40,54.40,53.80,53.90,+0.10,108108,5839652,112
2023-02-23,TPEx,6210,慶生,35.30,35.35,35.00,35.10,-0.35,27330,959744,29
2023-02-23,TPEx,6212,理銘,49.00,49.00,49.00,49.00,+0.05,1000,49000,1
2023-02-23,TPEx,6217,中探針,47.10,47.80,46.90,47.50,+0.80,1897743,90048503,1221
2023-02-23,TPEx,6218,豪勉,18.70,19.00,18.70,18.90,0.00,89412,1692171,101
2023-02-23,TPEx,6219,富旺,11.05,11.10,11.00,11.05,-0.05,88706,978381,54
2023-02-23,TPEx,6220,岳豐,27.20,28.30,27.20,27.85,+0.75,2268492,63117713,1265
2023-02-23,TPEx,6221,晉泰,56.40,57.50,56.00,56.90,+1.40,43362,2461555,177
2023-02-23,TPEx,6222,上揚,14.30,14.30,14.30,14.30,0.00,1000,14300,1
2023-02-23,TPEx,6223,旺矽,121.00,126.50,120.50,125.50,+5.00,2576114,319040302,1929
2023-02-23,TPEx,6227,茂綸,46.75,46.75,45.85,45.90,-0.45,293446,13522715,207
2023-02-23,TPEx,6228,全譜,12.75,12.75,12.45,12.75,+0.10,140996,1771979,112
2023-02-23,TPEx,6229,研通,26.35,26.35,26.10,26.10,+0.15,55083,1443649,79
2023-02-23,TPEx,6231,系微,104.50,107.50,103.50,104.00,+0.50,1773331,186204216,1489
2023-02-23,TPEx,6233,旺玖,23.25,23.60,22.85,22.85,-0.30,547464,12724657,410
2023-02-23,TPEx,6234,高僑,24.45,24.55,23.50,23.50,-0.70,3018045,72160324,1585
2023-02-23,TPEx,6236,康呈,22.00,23.00,22.00,23.00,+0.50,4000,90000,3
2023-02-23,TPEx,6237,驊訊,49.50,50.80,49.20,50.10,+1.30,731846,36686528,621
2023-02-23,TPEx,6240,松崗,18.65,18.75,18.60,18.60,+0.05,14000,261200,12
2023-02-23,TPEx,6241,易通展,15.55,15.85,15.50,15.55,+0.05,190243,2965854,159
2023-02-23,TPEx,6242,立康,57.60,58.00,57.00,57.20,-0.20,30923,1782183,45
2023-02-23,TPEx,6244,茂迪,28.50,28.85,28.45,28.60,+0.20,2043013,58480391,1163
2023-02-23,TPEx,6245,立端,112.00,114.50,111.50,114.50,+3.00,4584744,518620447,3276
2023-02-23,TPEx,6246,臺龍,14.10,14.20,14.10,14.15,0.00,15162,214227,69
2023-02-23,TPEx,6248,沛波,22.80,23.40,22.80,23.20,+0.45,582766,13502956,421
2023-02-23,TPEx,6259,百徽,24.00,24.10,24.00,24.05,+0.05,38040,913502,23
2023-02-23,TPEx,6261,久元,63.90,63.90,63.50,63.90,+0.50,178798,11385535,178
2023-02-23,TPEx,6263,普萊德,90.20,90.30,89.70,90.30,+0.50,61217,5512324,72
2023-02-23,TPEx,6264,富裔,8.14,8.19,8.13,8.14,-0.04,78012,635487,36
2023-02-23,TPEx,6265,方土昶,10.20,10.25,10.15,10.20,+0.10,126895,1291113,122
2023-02-23,TPEx,6266,泰詠,32.65,33.40,32.20,32.35,+0.40,10489376,343915096,7593
2023-02-23,TPEx,6270,倍微,23.70,23.70,23.60,23.60,+0.05,79624,1881392,103
2023-02-23,TPEx,6274,台燿,58.70,59.70,58.50,59.50,+0.80,1429914,84461876,994
2023-02-23,TPEx,6275,元山,28.65,29.05,28.60,28.70,+0.15,177439,5110400,120
2023-02-23,TPEx,6276,安鈦克,17.30,17.30,17.00,17.00,-0.20,55064,939689,53
2023-02-23,TPEx,6279,胡連,156.00,157.00,155.00,156.50,+1.50,751093,117179076,672
2023-02-23,TPEx,6284,佳邦,58.80,59.00,58.00,58.40,0.00,633189,36976229,460
2023-02-23,TPEx,6287,元隆,23.50,23.75,23.45,23.75,+0.05,14505,340918,20
2023-02-23,TPEx,6290,良維,73.60,76.40,73.40,76.00,+2.70,9540648,715852209,5895
2023-02-23,TPEx,6291,沛亨,99.50,100.50,99.50,99.60,-0.90,12532,1251176,31
2023-02-23,TPEx,6292,迅德,41.65,41.90,41.65,41.65,0.00,37150,1550971,40
2023-02-23,TPEx,6294,智基,108.00,108.00,108.00,108.00,0.00,25943,2802344,61
2023-02-23,TPEx,6404,通訊-KY,,,,,,51,1123,40
2023-02-23,TPEx,6411,晶焱,129.50,135.00,128.50,132.50,+2.00,6965020,919939630,5406
2023-02-23,TPEx,6417,韋僑,101.50,110.00,101.50,110.00,+10.00,880192,96056620,439
2023-02-23,TPEx,6418,詠昇,17.45,17.45,16.85,16.90,-0.10,148729,2542123,114
2023-02-23,TPEx,6419,京晨科,37.20,38.00,37.00,37.85,+0.60,40100,1510725,31
2023-02-23,TPEx,6425,易發,20.00,20.30,19.95,20.00,0.00,50000,1002050,34
2023-02-23,TPEx,6432,今展科,35.30,35.90,34.40,35.35,+0.45,307638,10821456,308
2023-02-23,TPEx,6435,大中,106.00,106.50,105.00,105.50,-1.50,709476,75132978,554
2023-02-23,TPEx,6441,廣錠,63.00,63.50,62.00,62.50,+0.30,1273218,79645218,922
2023-02-23,TPEx,6446,藥華藥,496.00,499.00,492.50,493.50,-2.50,776636,384750726,1214
2023-02-23,TPEx,6457,紘康,62.30,62.70,61.80,62.70,+1.10,87372,5454971,134
2023-02-23,TPEx,6461,益得,31.10,31.35,31.10,31.20,+0.10,186223,5814473,144
2023-02-23,TPEx,6462,神盾,78.90,80.80,78.90,79.40,+0.30,351565,27987556,373
2023-02-23,TPEx,6465,威潤,17.70,18.00,17.70,17.80,+0.15,41405,738190,40
2023-02-23,TPEx,6469,大樹,328.50,330.50,326.00,329.50,+3.00,204847,67242295,510
2023-02-23,TPEx,6470,宇智,62.90,63.10,61.90,61.90,-0.50,741608,46229143,656
2023-02-23,TPEx,6472,保瑞,500.00,520.00,495.00,510.00,+17.00,853820,431635951,1298
2023-02-23,TPEx,6482,弘煜科,44.35,46.10,44.35,45.90,+0.35,5001,228394,6
2023-02-23,TPEx,6485,點序,76.60,77.90,76.60,77.30,+0.80,307964,23845384,374
2023-02-23,TPEx,6486,互動,68.60,69.80,67.00,69.80,-0.90,431946,29643283,506
2023-02-23,TPEx,6488,環球晶,513.00,525.00,510.00,525.00,+14.00,1899277,985374379,2138
2023-02-23,TPEx,6492,生華科,58.40,58.70,58.10,58.50,+0.50,150431,8799668,176
2023-02-23,TPEx,6494,九齊,77.60,79.50,77.60,78.70,+1.10,237705,18705868,231
2023-02-23,TPEx,6496,科懋,33.50,35.90,33.00,34.20,+1.55,1596571,54819262,1310
2023-02-23,TPEx,6499,益安,59.10,60.80,59.10,60.30,+1.60,317402,19093449,345
2023-02-23,TPEx,6506,雙邦,20.65,20.80,20.50,20.50,-0.05,206286,4265270,82
2023-02-23,TPEx,6508,惠光,39.20,39.90,39.00,39.15,+0.45,639344,25109399,457
2023-02-23,TPEx,6509,聚和,46.80,47.40,46.55,47.00,+0.50,3177711,149497077,1752
2023-02-23,TPEx,6510,精測,575.00,595.00,575.00,585.00,+13.00,338169,198797612,487
2023-02-23,TPEx,6512,啟發電,21.90,21.90,21.60,21.80,0.00,11518,250296,16
2023-02-23,TPEx,6514,芮特-KY,54.50,55.50,54.30,54.70,+0.40,39060,2144323,39
2023-02-23,TPEx,6516,勤崴國際,84.10,84.60,83.70,84.10,0.00,16682,1402997,30
2023-02-23,TPEx,6517,保勝光學,74.40,80.00,73.50,77.60,+0.90,3726987,283061825,2968
2023-02-23,TPEx,6523,達爾膚,114.50,118.50,114.00,114.00,+1.00,986937,114288179,912
2023-02-23,TPEx,6527,明達醫,60.60,61.30,60.60,60.80,-0.30,115239,7027824,310
2023-02-23,TPEx,6530,創威,24.35,24.60,24.30,24.40,-0.05,68000,1660000,42
2023-02-23,TPEx,6532,瑞耘,55.50,55.90,55.20,55.60,+0.20,229173,12715351,204
2023-02-23,TPEx,6535,順藥,43.00,43.15,42.55,42.90,-0.15,385431,16519859,288
2023-02-23,TPEx,6538,倉和,81.00,82.80,80.90,82.00,+1.70,141444,11585082,166
2023-02-23,TPEx,6542,隆中,43.90,44.40,43.90,44.40,+0.80,4000,176100,4
2023-02-23,TPEx,6546,正基,85.00,85.90,85.00,85.20,+0.40,475523,40621972,426
2023-02-23,TPEx,6547,高端疫苗,61.50,63.80,61.10,63.00,+1.90,3549966,221261295,2686
2023-02-23,TPEx,6548,長科*,34.70,35.00,34.50,34.55,+0.10,1376645,47826748,818
2023-02-23,TPEx,6556,勝品,163.00,168.50,159.00,159.00,-0.50,755189,122809200,784
2023-02-23,TPEx,6560,欣普羅,35.30,35.85,35.20,35.40,+0.35,47915,1698294,84
2023-02-23,TPEx,6561,是方,334.00,350.00,334.00,348.50,+18.00,706003,241783398,873
2023-02-23,TPEx,6568,宏觀,175.00,181.50,175.00,178.00,+3.00,661025,118024651,846
2023-02-23,TPEx,6569,醫揚,103.50,104.50,102.50,104.00,0.00,57006,5924289,68
2023-02-23,TPEx,6570,維田,57.20,60.80,57.00,58.40,+1.40,5106522,298459269,3565
2023-02-23,TPEx,6574,霈方,49.35,49.35,49.35,49.35,0.00,3531,173456,4
2023-02-23,TPEx,6576,逸達,104.00,112.00,104.00,109.50,+5.00,1279203,139223480,946
2023-02-23,TPEx,6577,勁豐,63.30,63.50,62.90,63.30,+0.30,48135,3038802,57
2023-02-23,TPEx,6578,達邦蛋白,16.35,16.50,16.30,16.30,+0.10,369748,6047667,241
2023-02-23,TPEx,6588,東典光電,32.80,32.80,32.50,32.80,+0.85,25594,834480,288
2023-02-23,TPEx,6589,台康生技,116.50,120.00,116.50,119.50,+3.50,1854825,219628971,1539
2023-02-23,TPEx,6590,普鴻,61.90,63.00,61.90,62.60,+1.10,47450,2963644,56
2023-02-23,TPEx,6593,台灣銘板,51.70,51.70,50.50,50.50,-1.20,20404,1035616,63
2023-02-23,TPEx,6594,展匯科,29.20,29.50,29.00,29.50,+0.55,93563,2743252,70
2023-02-23,TPEx,6596,寬宏藝術,45.85,46.20,45.80,46.10,+0.30,52303,2406988,52
2023-02-23,TPEx,6603,富強鑫,18.70,18.90,18.45,18.45,-0.25,1845250,34506113,747
2023-02-23,TPEx,6609,瀧澤科,42.90,43.25,42.05,42.65,+0.15,1121833,47613096,860
2023-02-23,TPEx,6612,奈米醫材,144.00,152.00,142.50,152.00,+13.50,1875550,276863871,1465
2023-02-23,TPEx,6613,朋億*,98.90,102.50,98.90,100.50,+1.00,355779,35917082,328
2023-02-23,TPEx,6615,慧智,38.05,38.05,38.00,38.00,0.00,7000,266050,6
2023-02-23,TPEx,6616,特昇-KY,14.05,14.25,14.00,14.25,+0.20,85100,1205684,59
2023-02-23,TPEx,6624,萬年清,41.95,41.95,41.95,41.95,-0.05,2000,83900,2
2023-02-23,TPEx,6629,泰金-KY,,,,,,0,0,0
2023-02-23,TPEx,6640,均華,93.80,94.60,93.80,94.40,+0.60,7032,663614,10
2023-02-23,TPEx,6642,富致,53.60,54.30,53.40,53.80,+0.20,68713,3691106,102
2023-02-23,TPEx,6643,M31,549.00,593.00,548.00,578.00,+36.00,5444400,3108994529,5697
2023-02-23,TPEx,6649,台生材,42.60,42.95,41.55,41.60,-1.00,215677,9076479,204
2023-02-23,TPEx,6651,全宇昕,73.40,74.70,73.30,74.30,+1.40,89220,6612010,86
2023-02-23,TPEx,6654,天正國際,55.70,55.90,55.00,55.90,+0.20,4015,222511,7
2023-02-23,TPEx,6661,威健生技,23.70,23.80,23.70,23.70,+0.10,4030,95605,5
2023-02-23,TPEx,6662,樂斯科,30.20,30.20,29.90,29.95,0.00,22011,659745,20
2023-02-23,TPEx,6664,群翊,104.50,108.00,103.00,104.00,-0.50,471331,49600401,402
2023-02-23,TPEx,6667,信紘科,66.70,68.30,66.70,68.20,+1.60,285503,19334575,493
2023-02-23,TPEx,6679,鈺太,276.00,284.00,270.50,280.00,+8.50,792047,219465440,738
2023-02-23,TPEx,6680,鑫創電子,61.30,63.40,61.30,63.40,-0.10,3011,187507,5
2023-02-23,TPEx,6683,雍智科技,210.50,211.00,207.00,210.00,+4.00,329060,68914844,364
2023-02-23,TPEx,6684,安格,51.00,53.60,50.80,53.60,+2.60,170874,8949613,191
2023-02-23,TPEx,6690,安碁資訊,163.00,170.50,162.00,165.00,+1.00,297588,49255614,415
2023-02-23,TPEx,6693,廣閎科,61.70,62.60,60.00,60.90,-0.80,203510,12404366,159
2023-02-23,TPEx,6697,東捷資訊,38.75,40.85,38.75,39.70,+1.40,93088,3720554,75
2023-02-23,TPEx,6703,軒郁,118.50,121.50,118.50,119.50,-1.50,144531,17371072,247
2023-02-23,TPEx,6708,天擎,59.40,60.70,59.20,60.30,+0.90,147731,8882416,145
2023-02-23,TPEx,6712,長聖,220.50,221.00,218.50,219.00,0.00,628619,137845373,593
2023-02-23,TPEx,6716,應廣,91.70,95.90,91.70,94.60,+4.60,49443,4632544,100
2023-02-23,TPEx,6721,信實,51.40,51.50,50.70,50.70,-0.60,31377,1603354,43
2023-02-23,TPEx,6727,亞泰金屬,71.90,72.70,71.00,71.80,+0.80,460837,33174363,435
2023-02-23,TPEx,6728,上洋,133.50,140.50,133.50,140.50,+12.50,151177,21140626,124
2023-02-23,TPEx,6732,昇佳電子,339.00,370.50,339.00,370.50,+33.50,2616388,935277267,2696
2023-02-23,TPEx,6733,博晟生醫,25.60,27.90,25.60,27.90,+2.50,2954896,81264821,1518
2023-02-23,TPEx,6735,美達科技,55.10,58.00,55.10,57.70,+1.60,23068,1320791,44
2023-02-23,TPEx,6741,91APP*-KY,126.00,133.00,125.00,128.00,+2.50,3596436,465158023,3118
2023-02-23,TPEx,6747,亨泰光,208.00,210.00,208.00,209.50,+3.00,67981,14263622,74
2023-02-23,TPEx,6751,智聯服務,50.70,55.10,50.70,55.10,+5.00,297765,16053684,294
2023-02-23,TPEx,6752,叡揚,122.50,122.50,118.50,122.50,+11.00,517387,63142685,403
2023-02-23,TPEx,6761,穩得,94.80,94.80,93.00,93.30,+0.80,22198,2074512,24
2023-02-23,TPEx,6762,達亞,246.00,264.00,246.00,258.00,+15.00,44896,11454789,83
2023-02-23,TPEx,6763,綠界科技,475.00,488.50,475.00,486.00,+6.00,92482,44635497,327
2023-02-23,TPEx,6767,台微醫,33.70,34.30,33.70,34.30,+0.70,152101,5173903,85
2023-02-23,TPEx,6788,華景電,125.00,129.00,124.50,127.00,+3.00,557122,70674997,574
2023-02-23,TPEx,6791,虎門科技,79.20,79.20,79.20,79.20,+7.20,283053,22417794,157
2023-02-23,TPEx,6803,崑鼎,267.50,267.50,265.50,266.50,+1.50,20879,5553379,92
2023-02-23,TPEx,6804,明係,54.60,55.20,54.40,54.50,-0.20,37196,2035842,35
2023-02-23,TPEx,6811,宏碁資訊,156.00,163.00,153.00,153.50,-1.50,542768,85732145,580
2023-02-23,TPEx,6823,濾能,99.50,101.50,99.10,101.50,+1.90,29715,2992162,59
2023-02-23,TPEx,6829,千附精密,83.50,84.00,82.60,82.60,+0.10,252205,20993056,343
2023-02-23,TPEx,6843,進典,61.30,66.50,61.30,66.10,+5.60,1052336,68167334,651
2023-02-23,TPEx,6855,數泓科,87.00,87.10,85.10,85.30,-1.50,63376,5428530,175
2023-02-23,TPEx,6859,伯特光,160.50,168.00,159.50,160.50,+5.50,1583735,259667500,1397
2023-02-23,TPEx,6865,偉康科技,113.00,117.00,111.50,114.50,+3.50,276082,31798661,283
2023-02-23,TPEx,6874,倍力,106.50,120.00,106.50,119.00,+9.50,697370,79131769,840
2023-02-23,TPEx,7402,邑錡,39.35,39.80,39.35,39.35,0.00,22711,896316,24
2023-02-23,TPEx,7556,意德士,99.20,99.20,99.00,99.10,+0.10,18403,1824149,27
2023-02-23,TPEx,8024,佑華,21.30,21.30,21.10,21.15,-0.05,81050,1715907,83
2023-02-23,TPEx,8027,鈦昇,53.50,54.00,53.10,53.30,0.00,320904,17180603,319
2023-02-23,TPEx,8032,光菱,32.00,32.10,31.80,31.90,+0.15,34279,1095803,121
2023-02-23,TPEx,8034,榮群,14.30,14.45,14.25,14.30,0.00,133038,1910916,90
2023-02-23,TPEx,8038,長園科,43.20,43.65,42.95,43.40,+0.20,547632,23709156,451
2023-02-23,TPEx,8040,九暘,52.80,53.20,52.40,52.70,+0.60,256584,13552476,221
2023-02-23,TPEx,8042,金山電,36.40,36.85,36.40,36.70,-0.05,23539,861978,134
2023-02-23,TPEx,8043,蜜望實,30.70,31.20,30.00,30.10,-0.45,679978,20600339,568
2023-02-23,TPEx,8044,網家,67.50,68.00,64.30,64.80,-2.40,3992962,260754777,3171
2023-02-23,TPEx,8047,星雲,12.05,12.15,11.95,12.15,0.00,6000,72300,6
2023-02-23,TPEx,8048,德勝,35.45,35.65,35.25,35.55,+0.15,120671,4276119,98
2023-02-23,TPEx,8049,晶采,36.35,37.05,35.55,36.35,+1.35,4798668,173868242,2806
2023-02-23,TPEx,8050,廣積,84.80,86.70,84.50,86.20,+1.70,8693199,745133276,5512
2023-02-23,TPEx,8054,安國,34.95,35.45,34.75,35.05,+0.35,587708,20622673,404
2023-02-23,TPEx,8059,凱碩,10.45,10.45,10.30,10.45,0.00,25036,260094,29
2023-02-23,TPEx,8064,東捷,17.80,17.95,17.80,17.90,+0.20,254086,4539819,188
2023-02-23,TPEx,8066,來思達,28.70,28.75,28.35,28.40,+0.05,27450,783829,101
2023-02-23,TPEx,8068,全達,23.85,25.60,23.85,25.00,+1.00,157832,3921876,106
2023-02-23,TPEx,8069,元太,202.00,203.50,198.00,202.00,0.00,16067612,3241669900,10953
2023-02-23,TPEx,8071,能率網通,15.70,15.80,15.55,15.75,+0.05,241194,3775060,160
2023-02-23,TPEx,8074,鉅橡,19.70,19.90,19.60,19.80,+0.10,133059,2624675,102
2023-02-23,TPEx,8076,伍豐,30.45,30.90,30.25,30.30,-0.10,1443361,44149402,975
2023-02-23,TPEx,8077,洛碁,33.90,37.25,32.90,37.25,+3.30,5612,197448,11
2023-02-23,TPEx,8080,永利聯合,10.50,11.25,10.50,11.15,+0.50,20548,224524,34
2023-02-23,TPEx,8083,瑞穎,162.00,162.50,160.50,162.50,+0.50,70140,11318684,73
2023-02-23,TPEx,8084,巨虹,103.50,106.00,103.50,105.50,+2.50,301656,31756677,271
2023-02-23,TPEx,8085,福華,21.10,21.10,20.65,20.70,+0.05,62520,1295299,85
2023-02-23,TPEx,8086,宏捷科,78.00,78.30,77.40,78.00,+0.50,1264230,98502112,971
2023-02-23,TPEx,8087,華鎂鑫,28.30,28.30,27.95,28.00,-0.20,16002,448106,16
2023-02-23,TPEx,8088,品安,25.25,25.70,25.05,25.60,+0.35,679298,17309396,345
2023-02-23,TPEx,8089,康全電訊,22.85,22.90,22.75,22.85,0.00,28005,639224,77
2023-02-23,TPEx,8091,翔名,93.00,94.80,91.90,93.60,+1.40,1105323,103137770,1178
2023-02-23,TPEx,8092,建暐,11.90,11.95,11.90,11.95,+0.05,34062,406235,31
2023-02-23,TPEx,8093,保銳,13.05,13.60,12.90,12.90,-0.15,260469,3442829,164
2023-02-23,TPEx,8096,擎亞,12.05,12.10,11.95,12.05,+0.05,320538,3852776,238
2023-02-23,TPEx,8097,常珵,57.40,58.10,57.00,57.40,+0.10,1499910,86017672,830
2023-02-23,TPEx,8099,大世科,38.25,38.25,38.05,38.20,+0.20,53201,2029560,38
2023-02-23,TPEx,8107,大億金茂,18.35,18.40,18.25,18.40,+0.05,144083,2643075,92
2023-02-23,TPEx,8109,博大,89.60,90.40,89.60,89.90,+0.30,127768,11499119,129
2023-02-23,TPEx,8111,立碁,19.25,19.60,19.00,19.35,-0.05,1783654,34281060,1199
2023-02-23,TPEx,8121,越峰,26.60,27.25,26.40,26.50,+0.05,862007,23027214,628
2023-02-23,TPEx,8147,正淩,63.80,64.60,63.60,63.60,0.00,142140,9098065,110
2023-02-23,TPEx,8155,博智,121.00,124.50,120.50,123.00,+2.50,1561714,192128710,1231
2023-02-23,TPEx,8171,天宇,64.20,65.60,63.50,63.70,+0.40,5720532,367591690,3998
2023-02-23,TPEx,8176,智捷,10.05,10.30,10.05,10.15,-0.15,100428,1024578,171
2023-02-23,TPEx,8182,加高,34.95,35.85,34.80,35.80,+0.85,266586,9488898,231
2023-02-23,TPEx,8183,精星,57.00,57.40,56.50,56.80,+0.70,955598,54410991,737
2023-02-23,TPEx,8227,巨有科技,177.00,184.00,172.00,175.00,+5.00,1821494,324881066,2051
2023-02-23,TPEx,8234,新漢,39.80,42.60,39.80,41.70,+2.40,7674319,318406298,4655
2023-02-23,TPEx,8240,華宏,28.55,28.80,28.55,28.80,+0.15,33092,950999,52
2023-02-23,TPEx,8255,朋程,172.50,174.50,171.00,172.50,+1.00,733144,126682205,630
2023-02-23,TPEx,8277,商丞,9.10,9.20,9.10,9.19,+0.07,135071,1238150,132
2023-02-23,TPEx,8279,生展,164.00,171.00,164.00,166.00,+4.50,106611,17835951,146
2023-02-23,TPEx,8284,三竹,59.20,60.00,59.20,59.90,+0.80,46135,2751624,62
2023-02-23,TPEx,8289,泰藝,40.60,44.45,40.60,43.70,+3.20,5298761,229399404,3074
2023-02-23,TPEx,8291,尚茂,6.63,6.63,6.52,6.52,+0.12,3307,21671,3
2023-02-23,TPEx,8299,群聯,355.50,362.50,354.50,361.50,+6.00,1028256,369433875,1285
2023-02-23,TPEx,8342,益張,57.00,57.10,56.90,56.90,-0.10,21165,1206402,25
2023-02-23,TPEx,8349,恒耀,68.70,68.80,67.40,67.80,-0.60,569259,38611261,683
2023-02-23,TPEx,8349A,恒耀甲特,45.05,45.05,45.05,45.05,0.00,10137,456636,8
2023-02-23,TPEx,8354,冠好,14.45,14.75,14.45,14.60,+0.15,197826,2878588,232
2023-02-23,TPEx,8358,金居,63.30,63.90,62.60,62.80,-1.00,9433259,594919794,7087
2023-02-23,TPEx,8383,千附,44.10,45.90,43.80,44.15,+0.65,7245933,324240750,4819
2023-02-23,TPEx,8390,金益鼎,38.85,38.85,38.15,38.40,-0.35,789800,30320775,904
2023-02-23,TPEx,8401,白紗科,24.25,24.50,23.10,23.25,-0.95,1583109,37393078,904
2023-02-23,TPEx,8403,盛弘,34.60,34.95,34.50,34.85,+0.30,414879,14407756,417
2023-02-23,TPEx,8409,商之器,19.70,19.90,19.40,19.80,+0.10,153331,3005454,125
2023-02-23,TPEx,8410,森田,29.25,30.20,29.25,30.20,+1.00,18000,535650,8
2023-02-23,TPEx,8415,大國鋼,38.15,38.30,38.05,38.15,+0.05,442392,16886006,280
2023-02-23,TPEx,8416,實威,119.50,121.00,119.50,121.00,+1.00,4677,561362,25
2023-02-23,TPEx,8418,捷必勝-KY,9.85,10.10,9.85,9.93,+0.15,67010,666850,30
2023-02-23,TPEx,8420,明揚,90.00,93.10,88.30,93.10,+5.10,1975058,179209882,1618
2023-02-23,TPEx,8421,旭源,17.85,17.90,17.65,17.75,+0.15,359884,6394596,226
2023-02-23,TPEx,8423,保綠-KY,,,,,,3081,57261,24
2023-02-23,TPEx,8424,惠普,67.00,68.00,66.90,68.00,+1.70,56441,3814815,59
2023-02-23,TPEx,8426,紅木-KY,39.60,41.40,39.40,39.70,+0.70,235733,9496458,196
2023-02-23,TPEx,8431,匯鑽科,53.10,53.20,52.40,52.60,-0.40,99056,5229752,124
2023-02-23,TPEx,8432,東生華,46.00,46.45,45.95,46.30,+0.45,29400,1356065,23
2023-02-23,TPEx,8433,弘帆,77.20,78.10,76.70,78.00,+1.20,523200,40546802,447
2023-02-23,TPEx,8435,鉅邁,61.80,62.00,61.60,62.00,+0.40,30708,1900817,46
2023-02-23,TPEx,8436,大江,230.00,233.00,228.00,232.50,+3.00,2343980,541297078,3623
2023-02-23,TPEx,8437,大地-KY,109.50,109.50,109.50,109.50,+1.00,4539,498655,87
2023-02-23,TPEx,8440,綠電,45.00,45.30,44.90,45.10,+0.20,268431,12103531,228
2023-02-23,TPEx,8444,綠河-KY,48.00,49.00,48.00,49.00,+1.00,5496,267835,11
2023-02-23,TPEx,8446,華研,87.00,87.10,86.50,86.70,-0.10,33341,2893657,79
2023-02-23,TPEx,8450,霹靂,27.95,28.00,27.70,27.75,+0.05,154128,4295104,152
2023-02-23,TPEx,8455,大拓-KY,21.75,21.75,21.70,21.75,-0.35,4000,86950,3
2023-02-23,TPEx,8472,夠麻吉,,,,,,0,0,0
2023-02-23,TPEx,8476,台境,71.60,71.60,70.00,70.40,-0.20,670389,47194642,521
2023-02-23,TPEx,8477,創業家,17.15,17.50,17.15,17.35,+0.20,63631,1100363,78
2023-02-23,TPEx,8489,三貝德,24.30,24.65,24.00,24.65,+0.50,112125,2718506,130
2023-02-23,TPEx,8905,裕國,23.60,23.70,23.55,23.65,+0.10,66866,1579580,94
2023-02-23,TPEx,8906,花王,18.70,18.85,18.70,18.80,+0.05,8663,162016,10
2023-02-23,TPEx,8908,欣雄,70.60,72.40,70.50,70.80,+0.40,62405,4430028,83
2023-02-23,TPEx,8916,光隆,53.50,55.30,53.50,54.10,+0.70,1768957,96302933,1165
2023-02-23,TPEx,8916A,光隆甲特,55.00,55.10,53.90,53.90,+0.40,15382,845024,11
2023-02-23,TPEx,8917,欣泰,89.50,89.50,89.50,89.50,0.00,1090,97552,13
2023-02-23,TPEx,8921,沈氏,,,,,,0,0,0
2023-02-23,TPEx,8923,時報,21.15,21.45,21.15,21.40,+0.20,16188,336831,27
2023-02-23,TPEx,8924,大田,123.50,131.50,123.00,129.00,+7.50,2505974,317887723,1936
2023-02-23,TPEx,8927,北基,40.60,41.35,40.40,41.10,+0.55,1650301,67579656,987
2023-02-23,TPEx,8928,鉅明,42.45,43.90,42.45,43.85,+1.55,859898,37189682,576
2023-02-23,TPEx,8929,富堡,21.15,21.15,21.10,21.10,-0.05,21938,464077,185
2023-02-23,TPEx,8930,青鋼,17.85,18.05,17.70,17.80,0.00,481195,8585199,366
2023-02-23,TPEx,8931,大汽電,52.50,52.70,51.90,52.40,+0.20,145995,7625522,148
2023-02-23,TPEx,8932,宏大,47.70,48.25,46.90,47.70,+0.40,323118,15393353,171
2023-02-23,TPEx,8933,愛地雅,15.90,16.00,15.75,15.80,-0.05,1666263,26385331,978
2023-02-23,TPEx,8935,邦泰,11.75,11.80,11.70,11.80,+0.05,118029,1384795,100
2023-02-23,TPEx,8936,國統,30.05,31.35,30.00,30.80,+1.15,30230762,923906081,16291
2023-02-23,TPEx,8937,合騏,14.95,15.10,14.90,14.90,0.00,67000,1002450,34
2023-02-23,TPEx,8938,明安,98.30,103.50,97.60,102.50,+5.30,4615970,464217751,3219
2023-02-23,TPEx,8941,關中,57.70,59.20,57.70,58.50,+0.30,49648,2910782,52
2023-02-23,TPEx,8942,森鉅,65.70,66.10,65.70,66.00,+0.40,198874,13122912,187
2023-02-23,TPEx,9949,琉園,20.75,21.95,20.55,21.70,+0.95,125635,2664216,138
2023-02-23,TPEx,9950,萬國通,12.65,13.75,12.65,13.50,+1.00,128984,1729172,77
2023-02-23,TPEx,9951,皇田,70.80,71.00,70.20,70.50,-0.30,87352,6168922,104
2023-02-23,TPEx,9960,邁達康,26.50,26.70,26.50,26.60,+0.10,51005,1357432,41
2023-02-23,TPEx,9962,有益,21.40,21.50,20.75,20.80,-0.55,1760402,37015296,982
