date,market,code,name,open,high,low,close,change,volume,value,transactions
2023-09-25,TWSE,0050,元大台灣50,122.75,123.75,122.75,123.55,0.90,4337416,534903153,9173
2023-09-25,TWSE,0051,元大中型100,69.40,70.55,69.40,70.55,1.40,64876,4544982,211
2023-09-25,TWSE,0052,富邦科技,113.50,114.40,113.50,114.25,0.80,274719,31342932,356
2023-09-25,TWSE,0053,元大電子,66.20,66.75,66.10,66.75,0.75,6354,421047,26
2023-09-25,TWSE,0055,元大MSCI金融,23.35,23.49,23.35,23.47,0.12,125469,2943792,284
2023-09-25,TWSE,0056,元大高股息,34.89,35.10,34.89,35.08,0.19,12904452,452087798,10871
2023-09-25,TWSE,0057,富邦摩台,91.00,91.15,90.80,91.15,1.00,4141,376687,6
2023-09-25,TWSE,0061,元大寶滬深,17.97,17.98,17.77,17.81,0.07,22111,395308,932
2023-09-25,TWSE,006203,元大MSCI台灣,59.60,60.15,59.60,60.15,0.75,5249,313809,967
2023-09-25,TWSE,006204,永豐臺灣加權,86.05,86.25,85.70,86.10,0.75,9087,779359,996
2023-09-25,TWSE,006205,富邦上証,30.79,30.84,30.56,30.61,0.14,258727,7934352,136
2023-09-25,TWSE,006206,元大上證50,29.50,29.59,29.32,29.37,0.19,90200,2647944,1003
2023-09-25,TWSE,006207,復華滬深,23.70,23.84,23.50,23.56,0.06,73160,1723558,972
2023-09-25,TWSE,006208,富邦台50,70.95,71.55,70.95,71.45,0.55,2498781,178207673,5711
2023-09-25,TWSE,00625K,富邦上証+R,,,,,0.00,0,0,0
2023-09-25,TWSE,00631L,元大台灣50正2,128.05,129.90,128.05,129.45,2.00,2734818,352881798,1964
2023-09-25,TWSE,00632R,元大台灣50反1,4.92,4.92,4.88,4.88,-0.05,63357595,310169345,3298
2023-09-25,TWSE,00633L,富邦上証正2,37.26,37.50,36.70,36.89,0.24,5231714,194079728,1266
2023-09-25,TWSE,00634R,富邦上証反1,4.56,4.58,4.53,4.58,-0.02,434000,1980030,21
2023-09-25,TWSE,00635U,期元大S&P黃金,23.78,23.80,23.78,23.79,0.01,140221,3336928,66
2023-09-25,TWSE,00636,國泰中國A50,21.06,21.11,20.90,20.97,0.09,1197751,25147982,535
2023-09-25,TWSE,00636K,國泰中國A50+U,6.54,6.54,6.54,6.54,0.02,200,1308,2
2023-09-25,TWSE,00637L,元大滬深300正2,14.87,14.94,14.63,14.67,0.09,41994245,620924132,4855
2023-09-25,TWSE,00638R,元大滬深300反1,9.73,9.75,9.62,9.72,-0.06,288000,2795080,31
2023-09-25,TWSE,00639,富邦深100,11.34,11.42,11.30,11.33,0.03,188219,2133047,877
2023-09-25,TWSE,00640L,富邦日本正2,42.74,42.98,42.74,42.84,0.21,291918,12512157,111
2023-09-25,TWSE,00641R,富邦日本反1,7.69,7.69,7.65,7.66,-0.03,404431,3099649,47
2023-09-25,TWSE,00642U,期元大S&P石油,19.51,19.56,19.45,19.53,0.02,1513773,29509145,329
2023-09-25,TWSE,00643,群益深証中小,12.78,12.81,12.73,12.76,0.07,205008,2615465,643
2023-09-25,TWSE,00643K,群益深証中小+R,,,,,0.00,0,0,0
2023-09-25,TWSE,00645,富邦日本,32.28,32.40,32.28,32.36,0.08,1583927,51215993,904
2023-09-25,TWSE,00646,元大S&P500,43.30,43.33,43.20,43.31,-0.01,529440,22913844,791
2023-09-25,TWSE,00647L,元大S&P500正2,60.10,60.45,60.10,60.45,-0.10,258029,15570812,60
2023-09-25,TWSE,00648R,元大S&P500反1,6.85,6.86,6.84,6.85,0.01,587088,4020300,75
2023-09-25,TWSE,00650L,復華香港正2,10.96,11.06,10.67,10.75,0.00,6996365,75706303,1033
2023-09-25,TWSE,00651R,復華香港反1,8.96,9.16,8.96,9.14,0.00,392006,3581214,28
2023-09-25,TWSE,00652,富邦印度,33.32,33.52,33.13,33.14,-0.16,437014,14502049,531
2023-09-25,TWSE,00653L,富邦印度正2,49.00,49.16,48.86,48.94,-0.63,169691,8315123,94
2023-09-25,TWSE,00654R,富邦印度反1,7.53,7.56,7.52,7.54,0.06,144281,1088226,27
2023-09-25,TWSE,00655L,國泰中國A50正2,25.93,26.03,25.45,25.60,0.19,2030997,52273715,503
2023-09-25,TWSE,00656R,國泰中國A50反1,8.60,8.66,8.58,8.64,-0.05,34000,292920,10
2023-09-25,TWSE,00657,國泰日經225,38.34,38.56,38.34,38.56,0.30,50194,1930144,496
2023-09-25,TWSE,00657K,國泰日經225+U,12.00,12.00,12.00,12.00,0.12,200,2400,2
2023-09-25,TWSE,00660,元大歐洲50,30.26,30.66,30.26,30.66,0.00,2955,90478,14
2023-09-25,TWSE,00661,元大日經225,41.37,41.63,41.37,41.61,0.28,1436476,59666106,894
2023-09-25,TWSE,00662,富邦NASDAQ,60.85,61.35,60.85,61.10,0.25,1434721,87604942,642
2023-09-25,TWSE,00663L,國泰臺灣加權正2,118.75,120.25,118.75,120.10,2.20,12000,1438400,10
2023-09-25,TWSE,00664R,國泰臺灣加權反1,5.53,5.53,5.49,5.50,-0.03,3565871,19633833,202
2023-09-25,TWSE,00665L,富邦恒生國企正2,7.16,7.19,6.97,6.99,-0.02,37502479,264435456,2993
2023-09-25,TWSE,00666R,富邦恒生國企反1,15.40,15.60,15.40,15.58,-0.02,21214,328927,11
2023-09-25,TWSE,00668,國泰美國道瓊,39.66,39.67,39.65,39.67,-0.12,492489,19532244,977
2023-09-25,TWSE,00668K,國泰美國道瓊+U,12.33,12.33,12.33,12.33,-0.05,200,2466,2
2023-09-25,TWSE,00669R,國泰美國道瓊反1,8.06,8.07,8.05,8.05,0.02,4212123,33937900,144
2023-09-25,TWSE,00670L,富邦NASDAQ正2,79.55,80.00,79.55,79.95,0.25,1261373,100654140,704
2023-09-25,TWSE,00671R,富邦NASDAQ反1,4.96,4.97,4.94,4.95,0.00,10780280,53445648,344
2023-09-25,TWSE,00673R,期元大S&P原油反1,7.40,7.43,7.36,7.41,0.04,8238538,60997323,770
2023-09-25,TWSE,00674R,期元大S&P黃金反1,12.59,12.61,12.59,12.60,0.00,668000,8411310,59
2023-09-25,TWSE,00675L,富邦臺灣加權正2,51.90,52.60,51.90,52.45,0.75,1307000,68258651,674
2023-09-25,TWSE,00676R,富邦臺灣加權反1,3.06,3.06,3.03,3.04,-0.02,1683296,5117517,116
2023-09-25,TWSE,00678,群益那斯達克生技,25.84,25.85,25.45,25.45,-0.10,357151,9094063,949
2023-09-25,TWSE,00680L,元大美債20正2,8.74,8.76,8.69,8.71,0.03,18353727,160004488,1633
2023-09-25,TWSE,00681R,元大美債20反1,20.91,20.98,20.88,20.98,-0.01,161000,3372050,46
2023-09-25,TWSE,00682U,期元大美元指數,21.15,21.16,21.14,21.14,0.01,7052,149128,9
2023-09-25,TWSE,00683L,期元大美元指正2,22.82,22.88,22.82,22.85,0.05,390220,8919424,57
2023-09-25,TWSE,00684R,期元大美元指反1,15.54,15.54,15.54,15.54,0.02,1000,15540,1
2023-09-25,TWSE,00685L,群益臺灣加權正2,46.20,46.76,46.20,46.59,0.68,46436,2160619,44
2023-09-25,TWSE,00686R,群益臺灣加權反1,3.28,3.29,3.27,3.27,-0.03,174000,570740,8
2023-09-25,TWSE,00688L,國泰20年美債正2,8.67,8.69,8.63,8.63,0.02,3237070,28023161,426
2023-09-25,TWSE,00689R,國泰20年美債反1,21.73,21.73,21.73,21.73,-0.11,1000,21730,1
2023-09-25,TWSE,00690,兆豐藍籌30,27.00,27.21,27.00,27.20,0.22,211529,5740220,936
2023-09-25,TWSE,00692,富邦公司治理,30.80,31.04,30.80,30.99,0.19,1294582,40056798,1462
2023-09-25,TWSE,00693U,期街口S&P黃豆,27.21,27.21,27.14,27.20,-0.12,56364,1532404,31
2023-09-25,TWSE,00700,富邦恒生國企,12.60,12.63,12.45,12.47,0.02,61909,774130,952
2023-09-25,TWSE,00701,國泰股利精選30,25.43,25.52,25.38,25.50,0.12,441466,11241724,409
2023-09-25,TWSE,00702,國泰標普低波高息,20.80,20.80,20.72,20.79,-0.03,53812,1115238,509
2023-09-25,TWSE,00703,台新MSCI中國,15.30,15.30,15.15,15.18,-0.02,69341,1051082,10
2023-09-25,TWSE,00706L,期元大S&P日圓正2,7.51,7.52,7.49,7.50,-0.03,6055349,45424562,514
2023-09-25,TWSE,00707R,期元大S&P日圓反1,27.38,27.45,27.38,27.45,0.07,3000,82210,2
2023-09-25,TWSE,00708L,期元大S&P黃金正2,25.28,25.28,25.24,25.25,-0.02,90144,2276650,46
2023-09-25,TWSE,00709,富邦歐洲,25.38,25.43,25.38,25.43,-0.02,2000,50810,2
2023-09-25,TWSE,00710B,復華彭博非投等債,18.50,18.55,18.49,18.54,0.03,209516,3882216,87
2023-09-25,TWSE,00711B,復華彭博新興債,15.69,15.72,15.69,15.71,0.02,131840,2070450,855
2023-09-25,TWSE,00712,復華富時不動產,9.96,9.97,9.94,9.97,0.03,13660942,136110202,4550
2023-09-25,TWSE,00713,元大台灣高息低波,47.10,47.36,47.03,47.32,0.36,4012715,189365359,4323
2023-09-25,TWSE,00714,群益道瓊美國地產,18.06,18.06,17.96,18.01,-0.09,299850,5391377,227
2023-09-25,TWSE,00715L,期街口布蘭特正2,19.10,19.14,18.96,19.14,-0.19,6546361,124687770,1133
2023-09-25,TWSE,00717,富邦美國特別股,15.03,15.03,14.99,14.99,0.02,84882,1272626,751
2023-09-25,TWSE,00728,第一金工業30,24.34,24.64,24.34,24.61,0.27,244068,5985761,153
2023-09-25,TWSE,00730,富邦臺灣優質高息,19.33,19.44,19.33,19.39,0.06,339175,6579108,204
2023-09-25,TWSE,00731,復華富時高息低波,65.65,66.00,65.65,65.80,0.25,525107,34501949,153
2023-09-25,TWSE,00733,富邦臺灣中小,55.05,55.70,55.05,55.45,0.70,541086,30004909,537
2023-09-25,TWSE,00735,國泰臺韓科技,28.00,28.13,27.97,28.13,0.23,112175,3145838,11
2023-09-25,TWSE,00736,國泰新興市場,20.06,20.11,20.06,20.11,0.06,101986,2045209,977
2023-09-25,TWSE,00737,國泰AI機器人,28.55,28.59,28.54,28.57,-0.06,110223,3148132,615
2023-09-25,TWSE,00738U,期元大道瓊白銀,22.79,22.79,22.67,22.67,-0.11,255123,5791718,65
2023-09-25,TWSE,00739,元大MSCI A股,21.85,21.85,21.47,21.47,0.01,14283,307728,912
2023-09-25,TWSE,00752,中信中國50,18.17,18.19,17.97,18.02,0.05,992448,17920361,341
2023-09-25,TWSE,00753L,中信中國50正2,8.60,8.67,8.46,8.49,0.00,11921135,101956401,1763
2023-09-25,TWSE,00757,統一FANG+,57.25,57.45,57.15,57.40,0.15,1886849,108105276,1639
2023-09-25,TWSE,00762,元大全球AI,44.40,44.66,44.40,44.59,0.22,81543,3632249,197
2023-09-25,TWSE,00763U,期街口道瓊銅,23.31,23.34,23.27,23.33,-0.06,35081,817613,21
2023-09-25,TWSE,00770,國泰北美科技,35.63,35.63,34.81,35.02,0.20,33117,1160893,633
2023-09-25,TWSE,00771,元大US高息特別股,16.35,16.41,16.35,16.41,0.06,16029,262198,888
2023-09-25,TWSE,00775B,台新投等債15+,32.87,32.87,32.80,32.80,0.25,4052,132250,973
2023-09-25,TWSE,00783,富邦中証500,19.20,19.23,19.18,19.18,0.07,57000,1094210,5
2023-09-25,TWSE,00830,國泰費城半導體,31.69,31.81,31.69,31.81,0.27,2110961,67041649,1004
2023-09-25,TWSE,00850,元大臺灣ESG永續,32.85,33.10,32.85,33.04,0.23,1386707,45767828,1034
2023-09-25,TWSE,00851,台新全球AI,32.10,32.28,32.10,32.19,0.09,21045,677244,833
2023-09-25,TWSE,00852L,國泰美國道瓊正2,19.32,19.38,19.31,19.38,-0.09,232482,4499033,98
2023-09-25,TWSE,00861,元大全球未來通訊,30.79,30.99,30.78,30.91,0.12,154557,4776129,115
2023-09-25,TWSE,00865B,國泰US短期公債,43.56,43.65,43.56,43.64,0.08,197825,8629737,959
2023-09-25,TWSE,00875,國泰網路資安,28.14,28.21,28.09,28.21,0.07,109743,3094512,92
2023-09-25,TWSE,00876,元大全球5G,29.29,29.50,29.29,29.43,0.14,96511,2835163,148
2023-09-25,TWSE,00878,國泰永續高股息,20.34,20.45,20.34,20.44,0.11,28197892,575386499,18115
2023-09-25,TWSE,00881,國泰台灣科技龍頭,16.65,16.84,16.65,16.81,0.16,4160352,69890457,2111
2023-09-25,TWSE,00882,中信中國高股息,11.02,11.05,10.95,10.96,-0.01,5615782,61731196,2021
2023-09-25,TWSE,00885,富邦越南,12.95,13.05,12.95,13.01,0.06,14517784,188723996,3134
2023-09-25,TWSE,00891,中信關鍵半導體,13.69,13.84,13.69,13.81,0.14,4752569,65638353,1050
2023-09-25,TWSE,00892,富邦台灣半導體,12.16,12.31,12.16,12.25,0.11,1999973,24535508,551
2023-09-25,TWSE,00893,國泰智能電動車,16.82,16.82,16.77,16.82,-0.02,7045492,118392661,2733
2023-09-25,TWSE,00894,中信小資高價30,13.94,14.11,13.94,14.07,0.17,456496,6417181,212
2023-09-25,TWSE,00895,富邦未來車,18.80,18.80,18.73,18.76,-0.05,1921834,36048217,747
2023-09-25,TWSE,00896,中信綠能及電動車,15.45,15.55,15.45,15.54,0.12,703798,10920401,408
2023-09-25,TWSE,00897,富邦基因免疫生技,7.08,7.09,7.06,7.07,-0.04,1154613,8158929,388
2023-09-25,TWSE,00898,國泰基因免疫革命,7.07,7.08,7.05,7.06,-0.05,730842,5162830,335
2023-09-25,TWSE,00899,FT潔淨能源,19.33,19.38,19.23,19.29,-0.15,119771,2310835,145
2023-09-25,TWSE,00900,富邦特選高股息30,12.59,12.70,12.58,12.67,0.09,8046186,101848709,2806
2023-09-25,TWSE,00901,永豐智能車供應鏈,14.33,14.48,14.33,14.48,0.15,546447,7895513,154
2023-09-25,TWSE,00902,中信電池及儲能,10.77,10.83,10.62,10.64,-0.12,8574717,91534782,2935
2023-09-25,TWSE,00903,富邦元宇宙,11.04,11.05,11.03,11.04,0.00,345323,3811449,222
2023-09-25,TWSE,00904,台新臺灣半導體30,12.86,12.98,12.86,12.96,0.13,470660,6103702,150
2023-09-25,TWSE,00905,FT臺灣Smart,9.72,9.80,9.72,9.78,0.06,683888,6678358,337
2023-09-25,TWSE,00907,永豐優息存股,14.30,14.39,14.30,14.39,0.11,2174137,31164376,570
2023-09-25,TWSE,00908,富邦入息REITs+,12.10,12.10,12.00,12.06,-0.07,740517,8920237,134
2023-09-25,TWSE,00909,國泰數位支付服務,16.99,17.00,16.97,16.99,-0.09,149484,2538846,130
2023-09-25,TWSE,00910,第一金太空衛星,15.74,15.78,15.74,15.77,-0.10,234145,3693308,39
2023-09-25,TWSE,00911,兆豐洲際半導體,19.83,19.83,19.83,19.83,0.22,1000,19830,1
2023-09-25,TWSE,00912,中信臺灣智慧50,14.59,14.72,14.59,14.70,0.11,244578,3587531,176
2023-09-25,TWSE,00913,兆豐台灣晶圓製造,15.87,15.97,15.87,15.90,0.12,80676,1283216,28
2023-09-25,TWSE,00915,凱基優選高股息30,20.60,20.66,20.53,20.63,0.15,3449961,71035410,1198
2023-09-25,TWSE,00916,國泰全球品牌50,18.11,18.12,18.05,18.11,-0.03,507232,9177116,604
2023-09-25,TWSE,00917,中信特選金融,15.79,15.81,15.79,15.80,-0.08,134408,2123716,102
2023-09-25,TWSE,00918,大華優利高填息30,20.22,20.33,20.22,20.27,0.08,2692737,54567630,775
2023-09-25,TWSE,00919,群益台灣精選高息,20.71,20.87,20.71,20.81,0.16,45595609,948168575,13960
2023-09-25,TWSE,00920,富邦ESG綠色電力,14.68,14.68,14.62,14.65,-0.06,374394,5482854,157
2023-09-25,TWSE,00921,兆豐龍頭等權重,17.23,17.41,17.23,17.39,0.19,2207691,38304078,742
2023-09-25,TWSE,00922,國泰台灣領袖50,15.94,16.02,15.92,16.00,0.09,4370013,69765857,1237
2023-09-25,TWSE,00923,群益台ESG低碳50,15.42,15.53,15.42,15.51,0.10,6305620,97696571,2119
2023-09-25,TWSE,00924,復華S&P500成長,16.87,16.90,16.84,16.89,0.00,1497501,25272104,1127
2023-09-25,TWSE,00925,新光標普電動車,17.35,17.35,17.32,17.34,0.02,347607,6027467,24
2023-09-25,TWSE,00926,凱基全球菁英55,16.04,16.04,15.97,16.02,-0.02,160401,2566957,124
2023-09-25,TWSE,00927,群益半導體收益,15.28,15.39,15.28,15.35,0.11,1055045,16207018,430
2023-09-25,TWSE,00929,復華台灣科技優息,17.52,17.61,17.48,17.56,0.12,109913517,1930113712,27915
2023-09-25,TWSE,00930,永豐ESG低碳高息,15.91,16.03,15.91,15.99,0.08,849357,13576358,382
2023-09-25,TWSE,00932,兆豐永續高息等權,15.14,15.19,15.12,15.16,0.02,4526067,68571349,1386
2023-09-25,TWSE,01001T,土銀富邦R1,14.80,14.80,14.80,14.80,0.00,2002,29632,3
2023-09-25,TWSE,01002T,土銀國泰R1,17.29,17.81,17.29,17.81,-0.01,102000,1786110,6
2023-09-25,TWSE,01003T,兆豐新光R1,21.70,21.70,21.70,21.70,0.00,23872000,500347900,26
2023-09-25,TWSE,01004T,土銀富邦R2,,,,,0.00,80,1000,2
2023-09-25,TWSE,01007T,兆豐國泰R2,17.15,17.15,17.15,17.15,0.00,3000,51450,1
2023-09-25,TWSE,01009T,王道圓滿R1,8.11,8.11,8.06,8.06,-0.04,23000,185690,9
2023-09-25,TWSE,01010T,京城樂富R1,10.00,10.00,10.00,10.00,0.00,5000,50000,3
2023-09-25,TWSE,020000,富邦特選蘋果N,,,,,0.00,0,0,0
2023-09-25,TWSE,020002,元富新中國N,,,,,0.00,0,0,0
2023-09-25,TWSE,020007,凱基臺灣500N,,,,,0.00,0,0,0
2023-09-25,TWSE,020011,統一微波高息20N,,,,,0.00,0,0,0
2023-09-25,TWSE,020012,富邦行動通訊N,9.32,9.32,9.32,9.32,0.00,1000,9320,1
2023-09-25,TWSE,020015,統一MSCI美低波N,,,,,0.00,0,0,0
2023-09-25,TWSE,020016,統一MSCI美科技N,,,,,0.00,0,0,0
2023-09-25,TWSE,020018,統一價值成長30N,19.06,19.12,19.06,19.12,0.28,7000,133520,4
2023-09-25,TWSE,020019,統一特選台灣5GN,,,,,0.00,0,0,0
2023-09-25,TWSE,02001L,富邦蘋果正二N,17.08,17.25,17.08,17.18,0.18,43000,737530,12
2023-09-25,TWSE,02001R,富邦蘋果反一N,2.00,2.03,2.00,2.03,-0.01,7000,14060,3
2023-09-25,TWSE,02001S,策元大加權策略N,,,,,0.00,0,0,0
2023-09-25,TWSE,020020,元大台股領航N,7.85,7.96,7.85,7.96,0.12,45000,357310,11
2023-09-25,TWSE,020022,元大電動車N,7.82,7.91,7.82,7.90,0.08,199000,1567920,46
2023-09-25,TWSE,020028,元大特選電動車N,7.59,7.63,7.59,7.62,0.08,50000,380500,14
2023-09-25,TWSE,020029,元大ESG高股息N,6.17,6.24,6.17,6.23,0.06,102000,633550,28
2023-09-25,TWSE,020030,統一智慧電動車N,4.67,4.72,4.67,4.72,0.05,107000,503950,23
2023-09-25,TWSE,020031,統一IC設計臺灣N,4.83,4.92,4.83,4.88,0.05,484000,2367180,23
2023-09-25,TWSE,020032,元大綠能N,5.26,5.26,5.26,5.26,0.05,9000,47340,4
2023-09-25,TWSE,020034,元大IC設計N,6.31,6.34,6.27,6.27,0.04,93000,585830,18
2023-09-25,TWSE,020036,元大金融配息N,5.34,5.35,5.34,5.35,0.03,5000,26740,2
2023-09-25,TWSE,020037,元大金融高股息N,5.33,5.33,5.33,5.33,0.00,3000,15990,3
2023-09-25,TWSE,020038,元大ESG配息N,5.50,5.54,5.50,5.54,0.04,156000,861170,23
2023-09-25,TWSE,1101,台泥,33.40,33.45,33.00,33.10,-0.40,32303005,1071547260,19288
2023-09-25,TWSE,1101B,台泥乙特,47.30,47.30,47.20,47.25,-0.05,35137,1659203,13
2023-09-25,TWSE,1102,亞泥,39.70,39.85,39.65,39.70,0.05,2241537,89036057,1630
2023-09-25,TWSE,1103,嘉泥,18.60,18.80,18.60,18.65,0.10,198672,3705505,167
2023-09-25,TWSE,1104,環泥,26.30,26.30,26.10,26.10,-0.20,593111,15520757,509
2023-09-25,TWSE,1108,幸福,14.55,14.60,14.50,14.50,-0.05,129425,1880972,135
2023-09-25,TWSE,1109,信大,17.90,18.00,17.85,17.85,0.00,78003,1396653,40
2023-09-25,TWSE,1110,東泥,18.90,18.95,18.80,18.90,0.00,37732,711977,29
2023-09-25,TWSE,1201,味全,18.45,18.60,18.45,18.55,0.10,104721,1942885,179
2023-09-25,TWSE,1203,味王,40.50,41.70,40.50,41.70,0.40,23307,959019,42
2023-09-25,TWSE,1210,大成,54.50,55.50,54.50,55.20,1.20,2402374,132372602,1772
2023-09-25,TWSE,1213,大飲,6.69,6.69,6.69,6.69,0.00,1340,8957,4
2023-09-25,TWSE,1215,卜蜂,95.90,96.80,95.50,96.50,1.20,363985,34999642,1014
2023-09-25,TWSE,1216,統一,70.00,70.50,69.90,70.30,0.50,3074255,215908282,2727
2023-09-25,TWSE,1217,愛之味,12.35,12.50,12.35,12.45,0.10,2573631,32036451,649
2023-09-25,TWSE,1218,泰山,22.65,23.10,22.60,22.95,0.30,1016223,23206721,612
2023-09-25,TWSE,1219,福壽,20.10,20.10,19.95,20.00,0.00,187136,3742702,174
2023-09-25,TWSE,1220,台榮,14.10,14.10,14.00,14.10,0.00,59208,832712,50
2023-09-25,TWSE,1225,福懋油,53.20,54.50,53.20,53.80,0.60,6305,340300,14
2023-09-25,TWSE,1227,佳格,37.75,37.95,37.75,37.85,0.15,129980,4922041,165
2023-09-25,TWSE,1229,聯華,61.40,62.50,61.40,62.50,0.60,844236,52481250,1118
2023-09-25,TWSE,1231,聯華食,88.30,90.10,88.30,88.80,0.40,149569,13360090,432
2023-09-25,TWSE,1232,大統益,143.00,143.00,142.50,142.50,0.00,18029,2574394,97
2023-09-25,TWSE,1233,天仁,35.35,35.50,35.35,35.40,0.00,4175,147727,23
2023-09-25,TWSE,1234,黑松,38.50,38.60,38.30,38.30,0.05,187673,7195176,112
2023-09-25,TWSE,1235,興泰,77.90,77.90,77.70,77.70,0.00,3797,294034,18
2023-09-25,TWSE,1236,宏亞,20.80,20.85,20.70,20.75,-0.05,15453,321060,102
2023-09-25,TWSE,1256,鮮活果汁-KY,270.00,272.00,270.00,272.00,0.00,11012,2986755,89
2023-09-25,TWSE,1301,台塑,81.10,81.60,81.00,81.60,0.50,1810882,147229878,1508
2023-09-25,TWSE,1303,南亞,67.20,67.80,67.00,67.70,0.80,1482672,99950196,1301
2023-09-25,TWSE,1304,台聚,21.20,21.35,21.20,21.20,0.00,348299,7394801,280
2023-09-25,TWSE,1305,華夏,25.45,25.55,25.10,25.15,-0.30,1022542,25782190,715
2023-09-25,TWSE,1307,三芳,25.45,27.30,25.40,26.85,1.35,1978988,52915672,1029
2023-09-25,TWSE,1308,亞聚,25.20,25.25,24.95,25.05,-0.15,502815,12589716,461
2023-09-25,TWSE,1309,台達化,17.90,18.00,17.80,17.90,0.00,199495,3563595,195
2023-09-25,TWSE,1310,台苯,16.25,16.30,15.90,16.20,0.05,925374,14913797,373
2023-09-25,TWSE,1312,國喬,17.15,17.15,17.00,17.00,-0.15,863977,14716592,413
2023-09-25,TWSE,1312A,國喬特,26.15,26.15,26.15,26.15,0.00,35000,915250,9
2023-09-25,TWSE,1313,聯成,15.20,15.20,15.10,15.20,0.05,372300,5645183,213
2023-09-25,TWSE,1314,中石化,9.49,9.56,9.47,9.53,0.06,4065079,38681627,1042
2023-09-25,TWSE,1315,達新,71.40,71.40,71.30,71.30,-0.20,20452,1458820,41
2023-09-25,TWSE,1316,上曜,10.60,10.65,10.50,10.55,-0.05,1712452,18098174,581
2023-09-25,TWSE,1319,東陽,79.60,79.80,78.10,78.80,-0.60,10961490,866834460,6832
2023-09-25,TWSE,1321,大洋,35.60,35.70,35.60,35.70,0.10,47150,1679588,51
2023-09-25,TWSE,1323,永裕,31.60,31.70,31.60,31.70,0.05,24148,763616,22
2023-09-25,TWSE,1324,地球,14.60,14.60,14.00,14.05,-0.60,2431644,34597696,1265
2023-09-25,TWSE,1325,恆大,22.50,22.75,22.40,22.50,0.20,96511,2172714,99
2023-09-25,TWSE,1326,台化,64.30,64.50,63.90,64.10,0.00,1009250,64775868,817
2023-09-25,TWSE,1337,再生-KY,7.29,7.31,7.28,7.29,0.00,98356,717407,173
2023-09-25,TWSE,1338,廣華-KY,37.00,37.00,36.50,36.75,0.00,42879,1573923,58
2023-09-25,TWSE,1339,昭輝,56.10,61.10,55.60,61.10,5.50,2989523,175743848,2482
2023-09-25,TWSE,1340,勝悅-KY,11.55,11.60,11.55,11.55,0.00,36146,417826,127
2023-09-25,TWSE,1341,富林-KY,67.50,67.50,67.00,67.20,-0.20,14335,962974,23
2023-09-25,TWSE,1342,八貫,105.00,107.00,105.00,106.50,1.00,188642,19995523,210
2023-09-25,TWSE,1402,遠東新,28.90,29.00,28.75,28.85,0.10,2458977,71069866,1478
2023-09-25,TWSE,1409,新纖,15.30,15.40,15.25,15.40,0.10,997968,15277658,683
2023-09-25,TWSE,1410,南染,37.45,37.65,37.40,37.50,0.20,11121,416517,13
2023-09-25,TWSE,1413,宏洲,8.05,8.11,8.04,8.11,0.00,23972,192944,15
2023-09-25,TWSE,1414,東和,17.60,17.70,17.60,17.70,0.15,24808,437850,39
2023-09-25,TWSE,1416,廣豐,10.30,10.30,10.25,10.30,0.05,38116,392396,81
2023-09-25,TWSE,1417,嘉裕,12.95,13.00,12.85,12.95,0.15,165512,2144085,122
2023-09-25,TWSE,1418,東華,23.70,23.70,23.00,23.70,0.25,14868,348092,27
2023-09-25,TWSE,1419,新紡,42.80,43.00,42.75,42.85,0.05,19747,845570,27
2023-09-25,TWSE,1423,利華,23.65,23.65,23.60,23.65,0.00,35332,835424,128
2023-09-25,TWSE,1432,大魯閣,16.60,16.75,16.55,16.60,0.05,114446,1898495,144
2023-09-25,TWSE,1434,福懋,25.65,25.65,25.45,25.45,-0.05,747774,19064654,632
2023-09-25,TWSE,1435,中福,40.50,40.75,40.50,40.75,3.70,90934,3696300,94
2023-09-25,TWSE,1436,華友聯,64.80,65.10,64.80,64.80,0.00,22562,1465536,27
2023-09-25,TWSE,1437,勤益控,28.30,28.55,28.30,28.35,0.15,91414,2599265,58
2023-09-25,TWSE,1438,三地開發,29.20,29.20,29.20,29.20,0.05,10123,295583,11
2023-09-25,TWSE,1439,雋揚,23.45,23.90,23.00,23.05,0.35,104394,2475768,31
2023-09-25,TWSE,1440,南紡,14.85,14.95,14.80,14.85,0.00,469475,6959318,231
2023-09-25,TWSE,1441,大東,12.75,13.00,12.75,13.00,0.00,18572,241302,212
2023-09-25,TWSE,1442,名軒,34.65,36.85,34.60,36.50,1.90,2945738,106734650,1322
2023-09-25,TWSE,1443,立益物流,28.35,28.35,28.35,28.35,0.05,1119,31706,8
2023-09-25,TWSE,1444,力麗,10.65,10.65,10.50,10.55,-0.05,2739357,28952658,1390
2023-09-25,TWSE,1445,大宇,21.10,22.20,21.05,21.15,0.05,1961892,42234136,480
2023-09-25,TWSE,1446,宏和,37.85,38.20,37.85,38.00,0.15,56200,2135587,69
2023-09-25,TWSE,1447,力鵬,7.50,7.50,7.43,7.43,-0.04,840152,6258072,512
2023-09-25,TWSE,1449,佳和,19.30,19.65,19.30,19.30,0.00,80124,1556438,77
2023-09-25,TWSE,1451,年興,18.90,19.10,18.85,18.95,0.05,106404,2024142,80
2023-09-25,TWSE,1452,宏益,16.35,16.40,16.30,16.40,0.00,41150,672053,37
2023-09-25,TWSE,1453,大將,13.70,13.90,13.60,13.75,0.05,136359,1882114,398
2023-09-25,TWSE,1454,台富,17.70,17.70,17.45,17.50,0.10,48029,842307,24
2023-09-25,TWSE,1455,集盛,9.78,9.78,9.70,9.71,0.00,209021,2031855,190
2023-09-25,TWSE,1456,怡華,16.45,16.65,16.45,16.65,0.05,8263,137165,6
2023-09-25,TWSE,1457,宜進,17.80,17.80,17.55,17.70,0.10,104673,1848643,70
2023-09-25,TWSE,1459,聯發,9.69,9.71,9.68,9.69,0.00,16675,161635,17
2023-09-25,TWSE,1460,宏遠,7.83,7.83,7.76,7.77,0.00,178477,1387196,129
2023-09-25,TWSE,1463,強盛新,15.75,15.80,15.70,15.80,0.05,58101,916895,27
2023-09-25,TWSE,1464,得力,13.80,13.80,13.65,13.65,-0.10,139241,1912820,199
2023-09-25,TWSE,1465,偉全,13.05,13.05,13.00,13.00,-0.05,14191,184867,40
2023-09-25,TWSE,1466,聚隆,11.15,11.25,11.10,11.25,0.05,58147,649701,38
2023-09-25,TWSE,1467,南緯,11.45,11.60,11.35,11.50,0.10,1009369,11620132,151
2023-09-25,TWSE,1468,昶和,13.20,13.20,13.05,13.20,0.05,38001,498213,29
2023-09-25,TWSE,1470,大統新創,19.20,19.20,19.05,19.05,0.00,4000,76650,4
2023-09-25,TWSE,1471,首利,19.15,19.45,19.00,19.00,-0.15,1935460,37089079,1143
2023-09-25,TWSE,1472,三洋實業,42.00,43.00,42.00,42.75,-0.25,14001,596993,14
2023-09-25,TWSE,1473,台南,27.90,28.10,27.75,27.85,0.25,455089,12699880,219
2023-09-25,TWSE,1474,弘裕,11.50,11.50,11.45,11.45,0.00,43118,494724,99
2023-09-25,TWSE,1475,業旺,52.00,52.20,51.50,51.90,-0.60,32020,1658532,33
2023-09-25,TWSE,1476,儒鴻,499.00,503.00,497.00,499.00,4.00,263518,131789777,348
2023-09-25,TWSE,1477,聚陽,331.50,332.50,326.50,326.50,-1.50,1109671,365204124,1117
2023-09-25,TWSE,1503,士電,110.50,112.00,109.50,111.00,1.00,12333248,1368525034,1198
2023-09-25,TWSE,1504,東元,51.60,52.40,51.10,51.40,0.40,22511371,1164808480,13829
2023-09-25,TWSE,1506,正道,16.55,16.65,16.50,16.50,-0.05,63105,1044525,46
2023-09-25,TWSE,1512,瑞利,12.10,12.25,11.95,12.00,-0.15,41825,502806,45
2023-09-25,TWSE,1513,中興電,103.50,107.00,103.00,106.50,4.50,12922674,1367220782,9414
2023-09-25,TWSE,1514,亞力,52.10,52.90,51.80,52.10,0.10,1689240,88259955,1577
2023-09-25,TWSE,1515,力山,41.40,42.35,41.35,42.10,0.90,2087296,87191713,1272
2023-09-25,TWSE,1516,川飛,17.15,17.20,17.10,17.15,0.00,33325,570974,63
2023-09-25,TWSE,1517,利奇,15.10,15.20,15.10,15.15,0.05,72949,1105169,163
2023-09-25,TWSE,1519,華城,238.50,244.00,231.50,237.00,1.00,7392910,1752403722,6135
2023-09-25,TWSE,1521,大億,36.40,36.80,36.20,36.40,0.20,46666,1698053,68
2023-09-25,TWSE,1522,堤維西,44.20,44.40,43.25,44.30,0.80,10611128,466737556,6177
2023-09-25,TWSE,1522A,堤維西甲特,45.00,45.05,45.00,45.05,0.00,4200,188930,4
2023-09-25,TWSE,1524,耿鼎,25.35,26.25,25.10,26.25,0.95,10604899,273448042,5262
2023-09-25,TWSE,1525,江申,79.40,79.40,79.00,79.10,0.40,12201,966395,23
2023-09-25,TWSE,1526,日馳,34.35,34.35,34.15,34.20,0.10,39551,1353058,48
2023-09-25,TWSE,1527,鑽全,39.50,39.55,39.40,39.50,0.00,115840,4571742,142
2023-09-25,TWSE,1528,恩德,11.75,12.05,11.75,12.00,0.25,563569,6724112,328
2023-09-25,TWSE,1529,樂事綠能,30.15,30.90,30.15,30.70,0.45,835942,25677325,659
2023-09-25,TWSE,1530,亞崴,30.05,30.05,30.00,30.05,-0.20,6578,197622,30
2023-09-25,TWSE,1531,高林股,13.20,13.35,13.15,13.30,0.10,61187,809825,133
2023-09-25,TWSE,1532,勤美,35.70,35.95,35.65,35.80,0.30,354029,12663258,273
2023-09-25,TWSE,1533,車王電,58.30,58.40,57.50,57.70,0.40,116517,6740447,230
2023-09-25,TWSE,1535,中宇,53.60,54.00,53.60,53.90,0.60,28093,1513177,39
2023-09-25,TWSE,1536,和大,65.70,65.90,65.40,65.70,0.20,210028,13784957,209
2023-09-25,TWSE,1537,廣隆,131.50,132.00,130.50,131.00,0.00,135207,17696834,182
2023-09-25,TWSE,1538,正峰,11.15,11.20,11.15,11.20,-0.30,4402,49208,15
2023-09-25,TWSE,1539,巨庭,23.75,23.75,23.25,23.30,0.00,64002,1502448,70
2023-09-25,TWSE,1540,喬福,17.30,17.40,17.30,17.30,0.00,92977,1610790,131
2023-09-25,TWSE,1541,錩泰,30.70,30.75,30.70,30.75,0.00,4283,131623,13
2023-09-25,TWSE,1558,伸興,108.00,109.00,107.50,108.00,0.50,83570,9041211,88
2023-09-25,TWSE,1560,中砂,143.50,146.00,141.00,141.00,-2.50,3087668,442044177,2249
2023-09-25,TWSE,1568,倉佑,29.20,29.80,29.00,29.35,0.15,1804032,53208603,1170
2023-09-25,TWSE,1582,信錦,64.60,64.70,64.30,64.70,0.50,103329,6663120,182
2023-09-25,TWSE,1583,程泰,62.80,62.90,62.80,62.90,0.90,5000,314300,5
2023-09-25,TWSE,1587,吉茂,23.85,24.15,23.85,24.10,0.55,95112,2280298,65
2023-09-25,TWSE,1589,永冠-KY,52.20,52.70,52.10,52.50,0.30,285387,14954544,216
2023-09-25,TWSE,1590,亞德客-KY,960.00,990.00,960.00,981.00,-2.00,425597,416398502,626
2023-09-25,TWSE,1597,直得,64.00,65.20,63.10,64.60,0.00,19486,1249738,29
2023-09-25,TWSE,1598,岱宇,34.05,34.75,34.05,34.60,0.90,149535,5157172,124
2023-09-25,TWSE,1603,華電,32.60,33.35,32.55,33.20,0.70,1045266,34503564,421
2023-09-25,TWSE,1604,聲寶,28.15,28.40,28.00,28.35,0.30,409043,11554567,322
2023-09-25,TWSE,1605,華新,37.50,37.95,37.40,37.70,0.30,5691526,214248280,3382
2023-09-25,TWSE,1608,華榮,19.60,19.80,19.60,19.75,0.15,368944,7283446,213
2023-09-25,TWSE,1609,大亞,34.35,35.30,34.35,35.25,0.85,12392234,433918747,7753
2023-09-25,TWSE,1611,中電,16.15,16.25,16.10,16.15,0.10,352274,5696604,201
2023-09-25,TWSE,1612,宏泰,26.20,26.40,26.15,26.30,0.25,1257234,33024634,696
2023-09-25,TWSE,1614,三洋電,37.70,38.00,37.70,37.80,0.10,16302,616237,18
2023-09-25,TWSE,1615,大山,36.90,37.00,36.90,37.00,0.10,14696,543149,29
2023-09-25,TWSE,1616,億泰,10.65,10.80,10.50,10.65,0.00,392943,4168833,189
2023-09-25,TWSE,1617,榮星,16.35,16.45,16.15,16.30,-0.05,27082,439847,52
2023-09-25,TWSE,1618,合機,26.10,26.75,26.10,26.55,0.40,1107585,29415571,713
2023-09-25,TWSE,1626,艾美特-KY,16.75,16.75,16.50,16.55,-0.05,64253,1067185,129
2023-09-25,TWSE,1701,中化,22.95,23.25,22.95,23.25,0.30,286179,6617245,197
2023-09-25,TWSE,1702,南僑,49.10,49.95,49.10,49.70,0.85,656712,32596112,505
2023-09-25,TWSE,1707,葡萄王,153.50,157.00,153.50,156.00,2.00,171756,26726429,299
2023-09-25,TWSE,1708,東鹼,32.25,32.35,31.85,31.90,-0.35,338380,10823272,330
2023-09-25,TWSE,1709,和益,21.10,21.30,21.10,21.15,0.05,268456,5688758,207
2023-09-25,TWSE,1710,東聯,19.80,19.95,19.70,19.85,-0.05,1658067,32882397,623
2023-09-25,TWSE,1711,永光,19.50,19.80,19.50,19.70,0.25,853725,16823200,449
2023-09-25,TWSE,1712,興農,36.65,37.00,36.50,36.80,0.15,608597,22439041,620
2023-09-25,TWSE,1713,國化,34.60,34.80,34.60,34.80,0.00,38469,1334437,41
2023-09-25,TWSE,1714,和桐,8.39,8.40,8.36,8.39,0.02,911251,7631598,268
2023-09-25,TWSE,1717,長興,28.65,29.70,28.55,28.55,0.55,4852485,139892665,2717
2023-09-25,TWSE,1718,中纖,7.91,7.96,7.89,7.92,0.01,1196264,9486191,322
2023-09-25,TWSE,1720,生達,64.80,66.20,64.80,65.80,1.00,613006,40239568,403
2023-09-25,TWSE,1721,國慶科技,13.25,13.65,13.25,13.55,0.35,587034,7905185,395
2023-09-25,TWSE,1722,台肥,59.60,60.10,59.30,60.00,0.40,1802312,107726368,1263
2023-09-25,TWSE,1723,中碳,112.00,113.00,112.00,113.00,1.00,173108,19450180,154
2023-09-25,TWSE,1725,元禎,20.30,20.60,20.30,20.60,0.30,11399,233680,20
2023-09-25,TWSE,1726,永記,,,,,0.00,115,8566,5
2023-09-25,TWSE,1727,中華化,28.35,30.50,28.35,29.75,1.50,2745995,82097275,1558
2023-09-25,TWSE,1730,花仙子,58.00,58.00,57.60,57.60,0.00,8287,478800,39
2023-09-25,TWSE,1731,美吾華,20.55,20.65,20.55,20.65,0.15,116320,2396032,85
2023-09-25,TWSE,1732,毛寶,25.15,25.15,24.90,25.00,0.00,68962,1722061,81
2023-09-25,TWSE,1733,五鼎,26.90,27.10,26.90,27.10,0.25,69261,1871030,48
2023-09-25,TWSE,1734,杏輝,32.40,32.50,32.35,32.40,0.00,221742,7186997,168
2023-09-25,TWSE,1735,日勝化,16.80,17.15,16.60,17.15,0.40,7718,129763,21
2023-09-25,TWSE,1736,喬山,73.50,78.00,73.50,77.00,3.60,1250396,95558660,1027
2023-09-25,TWSE,1737,臺鹽,33.30,33.50,33.25,33.35,-0.10,248165,8278432,358
2023-09-25,TWSE,1752,南光,55.50,56.20,55.40,55.90,0.90,240938,13462962,170
2023-09-25,TWSE,1760,寶齡富錦,102.50,104.50,102.50,103.50,1.00,185489,19185355,259
2023-09-25,TWSE,1762,中化生,59.20,60.20,59.20,60.10,1.10,306073,18318215,320
2023-09-25,TWSE,1773,勝一,131.00,132.50,130.50,132.00,1.50,53134,6992275,73
2023-09-25,TWSE,1776,展宇,16.50,16.50,16.15,16.25,-0.25,108014,1765875,81
2023-09-25,TWSE,1783,和康生,57.00,57.20,56.30,56.90,1.10,161434,9176657,147
2023-09-25,TWSE,1786,科妍,84.30,86.00,84.30,85.50,1.50,173948,14824664,185
2023-09-25,TWSE,1789,神隆,27.05,27.25,27.05,27.20,0.15,187811,5099153,206
2023-09-25,TWSE,1795,美時,235.50,241.50,234.00,239.50,5.50,2206149,525793177,2163
2023-09-25,TWSE,1802,台玻,19.40,19.70,19.40,19.45,0.10,6207853,121056495,2053
2023-09-25,TWSE,1805,寶徠,10.70,10.95,10.70,10.80,0.00,74817,805206,58
2023-09-25,TWSE,1806,冠軍,9.17,9.19,9.15,9.17,0.01,121442,1113722,94
2023-09-25,TWSE,1808,潤隆,94.40,96.50,92.10,92.70,-2.20,824882,77430558,6336
2023-09-25,TWSE,1809,中釉,15.60,15.80,15.30,15.30,-0.25,1436580,22165153,840
2023-09-25,TWSE,1810,和成,19.70,20.10,19.70,19.90,0.20,1269315,25311908,454
2023-09-25,TWSE,1817,凱撒衛,36.05,36.10,36.00,36.00,-0.05,32155,1158768,41
2023-09-25,TWSE,1903,士紙,55.10,55.20,54.50,54.60,-0.30,359924,19691265,317
2023-09-25,TWSE,1904,正隆,28.30,28.80,28.25,28.60,0.30,1596949,45651692,1150
2023-09-25,TWSE,1905,華紙,22.35,22.55,22.25,22.40,0.05,1419049,31785944,763
2023-09-25,TWSE,1906,寶隆,15.50,15.50,15.50,15.50,0.05,40132,622610,233
2023-09-25,TWSE,1907,永豐餘,30.40,31.25,30.40,31.15,0.70,2276503,70127431,1730
2023-09-25,TWSE,1909,榮成,14.80,14.80,14.70,14.75,0.00,548971,8095952,292
2023-09-25,TWSE,2002,中鋼,26.30,26.30,26.10,26.20,0.00,12038382,315236071,6309
2023-09-25,TWSE,2002A,中鋼特,44.50,44.50,44.10,44.10,0.10,25164,1118017,15
2023-09-25,TWSE,2006,東和鋼鐵,62.90,63.40,62.80,63.00,-0.20,807334,50863943,785
2023-09-25,TWSE,2007,燁興,9.83,9.84,9.80,9.81,-0.01,93904,921654,54
2023-09-25,TWSE,2008,高興昌,21.00,21.20,20.65,21.00,0.00,42501,887021,37
2023-09-25,TWSE,2009,第一銅,29.40,29.45,29.20,29.35,-0.05,191404,5618327,236
2023-09-25,TWSE,2010,春源,18.10,18.10,17.70,17.75,-0.35,464108,8305654,423
2023-09-25,TWSE,2012,春雨,24.35,24.35,24.25,24.25,-0.05,42554,1034524,38
2023-09-25,TWSE,2013,中鋼構,54.80,55.00,54.80,55.00,0.20,5634,309712,50
2023-09-25,TWSE,2014,中鴻,24.45,24.50,23.90,24.00,-0.30,3812388,91692964,1919
2023-09-25,TWSE,2015,豐興,66.60,68.00,66.60,68.00,1.50,231065,15574090,183
2023-09-25,TWSE,2017,官田鋼,14.40,14.75,14.30,14.65,0.25,952201,13881027,469
2023-09-25,TWSE,2020,美亞,28.85,29.40,28.50,29.30,0.55,881310,25627409,510
2023-09-25,TWSE,2022,聚亨,13.00,13.05,12.75,12.80,-0.10,390121,5018081,441
2023-09-25,TWSE,2023,燁輝,15.30,15.35,15.25,15.30,0.00,420107,6421906,292
2023-09-25,TWSE,2024,志聯,16.90,17.10,16.90,17.05,0.00,7048,119968,25
2023-09-25,TWSE,2025,千興,7.46,7.50,7.10,7.19,-0.26,2366902,17139266,827
2023-09-25,TWSE,2027,大成鋼,38.10,38.20,37.85,38.00,-0.15,3278367,124588328,2157
2023-09-25,TWSE,2028,威致,24.40,24.75,24.40,24.65,0.25,63239,1551583,59
2023-09-25,TWSE,2029,盛餘,24.30,24.90,24.25,24.80,0.50,93797,2310066,79
2023-09-25,TWSE,2030,彰源,18.65,18.65,18.55,18.65,0.10,151590,2818112,94
2023-09-25,TWSE,2031,新光鋼,49.30,49.50,48.60,48.80,-0.50,691364,33811427,702
2023-09-25,TWSE,2032,新鋼,17.15,17.15,17.00,17.00,-0.50,88835,1514022,91
2023-09-25,TWSE,2033,佳大,15.30,15.30,15.10,15.10,-0.40,613260,10249132,80
2023-09-25,TWSE,2034,允強,27.70,27.75,27.55,27.70,0.00,130657,3614170,101
2023-09-25,TWSE,2038,海光,18.05,18.10,18.00,18.00,-0.05,129401,2334497,76
2023-09-25,TWSE,2049,上銀,205.00,208.50,205.00,208.50,4.50,537235,111512385,1580
2023-09-25,TWSE,2059,川湖,832.00,840.00,823.00,837.00,8.00,622152,518695102,896
2023-09-25,TWSE,2062,橋椿,22.15,22.25,22.15,22.20,0.05,59300,1314955,38
2023-09-25,TWSE,2069,運錩,17.10,17.10,16.95,17.00,-0.05,35045,596319,27
2023-09-25,TWSE,2101,南港,38.10,38.25,38.00,38.00,-0.05,260673,9924622,173
2023-09-25,TWSE,2102,泰豐,18.55,18.70,18.45,18.65,0.15,552421,10264190,281
2023-09-25,TWSE,2103,台橡,24.15,24.20,24.05,24.10,-0.05,286556,6903473,235
2023-09-25,TWSE,2104,國際中橡,20.15,20.40,20.05,20.35,0.25,1801015,36471132,570
2023-09-25,TWSE,2105,正新,43.00,43.05,42.25,42.60,-0.30,5392306,229291537,3568
2023-09-25,TWSE,2106,建大,29.95,29.95,29.65,29.70,-0.10,153185,4558048,143
2023-09-25,TWSE,2107,厚生,22.85,22.90,22.80,22.85,0.00,164442,3754846,245
2023-09-25,TWSE,2108,南帝,36.30,36.65,36.30,36.50,0.20,171240,6246466,135
2023-09-25,TWSE,2109,華豐,14.05,14.15,14.05,14.05,0.00,76744,1079599,64
2023-09-25,TWSE,2114,鑫永銓,109.00,109.00,107.50,108.00,-0.50,18359,1987121,26
2023-09-25,TWSE,2115,六暉-KY,30.25,30.30,29.95,30.05,-0.20,121552,3650498,125
2023-09-25,TWSE,2201,裕隆,83.50,85.80,83.40,84.30,1.80,13784410,1166940941,9195
2023-09-25,TWSE,2204,中華,96.20,99.60,96.20,97.60,2.20,5721887,560731015,4127
2023-09-25,TWSE,2206,三陽工業,72.60,77.70,72.60,77.60,5.30,14673836,1120902030,10050
2023-09-25,TWSE,2207,和泰車,661.00,667.00,657.00,665.00,12.00,97931,64873255,280
2023-09-25,TWSE,2208,台船,24.20,24.40,23.80,23.90,-0.30,2784160,67062149,1833
2023-09-25,TWSE,2211,長榮鋼,70.50,72.50,69.90,72.30,1.70,1625827,115972312,1720
2023-09-25,TWSE,2227,裕日車,187.50,187.50,187.00,187.00,1.50,7974,1492727,66
2023-09-25,TWSE,2228,劍麟,98.90,98.90,96.60,96.60,-1.40,329699,32063478,337
2023-09-25,TWSE,2231,為升,141.50,143.00,141.50,141.50,0.00,149374,21236019,156
2023-09-25,TWSE,2233,宇隆,113.50,116.00,112.50,115.50,2.50,291995,33558825,306
2023-09-25,TWSE,2236,百達-KY,80.80,83.60,80.30,83.00,2.20,1063684,87854889,644
2023-09-25,TWSE,2239,英利-KY,60.00,60.10,59.60,59.80,-0.10,41330,2475913,42
2023-09-25,TWSE,2241,艾姆勒,40.55,41.30,40.35,40.85,0.35,315446,12870429,245
2023-09-25,TWSE,2243,宏旭-KY,15.45,15.50,15.25,15.30,-0.15,124005,1899126,77
2023-09-25,TWSE,2247,汎德永業,304.50,311.00,304.50,309.50,4.50,42827,13181831,97
2023-09-25,TWSE,2250,IKKA-KY,66.10,66.10,65.30,65.40,0.10,17457,1143369,29
2023-09-25,TWSE,2301,光寶科,120.00,121.00,118.50,120.00,0.00,10691232,1282350763,6342
2023-09-25,TWSE,2302,麗正,17.20,17.55,17.20,17.45,0.25,185657,3235381,119
2023-09-25,TWSE,2303,聯電,45.50,46.30,45.25,45.65,0.30,35022874,1598230633,12770
2023-09-25,TWSE,2305,全友,24.00,24.10,22.80,23.15,0.20,1350663,31782007,802
2023-09-25,TWSE,2308,台達電,331.00,337.50,330.00,336.50,8.00,8180708,2743954737,5446
2023-09-25,TWSE,2312,金寶,15.40,15.50,15.35,15.50,0.15,2186322,33746885,934
2023-09-25,TWSE,2313,華通,55.90,55.90,54.60,54.70,-0.90,28750912,1582089007,13690
2023-09-25,TWSE,2314,台揚,39.40,39.45,38.50,38.60,-0.30,522292,20268513,380
2023-09-25,TWSE,2316,楠梓電,40.10,40.30,39.20,39.40,-1.10,7378973,293399169,4885
2023-09-25,TWSE,2317,鴻海,105.50,106.00,105.00,105.50,0.50,16714643,1759692944,9163
2023-09-25,TWSE,2321,東訊,17.90,17.90,17.30,17.30,-1.60,4069,71111,14
2023-09-25,TWSE,2323,中環,11.65,11.80,11.55,11.80,0.10,5071582,59260390,1503
2023-09-25,TWSE,2324,仁寶,30.90,30.90,30.50,30.60,-0.25,6760658,207163642,3791
2023-09-25,TWSE,2327,國巨*,525.00,529.00,518.00,521.00,0.00,1563127,817916066,2563
2023-09-25,TWSE,2328,廣宇,37.35,37.75,37.35,37.70,0.35,638353,24012324,479
2023-09-25,TWSE,2329,華泰,41.30,41.95,41.20,41.55,-0.20,5564901,231490950,3387
2023-09-25,TWSE,2330,台積電,522.00,529.00,522.00,525.00,3.00,20583374,10814706278,23438
2023-09-25,TWSE,2331,精英,29.50,29.95,29.25,29.40,0.05,4406783,130285217,2341
2023-09-25,TWSE,2332,友訊,19.95,20.50,19.95,20.35,0.45,3353391,67979112,1587
2023-09-25,TWSE,2337,旺宏,33.55,34.15,33.30,33.80,0.50,6983121,235342685,3675
2023-09-25,TWSE,2338,光罩,67.40,67.60,67.00,67.20,0.00,546648,36740031,442
2023-09-25,TWSE,2340,台亞,48.10,49.60,48.05,48.60,0.80,3450078,168618628,2480
2023-09-25,TWSE,2342,茂矽,36.00,36.20,35.80,35.80,0.00,122619,4413476,154
2023-09-25,TWSE,2344,華邦電,26.70,26.70,26.10,26.20,-0.15,11604259,305073841,4784
2023-09-25,TWSE,2345,智邦,475.00,493.50,474.00,481.50,18.00,5994790,2909358372,5252
2023-09-25,TWSE,2347,聯強,63.50,64.30,63.30,63.90,0.20,2496515,159370527,1985
2023-09-25,TWSE,2348,海悅,73.00,73.50,72.70,73.50,0.50,27202,1986890,175
2023-09-25,TWSE,2348A,海悅甲特,33.95,33.95,33.95,33.95,0.00,1000,33950,1
2023-09-25,TWSE,2349,錸德,8.25,8.28,8.20,8.21,-0.04,524607,4319284,318
2023-09-25,TWSE,2351,順德,105.50,106.50,104.50,105.00,0.00,441762,46598544,371
2023-09-25,TWSE,2352,佳世達,45.10,45.50,44.70,44.85,-0.10,4346662,195464290,2996
2023-09-25,TWSE,2353,宏碁,36.75,36.95,36.50,36.65,-0.05,5532800,203185673,3217
2023-09-25,TWSE,2354,鴻準,57.70,58.10,57.00,57.60,0.10,4229563,243112562,2464
2023-09-25,TWSE,2355,敬鵬,39.20,40.50,39.20,40.40,1.50,15701908,630149068,8632
2023-09-25,TWSE,2356,英業達,49.30,49.95,49.05,49.45,0.10,19062379,943116745,10740
2023-09-25,TWSE,2357,華碩,357.00,360.50,354.00,359.50,2.00,2413712,865160344,2367
2023-09-25,TWSE,2358,廷鑫,11.95,13.20,11.95,12.15,0.00,7041950,88334822,2867
2023-09-25,TWSE,2359,所羅門,36.05,36.40,35.90,36.40,0.40,672370,24302706,500
2023-09-25,TWSE,2360,致茂,265.50,274.00,263.00,271.50,7.50,1986821,538729579,1964
2023-09-25,TWSE,2362,藍天,31.25,31.65,31.25,31.60,0.50,411805,12964482,306
2023-09-25,TWSE,2363,矽統,37.75,38.30,37.05,37.70,0.15,77238474,2910117154,33095
2023-09-25,TWSE,2364,倫飛,114.50,116.00,113.00,116.00,1.50,691471,79365789,700
2023-09-25,TWSE,2365,昆盈,10.95,11.00,10.80,11.00,0.10,411198,4482734,246
2023-09-25,TWSE,2367,燿華,20.20,20.20,19.55,19.55,-0.55,21415986,422962900,8301
2023-09-25,TWSE,2368,金像電,211.00,220.00,209.00,211.00,10.00,23875976,5125744122,17572
2023-09-25,TWSE,2369,菱生,19.15,19.15,18.90,19.10,0.30,1078543,20538452,565
2023-09-25,TWSE,2371,大同,44.90,45.05,44.30,44.40,-0.25,4106529,183256356,2797
2023-09-25,TWSE,2373,震旦行,75.50,75.90,75.50,75.50,-0.10,12823,969529,36
2023-09-25,TWSE,2374,佳能,24.35,24.35,23.70,23.90,-0.30,1871316,44836878,1032
2023-09-25,TWSE,2375,凱美,67.10,67.20,66.70,66.90,0.00,97382,6517484,124
2023-09-25,TWSE,2376,技嘉,279.00,279.50,271.50,274.50,-4.50,30806772,8479752093,27464
2023-09-25,TWSE,2377,微星,172.50,172.50,169.50,170.50,-0.50,2379850,405643938,2031
2023-09-25,TWSE,2379,瑞昱,398.50,416.00,395.00,405.00,12.50,4800802,1950417998,4981
2023-09-25,TWSE,2380,虹光,9.35,9.35,9.27,9.30,-0.02,236180,2196397,547
2023-09-25,TWSE,2382,廣達,227.50,228.00,222.50,226.00,-1.50,39076310,8832349891,28693
2023-09-25,TWSE,2383,台光電,402.00,412.00,400.00,408.50,6.50,3447825,1404713289,3214
2023-09-25,TWSE,2385,群光,116.00,117.00,115.00,116.00,0.00,1876415,218216997,1549
2023-09-25,TWSE,2387,精元,48.30,48.80,48.20,48.50,0.50,750276,36370470,545
2023-09-25,TWSE,2388,威盛,121.50,124.00,119.00,122.00,2.00,22734209,2778477261,13935
2023-09-25,TWSE,2390,云辰,12.85,13.15,12.85,13.10,0.25,289142,3775573,242
2023-09-25,TWSE,2392,正崴,42.35,43.35,41.85,41.90,0.50,4795387,204060279,3199
2023-09-25,TWSE,2393,億光,46.60,47.20,46.50,46.80,0.15,483296,22657188,395
2023-09-25,TWSE,2395,研華,345.00,352.00,344.00,349.50,2.50,1096511,382466555,1098
2023-09-25,TWSE,2397,友通,69.50,69.50,68.30,68.50,-0.20,20050,1376348,20
2023-09-25,TWSE,2399,映泰,24.20,24.55,24.00,24.00,-0.20,2361253,57308454,1426
2023-09-25,TWSE,2401,凌陽,29.90,30.25,29.65,29.65,-0.20,3162969,94502276,1914
2023-09-25,TWSE,2402,毅嘉,39.00,40.45,38.95,40.10,1.05,7468966,298164258,4724
2023-09-25,TWSE,2404,漢唐,229.50,233.00,229.50,230.00,0.50,701125,161984783,1676
2023-09-25,TWSE,2405,輔信,16.25,16.25,15.90,16.10,0.05,4754724,76395057,1910
2023-09-25,TWSE,2406,國碩,15.20,15.30,15.15,15.25,0.10,259353,3945481,339
2023-09-25,TWSE,2408,南亞科,72.80,72.80,71.20,71.60,-0.40,5425331,389415427,4210
2023-09-25,TWSE,2409,友達,16.70,16.80,16.60,16.70,0.05,11874838,198222528,3403
2023-09-25,TWSE,2412,中華電,117.00,117.00,116.50,116.50,-0.50,2566800,299660433,2461
2023-09-25,TWSE,2413,環科,28.50,29.00,28.50,28.70,0.25,222496,6409677,174
2023-09-25,TWSE,2414,精技,32.90,33.10,32.85,33.10,0.20,39827,1313966,65
2023-09-25,TWSE,2415,錩新,29.55,30.30,29.55,29.70,0.15,86456,2583744,61
2023-09-25,TWSE,2417,圓剛,26.35,26.45,25.35,25.35,-1.30,3259612,84358855,2267
2023-09-25,TWSE,2419,仲琦,33.40,34.45,33.35,34.35,1.00,1546279,52602561,1250
2023-09-25,TWSE,2420,新巨,45.35,45.80,44.90,45.65,0.35,82828,3767040,102
2023-09-25,TWSE,2421,建準,110.00,113.00,108.50,109.50,0.00,9279390,1020512107,6228
2023-09-25,TWSE,2423,固緯,35.40,35.90,34.90,35.45,0.25,555619,19695619,458
2023-09-25,TWSE,2424,隴華,29.95,32.90,29.95,32.90,2.95,117354,3820769,117
2023-09-25,TWSE,2425,承啟,45.70,45.70,44.80,45.00,-0.90,1797065,81166049,1303
2023-09-25,TWSE,2426,鼎元,18.45,18.65,18.20,18.20,-0.25,662458,12178068,400
2023-09-25,TWSE,2427,三商電,25.95,26.95,25.45,26.95,1.30,3132115,82702714,1873
2023-09-25,TWSE,2428,興勤,147.00,147.50,146.00,147.00,0.00,188411,27691408,297
2023-09-25,TWSE,2429,銘旺科,16.45,16.60,16.25,16.25,-0.35,21000,345700,15
2023-09-25,TWSE,2430,燦坤,39.40,39.50,39.30,39.40,0.00,35751,1407793,54
2023-09-25,TWSE,2431,聯昌,11.00,11.15,10.90,11.10,0.20,77219,851593,65
2023-09-25,TWSE,2432,倚天酷碁-創,38.50,40.00,38.50,40.00,1.50,13000,510750,11
2023-09-25,TWSE,2433,互盛電,51.20,51.80,51.20,51.80,0.70,3826,196495,7
2023-09-25,TWSE,2434,統懋,35.10,35.25,34.80,35.25,0.20,12765,446765,17
2023-09-25,TWSE,2436,偉詮電,69.20,70.00,68.20,68.30,-0.60,2497587,172434047,2020
2023-09-25,TWSE,2438,翔耀,22.65,22.65,22.40,22.50,-0.15,111776,2513822,103
2023-09-25,TWSE,2439,美律,84.50,86.50,84.50,86.40,1.90,389425,33498458,394
2023-09-25,TWSE,2440,太空梭,13.50,13.60,13.30,13.50,0.05,213457,2867493,168
2023-09-25,TWSE,2441,超豐,56.80,57.10,56.30,56.50,-0.40,568538,32189674,709
2023-09-25,TWSE,2442,新美齊,18.30,18.60,18.30,18.55,0.15,451603,8342215,240
2023-09-25,TWSE,2444,兆勁,12.65,12.65,12.50,12.60,-0.10,129099,1626292,74
2023-09-25,TWSE,2449,京元電子,78.20,79.00,77.50,77.60,0.10,13834419,1079873455,10033
2023-09-25,TWSE,2450,神腦,36.20,36.70,36.20,36.45,0.25,63330,2306939,57
2023-09-25,TWSE,2451,創見,72.70,73.90,72.70,73.70,1.10,222394,16311231,232
2023-09-25,TWSE,2453,凌群,51.20,51.20,50.10,50.30,-0.20,240458,12122159,241
2023-09-25,TWSE,2454,聯發科,741.00,762.00,741.00,755.00,9.00,4731685,3575077564,6826
2023-09-25,TWSE,2455,全新,147.00,148.00,145.00,146.00,-1.50,1088035,159147213,1125
2023-09-25,TWSE,2457,飛宏,59.70,59.70,58.70,58.80,-0.90,3455230,204334901,2545
2023-09-25,TWSE,2458,義隆,136.00,138.50,136.00,136.50,-0.50,1587676,217640553,1313
2023-09-25,TWSE,2459,敦吉,57.60,58.10,57.60,57.90,0.30,53701,3109957,44
2023-09-25,TWSE,2460,建通,25.65,25.80,25.50,25.70,0.05,365632,9375123,308
2023-09-25,TWSE,2461,光群雷,22.70,23.20,22.50,23.05,0.70,702745,16129986,390
2023-09-25,TWSE,2462,良得電,39.25,40.70,39.20,40.20,0.90,2238869,90004007,1664
2023-09-25,TWSE,2464,盟立,38.55,38.75,38.45,38.65,0.15,234572,9055992,207
2023-09-25,TWSE,2465,麗臺,36.80,37.15,36.80,36.90,0.15,128511,4753058,160
2023-09-25,TWSE,2466,冠西電,36.25,36.25,36.20,36.20,0.00,7000,253700,7
2023-09-25,TWSE,2467,志聖,44.20,44.95,44.20,44.70,0.70,82456,3681470,129
2023-09-25,TWSE,2468,華經,29.75,29.90,28.60,29.20,-1.00,3894972,113515913,2643
2023-09-25,TWSE,2471,資通,53.00,53.50,52.70,52.70,-0.20,161441,8558012,221
2023-09-25,TWSE,2472,立隆電,59.90,60.30,59.80,59.80,0.00,163123,9787567,142
2023-09-25,TWSE,2474,可成,181.00,183.50,181.00,182.50,2.00,1222025,223109183,970
2023-09-25,TWSE,2476,鉅祥,49.50,49.70,49.00,49.30,-0.15,325875,16067345,262
2023-09-25,TWSE,2477,美隆電,19.60,19.80,19.60,19.75,0.15,81086,1591714,28
2023-09-25,TWSE,2478,大毅,46.75,46.95,46.75,46.90,0.20,43272,2027693,51
2023-09-25,TWSE,2480,敦陽科,115.50,117.00,114.00,116.00,1.50,188648,21804516,245
2023-09-25,TWSE,2481,強茂,64.40,65.40,64.40,65.10,0.60,801700,52170882,829
2023-09-25,TWSE,2482,連宇,45.45,45.95,45.30,45.65,0.70,491691,22432996,405
2023-09-25,TWSE,2483,百容,24.90,25.95,24.75,25.10,0.20,254590,6471307,202
2023-09-25,TWSE,2484,希華,32.10,32.45,32.10,32.35,0.35,205847,6651553,205
2023-09-25,TWSE,2485,兆赫,24.25,25.05,24.25,24.45,0.30,6267934,154299510,3416
2023-09-25,TWSE,2486,一詮,44.75,46.30,44.50,45.45,0.65,4775209,217158748,2950
2023-09-25,TWSE,2488,漢平,34.65,35.25,34.65,35.20,0.65,265190,9291697,188
2023-09-25,TWSE,2489,瑞軒,11.80,12.35,11.80,12.25,0.45,2504415,30349555,1703
2023-09-25,TWSE,2491,吉祥全,15.00,15.00,14.40,14.55,-0.15,36061,528241,31
2023-09-25,TWSE,2492,華新科,103.50,104.00,102.50,103.00,-0.50,1034059,106748610,1173
2023-09-25,TWSE,2493,揚博,72.50,74.00,72.50,72.80,0.40,353788,25912470,333
2023-09-25,TWSE,2495,普安,19.75,19.75,19.40,19.50,-0.15,708368,13633023,374
2023-09-25,TWSE,2496,卓越,53.60,54.10,53.60,53.90,0.30,21608,1164377,34
2023-09-25,TWSE,2497,怡利電,68.20,69.10,68.20,69.00,0.80,363930,25050709,420
2023-09-25,TWSE,2498,宏達電,49.70,50.00,49.40,49.45,-0.20,2236467,111053045,1727
2023-09-25,TWSE,2501,國建,15.05,15.05,15.00,15.05,0.00,491052,7372936,264
2023-09-25,TWSE,2504,國產,25.00,25.35,25.00,25.30,0.30,789502,19910480,470
2023-09-25,TWSE,2505,國揚,18.25,18.40,18.15,18.35,0.10,469349,8568477,225
2023-09-25,TWSE,2506,太設,9.05,9.08,9.04,9.04,0.00,135601,1228834,61
2023-09-25,TWSE,2509,全坤建,14.70,14.75,14.70,14.70,0.00,26592,391258,82
2023-09-25,TWSE,2511,太子,10.75,10.80,10.70,10.80,0.05,251033,2700146,176
2023-09-25,TWSE,2514,龍邦,15.90,16.05,15.90,16.00,0.00,23828,381191,121
2023-09-25,TWSE,2515,中工,10.15,10.60,10.15,10.55,0.40,15092832,157601001,3265
2023-09-25,TWSE,2516,新建,7.46,7.68,7.46,7.49,0.03,1102697,8336892,385
2023-09-25,TWSE,2520,冠德,32.60,33.10,32.60,33.00,0.45,530952,17442360,353
2023-09-25,TWSE,2524,京城,30.30,31.00,30.25,30.55,0.25,64403,1972000,48
2023-09-25,TWSE,2527,宏璟,23.00,23.00,22.70,22.75,-0.25,83696,1907745,52
2023-09-25,TWSE,2528,皇普,28.25,28.50,28.20,28.25,0.05,69105,1955565,47
2023-09-25,TWSE,2530,華建,25.20,25.25,25.15,25.15,0.00,372577,9392872,135
2023-09-25,TWSE,2534,宏盛,19.10,19.20,19.00,19.05,0.00,481515,9176600,354
2023-09-25,TWSE,2535,達欣工,33.30,34.00,33.25,33.50,0.15,197294,6609790,295
2023-09-25,TWSE,2536,宏普,26.20,26.30,26.20,26.30,0.10,145641,3819005,64
2023-09-25,TWSE,2537,聯上發,8.16,8.18,8.02,8.06,-0.10,2007308,16209923,690
2023-09-25,TWSE,2538,基泰,12.85,13.25,12.85,13.15,0.30,3630097,47596522,993
2023-09-25,TWSE,2539,櫻花建,42.25,42.25,41.40,41.80,-0.40,307636,12879254,374
2023-09-25,TWSE,2540,愛山林,83.70,84.50,80.40,80.70,-3.00,839934,69123831,598
2023-09-25,TWSE,2542,興富發,43.30,43.50,42.95,43.05,-0.35,8709237,375753588,4767
2023-09-25,TWSE,2543,皇昌,14.25,15.50,14.25,15.50,1.40,6613533,101016036,2313
2023-09-25,TWSE,2545,皇翔,39.10,39.50,39.10,39.30,0.15,171483,6749905,127
2023-09-25,TWSE,2546,根基,74.20,74.70,73.90,74.50,0.30,19522,1450262,129
2023-09-25,TWSE,2547,日勝生,8.66,8.66,8.62,8.63,-0.02,473130,4085376,195
2023-09-25,TWSE,2548,華固,90.10,90.10,89.80,89.80,-0.30,251956,22650791,318
2023-09-25,TWSE,2597,潤弘,100.50,101.00,100.50,100.50,-0.50,27986,2817826,67
2023-09-25,TWSE,2601,益航,8.51,8.52,8.45,8.47,0.00,834163,7073367,361
2023-09-25,TWSE,2603,長榮,114.50,116.50,114.00,116.00,1.50,9363496,1079980176,5498
2023-09-25,TWSE,2605,新興,23.20,23.75,22.95,23.70,0.80,7050501,164514728,3292
2023-09-25,TWSE,2606,裕民,48.70,48.75,48.15,48.40,0.10,4281858,207138555,2332
2023-09-25,TWSE,2607,榮運,28.05,28.25,28.00,28.20,0.15,643672,18103479,380
2023-09-25,TWSE,2608,嘉里大榮,37.25,37.50,37.20,37.35,0.10,63170,2359372,67
2023-09-25,TWSE,2609,陽明,45.75,45.95,45.35,45.95,0.15,9017466,412048526,6032
2023-09-25,TWSE,2610,華航,21.85,22.30,21.80,21.90,0.05,18643180,411115770,6540
2023-09-25,TWSE,2611,志信,13.20,13.20,13.05,13.10,-0.10,206686,2708964,182
2023-09-25,TWSE,2612,中航,45.20,45.20,43.75,44.45,-0.15,1291649,57030293,929
2023-09-25,TWSE,2613,中櫃,21.10,21.10,20.80,20.90,0.05,26950,565164,44
2023-09-25,TWSE,2614,東森,21.90,22.20,21.90,22.00,0.10,512969,11301088,837
2023-09-25,TWSE,2615,萬海,49.55,49.60,48.70,49.20,-0.30,4141623,203344564,3293
2023-09-25,TWSE,2616,山隆,30.80,30.95,30.70,30.80,0.00,31628,974492,172
2023-09-25,TWSE,2617,台航,29.75,29.75,29.35,29.45,-0.15,665692,19645474,569
2023-09-25,TWSE,2618,長榮航,29.80,30.60,29.60,30.00,0.35,63701474,1917187260,15222
2023-09-25,TWSE,2630,亞航,38.90,39.60,38.10,39.00,0.30,4117478,160525269,2852
2023-09-25,TWSE,2633,台灣高鐵,30.10,30.25,30.10,30.10,0.00,1180549,35585509,823
2023-09-25,TWSE,2634,漢翔,56.00,57.30,56.00,56.70,1.00,9786515,555407443,6078
2023-09-25,TWSE,2636,台驊控股,76.90,78.30,76.50,78.30,1.50,460069,35669407,638
2023-09-25,TWSE,2637,慧洋-KY,49.90,49.90,48.70,48.70,-0.95,5407248,265612885,3404
2023-09-25,TWSE,2642,宅配通,40.75,41.05,40.75,40.80,0.05,12154,496717,52
2023-09-25,TWSE,2645,長榮航太,106.50,108.00,106.00,107.00,1.00,1629901,174871730,1410
2023-09-25,TWSE,2701,萬企,12.35,12.45,12.35,12.40,0.05,76739,951409,81
2023-09-25,TWSE,2702,華園,20.90,21.20,20.90,21.10,0.20,86894,1828499,73
2023-09-25,TWSE,2704,國賓,50.80,51.10,50.70,51.00,0.20,62596,3187260,53
2023-09-25,TWSE,2705,六福,17.15,17.40,17.15,17.30,0.15,644705,11129008,339
2023-09-25,TWSE,2706,第一店,14.95,15.20,14.90,15.10,0.15,190477,2866066,148
2023-09-25,TWSE,2707,晶華,213.00,213.50,210.50,212.50,1.00,101836,21638512,192
2023-09-25,TWSE,2712,遠雄來,35.60,35.85,35.50,35.60,0.00,13539,483839,16
2023-09-25,TWSE,2722,夏都,49.90,50.40,49.45,50.00,0.95,99445,4967802,122
2023-09-25,TWSE,2723,美食-KY,110.00,111.00,108.50,109.00,0.50,273462,30036646,300
2023-09-25,TWSE,2727,王品,246.50,253.00,244.50,251.50,5.50,418318,104408691,647
2023-09-25,TWSE,2731,雄獅,126.50,128.00,125.00,126.00,-1.00,408029,51675315,422
2023-09-25,TWSE,2739,寒舍,38.00,39.50,38.00,39.10,1.10,226047,8817005,243
2023-09-25,TWSE,2748,雲品,69.60,73.60,69.10,73.00,3.40,1177688,84570221,1160
2023-09-25,TWSE,2753,八方雲集,168.00,172.50,168.00,172.00,5.00,326535,55801691,421
2023-09-25,TWSE,2801,彰銀,17.30,17.40,17.25,17.40,0.15,3641754,63182333,1461
2023-09-25,TWSE,2809,京城銀,36.90,37.45,36.90,37.30,0.40,1175000,43817191,841
2023-09-25,TWSE,2812,台中銀,14.80,14.80,14.75,14.80,0.05,2152568,31827284,1640
2023-09-25,TWSE,2816,旺旺保,28.10,29.10,27.80,27.80,-2.50,4729054,133667746,2408
2023-09-25,TWSE,2820,華票,14.45,14.55,14.45,14.45,0.00,350006,5072564,192
2023-09-25,TWSE,2832,台產,23.45,23.50,23.40,23.45,-0.10,189191,4433422,145
2023-09-25,TWSE,2834,臺企銀,13.25,13.35,13.20,13.35,0.15,6134283,81618434,2018
2023-09-25,TWSE,2836,高雄銀,12.10,12.15,12.10,12.15,0.00,79593,965303,87
2023-09-25,TWSE,2836A,高雄銀甲特,21.20,21.20,21.20,21.20,-0.05,43004,911684,7
2023-09-25,TWSE,2838,聯邦銀,13.50,13.70,13.40,13.40,-0.10,5888022,79837248,1694
2023-09-25,TWSE,2838A,聯邦銀甲特,51.70,51.70,51.50,51.70,0.00,143415,7391913,48
2023-09-25,TWSE,2845,遠東銀,11.55,11.65,11.55,11.55,0.05,2413698,27948962,827
2023-09-25,TWSE,2849,安泰銀,14.00,14.00,14.00,14.00,0.05,9288,130031,15
2023-09-25,TWSE,2850,新產,59.90,60.30,59.80,60.30,0.70,79559,4772968,118
2023-09-25,TWSE,2851,中再保,23.35,23.40,23.20,23.30,-0.15,1001953,23349281,431
2023-09-25,TWSE,2852,第一保,16.65,16.80,16.65,16.80,0.15,41202,689875,45
2023-09-25,TWSE,2855,統一證,18.80,18.95,18.80,18.90,0.10,222980,4211708,178
2023-09-25,TWSE,2867,三商壽,5.13,5.17,5.11,5.12,-0.01,2509448,12865000,622
2023-09-25,TWSE,2880,華南金,20.70,20.80,20.70,20.75,0.05,4091315,84871956,2159
2023-09-25,TWSE,2881,富邦金,61.00,61.50,60.90,61.30,0.30,8885334,543720244,4383
2023-09-25,TWSE,2881A,富邦特,61.10,61.20,61.10,61.20,0.10,142152,8695863,32
2023-09-25,TWSE,2881B,富邦金乙特,60.00,60.10,60.00,60.10,0.00,159550,9578445,71
2023-09-25,TWSE,2881C,富邦金丙特,56.20,56.20,56.10,56.20,0.00,19783,1110364,32
2023-09-25,TWSE,2882,國泰金,44.75,45.00,44.60,44.85,0.15,12662976,566861787,6046
2023-09-25,TWSE,2882A,國泰特,59.90,60.10,59.90,60.10,0.00,189078,11338856,73
2023-09-25,TWSE,2882B,國泰金乙特,59.90,60.10,59.90,60.10,0.10,195651,11728364,91
2023-09-25,TWSE,2883,凱基金,11.75,11.90,11.75,11.85,0.15,17194447,203536831,5477
2023-09-25,TWSE,2883B,凱基金乙特,6.64,6.67,6.64,6.65,0.01,1595356,10615296,237
2023-09-25,TWSE,2884,玉山金,24.10,24.40,24.10,24.30,0.20,8135025,197481702,5462
2023-09-25,TWSE,2885,元大金,25.10,25.25,24.95,25.20,0.10,7893164,198303387,3115
2023-09-25,TWSE,2886,兆豐金,37.80,38.00,37.70,38.00,0.20,12988510,492421155,7656
2023-09-25,TWSE,2887,台新新光金,17.85,17.95,17.80,17.85,0.10,7723594,137980752,3287
2023-09-25,TWSE,2887E,台新新光戊特一,51.20,51.20,51.10,51.20,0.00,20631,1055719,17
2023-09-25,TWSE,2887F,台新新光戊特二,46.25,46.25,46.20,46.20,-0.05,15303,707488,13
2023-09-25,TWSE,2887Z1,台新新光己特,16.80,16.95,16.80,16.90,0.10,11671,196819,16
2023-09-25,TWSE,2888,新光金,9.25,9.31,9.24,9.27,0.02,12895841,119603711,3239
2023-09-25,TWSE,2888A,新光金甲特,30.10,30.20,30.00,30.20,-0.05,38027,1143215,20
2023-09-25,TWSE,2888B,新光金乙特,30.35,30.75,30.35,30.50,0.10,17273,526648,19
2023-09-25,TWSE,2889,國票金,11.80,11.80,11.75,11.75,0.05,794689,9347272,492
2023-09-25,TWSE,2890,永豐金,17.35,17.45,17.35,17.45,0.15,3962455,68946024,2169
2023-09-25,TWSE,2891,中信金,24.40,24.70,24.35,24.60,0.35,30656776,750225719,9394
2023-09-25,TWSE,2891B,中信金乙特,60.00,60.40,60.00,60.40,0.00,26484,1595908,15
2023-09-25,TWSE,2891C,中信金丙特,,,,,0.00,40,2375,3
2023-09-25,TWSE,2892,第一金,26.65,26.90,26.60,26.90,0.25,8218503,219942001,4100
2023-09-25,TWSE,2897,王道銀行,9.52,9.69,9.50,9.55,0.03,1296127,12407500,390
2023-09-25,TWSE,2897A,王道銀甲特,,,,,0.00,0,0,0
2023-09-25,TWSE,2901,欣欣,26.35,26.50,26.35,26.50,-0.10,10697,282696,90
2023-09-25,TWSE,2903,遠百,23.45,23.80,23.40,23.80,0.55,1002596,23677142,644
2023-09-25,TWSE,2904,匯僑,19.05,19.05,19.00,19.05,0.00,47297,900399,49
2023-09-25,TWSE,2905,三商,12.55,12.60,12.45,12.50,-0.05,1759343,21868464,1330
2023-09-25,TWSE,2906,高林,16.80,17.05,16.75,16.95,0.20,515879,8712914,244
2023-09-25,TWSE,2908,特力,20.15,20.15,20.05,20.10,0.05,232784,4676163,57
2023-09-25,TWSE,2910,統領,27.10,27.35,27.10,27.35,-0.05,8003,217482,9
2023-09-25,TWSE,2911,麗嬰房,6.91,6.91,6.82,6.83,-0.02,62340,426325,117
2023-09-25,TWSE,2912,統一超,264.50,265.50,264.00,264.50,0.50,657605,174146314,1249
2023-09-25,TWSE,2913,農林,21.60,21.65,21.35,21.55,0.10,2166098,46570496,912
2023-09-25,TWSE,2915,潤泰全,59.50,59.70,58.80,59.30,-0.20,1490979,88253324,1215
2023-09-25,TWSE,2923,鼎固-KY,22.60,22.65,22.60,22.65,0.10,4615,104642,50
2023-09-25,TWSE,2929,淘帝-KY,11.80,11.85,11.65,11.70,0.00,130504,1534530,85
2023-09-25,TWSE,2939,永邑-KY,30.10,30.50,29.50,30.45,0.35,23004,692916,17
2023-09-25,TWSE,2945,三商家購,,,,,0.00,426,17157,8
2023-09-25,TWSE,3002,歐格,13.30,13.30,13.10,13.20,0.05,51750,681750,36
2023-09-25,TWSE,3003,健和興,72.90,74.10,72.90,73.50,0.50,647362,47626521,564
2023-09-25,TWSE,3004,豐達科,94.10,95.10,93.90,94.10,0.50,402131,37955832,396
2023-09-25,TWSE,3005,神基,77.60,78.40,77.10,77.60,-0.30,2347011,182344956,1960
2023-09-25,TWSE,3006,晶豪科,85.40,85.40,83.80,84.40,0.50,2070969,174674893,2198
2023-09-25,TWSE,3008,大立光,2140.00,2165.00,2120.00,2150.00,55.00,695958,1493156175,2814
2023-09-25,TWSE,3010,華立,92.30,93.90,92.00,92.70,0.80,291820,27075330,262
2023-09-25,TWSE,3011,今皓,36.55,37.00,36.40,36.60,0.05,476760,17493663,358
2023-09-25,TWSE,3013,晟銘電,44.80,45.25,44.25,44.40,-0.05,9272036,413834083,6589
2023-09-25,TWSE,3014,聯陽,166.00,168.00,163.00,164.50,0.00,3493994,579087407,7950
2023-09-25,TWSE,3015,全漢,48.80,49.45,48.80,49.00,-0.10,101757,4993428,92
2023-09-25,TWSE,3016,嘉晶,60.40,60.40,59.40,59.50,0.00,194798,11642406,238
2023-09-25,TWSE,3017,奇鋐,297.00,303.00,293.50,297.00,-0.50,11634961,3478112867,11379
2023-09-25,TWSE,3018,隆銘綠能,8.23,8.28,8.23,8.28,-0.27,46416,386591,208
2023-09-25,TWSE,3019,亞光,63.80,64.20,63.50,64.10,0.80,703441,44909423,458
2023-09-25,TWSE,3021,鴻名,22.80,23.20,22.80,23.15,0.25,88380,2038006,75
2023-09-25,TWSE,3022,威強電,79.40,80.70,79.30,80.70,1.30,542781,43479330,506
2023-09-25,TWSE,3023,信邦,306.50,312.00,306.00,311.00,4.50,253098,78383573,447
2023-09-25,TWSE,3024,憶聲,15.55,15.65,15.35,15.45,0.15,488741,7595196,209
2023-09-25,TWSE,3025,星通,41.60,43.85,41.60,43.50,1.95,4367082,188616049,2963
2023-09-25,TWSE,3026,禾伸堂,98.30,99.80,98.10,99.30,1.30,195670,19428113,227
2023-09-25,TWSE,3027,盛達,41.00,42.50,40.40,42.00,1.70,2042173,85679211,1388
2023-09-25,TWSE,3028,增你強,31.40,31.45,31.25,31.35,-0.05,176385,5528343,250
2023-09-25,TWSE,3029,零壹,60.50,61.30,60.50,61.20,0.70,733790,44694539,587
2023-09-25,TWSE,3030,德律,61.70,62.00,61.30,61.40,-0.80,260125,16030341,504
2023-09-25,TWSE,3031,佰鴻,16.90,17.10,16.90,17.00,0.15,11010,186819,11
2023-09-25,TWSE,3032,偉訓,67.50,70.70,67.00,69.60,2.40,6282744,434864136,4340
2023-09-25,TWSE,3033,威健,27.40,27.70,27.40,27.60,0.20,677143,18647699,557
2023-09-25,TWSE,3034,聯詠,435.00,444.50,434.50,440.00,2.50,3060329,1343988431,3164
2023-09-25,TWSE,3035,智原,306.00,318.00,303.50,309.50,5.00,17403278,5416673758,14834
2023-09-25,TWSE,3036,文曄,97.40,97.80,92.50,96.20,0.20,17227878,1636562782,11684
2023-09-25,TWSE,3036A,文曄甲特,44.20,44.50,43.95,44.05,0.10,415574,18379877,229
2023-09-25,TWSE,3037,欣興,179.50,180.50,177.00,178.50,-2.50,13238100,2362009128,10116
2023-09-25,TWSE,3038,全台,31.40,31.45,31.00,31.10,-0.30,615336,19188814,751
2023-09-25,TWSE,3040,遠見,29.70,29.75,29.70,29.70,-0.05,19054,566354,20
2023-09-25,TWSE,3041,揚智,18.10,18.30,18.05,18.30,0.20,188191,3423447,210
2023-09-25,TWSE,3042,晶技,99.90,101.00,99.70,99.70,0.10,2120944,212435811,1827
2023-09-25,TWSE,3043,科風,42.75,44.90,42.50,43.70,1.60,1749819,76481060,1368
2023-09-25,TWSE,3044,健鼎,194.50,199.00,194.00,194.50,2.00,6604416,1296421623,5614
2023-09-25,TWSE,3045,台灣大,94.00,94.50,93.90,94.00,0.30,1859515,174919447,1304
2023-09-25,TWSE,3046,建碁,70.40,71.60,70.40,70.90,0.60,385362,27350958,322
2023-09-25,TWSE,3047,訊舟,14.10,14.25,14.10,14.10,0.05,561587,7946254,302
2023-09-25,TWSE,3048,益登,23.30,23.40,23.20,23.35,0.05,121963,2840416,150
2023-09-25,TWSE,3049,精金,9.65,9.66,9.54,9.56,-0.05,1255271,12012512,555
2023-09-25,TWSE,3050,鈺德,14.90,14.95,14.80,14.95,0.05,133744,1991385,77
2023-09-25,TWSE,3051,力特,30.00,31.50,29.80,30.10,-0.15,13992611,427855094,7306
2023-09-25,TWSE,3052,夆典,11.55,11.80,11.55,11.65,0.10,386278,4518542,187
2023-09-25,TWSE,3054,立萬利,19.80,20.30,19.80,20.20,0.45,62150,1247100,40
2023-09-25,TWSE,3055,蔚華科,34.50,35.15,34.45,34.80,0.65,333905,11611195,287
2023-09-25,TWSE,3056,富華新,28.80,29.10,28.60,28.80,0.00,1568772,45269457,1660
2023-09-25,TWSE,3057,喬鼎,11.65,11.75,11.65,11.70,0.10,48012,561402,145
2023-09-25,TWSE,3058,立德,20.65,20.75,20.10,20.15,-0.40,789230,15977955,541
2023-09-25,TWSE,3059,華晶科,33.50,34.00,33.40,33.95,0.55,656279,22169861,577
2023-09-25,TWSE,3060,銘異,18.80,19.00,18.75,18.80,0.00,143188,2698128,207
2023-09-25,TWSE,3062,建漢,22.50,22.90,22.40,22.40,-0.10,1670642,37776790,877
2023-09-25,TWSE,3090,日電貿,60.40,61.30,60.10,60.60,0.20,699066,42391016,675
2023-09-25,TWSE,3092,鴻碩,37.00,38.75,37.00,37.20,0.00,850747,32027296,812
2023-09-25,TWSE,3094,聯傑,34.05,34.45,33.50,33.80,-0.15,620534,21047357,454
2023-09-25,TWSE,3130,一零四,202.00,202.00,201.50,201.50,0.00,12706,2565830,202
2023-09-25,TWSE,3138,耀登,153.00,157.50,153.00,154.50,1.00,859922,133687793,830
2023-09-25,TWSE,3149,正達,15.30,15.75,14.75,14.85,-0.35,1713194,26062207,1045
2023-09-25,TWSE,3164,景岳,23.30,23.40,23.30,23.35,0.15,11783,275166,29
2023-09-25,TWSE,3167,大量,51.00,51.70,51.00,51.30,0.30,108917,5595779,101
2023-09-25,TWSE,3189,景碩,109.00,111.50,109.00,109.50,0.00,1647960,181238202,1308
2023-09-25,TWSE,3209,全科,34.95,35.15,34.85,35.00,0.05,390496,13663231,294
2023-09-25,TWSE,3229,晟鈦,14.70,14.70,14.60,14.60,-0.10,7201,105559,17
2023-09-25,TWSE,3231,緯創,102.50,103.50,100.00,103.00,0.50,49946451,5101982098,24673
2023-09-25,TWSE,3257,虹冠電,71.60,74.50,71.40,73.40,2.00,1003620,73890535,846
2023-09-25,TWSE,3266,昇陽,13.50,13.50,13.45,13.50,0.00,20010,269685,17
2023-09-25,TWSE,3296,勝德,15.70,15.85,15.65,15.80,0.20,312629,4917739,260
2023-09-25,TWSE,3305,昇貿,60.10,61.90,60.10,61.50,1.40,520630,31888574,440
2023-09-25,TWSE,3308,聯德,52.00,54.30,51.10,54.10,2.00,1778423,94524789,1322
2023-09-25,TWSE,3311,閎暉,42.15,43.60,42.15,42.70,0.65,845393,36410867,733
2023-09-25,TWSE,3312,弘憶股,18.70,18.90,18.70,18.85,0.15,94509,1782042,61
2023-09-25,TWSE,3321,同泰,14.80,15.45,14.80,15.35,0.60,103853,1560978,138
2023-09-25,TWSE,3338,泰碩,64.00,64.30,63.10,63.10,-1.50,2322952,147577943,2091
2023-09-25,TWSE,3346,麗清,47.30,49.25,47.30,49.00,1.60,1654678,80395080,1529
2023-09-25,TWSE,3356,奇偶,46.20,47.60,46.20,47.15,0.95,535106,25193289,427
2023-09-25,TWSE,3376,新日興,81.10,81.80,81.10,81.50,0.80,228718,18641484,194
2023-09-25,TWSE,3380,明泰,39.05,39.65,38.95,39.50,0.55,2048880,80789532,1463
2023-09-25,TWSE,3406,玉晶光,373.00,384.00,373.00,382.00,8.00,1697698,645389414,1606
2023-09-25,TWSE,3413,京鼎,184.50,188.00,183.50,188.00,3.00,251488,47028013,285
2023-09-25,TWSE,3416,融程電,113.50,115.00,113.50,114.50,0.00,94619,10807718,148
2023-09-25,TWSE,3419,譁裕,19.20,19.35,19.00,19.15,-0.05,320172,6149350,193
2023-09-25,TWSE,3432,台端,11.90,11.90,11.50,11.60,0.05,33522,390100,28
2023-09-25,TWSE,3437,榮創,17.70,17.90,17.70,17.80,0.15,56903,1013602,89
2023-09-25,TWSE,3443,創意,1395.00,1425.00,1385.00,1410.00,20.00,2253393,3166235215,3113
2023-09-25,TWSE,3447,展達,40.75,41.55,40.75,41.20,0.00,43645,1800822,48
2023-09-25,TWSE,3450,聯鈞,58.00,60.80,57.50,59.40,0.90,34448089,2033213765,19106
2023-09-25,TWSE,3454,晶睿,157.50,159.00,156.50,156.50,0.50,288119,45468988,363
2023-09-25,TWSE,3481,群創,13.60,13.65,13.50,13.60,0.00,12687742,172273413,4509
2023-09-25,TWSE,3494,誠研,6.79,6.98,6.78,6.92,0.13,26121,179499,23
2023-09-25,TWSE,3501,維熹,50.20,50.30,50.10,50.20,0.00,77454,3888610,49
2023-09-25,TWSE,3504,揚明光,63.10,63.80,63.00,63.70,0.60,154531,9794076,148
2023-09-25,TWSE,3515,華擎,212.50,216.00,206.00,208.00,-3.50,1366012,286775082,1956
2023-09-25,TWSE,3518,柏騰,34.05,34.20,33.85,34.10,0.15,124232,4228579,95
2023-09-25,TWSE,3528,安馳,50.70,51.00,50.50,51.00,0.20,43615,2211757,49
2023-09-25,TWSE,3530,晶相光,74.30,77.00,74.30,75.90,1.70,59483,4525832,67
2023-09-25,TWSE,3532,台勝科,143.50,145.00,143.50,144.50,1.00,270225,39001853,286
2023-09-25,TWSE,3533,嘉澤,825.00,837.00,824.00,835.00,10.00,500549,416277351,846
2023-09-25,TWSE,3535,晶彩科,18.75,18.75,18.55,18.60,-0.10,67321,1253423,63
2023-09-25,TWSE,3543,州巧,20.35,20.85,20.35,20.55,0.00,21007,433847,20
2023-09-25,TWSE,3545,敦泰,78.30,79.30,78.00,78.00,-0.70,1524313,119683589,1735
2023-09-25,TWSE,3550,聯穎,15.50,15.50,15.20,15.30,0.00,38081,581948,33
2023-09-25,TWSE,3557,嘉威,54.00,54.00,53.40,53.60,-0.40,30368,1632500,46
2023-09-25,TWSE,3563,牧德,202.00,205.50,202.00,205.50,1.50,45484,9299069,67
2023-09-25,TWSE,3576,聯合再生,14.65,15.00,14.65,14.85,0.20,2221178,32983178,1138
2023-09-25,TWSE,3583,辛耘,199.00,205.50,197.50,198.00,4.00,6267193,1259460357,5367
2023-09-25,TWSE,3588,通嘉,64.40,65.40,63.20,63.80,0.00,721071,46481597,618
2023-09-25,TWSE,3591,艾笛森,22.40,22.75,22.30,22.40,-0.05,293289,6590092,212
2023-09-25,TWSE,3592,瑞鼎,368.00,371.00,360.00,369.00,1.00,432496,158694620,613
2023-09-25,TWSE,3593,力銘,11.80,11.80,11.80,11.80,-0.20,2739,31659,15
2023-09-25,TWSE,3596,智易,165.00,167.50,163.50,165.50,1.00,3358427,555148968,6996
2023-09-25,TWSE,3605,宏致,28.90,29.05,28.60,28.90,0.00,112679,3252820,122
2023-09-25,TWSE,3607,谷崧,14.80,15.00,14.75,15.00,0.20,156415,2330264,100
2023-09-25,TWSE,3617,碩天,266.50,285.00,266.00,281.00,15.00,4001880,1111420940,4459
2023-09-25,TWSE,3622,洋華,39.05,39.60,38.25,38.30,-0.75,947179,36455033,817
2023-09-25,TWSE,3645,達邁,42.40,43.40,42.35,42.65,0.75,197799,8445768,148
2023-09-25,TWSE,3652,精聯,27.40,28.20,27.40,27.70,0.30,58102,1609805,44
2023-09-25,TWSE,3653,健策,605.00,616.00,597.00,600.00,-1.00,666042,404044233,896
2023-09-25,TWSE,3661,世芯-KY,2500.00,2630.00,2490.00,2625.00,125.00,2418032,6236353995,4045
2023-09-25,TWSE,3665,貿聯-KY,273.00,275.50,271.50,274.00,0.50,820133,224326490,1506
2023-09-25,TWSE,3669,圓展,42.25,42.25,41.85,42.00,0.15,77410,3248666,76
2023-09-25,TWSE,3673,TPK-KY,33.85,34.20,33.80,34.20,0.50,597139,20315271,440
2023-09-25,TWSE,3679,新至陞,94.20,94.20,93.70,93.90,0.00,7550,709650,45
2023-09-25,TWSE,3682,亞太電,6.37,6.45,6.37,6.45,0.08,946333,6079281,542
2023-09-25,TWSE,3686,達能,13.25,13.40,13.25,13.25,0.00,55303,735746,65
2023-09-25,TWSE,3694,海華,36.80,37.00,36.05,36.05,-0.75,1316457,48017212,1148
2023-09-25,TWSE,3701,大眾控,59.00,60.10,58.70,59.70,1.10,494477,29444510,360
2023-09-25,TWSE,3702,大聯大,59.50,60.00,59.20,60.00,0.50,4389205,262162242,2970
2023-09-25,TWSE,3702A,大聯大甲特,46.05,46.05,46.00,46.00,-0.05,82417,3795194,44
2023-09-25,TWSE,3703,欣陸,27.00,27.00,26.85,26.90,0.00,325590,8765067,265
2023-09-25,TWSE,3704,合勤控,50.40,51.60,50.30,50.70,0.30,3039635,155005225,2506
2023-09-25,TWSE,3705,永信,43.80,44.05,43.65,43.95,0.15,140819,6185487,138
2023-09-25,TWSE,3706,神達,41.45,41.50,40.05,40.10,-0.70,25331398,1026399663,14139
2023-09-25,TWSE,3708,上緯投控,90.50,90.80,89.50,89.90,-0.60,362102,32631363,389
2023-09-25,TWSE,3711,日月光投控,112.50,114.00,111.50,112.50,0.50,9411882,1060021715,5407
2023-09-25,TWSE,3712,永崴投控,33.00,34.00,33.00,33.75,0.65,352821,11916886,282
2023-09-25,TWSE,3714,富采,45.20,45.25,44.90,44.90,-0.10,634990,28622445,559
2023-09-25,TWSE,3715,定穎投控,69.00,74.00,68.20,74.00,6.70,80619998,5757158769,45060
2023-09-25,TWSE,4104,佳醫,88.70,89.70,88.70,89.30,0.60,147850,13211661,236
2023-09-25,TWSE,4106,雃博,27.95,28.25,27.95,28.00,-0.05,129102,3620717,134
2023-09-25,TWSE,4108,懷特,20.05,20.10,19.85,19.90,-0.15,180321,3599520,221
2023-09-25,TWSE,4119,旭富,96.80,96.90,95.20,95.60,-1.20,146656,14070421,281
2023-09-25,TWSE,4133,亞諾法,32.00,32.00,31.40,31.45,-0.50,112428,3563172,388
2023-09-25,TWSE,4137,麗豐-KY,188.00,192.50,188.00,192.00,4.00,68112,13000059,85
2023-09-25,TWSE,4142,國光生,34.05,34.40,34.05,34.30,0.30,483449,16563190,279
2023-09-25,TWSE,4148,全宇生技-KY,46.30,46.50,45.50,45.75,-0.15,37050,1704800,31
2023-09-25,TWSE,4155,訊映,28.20,28.20,27.85,27.90,-0.25,567233,15863506,476
2023-09-25,TWSE,4164,承業醫,60.60,61.40,60.10,60.50,0.00,724428,43887523,457
2023-09-25,TWSE,4190,佐登-KY,66.00,68.00,66.00,67.10,1.00,34786,2337404,45
2023-09-25,TWSE,4306,炎洲,15.75,15.75,15.60,15.60,0.00,630671,9869815,262
2023-09-25,TWSE,4414,如興,3.90,3.93,3.85,3.85,-0.04,440023,1708598,117
2023-09-25,TWSE,4426,利勤,20.60,21.30,20.55,21.05,0.45,318493,6661807,173
2023-09-25,TWSE,4438,廣越,112.50,113.50,112.50,113.50,1.50,15288,1727707,23
2023-09-25,TWSE,4439,冠星-KY,121.00,123.00,121.00,121.50,0.50,22030,2682130,20
2023-09-25,TWSE,4440,宜新實業,27.10,27.50,27.10,27.50,0.25,49151,1341248,29
2023-09-25,TWSE,4526,東台,17.20,17.40,17.20,17.20,0.10,124591,2153959,144
2023-09-25,TWSE,4532,瑞智,19.10,19.20,19.00,19.15,0.15,613839,11732372,311
2023-09-25,TWSE,4536,拓凱,166.50,168.00,166.50,167.00,0.50,62144,10398353,100
2023-09-25,TWSE,4540,全球傳動,32.70,32.70,32.20,32.70,0.00,34135,1108208,39
2023-09-25,TWSE,4545,銘鈺,29.85,29.85,29.45,29.80,-0.20,24031,713489,30
2023-09-25,TWSE,4551,智伸科,137.00,141.00,137.00,138.00,0.00,41299,5721268,42
2023-09-25,TWSE,4552,力達-KY,33.50,34.30,33.50,33.90,0.55,206068,6998438,141
2023-09-25,TWSE,4555,氣立,53.00,53.30,52.50,52.90,-0.10,24018,1268554,21
2023-09-25,TWSE,4557,永新-KY,113.50,113.50,111.50,112.00,0.00,67187,7548137,69
2023-09-25,TWSE,4560,強信-KY,35.40,35.55,35.20,35.40,0.10,62003,2187007,26
2023-09-25,TWSE,4562,穎漢,15.30,15.30,15.25,15.30,-0.05,14046,214712,16
2023-09-25,TWSE,4564,元翎,26.00,26.45,25.80,26.20,0.20,1194727,31222864,805
2023-09-25,TWSE,4566,時碩工業,55.00,57.00,54.60,57.00,5.10,3605471,204313168,1922
2023-09-25,TWSE,4569,六方科-KY,101.50,102.00,100.00,101.50,-3.00,56245,5692406,101
2023-09-25,TWSE,4571,鈞興-KY,71.60,72.00,71.40,72.00,0.90,24316,1745658,46
2023-09-25,TWSE,4572,駐龍,160.00,166.50,158.50,164.50,5.50,487204,79685093,552
2023-09-25,TWSE,4576,大銀微系統,66.00,66.50,66.00,66.20,0.20,12675,840292,25
2023-09-25,TWSE,4581,光隆精密-KY,69.10,72.50,68.50,71.20,1.80,502674,35689252,312
2023-09-25,TWSE,4583,台灣精銳,208.00,209.00,208.00,209.00,0.00,18101,3782277,27
2023-09-25,TWSE,4720,德淵,14.35,14.50,14.30,14.40,0.15,162432,2341625,86
2023-09-25,TWSE,4722,國精化,34.65,34.70,34.40,34.45,-0.15,63933,2209453,44
2023-09-25,TWSE,4737,華廣,74.20,74.20,73.90,74.10,0.20,5097,377477,19
2023-09-25,TWSE,4739,康普,80.20,82.50,79.10,82.00,1.10,1997739,161847725,2072
2023-09-25,TWSE,4746,台耀,85.90,88.20,85.50,87.40,1.50,1100850,96085136,914
2023-09-25,TWSE,4755,三福化,136.00,137.00,135.50,136.50,0.50,89384,12191167,478
2023-09-25,TWSE,4763,材料*-KY,1110.00,1170.00,1095.00,1160.00,70.00,4396101,4999750730,5467
2023-09-25,TWSE,4764,雙鍵,43.70,43.70,43.20,43.65,-0.35,14521,630598,15
2023-09-25,TWSE,4766,南寶,208.50,213.00,208.50,212.00,4.00,113067,23862234,144
2023-09-25,TWSE,4770,上品,289.00,292.00,289.00,292.00,2.50,30623,8910929,59
2023-09-25,TWSE,4807,日成-KY,16.95,16.95,16.95,16.95,0.00,3128,53044,8
2023-09-25,TWSE,4904,遠傳,72.50,73.00,72.40,72.90,0.80,1498557,109047483,1298
2023-09-25,TWSE,4906,正文,35.95,37.80,35.85,37.60,1.55,11500366,428924007,5763
2023-09-25,TWSE,4912,聯德控股-KY,86.40,86.60,85.70,85.80,-1.40,68145,5867957,71
2023-09-25,TWSE,4915,致伸,70.50,71.90,70.50,71.70,1.40,3229224,230874642,2843
2023-09-25,TWSE,4916,事欣科,37.30,38.20,37.30,37.85,0.55,534501,20219440,434
2023-09-25,TWSE,4919,新唐,128.00,129.50,126.00,126.50,-1.50,2956335,376674214,1854
2023-09-25,TWSE,4927,泰鼎-KY,56.80,57.90,56.80,57.30,0.50,187868,10758958,141
2023-09-25,TWSE,4930,燦星網,27.05,27.10,26.85,26.85,-0.05,37133,1000591,128
2023-09-25,TWSE,4934,太極,32.05,32.20,31.80,32.00,0.00,501765,16075715,502
2023-09-25,TWSE,4935,茂林-KY,51.70,51.90,51.20,51.50,0.10,89090,4584943,61
2023-09-25,TWSE,4938,和碩,76.60,76.80,76.20,76.70,-0.30,3253976,249121272,2572
2023-09-25,TWSE,4942,嘉彰,42.40,43.35,42.40,43.00,0.70,257549,11043710,156
2023-09-25,TWSE,4943,康控-KY,15.30,15.30,15.30,15.30,0.00,1284,19643,7
2023-09-25,TWSE,4952,凌通,51.20,51.60,50.90,50.90,-0.30,64464,3306237,84
2023-09-25,TWSE,4956,光鋐,14.65,14.80,14.60,14.65,0.00,87155,1283489,63
2023-09-25,TWSE,4958,臻鼎-KY,98.80,99.50,98.40,99.50,0.50,1266022,125648335,820
2023-09-25,TWSE,4960,誠美材,11.85,12.35,11.75,12.05,0.30,3842226,46259010,960
2023-09-25,TWSE,4961,天鈺,257.50,257.50,249.00,257.00,3.50,2423321,615888981,5686
2023-09-25,TWSE,4967,十銓,69.00,69.50,66.80,66.80,-1.70,2314580,157012011,1781
2023-09-25,TWSE,4968,立積,145.50,149.50,145.50,148.00,2.50,574887,84878985,695
2023-09-25,TWSE,4976,佳凌,40.00,41.40,40.00,40.40,0.35,165545,6699410,134
2023-09-25,TWSE,4977,眾達-KY,84.90,86.90,83.90,85.50,0.30,3102501,264612792,2286
2023-09-25,TWSE,4989,榮科,25.65,26.10,25.65,26.00,0.50,78019,2025553,53
2023-09-25,TWSE,4994,傳奇,39.75,41.95,39.45,40.70,1.05,269959,10783474,239
2023-09-25,TWSE,4999,鑫禾,35.15,35.20,35.10,35.10,0.00,19829,697310,46
2023-09-25,TWSE,5007,三星,55.90,56.20,55.90,56.00,0.10,15703,882680,16
2023-09-25,TWSE,5203,訊連,87.90,88.50,87.40,88.10,0.30,120409,10600678,257
2023-09-25,TWSE,5215,科嘉-KY,57.20,58.00,56.30,56.30,-0.90,330066,18834184,288
2023-09-25,TWSE,5222,全訊,158.00,161.00,157.50,159.50,2.50,415455,66268340,537
2023-09-25,TWSE,5225,東科-KY,54.80,55.40,54.20,55.20,0.60,698010,38222098,616
2023-09-25,TWSE,5234,達興材料,104.00,106.00,103.00,104.00,1.00,498938,52148654,374
2023-09-25,TWSE,5243,乙盛-KY,64.60,65.40,64.50,65.00,0.60,305989,19879611,269
2023-09-25,TWSE,5244,弘凱,31.60,31.90,31.60,31.85,0.25,23009,731382,20
2023-09-25,TWSE,5258,虹堡,119.00,126.50,118.50,123.50,5.00,10513217,1298219187,6646
2023-09-25,TWSE,5269,祥碩,1180.00,1215.00,1155.00,1200.00,15.00,1433471,1707742410,1862
2023-09-25,TWSE,5283,禾聯碩,109.50,110.00,109.00,110.00,1.00,55609,6085270,49
2023-09-25,TWSE,5284,jpp-KY,131.00,133.00,129.50,131.50,1.00,791583,103900302,534
2023-09-25,TWSE,5285,界霖,80.40,83.00,80.40,80.60,0.20,141555,11486724,142
2023-09-25,TWSE,5288,豐祥-KY,173.50,174.50,172.00,173.00,1.50,25637,4427326,25
2023-09-25,TWSE,5306,桂盟,135.50,136.00,135.00,135.50,1.00,128870,17466189,324
2023-09-25,TWSE,5388,中磊,128.50,131.00,128.50,130.00,1.50,2768557,359189025,1850
2023-09-25,TWSE,5434,崇越,168.50,171.50,168.50,169.50,1.00,255830,43444400,408
2023-09-25,TWSE,5469,瀚宇博,58.50,60.50,58.40,60.40,1.90,3700418,221638155,2780
2023-09-25,TWSE,5471,松翰,45.00,45.00,44.80,44.80,-0.15,68741,3086124,101
2023-09-25,TWSE,5484,慧友,21.50,21.65,21.30,21.30,-0.20,42107,903937,35
2023-09-25,TWSE,5515,建國,13.90,13.90,13.80,13.90,-0.05,293101,4055274,152
2023-09-25,TWSE,5519,隆大,22.90,23.00,22.80,22.90,0.00,112682,2581534,100
2023-09-25,TWSE,5521,工信,7.67,7.78,7.66,7.74,0.08,1377708,10670943,498
2023-09-25,TWSE,5522,遠雄,57.00,57.90,56.70,57.70,1.10,445613,25626961,330
2023-09-25,TWSE,5525,順天,25.00,25.05,24.85,25.00,-0.10,34358,857331,41
2023-09-25,TWSE,5531,鄉林,9.61,9.70,9.59,9.62,0.02,203588,1959816,99
2023-09-25,TWSE,5533,皇鼎,19.35,19.65,19.25,19.60,0.35,286071,5587274,148
2023-09-25,TWSE,5534,長虹,73.30,73.70,73.20,73.40,0.20,233562,17153697,247
2023-09-25,TWSE,5538,東明-KY,33.00,33.50,32.85,32.85,-0.15,8001,265385,7
2023-09-25,TWSE,5546,永固-KY,29.50,29.50,29.20,29.40,0.05,9010,264843,9
2023-09-25,TWSE,5607,遠雄港,50.30,50.90,50.10,50.40,0.00,472105,23839121,490
2023-09-25,TWSE,5608,四維航,19.90,19.95,19.75,19.85,-0.05,1082857,21469620,694
2023-09-25,TWSE,5706,鳳凰,65.90,66.90,65.50,66.40,0.70,385424,25555116,404
2023-09-25,TWSE,5871,中租-KY,178.50,183.00,178.00,181.50,4.00,2715500,493093122,2558
2023-09-25,TWSE,5871A,中租-KY甲特,97.00,97.10,96.90,97.00,0.00,91281,8851338,40
2023-09-25,TWSE,5876,上海商銀,43.00,43.00,42.75,42.95,-0.05,1442011,61835904,1027
2023-09-25,TWSE,5880,合庫金,25.80,25.90,25.70,25.85,0.15,6366117,164386692,3792
2023-09-25,TWSE,5906,台南-KY,79.20,79.20,76.70,78.00,0.50,22514,1754083,22
2023-09-25,TWSE,5907,大洋-KY,12.85,12.85,12.65,12.75,0.05,62050,788450,43
2023-09-25,TWSE,6005,群益證,14.65,14.85,14.65,14.75,0.10,920778,13599941,571
2023-09-25,TWSE,6024,群益期,44.35,44.55,44.30,44.45,0.15,116502,5170787,78
2023-09-25,TWSE,6108,競國,19.10,20.65,19.10,20.65,1.60,3582922,72505056,1823
2023-09-25,TWSE,6112,邁達特,61.30,62.20,61.20,61.90,0.70,358777,22104387,594
2023-09-25,TWSE,6115,鎰勝,45.00,45.00,44.85,44.90,-0.10,68865,3094790,89
2023-09-25,TWSE,6116,彩晶,11.95,12.00,11.85,12.00,0.10,2853810,34025287,1030
2023-09-25,TWSE,6117,迎廣,31.25,33.60,30.80,33.00,1.90,2518755,81880571,1812
2023-09-25,TWSE,6120,達運,16.00,16.30,15.80,16.05,0.05,5925556,95028462,2260
2023-09-25,TWSE,6128,上福,33.05,33.20,33.00,33.15,0.10,31404,1039129,21
2023-09-25,TWSE,6133,金橋,14.30,14.45,14.25,14.40,-0.05,103253,1479527,76
2023-09-25,TWSE,6136,富爾特,18.70,18.80,18.70,18.80,0.00,21032,394341,40
2023-09-25,TWSE,6139,亞翔,92.20,101.50,91.50,101.50,9.20,13119295,1293597747,8857
2023-09-25,TWSE,6141,柏承,16.95,17.05,16.95,17.05,0.05,52853,900601,23
2023-09-25,TWSE,6142,友勁,10.40,10.50,10.35,10.40,0.00,194043,2021952,119
2023-09-25,TWSE,6152,百一,10.15,10.15,9.99,10.00,0.00,110360,1106158,66
2023-09-25,TWSE,6153,嘉聯益,23.00,23.05,22.55,22.55,-0.35,1760307,40034317,1018
2023-09-25,TWSE,6155,鈞寶,27.80,28.75,27.10,28.00,1.45,2983209,83809007,1977
2023-09-25,TWSE,6164,華興,11.20,11.25,11.20,11.20,0.00,69741,782297,157
2023-09-25,TWSE,6165,浪凡,34.05,34.60,34.05,34.30,0.10,129053,4427815,119
2023-09-25,TWSE,6166,凌華,62.00,62.30,61.80,61.80,-0.20,87547,5422129,92
2023-09-25,TWSE,6168,宏齊,23.45,23.60,23.00,23.00,-0.65,1992969,46333005,1317
2023-09-25,TWSE,6176,瑞儀,126.50,127.50,125.00,126.00,-1.00,2638669,332023267,2021
2023-09-25,TWSE,6177,達麗,31.25,31.40,31.20,31.30,-0.05,139236,4360938,170
2023-09-25,TWSE,6183,關貿,67.50,67.50,67.40,67.40,-0.10,18535,1249937,51
2023-09-25,TWSE,6184,大豐電,50.20,50.20,50.10,50.20,0.00,37129,1861326,27
2023-09-25,TWSE,6189,豐藝,47.50,48.45,47.50,48.00,0.80,494136,23721702,411
2023-09-25,TWSE,6191,精成科,59.90,62.60,59.80,62.20,2.60,6192437,381521651,4553
2023-09-25,TWSE,6192,巨路,83.80,84.50,83.40,84.00,0.20,76760,6448523,89
2023-09-25,TWSE,6196,帆宣,136.50,137.50,136.00,136.00,0.00,182492,24923831,222
2023-09-25,TWSE,6197,佳必琪,71.80,74.70,71.70,74.50,3.10,4221632,311223697,3529
2023-09-25,TWSE,6201,亞弘電,48.25,48.65,48.20,48.55,0.15,11466,555497,27
2023-09-25,TWSE,6202,盛群,63.90,63.90,63.20,63.20,-0.30,636400,40180785,495
2023-09-25,TWSE,6205,詮欣,69.90,71.30,69.80,70.30,0.90,651737,45859972,491
2023-09-25,TWSE,6206,飛捷,65.80,67.50,65.80,66.90,1.10,268953,18029197,269
2023-09-25,TWSE,6209,今國光,27.70,28.00,27.70,27.95,0.50,151488,4219439,123
2023-09-25,TWSE,6213,聯茂,85.90,89.60,85.50,89.10,3.00,8096846,714628509,5427
2023-09-25,TWSE,6214,精誠,104.50,105.50,104.00,105.00,1.00,481773,50505298,326
2023-09-25,TWSE,6215,和椿,24.20,24.45,24.20,24.25,0.05,45171,1098085,73
2023-09-25,TWSE,6216,居易,28.85,28.90,28.70,28.75,0.00,306770,8832100,195
2023-09-25,TWSE,6224,聚鼎,55.40,55.50,55.30,55.50,0.20,59457,3295682,116
2023-09-25,TWSE,6225,天瀚,9.45,9.45,9.45,9.45,-0.54,2099,20439,4
2023-09-25,TWSE,6226,光鼎,10.10,10.10,9.91,10.10,0.19,176502,1762032,109
2023-09-25,TWSE,6230,尼得科超眾,146.00,149.00,146.00,147.00,1.00,31017,4569016,32
2023-09-25,TWSE,6235,華孚,131.00,139.00,131.00,136.50,5.50,8466803,1146803341,6003
2023-09-25,TWSE,6239,力成,103.50,105.00,103.00,104.00,1.50,2012098,209521320,1556
2023-09-25,TWSE,6243,迅杰,46.30,46.95,46.30,46.55,0.25,185140,8638220,229
2023-09-25,TWSE,6257,矽格,57.50,58.50,57.50,58.30,0.80,1637015,95292355,1375
2023-09-25,TWSE,6269,台郡,88.60,89.00,88.30,88.90,1.20,408528,35700360,357
2023-09-25,TWSE,6271,同欣電,143.50,151.50,143.50,146.00,2.50,11921125,1757457916,10407
2023-09-25,TWSE,6277,宏正,81.00,81.20,80.70,80.70,0.00,48156,3895599,67
2023-09-25,TWSE,6278,台表科,92.20,92.40,91.60,92.00,0.30,643831,59142009,548
2023-09-25,TWSE,6281,全國電,84.40,84.50,84.40,84.50,0.10,2694,228121,23
2023-09-25,TWSE,6282,康舒,43.55,43.85,43.15,43.45,-0.05,5758576,250635394,3550
2023-09-25,TWSE,6283,淳安,31.05,31.20,30.80,30.90,0.20,93616,2902271,123
2023-09-25,TWSE,6285,啟碁,138.00,143.00,137.00,141.00,2.00,7637535,1078696229,6646
2023-09-25,TWSE,6288,聯嘉,30.10,31.40,30.10,31.00,1.55,4840485,149202243,2834
2023-09-25,TWSE,6405,悅城,26.85,28.35,26.85,28.35,2.55,2225370,62887610,890
2023-09-25,TWSE,6409,旭隼,1550.00,1565.00,1530.00,1535.00,-20.00,118093,181788460,208
2023-09-25,TWSE,6412,群電,111.50,115.50,110.00,114.50,4.00,674329,76637863,612
2023-09-25,TWSE,6414,樺漢,264.00,265.50,262.00,265.00,1.00,1030573,272302773,972
2023-09-25,TWSE,6415,矽力*-KY,315.00,332.00,315.00,323.00,10.00,2677998,871374264,2462
2023-09-25,TWSE,6416,瑞祺電通,81.90,83.80,81.90,83.30,1.50,223481,18600069,200
2023-09-25,TWSE,6426,統新,74.30,75.00,73.70,74.50,0.40,234632,17455851,216
2023-09-25,TWSE,6431,光麗-KY,17.60,18.45,17.60,18.45,0.40,3122,56528,22
2023-09-25,TWSE,6438,迅得,100.50,102.00,100.50,101.00,1.00,155550,15761843,214
2023-09-25,TWSE,6442,光聖,74.90,78.10,70.90,72.80,0.70,6787469,509149370,4771
2023-09-25,TWSE,6443,元晶,28.35,28.70,28.30,28.35,-0.05,1752906,49958400,1203
2023-09-25,TWSE,6449,鈺邦,73.20,75.50,72.50,74.80,2.30,755977,56215019,570
2023-09-25,TWSE,6451,訊芯-KY,144.50,146.50,138.00,138.50,-6.00,8138044,1154000164,5748
2023-09-25,TWSE,6456,GIS-KY,60.90,61.70,60.60,60.70,0.00,981333,59807522,802
2023-09-25,TWSE,6464,台數科,89.60,89.60,88.20,88.70,-0.30,16620,1472205,29
2023-09-25,TWSE,6477,安集,40.60,40.80,40.30,40.30,0.00,206730,8366045,225
2023-09-25,TWSE,6491,晶碩,377.00,389.00,372.00,387.50,19.50,1922682,736971750,2563
2023-09-25,TWSE,6504,南六,73.60,74.40,73.60,74.00,0.40,24267,1795250,30
2023-09-25,TWSE,6505,台塑化,79.80,80.70,79.80,80.50,0.20,873534,70145577,778
2023-09-25,TWSE,6515,穎崴,696.00,696.00,664.00,666.00,-10.00,856344,579769201,1323
2023-09-25,TWSE,6525,捷敏-KY,68.20,68.20,67.60,67.70,0.10,57488,3908857,91
2023-09-25,TWSE,6531,愛普*,387.50,401.00,382.00,395.50,9.50,14856993,5842049678,13079
2023-09-25,TWSE,6533,晶心科,397.50,397.50,391.50,391.50,-4.00,775898,305280652,1491
2023-09-25,TWSE,6541,泰福-KY,62.30,65.50,62.30,64.30,1.90,251739,16185605,271
2023-09-25,TWSE,6550,北極星藥業-KY,82.60,83.30,81.90,81.90,-0.70,945548,77933356,718
2023-09-25,TWSE,6552,易華電,38.55,38.55,37.60,37.70,0.15,62211,2363975,71
2023-09-25,TWSE,6558,興能高,22.85,22.90,22.55,22.80,-0.05,26129,596750,31
2023-09-25,TWSE,6573,虹揚-KY,14.65,14.70,14.65,14.65,0.00,14028,205553,14
2023-09-25,TWSE,6579,研揚,147.00,151.00,147.00,150.00,3.00,238103,35531831,265
2023-09-25,TWSE,6581,鋼聯,89.00,89.00,88.70,88.80,-0.20,13320,1183816,19
2023-09-25,TWSE,6582,申豐,50.40,50.40,50.20,50.40,-0.10,9768,491693,22
2023-09-25,TWSE,6585,鼎基,112.50,118.00,111.50,113.50,2.50,1322113,151629353,996
2023-09-25,TWSE,6591,動力-KY,51.60,52.20,51.60,52.20,0.70,61356,3184442,69
2023-09-25,TWSE,6592,和潤企業,132.00,132.00,131.00,131.50,-0.50,211874,27910434,367
2023-09-25,TWSE,6592A,和潤企業甲特,95.20,95.20,95.00,95.00,0.00,15577,1480272,9
2023-09-25,TWSE,6592B,和潤企業乙特,93.70,93.70,93.40,93.40,-0.30,23578,2204854,38
2023-09-25,TWSE,6598,ABC-KY,23.95,24.20,23.90,24.20,0.25,36167,868101,59
2023-09-25,TWSE,6605,帝寶,128.50,136.00,128.50,135.00,5.50,2865486,383585139,2308
2023-09-25,TWSE,6606,建德工業,24.15,24.20,24.10,24.15,-0.05,24753,597396,24
2023-09-25,TWSE,6625,必應,95.10,97.10,94.90,95.20,0.80,422637,40499933,475
2023-09-25,TWSE,6641,基士德-KY,44.00,44.00,43.90,43.90,0.00,2060,90553,6
2023-09-25,TWSE,6655,科定,122.50,123.00,122.50,123.00,1.00,6000,737500,2
2023-09-25,TWSE,6657,華安,60.30,61.00,60.00,60.40,0.00,105181,6337584,101
2023-09-25,TWSE,6666,羅麗芬-KY,71.10,71.10,69.40,69.40,-0.40,14093,988974,17
2023-09-25,TWSE,6668,中揚光,38.20,38.20,37.00,37.35,0.80,232066,8724373,165
2023-09-25,TWSE,6669,緯穎,1445.00,1460.00,1420.00,1450.00,10.00,1595304,2301675445,2543
2023-09-25,TWSE,6670,復盛應用,210.00,217.00,204.00,206.50,5.50,1252472,261438780,3233
2023-09-25,TWSE,6671,三能-KY,39.80,39.80,39.65,39.65,-0.35,9012,357930,9
2023-09-25,TWSE,6672,騰輝電子-KY,95.60,98.30,95.50,97.50,2.10,715607,69535727,605
2023-09-25,TWSE,6674,鋐寶科技,27.75,27.75,27.75,27.75,0.65,1000,27750,1
2023-09-25,TWSE,6689,伊雲谷,120.00,120.50,119.00,119.50,0.00,98407,11797250,145
2023-09-25,TWSE,6691,洋基工程,259.50,259.50,255.50,257.00,1.50,148774,38232968,287
2023-09-25,TWSE,6695,芯鼎,40.15,42.40,40.15,40.90,0.90,371008,15422485,333
2023-09-25,TWSE,6698,旭暉應材,31.00,31.00,30.35,30.55,0.15,29086,890378,48
2023-09-25,TWSE,6706,惠特,65.90,65.90,65.00,65.00,0.40,64673,4229844,86
2023-09-25,TWSE,6715,嘉基,158.50,161.50,157.00,158.00,-1.00,653904,104153830,528
2023-09-25,TWSE,6719,力智,241.00,247.50,241.00,244.50,4.00,622034,152448584,1023
2023-09-25,TWSE,6743,安普新,49.00,51.00,49.00,51.00,2.00,165002,8218285,128
2023-09-25,TWSE,6753,龍德造船,97.60,100.50,97.60,99.60,2.60,261036,25996225,309
2023-09-25,TWSE,6754,匯僑設計,48.45,48.50,48.45,48.50,0.05,23000,1114450,17
2023-09-25,TWSE,6756,威鋒電子,208.50,211.00,208.50,209.00,-1.00,89806,18823080,162
2023-09-25,TWSE,6757,台灣虎航,31.80,32.20,30.85,31.60,-0.70,1389800,43714600,557
2023-09-25,TWSE,6768,志強-KY,66.60,66.70,65.80,66.40,0.60,143140,9506666,109
2023-09-25,TWSE,6770,力積電,27.10,27.55,27.05,27.30,0.40,5680037,154602448,2910
2023-09-25,TWSE,6776,展碁國際,54.20,54.70,54.20,54.50,0.10,21488,1170097,30
2023-09-25,TWSE,6781,AES-KY,660.00,662.00,652.00,652.00,-3.00,91806,60237330,215
2023-09-25,TWSE,6782,視陽,176.00,186.00,176.00,186.00,16.50,1133931,209190393,1017
2023-09-25,TWSE,6789,采鈺,211.50,214.50,210.00,211.50,1.00,335624,71128985,364
2023-09-25,TWSE,6790,永豐實,38.55,38.75,38.50,38.70,0.15,58351,2254567,59
2023-09-25,TWSE,6792,詠業,102.50,102.50,100.00,100.00,-1.50,104282,10541737,210
2023-09-25,TWSE,6796,晉弘,107.00,111.00,107.00,109.00,2.50,119823,13070398,153
2023-09-25,TWSE,6799,來頡,158.00,159.50,154.50,156.00,1.00,826495,129766065,692
2023-09-25,TWSE,6806,森崴能源,96.70,99.60,95.50,99.50,4.20,1941838,191467442,1651
2023-09-25,TWSE,6807,峰源-KY,32.70,33.35,32.60,33.25,0.55,30015,987839,21
2023-09-25,TWSE,6830,汎銓,147.00,149.00,146.00,147.50,3.00,250100,36914146,308
2023-09-25,TWSE,6834,天二科技,26.00,26.00,25.80,25.80,-0.20,31000,802600,23
2023-09-25,TWSE,6835,圓裕,39.65,40.10,39.60,39.95,-0.05,27000,1075100,20
2023-09-25,TWSE,6854,錼創科技-KY創,103.50,104.00,103.00,103.50,-0.50,59025,6104650,36
2023-09-25,TWSE,6861,睿生光電,88.80,89.30,87.60,87.70,-1.10,110990,9831800,183
2023-09-25,TWSE,6863,永道-KY,142.50,145.00,139.00,139.50,-4.00,274242,38716858,401
2023-09-25,TWSE,6869,雲豹能源,85.30,85.30,84.10,84.70,0.40,59100,5019830,44
2023-09-25,TWSE,6873,泓德能源,112.00,112.00,109.00,109.00,-2.50,54150,5944850,37
2023-09-25,TWSE,6901,鑽石投資,44.80,44.85,43.60,43.75,-0.80,3027608,133242748,2417
2023-09-25,TWSE,6902,GOGOLOOK,163.00,163.00,162.00,162.00,0.00,9000,1460500,8
2023-09-25,TWSE,8011,台通,18.90,18.95,18.20,18.25,-0.50,1653139,30473608,1044
2023-09-25,TWSE,8016,矽創,285.00,285.50,281.00,282.50,-2.50,1194575,337898294,2754
2023-09-25,TWSE,8021,尖點,27.20,27.55,27.20,27.50,0.45,124336,3405910,98
2023-09-25,TWSE,8028,昇陽半導體,53.30,54.50,53.00,53.50,0.70,1164282,62487518,1013
2023-09-25,TWSE,8033,雷虎,59.30,61.40,58.90,60.70,1.10,1255646,75688662,1029
2023-09-25,TWSE,8039,台虹,42.75,43.10,42.75,43.00,0.30,131959,5670078,125
2023-09-25,TWSE,8046,南電,267.00,272.00,265.50,269.00,2.00,5808402,1561692637,4718
2023-09-25,TWSE,8070,長華*,31.95,31.95,31.70,31.70,-0.20,173642,5517477,150
2023-09-25,TWSE,8072,陞泰,27.35,27.35,26.95,27.00,0.20,17245,465816,31
2023-09-25,TWSE,8081,致新,267.00,270.00,263.00,268.50,2.50,646340,172898679,1966
2023-09-25,TWSE,8101,華冠,4.45,4.55,4.45,4.55,0.10,23803,106944,27
2023-09-25,TWSE,8103,瀚荃,39.75,40.45,39.75,40.45,0.70,177037,7132682,123
2023-09-25,TWSE,8104,錸寶,35.35,35.95,35.30,35.85,0.45,52607,1875587,52
2023-09-25,TWSE,8105,凌巨,13.15,13.25,13.15,13.20,0.05,294300,3878579,147
2023-09-25,TWSE,8110,華東,13.80,14.00,13.75,13.80,0.00,762359,10567154,380
2023-09-25,TWSE,8112,至上,54.90,55.80,54.30,55.30,0.90,11567268,637969757,8349
2023-09-25,TWSE,8112A,至上甲特,41.00,41.20,41.00,41.20,0.05,4480,184268,8
2023-09-25,TWSE,8114,振樺電,104.00,105.50,104.00,105.50,2.00,90015,9444174,90
2023-09-25,TWSE,8131,福懋科,39.10,39.20,38.85,38.85,-0.25,447926,17455652,351
2023-09-25,TWSE,8150,南茂,38.30,38.55,38.20,38.50,0.00,1043867,40047984,785
2023-09-25,TWSE,8163,達方,43.30,43.50,43.20,43.35,0.10,78175,3390079,98
2023-09-25,TWSE,8201,無敵,16.45,16.75,16.40,16.55,0.10,114618,1894206,87
2023-09-25,TWSE,8210,勤誠,216.00,219.50,211.00,217.50,4.00,7519605,1626525047,7880
2023-09-25,TWSE,8213,志超,44.45,45.10,44.40,45.00,0.55,538093,24173202,419
2023-09-25,TWSE,8215,明基材,35.10,35.55,35.10,35.20,0.30,688067,24322605,646
2023-09-25,TWSE,8222,寶一,47.55,48.80,47.00,48.00,0.25,2016496,96756776,1609
2023-09-25,TWSE,8249,菱光,28.70,28.95,28.60,28.90,0.25,31034,893936,53
2023-09-25,TWSE,8261,富鼎,84.40,85.10,84.00,85.00,0.60,257155,21805945,240
2023-09-25,TWSE,8271,宇瞻,56.60,58.00,56.20,57.60,1.30,681244,39125331,652
2023-09-25,TWSE,8341,日友,117.00,117.50,116.50,116.50,-0.50,106085,12415730,251
2023-09-25,TWSE,8367,建新國際,40.35,40.40,40.30,40.40,0.05,17085,688959,18
2023-09-25,TWSE,8374,羅昇,29.20,29.20,29.20,29.20,0.00,5001,146029,5
2023-09-25,TWSE,8404,百和興業-KY,21.55,21.60,21.20,21.20,-0.25,70919,1510082,65
2023-09-25,TWSE,8411,福貞-KY,13.95,14.15,13.90,14.15,0.15,30890,435278,83
2023-09-25,TWSE,8422,可寧衛*,179.00,180.00,178.50,179.00,0.00,290949,52107734,554
2023-09-25,TWSE,8429,金麗-KY,10.05,10.20,10.00,10.05,-0.10,136042,1368110,182
2023-09-25,TWSE,8438,昶昕,26.40,26.40,26.40,26.40,0.00,1010,26664,2
2023-09-25,TWSE,8442,威宏-KY,82.50,84.20,82.50,83.70,1.00,67000,5587600,30
2023-09-25,TWSE,8443,阿瘦,11.75,11.85,11.55,11.60,-0.15,121850,1413511,281
2023-09-25,TWSE,8454,富邦媒,495.00,517.00,495.00,516.00,23.50,605461,308752818,1604
2023-09-25,TWSE,8462,柏文,132.00,133.50,131.50,132.50,0.50,41122,5433825,83
2023-09-25,TWSE,8463,潤泰材,23.80,23.95,23.80,23.95,0.40,17000,405150,13
2023-09-25,TWSE,8464,億豐,315.50,318.00,312.00,312.00,-4.50,448631,140462840,229
2023-09-25,TWSE,8466,美吉吉-KY,41.50,41.50,39.80,40.10,0.60,33002,1325033,26
2023-09-25,TWSE,8467,波力-KY,87.50,89.10,83.50,85.10,-3.20,806037,68865543,847
2023-09-25,TWSE,8473,山林水,27.30,27.30,27.25,27.25,0.05,9310,254113,14
2023-09-25,TWSE,8478,東哥遊艇,370.00,381.00,368.00,377.00,4.50,1063327,399665480,1263
2023-09-25,TWSE,8481,政伸,51.90,51.90,51.80,51.80,0.20,6000,311000,6
2023-09-25,TWSE,8482,商億-KY,66.20,66.20,66.10,66.10,-0.20,2017,133444,7
2023-09-25,TWSE,8488,吉源-KY,17.10,17.10,17.10,17.10,0.10,1003,17151,2
2023-09-25,TWSE,8499,鼎炫-KY,127.00,127.00,125.50,126.00,0.00,17191,2175230,52
2023-09-25,TWSE,8926,台汽電,41.60,41.75,41.40,41.45,0.10,772594,32120938,1029
2023-09-25,TWSE,8940,新天地,23.35,23.70,23.20,23.55,0.20,142093,3342238,110
2023-09-25,TWSE,8996,高力,268.00,284.00,268.00,282.50,12.50,4426366,1236597426,4163
2023-09-25,TWSE,9103,美德醫療-DR,6.34,6.49,6.25,6.31,0.01,3626725,23231155,724
2023-09-25,TWSE,910322,康師傅-DR,22.55,22.60,22.20,22.20,-0.30,162121,3620137,102
2023-09-25,TWSE,9105,泰金寶-DR,3.91,3.93,3.89,3.90,0.00,2316153,9044999,501
2023-09-25,TWSE,910861,神州-DR,5.34,5.36,5.32,5.34,0.00,1406000,7508090,28
2023-09-25,TWSE,9110,越南控-DR,7.87,7.90,7.76,7.78,-0.11,104542,815050,46
2023-09-25,TWSE,911608,明輝-DR,2.96,2.99,2.96,2.99,-0.01,24001,71102,10
2023-09-25,TWSE,911622,泰聚亨-DR,5.17,5.17,5.17,5.17,0.00,2000,10340,2
2023-09-25,TWSE,911868,同方友友-DR,1.14,1.14,1.13,1.13,0.00,172000,195310,49
2023-09-25,TWSE,912000,晨訊科-DR,2.34,2.53,2.32,2.50,0.20,2754101,6671279,357
2023-09-25,TWSE,9136,巨騰-DR,6.05,6.13,6.03,6.08,0.03,285000,1738310,71
2023-09-25,TWSE,9802,鈺齊-KY,122.00,123.50,121.00,122.50,1.00,321349,39381933,306
2023-09-25,TWSE,9902,台火,11.75,11.75,11.65,11.65,0.05,57770,673386,57
2023-09-25,TWSE,9904,寶成,29.40,29.85,29.10,29.75,0.85,10151910,300237896,4638
2023-09-25,TWSE,9905,大華,24.00,24.10,23.95,24.05,0.05,519510,11454881,74
2023-09-25,TWSE,9906,欣巴巴,50.40,50.40,50.00,50.00,0.00,19532,978524,24
2023-09-25,TWSE,9907,統一實,16.55,16.65,16.50,16.55,0.00,755170,12508730,584
2023-09-25,TWSE,9908,大台北,32.90,32.95,32.85,32.90,0.10,28789,946707,37
2023-09-25,TWSE,9910,豐泰,191.00,196.50,190.50,194.00,3.00,1341113,260971815,1445
2023-09-25,TWSE,9911,櫻花,64.30,65.40,64.30,65.00,0.80,330869,21474125,411
2023-09-25,TWSE,9912,偉聯,10.00,10.05,9.95,10.05,0.07,73707,737496,62
2023-09-25,TWSE,9914,美利達,184.00,185.00,182.50,183.00,-1.00,237936,43697211,381
2023-09-25,TWSE,9917,中保科,105.00,108.00,105.00,108.00,3.00,652337,69812716,699
2023-09-25,TWSE,9918,欣天然,40.50,40.50,40.50,40.50,0.00,6464,262151,18
2023-09-25,TWSE,9919,康那香,19.30,19.80,19.30,19.75,0.40,8996396,176624305,1101
2023-09-25,TWSE,9921,巨大,183.00,184.50,181.00,183.00,0.50,1906343,349018803,881
2023-09-25,TWSE,9924,福興,42.75,42.85,42.75,42.80,0.05,82198,3517268,71
2023-09-25,TWSE,9925,新保,40.10,40.15,40.00,40.00,-0.10,311372,12470734,176
2023-09-25,TWSE,9926,新海,,,,,0.00,122,6547,4
2023-09-25,TWSE,9927,泰銘,58.80,59.70,58.80,59.40,0.80,2160966,128017672,1538
2023-09-25,TWSE,9928,中視,29.40,29.85,28.60,29.50,0.10,717230,20917325,596
2023-09-25,TWSE,9929,秋雨,15.25,16.25,15.00,16.15,0.90,504161,7766899,229
2023-09-25,TWSE,9930,中聯資源,59.00,59.60,58.50,59.10,-0.20,233304,13783056,477
2023-09-25,TWSE,9931,欣高,39.50,39.50,39.50,39.50,0.00,3005,118700,3
2023-09-25,TWSE,9933,中鼎,39.65,39.95,39.65,39.70,0.05,731025,29064384,688
2023-09-25,TWSE,9934,成霖,15.30,15.30,15.20,15.25,0.00,248579,3793144,170
2023-09-25,TWSE,9935,慶豐富,17.55,17.55,17.40,17.45,-0.10,254822,4442347,143
2023-09-25,TWSE,9937,全國,68.90,69.10,68.90,68.90,-0.20,9223,635724,11
2023-09-25,TWSE,9938,百和,53.20,55.30,53.20,54.90,1.70,1928857,104953147,1090
2023-09-25,TWSE,9939,宏全,105.50,106.00,104.50,106.00,0.50,480217,50608062,488
2023-09-25,TWSE,9940,信義,28.65,28.85,28.60,28.85,0.20,91499,2628656,99
2023-09-25,TWSE,9941,裕融,181.00,181.50,180.00,181.50,2.00,367599,66520142,840
2023-09-25,TWSE,9941A,裕融甲特,48.30,48.35,48.30,48.35,0.00,11165,539519,8
2023-09-25,TWSE,9942,茂順,134.00,135.00,133.50,134.50,1.00,161069,21624557,473
2023-09-25,TWSE,9943,好樂迪,87.60,89.20,87.50,88.80,1.50,259721,23002537,218
2023-09-25,TWSE,9944,新麗,19.65,19.65,19.50,19.55,0.05,192364,3761145,190
2023-09-25,TWSE,9945,潤泰新,37.70,37.75,36.70,36.70,0.00,6619508,245257978,5601
2023-09-25,TWSE,9946,三發地產,14.55,14.70,14.50,14.70,0.10,96516,1412416,54
2023-09-25,TWSE,9955,佳龍,22.05,22.05,21.80,21.85,0.00,74414,1628346,64
2023-09-25,TWSE,9958,世紀鋼,185.00,186.00,173.50,177.50,-3.50,8108999,1444293199,5749
2023-09-25,TPEx,006201,元大富櫃50,18.65,18.72,18.64,18.72,+0.15,34418,643508,19
2023-09-25,TPEx,00679B,元大美債20年,29.21,29.24,29.18,29.18,-0.02,39139928,1143104188,16072
2023-09-25,TPEx,00687B,國泰20年美債,30.50,30.53,30.42,30.42,+0.04,12656054,385597457,2932
2023-09-25,TPEx,00694B,富邦美債1-3,40.32,40.34,40.31,40.33,+0.04,164619,6639712,18
2023-09-25,TPEx,00695B,富邦美債7-10,34.51,34.51,34.48,34.50,+0.11,172101,5938893,15
2023-09-25,TPEx,00696B,富邦美債20年,30.97,30.98,30.87,30.87,+0.06,9643946,298272867,484
2023-09-25,TPEx,00697B,元大美債7-10,35.16,35.19,35.13,35.17,+0.13,184888,6501197,61
2023-09-25,TPEx,00718B,富邦中國政策債,20.00,20.02,19.98,19.98,-0.02,186000,3722700,7
2023-09-25,TPEx,00719B,元大美債1-3,31.62,31.63,31.58,31.63,+0.05,1196300,37815568,253
2023-09-25,TPEx,00720B,元大投資級公司債,33.85,33.85,33.81,33.84,+0.17,8636950,292224410,2311
2023-09-25,TPEx,00721B,元大中國債3-5,44.79,44.79,44.79,44.79,+0.04,51476,2305911,6
2023-09-25,TPEx,00722B,群益投資級電信債,36.17,36.26,36.15,36.16,+0.26,3268139,118252825,743
2023-09-25,TPEx,00723B,群益投資級科技債,32.91,32.91,32.87,32.90,+0.26,154000,5067000,9
2023-09-25,TPEx,00724B,群益投資級金融債,32.71,32.85,32.71,32.80,+0.22,3326202,109067447,245
2023-09-25,TPEx,00725B,國泰投資級公司債,36.15,36.19,36.14,36.19,+0.28,1682721,60854555,540
2023-09-25,TPEx,00726B,國泰5Y+新興債,33.55,33.55,33.45,33.52,+0.09,150145,5031245,30
2023-09-25,TPEx,00727B,國泰1-5Y非投等債,38.78,38.88,38.78,38.86,+0.07,131671,5116664,13
2023-09-25,TPEx,00734B,台新JPM新興債,15.50,15.55,15.50,15.51,0.00,1047000,16278140,23
2023-09-25,TPEx,00740B,富邦全球投等債,38.66,38.68,38.64,38.65,+0.24,4056021,156832193,120
2023-09-25,TPEx,00741B,富邦全球非投等債,37.51,37.52,37.50,37.50,+0.02,70050,2627573,7
2023-09-25,TPEx,00744B,國泰中國政金債5+,42.44,42.51,42.42,42.44,-0.02,137010,5814954,9
2023-09-25,TPEx,00746B,富邦A級公司債,35.76,35.76,35.67,35.69,+0.19,3090513,110362080,36
2023-09-25,TPEx,00749B,凱基新興債10+,31.24,31.24,31.15,31.15,+0.02,103000,3209540,5
2023-09-25,TPEx,00750B,凱基科技債10+,34.23,34.23,34.23,34.23,+0.26,100000,3423000,2
2023-09-25,TPEx,00751B,元大AAA至A公司債,33.40,33.42,33.33,33.33,+0.11,7748985,258609827,2710
2023-09-25,TPEx,00754B,群益AAA-AA公司債,35.79,35.79,35.55,35.55,+0.15,127080,4525795,10
2023-09-25,TPEx,00755B,群益投資級公用債,32.92,32.98,32.92,32.93,+0.20,275168,9067862,87
2023-09-25,TPEx,00756B,群益投等新興公債,31.98,32.23,31.87,31.87,-0.11,235091,7503590,842
2023-09-25,TPEx,00758B,復華能源債,50.75,50.75,50.75,50.75,+0.60,100000,5075000,2
2023-09-25,TPEx,00759B,復華製藥債,55.35,55.35,55.35,55.35,+0.60,101000,5590350,3
2023-09-25,TPEx,00760B,復華新興企業債,51.80,52.00,51.80,51.80,-0.10,138745,7204201,59
2023-09-25,TPEx,00761B,國泰A級公司債,35.99,36.04,35.95,35.99,+0.24,148117,5332398,129
2023-09-25,TPEx,00764B,群益25年美債,30.20,30.22,30.11,30.14,+0.12,2296528,69232917,585
2023-09-25,TPEx,00768B,復華20年美債,52.25,52.25,52.25,52.25,+0.10,100055,5227884,3
2023-09-25,TPEx,00772B,中信高評級公司債,34.49,34.53,34.43,34.45,+0.20,4976623,171520275,2293
2023-09-25,TPEx,00773B,中信優先金融債,34.87,34.87,34.78,34.80,+0.15,3428461,119355148,786
2023-09-25,TPEx,00777B,凱基AAA至A公司債,33.91,34.12,33.91,34.12,+0.30,107000,3650220,5
2023-09-25,TPEx,00778B,凱基金融債20+,34.17,34.17,34.17,34.17,+0.21,100000,3417000,2
2023-09-25,TPEx,00779B,凱基美債25+,30.48,30.48,30.40,30.40,+0.05,103100,3134480,6
2023-09-25,TPEx,00780B,國泰A級金融債,35.60,35.60,35.55,35.55,+0.10,393590,13998406,36
2023-09-25,TPEx,00781B,國泰A級科技債,31.84,31.84,31.84,31.84,+0.22,101100,3219035,4
2023-09-25,TPEx,00782B,國泰A級公用債,31.57,31.62,31.55,31.56,+0.01,572001,18058499,145
2023-09-25,TPEx,00784B,富邦中國投等債,37.20,37.27,37.20,37.25,+0.08,110000,4095200,9
2023-09-25,TPEx,00785B,富邦金融投等債,33.93,33.93,33.89,33.89,+0.14,121148,4108734,13
2023-09-25,TPEx,00786B,元大10年IG銀行債,32.49,32.53,32.49,32.53,+0.25,61375,1995875,27
2023-09-25,TPEx,00787B,元大10年IG醫療債,33.78,33.82,33.78,33.82,+0.26,12097,408904,9
2023-09-25,TPEx,00788B,元大10年IG電能債,30.90,30.96,30.88,30.88,+0.17,44600,1377996,15
2023-09-25,TPEx,00789B,復華公司債A3,50.70,50.70,50.65,50.65,+0.40,234000,11863700,20
2023-09-25,TPEx,00790B,復華次順位金融債,51.75,51.75,51.75,51.75,+0.25,100000,5175000,2
2023-09-25,TPEx,00791B,復華信用債1-5,55.00,55.00,55.00,55.00,+0.05,100000,5500000,8
2023-09-25,TPEx,00792B,群益A級公司債,32.44,32.50,32.44,32.49,+0.22,115989,3767387,943
2023-09-25,TPEx,00793B,群益AAA-A醫療債,32.43,32.43,32.43,32.43,+0.21,100190,3249159,4
2023-09-25,TPEx,00794B,群益7+中國政金債,39.53,39.53,39.48,39.50,-0.03,106005,4188227,9
2023-09-25,TPEx,00795B,中信美國公債20年,29.64,29.65,29.56,29.58,+0.07,6118989,181187015,1483
2023-09-25,TPEx,00799B,國泰A級醫療債,32.17,32.18,32.17,32.18,+0.10,104000,3345690,4
2023-09-25,TPEx,00831B,新光美債1-3,38.95,38.95,38.95,38.95,+0.05,2000,77900,2
2023-09-25,TPEx,00834B,第一金金融債10+,33.00,33.02,33.00,33.00,+0.25,156000,5148460,12
2023-09-25,TPEx,00836B,永豐10年A公司債,29.86,29.86,29.74,29.74,+0.14,103000,3065350,5
2023-09-25,TPEx,00840B,凱基IG精選15+,30.88,30.88,30.88,30.88,+0.21,100000,3088000,2
2023-09-25,TPEx,00841B,凱基AAA-AA公司債,30.75,30.75,30.75,30.75,+0.27,102000,3136500,6
2023-09-25,TPEx,00842B,台新美元銀行債,31.55,31.60,31.55,31.56,+0.19,118000,3725970,6
2023-09-25,TPEx,00844B,新光15年IG金融債,31.10,31.10,31.10,31.10,+0.25,2000,62200,2
2023-09-25,TPEx,00845B,富邦新興投等債,31.51,31.51,31.51,31.51,+0.01,100000,3151000,2
2023-09-25,TPEx,00846B,富邦歐洲銀行債,33.50,33.50,33.50,33.50,+0.04,100000,3350000,2
2023-09-25,TPEx,00847B,中信美國市政債,27.00,27.01,26.94,26.94,+0.01,260454,7018492,10
2023-09-25,TPEx,00848B,中信新興亞洲債,33.97,33.97,33.93,33.93,0.00,161000,5466730,8
2023-09-25,TPEx,00849B,中信EM主權債0-5,37.05,37.11,37.05,37.10,-0.03,157596,5846662,10
2023-09-25,TPEx,00853B,統一美債10年Aa-A,28.18,28.27,28.18,28.27,+0.15,930338,26286701,145
2023-09-25,TPEx,00856B,永豐1-3年美公債,38.33,38.36,38.30,38.36,+0.07,110205,4222280,11
2023-09-25,TPEx,00857B,永豐20年美公債,25.26,25.28,25.19,25.23,+0.08,2256310,56943592,489
2023-09-25,TPEx,00858,永豐美國500大,26.79,26.85,26.77,26.82,-0.01,282819,7586904,107
2023-09-25,TPEx,00859B,群益0-1年美債,41.53,41.53,41.47,41.47,+0.03,104000,4313000,6
2023-09-25,TPEx,00860B,群益1-5Y投資級債,38.09,38.11,37.97,38.06,+0.09,106503,4053462,8
2023-09-25,TPEx,00862B,中信投資級公司債,31.02,31.16,31.02,31.15,+0.27,1103007,34343748,269
2023-09-25,TPEx,00863B,中信全球電信債,31.58,31.64,31.58,31.64,+0.11,222050,7020133,19
2023-09-25,TPEx,00864B,中信美國公債0-1,43.78,43.78,43.71,43.75,+0.03,1612000,70513660,112
2023-09-25,TPEx,00867B,新光A-BBB電信債,30.73,30.81,30.73,30.78,+0.28,204000,6269180,6
2023-09-25,TPEx,00870B,元大15年EM主權債,28.79,28.85,28.78,28.85,+0.04,17000,489950,6
2023-09-25,TPEx,00877,復華中國5G,10.31,10.38,10.25,10.28,+0.05,803563,8282381,170
2023-09-25,TPEx,00883B,中信ESG投資級債,30.86,30.90,30.86,30.90,+0.26,254379,7853935,931
2023-09-25,TPEx,00884B,中信低碳新興債,29.83,29.83,29.81,29.83,+0.07,260443,7765508,11
2023-09-25,TPEx,00886,永豐美國科技,23.94,24.00,23.94,24.00,+0.04,62247,1490683,30
2023-09-25,TPEx,00887,永豐中國科技50大,12.45,12.64,12.40,12.52,+0.15,208180,2597382,37
2023-09-25,TPEx,00888,永豐台灣ESG,13.49,13.52,13.46,13.50,+0.07,3219462,43425436,1460
2023-09-25,TPEx,00890B,凱基ESG BBB債15+,32.37,32.37,32.27,32.28,+0.20,116134,3751281,15
2023-09-25,TPEx,00928,中信上櫃ESG 30,15.05,15.17,15.05,15.15,+0.12,760034,11505616,202
2023-09-25,TPEx,00931B,統一美債20年,14.45,14.46,14.41,14.42,+0.04,9313412,134380860,3151
2023-09-25,TPEx,020001,富邦存股雙十N,8.86,8.86,8.86,8.86,+0.05,60000,531600,2
2023-09-25,TPEx,02001B,統一美國政府債N,7.88,7.88,7.88,7.88,+0.03,1000,7880,1
2023-09-25,TPEx,020023,元大櫃買半導體N,5.21,5.22,5.19,5.19,-0.03,183000,954090,11
2023-09-25,TPEx,020024,兆豐富櫃200N,,,,,,0,0,0
2023-09-25,TPEx,020025,統一亞洲半導體N,7.64,7.68,7.64,7.68,+0.07,15000,114820,8
2023-09-25,TPEx,020026,兆豐上櫃ESG電菁N,4.62,4.62,4.62,4.62,0.00,5000,23100,1
2023-09-25,TPEx,020027,元大上櫃ESG成長N,4.62,4.62,4.62,4.62,0.00,17000,78540,2
2023-09-25,TPEx,02002L,兆豐富櫃200正二N,5.97,6.11,5.97,6.09,+0.14,40000,241440,12
2023-09-25,TPEx,020033,統一恒生科期N,3.60,3.60,3.52,3.53,0.00,68000,240560,10
2023-09-25,TPEx,020035,元大上櫃ESG高息N,6.59,6.59,6.58,6.59,+0.02,11000,72450,5
2023-09-25,TPEx,1240,茂生農經,46.45,46.80,46.35,46.80,+0.55,25130,1172768,33
2023-09-25,TPEx,1259,安心,74.70,74.70,74.60,74.60,+0.10,2576,192182,14
2023-09-25,TPEx,1264,德麥,,,,,,1573,451865,169
2023-09-25,TPEx,1268,漢來美食,152.50,152.50,150.50,152.50,+1.50,147255,22316380,429
2023-09-25,TPEx,1336,台翰,22.10,22.30,22.10,22.30,+0.15,44106,980791,32
2023-09-25,TPEx,1565,精華,192.00,195.50,192.00,193.50,+1.50,55588,10795738,146
2023-09-25,TPEx,1569,濱川,22.40,22.60,22.40,22.45,+0.10,75040,1684877,57
2023-09-25,TPEx,1570,力肯,20.00,20.20,20.00,20.10,+0.20,43108,868049,34
2023-09-25,TPEx,1580,新麥,125.00,128.50,125.00,128.50,+2.50,41880,5334387,66
2023-09-25,TPEx,1584,精剛,38.80,39.85,38.05,38.20,0.00,34755521,1355660626,20483
2023-09-25,TPEx,1586,和勤,33.90,34.15,33.70,33.90,0.00,138327,4691663,119
2023-09-25,TPEx,1591,駿吉-KY,41.30,41.60,40.45,40.85,-0.60,1472891,60575700,630
2023-09-25,TPEx,1593,祺驊,65.40,65.40,64.50,64.70,+1.10,12729,829244,18
2023-09-25,TPEx,1595,川寶,39.40,39.50,39.00,39.05,-0.35,49834,1954092,53
2023-09-25,TPEx,1599,宏佳騰,36.45,36.45,36.30,36.30,0.00,9725,353305,40
2023-09-25,TPEx,1742,台蠟,16.80,16.95,16.75,16.95,+0.20,51414,866754,35
2023-09-25,TPEx,1777,生泰,88.20,88.60,88.20,88.20,+0.30,23993,2121968,222
2023-09-25,TPEx,1781,合世,11.80,11.80,11.40,11.70,-0.15,28776,331967,48
2023-09-25,TPEx,1784,訊聯,63.10,67.20,63.10,66.30,+4.60,1400357,92211198,1004
2023-09-25,TPEx,1785,光洋科,36.65,36.95,36.60,36.85,+0.20,632299,23254993,403
2023-09-25,TPEx,1788,杏昌,138.50,138.50,138.00,138.50,-0.50,22861,3167169,126
2023-09-25,TPEx,1796,金穎生技,90.00,90.00,90.00,90.00,+0.70,7785,700612,22
2023-09-25,TPEx,1799,易威,20.95,21.10,20.90,21.10,+0.30,14900,312360,9
2023-09-25,TPEx,1813,寶利徠,19.60,19.65,19.40,19.65,+0.05,50523,985358,73
2023-09-25,TPEx,1815,富喬,15.25,16.80,15.10,16.40,+1.10,41898483,682103411,14270
2023-09-25,TPEx,2035,唐榮,31.90,31.90,31.90,31.90,-0.10,1002,31962,3
2023-09-25,TPEx,2061,風青,16.10,16.10,16.05,16.05,+0.20,2082,33498,4
2023-09-25,TPEx,2063,世鎧,51.00,52.40,51.00,52.10,+1.20,46403,2410597,31
2023-09-25,TPEx,2064,晉椿,16.35,16.35,16.25,16.25,+0.05,7061,115037,9
2023-09-25,TPEx,2065,世豐,57.60,57.80,57.50,57.60,0.00,49420,2847703,58
2023-09-25,TPEx,2066,世德,84.20,84.90,83.80,84.90,+0.70,135578,11412491,147
2023-09-25,TPEx,2067,嘉鋼,12.95,12.95,12.55,12.90,+0.05,7000,89050,7
2023-09-25,TPEx,2070,精湛,30.05,30.10,30.05,30.10,-0.35,5000,150450,4
2023-09-25,TPEx,2073,雄順,30.20,30.45,30.20,30.25,-0.15,12000,363050,10
2023-09-25,TPEx,2221,大甲,34.10,34.15,34.10,34.15,+0.05,11581,395749,16
2023-09-25,TPEx,2230,泰茂,95.00,96.60,94.40,95.10,+1.10,350078,33440670,338
2023-09-25,TPEx,2235,謚源,43.30,43.30,43.30,43.30,0.00,2125,91996,6
2023-09-25,TPEx,2596,綠意,23.30,23.50,23.30,23.40,+0.10,84237,1964672,45
2023-09-25,TPEx,2640,大車隊,105.00,106.00,104.50,106.00,+1.00,37378,3942024,45
2023-09-25,TPEx,2641,正德,17.80,17.85,17.30,17.50,-0.30,4569904,80224152,2052
2023-09-25,TPEx,2643,捷迅,69.50,69.50,69.30,69.50,0.00,66183,4594700,62
2023-09-25,TPEx,2718,晶悅,46.40,46.40,45.80,45.80,+0.05,3001,138245,4
2023-09-25,TPEx,2719,燦星旅,51.00,52.60,51.00,52.60,+1.40,52204,2700628,62
2023-09-25,TPEx,2724,富驛-KY,14.00,14.00,14.00,14.00,0.00,1000,14000,1
2023-09-25,TPEx,2726,雅茗-KY,22.65,23.05,22.35,22.70,-0.30,27059,614504,32
2023-09-25,TPEx,2729,瓦城,252.00,255.00,251.00,253.50,0.00,86077,21836965,151
2023-09-25,TPEx,2732,六角,113.50,117.00,113.50,117.00,+4.00,156881,18225247,155
2023-09-25,TPEx,2734,易飛網,40.80,41.10,40.50,40.80,+0.25,82394,3363442,103
2023-09-25,TPEx,2736,富野,27.70,28.00,27.40,28.00,+0.55,217649,6050348,184
2023-09-25,TPEx,2740,天蔥,37.25,37.25,37.20,37.20,+0.20,2016,75035,4
2023-09-25,TPEx,2743,山富,101.00,103.50,100.50,102.50,0.00,311613,31750077,539
2023-09-25,TPEx,2745,五福,67.10,68.30,66.70,68.30,+1.20,141037,9570742,191
2023-09-25,TPEx,2752,豆府,,,,,,49,12349,7
2023-09-25,TPEx,2754,亞洲藏壽司,131.00,134.50,131.00,133.00,+2.00,81357,10818752,100
2023-09-25,TPEx,2755,揚秦,114.50,122.00,114.50,115.00,+2.00,44005,5197591,82
2023-09-25,TPEx,2756,聯發國際,98.40,100.00,98.40,100.00,+0.50,6030,596316,18
2023-09-25,TPEx,2916,滿心,44.60,44.60,44.10,44.20,+0.10,18142,801811,20
2023-09-25,TPEx,2924,宏太-KY,23.00,23.00,23.00,23.00,-0.30,3000,69000,2
2023-09-25,TPEx,2926,誠品生活,68.30,68.30,67.90,68.00,-0.20,15476,1054145,47
2023-09-25,TPEx,2937,集雅社,31.30,31.30,30.60,31.20,-0.10,7000,216750,7
2023-09-25,TPEx,2947,振宇五金,87.20,87.20,87.00,87.20,+0.20,3187,277774,15
2023-09-25,TPEx,3064,泰偉,12.80,13.00,12.20,12.75,0.00,12000,152000,9
2023-09-25,TPEx,3066,李洲,19.00,19.60,19.00,19.00,+0.15,93801,1809612,53
2023-09-25,TPEx,3067,全域,39.35,39.55,37.70,39.55,+0.30,14564,560579,20
2023-09-25,TPEx,3071,協禧,36.70,37.00,36.60,36.70,-0.05,265687,9760099,241
2023-09-25,TPEx,3073,天方能源,29.75,30.75,29.75,29.75,0.00,9050,271282,13
2023-09-25,TPEx,3078,僑威,76.00,77.50,75.80,77.00,+1.10,3068127,235472451,2537
2023-09-25,TPEx,3081,聯亞,117.50,120.50,117.00,117.50,0.00,2820171,333664031,2216
2023-09-25,TPEx,3083,網龍,43.00,44.15,43.00,43.95,+0.95,154859,6782473,136
2023-09-25,TPEx,3085,新零售,17.70,17.75,17.70,17.75,0.00,64004,1132307,12
2023-09-25,TPEx,3086,華義,62.20,63.40,62.20,62.80,+0.70,4144,259826,8
2023-09-25,TPEx,3088,艾訊,90.50,92.30,90.50,91.40,+0.30,393231,35895316,386
2023-09-25,TPEx,3093,港建*,32.55,32.55,32.00,32.25,+0.05,111106,3587857,70
2023-09-25,TPEx,3095,及成,,,,,,572,13613,4
2023-09-25,TPEx,3105,穩懋,136.50,137.00,135.00,135.50,-0.50,1166386,158411688,1455
2023-09-25,TPEx,3114,好德,27.30,27.40,27.20,27.30,+0.15,33274,908505,40
2023-09-25,TPEx,3115,富榮綱,11.00,11.05,10.95,10.95,-0.60,40199,442658,12
2023-09-25,TPEx,3118,進階,30.00,30.50,30.00,30.00,+0.20,77014,2315225,47
2023-09-25,TPEx,3122,笙泉,31.60,31.60,30.40,30.50,-1.10,1739862,53464165,1222
2023-09-25,TPEx,3128,昇銳,30.00,30.65,29.95,30.00,+0.15,183049,5552586,154
2023-09-25,TPEx,3131,弘塑,504.00,524.00,497.50,510.00,+19.00,704817,360674558,1031
2023-09-25,TPEx,3141,晶宏,90.20,91.60,89.90,90.80,+0.60,278902,25334343,379
2023-09-25,TPEx,3147,大綜,69.00,69.30,69.00,69.30,+0.30,45070,3117342,29
2023-09-25,TPEx,3152,璟德,216.00,216.00,212.50,213.00,-3.00,31058,6636690,497
2023-09-25,TPEx,3162,精確,49.00,50.00,49.00,49.10,+0.35,448855,22201169,366
2023-09-25,TPEx,3163,波若威,98.20,100.50,96.50,96.50,-1.60,17548648,1730801116,12094
2023-09-25,TPEx,3169,亞信,119.00,124.00,119.00,120.00,+0.50,345675,41887303,311
2023-09-25,TPEx,3171,新洲,18.00,18.00,17.90,17.90,-0.05,65000,1164700,35
2023-09-25,TPEx,3176,基亞,33.10,33.50,33.05,33.20,0.00,52500,1748475,62
2023-09-25,TPEx,3178,公準,88.50,88.50,86.90,87.40,+0.90,153313,13426081,140
2023-09-25,TPEx,3188,鑫龍騰,15.10,15.75,15.10,15.65,+0.60,415445,6422032,176
2023-09-25,TPEx,3191,和進,13.20,13.25,13.00,13.25,+0.25,49007,643793,30
2023-09-25,TPEx,3202,樺晟,15.60,15.60,15.35,15.40,-0.20,634447,9796506,236
2023-09-25,TPEx,3205,佰研,41.25,43.40,41.25,42.85,+1.85,233170,9972472,211
2023-09-25,TPEx,3206,志豐,45.65,46.20,45.45,46.00,+0.75,155982,7144484,146
2023-09-25,TPEx,3207,耀勝,74.90,74.90,73.90,74.10,-0.10,210380,15592943,285
2023-09-25,TPEx,3211,順達,81.10,81.40,80.60,80.70,-0.30,125496,10153102,125
2023-09-25,TPEx,3213,茂訊,73.30,74.60,72.90,74.10,+0.80,669691,49385626,803
2023-09-25,TPEx,3217,優群,129.50,131.50,127.00,130.50,+1.50,1018866,132471592,814
2023-09-25,TPEx,3218,大學光,324.50,342.00,324.00,337.50,+12.50,336673,113432486,589
2023-09-25,TPEx,3219,倚強科,49.45,49.55,48.65,48.65,-0.80,7002,343647,8
2023-09-25,TPEx,3221,台嘉碩,26.20,26.75,26.20,26.75,+0.35,67303,1783844,62
2023-09-25,TPEx,3224,三顧,43.80,44.60,43.65,44.15,+1.25,165913,7329295,149
2023-09-25,TPEx,3226,至寶電,52.30,53.40,52.30,53.40,0.00,2018,106657,3
2023-09-25,TPEx,3227,原相,122.50,123.00,121.00,123.00,+1.00,364827,44602726,383
2023-09-25,TPEx,3228,金麗科,104.50,111.00,104.00,109.00,+4.50,675558,73242978,731
2023-09-25,TPEx,3230,錦明,10.10,10.10,10.00,10.10,+0.05,97289,979326,49
2023-09-25,TPEx,3232,昱捷,24.25,24.65,24.25,24.35,+0.05,52231,1276780,69
2023-09-25,TPEx,3234,光環,25.25,25.50,25.05,25.10,-0.25,385265,9700256,327
2023-09-25,TPEx,3236,千如,24.30,24.50,24.05,24.45,,441516,10732353,377
2023-09-25,TPEx,3252,海灣,20.30,21.25,20.30,20.80,+0.60,328790,6828823,156
2023-09-25,TPEx,3259,鑫創,27.55,27.60,27.55,27.60,+0.05,14013,385960,41
2023-09-25,TPEx,3260,威剛,89.80,90.30,88.60,88.70,-0.60,4343749,387636537,3463
2023-09-25,TPEx,3264,欣銓,63.70,64.20,62.70,63.20,-0.20,4668553,295993246,3411
2023-09-25,TPEx,3265,台星科,90.50,93.00,89.90,90.90,+1.40,7739987,707486539,6405
2023-09-25,TPEx,3268,海德威,21.55,21.80,21.45,21.80,0.00,19019,410374,27
2023-09-25,TPEx,3272,東碩,33.90,33.90,33.35,33.35,0.00,49784,1678011,57
2023-09-25,TPEx,3276,宇環,19.05,19.10,17.60,17.85,-1.15,2997905,54650637,1515
2023-09-25,TPEx,3284,太普高,16.30,16.35,16.05,16.15,+0.10,38009,615389,30
2023-09-25,TPEx,3285,微端,21.95,22.05,21.90,21.95,-0.15,13058,286877,18
2023-09-25,TPEx,3287,廣寰科,25.65,25.65,24.50,24.55,-0.95,388773,9690471,304
2023-09-25,TPEx,3288,點晶,,,,,,267,5311,6
2023-09-25,TPEx,3289,宜特,94.30,95.20,93.60,93.60,+0.50,671242,63169001,724
2023-09-25,TPEx,3290,東浦,25.10,26.10,25.10,25.90,+0.90,523899,13514651,311
2023-09-25,TPEx,3293,鈊象,626.00,644.00,624.00,643.00,+19.00,1763032,1124000726,3275
2023-09-25,TPEx,3294,英濟,18.70,18.80,18.70,18.70,+0.05,145750,2730092,91
2023-09-25,TPEx,3297,杭特,16.55,16.55,16.20,16.40,-0.30,22401,367157,79
2023-09-25,TPEx,3303,岱稜,26.20,26.50,26.20,26.40,+0.20,46277,1219281,27
2023-09-25,TPEx,3306,鼎天,48.60,48.95,48.00,48.30,-0.25,557949,26993746,499
2023-09-25,TPEx,3310,佳穎,90.20,91.50,90.20,90.50,-0.60,13200,1195800,13
2023-09-25,TPEx,3313,斐成,10.75,10.90,10.70,10.75,+0.15,121423,1310742,106
2023-09-25,TPEx,3317,尼克森,57.20,57.80,56.40,57.80,+1.00,561453,32118211,472
2023-09-25,TPEx,3322,建舜電,24.00,25.60,23.30,23.35,-0.45,22574986,552818694,11127
2023-09-25,TPEx,3323,加百裕,29.40,30.20,29.40,30.05,+0.70,216080,6471041,187
2023-09-25,TPEx,3324,雙鴻,310.50,316.00,306.00,312.50,+2.50,5780026,1800124368,6241
2023-09-25,TPEx,3325,旭品,31.90,32.15,31.35,31.95,-0.05,1774160,56442176,1097
2023-09-25,TPEx,3332,幸康,46.65,46.65,46.20,46.20,-0.40,7000,324750,5
2023-09-25,TPEx,3339,泰谷,19.65,19.85,18.55,18.55,-0.40,1507841,29641314,612
2023-09-25,TPEx,3349,寶德,17.45,17.45,17.30,17.30,-0.40,3000,52050,2
2023-09-25,TPEx,3354,律勝,14.20,14.30,14.20,14.25,-0.05,13297,189253,19
2023-09-25,TPEx,3357,臺慶科,112.00,113.00,112.00,112.50,-0.50,97556,10965891,80
2023-09-25,TPEx,3360,尚立,12.35,12.40,12.25,12.40,+0.10,526007,7070584,29
2023-09-25,TPEx,3362,先進光,153.50,155.50,149.50,149.50,-2.00,2592012,394129345,2239
2023-09-25,TPEx,3363,上詮,76.00,79.50,74.30,75.00,+1.20,58222449,4467061981,33984
2023-09-25,TPEx,3372,典範,13.00,13.20,12.95,13.15,+0.15,95402,1251861,64
2023-09-25,TPEx,3373,熱映,22.75,22.75,21.70,22.40,-0.35,768322,16934392,548
2023-09-25,TPEx,3374,精材,109.00,110.50,108.50,108.50,-0.50,363256,39677851,391
2023-09-25,TPEx,3379,彬台,13.20,14.45,13.20,14.45,+1.30,3045610,43761097,1082
2023-09-25,TPEx,3388,崇越電,69.50,69.50,69.10,69.10,-0.40,15283,1059619,26
2023-09-25,TPEx,3390,旭軟,17.95,17.95,17.40,17.60,+0.20,119635,2104234,100
2023-09-25,TPEx,3402,漢科,48.65,49.40,48.65,49.05,+0.40,52743,2587585,79
2023-09-25,TPEx,3426,台興,37.60,37.60,37.55,37.60,-0.25,3000,112750,3
2023-09-25,TPEx,3430,奇鈦科,44.55,44.85,44.40,44.80,+0.20,21375,954174,49
2023-09-25,TPEx,3434,哲固,28.30,28.30,28.00,28.15,-0.15,73197,2062489,53
2023-09-25,TPEx,3438,類比科,73.70,75.90,72.50,72.50,-2.00,870002,64141072,1215
2023-09-25,TPEx,3441,聯一光,40.40,40.40,39.50,40.05,-0.25,142021,5685230,130
2023-09-25,TPEx,3444,利機,82.90,86.50,82.80,86.50,+3.30,1594077,135733150,1319
2023-09-25,TPEx,3455,由田,69.30,69.40,69.00,69.00,-0.30,89975,6220892,105
2023-09-25,TPEx,3465,進泰電子,72.60,72.60,72.00,72.00,+0.60,2003,144807,5
2023-09-25,TPEx,3466,致振,24.75,24.95,24.40,24.85,+0.10,275049,6772462,106
2023-09-25,TPEx,3479,安勤,98.40,100.50,98.40,99.50,+1.20,403252,40244842,354
2023-09-25,TPEx,3483,力致,134.00,135.00,132.00,134.00,+2.00,1635531,218161872,1522
2023-09-25,TPEx,3484,崧騰,41.25,41.90,41.15,41.40,+0.20,56942,2368247,66
2023-09-25,TPEx,3489,森寶,11.85,12.00,11.80,11.95,+0.05,81000,965900,35
2023-09-25,TPEx,3490,單井,24.00,24.05,23.80,24.00,0.00,25364,606395,38
2023-09-25,TPEx,3491,昇達科,160.00,171.50,158.50,169.50,+11.00,7408203,1240678827,5953
2023-09-25,TPEx,3492,長盛,18.00,18.10,18.00,18.05,+0.15,12020,216663,8
2023-09-25,TPEx,3498,陽程,32.65,33.50,32.60,33.20,+0.55,83455,2762606,78
2023-09-25,TPEx,3499,環天科,18.50,18.85,18.40,18.40,-0.10,34033,629814,52
2023-09-25,TPEx,3508,位速,30.30,30.70,30.30,30.40,+0.10,71575,2176096,77
2023-09-25,TPEx,3511,矽瑪,30.50,30.70,30.40,30.40,0.00,46231,1410077,61
2023-09-25,TPEx,3512,皇龍,33.00,33.25,32.95,33.05,+0.05,93301,3088975,69
2023-09-25,TPEx,3516,亞帝歐,18.30,18.30,18.30,18.30,+0.30,16000,292800,9
2023-09-25,TPEx,3520,華盈,16.90,16.90,16.65,16.75,+0.15,52061,871726,50
2023-09-25,TPEx,3521,鴻翊,22.90,22.90,22.60,22.60,-0.30,66142,1502218,67
2023-09-25,TPEx,3522,御頂,15.50,16.30,15.50,15.90,+0.40,59036,933625,76
2023-09-25,TPEx,3523,迎輝,18.50,18.50,18.00,18.00,-0.10,48409,888089,36
2023-09-25,TPEx,3526,凡甲,175.00,176.50,174.00,175.50,+1.00,256550,44927181,461
2023-09-25,TPEx,3527,聚積,92.10,93.10,92.10,92.60,+0.10,21504,1991264,38
2023-09-25,TPEx,3529,力旺,2145.00,2195.00,2105.00,2115.00,-50.00,739432,1588634660,1096
2023-09-25,TPEx,3531,先益,33.80,36.00,33.20,33.20,+0.40,1619210,56460282,1149
2023-09-25,TPEx,3537,堡達,37.70,37.95,37.70,37.80,+0.10,19975,754892,36
2023-09-25,TPEx,3540,曜越,39.55,40.20,39.55,40.00,+0.45,127184,5086930,156
2023-09-25,TPEx,3541,西柏,41.50,41.50,41.00,41.30,0.00,90211,3717698,81
2023-09-25,TPEx,3546,宇峻,78.70,81.60,78.10,81.00,+2.30,331063,26526745,431
2023-09-25,TPEx,3548,兆利,132.50,142.00,126.50,137.00,+3.50,14485267,1934036984,9767
2023-09-25,TPEx,3551,世禾,74.00,74.70,73.90,74.10,+0.10,37669,2792989,100
2023-09-25,TPEx,3552,同致,132.50,136.00,132.50,135.00,+2.50,184582,24843214,189
2023-09-25,TPEx,3555,博士旺,35.90,35.90,35.90,35.90,-0.10,1165,41534,2
2023-09-25,TPEx,3556,禾瑞亞,61.00,61.60,61.00,61.40,-0.20,46125,2831246,88
2023-09-25,TPEx,3558,神準,264.00,266.00,264.00,265.50,+1.50,284821,75450487,345
2023-09-25,TPEx,3564,其陽,43.00,43.25,42.80,43.00,+0.40,110059,4729133,107
2023-09-25,TPEx,3567,逸昌,43.00,44.35,42.50,42.85,+0.85,1428610,61780224,1180
2023-09-25,TPEx,3570,大塚,128.50,129.50,128.00,129.50,+1.00,22277,2873576,22
2023-09-25,TPEx,3577,泓格,75.00,75.60,75.00,75.50,+0.40,22524,1702165,30
2023-09-25,TPEx,3580,友威科,50.10,50.50,50.00,50.00,+0.05,82852,4156784,120
2023-09-25,TPEx,3581,博磊,26.60,28.20,26.60,28.05,+1.45,247707,6849236,212
2023-09-25,TPEx,3587,閎康,265.00,266.00,260.00,260.00,-2.00,626358,164258614,795
2023-09-25,TPEx,3594,磐儀,47.00,48.00,47.00,47.70,+0.75,206997,9857518,153
2023-09-25,TPEx,3597,映興,22.65,23.00,22.50,22.60,-0.05,10311,233208,11
2023-09-25,TPEx,3609,三一東林,44.35,45.30,44.35,44.70,+0.10,79042,3547209,44
2023-09-25,TPEx,3611,鼎翰,242.50,246.00,242.00,245.00,+1.00,32704,7986286,240
2023-09-25,TPEx,3615,安可,26.50,26.85,25.30,26.25,+0.40,10150078,264135777,5783
2023-09-25,TPEx,3623,富晶通,20.20,20.75,20.20,20.65,+0.70,123679,2546886,109
2023-09-25,TPEx,3624,光頡,53.60,54.40,53.60,54.10,+0.80,321106,17378459,326
2023-09-25,TPEx,3625,西勝,16.30,16.30,15.85,15.90,-0.25,229346,3666613,173
2023-09-25,TPEx,3628,盈正,41.60,42.15,41.50,41.85,-0.05,13191,552561,19
2023-09-25,TPEx,3629,地心引力,34.30,34.45,33.90,33.90,+0.25,6020,205576,6
2023-09-25,TPEx,3630,新鉅科,33.05,34.45,33.00,33.80,+0.75,514103,17383859,335
2023-09-25,TPEx,3631,晟楠,30.35,30.40,30.30,30.40,+0.05,16000,485500,15
2023-09-25,TPEx,3632,研勤,13.85,14.00,13.85,13.85,0.00,10688,149002,87
2023-09-25,TPEx,3646,艾恩特,28.10,28.25,28.05,28.10,0.00,21014,590592,32
2023-09-25,TPEx,3663,鑫科,35.90,35.90,35.15,35.20,-0.10,136374,4825063,142
2023-09-25,TPEx,3664,安瑞-KY,25.60,26.75,25.60,26.30,+0.70,44052,1154804,41
2023-09-25,TPEx,3666,光耀,26.95,26.95,26.30,26.35,-0.45,140387,3727955,154
2023-09-25,TPEx,3672,康聯訊,26.70,27.60,24.70,24.95,-0.75,829606,21729503,474
2023-09-25,TPEx,3675,德微,284.00,294.50,284.00,290.50,+7.00,415203,120598968,515
2023-09-25,TPEx,3680,家登,327.50,339.00,327.00,338.00,+11.50,1319166,442456777,1508
2023-09-25,TPEx,3684,榮昌,44.50,45.00,44.50,45.00,+0.20,5460,242079,28
2023-09-25,TPEx,3685,元創精密,26.35,26.90,25.60,25.70,-0.45,637941,16650863,467
2023-09-25,TPEx,3687,歐買尬,83.00,84.80,83.00,84.70,+2.40,110657,9313262,131
2023-09-25,TPEx,3689,湧德,60.50,60.90,60.20,60.50,+0.10,878160,53118761,916
2023-09-25,TPEx,3691,碩禾,80.20,80.30,79.10,79.10,-0.70,79245,6300905,97
2023-09-25,TPEx,3693,營邦,581.00,583.00,560.00,565.00,+15.00,12078610,6883878396,10496
2023-09-25,TPEx,3707,漢磊,75.60,76.30,75.00,75.00,-0.60,1302374,98298821,1102
2023-09-25,TPEx,3709,鑫聯大投控,35.75,35.95,33.80,33.80,-0.75,1155502,40208209,788
2023-09-25,TPEx,3710,連展投控,9.90,10.00,9.86,9.96,+0.07,295362,2932629,140
2023-09-25,TPEx,3713,新晶投控,25.00,25.05,25.00,25.00,-0.30,37313,933167,34
2023-09-25,TPEx,4102,永日,35.70,37.35,35.70,37.35,+1.05,991118,36533338,653
2023-09-25,TPEx,4105,東洋,75.90,76.50,75.80,76.40,+0.70,331711,25265334,297
2023-09-25,TPEx,4107,邦特,105.00,107.50,105.00,107.00,+2.50,141152,15023868,163
2023-09-25,TPEx,4109,加捷生醫,13.15,13.20,13.15,13.15,+0.05,24430,321969,34
2023-09-25,TPEx,4111,濟生,25.95,26.00,25.75,26.00,+0.10,53291,1378610,70
2023-09-25,TPEx,4113,聯上,24.20,25.55,24.10,25.15,+0.90,1469851,36761985,692
2023-09-25,TPEx,4114,健喬,37.25,38.40,37.25,38.15,+0.95,1518953,57775798,1390
2023-09-25,TPEx,4116,明基醫,55.80,57.10,55.80,56.20,+0.50,71441,4035438,78
2023-09-25,TPEx,4120,友華,42.50,42.50,41.65,42.40,+0.20,134223,5653334,149
2023-09-25,TPEx,4121,優盛,24.40,24.70,24.30,24.45,-0.05,163894,4013572,142
2023-09-25,TPEx,4123,晟德,45.55,45.75,45.45,45.55,+0.20,603393,27521445,512
2023-09-25,TPEx,4126,太醫,81.90,84.40,81.90,83.60,+1.70,348530,29116724,337
2023-09-25,TPEx,4127,天良,13.50,13.55,13.50,13.55,+0.05,11032,149031,24
2023-09-25,TPEx,4128,中天,49.20,50.10,49.10,49.35,+0.25,613650,30430210,606
2023-09-25,TPEx,4129,聯合,67.80,69.60,67.50,69.20,+1.40,430268,29707049,370
2023-09-25,TPEx,4130,健亞,26.35,27.00,26.35,26.80,+0.35,123757,3316843,118
2023-09-25,TPEx,4131,浩泰,22.90,23.00,22.70,22.70,-0.25,20624,470077,14
2023-09-25,TPEx,4138,曜亞,109.00,116.00,106.50,114.50,+9.00,1470262,163440690,1213
2023-09-25,TPEx,4139,馬光-KY,40.30,40.50,40.10,40.40,+0.10,17005,685499,10
2023-09-25,TPEx,4147,中裕,87.70,90.90,87.40,89.40,+2.20,2450468,218892025,2330
2023-09-25,TPEx,4153,鈺緯,32.60,33.65,32.60,33.15,+0.55,64242,2138268,67
2023-09-25,TPEx,4154,樂威科-KY,14.75,15.10,14.70,14.80,-0.25,47053,697439,40
2023-09-25,TPEx,4157,太景*-KY,14.80,14.95,14.70,14.70,-0.10,872636,12913954,381
2023-09-25,TPEx,4160,訊聯基因,38.60,41.35,38.60,40.30,+1.70,84972,3444097,132
2023-09-25,TPEx,4161,聿新科,30.60,31.45,30.60,31.25,+0.75,57125,1773742,48
2023-09-25,TPEx,4162,智擎,87.30,88.60,87.20,88.00,+1.40,516071,45363908,462
2023-09-25,TPEx,4163,鐿鈦,122.00,125.00,122.00,124.00,+2.50,75369,9340116,100
2023-09-25,TPEx,4167,松瑞藥,17.40,17.60,17.40,17.60,+0.20,497495,8717347,256
2023-09-25,TPEx,4168,醣聯,27.55,28.30,27.55,28.00,+0.35,249108,6969390,145
2023-09-25,TPEx,4171,瑞基,35.55,36.20,35.55,35.90,+0.35,73237,2633995,121
2023-09-25,TPEx,4173,久裕,23.30,23.75,23.25,23.30,-0.20,345956,8110612,231
2023-09-25,TPEx,4174,浩鼎,80.60,82.30,80.60,81.70,+1.30,309465,25260968,234
2023-09-25,TPEx,4175,杏一,88.20,90.00,87.90,89.40,+1.20,88686,7897083,167
2023-09-25,TPEx,4183,福永生技,20.00,20.00,20.00,20.00,0.00,1100,21940,3
2023-09-25,TPEx,4188,安克,21.55,21.65,21.30,21.40,-0.15,75777,1621087,99
2023-09-25,TPEx,4192,杏國,46.45,46.60,45.20,45.20,-3.10,11039,509066,15
2023-09-25,TPEx,4198,欣大健康,,,,,,200,4730,1
2023-09-25,TPEx,4205,中華食,100.50,100.50,100.00,100.00,-0.50,27408,2754593,114
2023-09-25,TPEx,4207,環泰,16.90,17.25,16.90,17.20,+0.30,484322,8297285,193
2023-09-25,TPEx,4303,信立,20.10,20.10,19.55,19.75,-0.35,234365,4616961,197
2023-09-25,TPEx,4304,勝昱,8.62,9.17,8.62,9.04,+0.15,28001,247078,16
2023-09-25,TPEx,4305,世坤,33.50,33.75,33.30,33.75,+0.25,7062,235920,8
2023-09-25,TPEx,4401,東隆興,19.15,19.25,19.00,19.15,+0.15,56244,1075487,51
2023-09-25,TPEx,4402,福大,11.00,11.15,10.10,10.20,-1.00,538468,5691145,284
2023-09-25,TPEx,4406,新昕纖,9.96,9.96,9.96,9.96,+0.02,10088,100440,4
2023-09-25,TPEx,4413,飛寶企業,15.15,15.40,15.10,15.25,-0.05,5000,76200,5
2023-09-25,TPEx,4416,三圓,,,,,,0,0,0
2023-09-25,TPEx,4417,金洲,39.15,39.50,39.10,39.20,+0.05,21385,838051,24
2023-09-25,TPEx,4419,元勝,25.00,26.50,25.00,26.50,+1.50,2011,51793,13
2023-09-25,TPEx,4420,光明,30.45,30.45,30.00,30.00,-0.10,17358,521527,27
2023-09-25,TPEx,4430,耀億,21.90,22.00,21.85,22.00,+0.10,6088,133389,37
2023-09-25,TPEx,4432,銘旺實,24.50,24.60,24.25,24.25,-0.25,123158,3004136,88
2023-09-25,TPEx,4433,興采,31.10,31.60,31.00,31.35,+0.35,12000,375600,9
2023-09-25,TPEx,4502,健信,36.80,36.80,36.80,36.80,0.00,3005,110584,4
2023-09-25,TPEx,4503,金雨,50.20,51.20,49.80,50.90,+1.00,169295,8531679,134
2023-09-25,TPEx,4506,崇友,79.30,79.70,79.10,79.40,+0.10,15348,1223338,63
2023-09-25,TPEx,4510,高鋒,15.50,15.70,15.45,15.60,+0.15,102085,1592616,79
2023-09-25,TPEx,4513,福裕,18.60,18.90,18.55,18.55,0.00,98024,1824032,55
2023-09-25,TPEx,4523,永彰,44.85,46.30,44.45,45.60,+0.90,114345,5197179,120
2023-09-25,TPEx,4527,方土霖,35.25,37.00,35.10,35.95,+0.80,86783,3142433,76
2023-09-25,TPEx,4528,江興鍛,31.95,31.95,31.70,31.80,-0.10,63323,2015706,607
2023-09-25,TPEx,4529,淳紳,10.25,10.30,10.05,10.05,-0.05,277327,2826500,90
2023-09-25,TPEx,4530,宏易,7.00,7.00,6.90,6.98,-0.10,5050,35039,7
2023-09-25,TPEx,4533,協易機,26.80,27.10,26.55,26.80,+0.05,1243544,33327176,806
2023-09-25,TPEx,4534,慶騰,9.67,9.68,9.62,9.63,-0.04,27254,263534,67
2023-09-25,TPEx,4535,至興,36.80,36.85,36.70,36.85,+0.05,3000,110350,3
2023-09-25,TPEx,4538,大詠城,19.00,19.15,19.00,19.10,0.00,20000,381300,18
2023-09-25,TPEx,4541,晟田,34.35,35.20,34.35,34.80,+0.45,307984,10727939,245
2023-09-25,TPEx,4542,科嶠,64.80,68.40,60.00,63.00,-3.00,3382980,217151979,2254
2023-09-25,TPEx,4543,萬在,37.35,38.40,37.35,38.35,+0.80,354939,13493045,280
2023-09-25,TPEx,4549,桓達,88.60,89.00,88.60,88.70,+0.10,19517,1733121,33
2023-09-25,TPEx,4550,長佳,29.35,29.35,29.30,29.30,-0.05,11290,330911,8
2023-09-25,TPEx,4554,橙的,27.30,27.30,27.30,27.30,+0.45,1032,28212,9
2023-09-25,TPEx,4556,旭然,29.80,29.80,29.75,29.75,+0.10,2000,59550,2
2023-09-25,TPEx,4558,寶緯,28.20,28.20,27.85,28.15,+0.40,5626,157894,15
2023-09-25,TPEx,4561,健椿,28.95,29.10,28.50,29.10,+0.35,116435,3345499,95
2023-09-25,TPEx,4563,百德,53.30,53.90,53.00,53.60,+0.30,119000,6365500,96
2023-09-25,TPEx,4568,科際精密,53.30,53.70,52.80,53.60,+0.10,25319,1348542,33
2023-09-25,TPEx,4577,達航科技,27.40,27.65,27.30,27.45,-0.05,45000,1232100,33
2023-09-25,TPEx,4580,捷流閥業,90.70,91.30,90.70,91.00,+0.30,35287,3211052,39
2023-09-25,TPEx,4584,君帆,45.60,45.85,44.60,45.85,+0.25,9053,409087,11
2023-09-25,TPEx,4609,唐鋒,7.30,7.30,7.30,7.30,0.00,1001,7307,2
2023-09-25,TPEx,4702,中美實,13.10,13.10,12.95,13.05,-0.05,55779,727617,118
2023-09-25,TPEx,4706,大恭,25.80,26.80,25.80,26.35,+0.45,141420,3723955,82
2023-09-25,TPEx,4707,磐亞,12.20,12.20,12.15,12.20,+0.05,211058,2571806,132
2023-09-25,TPEx,4711,永純,15.90,15.90,15.85,15.85,+0.20,3393,53964,35
2023-09-25,TPEx,4712,南璋,3.90,3.90,3.90,3.90,-0.02,13004,50716,10
2023-09-25,TPEx,4714,永捷,13.30,13.30,13.05,13.30,+0.15,418601,5509944,171
2023-09-25,TPEx,4716,大立,12.70,12.75,12.55,12.55,-0.10,122516,1549876,142
2023-09-25,TPEx,4721,美琪瑪,83.50,83.50,82.80,83.00,+0.70,79963,6644831,237
2023-09-25,TPEx,4726,永昕,38.30,39.00,38.30,38.90,+0.60,157675,6113538,138
2023-09-25,TPEx,4728,雙美,193.50,197.50,193.50,194.50,+1.00,42341,8293325,83
2023-09-25,TPEx,4729,熒茂,16.20,16.30,16.05,16.10,+0.05,14595,234430,14
2023-09-25,TPEx,4735,豪展,37.50,37.50,37.35,37.50,0.00,7103,265769,22
2023-09-25,TPEx,4736,泰博,148.00,150.00,148.00,150.00,+2.00,165070,24620771,263
2023-09-25,TPEx,4741,泓瀚,39.00,39.20,38.75,38.75,+0.35,26000,1016100,19
2023-09-25,TPEx,4743,合一,177.00,182.00,176.50,178.50,+2.00,1204832,216410349,1200
2023-09-25,TPEx,4744,皇將,29.40,30.15,29.40,30.10,+0.40,155631,4649721,114
2023-09-25,TPEx,4745,合富-KY,25.00,25.10,25.00,25.10,+0.15,10261,256610,11
2023-09-25,TPEx,4747,強生,97.90,100.00,97.50,98.00,+0.10,187916,18513490,450
2023-09-25,TPEx,4754,國碳科,43.30,43.40,43.00,43.40,+0.40,60603,2614328,60
2023-09-25,TPEx,4760,勤凱,78.60,79.20,77.30,77.30,-1.00,63322,4952921,105
2023-09-25,TPEx,4767,誠泰科技,28.00,28.20,28.00,28.20,+0.20,2000,56200,2
2023-09-25,TPEx,4768,晶呈科技,185.50,202.50,185.50,202.50,+18.00,2156050,429265006,2359
2023-09-25,TPEx,4804,大略-KY,4.74,5.05,4.74,4.77,+0.03,42502,205298,29
2023-09-25,TPEx,4903,聯光通,14.90,15.10,14.75,15.10,+0.10,68309,1019426,70
2023-09-25,TPEx,4905,台聯電,69.20,71.50,69.20,70.90,-0.60,11675,822877,15
2023-09-25,TPEx,4907,富宇,39.95,39.95,39.95,39.95,0.00,2283,91124,11
2023-09-25,TPEx,4908,前鼎,76.60,76.80,73.30,73.80,-1.70,14761825,1099816541,9365
2023-09-25,TPEx,4909,新復興,24.50,25.25,24.50,24.70,+0.25,558332,13863615,417
2023-09-25,TPEx,4911,德英,61.20,61.70,59.90,60.30,+0.20,68450,4155436,53
2023-09-25,TPEx,4923,力士,43.80,44.00,43.65,43.90,+0.10,50315,2204399,71
2023-09-25,TPEx,4924,欣厚-KY,11.45,11.45,11.40,11.45,-0.05,45000,515050,6
2023-09-25,TPEx,4931,新盛力,33.00,34.90,32.90,34.00,+1.30,1448297,49603266,1161
2023-09-25,TPEx,4933,友輝,46.75,48.35,46.70,48.30,+1.15,355980,16973749,281
2023-09-25,TPEx,4939,亞電,16.45,16.90,16.45,16.80,+0.35,166685,2790791,112
2023-09-25,TPEx,4944,兆遠,11.60,11.90,11.25,11.35,-0.75,1047150,12011622,590
2023-09-25,TPEx,4945,陞達科技,75.90,76.70,75.20,76.00,+1.10,141035,10732834,158
2023-09-25,TPEx,4946,辣椒,29.85,30.00,29.50,29.50,-0.50,44027,1310301,127
2023-09-25,TPEx,4950,牧東,11.95,11.95,11.50,11.95,0.00,96034,1122562,49
2023-09-25,TPEx,4951,精拓科,63.50,64.90,63.20,64.20,+0.40,46154,2958385,42
2023-09-25,TPEx,4953,緯軟,115.50,117.50,115.50,116.50,0.00,438126,51054732,398
2023-09-25,TPEx,4966,譜瑞-KY,1030.00,1035.00,1015.00,1025.00,+5.00,564963,578690220,716
2023-09-25,TPEx,4971,IET-KY,57.70,58.20,57.60,58.20,+0.20,9015,520193,22
2023-09-25,TPEx,4972,湯石照明,28.15,28.35,28.05,28.35,+0.25,15410,433422,57
2023-09-25,TPEx,4973,廣穎,30.30,30.80,30.15,30.80,+0.50,158365,4835161,173
2023-09-25,TPEx,4974,亞泰,67.80,68.20,67.60,68.00,+0.10,59424,4028210,69
2023-09-25,TPEx,4979,華星光,131.00,134.00,128.00,133.00,0.00,17397113,2274413131,11219
2023-09-25,TPEx,4987,科誠,57.90,58.30,57.90,58.30,+0.20,3730,216810,14
2023-09-25,TPEx,4991,環宇-KY,31.75,32.15,31.75,32.15,+0.35,7018,224673,17
2023-09-25,TPEx,4995,晶達,46.80,46.80,46.00,46.05,-0.15,19237,889409,36
2023-09-25,TPEx,5009,榮剛,45.65,46.80,45.45,46.50,+1.10,7556866,350347509,4137
2023-09-25,TPEx,5011,久陽,20.75,21.25,20.75,21.00,+0.30,138664,2913167,125
2023-09-25,TPEx,5013,強新,34.75,34.75,34.45,34.45,+0.85,3266,112516,9
2023-09-25,TPEx,5014,建錩,13.40,13.55,13.40,13.50,+0.10,62214,836482,53
2023-09-25,TPEx,5015,華祺,43.80,43.80,43.45,43.50,0.00,35415,1542563,31
2023-09-25,TPEx,5016,松和,28.50,28.50,28.50,28.50,0.00,7000,199500,4
2023-09-25,TPEx,5201,凱衛,30.95,31.45,30.95,31.10,+0.10,25118,781258,38
2023-09-25,TPEx,5202,力新,15.20,15.20,15.10,15.10,-0.05,25253,381748,29
2023-09-25,TPEx,5205,中茂,31.15,31.15,31.15,31.15,+0.10,1263,38989,5
2023-09-25,TPEx,5206,坤悅,23.00,23.40,23.00,23.10,+0.20,101850,2359374,69
2023-09-25,TPEx,5209,新鼎,173.00,174.00,171.50,172.00,0.00,23299,4015181,35
2023-09-25,TPEx,5210,寶碩,22.20,23.80,22.10,23.35,+1.25,799546,18516886,415
2023-09-25,TPEx,5211,蒙恬,24.65,24.70,24.40,24.70,+0.05,59867,1469523,85
2023-09-25,TPEx,5212,凌網,46.20,46.75,45.65,46.00,+0.35,62869,2905990,17
2023-09-25,TPEx,5213,亞昕,25.40,26.15,25.35,25.95,+0.60,606310,15646198,284
2023-09-25,TPEx,5220,萬達光電,28.15,28.15,27.80,27.85,0.00,14020,390508,17
2023-09-25,TPEx,5223,安力-KY,37.85,38.30,37.50,37.90,+0.25,44000,1656600,27
2023-09-25,TPEx,5227,立凱-KY,53.80,54.30,53.20,53.20,-0.10,151121,8133874,336
2023-09-25,TPEx,5228,鈺鎧,22.10,22.10,22.05,22.05,-0.05,4000,88250,3
2023-09-25,TPEx,5230,雷笛克光學,21.40,21.40,21.25,21.35,-0.05,30759,655436,37
2023-09-25,TPEx,5236,凌陽創新,127.00,129.50,125.50,128.50,+1.50,275992,35091592,220
2023-09-25,TPEx,5245,智晶,40.60,41.20,40.40,41.15,0.00,28100,1146065,38
2023-09-25,TPEx,5251,天鉞電,18.10,18.10,18.00,18.05,+0.15,15932,288197,136
2023-09-25,TPEx,5263,智崴,116.00,117.00,116.00,117.00,+1.00,59813,6974871,79
2023-09-25,TPEx,5272,笙科,27.20,27.25,27.00,27.25,+0.15,28054,759378,30
2023-09-25,TPEx,5274,信驊,2560.00,2715.00,2560.00,2590.00,+30.00,557270,1472310270,1161
2023-09-25,TPEx,5276,達輝-KY,13.85,13.85,13.75,13.80,-0.20,8001,110414,9
2023-09-25,TPEx,5278,尚凡,180.00,180.00,179.50,179.50,-0.50,8285,1488404,21
2023-09-25,TPEx,5281,大峽谷-KY,16.10,16.10,15.95,15.95,-0.15,49000,785450,14
2023-09-25,TPEx,5287,數字,202.50,203.50,202.50,202.50,0.00,15386,3126641,98
2023-09-25,TPEx,5289,宜鼎,305.00,311.00,298.50,308.00,+6.00,1065187,326323228,3192
2023-09-25,TPEx,5291,邑昇,27.45,27.50,27.40,27.50,+0.05,89172,2448361,18
2023-09-25,TPEx,5299,杰力,123.50,126.00,123.50,125.00,+1.50,58357,7293871,70
2023-09-25,TPEx,5301,寶得利,12.85,13.20,12.85,13.20,+0.05,140087,1822031,100
2023-09-25,TPEx,5302,太欣,10.20,10.20,9.95,10.10,0.00,152554,1536730,79
2023-09-25,TPEx,5309,系統電,35.00,35.60,35.00,35.55,+0.25,534861,18920402,255
2023-09-25,TPEx,5310,天剛,23.90,23.90,23.85,23.85,-0.20,3036,72427,6
2023-09-25,TPEx,5312,寶島科,80.10,80.70,79.90,80.40,+0.50,87211,6987783,67
2023-09-25,TPEx,5314,世紀,40.65,40.65,39.05,39.65,-1.00,8219,323405,23
2023-09-25,TPEx,5315,光聯,19.00,19.00,18.75,18.80,-0.05,139061,2615917,82
2023-09-25,TPEx,5321,美而快,125.50,130.00,125.50,128.00,+4.50,722574,91960721,705
2023-09-25,TPEx,5324,士開,9.45,9.66,9.44,9.44,-0.02,5049572,47676776,80
2023-09-25,TPEx,5328,華容,14.30,14.45,14.05,14.30,+0.15,595211,8522963,335
2023-09-25,TPEx,5340,建榮,63.00,66.20,63.00,64.80,+2.20,1622292,105270556,1178
2023-09-25,TPEx,5344,立衛,18.00,18.25,17.85,18.00,0.00,46387,838928,44
2023-09-25,TPEx,5345,天揚,14.25,14.25,14.25,14.25,+0.50,4237,59527,24
2023-09-25,TPEx,5347,世界,69.00,69.90,68.70,69.50,+0.50,4932980,342961329,2538
2023-09-25,TPEx,5348,系通,17.90,18.30,17.90,18.20,+0.30,54351,983488,55
2023-09-25,TPEx,5351,鈺創,42.00,42.65,41.85,41.85,-0.15,917516,38752967,855
2023-09-25,TPEx,5353,台林,38.50,40.00,38.30,39.25,+0.95,981345,38648813,658
2023-09-25,TPEx,5355,佳總,7.42,7.45,7.41,7.45,+0.03,85016,630886,35
2023-09-25,TPEx,5356,協益,29.55,29.70,29.50,29.60,+0.05,478691,14164469,132
2023-09-25,TPEx,5364,力麗店,26.30,26.30,26.25,26.25,+0.05,2501,65350,5
2023-09-25,TPEx,5371,中光電,79.60,80.80,79.60,80.00,+0.60,1648984,132313371,1644
2023-09-25,TPEx,5381,合正,28.50,29.00,27.55,27.55,-0.90,4705228,133094821,2350
2023-09-25,TPEx,5383,金利,30.30,30.30,30.00,30.05,-0.05,30124,905776,19
2023-09-25,TPEx,5386,青雲,52.20,52.20,51.50,51.60,+0.10,83519,4319399,112
2023-09-25,TPEx,5392,能率,24.55,25.20,24.30,24.55,0.00,717460,17818904,271
2023-09-25,TPEx,5398,慕康生醫,12.55,12.55,12.55,12.55,0.00,7278,91369,29
2023-09-25,TPEx,5403,中菲,102.00,102.50,101.50,102.00,0.00,99889,10199081,153
2023-09-25,TPEx,5410,國眾,33.70,33.95,33.60,33.85,+0.25,386298,13038795,445
2023-09-25,TPEx,5425,台半,83.90,86.90,83.70,86.60,+3.50,4403636,379207963,3804
2023-09-25,TPEx,5426,振發,13.40,13.45,13.25,13.25,+0.05,300945,3999932,140
2023-09-25,TPEx,5432,新門,55.40,58.70,55.40,58.30,+2.90,515098,29715238,484
2023-09-25,TPEx,5438,東友,17.55,17.80,17.55,17.70,+0.15,21008,370839,22
2023-09-25,TPEx,5439,高技,87.00,87.30,85.40,85.70,-1.30,1083266,93196610,1231
2023-09-25,TPEx,5443,均豪,31.00,31.20,30.80,30.85,+0.05,203801,6316869,202
2023-09-25,TPEx,5450,南良,18.05,18.05,17.80,17.80,-0.05,8002,143034,10
2023-09-25,TPEx,5452,佶優,20.90,22.50,20.90,22.15,+1.25,1890920,41483206,1112
2023-09-25,TPEx,5455,昇益,,,,,,30,813,5
2023-09-25,TPEx,5457,宣德,53.40,55.00,53.40,54.40,+0.80,618583,33709828,575
2023-09-25,TPEx,5460,同協,13.20,14.45,13.20,14.45,+1.30,1364066,19504868,790
2023-09-25,TPEx,5464,霖宏,27.60,27.80,27.55,27.75,+0.20,47050,1300082,33
2023-09-25,TPEx,5465,富驊,43.25,47.40,43.25,47.40,+4.30,4471704,205735828,3036
2023-09-25,TPEx,5468,凱鈺,16.45,16.70,16.45,16.45,0.00,21001,347016,17
2023-09-25,TPEx,5474,聰泰,127.50,130.00,127.00,129.00,+1.00,391836,50469410,413
2023-09-25,TPEx,5475,德宏,12.70,13.60,12.65,13.45,+0.85,728035,9666434,423
2023-09-25,TPEx,5478,智冠,95.10,97.30,95.10,97.20,+2.10,180585,17333360,186
2023-09-25,TPEx,5481,新華,13.25,13.30,13.20,13.30,+0.05,104314,1381660,93
2023-09-25,TPEx,5483,中美晶,160.00,161.00,159.00,160.50,+0.50,1924042,307861145,1368
2023-09-25,TPEx,5487,通泰,26.05,26.10,26.05,26.10,+0.10,4023,104847,7
2023-09-25,TPEx,5488,松普,12.85,12.90,12.75,12.80,+0.05,234196,3005557,121
2023-09-25,TPEx,5489,彩富,36.60,36.95,36.55,36.75,-0.05,10148,372601,26
2023-09-25,TPEx,5490,同亨,22.10,22.25,21.95,22.00,0.00,79706,1758175,179
2023-09-25,TPEx,5493,三聯,48.60,48.80,48.30,48.80,+0.60,4000,194000,4
2023-09-25,TPEx,5498,凱崴,11.00,11.00,10.90,11.00,+0.05,165947,1817203,141
2023-09-25,TPEx,5508,永信建,76.30,76.30,75.00,75.70,-0.60,106849,8078569,415
2023-09-25,TPEx,5511,德昌,71.40,72.00,71.00,71.70,+0.90,194751,13924384,161
2023-09-25,TPEx,5512,力麒,9.30,9.33,9.28,9.32,+0.03,421036,3914649,190
2023-09-25,TPEx,5514,三豐,20.20,20.40,20.20,20.40,0.00,3001,60870,4
2023-09-25,TPEx,5516,雙喜,29.05,29.05,28.90,28.90,-0.10,28375,822082,26
2023-09-25,TPEx,5520,力泰,63.50,63.60,62.30,62.70,+0.50,4000,252100,4
2023-09-25,TPEx,5523,豐謙,25.10,25.10,25.00,25.10,+0.10,19000,475900,10
2023-09-25,TPEx,5529,鉅陞,20.00,21.00,20.00,20.20,-0.05,94246,1922091,129
2023-09-25,TPEx,5530,龍巖,36.85,36.85,36.55,36.70,+0.15,46501,1707098,76
2023-09-25,TPEx,5536,聖暉*,154.00,157.50,153.50,157.00,+3.50,379001,59221255,360
2023-09-25,TPEx,5543,桓鼎-KY,,,,,,0,0,0
2023-09-25,TPEx,5601,台聯櫃,,,,,,0,0,0
2023-09-25,TPEx,5603,陸海,20.10,20.40,20.10,20.25,0.00,36684,743463,61
2023-09-25,TPEx,5604,中連,45.50,45.80,45.45,45.80,+0.30,28020,1275408,22
2023-09-25,TPEx,5609,中菲行,78.70,79.60,78.50,79.60,+0.90,145394,11510926,315
2023-09-25,TPEx,5701,劍湖山,6.68,6.90,6.64,6.75,+0.06,48846,329922,63
2023-09-25,TPEx,5703,亞都,23.60,24.20,23.35,23.95,+0.35,53330,1269308,46
2023-09-25,TPEx,5704,老爺知,45.95,46.50,45.80,46.40,+0.40,30311,1403508,66
2023-09-25,TPEx,5864,致和證,18.65,18.95,18.65,18.95,+0.05,307200,5786226,167
2023-09-25,TPEx,5878,台名,48.35,48.45,48.15,48.45,+0.05,3092,149413,8
2023-09-25,TPEx,5902,德記,35.40,35.40,34.70,35.00,+0.10,15123,529665,16
2023-09-25,TPEx,5903,全家,198.50,199.00,197.00,197.00,-0.50,63549,12567672,348
2023-09-25,TPEx,5904,寶雅,493.50,505.00,493.50,504.00,+12.00,223022,112088311,696
2023-09-25,TPEx,5905,南仁湖,12.65,12.90,12.65,12.85,+0.20,310502,3970125,163
2023-09-25,TPEx,6015,宏遠證,10.55,10.70,10.55,10.70,+0.10,118975,1266835,122
2023-09-25,TPEx,6016,康和證,13.45,13.55,13.45,13.55,+0.10,335546,4530991,233
2023-09-25,TPEx,6020,大展證,18.80,18.80,18.60,18.70,-0.10,13100,244610,10
2023-09-25,TPEx,6021,美好證,14.65,14.65,14.65,14.65,-0.15,2000,29300,1
2023-09-25,TPEx,6023,元大期,58.10,58.40,58.10,58.30,+0.20,32098,1870725,99
2023-09-25,TPEx,6026,福邦證,11.65,11.80,11.65,11.80,+0.15,220512,2589612,166
2023-09-25,TPEx,6101,寬魚國際,39.95,40.85,39.10,40.10,+0.30,364972,14619291,338
2023-09-25,TPEx,6103,合邦,37.35,37.90,37.35,37.90,+0.50,2003,75362,4
2023-09-25,TPEx,6104,創惟,110.00,110.50,108.00,108.50,-1.00,869420,94898863,754
2023-09-25,TPEx,6109,亞元,14.20,14.25,14.15,14.15,+0.10,140350,1991267,58
2023-09-25,TPEx,6111,大宇資,66.10,67.90,65.80,67.60,+1.60,1028279,69189899,759
2023-09-25,TPEx,6113,亞矽,14.20,14.45,14.20,14.35,+0.15,228206,3276352,115
2023-09-25,TPEx,6114,久威,30.20,30.80,30.20,30.45,+0.25,50706,1544585,67
2023-09-25,TPEx,6118,建達,29.10,29.20,28.55,28.55,-0.55,682005,19629193,498
2023-09-25,TPEx,6121,新普,335.50,340.50,335.00,340.50,+5.00,525887,177983150,625
2023-09-25,TPEx,6122,擎邦,48.50,51.40,48.35,48.90,+0.40,5743916,285383713,4086
2023-09-25,TPEx,6123,上奇,70.40,71.30,70.20,70.50,+0.70,138639,9801466,209
2023-09-25,TPEx,6124,業強,31.65,31.80,31.60,31.60,-0.05,36512,1157593,128
2023-09-25,TPEx,6125,廣運,61.50,62.70,61.30,61.90,+0.50,3714021,230264620,3073
2023-09-25,TPEx,6126,信音,29.30,30.10,29.25,29.55,+0.30,919904,27403130,543
2023-09-25,TPEx,6127,九豪,22.95,23.20,22.75,23.20,+0.45,96014,2214768,83
2023-09-25,TPEx,6129,普誠,29.20,29.65,29.05,29.20,+0.10,226074,6633341,180
2023-09-25,TPEx,6130,上亞科技,32.90,33.10,32.90,33.10,+0.20,20068,662775,28
2023-09-25,TPEx,6134,萬旭,19.85,19.95,19.75,19.80,0.00,52106,1033371,43
2023-09-25,TPEx,6138,茂達,144.50,147.50,144.00,144.50,0.00,485876,70764074,475
2023-09-25,TPEx,6140,訊達,19.10,19.25,19.05,19.25,+0.10,22002,421038,17
2023-09-25,TPEx,6143,振曜,75.60,78.30,74.50,76.60,+3.40,2474687,189739278,2034
2023-09-25,TPEx,6144,得利影,13.50,13.50,13.20,13.30,-0.25,5000,66600,5
2023-09-25,TPEx,6146,耕興,242.50,242.50,238.50,238.50,-1.50,255600,61287554,382
2023-09-25,TPEx,6147,頎邦,68.50,69.00,67.90,68.50,0.00,2486920,170000117,1816
2023-09-25,TPEx,6148,驊宏資,30.80,31.30,30.75,31.15,+0.35,168913,5242988,131
2023-09-25,TPEx,6150,撼訊,83.70,83.80,81.90,81.90,-1.40,1257649,103771095,1406
2023-09-25,TPEx,6151,晉倫,27.15,27.20,26.60,26.70,+0.05,29323,781736,30
2023-09-25,TPEx,6154,順發,15.80,15.80,15.65,15.65,-0.15,4460,70274,19
2023-09-25,TPEx,6156,松上,21.15,21.85,21.15,21.85,+0.65,565635,12199609,344
2023-09-25,TPEx,6158,禾昌,36.55,37.35,36.20,37.10,+0.70,619512,22851103,515
2023-09-25,TPEx,6160,欣技,24.60,24.85,24.45,24.70,+0.35,91482,2259835,85
2023-09-25,TPEx,6161,捷波,38.60,38.95,38.55,38.80,+0.10,115781,4494898,108
2023-09-25,TPEx,6163,華電網,17.00,17.15,16.90,16.95,0.00,141158,2400493,107
2023-09-25,TPEx,6167,久正,16.40,16.55,16.40,16.40,0.00,525831,8654858,257
2023-09-25,TPEx,6169,昱泉,22.70,22.70,22.25,22.35,-0.50,143349,3211528,132
2023-09-25,TPEx,6170,統振,55.40,55.70,54.00,55.50,-0.20,490499,27081602,343
2023-09-25,TPEx,6171,大城地產,21.50,21.55,21.40,21.50,0.00,20193,433247,21
2023-09-25,TPEx,6173,信昌電,46.00,46.55,45.90,46.05,-0.40,304948,14066966,303
2023-09-25,TPEx,6174,安碁,22.90,22.90,22.70,22.70,-0.50,26089,593788,25
2023-09-25,TPEx,6175,立敦,36.55,37.20,36.55,37.05,+0.35,152310,5609087,103
2023-09-25,TPEx,6179,亞通,29.40,29.60,29.15,29.25,-0.10,201542,5901878,173
2023-09-25,TPEx,6180,橘子,66.00,67.30,66.00,66.50,+0.50,312335,20801883,342
2023-09-25,TPEx,6182,合晶,45.20,45.40,44.55,44.95,-0.25,2325905,104742603,1774
2023-09-25,TPEx,6185,幃翔,16.55,16.90,16.55,16.80,+0.25,228001,3813254,137
2023-09-25,TPEx,6186,新潤,51.70,52.00,51.60,51.70,-0.30,365977,18934865,324
2023-09-25,TPEx,6187,萬潤,103.00,107.50,100.50,105.00,+4.00,5582959,581169381,4624
2023-09-25,TPEx,6188,廣明,82.00,83.20,81.30,83.00,+1.10,2641995,217656430,2164
2023-09-25,TPEx,6190,萬泰科,33.85,34.25,33.65,33.85,-0.15,708980,24057979,534
2023-09-25,TPEx,6194,育富,32.65,32.65,32.20,32.30,+0.10,86433,2795847,108
2023-09-25,TPEx,6195,詩肯,41.10,41.20,40.45,40.45,-0.60,277903,11336612,452
2023-09-25,TPEx,6198,瑞築,34.20,34.20,32.15,32.95,-0.20,112569,3704072,76
2023-09-25,TPEx,6199,天品,17.50,18.00,17.45,18.00,+0.25,18000,315550,7
2023-09-25,TPEx,6203,海韻電,95.90,97.30,95.90,97.30,+1.70,301443,29194586,411
2023-09-25,TPEx,6204,艾華,60.50,63.60,58.60,63.40,+3.90,428412,26644424,541
2023-09-25,TPEx,6207,雷科,30.70,30.75,30.00,30.55,+0.10,116413,3558161,137
2023-09-25,TPEx,6208,日揚,48.45,48.45,48.00,48.00,-0.40,37409,1801956,44
2023-09-25,TPEx,6210,慶生,31.50,31.50,31.20,31.20,-0.30,10172,319480,13
2023-09-25,TPEx,6212,理銘,46.00,48.00,45.35,46.05,-0.75,59001,2769901,42
2023-09-25,TPEx,6217,中探針,44.35,45.00,44.30,44.70,+0.65,197077,8807546,229
2023-09-25,TPEx,6218,豪勉,28.60,28.60,28.10,28.30,+0.05,231552,6552270,139
2023-09-25,TPEx,6219,富旺,24.80,24.95,24.60,24.60,-0.40,365839,9051535,218
2023-09-25,TPEx,6220,岳豐,28.35,28.65,28.35,28.55,+0.20,750777,21407057,423
2023-09-25,TPEx,6221,晉泰,63.50,64.00,63.40,63.70,+0.20,17257,1098397,54
2023-09-25,TPEx,6222,上揚,21.00,21.45,20.90,21.00,0.00,72184,1526964,51
2023-09-25,TPEx,6223,旺矽,212.50,214.00,210.50,211.00,-1.00,1351250,286195834,1477
2023-09-25,TPEx,6227,茂綸,41.30,41.50,41.30,41.50,+0.30,46074,1909331,36
2023-09-25,TPEx,6228,全譜,12.10,12.10,11.80,11.80,-0.35,45699,545245,66
2023-09-25,TPEx,6229,研通,26.05,26.20,26.05,26.10,+0.05,21202,553651,25
2023-09-25,TPEx,6231,系微,151.00,155.50,150.00,153.00,+3.00,1200658,184208437,1095
2023-09-25,TPEx,6233,旺玖,23.75,24.25,23.75,24.10,-0.10,74414,1796516,84
2023-09-25,TPEx,6234,高僑,30.45,30.70,30.45,30.65,+0.35,208572,6384324,177
2023-09-25,TPEx,6236,中湛,29.80,30.00,29.80,30.00,+0.20,5000,149200,4
2023-09-25,TPEx,6237,驊訊,40.10,40.15,38.40,38.40,-0.80,266207,10435715,337
2023-09-25,TPEx,6240,松崗,19.70,19.70,19.25,19.25,-0.10,18030,351330,21
2023-09-25,TPEx,6241,易通展,12.75,13.00,12.75,12.80,-0.10,26012,333856,28
2023-09-25,TPEx,6242,立康,,,,,,506,28163,5
2023-09-25,TPEx,6244,茂迪,26.70,27.05,26.65,26.65,+0.10,754268,20252517,557
2023-09-25,TPEx,6245,立端,93.30,93.70,92.60,92.60,-0.70,716824,66665925,983
2023-09-25,TPEx,6246,臺龍,12.25,12.30,12.25,12.30,+0.05,4651,57011,31
2023-09-25,TPEx,6248,沛波,27.00,27.40,27.00,27.25,+0.10,109765,2987590,84
2023-09-25,TPEx,6259,百徽,19.40,19.40,19.20,19.40,+0.15,3001,58019,4
2023-09-25,TPEx,6261,久元,56.30,56.60,56.20,56.30,+0.30,63827,3598377,86
2023-09-25,TPEx,6263,普萊德,123.00,124.00,121.50,121.50,-1.50,117986,14450010,245
2023-09-25,TPEx,6264,富裔,7.63,7.66,7.56,7.65,+0.02,41258,313103,20
2023-09-25,TPEx,6265,方土昶,10.10,10.10,10.05,10.05,0.00,47227,475032,64
2023-09-25,TPEx,6266,泰詠,33.30,33.50,33.20,33.25,+0.10,193289,6446686,187
2023-09-25,TPEx,6270,倍微,21.55,21.75,21.55,21.65,+0.05,67240,1455658,48
2023-09-25,TPEx,6274,台燿,132.50,137.50,128.00,137.00,+6.50,33094640,4436451083,21351
2023-09-25,TPEx,6275,元山,46.60,47.15,45.85,45.90,-0.70,1234403,57353904,836
2023-09-25,TPEx,6276,安鈦克,39.65,39.65,38.25,38.40,-0.40,117737,4548992,168
2023-09-25,TPEx,6279,胡連,150.00,152.50,150.00,151.50,+2.50,711040,107692377,618
2023-09-25,TPEx,6284,佳邦,60.90,62.50,60.80,62.20,+1.30,1558143,96497093,1287
2023-09-25,TPEx,6287,元隆,,,,,,222,3740,1
2023-09-25,TPEx,6290,良維,59.20,62.40,59.20,61.50,+2.80,5147515,315627722,3512
2023-09-25,TPEx,6291,沛亨,232.00,233.50,226.00,227.00,-0.50,70770,16252289,219
2023-09-25,TPEx,6292,迅德,46.70,47.00,46.70,46.80,+0.10,43288,2032936,23
2023-09-25,TPEx,6294,智基,114.00,114.50,113.50,114.00,0.00,18634,2121405,43
2023-09-25,TPEx,6404,通訊-KY,16.95,17.30,16.95,17.30,+0.20,9416,159760,13
2023-09-25,TPEx,6411,晶焱,112.00,113.50,112.00,113.00,+1.00,393122,44384638,346
2023-09-25,TPEx,6417,韋僑,108.50,110.00,107.00,110.00,+1.50,106359,11540914,93
2023-09-25,TPEx,6418,詠昇,25.60,26.20,24.40,24.75,-0.15,4075711,102405307,2277
2023-09-25,TPEx,6419,京晨科,42.65,45.05,42.65,44.90,+0.40,34942,1562194,39
2023-09-25,TPEx,6425,易發,,,,,,0,0,0
2023-09-25,TPEx,6432,今展科,38.00,38.00,37.45,37.65,0.00,88704,3335537,94
2023-09-25,TPEx,6435,大中,94.60,95.60,94.60,95.40,-0.20,26217,2497546,822
2023-09-25,TPEx,6441,廣錠,52.00,52.20,51.00,51.90,-0.20,57771,2996729,112
2023-09-25,TPEx,6446,藥華藥,340.00,346.50,336.50,343.00,+9.00,1298780,444851000,1621
2023-09-25,TPEx,6457,紘康,50.50,50.50,50.00,50.10,-0.40,25638,1285949,114
2023-09-25,TPEx,6461,益得,28.55,29.20,28.55,29.20,+0.85,153505,4455638,127
2023-09-25,TPEx,6462,神盾,84.00,85.60,84.00,84.50,+0.60,155906,13231955,165
2023-09-25,TPEx,6465,威潤,19.05,19.05,19.05,19.05,+0.05,1000,19050,1
2023-09-25,TPEx,6469,大樹,344.00,353.50,344.00,352.00,+8.00,319801,112085166,823
2023-09-25,TPEx,6470,宇智,70.30,71.40,70.20,70.90,+0.60,235203,16690135,218
2023-09-25,TPEx,6472,保瑞,641.00,667.00,640.00,654.00,+15.00,1837943,1205870223,2969
2023-09-25,TPEx,6482,弘煜科,34.15,34.20,34.15,34.20,-0.20,4150,141917,5
2023-09-25,TPEx,6485,點序,110.00,111.50,108.00,108.00,-1.50,6127630,670524638,3624
2023-09-25,TPEx,6486,互動,70.60,71.00,70.50,71.00,+0.50,35537,2512872,50
2023-09-25,TPEx,6488,環球晶,476.00,478.50,472.50,474.00,-0.50,608727,289343489,856
2023-09-25,TPEx,6492,生華科,43.60,43.95,43.20,43.20,-0.20,47728,2073142,70
2023-09-25,TPEx,6494,九齊,63.30,63.60,63.00,63.20,+0.50,61316,3876541,92
2023-09-25,TPEx,6496,科懋,28.70,28.80,28.70,28.75,-0.10,8143,234134,65
2023-09-25,TPEx,6499,益安,47.80,48.10,47.65,48.00,0.00,20738,995374,21
2023-09-25,TPEx,6506,雙邦,17.55,17.60,17.50,17.50,-0.10,14006,245435,18
2023-09-25,TPEx,6508,惠光,34.05,34.40,34.05,34.30,+0.25,30736,1052180,49
2023-09-25,TPEx,6509,聚和,38.15,38.55,38.10,38.40,+0.30,130255,4999748,141
2023-09-25,TPEx,6510,精測,529.00,529.00,520.00,521.00,-8.00,46222,24167327,121
2023-09-25,TPEx,6512,啟發電,20.45,20.50,20.40,20.45,0.00,15260,312285,49
2023-09-25,TPEx,6514,芮特-KY,49.30,51.10,49.30,50.20,+1.25,87031,4398113,83
2023-09-25,TPEx,6516,勤崴國際,87.50,87.90,87.40,87.90,-0.20,12046,1054739,21
2023-09-25,TPEx,6517,保勝光學,77.70,78.70,77.50,78.10,+0.90,153393,11963172,157
2023-09-25,TPEx,6523,達爾膚,142.00,144.00,140.00,142.50,+3.00,164146,23334629,186
2023-09-25,TPEx,6527,明達醫,84.90,87.80,84.90,87.60,+2.80,63507,5479686,94
2023-09-25,TPEx,6530,創威,38.10,39.45,35.40,35.65,-1.20,7700868,291061661,5110
2023-09-25,TPEx,6532,瑞耘,58.90,59.90,58.80,59.60,+1.10,314110,18678874,300
2023-09-25,TPEx,6535,順藥,59.70,60.50,59.60,60.30,+0.60,188015,11304101,127
2023-09-25,TPEx,6538,倉和,155.50,163.00,155.50,159.00,+4.50,577596,92218170,643
2023-09-25,TPEx,6542,隆中,,,,,,0,0,0
2023-09-25,TPEx,6546,正基,84.90,86.60,84.90,86.40,+1.60,424585,36487013,327
2023-09-25,TPEx,6547,高端疫苗,72.80,74.10,72.20,73.30,+0.40,1655826,121463788,1756
2023-09-25,TPEx,6548,長科*,33.60,34.15,33.60,33.75,+0.10,358947,12166532,284
2023-09-25,TPEx,6556,勝品,84.80,85.00,84.40,84.50,+0.10,24314,2055773,84
2023-09-25,TPEx,6560,欣普羅,31.30,31.30,29.95,30.00,+0.80,53919,1633537,58
2023-09-25,TPEx,6561,是方,350.50,355.50,350.50,355.50,+3.50,25387,8960607,157
2023-09-25,TPEx,6568,宏觀,134.00,137.00,133.00,135.50,+3.00,209619,28330837,183
2023-09-25,TPEx,6569,醫揚,170.00,170.00,165.50,168.50,-1.50,86305,14442936,283
2023-09-25,TPEx,6570,維田,54.60,55.00,54.60,54.80,+0.10,38228,2091937,93
2023-09-25,TPEx,6574,霈方,51.70,52.00,51.60,51.60,-0.10,3076,159230,9
2023-09-25,TPEx,6576,逸達,79.70,80.20,79.40,80.20,+0.20,115566,9241117,128
2023-09-25,TPEx,6577,勁豐,91.10,93.80,91.10,93.00,+1.10,52010,4834526,42
2023-09-25,TPEx,6578,達邦蛋白,17.20,17.60,17.20,17.30,+0.20,145741,2537400,103
2023-09-25,TPEx,6584,南俊國際,69.60,70.50,68.00,70.50,+1.20,87626,6097659,184
2023-09-25,TPEx,6588,東典光電,30.00,30.75,30.00,30.75,+0.90,11013,333852,22
2023-09-25,TPEx,6589,台康生技,96.60,99.00,96.60,98.50,+2.00,579642,56798120,542
2023-09-25,TPEx,6590,普鴻,84.60,84.60,84.30,84.50,-0.10,22128,1870056,29
2023-09-25,TPEx,6593,台灣銘板,64.10,66.60,64.10,65.00,+0.90,94268,6102126,96
2023-09-25,TPEx,6596,寬宏藝術,49.55,51.60,49.55,50.80,+1.80,150599,7664353,154
2023-09-25,TPEx,6603,富強鑫,15.30,15.45,15.30,15.35,+0.05,250585,3844131,82
2023-09-25,TPEx,6609,瀧澤科,30.90,31.30,30.90,31.05,+0.30,37587,1170605,38
2023-09-25,TPEx,6612,奈米醫材,131.00,135.00,131.00,132.50,+2.50,69551,9290160,69
2023-09-25,TPEx,6613,朋億*,124.50,127.00,123.50,126.00,+1.50,299514,37674186,227
2023-09-25,TPEx,6615,慧智,40.85,40.85,40.00,40.75,+0.40,7255,294436,6
2023-09-25,TPEx,6616,特昇-KY,14.05,14.15,13.85,13.90,,25000,347800,16
2023-09-25,TPEx,6624,萬年清,,,,,,0,0,0
2023-09-25,TPEx,6629,泰金-KY,47.95,48.00,47.95,48.00,-0.20,2000,95950,2
2023-09-25,TPEx,6640,均華,114.00,118.00,114.00,118.00,+4.00,36020,4157840,30
2023-09-25,TPEx,6642,富致,47.10,47.80,47.00,47.45,+0.50,8209,387532,10
2023-09-25,TPEx,6643,M31,819.00,832.00,807.00,807.00,-9.00,756415,619617217,1052
2023-09-25,TPEx,6649,台生材,34.25,34.95,34.25,34.95,+0.70,7011,240847,16
2023-09-25,TPEx,6651,全宇昕,73.00,76.10,73.00,74.10,+0.40,31302,2311091,30
2023-09-25,TPEx,6654,天正國際,43.50,43.50,43.50,43.50,+0.40,1002,43584,3
2023-09-25,TPEx,6661,威健生技,23.35,23.35,23.30,23.35,+0.65,3000,70000,3
2023-09-25,TPEx,6662,樂斯科,32.00,32.40,32.00,32.40,-0.05,6050,194700,7
2023-09-25,TPEx,6664,群翊,156.00,159.50,155.00,157.00,+2.50,439672,69407799,487
2023-09-25,TPEx,6667,信紘科,73.10,73.30,72.70,72.70,+0.20,96304,7018125,80
2023-09-25,TPEx,6679,鈺太,342.50,348.00,338.50,344.50,+4.50,516324,177481298,435
2023-09-25,TPEx,6680,鑫創電子,80.70,80.70,80.00,80.00,0.00,7140,574281,8
2023-09-25,TPEx,6683,雍智科技,192.00,196.00,192.00,194.00,+4.00,107627,20907004,156
2023-09-25,TPEx,6684,安格,56.40,59.80,54.60,54.60,-1.60,1486510,84486456,1365
2023-09-25,TPEx,6690,安碁資訊,162.00,164.00,161.50,163.50,+1.50,19878,3238186,30
2023-09-25,TPEx,6693,廣閎科,70.40,70.40,68.30,68.30,-0.40,21000,1446900,21
2023-09-25,TPEx,6697,東捷資訊,49.55,49.85,49.40,49.55,-0.15,45397,2249978,48
2023-09-25,TPEx,6703,軒郁,248.50,257.00,247.00,248.00,-0.50,191866,48267519,382
2023-09-25,TPEx,6708,天擎,47.05,47.50,47.00,47.50,+0.45,6000,283550,6
2023-09-25,TPEx,6712,長聖,195.00,202.00,194.50,201.00,+7.00,1555405,310585837,1894
2023-09-25,TPEx,6716,應廣,81.80,82.00,80.50,80.80,-1.20,21204,1722677,24
2023-09-25,TPEx,6721,信實,51.30,51.80,51.30,51.80,0.00,3520,181996,6
2023-09-25,TPEx,6727,亞泰金屬,56.40,56.50,55.70,55.70,+0.60,32845,1841791,62
2023-09-25,TPEx,6728,上洋,128.00,128.00,127.50,127.50,-0.50,5449,694394,47
2023-09-25,TPEx,6732,昇佳電子,375.50,386.00,370.00,381.50,+6.00,709767,270929917,911
2023-09-25,TPEx,6733,博晟生醫,36.10,36.65,36.10,36.65,+0.55,77105,2814420,71
2023-09-25,TPEx,6735,美達科技,47.60,47.80,47.00,47.70,+0.20,147909,6959681,53
2023-09-25,TPEx,6741,91APP*-KY,98.50,100.50,98.50,98.70,+0.20,301940,30038989,283
2023-09-25,TPEx,6747,亨泰光,195.00,199.00,189.50,194.00,-1.00,98362,19053466,155
2023-09-25,TPEx,6751,智聯服務,86.60,86.60,85.00,85.80,+1.30,6575,564362,19
2023-09-25,TPEx,6752,叡揚,106.50,107.50,104.50,106.50,0.00,40495,4300026,42
2023-09-25,TPEx,6761,穩得,79.10,79.40,79.10,79.30,-0.70,6479,513661,21
2023-09-25,TPEx,6762,達亞,250.00,250.00,250.00,250.00,0.00,1261,315238,262
2023-09-25,TPEx,6763,綠界科技,437.00,437.00,427.50,427.50,-2.50,101680,43560755,110
2023-09-25,TPEx,6767,台微醫,40.50,40.50,40.05,40.15,-0.05,11105,446059,12
2023-09-25,TPEx,6788,華景電,138.00,138.50,136.50,137.50,+1.00,189928,26085913,182
2023-09-25,TPEx,6791,虎門科技,85.10,86.20,85.10,86.20,+0.70,6145,525678,12
2023-09-25,TPEx,6803,崑鼎,317.50,318.00,317.00,317.00,-0.50,9125,2897934,127
2023-09-25,TPEx,6804,明係,62.50,63.00,61.60,62.90,+0.80,71565,4474383,62
2023-09-25,TPEx,6811,宏碁資訊,265.00,267.50,258.00,261.00,-2.00,279248,73237869,786
2023-09-25,TPEx,6821,聯寶,42.10,43.00,42.10,43.00,+0.95,50045,2142812,35
2023-09-25,TPEx,6823,濾能,56.90,56.90,54.80,54.80,-0.70,13828,764649,34
2023-09-25,TPEx,6829,千附精密,112.00,118.50,112.00,116.50,+4.50,1342454,155737649,1186
2023-09-25,TPEx,6840,東研信超,64.00,64.00,64.00,64.00,0.00,1000,64000,1
2023-09-25,TPEx,6841,長佳智能,98.40,98.40,96.80,97.10,-1.10,350420,34132401,415
2023-09-25,TPEx,6843,進典,62.20,62.70,62.10,62.70,-0.20,6000,374500,6
2023-09-25,TPEx,6846,綠茵,81.20,81.20,81.20,81.20,+0.60,1738,140468,20
2023-09-25,TPEx,6855,數泓科,,,,,,2,160,2
2023-09-25,TPEx,6859,伯特光,129.50,129.50,129.00,129.00,0.00,18010,2329295,22
2023-09-25,TPEx,6865,偉康科技,66.50,66.50,66.20,66.50,+0.70,33000,2189500,9
2023-09-25,TPEx,6870,騰雲,146.50,149.00,145.00,148.50,+2.50,154516,22802153,172
2023-09-25,TPEx,6874,倍力,103.50,104.50,102.00,104.50,+1.00,24273,2522044,45
2023-09-25,TPEx,6877,鏵友益,40.05,40.80,40.00,40.10,-0.15,32100,1288050,21
2023-09-25,TPEx,6895,宏碩系統,124.50,125.50,123.00,123.50,-1.00,43802,5452609,67
2023-09-25,TPEx,7402,邑錡,79.60,80.70,79.60,79.90,+0.10,156340,12538784,160
2023-09-25,TPEx,7556,意德士,104.00,106.00,103.50,106.00,+2.00,20535,2151320,37
2023-09-25,TPEx,8024,佑華,21.20,21.20,20.80,21.00,-0.20,27069,566312,41
2023-09-25,TPEx,8027,鈦昇,71.10,72.30,69.30,70.20,+0.20,1552179,109859935,1539
2023-09-25,TPEx,8032,光菱,28.90,29.15,28.90,29.15,+0.25,4010,116160,14
2023-09-25,TPEx,8034,榮群,23.55,24.10,22.80,22.85,-0.50,3641418,85085138,2154
2023-09-25,TPEx,8038,長園科,37.15,37.30,36.75,36.80,+0.30,146906,5431492,143
2023-09-25,TPEx,8040,九暘,44.60,44.60,43.10,43.10,-0.80,168401,7317999,192
2023-09-25,TPEx,8042,金山電,35.00,35.20,34.90,35.20,+0.20,11394,399226,100
2023-09-25,TPEx,8043,蜜望實,26.90,27.65,26.90,27.20,+0.35,41003,1116381,41
2023-09-25,TPEx,8044,網家,42.95,43.60,42.95,43.20,+0.40,241951,10461675,224
2023-09-25,TPEx,8047,星雲,11.60,11.60,11.60,11.60,0.00,1000,11600,1
2023-09-25,TPEx,8048,德勝,80.90,81.70,79.00,79.00,-2.00,1107166,88620024,1450
2023-09-25,TPEx,8049,晶采,36.50,37.10,36.50,36.70,+0.15,286508,10568853,247
2023-09-25,TPEx,8050,廣積,94.40,96.60,94.30,95.00,+0.60,2069411,197639209,1933
2023-09-25,TPEx,8054,安國,39.00,39.45,37.40,37.40,-0.80,2806789,108149412,2000
2023-09-25,TPEx,8059,凱碩,14.50,14.50,14.35,14.40,-0.10,100104,1444393,53
2023-09-25,TPEx,8064,東捷,19.30,19.85,19.30,19.85,+0.30,1094126,21423411,678
2023-09-25,TPEx,8066,來思達,29.25,29.50,29.25,29.50,+0.05,17404,509998,116
2023-09-25,TPEx,8067,志旭,13.95,13.95,13.50,13.80,+0.05,7022,96077,11
2023-09-25,TPEx,8068,全達,45.55,46.05,44.00,44.15,-1.45,2120154,95386979,1669
2023-09-25,TPEx,8069,元太,180.00,184.50,179.00,182.00,+2.50,3558714,648683969,3018
2023-09-25,TPEx,8071,能率網通,15.40,15.45,15.35,15.35,+0.05,106440,1637192,79
2023-09-25,TPEx,8074,鉅橡,19.00,19.00,18.90,19.00,-0.05,30094,571098,55
2023-09-25,TPEx,8076,伍豐,31.35,31.80,31.25,31.50,+0.15,330697,10431257,315
2023-09-25,TPEx,8077,洛碁,38.95,38.95,38.95,38.95,+1.15,1185,46000,12
2023-09-25,TPEx,8080,印鉐,9.39,9.39,9.39,9.39,+0.12,2612,24274,19
2023-09-25,TPEx,8083,瑞穎,152.00,153.00,151.50,152.50,+0.50,76104,11573308,63
2023-09-25,TPEx,8084,巨虹,70.60,72.80,70.60,72.00,+2.00,50674,3648511,49
2023-09-25,TPEx,8085,福華,39.65,40.00,38.80,39.90,+0.50,304602,12046052,221
2023-09-25,TPEx,8086,宏捷科,112.50,113.00,110.00,111.00,-0.50,1704365,189731618,1388
2023-09-25,TPEx,8087,華鎂鑫,54.50,55.60,54.00,54.50,0.00,42404,2325820,46
2023-09-25,TPEx,8088,品安,37.70,39.45,37.45,38.50,+0.95,7007428,271986869,4116
2023-09-25,TPEx,8089,康全電訊,18.80,18.80,18.55,18.55,0.00,29012,538676,26
2023-09-25,TPEx,8091,翔名,85.90,86.70,85.90,86.40,+0.50,58308,5039034,85
2023-09-25,TPEx,8092,建暐,11.35,11.40,11.15,11.15,-0.20,72000,814450,32
2023-09-25,TPEx,8093,保銳,15.10,15.10,14.80,14.85,0.00,71176,1057706,65
2023-09-25,TPEx,8096,擎亞,10.70,10.70,10.50,10.65,+0.05,79085,840499,173
2023-09-25,TPEx,8097,常珵,54.80,54.80,49.95,49.95,-5.55,4958929,249750337,2166
2023-09-25,TPEx,8099,大世科,52.80,54.40,52.60,53.80,+1.20,210975,11300662,122
2023-09-25,TPEx,8107,大億金茂,16.40,16.40,16.30,16.30,+0.10,24003,393298,13
2023-09-25,TPEx,8109,博大,100.50,102.00,100.50,101.00,+0.50,189764,19186917,191
2023-09-25,TPEx,8111,立碁,17.85,17.90,17.65,17.65,-0.15,121442,2155619,93
2023-09-25,TPEx,8121,越峰,25.25,25.60,25.00,25.15,-0.10,106489,2685462,151
2023-09-25,TPEx,8147,正淩,78.10,79.00,77.00,77.00,-0.40,201432,15715556,168
2023-09-25,TPEx,8155,博智,155.00,159.00,153.00,156.50,+4.50,1924552,301454665,1726
2023-09-25,TPEx,8171,天宇,40.45,41.25,40.45,40.55,+0.30,251403,10315015,176
2023-09-25,TPEx,8176,智捷,11.55,11.60,11.35,11.45,-0.05,67890,774171,87
2023-09-25,TPEx,8182,加高,31.15,31.20,30.95,30.95,0.00,14200,441387,16
2023-09-25,TPEx,8183,精星,50.40,50.50,49.95,50.20,0.00,156163,7842436,141
2023-09-25,TPEx,8227,巨有科技,163.00,165.00,160.50,162.00,-0.50,516213,83877991,727
2023-09-25,TPEx,8234,新漢,47.80,48.05,47.00,47.05,,832991,39546024,696
2023-09-25,TPEx,8240,華宏,37.60,37.80,37.35,37.55,+0.20,275365,10347445,177
2023-09-25,TPEx,8255,朋程,168.50,171.50,168.50,171.00,+2.50,224972,38365175,272
2023-09-25,TPEx,8277,商丞,11.60,11.70,11.35,11.55,-0.05,128171,1478808,91
2023-09-25,TPEx,8279,生展,167.00,168.00,166.00,168.00,+1.00,14049,2335183,19
2023-09-25,TPEx,8284,三竹,60.20,60.40,60.20,60.40,+0.20,3005,181201,4
2023-09-25,TPEx,8289,泰藝,33.30,33.60,33.10,33.50,+0.55,428299,14288622,349
2023-09-25,TPEx,8291,尚茂,5.46,6.08,5.46,6.08,+0.15,4483,25076,6
2023-09-25,TPEx,8299,群聯,459.50,461.00,453.50,456.50,-1.00,1363931,623842743,1661
2023-09-25,TPEx,8342,益張,59.70,60.20,59.70,60.00,0.00,16000,960200,9
2023-09-25,TPEx,8349,恒耀,61.60,62.10,61.60,61.90,+0.30,63428,3922708,61
2023-09-25,TPEx,8349A,恒耀甲特,42.25,42.25,42.25,42.25,0.00,3124,132422,8
2023-09-25,TPEx,8354,冠好,14.40,14.50,14.40,14.50,+0.05,569519,8990371,67
2023-09-25,TPEx,8358,金居,63.10,63.60,62.70,63.10,-0.10,2953188,186610238,2450
2023-09-25,TPEx,8383,千附,37.75,37.95,37.60,37.75,0.00,100738,3808170,109
2023-09-25,TPEx,8390,金益鼎,51.20,51.70,51.10,51.50,+0.30,322669,16590659,354
2023-09-25,TPEx,8401,白紗科,20.20,20.50,20.20,20.50,+0.20,39053,795969,28
2023-09-25,TPEx,8403,盛弘,32.20,33.10,32.20,33.10,+0.85,201515,6635644,184
2023-09-25,TPEx,8409,商之器,26.30,27.30,26.25,26.35,-0.05,72420,1914007,96
2023-09-25,TPEx,8410,森田,56.20,56.30,55.50,55.80,-0.40,42654,2383754,45
2023-09-25,TPEx,8415,大國鋼,34.25,34.25,33.75,33.90,-0.10,68260,2315872,56
2023-09-25,TPEx,8416,實威,133.00,134.00,132.50,134.00,+1.50,9464,1260654,18
2023-09-25,TPEx,8418,捷必勝-KY,8.83,8.83,8.83,8.83,0.00,1000,8830,1
2023-09-25,TPEx,8420,明揚,75.80,75.80,75.80,75.80,-8.40,150202,11385246,358
2023-09-25,TPEx,8421,旭源,12.80,12.85,12.70,12.85,0.00,31741,407360,38
2023-09-25,TPEx,8423,保綠-KY,,,,,,333,6972,21
2023-09-25,TPEx,8424,惠普,67.80,68.10,67.80,67.90,0.00,15013,1020393,24
2023-09-25,TPEx,8426,紅木-KY,52.10,52.20,51.60,51.90,-0.10,59917,3110239,59
2023-09-25,TPEx,8431,匯鑽科,60.00,60.80,59.60,60.50,-0.10,203032,12243323,157
2023-09-25,TPEx,8432,東生華,45.25,45.80,45.20,45.35,0.00,37222,1689201,58
2023-09-25,TPEx,8433,弘帆,78.20,78.90,78.20,78.50,+0.20,58268,4577793,59
2023-09-25,TPEx,8435,鉅邁,60.50,60.60,60.40,60.50,0.00,30713,1859212,82
2023-09-25,TPEx,8436,大江,174.50,177.00,173.50,176.00,+1.00,508342,89338983,792
2023-09-25,TPEx,8437,大地-KY,77.00,77.40,77.00,77.10,-0.10,14440,1115839,133
2023-09-25,TPEx,8440,綠電,36.70,37.35,36.70,36.80,-0.15,32625,1204996,61
2023-09-25,TPEx,8444,綠河-KY,35.00,35.50,35.00,35.00,0.00,8164,287803,40
2023-09-25,TPEx,8446,華研,102.00,103.00,101.50,103.00,+1.50,93181,9524678,121
2023-09-25,TPEx,8450,霹靂,23.65,23.65,23.45,23.60,+0.15,7443,175526,40
2023-09-25,TPEx,8455,大拓-KY,,,,,,0,0,0
2023-09-25,TPEx,8472,夠麻吉,31.25,31.25,31.10,31.10,0.00,7002,218110,7
2023-09-25,TPEx,8476,台境,68.60,68.70,67.90,68.00,+0.10,144742,9875756,88
2023-09-25,TPEx,8477,創業家,15.70,15.75,15.30,15.60,+0.10,19506,302054,27
2023-09-25,TPEx,8489,三貝德,24.35,25.30,24.35,25.15,+0.80,104228,2603660,82
2023-09-25,TPEx,8905,裕國,29.00,29.10,28.90,29.00,+0.10,74367,2156177,70
2023-09-25,TPEx,8906,花王,17.10,17.50,17.10,17.50,+0.40,41000,704650,7
2023-09-25,TPEx,8908,欣雄,65.60,66.00,65.50,65.80,+0.20,18203,1196997,28
2023-09-25,TPEx,8916,光隆,53.20,53.60,52.60,52.90,+0.10,359433,19014161,377
2023-09-25,TPEx,8917,欣泰,,,,,,100,7000,1
2023-09-25,TPEx,8921,沈氏,,,,,,0,0,0
2023-09-25,TPEx,8923,時報,18.70,19.10,18.70,19.10,-0.10,4457,84469,9
2023-09-25,TPEx,8924,大田,100.00,100.00,94.80,95.60,+4.60,3350542,327176681,2407
2023-09-25,TPEx,8927,北基,57.30,58.50,57.20,58.10,+0.50,1328268,76896830,719
2023-09-25,TPEx,8928,鉅明,37.00,37.00,34.90,35.45,+1.75,1496349,53736228,1152
2023-09-25,TPEx,8929,富堡,20.80,20.80,20.40,20.40,-0.05,19856,407046,155
2023-09-25,TPEx,8930,青鋼,32.70,32.85,32.15,32.50,-0.15,462501,15004691,376
2023-09-25,TPEx,8931,大汽電,43.90,44.45,43.85,44.20,+0.50,58913,2602249,101
2023-09-25,TPEx,8932,智通,82.00,86.20,82.00,84.00,+3.00,962712,81256477,516
2023-09-25,TPEx,8933,愛地雅,9.95,9.99,9.91,9.99,+0.04,178789,1780217,238
2023-09-25,TPEx,8935,邦泰,12.10,12.10,11.90,12.10,+0.05,22761,272603,37
2023-09-25,TPEx,8936,國統,30.70,32.20,30.65,31.95,+1.10,2224147,70600055,1376
2023-09-25,TPEx,8937,合騏,21.60,21.80,21.50,21.75,+0.15,12000,260300,10
2023-09-25,TPEx,8938,明安,69.00,69.00,69.00,69.00,-7.60,665116,45893004,940
2023-09-25,TPEx,8941,關中,58.70,59.40,58.70,59.40,+0.70,6099,358471,15
2023-09-25,TPEx,8942,森鉅,73.80,74.20,73.60,73.90,0.00,165578,12243140,229
2023-09-25,TPEx,9949,琉園,,,,,,1568,20749,60
2023-09-25,TPEx,9950,萬國通,17.95,18.75,17.90,18.60,+0.65,331432,6117020,212
2023-09-25,TPEx,9951,皇田,79.20,79.50,78.20,79.40,+0.80,253075,19957342,279
2023-09-25,TPEx,9960,邁達康,29.25,29.25,28.05,29.20,+2.60,1275174,37100249,759
2023-09-25,TPEx,9962,有益,17.20,17.30,17.20,17.20,0.00,120253,2072451,71
