date,market,code,name,open,high,low,close,change,volume,value,transactions
2023-05-08,TWSE,0050,元大台灣50,118.50,118.90,118.35,118.55,0.75,6287398,746027147,8772
2023-05-08,TWSE,0051,元大中型100,57.95,58.20,57.85,58.15,0.30,43086,2501283,174
2023-05-08,TWSE,0052,富邦科技,101.75,102.00,101.25,101.40,0.65,176978,18004178,375
2023-05-08,TWSE,0053,元大電子,59.20,59.40,59.20,59.35,0.50,7967,471337,973
2023-05-08,TWSE,0055,元大MSCI金融,22.48,22.64,22.48,22.64,0.17,192013,4333402,382
2023-05-08,TWSE,0056,元大高股息,28.52,28.69,28.52,28.67,0.20,16391243,469375143,11660
2023-05-08,TWSE,0057,富邦摩台,86.20,86.20,86.10,86.10,0.75,4063,348463,1003
2023-05-08,TWSE,0061,元大寶滬深,19.18,19.30,19.05,19.28,0.15,119855,2303612,218
2023-05-08,TWSE,006203,元大MSCI台灣,57.25,57.40,57.20,57.30,0.35,6713,384058,651
2023-05-08,TWSE,006204,永豐臺灣加權,79.55,79.55,79.00,79.15,0.40,24833,1965136,785
2023-05-08,TWSE,006205,富邦上証,32.33,32.88,32.33,32.70,0.37,2605415,85080276,455
2023-05-08,TWSE,006206,元大上證50,30.78,31.05,30.61,30.87,0.26,112544,3474772,955
2023-05-08,TWSE,006207,復華滬深,25.22,25.40,25.05,25.30,0.19,294913,7411430,914
2023-05-08,TWSE,006208,富邦台50,68.50,68.80,68.40,68.60,0.40,5000323,343382237,5799
2023-05-08,TWSE,00625K,富邦上証+R,,,,,0.00,0,0,0
2023-05-08,TWSE,00631L,元大台灣50正2,115.25,115.70,114.80,114.85,1.15,3269687,376485956,2157
2023-05-08,TWSE,00632R,元大台灣50反1,5.25,5.26,5.24,5.25,-0.03,98623068,517541237,4637
2023-05-08,TWSE,00633L,富邦上証正2,39.30,40.30,39.03,39.82,0.75,10129418,402884132,2344
2023-05-08,TWSE,00634R,富邦上証反1,4.39,4.39,4.35,4.37,-0.05,383100,1673398,44
2023-05-08,TWSE,00635U,期元大S&P黃金,25.48,25.58,25.45,25.55,-0.29,646911,16504252,302
2023-05-08,TWSE,00636,國泰中國A50,21.75,21.97,21.67,21.84,0.16,1668970,36426629,584
2023-05-08,TWSE,00636K,國泰中國A50+U,7.15,7.15,7.15,7.15,0.06,200,1430,2
2023-05-08,TWSE,00637L,元大滬深300正2,15.54,15.87,15.38,15.71,0.32,107306707,1677450746,11342
2023-05-08,TWSE,00638R,元大滬深300反1,9.31,9.35,9.20,9.24,-0.07,1102000,10208100,91
2023-05-08,TWSE,00639,富邦深100,12.59,12.60,12.46,12.56,0.03,1440259,18020386,517
2023-05-08,TWSE,00640L,富邦日本正2,32.61,32.62,32.48,32.59,0.82,129175,4208593,52
2023-05-08,TWSE,00641R,富邦日本反1,8.91,8.93,8.90,8.93,-0.09,607000,5412910,95
2023-05-08,TWSE,00642U,期元大S&P石油,15.06,15.16,15.00,15.16,0.52,11747910,177252252,3102
2023-05-08,TWSE,00643,群益深証中小,14.62,14.62,14.52,14.58,-0.02,246904,3599543,1003
2023-05-08,TWSE,00643K,群益深証中小+R,,,,,0.00,0,0,0
2023-05-08,TWSE,00645,富邦日本,27.85,27.93,27.84,27.90,0.34,129720,3616879,748
2023-05-08,TWSE,00646,元大S&P500,39.13,39.25,39.12,39.21,0.53,610323,23915582,649
2023-05-08,TWSE,00647L,元大S&P500正2,55.65,55.85,55.60,55.65,1.35,198648,11060991,85
2023-05-08,TWSE,00648R,元大S&P500反1,7.06,7.08,7.06,7.08,-0.07,3944100,27898618,714
2023-05-08,TWSE,00650L,復華香港正2,13.52,13.66,13.42,13.61,0.19,9171653,124168728,1137
2023-05-08,TWSE,00651R,復華香港反1,8.24,8.30,8.22,8.25,-0.05,259000,2137950,38
2023-05-08,TWSE,00652,富邦印度,29.65,29.92,29.65,29.92,0.11,247417,7364455,507
2023-05-08,TWSE,00653L,富邦印度正2,43.45,43.92,43.24,43.87,0.15,383110,16676175,201
2023-05-08,TWSE,00654R,富邦印度反1,7.94,7.96,7.90,7.91,-0.01,115000,911260,29
2023-05-08,TWSE,00655L,國泰中國A50正2,27.62,28.39,27.50,28.06,0.49,3556480,99609130,968
2023-05-08,TWSE,00656R,國泰中國A50反1,8.28,8.29,8.19,8.24,-0.06,333049,2744793,40
2023-05-08,TWSE,00657,國泰日經225,34.63,34.72,34.62,34.72,0.32,104999,3635718,720
2023-05-08,TWSE,00657K,國泰日經225+U,11.30,11.30,11.30,11.30,0.08,200,2260,2
2023-05-08,TWSE,00660,元大歐洲50,31.80,31.96,31.77,31.92,0.33,14174,452431,10
2023-05-08,TWSE,00661,元大日經225,37.03,37.15,37.03,37.10,0.00,5285,196097,10
2023-05-08,TWSE,00662,富邦NASDAQ,52.05,52.30,52.05,52.30,0.90,439606,22960831,456
2023-05-08,TWSE,00663L,國泰臺灣加權正2,106.55,106.60,106.25,106.40,1.20,16000,1702600,12
2023-05-08,TWSE,00664R,國泰臺灣加權反1,5.91,5.93,5.90,5.92,-0.04,5756958,34070990,337
2023-05-08,TWSE,00665L,富邦恒生國企正2,8.38,8.47,8.27,8.39,0.12,30997679,259502451,2822
2023-05-08,TWSE,00666R,富邦恒生國企反1,14.48,14.48,14.31,14.37,-0.11,166000,2390080,30
2023-05-08,TWSE,00668,國泰美國道瓊,37.45,37.49,37.45,37.47,0.52,21525,805966,777
2023-05-08,TWSE,00668K,國泰美國道瓊+U,12.22,12.22,12.22,12.22,0.16,200,2444,2
2023-05-08,TWSE,00669R,國泰美國道瓊反1,7.96,7.97,7.95,7.97,-0.08,5490455,43709720,1244
2023-05-08,TWSE,00670L,富邦NASDAQ正2,67.60,67.85,67.50,67.70,2.00,1895902,128237072,813
2023-05-08,TWSE,00671R,富邦NASDAQ反1,5.50,5.50,5.49,5.50,-0.07,19393339,106555584,2081
2023-05-08,TWSE,00673R,期元大S&P原油反1,9.29,9.35,9.24,9.24,-0.37,30541849,283684027,1547
2023-05-08,TWSE,00674R,期元大S&P黃金反1,11.79,11.81,11.75,11.77,0.13,889480,10479343,225
2023-05-08,TWSE,00675L,富邦臺灣加權正2,46.60,46.78,46.40,46.49,0.47,540364,25155972,437
2023-05-08,TWSE,00676R,富邦臺灣加權反1,3.26,3.27,3.25,3.26,-0.03,5803578,18920977,247
2023-05-08,TWSE,00678,群益那斯達克生技,26.22,26.26,26.18,26.20,0.41,325856,8533846,666
2023-05-08,TWSE,00680L,元大美債20正2,11.82,11.87,11.80,11.86,-0.05,18499470,219065496,2704
2023-05-08,TWSE,00681R,元大美債20反1,17.95,17.96,17.92,17.92,0.04,72000,1291520,16
2023-05-08,TWSE,00682U,期元大美元指數,20.15,20.20,20.12,20.13,-0.01,73000,1469970,11
2023-05-08,TWSE,00683L,期元大美元指正2,20.77,20.80,20.70,20.72,-0.05,1198000,24831030,167
2023-05-08,TWSE,00684R,期元大美元指反1,16.24,16.25,16.24,16.25,0.01,6000,97470,4
2023-05-08,TWSE,00685L,群益臺灣加權正2,41.21,41.40,41.14,41.14,0.31,124481,5138846,55
2023-05-08,TWSE,00686R,群益臺灣加權反1,3.53,3.54,3.53,3.53,-0.02,968000,3417470,25
2023-05-08,TWSE,00688L,國泰20年美債正2,11.73,11.79,11.72,11.78,-0.04,1296000,15228090,312
2023-05-08,TWSE,00689R,國泰20年美債反1,18.57,18.57,18.55,18.57,0.04,15000,278430,4
2023-05-08,TWSE,00690,兆豐藍籌30,27.52,27.72,27.48,27.63,0.16,2477322,68494907,1111
2023-05-08,TWSE,00692,富邦公司治理,29.60,29.79,29.60,29.66,0.18,2950290,87606741,2277
2023-05-08,TWSE,00693U,期街口S&P黃豆,26.12,26.20,26.12,26.17,0.23,48000,1255480,25
2023-05-08,TWSE,00700,富邦恒生國企,12.87,13.04,12.87,12.95,0.10,203349,2641117,206
2023-05-08,TWSE,00701,國泰股利精選30,23.29,23.40,23.29,23.38,0.11,689264,16107277,666
2023-05-08,TWSE,00702,國泰標普低波高息,20.49,20.54,20.49,20.51,0.26,104747,2146004,714
2023-05-08,TWSE,00703,台新MSCI中國,15.81,15.96,15.81,15.91,0.15,107949,1716569,887
2023-05-08,TWSE,00706L,期元大S&P日圓正2,9.48,9.50,9.46,9.50,-0.09,791721,7506730,152
2023-05-08,TWSE,00707R,期元大S&P日圓反1,,,,,0.00,0,0,0
2023-05-08,TWSE,00708L,期元大S&P黃金正2,28.97,29.19,28.91,29.14,-0.73,1253187,36387168,413
2023-05-08,TWSE,00709,富邦歐洲,25.38,25.51,25.38,25.51,0.22,47197,1202440,837
2023-05-08,TWSE,00710B,復華彭博非投等債,17.76,17.81,17.75,17.77,0.03,205174,3645895,63
2023-05-08,TWSE,00711B,復華彭博新興債,16.35,16.35,16.30,16.34,0.03,135976,2219007,985
2023-05-08,TWSE,00712,復華富時不動產,8.79,8.80,8.77,8.78,0.18,21724544,190814457,9778
2023-05-08,TWSE,00713,元大台灣高息低波,41.20,41.34,41.19,41.28,0.19,5594438,230906040,3942
2023-05-08,TWSE,00714,群益道瓊美國地產,18.28,18.29,18.26,18.26,0.24,409120,7475656,214
2023-05-08,TWSE,00715L,期街口布蘭特正2,12.08,12.21,11.95,12.21,0.78,100863802,1219586797,11661
2023-05-08,TWSE,00717,富邦美國特別股,13.88,14.04,13.88,14.02,0.20,367415,5145788,1203
2023-05-08,TWSE,00728,第一金工業30,23.00,23.07,22.97,22.97,0.10,244728,5634132,345
2023-05-08,TWSE,00730,富邦臺灣優質高息,18.32,18.42,18.28,18.31,0.09,332527,6096105,381
2023-05-08,TWSE,00731,復華富時高息低波,57.55,57.85,57.55,57.65,0.20,1123043,64740180,259
2023-05-08,TWSE,00733,富邦臺灣中小,37.92,38.61,37.92,38.34,0.45,694627,26675850,384
2023-05-08,TWSE,00735,國泰臺韓科技,26.41,26.61,26.41,26.61,0.31,108567,2879397,9
2023-05-08,TWSE,00736,國泰新興市場,19.58,19.61,19.58,19.61,0.18,102025,1997798,829
2023-05-08,TWSE,00737,國泰AI機器人,27.11,27.16,27.11,27.15,0.32,84453,2291105,274
2023-05-08,TWSE,00738U,期元大道瓊白銀,25.18,25.32,25.10,25.28,-0.34,529345,13345169,154
2023-05-08,TWSE,00739,元大MSCI A股,23.35,23.58,23.35,23.52,0.17,66579,1562141,570
2023-05-08,TWSE,00752,中信中國50,18.20,18.31,18.16,18.20,0.06,975166,17777268,470
2023-05-08,TWSE,00753L,中信中國50正2,10.39,10.48,10.32,10.38,0.10,12928782,134436109,1676
2023-05-08,TWSE,00757,統一FANG+,45.52,45.70,45.52,45.64,0.56,761808,34751672,783
2023-05-08,TWSE,00762,元大全球AI,36.16,36.29,36.16,36.28,0.53,99687,3613414,196
2023-05-08,TWSE,00763U,期街口道瓊銅,24.66,24.75,24.65,24.71,0.14,123500,3049110,23
2023-05-08,TWSE,00770,國泰北美科技,29.48,29.48,29.36,29.42,0.36,161996,4762335,300
2023-05-08,TWSE,00771,元大US高息特別股,15.48,15.49,15.35,15.41,0.10,232828,3586762,794
2023-05-08,TWSE,00775B,台新投等債15+,33.91,33.91,33.89,33.89,-0.01,51822,1755536,825
2023-05-08,TWSE,00783,富邦中証500,21.16,21.24,21.09,21.24,0.17,201043,4250584,23
2023-05-08,TWSE,00830,國泰費城半導體,26.70,26.83,26.70,26.79,0.53,2945356,78838524,1205
2023-05-08,TWSE,00850,元大臺灣ESG永續,30.86,31.10,30.86,31.04,0.20,922602,28623925,1110
2023-05-08,TWSE,00851,台新全球AI,26.31,26.35,26.29,26.35,0.26,7974,209562,896
2023-05-08,TWSE,00852L,國泰美國道瓊正2,19.08,19.11,19.07,19.09,0.47,685579,13082525,151
2023-05-08,TWSE,00861,元大全球未來通訊,27.83,27.96,27.83,27.92,0.39,140537,3924398,204
2023-05-08,TWSE,00865B,國泰US短期公債,40.71,40.73,40.71,40.73,0.00,105996,4315364,1000
2023-05-08,TWSE,00875,國泰網路資安,24.49,24.58,24.49,24.58,0.49,622654,15288591,176
2023-05-08,TWSE,00876,元大全球5G,26.54,26.76,26.54,26.72,0.27,239170,6387897,309
2023-05-08,TWSE,00878,國泰永續高股息,17.73,17.79,17.73,17.75,0.07,68813416,1222181210,22780
2023-05-08,TWSE,00881,國泰台灣科技龍頭,14.95,15.06,14.95,15.00,0.12,6590040,98890693,3117
2023-05-08,TWSE,00882,中信中國高股息,12.50,12.78,12.50,12.72,0.22,21274568,269309190,4569
2023-05-08,TWSE,00885,富邦越南,11.22,11.30,11.22,11.29,0.08,7003833,78937576,2773
2023-05-08,TWSE,00891,中信關鍵半導體,12.71,12.77,12.66,12.68,0.07,6250870,79438915,2424
2023-05-08,TWSE,00892,富邦台灣半導體,11.75,11.80,11.70,11.71,0.08,2189114,25730705,872
2023-05-08,TWSE,00893,國泰智能電動車,13.71,13.78,13.71,13.75,0.28,8986416,123482589,2646
2023-05-08,TWSE,00894,中信小資高價30,13.38,13.52,13.38,13.43,0.05,1319917,17773094,287
2023-05-08,TWSE,00895,富邦未來車,14.70,14.77,14.70,14.75,0.33,2785402,41069172,864
2023-05-08,TWSE,00896,中信綠能及電動車,14.56,14.67,14.56,14.64,0.09,1370327,20055444,602
2023-05-08,TWSE,00897,富邦基因免疫生技,7.93,7.95,7.93,7.93,0.07,1294752,10276928,399
2023-05-08,TWSE,00898,國泰基因免疫革命,7.78,7.80,7.78,7.79,0.05,584134,4548782,253
2023-05-08,TWSE,00899,FT潔淨能源,21.19,21.25,21.19,21.24,0.41,37731,800966,97
2023-05-08,TWSE,00900,富邦特選高股息30,11.32,11.36,11.30,11.32,0.02,9213232,104298105,2887
2023-05-08,TWSE,00901,永豐智能車供應鏈,12.91,12.92,12.87,12.88,0.07,541425,6979394,231
2023-05-08,TWSE,00902,中信電池及儲能,11.86,11.89,11.81,11.83,0.02,3232773,38286247,4176
2023-05-08,TWSE,00903,富邦元宇宙,10.02,10.09,10.02,10.08,0.14,1560316,15715119,502
2023-05-08,TWSE,00904,台新臺灣半導體30,11.92,11.96,11.86,11.87,0.07,675260,8040285,163
2023-05-08,TWSE,00905,FT臺灣Smart,8.98,9.03,8.98,8.99,0.03,2082323,18762754,535
2023-05-08,TWSE,00906,大華元宇宙科技50,10.78,10.78,10.78,10.78,0.00,3000,32340,2
2023-05-08,TWSE,00907,永豐優息存股,14.65,14.65,14.57,14.60,0.01,908079,13268017,504
2023-05-08,TWSE,00908,富邦入息REITs+,12.09,12.15,12.09,12.12,0.22,1397628,16942410,248
2023-05-08,TWSE,00909,國泰數位支付服務,16.37,16.41,16.33,16.40,0.33,810919,13278565,143
2023-05-08,TWSE,00910,第一金太空衛星,14.99,15.02,14.98,15.01,0.13,734269,11013095,178
2023-05-08,TWSE,00911,兆豐洲際半導體,16.83,16.84,16.83,16.84,0.26,105150,1769700,6
2023-05-08,TWSE,00912,中信臺灣智慧50,14.43,14.50,14.42,14.44,0.10,880021,12720621,414
2023-05-08,TWSE,00913,兆豐台灣晶圓製造,16.03,16.03,15.96,15.96,0.10,16271,260436,7
2023-05-08,TWSE,00915,凱基優選高股息30,16.70,16.75,16.70,16.72,0.02,488956,8175808,227
2023-05-08,TWSE,00916,國泰全球品牌50,16.45,16.45,16.42,16.44,0.20,452050,7430501,389
2023-05-08,TWSE,00917,中信特選金融,14.69,14.72,14.69,14.71,0.24,637186,9370510,145
2023-05-08,TWSE,00918,大華優利高填息30,17.05,17.12,17.03,17.03,0.02,123317,2103847,78
2023-05-08,TWSE,00919,群益台灣精選高息,18.34,18.43,18.34,18.36,0.06,2485117,45648172,1013
2023-05-08,TWSE,00920,富邦ESG綠色電力,16.42,16.52,16.42,16.51,0.15,1489935,24533311,136
2023-05-08,TWSE,00921,兆豐龍頭等權重,16.25,16.32,16.25,16.29,0.04,111960,1826286,113
2023-05-08,TWSE,00922,國泰台灣領袖50,14.63,14.75,14.63,14.69,0.08,3271343,48104121,796
2023-05-08,TWSE,00923,群益台ESG低碳50,14.76,14.81,14.74,14.74,0.07,2472270,36524089,1201
2023-05-08,TWSE,00924,復華S&P500成長,15.02,15.08,15.01,15.03,0.22,4023152,60514563,926
2023-05-08,TWSE,00925,新光標普電動車,14.41,14.46,14.40,14.46,0.36,936559,13509300,111
2023-05-08,TWSE,01001T,土銀富邦R1,15.35,15.39,15.20,15.20,-0.20,31056,476084,12
2023-05-08,TWSE,01002T,土銀國泰R1,17.80,17.85,17.80,17.85,0.00,22000,392620,10
2023-05-08,TWSE,01003T,兆豐新光R1,21.10,21.11,21.09,21.10,0.00,38000,801840,28
2023-05-08,TWSE,01004T,土銀富邦R2,14.52,14.58,14.48,14.58,0.06,23000,333950,7
2023-05-08,TWSE,01007T,兆豐國泰R2,,,,,0.00,0,0,0
2023-05-08,TWSE,01009T,王道圓滿R1,8.50,8.50,8.50,8.50,0.04,1012200,8603700,30
2023-05-08,TWSE,01010T,京城樂富R1,10.04,10.04,10.00,10.04,0.00,63000,630580,16
2023-05-08,TWSE,020000,富邦特選蘋果N,7.23,7.23,7.23,7.23,0.00,1000,7230,1
2023-05-08,TWSE,020002,元富新中國N,,,,,0.00,0,0,0
2023-05-08,TWSE,020007,凱基臺灣500N,,,,,0.00,0,0,0
2023-05-08,TWSE,020011,統一微波高息20N,,,,,0.00,0,0,0
2023-05-08,TWSE,020012,富邦行動通訊N,7.09,7.09,7.09,7.09,0.00,10000,70900,1
2023-05-08,TWSE,020015,統一MSCI美低波N,,,,,0.00,0,0,0
2023-05-08,TWSE,020016,統一MSCI美科技N,18.60,18.60,18.60,18.60,0.00,15000,279000,1
2023-05-08,TWSE,020018,統一價值成長30N,16.05,16.05,16.04,16.04,0.10,4000,64190,2
2023-05-08,TWSE,020019,統一特選台灣5GN,12.62,12.62,12.62,12.62,0.00,15000,189300,1
2023-05-08,TWSE,02001L,富邦蘋果正二N,10.50,10.51,10.50,10.51,0.27,21000,220530,2
2023-05-08,TWSE,02001R,富邦蘋果反一N,,,,,0.00,0,0,0
2023-05-08,TWSE,02001S,策元大加權策略N,,,,,0.00,0,0,0
2023-05-08,TWSE,020020,元大台股領航N,6.66,6.68,6.65,6.65,0.03,153000,1020230,16
2023-05-08,TWSE,020022,元大電動車N,6.09,6.16,6.09,6.15,0.06,2008000,12335390,226
2023-05-08,TWSE,020028,元大特選電動車N,5.90,5.94,5.90,5.94,0.05,101000,598030,21
2023-05-08,TWSE,020029,元大ESG高股息N,4.97,5.03,4.97,5.01,0.04,294000,1474600,51
2023-05-08,TWSE,020030,統一智慧電動車N,4.28,4.28,4.27,4.27,0.05,280000,1198010,15
2023-05-08,TWSE,020031,統一IC設計臺灣N,4.27,4.27,4.22,4.22,0.05,425000,1795320,19
2023-05-08,TWSE,020032,元大綠能N,5.32,5.36,5.32,5.36,0.06,41000,218980,17
2023-05-08,TWSE,020034,元大IC設計N,5.25,5.29,5.22,5.22,0.04,212000,1113540,30
2023-05-08,TWSE,020036,元大金融配息N,5.04,5.05,5.04,5.05,0.01,12000,60490,4
2023-05-08,TWSE,020037,元大金融高股息N,5.04,5.05,5.04,5.05,0.02,16000,80690,8
2023-05-08,TWSE,1101,台泥,39.55,39.80,39.35,39.60,0.30,26175572,1035387002,12693
2023-05-08,TWSE,1101B,台泥乙特,49.30,49.40,49.30,49.40,0.10,14000,691400,8
2023-05-08,TWSE,1102,亞泥,44.40,44.50,43.80,44.50,0.25,5476165,242806876,2910
2023-05-08,TWSE,1103,嘉泥,20.40,20.50,20.30,20.35,0.20,740083,15073643,382
2023-05-08,TWSE,1104,環泥,30.00,30.15,29.30,29.85,0.20,3569654,106342081,1756
2023-05-08,TWSE,1108,幸福,16.80,17.05,16.60,16.95,0.20,2829602,47731149,1148
2023-05-08,TWSE,1109,信大,17.95,17.95,17.80,17.85,-0.05,200648,3590555,76
2023-05-08,TWSE,1110,東泥,18.60,19.00,18.50,18.75,0.05,555643,10363638,165
2023-05-08,TWSE,1201,味全,20.20,20.20,20.05,20.05,-0.05,358267,7198880,344
2023-05-08,TWSE,1203,味王,38.00,38.00,38.00,38.00,0.20,6288,238897,58
2023-05-08,TWSE,1210,大成,53.90,54.00,52.80,53.50,0.70,6442528,344200265,4071
2023-05-08,TWSE,1213,大飲,7.25,7.25,6.77,6.77,0.01,9999,69573,9
2023-05-08,TWSE,1215,卜蜂,100.00,100.50,97.00,98.90,-0.20,2237473,219934565,6118
2023-05-08,TWSE,1216,統一,74.10,74.40,73.70,74.40,0.50,5155770,382018920,4326
2023-05-08,TWSE,1217,愛之味,11.30,11.30,11.20,11.20,-0.05,637376,7158361,322
2023-05-08,TWSE,1218,泰山,32.70,32.75,31.60,32.75,2.95,26489473,856773557,13214
2023-05-08,TWSE,1219,福壽,21.55,21.75,21.45,21.70,0.20,1056700,22773007,515
2023-05-08,TWSE,1220,台榮,16.05,16.05,15.80,15.90,-0.10,448921,7155416,222
2023-05-08,TWSE,1225,福懋油,59.30,60.00,59.30,59.80,-0.20,218166,13043512,45
2023-05-08,TWSE,1227,佳格,41.00,41.05,40.75,40.75,-0.20,990615,40178907,341
2023-05-08,TWSE,1229,聯華,62.00,62.30,61.80,62.20,0.30,868905,53875449,1157
2023-05-08,TWSE,1231,聯華食,95.20,95.70,94.60,95.40,0.20,186104,17698176,1521
2023-05-08,TWSE,1232,大統益,152.50,153.00,152.50,153.00,1.00,59294,9050191,174
2023-05-08,TWSE,1233,天仁,34.20,34.20,34.00,34.00,0.00,32002,1088617,16
2023-05-08,TWSE,1234,黑松,36.85,37.45,36.85,37.10,0.35,501771,18653634,385
2023-05-08,TWSE,1235,興泰,,,,,0.00,191,13303,10
2023-05-08,TWSE,1236,宏亞,23.65,23.95,23.65,23.75,0.10,60478,1438898,92
2023-05-08,TWSE,1256,鮮活果汁-KY,333.00,333.00,317.50,328.00,17.00,69386,22624220,249
2023-05-08,TWSE,1301,台塑,94.10,94.10,93.40,93.80,0.00,2972011,278752347,2497
2023-05-08,TWSE,1303,南亞,77.70,77.90,77.40,77.70,0.20,3539856,274923033,1774
2023-05-08,TWSE,1304,台聚,24.55,24.60,24.10,24.25,-0.20,1195033,28961182,955
2023-05-08,TWSE,1305,華夏,24.15,24.20,23.90,23.95,-0.20,1281618,30750384,899
2023-05-08,TWSE,1307,三芳,23.90,24.30,23.05,23.20,0.60,4197967,99690740,2353
2023-05-08,TWSE,1308,亞聚,26.70,26.70,26.50,26.55,-0.05,1000677,26557106,680
2023-05-08,TWSE,1309,台達化,20.25,20.25,19.95,20.05,0.00,445989,8929951,550
2023-05-08,TWSE,1310,台苯,17.05,17.15,16.80,16.95,0.15,3336040,56577741,1697
2023-05-08,TWSE,1312,國喬,19.75,19.90,19.65,19.75,0.05,1170874,23120446,667
2023-05-08,TWSE,1312A,國喬特,,,,,0.00,2,56,2
2023-05-08,TWSE,1313,聯成,14.75,14.75,14.50,14.50,-0.05,339813,4945913,253
2023-05-08,TWSE,1314,中石化,10.05,10.05,9.95,9.95,-0.05,9392269,93759154,2753
2023-05-08,TWSE,1315,達新,69.90,69.90,69.70,69.70,-0.30,15893,1109505,33
2023-05-08,TWSE,1316,上曜,13.85,13.95,13.60,13.65,0.00,4103933,56373157,1157
2023-05-08,TWSE,1319,東陽,51.10,51.20,48.60,48.80,-2.00,8615836,424681699,6952
2023-05-08,TWSE,1321,大洋,34.00,34.00,33.95,34.00,0.00,87000,2956900,43
2023-05-08,TWSE,1323,永裕,33.10,33.20,32.80,33.00,0.00,35981,1185960,53
2023-05-08,TWSE,1324,地球,11.75,11.80,11.70,11.70,0.00,18555,218397,36
2023-05-08,TWSE,1325,恆大,24.25,24.35,24.05,24.05,-0.05,103822,2509245,80
2023-05-08,TWSE,1326,台化,69.20,69.30,67.20,68.40,-0.60,3432020,234481566,1927
2023-05-08,TWSE,1337,再生-KY,7.37,7.37,7.29,7.31,0.02,495907,3636218,434
2023-05-08,TWSE,1338,廣華-KY,45.50,45.50,44.70,44.70,0.10,34909,1567992,63
2023-05-08,TWSE,1339,昭輝,43.75,43.80,43.50,43.50,-0.25,64396,2811123,68
2023-05-08,TWSE,1340,勝悅-KY,12.70,12.80,12.50,12.70,0.20,618104,7841697,538
2023-05-08,TWSE,1341,富林-KY,69.70,69.80,69.40,69.60,0.20,7005,487443,11
2023-05-08,TWSE,1342,八貫,140.50,141.50,139.00,140.00,0.50,791460,110940981,635
2023-05-08,TWSE,1402,遠東新,32.40,32.70,32.35,32.60,0.25,4745892,154490818,2162
2023-05-08,TWSE,1409,新纖,17.60,17.60,17.50,17.55,-0.05,1257706,22054297,730
2023-05-08,TWSE,1410,南染,38.35,38.75,38.30,38.40,-0.25,25503,980334,36
2023-05-08,TWSE,1413,宏洲,9.29,9.31,9.27,9.29,0.00,10410,96704,23
2023-05-08,TWSE,1414,東和,17.00,17.00,16.80,16.85,0.00,41015,692898,28
2023-05-08,TWSE,1416,廣豐,11.90,11.90,11.80,11.80,-0.05,113773,1348183,104
2023-05-08,TWSE,1417,嘉裕,14.20,14.20,14.00,14.05,-0.05,461500,6507710,258
2023-05-08,TWSE,1418,東華,15.35,15.35,15.20,15.25,-0.05,14009,213734,20
2023-05-08,TWSE,1419,新紡,40.65,40.85,40.65,40.70,0.05,39900,1625603,38
2023-05-08,TWSE,1423,利華,23.50,23.85,22.20,23.25,0.05,863442,19804297,577
2023-05-08,TWSE,1432,大魯閣,15.05,15.25,15.05,15.20,0.05,141664,2150059,242
2023-05-08,TWSE,1434,福懋,28.00,28.00,27.40,27.75,-0.40,4223311,116636091,2911
2023-05-08,TWSE,1436,華友聯,57.10,57.90,57.10,57.50,0.40,74224,4253353,65
2023-05-08,TWSE,1437,勤益控,28.40,29.20,28.35,28.85,0.70,498205,14364299,342
2023-05-08,TWSE,1438,三地開發,31.95,31.95,31.30,31.45,-0.25,211446,6654242,70
2023-05-08,TWSE,1439,雋揚,22.00,22.30,21.70,22.15,0.25,35089,771971,19
2023-05-08,TWSE,1440,南紡,16.95,16.95,16.80,16.85,-0.05,706439,11888847,265
2023-05-08,TWSE,1441,大東,8.24,8.26,8.16,8.22,-0.02,57771,474324,210
2023-05-08,TWSE,1442,名軒,32.50,32.50,31.95,32.05,0.05,241599,7749814,144
2023-05-08,TWSE,1443,立益物流,28.65,28.80,28.50,28.80,0.15,25756,736668,41
2023-05-08,TWSE,1444,力麗,10.80,10.85,10.65,10.70,-0.05,1289041,13813898,566
2023-05-08,TWSE,1445,大宇,20.15,20.35,20.00,20.15,0.15,224608,4527636,166
2023-05-08,TWSE,1446,宏和,30.40,30.40,29.90,30.20,-0.15,137001,4129280,90
2023-05-08,TWSE,1447,力鵬,8.24,8.24,8.14,8.14,-0.05,875357,7146221,376
2023-05-08,TWSE,1449,佳和,15.05,15.15,15.05,15.05,0.05,72995,1100566,71
2023-05-08,TWSE,1451,年興,22.20,22.40,20.80,21.10,-2.00,4601962,97195561,2623
2023-05-08,TWSE,1452,宏益,17.55,17.55,17.45,17.50,-0.05,112207,1966168,73
2023-05-08,TWSE,1453,大將,15.10,15.10,14.85,14.85,-0.15,223276,3331468,156
2023-05-08,TWSE,1454,台富,13.60,13.85,13.60,13.80,0.20,193708,2671079,128
2023-05-08,TWSE,1455,集盛,10.40,10.40,10.30,10.35,-0.05,219588,2273461,242
2023-05-08,TWSE,1456,怡華,16.60,17.05,16.60,16.75,0.20,297089,4973914,120
2023-05-08,TWSE,1457,宜進,18.70,18.70,18.55,18.70,0.00,146181,2721434,80
2023-05-08,TWSE,1459,聯發,9.14,9.15,9.00,9.03,0.01,44426,402709,69
2023-05-08,TWSE,1460,宏遠,8.18,8.18,8.09,8.10,-0.01,817242,6636716,399
2023-05-08,TWSE,1463,強盛新,14.40,14.40,14.35,14.35,0.00,57408,824712,71
2023-05-08,TWSE,1464,得力,15.25,15.30,15.10,15.15,-0.15,624878,9490012,341
2023-05-08,TWSE,1465,偉全,14.45,14.45,14.30,14.40,0.15,136637,1965564,105
2023-05-08,TWSE,1466,聚隆,11.70,11.70,11.60,11.65,0.00,39205,455111,28
2023-05-08,TWSE,1467,南緯,11.90,12.00,11.75,11.75,-0.05,793805,9413379,408
2023-05-08,TWSE,1468,昶和,14.45,15.15,13.90,14.80,0.60,33160,488679,21
2023-05-08,TWSE,1470,大統新創,20.50,20.50,19.60,19.65,0.15,106044,2109196,109
2023-05-08,TWSE,1471,首利,9.52,9.68,9.44,9.44,0.01,1156181,11016443,563
2023-05-08,TWSE,1472,三洋實業,27.15,27.15,26.75,26.75,0.00,9603,259119,8
2023-05-08,TWSE,1473,台南,23.45,23.45,22.95,22.95,-0.25,127074,2940417,122
2023-05-08,TWSE,1474,弘裕,12.80,12.80,12.50,12.70,-0.10,109936,1392296,90
2023-05-08,TWSE,1475,業旺,53.30,57.50,53.00,56.60,3.30,72358,3933848,62
2023-05-08,TWSE,1476,儒鴻,498.50,498.50,487.00,487.00,-4.00,367211,179568447,492
2023-05-08,TWSE,1477,聚陽,228.50,231.50,228.00,231.00,4.50,925037,212864602,977
2023-05-08,TWSE,1503,士電,116.00,123.00,116.00,121.00,8.00,28428665,3398700217,17746
2023-05-08,TWSE,1504,東元,46.10,49.55,45.80,48.70,3.05,66428761,3188880359,34802
2023-05-08,TWSE,1506,正道,20.55,20.55,20.35,20.50,-0.05,161909,3311694,106
2023-05-08,TWSE,1512,瑞利,13.60,13.60,13.05,13.15,0.05,65188,855016,74
2023-05-08,TWSE,1513,中興電,109.00,112.00,108.00,110.50,2.50,38502935,4252352445,23701
2023-05-08,TWSE,1514,亞力,49.95,52.20,49.70,51.40,2.10,27052680,1385732129,16264
2023-05-08,TWSE,1515,力山,30.30,30.70,30.00,30.30,-0.10,435958,13238779,325
2023-05-08,TWSE,1516,川飛,21.05,21.70,21.05,21.25,0.20,509799,10868653,361
2023-05-08,TWSE,1517,利奇,19.30,19.30,19.15,19.15,0.00,262840,5051602,216
2023-05-08,TWSE,1519,華城,100.50,109.00,100.50,109.00,9.90,30759495,3245173174,18040
2023-05-08,TWSE,1521,大億,37.70,37.80,37.45,37.80,0.00,53648,2015780,31
2023-05-08,TWSE,1522,堤維西,29.95,30.15,29.65,29.75,0.15,1371512,41025123,799
2023-05-08,TWSE,1522A,堤維西甲特,45.80,45.80,45.80,45.80,0.00,2000,91600,2
2023-05-08,TWSE,1524,耿鼎,23.75,23.80,23.15,23.20,-0.30,1320596,30950600,816
2023-05-08,TWSE,1525,江申,73.00,75.00,72.00,72.00,1.90,728070,53333762,699
2023-05-08,TWSE,1526,日馳,40.15,40.25,40.00,40.00,0.00,108050,4326703,81
2023-05-08,TWSE,1527,鑽全,42.00,42.15,41.85,41.90,-0.10,176270,7390810,141
2023-05-08,TWSE,1528,恩德,12.50,12.50,12.10,12.20,-0.15,1464797,17987168,591
2023-05-08,TWSE,1529,樂事綠能,41.35,42.20,39.30,41.50,0.45,14597106,599987562,9357
2023-05-08,TWSE,1530,亞崴,33.70,33.80,33.00,33.75,0.05,44367,1484435,58
2023-05-08,TWSE,1531,高林股,14.50,14.55,14.45,14.50,0.05,69082,1000681,72
2023-05-08,TWSE,1532,勤美,34.20,34.20,33.95,34.10,-0.10,504690,17182548,328
2023-05-08,TWSE,1533,車王電,56.50,57.40,56.00,56.20,-0.30,704458,39839129,588
2023-05-08,TWSE,1535,中宇,54.00,54.50,53.50,54.20,-0.10,163285,8822399,152
2023-05-08,TWSE,1536,和大,71.00,71.00,70.20,70.40,0.10,278009,19590364,240
2023-05-08,TWSE,1537,廣隆,141.50,142.00,141.00,142.00,0.50,86259,12202979,218
2023-05-08,TWSE,1538,正峰,9.64,9.64,9.64,9.64,0.00,1517,14187,6
2023-05-08,TWSE,1539,巨庭,28.85,29.15,28.70,28.90,0.10,146469,4237543,109
2023-05-08,TWSE,1540,喬福,16.70,16.70,16.60,16.70,0.00,55401,923719,65
2023-05-08,TWSE,1541,錩泰,34.05,34.05,33.50,33.60,-0.50,31000,1045050,27
2023-05-08,TWSE,1558,伸興,113.00,113.00,112.50,112.50,-0.50,48732,5498214,86
2023-05-08,TWSE,1560,中砂,111.00,112.00,110.00,111.00,0.50,663613,73723199,583
2023-05-08,TWSE,1568,倉佑,23.45,23.65,23.20,23.20,-0.15,96410,2257416,73
2023-05-08,TWSE,1582,信錦,60.10,60.10,59.60,59.90,0.20,85572,5115576,121
2023-05-08,TWSE,1583,程泰,66.50,66.50,66.50,66.50,0.20,7001,465566,5
2023-05-08,TWSE,1587,吉茂,23.00,23.00,22.85,22.85,-0.05,26045,596428,28
2023-05-08,TWSE,1589,永冠-KY,83.90,84.80,81.10,83.80,0.80,3922034,326639791,2561
2023-05-08,TWSE,1590,亞德客-KY,1080.00,1085.00,1040.00,1050.00,-20.00,527666,558905455,652
2023-05-08,TWSE,1597,直得,77.60,77.60,76.00,76.00,-0.20,21896,1669987,43
2023-05-08,TWSE,1598,岱宇,41.65,41.75,41.40,41.40,-0.45,122374,5077322,136
2023-05-08,TWSE,1603,華電,27.05,27.05,26.50,26.70,-0.15,270774,7245984,189
2023-05-08,TWSE,1604,聲寶,26.70,26.75,26.50,26.60,0.10,371774,9883087,304
2023-05-08,TWSE,1605,華新,49.30,49.70,47.60,47.70,-2.40,75733721,3640754034,41444
2023-05-08,TWSE,1608,華榮,16.85,16.90,16.55,16.60,-0.15,1260430,21025673,556
2023-05-08,TWSE,1609,大亞,31.60,32.30,30.80,32.00,0.70,68170684,2160533377,30404
2023-05-08,TWSE,1611,中電,18.10,18.80,18.05,18.35,0.35,5970805,110187154,2675
2023-05-08,TWSE,1612,宏泰,22.00,23.00,21.70,22.45,1.45,6518045,146197794,3492
2023-05-08,TWSE,1614,三洋電,36.55,37.00,36.55,36.65,-0.05,13129,481634,10
2023-05-08,TWSE,1615,大山,37.35,37.40,37.05,37.10,-0.25,45565,1693175,141
2023-05-08,TWSE,1616,億泰,9.70,9.85,9.63,9.70,0.12,707086,6873330,391
2023-05-08,TWSE,1617,榮星,15.20,15.20,15.20,15.20,-0.10,17331,263664,47
2023-05-08,TWSE,1618,合機,19.10,19.35,18.75,19.25,0.45,2476150,47509772,1188
2023-05-08,TWSE,1626,艾美特-KY,18.40,18.75,18.40,18.65,0.00,40390,751820,71
2023-05-08,TWSE,1701,中化,27.60,27.75,27.30,27.30,-0.05,2682835,73753788,1333
2023-05-08,TWSE,1702,南僑,50.70,51.20,50.40,51.10,0.40,1199985,61030489,1092
2023-05-08,TWSE,1707,葡萄王,186.00,187.50,184.50,186.50,0.50,277126,51584004,359
2023-05-08,TWSE,1708,東鹼,41.10,41.10,40.25,40.30,-0.95,3410202,138013152,2395
2023-05-08,TWSE,1709,和益,27.00,27.00,26.35,26.40,-0.30,2277015,60260419,1591
2023-05-08,TWSE,1710,東聯,21.65,21.75,21.25,21.30,-0.20,2670014,57242018,1373
2023-05-08,TWSE,1711,永光,21.60,21.75,21.10,21.40,-0.10,4822052,103000625,2380
2023-05-08,TWSE,1712,興農,37.00,37.15,36.90,37.10,0.20,835479,30914516,520
2023-05-08,TWSE,1713,國化,29.50,29.50,29.40,29.50,0.00,74112,2182992,61
2023-05-08,TWSE,1714,和桐,9.45,9.46,9.38,9.39,-0.03,1398161,13143796,412
2023-05-08,TWSE,1717,長興,32.30,32.85,32.30,32.65,0.45,1583932,51686259,981
2023-05-08,TWSE,1718,中纖,8.38,8.45,8.23,8.41,0.05,2564338,21440932,715
2023-05-08,TWSE,1720,生達,75.50,76.30,74.20,75.00,0.30,3082095,231441499,2204
2023-05-08,TWSE,1721,國慶科技,17.00,17.00,16.40,16.40,-0.35,2710751,45100907,1384
2023-05-08,TWSE,1722,台肥,60.00,61.00,60.00,60.80,1.60,4200826,254389177,2083
2023-05-08,TWSE,1723,中碳,114.50,114.50,114.00,114.50,0.50,76403,8744429,121
2023-05-08,TWSE,1725,元禎,23.95,23.95,23.45,23.45,-0.35,74105,1753580,66
2023-05-08,TWSE,1726,永記,74.40,74.40,74.40,74.40,0.10,1642,122710,10
2023-05-08,TWSE,1727,中華化,42.30,42.30,41.00,41.50,0.05,1538787,64033749,951
2023-05-08,TWSE,1730,花仙子,58.50,58.50,58.20,58.20,-0.10,24390,1423006,50
2023-05-08,TWSE,1731,美吾華,22.80,22.80,22.00,22.05,-0.35,1628808,36335765,852
2023-05-08,TWSE,1732,毛寶,27.90,27.90,27.40,27.40,-0.25,132969,3654072,126
2023-05-08,TWSE,1733,五鼎,28.50,28.50,27.70,27.75,-0.40,486585,13626167,461
2023-05-08,TWSE,1734,杏輝,33.80,34.05,33.25,33.40,-0.35,2141947,71927128,1336
2023-05-08,TWSE,1735,日勝化,16.85,16.85,16.10,16.10,-0.45,135569,2216163,122
2023-05-08,TWSE,1736,喬山,66.60,66.60,65.70,65.90,-0.70,381130,25175757,322
2023-05-08,TWSE,1737,臺鹽,33.95,34.65,33.95,34.20,0.40,628402,21498304,445
2023-05-08,TWSE,1752,南光,78.40,78.70,76.90,77.50,-0.40,2553606,198441821,1662
2023-05-08,TWSE,1760,寶齡富錦,167.00,168.00,163.00,163.00,-2.50,2133869,352033479,1932
2023-05-08,TWSE,1762,中化生,100.50,101.50,94.50,95.90,-2.70,3734797,360698375,2879
2023-05-08,TWSE,1773,勝一,129.00,129.00,122.50,123.00,-5.00,393057,49196884,597
2023-05-08,TWSE,1776,展宇,22.70,22.70,21.35,21.65,-0.75,962331,20912214,657
2023-05-08,TWSE,1783,和康生,72.80,73.20,69.70,70.50,-1.00,5384811,385845669,3579
2023-05-08,TWSE,1786,科妍,74.40,74.40,72.50,72.60,-1.30,432604,31610467,779
2023-05-08,TWSE,1789,神隆,28.30,28.35,27.50,27.55,-0.60,1496227,41578838,1070
2023-05-08,TWSE,1795,美時,283.50,287.00,280.00,287.00,5.50,9408228,2672864954,15530
2023-05-08,TWSE,1802,台玻,19.30,19.40,19.00,19.05,-0.15,3283250,62854472,1967
2023-05-08,TWSE,1805,寶徠,,,,,0.00,874,8740,5
2023-05-08,TWSE,1806,冠軍,9.11,9.11,9.04,9.05,-0.04,246001,2229571,174
2023-05-08,TWSE,1808,潤隆,74.00,74.10,73.50,73.90,0.00,94760,6988044,302
2023-05-08,TWSE,1809,中釉,15.45,15.50,15.05,15.05,-0.30,1480968,22514893,806
2023-05-08,TWSE,1810,和成,27.20,27.70,25.65,26.00,-0.95,9907089,259855319,5211
2023-05-08,TWSE,1817,凱撒衛,39.20,39.20,38.90,39.05,0.20,171228,6680826,55
2023-05-08,TWSE,1903,士紙,44.25,44.30,44.05,44.15,0.00,100942,4463109,212
2023-05-08,TWSE,1904,正隆,33.80,33.80,33.10,33.50,0.40,5413612,181282842,3488
2023-05-08,TWSE,1905,華紙,25.20,25.50,24.65,25.25,0.10,17686478,444005251,8160
2023-05-08,TWSE,1906,寶隆,16.30,16.35,16.15,16.15,-0.20,370088,6015173,192
2023-05-08,TWSE,1907,永豐餘,31.55,31.90,31.30,31.75,0.25,3657829,115686209,2007
2023-05-08,TWSE,1909,榮成,17.30,17.30,17.05,17.10,-0.15,1925811,32996462,731
2023-05-08,TWSE,2002,中鋼,29.15,29.35,29.10,29.30,0.20,15205328,444877534,6834
2023-05-08,TWSE,2002A,中鋼特,45.75,45.80,45.60,45.80,0.10,10275,469500,13
2023-05-08,TWSE,2006,東和鋼鐵,57.00,57.30,56.70,56.90,-0.10,530647,30275880,480
2023-05-08,TWSE,2007,燁興,10.70,10.80,10.55,10.55,-0.05,257130,2729592,147
2023-05-08,TWSE,2008,高興昌,19.55,19.60,19.55,19.55,0.00,64282,1257402,62
2023-05-08,TWSE,2009,第一銅,33.60,33.80,32.60,32.60,-0.90,1711920,56487750,1200
2023-05-08,TWSE,2010,春源,16.25,16.35,16.10,16.25,0.00,354637,5763694,201
2023-05-08,TWSE,2012,春雨,27.50,27.70,27.15,27.15,-0.10,105528,2893388,91
2023-05-08,TWSE,2013,中鋼構,57.90,57.90,57.50,57.80,-0.10,33922,1957773,95
2023-05-08,TWSE,2014,中鴻,24.80,24.80,24.40,24.40,-0.05,4183872,102585579,2014
2023-05-08,TWSE,2015,豐興,67.20,67.30,66.90,67.20,0.00,274515,18401658,223
2023-05-08,TWSE,2017,官田鋼,17.60,17.60,17.35,17.35,-0.05,362322,6313580,301
2023-05-08,TWSE,2020,美亞,23.10,23.25,23.00,23.25,0.25,57203,1321237,68
2023-05-08,TWSE,2022,聚亨,10.30,10.35,10.10,10.25,0.00,2363547,24174523,927
2023-05-08,TWSE,2023,燁輝,15.30,15.30,15.20,15.20,0.00,1590988,24241178,710
2023-05-08,TWSE,2024,志聯,18.70,18.70,18.70,18.70,0.00,4031,75374,15
2023-05-08,TWSE,2025,千興,5.21,5.27,5.15,5.27,-0.03,179531,934536,62
2023-05-08,TWSE,2027,大成鋼,45.05,45.70,45.05,45.45,0.45,10450948,475078324,4649
2023-05-08,TWSE,2028,威致,25.90,26.10,25.55,25.65,-0.15,179332,4615931,128
2023-05-08,TWSE,2029,盛餘,25.55,25.55,25.25,25.40,0.20,199150,5061415,121
2023-05-08,TWSE,2030,彰源,22.20,22.35,22.10,22.30,0.15,608569,13544076,301
2023-05-08,TWSE,2031,新光鋼,47.35,47.35,46.00,46.40,-0.65,1569347,73299011,1061
2023-05-08,TWSE,2032,新鋼,18.60,18.70,18.55,18.65,0.10,79261,1477030,55
2023-05-08,TWSE,2033,佳大,15.30,15.35,15.20,15.20,0.00,98000,1498200,49
2023-05-08,TWSE,2034,允強,29.25,29.35,29.15,29.25,0.00,409223,11976436,239
2023-05-08,TWSE,2038,海光,20.30,20.50,20.25,20.30,0.05,182133,3705421,122
2023-05-08,TWSE,2049,上銀,232.50,235.00,231.00,233.00,0.00,979635,228210387,1086
2023-05-08,TWSE,2059,川湖,403.50,420.00,403.50,419.00,17.00,939566,389625766,1199
2023-05-08,TWSE,2062,橋椿,22.20,22.30,22.05,22.10,-0.10,309593,6846772,138
2023-05-08,TWSE,2069,運錩,19.85,19.85,19.75,19.75,-0.10,94101,1863453,78
2023-05-08,TWSE,2101,南港,39.40,39.40,38.95,39.20,-0.05,365601,14324021,207
2023-05-08,TWSE,2102,泰豐,20.95,21.00,20.55,20.65,-0.10,503451,10422690,257
2023-05-08,TWSE,2103,台橡,27.15,27.20,26.95,27.10,-0.05,1154471,31269642,646
2023-05-08,TWSE,2104,國際中橡,20.45,20.75,20.40,20.70,0.40,6682375,137835134,2228
2023-05-08,TWSE,2105,正新,38.65,38.75,38.30,38.60,0.20,2468073,95129443,1541
2023-05-08,TWSE,2106,建大,31.75,31.75,31.60,31.75,0.10,407787,12922046,343
2023-05-08,TWSE,2107,厚生,21.95,21.95,21.80,21.85,-0.10,228635,5001774,158
2023-05-08,TWSE,2108,南帝,39.35,39.75,39.15,39.25,-0.10,252487,9932193,220
2023-05-08,TWSE,2109,華豐,14.45,14.45,14.35,14.35,-0.05,151876,2189364,69
2023-05-08,TWSE,2114,鑫永銓,100.00,100.00,99.60,99.80,-0.20,9702,969550,18
2023-05-08,TWSE,2115,六暉-KY,30.85,30.90,30.70,30.90,0.10,30333,932481,29
2023-05-08,TWSE,2201,裕隆,78.00,78.50,76.70,78.10,0.70,6801815,529108019,3765
2023-05-08,TWSE,2204,中華,77.20,80.20,76.60,79.80,3.40,5582454,441711342,3532
2023-05-08,TWSE,2206,三陽工業,59.40,60.20,58.60,60.10,0.90,15506085,921108246,7956
2023-05-08,TWSE,2207,和泰車,668.00,680.00,668.00,678.00,13.00,245056,165532818,546
2023-05-08,TWSE,2208,台船,24.85,24.95,24.45,24.60,0.15,5335771,131524539,2472
2023-05-08,TWSE,2211,長榮鋼,61.20,61.80,60.70,61.40,1.00,1535267,94356467,1137
2023-05-08,TWSE,2227,裕日車,193.00,194.00,193.00,193.50,-0.50,13099,2538116,89
2023-05-08,TWSE,2228,劍麟,82.10,83.80,82.10,82.70,1.50,159666,13208754,155
2023-05-08,TWSE,2231,為升,175.50,176.50,173.50,174.00,0.50,528579,92179449,403
2023-05-08,TWSE,2233,宇隆,113.50,114.50,113.00,114.00,-1.00,365388,41582031,394
2023-05-08,TWSE,2236,百達-KY,39.85,40.65,39.80,40.40,0.70,269250,10849887,197
2023-05-08,TWSE,2239,英利-KY,73.20,73.20,72.00,72.80,0.30,88519,6411952,147
2023-05-08,TWSE,2241,艾姆勒,34.25,34.45,34.05,34.10,0.00,37231,1271607,51
2023-05-08,TWSE,2243,宏旭-KY,19.90,19.90,19.65,19.65,0.00,177070,3496927,101
2023-05-08,TWSE,2247,汎德永業,290.00,293.50,288.00,289.50,0.00,215642,62724691,299
2023-05-08,TWSE,2250,IKKA-KY,72.60,72.80,71.50,72.10,-0.40,42000,3024500,36
2023-05-08,TWSE,2301,光寶科,76.20,77.20,75.90,76.90,0.70,6394597,490396191,4571
2023-05-08,TWSE,2302,麗正,20.10,20.10,19.90,20.05,0.15,483923,9682534,277
2023-05-08,TWSE,2303,聯電,50.10,50.60,49.95,50.00,0.40,27878169,1397823924,12193
2023-05-08,TWSE,2305,全友,22.20,22.35,22.00,22.00,-0.15,128902,2853746,124
2023-05-08,TWSE,2308,台達電,304.00,306.50,302.00,305.50,2.50,4119219,1257286123,3969
2023-05-08,TWSE,2312,金寶,13.20,13.20,13.10,13.10,-0.05,2158147,28340250,798
2023-05-08,TWSE,2313,華通,43.45,43.75,43.35,43.75,0.60,7592400,330776737,3799
2023-05-08,TWSE,2314,台揚,48.60,49.95,47.90,49.45,0.95,2897739,141689831,2001
2023-05-08,TWSE,2316,楠梓電,28.50,28.55,28.25,28.30,-0.20,52907,1499429,59
2023-05-08,TWSE,2317,鴻海,105.50,106.00,105.00,105.00,0.00,10633215,1118390878,6543
2023-05-08,TWSE,2321,東訊,20.00,20.00,19.55,19.55,-0.05,29851,592276,31
2023-05-08,TWSE,2323,中環,8.02,8.03,7.91,7.92,-0.04,1794943,14259669,3602
2023-05-08,TWSE,2324,仁寶,24.30,24.65,24.20,24.60,0.45,12743759,312210601,4799
2023-05-08,TWSE,2327,國巨*,512.00,512.00,504.00,504.00,-2.00,1625930,823559250,1854
2023-05-08,TWSE,2328,廣宇,37.80,37.85,37.50,37.50,0.10,850371,32001674,500
2023-05-08,TWSE,2329,華泰,19.75,19.90,19.50,19.50,-0.10,1227909,24127207,723
2023-05-08,TWSE,2330,台積電,509.00,509.00,502.00,504.00,4.00,11737287,5932968954,13709
2023-05-08,TWSE,2331,精英,26.15,26.30,25.35,25.55,-0.40,7660116,197487575,3428
2023-05-08,TWSE,2332,友訊,18.05,18.10,17.50,18.05,0.05,1490917,26627952,739
2023-05-08,TWSE,2337,旺宏,32.70,32.75,32.40,32.50,0.00,5084189,165586264,2314
2023-05-08,TWSE,2338,光罩,81.60,82.00,79.70,79.80,-0.80,1863233,149947866,1499
2023-05-08,TWSE,2340,台亞,35.90,35.90,35.05,35.15,-0.35,1090598,38677945,605
2023-05-08,TWSE,2342,茂矽,41.10,41.10,40.30,40.30,-0.40,834105,33928363,670
2023-05-08,TWSE,2344,華邦電,24.90,24.95,24.45,24.50,-0.15,18806827,463024903,7036
2023-05-08,TWSE,2345,智邦,290.50,297.00,290.50,295.00,6.50,2370380,698362846,1695
2023-05-08,TWSE,2347,聯強,62.70,62.80,62.20,62.50,0.10,2048341,128113199,1355
2023-05-08,TWSE,2348,海悅,67.50,67.60,67.40,67.50,0.00,34382,2320223,193
2023-05-08,TWSE,2348A,海悅甲特,,,,,0.00,80,2872,5
2023-05-08,TWSE,2349,錸德,9.00,9.01,8.98,8.98,0.00,637284,5730664,307
2023-05-08,TWSE,2351,順德,123.50,123.50,120.00,120.50,-1.00,951284,115097970,808
2023-05-08,TWSE,2352,佳世達,33.90,34.45,33.90,34.20,0.00,9511314,324920726,5259
2023-05-08,TWSE,2353,宏碁,28.50,29.00,28.45,28.90,0.70,16009173,461381889,6741
2023-05-08,TWSE,2354,鴻準,53.40,53.60,53.20,53.50,-0.30,1394950,74468197,1106
2023-05-08,TWSE,2355,敬鵬,31.80,32.10,31.65,31.90,0.25,388063,12390824,237
2023-05-08,TWSE,2356,英業達,32.50,33.00,32.25,32.75,0.65,8721813,285035089,5124
2023-05-08,TWSE,2357,華碩,289.00,290.50,288.00,288.50,-0.50,1089695,315047505,1477
2023-05-08,TWSE,2358,廷鑫,12.80,12.80,12.30,12.40,-0.30,2044065,25508111,1077
2023-05-08,TWSE,2359,所羅門,35.25,36.00,34.80,35.10,0.65,10906526,384988353,6889
2023-05-08,TWSE,2360,致茂,191.50,193.00,188.50,191.00,1.00,1619656,309495314,5251
2023-05-08,TWSE,2362,藍天,30.50,30.60,30.45,30.50,0.05,671328,20481366,395
2023-05-08,TWSE,2363,矽統,17.45,17.50,17.35,17.35,0.00,583158,10145519,535
2023-05-08,TWSE,2364,倫飛,105.50,105.50,103.50,104.50,0.50,141696,14768105,154
2023-05-08,TWSE,2365,昆盈,10.60,10.65,10.55,10.60,0.00,165784,1756400,104
2023-05-08,TWSE,2367,燿華,18.05,18.05,17.85,17.85,-0.10,1629174,29177854,813
2023-05-08,TWSE,2368,金像電,99.10,99.80,96.90,97.20,-0.90,6429156,630901481,4658
2023-05-08,TWSE,2369,菱生,14.35,14.35,14.20,14.20,0.00,306836,4371847,253
2023-05-08,TWSE,2371,大同,33.55,34.50,33.55,34.35,0.95,24270753,828244013,8074
2023-05-08,TWSE,2373,震旦行,80.80,80.80,80.40,80.40,-0.40,66998,5393344,78
2023-05-08,TWSE,2374,佳能,20.60,20.65,20.30,20.40,-0.20,331041,6766825,312
2023-05-08,TWSE,2375,凱美,70.30,70.80,69.70,70.20,-0.10,656981,46146576,570
2023-05-08,TWSE,2376,技嘉,137.50,138.00,135.00,135.00,-2.00,3289157,447329687,2421
2023-05-08,TWSE,2377,微星,143.50,144.00,142.50,144.00,1.50,1701535,244062776,1403
2023-05-08,TWSE,2379,瑞昱,373.00,377.00,367.50,369.00,3.00,3211521,1192665747,2722
2023-05-08,TWSE,2380,虹光,10.20,10.20,10.00,10.05,0.00,227199,2290056,164
2023-05-08,TWSE,2382,廣達,90.00,91.20,89.00,90.40,0.80,13264682,1198918584,9753
2023-05-08,TWSE,2383,台光電,172.00,173.50,169.00,172.00,2.00,2244786,386649826,1812
2023-05-08,TWSE,2385,群光,98.90,98.90,98.30,98.80,0.80,1577741,155648936,1480
2023-05-08,TWSE,2387,精元,45.80,45.95,45.45,45.50,0.05,979182,44720099,651
2023-05-08,TWSE,2388,威盛,75.30,75.40,74.50,74.80,0.00,2227863,166896690,1535
2023-05-08,TWSE,2390,云辰,12.60,12.65,12.30,12.30,-0.20,333850,4141385,333
2023-05-08,TWSE,2392,正崴,41.65,42.15,41.65,42.00,0.60,657582,27594724,493
2023-05-08,TWSE,2393,億光,40.10,40.60,40.05,40.50,0.40,719915,29098163,537
2023-05-08,TWSE,2395,研華,381.00,384.50,379.50,381.50,1.50,413020,157301899,712
2023-05-08,TWSE,2397,友通,68.40,69.10,68.40,69.00,0.60,60533,4164671,58
2023-05-08,TWSE,2399,映泰,15.25,15.45,15.25,15.30,0.10,445698,6828669,207
2023-05-08,TWSE,2401,凌陽,24.00,24.05,23.60,23.60,-0.30,956772,22759663,596
2023-05-08,TWSE,2402,毅嘉,27.95,29.10,27.85,29.05,1.50,18434771,530125711,9267
2023-05-08,TWSE,2404,漢唐,225.00,225.00,221.00,223.00,-0.50,732471,163293526,3509
2023-05-08,TWSE,2405,輔信,12.85,12.85,12.70,12.70,-0.05,536664,6856284,250
2023-05-08,TWSE,2406,國碩,19.05,19.05,18.70,18.75,-0.15,1293707,24351063,1153
2023-05-08,TWSE,2408,南亞科,66.70,67.00,64.40,64.80,-1.90,9260289,603894342,6615
2023-05-08,TWSE,2409,友達,17.50,17.60,17.20,17.25,-0.05,29263053,508080234,6865
2023-05-08,TWSE,2412,中華電,126.50,126.50,126.00,126.50,0.00,4126558,521112241,2866
2023-05-08,TWSE,2413,環科,38.00,38.00,36.45,36.50,-0.80,3437178,127358064,2081
2023-05-08,TWSE,2414,精技,34.85,34.85,34.70,34.85,0.00,147246,5123471,98
2023-05-08,TWSE,2415,錩新,24.55,24.80,24.35,24.50,-0.05,44978,1104650,64
2023-05-08,TWSE,2417,圓剛,22.80,23.00,22.45,22.50,-0.15,1313983,29767830,931
2023-05-08,TWSE,2419,仲琦,26.55,26.75,26.55,26.65,0.30,1266383,33738152,898
2023-05-08,TWSE,2420,新巨,44.80,45.75,44.70,45.30,0.65,828920,37529197,544
2023-05-08,TWSE,2421,建準,62.10,67.50,61.30,66.00,4.40,70602880,4543577523,37214
2023-05-08,TWSE,2423,固緯,35.70,36.70,35.50,36.10,0.85,886121,31903132,597
2023-05-08,TWSE,2424,隴華,34.70,35.50,33.00,34.05,-0.65,363860,12505474,335
2023-05-08,TWSE,2425,承啟,29.90,29.95,29.45,29.80,0.00,514100,15304541,283
2023-05-08,TWSE,2426,鼎元,18.45,18.50,18.25,18.25,-0.15,437830,8025428,218
2023-05-08,TWSE,2427,三商電,15.20,15.50,15.05,15.30,0.30,1855467,28451479,776
2023-05-08,TWSE,2428,興勤,160.00,162.00,158.00,160.50,3.50,1491320,239446597,1159
2023-05-08,TWSE,2429,銘旺科,21.60,21.60,21.10,21.55,-0.15,122100,2617636,86
2023-05-08,TWSE,2430,燦坤,42.20,42.45,42.20,42.40,0.25,192308,8140158,199
2023-05-08,TWSE,2431,聯昌,11.65,11.65,11.50,11.50,-0.10,238318,2752116,84
2023-05-08,TWSE,2433,互盛電,53.20,53.40,53.20,53.40,0.20,14510,773324,40
2023-05-08,TWSE,2434,統懋,30.00,30.00,29.95,29.95,-0.05,2577,77116,7
2023-05-08,TWSE,2436,偉詮電,49.00,49.05,47.65,47.65,-0.95,687191,33134383,568
2023-05-08,TWSE,2438,翔耀,25.25,25.30,24.80,24.80,-0.45,200196,4996533,128
2023-05-08,TWSE,2439,美律,86.40,87.30,86.40,86.90,0.90,434965,37801864,461
2023-05-08,TWSE,2440,太空梭,11.75,11.80,11.55,11.55,-0.05,237844,2768450,166
2023-05-08,TWSE,2441,超豐,53.50,54.10,53.50,54.00,0.70,479019,25817357,414
2023-05-08,TWSE,2442,新美齊,16.05,16.05,15.95,16.05,0.00,591722,9464821,303
2023-05-08,TWSE,2443,昶虹,3.60,3.80,3.60,3.61,0.11,318816,1166083,109
2023-05-08,TWSE,2444,兆勁,16.25,16.45,16.00,16.15,0.10,351179,5683094,185
2023-05-08,TWSE,2449,京元電子,47.00,47.05,45.70,45.80,-0.95,9212457,424701916,5454
2023-05-08,TWSE,2450,神腦,35.60,36.45,35.60,36.10,0.60,503579,18157274,398
2023-05-08,TWSE,2451,創見,71.10,71.70,69.80,70.90,-0.30,514531,36508899,399
2023-05-08,TWSE,2453,凌群,68.20,69.40,67.30,68.50,1.30,6294555,430310298,3972
2023-05-08,TWSE,2454,聯發科,681.00,684.00,674.00,675.00,0.00,3131678,2124964499,5877
2023-05-08,TWSE,2455,全新,99.50,100.00,98.00,98.80,0.00,2375233,234890252,2484
2023-05-08,TWSE,2457,飛宏,72.40,73.80,71.80,73.80,2.60,29873245,2181346472,16623
2023-05-08,TWSE,2458,義隆,96.40,96.60,93.10,93.20,-2.60,2448140,230126642,2935
2023-05-08,TWSE,2459,敦吉,57.10,57.30,56.70,56.80,-0.20,56794,3241522,49
2023-05-08,TWSE,2460,建通,23.10,23.20,22.45,22.55,-0.15,352401,8011791,308
2023-05-08,TWSE,2461,光群雷,23.25,23.25,22.60,22.90,-0.25,2047608,46745215,876
2023-05-08,TWSE,2462,良得電,32.80,32.80,31.90,32.00,-0.60,534924,17185551,348
2023-05-08,TWSE,2464,盟立,38.15,38.15,37.95,38.05,-0.10,130551,4964203,107
2023-05-08,TWSE,2465,麗臺,37.15,37.15,36.05,36.20,-0.10,245767,8940162,203
2023-05-08,TWSE,2466,冠西電,35.05,35.10,34.90,35.10,0.05,9050,316900,14
2023-05-08,TWSE,2467,志聖,47.70,47.90,47.65,47.85,0.20,56994,2724132,74
2023-05-08,TWSE,2468,華經,26.45,28.70,26.45,28.50,2.35,9419201,263719000,5284
2023-05-08,TWSE,2471,資通,67.50,68.70,66.10,68.50,2.20,14944509,1010596200,9590
2023-05-08,TWSE,2472,立隆電,66.20,66.20,64.70,64.80,-0.80,574615,37435758,457
2023-05-08,TWSE,2474,可成,182.00,185.00,181.50,184.50,2.50,1405385,258424292,1169
2023-05-08,TWSE,2476,鉅祥,52.40,52.40,50.80,51.70,-1.60,1756969,90564475,1142
2023-05-08,TWSE,2477,美隆電,20.70,20.80,20.65,20.70,0.00,22870,473447,37
2023-05-08,TWSE,2478,大毅,48.75,49.30,48.00,48.00,-0.55,293705,14292605,434
2023-05-08,TWSE,2480,敦陽科,111.00,111.50,108.50,109.00,-0.50,1229619,134986047,1230
2023-05-08,TWSE,2481,強茂,67.30,67.40,66.50,66.80,0.20,1185713,79234138,923
2023-05-08,TWSE,2482,連宇,66.10,70.60,66.00,66.30,0.90,18108996,1232088020,11503
2023-05-08,TWSE,2483,百容,27.25,27.25,26.90,27.10,0.00,169813,4587635,117
2023-05-08,TWSE,2484,希華,36.10,36.15,35.75,35.80,0.00,1059610,38027302,769
2023-05-08,TWSE,2485,兆赫,19.00,19.15,19.00,19.00,0.10,431967,8236439,314
2023-05-08,TWSE,2486,一詮,28.20,28.20,27.80,27.80,-0.15,1452792,40561674,824
2023-05-08,TWSE,2488,漢平,30.95,31.00,30.85,30.90,0.05,108701,3361382,90
2023-05-08,TWSE,2489,瑞軒,12.50,12.55,12.20,12.55,0.15,6480012,80494583,2467
2023-05-08,TWSE,2491,吉祥全,11.85,11.95,11.80,11.90,0.00,27983,331753,30
2023-05-08,TWSE,2492,華新科,102.50,104.00,98.50,99.80,-2.20,9496112,959569197,8235
2023-05-08,TWSE,2493,揚博,54.10,54.40,53.40,53.40,-0.40,124719,6686828,133
2023-05-08,TWSE,2495,普安,25.95,26.20,25.40,25.40,-0.20,2904114,74779528,1693
2023-05-08,TWSE,2496,卓越,50.00,50.20,49.95,50.00,0.15,19491,975000,19
2023-05-08,TWSE,2497,怡利電,72.80,73.00,72.00,72.00,0.10,471528,34069028,405
2023-05-08,TWSE,2498,宏達電,57.70,58.00,57.20,57.40,0.10,4820616,277642622,2797
2023-05-08,TWSE,2501,國建,16.60,16.60,16.45,16.50,-0.10,488711,8065540,369
2023-05-08,TWSE,2504,國產,29.05,29.05,28.55,28.85,0.00,3404946,97873535,1771
2023-05-08,TWSE,2505,國揚,18.25,18.50,18.20,18.30,0.05,99238,1814394,125
2023-05-08,TWSE,2506,太設,9.32,9.36,9.29,9.34,0.02,164210,1529690,90
2023-05-08,TWSE,2509,全坤建,15.55,15.70,15.50,15.60,0.05,66031,1030330,193
2023-05-08,TWSE,2511,太子,12.25,12.50,12.25,12.40,0.15,813103,10071266,447
2023-05-08,TWSE,2514,龍邦,17.30,17.40,17.00,17.10,0.10,396435,6807053,193
2023-05-08,TWSE,2515,中工,10.55,10.60,10.35,10.40,-0.10,7404865,77189015,1949
2023-05-08,TWSE,2516,新建,4.93,4.95,4.90,4.90,-0.03,117902,580530,67
2023-05-08,TWSE,2520,冠德,30.10,30.10,29.75,29.90,0.20,325308,9718768,213
2023-05-08,TWSE,2524,京城,31.85,31.85,30.80,31.15,-0.65,85983,2668765,69
2023-05-08,TWSE,2527,宏璟,22.35,22.60,22.30,22.50,0.15,123643,2777155,65
2023-05-08,TWSE,2528,皇普,23.95,23.95,23.05,23.30,-0.50,235108,5482623,180
2023-05-08,TWSE,2530,華建,21.90,22.40,21.65,22.35,0.40,1685224,37322620,649
2023-05-08,TWSE,2534,宏盛,22.80,22.85,22.70,22.80,0.10,1022539,23272912,332
2023-05-08,TWSE,2535,達欣工,32.45,32.80,32.30,32.70,0.30,1078682,35102992,678
2023-05-08,TWSE,2536,宏普,24.45,24.70,24.40,24.65,0.20,196637,4831016,104
2023-05-08,TWSE,2537,聯上發,6.95,6.99,6.93,6.94,0.00,251168,1746622,131
2023-05-08,TWSE,2538,基泰,12.90,12.90,12.75,12.85,0.10,409689,5245506,167
2023-05-08,TWSE,2539,櫻花建,37.80,37.90,37.80,37.80,0.00,288518,10921192,187
2023-05-08,TWSE,2540,愛山林,76.10,76.60,76.10,76.50,0.40,46140,3526500,69
2023-05-08,TWSE,2542,興富發,43.00,43.30,42.95,43.30,0.40,3324860,143525493,2124
2023-05-08,TWSE,2543,皇昌,9.41,9.48,9.41,9.47,0.09,43042,406573,23
2023-05-08,TWSE,2545,皇翔,46.85,46.90,46.60,46.85,0.05,325875,15254703,296
2023-05-08,TWSE,2546,根基,72.00,72.00,71.10,72.00,0.60,144097,10339807,173
2023-05-08,TWSE,2547,日勝生,9.40,9.40,9.30,9.30,-0.05,540204,5048867,303
2023-05-08,TWSE,2548,華固,97.20,97.50,96.00,96.80,0.20,1106985,107109047,929
2023-05-08,TWSE,2597,潤弘,120.00,120.00,118.50,119.00,-0.50,30665,3654354,76
2023-05-08,TWSE,2601,益航,9.12,9.12,9.02,9.02,-0.06,1572282,14225723,779
2023-05-08,TWSE,2603,長榮,151.50,152.00,149.50,151.00,-0.50,12044261,1813951489,9397
2023-05-08,TWSE,2605,新興,21.80,21.80,21.45,21.50,-0.15,1402617,30280384,814
2023-05-08,TWSE,2606,裕民,52.30,53.10,51.70,52.60,0.70,2347282,123361153,1527
2023-05-08,TWSE,2607,榮運,26.95,26.95,26.70,26.70,-0.20,1244162,33350104,739
2023-05-08,TWSE,2608,嘉里大榮,38.55,38.55,38.35,38.50,-0.05,72782,2799555,74
2023-05-08,TWSE,2609,陽明,61.20,61.30,60.50,60.50,-0.70,19653120,1192048226,13277
2023-05-08,TWSE,2610,華航,19.05,19.20,18.95,19.00,0.10,15234770,290583707,4344
2023-05-08,TWSE,2611,志信,13.05,13.05,12.85,12.85,-0.15,235205,3035232,310
2023-05-08,TWSE,2612,中航,39.15,39.20,38.80,39.00,-0.05,232815,9076174,246
2023-05-08,TWSE,2613,中櫃,22.80,22.80,22.30,22.35,-0.10,45892,1029233,90
2023-05-08,TWSE,2614,東森,20.05,20.10,19.50,19.55,-0.30,1917193,37784987,1362
2023-05-08,TWSE,2615,萬海,59.60,60.10,59.10,59.40,-0.10,5330307,317219550,4393
2023-05-08,TWSE,2616,山隆,33.00,33.15,32.70,32.70,-0.30,589774,19386813,316
2023-05-08,TWSE,2617,台航,30.45,30.45,30.00,30.05,-0.10,609494,18357538,420
2023-05-08,TWSE,2618,長榮航,27.20,27.45,27.05,27.20,0.15,21545946,586835787,5629
2023-05-08,TWSE,2630,亞航,34.20,34.20,31.50,31.55,-1.95,4684796,151694502,3127
2023-05-08,TWSE,2633,台灣高鐵,31.20,31.25,31.10,31.25,0.25,3442651,107409810,1715
2023-05-08,TWSE,2634,漢翔,57.50,57.70,56.50,56.60,0.20,27383438,1557463960,12301
2023-05-08,TWSE,2636,台驊控股,77.10,77.40,75.50,75.50,-1.40,506422,38454792,609
2023-05-08,TWSE,2637,慧洋-KY,61.10,61.50,60.40,61.00,-0.10,2671871,163020618,1756
2023-05-08,TWSE,2642,宅配通,46.55,46.75,46.00,46.40,-0.15,56762,2632363,82
2023-05-08,TWSE,2645,長榮航太,106.50,107.50,105.00,106.00,0.50,1706002,181408781,1440
2023-05-08,TWSE,2701,萬企,12.75,12.85,12.75,12.75,0.05,218948,2801403,118
2023-05-08,TWSE,2702,華園,23.90,23.90,23.25,23.35,-0.25,278039,6506953,222
2023-05-08,TWSE,2704,國賓,41.55,42.25,41.35,42.25,0.80,676935,28378453,680
2023-05-08,TWSE,2705,六福,18.45,18.60,18.45,18.50,0.05,353271,6540737,218
2023-05-08,TWSE,2706,第一店,15.25,15.40,15.20,15.30,0.10,730106,11175513,358
2023-05-08,TWSE,2707,晶華,293.00,297.00,286.00,289.00,-3.50,779562,227902284,1168
2023-05-08,TWSE,2712,遠雄來,34.45,34.45,34.05,34.10,-0.35,14003,480503,15
2023-05-08,TWSE,2722,夏都,50.00,50.30,49.15,49.15,-0.25,104560,5179228,113
2023-05-08,TWSE,2723,美食-KY,158.50,161.00,154.00,154.50,-4.00,835606,130701954,767
2023-05-08,TWSE,2727,王品,330.00,342.00,329.00,331.50,4.00,3330646,1114839786,3560
2023-05-08,TWSE,2731,雄獅,185.00,189.50,178.50,180.00,-2.50,7107816,1306280856,8026
2023-05-08,TWSE,2739,寒舍,65.50,65.90,63.30,63.50,-2.00,465177,29756219,395
2023-05-08,TWSE,2748,雲品,82.80,83.40,81.70,81.80,-0.50,1012716,83257978,955
2023-05-08,TWSE,2753,八方雲集,178.00,179.00,176.50,176.50,0.00,329329,58419088,486
2023-05-08,TWSE,2801,彰銀,18.05,18.15,17.95,18.00,-0.05,19411441,350458023,3624
2023-05-08,TWSE,2809,京城銀,35.35,35.65,35.20,35.55,0.25,809465,28689314,468
2023-05-08,TWSE,2812,台中銀,14.65,14.70,14.55,14.65,0.00,6945798,101599419,3300
2023-05-08,TWSE,2816,旺旺保,16.55,16.75,16.45,16.60,0.15,132502,2197694,106
2023-05-08,TWSE,2820,華票,15.10,15.15,15.05,15.10,0.00,520752,7857770,255
2023-05-08,TWSE,2832,台產,21.65,21.80,21.55,21.75,0.20,383028,8314398,268
2023-05-08,TWSE,2834,臺企銀,14.15,14.20,14.00,14.05,0.00,12787805,179966983,3645
2023-05-08,TWSE,2836,高雄銀,12.35,12.40,12.30,12.35,0.05,285789,3526190,168
2023-05-08,TWSE,2836A,高雄銀甲特,21.90,21.90,21.75,21.85,-0.10,76000,1659750,41
2023-05-08,TWSE,2838,聯邦銀,16.20,16.25,16.10,16.10,-0.10,392111,6338684,258
2023-05-08,TWSE,2838A,聯邦銀甲特,52.50,52.50,52.30,52.30,-0.10,63193,3306032,19
2023-05-08,TWSE,2845,遠東銀,11.20,11.25,11.15,11.20,0.00,3711400,41604025,872
2023-05-08,TWSE,2849,安泰銀,15.05,15.05,15.05,15.05,0.00,34127,513605,24
2023-05-08,TWSE,2850,新產,50.60,51.00,50.60,51.00,0.40,86719,4410356,99
2023-05-08,TWSE,2851,中再保,19.60,20.50,19.30,20.35,1.70,12146961,243210736,4195
2023-05-08,TWSE,2852,第一保,15.70,15.90,15.70,15.85,0.15,383409,6070004,182
2023-05-08,TWSE,2855,統一證,16.60,16.80,16.60,16.75,0.25,1048580,17489444,399
2023-05-08,TWSE,2867,三商壽,5.12,5.15,5.08,5.10,-0.02,7605620,38823160,1597
2023-05-08,TWSE,2880,華南金,22.00,22.10,21.90,22.00,0.00,10637506,233845372,3739
2023-05-08,TWSE,2881,富邦金,59.40,59.60,59.10,59.40,0.30,11809773,701269563,5418
2023-05-08,TWSE,2881A,富邦特,62.10,62.20,62.10,62.10,0.00,162579,10097117,81
2023-05-08,TWSE,2881B,富邦金乙特,59.90,60.30,59.80,60.30,0.20,112538,6754771,63
2023-05-08,TWSE,2881C,富邦金丙特,58.60,58.70,58.60,58.70,0.10,41058,2407953,39
2023-05-08,TWSE,2882,國泰金,42.80,43.05,42.65,43.05,0.40,15295810,656099339,7142
2023-05-08,TWSE,2882A,國泰特,60.10,60.20,59.90,60.10,0.00,89250,5357824,50
2023-05-08,TWSE,2882B,國泰金乙特,59.70,59.80,59.70,59.80,-0.10,219636,13125460,62
2023-05-08,TWSE,2883,凱基金,12.80,12.85,12.65,12.80,-0.50,99766581,1273069648,30713
2023-05-08,TWSE,2883B,凱基金乙特,7.15,7.15,7.06,7.09,-0.06,6424485,45561759,1142
2023-05-08,TWSE,2884,玉山金,25.00,25.05,24.90,24.95,0.00,20873900,521448631,10564
2023-05-08,TWSE,2885,元大金,22.90,23.10,22.80,23.00,0.15,16422389,377454973,10103
2023-05-08,TWSE,2886,兆豐金,34.30,34.45,34.20,34.30,0.05,8493215,291437810,4970
2023-05-08,TWSE,2887,台新新光金,18.00,18.20,17.90,17.95,0.40,44352757,799344672,13099
2023-05-08,TWSE,2887E,台新新光戊特一,51.20,51.20,51.00,51.00,0.20,442036,22554024,110
2023-05-08,TWSE,2887F,台新新光戊特二,48.70,48.90,48.60,48.90,0.20,76397,3716380,17
2023-05-08,TWSE,2887Z1,台新新光己特,16.80,16.95,16.80,16.95,0.00,19548,330474,29
2023-05-08,TWSE,2888,新光金,8.45,8.46,8.39,8.42,-0.02,19729387,165988149,3741
2023-05-08,TWSE,2888A,新光金甲特,33.20,33.20,32.70,32.80,-0.45,124658,4101656,91
2023-05-08,TWSE,2888B,新光金乙特,33.00,33.00,32.60,32.70,-0.35,275297,9021849,146
2023-05-08,TWSE,2889,國票金,12.30,12.30,12.15,12.20,-0.10,3561394,43403934,1878
2023-05-08,TWSE,2890,永豐金,17.10,17.25,17.05,17.20,0.15,20655547,355012333,5821
2023-05-08,TWSE,2891,中信金,23.15,23.35,23.10,23.35,0.30,28739880,668053599,8622
2023-05-08,TWSE,2891B,中信金乙特,59.40,59.50,59.40,59.50,0.00,4951,293912,15
2023-05-08,TWSE,2891C,中信金丙特,59.50,59.50,59.50,59.50,0.00,2079,123592,18
2023-05-08,TWSE,2892,第一金,27.20,27.45,27.15,27.40,0.30,13625283,372570173,5017
2023-05-08,TWSE,2897,王道銀行,10.00,10.00,9.95,10.00,0.04,3490955,34842081,1025
2023-05-08,TWSE,2897A,王道銀甲特,10.40,10.40,10.35,10.40,0.00,102100,1061300,128
2023-05-08,TWSE,2901,欣欣,25.05,25.05,24.75,25.05,0.05,7419,184968,55
2023-05-08,TWSE,2903,遠百,22.85,23.10,22.70,22.95,0.10,3708117,85097145,1016
2023-05-08,TWSE,2904,匯僑,20.55,20.55,20.45,20.45,0.05,18432,378063,34
2023-05-08,TWSE,2905,三商,15.15,15.15,14.95,15.00,-0.15,410568,6171082,339
2023-05-08,TWSE,2906,高林,17.25,17.30,17.10,17.20,-0.05,383436,6603737,147
2023-05-08,TWSE,2908,特力,20.80,20.85,20.65,20.65,-0.05,328716,6811278,132
2023-05-08,TWSE,2910,統領,29.80,29.80,29.80,29.80,-0.20,1001,29829,2
2023-05-08,TWSE,2911,麗嬰房,7.16,7.16,7.06,7.06,-0.01,254391,1804162,444
2023-05-08,TWSE,2912,統一超,285.00,286.50,282.50,285.50,1.00,1197341,341624009,1666
2023-05-08,TWSE,2913,農林,23.70,23.95,23.55,23.75,0.20,4449301,105485026,2010
2023-05-08,TWSE,2915,潤泰全,58.20,58.90,58.00,58.50,0.50,2368383,138342319,1537
2023-05-08,TWSE,2923,鼎固-KY,22.90,22.95,22.90,22.95,-0.20,3557,81863,48
2023-05-08,TWSE,2929,淘帝-KY,13.20,13.40,13.20,13.20,0.10,451613,5996290,248
2023-05-08,TWSE,2939,永邑-KY,33.00,33.05,32.50,32.50,-0.45,16210,530310,19
2023-05-08,TWSE,2945,三商家購,44.00,44.00,43.00,43.15,-1.05,47570,2055428,72
2023-05-08,TWSE,3002,歐格,12.95,13.05,12.50,12.55,-0.35,229846,2937883,179
2023-05-08,TWSE,3003,健和興,77.40,78.00,76.50,76.50,-0.60,759893,58554201,635
2023-05-08,TWSE,3004,豐達科,100.50,102.50,99.80,100.50,2.00,1106381,111523485,900
2023-05-08,TWSE,3005,神基,63.50,64.10,61.10,61.60,-1.30,12928449,802472879,8170
2023-05-08,TWSE,3006,晶豪科,75.80,78.00,75.30,77.10,2.10,8659996,666846539,6198
2023-05-08,TWSE,3008,大立光,2005.00,2045.00,1985.00,2000.00,25.00,542150,1088173920,1625
2023-05-08,TWSE,3010,華立,87.90,88.00,87.30,87.80,0.20,187567,16426072,212
2023-05-08,TWSE,3011,今皓,30.00,30.60,29.65,30.40,0.50,4591348,138663715,1410
2023-05-08,TWSE,3013,晟銘電,23.65,24.40,23.45,24.15,0.95,11054573,264810370,4848
2023-05-08,TWSE,3014,聯陽,97.50,101.50,96.30,96.50,0.50,4861910,479340087,4213
2023-05-08,TWSE,3015,全漢,49.10,49.50,48.55,49.40,0.30,439966,21614249,268
2023-05-08,TWSE,3016,嘉晶,64.60,65.00,64.10,64.20,0.20,262928,16967240,259
2023-05-08,TWSE,3017,奇鋐,183.00,185.50,179.00,181.50,0.50,20066397,3659243707,20654
2023-05-08,TWSE,3019,亞光,63.50,64.10,63.10,63.40,0.10,294132,18712891,266
2023-05-08,TWSE,3021,鴻名,22.25,22.65,21.90,21.90,-0.35,295445,6579647,190
2023-05-08,TWSE,3022,威強電,82.60,82.60,81.40,81.50,0.70,1267615,103844146,1468
2023-05-08,TWSE,3023,信邦,350.50,350.50,345.50,348.50,0.50,233790,81232209,297
2023-05-08,TWSE,3024,憶聲,15.10,15.15,14.95,15.05,-0.05,575092,8653625,299
2023-05-08,TWSE,3025,星通,31.55,32.75,31.35,32.20,1.00,5957673,192498247,3027
2023-05-08,TWSE,3026,禾伸堂,102.50,102.50,101.00,101.50,-1.00,188480,19153731,213
2023-05-08,TWSE,3027,盛達,44.00,44.65,43.90,44.35,0.65,2388184,105815427,1523
2023-05-08,TWSE,3028,增你強,32.65,32.80,32.50,32.50,-0.20,314878,10271808,322
2023-05-08,TWSE,3029,零壹,61.50,62.90,60.70,62.30,2.10,19750714,1223800232,13126
2023-05-08,TWSE,3030,德律,63.30,63.30,62.90,63.20,0.50,269657,17030642,257
2023-05-08,TWSE,3031,佰鴻,18.95,18.95,18.75,18.75,-0.20,70570,1328447,69
2023-05-08,TWSE,3032,偉訓,48.45,49.10,47.75,48.05,0.25,2826860,137047537,1612
2023-05-08,TWSE,3033,威健,30.90,30.90,30.55,30.75,-0.10,2190401,67249871,1243
2023-05-08,TWSE,3034,聯詠,434.00,435.00,428.50,429.00,1.00,3242891,1398946975,3763
2023-05-08,TWSE,3035,智原,172.00,174.00,168.50,168.50,-1.50,8019834,1370282005,6057
2023-05-08,TWSE,3036,文曄,65.20,65.20,64.30,65.00,-0.40,1470789,95089929,1044
2023-05-08,TWSE,3036A,文曄甲特,48.50,48.50,48.45,48.50,-0.05,105100,5094460,36
2023-05-08,TWSE,3037,欣興,158.00,162.00,157.00,161.00,8.50,65659935,10506231895,39266
2023-05-08,TWSE,3038,全台,30.15,31.20,29.85,31.05,0.90,12752461,393354493,5548
2023-05-08,TWSE,3040,遠見,32.50,32.50,31.85,31.95,-0.05,11628,373779,17
2023-05-08,TWSE,3041,揚智,19.70,19.75,19.30,19.30,-0.25,540360,10504935,491
2023-05-08,TWSE,3042,晶技,86.20,87.10,86.00,87.00,1.00,947253,82118497,833
2023-05-08,TWSE,3043,科風,48.70,49.70,48.70,48.90,0.20,141607,6936182,170
2023-05-08,TWSE,3044,健鼎,117.00,117.50,116.00,117.50,1.00,475106,55562658,442
2023-05-08,TWSE,3045,台灣大,104.50,104.50,103.50,104.00,-0.50,2160638,224908774,1468
2023-05-08,TWSE,3046,建碁,78.00,80.70,77.40,80.70,7.30,7214135,575745742,3674
2023-05-08,TWSE,3047,訊舟,15.90,15.95,15.75,15.80,0.05,1356515,21494377,565
2023-05-08,TWSE,3048,益登,27.75,27.90,27.70,27.70,-0.10,398419,11057189,282
2023-05-08,TWSE,3049,精金,9.96,9.99,9.85,9.85,-0.09,1717430,16998138,751
2023-05-08,TWSE,3050,鈺德,15.50,16.05,15.30,15.60,0.15,2727546,42927696,700
2023-05-08,TWSE,3051,力特,18.05,18.50,17.85,18.05,-0.05,8914696,162675111,1829
2023-05-08,TWSE,3052,夆典,11.60,11.65,11.50,11.60,0.10,332358,3843487,140
2023-05-08,TWSE,3054,立萬利,18.95,19.10,18.90,19.10,-0.05,12013,227289,13
2023-05-08,TWSE,3055,蔚華科,27.95,28.10,27.80,27.80,-0.25,31570,883879,124
2023-05-08,TWSE,3056,富華新,49.40,49.80,49.15,49.45,0.55,3129546,154693439,1692
2023-05-08,TWSE,3057,喬鼎,12.30,12.30,12.10,12.20,0.00,104356,1272808,248
2023-05-08,TWSE,3058,立德,26.35,28.55,26.30,28.40,2.40,7550030,206304805,4339
2023-05-08,TWSE,3059,華晶科,33.90,33.90,33.00,33.00,0.10,642579,21380936,503
2023-05-08,TWSE,3060,銘異,18.00,18.00,17.60,17.65,-0.15,499542,8868974,580
2023-05-08,TWSE,3062,建漢,22.55,22.60,22.20,22.40,0.00,1871940,41944066,960
2023-05-08,TWSE,3090,日電貿,57.50,57.60,56.90,57.10,-0.50,475612,27244817,351
2023-05-08,TWSE,3092,鴻碩,37.65,37.70,37.10,37.45,0.40,236978,8879412,193
2023-05-08,TWSE,3094,聯傑,34.75,34.85,34.20,34.45,1.25,1802332,62200274,1192
2023-05-08,TWSE,3130,一零四,214.00,215.50,214.00,215.50,2.50,6741,1447198,65
2023-05-08,TWSE,3138,耀登,154.50,155.00,151.50,152.00,-0.50,207342,31748576,219
2023-05-08,TWSE,3149,正達,17.80,17.80,16.65,16.65,-1.80,3846527,64561243,2194
2023-05-08,TWSE,3164,景岳,25.40,25.50,25.05,25.10,-0.15,81274,2051885,86
2023-05-08,TWSE,3167,大量,41.50,41.90,41.50,41.90,0.35,44248,1844359,40
2023-05-08,TWSE,3189,景碩,111.00,113.50,110.50,111.00,1.50,7421484,827894184,4772
2023-05-08,TWSE,3209,全科,42.85,42.85,42.50,42.70,0.10,873249,37276137,607
2023-05-08,TWSE,3229,晟鈦,19.60,19.75,19.55,19.60,0.00,17000,333250,11
2023-05-08,TWSE,3231,緯創,49.90,51.40,49.60,49.90,0.75,53680957,2702916453,25888
2023-05-08,TWSE,3257,虹冠電,62.10,64.80,60.50,61.00,0.50,433083,26917231,357
2023-05-08,TWSE,3266,昇陽,12.85,12.95,12.80,12.85,0.05,144000,1852600,51
2023-05-08,TWSE,3296,勝德,17.80,18.20,17.75,18.15,0.45,1268129,22863056,764
2023-05-08,TWSE,3305,昇貿,50.50,51.00,49.70,49.80,-0.70,755543,37943033,611
2023-05-08,TWSE,3308,聯德,37.15,40.50,35.90,40.50,3.65,2961421,112735300,3503
2023-05-08,TWSE,3311,閎暉,34.15,34.25,34.10,34.25,0.15,24042,821629,29
2023-05-08,TWSE,3312,弘憶股,21.70,21.70,21.50,21.55,-0.05,256138,5531041,198
2023-05-08,TWSE,3321,同泰,6.49,6.49,6.38,6.42,-0.02,55509,355363,44
2023-05-08,TWSE,3338,泰碩,49.50,50.30,48.15,48.20,-1.05,5183742,253778142,3900
2023-05-08,TWSE,3346,麗清,38.25,38.75,38.15,38.30,0.10,263943,10110698,186
2023-05-08,TWSE,3356,奇偶,40.00,40.70,39.80,39.85,-0.10,1716181,69043946,1049
2023-05-08,TWSE,3376,新日興,87.00,88.40,86.60,87.90,1.40,325607,28506565,302
2023-05-08,TWSE,3380,明泰,35.80,35.80,35.05,35.15,0.15,1625750,57629179,1144
2023-05-08,TWSE,3406,玉晶光,385.00,387.00,383.00,383.00,1.50,809311,311252229,964
2023-05-08,TWSE,3413,京鼎,187.50,192.50,187.00,191.00,4.00,613814,116647475,539
2023-05-08,TWSE,3416,融程電,122.50,123.50,119.50,121.50,2.50,956745,116355478,1211
2023-05-08,TWSE,3419,譁裕,22.20,22.25,21.40,21.65,-0.25,3522593,76353085,1884
2023-05-08,TWSE,3432,台端,13.30,13.50,13.30,13.40,-0.10,244060,3265962,115
2023-05-08,TWSE,3437,榮創,19.20,19.25,18.95,18.95,-0.20,148088,2827215,149
2023-05-08,TWSE,3443,創意,1155.00,1180.00,1125.00,1125.00,-15.00,5903199,6774854100,6510
2023-05-08,TWSE,3447,展達,51.80,52.00,50.10,50.10,-0.90,541438,27520019,457
2023-05-08,TWSE,3450,聯鈞,37.00,37.10,36.80,36.80,-0.10,161767,5969340,138
2023-05-08,TWSE,3454,晶睿,201.50,204.00,196.50,197.00,-2.50,2222533,443744559,1929
2023-05-08,TWSE,3481,群創,13.75,13.75,13.40,13.40,-0.25,55528375,749656691,11085
2023-05-08,TWSE,3494,誠研,6.61,7.15,6.61,7.05,0.44,517808,3614986,197
2023-05-08,TWSE,3501,維熹,57.30,57.40,56.70,56.70,-0.20,447596,25473580,391
2023-05-08,TWSE,3504,揚明光,78.00,78.20,76.90,77.00,-0.50,233159,18060822,215
2023-05-08,TWSE,3515,華擎,133.00,135.00,133.00,134.00,2.00,238429,31888902,267
2023-05-08,TWSE,3518,柏騰,32.40,32.70,31.65,32.70,0.50,692775,22382372,422
2023-05-08,TWSE,3528,安馳,69.90,70.00,68.00,68.40,-0.90,193488,13268509,280
2023-05-08,TWSE,3530,晶相光,78.00,78.20,77.50,77.60,0.00,52503,4084995,66
2023-05-08,TWSE,3532,台勝科,151.50,152.50,150.50,151.50,1.50,817794,123926052,877
2023-05-08,TWSE,3533,嘉澤,950.00,950.00,926.00,927.00,-8.00,742578,691519021,1067
2023-05-08,TWSE,3535,晶彩科,20.85,20.90,20.50,20.55,-0.25,349805,7236586,236
2023-05-08,TWSE,3543,州巧,21.85,22.05,21.60,21.95,0.10,53004,1153937,32
2023-05-08,TWSE,3545,敦泰,80.00,80.00,75.80,76.00,-4.50,9808696,754435405,6943
2023-05-08,TWSE,3550,聯穎,15.75,16.00,15.60,16.00,0.25,237470,3739730,132
2023-05-08,TWSE,3557,嘉威,68.70,69.80,67.00,67.50,0.80,450487,30802862,338
2023-05-08,TWSE,3563,牧德,198.00,201.00,196.00,196.50,-1.50,183595,36334901,874
2023-05-08,TWSE,3576,聯合再生,20.85,20.85,20.55,20.60,-0.15,4668639,96329380,2293
2023-05-08,TWSE,3583,辛耘,91.00,91.50,88.60,89.90,-1.10,787926,71108048,706
2023-05-08,TWSE,3588,通嘉,57.40,59.30,57.10,57.30,1.30,415261,24100132,364
2023-05-08,TWSE,3591,艾笛森,25.10,26.05,25.00,25.55,0.50,7297415,186819789,3584
2023-05-08,TWSE,3592,瑞鼎,379.00,385.00,378.50,381.50,6.00,511626,195198599,703
2023-05-08,TWSE,3593,力銘,12.65,12.65,12.50,12.60,0.10,25695,322993,39
2023-05-08,TWSE,3596,智易,110.00,111.50,109.00,111.00,3.00,4218601,465707368,3296
2023-05-08,TWSE,3605,宏致,30.20,30.20,29.95,30.00,-0.10,175956,5285290,198
2023-05-08,TWSE,3607,谷崧,14.05,14.05,13.80,13.90,-0.15,90133,1256148,77
2023-05-08,TWSE,3617,碩天,128.00,130.50,126.00,127.00,1.50,693259,88979089,696
2023-05-08,TWSE,3622,洋華,31.55,32.60,31.50,32.15,0.80,631927,20341602,385
2023-05-08,TWSE,3645,達邁,34.25,34.25,33.80,33.85,-0.15,63150,2146505,66
2023-05-08,TWSE,3652,精聯,30.75,30.95,30.45,30.45,-0.25,475218,14570594,281
2023-05-08,TWSE,3653,健策,473.00,482.50,473.00,480.00,8.00,956960,458868172,1066
2023-05-08,TWSE,3661,世芯-KY,1275.00,1325.00,1255.00,1260.00,0.00,4950190,6350581175,5101
2023-05-08,TWSE,3665,貿聯-KY,259.50,261.50,259.00,260.00,2.00,354322,92121722,419
2023-05-08,TWSE,3669,圓展,43.55,43.60,43.30,43.40,0.00,46496,2018723,41
2023-05-08,TWSE,3673,TPK-KY,38.65,39.10,38.55,38.75,0.45,3458264,134444738,1987
2023-05-08,TWSE,3679,新至陞,90.30,90.60,90.30,90.30,0.00,28404,2568903,48
2023-05-08,TWSE,3682,亞太電,6.63,6.65,6.60,6.63,0.00,1434047,9507546,444
2023-05-08,TWSE,3686,達能,15.50,15.50,15.10,15.30,0.00,351534,5350959,229
2023-05-08,TWSE,3694,海華,24.25,24.80,23.95,24.60,0.45,392887,9622350,265
2023-05-08,TWSE,3701,大眾控,60.50,62.60,60.00,61.30,1.70,2092562,128335022,1455
2023-05-08,TWSE,3702,大聯大,50.40,50.50,49.90,50.20,-0.10,4245997,212803091,2065
2023-05-08,TWSE,3702A,大聯大甲特,48.95,48.95,48.85,48.90,-0.05,104192,5092743,81
2023-05-08,TWSE,3703,欣陸,31.80,31.80,30.60,30.80,-1.55,11483357,354698403,5836
2023-05-08,TWSE,3704,合勤控,41.25,41.80,41.00,41.30,0.95,8237537,340773276,4728
2023-05-08,TWSE,3705,永信,46.10,46.15,45.65,45.90,0.20,504565,23172721,346
2023-05-08,TWSE,3706,神達,28.30,28.30,28.05,28.10,-0.05,1006837,28305308,748
2023-05-08,TWSE,3708,上緯投控,103.50,103.50,102.00,102.50,-0.50,539046,55507876,327
2023-05-08,TWSE,3711,日月光投控,103.50,104.50,103.00,104.00,1.00,5299823,550851526,3049
2023-05-08,TWSE,3712,永崴投控,39.85,40.30,39.50,39.60,0.30,3414520,136109767,1898
2023-05-08,TWSE,3714,富采,49.10,49.20,47.50,47.60,-1.45,6389329,305711995,4681
2023-05-08,TWSE,3715,定穎投控,26.30,28.30,25.90,28.00,2.25,44914920,1225559044,15607
2023-05-08,TWSE,4104,佳醫,93.80,95.70,92.50,94.70,1.20,880867,83040479,1121
2023-05-08,TWSE,4106,雃博,32.90,32.90,31.55,31.85,-0.60,499285,16016630,356
2023-05-08,TWSE,4108,懷特,22.50,22.95,22.20,22.25,-0.50,1158750,26042178,987
2023-05-08,TWSE,4119,旭富,129.50,131.00,128.50,129.00,0.50,282187,36546587,285
2023-05-08,TWSE,4133,亞諾法,37.05,37.25,36.50,36.50,-0.50,118060,4353405,180
2023-05-08,TWSE,4137,麗豐-KY,234.00,239.50,232.00,232.50,2.50,534256,125739754,1962
2023-05-08,TWSE,4142,國光生,40.65,40.65,39.95,39.95,-0.55,899295,36144539,662
2023-05-08,TWSE,4148,全宇生技-KY,63.70,64.30,62.70,63.00,-0.60,181657,11517750,120
2023-05-08,TWSE,4155,訊映,33.90,34.90,33.75,34.65,0.75,1014476,34913947,513
2023-05-08,TWSE,4164,承業醫,72.80,74.30,71.40,71.90,-0.70,4243460,308552641,2937
2023-05-08,TWSE,4190,佐登-KY,97.30,98.60,94.90,95.30,-1.40,913394,88356866,777
2023-05-08,TWSE,4306,炎洲,17.00,17.10,16.95,17.00,0.10,1040409,17696875,535
2023-05-08,TWSE,4426,利勤,24.60,24.60,24.40,24.50,-0.05,113275,2778296,83
2023-05-08,TWSE,4438,廣越,115.00,115.50,114.50,115.00,0.00,76105,8752680,67
2023-05-08,TWSE,4439,冠星-KY,128.50,129.50,125.00,126.50,-0.50,105401,13391233,158
2023-05-08,TWSE,4440,宜新實業,34.25,34.45,34.15,34.25,0.00,92307,3157022,56
2023-05-08,TWSE,4526,東台,17.45,17.45,17.15,17.20,-0.15,252082,4353298,406
2023-05-08,TWSE,4532,瑞智,18.00,18.10,17.95,18.05,0.05,170037,3069515,116
2023-05-08,TWSE,4536,拓凱,206.00,208.00,203.50,206.50,2.00,645331,132839494,659
2023-05-08,TWSE,4540,全球傳動,43.20,43.50,42.90,43.45,0.25,93584,4052641,102
2023-05-08,TWSE,4545,銘鈺,29.50,30.75,29.30,30.30,-2.25,626895,18703345,525
2023-05-08,TWSE,4551,智伸科,140.50,140.50,139.50,139.50,1.00,65947,9211592,75
2023-05-08,TWSE,4552,力達-KY,34.65,34.65,33.80,33.80,-0.60,225258,7696916,173
2023-05-08,TWSE,4555,氣立,49.15,49.15,48.45,48.55,-0.50,110207,5346204,30
2023-05-08,TWSE,4557,永新-KY,118.00,121.00,116.50,117.00,-0.50,401539,47756306,422
2023-05-08,TWSE,4560,強信-KY,39.40,39.40,39.10,39.15,-0.10,67000,2625550,34
2023-05-08,TWSE,4562,穎漢,16.80,16.85,16.60,16.75,-0.05,76100,1272480,50
2023-05-08,TWSE,4564,元翎,24.60,24.75,24.30,24.30,-0.30,442232,10831956,584
2023-05-08,TWSE,4566,時碩工業,64.50,64.70,62.10,62.30,-1.90,2230757,140570964,1686
2023-05-08,TWSE,4571,鈞興-KY,81.10,81.50,81.10,81.40,0.30,31110,2530070,26
2023-05-08,TWSE,4572,駐龍,174.00,177.00,170.00,176.00,5.00,2311134,404203800,2002
2023-05-08,TWSE,4576,大銀微系統,75.10,75.70,75.10,75.40,0.30,22383,1686499,30
2023-05-08,TWSE,4581,光隆精密-KY,57.30,57.30,55.80,56.40,0.20,125300,7062255,113
2023-05-08,TWSE,4583,台灣精銳,211.00,211.00,207.00,207.00,-4.00,39167,8143164,76
2023-05-08,TWSE,4720,德淵,15.30,15.30,14.90,14.95,-0.30,299565,4505505,194
2023-05-08,TWSE,4722,國精化,37.95,37.95,36.95,36.95,-0.75,129613,4857147,121
2023-05-08,TWSE,4737,華廣,75.60,75.60,75.10,75.30,-0.20,15133,1141636,25
2023-05-08,TWSE,4739,康普,93.00,93.20,91.00,91.10,-1.80,868499,79517998,973
2023-05-08,TWSE,4746,台耀,92.50,93.10,90.50,92.60,0.40,3683210,339219054,2702
2023-05-08,TWSE,4755,三福化,132.50,133.00,127.50,127.50,-6.50,1295465,167571988,1302
2023-05-08,TWSE,4763,材料*-KY,536.00,537.00,511.00,511.00,-37.00,7981231,4189847933,8131
2023-05-08,TWSE,4764,雙鍵,51.00,52.30,50.90,51.00,0.00,58000,2985400,20
2023-05-08,TWSE,4766,南寶,147.00,148.00,146.50,147.50,0.50,31318,4609564,32
2023-05-08,TWSE,4770,上品,286.50,288.00,283.00,283.50,0.00,376920,107685186,382
2023-05-08,TWSE,4807,日成-KY,21.30,21.30,20.85,21.30,0.00,6006,126826,12
2023-05-08,TWSE,4904,遠傳,78.90,78.90,78.30,78.70,0.20,3404452,267374346,2475
2023-05-08,TWSE,4906,正文,29.50,29.60,29.25,29.50,0.10,1850891,54529307,914
2023-05-08,TWSE,4912,聯德控股-KY,71.30,71.30,69.70,71.00,0.10,27002,1906842,17
2023-05-08,TWSE,4915,致伸,62.70,63.00,61.00,61.60,-0.90,5142445,317722477,3475
2023-05-08,TWSE,4916,事欣科,36.20,36.25,35.30,35.30,-0.40,2357422,83922808,1418
2023-05-08,TWSE,4919,新唐,135.00,138.00,133.00,133.50,0.00,6389809,861627940,4875
2023-05-08,TWSE,4927,泰鼎-KY,53.70,55.80,53.20,55.30,0.80,1404628,76451471,870
2023-05-08,TWSE,4930,燦星網,25.85,25.90,25.60,25.75,-0.30,85953,2209623,130
2023-05-08,TWSE,4934,太極,32.20,32.25,30.90,30.95,-0.95,1874539,58534970,1216
2023-05-08,TWSE,4935,茂林-KY,56.30,59.40,56.30,59.20,3.60,333527,19420902,322
2023-05-08,TWSE,4938,和碩,70.50,70.50,70.10,70.30,0.20,1023170,71876167,981
2023-05-08,TWSE,4942,嘉彰,39.15,39.25,38.30,38.65,-0.35,259639,10079765,135
2023-05-08,TWSE,4943,康控-KY,14.70,14.70,13.30,13.35,-1.35,100586,1365513,85
2023-05-08,TWSE,4952,凌通,56.50,56.50,55.40,56.00,0.60,195881,10915453,147
2023-05-08,TWSE,4956,光鋐,16.20,16.20,15.85,15.85,-0.25,210013,3340858,124
2023-05-08,TWSE,4958,臻鼎-KY,114.00,116.00,113.50,115.50,2.00,4301133,495422231,2559
2023-05-08,TWSE,4960,誠美材,11.70,11.80,11.60,11.70,0.00,1315281,15414729,667
2023-05-08,TWSE,4961,天鈺,156.00,158.50,153.00,157.50,5.50,4157307,647367852,3063
2023-05-08,TWSE,4967,十銓,76.00,76.70,73.60,73.60,-1.60,7820977,585914033,4592
2023-05-08,TWSE,4968,立積,174.00,176.00,172.00,173.50,2.50,7001496,1219565258,6838
2023-05-08,TWSE,4976,佳凌,45.00,45.00,44.05,44.05,-0.25,673760,29932297,466
2023-05-08,TWSE,4977,眾達-KY,105.50,106.50,104.00,104.00,-0.50,2061576,216961686,1508
2023-05-08,TWSE,4989,榮科,26.40,26.40,26.10,26.20,-0.15,126867,3325054,77
2023-05-08,TWSE,4994,傳奇,48.00,48.00,46.55,47.20,0.85,115369,5448075,93
2023-05-08,TWSE,4999,鑫禾,37.45,37.55,37.30,37.40,-0.05,42314,1584015,82
2023-05-08,TWSE,5007,三星,52.20,52.30,52.20,52.30,-0.50,1107179,63074991,15
2023-05-08,TWSE,5203,訊連,94.80,95.20,93.50,93.80,-0.90,307709,29006619,311
2023-05-08,TWSE,5215,科嘉-KY,47.90,48.10,47.60,47.90,0.30,43081,2063036,41
2023-05-08,TWSE,5222,全訊,217.00,217.00,206.00,206.00,-9.00,5776044,1223888353,4910
2023-05-08,TWSE,5225,東科-KY,40.85,42.45,40.80,41.85,1.05,1249921,52374525,764
2023-05-08,TWSE,5234,達興材料,88.80,90.40,88.30,89.70,1.00,185045,16537549,164
2023-05-08,TWSE,5243,乙盛-KY,67.30,67.30,66.30,66.50,0.10,941440,62696654,687
2023-05-08,TWSE,5244,弘凱,31.05,31.05,30.50,30.75,-0.30,17069,526429,19
2023-05-08,TWSE,5258,虹堡,84.10,84.60,83.20,83.40,0.30,2230755,187066257,1482
2023-05-08,TWSE,5269,祥碩,1165.00,1170.00,1125.00,1125.00,-15.00,640702,732245320,843
2023-05-08,TWSE,5283,禾聯碩,108.50,109.00,108.00,108.00,0.00,31636,3426796,62
2023-05-08,TWSE,5284,jpp-KY,126.00,134.50,125.50,129.50,5.50,7286940,943584592,5558
2023-05-08,TWSE,5285,界霖,78.40,78.60,77.80,78.10,0.50,156480,12215902,107
2023-05-08,TWSE,5288,豐祥-KY,177.00,179.00,177.00,178.50,1.50,31286,5577474,31
2023-05-08,TWSE,5306,桂盟,144.50,145.50,144.00,145.50,0.50,72784,10545074,164
2023-05-08,TWSE,5388,中磊,86.30,88.80,85.70,88.40,3.60,4078807,356466067,3208
2023-05-08,TWSE,5434,崇越,187.50,188.50,186.50,188.00,3.00,194697,36521589,324
2023-05-08,TWSE,5469,瀚宇博,38.95,39.35,38.70,38.90,0.45,3165888,123581910,1937
2023-05-08,TWSE,5471,松翰,51.00,51.10,50.40,50.60,0.00,251006,12695436,250
2023-05-08,TWSE,5484,慧友,16.65,17.10,16.65,16.90,0.25,43524,735448,40
2023-05-08,TWSE,5515,建國,13.15,13.25,13.10,13.20,0.10,177618,2340285,82
2023-05-08,TWSE,5519,隆大,24.80,24.80,24.65,24.75,0.05,431394,10685915,198
2023-05-08,TWSE,5521,工信,7.82,7.91,7.76,7.87,0.09,901244,7050367,330
2023-05-08,TWSE,5522,遠雄,61.30,61.50,60.70,61.10,-0.20,427861,26143502,350
2023-05-08,TWSE,5525,順天,27.05,27.10,26.80,27.05,0.15,85966,2318363,49
2023-05-08,TWSE,5531,鄉林,9.95,10.05,9.93,9.96,0.10,585041,5845007,240
2023-05-08,TWSE,5533,皇鼎,18.70,18.70,18.55,18.65,0.00,109128,2031872,49
2023-05-08,TWSE,5534,長虹,80.60,81.20,80.60,81.10,0.90,671788,54400455,464
2023-05-08,TWSE,5538,東明-KY,42.35,42.35,41.45,41.45,-0.55,13305,554407,15
2023-05-08,TWSE,5546,永固-KY,39.00,39.80,38.45,38.45,-0.55,11000,425850,9
2023-05-08,TWSE,5607,遠雄港,72.60,72.70,72.00,72.00,-0.60,343739,24869905,244
2023-05-08,TWSE,5608,四維航,24.15,24.15,23.35,23.40,-1.00,5151053,121455493,2818
2023-05-08,TWSE,5706,鳳凰,62.70,63.50,61.60,61.60,-0.70,636078,39676448,590
2023-05-08,TWSE,5871,中租-KY,222.50,226.50,222.50,226.00,5.50,2179777,490682562,2230
2023-05-08,TWSE,5871A,中租-KY甲特,99.90,99.90,99.90,99.90,0.00,22160,2213800,10
2023-05-08,TWSE,5876,上海商銀,46.25,46.35,45.95,46.35,0.15,4677802,215806182,2329
2023-05-08,TWSE,5880,合庫金,27.25,27.35,27.20,27.30,0.10,7495798,204615248,4084
2023-05-08,TWSE,5906,台南-KY,45.00,46.90,44.00,44.80,0.80,224413,10110776,197
2023-05-08,TWSE,5907,大洋-KY,15.50,15.70,15.50,15.60,0.10,119424,1864642,75
2023-05-08,TWSE,6005,群益證,13.85,14.15,13.80,14.05,0.20,5959179,83554971,2113
2023-05-08,TWSE,6024,群益期,44.60,45.05,44.60,44.95,0.45,560402,25156924,520
2023-05-08,TWSE,6108,競國,17.40,17.50,17.35,17.35,-0.05,77017,1340589,56
2023-05-08,TWSE,6112,邁達特,57.30,61.90,57.20,61.90,5.60,12295529,744261968,6899
2023-05-08,TWSE,6115,鎰勝,45.95,45.95,45.65,45.65,-0.30,134879,6171954,166
2023-05-08,TWSE,6116,彩晶,12.25,12.25,12.00,12.00,-0.15,4847828,58663178,1854
2023-05-08,TWSE,6117,迎廣,14.95,15.10,14.90,14.90,0.00,49110,736206,70
2023-05-08,TWSE,6120,達運,10.35,10.35,10.20,10.20,-0.05,515589,5288324,316
2023-05-08,TWSE,6128,上福,33.55,33.80,33.55,33.70,0.20,92242,3108530,62
2023-05-08,TWSE,6133,金橋,20.10,20.20,19.75,19.75,-0.25,679850,13519584,427
2023-05-08,TWSE,6136,富爾特,19.35,19.40,19.30,19.40,0.00,108516,2098327,88
2023-05-08,TWSE,6139,亞翔,48.60,48.65,47.50,47.85,1.70,3979653,191292206,2400
2023-05-08,TWSE,6141,柏承,18.20,18.20,18.05,18.20,0.00,32048,580279,28
2023-05-08,TWSE,6142,友勁,13.85,13.90,13.65,13.65,-0.10,1439301,19752087,455
2023-05-08,TWSE,6152,百一,12.35,12.35,12.05,12.10,-0.15,628241,7637169,345
2023-05-08,TWSE,6153,嘉聯益,23.05,24.05,23.05,23.75,1.05,4665218,110106485,2575
2023-05-08,TWSE,6155,鈞寶,27.00,27.00,26.20,26.20,-0.35,218100,5777560,164
2023-05-08,TWSE,6164,華興,11.80,11.85,11.70,11.80,0.15,239998,2832292,132
2023-05-08,TWSE,6165,浪凡,31.50,31.65,31.15,31.20,0.00,135530,4257160,139
2023-05-08,TWSE,6166,凌華,60.30,60.30,59.10,59.70,-0.40,52362,3119997,68
2023-05-08,TWSE,6168,宏齊,25.50,25.55,25.05,25.05,-0.30,471049,11904677,403
2023-05-08,TWSE,6176,瑞儀,114.00,114.50,113.00,113.00,-1.00,989158,112187673,809
2023-05-08,TWSE,6177,達麗,32.00,32.00,31.75,31.90,-0.05,303669,9688606,161
2023-05-08,TWSE,6183,關貿,63.10,63.20,63.00,63.10,0.10,28588,1802950,54
2023-05-08,TWSE,6184,大豐電,50.20,50.80,50.00,50.10,-0.10,88392,4441228,84
2023-05-08,TWSE,6189,豐藝,41.95,42.00,41.75,41.95,0.10,216654,9073538,239
2023-05-08,TWSE,6191,精成科,37.00,37.60,36.45,36.85,0.40,7620592,281686907,4045
2023-05-08,TWSE,6192,巨路,71.20,71.70,71.00,71.50,0.50,59843,4269992,82
2023-05-08,TWSE,6196,帆宣,131.00,132.00,130.50,131.00,0.50,312006,40850598,306
2023-05-08,TWSE,6197,佳必琪,53.10,56.20,53.10,55.20,2.90,3011351,165784352,2359
2023-05-08,TWSE,6201,亞弘電,43.40,43.40,43.20,43.20,-0.10,10761,466095,20
2023-05-08,TWSE,6202,盛群,68.50,68.70,68.00,68.20,-0.20,530117,36167162,537
2023-05-08,TWSE,6205,詮欣,73.00,73.00,69.50,71.50,-2.50,2747831,194738834,1868
2023-05-08,TWSE,6206,飛捷,71.30,71.40,71.00,71.20,0.20,132136,9405611,136
2023-05-08,TWSE,6209,今國光,30.80,30.90,30.20,30.25,-0.50,1275036,38723629,888
2023-05-08,TWSE,6213,聯茂,70.80,71.50,70.60,70.70,0.30,416604,29567335,395
2023-05-08,TWSE,6214,精誠,87.70,92.00,87.70,89.30,2.60,5158452,463215043,5961
2023-05-08,TWSE,6215,和椿,29.00,29.25,28.70,28.85,-0.15,300620,8705294,197
2023-05-08,TWSE,6216,居易,26.40,26.55,26.35,26.40,0.00,144516,3817343,129
2023-05-08,TWSE,6224,聚鼎,62.50,62.80,61.80,61.80,-0.60,99166,6177957,125
2023-05-08,TWSE,6225,天瀚,11.30,11.55,11.20,11.55,-0.15,10840,122154,11
2023-05-08,TWSE,6226,光鼎,12.70,12.70,12.40,12.40,-0.20,402261,5017615,219
2023-05-08,TWSE,6230,尼得科超眾,170.00,184.00,170.00,184.00,16.50,692280,126041364,2110
2023-05-08,TWSE,6235,華孚,96.50,98.50,95.80,98.30,2.80,4843326,472467484,3404
2023-05-08,TWSE,6239,力成,95.00,95.40,94.20,94.50,0.20,1702093,161091734,2399
2023-05-08,TWSE,6243,迅杰,40.00,40.80,40.00,40.80,3.70,5045942,205392749,2132
2023-05-08,TWSE,6257,矽格,53.60,53.60,52.90,53.10,-0.10,1327695,70644632,874
2023-05-08,TWSE,6269,台郡,93.90,95.50,93.60,95.20,2.60,2069429,196168015,1696
2023-05-08,TWSE,6271,同欣電,174.50,175.00,172.00,173.50,1.00,1405597,244112155,1350
2023-05-08,TWSE,6277,宏正,86.00,86.20,85.20,85.40,-0.30,296144,25336723,296
2023-05-08,TWSE,6278,台表科,98.00,98.00,96.60,97.40,-0.20,1007456,98025246,994
2023-05-08,TWSE,6281,全國電,84.00,84.00,83.90,83.90,0.00,18104,1520039,43
2023-05-08,TWSE,6282,康舒,42.00,42.85,41.90,42.55,0.85,14764789,627940704,7431
2023-05-08,TWSE,6283,淳安,32.10,32.15,31.85,32.00,-0.10,91110,2921775,68
2023-05-08,TWSE,6285,啟碁,95.60,97.10,95.50,97.00,1.70,3940020,380036949,2808
2023-05-08,TWSE,6288,聯嘉,32.25,32.35,31.85,31.90,-0.05,2176740,69654194,1323
2023-05-08,TWSE,6405,悅城,22.25,22.35,22.00,22.15,-0.10,51000,1126700,26
2023-05-08,TWSE,6409,旭隼,1800.00,1810.00,1790.00,1805.00,5.00,65341,117707325,206
2023-05-08,TWSE,6412,群電,78.80,79.80,78.80,79.70,1.00,439228,34880765,366
2023-05-08,TWSE,6414,樺漢,260.00,260.00,256.50,256.50,0.00,521753,134677948,1427
2023-05-08,TWSE,6415,矽力*-KY,476.00,484.00,475.00,478.00,11.50,1229282,589174198,1418
2023-05-08,TWSE,6416,瑞祺電通,100.50,101.50,99.80,100.00,-2.00,505997,50859263,467
2023-05-08,TWSE,6426,統新,61.40,61.40,60.80,60.80,-0.40,38188,2331340,43
2023-05-08,TWSE,6431,光麗-KY,21.35,21.35,21.10,21.20,0.15,46008,975361,26
2023-05-08,TWSE,6438,迅得,118.00,123.00,118.00,119.00,3.00,3738705,448797532,2324
2023-05-08,TWSE,6442,光聖,56.50,56.50,54.20,54.20,-1.10,301073,16589853,316
2023-05-08,TWSE,6443,元晶,36.80,36.80,35.90,35.90,-0.60,11994449,433136182,7980
2023-05-08,TWSE,6449,鈺邦,52.00,52.40,51.90,52.20,1.30,18072,943996,30
2023-05-08,TWSE,6451,訊芯-KY,81.90,82.30,81.40,81.40,-0.60,139141,11374354,107
2023-05-08,TWSE,6456,GIS-KY,77.00,77.60,75.50,77.50,0.40,3348082,256549028,2221
2023-05-08,TWSE,6464,台數科,89.90,91.00,89.90,91.00,1.20,15096,1366154,19
2023-05-08,TWSE,6477,安集,55.50,55.70,54.70,55.30,0.10,1826964,100817998,1370
2023-05-08,TWSE,6491,晶碩,409.50,410.00,404.00,406.00,-1.00,420295,170796955,823
2023-05-08,TWSE,6504,南六,82.30,84.90,82.30,84.00,1.80,106822,8961074,198
2023-05-08,TWSE,6505,台塑化,85.10,85.60,84.80,84.80,-0.30,743846,63270600,776
2023-05-08,TWSE,6515,穎崴,665.00,670.00,647.00,656.00,-3.00,1057636,694771473,1374
2023-05-08,TWSE,6525,捷敏-KY,72.80,73.00,72.40,72.90,0.20,65058,4740071,87
2023-05-08,TWSE,6531,愛普*,288.00,293.00,283.00,283.00,0.00,5710309,1641989020,4973
2023-05-08,TWSE,6533,晶心科,450.00,454.00,437.00,438.00,-9.00,1353579,600178533,2000
2023-05-08,TWSE,6541,泰福-KY,78.30,83.80,78.30,81.80,3.60,297086,24035560,349
2023-05-08,TWSE,6550,北極星藥業-KY,99.80,100.50,97.10,97.10,-1.80,4803119,474013309,6611
2023-05-08,TWSE,6552,易華電,35.40,35.40,34.75,34.80,0.10,62081,2167878,31
2023-05-08,TWSE,6558,興能高,28.45,29.10,28.40,28.80,0.40,319282,9177932,242
2023-05-08,TWSE,6573,虹揚-KY,16.25,16.30,15.90,15.90,-0.05,161421,2590486,111
2023-05-08,TWSE,6579,研揚,91.70,91.90,91.20,91.80,0.10,32111,2944140,35
2023-05-08,TWSE,6581,鋼聯,90.90,91.00,90.60,90.60,-0.30,57060,5182038,94
2023-05-08,TWSE,6582,申豐,59.60,59.60,58.90,59.00,-0.10,87563,5172688,67
2023-05-08,TWSE,6585,鼎基,64.60,64.60,63.80,63.90,-0.60,56003,3589993,48
2023-05-08,TWSE,6591,動力-KY,52.70,53.70,52.20,53.40,1.40,314664,16702508,281
2023-05-08,TWSE,6592,和潤企業,128.00,129.50,127.50,128.50,-1.00,1165086,149374275,1217
2023-05-08,TWSE,6592A,和潤企業甲特,97.30,97.50,97.30,97.50,0.00,4660,453844,16
2023-05-08,TWSE,6598,ABC-KY,27.85,28.10,27.85,28.00,0.20,76546,2141909,62
2023-05-08,TWSE,6605,帝寶,98.70,105.00,98.20,102.50,3.80,1661295,168422242,1261
2023-05-08,TWSE,6606,建德工業,29.00,29.00,28.85,29.00,0.00,132170,3829878,93
2023-05-08,TWSE,6625,必應,89.00,91.80,86.60,88.20,2.20,3966472,353491641,3549
2023-05-08,TWSE,6641,基士德-KY,57.40,57.50,56.80,57.20,0.60,43370,2474893,48
2023-05-08,TWSE,6655,科定,128.50,128.50,128.00,128.50,0.50,35000,4497000,13
2023-05-08,TWSE,6666,羅麗芬-KY,88.00,89.70,87.50,88.90,1.60,113093,10029473,100
2023-05-08,TWSE,6668,中揚光,40.75,40.75,40.15,40.15,-0.55,64971,2620748,299
2023-05-08,TWSE,6669,緯穎,1150.00,1165.00,1115.00,1125.00,-5.00,1448203,1639938010,1839
2023-05-08,TWSE,6670,復盛應用,215.00,217.00,215.00,216.00,1.00,179486,38783469,205
2023-05-08,TWSE,6671,三能-KY,41.50,41.50,41.00,41.20,-0.30,28005,1153257,18
2023-05-08,TWSE,6672,騰輝電子-KY,82.00,83.30,81.20,82.70,1.20,583215,48011686,443
2023-05-08,TWSE,6674,鋐寶科技,27.40,28.00,27.00,27.60,0.00,16000,438800,14
2023-05-08,TWSE,6689,伊雲谷,138.00,144.00,137.50,140.00,4.50,1884317,265656515,1871
2023-05-08,TWSE,6691,洋基工程,298.00,298.00,292.00,294.00,-0.50,277528,81807096,521
2023-05-08,TWSE,6695,芯鼎,42.70,43.30,42.20,42.20,-0.50,142230,6025730,77
2023-05-08,TWSE,6698,旭暉應材,36.40,36.45,35.00,35.25,-1.15,243567,8679089,198
2023-05-08,TWSE,6706,惠特,85.90,85.90,83.80,83.90,-2.40,416331,35071962,503
2023-05-08,TWSE,6715,嘉基,145.50,146.00,141.50,141.50,-3.50,226468,32376386,227
2023-05-08,TWSE,6719,力智,315.00,321.00,315.00,317.00,8.50,2240324,711436813,2166
2023-05-08,TWSE,6743,安普新,62.30,62.30,59.30,59.30,-1.10,210349,12638892,242
2023-05-08,TWSE,6753,龍德造船,126.00,126.50,123.00,123.00,-2.50,866242,107421692,957
2023-05-08,TWSE,6754,匯僑設計,56.40,58.00,56.20,57.70,1.30,116145,6648781,115
2023-05-08,TWSE,6756,威鋒電子,212.00,213.50,205.50,209.00,1.50,399720,83907753,426
2023-05-08,TWSE,6768,志強-KY,70.00,70.30,69.80,69.90,0.00,72399,5067174,152
2023-05-08,TWSE,6770,力積電,30.90,30.90,30.30,30.30,-0.35,8244342,251501022,4215
2023-05-08,TWSE,6776,展碁國際,53.30,55.70,53.20,54.90,1.40,620770,33931570,466
2023-05-08,TWSE,6781,AES-KY,653.00,657.00,641.00,644.00,-1.00,569907,368733178,1070
2023-05-08,TWSE,6782,視陽,297.00,299.50,291.50,291.50,-3.50,216327,63798794,377
2023-05-08,TWSE,6789,采鈺,224.50,225.50,217.50,218.00,-4.00,503555,110873516,1285
2023-05-08,TWSE,6790,永豐實,39.50,40.20,37.30,38.45,-1.05,3277158,128244859,1681
2023-05-08,TWSE,6792,詠業,86.40,86.50,84.50,84.60,-1.30,65857,5587316,141
2023-05-08,TWSE,6796,晉弘,100.50,104.00,100.50,101.50,1.50,125120,12802332,127
2023-05-08,TWSE,6799,來頡,159.00,160.00,156.50,156.50,0.00,1031017,162742472,938
2023-05-08,TWSE,6806,森崴能源,120.00,123.50,118.50,119.00,2.00,12165291,1467780295,8596
2023-05-08,TWSE,6807,峰源-KY,30.45,30.45,30.40,30.40,0.00,2028,61712,5
2023-05-08,TWSE,6830,汎銓,152.00,152.00,142.00,143.00,-7.50,966845,140368821,867
2023-05-08,TWSE,6834,天二科技,27.10,27.20,26.90,27.20,0.00,33000,892050,21
2023-05-08,TWSE,6835,圓裕,43.20,43.20,41.95,43.20,0.05,107105,4597685,99
2023-05-08,TWSE,6854,錼創科技-KY創,101.00,103.00,100.50,102.50,1.00,107486,10977586,70
2023-05-08,TWSE,6861,睿生光電,115.00,115.50,113.00,113.50,-0.50,60279,6897554,91
2023-05-08,TWSE,6863,永道-KY,186.00,187.00,185.00,185.50,0.50,252402,46881673,311
2023-05-08,TWSE,6869,雲豹能源,97.00,97.50,95.40,95.80,-1.20,392039,37763235,242
2023-05-08,TWSE,6873,泓德能源,146.00,150.50,146.00,148.50,3.00,309013,46039430,179
2023-05-08,TWSE,8011,台通,15.40,15.55,15.30,15.30,0.00,492157,7572061,332
2023-05-08,TWSE,8016,矽創,224.00,226.00,222.50,223.50,0.00,593402,132730831,648
2023-05-08,TWSE,8021,尖點,29.25,29.70,28.80,29.60,0.00,1014174,29689582,520
2023-05-08,TWSE,8028,昇陽半導體,57.90,58.40,57.70,57.70,-0.20,649152,37606662,535
2023-05-08,TWSE,8033,雷虎,80.20,82.00,77.20,77.20,-0.80,20469913,1626231007,16156
2023-05-08,TWSE,8039,台虹,42.50,42.60,41.85,41.95,-0.10,110944,4659494,241
2023-05-08,TWSE,8046,南電,283.00,288.00,279.00,281.00,3.50,12278150,3480138443,14614
2023-05-08,TWSE,8070,長華*,34.95,35.20,34.85,35.00,0.15,643455,22541015,370
2023-05-08,TWSE,8072,陞泰,28.15,28.70,28.00,28.30,0.15,252884,7157989,214
2023-05-08,TWSE,8081,致新,177.50,180.00,177.50,179.50,3.50,225374,40399145,242
2023-05-08,TWSE,8101,華冠,5.38,5.38,5.15,5.15,0.07,119118,630249,57
2023-05-08,TWSE,8103,瀚荃,37.60,37.80,37.25,37.55,0.05,81140,3043077,110
2023-05-08,TWSE,8104,錸寶,40.65,41.25,40.55,40.70,0.20,136301,5571104,114
2023-05-08,TWSE,8105,凌巨,13.25,13.25,13.00,13.00,-0.15,1613590,21087038,638
2023-05-08,TWSE,8110,華東,13.40,13.40,13.20,13.20,-0.10,604813,8031526,277
2023-05-08,TWSE,8112,至上,44.70,44.75,44.40,44.55,-0.10,1481627,66009798,1025
2023-05-08,TWSE,8112A,至上甲特,41.90,42.00,41.90,42.00,0.10,21866,918241,10
2023-05-08,TWSE,8114,振樺電,107.00,109.50,107.00,109.00,3.00,440183,47857326,390
2023-05-08,TWSE,8131,福懋科,42.40,42.40,42.00,42.30,-0.10,385012,16237454,338
2023-05-08,TWSE,8150,南茂,38.40,39.00,38.30,38.85,0.75,3814466,147899501,1979
2023-05-08,TWSE,8163,達方,44.25,44.65,44.20,44.50,0.30,418316,18596128,566
2023-05-08,TWSE,8201,無敵,13.50,13.60,13.40,13.40,-0.20,104199,1403349,74
2023-05-08,TWSE,8210,勤誠,84.10,85.60,83.60,85.50,2.40,1272719,108195749,1021
2023-05-08,TWSE,8213,志超,40.20,40.55,40.20,40.55,0.35,251127,10145254,163
2023-05-08,TWSE,8215,明基材,34.95,34.95,34.35,34.45,-0.20,3719234,128593170,2521
2023-05-08,TWSE,8222,寶一,58.10,61.50,58.00,61.00,-1.70,18248844,1099725849,10077
2023-05-08,TWSE,8249,菱光,30.20,30.80,30.20,30.65,0.45,181585,5526788,186
2023-05-08,TWSE,8261,富鼎,104.50,104.50,103.00,103.50,0.00,488130,50538027,472
2023-05-08,TWSE,8271,宇瞻,50.00,50.00,48.20,49.00,-1.20,1020263,49968908,890
2023-05-08,TWSE,8341,日友,159.50,160.00,159.00,159.50,-1.00,149389,23818906,564
2023-05-08,TWSE,8367,建新國際,49.20,49.20,48.50,48.50,-0.65,80222,3905885,59
2023-05-08,TWSE,8374,羅昇,31.50,32.10,31.25,31.30,-0.20,21941,692144,41
2023-05-08,TWSE,8404,百和興業-KY,25.70,25.75,25.60,25.60,0.00,159269,4087672,62
2023-05-08,TWSE,8411,福貞-KY,14.95,14.95,14.85,14.85,-0.10,82886,1235377,181
2023-05-08,TWSE,8422,可寧衛*,195.00,196.00,193.00,196.00,2.00,276970,53928864,408
2023-05-08,TWSE,8429,金麗-KY,10.60,10.70,10.60,10.70,0.15,308228,3286136,429
2023-05-08,TWSE,8438,昶昕,24.60,24.65,24.50,24.60,-0.05,39120,960856,30
2023-05-08,TWSE,8442,威宏-KY,77.30,79.20,76.50,78.70,1.40,138000,10785300,96
2023-05-08,TWSE,8443,阿瘦,11.80,11.85,11.70,11.85,0.05,118167,1394090,259
2023-05-08,TWSE,8454,富邦媒,741.00,743.00,730.00,738.00,6.00,586509,431708091,1890
2023-05-08,TWSE,8462,柏文,155.50,157.00,155.00,155.00,-0.50,91518,14277482,174
2023-05-08,TWSE,8463,潤泰材,28.95,29.00,27.05,27.30,0.10,752754,21025481,524
2023-05-08,TWSE,8464,億豐,346.50,352.00,345.50,348.50,2.00,240724,84079110,311
2023-05-08,TWSE,8466,美吉吉-KY,43.30,43.30,42.70,42.95,-0.05,27050,1164845,21
2023-05-08,TWSE,8467,波力-KY,59.10,59.10,58.10,58.80,-0.30,59000,3451800,42
2023-05-08,TWSE,8473,山林水,30.50,30.85,30.15,30.20,0.05,42792,1297845,47
2023-05-08,TWSE,8478,東哥遊艇,502.00,543.00,502.00,520.00,21.00,8121732,4260023359,8202
2023-05-08,TWSE,8481,政伸,57.90,59.90,57.90,57.90,0.50,53386,3124803,55
2023-05-08,TWSE,8482,商億-KY,77.10,77.20,77.00,77.00,0.40,4100,316100,6
2023-05-08,TWSE,8488,吉源-KY,,,,,0.00,0,0,0
2023-05-08,TWSE,8499,鼎炫-KY,107.00,107.00,105.50,105.50,-1.00,61186,6507867,63
2023-05-08,TWSE,8926,台汽電,50.00,52.80,50.00,51.70,2.35,11237804,580966829,6629
2023-05-08,TWSE,8940,新天地,25.05,25.80,24.90,25.35,0.70,722034,18319341,549
2023-05-08,TWSE,8996,高力,206.50,216.00,203.00,208.00,10.00,10098863,2114765565,7559
2023-05-08,TWSE,9103,美德醫療-DR,6.86,6.89,6.75,6.75,-0.12,480693,3280482,212
2023-05-08,TWSE,910322,康師傅-DR,27.00,27.00,26.60,26.65,-0.75,23000,615200,5
2023-05-08,TWSE,9105,泰金寶-DR,3.92,3.95,3.92,3.93,0.02,3954717,15561320,604
2023-05-08,TWSE,910861,神州-DR,6.39,6.66,6.39,6.64,0.26,857000,5645430,61
2023-05-08,TWSE,9110,越南控-DR,5.50,5.50,5.21,5.34,0.12,209000,1118060,63
2023-05-08,TWSE,911608,明輝-DR,3.16,3.16,3.10,3.12,-0.01,56300,176329,32
2023-05-08,TWSE,911622,泰聚亨-DR,5.21,5.21,5.16,5.16,-0.05,33314,173104,22
2023-05-08,TWSE,911868,同方友友-DR,1.20,1.21,1.20,1.21,0.02,391380,470684,55
2023-05-08,TWSE,912000,晨訊科-DR,2.12,2.12,2.11,2.11,0.00,99265,210025,44
2023-05-08,TWSE,9136,巨騰-DR,6.33,6.34,6.30,6.31,-0.01,110006,695806,31
2023-05-08,TWSE,9802,鈺齊-KY,120.50,124.50,118.50,122.00,3.00,1468029,179247194,1211
2023-05-08,TWSE,9902,台火,12.75,12.80,12.35,12.35,-0.20,818937,10232949,314
2023-05-08,TWSE,9904,寶成,31.95,32.00,31.85,32.00,0.15,2426851,77520448,1328
2023-05-08,TWSE,9905,大華,25.30,25.30,25.20,25.30,0.05,87348,2205657,46
2023-05-08,TWSE,9906,欣巴巴,49.60,50.00,49.60,49.80,0.20,4176,207870,7
2023-05-08,TWSE,9907,統一實,20.70,20.75,20.45,20.45,-0.25,2888584,59410141,1266
2023-05-08,TWSE,9908,大台北,31.90,32.00,31.85,31.90,0.00,52136,1662958,74
2023-05-08,TWSE,9910,豐泰,197.00,200.50,196.50,199.00,1.50,704718,140438585,2911
2023-05-08,TWSE,9911,櫻花,64.70,64.70,64.30,64.50,-0.10,122818,7934011,158
2023-05-08,TWSE,9912,偉聯,10.20,10.20,10.05,10.10,0.00,26714,269766,58
2023-05-08,TWSE,9914,美利達,170.50,172.50,170.50,172.00,2.00,339792,58301467,443
2023-05-08,TWSE,9917,中保科,109.50,112.00,109.00,111.50,2.00,772447,85555023,814
2023-05-08,TWSE,9918,欣天然,41.30,41.35,41.25,41.25,0.05,15842,654074,19
2023-05-08,TWSE,9919,康那香,18.15,18.40,18.05,18.35,0.25,5231191,95546135,841
2023-05-08,TWSE,9921,巨大,185.00,186.00,183.00,185.00,2.00,794626,146884663,1060
2023-05-08,TWSE,9924,福興,43.55,43.75,43.45,43.65,-0.20,143938,6282507,114
2023-05-08,TWSE,9925,新保,41.45,41.65,41.45,41.60,0.15,75948,3157200,207
2023-05-08,TWSE,9926,新海,52.20,52.40,52.20,52.40,0.20,3189,166875,15
2023-05-08,TWSE,9927,泰銘,45.00,45.35,44.80,45.10,0.10,192786,8678827,301
2023-05-08,TWSE,9928,中視,18.65,18.75,18.35,18.50,-0.15,125584,2316872,68
2023-05-08,TWSE,9929,秋雨,8.91,9.00,8.91,8.93,-0.01,26825,239863,12
2023-05-08,TWSE,9930,中聯資源,51.00,52.90,50.90,52.90,1.90,461696,23977713,376
2023-05-08,TWSE,9931,欣高,40.15,40.30,40.15,40.30,0.10,11285,454136,20
2023-05-08,TWSE,9933,中鼎,42.15,42.25,40.10,41.00,-1.60,7771029,317676396,4981
2023-05-08,TWSE,9934,成霖,14.30,14.30,14.05,14.05,-0.25,669507,9453241,250
2023-05-08,TWSE,9935,慶豐富,20.00,20.05,19.80,20.05,0.05,95053,1898484,71
2023-05-08,TWSE,9937,全國,59.50,59.80,59.50,59.70,-0.80,5241,312449,14
2023-05-08,TWSE,9938,百和,56.80,58.00,56.80,57.60,1.10,457194,26334206,353
2023-05-08,TWSE,9939,宏全,101.00,106.00,99.80,103.50,3.00,3058872,315088744,1919
2023-05-08,TWSE,9940,信義,29.25,29.25,29.15,29.25,0.05,79363,2319001,74
2023-05-08,TWSE,9941,裕融,191.50,193.00,190.00,192.50,2.50,964583,184858060,1353
2023-05-08,TWSE,9941A,裕融甲特,50.50,50.60,50.40,50.50,-0.10,44001,2223550,14
2023-05-08,TWSE,9942,茂順,150.00,150.50,147.00,150.50,1.00,761802,113691692,886
2023-05-08,TWSE,9943,好樂迪,68.00,68.00,67.80,67.90,-0.10,51976,3529232,99
2023-05-08,TWSE,9944,新麗,20.45,20.50,20.30,20.30,-0.15,83221,1699772,77
2023-05-08,TWSE,9945,潤泰新,35.60,36.05,35.50,35.80,0.20,4857260,173937353,2580
2023-05-08,TWSE,9946,三發地產,14.50,14.50,14.30,14.40,-0.10,276860,3981322,158
2023-05-08,TWSE,9955,佳龍,29.20,29.25,26.80,26.90,-2.65,10503408,289839944,5593
2023-05-08,TWSE,9958,世紀鋼,115.00,115.00,108.00,109.00,-5.00,8149416,897556130,5112
2023-05-08,TPEx,006201,元大富櫃50,18.30,18.30,18.15,18.23,+0.08,38271,696877,41
2023-05-08,TPEx,00679B,元大美債20年,32.60,32.73,32.55,32.73,+0.10,23180459,756818881,7994
2023-05-08,TPEx,00687B,國泰20年美債,33.41,33.46,33.38,33.45,-0.04,10530102,351922180,2200
2023-05-08,TPEx,00694B,富邦美債1-3,38.86,38.88,38.84,38.85,-0.03,181407,7046255,27
2023-05-08,TPEx,00695B,富邦美債7-10,35.40,35.42,35.33,35.41,+0.03,177715,6288215,35
2023-05-08,TPEx,00696B,富邦美債20年,33.93,33.96,33.88,33.95,-0.02,1993401,67619773,580
2023-05-08,TPEx,00697B,元大美債7-10,36.60,36.71,36.55,36.55,-0.11,174312,6374244,92
2023-05-08,TPEx,00718B,富邦中國政策債,20.17,20.20,20.17,20.19,+0.02,12000,242210,12
2023-05-08,TPEx,00719B,元大美債1-3,30.72,30.74,30.69,30.71,-0.03,194478,5972899,60
2023-05-08,TPEx,00720B,元大投資級公司債,34.26,34.27,34.21,34.25,-0.01,17220608,589550114,7038
2023-05-08,TPEx,00721B,元大中國債3-5,45.85,45.85,45.75,45.75,+0.10,52000,2379170,3
2023-05-08,TPEx,00722B,群益15年IG電信債,37.28,37.30,37.22,37.27,-0.01,695057,25885523,839
2023-05-08,TPEx,00723B,群益15年IG科技債,33.41,33.41,33.41,33.41,0.00,104000,3474640,8
2023-05-08,TPEx,00724B,群益10年IG金融債,33.06,33.06,32.98,33.01,-0.05,702729,23185711,240
2023-05-08,TPEx,00725B,國泰投資級公司債,36.17,36.17,36.08,36.10,-0.03,4602153,166193686,1818
2023-05-08,TPEx,00726B,國泰5Y+新興債,33.63,33.66,33.63,33.65,+0.02,194969,6560208,24
2023-05-08,TPEx,00727B,國泰1-5Y非投等債,36.94,36.98,36.94,36.97,+0.14,183995,6802304,43
2023-05-08,TPEx,00734B,台新JPM新興債,15.70,15.70,15.66,15.66,+0.01,1079000,16907430,36
2023-05-08,TPEx,00740B,富邦全球投等債,38.83,38.83,38.73,38.74,-0.09,1329640,51517691,271
2023-05-08,TPEx,00741B,富邦全球非投等債,35.68,35.70,35.61,35.65,+0.01,110627,3945348,24
2023-05-08,TPEx,00744B,國泰中國政金債5+,43.51,43.52,43.51,43.52,+0.06,109936,4784308,6
2023-05-08,TPEx,00746B,富邦A級公司債,36.48,36.48,36.33,36.35,-0.08,350797,12748061,71
2023-05-08,TPEx,00749B,凱基新興債10+,31.89,31.97,31.89,31.97,+0.09,108105,3453865,8
2023-05-08,TPEx,00750B,凱基科技債10+,34.55,34.55,34.55,34.55,-0.01,100000,3455000,2
2023-05-08,TPEx,00751B,元大AAA至A公司債,34.93,34.93,34.86,34.88,-0.05,15529441,541660937,6144
2023-05-08,TPEx,00754B,群益AAA-AA公司債,37.19,37.26,37.18,37.26,+0.07,151976,5658712,19
2023-05-08,TPEx,00755B,群益15年IG公用債,34.82,34.82,34.74,34.76,-0.07,232678,8087698,106
2023-05-08,TPEx,00756B,群益15年EM主權債,33.45,33.45,33.28,33.36,-0.03,287090,9565205,138
2023-05-08,TPEx,00758B,復華能源債,51.55,51.55,51.55,51.55,+0.05,100000,5155000,2
2023-05-08,TPEx,00759B,復華製藥債,57.00,57.00,57.00,57.00,-0.05,126018,7183026,4
2023-05-08,TPEx,00760B,復華新興企業債,53.20,53.25,53.10,53.25,+0.10,572992,30469019,58
2023-05-08,TPEx,00761B,國泰A級公司債,36.81,36.88,36.79,36.87,-0.06,377674,13910869,777
2023-05-08,TPEx,00764B,群益25年美債,33.59,33.65,33.58,33.64,0.00,618999,20801629,195
2023-05-08,TPEx,00765B,群益中國政金債,39.36,39.40,39.20,39.36,-0.07,209900,8262144,49
2023-05-08,TPEx,00768B,復華20年美債,56.75,56.90,56.75,56.85,-0.10,133927,7611227,23
2023-05-08,TPEx,00772B,中信高評級公司債,35.59,35.61,35.54,35.58,-0.03,12478034,443865584,5872
2023-05-08,TPEx,00773B,中信優先金融債,35.48,35.48,35.41,35.46,-0.02,3261404,115578002,1265
2023-05-08,TPEx,00777B,凱基AAA至A公司債,35.10,35.12,35.04,35.10,-0.12,105000,3687440,6
2023-05-08,TPEx,00778B,凱基金融債20+,34.85,34.85,34.82,34.82,-0.03,104000,3621340,6
2023-05-08,TPEx,00779B,凱基美債25+,33.87,33.87,33.78,33.85,-0.02,104000,3517350,6
2023-05-08,TPEx,00780B,國泰A級金融債,35.73,35.78,35.67,35.77,-0.04,210683,7530953,105
2023-05-08,TPEx,00781B,國泰A級科技債,33.08,33.11,33.08,33.11,-0.06,133000,4402910,11
2023-05-08,TPEx,00782B,國泰A級公用債,33.03,33.08,33.02,33.08,-0.07,146000,4826900,26
2023-05-08,TPEx,00784B,富邦中國投等債,36.41,36.43,36.34,36.34,-0.20,105000,3822290,6
2023-05-08,TPEx,00785B,富邦金融投等債,34.05,34.07,34.05,34.05,-0.05,105020,3575952,11
2023-05-08,TPEx,00786B,元大10年IG銀行債,33.19,33.26,33.19,33.26,-0.07,362189,12038593,59
2023-05-08,TPEx,00787B,元大10年IG醫療債,34.99,35.02,34.98,35.01,-0.13,302000,10573000,24
2023-05-08,TPEx,00788B,元大10年IG電能債,32.06,32.10,32.06,32.10,-0.12,313000,10044170,52
2023-05-08,TPEx,00789B,復華公司債A3,52.00,52.10,52.00,52.05,+0.05,563086,29320106,33
2023-05-08,TPEx,00790B,復華次順位金融債,51.80,51.80,51.80,51.80,0.00,100000,5180000,2
2023-05-08,TPEx,00791B,復華信用債1-5,52.75,52.75,52.75,52.75,+0.10,102051,5383203,7
2023-05-08,TPEx,00792B,群益A級公司債,33.61,33.61,33.57,33.59,-0.02,151934,5102577,75
2023-05-08,TPEx,00793B,群益AAA-A醫療債,33.71,33.74,33.71,33.74,0.00,111833,3772791,8
2023-05-08,TPEx,00794B,群益7+中國政金債,40.54,40.54,40.48,40.48,+0.07,138781,5621378,22
2023-05-08,TPEx,00795B,中信美國公債20年,32.80,32.80,32.73,32.77,-0.05,5470514,179216665,1028
2023-05-08,TPEx,00799B,國泰A級醫療債,33.81,33.88,33.80,33.88,+0.01,139000,4706590,15
2023-05-08,TPEx,00831B,新光美債1-3,37.70,37.70,37.70,37.70,-0.05,2000,75400,2
2023-05-08,TPEx,00834B,第一金金融債10+,33.41,33.41,33.41,33.41,-0.07,100000,3341000,2
2023-05-08,TPEx,00836B,永豐10年A公司債,30.75,30.78,30.75,30.78,+0.01,355000,10917440,20
2023-05-08,TPEx,00840B,凱基IG精選15+,31.99,31.99,31.99,31.99,-0.02,100000,3199000,2
2023-05-08,TPEx,00841B,凱基AAA-AA公司債,32.15,32.15,32.15,32.15,0.00,102000,3279300,6
2023-05-08,TPEx,00842B,台新美元銀行債,31.97,31.99,31.97,31.99,0.00,102000,3262940,4
2023-05-08,TPEx,00844B,新光15年IG金融債,31.80,31.80,31.80,31.80,+0.05,2000,63600,2
2023-05-08,TPEx,00845B,富邦新興投等債,31.68,31.70,31.68,31.69,+0.01,102000,3231390,4
2023-05-08,TPEx,00846B,富邦歐洲銀行債,33.12,33.13,33.12,33.13,-0.10,101000,3345130,5
2023-05-08,TPEx,00847B,中信美國市政債,28.38,28.41,28.38,28.41,-0.01,202000,5735820,7
2023-05-08,TPEx,00848B,中信新興亞洲債,34.23,34.26,34.23,34.26,+0.11,110014,3767378,7
2023-05-08,TPEx,00849B,中信EM主權債0-5,35.58,35.60,35.58,35.60,+0.04,103351,3677246,8
2023-05-08,TPEx,00853B,統一美債10年Aa-A,29.25,29.25,29.21,29.22,-0.08,1805381,52757812,598
2023-05-08,TPEx,00856B,永豐1-3年美公債,37.54,37.54,37.51,37.51,-0.06,101000,3788540,3
2023-05-08,TPEx,00857B,永豐20年美公債,28.17,28.19,28.16,28.18,-0.10,1708333,48135390,712
2023-05-08,TPEx,00858,永豐美國500大,25.63,25.68,25.62,25.65,+0.30,161062,4133693,57
2023-05-08,TPEx,00859B,群益0-1年美債,39.48,39.48,39.44,39.44,+0.03,136000,5365920,8
2023-05-08,TPEx,00860B,群益1-5年IG債,37.23,37.27,37.21,37.27,-0.01,151145,5629818,14
2023-05-08,TPEx,00862B,中信投資級公司債,31.75,31.75,31.64,31.73,+0.02,1122341,35576332,154
2023-05-08,TPEx,00863B,中信全球電信債,32.55,32.61,32.55,32.61,+0.06,113000,3682270,7
2023-05-08,TPEx,00864B,中信美國公債0-1,41.05,41.05,40.98,40.98,-0.07,118000,4838400,6
2023-05-08,TPEx,00867B,新光A-BBB電信債,31.97,31.98,31.90,31.98,+0.18,4000,127750,4
2023-05-08,TPEx,00870B,元大15年EM主權債,29.85,29.85,29.85,29.85,-0.20,2000,59700,2
2023-05-08,TPEx,00877,復華中國5G,10.25,10.34,10.21,10.28,+0.06,763170,7831420,163
2023-05-08,TPEx,00883B,中信ESG投資級債,31.40,31.46,31.40,31.46,-0.01,205981,6473717,846
2023-05-08,TPEx,00884B,中信低碳新興債,30.67,30.67,30.63,30.65,-0.03,202322,6200170,8
2023-05-08,TPEx,00886,永豐美國科技,20.39,20.42,20.39,20.41,+0.30,56319,1148802,39
2023-05-08,TPEx,00887,永豐中國科技50大,14.47,14.59,14.45,14.55,+0.08,145480,2113229,37
2023-05-08,TPEx,00888,永豐台灣ESG,13.26,13.31,13.25,13.26,+0.07,3784984,50261815,1901
2023-05-08,TPEx,00890B,凱基ESG BBB債15+,33.08,33.14,33.07,33.13,-0.05,185468,6137304,79
2023-05-08,TPEx,020001,富邦存股雙十N,8.07,8.07,8.07,8.07,+0.01,2000,16140,1
2023-05-08,TPEx,02001B,統一美國政府債N,8.45,8.45,8.45,8.45,-0.02,10000,84500,1
2023-05-08,TPEx,020023,元大櫃買半導體N,5.15,5.18,5.15,5.16,+0.07,27000,139440,8
2023-05-08,TPEx,020024,兆豐富櫃200N,5.80,5.80,5.80,5.80,+0.03,7000,40600,1
2023-05-08,TPEx,020025,統一亞洲半導體N,6.75,6.75,6.74,6.74,0.00,16000,107940,4
2023-05-08,TPEx,020026,兆豐上櫃ESG電菁N,4.47,4.48,4.47,4.48,+0.04,41000,183280,2
2023-05-08,TPEx,020027,元大上櫃ESG成長N,4.44,4.48,4.44,4.45,+0.02,109000,485410,22
2023-05-08,TPEx,02002L,兆豐富櫃200正二N,5.71,5.76,5.66,5.67,-0.02,707000,4020180,18
2023-05-08,TPEx,020033,統一恒生科期N,3.56,3.56,3.56,3.56,0.00,11000,39160,2
2023-05-08,TPEx,020035,元大上櫃ESG高息N,6.07,6.09,6.07,6.09,+0.03,37000,225230,5
2023-05-08,TPEx,1240,茂生農經,46.40,46.40,45.60,45.95,-0.45,28871,1321939,39
2023-05-08,TPEx,1258,其祥-KY,26.80,26.80,26.80,26.80,0.00,14000,375200,8
2023-05-08,TPEx,1259,安心,73.50,73.50,73.00,73.00,-0.40,3368,246682,17
2023-05-08,TPEx,1264,德麥,285.00,286.00,283.00,285.00,0.00,42976,12249261,314
2023-05-08,TPEx,1268,漢來美食,150.00,150.00,147.50,147.50,-0.50,79293,11751446,104
2023-05-08,TPEx,1336,台翰,27.10,27.85,27.05,27.35,+0.25,391493,10741751,228
2023-05-08,TPEx,1565,精華,245.50,246.00,242.00,242.50,-3.00,223464,54232501,572
2023-05-08,TPEx,1569,濱川,24.00,24.05,23.75,23.85,-0.05,228183,5448014,118
2023-05-08,TPEx,1570,力肯,18.65,18.65,18.30,18.35,-0.20,242129,4454715,125
2023-05-08,TPEx,1580,新麥,106.50,109.50,106.50,109.50,+4.00,665310,72189904,570
2023-05-08,TPEx,1584,精剛,40.90,41.00,40.40,40.50,0.00,3128882,127010139,1772
2023-05-08,TPEx,1586,和勤,35.00,35.10,34.90,35.05,+0.05,371229,13006610,133
2023-05-08,TPEx,1591,駿吉-KY,28.00,28.25,27.30,27.30,-1.00,441183,12226883,181
2023-05-08,TPEx,1593,祺驊,79.10,80.50,79.00,79.00,-0.40,44013,3506232,16
2023-05-08,TPEx,1595,川寶,38.90,38.90,38.75,38.85,-0.05,11918,462601,12
2023-05-08,TPEx,1599,宏佳騰,38.10,38.10,37.55,37.85,+0.10,42164,1593214,166
2023-05-08,TPEx,1742,台蠟,14.70,14.70,14.60,14.60,0.00,16238,238143,19
2023-05-08,TPEx,1777,生泰,94.60,94.80,90.00,90.50,-5.50,653733,60160142,706
2023-05-08,TPEx,1781,合世,15.00,15.00,14.75,14.80,-0.15,27128,402687,29
2023-05-08,TPEx,1784,訊聯,70.00,73.50,69.80,72.00,+2.00,3230359,231880703,2357
2023-05-08,TPEx,1785,光洋科,37.15,37.20,36.55,36.55,-0.55,1552694,57081608,981
2023-05-08,TPEx,1788,杏昌,145.00,145.00,144.00,144.50,-0.50,43283,6258788,303
2023-05-08,TPEx,1796,金穎生技,145.00,151.00,142.00,145.50,+6.50,1698844,249925048,1543
2023-05-08,TPEx,1799,易威,20.10,21.75,20.00,21.75,+1.65,52317,1075373,27
2023-05-08,TPEx,1813,寶利徠,22.50,22.60,22.50,22.55,+0.10,27742,625027,34
2023-05-08,TPEx,1815,富喬,12.15,12.15,11.95,11.95,-0.05,303330,3649235,220
2023-05-08,TPEx,2035,唐榮,31.40,31.45,31.35,31.35,0.00,3002,94258,5
2023-05-08,TPEx,2061,風青,20.50,20.60,20.20,20.35,-0.15,37065,755876,33
2023-05-08,TPEx,2063,世鎧,44.10,44.90,43.95,44.75,+2.00,341041,15140180,255
2023-05-08,TPEx,2064,晉椿,17.75,17.75,17.65,17.65,-0.35,8000,141350,8
2023-05-08,TPEx,2065,世豐,58.90,58.90,58.20,58.60,-0.30,168836,9866770,165
2023-05-08,TPEx,2066,世德,97.20,97.30,96.20,96.40,-0.50,149030,14398284,181
2023-05-08,TPEx,2067,嘉鋼,12.55,12.65,12.55,12.65,-0.15,4000,50400,3
2023-05-08,TPEx,2070,精湛,33.25,33.25,32.80,33.10,+0.25,8000,263800,8
2023-05-08,TPEx,2221,大甲,42.20,42.30,42.05,42.10,+0.20,80854,3408913,63
2023-05-08,TPEx,2230,泰茂,83.00,83.50,81.60,82.40,+0.90,527953,43553691,485
2023-05-08,TPEx,2235,謚源,45.35,45.40,45.35,45.40,+0.10,5000,226800,4
2023-05-08,TPEx,2596,綠意,22.45,22.45,22.20,22.30,-0.05,77534,1727369,61
2023-05-08,TPEx,2640,大車隊,138.00,142.00,137.50,138.00,+4.00,935379,130247297,760
2023-05-08,TPEx,2641,正德,18.95,18.95,18.55,18.55,-0.30,822187,15343752,509
2023-05-08,TPEx,2643,捷迅,72.10,72.10,71.20,71.40,-0.30,64455,4602489,74
2023-05-08,TPEx,2718,晶悅,48.90,48.90,48.90,48.90,+0.50,1000,48900,1
2023-05-08,TPEx,2719,燦星旅,42.85,44.05,42.85,43.00,+0.10,14800,643596,17
2023-05-08,TPEx,2724,富驛-KY,14.80,14.80,13.30,14.60,+0.25,3000,42700,3
2023-05-08,TPEx,2726,雅茗-KY,26.60,26.65,26.00,26.20,-0.40,17050,447187,19
2023-05-08,TPEx,2729,瓦城,239.50,245.50,239.50,244.00,+4.50,178952,43567140,909
2023-05-08,TPEx,2732,六角,196.50,201.50,183.00,187.00,-5.00,4246042,810985006,9125
2023-05-08,TPEx,2734,易飛網,33.25,34.45,33.25,33.65,+0.50,289909,9806092,217
2023-05-08,TPEx,2736,富野,23.15,23.20,22.40,22.40,-0.40,457110,10401482,310
2023-05-08,TPEx,2740,天蔥,46.00,46.00,46.00,46.00,-0.45,1100,50650,2
2023-05-08,TPEx,2743,山富,61.00,61.50,59.60,59.60,-0.90,241599,14603683,192
2023-05-08,TPEx,2745,五福,42.90,42.90,41.00,42.00,0.00,122332,5118302,150
2023-05-08,TPEx,2752,豆府,254.50,257.00,254.00,255.00,+2.50,16982,4336412,36
2023-05-08,TPEx,2754,亞洲藏壽司,169.00,173.00,169.00,170.00,+1.50,559572,95476490,705
2023-05-08,TPEx,2755,揚秦,149.00,152.00,149.00,150.50,-0.50,38045,5704912,182
2023-05-08,TPEx,2756,聯發國際,145.00,145.00,141.50,144.00,-1.50,53431,7650811,80
2023-05-08,TPEx,2916,滿心,38.35,38.35,37.85,38.15,+0.05,230209,8774598,159
2023-05-08,TPEx,2924,宏太-KY,32.00,32.95,32.00,32.95,+0.95,5001,160982,4
2023-05-08,TPEx,2926,誠品生活,65.10,65.30,64.70,65.30,-0.70,13179,859054,21
2023-05-08,TPEx,2937,集雅社,33.90,36.25,33.55,35.80,+1.90,63945,2219439,52
2023-05-08,TPEx,2947,振宇五金,92.30,92.50,92.00,92.50,+0.30,7140,658753,16
2023-05-08,TPEx,3064,泰偉,,,,,,0,0,0
2023-05-08,TPEx,3066,李洲,22.70,22.75,22.60,22.60,-0.15,20271,459497,25
2023-05-08,TPEx,3067,全域,33.55,33.60,33.45,33.60,0.00,4000,134100,4
2023-05-08,TPEx,3071,協禧,34.50,35.40,33.55,35.10,+1.10,6511018,225148147,3990
2023-05-08,TPEx,3078,僑威,55.20,56.20,54.50,55.50,+1.20,9223813,511789228,5239
2023-05-08,TPEx,3081,聯亞,103.00,103.00,101.00,102.00,-1.50,1466520,149373881,1267
2023-05-08,TPEx,3083,網龍,46.30,46.50,45.55,45.60,-0.50,253019,11652163,288
2023-05-08,TPEx,3085,新零售,21.50,21.50,21.30,21.30,0.00,2000,42800,2
2023-05-08,TPEx,3086,華義,74.80,76.40,74.70,75.80,+1.30,4005,302072,5
2023-05-08,TPEx,3088,艾訊,76.40,76.70,75.80,76.40,+0.40,448490,34207112,476
2023-05-08,TPEx,3089,億杰,72.50,73.30,67.00,69.10,-2.50,219026,15546287,162
2023-05-08,TPEx,3093,港建*,36.70,36.95,36.30,36.65,-0.05,419958,15361367,230
2023-05-08,TPEx,3095,及成,22.90,22.90,22.00,22.65,+0.35,6222,138312,9
2023-05-08,TPEx,3105,穩懋,168.00,168.50,165.50,166.50,+1.50,1657732,277269237,1610
2023-05-08,TPEx,3114,好德,27.10,27.20,27.00,27.10,+0.05,31284,848172,32
2023-05-08,TPEx,3115,富榮綱,,,,,,1,10,1
2023-05-08,TPEx,3118,進階,32.50,33.00,32.00,32.40,-0.10,108384,3505049,85
2023-05-08,TPEx,3122,笙泉,25.90,25.90,25.55,25.70,0.00,103203,2650630,86
2023-05-08,TPEx,3128,昇銳,40.40,41.20,40.00,40.10,-0.10,435326,17598846,344
2023-05-08,TPEx,3131,弘塑,347.50,355.00,333.00,338.00,-8.50,502621,170529148,552
2023-05-08,TPEx,3141,晶宏,103.50,104.00,101.50,101.50,-1.00,1189872,121854018,901
2023-05-08,TPEx,3147,大綜,70.00,74.30,70.00,73.10,+2.00,1573718,114310713,1168
2023-05-08,TPEx,3152,璟德,210.50,213.00,209.00,209.50,-1.00,49343,10396433,53
2023-05-08,TPEx,3162,精確,51.70,52.00,51.20,51.40,0.00,553216,28553466,440
2023-05-08,TPEx,3163,波若威,54.80,54.90,54.20,54.70,+0.40,299363,16347010,302
2023-05-08,TPEx,3169,亞信,127.00,129.00,125.00,125.50,+0.50,435708,55078950,401
2023-05-08,TPEx,3171,新洲,17.85,17.85,17.75,17.80,+0.15,16000,284650,15
2023-05-08,TPEx,3176,基亞,35.15,35.15,34.05,34.10,-0.90,265494,9166792,291
2023-05-08,TPEx,3178,公準,81.40,81.60,80.30,80.60,+0.10,216393,17512082,198
2023-05-08,TPEx,3188,鑫龍騰,15.00,15.00,14.55,14.55,-0.20,260346,3827689,139
2023-05-08,TPEx,3191,和進,7.23,7.95,7.23,7.37,-0.22,133002,995275,57
2023-05-08,TPEx,3202,樺晟,18.60,19.90,18.15,19.80,+1.30,9886003,191203579,3269
2023-05-08,TPEx,3205,佰研,46.30,46.40,45.50,45.75,+0.35,261926,12023843,215
2023-05-08,TPEx,3206,志豐,34.90,35.35,34.65,34.90,0.00,273908,9571218,188
2023-05-08,TPEx,3207,耀勝,77.10,78.50,76.20,78.10,+1.40,2311909,179634310,1621
2023-05-08,TPEx,3211,順達,77.00,77.20,76.80,77.00,0.00,241122,18561296,196
2023-05-08,TPEx,3213,茂訊,51.60,52.50,51.40,51.60,-0.50,80624,4177213,74
2023-05-08,TPEx,3217,優群,106.00,107.00,103.50,104.00,-0.50,443096,46607270,406
2023-05-08,TPEx,3218,大學光,412.50,412.50,403.50,404.00,-5.00,163002,66179504,392
2023-05-08,TPEx,3219,倚強科,50.80,50.80,50.50,50.60,-0.80,5052,255668,23
2023-05-08,TPEx,3221,台嘉碩,29.30,29.40,28.70,28.70,-0.40,434242,12521641,346
2023-05-08,TPEx,3224,三顧,54.40,54.70,53.50,53.50,-0.90,627480,33871527,469
2023-05-08,TPEx,3226,至寶電,,,,,,5,307,3
2023-05-08,TPEx,3227,原相,104.00,104.50,102.50,103.00,-0.50,205471,21264912,226
2023-05-08,TPEx,3228,金麗科,174.00,174.50,166.50,167.00,-4.00,508584,86155198,558
2023-05-08,TPEx,3230,錦明,14.80,14.85,14.60,14.70,-0.05,247210,3636172,110
2023-05-08,TPEx,3232,昱捷,30.35,31.30,29.85,30.25,+0.70,433427,13218725,249
2023-05-08,TPEx,3234,光環,22.65,22.85,22.50,22.80,+0.15,235836,5353501,153
2023-05-08,TPEx,3236,千如,30.45,30.90,30.30,30.30,+0.20,1181754,36159571,682
2023-05-08,TPEx,3252,海灣,18.20,18.20,17.95,18.10,-0.10,67215,1211225,53
2023-05-08,TPEx,3259,鑫創,19.20,19.30,18.45,18.80,-0.40,33327,624563,19
2023-05-08,TPEx,3260,威剛,74.30,74.60,73.00,73.50,-0.20,1451350,106647055,1357
2023-05-08,TPEx,3264,欣銓,54.30,54.70,53.70,54.20,+0.30,3426272,186209112,1818
2023-05-08,TPEx,3265,台星科,57.70,57.70,56.70,56.70,-0.50,1403576,80073666,963
2023-05-08,TPEx,3268,海德威,22.10,22.10,21.85,21.85,-0.20,58036,1278316,61
2023-05-08,TPEx,3272,東碩,43.50,43.90,43.20,43.45,+0.15,206714,8998004,163
2023-05-08,TPEx,3276,宇環,15.35,15.55,15.00,15.30,+0.05,401419,6139774,226
2023-05-08,TPEx,3284,太普高,16.30,16.35,16.05,16.10,0.00,75617,1219791,50
2023-05-08,TPEx,3285,微端,19.95,20.15,19.80,19.80,0.00,82531,1649220,175
2023-05-08,TPEx,3287,廣寰科,14.75,14.85,14.45,14.45,-0.20,101000,1481600,56
2023-05-08,TPEx,3288,點晶,23.70,26.10,23.50,26.10,+2.35,212039,5463355,287
2023-05-08,TPEx,3289,宜特,86.40,87.00,84.20,84.30,-1.40,1322366,112860520,1302
2023-05-08,TPEx,3290,東浦,27.70,28.35,27.65,28.35,+0.80,1408964,39554042,773
2023-05-08,TPEx,3293,鈊象,548.00,562.00,545.00,556.00,+16.00,1457131,808666423,2464
2023-05-08,TPEx,3294,英濟,18.65,18.65,18.25,18.40,0.00,251262,4617800,209
2023-05-08,TPEx,3297,杭特,17.70,17.75,17.60,17.60,0.00,91105,1608240,62
2023-05-08,TPEx,3303,岱稜,27.65,27.65,27.15,27.15,-0.35,365347,10004392,187
2023-05-08,TPEx,3306,鼎天,25.85,25.85,25.70,25.70,-0.15,44618,1149418,58
2023-05-08,TPEx,3310,佳穎,67.50,67.50,67.00,67.00,-0.50,14693,987709,169
2023-05-08,TPEx,3313,斐成,10.45,10.45,10.30,10.30,0.00,53171,551299,178
2023-05-08,TPEx,3317,尼克森,54.70,54.80,53.90,53.90,-0.60,415410,22502417,288
2023-05-08,TPEx,3322,建舜電,22.15,22.25,21.80,21.80,0.00,503408,11084982,291
2023-05-08,TPEx,3323,加百裕,33.65,33.65,33.00,33.10,-0.55,309815,10261549,201
2023-05-08,TPEx,3324,雙鴻,235.50,253.00,234.50,250.00,+9.50,12953794,3201284592,10929
2023-05-08,TPEx,3325,旭品,19.95,20.45,19.55,20.30,+0.85,1802974,36271875,1064
2023-05-08,TPEx,3332,幸康,47.70,47.70,47.00,47.60,0.00,21005,993782,19
2023-05-08,TPEx,3339,泰谷,13.15,13.25,13.05,13.15,0.00,43330,568147,33
2023-05-08,TPEx,3349,寶德,13.75,13.80,13.75,13.80,-0.30,5000,68900,5
2023-05-08,TPEx,3354,律勝,14.40,14.50,14.35,14.35,0.00,58389,840015,51
2023-05-08,TPEx,3357,臺慶科,105.00,105.00,103.00,103.00,0.00,79132,8203160,78
2023-05-08,TPEx,3360,尚立,13.85,13.85,13.70,13.75,-0.05,109690,1505396,76
2023-05-08,TPEx,3362,先進光,93.60,93.60,90.60,91.10,-1.10,1693631,155432695,1419
2023-05-08,TPEx,3363,上詮,35.05,36.20,34.70,34.90,+0.50,7376504,261039143,4213
2023-05-08,TPEx,3372,典範,12.75,13.00,12.65,12.65,-0.05,154587,1976886,122
2023-05-08,TPEx,3373,熱映,22.80,23.10,22.70,22.85,+0.05,27032,618322,43
2023-05-08,TPEx,3374,精材,101.00,101.00,99.90,100.00,+0.10,485907,48764445,409
2023-05-08,TPEx,3379,彬台,12.40,12.55,12.40,12.50,+0.05,51977,649705,47
2023-05-08,TPEx,3388,崇越電,74.20,74.50,74.00,74.50,+0.40,33850,2514580,36
2023-05-08,TPEx,3390,旭軟,18.15,18.15,18.00,18.00,-0.15,50964,921592,96
2023-05-08,TPEx,3402,漢科,52.80,52.80,52.10,52.20,-0.20,137330,7184289,141
2023-05-08,TPEx,3426,台興,39.65,39.90,39.60,39.90,0.00,6000,238050,6
2023-05-08,TPEx,3430,奇鈦科,49.90,49.90,49.10,49.10,-0.45,179443,8854962,145
2023-05-08,TPEx,3434,哲固,29.00,29.00,28.30,28.45,-0.10,77748,2220403,64
2023-05-08,TPEx,3438,類比科,60.30,60.50,59.10,59.10,-0.60,59764,3569227,73
2023-05-08,TPEx,3441,聯一光,42.75,43.10,42.30,42.35,-0.25,253841,10805257,219
2023-05-08,TPEx,3444,利機,62.60,63.20,62.60,62.90,+0.20,137187,8622475,95
2023-05-08,TPEx,3455,由田,89.50,89.80,89.10,89.10,-0.20,453128,40545412,852
2023-05-08,TPEx,3465,進泰電子,95.00,95.50,94.50,94.70,-0.30,30058,2853910,33
2023-05-08,TPEx,3466,致振,32.35,33.10,32.20,32.25,-0.10,260426,8466917,273
2023-05-08,TPEx,3479,安勤,118.50,121.00,115.00,119.00,+2.00,8019973,948105483,5624
2023-05-08,TPEx,3483,力致,73.40,77.30,72.60,77.30,+7.00,6952734,528677410,3315
2023-05-08,TPEx,3484,崧騰,46.50,49.60,45.85,49.60,+4.50,3772507,185405315,2074
2023-05-08,TPEx,3489,森寶,11.15,11.35,11.15,11.15,+0.05,103107,1156280,54
2023-05-08,TPEx,3490,單井,27.25,27.40,26.95,26.95,-0.15,89282,2418023,97
2023-05-08,TPEx,3491,昇達科,164.00,167.00,164.00,165.50,+1.50,805526,133407130,752
2023-05-08,TPEx,3492,長盛,20.80,21.20,20.70,20.85,+0.05,65006,1353327,34
2023-05-08,TPEx,3498,陽程,33.30,33.70,33.05,33.15,-0.20,93984,3127615,168
2023-05-08,TPEx,3499,環天科,21.60,21.80,21.40,21.70,+0.40,312999,6766555,248
2023-05-08,TPEx,3508,位速,31.90,31.90,31.45,31.45,-0.15,144535,4562262,143
2023-05-08,TPEx,3511,矽瑪,33.65,33.70,32.25,33.25,-0.35,394631,13020509,265
2023-05-08,TPEx,3512,皇龍,33.70,33.80,33.35,33.35,-0.15,72428,2431377,111
2023-05-08,TPEx,3516,亞帝歐,18.25,18.25,17.80,17.90,-0.50,44007,791526,31
2023-05-08,TPEx,3520,華盈,22.05,22.05,21.20,21.20,-0.35,521674,11225631,369
2023-05-08,TPEx,3521,鴻翊,23.70,24.00,23.50,23.85,0.00,162167,3844837,105
2023-05-08,TPEx,3522,御頂,16.45,17.50,16.45,16.75,+0.25,465781,7851594,289
2023-05-08,TPEx,3523,迎輝,17.95,18.00,17.95,18.00,+0.55,2420,43179,4
2023-05-08,TPEx,3526,凡甲,135.50,135.50,133.50,134.50,-0.50,100285,13472597,126
2023-05-08,TPEx,3527,聚積,113.50,114.00,112.50,113.00,+1.00,84833,9564645,100
2023-05-08,TPEx,3529,力旺,1940.00,1960.00,1875.00,1875.00,-20.00,418875,802420555,1043
2023-05-08,TPEx,3531,先益,28.20,28.20,27.95,28.00,+0.05,21199,594553,27
2023-05-08,TPEx,3537,堡達,38.90,38.95,38.45,38.65,-0.05,162519,6280005,142
2023-05-08,TPEx,3540,曜越,41.10,42.15,40.50,41.80,+1.90,1585920,65959591,1221
2023-05-08,TPEx,3541,西柏,61.10,61.20,60.30,60.80,+0.60,141468,8592724,142
2023-05-08,TPEx,3546,宇峻,83.40,84.20,82.90,83.40,+0.80,278820,23324518,381
2023-05-08,TPEx,3548,兆利,69.50,71.70,69.10,71.20,+2.90,976852,69034918,695
2023-05-08,TPEx,3551,世禾,60.80,61.40,60.80,61.10,-0.10,52593,3209124,70
2023-05-08,TPEx,3552,同致,145.50,145.50,143.00,143.00,-1.00,274613,39591374,378
2023-05-08,TPEx,3555,重鵬,26.95,26.95,26.95,26.95,+0.10,1045,28157,3
2023-05-08,TPEx,3556,禾瑞亞,64.50,64.70,64.20,64.20,-0.10,105978,6827688,119
2023-05-08,TPEx,3558,神準,286.00,290.00,284.50,286.00,+2.00,1497165,429366480,1402
2023-05-08,TPEx,3564,其陽,35.10,35.10,34.20,34.90,0.00,236441,8162332,182
2023-05-08,TPEx,3567,逸昌,30.15,30.15,29.75,29.90,0.00,75107,2242591,79
2023-05-08,TPEx,3570,大塚,164.00,172.00,161.50,168.00,+5.00,415450,69657622,448
2023-05-08,TPEx,3577,泓格,79.60,79.70,78.60,79.00,-1.00,147187,11649160,249
2023-05-08,TPEx,3580,友威科,56.40,57.30,56.40,57.00,+0.80,165545,9429901,140
2023-05-08,TPEx,3581,博磊,23.60,23.80,23.50,23.55,+0.05,70005,1654224,54
2023-05-08,TPEx,3587,閎康,194.00,194.00,190.00,191.00,-1.50,415193,79615854,795
2023-05-08,TPEx,3594,磐儀,49.10,50.80,49.10,49.65,+0.75,1231532,61613776,1128
2023-05-08,TPEx,3597,映興,25.90,26.35,25.90,26.20,-0.15,13000,339150,11
2023-05-08,TPEx,3609,三一東林,41.20,44.90,41.20,44.60,+3.40,46015,2024319,47
2023-05-08,TPEx,3611,鼎翰,240.00,242.00,238.00,242.00,+2.00,69835,16721468,101
2023-05-08,TPEx,3615,安可,17.60,17.85,17.55,17.60,0.00,36003,634001,28
2023-05-08,TPEx,3623,富晶通,15.90,15.95,15.60,15.80,-0.20,41615,656155,31
2023-05-08,TPEx,3624,光頡,71.70,71.80,69.70,69.70,-1.40,2464963,173619157,1911
2023-05-08,TPEx,3625,西勝,13.95,13.95,13.70,13.75,-0.15,117863,1621722,89
2023-05-08,TPEx,3628,盈正,52.00,52.00,50.70,50.80,-0.20,100621,5150892,166
2023-05-08,TPEx,3629,地心引力,99.50,101.00,99.50,101.00,+3.00,57676,5766278,60
2023-05-08,TPEx,3630,新鉅科,29.35,29.35,28.60,28.85,-0.15,140258,4056924,94
2023-05-08,TPEx,3631,晟楠,33.40,33.90,33.40,33.40,0.00,11061,370937,11
2023-05-08,TPEx,3632,研勤,15.20,15.20,14.95,15.10,+0.20,143537,2170832,289
2023-05-08,TPEx,3646,艾恩特,30.10,30.10,29.00,29.30,-0.80,370665,10954510,308
2023-05-08,TPEx,3663,鑫科,37.25,37.30,35.80,35.90,-1.70,1229803,44885240,862
2023-05-08,TPEx,3664,安瑞-KY,42.00,45.60,38.95,41.90,0.00,2179951,90940478,1641
2023-05-08,TPEx,3666,光耀,22.60,24.40,22.50,23.45,+1.25,1423640,34044213,787
2023-05-08,TPEx,3672,康聯訊,29.00,29.00,28.80,28.95,-0.05,30054,869771,20
2023-05-08,TPEx,3675,德微,300.00,301.50,295.50,295.50,-1.50,722164,215320389,700
2023-05-08,TPEx,3680,家登,346.50,348.00,343.50,343.50,+2.00,744426,257051202,785
2023-05-08,TPEx,3684,榮昌,66.00,66.00,65.10,65.10,+0.10,22107,1444962,40
2023-05-08,TPEx,3685,元創精密,21.00,21.00,20.60,20.90,-0.05,66523,1386426,96
2023-05-08,TPEx,3687,歐買尬,92.90,94.80,92.10,93.70,+3.20,1976890,185015950,2221
2023-05-08,TPEx,3689,湧德,38.85,40.25,38.60,39.90,+1.45,1574894,62328408,955
2023-05-08,TPEx,3691,碩禾,106.50,106.50,104.50,105.50,-1.00,190482,20096721,213
2023-05-08,TPEx,3693,營邦,185.00,198.00,183.00,198.00,+18.00,2731667,530963370,2045
2023-05-08,TPEx,3707,漢磊,78.30,79.10,78.30,78.30,+0.50,1077839,84758550,897
2023-05-08,TPEx,3709,鑫聯大投控,21.55,21.55,21.10,21.30,0.00,63603,1349025,39
2023-05-08,TPEx,3710,連展投控,11.75,11.75,11.55,11.55,-0.05,492154,5715248,262
2023-05-08,TPEx,3713,新晶投控,28.00,28.00,27.70,27.90,-0.25,13000,361900,11
2023-05-08,TPEx,4102,永日,31.25,31.60,30.30,30.35,-0.90,993782,30632303,521
2023-05-08,TPEx,4105,東洋,77.40,77.40,76.50,76.80,-0.30,482971,37038386,409
2023-05-08,TPEx,4107,邦特,116.50,117.00,115.50,116.00,0.00,177523,20713593,188
2023-05-08,TPEx,4109,加捷生醫,15.90,16.00,15.60,15.70,-0.10,221660,3497664,156
2023-05-08,TPEx,4111,濟生,30.55,30.65,29.70,29.80,-0.45,2004297,60049982,1474
2023-05-08,TPEx,4113,聯上,16.30,16.40,16.20,16.40,+0.10,256987,4202741,101
2023-05-08,TPEx,4114,健喬,48.35,48.40,47.50,47.50,-0.65,5730224,274043893,4080
2023-05-08,TPEx,4116,明基醫,64.50,64.70,63.60,64.00,-0.80,305053,19524400,298
2023-05-08,TPEx,4120,友華,37.05,37.30,36.90,37.30,+0.20,40990,1520408,71
2023-05-08,TPEx,4121,優盛,34.70,35.25,33.90,34.55,-0.20,6512587,225416718,4140
2023-05-08,TPEx,4123,晟德,53.00,53.10,51.60,51.60,-0.80,4564279,238791304,3022
2023-05-08,TPEx,4126,太醫,88.70,88.70,86.30,86.90,-1.80,438792,38264103,913
2023-05-08,TPEx,4127,天良,15.70,15.70,15.20,15.25,-0.35,245228,3777321,158
2023-05-08,TPEx,4128,中天,63.10,63.10,61.80,61.90,-0.60,1496515,92993472,1261
2023-05-08,TPEx,4129,聯合,61.80,62.20,60.80,61.20,-0.40,1400575,86139885,951
2023-05-08,TPEx,4129A,聯合甲特,61.50,61.50,61.50,61.50,0.00,1000,61500,1
2023-05-08,TPEx,4130,健亞,30.00,30.15,29.05,29.10,-0.75,1307745,38413945,832
2023-05-08,TPEx,4131,晶宇,29.10,29.10,28.85,28.85,+1.30,9840,284142,18
2023-05-08,TPEx,4138,曜亞,95.10,101.00,93.90,101.00,+8.90,981251,97398288,898
2023-05-08,TPEx,4139,馬光-KY,37.65,37.80,37.45,37.45,-0.15,14300,538000,49
2023-05-08,TPEx,4147,中裕,131.50,134.50,129.50,132.00,+1.50,1888490,248921693,1551
2023-05-08,TPEx,4153,鈺緯,47.80,49.35,47.15,48.25,+0.55,404925,19710445,369
2023-05-08,TPEx,4154,樂威科-KY,,,,,,170,5201,19
2023-05-08,TPEx,4157,太景*-KY,15.85,15.90,15.40,15.40,-0.35,1236307,19201636,695
2023-05-08,TPEx,4160,創源,44.30,48.80,43.90,48.80,+4.40,1027993,49134441,901
2023-05-08,TPEx,4161,聿新科,37.40,37.80,35.85,36.50,-0.90,1610203,58632536,1038
2023-05-08,TPEx,4162,智擎,101.50,102.50,99.60,99.60,-1.90,1100278,110953888,830
2023-05-08,TPEx,4163,鐿鈦,133.50,134.00,130.50,131.50,-1.00,293692,38571748,299
2023-05-08,TPEx,4167,松瑞藥,18.35,18.35,18.15,18.15,-0.10,961585,17506350,478
2023-05-08,TPEx,4168,醣聯,32.75,32.80,31.95,32.05,-0.70,674298,21789930,457
2023-05-08,TPEx,4171,瑞基,59.00,59.00,57.50,57.50,-1.10,167081,9662148,213
2023-05-08,TPEx,4173,久裕,23.90,25.00,23.20,23.20,-0.40,8813159,212053427,4565
2023-05-08,TPEx,4174,浩鼎,89.50,89.50,86.80,87.50,0.00,403604,35318012,528
2023-05-08,TPEx,4175,杏一,132.00,142.00,132.00,142.00,+12.50,2911667,404736732,3030
2023-05-08,TPEx,4183,福永生技,20.30,20.90,20.30,20.50,+0.20,37012,760493,29
2023-05-08,TPEx,4188,安克,16.75,16.80,16.55,16.70,-0.20,25100,418260,21
2023-05-08,TPEx,4192,杏國,19.20,19.30,19.20,19.20,-0.30,34000,653100,25
2023-05-08,TPEx,4198,欣大健康,24.70,25.05,24.70,25.05,+0.05,4434,110846,8
2023-05-08,TPEx,4205,中華食,105.50,106.00,105.50,105.50,-0.50,14890,1571844,171
2023-05-08,TPEx,4207,環泰,15.05,15.10,14.85,14.95,-0.20,835821,12524780,306
2023-05-08,TPEx,4303,信立,17.40,17.45,17.30,17.30,0.00,47101,816256,28
2023-05-08,TPEx,4304,勝昱,9.93,10.00,9.92,9.99,0.00,12010,119540,11
2023-05-08,TPEx,4305,世坤,31.50,31.50,31.10,31.50,0.00,15004,470375,16
2023-05-08,TPEx,4401,東隆興,28.25,28.35,28.10,28.15,+0.10,59381,1677565,59
2023-05-08,TPEx,4402,福大,10.10,10.35,10.10,10.35,+0.20,116262,1193662,65
2023-05-08,TPEx,4406,新昕纖,10.40,10.40,10.20,10.20,-0.10,2001,20609,3
2023-05-08,TPEx,4413,飛寶企業,14.75,14.90,14.75,14.85,+0.10,8000,118450,7
2023-05-08,TPEx,4416,三圓,86.50,87.20,85.80,87.20,+1.20,6001,517781,7
2023-05-08,TPEx,4417,金洲,42.75,43.25,42.70,43.25,+0.80,605108,26022753,367
2023-05-08,TPEx,4419,元勝,23.00,25.30,23.00,25.30,+2.30,28028,660744,9
2023-05-08,TPEx,4420,光明,29.80,29.80,29.80,29.80,0.00,1336,39899,10
2023-05-08,TPEx,4430,耀億,22.70,23.30,22.70,23.20,+0.45,12469,285681,49
2023-05-08,TPEx,4432,銘旺實,22.30,22.30,21.65,21.90,-0.25,78120,1717440,55
2023-05-08,TPEx,4433,興采,35.40,35.85,35.30,35.30,-0.05,116116,4123782,90
2023-05-08,TPEx,4502,健信,36.90,36.95,36.85,36.95,-0.05,5000,184550,5
2023-05-08,TPEx,4503,金雨,52.60,57.70,52.40,57.70,+5.20,1702538,95730983,936
2023-05-08,TPEx,4506,崇友,75.10,75.40,74.90,75.10,0.00,49308,3701040,115
2023-05-08,TPEx,4510,高鋒,14.90,15.05,14.00,14.15,-0.55,2172471,31335892,986
2023-05-08,TPEx,4513,福裕,21.95,21.95,21.40,21.40,-0.55,354536,7627735,196
2023-05-08,TPEx,4523,永彰,36.45,36.60,34.80,35.55,-1.10,44362,1578261,45
2023-05-08,TPEx,4527,方土霖,32.50,32.50,32.10,32.20,-0.05,58996,1899273,57
2023-05-08,TPEx,4528,江興鍛,34.75,34.75,34.70,34.75,0.00,57695,2006076,406
2023-05-08,TPEx,4529,淳紳,10.30,10.40,10.20,10.20,-0.10,32079,329165,34
2023-05-08,TPEx,4530,宏易,7.15,7.15,6.81,6.85,-0.06,20087,137169,16
2023-05-08,TPEx,4533,協易機,12.05,12.20,11.95,12.00,+0.10,465505,5630288,337
2023-05-08,TPEx,4534,慶騰,9.82,9.82,9.75,9.82,0.00,71496,698846,227
2023-05-08,TPEx,4535,至興,39.70,39.70,39.40,39.40,0.00,2020,79871,10
2023-05-08,TPEx,4538,大詠城,20.90,21.00,20.90,21.00,+0.10,9001,188220,5
2023-05-08,TPEx,4541,晟田,48.80,51.00,47.70,49.00,+2.20,28502542,1398988022,17075
2023-05-08,TPEx,4542,科嶠,27.00,27.00,27.00,27.00,-0.20,2149,58032,10
2023-05-08,TPEx,4543,萬在,27.80,27.80,27.05,27.60,+0.30,142018,3888692,88
2023-05-08,TPEx,4549,桓達,97.40,97.40,96.50,97.00,+0.30,65211,6316574,74
2023-05-08,TPEx,4550,長佳,33.15,33.15,32.30,33.00,-0.15,118020,3883942,99
2023-05-08,TPEx,4554,橙的,31.40,31.95,30.60,31.50,0.00,228584,7186574,288
2023-05-08,TPEx,4556,旭然,31.20,31.20,30.80,30.80,-0.20,2000,62000,2
2023-05-08,TPEx,4558,寶緯,28.90,31.25,28.85,29.75,+0.85,124055,3745727,110
2023-05-08,TPEx,4561,健椿,24.60,24.60,23.35,23.35,-0.95,143436,3406161,106
2023-05-08,TPEx,4563,百德,40.50,40.70,39.35,39.60,0.00,105213,4203408,76
2023-05-08,TPEx,4568,科際精密,59.30,60.50,59.30,60.50,-0.50,3154,189618,9
2023-05-08,TPEx,4577,達航科技,30.60,30.80,30.40,30.55,-0.05,35000,1066250,24
2023-05-08,TPEx,4580,捷流閥業,96.00,96.50,95.50,95.60,+0.10,108785,10451614,102
2023-05-08,TPEx,4584,君帆,50.00,50.40,50.00,50.20,-0.30,27060,1358600,13
2023-05-08,TPEx,4609,唐鋒,,,,,,0,0,0
2023-05-08,TPEx,4702,中美實,14.25,14.35,14.10,14.15,0.00,90685,1291802,235
2023-05-08,TPEx,4706,大恭,17.45,17.55,17.45,17.45,+0.05,14115,246671,14
2023-05-08,TPEx,4707,磐亞,12.95,12.95,12.85,12.85,-0.10,442316,5699388,244
2023-05-08,TPEx,4711,永純,17.35,17.60,16.60,17.00,-0.20,207926,3569313,177
2023-05-08,TPEx,4712,南璋,4.22,4.22,4.21,4.22,-0.03,8295,34975,16
2023-05-08,TPEx,4714,永捷,12.15,12.25,11.90,12.00,-0.15,437588,5282256,241
2023-05-08,TPEx,4716,大立,12.65,12.65,12.50,12.55,0.00,168341,2112608,177
2023-05-08,TPEx,4721,美琪瑪,101.50,102.00,100.00,100.00,-0.50,317582,32033011,359
2023-05-08,TPEx,4726,永昕,39.25,39.40,38.40,38.70,-0.45,464867,18012914,376
2023-05-08,TPEx,4728,雙美,286.00,300.00,286.00,293.00,+5.00,160024,46854762,197
2023-05-08,TPEx,4729,熒茂,16.60,16.70,16.60,16.70,+0.15,55586,924421,38
2023-05-08,TPEx,4735,豪展,37.80,38.05,37.80,38.05,+0.30,37667,1429652,64
2023-05-08,TPEx,4736,泰博,186.00,186.00,184.00,184.00,-1.00,228721,42266975,274
2023-05-08,TPEx,4741,泓瀚,38.85,39.40,38.45,38.55,0.00,288002,11216877,211
2023-05-08,TPEx,4743,合一,247.00,247.50,238.00,239.50,-5.50,3438365,827238393,3991
2023-05-08,TPEx,4744,皇將,40.30,42.80,39.60,42.80,+3.25,17366791,713791896,10420
2023-05-08,TPEx,4745,合富-KY,28.30,28.45,28.10,28.35,+0.05,35366,1002620,35
2023-05-08,TPEx,4747,強生,62.10,62.20,60.10,60.10,-1.40,728640,44544781,620
2023-05-08,TPEx,4754,國碳科,40.70,41.00,40.70,40.80,-0.10,22834,934056,34
2023-05-08,TPEx,4760,勤凱,81.00,83.20,80.90,82.90,+1.90,240729,19814275,218
2023-05-08,TPEx,4767,誠泰科技,32.80,33.90,31.60,31.60,-1.40,88613,2852597,88
2023-05-08,TPEx,4768,晶呈科技,175.00,175.00,172.00,173.50,-1.00,148601,25781596,151
2023-05-08,TPEx,4804,大略-KY,6.19,6.19,5.89,6.17,-0.02,179385,1082319,68
2023-05-08,TPEx,4903,聯光通,22.40,22.40,21.45,21.80,-0.60,1171853,25586485,793
2023-05-08,TPEx,4905,台聯電,,,,,,1,48,1
2023-05-08,TPEx,4907,富宇,36.00,36.25,35.90,36.05,-0.10,38452,1384941,30
2023-05-08,TPEx,4908,前鼎,35.30,35.50,34.95,35.15,-0.05,341317,12003751,201
2023-05-08,TPEx,4909,新復興,21.55,21.70,20.70,21.30,-0.15,1594642,33677530,954
2023-05-08,TPEx,4911,德英,78.50,79.50,76.20,76.70,-1.00,316270,24493352,277
2023-05-08,TPEx,4923,力士,53.50,53.50,51.90,52.00,-1.50,181895,9545627,202
2023-05-08,TPEx,4924,欣厚-KY,13.05,13.05,12.85,12.95,-0.10,130000,1681350,66
2023-05-08,TPEx,4931,新盛力,44.90,45.20,44.55,44.65,-0.10,715904,32113443,534
2023-05-08,TPEx,4933,友輝,34.80,35.05,34.55,34.95,+0.15,38150,1329779,23
2023-05-08,TPEx,4939,亞電,16.50,16.60,16.35,16.60,+0.20,113186,1864361,94
2023-05-08,TPEx,4944,兆遠,9.72,9.89,9.72,9.76,-0.24,33297,325123,38
2023-05-08,TPEx,4945,陞達科技,50.80,51.10,50.70,50.70,-0.10,26269,1335657,63
2023-05-08,TPEx,4946,辣椒,27.90,28.55,27.50,27.60,+0.50,42460,1191279,50
2023-05-08,TPEx,4950,牧東,19.75,19.90,19.25,19.60,-0.05,2602072,51198802,262
2023-05-08,TPEx,4951,精拓科,72.00,72.00,70.70,71.00,-0.90,199386,14209288,196
2023-05-08,TPEx,4953,緯軟,126.50,129.00,125.00,125.50,+0.50,1747473,221428703,1473
2023-05-08,TPEx,4966,譜瑞-KY,984.00,986.00,975.00,979.00,+8.00,960230,941787807,1043
2023-05-08,TPEx,4971,IET-KY,64.20,64.40,62.70,62.70,-0.70,100142,6343385,102
2023-05-08,TPEx,4972,湯石照明,29.15,29.30,29.05,29.25,+0.20,24885,725603,93
2023-05-08,TPEx,4973,廣穎,26.30,26.30,25.35,25.35,-0.75,370913,9544493,270
2023-05-08,TPEx,4974,亞泰,68.70,69.20,68.60,69.00,+0.30,176505,12168600,187
2023-05-08,TPEx,4979,華星光,51.90,52.80,51.50,52.30,+1.20,8433828,440300936,4601
2023-05-08,TPEx,4987,科誠,61.40,61.40,60.90,61.40,0.00,19176,1171887,25
2023-05-08,TPEx,4991,環宇-KY,31.50,32.00,30.00,31.65,-0.05,72223,2264240,82
2023-05-08,TPEx,4995,晶達,50.70,51.40,50.60,50.90,+0.40,104112,5288211,65
2023-05-08,TPEx,5009,榮剛,58.50,58.90,57.50,58.10,+0.10,13041565,760617372,6225
2023-05-08,TPEx,5011,久陽,28.60,29.30,28.45,28.90,+0.90,2361147,68105664,1291
2023-05-08,TPEx,5013,強新,34.80,34.80,34.60,34.80,0.00,5603,193499,9
2023-05-08,TPEx,5014,建錩,16.25,16.40,16.20,16.35,+0.25,336555,5489673,192
2023-05-08,TPEx,5015,華祺,54.50,54.50,54.00,54.10,-0.20,153089,8293446,117
2023-05-08,TPEx,5016,松和,29.10,30.20,29.10,30.10,0.00,12265,364972,37
2023-05-08,TPEx,5201,凱衛,27.65,28.80,27.65,28.10,+0.55,137009,3852701,102
2023-05-08,TPEx,5202,力新,15.65,15.70,15.45,15.45,-0.15,51761,805857,56
2023-05-08,TPEx,5205,中茂,37.90,39.20,37.90,39.20,+1.30,3000,115000,2
2023-05-08,TPEx,5206,坤悅,22.30,22.35,22.15,22.25,+0.10,184214,4092808,113
2023-05-08,TPEx,5209,新鼎,177.00,182.50,176.50,182.50,+16.50,1120713,203491781,871
2023-05-08,TPEx,5210,寶碩,17.45,17.45,16.85,16.90,-0.15,133058,2257824,153
2023-05-08,TPEx,5211,蒙恬,32.20,34.80,31.85,33.70,+2.05,5968157,202216866,3615
2023-05-08,TPEx,5212,凌網,49.90,49.90,48.20,49.60,+0.60,4421,216400,14
2023-05-08,TPEx,5213,亞昕,27.15,27.25,26.75,27.10,0.00,214860,5788050,158
2023-05-08,TPEx,5220,萬達光電,30.20,30.40,30.20,30.20,-0.10,27923,844834,30
2023-05-08,TPEx,5223,安力-KY,40.10,40.15,40.00,40.15,+0.05,6008,240874,7
2023-05-08,TPEx,5227,立凱-KY,73.30,73.70,72.20,72.40,-0.30,1293229,94496288,1534
2023-05-08,TPEx,5228,鈺鎧,22.15,22.50,22.10,22.20,+0.05,46001,1018922,24
2023-05-08,TPEx,5230,雷笛克光學,22.40,22.55,22.40,22.45,+0.10,175069,3936392,118
2023-05-08,TPEx,5236,凌陽創新,90.30,91.20,89.80,90.10,+0.30,105342,9497548,92
2023-05-08,TPEx,5245,智晶,46.70,47.35,46.70,47.20,+0.45,46946,2205946,63
2023-05-08,TPEx,5251,天鉞電,22.00,22.00,21.30,21.30,-0.15,92783,1994151,165
2023-05-08,TPEx,5263,智崴,123.50,123.50,120.50,120.50,-2.00,146978,17857401,162
2023-05-08,TPEx,5272,笙科,28.70,29.00,28.20,28.20,-0.50,150065,4283195,197
2023-05-08,TPEx,5274,信驊,2820.00,2890.00,2800.00,2880.00,+115.00,488296,1398411655,1670
2023-05-08,TPEx,5276,達輝-KY,15.05,15.05,14.40,14.70,-0.30,25044,371292,10
2023-05-08,TPEx,5278,尚凡,175.00,176.50,175.00,176.50,+1.00,18397,3232526,242
2023-05-08,TPEx,5281,大峽谷-KY,16.00,16.10,16.00,16.00,-0.10,19000,304550,13
2023-05-08,TPEx,5287,數字,207.00,212.00,207.00,210.00,+3.00,93644,19635821,204
2023-05-08,TPEx,5289,宜鼎,290.50,302.50,290.50,293.00,+4.50,1819409,539834834,1670
2023-05-08,TPEx,5291,邑昇,33.90,33.90,33.75,33.85,-0.05,71127,2406320,36
2023-05-08,TPEx,5299,杰力,130.00,132.00,129.00,131.00,+4.00,256408,33533760,303
2023-05-08,TPEx,5301,寶得利,11.95,12.00,11.85,11.85,-0.15,28000,333500,23
2023-05-08,TPEx,5302,太欣,9.78,9.80,9.65,9.75,-0.03,176211,1708577,110
2023-05-08,TPEx,5309,系統電,44.90,45.15,43.85,44.20,-0.30,3477622,154074653,2869
2023-05-08,TPEx,5310,天剛,24.05,24.50,23.90,24.50,-0.35,5287,127514,15
2023-05-08,TPEx,5312,寶島科,68.00,69.00,67.70,68.50,+1.10,216259,14793386,256
2023-05-08,TPEx,5314,世紀,24.00,24.00,23.10,23.10,-1.10,63272,1476291,70
2023-05-08,TPEx,5315,光聯,22.95,22.95,22.30,22.35,-0.90,2069771,46532812,1065
2023-05-08,TPEx,5321,美而快,110.00,119.50,108.50,115.00,+5.00,7751933,890701103,5726
2023-05-08,TPEx,5324,士開,9.06,9.09,8.99,9.07,-0.01,59661,538176,35
2023-05-08,TPEx,5328,華容,14.20,14.50,13.90,13.95,-0.45,1459227,20582421,788
2023-05-08,TPEx,5340,建榮,41.35,41.35,40.00,40.40,-0.15,251585,10147207,176
2023-05-08,TPEx,5344,立衛,15.85,16.00,15.85,15.85,0.00,22515,359012,26
2023-05-08,TPEx,5345,天揚,4.77,5.00,4.77,4.90,-0.39,30733,149433,23
2023-05-08,TPEx,5347,世界,90.20,90.40,89.40,89.80,+0.10,1820416,163509998,1169
2023-05-08,TPEx,5348,系通,9.58,9.86,9.51,9.69,+0.25,34998,339250,24
2023-05-08,TPEx,5351,鈺創,41.10,41.60,40.75,40.75,+0.20,2391531,98261138,1653
2023-05-08,TPEx,5353,台林,50.00,50.50,48.30,48.30,-1.20,1593353,78552937,1254
2023-05-08,TPEx,5355,佳總,8.50,8.55,8.20,8.30,-0.19,682524,5727994,246
2023-05-08,TPEx,5356,協益,27.40,27.80,26.70,27.15,-0.10,1311596,35543973,830
2023-05-08,TPEx,5364,力麗店,24.70,25.15,24.40,24.95,+0.30,11003,270823,11
2023-05-08,TPEx,5371,中光電,78.00,78.00,76.00,76.30,+0.50,3928982,302427693,2890
2023-05-08,TPEx,5381,合正,21.85,21.85,20.05,20.40,-1.40,2571063,53093549,1169
2023-05-08,TPEx,5383,金利,30.45,30.90,30.40,30.40,-0.05,6669,201975,10
2023-05-08,TPEx,5386,青雲,38.85,39.15,38.25,38.80,-0.05,47420,1834036,51
2023-05-08,TPEx,5392,能率,21.50,21.50,21.15,21.25,-0.05,186794,3973049,273
2023-05-08,TPEx,5398,慕康生醫,16.20,16.20,16.10,16.10,-0.10,108004,1739864,24
2023-05-08,TPEx,5403,中菲,101.00,103.50,99.90,100.00,-0.50,921485,93057128,721
2023-05-08,TPEx,5410,國眾,36.15,37.80,35.80,36.75,+0.80,1609134,59676910,1031
2023-05-08,TPEx,5425,台半,94.30,94.30,93.30,93.30,+0.20,3499450,328157040,2574
2023-05-08,TPEx,5426,振發,12.40,12.40,12.25,12.30,-0.05,227806,2802831,137
2023-05-08,TPEx,5432,新門,29.00,30.85,28.45,29.35,+0.45,146170,4322386,118
2023-05-08,TPEx,5438,東友,22.10,22.40,21.70,21.90,-0.20,104221,2286610,121
2023-05-08,TPEx,5439,高技,70.40,71.80,69.50,71.60,+2.10,4982260,353413687,2616
2023-05-08,TPEx,5443,均豪,28.70,28.70,28.30,28.30,-0.05,98810,2804109,129
2023-05-08,TPEx,5450,南良,22.60,23.15,22.60,22.70,+0.35,465547,10655171,347
2023-05-08,TPEx,5452,佶優,20.95,21.15,20.70,20.80,-0.15,650078,13581565,337
2023-05-08,TPEx,5455,昇益,28.20,28.20,28.20,28.20,0.00,4002,112850,4
2023-05-08,TPEx,5457,宣德,53.90,54.00,52.80,52.80,-0.50,245559,13020505,222
2023-05-08,TPEx,5460,同協,11.20,11.25,11.20,11.20,0.00,73135,820204,105
2023-05-08,TPEx,5464,霖宏,31.70,32.35,30.25,30.65,-1.00,1746767,54712190,875
2023-05-08,TPEx,5465,富驊,38.15,38.80,37.35,37.45,+0.40,3858265,147458381,2351
2023-05-08,TPEx,5468,凱鈺,16.35,16.35,16.00,16.25,+0.15,27000,438100,25
2023-05-08,TPEx,5474,聰泰,85.80,85.80,84.40,84.50,-0.90,17374,1477664,84
2023-05-08,TPEx,5475,德宏,15.75,16.10,15.65,15.70,-0.05,615116,9756163,360
2023-05-08,TPEx,5478,智冠,97.80,97.80,96.30,96.80,+0.50,508772,49457753,636
2023-05-08,TPEx,5481,新華,12.80,12.80,12.75,12.80,+0.10,47664,608458,63
2023-05-08,TPEx,5483,中美晶,152.50,155.50,151.50,154.50,+6.50,5911313,908751841,4862
2023-05-08,TPEx,5487,通泰,25.30,28.05,25.30,28.05,+2.55,398227,10945633,187
2023-05-08,TPEx,5488,松普,13.30,13.50,13.20,13.30,0.00,332009,4424037,185
2023-05-08,TPEx,5489,彩富,42.90,42.90,41.50,41.70,-0.80,287397,12017321,249
2023-05-08,TPEx,5490,同亨,25.00,25.05,24.70,24.70,-0.40,171217,4253800,346
2023-05-08,TPEx,5493,三聯,51.30,51.30,51.10,51.10,+0.30,3153,161241,4
2023-05-08,TPEx,5498,凱崴,12.05,12.25,11.60,11.95,+0.80,8863097,106773626,3100
2023-05-08,TPEx,5508,永信建,64.80,65.40,64.80,65.10,+0.30,137691,8958450,127
2023-05-08,TPEx,5511,德昌,43.70,44.15,43.45,43.95,+1.40,2065859,90703322,902
2023-05-08,TPEx,5512,力麒,9.79,9.79,9.56,9.73,+0.04,1578383,15265330,580
2023-05-08,TPEx,5514,三豐,17.95,17.95,17.95,17.95,-0.05,1743,31243,16
2023-05-08,TPEx,5516,雙喜,26.00,26.25,25.95,26.20,+0.55,127537,3331399,93
2023-05-08,TPEx,5520,力泰,57.20,58.30,55.90,57.60,+2.10,85194,4897398,39
2023-05-08,TPEx,5523,豐謙,25.50,25.60,25.05,25.20,+0.20,107417,2716936,92
2023-05-08,TPEx,5529,鉅陞,11.90,11.90,11.75,11.75,-0.10,30129,356517,28
2023-05-08,TPEx,5530,龍巖,37.80,37.85,37.60,37.70,+0.05,131438,4957031,137
2023-05-08,TPEx,5536,聖暉*,138.00,138.50,136.00,138.50,+1.00,223047,30670787,260
2023-05-08,TPEx,5543,桓鼎-KY,48.20,49.50,48.00,48.00,-0.20,9000,435150,9
2023-05-08,TPEx,5601,台聯櫃,44.85,44.85,41.60,41.60,-1.75,51010,2158283,27
2023-05-08,TPEx,5603,陸海,21.30,21.30,21.00,21.10,-0.10,214131,4514137,202
2023-05-08,TPEx,5604,中連,49.20,49.60,49.20,49.60,+0.40,12785,630920,15
2023-05-08,TPEx,5609,中菲行,86.80,86.90,85.50,85.60,-1.20,369565,31841971,592
2023-05-08,TPEx,5701,劍湖山,7.86,7.86,7.80,7.80,-0.06,110466,863880,134
2023-05-08,TPEx,5703,亞都,20.90,20.90,20.60,20.70,0.00,31402,648649,26
2023-05-08,TPEx,5704,老爺知,54.10,55.30,54.10,54.30,+0.20,79372,4326846,198
2023-05-08,TPEx,5864,致和證,17.75,17.75,17.50,17.75,+1.60,2993455,53099388,849
2023-05-08,TPEx,5878,台名,48.70,49.15,48.70,49.10,-0.10,4040,198018,5
2023-05-08,TPEx,5902,德記,39.00,39.45,38.90,39.00,0.00,61525,2405101,57
2023-05-08,TPEx,5903,全家,217.50,220.50,217.50,220.00,+3.50,82113,18006213,225
2023-05-08,TPEx,5904,寶雅,572.00,575.00,563.00,568.00,-2.00,238993,135552247,1231
2023-05-08,TPEx,5905,南仁湖,12.15,12.20,11.90,11.90,-0.20,564396,6775366,259
2023-05-08,TPEx,6015,宏遠證,9.90,9.90,9.83,9.85,+0.04,421204,4153218,243
2023-05-08,TPEx,6016,康和證,11.05,11.30,11.05,11.20,+0.20,1302113,14548391,412
2023-05-08,TPEx,6020,大展證,18.50,18.70,18.50,18.60,+0.10,17000,315150,9
2023-05-08,TPEx,6021,美好證,16.80,16.80,16.60,16.70,0.00,16010,267367,8
2023-05-08,TPEx,6023,元大期,52.00,52.50,51.90,52.40,+0.50,209141,10930227,230
2023-05-08,TPEx,6026,福邦證,12.30,12.35,11.95,12.15,-0.05,2944097,35743765,804
2023-05-08,TPEx,6101,寬魚國際,45.80,46.00,45.35,45.75,-0.05,149083,6825136,129
2023-05-08,TPEx,6103,合邦,39.55,39.55,39.55,39.55,+1.30,1003,39656,2
2023-05-08,TPEx,6104,創惟,111.50,113.00,109.00,109.00,-1.00,1739386,191843628,1355
2023-05-08,TPEx,6109,亞元,17.05,17.25,17.00,17.05,+0.05,454576,7782428,225
2023-05-08,TPEx,6111,大宇資,95.30,95.80,91.30,93.90,+0.50,13946510,1305432423,9806
2023-05-08,TPEx,6113,亞矽,17.45,17.45,17.25,17.45,+0.10,50763,881551,39
2023-05-08,TPEx,6114,久威,25.40,25.40,25.05,25.05,-0.20,63017,1585127,58
2023-05-08,TPEx,6118,建達,32.45,32.95,32.30,32.30,0.00,223711,7265820,197
2023-05-08,TPEx,6121,新普,314.50,317.00,314.50,316.00,+1.50,407323,128670166,501
2023-05-08,TPEx,6122,擎邦,32.65,32.70,31.60,31.85,-0.10,2145620,68830553,1220
2023-05-08,TPEx,6123,上奇,71.00,71.00,70.20,70.20,-0.60,145286,10241700,150
2023-05-08,TPEx,6124,業強,27.70,28.00,27.15,27.50,-0.05,91400,2518139,321
2023-05-08,TPEx,6125,廣運,31.95,31.95,29.35,29.35,-3.25,18346965,548311737,9288
2023-05-08,TPEx,6126,信音,22.85,22.90,22.75,22.85,+0.05,164317,3750195,119
2023-05-08,TPEx,6127,九豪,24.60,25.45,23.55,23.55,-0.80,5929830,145940555,3623
2023-05-08,TPEx,6129,普誠,33.85,33.90,33.15,33.30,-0.25,2128197,71057754,1291
2023-05-08,TPEx,6130,星寶國際,33.45,33.65,33.45,33.55,+0.15,17028,570885,39
2023-05-08,TPEx,6134,萬旭,24.05,24.10,23.50,23.60,-0.15,539399,12812827,288
2023-05-08,TPEx,6138,茂達,173.00,175.50,172.00,172.00,+1.50,1855834,321924067,1701
2023-05-08,TPEx,6140,訊達,22.35,22.90,21.95,22.40,+0.25,1011117,22771428,584
2023-05-08,TPEx,6143,振曜,93.00,93.40,92.00,92.20,-0.30,669226,61931718,501
2023-05-08,TPEx,6144,得利影,14.30,14.45,14.30,14.45,+0.05,7000,100400,5
2023-05-08,TPEx,6146,耕興,260.50,261.00,255.00,256.50,-6.00,410072,105395205,562
2023-05-08,TPEx,6147,頎邦,66.00,66.50,66.00,66.00,0.00,1845702,122283015,1254
2023-05-08,TPEx,6148,驊宏資,41.10,41.90,40.85,41.75,+0.20,2707691,112327598,1717
2023-05-08,TPEx,6150,撼訊,72.80,72.80,71.40,71.60,-0.30,124171,8916214,264
2023-05-08,TPEx,6151,晉倫,31.90,32.90,31.30,31.60,+1.25,534109,16985246,412
2023-05-08,TPEx,6154,順發,16.65,16.65,16.60,16.65,-0.05,12730,211941,23
2023-05-08,TPEx,6156,松上,21.55,21.60,21.20,21.50,+0.20,290445,6215649,200
2023-05-08,TPEx,6158,禾昌,26.00,26.20,25.80,26.05,-0.10,45096,1173033,102
2023-05-08,TPEx,6160,欣技,35.35,35.65,33.70,34.00,-1.05,6863500,237073008,3653
2023-05-08,TPEx,6161,捷波,34.40,34.40,33.10,33.25,-1.50,1343108,45005533,737
2023-05-08,TPEx,6163,華電網,24.70,25.65,24.65,24.85,+0.45,7355038,185342996,4034
2023-05-08,TPEx,6167,久正,18.50,18.80,17.80,18.00,-0.25,5046159,92433533,2355
2023-05-08,TPEx,6169,昱泉,22.95,23.05,22.35,22.35,+0.15,242123,5489252,210
2023-05-08,TPEx,6170,統振,39.30,40.70,39.30,39.30,0.00,413465,16560600,449
2023-05-08,TPEx,6171,大城地產,21.75,21.85,21.70,21.85,+0.15,25030,544629,13
2023-05-08,TPEx,6173,信昌電,45.50,45.60,43.50,43.50,+1.50,7640771,336560140,4895
2023-05-08,TPEx,6174,安碁,29.60,29.95,29.05,29.05,-0.30,151601,4442305,115
2023-05-08,TPEx,6175,立敦,38.90,38.90,38.00,38.00,-0.30,332166,12698012,282
2023-05-08,TPEx,6179,亞通,33.30,36.10,32.85,36.10,+3.25,7911503,276135886,3823
2023-05-08,TPEx,6180,橘子,75.80,76.00,75.10,75.10,+0.10,1629995,122970234,1589
2023-05-08,TPEx,6182,合晶,44.30,44.30,43.80,43.80,-0.15,1640022,72159623,1224
2023-05-08,TPEx,6185,幃翔,19.75,20.70,19.75,20.50,+0.95,2720204,55210930,1562
2023-05-08,TPEx,6186,新潤,45.00,45.00,44.40,44.80,0.00,289955,12947825,196
2023-05-08,TPEx,6187,萬潤,62.00,62.00,61.10,61.10,-0.50,115879,7106260,124
2023-05-08,TPEx,6188,廣明,53.70,54.70,53.60,54.30,+0.70,1053486,57181378,856
2023-05-08,TPEx,6190,萬泰科,32.95,33.05,32.65,32.65,+0.05,756990,24854137,415
2023-05-08,TPEx,6194,育富,25.80,26.10,25.30,25.30,-0.80,338200,8624356,303
2023-05-08,TPEx,6195,詩肯,46.75,46.75,46.35,46.60,-0.15,14634,681343,34
2023-05-08,TPEx,6198,瑞築,21.70,21.70,21.20,21.45,-0.25,36001,771321,25
2023-05-08,TPEx,6199,天品,18.50,18.60,18.40,18.60,0.00,14000,258850,13
2023-05-08,TPEx,6203,海韻電,74.80,75.80,74.10,74.10,-0.60,594946,44411428,565
2023-05-08,TPEx,6204,艾華,56.70,56.80,56.40,56.40,-0.20,31086,1758323,25
2023-05-08,TPEx,6207,雷科,27.75,27.85,27.75,27.80,+0.05,36887,1024552,66
2023-05-08,TPEx,6208,日揚,52.80,54.50,52.50,54.20,-0.30,227338,12207355,293
2023-05-08,TPEx,6210,慶生,35.55,35.55,35.25,35.40,-0.30,11001,389885,12
2023-05-08,TPEx,6212,理銘,47.70,48.30,47.65,48.30,-0.05,3010,144133,5
2023-05-08,TPEx,6217,中探針,43.30,43.50,42.90,43.15,0.00,475107,20466015,371
2023-05-08,TPEx,6218,豪勉,27.50,27.70,26.25,26.35,-0.65,2529646,67764022,1660
2023-05-08,TPEx,6219,富旺,11.20,11.30,11.10,11.30,+0.10,978110,10977393,238
2023-05-08,TPEx,6220,岳豐,28.05,28.15,27.50,27.65,-0.40,1029240,28528220,654
2023-05-08,TPEx,6221,晉泰,64.70,65.00,64.20,64.20,-0.10,15778,1019392,48
2023-05-08,TPEx,6222,上揚,14.50,14.50,14.00,14.40,-0.60,26142,377731,22
2023-05-08,TPEx,6223,旺矽,136.50,137.50,134.50,134.50,0.00,1944495,263953918,1491
2023-05-08,TPEx,6227,茂綸,49.80,49.80,49.40,49.50,+0.05,133390,6608506,128
2023-05-08,TPEx,6228,全譜,13.00,13.20,12.90,13.00,+0.30,16999,221836,18
2023-05-08,TPEx,6229,研通,27.95,28.20,27.95,28.00,+0.15,47091,1322403,56
2023-05-08,TPEx,6231,系微,123.00,127.00,123.00,124.00,+2.00,851833,106466920,732
2023-05-08,TPEx,6233,旺玖,26.30,26.60,25.85,25.85,-0.20,221341,5777805,192
2023-05-08,TPEx,6234,高僑,39.25,39.50,37.60,37.80,-0.65,5561519,214158203,3392
2023-05-08,TPEx,6236,康呈,,,,,,1,23,1
2023-05-08,TPEx,6237,驊訊,43.95,44.10,43.05,43.05,-0.40,179359,7798811,221
2023-05-08,TPEx,6240,松崗,23.70,23.70,22.90,23.15,+0.25,25010,580376,31
2023-05-08,TPEx,6241,易通展,16.60,16.90,15.75,16.10,-0.50,420505,6774194,296
2023-05-08,TPEx,6242,立康,79.50,81.50,78.70,81.10,+1.60,179170,14421810,273
2023-05-08,TPEx,6244,茂迪,38.85,38.85,38.05,38.30,-0.20,9725674,372943593,5298
2023-05-08,TPEx,6245,立端,118.50,120.00,115.00,117.00,+1.50,10025202,1173353041,6410
2023-05-08,TPEx,6246,臺龍,13.90,13.90,13.85,13.85,-0.05,2820,38695,16
2023-05-08,TPEx,6248,沛波,31.85,32.65,31.20,31.25,-2.45,5044658,160163132,2515
2023-05-08,TPEx,6259,百徽,,,,,,311,7013,18
2023-05-08,TPEx,6261,久元,65.20,65.50,65.00,65.00,0.00,96701,6301048,95
2023-05-08,TPEx,6263,普萊德,128.00,131.50,127.00,131.50,+3.50,282002,36658311,284
2023-05-08,TPEx,6264,富裔,7.75,7.75,7.45,7.48,-0.01,112000,839050,55
2023-05-08,TPEx,6265,方土昶,10.40,10.55,10.30,10.35,-0.10,136464,1420872,107
2023-05-08,TPEx,6266,泰詠,41.80,42.50,41.50,42.25,+0.50,2044054,86244099,1368
2023-05-08,TPEx,6270,倍微,22.70,22.90,22.70,22.90,+0.20,43404,990634,47
2023-05-08,TPEx,6274,台燿,69.80,69.80,67.60,67.70,-1.30,4317824,296602468,3998
2023-05-08,TPEx,6275,元山,37.10,39.95,36.50,39.95,+3.20,6357196,247241761,2828
2023-05-08,TPEx,6276,安鈦克,27.10,27.10,27.10,27.10,+2.45,394815,10699481,185
2023-05-08,TPEx,6279,胡連,141.00,141.50,138.50,138.50,-1.00,525644,73321098,468
2023-05-08,TPEx,6284,佳邦,57.50,57.80,56.40,56.70,-0.30,399446,22704487,318
2023-05-08,TPEx,6287,元隆,23.25,23.25,23.20,23.20,+0.20,3500,81150,6
2023-05-08,TPEx,6290,良維,61.50,62.00,60.40,60.60,-0.10,2474495,151414136,1453
2023-05-08,TPEx,6291,沛亨,168.00,182.50,168.00,168.50,0.00,229548,40050285,301
2023-05-08,TPEx,6292,迅德,45.40,45.40,44.50,45.35,-0.05,89738,4041361,78
2023-05-08,TPEx,6294,智基,109.50,109.50,108.50,108.50,-0.50,19827,2158773,52
2023-05-08,TPEx,6404,通訊-KY,22.80,22.80,21.75,22.45,+0.85,3103,69234,13
2023-05-08,TPEx,6411,晶焱,110.00,110.00,107.00,107.00,-1.00,458554,49783641,572
2023-05-08,TPEx,6417,韋僑,165.50,168.00,159.00,159.00,-6.50,912258,148609266,803
2023-05-08,TPEx,6418,詠昇,20.45,20.45,20.00,20.00,+0.05,270970,5455491,175
2023-05-08,TPEx,6419,京晨科,33.40,33.40,31.90,31.95,-0.50,13029,420030,21
2023-05-08,TPEx,6425,易發,21.70,22.00,21.65,21.80,+0.30,68001,1479721,38
2023-05-08,TPEx,6432,今展科,38.80,38.90,37.35,37.65,-0.45,1054444,40239373,727
2023-05-08,TPEx,6435,大中,106.00,106.50,105.00,106.00,+0.50,122621,12979191,122
2023-05-08,TPEx,6441,廣錠,56.60,58.00,56.30,57.10,+2.50,622396,35627282,477
2023-05-08,TPEx,6446,藥華藥,371.00,377.00,362.50,363.50,-21.50,5113322,1884448604,7450
2023-05-08,TPEx,6457,紘康,54.20,54.20,53.30,53.40,-0.70,52346,2809139,59
2023-05-08,TPEx,6461,益得,35.05,35.10,34.55,34.65,-0.50,546397,18973911,454
2023-05-08,TPEx,6462,神盾,83.70,84.10,83.00,83.00,-0.50,63164,5279373,68
2023-05-08,TPEx,6465,威潤,23.00,23.80,22.50,22.60,-1.90,396509,9117310,346
2023-05-08,TPEx,6469,大樹,420.00,434.50,420.00,434.50,+16.50,546869,233741112,1225
2023-05-08,TPEx,6470,宇智,65.60,65.70,63.50,63.50,-1.60,959261,61777213,823
2023-05-08,TPEx,6472,保瑞,840.00,842.00,780.00,780.00,-52.00,3776817,3050460291,6055
2023-05-08,TPEx,6482,弘煜科,47.00,47.60,47.00,47.60,+1.15,6082,286616,9
2023-05-08,TPEx,6485,點序,100.50,106.00,100.50,104.00,+4.00,1594411,165730421,1546
2023-05-08,TPEx,6486,互動,72.30,72.90,72.30,72.60,+0.50,81464,5913623,147
2023-05-08,TPEx,6488,環球晶,483.00,484.00,479.00,479.50,+0.50,1016380,488851559,1486
2023-05-08,TPEx,6492,生華科,52.50,52.50,51.00,51.00,-1.40,117303,6043963,195
2023-05-08,TPEx,6494,九齊,70.30,71.30,70.30,70.60,+0.60,98477,6960195,80
2023-05-08,TPEx,6496,科懋,36.10,36.30,35.25,35.25,-0.70,186139,6639926,171
2023-05-08,TPEx,6499,益安,59.60,60.30,59.10,59.50,-0.10,280126,16757158,286
2023-05-08,TPEx,6506,雙邦,19.60,19.60,19.55,19.60,-0.05,20070,393120,16
2023-05-08,TPEx,6508,惠光,39.00,39.10,38.80,38.90,-0.05,93629,3639701,130
2023-05-08,TPEx,6509,聚和,44.90,45.15,44.15,44.15,-0.35,426492,18960270,347
2023-05-08,TPEx,6510,精測,477.50,485.50,475.50,483.50,+10.00,135473,65134486,224
2023-05-08,TPEx,6512,啟發電,20.85,20.85,19.40,19.85,-1.00,178758,3553204,415
2023-05-08,TPEx,6514,芮特-KY,58.20,58.20,57.30,58.10,+2.10,31126,1805284,34
2023-05-08,TPEx,6516,勤崴國際,97.10,98.40,94.60,95.30,-3.90,479105,46333741,497
2023-05-08,TPEx,6517,保勝光學,147.00,153.50,144.00,148.00,+4.50,1643822,244560380,1424
2023-05-08,TPEx,6523,達爾膚,146.00,147.50,143.00,146.00,+2.00,822652,119355494,765
2023-05-08,TPEx,6527,明達醫,96.50,99.10,92.30,93.30,-5.70,1342695,127307123,1311
2023-05-08,TPEx,6530,創威,27.00,27.00,26.85,26.95,-0.05,93018,2505678,53
2023-05-08,TPEx,6532,瑞耘,55.20,55.40,53.80,53.80,-5.90,2311646,124774169,1651
2023-05-08,TPEx,6535,順藥,44.70,45.60,44.10,44.70,+0.05,507580,22741303,363
2023-05-08,TPEx,6538,倉和,110.00,119.50,110.00,119.50,+10.50,2605654,305285440,1702
2023-05-08,TPEx,6542,隆中,44.85,44.85,44.50,44.50,-0.35,8096,361025,11
2023-05-08,TPEx,6546,正基,83.30,83.30,82.50,83.00,0.00,119034,9859084,121
2023-05-08,TPEx,6547,高端疫苗,65.80,66.70,63.60,63.60,-1.90,3030666,196050653,2237
2023-05-08,TPEx,6548,長科*,41.90,42.00,41.35,41.35,+0.50,1066028,44490266,889
2023-05-08,TPEx,6556,勝品,133.00,135.00,130.50,132.00,+2.50,91273,12110738,102
2023-05-08,TPEx,6560,欣普羅,35.45,35.45,35.30,35.30,-0.15,22123,782602,30
2023-05-08,TPEx,6561,是方,381.50,383.00,377.00,380.00,-2.50,84680,32200151,136
2023-05-08,TPEx,6568,宏觀,180.50,182.00,176.50,176.50,-1.50,325218,58172865,315
2023-05-08,TPEx,6569,醫揚,110.00,110.00,108.50,110.00,+1.00,18529,2021140,22
2023-05-08,TPEx,6570,維田,63.00,63.60,62.60,63.40,+0.90,175606,11076323,180
2023-05-08,TPEx,6574,霈方,65.30,67.10,65.30,65.80,+0.50,13048,861612,18
2023-05-08,TPEx,6576,逸達,92.90,93.30,91.50,91.50,+0.10,464600,42890080,396
2023-05-08,TPEx,6577,勁豐,67.40,67.50,66.60,66.60,0.00,16210,1088946,31
2023-05-08,TPEx,6578,達邦蛋白,18.40,18.55,18.05,18.10,+0.05,272319,4985827,181
2023-05-08,TPEx,6588,東典光電,30.90,30.90,30.00,30.60,+0.45,15016,455179,30
2023-05-08,TPEx,6589,台康生技,128.50,129.50,124.50,125.00,-2.50,7802000,991399535,7002
2023-05-08,TPEx,6590,普鴻,95.90,104.50,95.10,104.50,+8.20,573474,56894066,540
2023-05-08,TPEx,6593,台灣銘板,56.00,56.00,54.40,54.50,-0.80,49264,2696677,62
2023-05-08,TPEx,6596,寬宏藝術,51.50,51.70,49.30,49.45,-0.55,246425,12426046,284
2023-05-08,TPEx,6603,富強鑫,17.05,17.10,16.95,17.05,0.00,309149,5264728,179
2023-05-08,TPEx,6609,瀧澤科,37.90,38.15,37.90,37.95,+0.10,82654,3144955,74
2023-05-08,TPEx,6612,奈米醫材,185.50,191.50,181.00,181.50,-3.50,1124445,209638554,1142
2023-05-08,TPEx,6613,朋億*,99.70,99.80,99.00,99.50,-0.20,79945,7948645,86
2023-05-08,TPEx,6615,慧智,39.50,42.65,39.50,42.65,+3.85,104311,4383702,102
2023-05-08,TPEx,6616,特昇-KY,14.45,14.50,14.35,14.35,0.00,10000,143850,9
2023-05-08,TPEx,6624,萬年清,43.10,43.50,42.50,43.50,+0.50,17000,729200,17
2023-05-08,TPEx,6629,泰金-KY,,,,,,27,1215,1
2023-05-08,TPEx,6640,均華,88.00,88.00,88.00,88.00,+0.40,4321,380562,12
2023-05-08,TPEx,6642,富致,52.80,52.80,52.40,52.50,-0.40,6078,319409,7
2023-05-08,TPEx,6643,M31,644.00,645.00,619.00,625.00,-5.00,1955837,1237877550,2188
2023-05-08,TPEx,6649,台生材,41.00,41.50,40.10,40.25,-0.35,66481,2691385,92
2023-05-08,TPEx,6651,全宇昕,82.20,82.90,82.00,82.40,+0.10,40551,3337943,128
2023-05-08,TPEx,6654,天正國際,50.00,50.00,50.00,50.00,0.00,5012,250590,7
2023-05-08,TPEx,6661,威健生技,22.70,23.55,22.70,23.55,+0.35,3002,68993,3
2023-05-08,TPEx,6662,樂斯科,30.70,31.45,30.70,31.00,0.00,7000,217000,5
2023-05-08,TPEx,6664,群翊,113.50,113.50,113.00,113.00,0.00,100494,11371173,116
2023-05-08,TPEx,6667,信紘科,70.80,71.20,70.50,70.70,+0.40,94718,6708889,150
2023-05-08,TPEx,6679,鈺太,292.50,297.00,290.50,293.00,+5.50,282937,83348181,318
2023-05-08,TPEx,6680,鑫創電子,,,,,,10,760,1
2023-05-08,TPEx,6683,雍智科技,192.00,192.50,189.00,190.00,-2.00,108904,20712899,194
2023-05-08,TPEx,6684,安格,46.45,46.50,45.75,45.80,+0.10,69256,3183962,160
2023-05-08,TPEx,6690,安碁資訊,194.00,208.50,194.00,206.50,+16.00,1872436,381261237,2106
2023-05-08,TPEx,6693,廣閎科,66.10,68.70,65.80,68.00,+1.20,71705,4788588,79
2023-05-08,TPEx,6697,東捷資訊,45.00,45.20,43.70,44.30,+0.20,127158,5642041,122
2023-05-08,TPEx,6703,軒郁,195.00,195.50,188.00,190.50,-1.50,283197,54065558,476
2023-05-08,TPEx,6708,天擎,49.00,49.45,48.65,48.70,0.00,31571,1548804,35
2023-05-08,TPEx,6712,長聖,223.00,224.00,219.00,219.00,-3.00,901479,199278147,3047
2023-05-08,TPEx,6716,應廣,102.50,110.50,102.50,110.50,+10.00,74720,8134811,93
2023-05-08,TPEx,6721,信實,50.90,51.10,50.80,50.80,-0.40,22572,1149014,32
2023-05-08,TPEx,6727,亞泰金屬,66.80,66.80,66.30,66.40,+0.10,62385,4149075,98
2023-05-08,TPEx,6728,上洋,148.00,148.00,144.00,147.00,-3.00,122366,17877123,379
2023-05-08,TPEx,6732,昇佳電子,343.00,343.50,331.00,332.00,-3.00,909953,307012944,1000
2023-05-08,TPEx,6733,博晟生醫,40.40,40.45,39.45,40.00,-1.00,1433082,57346766,1012
2023-05-08,TPEx,6735,美達科技,54.90,55.00,54.30,55.00,+0.10,6037,331235,9
2023-05-08,TPEx,6741,91APP*-KY,154.00,157.50,151.00,156.00,+4.00,5412416,836106662,4185
2023-05-08,TPEx,6747,亨泰光,240.00,241.00,234.00,236.50,-3.50,231306,54939699,293
2023-05-08,TPEx,6751,智聯服務,124.00,131.50,124.00,130.00,+6.50,458803,59220659,558
2023-05-08,TPEx,6752,叡揚,183.00,184.00,176.00,177.50,-5.50,444498,79485433,592
2023-05-08,TPEx,6761,穩得,93.00,94.20,92.80,94.20,+1.20,72364,6765816,66
2023-05-08,TPEx,6762,達亞,244.00,244.00,244.00,244.00,-5.50,3002,732494,5
2023-05-08,TPEx,6763,綠界科技,595.00,624.00,592.00,610.00,+30.00,1354057,824680159,2260
2023-05-08,TPEx,6767,台微醫,44.50,44.90,44.30,44.60,+0.40,336996,15042990,242
2023-05-08,TPEx,6788,華景電,141.00,144.00,140.00,142.50,+3.00,748140,106396202,652
2023-05-08,TPEx,6791,虎門科技,124.00,134.50,124.00,134.00,+11.50,528893,70061142,590
2023-05-08,TPEx,6803,崑鼎,307.00,317.50,306.50,313.50,+7.00,108371,33683537,335
2023-05-08,TPEx,6804,明係,66.80,68.80,65.70,68.40,+1.90,397919,26693139,497
2023-05-08,TPEx,6811,宏碁資訊,285.00,296.50,283.50,290.00,+13.50,2290004,664726666,2195
2023-05-08,TPEx,6823,濾能,91.60,92.00,91.60,92.00,0.00,4120,377840,8
2023-05-08,TPEx,6829,千附精密,142.00,142.50,138.00,140.00,-0.50,2280540,319447506,1796
2023-05-08,TPEx,6840,東研信超,81.70,81.70,81.40,81.40,-0.30,21205,1726753,24
2023-05-08,TPEx,6841,長佳智能,105.00,106.00,102.00,102.00,-3.00,1032261,106336734,1040
2023-05-08,TPEx,6843,進典,72.30,72.60,69.60,72.30,0.00,157853,11249896,143
2023-05-08,TPEx,6855,數泓科,87.00,87.50,87.00,87.00,0.00,30011,2613857,23
2023-05-08,TPEx,6859,伯特光,141.00,146.50,139.50,144.50,+6.00,187505,26889972,196
2023-05-08,TPEx,6865,偉康科技,100.00,100.00,98.30,98.30,-1.70,66699,6649367,66
2023-05-08,TPEx,6874,倍力,165.00,172.50,165.00,171.00,+6.00,126530,21580135,203
2023-05-08,TPEx,7402,邑錡,71.70,73.80,69.50,69.80,+0.60,1505913,108053971,1185
2023-05-08,TPEx,7556,意德士,100.50,100.50,99.60,99.60,-0.90,5020,501220,7
2023-05-08,TPEx,8024,佑華,24.20,24.40,23.95,23.95,-0.15,62165,1496016,74
2023-05-08,TPEx,8027,鈦昇,49.70,49.70,45.45,46.45,-3.85,1445831,68069544,934
2023-05-08,TPEx,8032,光菱,31.15,31.25,31.05,31.05,-0.05,21005,653954,14
2023-05-08,TPEx,8034,榮群,16.60,17.10,16.40,16.45,+0.10,612561,10199190,333
2023-05-08,TPEx,8038,長園科,54.20,54.20,52.60,52.60,-1.10,1311930,70039977,1476
2023-05-08,TPEx,8040,九暘,45.90,46.20,45.00,45.00,-0.65,239327,10888309,190
2023-05-08,TPEx,8042,金山電,40.30,41.45,40.25,40.25,+0.20,98906,4046371,122
2023-05-08,TPEx,8043,蜜望實,28.90,28.90,28.50,28.55,-0.25,184793,5298202,148
2023-05-08,TPEx,8044,網家,55.90,56.80,55.20,56.30,+1.20,557556,31264739,500
2023-05-08,TPEx,8047,星雲,11.85,12.05,11.80,11.80,+0.05,15674,185667,16
2023-05-08,TPEx,8048,德勝,41.30,41.30,40.50,40.50,+0.50,118823,4840668,117
2023-05-08,TPEx,8049,晶采,38.60,38.60,38.20,38.20,-0.20,943209,36171785,542
2023-05-08,TPEx,8050,廣積,79.70,79.70,78.00,78.70,-0.30,1672214,131647320,1235
2023-05-08,TPEx,8054,安國,32.40,32.70,32.20,32.45,+0.65,276717,9004220,225
2023-05-08,TPEx,8059,凱碩,13.35,13.65,13.25,13.25,-0.20,227461,3029079,112
2023-05-08,TPEx,8064,東捷,19.85,19.85,19.60,19.65,+0.05,276497,5449003,154
2023-05-08,TPEx,8066,來思達,27.70,28.00,27.65,27.80,0.00,7008,194574,15
2023-05-08,TPEx,8067,志旭,14.95,15.25,14.65,14.65,+0.15,14000,209250,10
2023-05-08,TPEx,8068,全達,31.80,32.55,31.00,31.65,-0.10,305167,9642939,207
2023-05-08,TPEx,8069,元太,199.00,200.50,190.50,192.50,-5.50,24280634,4708930158,33542
2023-05-08,TPEx,8071,能率網通,15.10,15.10,14.90,14.90,-0.10,38100,569407,40
2023-05-08,TPEx,8074,鉅橡,21.25,21.75,20.85,21.30,0.00,226195,4843409,174
2023-05-08,TPEx,8076,伍豐,29.60,29.90,29.50,29.65,+0.25,1232311,36591293,688
2023-05-08,TPEx,8077,洛碁,,,,,,0,0,0
2023-05-08,TPEx,8080,永利聯合,10.90,10.90,10.90,10.90,0.00,1361,14871,3
2023-05-08,TPEx,8083,瑞穎,146.00,146.50,145.50,146.00,-0.50,41335,6026957,40
2023-05-08,TPEx,8084,巨虹,108.50,110.00,103.50,103.50,-4.00,676691,71473289,593
2023-05-08,TPEx,8085,福華,36.50,36.50,33.90,35.00,+1.35,14211039,498876870,5937
2023-05-08,TPEx,8086,宏捷科,80.90,81.70,80.90,81.00,+0.90,1151159,93513263,994
2023-05-08,TPEx,8087,華鎂鑫,33.30,34.10,33.30,34.00,+0.15,82330,2795047,74
2023-05-08,TPEx,8088,品安,32.95,33.20,32.70,32.80,+0.20,1493901,49114319,736
2023-05-08,TPEx,8089,康全電訊,22.90,22.90,22.55,22.60,-0.30,43022,973079,33
2023-05-08,TPEx,8091,翔名,101.50,102.50,100.50,101.00,+0.50,863958,87730083,662
2023-05-08,TPEx,8092,建暐,11.90,11.90,11.80,11.85,-0.05,35000,414750,22
2023-05-08,TPEx,8093,保銳,18.90,19.10,18.50,18.50,-0.40,792776,14826923,549
2023-05-08,TPEx,8096,擎亞,11.50,11.50,11.30,11.30,-0.15,174908,1991685,161
2023-05-08,TPEx,8097,常珵,48.00,49.10,48.00,48.85,+0.90,883319,43041172,585
2023-05-08,TPEx,8099,大世科,54.50,55.70,51.30,51.50,-2.90,4247991,228733709,2796
2023-05-08,TPEx,8107,大億金茂,17.10,17.25,16.80,17.00,-0.20,161897,2753544,89
2023-05-08,TPEx,8109,博大,87.80,88.20,87.60,87.90,+0.20,57510,5054447,71
2023-05-08,TPEx,8111,立碁,22.40,22.40,21.80,21.80,-0.40,551839,12160440,388
2023-05-08,TPEx,8121,越峰,31.70,32.45,31.25,31.50,-0.15,1786846,56453273,1145
2023-05-08,TPEx,8147,正淩,63.10,63.10,61.50,61.80,-1.30,122323,7595241,105
2023-05-08,TPEx,8155,博智,151.00,152.50,148.00,149.00,+1.00,906884,136403487,899
2023-05-08,TPEx,8171,天宇,56.90,56.90,55.80,55.90,+0.20,497702,27948878,391
2023-05-08,TPEx,8176,智捷,11.05,11.05,10.90,10.95,-0.15,134992,1475369,137
2023-05-08,TPEx,8182,加高,30.45,30.45,30.10,30.10,-0.15,32115,967361,30
2023-05-08,TPEx,8183,精星,54.70,55.10,54.10,54.20,-0.10,463585,25286850,358
2023-05-08,TPEx,8227,巨有科技,181.00,181.00,175.00,175.00,-4.00,165326,29269122,219
2023-05-08,TPEx,8234,新漢,39.00,39.40,38.50,39.25,+0.50,451536,17577279,309
2023-05-08,TPEx,8240,華宏,30.25,30.25,29.95,30.00,+0.05,90173,2715938,64
2023-05-08,TPEx,8255,朋程,174.50,176.50,173.50,174.50,+1.00,395200,69173233,366
2023-05-08,TPEx,8277,商丞,9.85,9.90,9.85,9.90,+0.05,67079,661850,61
2023-05-08,TPEx,8279,生展,185.00,186.00,183.50,185.00,+3.00,34940,6464291,63
2023-05-08,TPEx,8284,三竹,68.80,69.60,68.60,68.90,+0.10,49166,3391627,52
2023-05-08,TPEx,8289,泰藝,43.50,43.50,42.75,43.00,-0.25,299939,12923889,273
2023-05-08,TPEx,8291,尚茂,5.91,5.91,5.91,5.91,-0.59,2000,11820,2
2023-05-08,TPEx,8299,群聯,386.00,397.50,385.00,395.00,+12.50,2799291,1100537348,2905
2023-05-08,TPEx,8342,益張,57.50,57.70,57.50,57.70,+0.10,14500,834796,23
2023-05-08,TPEx,8349,恒耀,63.80,65.60,63.80,65.00,+0.70,359734,23321770,183
2023-05-08,TPEx,8349A,恒耀甲特,45.60,45.60,45.60,45.60,-0.05,1000,45600,1
2023-05-08,TPEx,8354,冠好,14.25,14.30,14.25,14.30,0.00,40435,578022,182
2023-05-08,TPEx,8358,金居,55.70,56.50,54.80,55.60,+0.10,4664251,259642774,3237
2023-05-08,TPEx,8383,千附,44.00,44.20,43.80,43.80,-0.20,501780,22031880,408
2023-05-08,TPEx,8390,金益鼎,46.10,46.10,43.55,43.60,-3.55,4404937,195251005,7518
2023-05-08,TPEx,8401,白紗科,21.45,21.50,21.35,21.45,0.00,61955,1327620,81
2023-05-08,TPEx,8403,盛弘,45.55,45.90,43.80,45.30,+0.30,10194301,459080874,5646
2023-05-08,TPEx,8409,商之器,23.90,24.25,23.75,23.90,+0.30,100540,2414499,91
2023-05-08,TPEx,8410,森田,30.20,30.65,30.20,30.60,0.00,72000,2200800,18
2023-05-08,TPEx,8415,大國鋼,35.40,35.95,35.40,35.90,+0.25,141886,5077950,133
2023-05-08,TPEx,8416,實威,145.00,153.00,143.00,147.00,+3.50,114607,17065348,175
2023-05-08,TPEx,8418,捷必勝-KY,9.89,9.90,9.83,9.85,+0.05,13000,128570,9
2023-05-08,TPEx,8420,明揚,92.70,93.70,91.60,92.70,+1.40,903572,83778504,719
2023-05-08,TPEx,8421,旭源,15.95,16.00,15.90,16.00,+0.15,130665,2086693,91
2023-05-08,TPEx,8423,保綠-KY,20.00,20.00,20.00,20.00,-0.10,6146,123058,9
2023-05-08,TPEx,8424,惠普,70.50,70.90,70.40,70.90,+0.30,3005,212159,4
2023-05-08,TPEx,8426,紅木-KY,48.90,48.90,47.30,48.05,0.00,129653,6219268,132
2023-05-08,TPEx,8431,匯鑽科,60.70,60.80,59.70,60.00,-0.70,93028,5590499,79
2023-05-08,TPEx,8432,東生華,46.65,46.65,45.80,46.10,-0.20,10000,459950,9
2023-05-08,TPEx,8433,弘帆,71.00,72.40,71.00,71.40,+0.40,97474,6993051,104
2023-05-08,TPEx,8435,鉅邁,61.90,61.90,61.70,61.70,-0.20,5349,330976,44
2023-05-08,TPEx,8436,大江,214.00,214.00,207.00,207.50,-6.50,1394472,292544567,1841
2023-05-08,TPEx,8437,大地-KY,109.00,109.50,109.00,109.50,0.00,13947,1529943,126
2023-05-08,TPEx,8440,綠電,45.05,45.70,44.90,44.90,-0.05,271841,12258022,240
2023-05-08,TPEx,8444,綠河-KY,54.00,55.00,54.00,55.00,+1.00,4111,223466,10
2023-05-08,TPEx,8446,華研,91.90,92.90,91.60,92.60,+0.10,170887,15785975,259
2023-05-08,TPEx,8450,霹靂,25.80,25.80,25.25,25.25,-0.40,40987,1043583,59
2023-05-08,TPEx,8455,大拓-KY,21.60,22.35,21.60,22.35,+0.55,2000,43950,2
2023-05-08,TPEx,8472,夠麻吉,,,,,,0,0,0
2023-05-08,TPEx,8476,台境,73.50,76.80,73.40,75.80,+2.80,1634756,123122884,1182
2023-05-08,TPEx,8477,創業家,17.60,17.60,17.30,17.40,+0.05,23264,405353,25
2023-05-08,TPEx,8489,三貝德,23.95,23.95,23.55,23.60,0.00,47019,1110787,44
2023-05-08,TPEx,8905,裕國,25.35,25.45,25.35,25.35,0.00,43400,1102724,68
2023-05-08,TPEx,8906,花王,17.80,17.80,17.70,17.70,-0.10,32000,567150,25
2023-05-08,TPEx,8908,欣雄,71.30,71.60,71.20,71.40,+0.20,55729,3978153,80
2023-05-08,TPEx,8916,光隆,53.50,53.50,53.10,53.20,-0.30,233847,12454376,233
2023-05-08,TPEx,8916A,光隆甲特,52.90,53.00,52.90,53.00,0.00,4000,211800,3
2023-05-08,TPEx,8917,欣泰,67.50,67.90,67.50,67.90,+0.90,4601,311984,14
2023-05-08,TPEx,8921,沈氏,,,,,,1,13,1
2023-05-08,TPEx,8923,時報,20.30,20.35,20.30,20.35,0.00,2000,40650,2
2023-05-08,TPEx,8924,大田,117.00,117.00,116.00,116.50,0.00,425477,49596019,414
2023-05-08,TPEx,8927,北基,45.00,45.40,44.65,45.05,+0.40,843535,38053812,488
2023-05-08,TPEx,8928,鉅明,38.30,38.50,38.20,38.30,+0.10,76352,2924226,62
2023-05-08,TPEx,8929,富堡,22.80,22.80,22.25,22.25,+0.15,10214,229751,68
2023-05-08,TPEx,8930,青鋼,19.40,19.50,18.95,19.30,+0.35,3681434,70575842,1620
2023-05-08,TPEx,8931,大汽電,74.60,77.80,74.50,75.00,+0.40,636066,48402886,589
2023-05-08,TPEx,8932,宏大,51.50,54.50,50.80,54.30,+2.10,738668,38725021,621
2023-05-08,TPEx,8933,愛地雅,12.00,12.10,11.85,11.85,-0.05,650949,7762250,712
2023-05-08,TPEx,8935,邦泰,12.30,12.30,12.20,12.20,0.00,89017,1088065,56
2023-05-08,TPEx,8936,國統,28.50,28.50,27.90,27.90,-0.90,4424130,124343647,2608
2023-05-08,TPEx,8937,合騏,17.40,18.45,17.40,18.20,+0.80,689266,12502547,305
2023-05-08,TPEx,8938,明安,89.40,89.40,88.30,88.80,-0.10,314560,27897271,413
2023-05-08,TPEx,8941,關中,58.00,58.00,57.00,57.20,-1.10,76854,4396700,93
2023-05-08,TPEx,8942,森鉅,70.00,70.00,68.80,69.50,+1.80,814953,56686207,570
2023-05-08,TPEx,9949,琉園,17.25,17.25,16.40,16.40,-0.85,266546,4435814,585
2023-05-08,TPEx,9950,萬國通,12.20,12.30,12.20,12.30,+0.30,8230,100860,10
2023-05-08,TPEx,9951,皇田,73.50,73.50,72.20,72.20,-0.20,75139,5475880,182
2023-05-08,TPEx,9960,邁達康,30.30,31.65,30.00,31.10,+0.80,175915,5443183,162
2023-05-08,TPEx,9962,有益,20.60,21.20,20.55,20.90,+0.60,3994449,83660881,1912
