date,market,code,name,open,high,low,close,change,volume,value,transactions
2023-04-25,TWSE,0050,元大台灣50,118.30,118.30,116.55,116.60,-1.55,21039325,2465027235,50500
2023-04-25,TWSE,0051,元大中型100,57.35,57.35,56.20,56.35,-1.00,71133,4022309,271
2023-04-25,TWSE,0052,富邦科技,101.25,101.25,99.20,99.30,-1.65,485085,48486678,1206
2023-04-25,TWSE,0053,元大電子,58.50,58.60,58.00,58.00,-0.90,6449,375122,998
2023-04-25,TWSE,0055,元大MSCI金融,22.36,22.45,22.25,22.26,-0.07,77309,1727955,220
2023-04-25,TWSE,0056,元大高股息,28.30,28.33,27.74,27.80,-0.47,60846403,1697337367,47004
2023-04-25,TWSE,0057,富邦摩台,85.60,85.60,84.60,84.60,-1.15,4742,403512,984
2023-04-25,TWSE,0061,元大寶滬深,19.05,19.07,18.72,18.72,-0.35,267360,5040725,756
2023-04-25,TWSE,006203,元大MSCI台灣,56.80,56.80,56.00,56.00,-1.30,31206,1754888,515
2023-04-25,TWSE,006204,永豐臺灣加權,77.50,77.50,77.35,77.35,-1.15,28794,2227990,929
2023-04-25,TWSE,006205,富邦上証,31.75,31.81,31.49,31.50,-0.36,1277574,40392910,479
2023-04-25,TWSE,006206,元大上證50,30.03,30.03,29.64,29.84,-0.18,577961,17265383,1074
2023-04-25,TWSE,006207,復華滬深,24.85,24.85,24.58,24.58,-0.37,275772,6806585,1046
2023-04-25,TWSE,006208,富邦台50,68.45,68.45,67.55,67.60,-0.85,10337913,701820978,23050
2023-04-25,TWSE,00625K,富邦上証+R,,,,,0.00,0,0,0
2023-04-25,TWSE,00631L,元大台灣50正2,113.85,113.85,110.05,110.20,-3.60,5048868,563086650,6641
2023-04-25,TWSE,00632R,元大台灣50反1,5.28,5.37,5.28,5.36,0.07,174941458,934201216,10234
2023-04-25,TWSE,00633L,富邦上証正2,37.47,37.67,36.98,37.19,-0.41,9416537,350979285,2182
2023-04-25,TWSE,00634R,富邦上証反1,4.51,4.54,4.51,4.53,0.02,540000,2442030,32
2023-04-25,TWSE,00635U,期元大S&P黃金,25.25,25.28,25.17,25.19,0.17,309304,7804574,153
2023-04-25,TWSE,00636,國泰中國A50,21.26,21.29,21.06,21.12,-0.14,2536563,53668954,1142
2023-04-25,TWSE,00636K,國泰中國A50+U,6.92,6.92,6.92,6.92,-0.04,200,1384,2
2023-04-25,TWSE,00637L,元大滬深300正2,14.75,14.86,14.58,14.65,-0.18,77732462,1143759516,8932
2023-04-25,TWSE,00638R,元大滬深300反1,9.54,9.59,9.52,9.56,0.04,411676,3932322,67
2023-04-25,TWSE,00639,富邦深100,12.63,12.63,12.39,12.40,-0.23,1889444,23542668,1624
2023-04-25,TWSE,00640L,富邦日本正2,31.93,32.05,31.70,31.71,0.12,283422,9015604,84
2023-04-25,TWSE,00641R,富邦日本反1,9.03,9.07,9.01,9.07,-0.02,1202277,10873173,243
2023-04-25,TWSE,00642U,期元大S&P石油,16.66,16.70,16.61,16.63,0.35,2306032,38413431,800
2023-04-25,TWSE,00643,群益深証中小,14.75,14.81,14.40,14.42,-0.37,1111182,16121096,414
2023-04-25,TWSE,00643K,群益深証中小+R,,,,,0.00,0,0,0
2023-04-25,TWSE,00645,富邦日本,27.58,27.64,27.46,27.48,0.02,55434,1527243,614
2023-04-25,TWSE,00646,元大S&P500,39.00,39.13,38.98,38.98,-0.02,787233,30729226,640
2023-04-25,TWSE,00647L,元大S&P500正2,55.90,55.95,55.60,55.60,0.10,280346,15651671,102
2023-04-25,TWSE,00648R,元大S&P500反1,7.07,7.09,7.06,7.08,-0.01,7703300,54546963,217
2023-04-25,TWSE,00650L,復華香港正2,13.17,13.24,12.76,12.76,-0.39,8725024,112986539,1490
2023-04-25,TWSE,00651R,復華香港反1,8.42,8.53,8.39,8.53,0.11,1548000,13111690,109
2023-04-25,TWSE,00652,富邦印度,29.10,29.20,29.10,29.16,0.22,250193,7293361,251
2023-04-25,TWSE,00653L,富邦印度正2,41.96,41.96,41.67,41.86,0.54,423503,17712866,144
2023-04-25,TWSE,00654R,富邦印度反1,8.11,8.11,8.09,8.11,-0.06,153000,1239130,27
2023-04-25,TWSE,00655L,國泰中國A50正2,26.38,26.58,26.05,26.22,-0.30,3173186,83466644,817
2023-04-25,TWSE,00656R,國泰中國A50反1,8.53,8.56,8.50,8.55,0.05,171000,1458900,24
2023-04-25,TWSE,00657,國泰日經225,34.37,34.37,34.28,34.28,0.00,106911,3670739,918
2023-04-25,TWSE,00657K,國泰日經225+U,11.19,11.19,11.19,11.19,0.01,200,2238,2
2023-04-25,TWSE,00660,元大歐洲50,31.90,31.90,31.75,31.85,-0.05,5273,167354,833
2023-04-25,TWSE,00661,元大日經225,36.66,36.79,36.66,36.68,0.02,14002,513184,880
2023-04-25,TWSE,00662,富邦NASDAQ,50.95,51.15,50.85,50.85,-0.10,391996,19942912,290
2023-04-25,TWSE,00663L,國泰臺灣加權正2,104.50,104.50,101.80,101.80,-3.45,16056,1646211,14
2023-04-25,TWSE,00664R,國泰臺灣加權反1,5.96,6.07,5.96,6.05,0.09,10644949,64193884,733
2023-04-25,TWSE,00665L,富邦恒生國企正2,8.08,8.09,7.76,7.76,-0.29,36037676,284726979,4196
2023-04-25,TWSE,00666R,富邦恒生國企反1,14.74,15.00,14.70,15.00,0.26,416000,6203370,51
2023-04-25,TWSE,00668,國泰美國道瓊,37.70,37.71,37.64,37.65,0.15,23343,878366,990
2023-04-25,TWSE,00668K,國泰美國道瓊+U,12.28,12.28,12.28,12.28,0.04,200,2456,2
2023-04-25,TWSE,00669R,國泰美國道瓊反1,7.91,7.93,7.90,7.93,-0.02,9372246,74242281,469
2023-04-25,TWSE,00670L,富邦NASDAQ正2,65.05,65.15,64.65,64.65,-0.40,2453644,159008007,602
2023-04-25,TWSE,00671R,富邦NASDAQ反1,5.62,5.65,5.61,5.65,0.02,17999912,101414345,607
2023-04-25,TWSE,00673R,期元大S&P原油反1,8.49,8.53,8.47,8.52,-0.18,45956971,390212709,2696
2023-04-25,TWSE,00674R,期元大S&P黃金反1,11.91,11.94,11.89,11.92,-0.10,1442493,17176181,194
2023-04-25,TWSE,00675L,富邦臺灣加權正2,46.02,46.03,44.49,44.52,-1.46,1930176,86960489,2054
2023-04-25,TWSE,00676R,富邦臺灣加權反1,3.28,3.34,3.27,3.33,0.05,9493110,31475226,563
2023-04-25,TWSE,00678,群益那斯達克生技,26.37,26.37,26.19,26.19,-0.08,331411,8679965,965
2023-04-25,TWSE,00680L,元大美債20正2,11.89,11.98,11.89,11.96,0.26,20778531,248008252,6960
2023-04-25,TWSE,00681R,元大美債20反1,17.89,17.91,17.87,17.88,-0.19,208014,3718943,23
2023-04-25,TWSE,00682U,期元大美元指數,20.20,20.21,20.18,20.21,-0.10,95135,1921308,44
2023-04-25,TWSE,00683L,期元大美元指正2,20.81,20.85,20.76,20.84,-0.20,1464000,30465760,407
2023-04-25,TWSE,00684R,期元大美元指反1,16.28,16.28,16.28,16.28,0.05,4100,66746,3
2023-04-25,TWSE,00685L,群益臺灣加權正2,40.75,40.75,39.39,39.49,-1.19,522107,20944196,207
2023-04-25,TWSE,00686R,群益臺灣加權反1,3.56,3.62,3.55,3.61,0.05,1931000,6909170,74
2023-04-25,TWSE,00688L,國泰20年美債正2,11.80,11.91,11.80,11.91,0.30,3848436,45667147,538
2023-04-25,TWSE,00689R,國泰20年美債反1,18.55,18.55,18.55,18.55,-0.18,1000,18550,1
2023-04-25,TWSE,00690,兆豐藍籌30,27.26,27.26,26.84,26.84,-0.42,149316,4030165,834
2023-04-25,TWSE,00692,富邦公司治理,29.66,29.68,29.20,29.26,-0.37,3725423,109439698,4925
2023-04-25,TWSE,00693U,期街口S&P黃豆,26.23,26.23,26.19,26.20,-0.18,40000,1048180,23
2023-04-25,TWSE,00700,富邦恒生國企,12.60,12.70,12.47,12.49,-0.20,155173,1940517,843
2023-04-25,TWSE,00701,國泰股利精選30,23.14,23.20,22.98,22.98,-0.16,1432591,33049711,769
2023-04-25,TWSE,00702,國泰標普低波高息,20.82,20.88,20.82,20.85,0.06,162105,3378924,878
2023-04-25,TWSE,00703,台新MSCI中國,15.68,15.68,15.45,15.45,-0.40,72312,1122914,27
2023-04-25,TWSE,00706L,期元大S&P日圓正2,9.61,9.64,9.60,9.61,-0.01,1536176,14773040,159
2023-04-25,TWSE,00707R,期元大S&P日圓反1,,,,,0.00,0,0,0
2023-04-25,TWSE,00708L,期元大S&P黃金正2,28.50,28.59,28.35,28.41,0.41,907329,25853255,279
2023-04-25,TWSE,00709,富邦歐洲,25.45,25.54,25.45,25.47,0.05,44259,1127952,994
2023-04-25,TWSE,00710B,復華彭博非投等債,17.75,17.79,17.75,17.78,0.03,653688,11624564,129
2023-04-25,TWSE,00711B,復華彭博新興債,16.28,16.28,16.21,16.21,0.05,159856,2596639,680
2023-04-25,TWSE,00712,復華富時不動產,9.14,9.14,9.10,9.11,-0.04,12901766,117677987,5003
2023-04-25,TWSE,00713,元大台灣高息低波,40.52,40.58,40.00,40.02,-0.45,16179240,649950394,14932
2023-04-25,TWSE,00714,群益道瓊美國地產,18.21,18.21,18.14,18.15,-0.04,187124,3399347,142
2023-04-25,TWSE,00715L,期街口布蘭特正2,14.56,14.62,14.50,14.52,0.65,30535763,445007000,4033
2023-04-25,TWSE,00717,富邦美國特別股,14.64,14.66,14.63,14.63,-0.01,172823,2529963,530
2023-04-25,TWSE,00728,第一金工業30,22.89,22.89,22.47,22.47,-0.42,989128,22385619,785
2023-04-25,TWSE,00730,富邦臺灣優質高息,18.22,18.23,17.75,17.83,-0.39,608580,10906151,588
2023-04-25,TWSE,00731,復華富時高息低波,56.85,57.00,56.30,56.40,-0.45,1019625,57529829,183
2023-04-25,TWSE,00733,富邦臺灣中小,36.60,36.60,35.47,35.51,-1.26,293640,10501278,507
2023-04-25,TWSE,00735,國泰臺韓科技,26.13,26.13,25.74,25.74,-0.48,128013,3308685,861
2023-04-25,TWSE,00736,國泰新興市場,19.20,19.20,19.20,19.20,-0.10,101571,1951148,7
2023-04-25,TWSE,00737,國泰AI機器人,27.15,27.26,27.15,27.20,-0.15,45718,1244211,42
2023-04-25,TWSE,00738U,期元大道瓊白銀,24.92,24.98,24.72,24.75,0.29,554000,13755200,136
2023-04-25,TWSE,00739,元大MSCI A股,23.15,23.15,22.75,22.75,-0.40,51648,1180976,433
2023-04-25,TWSE,00752,中信中國50,18.13,18.13,17.76,17.77,-0.38,4726744,84575792,2065
2023-04-25,TWSE,00753L,中信中國50正2,10.34,10.38,9.90,9.90,-0.49,27727304,279919899,5880
2023-04-25,TWSE,00757,統一FANG+,43.80,43.80,43.53,43.53,-0.27,418900,18260703,494
2023-04-25,TWSE,00762,元大全球AI,36.00,36.14,36.00,36.00,-0.10,189791,6840840,274
2023-04-25,TWSE,00763U,期街口道瓊銅,25.25,25.27,25.16,25.17,-0.13,69100,1741630,26
2023-04-25,TWSE,00770,國泰北美科技,28.98,28.98,28.84,28.85,-0.14,148355,4285998,668
2023-04-25,TWSE,00771,元大US高息特別股,16.05,16.10,16.05,16.09,0.06,63666,1022834,930
2023-04-25,TWSE,00775B,台新投等債15+,34.30,34.34,34.30,34.31,0.23,52759,1809946,763
2023-04-25,TWSE,00783,富邦中証500,20.95,20.95,20.63,20.65,-0.54,327707,6818305,602
2023-04-25,TWSE,00830,國泰費城半導體,26.86,26.87,26.74,26.76,-0.14,2335661,62538040,1629
2023-04-25,TWSE,00850,元大臺灣ESG永續,31.14,31.14,30.43,30.48,-0.39,725955,22221222,1176
2023-04-25,TWSE,00851,台新全球AI,26.26,26.26,26.15,26.16,-0.34,18647,488546,450
2023-04-25,TWSE,00852L,國泰美國道瓊正2,19.41,19.42,19.33,19.33,0.09,303290,5879235,70
2023-04-25,TWSE,00861,元大全球未來通訊,27.91,27.95,27.72,27.74,-0.17,74966,2085307,114
2023-04-25,TWSE,00865B,國泰US短期公債,40.67,40.71,40.67,40.71,0.06,167147,6801558,955
2023-04-25,TWSE,00875,國泰網路資安,25.45,25.45,25.33,25.33,-0.30,90398,2292859,132
2023-04-25,TWSE,00876,元大全球5G,27.05,27.11,26.77,26.77,-0.28,299075,8057555,202
2023-04-25,TWSE,00878,國泰永續高股息,17.52,17.55,17.31,17.33,-0.18,95538845,1661197848,59617
2023-04-25,TWSE,00881,國泰台灣科技龍頭,14.86,14.88,14.55,14.57,-0.29,13651912,200106265,9260
2023-04-25,TWSE,00882,中信中國高股息,12.20,12.20,12.08,12.08,-0.12,8875234,107639465,3288
2023-04-25,TWSE,00885,富邦越南,11.28,11.29,11.20,11.22,-0.08,7935208,89125012,2846
2023-04-25,TWSE,00891,中信關鍵半導體,12.69,12.70,12.26,12.28,-0.39,12799241,158624209,7282
2023-04-25,TWSE,00892,富邦台灣半導體,11.69,11.69,11.31,11.33,-0.36,8769703,100195610,2789
2023-04-25,TWSE,00893,國泰智能電動車,13.52,13.55,13.40,13.41,-0.11,7316243,98410467,2816
2023-04-25,TWSE,00894,中信小資高價30,13.30,13.30,12.91,12.96,-0.36,2189452,28495249,758
2023-04-25,TWSE,00895,富邦未來車,14.38,14.39,14.28,14.29,-0.06,1931779,27669134,588
2023-04-25,TWSE,00896,中信綠能及電動車,14.53,14.53,14.21,14.25,-0.28,1392275,19948170,1171
2023-04-25,TWSE,00897,富邦基因免疫生技,7.74,7.74,7.69,7.69,-0.08,1226718,9451484,204
2023-04-25,TWSE,00898,國泰基因免疫革命,7.55,7.55,7.50,7.51,-0.09,1016691,7643503,171
2023-04-25,TWSE,00899,FT潔淨能源,22.16,22.16,22.02,22.03,0.12,230654,5092981,121
2023-04-25,TWSE,00900,富邦特選高股息30,11.48,11.48,11.21,11.21,-0.25,18971139,214226140,8539
2023-04-25,TWSE,00901,永豐智能車供應鏈,12.72,12.72,12.48,12.51,-0.21,715917,9015664,428
2023-04-25,TWSE,00902,中信電池及儲能,11.95,11.96,11.55,11.56,-0.36,25370527,296075820,8948
2023-04-25,TWSE,00903,富邦元宇宙,9.77,9.79,9.73,9.74,-0.05,1494274,14568398,399
2023-04-25,TWSE,00904,台新臺灣半導體30,11.90,11.90,11.54,11.57,0.00,1418742,16611130,725
2023-04-25,TWSE,00905,FT臺灣Smart,9.02,9.02,8.79,8.81,-0.14,6050211,53546880,6670
2023-04-25,TWSE,00906,大華元宇宙科技50,10.71,10.71,10.71,10.71,-0.03,10496,112475,13
2023-04-25,TWSE,00907,永豐優息存股,14.50,14.57,14.40,14.40,-0.09,1268444,18326602,941
2023-04-25,TWSE,00908,富邦入息REITs+,11.94,11.96,11.93,11.94,0.01,807533,9643391,177
2023-04-25,TWSE,00909,國泰數位支付服務,16.47,16.47,16.36,16.37,-0.14,396538,6499498,128
2023-04-25,TWSE,00910,第一金太空衛星,15.16,15.19,15.04,15.04,-0.19,490413,7418098,153
2023-04-25,TWSE,00911,兆豐洲際半導體,16.92,16.92,16.90,16.92,-0.05,114000,1928640,7
2023-04-25,TWSE,00912,中信臺灣智慧50,14.40,14.40,14.11,14.13,-0.23,2458325,34978601,1395
2023-04-25,TWSE,00913,兆豐台灣晶圓製造,16.00,16.00,15.60,15.60,-0.40,29594,465098,22
2023-04-25,TWSE,00915,凱基優選高股息30,16.53,16.54,16.27,16.28,-0.14,438781,7175025,346
2023-04-25,TWSE,00916,國泰全球品牌50,16.10,16.11,16.04,16.06,-0.04,503861,8092877,356
2023-04-25,TWSE,00917,中信特選金融,15.09,15.10,15.02,15.05,-0.04,803465,12102824,147
2023-04-25,TWSE,00918,大華優利高填息30,17.01,17.01,16.66,16.68,-0.33,732028,12289689,468
2023-04-25,TWSE,00919,群益台灣精選高息,18.60,18.61,18.07,18.10,-0.47,7068851,128913300,4283
2023-04-25,TWSE,00920,富邦ESG綠色電力,17.08,17.08,17.04,17.04,0.00,1213974,20718044,113
2023-04-25,TWSE,00921,兆豐龍頭等權重,16.01,16.05,15.74,15.74,-0.34,296221,4690688,253
2023-04-25,TWSE,00922,國泰台灣領袖50,14.63,14.64,14.42,14.43,-0.20,10453132,151597564,5528
2023-04-25,TWSE,00923,群益台ESG低碳50,14.71,14.71,14.38,14.38,-0.30,17314455,250877877,9267
2023-04-25,TWSE,00925,新光標普電動車,14.26,14.32,14.26,14.26,0.03,517354,7390360,76
2023-04-25,TWSE,01001T,土銀富邦R1,15.50,15.59,15.49,15.59,0.09,16041,248791,16
2023-04-25,TWSE,01002T,土銀國泰R1,17.46,18.00,17.45,17.45,0.10,18000,319230,16
2023-04-25,TWSE,01003T,兆豐新光R1,21.20,21.20,20.99,20.99,-0.21,9000,190590,4
2023-04-25,TWSE,01004T,土銀富邦R2,14.78,14.78,14.43,14.44,0.00,8420,123338,17
2023-04-25,TWSE,01007T,兆豐國泰R2,17.55,17.56,17.50,17.56,0.00,44000,771400,9
2023-04-25,TWSE,01009T,王道圓滿R1,8.44,8.47,8.44,8.47,0.00,7000,59240,3
2023-04-25,TWSE,01010T,京城樂富R1,10.04,10.05,10.04,10.04,0.00,25726,258329,10
2023-04-25,TWSE,020000,富邦特選蘋果N,7.03,7.03,7.03,7.03,0.00,1000,7030,1
2023-04-25,TWSE,020002,元富新中國N,12.63,12.63,12.63,12.63,-0.32,3000,37890,1
2023-04-25,TWSE,020007,凱基臺灣500N,,,,,0.00,0,0,0
2023-04-25,TWSE,020011,統一微波高息20N,7.36,7.36,7.36,7.36,0.00,1000,7360,1
2023-04-25,TWSE,020012,富邦行動通訊N,,,,,0.00,0,0,0
2023-04-25,TWSE,020015,統一MSCI美低波N,,,,,0.00,0,0,0
2023-04-25,TWSE,020016,統一MSCI美科技N,,,,,0.00,0,0,0
2023-04-25,TWSE,020018,統一價值成長30N,16.03,16.03,15.71,15.71,-0.24,5000,79590,3
2023-04-25,TWSE,020019,統一特選台灣5GN,,,,,0.00,0,0,0
2023-04-25,TWSE,02001L,富邦蘋果正二N,9.64,9.64,9.64,9.64,0.00,6000,57840,1
2023-04-25,TWSE,02001R,富邦蘋果反一N,2.81,2.84,2.81,2.84,0.00,4000,11300,3
2023-04-25,TWSE,02001S,策元大加權策略N,5.11,5.11,5.08,5.08,-0.09,2000,10190,2
2023-04-25,TWSE,020020,元大台股領航N,6.64,6.64,6.53,6.53,-0.11,598000,3908400,31
2023-04-25,TWSE,020022,元大電動車N,5.92,5.92,5.77,5.78,-0.12,325000,1895370,64
2023-04-25,TWSE,020028,元大特選電動車N,5.69,5.69,5.57,5.58,-0.11,91000,510680,25
2023-04-25,TWSE,020029,元大ESG高股息N,4.92,4.92,4.84,4.84,-0.12,101000,492210,46
2023-04-25,TWSE,020030,統一智慧電動車N,4.19,4.19,4.09,4.09,-0.10,91000,375380,23
2023-04-25,TWSE,020031,統一IC設計臺灣N,4.22,4.22,3.99,4.01,-0.21,302000,1225710,50
2023-04-25,TWSE,020032,元大綠能N,5.37,5.37,5.23,5.23,-0.11,146000,768630,21
2023-04-25,TWSE,020034,元大IC設計N,5.18,5.18,4.92,4.93,-0.27,529000,2639960,88
2023-04-25,TWSE,020036,元大金融配息N,5.00,5.00,4.95,4.96,-0.01,222000,1102570,40
2023-04-25,TWSE,020037,元大金融高股息N,5.00,5.00,4.95,4.96,-0.01,196000,973450,48
2023-04-25,TWSE,1101,台泥,39.55,39.60,38.30,38.50,-1.05,52427881,2035107829,33453
2023-04-25,TWSE,1101B,台泥乙特,49.00,49.05,48.95,49.05,0.10,13281,650684,14
2023-04-25,TWSE,1102,亞泥,44.00,44.45,43.85,43.95,0.05,6819347,300786200,3405
2023-04-25,TWSE,1103,嘉泥,20.60,20.70,19.85,19.90,-0.70,1429517,28984183,934
2023-04-25,TWSE,1104,環泥,27.30,27.35,26.85,27.15,-0.15,1955606,52962670,1081
2023-04-25,TWSE,1108,幸福,16.00,16.25,15.85,15.90,-0.25,2396289,38451373,931
2023-04-25,TWSE,1109,信大,17.80,17.80,17.60,17.65,0.00,307611,5431879,138
2023-04-25,TWSE,1110,東泥,18.40,18.40,18.15,18.40,0.00,171495,3141053,44
2023-04-25,TWSE,1201,味全,20.15,20.15,19.90,19.95,-0.15,526324,10519721,707
2023-04-25,TWSE,1203,味王,38.00,38.30,36.80,38.25,0.10,8120,307845,490
2023-04-25,TWSE,1210,大成,51.70,51.80,50.70,50.90,-0.40,2160488,110198204,1649
2023-04-25,TWSE,1213,大飲,7.10,7.10,6.95,7.08,-0.02,30997,217715,17
2023-04-25,TWSE,1215,卜蜂,93.00,94.30,88.20,90.60,-4.00,4999627,455017676,12483
2023-04-25,TWSE,1216,統一,73.20,73.50,72.90,73.00,0.00,7961657,582556132,4594
2023-04-25,TWSE,1217,愛之味,11.10,11.20,10.90,10.90,-0.10,1467516,16161589,642
2023-04-25,TWSE,1218,泰山,29.50,29.70,29.20,29.20,-0.25,1210162,35551885,926
2023-04-25,TWSE,1219,福壽,21.65,22.45,21.55,21.75,0.60,9193971,202079854,4224
2023-04-25,TWSE,1220,台榮,16.50,17.50,16.00,16.45,-0.05,1806201,30363974,981
2023-04-25,TWSE,1225,福懋油,60.50,60.50,60.10,60.30,-0.20,209021,12605663,25
2023-04-25,TWSE,1227,佳格,40.00,40.10,39.50,39.55,-0.40,1923820,76057429,1146
2023-04-25,TWSE,1229,聯華,63.00,63.50,60.00,60.20,-2.10,7402113,453596665,11141
2023-04-25,TWSE,1231,聯華食,91.00,91.00,87.30,90.50,0.00,2563951,226484785,4287
2023-04-25,TWSE,1232,大統益,150.00,151.00,149.00,149.50,0.50,47316,7096851,175
2023-04-25,TWSE,1233,天仁,33.95,34.00,33.95,33.95,-0.05,5031,170897,7
2023-04-25,TWSE,1234,黑松,36.15,36.35,35.90,36.00,-0.15,486783,17561897,320
2023-04-25,TWSE,1235,興泰,70.20,70.30,70.20,70.30,0.30,4426,310799,12
2023-04-25,TWSE,1236,宏亞,23.60,23.60,23.45,23.50,-0.05,148697,3496907,73
2023-04-25,TWSE,1256,鮮活果汁-KY,307.50,307.50,300.00,300.00,2.50,6336,1918843,78
2023-04-25,TWSE,1301,台塑,93.10,93.60,92.00,92.00,-1.00,9180900,848751208,5537
2023-04-25,TWSE,1303,南亞,78.10,78.20,76.90,77.40,-0.60,7380749,572049989,4473
2023-04-25,TWSE,1304,台聚,25.80,26.00,24.95,25.10,-0.65,2085876,52749980,1371
2023-04-25,TWSE,1305,華夏,25.50,25.65,24.85,24.90,-0.45,1278813,32091680,947
2023-04-25,TWSE,1307,三芳,21.00,21.15,20.75,20.85,-0.10,161037,3377271,96
2023-04-25,TWSE,1308,亞聚,27.75,27.95,27.15,27.30,-0.30,1674284,46057374,1149
2023-04-25,TWSE,1309,台達化,20.70,21.00,20.35,20.35,-0.25,672769,13890024,618
2023-04-25,TWSE,1310,台苯,17.55,18.20,16.50,16.50,-0.55,67074498,1178815847,23681
2023-04-25,TWSE,1312,國喬,20.80,20.95,20.25,20.30,-0.50,5045434,103749507,2192
2023-04-25,TWSE,1312A,國喬特,,,,,0.00,0,0,0
2023-04-25,TWSE,1313,聯成,15.20,15.35,14.70,14.80,-0.25,1944159,29294042,834
2023-04-25,TWSE,1314,中石化,10.25,10.45,10.10,10.10,-0.10,26131980,268672796,5423
2023-04-25,TWSE,1315,達新,70.00,70.00,69.70,69.70,-0.30,13434,938448,40
2023-04-25,TWSE,1316,上曜,13.55,13.70,13.10,13.25,-0.25,2029406,26992769,718
2023-04-25,TWSE,1319,東陽,47.50,47.80,46.30,46.55,-0.50,3284971,154469479,2335
2023-04-25,TWSE,1321,大洋,34.15,34.30,34.00,34.00,-0.10,260561,8890861,102
2023-04-25,TWSE,1323,永裕,32.90,33.00,32.65,32.85,-0.20,72001,2361332,53
2023-04-25,TWSE,1324,地球,11.35,11.40,11.20,11.40,-0.05,42307,478399,117
2023-04-25,TWSE,1325,恆大,24.20,24.20,23.70,23.75,-0.30,156544,3746142,192
2023-04-25,TWSE,1326,台化,69.40,69.60,68.50,68.80,-0.60,1968064,135520465,1250
2023-04-25,TWSE,1337,再生-KY,7.22,7.23,7.08,7.09,-0.08,271521,1938029,425
2023-04-25,TWSE,1338,廣華-KY,44.20,44.55,43.45,43.90,-0.25,383866,16754514,151
2023-04-25,TWSE,1339,昭輝,43.30,43.30,42.65,42.70,-0.60,200573,8600974,152
2023-04-25,TWSE,1340,勝悅-KY,11.15,11.40,11.00,11.30,0.15,269802,3031481,715
2023-04-25,TWSE,1341,富林-KY,69.50,69.80,69.00,69.50,-0.10,12000,832400,11
2023-04-25,TWSE,1342,八貫,145.00,147.00,138.00,139.00,-6.00,1417510,201067873,1476
2023-04-25,TWSE,1402,遠東新,31.95,31.95,31.75,31.75,-0.15,5316488,169208463,2244
2023-04-25,TWSE,1409,新纖,17.70,17.80,17.50,17.55,-0.10,2967767,52235402,1299
2023-04-25,TWSE,1410,南染,38.30,38.65,37.85,37.95,-0.45,49100,1871202,43
2023-04-25,TWSE,1413,宏洲,9.54,9.64,9.41,9.48,-0.05,72002,688788,25
2023-04-25,TWSE,1414,東和,17.85,17.85,17.40,17.45,-0.30,181337,3184003,84
2023-04-25,TWSE,1416,廣豐,11.45,11.60,11.40,11.40,-0.05,690443,7920965,288
2023-04-25,TWSE,1417,嘉裕,14.30,14.50,13.90,13.90,-0.35,1400231,19777081,632
2023-04-25,TWSE,1418,東華,15.90,16.20,15.80,15.80,-0.05,52258,834245,228
2023-04-25,TWSE,1419,新紡,40.90,40.90,40.30,40.35,-0.05,25333,1024884,26
2023-04-25,TWSE,1423,利華,21.20,21.20,21.10,21.10,-0.05,101569,2146625,71
2023-04-25,TWSE,1432,大魯閣,15.65,15.65,14.95,15.00,-0.55,463229,7036927,527
2023-04-25,TWSE,1434,福懋,28.15,28.35,28.00,28.05,-0.10,913451,25732882,659
2023-04-25,TWSE,1436,華友聯,57.10,57.50,57.00,57.30,-0.10,13055,746985,11
2023-04-25,TWSE,1437,勤益控,28.40,28.70,27.90,28.00,-0.40,561749,15833693,335
2023-04-25,TWSE,1438,三地開發,32.00,32.25,31.30,31.40,-0.60,318221,10106954,216
2023-04-25,TWSE,1439,雋揚,22.35,22.35,21.60,21.95,-0.40,69465,1515827,48
2023-04-25,TWSE,1440,南紡,16.95,16.95,16.60,16.70,-0.15,1150195,19218073,493
2023-04-25,TWSE,1441,大東,8.12,8.12,8.01,8.03,-0.07,72680,585734,272
2023-04-25,TWSE,1442,名軒,32.35,32.40,31.80,31.95,-0.35,805390,25773719,331
2023-04-25,TWSE,1443,立益物流,29.00,29.00,28.60,28.65,-0.45,45097,1295996,35
2023-04-25,TWSE,1444,力麗,10.95,10.95,10.65,10.65,-0.20,2181329,23389296,821
2023-04-25,TWSE,1445,大宇,19.30,20.30,19.05,20.00,0.75,382464,7521877,221
2023-04-25,TWSE,1446,宏和,31.55,31.55,31.25,31.35,-0.20,69000,2164250,45
2023-04-25,TWSE,1447,力鵬,8.13,8.13,7.93,7.99,-0.08,1007931,8091219,516
2023-04-25,TWSE,1449,佳和,15.15,15.20,14.90,15.05,0.00,93137,1399765,391
2023-04-25,TWSE,1451,年興,22.95,23.00,22.70,22.75,-0.10,321616,7324982,196
2023-04-25,TWSE,1452,宏益,17.60,17.65,17.50,17.55,-0.05,121108,2124996,94
2023-04-25,TWSE,1453,大將,15.40,15.45,14.90,14.90,-0.55,343886,5201469,261
2023-04-25,TWSE,1454,台富,13.30,13.35,13.15,13.35,0.00,28259,375620,25
2023-04-25,TWSE,1455,集盛,10.55,10.60,10.30,10.35,-0.10,744576,7747488,446
2023-04-25,TWSE,1456,怡華,15.70,16.00,15.50,15.60,-0.10,52023,817956,44
2023-04-25,TWSE,1457,宜進,18.65,18.65,18.45,18.50,-0.10,198824,3681378,103
2023-04-25,TWSE,1459,聯發,9.13,9.13,8.98,9.00,-0.04,64620,583653,88
2023-04-25,TWSE,1460,宏遠,7.73,7.77,7.67,7.68,-0.05,595632,4588783,266
2023-04-25,TWSE,1463,強盛新,14.35,14.35,14.20,14.20,-0.20,82299,1172632,92
2023-04-25,TWSE,1464,得力,14.85,14.85,14.70,14.75,0.00,214355,3164090,236
2023-04-25,TWSE,1465,偉全,14.30,14.30,14.05,14.05,-0.25,44236,625565,59
2023-04-25,TWSE,1466,聚隆,11.55,11.60,11.55,11.60,0.00,19002,219572,13
2023-04-25,TWSE,1467,南緯,11.55,11.60,11.40,11.45,-0.05,1821423,20918753,420
2023-04-25,TWSE,1468,昶和,14.40,14.50,13.95,13.95,-0.60,51010,727845,28
2023-04-25,TWSE,1470,大統新創,18.95,19.20,18.80,18.80,-0.15,33442,656413,40
2023-04-25,TWSE,1471,首利,9.27,9.37,8.72,8.86,-0.34,2685147,24032764,1275
2023-04-25,TWSE,1472,三洋實業,26.15,26.15,26.10,26.10,0.00,3001,78376,4
2023-04-25,TWSE,1473,台南,22.85,23.10,22.45,22.45,-0.40,126365,2872663,126
2023-04-25,TWSE,1474,弘裕,12.60,12.60,12.45,12.55,-0.05,97058,1215423,56
2023-04-25,TWSE,1475,業旺,53.10,53.10,50.00,50.00,-3.40,114478,5869804,178
2023-04-25,TWSE,1476,儒鴻,486.00,488.00,477.50,477.50,-10.00,376350,180733559,1151
2023-04-25,TWSE,1477,聚陽,220.50,221.50,216.50,217.00,-3.50,841222,183829087,1420
2023-04-25,TWSE,1503,士電,104.00,104.50,92.20,94.00,-7.50,33462768,3310768977,21585
2023-04-25,TWSE,1504,東元,44.50,45.20,42.90,43.05,-1.40,34264382,1506594892,17460
2023-04-25,TWSE,1506,正道,21.30,21.30,20.55,20.60,-0.55,490867,10184113,258
2023-04-25,TWSE,1512,瑞利,13.50,13.55,13.10,13.15,-0.40,51448,689635,157
2023-04-25,TWSE,1513,中興電,105.00,107.00,100.50,102.50,-2.50,21695769,2239601692,13497
2023-04-25,TWSE,1514,亞力,48.80,49.80,47.05,48.15,-0.95,7529536,363050224,5072
2023-04-25,TWSE,1515,力山,29.35,29.35,28.20,28.30,-0.75,480584,13668984,404
2023-04-25,TWSE,1516,川飛,20.20,20.35,19.80,20.35,0.25,465300,9312605,227
2023-04-25,TWSE,1517,利奇,19.40,19.40,19.00,19.00,-0.35,704150,13442414,865
2023-04-25,TWSE,1519,華城,99.00,99.50,90.40,93.70,-5.10,25146069,2382800930,16722
2023-04-25,TWSE,1521,大億,37.80,38.05,37.70,38.05,0.20,3013,114056,16
2023-04-25,TWSE,1522,堤維西,29.25,29.25,28.30,28.50,-0.55,1922082,55081545,1160
2023-04-25,TWSE,1522A,堤維西甲特,45.85,45.85,45.50,45.50,-0.40,5000,228750,4
2023-04-25,TWSE,1524,耿鼎,24.25,24.30,23.25,23.40,-0.65,3160443,74675980,1633
2023-04-25,TWSE,1525,江申,67.40,68.60,66.70,67.30,-0.10,63228,4262218,55
2023-04-25,TWSE,1526,日馳,40.25,40.75,39.80,39.80,-0.45,361330,14476111,263
2023-04-25,TWSE,1527,鑽全,42.00,42.00,41.20,41.30,-0.55,345586,14332514,326
2023-04-25,TWSE,1528,恩德,12.00,12.30,11.60,11.70,-0.20,4845111,57716044,1592
2023-04-25,TWSE,1529,樂事綠能,41.00,41.10,39.00,39.10,-0.90,3509171,140582504,2240
2023-04-25,TWSE,1530,亞崴,32.90,32.90,32.50,32.50,-0.50,46551,1518456,95
2023-04-25,TWSE,1531,高林股,14.55,14.55,14.35,14.35,-0.15,61723,891283,59
2023-04-25,TWSE,1532,勤美,34.85,34.90,33.75,33.90,-0.65,621631,21273894,406
2023-04-25,TWSE,1533,車王電,53.20,53.50,51.50,52.00,-1.20,507933,26560959,432
2023-04-25,TWSE,1535,中宇,53.20,54.40,52.90,53.10,-0.10,274805,14687507,293
2023-04-25,TWSE,1536,和大,70.50,71.10,69.00,69.00,-1.60,1339214,93436422,1095
2023-04-25,TWSE,1537,廣隆,142.50,143.00,142.00,142.50,-0.50,74225,10577682,98
2023-04-25,TWSE,1538,正峰,9.79,9.79,9.79,9.79,-0.01,4006,39218,8
2023-04-25,TWSE,1539,巨庭,29.00,29.30,28.05,28.15,-0.85,431945,12315251,322
2023-04-25,TWSE,1540,喬福,16.50,16.60,16.40,16.50,0.05,137113,2259014,203
2023-04-25,TWSE,1541,錩泰,34.30,34.30,33.60,34.15,-0.50,21010,713290,23
2023-04-25,TWSE,1558,伸興,112.50,112.50,111.00,111.00,-1.50,153324,17144141,250
2023-04-25,TWSE,1560,中砂,114.00,114.50,108.50,109.50,-4.00,2829340,312216880,2672
2023-04-25,TWSE,1568,倉佑,23.30,23.40,22.65,22.80,-0.45,326435,7460884,244
2023-04-25,TWSE,1582,信錦,59.80,59.80,59.10,59.40,-0.20,117913,6993212,168
2023-04-25,TWSE,1583,程泰,66.10,66.10,65.70,65.70,-0.40,22010,1449460,17
2023-04-25,TWSE,1587,吉茂,22.85,22.85,22.60,22.70,-0.20,80255,1823425,55
2023-04-25,TWSE,1589,永冠-KY,78.30,78.60,75.00,75.30,-3.00,2497787,190811413,1613
2023-04-25,TWSE,1590,亞德客-KY,1125.00,1140.00,1065.00,1080.00,-40.00,853717,929417825,843
2023-04-25,TWSE,1597,直得,76.80,77.60,74.10,74.70,-1.70,196766,14774924,406
2023-04-25,TWSE,1598,岱宇,42.95,42.95,41.00,41.15,-1.75,252163,10474676,219
2023-04-25,TWSE,1603,華電,26.75,26.85,26.00,26.15,-0.60,753681,19854202,387
2023-04-25,TWSE,1604,聲寶,27.85,28.00,27.65,27.70,-0.15,879162,24427278,881
2023-04-25,TWSE,1605,華新,50.00,50.20,48.55,48.60,-1.25,31391539,1541550248,16479
2023-04-25,TWSE,1608,華榮,16.50,16.75,16.05,16.10,-0.50,1262677,20603293,702
2023-04-25,TWSE,1609,大亞,27.85,28.05,27.00,27.30,-0.50,15106555,413141129,7377
2023-04-25,TWSE,1611,中電,18.35,18.50,17.30,17.50,-0.90,7899496,140251108,3873
2023-04-25,TWSE,1612,宏泰,20.75,20.90,20.20,20.25,-0.40,1129731,23063787,699
2023-04-25,TWSE,1614,三洋電,37.00,37.15,36.45,36.70,0.05,228267,8395929,51
2023-04-25,TWSE,1615,大山,35.90,36.45,35.70,35.85,0.00,120734,4349218,129
2023-04-25,TWSE,1616,億泰,9.17,9.22,8.88,8.96,-0.21,755651,6812370,374
2023-04-25,TWSE,1617,榮星,15.60,15.70,15.40,15.40,-0.10,39417,612897,92
2023-04-25,TWSE,1618,合機,18.50,18.55,17.60,17.80,-0.55,2012534,35959223,1101
2023-04-25,TWSE,1626,艾美特-KY,18.40,18.50,18.20,18.20,-0.25,81174,1487283,141
2023-04-25,TWSE,1701,中化,26.60,26.70,25.80,25.80,-0.60,2169477,56605013,1056
2023-04-25,TWSE,1702,南僑,47.20,47.25,46.60,46.75,-0.40,435806,20435205,414
2023-04-25,TWSE,1707,葡萄王,181.00,183.00,178.50,179.00,-2.00,296883,53322150,2963
2023-04-25,TWSE,1708,東鹼,41.25,41.55,40.60,40.60,-0.55,2696574,110287627,1601
2023-04-25,TWSE,1709,和益,26.95,27.30,25.85,26.15,-0.65,7866782,209328576,4327
2023-04-25,TWSE,1710,東聯,21.10,21.70,20.60,20.80,-0.20,11250690,237865992,4981
2023-04-25,TWSE,1711,永光,20.65,21.10,19.75,20.10,-0.70,11938230,243755771,5883
2023-04-25,TWSE,1712,興農,36.75,36.95,35.50,35.95,-0.60,2117582,76585436,1813
2023-04-25,TWSE,1713,國化,29.15,29.20,28.95,28.95,-0.30,135102,3922317,85
2023-04-25,TWSE,1714,和桐,9.26,9.55,9.24,9.30,0.08,10470156,98460601,3016
2023-04-25,TWSE,1717,長興,32.55,32.60,31.65,31.70,-0.60,3910442,125046591,1802
2023-04-25,TWSE,1718,中纖,8.34,8.41,8.25,8.26,-0.07,2137914,17805579,861
2023-04-25,TWSE,1720,生達,69.00,69.60,65.60,68.10,0.80,8464350,573684576,5795
2023-04-25,TWSE,1721,國慶科技,16.15,17.10,15.90,16.35,0.75,35251149,582801593,14073
2023-04-25,TWSE,1722,台肥,58.00,58.60,57.80,57.90,0.20,2502071,145428551,1878
2023-04-25,TWSE,1723,中碳,115.50,115.50,113.00,113.50,-1.00,204517,23284258,245
2023-04-25,TWSE,1725,元禎,24.65,25.90,24.00,25.50,1.80,2898175,72304278,1887
2023-04-25,TWSE,1726,永記,74.50,75.00,74.20,74.50,0.00,59126,4422878,46
2023-04-25,TWSE,1727,中華化,33.25,33.25,31.55,33.25,3.00,12879266,420559066,4700
2023-04-25,TWSE,1730,花仙子,57.00,57.00,56.90,57.00,-0.10,7061,402574,32
2023-04-25,TWSE,1731,美吾華,20.45,20.95,20.45,20.60,0.20,782910,16201313,426
2023-04-25,TWSE,1732,毛寶,28.35,28.50,27.50,27.80,-0.30,179703,5027571,172
2023-04-25,TWSE,1733,五鼎,27.00,27.10,26.55,26.75,-0.20,329469,8833767,206
2023-04-25,TWSE,1734,杏輝,31.70,32.10,31.05,31.15,-0.50,932658,29272578,678
2023-04-25,TWSE,1735,日勝化,15.30,15.40,15.30,15.35,-0.05,29275,449156,112
2023-04-25,TWSE,1736,喬山,68.30,68.80,65.80,66.50,-0.70,627519,42091428,502
2023-04-25,TWSE,1737,臺鹽,33.40,33.55,33.20,33.20,-0.05,151877,5057685,144
2023-04-25,TWSE,1752,南光,79.60,79.60,75.70,77.20,-3.90,9612824,743066878,6288
2023-04-25,TWSE,1760,寶齡富錦,164.00,168.50,159.00,160.00,-2.00,5318332,865389262,4062
2023-04-25,TWSE,1762,中化生,89.60,91.00,87.50,88.40,-0.80,1739787,154775322,1891
2023-04-25,TWSE,1773,勝一,129.00,131.00,125.50,127.00,-1.00,240848,30716869,402
2023-04-25,TWSE,1776,展宇,17.50,18.35,17.15,17.15,-0.10,230695,4063622,174
2023-04-25,TWSE,1783,和康生,61.10,61.90,58.80,59.50,-1.80,1834881,110056819,1452
2023-04-25,TWSE,1786,科妍,76.00,76.00,72.00,72.30,-3.70,1190171,87934879,1303
2023-04-25,TWSE,1789,神隆,27.25,27.70,27.00,27.15,0.10,1559458,42554078,827
2023-04-25,TWSE,1795,美時,259.00,266.00,250.00,254.50,-6.00,11899959,3059050910,12464
2023-04-25,TWSE,1802,台玻,20.55,20.95,20.20,20.45,-0.05,8418866,173195645,3436
2023-04-25,TWSE,1805,寶徠,10.00,10.90,10.00,10.45,0.45,89195,929371,44
2023-04-25,TWSE,1806,冠軍,9.26,9.26,9.06,9.09,-0.09,371218,3392589,251
2023-04-25,TWSE,1808,潤隆,75.50,76.50,74.10,74.20,-0.60,365518,27469397,507
2023-04-25,TWSE,1809,中釉,14.95,15.20,14.65,14.75,-0.05,2346969,35003158,1055
2023-04-25,TWSE,1810,和成,26.70,27.50,26.20,26.95,0.10,5704682,153329513,3307
2023-04-25,TWSE,1817,凱撒衛,38.30,38.60,37.95,38.00,-0.10,75315,2871281,63
2023-04-25,TWSE,1903,士紙,44.00,44.65,43.05,43.10,-0.80,732107,31926468,886
2023-04-25,TWSE,1904,正隆,32.60,33.70,30.80,32.35,-0.15,28258620,912097147,14914
2023-04-25,TWSE,1905,華紙,23.40,25.00,23.20,23.25,0.15,59482277,1433002351,26592
2023-04-25,TWSE,1906,寶隆,17.15,17.15,16.20,16.30,-0.75,1840006,30508405,871
2023-04-25,TWSE,1907,永豐餘,30.90,31.60,29.65,30.40,-1.05,16439593,501901137,8346
2023-04-25,TWSE,1909,榮成,18.40,18.40,17.20,17.50,-0.70,14552643,258306613,5846
2023-04-25,TWSE,2002,中鋼,30.20,30.20,29.70,29.75,-0.30,24348638,727423013,12381
2023-04-25,TWSE,2002A,中鋼特,45.70,45.70,45.60,45.70,-0.10,6894,314836,13
2023-04-25,TWSE,2006,東和鋼鐵,56.60,57.20,56.50,56.70,0.20,1395439,79148905,1147
2023-04-25,TWSE,2007,燁興,10.70,10.90,10.30,10.35,-0.20,1035540,10897436,489
2023-04-25,TWSE,2008,高興昌,19.40,19.45,19.20,19.20,-0.35,96235,1856885,32
2023-04-25,TWSE,2009,第一銅,32.95,33.25,32.00,32.10,-0.80,1867958,60516319,1284
2023-04-25,TWSE,2010,春源,16.95,16.95,16.10,16.20,-0.60,1276086,20924992,680
2023-04-25,TWSE,2012,春雨,27.15,27.70,26.55,26.90,-0.10,277206,7557665,209
2023-04-25,TWSE,2013,中鋼構,57.90,57.90,57.20,57.30,-0.40,72847,4179730,108
2023-04-25,TWSE,2014,中鴻,25.20,25.35,24.35,24.45,-0.70,9404543,232366516,4609
2023-04-25,TWSE,2015,豐興,68.00,68.00,67.00,67.10,-0.50,261540,17581584,232
2023-04-25,TWSE,2017,官田鋼,18.30,18.30,17.50,17.65,-0.40,1502565,26736319,1126
2023-04-25,TWSE,2020,美亞,23.20,23.30,23.00,23.05,-0.30,150634,3474983,137
2023-04-25,TWSE,2022,聚亨,8.42,8.49,8.42,8.43,0.01,1141004,9648640,414
2023-04-25,TWSE,2023,燁輝,15.40,15.50,14.85,14.85,-0.45,3196999,48165363,1597
2023-04-25,TWSE,2024,志聯,19.15,19.15,18.95,18.95,-0.15,16186,308495,32
2023-04-25,TWSE,2025,千興,5.48,5.48,5.29,5.30,-0.10,98005,523395,41
2023-04-25,TWSE,2027,大成鋼,44.40,44.45,43.30,43.40,-0.65,10074374,440160266,5853
2023-04-25,TWSE,2028,威致,26.20,26.45,25.00,25.50,-0.55,632005,16247875,344
2023-04-25,TWSE,2029,盛餘,26.00,26.00,25.10,25.20,-0.55,543340,13821558,279
2023-04-25,TWSE,2030,彰源,22.35,22.35,21.85,21.95,-0.35,1290940,28451271,706
2023-04-25,TWSE,2031,新光鋼,49.85,51.30,47.90,48.20,-1.60,14153455,699331220,6720
2023-04-25,TWSE,2032,新鋼,18.55,18.70,18.05,18.05,-0.50,238715,4379009,172
2023-04-25,TWSE,2033,佳大,15.60,15.70,15.10,15.20,-0.40,278447,4273336,130
2023-04-25,TWSE,2034,允強,28.95,29.15,28.75,28.95,0.10,583857,16871291,382
2023-04-25,TWSE,2038,海光,20.75,20.85,20.05,20.05,-0.50,618578,12572632,337
2023-04-25,TWSE,2049,上銀,238.00,238.50,227.50,229.50,-6.50,2245496,517865285,2794
2023-04-25,TWSE,2059,川湖,407.00,408.00,400.00,401.00,-5.00,472392,190534858,801
2023-04-25,TWSE,2062,橋椿,22.75,22.75,21.95,22.00,-0.20,267086,5904563,194
2023-04-25,TWSE,2069,運錩,19.95,19.95,19.60,19.65,-0.25,246444,4864211,188
2023-04-25,TWSE,2101,南港,38.65,38.90,38.00,38.35,-0.10,1288293,49523678,555
2023-04-25,TWSE,2102,泰豐,21.40,21.70,21.05,21.05,0.60,1922086,41055143,796
2023-04-25,TWSE,2103,台橡,27.65,27.85,27.65,27.80,0.05,697894,19356939,414
2023-04-25,TWSE,2104,國際中橡,20.00,20.20,19.75,19.80,-0.15,2220278,44379907,846
2023-04-25,TWSE,2105,正新,37.30,37.80,36.80,36.95,-0.20,5021203,187003092,2481
2023-04-25,TWSE,2106,建大,31.30,31.45,30.90,31.15,-0.05,614296,19151667,435
2023-04-25,TWSE,2107,厚生,21.75,21.90,21.60,21.60,-0.10,283949,6160070,205
2023-04-25,TWSE,2108,南帝,38.85,39.05,37.80,37.85,-1.00,1297566,49695373,1017
2023-04-25,TWSE,2109,華豐,14.50,14.50,14.30,14.30,-0.10,157299,2262904,85
2023-04-25,TWSE,2114,鑫永銓,98.50,100.00,98.50,99.60,0.60,27831,2756867,28
2023-04-25,TWSE,2115,六暉-KY,31.30,31.30,30.95,30.95,-0.45,39661,1235207,88
2023-04-25,TWSE,2201,裕隆,81.30,82.50,78.10,78.50,-2.40,19359228,1548705824,11265
2023-04-25,TWSE,2204,中華,77.20,77.90,75.00,76.10,-1.00,10739757,820247680,10029
2023-04-25,TWSE,2206,三陽工業,53.80,58.10,52.90,53.20,0.30,53197096,2948220559,26473
2023-04-25,TWSE,2207,和泰車,649.00,651.00,631.00,640.00,-8.00,139253,89111617,494
2023-04-25,TWSE,2208,台船,26.20,27.10,25.65,25.80,-0.40,17629420,464384270,8829
2023-04-25,TWSE,2211,長榮鋼,59.60,59.90,58.00,58.20,-1.30,903068,52927919,850
2023-04-25,TWSE,2227,裕日車,196.00,196.00,192.50,192.50,-0.50,21004,4060068,91
2023-04-25,TWSE,2228,劍麟,82.80,82.80,80.40,80.60,-1.90,359099,29163844,312
2023-04-25,TWSE,2231,為升,181.00,182.50,170.00,171.00,-7.50,1479856,257421483,11278
2023-04-25,TWSE,2233,宇隆,117.00,117.00,112.50,113.00,-2.00,380469,43429587,527
2023-04-25,TWSE,2236,百達-KY,41.10,41.30,39.30,39.75,-1.40,514347,20561803,366
2023-04-25,TWSE,2239,英利-KY,73.70,73.70,69.80,70.80,-1.50,180492,12754025,266
2023-04-25,TWSE,2241,艾姆勒,34.20,34.65,33.50,33.55,-0.55,100224,3386852,98
2023-04-25,TWSE,2243,宏旭-KY,20.80,21.10,20.10,20.25,-0.35,375550,7708038,213
2023-04-25,TWSE,2247,汎德永業,285.50,289.00,281.50,282.00,-2.00,317824,90375800,799
2023-04-25,TWSE,2250,IKKA-KY,77.90,77.90,72.20,72.40,-0.60,25000,1833300,22
2023-04-25,TWSE,2301,光寶科,72.20,73.40,71.20,71.80,-0.20,11405065,820882509,6684
2023-04-25,TWSE,2302,麗正,21.20,21.45,20.25,20.45,-0.55,1809755,37562841,921
2023-04-25,TWSE,2303,聯電,49.60,49.80,48.45,48.50,-1.10,59959548,2929558904,31034
2023-04-25,TWSE,2305,全友,23.60,23.75,22.10,22.25,-1.35,593721,13491282,425
2023-04-25,TWSE,2308,台達電,304.00,306.00,295.50,297.00,-5.50,7313764,2183902090,7414
2023-04-25,TWSE,2312,金寶,13.20,13.25,13.00,13.05,-0.10,3657054,47881614,1396
2023-04-25,TWSE,2313,華通,42.00,42.40,41.35,41.55,-0.20,10818769,452069583,6629
2023-04-25,TWSE,2314,台揚,47.30,47.70,44.95,45.20,-1.60,2935904,135559967,1880
2023-04-25,TWSE,2316,楠梓電,29.20,29.25,28.80,28.80,-0.35,184342,5339508,114
2023-04-25,TWSE,2317,鴻海,103.50,104.00,103.00,103.00,-0.50,29981837,3096473866,12350
2023-04-25,TWSE,2321,東訊,22.10,24.40,22.10,22.60,-0.65,14000,321664,22
2023-04-25,TWSE,2323,中環,8.20,8.25,7.96,8.00,-0.19,2431137,19562806,1208
2023-04-25,TWSE,2324,仁寶,24.00,24.05,23.55,23.70,-0.25,18734988,443616374,6605
2023-04-25,TWSE,2327,國巨*,507.00,507.00,486.50,490.50,-16.50,3081149,1519579614,5689
2023-04-25,TWSE,2328,廣宇,37.50,37.60,36.35,36.45,-0.90,3467876,127524775,2228
2023-04-25,TWSE,2329,華泰,20.25,20.25,19.65,19.75,-0.45,3383200,67190081,1709
2023-04-25,TWSE,2330,台積電,504.00,505.00,498.00,498.00,-9.00,40916105,20495640143,92009
2023-04-25,TWSE,2331,精英,23.60,24.05,23.45,23.55,-0.05,4889575,116067959,2188
2023-04-25,TWSE,2332,友訊,17.85,17.90,17.30,17.40,-0.45,3015314,52710576,1638
2023-04-25,TWSE,2337,旺宏,34.50,34.50,32.90,33.20,-1.05,24300558,811580147,10508
2023-04-25,TWSE,2338,光罩,82.70,83.10,78.10,78.40,-4.10,5642109,448953248,4529
2023-04-25,TWSE,2340,台亞,35.90,36.05,34.15,34.35,-1.55,3375132,117602190,2288
2023-04-25,TWSE,2342,茂矽,43.40,43.45,41.15,41.75,-1.60,3738815,157608706,2392
2023-04-25,TWSE,2344,華邦電,25.40,25.45,24.50,24.60,-0.65,27278523,678496877,9146
2023-04-25,TWSE,2345,智邦,295.00,297.50,286.50,287.50,-11.00,2630494,761111719,2383
2023-04-25,TWSE,2347,聯強,60.90,61.50,60.60,60.70,-0.20,2619663,159329314,1709
2023-04-25,TWSE,2348,海悅,67.30,67.60,66.60,66.80,-0.40,73557,4925690,96
2023-04-25,TWSE,2348A,海悅甲特,35.90,36.00,35.60,35.60,0.00,7740,277144,7
2023-04-25,TWSE,2349,錸德,9.11,9.16,8.88,8.91,-0.18,2277828,20449637,885
2023-04-25,TWSE,2351,順德,125.00,128.50,122.00,124.00,-2.00,3169138,394115725,2188
2023-04-25,TWSE,2352,佳世達,32.95,32.95,32.30,32.50,-0.20,5910661,192151134,3190
2023-04-25,TWSE,2353,宏碁,29.50,29.65,28.90,29.00,-0.40,22236899,647803320,7803
2023-04-25,TWSE,2354,鴻準,53.60,53.70,52.50,52.60,-0.80,2131003,112682827,1476
2023-04-25,TWSE,2355,敬鵬,32.10,32.20,31.10,31.30,-0.80,1067279,33616997,667
2023-04-25,TWSE,2356,英業達,32.70,32.80,31.60,31.70,-1.45,11231597,360364420,6715
2023-04-25,TWSE,2357,華碩,280.00,280.00,276.00,278.00,-0.50,2399371,665569238,3219
2023-04-25,TWSE,2358,廷鑫,9.67,10.00,9.67,9.88,0.37,922206,9149321,366
2023-04-25,TWSE,2359,所羅門,34.70,35.40,33.00,33.25,-0.75,9490501,323380929,5285
2023-04-25,TWSE,2360,致茂,178.00,179.00,172.00,173.00,-3.50,1013735,177250402,1668
2023-04-25,TWSE,2362,藍天,30.60,30.70,30.35,30.35,-0.15,366614,11178932,297
2023-04-25,TWSE,2363,矽統,17.70,17.85,17.25,17.25,-0.45,1868657,32604916,1073
2023-04-25,TWSE,2364,倫飛,102.50,104.50,100.00,101.50,-1.00,416008,42286963,305
2023-04-25,TWSE,2365,昆盈,10.55,10.65,10.40,10.50,0.00,287342,3016784,212
2023-04-25,TWSE,2367,燿華,18.00,18.00,17.60,17.70,-0.25,4397676,78080873,1844
2023-04-25,TWSE,2368,金像電,100.50,101.50,95.60,96.40,-5.10,10330845,1008441200,7198
2023-04-25,TWSE,2369,菱生,14.75,14.80,14.20,14.20,-0.50,1275048,18345495,721
2023-04-25,TWSE,2371,大同,33.05,33.40,32.35,32.35,-0.45,5899819,193552843,2843
2023-04-25,TWSE,2373,震旦行,80.40,80.40,79.70,80.00,0.00,69300,5537980,88
2023-04-25,TWSE,2374,佳能,20.50,20.50,20.05,20.15,-0.25,447511,9037228,468
2023-04-25,TWSE,2375,凱美,71.30,71.30,67.50,68.20,-2.90,996307,68608232,940
2023-04-25,TWSE,2376,技嘉,135.00,135.00,128.50,129.00,-6.00,4163403,543162063,3107
2023-04-25,TWSE,2377,微星,144.00,144.50,139.00,141.00,-2.00,2710686,381794478,2360
2023-04-25,TWSE,2379,瑞昱,370.00,370.00,343.00,344.50,-22.50,6719662,2360593976,7054
2023-04-25,TWSE,2380,虹光,10.15,10.20,9.99,9.99,-0.16,688619,6922085,379
2023-04-25,TWSE,2382,廣達,85.00,85.00,82.50,83.70,-1.30,11196420,934426280,6589
2023-04-25,TWSE,2383,台光電,168.00,168.00,159.00,160.00,-7.00,2715387,438792235,2569
2023-04-25,TWSE,2385,群光,94.30,95.40,94.10,94.40,0.40,1939996,183641520,1427
2023-04-25,TWSE,2387,精元,43.50,44.30,43.05,43.25,-0.45,1092579,47465798,864
2023-04-25,TWSE,2388,威盛,77.40,77.60,73.00,73.50,-3.70,8429270,629010136,5486
2023-04-25,TWSE,2390,云辰,12.80,12.85,12.25,12.30,-0.40,792172,9875016,886
2023-04-25,TWSE,2392,正崴,41.35,41.55,40.40,40.60,-0.75,1949644,79411722,1263
2023-04-25,TWSE,2393,億光,39.75,39.80,38.70,38.90,-0.70,1227597,48038686,967
2023-04-25,TWSE,2395,研華,361.50,366.00,356.50,358.00,-9.00,625983,224869703,936
2023-04-25,TWSE,2397,友通,68.00,68.30,65.40,66.30,-1.70,205312,13621140,180
2023-04-25,TWSE,2399,映泰,15.40,15.40,14.80,14.80,-0.60,1221464,18320664,509
2023-04-25,TWSE,2401,凌陽,24.30,24.40,23.40,23.50,-0.75,2092644,49748549,1283
2023-04-25,TWSE,2402,毅嘉,28.20,28.90,27.10,27.50,-0.70,10395972,289028354,5234
2023-04-25,TWSE,2404,漢唐,216.50,219.00,211.00,212.50,-2.50,1850450,397383360,1941
2023-04-25,TWSE,2405,輔信,12.80,12.80,12.30,12.30,-0.35,1503458,18726292,608
2023-04-25,TWSE,2406,國碩,19.50,19.65,18.90,18.90,-0.50,1916935,36693459,1896
2023-04-25,TWSE,2408,南亞科,64.70,65.90,63.10,63.50,-0.70,9760408,627867255,6102
2023-04-25,TWSE,2409,友達,18.45,18.50,17.90,17.95,-0.40,31524402,570524127,8388
2023-04-25,TWSE,2412,中華電,126.00,126.50,125.50,126.00,0.00,10247563,1291752942,4782
2023-04-25,TWSE,2413,環科,39.90,40.10,37.60,37.80,-1.85,6310433,244662882,3293
2023-04-25,TWSE,2414,精技,34.45,34.45,34.00,34.05,-0.40,175140,5986357,176
2023-04-25,TWSE,2415,錩新,24.15,24.15,23.30,23.30,-0.90,108759,2565735,240
2023-04-25,TWSE,2417,圓剛,23.00,23.50,22.50,22.75,-0.45,445998,10240711,392
2023-04-25,TWSE,2419,仲琦,26.95,27.05,25.90,26.00,-0.90,2658034,69844919,1567
2023-04-25,TWSE,2420,新巨,43.95,43.95,43.30,43.45,-0.40,379378,16515429,330
2023-04-25,TWSE,2421,建準,52.90,53.90,50.30,50.90,-2.20,4043753,208866379,3328
2023-04-25,TWSE,2423,固緯,41.00,41.00,38.20,39.45,1.60,7225164,286786299,3810
2023-04-25,TWSE,2424,隴華,21.50,21.50,21.45,21.50,-0.25,7606,167200,13
2023-04-25,TWSE,2425,承啟,31.70,31.70,31.05,31.50,0.05,1139144,35820984,607
2023-04-25,TWSE,2426,鼎元,18.60,18.60,17.85,17.95,-0.60,975036,17792726,408
2023-04-25,TWSE,2427,三商電,15.10,15.45,14.45,14.65,-0.35,2891855,43234112,1356
2023-04-25,TWSE,2428,興勤,149.00,149.50,143.00,144.00,-5.50,491418,71521636,614
2023-04-25,TWSE,2429,銘旺科,18.95,19.45,18.50,19.05,-0.45,217515,4114749,148
2023-04-25,TWSE,2430,燦坤,41.50,41.50,40.60,40.80,-0.65,271915,11130411,326
2023-04-25,TWSE,2431,聯昌,11.45,11.60,11.30,11.50,0.05,1008021,11527086,292
2023-04-25,TWSE,2433,互盛電,53.30,53.60,52.90,52.90,-0.60,66203,3524438,65
2023-04-25,TWSE,2434,統懋,30.70,30.70,29.20,30.35,0.00,14747,438071,264
2023-04-25,TWSE,2436,偉詮電,48.95,49.35,46.75,46.90,-2.05,2033582,97325006,1589
2023-04-25,TWSE,2438,翔耀,27.50,27.50,26.00,27.00,-0.30,946077,25310838,464
2023-04-25,TWSE,2439,美律,87.90,87.90,86.20,86.20,-1.10,707181,61398324,557
2023-04-25,TWSE,2440,太空梭,11.50,11.50,11.25,11.35,-0.20,125000,1419100,73
2023-04-25,TWSE,2441,超豐,54.00,54.00,52.50,52.60,-1.00,870449,46000043,1016
2023-04-25,TWSE,2442,新美齊,16.15,16.15,15.45,15.70,-0.30,1886889,29598333,816
2023-04-25,TWSE,2443,昶虹,3.98,4.03,3.85,3.88,-0.15,254824,992222,73
2023-04-25,TWSE,2444,兆勁,16.45,16.45,15.70,15.70,-0.65,1545167,24695408,806
2023-04-25,TWSE,2449,京元電子,46.10,46.10,45.00,45.00,-1.20,11609724,526249060,6924
2023-04-25,TWSE,2450,神腦,34.20,34.30,34.05,34.20,-0.10,123939,4236431,116
2023-04-25,TWSE,2451,創見,70.70,70.70,70.00,70.10,-0.40,435873,30608701,440
2023-04-25,TWSE,2453,凌群,70.30,71.30,67.50,68.80,-2.70,12238233,848601897,7574
2023-04-25,TWSE,2454,聯發科,678.00,678.00,650.00,650.00,-26.00,9007698,5930130933,31984
2023-04-25,TWSE,2455,全新,95.30,95.80,89.10,89.70,-5.10,4562548,417533220,3755
2023-04-25,TWSE,2457,飛宏,73.90,76.20,69.80,72.70,-0.60,69424592,5052772769,35129
2023-04-25,TWSE,2458,義隆,95.60,95.80,91.00,91.10,-4.10,1999233,184256183,2371
2023-04-25,TWSE,2459,敦吉,56.80,56.90,55.80,56.10,-0.30,76943,4327285,89
2023-04-25,TWSE,2460,建通,23.30,23.40,21.75,22.05,-0.95,825931,18464885,643
2023-04-25,TWSE,2461,光群雷,22.85,23.10,22.45,22.60,-0.15,1104868,25155559,585
2023-04-25,TWSE,2462,良得電,31.70,31.90,30.70,31.00,-0.65,602504,18827978,378
2023-04-25,TWSE,2464,盟立,37.50,37.80,37.30,37.50,0.00,216909,8125717,188
2023-04-25,TWSE,2465,麗臺,36.85,37.15,36.00,36.05,-0.80,430936,15701979,392
2023-04-25,TWSE,2466,冠西電,34.85,34.85,34.75,34.75,-0.10,20300,705883,49
2023-04-25,TWSE,2467,志聖,47.50,47.50,46.50,46.85,-0.35,192695,9016374,196
2023-04-25,TWSE,2468,華經,24.45,24.65,23.25,23.40,-1.45,985379,23444580,680
2023-04-25,TWSE,2471,資通,61.00,62.80,55.70,57.30,-2.10,30967051,1840161084,18133
2023-04-25,TWSE,2472,立隆電,66.20,67.40,64.10,64.20,-2.60,1143550,74573319,913
2023-04-25,TWSE,2474,可成,181.50,181.50,178.00,179.00,-2.00,1248815,223933879,1171
2023-04-25,TWSE,2476,鉅祥,53.10,53.30,51.10,51.70,-1.40,1871524,97165208,1230
2023-04-25,TWSE,2477,美隆電,21.35,21.55,21.25,21.30,-0.05,60658,1296651,179
2023-04-25,TWSE,2478,大毅,48.30,48.40,46.90,47.00,-1.50,229969,10912252,247
2023-04-25,TWSE,2480,敦陽科,99.20,99.70,97.50,97.50,-1.70,236224,23184981,402
2023-04-25,TWSE,2481,強茂,67.40,67.40,63.90,64.30,-2.30,3532443,230349047,2841
2023-04-25,TWSE,2482,連宇,70.00,72.20,65.70,67.50,-1.30,28931799,2001824601,17936
2023-04-25,TWSE,2483,百容,27.20,27.30,26.25,26.40,-0.55,349202,9287135,255
2023-04-25,TWSE,2484,希華,37.60,38.20,36.35,36.70,-0.15,5006304,187331739,3061
2023-04-25,TWSE,2485,兆赫,19.70,19.70,18.90,19.00,-0.60,1296160,24787864,941
2023-04-25,TWSE,2486,一詮,29.00,29.60,28.35,28.35,-0.50,3546964,102384906,1791
2023-04-25,TWSE,2488,漢平,30.50,30.55,30.15,30.25,-0.25,118630,3593686,249
2023-04-25,TWSE,2489,瑞軒,10.65,11.10,10.60,10.65,0.15,9579359,103542048,3641
2023-04-25,TWSE,2491,吉祥全,12.60,12.70,12.10,12.10,-0.40,114462,1430406,50
2023-04-25,TWSE,2492,華新科,97.00,97.40,92.20,93.30,-3.40,3872250,364007179,3920
2023-04-25,TWSE,2493,揚博,53.30,53.50,52.00,52.60,-0.60,143522,7524147,197
2023-04-25,TWSE,2495,普安,25.65,26.45,24.75,25.50,-0.50,10621688,270588176,4981
2023-04-25,TWSE,2496,卓越,49.90,50.10,49.60,50.00,-0.10,7196,358881,39
2023-04-25,TWSE,2497,怡利電,73.20,73.90,70.40,70.70,-2.50,1496304,107244811,1189
2023-04-25,TWSE,2498,宏達電,58.10,58.50,55.60,55.90,-2.10,13068086,739131539,7853
2023-04-25,TWSE,2501,國建,17.15,17.15,16.90,17.00,-0.05,616664,10457272,314
2023-04-25,TWSE,2504,國產,28.40,28.45,27.75,27.90,-0.45,3620391,101522896,2107
2023-04-25,TWSE,2505,國揚,18.25,18.35,18.05,18.25,0.00,368951,6718726,187
2023-04-25,TWSE,2506,太設,9.32,9.32,9.21,9.23,-0.04,117301,1084042,71
2023-04-25,TWSE,2509,全坤建,15.15,15.20,15.05,15.05,-0.10,84855,1284406,433
2023-04-25,TWSE,2511,太子,11.70,11.70,11.50,11.60,-0.05,305319,3538845,157
2023-04-25,TWSE,2514,龍邦,17.20,17.20,17.15,17.15,0.00,15414,264271,46
2023-04-25,TWSE,2515,中工,10.35,10.40,9.98,10.05,-0.30,29642771,299639888,4918
2023-04-25,TWSE,2516,新建,5.03,5.03,4.95,5.00,0.00,185783,924503,314
2023-04-25,TWSE,2520,冠德,29.40,29.45,28.75,28.75,-0.50,800704,23161010,811
2023-04-25,TWSE,2524,京城,30.80,31.80,30.60,31.80,0.45,193516,5985521,161
2023-04-25,TWSE,2527,宏璟,22.45,22.50,22.25,22.30,-0.10,95074,2124265,77
2023-04-25,TWSE,2528,皇普,25.00,25.60,24.40,24.70,0.00,1867999,46930693,738
2023-04-25,TWSE,2530,華建,19.50,19.90,19.45,19.70,0.30,1194359,23472507,511
2023-04-25,TWSE,2534,宏盛,22.25,22.45,22.15,22.20,0.00,1877326,42996906,580
2023-04-25,TWSE,2535,達欣工,30.30,30.50,30.05,30.10,-0.15,950048,28673621,784
2023-04-25,TWSE,2536,宏普,24.10,24.15,23.95,24.05,-0.05,108510,2609990,93
2023-04-25,TWSE,2537,聯上發,6.95,6.95,6.88,6.88,-0.06,475192,3279937,215
2023-04-25,TWSE,2538,基泰,13.35,13.35,13.05,13.05,-0.25,531478,7007206,193
2023-04-25,TWSE,2539,櫻花建,37.25,37.55,37.25,37.25,0.00,154791,5789836,144
2023-04-25,TWSE,2540,愛山林,79.50,79.50,77.50,77.80,-1.70,482878,37776640,400
2023-04-25,TWSE,2542,興富發,41.85,42.25,41.60,41.65,-0.10,3578262,149651128,2063
2023-04-25,TWSE,2543,皇昌,9.32,9.32,9.22,9.22,-0.14,198575,1840591,66
2023-04-25,TWSE,2545,皇翔,46.20,46.45,45.80,45.90,-0.30,253405,11670755,259
2023-04-25,TWSE,2546,根基,68.90,69.50,67.30,67.70,-1.20,189123,12889419,384
2023-04-25,TWSE,2547,日勝生,9.15,9.20,9.09,9.10,-0.04,603374,5505740,255
2023-04-25,TWSE,2548,華固,94.20,94.70,93.70,94.30,0.90,1335771,126098836,1040
2023-04-25,TWSE,2597,潤弘,120.50,120.50,116.50,118.00,-2.00,110426,13055099,149
2023-04-25,TWSE,2601,益航,9.21,9.30,9.04,9.05,-0.16,3132423,28569463,1279
2023-04-25,TWSE,2603,長榮,165.00,166.50,161.50,162.00,-3.00,17938027,2933452252,13042
2023-04-25,TWSE,2605,新興,23.45,23.45,22.30,22.40,-0.80,3702313,84139069,1947
2023-04-25,TWSE,2606,裕民,55.60,55.60,53.70,53.70,-1.40,4043257,218876038,2473
2023-04-25,TWSE,2607,榮運,27.35,27.50,26.80,26.85,-0.45,2705301,73141380,1432
2023-04-25,TWSE,2608,嘉里大榮,38.20,38.20,37.90,38.05,-0.10,139427,5302042,137
2023-04-25,TWSE,2609,陽明,64.80,65.30,63.70,63.70,-1.00,21499200,1380286340,13957
2023-04-25,TWSE,2610,華航,19.15,19.30,18.70,18.80,-0.35,37167736,702423632,13109
2023-04-25,TWSE,2611,志信,13.15,13.20,12.70,12.70,-0.40,842576,10860312,1101
2023-04-25,TWSE,2612,中航,40.05,40.30,39.20,39.25,-0.65,476239,18867116,431
2023-04-25,TWSE,2613,中櫃,22.60,22.60,21.95,22.05,-0.45,299659,6639578,410
2023-04-25,TWSE,2614,東森,19.85,19.85,19.00,19.15,-0.50,1767902,34124110,1401
2023-04-25,TWSE,2615,萬海,65.60,66.00,64.00,64.20,-1.30,9043800,584736679,6024
2023-04-25,TWSE,2616,山隆,32.30,32.35,32.05,32.15,-0.15,98605,3172280,178
2023-04-25,TWSE,2617,台航,31.85,31.95,31.05,31.05,-0.60,942593,29592659,644
2023-04-25,TWSE,2618,長榮航,26.05,26.35,25.65,25.65,-0.30,24284039,628735797,8625
2023-04-25,TWSE,2630,亞航,24.85,26.00,24.85,25.00,0.10,1122107,28487368,812
2023-04-25,TWSE,2633,台灣高鐵,31.05,31.05,30.65,30.75,-0.20,3984001,122635196,1894
2023-04-25,TWSE,2634,漢翔,56.40,59.20,54.70,56.40,-1.10,139968884,7996758252,69448
2023-04-25,TWSE,2636,台驊控股,77.30,77.70,75.10,75.10,-1.70,507469,38619478,578
2023-04-25,TWSE,2637,慧洋-KY,62.80,63.40,61.70,62.00,-0.60,2937120,183282872,2215
2023-04-25,TWSE,2642,宅配通,46.00,46.60,45.65,45.75,-0.25,137077,6322691,143
2023-04-25,TWSE,2645,長榮航太,112.50,117.00,108.50,110.00,-3.00,4773916,538117909,3912
2023-04-25,TWSE,2701,萬企,12.70,12.70,12.40,12.50,-0.15,808896,10104522,185
2023-04-25,TWSE,2702,華園,23.35,23.55,22.95,23.00,-0.40,307933,7112376,300
2023-04-25,TWSE,2704,國賓,37.75,38.25,37.55,37.75,0.00,282962,10682766,172
2023-04-25,TWSE,2705,六福,18.40,18.50,17.95,18.00,-0.40,1161619,21085666,620
2023-04-25,TWSE,2706,第一店,14.95,14.95,14.70,14.75,-0.15,464470,6858085,209
2023-04-25,TWSE,2707,晶華,289.00,291.50,279.00,280.50,-7.50,1295811,368609622,1724
2023-04-25,TWSE,2712,遠雄來,34.50,34.60,34.00,34.30,-0.30,54615,1868767,39
2023-04-25,TWSE,2722,夏都,50.70,51.50,48.60,49.00,-1.00,474524,23640853,425
2023-04-25,TWSE,2723,美食-KY,154.50,158.50,149.00,150.50,-4.00,2018816,307992513,1714
2023-04-25,TWSE,2727,王品,319.00,335.00,303.00,315.50,-3.00,9843775,3152099702,8611
2023-04-25,TWSE,2731,雄獅,171.50,179.50,167.50,171.00,-1.50,4256241,735487584,3958
2023-04-25,TWSE,2739,寒舍,63.80,64.30,59.00,60.00,-3.50,676059,40941201,610
2023-04-25,TWSE,2748,雲品,90.00,91.60,85.70,86.30,-4.20,3552443,312713270,2907
2023-04-25,TWSE,2753,八方雲集,181.00,184.50,175.00,175.00,-6.50,1481954,264573110,2166
2023-04-25,TWSE,2801,彰銀,17.55,17.60,17.45,17.50,-0.05,5495553,96283639,1264
2023-04-25,TWSE,2809,京城銀,34.60,34.80,34.45,34.45,-0.10,1067010,36945732,620
2023-04-25,TWSE,2812,台中銀,14.00,14.15,13.95,14.00,0.00,9779982,137455751,3255
2023-04-25,TWSE,2816,旺旺保,15.30,15.30,15.15,15.20,-0.10,95461,1455361,44
2023-04-25,TWSE,2820,華票,15.10,15.15,14.95,15.05,0.00,441899,6628954,249
2023-04-25,TWSE,2832,台產,21.00,21.00,20.80,20.85,-0.10,132182,2761823,97
2023-04-25,TWSE,2834,臺企銀,13.90,14.00,13.80,13.85,-0.05,16864874,234337446,5297
2023-04-25,TWSE,2836,高雄銀,12.20,12.20,12.10,12.10,-0.10,324851,3942878,247
2023-04-25,TWSE,2836A,高雄銀甲特,22.10,22.10,22.05,22.05,-0.10,13000,287250,9
2023-04-25,TWSE,2838,聯邦銀,15.85,15.90,15.75,15.80,0.00,532925,8420555,329
2023-04-25,TWSE,2838A,聯邦銀甲特,52.50,52.50,52.30,52.40,-0.20,182000,9530900,61
2023-04-25,TWSE,2845,遠東銀,11.15,11.20,11.05,11.10,-0.05,3809131,42340865,1161
2023-04-25,TWSE,2849,安泰銀,14.95,14.95,14.80,14.85,-0.10,122807,1823462,43
2023-04-25,TWSE,2850,新產,50.10,50.10,49.60,49.65,-0.25,203843,10142295,178
2023-04-25,TWSE,2851,中再保,18.20,18.30,17.95,18.10,-0.05,1748885,31573811,848
2023-04-25,TWSE,2852,第一保,15.80,15.80,15.55,15.60,-0.15,269394,4221444,138
2023-04-25,TWSE,2855,統一證,16.70,16.75,16.40,16.45,-0.25,589159,9752177,406
2023-04-25,TWSE,2867,三商壽,5.11,5.13,5.02,5.04,-0.05,14528752,73419114,2705
2023-04-25,TWSE,2880,華南金,22.90,23.00,22.75,22.80,-0.05,6064341,138619697,2916
2023-04-25,TWSE,2881,富邦金,58.20,58.60,57.50,57.50,-0.60,8103065,469505374,4975
2023-04-25,TWSE,2881A,富邦特,62.20,62.20,62.00,62.00,-0.20,29237,1815504,24
2023-04-25,TWSE,2881B,富邦金乙特,59.90,60.00,59.70,59.80,-0.10,176591,10557699,66
2023-04-25,TWSE,2881C,富邦金丙特,58.40,58.40,58.40,58.40,0.00,59476,3473019,28
2023-04-25,TWSE,2882,國泰金,42.70,43.00,42.50,42.60,-0.05,13162078,561364811,5839
2023-04-25,TWSE,2882A,國泰特,59.90,59.90,59.70,59.90,0.00,73155,4375555,38
2023-04-25,TWSE,2882B,國泰金乙特,59.60,59.70,59.50,59.70,0.00,97105,5784805,51
2023-04-25,TWSE,2883,凱基金,13.20,13.20,12.90,12.95,-0.25,49760953,648574574,11947
2023-04-25,TWSE,2883B,凱基金乙特,7.49,7.50,7.46,7.47,-0.01,2471860,18477198,336
2023-04-25,TWSE,2884,玉山金,24.95,25.05,24.85,24.95,-0.05,12268005,305938158,6360
2023-04-25,TWSE,2885,元大金,22.40,22.55,22.30,22.40,0.00,9098940,203876640,3448
2023-04-25,TWSE,2886,兆豐金,34.10,34.20,33.75,33.90,-0.20,9664175,327968609,5307
2023-04-25,TWSE,2887,台新新光金,17.25,17.30,17.05,17.10,-0.10,12077432,207274797,4180
2023-04-25,TWSE,2887E,台新新光戊特一,50.70,50.80,50.70,50.70,0.00,128334,6506522,199
2023-04-25,TWSE,2887F,台新新光戊特二,48.65,48.80,48.65,48.80,-0.10,8048,391639,5
2023-04-25,TWSE,2887Z1,台新新光己特,16.90,16.95,16.90,16.95,0.00,114145,1934138,11
2023-04-25,TWSE,2888,新光金,8.49,8.54,8.38,8.40,-0.08,17699062,148979207,5801
2023-04-25,TWSE,2888A,新光金甲特,34.85,34.85,34.75,34.80,-0.20,105859,3680552,39
2023-04-25,TWSE,2888B,新光金乙特,34.80,34.80,34.75,34.80,0.00,102316,3559736,69
2023-04-25,TWSE,2889,國票金,12.45,12.45,12.15,12.30,-0.05,3384133,41480685,1620
2023-04-25,TWSE,2890,永豐金,16.70,16.75,16.65,16.65,-0.05,17426268,290892612,4120
2023-04-25,TWSE,2891,中信金,22.45,22.55,22.30,22.35,-0.10,21069220,472428171,5160
2023-04-25,TWSE,2891B,中信金乙特,59.60,59.70,59.30,59.60,0.00,82200,4895660,22
2023-04-25,TWSE,2891C,中信金丙特,59.60,59.90,59.50,59.60,0.00,55007,3277414,21
2023-04-25,TWSE,2892,第一金,26.95,27.10,26.85,26.90,-0.05,18287903,492991145,4041
2023-04-25,TWSE,2897,王道銀行,10.10,10.25,10.00,10.05,0.00,5536151,55939467,1275
2023-04-25,TWSE,2897A,王道銀甲特,10.50,10.60,10.45,10.50,0.00,30453,319959,16
2023-04-25,TWSE,2901,欣欣,24.75,24.95,24.65,24.80,-0.20,8250,204968,54
2023-04-25,TWSE,2903,遠百,22.05,22.30,22.00,22.00,0.00,895995,19838602,443
2023-04-25,TWSE,2904,匯僑,20.25,20.25,20.20,20.25,-0.10,25711,520428,28
2023-04-25,TWSE,2905,三商,15.10,15.30,15.00,15.05,0.00,294553,4455957,199
2023-04-25,TWSE,2906,高林,17.25,17.25,16.75,16.75,-0.35,778401,13151441,404
2023-04-25,TWSE,2908,特力,20.95,20.95,20.70,20.75,-0.10,207061,4301241,71
2023-04-25,TWSE,2910,統領,29.35,29.35,29.30,29.35,-0.30,9010,264240,8
2023-04-25,TWSE,2911,麗嬰房,7.22,7.22,7.15,7.15,-0.07,119305,857456,320
2023-04-25,TWSE,2912,統一超,270.50,271.00,269.50,271.00,1.00,569982,154172623,711
2023-04-25,TWSE,2913,農林,24.35,24.90,22.85,23.25,-1.50,32141586,762959642,12068
2023-04-25,TWSE,2915,潤泰全,57.90,59.00,57.30,57.50,-0.70,6548487,379767761,3716
2023-04-25,TWSE,2923,鼎固-KY,23.00,23.00,22.80,22.80,0.00,11283,258396,49
2023-04-25,TWSE,2929,淘帝-KY,13.55,13.60,13.05,13.05,-0.50,731870,9668457,901
2023-04-25,TWSE,2939,永邑-KY,34.20,35.00,34.20,34.20,0.05,90002,3117218,52
2023-04-25,TWSE,2945,三商家購,41.60,42.00,41.50,42.00,-0.10,5173,215716,9
2023-04-25,TWSE,3002,歐格,12.25,12.30,12.00,12.00,-0.40,267045,3231196,143
2023-04-25,TWSE,3003,健和興,76.30,78.60,74.80,75.00,-0.80,2212549,169216521,1772
2023-04-25,TWSE,3004,豐達科,110.50,114.00,99.00,99.00,-9.50,8742080,926004534,5500
2023-04-25,TWSE,3005,神基,58.60,58.60,56.60,57.10,-2.30,7934773,454228343,4911
2023-04-25,TWSE,3006,晶豪科,84.00,84.00,78.70,79.60,-3.50,6650184,536636955,5503
2023-04-25,TWSE,3008,大立光,2050.00,2070.00,2010.00,2010.00,-35.00,698904,1418906245,2583
2023-04-25,TWSE,3010,華立,88.00,88.30,87.60,88.00,0.00,460121,40464479,334
2023-04-25,TWSE,3011,今皓,29.55,30.00,28.60,28.85,-0.70,2739739,79631159,1337
2023-04-25,TWSE,3013,晟銘電,23.30,23.85,22.15,22.40,-0.95,8419939,193680905,3685
2023-04-25,TWSE,3014,聯陽,88.40,89.10,87.00,87.00,-1.60,1107945,97549958,818
2023-04-25,TWSE,3015,全漢,49.55,49.75,48.55,48.75,-0.50,391541,19199385,337
2023-04-25,TWSE,3016,嘉晶,64.40,64.40,61.90,62.10,-2.10,1375879,86539628,1218
2023-04-25,TWSE,3017,奇鋐,144.50,145.50,138.00,141.50,-2.50,6824944,960698460,4736
2023-04-25,TWSE,3019,亞光,64.80,64.90,62.70,62.80,-1.60,986815,62499651,825
2023-04-25,TWSE,3021,鴻名,21.30,21.45,21.00,21.05,-0.10,71682,1514033,55
2023-04-25,TWSE,3022,威強電,78.00,78.10,74.90,76.00,-1.40,1906563,145291251,1633
2023-04-25,TWSE,3023,信邦,355.00,355.50,333.50,339.50,-8.00,914637,312004655,1066
2023-04-25,TWSE,3024,憶聲,14.65,14.65,14.40,14.55,-0.05,1242307,18077281,545
2023-04-25,TWSE,3025,星通,31.90,32.90,30.30,30.50,-1.20,5194054,163131663,3125
2023-04-25,TWSE,3026,禾伸堂,102.00,102.00,100.00,101.00,-1.00,214007,21519121,234
2023-04-25,TWSE,3027,盛達,45.00,45.20,41.80,42.25,-2.30,5154319,221460059,3281
2023-04-25,TWSE,3028,增你強,32.15,32.20,31.80,31.85,-0.15,450410,14389853,451
2023-04-25,TWSE,3029,零壹,57.50,58.40,55.00,55.80,-1.80,6699950,378355488,5051
2023-04-25,TWSE,3030,德律,64.20,64.40,63.50,63.60,-0.50,294664,18794026,220
2023-04-25,TWSE,3031,佰鴻,18.65,18.90,18.15,18.25,-0.40,266167,4888932,173
2023-04-25,TWSE,3032,偉訓,51.30,51.80,48.20,49.20,-2.30,9029213,449098710,4107
2023-04-25,TWSE,3033,威健,29.95,30.10,29.40,29.45,-0.40,1728356,51258743,1062
2023-04-25,TWSE,3034,聯詠,436.00,437.00,409.00,409.00,-29.50,7650926,3198677215,10973
2023-04-25,TWSE,3035,智原,177.50,178.00,167.00,171.00,-6.00,17254123,2958620128,13479
2023-04-25,TWSE,3036,文曄,66.10,66.50,65.20,65.70,-0.30,1179424,77700302,745
2023-04-25,TWSE,3036A,文曄甲特,48.60,48.60,48.55,48.60,0.00,23143,1124249,14
2023-04-25,TWSE,3037,欣興,140.50,141.50,135.00,135.00,-4.50,26407417,3629862518,16023
2023-04-25,TWSE,3038,全台,28.90,29.40,28.25,28.30,-0.15,4002864,114807019,2105
2023-04-25,TWSE,3040,遠見,31.85,31.85,31.10,31.10,-0.70,30105,950659,28
2023-04-25,TWSE,3041,揚智,19.75,19.80,18.95,19.15,-0.60,1884803,36211819,1418
2023-04-25,TWSE,3042,晶技,86.10,86.20,83.70,83.90,-2.10,1638562,138668160,1299
2023-04-25,TWSE,3043,科風,39.20,39.35,38.75,38.95,0.10,88837,3463237,300
2023-04-25,TWSE,3044,健鼎,117.50,117.50,113.50,113.50,-1.00,3083537,353996421,1877
2023-04-25,TWSE,3045,台灣大,103.50,104.00,102.50,103.00,0.00,2964683,305527525,2198
2023-04-25,TWSE,3046,建碁,70.60,72.40,67.10,67.80,-2.80,4113384,285192083,2915
2023-04-25,TWSE,3047,訊舟,16.30,16.30,15.75,15.80,-0.45,3365298,53634471,1576
2023-04-25,TWSE,3048,益登,28.25,28.25,27.40,27.45,-0.80,1589623,44075614,1131
2023-04-25,TWSE,3049,精金,10.10,10.20,9.96,10.00,-0.10,2358534,23647062,712
2023-04-25,TWSE,3050,鈺德,15.40,15.40,15.10,15.20,-0.15,584847,8889156,445
2023-04-25,TWSE,3051,力特,18.60,18.60,17.75,17.90,-0.40,1093015,19644466,800
2023-04-25,TWSE,3052,夆典,11.20,11.20,11.00,11.15,0.00,243799,2703650,402
2023-04-25,TWSE,3054,立萬利,19.00,19.00,18.60,19.00,-0.15,15716,294474,16
2023-04-25,TWSE,3055,蔚華科,28.70,28.70,28.00,28.20,-0.50,60211,1707084,157
2023-04-25,TWSE,3056,富華新,49.05,49.05,48.05,48.20,-0.70,3206857,155164321,2428
2023-04-25,TWSE,3057,喬鼎,11.75,11.85,11.30,11.30,-0.45,307000,3524575,629
2023-04-25,TWSE,3058,立德,23.50,23.70,22.05,22.20,-1.25,5711295,129538414,3308
2023-04-25,TWSE,3059,華晶科,33.85,33.85,32.65,32.80,-0.95,2599402,86056177,1865
2023-04-25,TWSE,3060,銘異,17.80,17.80,17.20,17.20,-0.55,286459,4974696,576
2023-04-25,TWSE,3062,建漢,23.25,23.25,22.40,22.45,-0.70,2579392,58746674,1534
2023-04-25,TWSE,3090,日電貿,57.20,57.20,56.30,56.30,-0.90,719676,40739297,671
2023-04-25,TWSE,3092,鴻碩,37.40,37.55,36.00,36.20,-1.05,656845,23998256,486
2023-04-25,TWSE,3094,聯傑,33.30,33.30,31.70,31.90,-1.35,1679267,54123385,1168
2023-04-25,TWSE,3130,一零四,211.00,211.00,210.00,210.50,0.50,9163,1930090,65
2023-04-25,TWSE,3138,耀登,164.00,168.00,157.00,158.00,-5.00,992603,160729629,1460
2023-04-25,TWSE,3149,正達,18.90,18.90,18.20,18.25,-0.65,1377624,25460043,730
2023-04-25,TWSE,3164,景岳,24.50,24.55,23.55,24.00,-0.45,175641,4179456,184
2023-04-25,TWSE,3167,大量,43.05,43.05,41.35,41.60,-1.45,123582,5192519,108
2023-04-25,TWSE,3189,景碩,109.00,109.50,102.50,104.50,-4.00,8282228,869399661,6156
2023-04-25,TWSE,3209,全科,41.70,42.05,40.85,40.95,-0.75,1540687,63458923,1170
2023-04-25,TWSE,3229,晟鈦,19.55,19.55,19.40,19.40,-0.15,47007,915433,29
2023-04-25,TWSE,3231,緯創,45.60,45.60,43.20,43.70,-2.50,88237907,3886594980,43525
2023-04-25,TWSE,3257,虹冠電,56.30,56.70,53.60,54.10,-2.20,234948,12844483,530
2023-04-25,TWSE,3266,昇陽,12.75,12.80,12.70,12.75,-0.05,86000,1096300,34
2023-04-25,TWSE,3296,勝德,17.20,17.40,16.70,17.15,0.05,901118,15333401,592
2023-04-25,TWSE,3305,昇貿,50.70,50.70,47.95,47.95,-2.15,1033834,50220461,862
2023-04-25,TWSE,3308,聯德,30.60,31.20,28.55,28.65,-2.55,1026552,29954356,475
2023-04-25,TWSE,3311,閎暉,34.50,34.50,33.90,33.95,-0.55,66199,2255905,69
2023-04-25,TWSE,3312,弘憶股,21.50,21.50,21.00,21.05,-0.35,623107,13180863,409
2023-04-25,TWSE,3321,同泰,6.40,6.43,6.32,6.33,-0.07,77108,489012,46
2023-04-25,TWSE,3338,泰碩,44.00,44.30,43.05,43.35,-0.65,730455,31754212,634
2023-04-25,TWSE,3346,麗清,38.80,38.80,37.35,37.50,-0.90,1026803,38826437,676
2023-04-25,TWSE,3356,奇偶,38.50,38.50,36.60,36.95,-1.55,1340931,50010296,849
2023-04-25,TWSE,3376,新日興,88.80,88.80,86.10,86.10,-2.10,265476,23050314,254
2023-04-25,TWSE,3380,明泰,35.95,36.20,34.40,34.80,-0.90,3238710,113475411,2139
2023-04-25,TWSE,3406,玉晶光,374.00,374.00,355.50,356.00,-15.00,1757547,635852737,2699
2023-04-25,TWSE,3413,京鼎,188.00,188.50,184.00,185.00,-3.00,552188,102688437,763
2023-04-25,TWSE,3416,融程電,113.00,115.00,109.00,110.50,-2.00,1047909,117329526,981
2023-04-25,TWSE,3419,譁裕,19.10,20.45,19.05,20.05,0.95,8708829,173152123,3781
2023-04-25,TWSE,3432,台端,14.20,14.20,13.55,13.55,-0.40,528468,7261458,275
2023-04-25,TWSE,3437,榮創,19.30,19.50,18.65,18.75,-0.55,303105,5741972,445
2023-04-25,TWSE,3443,創意,1030.00,1030.00,921.00,933.00,-87.00,9668575,9275062143,14435
2023-04-25,TWSE,3447,展達,52.10,52.30,50.00,50.30,-1.60,793076,40386775,590
2023-04-25,TWSE,3450,聯鈞,37.95,37.95,36.70,36.75,-0.70,461771,17103992,375
2023-04-25,TWSE,3454,晶睿,228.00,228.00,215.00,216.50,-11.00,1714859,377541872,1682
2023-04-25,TWSE,3481,群創,14.30,14.35,13.80,13.85,-0.35,52166499,730413536,13936
2023-04-25,TWSE,3494,誠研,6.75,7.22,6.75,6.86,0.15,332836,2328486,182
2023-04-25,TWSE,3501,維熹,54.90,57.20,54.60,55.10,0.60,2262668,126442733,1637
2023-04-25,TWSE,3504,揚明光,78.80,79.20,76.00,76.00,-3.40,1210477,93460357,1136
2023-04-25,TWSE,3515,華擎,135.50,135.50,129.00,129.00,-6.50,1128934,147812984,1240
2023-04-25,TWSE,3518,柏騰,32.55,32.70,30.15,31.15,-1.05,1176473,36907489,700
2023-04-25,TWSE,3528,安馳,64.00,64.30,62.40,64.00,0.20,170687,10830978,197
2023-04-25,TWSE,3530,晶相光,81.20,81.40,78.60,78.90,-2.40,196112,15657785,184
2023-04-25,TWSE,3532,台勝科,153.00,153.50,145.00,145.50,-7.00,2969465,438068582,2713
2023-04-25,TWSE,3533,嘉澤,905.00,907.00,858.00,865.00,-37.00,660096,574334699,1351
2023-04-25,TWSE,3535,晶彩科,21.40,21.45,20.75,20.75,-0.70,607484,12777186,381
2023-04-25,TWSE,3543,州巧,21.80,21.80,21.10,21.45,-0.35,90006,1925535,47
2023-04-25,TWSE,3545,敦泰,82.30,83.30,78.70,79.00,-3.20,5588604,449958408,4037
2023-04-25,TWSE,3550,聯穎,15.70,15.80,15.45,15.50,-0.20,241327,3759893,209
2023-04-25,TWSE,3557,嘉威,67.20,67.70,65.80,66.10,-1.20,122231,8126250,188
2023-04-25,TWSE,3563,牧德,183.50,195.00,183.50,186.50,4.50,667154,127309103,677
2023-04-25,TWSE,3576,聯合再生,21.00,21.10,20.55,20.55,-0.30,8717152,180678763,3856
2023-04-25,TWSE,3583,辛耘,90.20,90.20,87.00,88.30,0.50,1131251,100094521,1248
2023-04-25,TWSE,3588,通嘉,61.20,61.40,57.00,57.80,-3.20,893048,52384642,773
2023-04-25,TWSE,3591,艾笛森,23.80,23.90,22.85,23.15,-0.45,1585029,36976116,877
2023-04-25,TWSE,3592,瑞鼎,402.00,403.00,372.00,373.50,-26.50,1895532,726476278,3225
2023-04-25,TWSE,3593,力銘,12.50,12.50,12.30,12.45,-0.15,26294,324472,277
2023-04-25,TWSE,3596,智易,102.50,103.00,99.90,100.00,-2.00,1604314,161803422,1226
2023-04-25,TWSE,3605,宏致,30.85,30.85,30.00,30.10,-0.55,270438,8183362,297
2023-04-25,TWSE,3607,谷崧,13.90,13.90,13.50,13.50,-0.40,181359,2469926,226
2023-04-25,TWSE,3617,碩天,121.50,122.00,115.50,116.00,-4.50,611512,72241134,572
2023-04-25,TWSE,3622,洋華,31.70,31.80,30.00,30.20,-1.00,353990,10910301,242
2023-04-25,TWSE,3645,達邁,34.20,34.20,32.50,32.70,-1.00,525280,17308767,360
2023-04-25,TWSE,3652,精聯,29.60,30.55,28.80,28.95,-0.80,1379179,40833671,986
2023-04-25,TWSE,3653,健策,453.50,454.00,430.00,437.50,-14.00,1234298,541838346,1388
2023-04-25,TWSE,3661,世芯-KY,1210.00,1215.00,1120.00,1135.00,-75.00,5990495,6891072780,7010
2023-04-25,TWSE,3665,貿聯-KY,256.50,258.50,250.00,250.50,-4.50,1182108,299281375,1503
2023-04-25,TWSE,3669,圓展,44.50,44.60,43.50,43.50,-1.10,112019,4928786,93
2023-04-25,TWSE,3673,TPK-KY,37.65,37.85,36.80,36.90,-0.80,3395270,126215814,1967
2023-04-25,TWSE,3679,新至陞,90.00,90.40,88.10,88.10,-1.50,37791,3368169,58
2023-04-25,TWSE,3682,亞太電,6.61,6.61,6.54,6.55,-0.06,2034190,13389492,860
2023-04-25,TWSE,3686,達能,15.50,15.60,15.00,15.05,-0.45,498846,7571434,359
2023-04-25,TWSE,3694,海華,23.95,23.95,22.60,22.90,-1.05,585645,13527594,401
2023-04-25,TWSE,3701,大眾控,58.60,60.40,56.00,57.10,-1.90,2688401,155975744,1812
2023-04-25,TWSE,3702,大聯大,50.00,50.20,49.65,49.80,0.05,3462817,172866957,1942
2023-04-25,TWSE,3702A,大聯大甲特,49.20,49.20,49.05,49.10,0.00,21007,1031424,22
2023-04-25,TWSE,3703,欣陸,31.25,31.30,30.70,30.80,-0.40,1947420,60184218,1067
2023-04-25,TWSE,3704,合勤控,40.80,40.80,39.25,39.50,-0.90,5034559,201023147,3923
2023-04-25,TWSE,3705,永信,44.75,45.20,44.30,44.30,-0.45,752796,33552782,663
2023-04-25,TWSE,3706,神達,28.30,28.30,27.95,28.10,-0.20,4852415,136334821,3199
2023-04-25,TWSE,3708,上緯投控,102.50,103.50,99.50,100.00,-2.00,1512076,152583614,1176
2023-04-25,TWSE,3711,日月光投控,103.00,103.00,101.00,101.50,-0.50,10444150,1063208331,7201
2023-04-25,TWSE,3712,永崴投控,38.15,39.30,37.40,37.75,0.35,5906543,225785849,3404
2023-04-25,TWSE,3714,富采,51.70,52.00,49.55,49.70,-1.90,5297335,267294150,3484
2023-04-25,TWSE,3715,定穎投控,23.85,24.10,22.90,23.10,-0.70,7032745,163932218,3169
2023-04-25,TWSE,4104,佳醫,87.30,87.30,85.00,85.20,-1.80,508625,43626987,891
2023-04-25,TWSE,4106,雃博,30.90,31.20,29.90,30.40,-0.20,396137,12087757,246
2023-04-25,TWSE,4108,懷特,19.75,20.15,19.30,19.40,-0.35,780628,15455769,714
2023-04-25,TWSE,4119,旭富,129.00,131.00,125.00,127.00,-1.50,667337,85254174,759
2023-04-25,TWSE,4133,亞諾法,36.20,36.20,34.30,34.65,-1.15,358189,12561650,586
2023-04-25,TWSE,4137,麗豐-KY,231.00,231.00,218.50,219.00,-9.00,466590,104164496,642
2023-04-25,TWSE,4142,國光生,40.35,40.75,39.20,39.30,-0.95,1627357,64608568,1125
2023-04-25,TWSE,4148,全宇生技-KY,63.00,63.00,60.50,61.00,-1.70,317230,19544823,212
2023-04-25,TWSE,4155,訊映,32.95,33.35,31.90,32.25,-0.65,1030894,33553195,601
2023-04-25,TWSE,4164,承業醫,67.00,69.40,65.30,66.30,-0.80,3284828,219481742,2238
2023-04-25,TWSE,4190,佐登-KY,98.00,98.30,94.30,95.50,-2.60,614211,58972462,1055
2023-04-25,TWSE,4306,炎洲,17.00,17.20,16.80,16.90,0.00,3671612,62417017,1739
2023-04-25,TWSE,4426,利勤,24.35,25.30,24.00,24.00,-0.30,332143,8121986,234
2023-04-25,TWSE,4438,廣越,115.00,115.00,113.50,113.50,-0.50,77465,8842687,82
2023-04-25,TWSE,4439,冠星-KY,112.00,112.00,110.00,110.50,-1.50,15220,1684529,18
2023-04-25,TWSE,4440,宜新實業,34.45,34.50,34.15,34.25,-0.25,83204,2856641,55
2023-04-25,TWSE,4526,東台,17.30,17.35,16.75,16.80,-0.50,537250,9099708,722
2023-04-25,TWSE,4532,瑞智,17.75,17.75,17.35,17.40,-0.30,394978,6913828,278
2023-04-25,TWSE,4536,拓凱,201.50,203.00,194.00,195.50,-5.50,1213350,239346026,1462
2023-04-25,TWSE,4540,全球傳動,42.05,42.10,41.00,41.10,-0.85,190994,7902200,177
2023-04-25,TWSE,4545,銘鈺,31.90,31.90,31.40,31.40,-0.40,50210,1583764,55
2023-04-25,TWSE,4551,智伸科,139.50,139.50,135.00,136.00,-3.50,382161,52031255,319
2023-04-25,TWSE,4552,力達-KY,32.30,32.70,31.90,32.25,0.00,207625,6674651,127
2023-04-25,TWSE,4555,氣立,48.60,48.95,48.30,48.70,0.25,196036,9514056,87
2023-04-25,TWSE,4557,永新-KY,110.00,110.50,108.00,108.00,-1.50,48314,5250783,102
2023-04-25,TWSE,4560,強信-KY,39.35,39.35,38.80,39.10,-0.15,50550,1974802,48
2023-04-25,TWSE,4562,穎漢,16.20,16.40,16.05,16.15,-0.20,39000,629850,33
2023-04-25,TWSE,4564,元翎,23.95,24.15,23.55,23.65,-0.15,478169,11353107,1345
2023-04-25,TWSE,4566,時碩工業,66.00,69.70,65.00,65.70,1.60,14982401,1011411667,10445
2023-04-25,TWSE,4571,鈞興-KY,80.20,80.20,78.50,79.00,0.00,17000,1342200,15
2023-04-25,TWSE,4572,駐龍,158.00,164.00,154.00,154.00,-3.50,3086885,491631493,2340
2023-04-25,TWSE,4576,大銀微系統,76.00,76.00,74.30,74.30,-1.80,94282,7062022,116
2023-04-25,TWSE,4581,光隆精密-KY,48.80,49.45,48.10,48.85,0.05,41031,1995051,42
2023-04-25,TWSE,4583,台灣精銳,215.00,215.00,208.00,209.00,-3.00,37969,8013079,51
2023-04-25,TWSE,4720,德淵,15.05,15.25,14.70,14.80,-0.15,641810,9623079,324
2023-04-25,TWSE,4722,國精化,35.20,35.50,34.95,35.05,-0.15,92771,3261190,61
2023-04-25,TWSE,4737,華廣,74.10,74.10,73.20,73.70,-0.40,47446,3490132,62
2023-04-25,TWSE,4739,康普,95.40,95.40,92.00,92.20,-2.60,582290,54091686,1454
2023-04-25,TWSE,4746,台耀,81.70,82.80,78.80,79.30,-1.50,1964845,158047615,1635
2023-04-25,TWSE,4755,三福化,132.50,138.00,124.50,125.50,-5.50,3941413,521060726,3620
2023-04-25,TWSE,4763,材料*-KY,449.00,449.00,422.50,427.50,-19.50,691015,296810986,775
2023-04-25,TWSE,4764,雙鍵,50.70,52.10,50.60,50.70,-1.30,58000,2973300,19
2023-04-25,TWSE,4766,南寶,146.00,147.00,143.00,145.00,-1.00,124865,18049514,159
2023-04-25,TWSE,4770,上品,292.00,293.00,263.50,264.00,-28.00,2212567,608231992,3010
2023-04-25,TWSE,4807,日成-KY,20.60,21.00,20.60,20.80,-0.10,8000,166400,6
2023-04-25,TWSE,4904,遠傳,78.00,78.20,77.60,78.00,0.00,5938782,463158962,2690
2023-04-25,TWSE,4906,正文,31.95,31.95,30.55,30.80,-0.70,3368191,104378984,1918
2023-04-25,TWSE,4912,聯德控股-KY,75.00,75.00,71.30,71.80,-1.20,24873,1796122,59
2023-04-25,TWSE,4915,致伸,60.10,60.60,58.80,58.90,-1.00,2779754,165042982,2037
2023-04-25,TWSE,4916,事欣科,32.50,32.90,31.25,31.35,-0.90,2218996,70589919,1334
2023-04-25,TWSE,4919,新唐,137.50,137.50,128.00,130.00,-9.00,11328973,1491350865,9307
2023-04-25,TWSE,4927,泰鼎-KY,56.70,56.70,53.50,53.90,-2.30,1859702,101878724,1372
2023-04-25,TWSE,4930,燦星網,25.20,25.25,25.00,25.00,-0.25,93807,2350823,93
2023-04-25,TWSE,4934,太極,31.35,31.35,30.10,30.15,-0.85,1821326,55510847,1672
2023-04-25,TWSE,4935,茂林-KY,56.40,56.40,55.10,55.60,-0.70,149000,8285400,119
2023-04-25,TWSE,4938,和碩,70.00,70.10,68.80,69.00,-0.70,8253680,572292941,6195
2023-04-25,TWSE,4942,嘉彰,37.75,37.75,37.00,37.55,0.00,272276,10159014,185
2023-04-25,TWSE,4943,康控-KY,15.30,15.30,15.10,15.10,-1.65,109458,1655739,577
2023-04-25,TWSE,4952,凌通,55.70,55.70,54.50,54.60,-1.10,327844,18019235,307
2023-04-25,TWSE,4956,光鋐,16.35,16.40,15.70,15.80,-0.45,293054,4700713,159
2023-04-25,TWSE,4958,臻鼎-KY,111.50,112.00,109.00,109.00,-1.50,3960498,436405972,2419
2023-04-25,TWSE,4960,誠美材,12.25,12.40,11.70,11.70,-0.90,13393697,159469540,7064
2023-04-25,TWSE,4961,天鈺,163.50,164.00,155.00,157.50,-6.00,4983708,793933409,3869
2023-04-25,TWSE,4967,十銓,77.60,79.80,71.00,71.50,-5.50,11415399,861808318,6990
2023-04-25,TWSE,4968,立積,179.00,182.00,165.50,169.00,-10.00,20286312,3486495787,13289
2023-04-25,TWSE,4976,佳凌,50.40,50.40,47.50,47.50,-2.00,1085241,52446939,1210
2023-04-25,TWSE,4977,眾達-KY,115.50,115.50,104.00,106.50,-8.00,8035882,869401798,5006
2023-04-25,TWSE,4989,榮科,26.35,26.40,25.50,25.60,-0.75,177897,4597684,211
2023-04-25,TWSE,4994,傳奇,45.25,45.25,42.90,43.65,-1.35,98645,4332624,138
2023-04-25,TWSE,4999,鑫禾,37.65,37.80,37.25,37.75,-0.15,31588,1187699,227
2023-04-25,TWSE,5007,三星,51.40,51.90,51.40,51.90,0.20,12106,622780,7
2023-04-25,TWSE,5203,訊連,98.50,98.50,94.00,94.80,-4.20,777110,74549081,1070
2023-04-25,TWSE,5215,科嘉-KY,48.35,48.75,46.55,47.15,-1.10,45704,2161530,48
2023-04-25,TWSE,5222,全訊,190.00,200.00,189.00,190.00,1.50,6229975,1214413241,5128
2023-04-25,TWSE,5225,東科-KY,37.45,37.45,36.75,36.90,-0.30,477576,17634153,313
2023-04-25,TWSE,5234,達興材料,90.30,90.90,85.00,86.30,-3.90,951104,82649714,786
2023-04-25,TWSE,5243,乙盛-KY,66.20,66.50,63.60,63.80,-2.10,3316016,214939103,2138
2023-04-25,TWSE,5244,弘凱,30.30,30.30,30.00,30.00,-0.45,179010,5389352,73
2023-04-25,TWSE,5258,虹堡,81.60,82.50,78.00,79.30,-2.40,5225373,417900172,3487
2023-04-25,TWSE,5269,祥碩,1190.00,1190.00,1095.00,1115.00,-75.00,1243985,1401669965,1815
2023-04-25,TWSE,5283,禾聯碩,108.50,108.50,107.50,108.00,-0.50,58270,6295415,96
2023-04-25,TWSE,5284,jpp-KY,122.50,124.50,114.00,116.00,-5.50,4404997,520982903,3273
2023-04-25,TWSE,5285,界霖,80.10,80.10,77.00,77.60,-2.80,500400,39060651,427
2023-04-25,TWSE,5288,豐祥-KY,173.00,173.00,170.00,170.00,-2.50,72759,12436562,72
2023-04-25,TWSE,5306,桂盟,142.00,143.00,141.50,142.00,0.00,147365,20981133,224
2023-04-25,TWSE,5388,中磊,83.40,83.60,80.10,80.30,-2.40,2926836,236985004,2365
2023-04-25,TWSE,5434,崇越,189.00,189.50,183.50,184.00,-5.50,1167133,216572631,1238
2023-04-25,TWSE,5469,瀚宇博,37.75,37.95,36.70,36.85,-0.90,1306690,48454418,982
2023-04-25,TWSE,5471,松翰,50.30,50.30,49.00,49.15,-1.15,663237,32791237,767
2023-04-25,TWSE,5484,慧友,16.90,16.95,16.30,16.55,-0.35,138939,2304132,87
2023-04-25,TWSE,5515,建國,12.85,12.90,12.75,12.75,-0.15,199162,2550931,111
2023-04-25,TWSE,5519,隆大,24.25,24.30,23.95,24.10,-0.15,420103,10121617,268
2023-04-25,TWSE,5521,工信,7.96,8.06,7.80,7.80,-0.10,1347894,10692236,586
2023-04-25,TWSE,5522,遠雄,58.40,59.10,58.20,58.50,0.20,2162781,126694356,1312
2023-04-25,TWSE,5525,順天,26.70,27.00,26.50,26.50,-0.25,78874,2113648,89
2023-04-25,TWSE,5531,鄉林,9.92,9.95,9.65,9.67,-0.21,470045,4590683,208
2023-04-25,TWSE,5533,皇鼎,18.35,18.40,18.10,18.20,-0.15,552765,10075456,178
2023-04-25,TWSE,5534,長虹,80.00,80.00,78.80,79.10,-0.20,181715,14424958,175
2023-04-25,TWSE,5538,東明-KY,41.25,41.40,41.15,41.25,-0.75,6165,254331,8
2023-04-25,TWSE,5546,永固-KY,40.20,41.00,39.10,39.90,-0.30,44000,1750550,37
2023-04-25,TWSE,5607,遠雄港,74.90,74.90,71.00,71.30,-3.30,1645118,119015251,1393
2023-04-25,TWSE,5608,四維航,25.30,25.50,24.50,24.55,-0.70,2608258,64952356,1715
2023-04-25,TWSE,5706,鳳凰,62.60,63.90,61.00,61.00,-1.60,851212,52709412,787
2023-04-25,TWSE,5871,中租-KY,226.50,227.50,221.00,222.00,-4.00,2103218,469185400,2742
2023-04-25,TWSE,5871A,中租-KY甲特,99.90,100.00,99.80,99.80,-0.20,27004,2697497,18
2023-04-25,TWSE,5876,上海商銀,46.95,46.95,46.30,46.50,-0.30,2624808,122232323,1515
2023-04-25,TWSE,5880,合庫金,26.70,26.95,26.50,26.55,0.05,15392885,410888111,6638
2023-04-25,TWSE,5906,台南-KY,35.90,36.95,35.50,36.50,-0.30,20000,722450,11
2023-04-25,TWSE,5907,大洋-KY,15.05,15.15,14.75,14.85,0.05,249030,3724406,106
2023-04-25,TWSE,6005,群益證,13.55,13.75,13.40,13.50,-0.10,5709101,77176172,1261
2023-04-25,TWSE,6024,群益期,43.50,43.50,43.10,43.25,-0.25,130083,5632692,227
2023-04-25,TWSE,6108,競國,17.30,17.30,17.15,17.15,-0.05,171418,2945358,95
2023-04-25,TWSE,6112,邁達特,45.35,45.75,43.30,43.80,-1.40,1845687,81460265,1468
2023-04-25,TWSE,6115,鎰勝,45.50,45.60,45.10,45.15,-0.20,100208,4535489,116
2023-04-25,TWSE,6116,彩晶,13.05,13.05,12.50,12.55,-0.35,9922458,126382320,2944
2023-04-25,TWSE,6117,迎廣,14.75,15.10,14.65,14.90,0.20,98104,1460353,223
2023-04-25,TWSE,6120,達運,10.55,10.55,10.10,10.15,-0.30,1793208,18437402,743
2023-04-25,TWSE,6128,上福,33.65,33.65,32.60,33.05,-0.15,265901,8783721,229
2023-04-25,TWSE,6133,金橋,22.50,22.60,20.80,20.95,-1.35,2715833,58438139,1302
2023-04-25,TWSE,6136,富爾特,19.60,19.60,18.80,19.05,-0.30,313737,5988248,201
2023-04-25,TWSE,6139,亞翔,45.20,45.35,43.95,43.95,-1.05,1363412,60421942,889
2023-04-25,TWSE,6141,柏承,18.30,18.50,18.00,18.50,0.00,125564,2290927,73
2023-04-25,TWSE,6142,友勁,13.75,13.80,13.10,13.10,-0.60,3204787,42638718,1059
2023-04-25,TWSE,6152,百一,12.15,12.25,11.55,11.60,-0.50,1268632,14942630,631
2023-04-25,TWSE,6153,嘉聯益,23.35,23.35,22.60,22.90,-0.25,3488441,79652578,1843
2023-04-25,TWSE,6155,鈞寶,26.30,26.30,25.00,25.05,-1.00,415883,10589096,347
2023-04-25,TWSE,6164,華興,11.60,11.60,11.15,11.40,-0.15,390755,4433913,187
2023-04-25,TWSE,6165,浪凡,30.40,30.60,30.10,30.15,-0.15,152057,4597724,98
2023-04-25,TWSE,6166,凌華,59.80,60.00,58.00,59.30,-0.20,148208,8719598,146
2023-04-25,TWSE,6168,宏齊,25.45,25.80,23.95,24.75,-0.70,1691789,41820981,888
2023-04-25,TWSE,6176,瑞儀,112.50,113.50,111.00,112.00,0.50,4663575,523135576,2791
2023-04-25,TWSE,6177,達麗,31.75,31.95,31.40,31.50,-0.25,505218,15958160,285
2023-04-25,TWSE,6183,關貿,62.50,62.50,61.10,61.90,-0.40,57106,3527622,111
2023-04-25,TWSE,6184,大豐電,50.50,50.50,50.20,50.30,-0.10,21789,1098447,36
2023-04-25,TWSE,6189,豐藝,41.50,41.50,41.10,41.20,-0.30,247949,10219728,277
2023-04-25,TWSE,6191,精成科,34.00,34.05,32.90,32.95,-0.75,1589354,52891488,1423
2023-04-25,TWSE,6192,巨路,76.10,76.40,74.70,75.30,-0.80,381063,28760722,810
2023-04-25,TWSE,6196,帆宣,130.00,130.00,125.50,126.00,-4.00,829413,105198598,782
2023-04-25,TWSE,6197,佳必琪,54.60,54.60,51.60,51.70,-2.50,1437590,75530741,1409
2023-04-25,TWSE,6201,亞弘電,43.60,43.60,43.20,43.20,-0.25,16692,724724,21
2023-04-25,TWSE,6202,盛群,69.60,69.80,66.60,67.00,-3.10,1998900,135720691,2116
2023-04-25,TWSE,6205,詮欣,75.20,75.40,71.80,71.90,-3.20,1380371,100644855,1012
2023-04-25,TWSE,6206,飛捷,70.60,70.60,69.50,69.60,-1.00,447037,31219482,421
2023-04-25,TWSE,6209,今國光,31.35,32.00,30.30,31.00,0.30,5922665,185191763,3021
2023-04-25,TWSE,6213,聯茂,72.40,72.40,68.70,69.10,-2.40,2237220,156137631,1895
2023-04-25,TWSE,6214,精誠,80.40,80.90,79.00,79.00,-0.70,400930,32031227,414
2023-04-25,TWSE,6215,和椿,30.25,30.25,29.00,29.50,-0.70,913416,26985078,602
2023-04-25,TWSE,6216,居易,26.50,26.60,26.05,26.15,-0.30,271116,7121743,292
2023-04-25,TWSE,6224,聚鼎,64.00,64.00,61.50,61.50,-2.50,343102,21345917,418
2023-04-25,TWSE,6225,天瀚,12.05,13.05,12.05,12.25,0.15,33041,425495,43
2023-04-25,TWSE,6226,光鼎,12.20,12.20,11.70,11.80,-0.25,689412,8210005,285
2023-04-25,TWSE,6230,尼得科超眾,157.00,157.00,147.00,152.00,-4.50,132188,20038409,156
2023-04-25,TWSE,6235,華孚,94.30,94.60,85.70,86.60,-7.00,7656802,681473600,5368
2023-04-25,TWSE,6239,力成,91.90,92.30,91.00,91.80,-0.20,5265521,481835095,3958
2023-04-25,TWSE,6243,迅杰,36.60,36.75,34.45,34.85,-1.50,357248,12571438,299
2023-04-25,TWSE,6257,矽格,53.30,53.30,52.50,52.50,-0.50,1706799,90081566,852
2023-04-25,TWSE,6269,台郡,99.30,99.70,95.20,95.20,-3.70,5780654,560093299,4721
2023-04-25,TWSE,6271,同欣電,167.00,168.00,163.50,165.00,-2.00,2319472,382848936,2205
2023-04-25,TWSE,6277,宏正,85.20,85.20,83.40,83.60,-1.20,223156,18712580,205
2023-04-25,TWSE,6278,台表科,98.90,99.10,96.60,97.00,-1.50,1390740,135589182,1115
2023-04-25,TWSE,6281,全國電,83.60,83.60,83.30,83.40,-0.20,29189,2436259,73
2023-04-25,TWSE,6282,康舒,44.85,45.25,42.00,43.00,-2.50,69814964,3043786944,30276
2023-04-25,TWSE,6283,淳安,33.05,33.15,31.75,32.45,-0.70,450043,14543798,240
2023-04-25,TWSE,6285,啟碁,92.70,92.90,89.70,90.00,-2.30,7172409,649327747,5435
2023-04-25,TWSE,6288,聯嘉,31.00,31.45,29.85,30.15,-0.70,4697268,143135248,2598
2023-04-25,TWSE,6405,悅城,22.05,22.15,21.60,22.05,-0.20,42010,919170,34
2023-04-25,TWSE,6409,旭隼,1790.00,1810.00,1730.00,1755.00,-35.00,127126,224656040,315
2023-04-25,TWSE,6412,群電,79.00,79.60,78.10,78.60,0.10,382684,30116203,313
2023-04-25,TWSE,6414,樺漢,249.00,251.50,241.00,244.00,-5.00,875205,213984842,932
2023-04-25,TWSE,6415,矽力*-KY,480.00,481.00,448.50,453.00,-26.00,2560770,1178862374,3647
2023-04-25,TWSE,6416,瑞祺電通,106.00,106.50,101.00,101.50,-3.50,502618,51570671,554
2023-04-25,TWSE,6426,統新,62.40,62.70,60.30,60.40,-2.00,167192,10219335,194
2023-04-25,TWSE,6431,光麗-KY,22.00,22.00,20.90,21.80,-0.05,66031,1410511,55
2023-04-25,TWSE,6438,迅得,113.50,113.50,107.50,108.50,-4.50,1637431,179277470,932
2023-04-25,TWSE,6442,光聖,51.80,51.80,48.70,48.90,-2.50,303458,15083890,320
2023-04-25,TWSE,6443,元晶,38.10,38.20,36.60,36.60,-1.20,12660205,469381081,7743
2023-04-25,TWSE,6449,鈺邦,53.20,53.20,50.10,50.20,-1.80,52771,2710059,57
2023-04-25,TWSE,6451,訊芯-KY,82.40,82.40,80.20,80.30,-1.80,263779,21368807,255
2023-04-25,TWSE,6456,GIS-KY,81.00,81.00,78.70,78.90,-1.60,1552373,123446771,1283
2023-04-25,TWSE,6464,台數科,90.30,90.30,90.10,90.10,-0.50,9000,811800,5
2023-04-25,TWSE,6477,安集,54.00,54.20,52.40,53.80,0.30,4689785,251050068,3320
2023-04-25,TWSE,6491,晶碩,424.50,426.50,410.00,413.50,-8.00,468768,195273549,640
2023-04-25,TWSE,6504,南六,82.00,82.00,80.30,80.40,-0.80,50266,4069111,104
2023-04-25,TWSE,6505,台塑化,86.00,86.20,85.10,85.20,-0.70,654816,55967503,577
2023-04-25,TWSE,6515,穎崴,708.00,709.00,664.00,673.00,-28.00,944729,640099555,1482
2023-04-25,TWSE,6525,捷敏-KY,72.80,72.90,71.20,71.20,-1.50,206222,14811980,202
2023-04-25,TWSE,6531,愛普*,292.00,293.00,267.50,272.00,-18.50,8862543,2452845804,7857
2023-04-25,TWSE,6533,晶心科,458.50,462.00,433.50,442.00,-16.00,3561112,1584933390,4468
2023-04-25,TWSE,6541,泰福-KY,77.10,77.30,75.90,75.90,-1.10,133433,10173964,183
2023-04-25,TWSE,6550,北極星藥業-KY,94.30,95.40,91.60,92.00,-1.60,3796426,353571435,2056
2023-04-25,TWSE,6552,易華電,34.70,34.70,33.80,34.00,-0.70,117419,4011763,110
2023-04-25,TWSE,6558,興能高,28.15,28.45,26.95,27.05,-0.75,981415,26998644,527
2023-04-25,TWSE,6573,虹揚-KY,15.75,15.75,15.00,15.00,-0.75,140186,2145688,109
2023-04-25,TWSE,6579,研揚,91.60,91.60,90.00,90.30,-1.40,42523,3849783,64
2023-04-25,TWSE,6581,鋼聯,91.30,91.90,90.90,90.90,-0.30,39030,3560857,51
2023-04-25,TWSE,6582,申豐,62.00,62.00,59.70,59.90,-1.90,197047,11928853,166
2023-04-25,TWSE,6585,鼎基,65.00,65.00,62.50,62.80,-2.40,144458,9150031,119
2023-04-25,TWSE,6591,動力-KY,51.30,52.00,49.80,50.10,-1.00,338579,17161435,301
2023-04-25,TWSE,6592,和潤企業,129.50,130.50,126.50,127.50,-1.50,1285526,164365838,1226
2023-04-25,TWSE,6592A,和潤企業甲特,97.70,97.70,97.70,97.70,0.10,17128,1673404,6
2023-04-25,TWSE,6598,ABC-KY,27.50,28.20,27.35,27.35,-0.65,162476,4478020,157
2023-04-25,TWSE,6605,帝寶,98.90,101.00,96.80,97.60,-2.20,1003629,98672715,1051
2023-04-25,TWSE,6606,建德工業,29.05,29.90,29.00,29.20,0.15,332145,9752403,264
2023-04-25,TWSE,6625,必應,79.70,82.50,74.00,76.20,-0.20,7689737,603725745,6011
2023-04-25,TWSE,6641,基士德-KY,56.60,57.00,56.20,56.20,-0.40,25219,1428700,28
2023-04-25,TWSE,6655,科定,128.00,128.50,128.00,128.00,-0.50,37000,4742000,23
2023-04-25,TWSE,6666,羅麗芬-KY,90.10,90.10,85.00,85.00,-4.90,350479,30349323,298
2023-04-25,TWSE,6668,中揚光,41.00,41.45,38.85,39.05,-1.85,289713,11584552,202
2023-04-25,TWSE,6669,緯穎,1115.00,1125.00,1070.00,1085.00,-50.00,2585552,2834444560,3040
2023-04-25,TWSE,6670,復盛應用,213.50,214.50,208.50,208.50,-5.00,380699,80199138,493
2023-04-25,TWSE,6671,三能-KY,41.80,41.80,40.60,41.35,0.75,4010,165960,5
2023-04-25,TWSE,6672,騰輝電子-KY,86.40,86.50,82.10,82.20,-4.00,462068,38700430,615
2023-04-25,TWSE,6674,鋐寶科技,28.25,28.25,27.35,28.10,0.15,16000,444500,15
2023-04-25,TWSE,6689,伊雲谷,133.50,133.50,122.50,124.00,-7.00,1127225,142245050,1245
2023-04-25,TWSE,6691,洋基工程,282.00,283.00,275.50,277.00,-5.50,400072,110980495,587
2023-04-25,TWSE,6695,芯鼎,42.50,42.50,40.75,41.80,-0.30,348870,14416189,258
2023-04-25,TWSE,6698,旭暉應材,36.45,36.75,34.50,34.50,-1.90,335261,11777373,281
2023-04-25,TWSE,6706,惠特,87.60,88.00,84.60,84.90,-2.50,409325,35228415,562
2023-04-25,TWSE,6715,嘉基,149.00,150.00,140.00,141.00,-6.50,830628,118674350,727
2023-04-25,TWSE,6719,力智,343.50,349.00,316.00,316.50,-21.00,5719878,1897072064,6147
2023-04-25,TWSE,6743,安普新,60.80,61.40,57.50,57.90,-2.90,578804,33966215,515
2023-04-25,TWSE,6753,龍德造船,126.50,135.50,125.50,129.50,3.00,3969985,519491846,3770
2023-04-25,TWSE,6754,匯僑設計,52.80,52.80,51.60,52.10,0.30,88283,4599616,72
2023-04-25,TWSE,6756,威鋒電子,214.00,214.00,201.00,202.50,-9.00,578072,118383957,965
2023-04-25,TWSE,6768,志強-KY,69.30,69.30,68.00,68.20,-0.50,328271,22438697,237
2023-04-25,TWSE,6770,力積電,30.55,30.60,29.80,30.00,-0.60,28742680,861770401,11273
2023-04-25,TWSE,6776,展碁國際,52.80,53.00,51.30,51.80,-0.60,320328,16608350,257
2023-04-25,TWSE,6781,AES-KY,710.00,710.00,668.00,676.00,-28.00,753530,514758224,1928
2023-04-25,TWSE,6782,視陽,294.50,294.50,278.00,281.50,-9.50,681470,193742505,1014
2023-04-25,TWSE,6789,采鈺,225.50,225.50,213.00,215.00,-9.50,1594005,347084038,2220
2023-04-25,TWSE,6790,永豐實,38.20,38.60,38.00,38.10,0.00,833971,31834667,434
2023-04-25,TWSE,6792,詠業,85.20,85.20,82.50,82.70,-2.50,111617,9347127,107
2023-04-25,TWSE,6796,晉弘,103.50,104.00,97.60,97.60,-5.40,373696,37206792,370
2023-04-25,TWSE,6799,來頡,188.50,191.00,173.50,173.50,-19.00,6766302,1231436925,5247
2023-04-25,TWSE,6806,森崴能源,112.00,116.00,107.00,108.50,-2.00,18572058,2064277555,11208
2023-04-25,TWSE,6807,峰源-KY,30.00,30.00,29.30,29.70,-0.30,34298,1014338,37
2023-04-25,TWSE,6830,汎銓,154.00,156.50,150.50,150.50,-3.00,807985,123653348,697
2023-04-25,TWSE,6834,天二科技,28.50,28.60,27.90,28.10,-0.40,49001,1394677,35
2023-04-25,TWSE,6835,圓裕,42.15,42.15,40.05,40.50,-1.95,183471,7495805,134
2023-04-25,TWSE,6854,錼創科技-KY創,99.00,99.00,95.00,95.00,-3.10,124140,11959700,102
2023-04-25,TWSE,6861,睿生光電,120.00,121.00,108.00,110.00,-10.00,488785,54955582,662
2023-04-25,TWSE,6863,永道-KY,206.00,207.00,183.50,190.50,-13.00,1112787,215076120,1286
2023-04-25,TWSE,6869,雲豹能源,92.00,92.20,89.10,90.00,-1.60,204220,18561944,115
2023-04-25,TWSE,6873,泓德能源,134.50,141.50,134.00,136.00,0.50,166030,22799535,131
2023-04-25,TWSE,8011,台通,15.10,15.15,14.70,14.90,-0.15,269515,4012087,658
2023-04-25,TWSE,8016,矽創,231.50,231.50,218.00,219.50,-9.50,1971682,438386111,2409
2023-04-25,TWSE,8021,尖點,29.10,29.15,28.25,28.35,-0.75,541431,15505090,432
2023-04-25,TWSE,8028,昇陽半導體,57.90,58.10,56.00,56.40,-1.50,1933832,109862460,1565
2023-04-25,TWSE,8033,雷虎,72.50,74.30,70.00,70.00,-3.00,1839063,131720385,1265
2023-04-25,TWSE,8039,台虹,41.90,41.95,41.45,41.95,0.05,243550,10177429,191
2023-04-25,TWSE,8046,南電,271.50,273.00,258.00,258.00,-10.50,11061594,2932152294,10948
2023-04-25,TWSE,8070,長華*,34.05,34.10,32.60,32.70,-1.25,3530899,116800474,1521
2023-04-25,TWSE,8072,陞泰,26.85,26.85,25.85,25.85,-1.00,330271,8650351,329
2023-04-25,TWSE,8081,致新,180.50,181.00,173.00,174.00,-6.50,625922,110274101,724
2023-04-25,TWSE,8101,華冠,5.20,5.20,5.15,5.16,-0.07,45778,237408,360
2023-04-25,TWSE,8103,瀚荃,37.00,37.00,36.00,36.05,-0.75,261304,9507274,211
2023-04-25,TWSE,8104,錸寶,41.40,41.50,40.00,40.20,-1.15,636930,25841952,743
2023-04-25,TWSE,8105,凌巨,14.30,14.30,13.55,13.65,-0.55,3897416,53767431,1339
2023-04-25,TWSE,8110,華東,13.45,13.45,13.05,13.15,-0.35,1212684,16008031,509
2023-04-25,TWSE,8112,至上,43.55,43.70,43.00,43.05,-0.50,1676488,72557290,1342
2023-04-25,TWSE,8112A,至上甲特,42.15,42.30,42.05,42.30,0.15,8348,351716,11
2023-04-25,TWSE,8114,振樺電,107.50,107.50,105.00,105.00,-1.50,309801,32748043,321
2023-04-25,TWSE,8131,福懋科,43.35,43.35,42.70,42.90,-0.45,341498,14686245,291
2023-04-25,TWSE,8150,南茂,37.45,37.45,36.60,36.60,-0.60,2137421,78723875,1477
2023-04-25,TWSE,8163,達方,43.55,43.90,42.60,42.70,-0.80,629787,27038445,568
2023-04-25,TWSE,8201,無敵,13.40,13.95,13.25,13.25,-0.15,359782,4854359,184
2023-04-25,TWSE,8210,勤誠,81.50,81.80,78.50,79.30,-1.70,1145663,91268729,1001
2023-04-25,TWSE,8213,志超,40.80,41.20,40.30,40.35,-0.45,305541,12406668,247
2023-04-25,TWSE,8215,明基材,39.75,40.60,37.65,38.00,-1.00,8107758,315362796,4613
2023-04-25,TWSE,8222,寶一,54.60,59.40,54.50,59.40,5.40,21177410,1228591937,9788
2023-04-25,TWSE,8249,菱光,30.20,30.80,29.30,29.60,-0.40,361353,10718201,254
2023-04-25,TWSE,8261,富鼎,105.50,105.50,102.00,103.00,-2.50,1723803,177843223,1525
2023-04-25,TWSE,8271,宇瞻,51.90,51.90,50.10,50.70,-1.10,1099425,55748144,761
2023-04-25,TWSE,8341,日友,161.00,162.50,157.50,158.00,-2.00,339688,54165317,1336
2023-04-25,TWSE,8367,建新國際,48.75,49.50,48.15,48.20,-0.95,63263,3059467,67
2023-04-25,TWSE,8374,羅昇,32.60,32.60,31.00,31.15,-1.10,122647,3846225,132
2023-04-25,TWSE,8404,百和興業-KY,25.65,25.85,25.35,25.55,0.00,180076,4589674,134
2023-04-25,TWSE,8411,福貞-KY,14.75,14.75,14.65,14.70,0.05,65177,960753,385
2023-04-25,TWSE,8422,可寧衛*,188.00,188.50,186.00,187.00,0.00,151965,28445476,344
2023-04-25,TWSE,8429,金麗-KY,10.55,10.55,10.15,10.25,-0.10,338673,3483718,608
2023-04-25,TWSE,8438,昶昕,24.85,24.90,24.45,24.45,-0.40,31100,768480,27
2023-04-25,TWSE,8442,威宏-KY,77.50,78.20,76.20,78.00,1.90,172071,13214412,136
2023-04-25,TWSE,8443,阿瘦,11.65,11.70,11.45,11.50,-0.15,75191,866425,208
2023-04-25,TWSE,8454,富邦媒,844.00,844.00,803.00,804.00,-31.00,520997,424071104,2512
2023-04-25,TWSE,8462,柏文,149.50,150.00,146.00,146.50,-2.50,129985,19154032,166
2023-04-25,TWSE,8463,潤泰材,24.75,24.80,24.20,24.30,-0.45,49065,1201092,39
2023-04-25,TWSE,8464,億豐,326.50,328.00,325.00,326.00,-1.50,546595,178474217,188
2023-04-25,TWSE,8466,美吉吉-KY,43.20,43.20,41.95,42.30,-0.95,37006,1571904,36
2023-04-25,TWSE,8467,波力-KY,60.00,60.00,59.70,59.70,-1.00,14200,849856,15
2023-04-25,TWSE,8473,山林水,29.70,29.80,29.30,29.30,-0.40,58717,1735622,64
2023-04-25,TWSE,8478,東哥遊艇,461.00,472.50,438.00,450.00,-10.50,5691952,2591621427,5721
2023-04-25,TWSE,8481,政伸,57.80,57.80,57.60,57.60,-0.20,8000,461300,8
2023-04-25,TWSE,8482,商億-KY,75.80,75.80,75.50,75.60,-0.30,9007,681529,11
2023-04-25,TWSE,8488,吉源-KY,15.65,15.75,15.55,15.75,-0.15,6000,93950,6
2023-04-25,TWSE,8499,鼎炫-KY,105.00,106.50,105.00,106.00,1.00,38295,4036976,37
2023-04-25,TWSE,8926,台汽電,49.50,49.55,47.75,48.20,-0.75,4596211,222370180,3240
2023-04-25,TWSE,8940,新天地,24.10,24.35,23.25,23.45,-0.65,382322,9020037,303
2023-04-25,TWSE,8996,高力,201.00,202.50,188.50,190.50,-10.50,4966669,962536921,3898
2023-04-25,TWSE,9103,美德醫療-DR,7.01,7.04,6.85,6.87,-0.13,691715,4780605,247
2023-04-25,TWSE,910322,康師傅-DR,26.30,26.40,26.20,26.40,0.30,11000,289300,9
2023-04-25,TWSE,9105,泰金寶-DR,3.88,3.88,3.82,3.82,-0.05,1138178,4380333,256
2023-04-25,TWSE,910861,神州-DR,6.67,6.68,6.40,6.42,-0.26,957000,6162210,91
2023-04-25,TWSE,9110,越南控-DR,4.64,4.79,4.51,4.51,-0.13,371011,1694646,142
2023-04-25,TWSE,911608,明輝-DR,2.94,3.00,2.91,2.93,-0.01,37000,108555,20
2023-04-25,TWSE,911622,泰聚亨-DR,5.03,5.11,5.03,5.11,-0.01,35000,177680,12
2023-04-25,TWSE,911868,同方友友-DR,1.19,1.21,1.18,1.19,-0.01,356230,424979,66
2023-04-25,TWSE,912000,晨訊科-DR,2.15,2.15,2.09,2.09,-0.06,793221,1678594,149
2023-04-25,TWSE,9136,巨騰-DR,6.32,6.34,6.29,6.32,0.00,178000,1123340,67
2023-04-25,TWSE,9802,鈺齊-KY,125.00,125.50,121.00,122.00,-3.00,1285057,157735851,1333
2023-04-25,TWSE,9902,台火,13.20,13.25,12.40,12.45,-0.95,2217019,28216096,990
2023-04-25,TWSE,9904,寶成,31.80,32.10,31.50,31.50,-0.25,11124301,352503497,5132
2023-04-25,TWSE,9905,大華,25.20,25.20,25.15,25.15,-0.05,43224,1087494,37
2023-04-25,TWSE,9906,欣巴巴,49.80,49.80,49.70,49.70,0.00,3110,154765,4
2023-04-25,TWSE,9907,統一實,20.85,20.95,20.40,20.50,-0.30,5815204,119732002,2276
2023-04-25,TWSE,9908,大台北,31.65,31.65,31.50,31.65,0.00,41264,1303879,54
2023-04-25,TWSE,9910,豐泰,187.00,190.50,187.00,188.50,1.50,711574,134597865,651
2023-04-25,TWSE,9911,櫻花,63.50,64.10,63.50,63.80,-0.10,110257,7045891,144
2023-04-25,TWSE,9912,偉聯,10.15,10.15,9.96,10.00,-0.10,55849,560457,143
2023-04-25,TWSE,9914,美利達,168.50,171.00,167.50,168.50,1.00,564923,95555482,1042
2023-04-25,TWSE,9917,中保科,106.00,106.50,105.00,106.00,0.50,188241,19905925,259
2023-04-25,TWSE,9918,欣天然,,,,,0.00,313,13148,8
2023-04-25,TWSE,9919,康那香,17.80,18.20,17.55,17.70,-0.20,5611517,100618788,762
2023-04-25,TWSE,9921,巨大,184.50,185.00,180.00,181.00,-2.00,1021883,185463951,1379
2023-04-25,TWSE,9924,福興,43.25,43.30,43.00,43.00,-0.15,112391,4844998,110
2023-04-25,TWSE,9925,新保,40.85,40.95,40.80,40.90,0.05,63240,2583708,70
2023-04-25,TWSE,9926,新海,51.80,51.90,51.80,51.90,0.10,24047,1246751,17
2023-04-25,TWSE,9927,泰銘,43.90,44.80,43.80,44.15,0.15,255105,11260538,256
2023-04-25,TWSE,9928,中視,18.25,18.40,17.80,18.40,0.15,83596,1510300,84
2023-04-25,TWSE,9929,秋雨,8.80,9.30,8.78,9.16,0.29,104000,926580,37
2023-04-25,TWSE,9930,中聯資源,49.10,50.50,49.10,49.55,0.45,171618,8547951,169
2023-04-25,TWSE,9931,欣高,39.90,39.95,39.90,39.95,0.05,5061,202136,11
2023-04-25,TWSE,9933,中鼎,42.70,42.70,41.95,41.95,-0.55,1509217,63754706,1148
2023-04-25,TWSE,9934,成霖,13.65,13.80,13.60,13.60,-0.05,360866,4941011,133
2023-04-25,TWSE,9935,慶豐富,19.55,19.55,19.15,19.40,-0.15,225008,4350902,97
2023-04-25,TWSE,9937,全國,59.40,59.40,59.10,59.10,-0.30,8813,521817,71
2023-04-25,TWSE,9938,百和,55.50,56.40,54.70,55.00,-0.50,882864,48778906,679
2023-04-25,TWSE,9939,宏全,99.80,100.00,98.00,98.00,-1.50,957804,94532810,1032
2023-04-25,TWSE,9940,信義,28.80,28.85,28.70,28.80,0.05,166182,4781857,108
2023-04-25,TWSE,9941,裕融,185.00,187.00,181.50,182.00,-2.00,901574,165719739,1719
2023-04-25,TWSE,9941A,裕融甲特,50.40,50.40,50.40,50.40,0.00,4000,201600,4
2023-04-25,TWSE,9942,茂順,135.50,136.50,132.00,133.00,-2.50,459367,61270651,444
2023-04-25,TWSE,9943,好樂迪,67.90,68.10,66.70,67.70,0.10,59109,3989545,90
2023-04-25,TWSE,9944,新麗,20.30,20.30,20.15,20.20,-0.10,124586,2519882,202
2023-04-25,TWSE,9945,潤泰新,35.65,36.35,35.30,35.40,-0.15,8922197,319332618,4679
2023-04-25,TWSE,9946,三發地產,14.70,14.70,14.10,14.25,-0.30,647424,9232849,317
2023-04-25,TWSE,9955,佳龍,25.20,25.65,24.80,25.00,0.10,1131665,28487152,685
2023-04-25,TWSE,9958,世紀鋼,113.50,114.50,108.50,109.00,-4.50,5027951,555855485,3245
2023-04-25,TPEx,006201,元大富櫃50,17.80,17.81,17.25,17.36,-0.53,100088,1745092,132
2023-04-25,TPEx,00679B,元大美債20年,32.45,32.50,32.41,32.50,+0.35,18081793,586725193,6794
2023-04-25,TPEx,00687B,國泰20年美債,33.48,33.61,33.47,33.61,+0.46,7448033,249758774,1278
2023-04-25,TPEx,00694B,富邦美債1-3,38.66,38.74,38.66,38.73,+0.13,160519,6217170,22
2023-04-25,TPEx,00695B,富邦美債7-10,35.02,35.13,35.02,35.10,+0.23,158350,5557726,18
2023-04-25,TPEx,00696B,富邦美債20年,33.95,34.07,33.93,34.07,+0.44,2283092,77663348,308
2023-04-25,TPEx,00697B,元大美債7-10,36.28,36.35,36.26,36.35,+0.29,119615,4346404,49
2023-04-25,TPEx,00718B,富邦中國政策債,20.09,20.09,20.09,20.09,0.00,6000,120540,2
2023-04-25,TPEx,00719B,元大美債1-3,30.56,30.62,30.56,30.59,+0.04,119939,3669873,54
2023-04-25,TPEx,00720B,元大投資級公司債,34.56,34.72,34.56,34.71,+0.36,15910456,551417516,4125
2023-04-25,TPEx,00721B,元大中國債3-5,45.57,45.57,45.57,45.57,0.00,51539,2348602,4
2023-04-25,TPEx,00722B,群益15年IG電信債,37.60,37.85,37.60,37.84,+0.44,1249492,47247350,887
2023-04-25,TPEx,00723B,群益15年IG科技債,33.78,33.90,33.78,33.90,+0.42,168000,5690630,17
2023-04-25,TPEx,00724B,群益10年IG金融債,33.45,33.45,33.37,33.44,+0.34,1905393,63687777,102
2023-04-25,TPEx,00725B,國泰投資級公司債,36.41,36.50,36.40,36.50,+0.38,5254308,191489416,898
2023-04-25,TPEx,00726B,國泰5Y+新興債,33.47,33.50,33.44,33.50,-0.15,299812,10037647,42
2023-04-25,TPEx,00727B,國泰1-5Y非投等債,37.07,37.10,37.07,37.10,+0.14,193079,7161382,42
2023-04-25,TPEx,00734B,台新JPM新興債,15.60,15.66,15.56,15.63,,1010170,15788990,38
2023-04-25,TPEx,00740B,富邦全球投等債,39.06,39.16,39.06,39.16,+0.37,1732665,67786971,139
2023-04-25,TPEx,00741B,富邦全球非投等債,35.90,35.90,35.77,35.81,+0.07,112512,4028792,25
2023-04-25,TPEx,00744B,國泰中國政金債5+,43.36,43.36,43.36,43.36,+0.05,103206,4475022,5
2023-04-25,TPEx,00746B,富邦A級公司債,36.62,36.78,36.62,36.77,+0.33,177381,6519330,21
2023-04-25,TPEx,00749B,凱基新興債10+,31.71,31.80,31.71,31.72,+0.17,190060,6034215,17
2023-04-25,TPEx,00750B,凱基科技債10+,34.91,34.91,34.91,34.91,+0.32,100000,3491000,2
2023-04-25,TPEx,00751B,元大AAA至A公司債,35.31,35.45,35.31,35.45,+0.43,8599356,304358411,2118
2023-04-25,TPEx,00754B,群益AAA-AA公司債,37.78,37.78,37.62,37.73,+0.49,260306,9797407,15
2023-04-25,TPEx,00755B,群益15年IG公用債,35.07,35.20,35.07,35.20,+0.39,451187,15868921,37
2023-04-25,TPEx,00756B,群益15年EM主權債,32.89,32.98,32.89,32.98,+0.16,130039,4283746,561
2023-04-25,TPEx,00758B,復華能源債,52.45,52.45,52.45,52.45,+0.55,100018,5245951,4
2023-04-25,TPEx,00759B,復華製藥債,57.60,57.80,57.60,57.80,+0.65,105000,6068600,6
2023-04-25,TPEx,00760B,復華新興企業債,53.10,53.20,53.10,53.20,+0.45,593423,31569110,64
2023-04-25,TPEx,00761B,國泰A級公司債,37.28,37.36,37.27,37.36,+0.44,1050882,39226730,864
2023-04-25,TPEx,00764B,群益25年美債,33.78,33.89,33.78,33.89,+0.42,122698,4154531,24
2023-04-25,TPEx,00765B,群益中國政金債,39.46,39.46,39.42,39.42,0.00,106000,4181580,7
2023-04-25,TPEx,00768B,復華20年美債,57.05,57.15,57.05,57.10,+0.80,163700,9347981,28
2023-04-25,TPEx,00772B,中信高評級公司債,35.85,36.02,35.85,36.01,+0.39,16777307,603508073,4560
2023-04-25,TPEx,00773B,中信優先金融債,35.85,36.01,35.85,36.00,+0.36,5043794,181392460,960
2023-04-25,TPEx,00777B,凱基AAA至A公司債,35.58,35.75,35.58,35.75,+0.40,102000,3646280,4
2023-04-25,TPEx,00778B,凱基金融債20+,35.41,35.53,35.41,35.53,+0.43,105000,3730080,5
2023-04-25,TPEx,00779B,凱基美債25+,33.86,33.99,33.86,33.94,+0.34,104000,3529590,5
2023-04-25,TPEx,00780B,國泰A級金融債,35.91,36.02,35.91,36.02,+0.20,805363,28974198,253
2023-04-25,TPEx,00781B,國泰A級科技債,33.55,33.59,33.54,33.59,+0.41,119000,3993380,6
2023-04-25,TPEx,00782B,國泰A級公用債,33.20,33.35,33.19,33.35,+0.15,287210,9560044,50
2023-04-25,TPEx,00784B,富邦中國投等債,36.20,36.20,36.18,36.18,+0.08,100000,3619000,4
2023-04-25,TPEx,00785B,富邦金融投等債,34.50,34.60,34.50,34.55,+0.27,103000,3563070,7
2023-04-25,TPEx,00786B,元大10年IG銀行債,33.53,33.56,33.53,33.56,+0.23,262000,8792060,21
2023-04-25,TPEx,00787B,元大10年IG醫療債,35.18,35.21,35.18,35.21,+0.27,207000,7288400,8
2023-04-25,TPEx,00788B,元大10年IG電能債,32.30,32.32,32.28,32.32,+0.21,250000,8077460,25
2023-04-25,TPEx,00789B,復華公司債A3,53.40,53.60,53.40,53.60,+0.55,734052,39237587,83
2023-04-25,TPEx,00790B,復華次順位金融債,53.00,53.00,53.00,53.00,+0.35,100002,5300105,3
2023-04-25,TPEx,00791B,復華信用債1-5,53.15,53.15,53.15,53.15,+0.15,100002,5315106,5
2023-04-25,TPEx,00792B,群益A級公司債,33.99,34.12,33.99,34.10,+0.33,69000,2351080,13
2023-04-25,TPEx,00793B,群益AAA-A醫療債,33.90,33.99,33.90,33.99,+0.39,110029,3738233,6
2023-04-25,TPEx,00794B,群益7+中國政金債,40.30,40.30,40.23,40.24,0.00,118050,4751534,19
2023-04-25,TPEx,00795B,中信美國公債20年,32.82,32.92,32.81,32.92,+0.44,4660913,153175377,546
2023-04-25,TPEx,00799B,國泰A級醫療債,33.98,34.02,33.98,34.00,+0.29,123000,4183980,9
2023-04-25,TPEx,00831B,新光美債1-3,37.70,37.70,37.70,37.70,+0.10,2000,75400,2
2023-04-25,TPEx,00834B,第一金金融債10+,33.81,33.84,33.81,33.83,,107000,3620710,6
2023-04-25,TPEx,00836B,永豐10年A公司債,31.20,31.26,31.20,31.26,+0.36,749213,23397853,25
2023-04-25,TPEx,00840B,凱基IG精選15+,32.47,32.47,32.47,32.47,+0.36,100000,3247000,2
2023-04-25,TPEx,00841B,凱基AAA-AA公司債,32.54,32.54,32.54,32.54,+0.41,102000,3319080,6
2023-04-25,TPEx,00842B,台新美元銀行債,32.36,32.40,32.36,32.40,,101000,3272360,5
2023-04-25,TPEx,00844B,新光15年IG金融債,32.30,32.30,32.30,32.30,+0.35,2000,64600,2
2023-04-25,TPEx,00845B,富邦新興投等債,31.62,31.62,31.62,31.62,+0.12,100000,3162000,2
2023-04-25,TPEx,00846B,富邦歐洲銀行債,33.32,33.32,33.32,33.32,+0.18,100000,3332000,4
2023-04-25,TPEx,00847B,中信美國市政債,28.22,28.26,28.22,28.26,+0.19,201000,5680220,5
2023-04-25,TPEx,00848B,中信新興亞洲債,33.75,33.76,33.75,33.76,+0.16,101178,3414749,7
2023-04-25,TPEx,00849B,中信EM主權債0-5,35.53,35.53,35.52,35.52,-0.01,100808,3581220,19
2023-04-25,TPEx,00853B,統一美債10年Aa-A,29.62,29.64,29.54,29.64,+0.27,1992518,58992122,530
2023-04-25,TPEx,00856B,永豐1-3年美公債,37.36,37.36,37.36,37.36,+0.08,100140,3741204,4
2023-04-25,TPEx,00857B,永豐20年美公債,28.19,28.23,28.18,28.23,+0.32,621660,17527724,180
2023-04-25,TPEx,00858,永豐美國500大,25.68,25.70,25.66,25.69,+0.07,246556,6329055,43
2023-04-25,TPEx,00859B,群益0-1年美債,39.37,39.39,39.34,39.34,-0.01,102050,4017680,6
2023-04-25,TPEx,00860B,群益1-5年IG債,37.17,37.17,37.17,37.17,+0.10,101719,3780884,5
2023-04-25,TPEx,00862B,中信投資級公司債,32.05,32.16,32.05,32.16,+0.27,681162,21891934,782
2023-04-25,TPEx,00863B,中信全球電信債,32.83,33.02,32.83,33.01,+0.31,112003,3695239,9
2023-04-25,TPEx,00864B,中信美國公債0-1,41.02,41.02,40.97,41.02,+0.05,112071,4596756,9
2023-04-25,TPEx,00867B,新光A-BBB電信債,32.31,32.37,32.31,32.37,+0.41,5000,161690,5
2023-04-25,TPEx,00870B,元大15年EM主權債,29.74,29.74,29.74,29.74,+0.20,2000,59480,2
2023-04-25,TPEx,00877,復華中國5G,11.25,11.26,10.80,10.80,-0.42,2919572,31988008,474
2023-04-25,TPEx,00883B,中信ESG投資級債,31.75,31.84,31.75,31.81,+0.31,219236,6972015,510
2023-04-25,TPEx,00884B,中信低碳新興債,30.45,30.52,30.45,30.52,+0.26,202539,6178907,8
2023-04-25,TPEx,00886,永豐美國科技,20.12,20.12,20.10,20.10,-0.05,8677,174409,6
2023-04-25,TPEx,00887,永豐中國科技50大,14.95,14.95,14.68,14.72,-0.23,312079,4624338,73
2023-04-25,TPEx,00888,永豐台灣ESG,13.25,13.26,13.06,13.07,-0.18,8693628,114215734,6280
2023-04-25,TPEx,00890B,凱基ESG BBB債15+,33.50,33.58,33.50,33.58,+0.35,152100,5100256,41
2023-04-25,TPEx,020001,富邦存股雙十N,,,,,,0,0,0
2023-04-25,TPEx,02001B,統一美國政府債N,8.39,8.39,8.39,8.39,+0.05,5000,41950,1
2023-04-25,TPEx,020023,元大櫃買半導體N,5.13,5.13,4.95,4.97,-0.20,458000,2342750,21
2023-04-25,TPEx,020024,兆豐富櫃200N,,,,,,0,0,0
2023-04-25,TPEx,020025,統一亞洲半導體N,6.63,6.63,6.62,6.62,-0.12,2000,13250,2
2023-04-25,TPEx,020026,兆豐上櫃ESG電菁N,4.25,4.25,4.25,4.25,-0.14,1000,4250,1
2023-04-25,TPEx,020027,元大上櫃ESG成長N,4.36,4.36,4.21,4.21,-0.14,145000,615700,25
2023-04-25,TPEx,02002L,兆豐富櫃200正二N,5.63,5.63,5.24,5.29,-0.31,229000,1232970,82
2023-04-25,TPEx,020033,統一恒生科期N,3.63,3.63,3.50,3.50,-0.10,42000,147650,15
2023-04-25,TPEx,020035,元大上櫃ESG高息N,5.90,5.90,5.78,5.79,-0.11,61000,354410,18
2023-04-25,TPEx,1240,茂生農經,46.40,46.40,44.60,45.00,-1.00,28537,1291420,100
2023-04-25,TPEx,1258,其祥-KY,26.80,26.80,26.80,26.80,0.00,314140,8418953,31
2023-04-25,TPEx,1259,安心,73.30,73.30,72.60,72.60,-0.90,16845,1228728,31
2023-04-25,TPEx,1264,德麥,276.00,276.00,272.00,275.00,+3.00,15687,4295828,151
2023-04-25,TPEx,1268,漢來美食,148.00,153.00,145.50,146.00,-2.50,440572,65681855,461
2023-04-25,TPEx,1336,台翰,26.70,26.70,25.50,25.50,-0.75,413510,10699682,250
2023-04-25,TPEx,1565,精華,253.50,253.50,245.00,246.50,-5.50,192428,47791902,514
2023-04-25,TPEx,1569,濱川,24.05,24.10,23.55,23.55,-0.50,435254,10322751,309
2023-04-25,TPEx,1570,力肯,18.15,18.20,18.00,18.10,0.00,69022,1245198,42
2023-04-25,TPEx,1580,新麥,104.00,104.50,101.50,102.00,-1.50,153908,15788674,335
2023-04-25,TPEx,1584,精剛,41.20,41.90,39.50,39.80,-1.20,4233472,171102892,2658
2023-04-25,TPEx,1586,和勤,34.10,34.15,33.50,33.50,-0.55,100214,3397402,69
2023-04-25,TPEx,1591,駿吉-KY,27.80,27.80,26.55,26.80,-1.00,372572,10036671,202
2023-04-25,TPEx,1593,祺驊,77.20,77.20,75.00,75.20,+0.10,26200,1981100,24
2023-04-25,TPEx,1595,川寶,39.00,39.45,38.75,38.75,-0.35,14151,549977,16
2023-04-25,TPEx,1599,宏佳騰,38.25,38.35,37.80,37.95,-0.30,88481,3361240,354
2023-04-25,TPEx,1742,台蠟,14.70,14.70,14.50,14.70,-0.10,67226,982350,47
2023-04-25,TPEx,1777,生泰,86.10,87.10,85.10,86.20,+0.20,188755,16272260,131
2023-04-25,TPEx,1781,合世,14.70,14.90,14.45,14.55,-0.30,92371,1346575,70
2023-04-25,TPEx,1784,訊聯,59.40,61.70,58.40,60.80,+1.40,5234253,315482908,3413
2023-04-25,TPEx,1785,光洋科,35.80,36.10,34.85,34.95,-0.80,2485461,87609088,1349
2023-04-25,TPEx,1788,杏昌,142.50,142.50,142.00,142.50,0.00,31500,4488087,174
2023-04-25,TPEx,1796,金穎生技,122.00,128.50,117.00,122.00,+2.00,2864667,352095588,2537
2023-04-25,TPEx,1799,易威,19.10,19.45,19.10,19.45,-0.55,25724,495444,18
2023-04-25,TPEx,1813,寶利徠,22.15,22.40,21.90,22.30,+0.10,35020,775294,22
2023-04-25,TPEx,1815,富喬,11.90,11.95,11.70,11.70,-0.20,582779,6866773,366
2023-04-25,TPEx,2035,唐榮,31.50,31.50,31.10,31.20,-0.40,19343,603636,20
2023-04-25,TPEx,2061,風青,19.80,19.90,19.10,19.35,-0.65,130169,2534934,88
2023-04-25,TPEx,2063,世鎧,40.55,40.55,39.95,40.10,-0.45,103913,4160411,61
2023-04-25,TPEx,2064,晉椿,17.45,17.60,16.70,17.15,-0.35,30050,516367,20
2023-04-25,TPEx,2065,世豐,59.30,59.30,57.70,58.00,-1.00,227420,13233420,270
2023-04-25,TPEx,2066,世德,95.50,95.50,90.10,92.20,-2.80,825920,76298072,681
2023-04-25,TPEx,2067,嘉鋼,12.35,12.45,12.20,12.20,-0.25,45029,553003,28
2023-04-25,TPEx,2070,精湛,32.60,32.60,32.20,32.20,-0.40,63060,2050202,27
2023-04-25,TPEx,2221,大甲,42.80,42.95,41.45,41.70,-0.75,219070,9195913,164
2023-04-25,TPEx,2230,泰茂,82.30,84.80,79.40,79.60,-3.50,1217921,99615104,905
2023-04-25,TPEx,2235,謚源,45.70,45.70,45.35,45.35,-0.35,12882,586154,19
2023-04-25,TPEx,2596,綠意,22.40,22.40,22.05,22.10,-0.30,175310,3901371,108
2023-04-25,TPEx,2640,大車隊,118.50,118.50,113.00,116.00,-1.50,155941,18057184,154
2023-04-25,TPEx,2641,正德,18.80,18.90,18.15,18.30,-0.45,1574695,29027146,796
2023-04-25,TPEx,2643,捷迅,70.00,70.10,68.70,68.80,-0.80,76997,5331404,78
2023-04-25,TPEx,2718,晶悅,,,,,,0,0,0
2023-04-25,TPEx,2719,燦星旅,46.00,46.00,41.40,41.40,-4.60,153561,6607251,157
2023-04-25,TPEx,2724,富驛-KY,13.00,13.00,13.00,13.00,-0.05,2000,26000,2
2023-04-25,TPEx,2726,雅茗-KY,27.40,27.40,26.00,26.45,-0.95,82200,2174570,66
2023-04-25,TPEx,2729,瓦城,233.00,236.50,226.50,228.00,-5.00,181967,41857073,422
2023-04-25,TPEx,2732,六角,169.50,175.50,165.00,166.50,-5.00,1378684,233699383,1306
2023-04-25,TPEx,2734,易飛網,33.10,33.40,32.35,32.40,-0.65,267271,8760560,196
2023-04-25,TPEx,2736,富野,22.35,22.70,20.95,21.50,-0.80,624336,13654711,404
2023-04-25,TPEx,2740,天蔥,46.00,46.00,46.00,46.00,-2.00,1141,52641,8
2023-04-25,TPEx,2743,山富,59.00,59.60,57.00,57.00,-2.00,513089,29870238,413
2023-04-25,TPEx,2745,五福,39.65,40.00,39.50,39.85,+0.15,71598,2849226,75
2023-04-25,TPEx,2752,豆府,250.00,250.00,243.00,245.00,0.00,23564,5797635,565
2023-04-25,TPEx,2754,亞洲藏壽司,167.00,170.00,158.00,158.00,-4.00,1005165,163715164,1009
2023-04-25,TPEx,2755,揚秦,150.00,150.00,144.00,145.50,-3.00,71352,10485572,138
2023-04-25,TPEx,2756,聯發國際,145.00,148.00,144.00,144.00,-1.00,21442,3113196,41
2023-04-25,TPEx,2916,滿心,33.35,33.40,32.95,33.10,-0.15,115607,3827479,95
2023-04-25,TPEx,2924,宏太-KY,31.10,31.10,31.00,31.00,-0.10,61000,1891900,32
2023-04-25,TPEx,2926,誠品生活,66.00,66.00,64.00,65.20,-0.10,24574,1593016,72
2023-04-25,TPEx,2937,集雅社,34.45,34.50,34.15,34.15,-0.05,17008,583476,14
2023-04-25,TPEx,2947,振宇五金,93.00,93.00,92.90,92.90,-1.40,3129,290806,24
2023-04-25,TPEx,3064,泰偉,,,,,,0,0,0
2023-04-25,TPEx,3066,李洲,23.65,23.70,23.50,23.65,-0.45,40319,951018,47
2023-04-25,TPEx,3067,全域,,,,,,0,0,0
2023-04-25,TPEx,3071,協禧,34.15,36.00,33.35,34.20,+1.10,27753634,955716037,15783
2023-04-25,TPEx,3078,僑威,53.60,54.50,51.30,52.00,-1.10,10984455,577655143,7055
2023-04-25,TPEx,3081,聯亞,122.50,123.00,116.00,116.50,-5.50,1686110,200039892,2104
2023-04-25,TPEx,3083,網龍,43.10,43.10,42.00,42.15,-0.75,186385,7891809,162
2023-04-25,TPEx,3085,新零售,21.40,21.40,21.40,21.40,-0.10,3000,64200,2
2023-04-25,TPEx,3086,華義,71.60,71.60,69.10,69.10,-3.50,5062,354565,12
2023-04-25,TPEx,3088,艾訊,77.00,77.50,74.10,74.60,-1.10,1147895,86807189,980
2023-04-25,TPEx,3089,億杰,59.10,59.10,56.50,58.00,-0.90,41001,2358857,36
2023-04-25,TPEx,3093,港建*,38.25,38.35,37.20,37.30,-0.85,641813,24077882,557
2023-04-25,TPEx,3095,及成,22.15,24.10,21.55,23.80,+1.00,18189,409365,199
2023-04-25,TPEx,3105,穩懋,170.50,171.00,163.50,165.00,-5.50,4521316,750589619,4295
2023-04-25,TPEx,3114,好德,27.35,27.35,26.70,26.70,-0.55,167883,4505307,269
2023-04-25,TPEx,3115,富榮綱,,,,,,0,0,0
2023-04-25,TPEx,3118,進階,32.15,32.15,31.40,31.40,-0.90,32575,1029096,49
2023-04-25,TPEx,3122,笙泉,25.50,25.50,24.10,24.35,-0.90,253034,6205254,212
2023-04-25,TPEx,3128,昇銳,39.20,39.20,36.90,37.25,-2.10,892068,33695209,728
2023-04-25,TPEx,3131,弘塑,345.00,355.00,334.50,343.00,+6.00,1157501,402437452,1339
2023-04-25,TPEx,3141,晶宏,102.00,102.50,93.90,95.00,-7.00,2740993,266378971,2333
2023-04-25,TPEx,3147,大綜,69.50,69.50,65.30,65.50,-3.30,763409,51254682,688
2023-04-25,TPEx,3152,璟德,220.00,221.50,209.00,210.00,-11.50,282088,60186301,794
2023-04-25,TPEx,3162,精確,52.60,53.40,50.20,50.80,-1.50,2797440,144621588,1913
2023-04-25,TPEx,3163,波若威,53.80,53.80,51.60,51.90,-1.90,1612299,84439808,1183
2023-04-25,TPEx,3169,亞信,132.50,135.00,122.00,123.00,-9.00,2470480,312622396,1940
2023-04-25,TPEx,3171,新洲,17.65,17.65,17.30,17.35,-0.25,35965,625312,37
2023-04-25,TPEx,3176,基亞,34.25,34.95,33.80,33.95,-0.30,230950,7897179,533
2023-04-25,TPEx,3178,公準,87.50,88.60,82.10,82.50,-4.20,949762,80814743,808
2023-04-25,TPEx,3188,鑫龍騰,13.95,14.00,13.80,13.80,-0.20,267928,3714202,138
2023-04-25,TPEx,3191,和進,8.00,8.20,8.00,8.15,+0.15,93000,751140,25
2023-04-25,TPEx,3202,樺晟,18.00,18.10,17.40,17.40,-0.30,740740,13013818,627
2023-04-25,TPEx,3205,佰研,44.80,46.50,43.30,43.40,-1.40,568074,25422892,884
2023-04-25,TPEx,3206,志豐,32.80,33.70,32.50,32.55,-0.20,319565,10535790,268
2023-04-25,TPEx,3207,耀勝,76.40,77.40,73.30,73.50,-2.70,2982157,223791383,2235
2023-04-25,TPEx,3211,順達,76.40,76.60,75.10,75.20,-1.20,394234,29857672,390
2023-04-25,TPEx,3213,茂訊,50.70,51.70,50.20,50.40,-0.20,76058,3834967,84
2023-04-25,TPEx,3217,優群,104.00,104.00,99.90,100.00,-3.50,1157611,116961699,971
2023-04-25,TPEx,3218,大學光,398.00,402.00,391.50,391.50,-6.00,443641,175309863,662
2023-04-25,TPEx,3219,倚強科,,,,,,146,7396,11
2023-04-25,TPEx,3221,台嘉碩,29.25,29.25,28.00,28.15,-0.80,815930,23168446,566
2023-04-25,TPEx,3224,三顧,55.00,55.50,53.20,55.50,+2.10,4443039,242511132,2427
2023-04-25,TPEx,3226,至寶電,58.70,58.80,55.00,58.40,+0.70,16010,925179,14
2023-04-25,TPEx,3227,原相,106.00,106.00,101.00,101.50,-4.50,669863,68972838,791
2023-04-25,TPEx,3228,金麗科,170.00,170.00,157.50,159.00,-10.00,1680647,270463727,1706
2023-04-25,TPEx,3230,錦明,13.60,13.65,12.85,13.15,-0.45,362209,4836322,176
2023-04-25,TPEx,3232,昱捷,28.35,29.60,27.95,29.50,+1.20,632434,18423465,404
2023-04-25,TPEx,3234,光環,23.70,23.70,22.75,22.85,-0.65,465658,10729407,305
2023-04-25,TPEx,3236,千如,29.10,29.10,27.70,27.85,-1.15,1109517,31232702,672
2023-04-25,TPEx,3252,海灣,18.10,18.20,17.50,17.75,-0.30,244189,4329888,114
2023-04-25,TPEx,3259,鑫創,19.35,19.35,19.15,19.20,-0.15,26500,510500,21
2023-04-25,TPEx,3260,威剛,73.60,74.20,70.80,71.00,-2.60,2613818,188998797,1811
2023-04-25,TPEx,3264,欣銓,54.60,54.80,52.50,53.00,-1.40,4170453,222476831,2934
2023-04-25,TPEx,3265,台星科,53.50,53.80,52.00,52.50,-0.90,991061,52296804,653
2023-04-25,TPEx,3268,海德威,22.50,22.50,22.05,22.15,-0.15,61008,1355326,43
2023-04-25,TPEx,3272,東碩,44.55,44.55,42.45,42.45,-1.75,803057,34634984,566
2023-04-25,TPEx,3276,宇環,14.45,14.45,14.10,14.10,-0.20,246144,3494587,120
2023-04-25,TPEx,3284,太普高,16.75,16.75,15.75,15.85,-0.80,484100,7817629,237
2023-04-25,TPEx,3285,微端,19.95,19.95,19.90,19.95,0.00,7480,149188,44
2023-04-25,TPEx,3287,廣寰科,14.25,14.25,13.80,13.80,-0.45,84000,1176400,53
2023-04-25,TPEx,3288,點晶,22.00,22.00,22.00,22.00,-0.20,20054,441175,9
2023-04-25,TPEx,3289,宜特,84.50,84.80,79.00,79.90,-4.10,2917264,236493727,2420
2023-04-25,TPEx,3290,東浦,27.70,27.95,26.70,26.70,-0.75,1808634,49149522,975
2023-04-25,TPEx,3293,鈊象,520.00,525.00,512.00,518.00,-2.00,1037001,536049743,1906
2023-04-25,TPEx,3294,英濟,19.70,19.80,19.10,19.20,+1.20,9350638,183758319,3651
2023-04-25,TPEx,3297,杭特,18.00,18.00,17.20,17.50,-0.40,152953,2669239,172
2023-04-25,TPEx,3303,岱稜,28.95,29.05,27.25,27.25,-0.95,2756605,78193970,1539
2023-04-25,TPEx,3306,鼎天,25.75,26.20,24.80,25.00,-0.70,273329,6965809,213
2023-04-25,TPEx,3310,佳穎,68.00,68.10,65.70,67.50,0.00,101548,6778881,134
2023-04-25,TPEx,3313,斐成,10.20,10.25,10.05,10.15,-0.05,139401,1411250,608
2023-04-25,TPEx,3317,尼克森,56.10,56.60,54.00,54.30,-2.00,577716,31784228,453
2023-04-25,TPEx,3322,建舜電,21.90,21.95,21.15,21.25,-0.65,1544263,33129756,760
2023-04-25,TPEx,3323,加百裕,33.90,33.90,32.85,33.10,-0.90,328806,10944426,224
2023-04-25,TPEx,3324,雙鴻,236.00,238.00,220.50,226.50,-10.50,5218107,1187295247,5115
2023-04-25,TPEx,3325,旭品,17.70,18.30,16.90,17.05,+0.05,1127629,19786197,1029
2023-04-25,TPEx,3332,幸康,48.50,49.20,48.40,49.05,+0.55,16104,788461,36
2023-04-25,TPEx,3339,泰谷,13.45,13.55,12.80,12.85,-0.60,184177,2412850,127
2023-04-25,TPEx,3349,寶德,13.60,13.60,13.60,13.60,-0.20,7360,100040,10
2023-04-25,TPEx,3354,律勝,14.20,14.25,13.95,13.95,-0.25,113460,1595220,143
2023-04-25,TPEx,3357,臺慶科,103.50,103.50,100.50,101.00,-2.50,82691,8367764,104
2023-04-25,TPEx,3360,尚立,13.75,13.75,13.65,13.70,-0.10,45231,619954,52
2023-04-25,TPEx,3362,先進光,94.20,94.20,89.70,90.30,-3.00,2648809,241741291,2234
2023-04-25,TPEx,3363,上詮,32.40,32.55,29.20,29.20,-3.20,5556064,168151916,2195
2023-04-25,TPEx,3372,典範,12.55,12.55,11.90,11.90,-0.65,813818,9907611,389
2023-04-25,TPEx,3373,熱映,23.20,23.20,22.60,22.60,-0.80,65517,1495495,85
2023-04-25,TPEx,3374,精材,103.00,103.00,97.70,97.80,-4.70,2060677,205472350,1795
2023-04-25,TPEx,3379,彬台,12.45,12.50,12.20,12.25,-0.10,75256,923882,219
2023-04-25,TPEx,3388,崇越電,74.20,74.20,74.10,74.20,-0.10,24129,1788566,25
2023-04-25,TPEx,3390,旭軟,18.05,18.05,17.60,17.85,-0.20,406579,7238794,228
2023-04-25,TPEx,3402,漢科,52.60,52.90,51.50,51.90,-0.60,368151,19151694,341
2023-04-25,TPEx,3426,台興,39.80,39.80,39.60,39.70,+0.10,11013,437420,12
2023-04-25,TPEx,3430,奇鈦科,49.00,49.20,47.60,48.00,-0.65,208476,10057722,196
2023-04-25,TPEx,3434,哲固,28.50,28.80,28.05,28.15,-0.15,87515,2475308,68
2023-04-25,TPEx,3438,類比科,57.00,57.10,53.50,53.90,-3.10,331847,18174638,257
2023-04-25,TPEx,3441,聯一光,43.30,43.55,41.05,41.05,-2.10,933850,38997390,643
2023-04-25,TPEx,3444,利機,62.60,63.80,62.40,62.50,-0.10,484428,30520456,349
2023-04-25,TPEx,3455,由田,88.30,88.30,86.70,86.70,-1.60,614703,53666004,655
2023-04-25,TPEx,3465,進泰電子,90.00,92.90,90.00,90.30,+0.40,290004,26454960,178
2023-04-25,TPEx,3466,致振,34.65,35.40,33.10,33.20,-1.70,1112073,37877733,940
2023-04-25,TPEx,3479,安勤,101.00,101.50,95.50,96.20,-3.40,4082340,398249169,3956
2023-04-25,TPEx,3483,力致,68.70,68.70,65.40,65.60,-2.30,903600,60001885,805
2023-04-25,TPEx,3484,崧騰,46.30,47.60,45.55,45.65,-0.50,741370,34456629,632
2023-04-25,TPEx,3489,森寶,11.10,11.15,11.00,11.05,-0.10,67000,739650,27
2023-04-25,TPEx,3490,單井,26.75,26.75,26.25,26.40,-0.35,190541,5032508,158
2023-04-25,TPEx,3491,昇達科,170.00,170.00,159.50,161.50,-6.00,2059710,334703086,1762
2023-04-25,TPEx,3492,長盛,20.65,20.65,20.20,20.50,-0.15,200100,4067730,85
2023-04-25,TPEx,3498,陽程,32.80,33.25,32.15,32.15,-0.95,156713,5106193,194
2023-04-25,TPEx,3499,環天科,22.60,23.50,21.40,21.40,-0.95,1786044,40151431,996
2023-04-25,TPEx,3508,位速,33.50,33.50,31.50,31.60,-1.70,436372,14091383,354
2023-04-25,TPEx,3511,矽瑪,34.10,34.45,33.10,33.40,-1.40,569666,19222215,416
2023-04-25,TPEx,3512,皇龍,33.05,33.05,32.35,32.55,-0.15,41077,1340444,36
2023-04-25,TPEx,3516,亞帝歐,17.30,17.85,17.20,17.70,+0.15,77957,1361243,64
2023-04-25,TPEx,3520,華盈,23.15,23.15,21.90,22.10,-0.80,1420817,31650945,1071
2023-04-25,TPEx,3521,鴻翊,24.30,24.45,23.20,23.80,-0.40,361149,8569462,183
2023-04-25,TPEx,3522,御頂,14.30,14.55,13.80,14.20,-0.10,242011,3459745,170
2023-04-25,TPEx,3523,迎輝,18.00,18.50,18.00,18.50,-0.35,2003,36556,5
2023-04-25,TPEx,3526,凡甲,136.00,137.00,132.00,132.50,-3.50,149805,20002966,296
2023-04-25,TPEx,3527,聚積,116.50,118.50,112.00,112.00,-4.00,322845,36804268,407
2023-04-25,TPEx,3529,力旺,1945.00,1950.00,1790.00,1815.00,-125.00,679516,1254442255,1557
2023-04-25,TPEx,3531,先益,27.85,27.85,27.50,27.50,-0.35,14143,390916,15
2023-04-25,TPEx,3537,堡達,37.95,37.95,37.35,37.40,-0.60,140621,5290894,327
2023-04-25,TPEx,3540,曜越,41.20,41.20,38.35,38.90,-1.90,1371234,53884116,978
2023-04-25,TPEx,3541,西柏,60.20,60.20,59.70,59.70,-0.50,74655,4476432,87
2023-04-25,TPEx,3546,宇峻,80.00,80.00,78.30,78.70,-1.00,132295,10426312,369
2023-04-25,TPEx,3548,兆利,72.80,73.40,68.40,69.40,-2.80,1741585,122591840,1624
2023-04-25,TPEx,3551,世禾,59.60,59.80,58.80,59.00,-0.60,113450,6697388,81
2023-04-25,TPEx,3552,同致,143.00,143.50,139.00,140.50,-2.50,609093,85512097,1019
2023-04-25,TPEx,3555,重鵬,27.10,27.10,26.25,27.05,+0.55,5908,157505,12
2023-04-25,TPEx,3556,禾瑞亞,65.40,66.00,63.70,64.00,-1.40,247826,15956609,217
2023-04-25,TPEx,3558,神準,291.00,291.50,275.00,276.50,-11.50,2813743,787934396,2566
2023-04-25,TPEx,3564,其陽,38.00,38.00,35.30,35.50,-2.45,406414,14668042,376
2023-04-25,TPEx,3567,逸昌,31.85,32.95,29.65,29.85,-2.50,984861,30325482,778
2023-04-25,TPEx,3570,大塚,144.00,144.00,136.00,137.00,-6.00,325141,45116055,318
2023-04-25,TPEx,3577,泓格,83.20,83.50,80.50,81.00,-2.50,128722,10508126,130
2023-04-25,TPEx,3580,友威科,56.50,56.50,55.00,55.50,-1.00,469106,26026162,364
2023-04-25,TPEx,3581,博磊,22.95,22.95,22.40,22.45,-0.20,69029,1554756,41
2023-04-25,TPEx,3587,閎康,196.00,196.00,182.00,185.50,-7.50,1041587,194180191,1149
2023-04-25,TPEx,3594,磐儀,53.30,53.60,50.60,51.60,-1.40,1451808,74951365,1149
2023-04-25,TPEx,3597,映興,25.30,25.35,25.30,25.35,0.00,10000,253450,7
2023-04-25,TPEx,3609,三一東林,41.10,42.70,41.00,42.30,+0.50,30000,1246350,25
2023-04-25,TPEx,3611,鼎翰,228.50,233.50,225.50,227.00,-3.50,147446,33621022,147
2023-04-25,TPEx,3615,安可,17.80,17.90,17.35,17.55,-0.30,141068,2480589,73
2023-04-25,TPEx,3623,富晶通,16.30,16.30,16.00,16.10,-0.30,53482,861362,40
2023-04-25,TPEx,3624,光頡,75.60,76.50,71.70,71.70,-2.20,8118831,602745593,5658
2023-04-25,TPEx,3625,西勝,14.25,14.45,13.85,13.85,-0.40,420193,5947981,788
2023-04-25,TPEx,3628,盈正,49.20,49.25,47.65,48.65,-0.40,375714,18100624,298
2023-04-25,TPEx,3629,地心引力,85.30,91.20,84.80,86.50,+1.20,263147,22656304,236
2023-04-25,TPEx,3630,新鉅科,28.90,29.20,27.80,28.00,-0.90,514911,14651511,318
2023-04-25,TPEx,3631,晟楠,34.85,35.75,34.60,34.90,+0.05,17000,592000,15
2023-04-25,TPEx,3632,研勤,14.45,15.10,13.95,14.00,+0.05,78412,1112857,259
2023-04-25,TPEx,3646,艾恩特,28.50,28.50,28.00,28.00,-0.35,92449,2603129,104
2023-04-25,TPEx,3663,鑫科,33.65,33.65,32.20,32.45,-0.90,198445,6501722,271
2023-04-25,TPEx,3664,安瑞-KY,27.30,27.65,27.00,27.00,-1.00,230181,6270186,230
2023-04-25,TPEx,3666,光耀,23.00,23.00,22.20,22.30,-0.70,100096,2237317,84
2023-04-25,TPEx,3672,康聯訊,29.00,29.00,28.45,28.90,0.00,58049,1673671,30
2023-04-25,TPEx,3675,德微,307.50,313.50,296.50,302.00,-9.00,2224067,676348675,1987
2023-04-25,TPEx,3680,家登,352.50,352.50,330.00,331.50,-16.50,2034541,686033375,2151
2023-04-25,TPEx,3684,榮昌,65.70,65.70,62.50,63.00,-2.70,125386,8060204,138
2023-04-25,TPEx,3685,元創精密,20.85,21.00,20.65,20.65,-0.20,38000,789700,33
2023-04-25,TPEx,3687,歐買尬,81.00,81.00,77.20,78.70,-2.10,151389,11971707,211
2023-04-25,TPEx,3689,湧德,37.85,38.00,36.85,37.15,-0.70,401021,14945985,398
2023-04-25,TPEx,3691,碩禾,112.00,112.50,105.50,106.00,-5.50,782109,84168974,761
2023-04-25,TPEx,3693,營邦,217.50,217.50,194.50,194.50,-21.50,954856,192325436,1133
2023-04-25,TPEx,3707,漢磊,80.40,80.50,76.10,77.00,-3.00,5022925,390145859,4262
2023-04-25,TPEx,3709,鑫聯大投控,22.30,22.30,21.20,21.20,-1.30,123532,2686748,103
2023-04-25,TPEx,3710,連展投控,11.95,12.05,11.55,11.60,-0.30,1146146,13407420,636
2023-04-25,TPEx,3713,新晶投控,28.30,28.40,27.10,27.20,-0.80,61015,1675935,62
2023-04-25,TPEx,4102,永日,32.00,32.60,31.55,32.05,+0.15,3112574,99637564,1543
2023-04-25,TPEx,4105,東洋,76.10,76.80,75.00,75.50,-0.40,888950,67258488,777
2023-04-25,TPEx,4107,邦特,113.50,114.00,112.00,112.00,-1.50,181360,20429993,444
2023-04-25,TPEx,4109,加捷生醫,16.10,17.15,16.10,16.90,+0.95,4709535,78903574,1956
2023-04-25,TPEx,4111,濟生,31.60,32.95,29.95,30.55,-0.90,4094394,128896434,2617
2023-04-25,TPEx,4113,聯上,16.45,16.45,16.00,16.10,-0.35,1210150,19565424,455
2023-04-25,TPEx,4114,健喬,47.30,48.60,46.15,46.40,-0.90,13941508,659868388,8508
2023-04-25,TPEx,4116,明基醫,64.80,67.00,62.60,63.20,-1.10,1790474,116094655,1250
2023-04-25,TPEx,4120,友華,37.40,37.40,36.50,36.50,-0.30,38219,1400518,149
2023-04-25,TPEx,4121,優盛,26.90,28.70,26.45,27.50,+1.25,9677639,264779145,5492
2023-04-25,TPEx,4123,晟德,51.70,52.50,50.50,51.20,-0.80,7149037,367748714,6290
2023-04-25,TPEx,4126,太醫,84.30,85.40,83.20,84.00,+0.20,375316,31635787,444
2023-04-25,TPEx,4127,天良,15.65,15.75,15.05,15.20,-0.30,206156,3155988,150
2023-04-25,TPEx,4128,中天,63.60,64.10,61.40,61.50,-1.90,4210549,262010598,3128
2023-04-25,TPEx,4129,聯合,60.60,61.60,57.40,58.30,-2.50,1744824,102638017,1267
2023-04-25,TPEx,4129A,聯合甲特,58.40,58.40,58.00,58.00,-3.00,16000,930100,9
2023-04-25,TPEx,4130,健亞,27.65,28.00,26.80,26.85,-0.75,769558,20987600,533
2023-04-25,TPEx,4131,晶宇,28.00,28.00,27.00,27.70,-0.40,29406,813615,21
2023-04-25,TPEx,4138,曜亞,81.00,82.00,79.00,79.40,-1.00,99638,7952390,141
2023-04-25,TPEx,4139,馬光-KY,37.60,37.60,37.25,37.50,0.00,14000,524600,12
2023-04-25,TPEx,4147,中裕,113.00,121.50,111.00,112.00,+0.50,24599042,2835845574,13905
2023-04-25,TPEx,4153,鈺緯,46.55,47.55,45.35,45.70,-1.75,899840,41559133,709
2023-04-25,TPEx,4154,樂威科-KY,31.10,31.65,30.80,31.65,-0.10,10000,311650,10
2023-04-25,TPEx,4157,太景*-KY,15.40,15.70,15.05,15.10,-0.25,1614790,24718412,818
2023-04-25,TPEx,4160,創源,34.90,35.80,33.80,35.40,+0.35,558106,19316713,499
2023-04-25,TPEx,4161,聿新科,29.30,29.40,28.40,29.25,0.00,166929,4819866,102
2023-04-25,TPEx,4162,智擎,98.80,101.00,95.60,97.00,-1.70,2298103,225299315,1962
2023-04-25,TPEx,4163,鐿鈦,132.00,132.50,127.00,127.50,-4.00,430959,55521603,436
2023-04-25,TPEx,4167,松瑞藥,18.90,19.00,18.10,18.35,-0.40,2145904,39503875,1172
2023-04-25,TPEx,4168,醣聯,31.20,31.65,30.45,30.70,-0.40,1039645,31989106,606
2023-04-25,TPEx,4171,瑞基,59.20,59.20,56.30,57.10,-1.10,314396,18053491,355
2023-04-25,TPEx,4173,久裕,19.65,19.70,19.30,19.30,-0.25,238136,4622800,119
2023-04-25,TPEx,4174,浩鼎,87.10,89.40,85.20,85.20,-1.20,999838,86903540,1331
2023-04-25,TPEx,4175,杏一,110.00,115.50,105.50,107.50,-2.00,1159190,127516834,1111
2023-04-25,TPEx,4183,福永生技,19.45,20.00,19.25,19.25,-0.10,31000,601150,21
2023-04-25,TPEx,4188,安克,16.05,16.05,15.65,15.90,-0.15,23000,363500,18
2023-04-25,TPEx,4192,杏國,19.50,19.50,19.15,19.30,-0.20,61166,1176459,35
2023-04-25,TPEx,4198,欣大健康,,,,,,0,0,0
2023-04-25,TPEx,4205,中華食,106.00,106.00,105.00,105.50,+0.50,15633,1650153,71
2023-04-25,TPEx,4207,環泰,15.10,15.35,14.90,14.95,-0.15,1122573,17005106,390
2023-04-25,TPEx,4303,信立,17.35,17.35,16.90,16.90,-0.45,86920,1490594,64
2023-04-25,TPEx,4304,勝昱,10.10,10.20,9.93,9.99,-0.01,46000,461640,34
2023-04-25,TPEx,4305,世坤,31.90,31.90,31.30,31.30,-0.25,10000,314450,9
2023-04-25,TPEx,4401,東隆興,27.50,28.15,27.20,27.25,-0.05,316122,8703139,151
2023-04-25,TPEx,4402,福大,10.50,10.65,10.20,10.20,-0.25,171325,1771480,107
2023-04-25,TPEx,4406,新昕纖,10.20,10.20,10.15,10.15,-0.05,67000,680200,13
2023-04-25,TPEx,4413,飛寶企業,15.15,15.15,14.90,14.90,-0.05,8002,120630,7
2023-04-25,TPEx,4416,三圓,,,,,,0,0,0
2023-04-25,TPEx,4417,金洲,39.85,40.30,39.80,40.15,+0.30,246536,9881548,184
2023-04-25,TPEx,4419,元勝,,,,,,55,1210,2
2023-04-25,TPEx,4420,光明,29.35,29.60,29.35,29.60,-0.05,5410,159408,21
2023-04-25,TPEx,4430,耀億,23.10,23.10,22.85,22.85,-0.05,12680,290824,66
2023-04-25,TPEx,4432,銘旺實,21.50,21.50,21.00,21.05,-0.30,188204,3983024,94
2023-04-25,TPEx,4433,興采,35.40,36.20,34.05,34.45,-0.95,262352,9174423,204
2023-04-25,TPEx,4502,健信,36.85,37.00,36.85,37.00,0.00,10099,372613,11
2023-04-25,TPEx,4503,金雨,56.30,57.00,53.10,54.00,-1.40,1121308,61295768,565
2023-04-25,TPEx,4506,崇友,74.00,74.10,73.40,73.40,-0.60,86558,6371521,206
2023-04-25,TPEx,4510,高鋒,14.75,14.95,13.80,14.05,-0.60,3082943,43909748,1424
2023-04-25,TPEx,4513,福裕,20.20,20.70,19.95,20.15,-0.05,662407,13367767,230
2023-04-25,TPEx,4523,永彰,36.15,36.40,35.75,35.90,-0.75,27013,970626,29
2023-04-25,TPEx,4527,方土霖,31.30,31.50,31.00,31.00,-0.20,51350,1604745,41
2023-04-25,TPEx,4528,江興鍛,32.55,32.55,32.35,32.35,-0.15,77133,2495945,23
2023-04-25,TPEx,4529,淳紳,10.35,10.40,10.00,10.05,-0.20,111008,1122480,71
2023-04-25,TPEx,4530,宏易,6.82,6.85,6.80,6.80,-0.02,28017,191494,20
2023-04-25,TPEx,4533,協易機,11.65,11.70,11.40,11.50,-0.20,235443,2714669,175
2023-04-25,TPEx,4534,慶騰,9.72,9.72,9.63,9.66,-0.19,52346,506807,86
2023-04-25,TPEx,4535,至興,39.30,39.60,38.30,39.50,+0.15,19050,749729,12
2023-04-25,TPEx,4538,大詠城,20.95,20.95,20.85,20.85,-0.10,3000,62700,3
2023-04-25,TPEx,4541,晟田,38.75,40.65,38.05,38.50,-0.65,6496074,256086672,3923
2023-04-25,TPEx,4542,科嶠,27.05,27.55,26.95,27.00,-0.55,12000,325250,12
2023-04-25,TPEx,4543,萬在,26.95,27.10,25.80,26.20,-0.75,443434,11648056,290
2023-04-25,TPEx,4549,桓達,93.00,93.00,92.60,92.70,+0.20,73077,6787007,63
2023-04-25,TPEx,4550,長佳,30.60,31.35,30.50,31.25,+0.85,250146,7715954,202
2023-04-25,TPEx,4554,橙的,29.10,30.00,28.60,28.70,-0.45,100021,2909409,125
2023-04-25,TPEx,4556,旭然,31.40,31.40,30.60,31.10,0.00,29000,902650,19
2023-04-25,TPEx,4558,寶緯,28.05,28.05,27.60,27.90,-0.15,28000,778150,26
2023-04-25,TPEx,4561,健椿,24.30,25.10,24.00,24.00,-0.10,438240,10774956,270
2023-04-25,TPEx,4563,百德,39.70,39.70,38.25,38.75,-0.75,110513,4295156,158
2023-04-25,TPEx,4568,科際精密,60.50,60.50,60.40,60.50,-0.90,5060,306040,8
2023-04-25,TPEx,4577,達航科技,30.80,30.95,30.15,30.95,+0.15,80133,2457562,65
2023-04-25,TPEx,4580,捷流閥業,95.10,95.30,92.20,94.70,-0.30,174070,16241218,187
2023-04-25,TPEx,4584,君帆,50.60,50.60,49.50,49.50,-1.00,37088,1848602,31
2023-04-25,TPEx,4609,唐鋒,7.57,8.03,7.57,7.59,0.00,7012,53932,9
2023-04-25,TPEx,4702,中美實,13.85,13.85,13.35,13.45,-0.15,263599,3556256,425
2023-04-25,TPEx,4706,大恭,17.35,17.45,17.15,17.15,-0.10,57667,996322,29
2023-04-25,TPEx,4707,磐亞,12.80,12.80,12.65,12.75,0.00,464451,5915418,254
2023-04-25,TPEx,4711,永純,15.30,15.30,14.95,15.05,-0.05,74151,1118820,114
2023-04-25,TPEx,4712,南璋,4.56,4.56,4.42,4.42,-0.14,17336,78682,274
2023-04-25,TPEx,4714,永捷,12.25,12.45,11.95,11.95,-0.25,689097,8355342,386
2023-04-25,TPEx,4716,大立,12.35,12.45,12.25,12.25,-0.10,122701,1511823,252
2023-04-25,TPEx,4721,美琪瑪,103.50,103.50,99.80,99.90,-3.60,644439,65163105,1295
2023-04-25,TPEx,4726,永昕,38.60,39.00,37.45,37.90,-0.70,732658,27800636,458
2023-04-25,TPEx,4728,雙美,265.50,273.00,251.00,255.00,-23.00,299837,77574063,314
2023-04-25,TPEx,4729,熒茂,17.40,17.40,16.60,16.70,-0.45,46315,777807,66
2023-04-25,TPEx,4735,豪展,38.15,38.50,38.00,38.00,-0.40,33781,1287767,49
2023-04-25,TPEx,4736,泰博,182.50,183.50,180.00,180.50,-1.50,393532,71338809,553
2023-04-25,TPEx,4741,泓瀚,35.50,38.70,35.10,38.70,+3.50,2829966,105376612,1769
2023-04-25,TPEx,4743,合一,252.00,253.50,239.00,242.00,-9.00,7626001,1868860708,8494
2023-04-25,TPEx,4744,皇將,35.30,36.10,33.75,34.15,-1.35,1310479,45336511,714
2023-04-25,TPEx,4745,合富-KY,27.10,27.15,26.65,27.00,-0.30,31300,843750,22
2023-04-25,TPEx,4747,強生,56.00,56.60,53.70,54.70,-1.10,632879,34802478,566
2023-04-25,TPEx,4754,國碳科,40.80,41.10,40.00,40.05,-0.70,38314,1548989,70
2023-04-25,TPEx,4760,勤凱,67.00,68.20,65.90,65.90,-0.30,291058,19356620,167
2023-04-25,TPEx,4767,誠泰科技,29.70,30.80,28.55,28.95,+0.05,224336,6621748,172
2023-04-25,TPEx,4768,晶呈科技,176.00,176.00,165.50,168.00,-7.00,843057,143513845,911
2023-04-25,TPEx,4804,大略-KY,6.26,6.26,6.16,6.23,-0.01,73478,457419,340
2023-04-25,TPEx,4903,聯光通,20.30,20.30,19.50,19.50,-0.55,301209,5959181,199
2023-04-25,TPEx,4905,台聯電,51.00,51.00,51.00,51.00,0.00,105001,5355051,19
2023-04-25,TPEx,4907,富宇,34.70,34.85,34.25,34.50,-0.05,24057,829636,23
2023-04-25,TPEx,4908,前鼎,34.55,34.65,33.65,33.75,-0.70,486696,16538164,359
2023-04-25,TPEx,4909,新復興,18.40,18.40,17.80,17.85,-0.50,239498,4311152,600
2023-04-25,TPEx,4911,德英,72.80,73.40,67.50,68.60,-3.30,623779,43845878,606
2023-04-25,TPEx,4923,力士,60.80,61.00,58.00,59.00,-1.60,218608,13038803,235
2023-04-25,TPEx,4924,欣厚-KY,13.35,13.35,12.95,13.00,-0.20,94390,1232821,61
2023-04-25,TPEx,4931,新盛力,46.90,47.15,45.00,45.05,-1.90,3007656,137651284,2128
2023-04-25,TPEx,4933,友輝,35.20,35.65,35.05,35.10,-0.15,34159,1204352,35
2023-04-25,TPEx,4939,亞電,16.30,16.35,16.10,16.20,-0.05,123059,1993758,75
2023-04-25,TPEx,4944,兆遠,12.50,12.50,12.45,12.45,-0.05,5143,63109,15
2023-04-25,TPEx,4945,陞達科技,53.40,53.40,51.50,51.90,-1.50,55219,2882752,63
2023-04-25,TPEx,4946,辣椒,27.80,28.35,27.45,27.55,-0.70,50091,1394815,55
2023-04-25,TPEx,4950,牧東,18.60,18.60,18.05,18.05,-0.35,1758615,32475924,213
2023-04-25,TPEx,4951,精拓科,73.60,73.60,68.00,68.40,-4.00,556198,39246429,462
2023-04-25,TPEx,4953,緯軟,117.00,118.50,113.00,114.50,-3.50,1652989,190765307,1479
2023-04-25,TPEx,4966,譜瑞-KY,1070.00,1070.00,968.00,968.00,-107.00,1942142,1928278829,2678
2023-04-25,TPEx,4971,IET-KY,64.40,65.00,61.30,61.80,-2.10,342675,21563574,394
2023-04-25,TPEx,4972,湯石照明,29.40,29.45,29.35,29.40,0.00,31759,934066,72
2023-04-25,TPEx,4973,廣穎,25.20,25.25,24.50,24.50,-0.85,320596,7955402,247
2023-04-25,TPEx,4974,亞泰,68.20,68.50,67.10,67.30,-0.90,405380,27357967,406
2023-04-25,TPEx,4979,華星光,50.80,50.80,47.10,47.55,-3.25,17113493,831461054,9605
2023-04-25,TPEx,4987,科誠,61.10,61.60,60.60,61.40,+0.30,22352,1364750,19
2023-04-25,TPEx,4991,環宇-KY,34.40,34.40,33.10,33.75,-0.50,63120,2125173,55
2023-04-25,TPEx,4995,晶達,50.30,50.30,49.00,49.15,-1.05,141575,6981012,135
2023-04-25,TPEx,5009,榮剛,56.00,57.00,53.20,54.30,-1.70,24349382,1335392389,12287
2023-04-25,TPEx,5011,久陽,26.90,27.05,26.25,26.25,-0.65,705046,18688301,349
2023-04-25,TPEx,5013,強新,34.60,35.60,34.60,35.15,-0.40,18757,659546,14
2023-04-25,TPEx,5014,建錩,16.35,16.40,15.80,15.80,-0.55,796864,12758144,508
2023-04-25,TPEx,5015,華祺,54.20,54.20,52.10,52.50,-1.50,459056,24319645,432
2023-04-25,TPEx,5016,松和,30.40,30.40,30.40,30.40,0.00,4008,121843,5
2023-04-25,TPEx,5201,凱衛,27.50,27.80,27.50,27.70,+0.25,4051,112192,6
2023-04-25,TPEx,5202,力新,16.25,16.25,15.20,15.65,-0.35,283315,4377636,150
2023-04-25,TPEx,5205,中茂,38.45,38.45,38.45,38.45,+0.30,1000,38450,1
2023-04-25,TPEx,5206,坤悅,20.25,20.80,20.15,20.40,+0.15,651072,13319138,299
2023-04-25,TPEx,5209,新鼎,156.00,156.00,146.50,147.50,-7.00,274519,41165520,416
2023-04-25,TPEx,5210,寶碩,17.35,17.50,17.10,17.10,-0.15,180744,3111664,153
2023-04-25,TPEx,5211,蒙恬,33.20,33.95,30.85,31.45,-1.70,2403362,78237535,1616
2023-04-25,TPEx,5212,凌網,47.00,47.20,46.40,46.50,-0.50,8324,388625,95
2023-04-25,TPEx,5213,亞昕,26.75,26.90,26.55,26.90,+0.10,175613,4692593,109
2023-04-25,TPEx,5220,萬達光電,30.80,30.85,30.50,30.50,0.00,19200,589549,17
2023-04-25,TPEx,5223,安力-KY,40.75,40.75,40.15,40.60,-0.10,24162,976261,21
2023-04-25,TPEx,5227,立凱-KY,69.80,71.20,68.30,70.40,+1.80,1411242,98532746,1391
2023-04-25,TPEx,5228,鈺鎧,22.60,22.75,22.25,22.30,-0.30,44048,989684,33
2023-04-25,TPEx,5230,雷笛克光學,22.90,22.90,22.25,22.40,-0.35,179556,4025138,115
2023-04-25,TPEx,5236,凌陽創新,87.30,87.90,84.10,85.00,-2.20,150855,12937166,179
2023-04-25,TPEx,5245,智晶,49.40,49.85,47.00,47.05,-2.35,348974,16658186,295
2023-04-25,TPEx,5251,天鉞電,22.00,22.00,21.05,21.05,-0.95,213917,4566218,387
2023-04-25,TPEx,5263,智崴,123.50,125.50,118.50,121.00,-1.00,423983,51543241,457
2023-04-25,TPEx,5272,笙科,30.00,30.00,28.30,28.50,-1.50,360568,10353576,261
2023-04-25,TPEx,5274,信驊,2675.00,2705.00,2580.00,2590.00,-60.00,518271,1359230890,952
2023-04-25,TPEx,5276,達輝-KY,15.35,15.35,15.35,15.35,-0.55,3000,46050,2
2023-04-25,TPEx,5278,尚凡,175.00,175.50,175.00,175.00,0.00,11060,1937885,69
2023-04-25,TPEx,5281,大峽谷-KY,16.55,16.70,16.50,16.50,-0.05,20010,331268,14
2023-04-25,TPEx,5287,數字,201.00,202.00,200.50,200.50,-0.50,26496,5327964,245
2023-04-25,TPEx,5289,宜鼎,294.00,294.00,278.50,280.50,-8.50,1344522,382040894,1410
2023-04-25,TPEx,5291,邑昇,34.20,34.20,33.70,33.75,-0.30,65341,2210710,51
2023-04-25,TPEx,5299,杰力,131.00,131.00,123.00,123.50,-6.50,412657,51930055,521
2023-04-25,TPEx,5301,寶得利,12.35,12.40,12.00,12.10,-0.20,98413,1193127,76
2023-04-25,TPEx,5302,太欣,9.40,9.55,9.28,9.38,-0.02,363562,3413012,195
2023-04-25,TPEx,5309,系統電,42.40,43.25,41.65,42.10,-0.15,3582231,151738941,2209
2023-04-25,TPEx,5310,天剛,23.95,23.95,23.55,23.95,+0.25,8455,201114,8
2023-04-25,TPEx,5312,寶島科,65.50,65.50,64.90,64.90,-0.60,45300,2953665,63
2023-04-25,TPEx,5314,世紀,24.40,24.50,22.50,23.60,-0.85,87031,2034756,68
2023-04-25,TPEx,5315,光聯,23.00,23.20,22.50,22.60,-0.40,824280,18742382,389
2023-04-25,TPEx,5321,美而快,91.30,91.30,86.50,86.60,-4.60,731745,64677543,706
2023-04-25,TPEx,5324,士開,9.23,9.26,9.06,9.16,-0.14,79421,728385,51
2023-04-25,TPEx,5328,華容,13.40,13.40,12.90,12.90,-0.60,882841,11538675,426
2023-04-25,TPEx,5340,建榮,43.00,43.05,40.00,40.85,-1.90,1472022,60328708,764
2023-04-25,TPEx,5344,立衛,16.80,16.80,16.00,16.00,-0.80,131173,2136769,110
2023-04-25,TPEx,5345,天揚,,,,,,43,215,2
2023-04-25,TPEx,5347,世界,89.60,89.80,87.00,87.00,-1.90,4368706,384338565,3560
2023-04-25,TPEx,5348,系通,9.28,9.50,9.00,9.50,+0.28,27998,257272,20
2023-04-25,TPEx,5351,鈺創,43.70,43.95,41.50,41.55,-2.00,4813992,202871752,3628
2023-04-25,TPEx,5353,台林,50.70,51.40,47.85,48.20,-2.90,2732661,134696492,2043
2023-04-25,TPEx,5355,佳總,8.10,8.24,7.82,7.90,-0.16,395786,3179559,181
2023-04-25,TPEx,5356,協益,22.00,22.00,21.45,21.75,-0.25,131019,2820304,36
2023-04-25,TPEx,5364,力麗店,23.90,24.55,23.70,24.35,+0.05,14000,336400,10
2023-04-25,TPEx,5371,中光電,75.90,76.90,73.50,73.50,-4.10,6383769,478993543,4487
2023-04-25,TPEx,5381,合正,17.10,18.35,17.10,17.55,+0.35,666371,11688022,370
2023-04-25,TPEx,5383,金利,29.80,30.00,29.60,29.80,-0.50,61134,1820103,41
2023-04-25,TPEx,5386,青雲,38.25,38.55,37.05,37.25,-1.00,112931,4238513,308
2023-04-25,TPEx,5392,能率,21.25,21.30,20.85,20.85,-0.40,258335,5438796,696
2023-04-25,TPEx,5398,慕康生醫,16.60,16.60,16.25,16.45,-0.20,29004,475267,28
2023-04-25,TPEx,5403,中菲,96.70,97.50,93.50,94.20,-1.40,563715,53604694,640
2023-04-25,TPEx,5410,國眾,35.75,35.75,34.35,34.60,-0.90,562399,19549245,461
2023-04-25,TPEx,5425,台半,94.40,94.50,89.50,90.60,-2.40,16397270,1497267808,9367
2023-04-25,TPEx,5426,振發,12.60,12.70,12.20,12.25,-0.40,682952,8470806,315
2023-04-25,TPEx,5432,新門,27.25,27.25,26.70,26.70,-0.30,37136,999021,39
2023-04-25,TPEx,5438,東友,19.10,19.10,18.65,18.75,0.00,24102,452605,28
2023-04-25,TPEx,5439,高技,63.90,63.90,62.00,62.50,-1.20,1131596,70817817,606
2023-04-25,TPEx,5443,均豪,28.55,28.55,27.90,27.95,-0.20,360093,10115973,255
2023-04-25,TPEx,5450,南良,22.55,22.85,21.45,21.80,-0.50,308062,6855832,172
2023-04-25,TPEx,5452,佶優,22.20,22.20,20.55,20.60,-1.30,970139,20429670,621
2023-04-25,TPEx,5455,昇益,27.20,28.20,27.20,27.20,+0.20,5000,137100,5
2023-04-25,TPEx,5457,宣德,53.90,55.90,52.90,54.10,+0.40,1782253,96983245,1093
2023-04-25,TPEx,5460,同協,11.05,11.10,11.00,11.05,-0.05,62460,690810,218
2023-04-25,TPEx,5464,霖宏,30.90,31.30,29.60,29.65,-1.15,309183,9277558,222
2023-04-25,TPEx,5465,富驊,38.10,39.40,35.85,36.10,-2.35,4372874,162650684,2687
2023-04-25,TPEx,5468,凱鈺,16.60,16.70,16.00,16.05,-0.55,41000,666850,34
2023-04-25,TPEx,5474,聰泰,86.50,86.50,83.40,83.60,-2.50,77959,6587395,85
2023-04-25,TPEx,5475,德宏,15.35,15.40,14.40,14.50,-0.60,752322,11117064,409
2023-04-25,TPEx,5478,智冠,97.90,99.60,97.70,99.50,+1.60,1472288,145064905,1465
2023-04-25,TPEx,5481,新華,12.75,12.80,12.70,12.70,-0.05,129034,1645750,98
2023-04-25,TPEx,5483,中美晶,148.50,149.00,143.50,144.00,-4.00,3984303,580828009,4123
2023-04-25,TPEx,5487,通泰,24.95,25.40,24.65,24.65,+0.10,3139,78475,5
2023-04-25,TPEx,5488,松普,13.05,13.05,12.30,12.50,-0.45,720585,9027746,493
2023-04-25,TPEx,5489,彩富,39.40,39.40,38.80,39.05,-0.25,117200,4574870,101
2023-04-25,TPEx,5490,同亨,26.80,27.45,25.80,25.95,-0.85,524036,13996965,562
2023-04-25,TPEx,5493,三聯,51.60,51.70,51.60,51.70,+0.10,6125,316186,10
2023-04-25,TPEx,5498,凱崴,11.05,11.05,10.75,10.80,-0.15,519971,5639411,286
2023-04-25,TPEx,5508,永信建,64.20,64.70,63.50,63.90,-0.30,102670,6560134,107
2023-04-25,TPEx,5511,德昌,35.90,35.90,35.35,35.40,-0.05,161125,5733970,118
2023-04-25,TPEx,5512,力麒,9.80,9.88,9.56,9.56,-0.19,1655880,16034144,767
2023-04-25,TPEx,5514,三豐,,,,,,2,36,2
2023-04-25,TPEx,5516,雙喜,25.45,25.50,25.00,25.10,-0.35,66100,1665087,57
2023-04-25,TPEx,5520,力泰,55.30,55.30,55.30,55.30,0.00,52000,2875600,3
2023-04-25,TPEx,5523,豐謙,24.75,25.00,24.70,24.70,-0.05,28050,694289,16
2023-04-25,TPEx,5529,鉅陞,11.65,11.65,11.55,11.60,-0.05,47804,554493,28
2023-04-25,TPEx,5530,龍巖,37.10,37.45,37.00,37.00,-0.05,463741,17197498,303
2023-04-25,TPEx,5536,聖暉*,135.50,135.50,131.50,131.50,-4.00,465301,61605749,655
2023-04-25,TPEx,5543,桓鼎-KY,49.00,49.50,49.00,49.00,0.00,4000,196500,4
2023-04-25,TPEx,5601,台聯櫃,41.20,41.20,41.20,41.20,-0.50,10000,412000,1
2023-04-25,TPEx,5603,陸海,22.05,22.20,21.35,21.35,-0.65,249299,5424232,291
2023-04-25,TPEx,5604,中連,51.80,53.60,50.00,50.10,-1.70,46201,2375790,63
2023-04-25,TPEx,5609,中菲行,85.00,88.00,85.00,85.40,+0.80,574384,49770668,702
2023-04-25,TPEx,5703,亞都,21.00,21.05,20.70,20.80,-0.25,50073,1046848,35
2023-04-25,TPEx,5704,老爺知,59.40,59.40,53.90,54.20,-4.10,509994,28367219,487
2023-04-25,TPEx,5864,致和證,15.10,15.35,14.80,14.85,-0.25,549431,8249564,211
2023-04-25,TPEx,5878,台名,49.40,49.40,49.40,49.40,0.00,1000,49400,1
2023-04-25,TPEx,5902,德記,38.55,38.55,37.35,37.60,-0.40,48317,1819882,62
2023-04-25,TPEx,5903,全家,213.00,213.00,209.50,209.50,-3.50,47438,9992389,282
2023-04-25,TPEx,5904,寶雅,627.00,627.00,580.00,580.00,-23.00,833718,501176318,1774
2023-04-25,TPEx,5905,南仁湖,11.75,11.80,11.55,11.55,-0.15,737426,8579099,463
2023-04-25,TPEx,6015,宏遠證,9.80,9.84,9.50,9.51,-0.29,921034,8876776,475
2023-04-25,TPEx,6016,康和證,11.15,11.15,10.85,10.90,-0.25,1127219,12348655,366
2023-04-25,TPEx,6020,大展證,18.70,18.70,18.40,18.40,-0.30,36216,672567,18
2023-04-25,TPEx,6021,美好證,17.00,17.00,16.90,16.90,-0.10,10010,169470,6
2023-04-25,TPEx,6023,元大期,51.20,51.20,50.70,50.90,-0.20,73072,3723417,270
2023-04-25,TPEx,6026,福邦證,11.70,11.85,11.30,11.35,-0.45,3412151,39230194,1250
2023-04-25,TPEx,6101,寬魚國際,46.50,48.75,45.50,48.40,+1.90,708211,33028346,455
2023-04-25,TPEx,6103,合邦,38.20,38.20,36.60,37.85,-0.45,4370,163449,13
2023-04-25,TPEx,6104,創惟,109.50,110.00,101.50,102.50,-6.00,4055793,423537179,3295
2023-04-25,TPEx,6109,亞元,17.00,17.00,16.00,16.25,-0.70,1598830,26220833,846
2023-04-25,TPEx,6111,大宇資,67.00,67.20,64.00,64.40,-2.00,1071530,69779956,1350
2023-04-25,TPEx,6113,亞矽,17.40,17.40,16.75,16.75,-0.65,329932,5577319,241
2023-04-25,TPEx,6114,久威,23.30,23.30,22.70,23.10,-0.10,199086,4551674,136
2023-04-25,TPEx,6118,建達,33.75,33.75,31.80,31.95,-1.35,941224,30530075,664
2023-04-25,TPEx,6121,新普,311.00,311.00,303.50,306.50,-5.50,1155939,353963150,1191
2023-04-25,TPEx,6122,擎邦,29.50,29.70,28.25,28.50,-0.70,3708109,107039817,2183
2023-04-25,TPEx,6123,上奇,70.80,72.50,68.60,69.00,-1.00,299335,20802466,282
2023-04-25,TPEx,6124,業強,27.20,27.20,26.75,26.95,-0.25,73346,1977688,548
2023-04-25,TPEx,6125,廣運,31.80,32.20,30.60,30.90,-0.45,4757265,149097673,2779
2023-04-25,TPEx,6126,信音,22.50,23.50,22.35,22.55,+0.05,1052095,24170310,422
2023-04-25,TPEx,6127,九豪,22.10,22.15,21.05,21.05,-1.30,636445,13685764,422
2023-04-25,TPEx,6129,普誠,35.00,35.10,33.30,33.40,-1.40,3560577,120594330,2374
2023-04-25,TPEx,6130,星寶國際,33.80,33.90,33.15,33.50,-0.80,26341,884633,343
2023-04-25,TPEx,6134,萬旭,24.50,24.80,23.70,23.80,-0.60,1102762,26577361,635
2023-04-25,TPEx,6138,茂達,170.00,175.00,166.00,166.50,-1.00,5619690,955759933,4851
2023-04-25,TPEx,6140,訊達,22.40,23.00,20.85,22.45,-0.15,1749586,38119871,1057
2023-04-25,TPEx,6143,振曜,93.30,93.80,88.50,89.10,-4.10,2811100,253015885,2181
2023-04-25,TPEx,6144,得利影,14.15,14.20,13.85,14.20,+0.10,31031,432335,25
2023-04-25,TPEx,6146,耕興,250.00,250.00,240.00,243.50,-6.50,781235,189737721,1234
2023-04-25,TPEx,6147,頎邦,67.40,67.40,65.60,66.30,-1.20,5958848,394680221,3930
2023-04-25,TPEx,6148,驊宏資,29.65,30.85,27.60,28.10,-1.30,4932798,144530739,3284
2023-04-25,TPEx,6150,撼訊,71.40,71.80,68.90,69.30,-2.50,393687,27559393,396
2023-04-25,TPEx,6151,晉倫,28.60,28.65,28.60,28.60,-0.05,9000,257500,7
2023-04-25,TPEx,6154,順發,16.60,16.60,16.25,16.25,-0.30,77296,1265485,53
2023-04-25,TPEx,6156,松上,21.20,21.30,20.10,20.55,-0.65,1110664,22876832,503
2023-04-25,TPEx,6158,禾昌,26.15,26.50,25.65,25.85,-0.60,54775,1422804,102
2023-04-25,TPEx,6160,欣技,29.65,31.30,28.05,28.05,-1.10,6056582,179318506,3703
2023-04-25,TPEx,6161,捷波,33.35,33.40,32.75,32.90,-0.45,469001,15500080,382
2023-04-25,TPEx,6163,華電網,25.20,25.60,22.90,23.15,-1.60,10173515,244126666,5809
2023-04-25,TPEx,6167,久正,17.00,17.00,16.20,16.60,-0.55,5520269,91226136,2215
2023-04-25,TPEx,6169,昱泉,19.45,20.30,19.25,19.35,+0.15,141704,2767472,215
2023-04-25,TPEx,6170,統振,38.40,38.40,37.00,37.00,-1.50,302780,11397165,198
2023-04-25,TPEx,6171,大城地產,22.25,22.25,21.70,21.80,-0.40,87190,1917249,92
2023-04-25,TPEx,6173,信昌電,39.20,39.25,38.00,38.05,-1.10,426854,16382843,355
2023-04-25,TPEx,6174,安碁,29.45,29.50,28.40,28.55,-1.00,250600,7256005,184
2023-04-25,TPEx,6175,立敦,39.15,39.15,37.20,37.95,-0.85,476521,18065363,367
2023-04-25,TPEx,6179,亞通,31.75,33.10,31.50,33.10,+1.55,2541088,81974380,1498
2023-04-25,TPEx,6180,橘子,72.40,72.70,69.60,70.30,-2.10,1702435,120415438,1533
2023-04-25,TPEx,6182,合晶,43.70,43.90,42.55,42.55,-1.00,4785525,206389359,3248
2023-04-25,TPEx,6185,幃翔,18.20,18.70,17.70,18.30,0.00,1181395,21342809,736
2023-04-25,TPEx,6186,新潤,43.80,43.85,43.25,43.55,-0.40,382335,16644813,281
2023-04-25,TPEx,6187,萬潤,63.40,63.50,61.00,61.20,-2.20,464442,28909385,441
2023-04-25,TPEx,6188,廣明,55.00,55.50,53.20,53.80,-0.80,2722199,147293388,1839
2023-04-25,TPEx,6190,萬泰科,32.15,32.55,31.45,31.60,-0.50,1405535,44683411,862
2023-04-25,TPEx,6194,育富,25.70,26.35,25.30,25.65,-0.25,416365,10698716,256
2023-04-25,TPEx,6195,詩肯,46.55,46.90,46.00,46.40,-0.15,40076,1865984,34
2023-04-25,TPEx,6198,瑞築,22.40,22.95,22.00,22.00,-0.45,13118,292796,19
2023-04-25,TPEx,6199,天品,18.30,18.30,18.30,18.30,-0.05,4000,73200,2
2023-04-25,TPEx,6203,海韻電,71.70,71.70,68.50,69.50,-1.20,280884,19552444,352
2023-04-25,TPEx,6204,艾華,57.70,58.00,57.20,57.20,-0.50,25046,1441251,24
2023-04-25,TPEx,6207,雷科,27.70,27.75,27.20,27.20,-0.50,111015,3041069,203
2023-04-25,TPEx,6208,日揚,54.10,54.30,53.30,53.90,0.00,150243,8079546,121
2023-04-25,TPEx,6210,慶生,35.05,35.15,35.05,35.15,-0.05,3076,108046,6
2023-04-25,TPEx,6212,理銘,48.55,48.55,48.55,48.55,0.00,2015,97826,3
2023-04-25,TPEx,6217,中探針,44.70,45.10,43.05,43.50,-1.25,1487498,65117498,1238
2023-04-25,TPEx,6218,豪勉,26.80,27.15,25.20,25.50,+0.80,9074207,238087563,4225
2023-04-25,TPEx,6219,富旺,11.00,11.10,10.80,11.00,0.00,344074,3761258,60
2023-04-25,TPEx,6220,岳豐,28.30,28.30,27.50,27.60,-0.55,1007540,27975455,597
2023-04-25,TPEx,6221,晉泰,62.80,62.80,61.10,61.40,-2.30,29171,1809555,39
2023-04-25,TPEx,6222,上揚,15.60,15.70,15.00,15.10,-0.60,89975,1370778,45
2023-04-25,TPEx,6223,旺矽,129.50,130.00,123.00,124.00,-5.50,3209976,403258655,2289
2023-04-25,TPEx,6227,茂綸,48.55,48.55,47.00,47.05,-0.95,272420,12912958,226
2023-04-25,TPEx,6228,全譜,13.25,13.25,12.45,12.45,-0.60,69127,875360,49
2023-04-25,TPEx,6229,研通,28.50,28.50,27.25,27.40,-1.10,158384,4394766,275
2023-04-25,TPEx,6231,系微,126.50,132.00,121.50,123.00,-4.00,3638596,457833475,2435
2023-04-25,TPEx,6233,旺玖,26.60,26.70,25.40,25.60,-1.00,643388,16708583,423
2023-04-25,TPEx,6234,高僑,32.45,33.20,30.00,30.00,-1.90,7430804,234755645,4696
2023-04-25,TPEx,6236,康呈,20.90,20.90,20.90,20.90,0.00,2000,41800,2
2023-04-25,TPEx,6237,驊訊,45.15,45.30,42.65,43.05,-1.95,858237,37613407,716
2023-04-25,TPEx,6240,松崗,22.75,22.75,22.00,22.30,-0.45,94454,2102161,93
2023-04-25,TPEx,6241,易通展,14.10,14.10,13.70,13.70,-0.25,81080,1120210,54
2023-04-25,TPEx,6242,立康,68.80,69.90,68.00,68.30,-0.50,127076,8759079,147
2023-04-25,TPEx,6244,茂迪,39.30,39.55,37.50,37.75,-1.35,18059823,692699275,9018
2023-04-25,TPEx,6245,立端,102.50,103.00,97.80,98.30,-3.70,5462889,548711646,3388
2023-04-25,TPEx,6246,臺龍,13.80,14.15,13.80,14.05,+0.25,15007,209847,19
2023-04-25,TPEx,6248,沛波,32.60,32.90,31.25,31.55,-1.10,1671595,53231820,974
2023-04-25,TPEx,6259,百徽,22.35,22.70,22.35,22.70,+0.20,22004,494690,15
2023-04-25,TPEx,6261,久元,65.00,65.40,63.70,64.00,-1.40,360097,23142555,342
2023-04-25,TPEx,6263,普萊德,120.00,124.50,120.00,121.50,+1.00,160808,19536920,241
2023-04-25,TPEx,6264,富裔,7.72,7.72,7.50,7.50,-0.23,98002,738046,42
2023-04-25,TPEx,6265,方土昶,10.80,10.85,10.35,10.40,-0.35,256291,2709139,311
2023-04-25,TPEx,6266,泰詠,46.45,46.85,44.80,45.20,-0.60,4755298,217612043,3470
2023-04-25,TPEx,6270,倍微,22.55,22.55,22.20,22.30,-0.20,178702,3998158,108
2023-04-25,TPEx,6274,台燿,66.50,66.50,62.10,63.80,-1.30,2832407,181042681,2108
2023-04-25,TPEx,6275,元山,35.30,35.35,33.90,34.15,-0.80,429962,14785917,274
2023-04-25,TPEx,6276,安鈦克,21.40,21.60,20.00,20.55,-0.55,515796,10510719,371
2023-04-25,TPEx,6279,胡連,139.50,139.50,132.00,133.00,-6.00,1523466,205752049,1546
2023-04-25,TPEx,6284,佳邦,57.60,58.70,55.90,56.10,-1.80,744702,42355210,585
2023-04-25,TPEx,6287,元隆,23.00,23.00,22.00,22.00,-1.60,8307,185468,9
2023-04-25,TPEx,6290,良維,62.10,62.40,59.50,60.70,-1.00,3586061,216995902,2530
2023-04-25,TPEx,6291,沛亨,137.50,140.00,136.50,140.00,+2.50,19668,2711346,13
2023-04-25,TPEx,6292,迅德,44.40,45.00,44.20,44.45,+0.05,40255,1797754,30
2023-04-25,TPEx,6294,智基,109.00,109.50,108.50,109.00,0.00,24296,2644684,61
2023-04-25,TPEx,6404,通訊-KY,21.45,21.95,21.45,21.95,+0.15,18029,387633,37
2023-04-25,TPEx,6411,晶焱,107.50,108.00,101.50,103.00,-4.00,2966230,307277252,2186
2023-04-25,TPEx,6417,韋僑,162.00,163.50,146.50,151.50,-10.50,2061614,317411570,1622
2023-04-25,TPEx,6418,詠昇,18.60,18.80,17.90,18.80,+0.40,403914,7431355,250
2023-04-25,TPEx,6419,京晨科,36.75,36.75,34.05,36.10,-0.75,8000,278150,8
2023-04-25,TPEx,6425,易發,21.05,21.30,20.80,20.90,-0.15,94000,1982350,50
2023-04-25,TPEx,6432,今展科,34.80,35.00,33.00,33.80,-0.95,144432,4927269,127
2023-04-25,TPEx,6435,大中,105.50,106.50,102.50,103.50,-2.00,212738,22067867,191
2023-04-25,TPEx,6441,廣錠,56.30,56.30,53.30,53.70,-1.90,561824,30705795,718
2023-04-25,TPEx,6446,藥華藥,380.00,386.00,364.00,369.00,-11.50,4965725,1864220260,6667
2023-04-25,TPEx,6457,紘康,56.10,56.40,55.30,55.30,-1.60,114451,6391366,132
2023-04-25,TPEx,6461,益得,38.20,38.35,37.35,38.35,+3.45,7210936,275973538,3321
2023-04-25,TPEx,6462,神盾,84.20,84.20,80.30,81.00,-2.70,239358,19408980,339
2023-04-25,TPEx,6465,威潤,23.55,23.55,22.00,22.05,-1.25,215955,4831931,147
2023-04-25,TPEx,6469,大樹,395.00,398.00,385.00,388.50,-4.50,368918,143905929,1649
2023-04-25,TPEx,6470,宇智,65.60,65.90,61.10,61.20,-4.10,2916160,183336571,2481
2023-04-25,TPEx,6472,保瑞,737.00,748.00,682.00,704.00,-21.00,5378338,3840392976,7335
2023-04-25,TPEx,6482,弘煜科,45.80,45.80,45.10,45.10,-0.70,6010,273707,6
2023-04-25,TPEx,6485,點序,100.00,101.00,95.60,96.90,-3.10,1852229,180858373,1401
2023-04-25,TPEx,6486,互動,70.60,70.60,69.10,69.10,-1.40,74282,5181776,83
2023-04-25,TPEx,6488,環球晶,479.50,486.50,474.00,478.50,+1.50,1802125,863651969,2411
2023-04-25,TPEx,6492,生華科,51.60,52.00,49.55,49.55,-2.05,271678,13742525,630
2023-04-25,TPEx,6494,九齊,71.00,71.00,67.90,68.20,-3.10,454462,31418108,436
2023-04-25,TPEx,6496,科懋,31.15,32.10,30.90,31.20,-0.15,43621,1361659,57
2023-04-25,TPEx,6499,益安,57.70,58.30,56.70,56.90,-0.80,83477,4771176,88
2023-04-25,TPEx,6506,雙邦,19.70,19.70,19.45,19.55,-0.15,11154,217845,15
2023-04-25,TPEx,6508,惠光,38.90,39.25,38.20,38.25,-0.45,271615,10483247,229
2023-04-25,TPEx,6509,聚和,44.50,44.80,42.80,42.90,-1.60,1509461,65629713,973
2023-04-25,TPEx,6510,精測,490.00,504.00,477.00,477.00,-14.00,581314,283749390,909
2023-04-25,TPEx,6512,啟發電,20.80,20.90,20.10,20.90,-0.05,16631,344676,46
2023-04-25,TPEx,6514,芮特-KY,58.50,58.50,56.30,56.70,-2.40,30267,1731269,32
2023-04-25,TPEx,6516,勤崴國際,91.70,94.00,89.80,90.50,-1.20,168318,15383368,189
2023-04-25,TPEx,6517,保勝光學,155.00,168.00,154.50,168.00,+15.00,2160627,355210111,1441
2023-04-25,TPEx,6523,達爾膚,145.50,148.00,140.50,142.00,-4.50,1267154,182312496,1375
2023-04-25,TPEx,6527,明達醫,76.80,76.80,74.00,74.60,-2.20,253412,19009523,340
2023-04-25,TPEx,6530,創威,27.80,27.90,26.85,27.05,-0.70,164470,4467216,111
2023-04-25,TPEx,6532,瑞耘,57.90,57.90,55.10,56.00,-1.90,432982,24366551,322
2023-04-25,TPEx,6535,順藥,42.50,42.50,41.55,41.55,-0.50,228259,9604069,185
2023-04-25,TPEx,6538,倉和,107.50,110.50,101.00,105.00,-0.50,1790165,188409581,1486
2023-04-25,TPEx,6542,隆中,44.60,44.80,44.60,44.60,-0.30,11000,492050,11
2023-04-25,TPEx,6546,正基,81.40,82.40,79.00,79.00,-2.40,403998,32278557,397
2023-04-25,TPEx,6547,高端疫苗,68.40,69.70,67.30,67.50,-0.10,3708156,253360042,3539
2023-04-25,TPEx,6548,長科*,44.00,44.80,42.60,42.80,-1.15,3136003,136301812,2105
2023-04-25,TPEx,6556,勝品,152.00,157.00,136.00,136.00,-11.00,793158,118844074,765
2023-04-25,TPEx,6560,欣普羅,36.90,36.90,35.50,35.55,-0.75,19301,691932,80
2023-04-25,TPEx,6561,是方,373.50,380.00,366.00,367.00,-6.50,254183,94444899,447
2023-04-25,TPEx,6568,宏觀,177.00,178.50,166.00,166.00,-10.50,744900,126668798,1848
2023-04-25,TPEx,6569,醫揚,107.50,107.50,106.00,107.00,-2.50,18668,1995690,29
2023-04-25,TPEx,6570,維田,64.70,64.70,61.30,61.30,-2.70,808347,50334762,557
2023-04-25,TPEx,6574,霈方,58.10,59.30,57.60,58.30,+0.30,51177,2988546,47
2023-04-25,TPEx,6576,逸達,93.50,94.10,88.60,90.00,-3.00,1193959,108263404,1148
2023-04-25,TPEx,6577,勁豐,65.40,65.40,64.20,64.30,-0.30,42198,2714914,68
2023-04-25,TPEx,6578,達邦蛋白,18.70,18.80,18.10,18.20,-0.50,411763,7569868,351
2023-04-25,TPEx,6588,東典光電,30.20,30.20,29.95,29.95,-0.65,20020,601368,27
2023-04-25,TPEx,6589,台康生技,109.50,110.50,104.50,106.00,-3.50,3442918,366953737,2702
2023-04-25,TPEx,6590,普鴻,91.00,91.00,84.50,85.80,-6.00,398251,35041368,525
2023-04-25,TPEx,6593,台灣銘板,58.70,58.90,55.50,56.20,-2.30,146786,8266685,133
2023-04-25,TPEx,6596,寬宏藝術,46.05,46.15,45.60,46.00,0.00,37788,1734017,44
2023-04-25,TPEx,6603,富強鑫,17.20,17.35,16.95,17.00,-0.15,968704,16502430,495
2023-04-25,TPEx,6609,瀧澤科,37.65,37.75,36.90,36.90,-0.70,305876,11366713,220
2023-04-25,TPEx,6612,奈米醫材,159.50,163.00,153.00,155.50,-3.00,830296,130785429,963
2023-04-25,TPEx,6613,朋億*,100.50,101.00,97.50,97.80,-1.80,173817,17098010,223
2023-04-25,TPEx,6615,慧智,38.35,38.35,38.00,38.00,-0.20,2001,76392,3
2023-04-25,TPEx,6616,特昇-KY,14.40,14.40,13.70,14.00,-0.35,141822,1988899,82
2023-04-25,TPEx,6624,萬年清,42.05,42.80,42.00,42.80,+0.20,7000,296250,7
2023-04-25,TPEx,6629,泰金-KY,45.00,45.00,45.00,45.00,0.00,1000,45000,1
2023-04-25,TPEx,6640,均華,88.00,88.00,87.50,87.50,-0.90,3059,268234,5
2023-04-25,TPEx,6642,富致,52.20,52.20,52.10,52.10,-0.40,18435,960715,22
2023-04-25,TPEx,6643,M31,595.00,597.00,546.00,555.00,-40.00,2182477,1234255117,2796
2023-04-25,TPEx,6649,台生材,41.10,41.10,40.00,40.20,-0.90,112012,4518773,98
2023-04-25,TPEx,6651,全宇昕,84.50,84.50,80.50,80.90,-2.90,133605,10914436,123
2023-04-25,TPEx,6654,天正國際,48.00,48.00,47.70,47.80,-1.05,12000,573850,11
2023-04-25,TPEx,6661,威健生技,23.10,23.10,23.10,23.10,+0.60,3000,69300,3
2023-04-25,TPEx,6662,樂斯科,30.60,30.60,30.00,30.05,0.00,24104,726024,26
2023-04-25,TPEx,6664,群翊,113.00,113.00,107.00,108.50,-1.50,334906,36523235,307
2023-04-25,TPEx,6667,信紘科,69.00,69.00,67.50,67.70,-1.30,130831,8882869,119
2023-04-25,TPEx,6679,鈺太,295.00,295.50,266.00,272.00,-21.50,1233109,341267036,1409
2023-04-25,TPEx,6680,鑫創電子,76.90,77.00,75.90,77.00,+0.20,19031,1448651,21
2023-04-25,TPEx,6683,雍智科技,192.50,192.50,184.00,186.00,-6.00,286107,53679775,1253
2023-04-25,TPEx,6684,安格,47.10,48.45,44.65,44.80,-2.70,220245,10107595,309
2023-04-25,TPEx,6690,安碁資訊,199.00,203.00,185.50,193.50,-3.50,1903952,371889184,2186
2023-04-25,TPEx,6693,廣閎科,64.60,66.20,64.00,65.90,+0.40,88011,5685816,81
2023-04-25,TPEx,6697,東捷資訊,40.80,43.80,39.90,43.80,+3.95,810373,35405969,496
2023-04-25,TPEx,6703,軒郁,182.50,185.00,176.50,182.50,+1.00,431532,78017561,1060
2023-04-25,TPEx,6708,天擎,50.30,50.30,48.00,48.10,-2.20,181015,8803500,177
2023-04-25,TPEx,6712,長聖,220.00,222.00,213.00,219.00,+2.00,2392214,520156478,4449
2023-04-25,TPEx,6716,應廣,100.50,100.50,99.00,99.80,-0.20,33240,3312627,117
2023-04-25,TPEx,6721,信實,50.70,51.00,50.70,50.80,-0.10,22031,1120173,17
2023-04-25,TPEx,6727,亞泰金屬,70.50,70.90,69.30,69.70,-0.70,269551,18883311,556
2023-04-25,TPEx,6728,上洋,161.50,161.50,155.50,155.50,-6.00,41215,6483362,219
2023-04-25,TPEx,6732,昇佳電子,383.50,386.00,348.00,353.50,-25.50,1578155,570011673,1761
2023-04-25,TPEx,6733,博晟生醫,41.45,41.55,38.10,38.55,-3.30,4653267,183475256,2893
2023-04-25,TPEx,6735,美達科技,56.00,56.00,55.60,55.60,-1.50,7119,396902,22
2023-04-25,TPEx,6741,91APP*-KY,123.00,124.50,118.00,120.50,-0.50,3111763,376502329,2644
2023-04-25,TPEx,6747,亨泰光,246.00,246.00,230.50,231.50,-12.50,371681,87912643,716
2023-04-25,TPEx,6751,智聯服務,131.00,143.00,128.00,139.50,+6.50,1313079,177970289,1576
2023-04-25,TPEx,6752,叡揚,171.50,184.50,156.50,161.50,-6.50,6872927,1198053315,4602
2023-04-25,TPEx,6761,穩得,93.70,94.10,91.40,91.80,-1.90,50846,4701168,89
2023-04-25,TPEx,6762,達亞,244.00,245.00,237.00,237.00,-7.00,14050,3382050,15
2023-04-25,TPEx,6763,綠界科技,495.00,495.00,470.00,475.00,-22.50,112779,53948046,412
2023-04-25,TPEx,6767,台微醫,40.95,41.80,40.75,41.30,+0.45,252279,10414141,173
2023-04-25,TPEx,6788,華景電,137.00,137.00,131.00,132.00,-5.00,771766,102757149,677
2023-04-25,TPEx,6791,虎門科技,128.00,136.00,121.50,122.00,-11.00,479977,61663700,609
2023-04-25,TPEx,6803,崑鼎,288.00,290.50,283.00,285.00,-5.50,155979,44640401,569
2023-04-25,TPEx,6804,明係,60.50,61.20,59.40,60.00,-0.50,100459,6023365,66
2023-04-25,TPEx,6811,宏碁資訊,288.50,298.00,257.50,271.00,-4.50,5460201,1534499957,5578
2023-04-25,TPEx,6823,濾能,91.60,91.60,90.00,90.00,-1.50,27570,2502673,34
2023-04-25,TPEx,6829,千附精密,140.50,152.00,140.00,152.00,+13.50,10595096,1571478892,7284
2023-04-25,TPEx,6840,東研信超,83.80,83.80,80.80,81.30,-2.20,103465,8448582,114
2023-04-25,TPEx,6841,長佳智能,113.50,114.00,105.00,106.00,-6.00,1451820,158917679,1445
2023-04-25,TPEx,6843,進典,72.90,72.90,70.30,71.60,-0.50,130604,9294707,114
2023-04-25,TPEx,6855,數泓科,83.50,83.60,83.00,83.60,-1.40,60181,5003889,48
2023-04-25,TPEx,6859,伯特光,144.00,144.00,138.00,140.00,-3.00,127754,17932926,121
2023-04-25,TPEx,6865,偉康科技,104.50,104.50,96.00,98.20,-5.30,315893,31411308,330
2023-04-25,TPEx,6874,倍力,199.50,199.50,199.50,199.50,+18.00,862398,172048377,648
2023-04-25,TPEx,7402,邑錡,71.60,71.70,67.00,67.30,-2.20,857088,59522284,722
2023-04-25,TPEx,7556,意德士,99.10,100.00,99.00,100.00,+0.50,7536,750600,16
2023-04-25,TPEx,8024,佑華,24.70,24.70,22.90,23.75,-0.95,302688,7229305,249
2023-04-25,TPEx,8027,鈦昇,51.00,51.70,50.60,51.00,-0.60,351781,17883717,252
2023-04-25,TPEx,8032,光菱,31.30,31.30,30.50,30.60,-0.70,39254,1208217,45
2023-04-25,TPEx,8034,榮群,16.40,16.40,15.05,15.40,-0.75,411258,6434409,242
2023-04-25,TPEx,8038,長園科,49.40,49.55,46.65,46.90,-2.00,2270426,108756011,1854
2023-04-25,TPEx,8040,九暘,47.60,47.60,45.05,45.20,-2.10,537928,24738853,475
2023-04-25,TPEx,8042,金山電,37.50,37.50,37.20,37.30,-0.20,23110,863238,46
2023-04-25,TPEx,8043,蜜望實,27.40,27.45,26.20,26.60,-0.70,207142,5544953,156
2023-04-25,TPEx,8044,網家,59.60,59.60,56.40,57.00,-2.20,848022,48702638,926
2023-04-25,TPEx,8047,星雲,11.80,11.80,11.50,11.60,-0.15,27000,314350,19
2023-04-25,TPEx,8048,德勝,40.00,40.00,38.50,38.50,-1.30,221519,8611915,261
2023-04-25,TPEx,8049,晶采,37.55,37.55,37.00,37.30,-0.25,689732,25681585,518
2023-04-25,TPEx,8050,廣積,77.50,77.60,73.30,74.00,-3.00,4677770,351874681,3601
2023-04-25,TPEx,8054,安國,31.90,32.30,31.10,31.25,-1.00,433081,13692577,336
2023-04-25,TPEx,8059,凱碩,13.75,13.95,12.90,13.25,-0.60,479912,6444476,248
2023-04-25,TPEx,8064,東捷,19.20,19.50,18.85,18.90,-0.35,434136,8279807,293
2023-04-25,TPEx,8066,來思達,27.50,27.60,27.40,27.55,0.00,21057,579417,28
2023-04-25,TPEx,8067,志旭,16.05,16.05,15.05,15.40,-0.90,52059,804078,40
2023-04-25,TPEx,8068,全達,28.50,29.15,28.00,28.95,+0.15,131362,3751887,99
2023-04-25,TPEx,8069,元太,176.50,177.00,170.00,170.00,-3.50,10143860,1755119062,8693
2023-04-25,TPEx,8071,能率網通,15.05,15.05,14.75,14.80,-0.25,141868,2110555,637
2023-04-25,TPEx,8074,鉅橡,20.80,20.85,20.65,20.85,0.00,72028,1494763,65
2023-04-25,TPEx,8076,伍豐,28.15,28.45,27.70,27.90,-0.35,835260,23294417,762
2023-04-25,TPEx,8077,洛碁,38.00,40.40,38.00,38.05,+0.55,7000,269500,7
2023-04-25,TPEx,8080,永利聯合,10.95,10.95,10.85,10.85,-0.30,17000,184850,8
2023-04-25,TPEx,8083,瑞穎,146.00,146.00,142.50,145.00,0.00,78718,11350203,147
2023-04-25,TPEx,8084,巨虹,109.50,109.50,100.00,101.00,-8.50,1013624,104518915,706
2023-04-25,TPEx,8085,福華,23.85,24.15,23.60,23.90,+0.25,1647946,39295177,708
2023-04-25,TPEx,8086,宏捷科,89.00,89.00,83.00,83.00,-5.30,2927568,248979312,3005
2023-04-25,TPEx,8087,華鎂鑫,36.15,36.15,33.20,34.60,-1.90,178649,6213268,150
2023-04-25,TPEx,8088,品安,34.25,34.25,32.35,32.55,-1.60,3624157,120018478,1780
2023-04-25,TPEx,8089,康全電訊,22.65,22.70,22.45,22.50,-0.15,23808,536930,41
2023-04-25,TPEx,8091,翔名,109.50,111.50,103.50,106.50,-4.00,4463188,478849060,3447
2023-04-25,TPEx,8092,建暐,11.90,11.90,11.60,11.75,-0.15,98000,1152550,55
2023-04-25,TPEx,8093,保銳,16.00,16.05,15.50,16.05,+1.45,3691398,59188189,1655
2023-04-25,TPEx,8096,擎亞,11.50,11.55,11.15,11.30,-0.20,354878,4021214,705
2023-04-25,TPEx,8097,常珵,48.70,48.70,47.65,47.85,-0.75,669412,32162468,604
2023-04-25,TPEx,8099,大世科,42.25,42.40,40.85,41.30,-0.85,293746,12213366,204
2023-04-25,TPEx,8107,大億金茂,16.90,17.00,16.90,16.95,+0.05,41000,694600,26
2023-04-25,TPEx,8109,博大,88.70,89.00,87.50,87.90,-1.10,209718,18447395,201
2023-04-25,TPEx,8111,立碁,22.85,23.00,22.00,22.10,-0.70,1616534,36060870,888
2023-04-25,TPEx,8121,越峰,29.40,31.75,29.00,29.00,-0.20,6107881,185144329,3287
2023-04-25,TPEx,8147,正淩,65.20,66.50,63.00,63.30,-2.40,180290,11540950,154
2023-04-25,TPEx,8155,博智,151.50,152.00,140.50,143.00,-10.00,3212769,465300520,2373
2023-04-25,TPEx,8171,天宇,57.10,57.30,54.40,55.20,-1.70,2028955,112500331,1323
2023-04-25,TPEx,8176,智捷,11.20,11.30,10.90,10.90,-0.35,285678,3138365,206
2023-04-25,TPEx,8182,加高,30.90,30.90,30.10,30.55,-0.45,119014,3628799,97
2023-04-25,TPEx,8183,精星,54.30,54.50,53.00,53.20,-0.60,981804,52427711,779
2023-04-25,TPEx,8227,巨有科技,178.50,179.00,165.00,165.00,-11.00,369124,62657981,451
2023-04-25,TPEx,8234,新漢,40.00,40.20,38.50,38.60,-1.40,983707,38389361,586
2023-04-25,TPEx,8240,華宏,31.90,31.90,29.75,30.30,-1.90,1262065,38856768,831
2023-04-25,TPEx,8255,朋程,185.50,185.50,173.50,174.50,-8.50,1615653,287524832,1557
2023-04-25,TPEx,8277,商丞,10.10,10.10,9.40,9.68,-0.32,313455,3079183,189
2023-04-25,TPEx,8279,生展,181.00,189.00,175.00,177.00,-4.00,131767,24014107,670
2023-04-25,TPEx,8284,三竹,66.00,66.00,64.80,65.00,-0.90,77148,5034943,66
2023-04-25,TPEx,8289,泰藝,44.90,45.10,42.75,43.05,-1.85,1620727,70522127,1135
2023-04-25,TPEx,8291,尚茂,,,,,,0,0,0
2023-04-25,TPEx,8299,群聯,384.00,388.50,373.00,375.00,-10.00,1561812,590586394,2347
2023-04-25,TPEx,8342,益張,57.50,57.50,57.50,57.50,-0.60,2000,115000,2
2023-04-25,TPEx,8349,恒耀,66.40,67.00,63.90,64.40,-1.80,407139,26361666,725
2023-04-25,TPEx,8349A,恒耀甲特,45.50,45.55,45.50,45.50,0.00,7094,322866,7
2023-04-25,TPEx,8354,冠好,14.30,14.30,14.25,14.30,+0.05,43354,619960,192
2023-04-25,TPEx,8358,金居,56.10,56.10,53.20,53.70,-2.00,3203038,173044796,2347
2023-04-25,TPEx,8383,千附,44.40,46.35,44.40,44.65,+0.40,4819160,219270739,3319
2023-04-25,TPEx,8390,金益鼎,41.70,41.70,40.55,40.75,-0.45,486422,19883755,1533
2023-04-25,TPEx,8401,白紗科,21.15,21.20,20.65,20.75,-0.30,238543,4974924,214
2023-04-25,TPEx,8403,盛弘,35.60,36.30,35.20,35.40,-0.20,1439809,51477015,1140
2023-04-25,TPEx,8409,商之器,24.50,24.70,23.05,23.30,-1.55,484356,11518067,360
2023-04-25,TPEx,8410,森田,30.00,30.00,30.00,30.00,0.00,1000,30000,1
2023-04-25,TPEx,8415,大國鋼,35.95,35.95,35.00,35.05,-0.65,477937,16882929,289
2023-04-25,TPEx,8416,實威,143.00,143.00,136.00,137.00,-5.50,128804,17896488,151
2023-04-25,TPEx,8418,捷必勝-KY,9.84,9.84,9.83,9.83,-0.02,11000,108170,11
2023-04-25,TPEx,8420,明揚,85.80,85.80,83.70,83.80,-1.10,244507,20563010,196
2023-04-25,TPEx,8421,旭源,16.45,16.45,15.60,15.90,-0.35,390552,6241970,249
2023-04-25,TPEx,8423,保綠-KY,21.20,21.20,21.20,21.20,-0.50,6446,136607,13
2023-04-25,TPEx,8424,惠普,69.60,69.70,69.50,69.50,0.00,10469,728956,15
2023-04-25,TPEx,8426,紅木-KY,47.45,50.90,47.00,47.70,+1.35,2488684,124114267,1508
2023-04-25,TPEx,8431,匯鑽科,64.50,64.50,60.60,61.00,-1.40,295439,18432262,200
2023-04-25,TPEx,8432,東生華,45.50,45.50,44.35,44.55,-1.05,69000,3091700,50
2023-04-25,TPEx,8433,弘帆,71.00,71.00,68.10,68.70,-2.30,160327,11048258,244
2023-04-25,TPEx,8435,鉅邁,62.00,62.00,60.60,60.80,-0.10,29551,1803487,99
2023-04-25,TPEx,8436,大江,213.00,213.00,203.00,203.50,-6.00,1703216,351109159,14234
2023-04-25,TPEx,8437,大地-KY,109.00,109.00,108.00,108.00,-0.50,9226,1001109,99
2023-04-25,TPEx,8440,綠電,48.40,48.40,44.15,44.80,-3.35,3687682,167589952,1875
2023-04-25,TPEx,8444,綠河-KY,58.50,58.50,56.00,57.60,-0.90,16030,913646,15
2023-04-25,TPEx,8446,華研,92.10,92.80,89.60,89.60,-2.30,155511,14108959,526
2023-04-25,TPEx,8450,霹靂,25.60,26.00,25.30,25.50,-0.35,74416,1903612,203
2023-04-25,TPEx,8455,大拓-KY,22.75,22.90,22.75,22.90,+0.75,2000,45650,2
2023-04-25,TPEx,8472,夠麻吉,45.95,45.95,43.25,43.25,-2.55,13061,574239,15
2023-04-25,TPEx,8476,台境,65.80,65.80,64.00,64.30,-1.20,180001,11658865,108
2023-04-25,TPEx,8477,創業家,18.10,18.10,17.20,17.60,-0.10,37000,641250,28
2023-04-25,TPEx,8489,三貝德,23.45,23.55,23.35,23.55,0.00,7009,164213,11
2023-04-25,TPEx,8905,裕國,24.40,24.60,24.40,24.45,-0.10,140261,3432349,101
2023-04-25,TPEx,8906,花王,18.50,19.30,18.20,18.20,+0.25,269549,5085020,218
2023-04-25,TPEx,8908,欣雄,70.80,70.90,70.40,70.50,-0.20,39728,2804103,91
2023-04-25,TPEx,8916,光隆,53.50,53.50,52.30,52.40,-0.70,692795,36527321,536
2023-04-25,TPEx,8916A,光隆甲特,53.00,53.10,53.00,53.00,-1.30,5000,265100,5
2023-04-25,TPEx,8917,欣泰,73.10,73.10,72.20,72.20,-0.90,6975,507643,16
2023-04-25,TPEx,8921,沈氏,,,,,,0,0,0
2023-04-25,TPEx,8923,時報,20.80,20.80,20.35,20.35,-0.40,9014,185938,11
2023-04-25,TPEx,8924,大田,121.50,122.50,118.00,118.50,-3.00,394064,47130777,535
2023-04-25,TPEx,8927,北基,46.75,46.75,44.75,44.80,-1.80,2351610,107221757,1356
2023-04-25,TPEx,8928,鉅明,36.95,37.00,36.25,36.30,-0.65,184645,6743106,167
2023-04-25,TPEx,8929,富堡,21.65,21.80,21.50,21.50,-0.35,21540,467252,123
2023-04-25,TPEx,8930,青鋼,16.85,16.90,16.75,16.80,0.00,72500,1218950,39
2023-04-25,TPEx,8931,大汽電,74.90,75.50,71.10,71.60,-3.10,1028622,74604171,920
2023-04-25,TPEx,8932,宏大,47.90,48.00,46.80,47.40,-0.50,363040,17204395,192
2023-04-25,TPEx,8933,愛地雅,12.25,12.25,11.75,11.85,-0.30,1613676,19240663,1942
2023-04-25,TPEx,8935,邦泰,12.00,12.00,11.75,11.75,-0.30,86702,1027590,66
2023-04-25,TPEx,8936,國統,28.30,28.35,27.00,27.50,-0.80,4866499,134097226,2470
2023-04-25,TPEx,8937,合騏,15.30,15.55,15.30,15.40,-0.20,33062,508141,22
2023-04-25,TPEx,8938,明安,89.80,90.00,87.00,87.50,-2.20,982596,86685866,1371
2023-04-25,TPEx,8941,關中,58.40,59.20,57.80,58.80,+0.10,36232,2112892,39
2023-04-25,TPEx,8942,森鉅,66.60,66.60,65.50,66.00,-0.60,162165,10675698,159
2023-04-25,TPEx,9949,琉園,19.60,19.85,19.45,19.45,-0.55,12893,254504,294
2023-04-25,TPEx,9950,萬國通,12.00,12.00,11.50,11.50,-0.50,22002,257526,15
2023-04-25,TPEx,9951,皇田,70.20,70.20,69.00,69.30,-1.40,96121,6674650,109
2023-04-25,TPEx,9960,邁達康,29.90,29.90,29.35,29.70,-0.10,11000,326250,9
2023-04-25,TPEx,9962,有益,20.00,20.00,19.05,19.25,-0.70,1194108,23226440,578
