date,market,code,name,open,high,low,close,change,volume,value,transactions
2023-09-20,TWSE,0050,元大台灣50,125.05,125.20,124.50,124.75,-0.70,6502123,811431441,13555
2023-09-20,TWSE,0051,元大中型100,70.00,70.00,69.50,69.55,-0.60,84215,5875987,297
2023-09-20,TWSE,0052,富邦科技,115.60,115.90,115.00,115.15,-0.75,212295,24509148,369
2023-09-20,TWSE,0053,元大電子,67.30,67.30,67.15,67.15,-0.35,2969,198472,968
2023-09-20,TWSE,0055,元大MSCI金融,23.79,23.79,23.65,23.66,-0.18,142654,3383994,254
2023-09-20,TWSE,0056,元大高股息,35.14,35.38,35.00,35.05,-0.09,16603282,583128235,12890
2023-09-20,TWSE,0057,富邦摩台,91.90,91.95,91.80,91.95,-0.70,26010,2389679,5
2023-09-20,TWSE,0061,元大寶滬深,17.81,17.81,17.70,17.75,-0.10,54846,972092,884
2023-09-20,TWSE,006203,元大MSCI台灣,60.95,60.95,60.80,60.80,-0.25,3075,186379,976
2023-09-20,TWSE,006204,永豐臺灣加權,87.20,87.20,86.85,86.85,-0.80,4209,365780,12
2023-09-20,TWSE,006205,富邦上証,30.42,30.43,30.35,30.36,-0.06,698233,21216637,355
2023-09-20,TWSE,006206,元大上證50,29.19,29.19,29.03,29.05,-0.11,130310,3790176,1033
2023-09-20,TWSE,006207,復華滬深,23.44,23.47,23.41,23.47,-0.02,232929,5456436,32
2023-09-20,TWSE,006208,富邦台50,72.35,72.40,72.00,72.05,-0.45,3191751,230336337,7678
2023-09-20,TWSE,00625K,富邦上証+R,,,,,0.00,0,0,0
2023-09-20,TWSE,00631L,元大台灣50正2,131.85,132.50,130.80,131.00,-1.20,2349243,308891602,2782
2023-09-20,TWSE,00632R,元大台灣50反1,4.84,4.87,4.83,4.86,0.02,81003741,393049053,3190
2023-09-20,TWSE,00633L,富邦上証正2,36.59,36.72,36.40,36.54,-0.08,1242470,45413254,405
2023-09-20,TWSE,00634R,富邦上証反1,4.59,4.60,4.58,4.60,0.01,431011,1976590,11
2023-09-20,TWSE,00635U,期元大S&P黃金,23.90,23.90,23.86,23.88,-0.03,138749,3311716,52
2023-09-20,TWSE,00636,國泰中國A50,20.92,20.92,20.81,20.86,-0.03,849122,17699026,1540
2023-09-20,TWSE,00636K,國泰中國A50+U,6.49,6.49,6.49,6.49,-0.04,200,1298,2
2023-09-20,TWSE,00637L,元大滬深300正2,14.59,14.63,14.50,14.56,-0.05,18771563,273436767,1806
2023-09-20,TWSE,00638R,元大滬深300反1,9.73,9.76,9.73,9.76,0.01,79000,769810,11
2023-09-20,TWSE,00639,富邦深100,11.28,11.29,11.25,11.28,-0.01,374304,4218288,290
2023-09-20,TWSE,00640L,富邦日本正2,44.14,44.34,43.64,43.75,-0.37,328199,14394232,124
2023-09-20,TWSE,00641R,富邦日本反1,7.56,7.61,7.55,7.60,0.02,455057,3452823,70
2023-09-20,TWSE,00642U,期元大S&P石油,19.46,19.49,19.29,19.35,-0.34,4193398,81438268,736
2023-09-20,TWSE,00643,群益深証中小,12.71,12.71,12.66,12.69,-0.04,221351,2808755,113
2023-09-20,TWSE,00643K,群益深証中小+R,,,,,0.00,0,0,0
2023-09-20,TWSE,00645,富邦日本,32.86,32.90,32.66,32.67,-0.19,1771644,58119282,885
2023-09-20,TWSE,00646,元大S&P500,44.28,44.28,44.20,44.21,-0.09,235879,10434804,427
2023-09-20,TWSE,00647L,元大S&P500正2,63.50,63.55,63.35,63.40,-0.35,25435,1613870,29
2023-09-20,TWSE,00648R,元大S&P500反1,6.65,6.67,6.65,6.67,0.02,1194058,7955184,79
2023-09-20,TWSE,00650L,復華香港正2,10.90,10.96,10.77,10.81,-0.03,5522532,59940915,743
2023-09-20,TWSE,00651R,復華香港反1,9.02,9.11,9.02,9.11,0.01,566006,5128324,19
2023-09-20,TWSE,00652,富邦印度,33.69,33.69,33.44,33.46,-0.23,263035,8823364,891
2023-09-20,TWSE,00653L,富邦印度正2,51.20,51.20,50.55,50.65,-0.60,309169,15719515,98
2023-09-20,TWSE,00654R,富邦印度反1,7.38,7.42,7.37,7.41,0.05,269687,1997034,35
2023-09-20,TWSE,00655L,國泰中國A50正2,25.45,25.50,25.24,25.36,-0.08,965430,24503342,247
2023-09-20,TWSE,00656R,國泰中國A50反1,8.63,8.69,8.63,8.69,0.01,102000,884140,10
2023-09-20,TWSE,00657,國泰日經225,39.09,39.15,38.95,38.95,-0.15,309609,12076866,435
2023-09-20,TWSE,00657K,國泰日經225+U,12.17,12.17,12.17,12.17,-0.06,200,2434,2
2023-09-20,TWSE,00660,元大歐洲50,31.03,31.03,31.01,31.01,-0.06,2010,62350,3
2023-09-20,TWSE,00661,元大日經225,42.28,42.34,42.10,42.10,-0.18,1056078,44542813,640
2023-09-20,TWSE,00662,富邦NASDAQ,62.60,62.65,62.50,62.55,-0.15,1176821,73690242,438
2023-09-20,TWSE,00663L,國泰臺灣加權正2,121.80,122.60,121.30,121.30,-1.40,7000,851850,7
2023-09-20,TWSE,00664R,國泰臺灣加權反1,5.44,5.47,5.43,5.47,0.03,2907082,15861191,228
2023-09-20,TWSE,00665L,富邦恒生國企正2,7.08,7.13,6.99,7.01,-0.02,28322800,199609476,2265
2023-09-20,TWSE,00666R,富邦恒生國企反1,15.50,15.57,15.47,15.55,0.02,64004,991212,9
2023-09-20,TWSE,00668,國泰美國道瓊,40.08,40.11,40.08,40.11,-0.11,267737,10736281,919
2023-09-20,TWSE,00668K,國泰美國道瓊+U,12.53,12.53,12.53,12.53,-0.03,200,2506,2
2023-09-20,TWSE,00669R,國泰美國道瓊反1,7.92,7.94,7.92,7.94,0.03,2690134,21331970,133
2023-09-20,TWSE,00670L,富邦NASDAQ正2,84.65,84.85,84.50,84.60,-0.40,1053816,89211677,609
2023-09-20,TWSE,00671R,富邦NASDAQ反1,4.82,4.83,4.81,4.82,0.02,5251013,25299812,265
2023-09-20,TWSE,00673R,期元大S&P原油反1,7.30,7.48,7.30,7.48,0.23,41078578,304641613,2938
2023-09-20,TWSE,00674R,期元大S&P黃金反1,12.55,12.57,12.54,12.55,0.01,147303,1848182,41
2023-09-20,TWSE,00675L,富邦臺灣加權正2,53.45,53.70,53.05,53.15,-0.55,944263,50330021,1091
2023-09-20,TWSE,00676R,富邦臺灣加權反1,3.01,3.03,3.01,3.02,0.01,5093251,15376902,167
2023-09-20,TWSE,00678,群益那斯達克生技,25.80,25.82,25.79,25.82,0.08,314152,8110499,657
2023-09-20,TWSE,00680L,元大美債20正2,9.12,9.13,9.10,9.13,-0.10,8985579,81882919,1531
2023-09-20,TWSE,00681R,元大美債20反1,20.48,20.50,20.47,20.50,0.15,20005,409724,14
2023-09-20,TWSE,00682U,期元大美元指數,21.05,21.05,21.05,21.05,-0.02,2113,44478,8
2023-09-20,TWSE,00683L,期元大美元指正2,22.65,22.67,22.63,22.65,-0.03,688000,15579980,62
2023-09-20,TWSE,00684R,期元大美元指反1,,,,,0.00,0,0,0
2023-09-20,TWSE,00685L,群益臺灣加權正2,47.41,47.59,47.06,47.15,-0.45,132220,6261493,71
2023-09-20,TWSE,00686R,群益臺灣加權反1,3.25,3.27,3.25,3.27,0.02,275000,894000,10
2023-09-20,TWSE,00688L,國泰20年美債正2,9.05,9.05,9.03,9.05,-0.11,4092899,37003849,607
2023-09-20,TWSE,00689R,國泰20年美債反1,21.27,21.28,21.27,21.28,0.16,108000,2298230,5
2023-09-20,TWSE,00690,兆豐藍籌30,27.41,27.41,27.26,27.28,-0.18,169650,4627036,269
2023-09-20,TWSE,00692,富邦公司治理,31.36,31.40,31.22,31.24,-0.16,1342184,42020873,1691
2023-09-20,TWSE,00693U,期街口S&P黃豆,27.58,27.68,27.58,27.66,0.11,38002,1051165,17
2023-09-20,TWSE,00700,富邦恒生國企,12.49,12.49,12.39,12.41,-0.07,31983,397788,963
2023-09-20,TWSE,00701,國泰股利精選30,25.54,25.72,25.51,25.54,-0.07,904147,23106605,376
2023-09-20,TWSE,00702,國泰標普低波高息,21.02,21.05,21.02,21.05,-0.03,117711,2474529,1002
2023-09-20,TWSE,00703,台新MSCI中國,15.20,15.20,15.13,15.13,-0.10,32159,487840,4
2023-09-20,TWSE,00706L,期元大S&P日圓正2,7.58,7.59,7.57,7.58,0.01,2429760,18407915,235
2023-09-20,TWSE,00707R,期元大S&P日圓反1,27.30,27.31,27.24,27.31,0.02,4000,109090,3
2023-09-20,TWSE,00708L,期元大S&P黃金正2,25.45,25.47,25.40,25.45,-0.04,235287,5985854,79
2023-09-20,TWSE,00709,富邦歐洲,25.49,25.55,25.49,25.55,0.03,26997,687925,1000
2023-09-20,TWSE,00710B,復華彭博非投等債,18.60,18.60,18.57,18.58,-0.01,269763,5012395,62
2023-09-20,TWSE,00711B,復華彭博新興債,15.83,15.84,15.82,15.84,-0.02,12685,200026,949
2023-09-20,TWSE,00712,復華富時不動產,10.28,10.29,10.27,10.27,-0.01,10269757,105568339,2940
2023-09-20,TWSE,00713,元大台灣高息低波,47.83,47.91,47.49,47.52,-0.30,6990342,333090939,9482
2023-09-20,TWSE,00714,群益道瓊美國地產,18.68,18.68,18.60,18.62,-0.09,153816,2864341,115
2023-09-20,TWSE,00715L,期街口布蘭特正2,19.23,19.32,18.88,18.99,-0.59,27127055,517828976,2744
2023-09-20,TWSE,00717,富邦美國特別股,15.07,15.09,15.05,15.07,0.00,381476,5749048,415
2023-09-20,TWSE,00728,第一金工業30,24.70,24.77,24.64,24.64,-0.16,181743,4491562,176
2023-09-20,TWSE,00730,富邦臺灣優質高息,19.73,19.73,19.53,19.54,-0.19,316003,6198235,271
2023-09-20,TWSE,00731,復華富時高息低波,66.50,66.70,66.05,66.05,-0.35,551610,36612435,176
2023-09-20,TWSE,00733,富邦臺灣中小,53.90,54.85,53.70,54.10,0.10,558573,30266808,708
2023-09-20,TWSE,00735,國泰臺韓科技,28.51,28.51,28.44,28.44,-0.14,102497,2914754,987
2023-09-20,TWSE,00736,國泰新興市場,20.30,20.30,20.28,20.28,-0.26,102349,2075272,1002
2023-09-20,TWSE,00737,國泰AI機器人,29.30,29.30,29.17,29.20,-0.16,37800,1103484,681
2023-09-20,TWSE,00738U,期元大道瓊白銀,22.39,22.40,22.29,22.32,-0.08,316000,7057180,92
2023-09-20,TWSE,00739,元大MSCI A股,21.39,21.49,21.38,21.38,-0.16,79617,1702538,612
2023-09-20,TWSE,00752,中信中國50,18.10,18.13,17.97,18.00,-0.10,2306106,41615577,595
2023-09-20,TWSE,00753L,中信中國50正2,8.65,8.66,8.52,8.53,-0.12,17181905,147457035,2690
2023-09-20,TWSE,00757,統一FANG+,59.55,59.55,59.40,59.45,-0.15,1330109,79078325,1340
2023-09-20,TWSE,00762,元大全球AI,45.26,45.26,45.15,45.18,-0.24,98604,4456236,212
2023-09-20,TWSE,00763U,期街口道瓊銅,23.62,23.66,23.56,23.60,-0.08,45000,1062350,26
2023-09-20,TWSE,00770,國泰北美科技,35.88,35.88,35.82,35.84,-0.04,17301,619847,635
2023-09-20,TWSE,00771,元大US高息特別股,16.49,16.50,16.49,16.50,0.03,42392,699023,465
2023-09-20,TWSE,00775B,台新投等債15+,33.17,33.17,33.10,33.10,-0.20,4978,163769,979
2023-09-20,TWSE,00783,富邦中証500,19.15,19.15,19.14,19.14,-0.03,30975,591853,975
2023-09-20,TWSE,00830,國泰費城半導體,32.43,32.43,32.38,32.40,-0.30,3312556,107335824,1551
2023-09-20,TWSE,00850,元大臺灣ESG永續,33.45,33.46,33.24,33.26,-0.20,1698812,56626756,1579
2023-09-20,TWSE,00851,台新全球AI,33.20,33.22,33.20,33.22,-0.13,7048,234066,400
2023-09-20,TWSE,00852L,國泰美國道瓊正2,19.90,19.91,19.86,19.89,-0.14,185232,3684610,63
2023-09-20,TWSE,00861,元大全球未來通訊,31.49,31.49,31.36,31.36,-0.15,2980509,93594524,632
2023-09-20,TWSE,00865B,國泰US短期公債,43.34,43.39,43.32,43.39,0.03,142987,6198327,994
2023-09-20,TWSE,00875,國泰網路資安,28.33,28.33,28.28,28.29,-0.07,168424,4769757,94
2023-09-20,TWSE,00876,元大全球5G,29.78,29.85,29.62,29.71,-0.13,755213,22431263,230
2023-09-20,TWSE,00878,國泰永續高股息,20.45,20.67,20.39,20.44,-0.04,54502153,1116462792,29627
2023-09-20,TWSE,00881,國泰台灣科技龍頭,16.94,16.99,16.83,16.85,-0.13,5476328,92501233,2857
2023-09-20,TWSE,00882,中信中國高股息,11.00,11.03,10.97,11.00,0.03,7205197,79280789,1852
2023-09-20,TWSE,00885,富邦越南,13.29,13.42,13.26,13.37,0.08,6206198,82835140,2032
2023-09-20,TWSE,00891,中信關鍵半導體,14.01,14.01,13.82,13.84,-0.17,5384532,74802747,1967
2023-09-20,TWSE,00892,富邦台灣半導體,12.50,12.50,12.31,12.32,-0.19,2492467,30853045,992
2023-09-20,TWSE,00893,國泰智能電動車,17.42,17.42,17.34,17.36,-0.08,7194921,124868467,1926
2023-09-20,TWSE,00894,中信小資高價30,14.19,14.19,14.01,14.02,-0.18,248042,3491652,247
2023-09-20,TWSE,00895,富邦未來車,19.49,19.49,19.42,19.44,-0.05,1358705,26419674,476
2023-09-20,TWSE,00896,中信綠能及電動車,15.59,15.64,15.53,15.54,-0.06,904513,14082392,654
2023-09-20,TWSE,00897,富邦基因免疫生技,7.29,7.30,7.27,7.28,-0.02,1009937,7350764,276
2023-09-20,TWSE,00898,國泰基因免疫革命,7.26,7.26,7.22,7.24,-0.02,365896,2647596,226
2023-09-20,TWSE,00899,FT潔淨能源,19.61,19.63,19.59,19.60,0.05,34531,677136,85
2023-09-20,TWSE,00900,富邦特選高股息30,12.76,12.80,12.67,12.68,-0.08,13536705,172325273,4355
2023-09-20,TWSE,00901,永豐智能車供應鏈,14.55,14.61,14.47,14.48,-0.13,377483,5471158,188
2023-09-20,TWSE,00902,中信電池及儲能,11.04,11.08,11.00,11.01,-0.03,5450348,60040242,1914
2023-09-20,TWSE,00903,富邦元宇宙,11.45,11.45,11.41,11.41,-0.04,700013,7995900,265
2023-09-20,TWSE,00904,台新臺灣半導體30,13.16,13.16,12.97,12.99,-0.19,499302,6524549,218
2023-09-20,TWSE,00905,FT臺灣Smart,9.88,9.88,9.80,9.83,-0.05,884022,8690145,484
2023-09-20,TWSE,00907,永豐優息存股,14.51,14.55,14.45,14.46,-0.05,3881232,56262311,1043
2023-09-20,TWSE,00908,富邦入息REITs+,12.15,12.15,12.12,12.13,0.00,1025921,12449106,92
2023-09-20,TWSE,00909,國泰數位支付服務,17.74,17.74,17.65,17.65,-0.16,215335,3806330,103
2023-09-20,TWSE,00910,第一金太空衛星,16.21,16.30,16.21,16.28,0.09,355213,5775364,9
2023-09-20,TWSE,00911,兆豐洲際半導體,20.14,20.14,20.10,20.12,-0.15,206050,4145760,9
2023-09-20,TWSE,00912,中信臺灣智慧50,14.84,14.84,14.73,14.73,-0.11,666558,9838004,239
2023-09-20,TWSE,00913,兆豐台灣晶圓製造,16.13,16.14,16.07,16.09,-0.12,192062,3095499,41
2023-09-20,TWSE,00915,凱基優選高股息30,20.75,20.93,20.60,20.64,-0.10,8732664,181304257,2949
2023-09-20,TWSE,00916,國泰全球品牌50,18.56,18.57,18.53,18.53,-0.04,146781,2723128,278
2023-09-20,TWSE,00917,中信特選金融,16.13,16.14,16.11,16.14,0.01,229385,3700697,102
2023-09-20,TWSE,00918,大華優利高填息30,20.50,20.61,20.30,20.32,-0.17,5597522,114374330,2171
2023-09-20,TWSE,00919,群益台灣精選高息,21.04,21.13,20.78,20.82,-0.22,109863467,2301051804,49931
2023-09-20,TWSE,00920,富邦ESG綠色電力,15.00,15.00,14.88,14.89,0.04,317583,4729331,113
2023-09-20,TWSE,00921,兆豐龍頭等權重,18.05,18.05,17.73,17.77,-0.28,20305673,362906105,6889
2023-09-20,TWSE,00922,國泰台灣領袖50,16.18,16.18,16.08,16.10,-0.11,3806659,61338662,2434
2023-09-20,TWSE,00923,群益台ESG低碳50,15.71,15.71,15.60,15.62,-0.13,10219406,159934498,5611
2023-09-20,TWSE,00924,復華S&P500成長,17.28,17.28,17.24,17.25,-0.03,573922,9900270,691
2023-09-20,TWSE,00925,新光標普電動車,17.81,17.82,17.80,17.80,-0.05,533116,9492711,20
2023-09-20,TWSE,00926,凱基全球菁英55,16.49,16.49,16.47,16.48,-0.01,265543,4373741,56
2023-09-20,TWSE,00927,群益半導體收益,15.65,15.65,15.41,15.42,-0.24,2780582,43170907,940
2023-09-20,TWSE,00929,復華台灣科技優息,18.07,18.08,17.65,17.67,-0.41,340307923,6072120096,133801
2023-09-20,TWSE,00930,永豐ESG低碳高息,16.31,16.31,16.05,16.05,-0.26,3175584,51291074,1264
2023-09-20,TWSE,00932,兆豐永續高息等權,15.50,15.51,15.25,15.27,-0.21,15105114,232059179,5217
2023-09-20,TWSE,01001T,土銀富邦R1,14.83,14.83,14.80,14.80,-0.05,9000,133230,3
2023-09-20,TWSE,01002T,土銀國泰R1,17.80,17.84,17.80,17.83,-0.01,16000,285240,7
2023-09-20,TWSE,01003T,兆豐新光R1,21.73,21.76,21.73,21.76,0.03,22439000,468027710,23
2023-09-20,TWSE,01004T,土銀富邦R2,13.80,13.85,13.80,13.85,0.05,170210,2349124,8
2023-09-20,TWSE,01007T,兆豐國泰R2,17.45,17.50,17.45,17.50,0.00,2000,34950,2
2023-09-20,TWSE,01009T,王道圓滿R1,8.14,8.14,8.00,8.10,-0.02,278000,2240440,52
2023-09-20,TWSE,01010T,京城樂富R1,10.01,10.01,10.00,10.00,0.00,377000,3772800,12
2023-09-20,TWSE,020000,富邦特選蘋果N,9.34,9.34,9.34,9.34,-0.04,10000,93400,1
2023-09-20,TWSE,020002,元富新中國N,,,,,0.00,0,0,0
2023-09-20,TWSE,020007,凱基臺灣500N,,,,,0.00,0,0,0
2023-09-20,TWSE,020011,統一微波高息20N,,,,,0.00,0,0,0
2023-09-20,TWSE,020012,富邦行動通訊N,,,,,0.00,0,0,0
2023-09-20,TWSE,020015,統一MSCI美低波N,,,,,0.00,0,0,0
2023-09-20,TWSE,020016,統一MSCI美科技N,,,,,0.00,0,0,0
2023-09-20,TWSE,020018,統一價值成長30N,19.32,19.32,19.32,19.32,0.02,1000,19320,1
2023-09-20,TWSE,020019,統一特選台灣5GN,,,,,0.00,0,0,0
2023-09-20,TWSE,02001L,富邦蘋果正二N,17.09,17.62,16.96,17.00,-0.17,150000,2574790,41
2023-09-20,TWSE,02001R,富邦蘋果反一N,2.02,2.03,2.01,2.03,0.00,33000,66590,3
2023-09-20,TWSE,02001S,策元大加權策略N,5.54,5.54,5.54,5.54,0.00,1000,5540,1
2023-09-20,TWSE,020020,元大台股領航N,7.96,8.01,7.95,7.95,-0.05,19000,151390,13
2023-09-20,TWSE,020022,元大電動車N,7.80,7.92,7.79,7.80,0.00,152000,1190790,47
2023-09-20,TWSE,020028,元大特選電動車N,7.53,7.65,7.51,7.53,0.01,54000,408970,24
2023-09-20,TWSE,020029,元大ESG高股息N,6.26,6.28,6.22,6.22,-0.06,40000,250420,17
2023-09-20,TWSE,020030,統一智慧電動車N,4.73,4.73,4.69,4.69,-0.04,66000,310450,12
2023-09-20,TWSE,020031,統一IC設計臺灣N,4.90,4.90,4.81,4.82,-0.14,648000,3145640,30
2023-09-20,TWSE,020032,元大綠能N,5.27,5.28,5.26,5.26,-0.02,5000,26360,4
2023-09-20,TWSE,020034,元大IC設計N,6.36,6.38,6.21,6.22,-0.16,122000,762660,38
2023-09-20,TWSE,020036,元大金融配息N,5.41,5.42,5.41,5.42,-0.02,2000,10830,2
2023-09-20,TWSE,020037,元大金融高股息N,5.41,5.41,5.41,5.41,-0.03,3000,16230,1
2023-09-20,TWSE,020038,元大ESG配息N,5.56,5.60,5.53,5.53,-0.03,136000,756360,35
2023-09-20,TWSE,1101,台泥,34.80,34.85,34.35,34.35,-0.45,27453105,948085087,12561
2023-09-20,TWSE,1101B,台泥乙特,47.25,47.25,47.10,47.20,0.00,97005,4579435,32
2023-09-20,TWSE,1102,亞泥,40.35,40.40,40.05,40.05,-0.25,3019752,121343485,1554
2023-09-20,TWSE,1103,嘉泥,19.00,19.00,18.75,18.75,-0.20,318454,6001869,256
2023-09-20,TWSE,1104,環泥,26.80,26.80,26.60,26.60,-0.10,699217,18648297,664
2023-09-20,TWSE,1108,幸福,15.00,15.00,14.85,14.85,-0.05,286240,4265285,168
2023-09-20,TWSE,1109,信大,18.05,18.10,18.05,18.05,0.00,79356,1435079,65
2023-09-20,TWSE,1110,東泥,19.00,19.10,18.95,19.10,0.05,37001,703618,27
2023-09-20,TWSE,1201,味全,18.85,18.85,18.60,18.70,-0.10,417963,7820712,519
2023-09-20,TWSE,1203,味王,41.05,41.50,41.05,41.50,0.00,3016,124705,15
2023-09-20,TWSE,1210,大成,54.80,55.20,53.90,54.20,-0.20,2820431,153358658,2463
2023-09-20,TWSE,1213,大飲,6.72,6.72,6.72,6.72,-0.04,1626,10681,3
2023-09-20,TWSE,1215,卜蜂,96.90,97.70,96.80,97.20,0.70,364511,35407950,433
2023-09-20,TWSE,1216,統一,70.70,71.20,70.60,70.90,0.20,4118875,292320523,2288
2023-09-20,TWSE,1217,愛之味,12.55,12.65,12.45,12.55,0.00,4401574,55301284,1067
2023-09-20,TWSE,1218,泰山,23.45,23.55,23.40,23.40,-0.05,515742,12096169,425
2023-09-20,TWSE,1219,福壽,20.05,20.10,20.00,20.00,-0.10,134584,2694298,123
2023-09-20,TWSE,1220,台榮,14.20,14.20,14.10,14.15,0.05,92200,1306686,78
2023-09-20,TWSE,1225,福懋油,53.40,54.00,53.40,54.00,0.60,4103,220294,14
2023-09-20,TWSE,1227,佳格,38.00,38.25,37.95,38.05,0.05,282027,10727186,278
2023-09-20,TWSE,1229,聯華,61.70,62.20,61.50,61.80,0.10,508866,31485635,887
2023-09-20,TWSE,1231,聯華食,89.60,89.60,87.90,88.40,-1.20,267631,23746398,790
2023-09-20,TWSE,1232,大統益,143.00,143.50,143.00,143.50,0.50,16470,2358982,82
2023-09-20,TWSE,1233,天仁,35.40,35.50,35.40,35.50,0.00,4630,164282,13
2023-09-20,TWSE,1234,黑松,38.35,38.55,38.35,38.40,0.00,167920,6453396,161
2023-09-20,TWSE,1235,興泰,77.50,77.50,77.50,77.50,0.30,2135,165384,6
2023-09-20,TWSE,1236,宏亞,21.00,21.00,21.00,21.00,0.00,17198,361139,105
2023-09-20,TWSE,1256,鮮活果汁-KY,,,,,0.00,1707,472604,38
2023-09-20,TWSE,1301,台塑,82.40,82.60,82.00,82.40,0.00,2206374,181722205,1540
2023-09-20,TWSE,1303,南亞,68.40,68.70,68.10,68.40,-0.20,2007586,137415144,1383
2023-09-20,TWSE,1304,台聚,21.70,21.75,21.40,21.50,-0.25,906574,19542915,635
2023-09-20,TWSE,1305,華夏,26.55,26.60,25.90,26.10,-0.25,1710644,44671640,1139
2023-09-20,TWSE,1307,三芳,26.55,26.55,25.70,25.80,-0.85,2572110,67052883,1468
2023-09-20,TWSE,1308,亞聚,25.95,25.95,25.35,25.60,-0.35,916958,23414205,686
2023-09-20,TWSE,1309,台達化,18.25,18.30,18.10,18.20,0.00,191553,3479708,238
2023-09-20,TWSE,1310,台苯,16.55,16.60,16.20,16.45,-0.10,755055,12374220,498
2023-09-20,TWSE,1312,國喬,17.45,17.50,17.25,17.25,-0.20,967284,16779184,550
2023-09-20,TWSE,1312A,國喬特,,,,,0.00,0,0,0
2023-09-20,TWSE,1313,聯成,15.65,15.65,15.35,15.40,-0.25,1013992,15687391,556
2023-09-20,TWSE,1314,中石化,9.73,9.74,9.63,9.63,-0.08,6068817,58649660,1519
2023-09-20,TWSE,1315,達新,71.40,71.50,71.40,71.50,0.20,5328,380377,23
2023-09-20,TWSE,1316,上曜,10.45,10.80,10.40,10.60,0.00,15809915,166146535,3203
2023-09-20,TWSE,1319,東陽,79.80,81.40,77.20,78.00,-1.10,25269604,2004393524,16280
2023-09-20,TWSE,1321,大洋,35.85,36.15,35.70,35.95,0.10,197208,7085554,103
2023-09-20,TWSE,1323,永裕,31.70,31.70,31.60,31.70,0.10,15047,475685,15
2023-09-20,TWSE,1324,地球,13.20,13.70,12.75,13.70,0.50,1861322,24819307,931
2023-09-20,TWSE,1325,恆大,22.50,22.50,22.35,22.40,-0.05,47502,1065597,55
2023-09-20,TWSE,1326,台化,64.00,65.40,64.00,64.80,0.70,3857993,250697176,2220
2023-09-20,TWSE,1337,再生-KY,7.43,7.43,7.34,7.34,-0.05,308445,2270623,289
2023-09-20,TWSE,1338,廣華-KY,37.60,37.95,37.00,37.10,-0.50,119121,4438596,94
2023-09-20,TWSE,1339,昭輝,55.90,57.20,55.60,55.90,0.00,1241151,69919433,913
2023-09-20,TWSE,1340,勝悅-KY,11.70,11.80,11.65,11.70,0.00,57395,673616,123
2023-09-20,TWSE,1341,富林-KY,68.90,68.90,68.90,68.90,1.90,1088,74937,9
2023-09-20,TWSE,1342,八貫,113.00,113.00,109.00,109.00,-3.50,250851,27682055,372
2023-09-20,TWSE,1402,遠東新,29.50,29.50,29.20,29.20,-0.20,3801240,111586503,2236
2023-09-20,TWSE,1409,新纖,15.35,15.40,15.20,15.35,-0.05,1458354,22304925,775
2023-09-20,TWSE,1410,南染,37.75,37.95,37.55,37.60,0.10,58018,2188414,70
2023-09-20,TWSE,1413,宏洲,8.20,8.20,8.08,8.12,-0.08,154898,1257079,57
2023-09-20,TWSE,1414,東和,17.65,17.70,17.65,17.70,0.00,19277,340902,28
2023-09-20,TWSE,1416,廣豐,10.30,10.35,10.25,10.30,0.00,117344,1208641,107
2023-09-20,TWSE,1417,嘉裕,13.20,13.25,13.05,13.10,-0.05,154424,2030070,103
2023-09-20,TWSE,1418,東華,23.40,23.70,23.40,23.70,0.00,11107,260628,23
2023-09-20,TWSE,1419,新紡,42.80,42.95,42.75,42.95,0.00,18029,772334,23
2023-09-20,TWSE,1423,利華,23.70,23.70,23.60,23.70,0.05,52050,1231223,117
2023-09-20,TWSE,1432,大魯閣,16.60,16.85,16.60,16.75,0.15,86692,1453043,137
2023-09-20,TWSE,1434,福懋,25.65,25.70,25.55,25.55,-0.10,674231,17271664,627
2023-09-20,TWSE,1435,中福,41.65,41.65,35.00,35.10,-3.25,126548,4641146,176
2023-09-20,TWSE,1436,華友聯,64.70,64.70,64.60,64.60,0.00,13208,853259,16
2023-09-20,TWSE,1437,勤益控,28.45,28.50,28.30,28.35,0.00,57347,1627253,46
2023-09-20,TWSE,1438,三地開發,29.45,29.45,29.25,29.40,-0.05,28627,838195,25
2023-09-20,TWSE,1439,雋揚,22.90,23.20,22.85,22.85,-0.05,9000,206250,6
2023-09-20,TWSE,1440,南紡,15.05,15.15,15.00,15.05,0.05,433388,6526636,314
2023-09-20,TWSE,1441,大東,13.05,13.15,13.05,13.10,0.10,8299,108744,126
2023-09-20,TWSE,1442,名軒,34.50,34.70,34.40,34.55,0.05,235350,8132387,151
2023-09-20,TWSE,1443,立益物流,28.30,28.45,28.20,28.30,0.00,205640,5819624,57
2023-09-20,TWSE,1444,力麗,10.50,10.90,10.50,10.70,0.20,3614677,38648117,1169
2023-09-20,TWSE,1445,大宇,20.85,21.50,20.75,20.75,-0.05,1473266,31125009,505
2023-09-20,TWSE,1446,宏和,38.15,38.55,38.15,38.30,0.00,133071,5098724,77
2023-09-20,TWSE,1447,力鵬,7.57,7.57,7.52,7.53,-0.01,1061672,8014725,214
2023-09-20,TWSE,1449,佳和,20.00,20.20,19.50,20.15,0.00,262376,5194649,151
2023-09-20,TWSE,1451,年興,19.00,19.00,18.85,18.95,0.05,146862,2776105,252
2023-09-20,TWSE,1452,宏益,16.40,16.45,16.30,16.40,0.00,88648,1453521,60
2023-09-20,TWSE,1453,大將,13.00,13.05,12.90,12.95,-0.05,29589,383382,38
2023-09-20,TWSE,1454,台富,17.80,17.85,17.70,17.75,-0.05,29180,518840,33
2023-09-20,TWSE,1455,集盛,9.99,9.99,9.85,9.90,-0.03,267574,2646233,283
2023-09-20,TWSE,1456,怡華,16.45,16.60,16.35,16.60,-0.05,22000,361800,18
2023-09-20,TWSE,1457,宜進,17.55,17.70,17.50,17.70,0.10,151097,2660198,107
2023-09-20,TWSE,1459,聯發,10.15,10.60,9.93,10.00,-0.05,555642,5664866,333
2023-09-20,TWSE,1460,宏遠,7.88,7.97,7.87,7.93,0.06,287536,2281332,194
2023-09-20,TWSE,1463,強盛新,15.80,15.90,15.75,15.75,-0.05,85538,1351579,65
2023-09-20,TWSE,1464,得力,13.85,13.85,13.80,13.85,0.00,62983,872007,197
2023-09-20,TWSE,1465,偉全,13.15,13.15,13.10,13.10,-0.10,52497,688194,97
2023-09-20,TWSE,1466,聚隆,11.20,11.20,11.10,11.15,-0.05,36557,409070,24
2023-09-20,TWSE,1467,南緯,11.50,11.50,11.35,11.40,-0.10,115278,1317664,110
2023-09-20,TWSE,1468,昶和,13.20,13.25,13.05,13.25,0.00,35001,460013,26
2023-09-20,TWSE,1470,大統新創,19.15,19.15,19.15,19.15,0.10,2005,38395,3
2023-09-20,TWSE,1471,首利,19.00,19.50,18.85,18.90,0.00,3433365,65558927,1988
2023-09-20,TWSE,1472,三洋實業,42.75,43.60,42.75,43.45,0.70,13171,570118,14
2023-09-20,TWSE,1473,台南,27.20,27.55,26.95,27.35,0.35,407482,11121617,262
2023-09-20,TWSE,1474,弘裕,11.50,11.60,11.45,11.45,-0.05,65314,751730,140
2023-09-20,TWSE,1475,業旺,52.30,52.30,51.80,52.20,-0.10,27000,1403600,23
2023-09-20,TWSE,1476,儒鴻,508.00,509.00,500.00,500.00,-5.00,263678,132404661,426
2023-09-20,TWSE,1477,聚陽,322.00,324.00,317.00,318.00,-1.00,1486040,475578280,2157
2023-09-20,TWSE,1503,士電,112.00,113.00,110.00,111.00,-1.00,2131877,237530764,1546
2023-09-20,TWSE,1504,東元,50.60,51.00,49.80,50.60,0.10,10770104,543783187,6876
2023-09-20,TWSE,1506,正道,16.85,16.85,16.70,16.80,-0.10,113211,1897966,89
2023-09-20,TWSE,1512,瑞利,12.10,12.10,12.00,12.00,-0.20,24609,296472,24
2023-09-20,TWSE,1513,中興電,101.00,102.00,98.20,100.50,-0.50,8780795,880917778,7041
2023-09-20,TWSE,1514,亞力,53.00,53.20,51.80,52.60,-1.20,5024387,263792759,3898
2023-09-20,TWSE,1515,力山,42.40,42.80,41.60,42.00,-0.25,1792057,75474032,1151
2023-09-20,TWSE,1516,川飛,17.30,17.30,17.15,17.20,-0.10,18028,309982,29
2023-09-20,TWSE,1517,利奇,15.15,15.20,15.10,15.15,0.00,269220,4077618,303
2023-09-20,TWSE,1519,華城,238.50,250.00,233.00,248.00,10.50,9656531,2354573631,8532
2023-09-20,TWSE,1521,大億,37.80,37.80,36.70,36.85,-1.10,151813,5639636,159
2023-09-20,TWSE,1522,堤維西,43.90,44.85,42.90,43.15,-0.50,17176016,753570904,9629
2023-09-20,TWSE,1522A,堤維西甲特,45.10,45.20,45.10,45.20,0.20,5100,230355,6
2023-09-20,TWSE,1524,耿鼎,24.90,25.55,24.55,24.55,-0.35,4344532,108622904,2617
2023-09-20,TWSE,1525,江申,82.00,82.00,80.90,80.90,-0.10,52903,4293231,54
2023-09-20,TWSE,1526,日馳,34.65,34.95,34.60,34.75,0.15,158208,5488203,76
2023-09-20,TWSE,1527,鑽全,39.95,40.00,39.80,39.85,-0.10,104622,4173647,139
2023-09-20,TWSE,1528,恩德,12.05,12.05,11.95,12.00,-0.05,1010887,12123810,561
2023-09-20,TWSE,1529,樂事綠能,31.10,31.40,30.80,30.80,-0.50,626340,19447578,699
2023-09-20,TWSE,1530,亞崴,29.95,29.95,29.85,29.85,-0.15,24565,735753,188
2023-09-20,TWSE,1531,高林股,13.35,13.40,13.30,13.40,0.00,45214,604215,91
2023-09-20,TWSE,1532,勤美,36.70,36.90,36.05,36.20,-0.45,822451,29886191,728
2023-09-20,TWSE,1533,車王電,57.20,57.40,56.50,56.80,-0.90,299933,17064601,298
2023-09-20,TWSE,1535,中宇,53.80,54.40,53.80,53.90,-0.30,55477,3001876,111
2023-09-20,TWSE,1536,和大,66.90,66.90,66.00,66.50,0.10,373055,24769834,482
2023-09-20,TWSE,1537,廣隆,131.50,132.00,131.00,131.00,-0.50,147549,19367854,316
2023-09-20,TWSE,1538,正峰,11.95,11.95,11.70,11.70,-0.25,27359,325280,24
2023-09-20,TWSE,1539,巨庭,23.70,23.70,23.50,23.55,-0.20,86169,2033650,74
2023-09-20,TWSE,1540,喬福,17.45,17.55,17.30,17.35,-0.10,317087,5513858,196
2023-09-20,TWSE,1541,錩泰,31.10,31.10,30.75,30.80,0.20,11004,340024,15
2023-09-20,TWSE,1558,伸興,107.00,110.50,107.00,110.00,3.50,356383,39066054,382
2023-09-20,TWSE,1560,中砂,139.00,140.50,137.00,137.50,-1.50,1170295,162266429,1106
2023-09-20,TWSE,1568,倉佑,29.10,29.50,28.45,28.50,-0.35,2250716,65320782,1470
2023-09-20,TWSE,1582,信錦,64.70,64.70,64.20,64.40,-0.30,142730,9190511,213
2023-09-20,TWSE,1583,程泰,62.00,62.40,61.90,62.40,0.10,3000,186300,3
2023-09-20,TWSE,1587,吉茂,25.00,25.20,24.50,24.55,-0.45,127818,3162916,122
2023-09-20,TWSE,1589,永冠-KY,55.60,55.80,53.80,53.80,-1.70,1028247,55820571,776
2023-09-20,TWSE,1590,亞德客-KY,975.00,986.00,969.00,981.00,7.00,386305,377597086,519
2023-09-20,TWSE,1597,直得,64.20,65.60,64.20,64.70,0.00,25048,1623708,36
2023-09-20,TWSE,1598,岱宇,35.80,35.80,34.90,35.50,-0.25,218467,7739179,191
2023-09-20,TWSE,1603,華電,32.55,33.20,32.50,32.55,-0.30,474469,15515719,362
2023-09-20,TWSE,1604,聲寶,28.35,28.40,28.15,28.35,0.05,329343,9315960,212
2023-09-20,TWSE,1605,華新,38.50,39.15,37.65,37.65,-0.25,38214071,1466233010,18938
2023-09-20,TWSE,1608,華榮,20.10,20.20,19.95,20.05,-0.05,950646,19029462,514
2023-09-20,TWSE,1609,大亞,34.10,34.65,33.55,34.10,0.00,10172371,346394409,7912
2023-09-20,TWSE,1611,中電,16.20,16.20,16.05,16.10,-0.10,440609,7102876,269
2023-09-20,TWSE,1612,宏泰,26.20,26.20,25.75,25.85,-0.35,1264503,32780663,805
2023-09-20,TWSE,1614,三洋電,38.15,38.45,38.10,38.15,-0.25,32000,1221350,31
2023-09-20,TWSE,1615,大山,37.00,37.25,37.00,37.10,0.15,37235,1380567,53
2023-09-20,TWSE,1616,億泰,10.75,10.85,10.65,10.70,-0.10,689906,7390959,260
2023-09-20,TWSE,1617,榮星,16.05,16.40,16.05,16.15,0.05,70063,1141999,98
2023-09-20,TWSE,1618,合機,27.60,27.65,26.90,26.95,-0.75,2542401,69040315,1565
2023-09-20,TWSE,1626,艾美特-KY,16.70,16.70,16.50,16.50,-0.10,64688,1072059,195
2023-09-20,TWSE,1701,中化,23.65,23.65,23.25,23.25,-0.25,337794,7891202,266
2023-09-20,TWSE,1702,南僑,48.35,49.10,48.35,48.70,0.35,399323,19470762,332
2023-09-20,TWSE,1707,葡萄王,157.00,157.00,155.00,155.00,-2.00,237836,37060592,525
2023-09-20,TWSE,1708,東鹼,32.10,32.55,32.00,32.00,0.00,487124,15687118,449
2023-09-20,TWSE,1709,和益,21.30,21.40,21.25,21.35,0.00,249945,5329586,222
2023-09-20,TWSE,1710,東聯,20.20,20.30,20.00,20.10,0.00,1611952,32445796,535
2023-09-20,TWSE,1711,永光,19.75,19.75,19.45,19.50,-0.15,670459,13085124,368
2023-09-20,TWSE,1712,興農,37.10,37.40,36.90,37.10,0.05,971600,36090806,707
2023-09-20,TWSE,1713,國化,34.70,34.80,34.60,34.80,0.15,98809,3433066,72
2023-09-20,TWSE,1714,和桐,8.54,8.57,8.51,8.51,-0.05,550878,4695521,282
2023-09-20,TWSE,1717,長興,28.70,28.75,28.30,28.55,0.00,2760018,78460226,1720
2023-09-20,TWSE,1718,中纖,8.05,8.05,7.99,7.99,-0.04,691099,5536267,388
2023-09-20,TWSE,1720,生達,65.80,66.10,65.20,65.20,-0.60,312643,20498118,684
2023-09-20,TWSE,1721,國慶科技,13.55,13.55,13.25,13.30,-0.15,247523,3301062,259
2023-09-20,TWSE,1722,台肥,60.50,60.60,60.10,60.20,-0.20,1366876,82382847,918
2023-09-20,TWSE,1723,中碳,114.00,114.50,113.50,114.00,-0.50,86965,9898635,157
2023-09-20,TWSE,1725,元禎,20.30,20.55,20.30,20.45,0.00,29035,592317,15
2023-09-20,TWSE,1726,永記,73.50,73.70,73.30,73.60,0.30,11585,851895,26
2023-09-20,TWSE,1727,中華化,28.90,29.00,28.50,28.50,-0.30,218283,6265107,183
2023-09-20,TWSE,1730,花仙子,57.60,57.70,57.60,57.70,0.00,15235,878254,43
2023-09-20,TWSE,1731,美吾華,21.05,21.10,20.90,20.95,-0.10,117939,2471471,108
2023-09-20,TWSE,1732,毛寶,24.45,24.90,24.45,24.80,0.50,149633,3697642,133
2023-09-20,TWSE,1733,五鼎,27.05,27.10,27.00,27.00,-0.10,107607,2912602,106
2023-09-20,TWSE,1734,杏輝,32.70,32.80,32.60,32.60,-0.10,258658,8454358,227
2023-09-20,TWSE,1735,日勝化,16.90,17.10,16.90,17.10,0.20,5380,91231,12
2023-09-20,TWSE,1736,喬山,76.20,76.30,73.20,73.20,-2.50,797735,59336407,714
2023-09-20,TWSE,1737,臺鹽,33.25,33.30,33.20,33.20,0.00,231311,7696175,249
2023-09-20,TWSE,1752,南光,56.50,56.70,55.70,56.00,-0.50,343912,19299639,236
2023-09-20,TWSE,1760,寶齡富錦,105.00,105.50,103.50,104.00,-1.50,431736,45056822,392
2023-09-20,TWSE,1762,中化生,61.20,61.40,60.50,60.70,-0.40,304779,18542981,335
2023-09-20,TWSE,1773,勝一,133.00,133.00,132.00,132.00,-1.50,47820,6342126,188
2023-09-20,TWSE,1776,展宇,16.60,16.65,16.50,16.65,0.00,29338,484973,28
2023-09-20,TWSE,1783,和康生,56.10,56.20,55.60,55.70,-0.40,115655,6453936,161
2023-09-20,TWSE,1786,科妍,85.00,86.90,84.30,85.50,0.90,214635,18418049,259
2023-09-20,TWSE,1789,神隆,27.75,27.75,27.25,27.25,-0.45,424001,11615888,386
2023-09-20,TWSE,1795,美時,250.50,252.00,236.00,237.50,-12.00,7208298,1739399659,8167
2023-09-20,TWSE,1802,台玻,20.10,20.50,19.55,19.70,-0.30,15518349,310432600,6760
2023-09-20,TWSE,1805,寶徠,11.00,11.30,10.90,11.25,0.05,144984,1603169,78
2023-09-20,TWSE,1806,冠軍,9.31,9.31,9.22,9.24,-0.08,203457,1882792,211
2023-09-20,TWSE,1808,潤隆,93.00,94.50,92.50,93.60,0.60,602090,56369167,768
2023-09-20,TWSE,1809,中釉,15.65,15.75,15.30,15.35,-0.40,3703387,57499634,1530
2023-09-20,TWSE,1810,和成,20.05,20.25,20.00,20.05,-0.10,817093,16417322,414
2023-09-20,TWSE,1817,凱撒衛,36.00,36.70,36.00,36.55,0.50,18200,658183,26
2023-09-20,TWSE,1903,士紙,55.40,55.70,55.10,55.40,-0.20,353507,19572779,357
2023-09-20,TWSE,1904,正隆,28.40,28.40,28.20,28.40,0.00,1312088,37173829,682
2023-09-20,TWSE,1905,華紙,22.50,22.60,22.30,22.40,-0.05,1642119,36839643,982
2023-09-20,TWSE,1906,寶隆,15.65,15.65,15.45,15.50,-0.10,50158,779113,83
2023-09-20,TWSE,1907,永豐餘,31.10,31.25,30.85,31.25,0.20,2161286,67058833,1759
2023-09-20,TWSE,1909,榮成,15.00,15.05,14.85,14.90,-0.10,959142,14327069,492
2023-09-20,TWSE,2002,中鋼,26.60,26.65,26.50,26.50,0.00,10878223,288708098,6449
2023-09-20,TWSE,2002A,中鋼特,44.10,44.15,44.00,44.15,0.05,33421,1472403,22
2023-09-20,TWSE,2006,東和鋼鐵,64.10,64.10,63.00,63.40,-0.50,1984594,126044215,1431
2023-09-20,TWSE,2007,燁興,9.99,9.99,9.90,9.91,-0.02,155600,1545962,102
2023-09-20,TWSE,2008,高興昌,20.80,21.50,20.80,21.50,0.45,64169,1360232,36
2023-09-20,TWSE,2009,第一銅,29.90,29.95,29.65,29.65,-0.30,302331,8998968,226
2023-09-20,TWSE,2010,春源,18.45,18.45,18.25,18.30,-0.05,524674,9617900,364
2023-09-20,TWSE,2012,春雨,24.45,24.90,24.30,24.70,0.25,20562,503034,31
2023-09-20,TWSE,2013,中鋼構,55.50,55.50,55.10,55.20,-0.60,30656,1696235,89
2023-09-20,TWSE,2014,中鴻,24.90,25.25,24.60,24.70,-0.10,8549109,212980742,3785
2023-09-20,TWSE,2015,豐興,67.80,67.80,67.00,67.40,-0.10,163307,10999380,166
2023-09-20,TWSE,2017,官田鋼,15.60,15.60,15.00,15.05,-0.50,1738644,26526526,873
2023-09-20,TWSE,2020,美亞,29.45,29.90,29.10,29.35,0.35,1210163,35716722,798
2023-09-20,TWSE,2022,聚亨,13.00,13.30,12.95,13.05,0.05,1152813,15147960,729
2023-09-20,TWSE,2023,燁輝,15.45,15.60,15.45,15.45,0.05,1113013,17250716,597
2023-09-20,TWSE,2024,志聯,17.05,17.20,17.00,17.05,-0.05,11082,188831,24
2023-09-20,TWSE,2025,千興,7.94,7.94,7.66,7.70,-0.08,2115464,16465719,798
2023-09-20,TWSE,2027,大成鋼,38.40,38.75,38.25,38.40,0.00,6510877,250670944,4507
2023-09-20,TWSE,2028,威致,24.85,25.25,24.80,24.85,0.00,157601,3930058,95
2023-09-20,TWSE,2029,盛餘,24.85,24.90,24.80,24.85,0.00,63560,1580663,64
2023-09-20,TWSE,2030,彰源,19.05,19.10,18.85,18.85,-0.20,389555,7373379,226
2023-09-20,TWSE,2031,新光鋼,49.75,50.70,49.60,50.00,0.15,1870109,93805102,1335
2023-09-20,TWSE,2032,新鋼,17.00,17.05,16.60,16.70,-0.25,178663,3001371,113
2023-09-20,TWSE,2033,佳大,14.55,14.60,14.55,14.60,0.00,22000,321150,18
2023-09-20,TWSE,2034,允強,27.90,28.00,27.80,28.00,0.05,222921,6228828,202
2023-09-20,TWSE,2038,海光,18.50,18.70,18.45,18.45,0.00,204289,3795201,130
2023-09-20,TWSE,2049,上銀,204.50,205.00,201.00,204.50,0.00,885101,180040449,1698
2023-09-20,TWSE,2059,川湖,808.00,831.00,797.00,805.00,-6.00,1279661,1038643021,1718
2023-09-20,TWSE,2062,橋椿,22.30,22.35,22.25,22.30,0.00,101100,2255294,41
2023-09-20,TWSE,2069,運錩,17.25,17.40,17.25,17.35,-0.05,76739,1327038,61
2023-09-20,TWSE,2101,南港,38.60,38.60,38.30,38.30,-0.15,679195,26123030,256
2023-09-20,TWSE,2102,泰豐,18.30,18.75,18.25,18.65,0.65,1147830,21270523,778
2023-09-20,TWSE,2103,台橡,24.70,24.70,24.50,24.55,-0.10,400392,9836963,295
2023-09-20,TWSE,2104,國際中橡,20.55,20.75,20.15,20.35,-0.15,1953415,40013124,997
2023-09-20,TWSE,2105,正新,44.00,44.00,42.95,43.40,-0.50,7626910,331346838,5910
2023-09-20,TWSE,2106,建大,30.45,30.55,30.20,30.40,-0.05,217521,6606084,274
2023-09-20,TWSE,2107,厚生,23.05,23.05,22.85,22.90,-0.05,158498,3633270,381
2023-09-20,TWSE,2108,南帝,36.90,37.10,36.85,37.05,0.10,196413,7261879,188
2023-09-20,TWSE,2109,華豐,14.15,14.15,14.00,14.05,-0.05,235277,3309667,134
2023-09-20,TWSE,2114,鑫永銓,107.50,108.00,107.00,108.00,0.50,18565,1997905,38
2023-09-20,TWSE,2115,六暉-KY,31.85,32.90,30.55,30.55,0.20,133070,4208768,112
2023-09-20,TWSE,2201,裕隆,85.20,86.40,82.20,82.20,-2.40,20291642,1705486512,14476
2023-09-20,TWSE,2204,中華,98.80,99.80,97.20,97.20,-1.00,6092814,600130953,3559
2023-09-20,TWSE,2206,三陽工業,76.30,76.80,75.00,75.40,-0.40,5221621,394878523,6035
2023-09-20,TWSE,2207,和泰車,675.00,677.00,670.00,670.00,-8.00,132859,89339479,353
2023-09-20,TWSE,2208,台船,24.90,25.20,24.35,24.65,0.75,18217276,450811003,8015
2023-09-20,TWSE,2211,長榮鋼,69.10,72.80,69.10,72.10,3.20,5127395,366393488,3881
2023-09-20,TWSE,2227,裕日車,190.00,190.00,188.00,190.00,2.00,16782,3173107,57
2023-09-20,TWSE,2228,劍麟,98.60,99.50,97.30,97.30,-0.70,375914,36909809,365
2023-09-20,TWSE,2231,為升,144.00,144.00,141.00,142.00,-2.00,359479,51148534,397
2023-09-20,TWSE,2233,宇隆,112.00,113.50,112.00,113.00,0.00,358915,40547213,303
2023-09-20,TWSE,2236,百達-KY,79.40,83.20,79.30,81.50,2.70,1005247,81868658,706
2023-09-20,TWSE,2239,英利-KY,61.60,61.60,60.30,61.30,0.00,77339,4693030,59
2023-09-20,TWSE,2241,艾姆勒,39.90,40.10,39.30,40.05,0.25,341209,13528339,182
2023-09-20,TWSE,2243,宏旭-KY,15.60,15.60,15.35,15.40,-0.30,53061,819892,45
2023-09-20,TWSE,2247,汎德永業,308.00,308.00,305.00,305.00,-2.00,36807,11262029,134
2023-09-20,TWSE,2250,IKKA-KY,66.00,66.70,66.00,66.00,0.00,18375,1216025,20
2023-09-20,TWSE,2301,光寶科,120.50,124.00,119.50,120.00,0.00,24274399,2935844125,14125
2023-09-20,TWSE,2302,麗正,17.85,17.90,17.40,17.60,-0.25,273388,4821229,133
2023-09-20,TWSE,2303,聯電,46.05,46.20,45.75,45.90,-0.30,29573407,1358086579,12608
2023-09-20,TWSE,2305,全友,22.60,23.20,21.85,22.00,-0.60,824747,18677684,636
2023-09-20,TWSE,2308,台達電,329.50,334.00,326.50,330.50,0.00,4440047,1466655721,5111
2023-09-20,TWSE,2312,金寶,15.35,15.70,15.30,15.35,0.05,7096894,109761997,2421
2023-09-20,TWSE,2313,華通,58.30,59.20,56.00,56.60,-0.30,84476816,4842626032,40681
2023-09-20,TWSE,2314,台揚,39.80,39.80,38.80,39.00,-0.50,558106,21832554,480
2023-09-20,TWSE,2316,楠梓電,38.15,39.05,37.30,37.70,-0.50,7183781,275879238,4054
2023-09-20,TWSE,2317,鴻海,106.50,107.00,106.00,106.00,-0.50,19168653,2037961517,10432
2023-09-20,TWSE,2321,東訊,19.15,19.15,18.50,18.65,0.00,4047,74831,10
2023-09-20,TWSE,2323,中環,11.55,11.65,11.45,11.50,-0.05,7667478,88331617,2560
2023-09-20,TWSE,2324,仁寶,30.90,31.25,30.50,30.55,-0.40,19017134,585042105,8134
2023-09-20,TWSE,2327,國巨*,523.00,524.00,513.00,520.00,0.00,1613922,837067308,2077
2023-09-20,TWSE,2328,廣宇,38.40,38.40,37.70,37.70,-0.45,2029329,77003066,1461
2023-09-20,TWSE,2329,華泰,41.50,42.80,41.35,41.40,-0.15,11826423,495852203,6654
2023-09-20,TWSE,2330,台積電,536.00,538.00,535.00,535.00,-3.00,28098535,15065407249,50355
2023-09-20,TWSE,2331,精英,29.70,30.15,29.15,29.20,-0.55,6236241,184114385,3155
2023-09-20,TWSE,2332,友訊,21.20,21.45,20.30,20.35,-0.75,26986468,563822505,7755
2023-09-20,TWSE,2337,旺宏,34.20,34.45,33.85,34.05,-0.30,8792329,299954387,4379
2023-09-20,TWSE,2338,光罩,67.80,68.40,67.30,67.40,-0.80,1135955,76944152,945
2023-09-20,TWSE,2340,台亞,48.45,48.55,47.25,47.30,-1.00,5434343,258729888,3642
2023-09-20,TWSE,2342,茂矽,36.40,36.60,36.00,36.00,-0.25,238377,8642542,221
2023-09-20,TWSE,2344,華邦電,27.60,27.60,26.50,26.50,0.00,29458525,793734552,11814
2023-09-20,TWSE,2345,智邦,499.50,500.00,468.50,472.00,-31.00,7742875,3708435248,7995
2023-09-20,TWSE,2347,聯強,64.00,64.40,63.50,63.90,-0.30,2576048,164936633,2159
2023-09-20,TWSE,2348,海悅,73.10,74.30,73.10,74.30,0.80,31199,2302402,64
2023-09-20,TWSE,2348A,海悅甲特,,,,,0.00,15,517,1
2023-09-20,TWSE,2349,錸德,8.50,8.51,8.42,8.43,-0.07,820894,6939018,351
2023-09-20,TWSE,2351,順德,104.00,108.50,104.00,106.00,2.50,2131182,227189322,1769
2023-09-20,TWSE,2352,佳世達,45.45,45.65,44.30,44.40,-1.05,9378471,420281183,6947
2023-09-20,TWSE,2353,宏碁,37.10,37.30,36.30,36.60,-0.25,16316590,600630842,7020
2023-09-20,TWSE,2354,鴻準,61.30,61.40,58.70,58.90,-1.80,20947762,1252468419,11462
2023-09-20,TWSE,2355,敬鵬,39.10,39.80,38.45,38.75,-0.20,7427485,289940442,4407
2023-09-20,TWSE,2356,英業達,48.40,49.85,48.20,48.50,0.00,31869649,1557436223,17606
2023-09-20,TWSE,2357,華碩,363.50,366.00,359.50,360.50,0.00,2518714,912255645,2594
2023-09-20,TWSE,2358,廷鑫,13.05,13.05,12.80,12.90,-0.10,586015,7545732,421
2023-09-20,TWSE,2359,所羅門,35.70,36.65,35.70,35.90,0.20,1248476,45082527,863
2023-09-20,TWSE,2360,致茂,254.00,265.50,253.00,261.50,6.50,1931255,506228904,1546
2023-09-20,TWSE,2362,藍天,31.40,31.60,31.25,31.30,-0.10,398864,12528424,353
2023-09-20,TWSE,2363,矽統,37.15,37.35,36.20,36.70,-0.50,65337567,2400857321,27952
2023-09-20,TWSE,2364,倫飛,114.50,115.00,113.00,115.00,2.00,1040889,118917018,895
2023-09-20,TWSE,2365,昆盈,11.00,11.05,10.90,10.90,-0.15,412113,4511477,333
2023-09-20,TWSE,2367,燿華,21.40,21.60,19.75,20.70,-0.45,97231329,1984193239,33025
2023-09-20,TWSE,2368,金像電,190.50,196.00,190.00,193.50,3.50,7352864,1426765246,5311
2023-09-20,TWSE,2369,菱生,19.35,19.50,18.90,19.00,-0.20,2167969,41378296,1174
2023-09-20,TWSE,2371,大同,45.70,45.85,44.30,44.35,-1.00,10640091,477360322,6595
2023-09-20,TWSE,2373,震旦行,75.70,76.00,75.60,75.80,0.10,17035,1290798,41
2023-09-20,TWSE,2374,佳能,24.20,24.65,24.00,24.35,0.30,3368397,81894933,1744
2023-09-20,TWSE,2375,凱美,67.70,68.10,66.80,66.90,-0.50,196484,13229728,203
2023-09-20,TWSE,2376,技嘉,252.00,273.50,252.00,263.50,10.00,39074852,10300587250,30348
2023-09-20,TWSE,2377,微星,167.50,177.50,166.50,175.50,9.50,11700209,2041436914,9234
2023-09-20,TWSE,2379,瑞昱,412.50,414.50,402.50,404.00,-10.00,2621404,1064681252,3593
2023-09-20,TWSE,2380,虹光,9.61,9.61,9.50,9.55,-0.02,444392,4236988,414
2023-09-20,TWSE,2382,廣達,217.00,229.50,215.00,218.50,-0.50,55454721,12302396841,37985
2023-09-20,TWSE,2383,台光電,399.50,417.00,398.00,406.50,8.50,6288270,2560937809,5554
2023-09-20,TWSE,2385,群光,117.00,117.00,114.00,116.00,0.00,3592474,416190005,2251
2023-09-20,TWSE,2387,精元,51.00,51.50,49.35,49.55,-1.25,1940846,97655733,1399
2023-09-20,TWSE,2388,威盛,117.00,119.50,113.50,115.50,-2.50,21613907,2515055605,13336
2023-09-20,TWSE,2390,云辰,13.45,13.45,13.20,13.20,-0.15,530004,7026573,331
2023-09-20,TWSE,2392,正崴,43.00,43.05,41.80,41.85,-0.90,3024678,127828725,2379
2023-09-20,TWSE,2393,億光,47.70,47.70,47.15,47.15,-0.45,719790,34084596,597
2023-09-20,TWSE,2395,研華,343.50,345.00,341.00,342.50,-2.50,1274908,437733442,1307
2023-09-20,TWSE,2397,友通,69.70,70.10,68.80,69.50,-0.20,28540,1981633,149
2023-09-20,TWSE,2399,映泰,23.85,24.80,23.75,24.25,0.40,3752456,91498768,2179
2023-09-20,TWSE,2401,凌陽,31.45,31.55,30.15,30.35,-0.95,9612123,294293387,5522
2023-09-20,TWSE,2402,毅嘉,40.45,40.60,39.40,39.40,-0.85,10251862,408019036,5875
2023-09-20,TWSE,2404,漢唐,236.00,236.00,227.00,230.00,-4.50,1778789,409000202,16124
2023-09-20,TWSE,2405,輔信,15.95,16.20,15.55,15.75,-0.25,9471377,150322773,3634
2023-09-20,TWSE,2406,國碩,15.55,15.55,15.25,15.25,-0.30,800116,12309391,738
2023-09-20,TWSE,2408,南亞科,71.40,71.40,70.00,70.70,-1.00,7662019,542374585,6012
2023-09-20,TWSE,2409,友達,16.85,16.85,16.65,16.70,-0.15,17458957,292173398,6639
2023-09-20,TWSE,2412,中華電,117.00,117.50,116.50,117.00,0.00,5393485,631315913,3592
2023-09-20,TWSE,2413,環科,28.65,28.80,28.25,28.40,-0.40,187714,5357102,152
2023-09-20,TWSE,2414,精技,33.45,33.50,33.25,33.40,-0.05,105188,3514557,85
2023-09-20,TWSE,2415,錩新,30.10,30.15,29.45,29.55,-0.55,223114,6643843,170
2023-09-20,TWSE,2417,圓剛,24.90,27.35,24.15,26.40,1.45,9212904,240842770,5999
2023-09-20,TWSE,2419,仲琦,34.00,34.70,33.80,33.85,-0.15,1931252,65956771,1218
2023-09-20,TWSE,2420,新巨,46.00,46.10,45.60,45.65,-0.20,118621,5438217,134
2023-09-20,TWSE,2421,建準,106.00,110.00,105.00,107.50,0.50,6871000,739579951,4787
2023-09-20,TWSE,2423,固緯,35.10,36.00,35.00,35.20,0.05,616314,21935132,524
2023-09-20,TWSE,2424,隴華,32.80,32.80,31.50,31.55,-1.25,22521,716883,24
2023-09-20,TWSE,2425,承啟,47.50,48.40,46.85,47.70,0.20,3650774,174213617,2153
2023-09-20,TWSE,2426,鼎元,18.05,18.10,17.75,17.80,-0.20,374303,6683121,228
2023-09-20,TWSE,2427,三商電,26.25,26.70,25.40,25.95,-0.55,3173021,82647651,1834
2023-09-20,TWSE,2428,興勤,153.00,153.50,150.00,151.00,-2.50,412772,62565413,392
2023-09-20,TWSE,2429,銘旺科,17.00,17.00,16.00,16.70,-0.60,40000,664600,29
2023-09-20,TWSE,2430,燦坤,39.60,39.95,39.60,39.60,-0.05,44276,1758648,66
2023-09-20,TWSE,2431,聯昌,11.20,11.25,11.00,11.00,-0.20,82207,910985,80
2023-09-20,TWSE,2432,倚天酷碁-創,38.50,38.60,38.50,38.60,0.60,2000,77100,2
2023-09-20,TWSE,2433,互盛電,51.90,52.00,51.80,51.80,0.30,15270,792807,20
2023-09-20,TWSE,2434,統懋,35.40,35.80,34.70,34.70,-0.40,59347,2094624,58
2023-09-20,TWSE,2436,偉詮電,72.60,73.20,70.30,70.80,-1.40,6102247,436690875,4657
2023-09-20,TWSE,2438,翔耀,22.70,22.70,22.50,22.65,-0.05,47380,1070417,32
2023-09-20,TWSE,2439,美律,86.30,86.50,85.20,85.30,-1.20,608678,52237336,659
2023-09-20,TWSE,2440,太空梭,13.90,14.00,13.75,13.75,-0.30,352274,4877264,220
2023-09-20,TWSE,2441,超豐,58.20,58.30,57.10,57.30,-0.80,815245,47007233,755
2023-09-20,TWSE,2442,新美齊,18.55,18.60,18.20,18.35,-0.15,792229,14526181,359
2023-09-20,TWSE,2444,兆勁,13.15,13.15,12.95,13.05,0.05,86582,1124229,68
2023-09-20,TWSE,2449,京元電子,82.20,83.00,76.30,76.80,-4.20,44113507,3497922928,29651
2023-09-20,TWSE,2450,神腦,36.50,36.50,36.35,36.45,-0.05,101811,3709679,87
2023-09-20,TWSE,2451,創見,75.00,75.00,73.80,74.20,-0.80,417754,31069236,502
2023-09-20,TWSE,2453,凌群,50.80,51.40,50.40,50.90,0.00,486157,24699395,382
2023-09-20,TWSE,2454,聯發科,765.00,766.00,751.00,759.00,-14.00,5579484,4230842020,11814
2023-09-20,TWSE,2455,全新,153.00,153.00,148.00,148.00,-7.00,5479366,819697181,3643
2023-09-20,TWSE,2457,飛宏,61.50,61.80,60.40,60.90,-0.40,3286295,200766580,2473
2023-09-20,TWSE,2458,義隆,142.00,142.00,136.50,138.00,-3.00,3335632,462018927,3217
2023-09-20,TWSE,2459,敦吉,58.10,58.50,58.10,58.30,0.00,30095,1755342,42
2023-09-20,TWSE,2460,建通,27.20,27.50,26.35,26.50,-0.70,1262802,33794078,774
2023-09-20,TWSE,2461,光群雷,22.95,22.95,22.60,22.60,-0.35,587198,13337678,271
2023-09-20,TWSE,2462,良得電,41.95,42.20,40.70,41.30,-0.95,5133137,211999808,3024
2023-09-20,TWSE,2464,盟立,39.10,39.20,38.50,38.70,-0.20,673782,26126021,502
2023-09-20,TWSE,2465,麗臺,38.15,38.55,37.10,37.15,-0.90,468361,17738828,729
2023-09-20,TWSE,2466,冠西電,36.30,36.30,36.05,36.25,-0.20,12014,434899,12
2023-09-20,TWSE,2467,志聖,45.90,46.00,45.65,45.65,-0.05,26674,1220602,56
2023-09-20,TWSE,2468,華經,26.70,26.85,26.40,26.50,-0.15,294103,7825158,206
2023-09-20,TWSE,2471,資通,52.70,52.80,52.00,52.10,-0.60,192962,10079288,236
2023-09-20,TWSE,2472,立隆電,60.70,60.90,59.80,59.90,-0.70,245529,14804673,327
2023-09-20,TWSE,2474,可成,183.50,184.50,181.50,181.50,-2.00,2430479,443941707,1536
2023-09-20,TWSE,2476,鉅祥,50.80,51.40,49.80,50.30,-0.50,695216,34931290,571
2023-09-20,TWSE,2477,美隆電,19.70,19.75,19.60,19.75,0.00,10311,202363,24
2023-09-20,TWSE,2478,大毅,48.00,48.00,47.10,47.30,-0.10,47865,2265853,111
2023-09-20,TWSE,2480,敦陽科,118.50,118.50,116.00,118.50,0.50,355193,41810554,397
2023-09-20,TWSE,2481,強茂,65.80,66.40,64.80,65.00,-0.80,927341,60587300,845
2023-09-20,TWSE,2482,連宇,46.05,46.65,45.90,46.10,0.05,532277,24591880,485
2023-09-20,TWSE,2483,百容,25.25,25.50,25.00,25.10,-0.15,106051,2670924,80
2023-09-20,TWSE,2484,希華,32.85,32.90,32.20,32.25,-0.60,337603,10966203,329
2023-09-20,TWSE,2485,兆赫,25.80,26.20,25.10,25.35,-0.65,8442157,215079763,4162
2023-09-20,TWSE,2486,一詮,47.00,47.40,45.45,45.50,-1.60,10522982,485787619,6003
2023-09-20,TWSE,2488,漢平,35.75,35.80,35.25,35.35,-0.40,323556,11482721,287
2023-09-20,TWSE,2489,瑞軒,12.45,12.45,12.20,12.20,-0.25,1717477,21105034,917
2023-09-20,TWSE,2491,吉祥全,15.50,15.50,14.40,14.80,-0.45,175639,2628333,137
2023-09-20,TWSE,2492,華新科,106.50,108.00,102.50,103.50,-2.50,5212834,545306222,3263
2023-09-20,TWSE,2493,揚博,75.10,75.20,73.40,73.60,-1.50,601069,44585135,679
2023-09-20,TWSE,2495,普安,19.70,19.85,19.40,19.40,-0.35,1022054,20005869,679
2023-09-20,TWSE,2496,卓越,54.80,55.00,54.40,54.50,-0.60,21225,1158244,27
2023-09-20,TWSE,2497,怡利電,70.10,70.50,68.80,68.80,-1.30,675338,46876977,1045
2023-09-20,TWSE,2498,宏達電,49.60,49.75,49.15,49.20,-0.25,3298075,162836532,2572
2023-09-20,TWSE,2501,國建,15.15,15.25,15.10,15.25,0.10,441877,6703059,268
2023-09-20,TWSE,2504,國產,25.55,25.55,24.90,25.20,-0.25,2383245,60205194,1141
2023-09-20,TWSE,2505,國揚,18.70,18.70,18.50,18.50,-0.20,239562,4458098,138
2023-09-20,TWSE,2506,太設,9.11,9.12,9.06,9.06,-0.05,87535,795205,67
2023-09-20,TWSE,2509,全坤建,14.70,14.70,14.60,14.70,0.00,51338,752238,118
2023-09-20,TWSE,2511,太子,10.90,10.90,10.80,10.90,0.10,254084,2761313,175
2023-09-20,TWSE,2514,龍邦,16.05,16.05,15.95,16.05,0.00,53620,859143,146
2023-09-20,TWSE,2515,中工,10.25,10.30,10.15,10.15,-0.10,4411513,45126566,1973
2023-09-20,TWSE,2516,新建,7.33,7.63,7.33,7.63,0.24,1019712,7682082,358
2023-09-20,TWSE,2520,冠德,33.20,33.30,33.00,33.10,-0.15,687097,22762622,596
2023-09-20,TWSE,2524,京城,30.80,31.00,30.70,30.70,-0.60,17599,541139,21
2023-09-20,TWSE,2527,宏璟,23.10,23.10,22.75,22.90,-0.20,174588,3994566,104
2023-09-20,TWSE,2528,皇普,28.45,28.65,28.30,28.50,0.05,36007,1026152,35
2023-09-20,TWSE,2530,華建,25.15,25.30,25.10,25.15,0.00,359801,9056362,185
2023-09-20,TWSE,2534,宏盛,19.25,19.25,19.15,19.20,0.00,221611,4255871,200
2023-09-20,TWSE,2535,達欣工,33.70,33.95,33.70,33.90,0.05,263648,8926000,318
2023-09-20,TWSE,2536,宏普,26.10,26.20,26.00,26.15,0.00,378289,9863515,183
2023-09-20,TWSE,2537,聯上發,8.20,8.49,8.20,8.25,0.09,5816987,48476468,1614
2023-09-20,TWSE,2538,基泰,13.30,13.55,13.20,13.35,0.10,5402200,72114193,1834
2023-09-20,TWSE,2539,櫻花建,42.65,44.40,42.60,43.65,1.10,888267,38768374,659
2023-09-20,TWSE,2540,愛山林,86.00,89.70,85.90,88.70,2.70,1375930,120751992,969
2023-09-20,TWSE,2542,興富發,44.30,44.35,44.10,44.20,-0.10,5115257,226263814,2126
2023-09-20,TWSE,2543,皇昌,12.95,13.25,12.80,13.05,0.15,698805,9128995,376
2023-09-20,TWSE,2545,皇翔,39.45,39.50,39.25,39.50,0.15,59723,2351447,104
2023-09-20,TWSE,2546,根基,74.90,74.90,74.40,74.50,-0.20,50485,3764943,316
2023-09-20,TWSE,2547,日勝生,8.75,8.79,8.68,8.70,-0.04,351994,3070255,224
2023-09-20,TWSE,2548,華固,90.30,90.30,89.80,90.10,-0.20,294097,26466431,405
2023-09-20,TWSE,2597,潤弘,102.00,102.50,101.50,102.50,0.50,24396,2493199,40
2023-09-20,TWSE,2601,益航,8.62,8.86,8.62,8.68,0.07,2926422,25597823,1312
2023-09-20,TWSE,2603,長榮,116.00,120.00,116.00,117.50,1.50,30420594,3579674394,14999
2023-09-20,TWSE,2605,新興,24.20,25.40,23.80,23.85,0.00,47851635,1173759026,19870
2023-09-20,TWSE,2606,裕民,50.80,51.40,49.30,49.75,-0.45,19381622,975352626,10013
2023-09-20,TWSE,2607,榮運,28.80,29.10,28.45,28.55,-0.15,1813234,52215903,1055
2023-09-20,TWSE,2608,嘉里大榮,37.85,37.90,37.80,37.90,0.00,84715,3205180,112
2023-09-20,TWSE,2609,陽明,46.15,47.30,46.10,46.30,0.45,31957292,1490240850,17034
2023-09-20,TWSE,2610,華航,22.25,22.35,22.05,22.15,-0.05,22771439,504567511,8634
2023-09-20,TWSE,2611,志信,13.45,13.80,13.30,13.30,0.00,1470670,19933716,749
2023-09-20,TWSE,2612,中航,45.95,48.30,44.70,45.10,0.40,8036841,373560515,5207
2023-09-20,TWSE,2613,中櫃,21.25,21.60,21.15,21.15,0.15,234691,5015104,177
2023-09-20,TWSE,2614,東森,22.60,22.60,22.30,22.30,-0.30,832374,18689665,946
2023-09-20,TWSE,2615,萬海,50.80,52.30,50.60,51.30,0.80,11590212,597989268,7249
2023-09-20,TWSE,2616,山隆,31.05,31.10,30.95,30.95,-0.05,100408,3114973,183
2023-09-20,TWSE,2617,台航,30.55,31.70,30.40,30.70,0.60,7837565,243115566,3995
2023-09-20,TWSE,2618,長榮航,30.20,30.30,29.95,29.95,-0.30,41605634,1250774987,15797
2023-09-20,TWSE,2630,亞航,39.95,40.20,38.55,38.70,-0.95,4048451,158410391,2763
2023-09-20,TWSE,2633,台灣高鐵,30.20,30.35,30.15,30.15,-0.05,1951200,58952419,1291
2023-09-20,TWSE,2634,漢翔,56.30,56.70,55.70,56.00,-0.20,10135152,568799519,6425
2023-09-20,TWSE,2636,台驊控股,79.00,79.90,78.50,78.50,0.00,815002,64544635,809
2023-09-20,TWSE,2637,慧洋-KY,50.80,52.00,50.00,50.00,-0.50,18920761,958603584,8186
2023-09-20,TWSE,2642,宅配通,41.45,41.45,41.15,41.30,0.10,36186,1492797,66
2023-09-20,TWSE,2645,長榮航太,109.50,111.00,108.50,108.50,-1.50,1869597,204345289,1679
2023-09-20,TWSE,2701,萬企,12.45,12.45,12.35,12.35,-0.10,189261,2342713,113
2023-09-20,TWSE,2702,華園,21.20,21.20,21.05,21.15,0.00,127100,2680176,63
2023-09-20,TWSE,2704,國賓,52.00,53.90,51.70,53.00,1.00,316395,16707179,238
2023-09-20,TWSE,2705,六福,17.10,17.20,17.00,17.00,-0.10,362379,6182112,261
2023-09-20,TWSE,2706,第一店,15.25,15.35,15.15,15.15,0.00,203464,3103631,229
2023-09-20,TWSE,2707,晶華,213.50,215.00,212.50,215.00,1.00,324218,69383593,447
2023-09-20,TWSE,2712,遠雄來,35.45,35.65,35.40,35.60,0.15,42442,1504341,31
2023-09-20,TWSE,2722,夏都,49.70,50.40,48.60,49.55,-0.30,119422,5915909,159
2023-09-20,TWSE,2723,美食-KY,111.50,114.00,111.50,112.00,0.50,499324,56318799,429
2023-09-20,TWSE,2727,王品,253.50,254.50,250.00,250.50,-2.50,536759,135175524,937
2023-09-20,TWSE,2731,雄獅,131.50,133.50,130.50,131.00,-0.50,503312,66520615,526
2023-09-20,TWSE,2739,寒舍,39.55,40.00,39.35,39.40,-0.30,285860,11300764,237
2023-09-20,TWSE,2748,雲品,71.40,72.00,71.10,71.40,-0.10,570373,40770514,465
2023-09-20,TWSE,2753,八方雲集,167.50,169.50,167.50,168.00,0.50,76484,12885927,183
2023-09-20,TWSE,2801,彰銀,17.50,17.50,17.40,17.45,0.00,3856756,67252269,2085
2023-09-20,TWSE,2809,京城銀,37.15,37.30,37.10,37.30,0.15,795369,29598612,499
2023-09-20,TWSE,2812,台中銀,14.90,14.90,14.85,14.90,0.05,2217823,32997272,1524
2023-09-20,TWSE,2816,旺旺保,33.60,34.00,33.60,34.00,0.05,627665,21225584,446
2023-09-20,TWSE,2820,華票,14.55,14.60,14.50,14.50,-0.05,491583,7151947,307
2023-09-20,TWSE,2832,台產,24.20,24.20,23.90,23.95,-0.25,440173,10569013,237
2023-09-20,TWSE,2834,臺企銀,13.50,13.55,13.45,13.45,-0.05,8282145,111650796,3110
2023-09-20,TWSE,2836,高雄銀,12.15,12.20,12.05,12.15,0.00,266362,3230415,235
2023-09-20,TWSE,2836A,高雄銀甲特,21.20,21.25,21.20,21.25,0.10,32080,680688,15
2023-09-20,TWSE,2838,聯邦銀,13.35,13.50,13.35,13.40,0.10,3689859,49481893,1944
2023-09-20,TWSE,2838A,聯邦銀甲特,51.70,51.80,51.70,51.80,0.10,13075,676070,10
2023-09-20,TWSE,2845,遠東銀,11.80,11.85,11.70,11.70,-0.10,2377227,27942781,658
2023-09-20,TWSE,2849,安泰銀,14.05,14.05,13.80,13.85,-0.15,61405,852515,67
2023-09-20,TWSE,2850,新產,60.20,60.40,59.90,60.00,-0.20,194430,11700469,200
2023-09-20,TWSE,2851,中再保,23.70,23.80,23.60,23.70,-0.05,746701,17699933,367
2023-09-20,TWSE,2852,第一保,16.95,16.95,16.80,16.85,-0.10,190054,3205355,135
2023-09-20,TWSE,2855,統一證,19.15,19.25,19.00,19.05,-0.10,712711,13609990,402
2023-09-20,TWSE,2867,三商壽,5.22,5.22,5.18,5.18,-0.04,4135261,21469108,1618
2023-09-20,TWSE,2880,華南金,20.85,20.90,20.80,20.90,0.05,4997332,104244252,2631
2023-09-20,TWSE,2881,富邦金,62.60,62.60,61.90,62.10,-0.50,11304964,702489468,6593
2023-09-20,TWSE,2881A,富邦特,61.20,61.40,61.20,61.30,0.10,58482,3584353,36
2023-09-20,TWSE,2881B,富邦金乙特,60.00,60.10,59.90,60.10,0.00,155156,9308702,25
2023-09-20,TWSE,2881C,富邦金丙特,56.20,56.20,56.20,56.20,0.00,4680,262909,14
2023-09-20,TWSE,2882,國泰金,46.30,46.35,45.65,45.70,-0.65,19313673,886321213,8450
2023-09-20,TWSE,2882A,國泰特,59.90,60.10,59.90,60.10,0.00,58764,3525869,24
2023-09-20,TWSE,2882B,國泰金乙特,60.00,60.10,59.90,60.10,0.00,69848,4190624,20
2023-09-20,TWSE,2883,凱基金,11.95,12.00,11.85,11.85,-0.10,30833882,366867231,8591
2023-09-20,TWSE,2883B,凱基金乙特,6.71,6.72,6.70,6.70,-0.01,1450768,9732267,231
2023-09-20,TWSE,2884,玉山金,24.45,24.45,24.30,24.35,-0.10,14511086,353784550,6806
2023-09-20,TWSE,2885,元大金,25.75,25.75,25.35,25.40,-0.35,17633379,448415254,10798
2023-09-20,TWSE,2886,兆豐金,37.65,37.90,37.60,37.85,0.05,14080374,528983706,7287
2023-09-20,TWSE,2887,台新新光金,18.10,18.10,18.00,18.00,-0.10,11199179,201904898,5183
2023-09-20,TWSE,2887E,台新新光戊特一,51.40,51.40,51.20,51.40,0.00,114026,5855026,31
2023-09-20,TWSE,2887F,台新新光戊特二,46.25,46.25,46.20,46.25,0.05,26018,1203229,7
2023-09-20,TWSE,2887Z1,台新新光己特,16.80,16.85,16.80,16.85,0.05,7363,123870,15
2023-09-20,TWSE,2888,新光金,9.47,9.51,9.40,9.41,-0.11,32800726,310083587,11722
2023-09-20,TWSE,2888A,新光金甲特,30.35,30.40,30.30,30.40,0.00,120082,3641291,29
2023-09-20,TWSE,2888B,新光金乙特,30.60,30.60,30.55,30.60,-0.05,36752,1124224,32
2023-09-20,TWSE,2889,國票金,11.80,11.85,11.75,11.75,-0.05,1254857,14801094,688
2023-09-20,TWSE,2890,永豐金,17.60,17.70,17.60,17.60,0.00,8199126,144677578,3904
2023-09-20,TWSE,2891,中信金,24.90,25.10,24.80,24.85,-0.10,41211810,1028493981,11643
2023-09-20,TWSE,2891B,中信金乙特,60.30,60.50,60.30,60.50,0.00,6998,422104,20
2023-09-20,TWSE,2891C,中信金丙特,59.90,60.00,59.80,60.00,0.00,54227,3248248,47
2023-09-20,TWSE,2892,第一金,27.00,27.00,26.85,27.00,-0.10,10370603,279460051,6269
2023-09-20,TWSE,2897,王道銀行,9.63,9.70,9.61,9.62,-0.01,1893930,18251647,603
2023-09-20,TWSE,2897A,王道銀甲特,10.05,10.10,10.05,10.10,0.05,35000,352250,21
2023-09-20,TWSE,2901,欣欣,26.60,26.65,26.35,26.60,0.00,11002,291817,103
2023-09-20,TWSE,2903,遠百,23.80,23.85,23.60,23.60,-0.20,599451,14205564,349
2023-09-20,TWSE,2904,匯僑,19.10,19.15,19.05,19.15,0.05,28033,535438,29
2023-09-20,TWSE,2905,三商,13.30,13.35,13.20,13.20,-0.10,615785,8158999,463
2023-09-20,TWSE,2906,高林,18.00,18.05,17.60,17.70,-0.30,1285396,22833710,420
2023-09-20,TWSE,2908,特力,20.25,20.25,20.05,20.10,0.00,190959,3848751,63
2023-09-20,TWSE,2910,統領,27.15,27.45,27.10,27.45,0.05,13000,354550,12
2023-09-20,TWSE,2911,麗嬰房,6.90,7.00,6.88,6.90,0.00,81558,565330,140
2023-09-20,TWSE,2912,統一超,267.00,267.50,264.50,264.50,-2.50,1755983,466004419,3724
2023-09-20,TWSE,2913,農林,21.95,21.95,21.40,21.50,-0.35,6805709,146714375,2868
2023-09-20,TWSE,2915,潤泰全,60.80,60.80,59.80,60.50,-0.30,3047623,183354651,2214
2023-09-20,TWSE,2923,鼎固-KY,22.60,23.10,22.60,23.05,0.45,21411,491652,40
2023-09-20,TWSE,2929,淘帝-KY,11.70,11.85,11.65,11.75,0.05,300911,3531426,133
2023-09-20,TWSE,2939,永邑-KY,30.50,30.50,29.70,30.00,-0.15,33008,992982,34
2023-09-20,TWSE,2945,三商家購,40.35,40.35,40.20,40.20,-0.15,8064,324730,8
2023-09-20,TWSE,3002,歐格,13.25,13.40,13.10,13.35,-0.05,69722,921526,58
2023-09-20,TWSE,3003,健和興,74.10,74.10,73.00,73.30,-0.40,393352,28873415,380
2023-09-20,TWSE,3004,豐達科,98.70,99.50,97.50,97.80,-0.90,487842,47996260,445
2023-09-20,TWSE,3005,神基,81.40,83.70,78.90,79.80,-1.00,15015188,1215668659,11475
2023-09-20,TWSE,3006,晶豪科,86.00,86.20,83.40,83.80,-1.50,4075271,344086998,6603
2023-09-20,TWSE,3008,大立光,2145.00,2155.00,2085.00,2095.00,-30.00,609734,1288568685,2405
2023-09-20,TWSE,3010,華立,93.20,93.60,92.00,92.00,-1.40,520376,48212726,548
2023-09-20,TWSE,3011,今皓,37.30,38.00,37.05,37.85,0.70,1382170,52099238,776
2023-09-20,TWSE,3013,晟銘電,41.20,43.80,40.70,42.50,1.00,10241570,437683507,5786
2023-09-20,TWSE,3014,聯陽,178.50,180.00,171.00,174.00,-3.50,9152729,1602954264,6938
2023-09-20,TWSE,3015,全漢,49.45,49.50,49.10,49.20,-0.25,240107,11820117,296
2023-09-20,TWSE,3016,嘉晶,62.40,63.20,61.60,61.80,-0.80,345695,21558157,387
2023-09-20,TWSE,3017,奇鋐,277.00,295.00,274.50,281.00,3.00,17087276,4846193994,14059
2023-09-20,TWSE,3018,隆銘綠能,8.56,8.66,8.56,8.64,0.06,69430,596865,276
2023-09-20,TWSE,3019,亞光,65.30,65.30,63.90,64.00,-1.10,531051,34186597,471
2023-09-20,TWSE,3021,鴻名,24.00,24.80,23.35,23.45,-0.10,692697,16628602,527
2023-09-20,TWSE,3022,威強電,80.00,80.00,79.10,79.70,-0.40,553431,44050573,713
2023-09-20,TWSE,3023,信邦,308.00,308.00,297.00,301.00,-6.50,1126083,337617607,1829
2023-09-20,TWSE,3024,憶聲,16.50,16.50,15.75,16.00,-0.55,3929721,63299354,1151
2023-09-20,TWSE,3025,星通,42.85,43.40,41.45,41.60,-1.25,2409911,101455653,1815
2023-09-20,TWSE,3026,禾伸堂,99.00,99.20,98.30,99.10,-0.10,115582,11424531,166
2023-09-20,TWSE,3027,盛達,42.00,42.65,41.50,41.50,-0.20,926429,38903674,696
2023-09-20,TWSE,3028,增你強,31.60,31.60,31.05,31.05,-0.60,399567,12508209,441
2023-09-20,TWSE,3029,零壹,60.60,60.60,60.00,60.20,-0.30,784517,47277319,584
2023-09-20,TWSE,3030,德律,63.20,63.30,62.50,62.70,-0.60,483277,30375939,483
2023-09-20,TWSE,3031,佰鴻,17.30,17.35,17.05,17.15,-0.15,68308,1176063,56
2023-09-20,TWSE,3032,偉訓,67.80,69.80,64.50,68.60,1.10,13112396,890184807,8748
2023-09-20,TWSE,3033,威健,27.85,27.85,27.55,27.65,-0.20,2227596,61706587,1769
2023-09-20,TWSE,3034,聯詠,439.00,442.50,431.00,431.50,-14.00,4442005,1932473748,6116
2023-09-20,TWSE,3035,智原,323.00,326.50,312.00,315.50,-7.00,18808621,6000306032,16877
2023-09-20,TWSE,3036,文曄,95.80,100.00,93.50,100.00,9.00,27409811,2696700059,17212
2023-09-20,TWSE,3036A,文曄甲特,44.30,44.30,44.10,44.20,-0.10,275064,12158124,150
2023-09-20,TWSE,3037,欣興,189.00,189.00,183.00,183.50,-5.00,21114147,3916339302,20854
2023-09-20,TWSE,3038,全台,31.15,31.50,30.90,31.05,0.10,734453,22913861,636
2023-09-20,TWSE,3040,遠見,29.80,29.80,29.70,29.80,0.00,7441,221218,19
2023-09-20,TWSE,3041,揚智,18.60,18.75,18.35,18.45,-0.10,331114,6120091,298
2023-09-20,TWSE,3042,晶技,104.00,104.50,99.00,99.10,-4.40,6194766,622779076,5236
2023-09-20,TWSE,3043,科風,43.55,45.35,42.20,42.35,-0.85,2153006,94160681,1700
2023-09-20,TWSE,3044,健鼎,212.00,213.50,202.50,204.50,-7.50,10845275,2247264588,9381
2023-09-20,TWSE,3045,台灣大,95.50,95.50,95.00,95.00,-0.50,1860639,177068931,1456
2023-09-20,TWSE,3046,建碁,70.90,71.60,70.10,70.20,-0.90,620482,43859795,661
2023-09-20,TWSE,3047,訊舟,14.50,14.50,14.25,14.25,-0.25,1082077,15498400,516
2023-09-20,TWSE,3048,益登,23.75,23.80,23.65,23.70,-0.10,101838,2416957,119
2023-09-20,TWSE,3049,精金,9.65,9.79,9.63,9.74,0.09,1582146,15348511,553
2023-09-20,TWSE,3050,鈺德,15.00,15.00,14.85,14.95,0.00,138215,2060199,99
2023-09-20,TWSE,3051,力特,27.25,28.10,27.25,27.35,0.20,3075017,84989730,1875
2023-09-20,TWSE,3052,夆典,11.55,11.60,11.50,11.50,-0.10,122389,1413570,90
2023-09-20,TWSE,3054,立萬利,19.80,20.15,19.45,20.10,0.40,48005,955354,43
2023-09-20,TWSE,3055,蔚華科,33.70,34.35,33.65,33.80,0.10,240748,8169543,251
2023-09-20,TWSE,3056,富華新,29.40,29.85,29.40,29.60,0.15,1116837,33097831,935
2023-09-20,TWSE,3057,喬鼎,11.90,11.90,11.75,11.75,-0.10,50847,602567,102
2023-09-20,TWSE,3058,立德,22.00,22.15,20.75,21.05,-0.95,1950506,41844665,1234
2023-09-20,TWSE,3059,華晶科,33.45,33.75,33.25,33.70,0.30,972481,32609851,730
2023-09-20,TWSE,3060,銘異,19.65,19.65,19.05,19.05,-0.50,457567,8828545,507
2023-09-20,TWSE,3062,建漢,22.50,22.60,22.05,22.25,-0.20,1378635,30677745,676
2023-09-20,TWSE,3090,日電貿,61.30,61.70,60.50,60.90,0.00,1273142,77652013,1723
2023-09-20,TWSE,3092,鴻碩,36.50,39.10,36.45,38.95,3.10,5090278,194715276,3826
2023-09-20,TWSE,3094,聯傑,34.25,34.45,33.50,33.50,-0.75,1071712,36257552,676
2023-09-20,TWSE,3130,一零四,202.50,202.50,202.50,202.50,0.00,5882,1192363,89
2023-09-20,TWSE,3138,耀登,149.00,157.00,148.00,154.00,4.50,1153595,177781425,1551
2023-09-20,TWSE,3149,正達,14.45,14.75,14.25,14.30,0.05,725168,10485428,459
2023-09-20,TWSE,3164,景岳,23.30,23.30,23.10,23.20,-0.10,17403,404328,133
2023-09-20,TWSE,3167,大量,52.00,53.50,50.60,51.80,-0.90,382024,19736022,481
2023-09-20,TWSE,3189,景碩,113.00,113.00,110.00,110.50,-2.50,4307352,478204599,3395
2023-09-20,TWSE,3209,全科,35.70,35.70,35.00,35.05,-0.65,1418858,50045345,1267
2023-09-20,TWSE,3229,晟鈦,14.65,14.75,14.60,14.75,0.05,24106,354513,20
2023-09-20,TWSE,3231,緯創,97.80,103.00,97.60,98.70,0.30,101269552,10138068150,51523
2023-09-20,TWSE,3257,虹冠電,74.70,75.30,73.00,73.00,-1.90,1073630,79425954,898
2023-09-20,TWSE,3266,昇陽,13.50,13.50,13.45,13.45,0.05,12000,161650,7
2023-09-20,TWSE,3296,勝德,15.90,15.90,15.70,15.90,0.05,345668,5462840,294
2023-09-20,TWSE,3305,昇貿,59.50,61.30,59.00,60.10,0.10,503068,30349264,407
2023-09-20,TWSE,3308,聯德,54.50,54.80,52.40,52.80,-1.60,1617555,86397069,1225
2023-09-20,TWSE,3311,閎暉,43.70,43.70,41.95,41.95,-1.65,1109283,47208208,861
2023-09-20,TWSE,3312,弘憶股,18.95,18.95,18.65,18.70,-0.15,209692,3943789,186
2023-09-20,TWSE,3321,同泰,14.60,14.95,14.55,14.85,0.10,38129,562717,98
2023-09-20,TWSE,3338,泰碩,63.00,66.00,61.60,61.90,0.70,9276240,590159713,6428
2023-09-20,TWSE,3346,麗清,49.40,49.65,48.20,48.20,-0.75,1500873,73343679,1053
2023-09-20,TWSE,3356,奇偶,47.75,47.90,46.55,46.55,-1.25,688266,32402925,712
2023-09-20,TWSE,3376,新日興,83.00,83.10,82.00,82.00,-1.20,448756,37000787,501
2023-09-20,TWSE,3380,明泰,39.00,39.70,38.70,38.80,-0.45,1953418,76214168,1529
2023-09-20,TWSE,3406,玉晶光,385.00,387.00,378.50,379.50,-7.00,1858944,709811782,2241
2023-09-20,TWSE,3413,京鼎,186.50,188.00,186.50,187.50,0.50,237266,44465687,405
2023-09-20,TWSE,3416,融程電,113.50,115.50,113.50,114.00,0.50,86298,9871133,145
2023-09-20,TWSE,3419,譁裕,20.15,20.15,19.35,19.55,-0.40,750193,14773322,540
2023-09-20,TWSE,3432,台端,12.10,12.10,11.75,11.75,-0.40,165145,1962327,114
2023-09-20,TWSE,3437,榮創,17.90,18.05,17.85,17.85,0.00,83162,1492014,141
2023-09-20,TWSE,3443,創意,1420.00,1425.00,1350.00,1360.00,-65.00,2681588,3722273015,6761
2023-09-20,TWSE,3447,展達,41.40,41.50,41.10,41.10,-0.30,56000,2312050,48
2023-09-20,TWSE,3450,聯鈞,53.90,54.90,51.30,52.10,-1.40,12749165,673934592,6506
2023-09-20,TWSE,3454,晶睿,159.00,159.50,154.00,154.00,-4.00,459542,71698130,579
2023-09-20,TWSE,3481,群創,13.75,13.85,13.45,13.65,-0.05,60587619,826689491,15613
2023-09-20,TWSE,3494,誠研,6.85,6.95,6.77,6.77,-0.03,83056,567793,41
2023-09-20,TWSE,3501,維熹,50.80,51.40,50.30,50.50,-0.60,151995,7704534,177
2023-09-20,TWSE,3504,揚明光,64.30,65.00,63.70,64.20,0.40,280094,17979745,236
2023-09-20,TWSE,3515,華擎,201.50,216.50,201.50,211.00,10.00,4198238,890391862,3771
2023-09-20,TWSE,3518,柏騰,35.05,35.75,34.75,34.95,-0.10,273388,9591733,160
2023-09-20,TWSE,3528,安馳,51.70,51.70,51.00,51.40,0.10,51570,2646911,59
2023-09-20,TWSE,3530,晶相光,74.50,74.70,74.10,74.30,-0.10,39592,2942176,161
2023-09-20,TWSE,3532,台勝科,146.00,147.00,145.00,145.50,-0.50,473470,69030287,446
2023-09-20,TWSE,3533,嘉澤,874.00,880.00,849.00,853.00,-21.00,1094904,941086405,3619
2023-09-20,TWSE,3535,晶彩科,19.00,19.00,18.65,18.70,0.20,151161,2851654,134
2023-09-20,TWSE,3543,州巧,20.50,20.60,20.45,20.60,0.10,9013,185124,17
2023-09-20,TWSE,3545,敦泰,82.00,82.70,79.00,79.10,-2.30,6709453,540381920,5810
2023-09-20,TWSE,3550,聯穎,15.45,15.45,15.20,15.30,-0.10,69015,1057028,50
2023-09-20,TWSE,3557,嘉威,55.00,55.00,54.20,54.20,-0.80,66258,3612980,98
2023-09-20,TWSE,3563,牧德,203.50,204.00,202.00,204.00,-0.50,57481,11702023,73
2023-09-20,TWSE,3576,聯合再生,15.10,15.10,14.80,14.80,-0.30,5016032,74911073,4394
2023-09-20,TWSE,3583,辛耘,195.00,199.50,191.00,193.00,-2.00,2346000,456466829,2262
2023-09-20,TWSE,3588,通嘉,67.20,68.50,66.20,66.40,-1.30,1281971,85912270,1197
2023-09-20,TWSE,3591,艾笛森,22.90,22.95,22.35,22.60,-0.35,737536,16643475,503
2023-09-20,TWSE,3592,瑞鼎,371.50,375.50,356.50,358.50,-11.50,1114586,403778921,2296
2023-09-20,TWSE,3593,力銘,12.00,12.05,12.00,12.00,0.00,30114,361439,36
2023-09-20,TWSE,3596,智易,178.50,181.50,174.50,175.50,-4.50,4759003,842580798,5576
2023-09-20,TWSE,3605,宏致,28.55,28.65,28.45,28.50,-0.05,89078,2540455,78
2023-09-20,TWSE,3607,谷崧,14.85,15.10,14.85,15.10,-0.10,401929,6019043,212
2023-09-20,TWSE,3617,碩天,287.50,294.50,280.00,289.00,4.50,4914208,1415303234,6180
2023-09-20,TWSE,3622,洋華,41.40,41.45,39.30,40.35,-0.55,1522660,61311343,1141
2023-09-20,TWSE,3645,達邁,43.00,43.20,42.30,42.55,-0.45,245813,10482905,231
2023-09-20,TWSE,3652,精聯,28.00,28.00,27.70,27.70,-0.40,92203,2563752,79
2023-09-20,TWSE,3653,健策,592.00,602.00,586.00,590.00,4.00,1044378,621350399,1278
2023-09-20,TWSE,3661,世芯-KY,2620.00,2620.00,2430.00,2450.00,-155.00,2140094,5371692320,5176
2023-09-20,TWSE,3665,貿聯-KY,260.50,275.00,258.50,274.00,14.50,3943250,1065124864,3763
2023-09-20,TWSE,3669,圓展,41.00,43.00,40.95,42.15,0.60,603712,25400613,479
2023-09-20,TWSE,3673,TPK-KY,34.35,34.50,34.05,34.10,-0.25,987582,33793228,649
2023-09-20,TWSE,3679,新至陞,93.80,93.80,93.20,93.70,0.10,20726,1939356,32
2023-09-20,TWSE,3682,亞太電,6.45,6.52,6.45,6.48,0.03,1850146,11992714,814
2023-09-20,TWSE,3686,達能,13.20,13.20,13.15,13.15,-0.15,42154,555424,44
2023-09-20,TWSE,3694,海華,36.00,36.35,35.10,36.35,0.00,2386657,85388248,1716
2023-09-20,TWSE,3701,大眾控,61.20,61.70,60.50,60.50,-0.40,714804,43548334,714
2023-09-20,TWSE,3702,大聯大,59.40,60.00,59.30,59.60,0.20,5938454,354291062,4541
2023-09-20,TWSE,3702A,大聯大甲特,46.15,46.15,46.00,46.10,-0.05,225672,10394556,99
2023-09-20,TWSE,3703,欣陸,27.20,27.60,27.20,27.20,0.00,1650789,45225043,998
2023-09-20,TWSE,3704,合勤控,51.00,51.50,49.95,50.20,-0.80,4721098,238445972,3503
2023-09-20,TWSE,3705,永信,44.00,44.00,43.80,43.90,-0.15,83616,3668372,114
2023-09-20,TWSE,3706,神達,38.70,41.35,38.55,39.50,1.05,48616947,1944204550,23790
2023-09-20,TWSE,3708,上緯投控,92.10,92.70,91.50,91.60,-0.40,227077,20876836,244
2023-09-20,TWSE,3711,日月光投控,115.00,116.00,113.50,114.50,0.50,10826818,1241447572,4768
2023-09-20,TWSE,3712,永崴投控,33.70,33.90,33.45,33.50,-0.20,251066,8431509,249
2023-09-20,TWSE,3714,富采,46.00,46.20,45.70,45.70,-0.10,847677,38858112,714
2023-09-20,TWSE,3715,定穎投控,70.90,72.00,63.10,63.80,-6.10,109468703,7418410858,57433
2023-09-20,TWSE,4104,佳醫,89.30,89.80,89.20,89.40,-0.10,108872,9741971,215
2023-09-20,TWSE,4106,雃博,28.40,28.60,28.25,28.25,-0.20,116481,3310267,132
2023-09-20,TWSE,4108,懷特,20.75,20.75,20.25,20.25,-0.60,265189,5431597,359
2023-09-20,TWSE,4119,旭富,95.90,95.90,95.00,95.20,-0.80,244061,23267777,449
2023-09-20,TWSE,4133,亞諾法,31.45,31.50,31.20,31.25,-0.20,106957,3350105,346
2023-09-20,TWSE,4137,麗豐-KY,191.00,192.00,190.50,191.00,-1.00,81266,15546016,79
2023-09-20,TWSE,4142,國光生,33.80,34.80,33.70,34.60,0.90,1573739,54150619,1061
2023-09-20,TWSE,4148,全宇生技-KY,47.45,47.45,46.60,46.70,-0.80,42299,1985045,87
2023-09-20,TWSE,4155,訊映,28.40,28.40,28.20,28.25,0.00,347110,9817565,292
2023-09-20,TWSE,4164,承業醫,61.40,62.10,61.30,61.50,-0.20,494551,30559998,344
2023-09-20,TWSE,4190,佐登-KY,69.70,69.70,68.10,68.20,-1.00,42482,2919143,97
2023-09-20,TWSE,4306,炎洲,15.60,16.00,15.60,15.95,0.35,3213715,51088883,1480
2023-09-20,TWSE,4414,如興,3.90,3.90,3.86,3.90,0.00,427199,1660879,130
2023-09-20,TWSE,4426,利勤,20.80,20.90,20.70,20.90,-0.05,59516,1240091,52
2023-09-20,TWSE,4438,廣越,115.00,116.00,115.00,115.50,-0.50,26834,3101566,40
2023-09-20,TWSE,4439,冠星-KY,123.50,123.50,122.50,123.00,-0.50,21725,2671536,29
2023-09-20,TWSE,4440,宜新實業,27.45,27.50,27.40,27.40,0.00,37021,1016827,36
2023-09-20,TWSE,4526,東台,17.40,17.65,17.30,17.40,0.00,281166,4891867,240
2023-09-20,TWSE,4532,瑞智,19.20,19.45,19.05,19.10,0.00,1591600,30585384,656
2023-09-20,TWSE,4536,拓凱,173.00,173.00,168.50,168.50,-4.00,285065,48625675,323
2023-09-20,TWSE,4540,全球傳動,33.05,33.05,32.35,32.75,-0.30,141492,4619637,113
2023-09-20,TWSE,4545,銘鈺,30.15,30.15,29.70,29.90,-0.05,23021,686321,33
2023-09-20,TWSE,4551,智伸科,136.50,140.00,136.50,139.00,2.50,160930,22291903,171
2023-09-20,TWSE,4552,力達-KY,34.95,34.95,34.15,34.15,-0.70,386501,13295586,339
2023-09-20,TWSE,4555,氣立,52.70,52.70,52.40,52.50,-0.50,23367,1228230,18
2023-09-20,TWSE,4557,永新-KY,111.00,111.00,110.50,111.00,0.00,22498,2494905,45
2023-09-20,TWSE,4560,強信-KY,35.45,35.45,35.25,35.40,0.00,65004,2297686,27
2023-09-20,TWSE,4562,穎漢,15.65,15.70,15.55,15.70,0.00,16000,250550,15
2023-09-20,TWSE,4564,元翎,25.30,26.20,25.30,25.70,0.55,1296472,33414515,739
2023-09-20,TWSE,4566,時碩工業,53.10,53.10,51.90,52.20,-0.20,312062,16312832,222
2023-09-20,TWSE,4569,六方科-KY,99.50,99.50,98.00,98.10,0.10,16120,1583866,27
2023-09-20,TWSE,4571,鈞興-KY,70.80,70.90,70.20,70.90,0.00,22000,1556900,17
2023-09-20,TWSE,4572,駐龍,164.00,164.50,160.00,160.00,-3.50,465179,75371060,601
2023-09-20,TWSE,4576,大銀微系統,65.60,66.10,65.00,66.10,0.60,63469,4133763,56
2023-09-20,TWSE,4581,光隆精密-KY,68.50,69.50,68.40,68.40,-0.10,53363,3673528,126
2023-09-20,TWSE,4583,台灣精銳,213.00,213.00,210.00,211.00,-2.50,56619,11964922,133
2023-09-20,TWSE,4720,德淵,14.75,14.80,14.40,14.40,-0.30,568891,8261774,147
2023-09-20,TWSE,4722,國精化,34.90,34.90,34.60,34.80,0.00,63599,2208565,43
2023-09-20,TWSE,4737,華廣,73.60,74.00,73.50,74.00,0.10,23264,1715173,77
2023-09-20,TWSE,4739,康普,81.50,82.20,81.00,81.90,0.40,511462,41677997,809
2023-09-20,TWSE,4746,台耀,89.00,89.40,88.00,88.00,-0.50,1244130,110250360,1296
2023-09-20,TWSE,4755,三福化,136.00,136.00,134.50,135.50,0.50,91799,12412628,118
2023-09-20,TWSE,4763,材料*-KY,1075.00,1080.00,1030.00,1030.00,-40.00,3492316,3668532940,4454
2023-09-20,TWSE,4764,雙鍵,44.45,44.45,43.50,44.40,0.05,7273,320103,13
2023-09-20,TWSE,4766,南寶,217.00,219.00,214.00,217.00,2.00,369160,79923867,382
2023-09-20,TWSE,4770,上品,294.00,295.00,291.50,292.50,0.50,108156,31647859,131
2023-09-20,TWSE,4807,日成-KY,17.40,17.65,17.30,17.50,0.15,8505,148179,26
2023-09-20,TWSE,4904,遠傳,73.70,73.80,73.30,73.60,-0.10,2631792,193698015,2062
2023-09-20,TWSE,4906,正文,37.45,37.65,36.45,36.60,-0.75,8654854,319156981,4887
2023-09-20,TWSE,4912,聯德控股-KY,90.00,90.00,88.00,88.00,-1.00,51041,4527292,55
2023-09-20,TWSE,4915,致伸,72.90,72.90,70.30,70.90,-2.10,8588353,611026043,6136
2023-09-20,TWSE,4916,事欣科,38.20,38.50,37.65,37.70,-0.50,1022018,38789808,803
2023-09-20,TWSE,4919,新唐,133.00,133.00,129.50,130.50,-2.00,3123799,408714733,2585
2023-09-20,TWSE,4927,泰鼎-KY,58.20,58.50,57.10,57.10,-1.40,486826,28002040,671
2023-09-20,TWSE,4930,燦星網,27.20,27.30,27.00,27.10,-0.05,41805,1135653,66
2023-09-20,TWSE,4934,太極,32.40,32.60,32.00,32.20,-0.05,830053,26834428,559
2023-09-20,TWSE,4935,茂林-KY,52.80,52.80,52.10,52.30,-0.50,120721,6332431,112
2023-09-20,TWSE,4938,和碩,77.20,78.00,77.00,77.00,-0.20,5798629,449206048,3972
2023-09-20,TWSE,4942,嘉彰,43.80,43.80,43.00,43.05,-0.75,465304,20111677,384
2023-09-20,TWSE,4943,康控-KY,16.05,16.05,15.95,15.95,-0.15,69586,1115460,59
2023-09-20,TWSE,4952,凌通,53.40,53.40,51.60,52.20,-0.90,135316,7069846,397
2023-09-20,TWSE,4956,光鋐,14.90,14.90,14.85,14.85,-0.15,45019,669685,45
2023-09-20,TWSE,4958,臻鼎-KY,103.50,104.00,100.50,101.50,-1.00,3603908,368165030,2151
2023-09-20,TWSE,4960,誠美材,11.95,12.00,11.85,11.95,0.05,2519694,30055057,520
2023-09-20,TWSE,4961,天鈺,256.00,266.00,250.00,251.50,1.00,8425474,2180150501,19032
2023-09-20,TWSE,4967,十銓,67.70,68.90,66.70,67.50,0.10,3825896,258924951,2573
2023-09-20,TWSE,4968,立積,150.00,151.00,145.50,147.00,-3.00,1239659,182960546,1351
2023-09-20,TWSE,4976,佳凌,41.20,41.20,40.20,40.20,-0.55,228537,9225503,255
2023-09-20,TWSE,4977,眾達-KY,85.10,85.60,83.20,83.30,-1.80,1819994,153571534,1836
2023-09-20,TWSE,4989,榮科,26.25,26.25,25.70,25.70,-0.25,119527,3100548,135
2023-09-20,TWSE,4994,傳奇,39.75,40.00,39.55,39.55,-0.20,154280,6129414,131
2023-09-20,TWSE,4999,鑫禾,35.70,35.70,35.50,35.55,-0.10,30623,1090371,53
2023-09-20,TWSE,5007,三星,55.80,56.20,55.80,56.20,0.40,5736,320998,12
2023-09-20,TWSE,5203,訊連,89.50,90.40,88.60,88.60,-0.90,241758,21568589,245
2023-09-20,TWSE,5215,科嘉-KY,61.50,62.20,59.30,59.40,-1.70,709666,43000458,531
2023-09-20,TWSE,5222,全訊,162.50,164.00,161.00,161.50,0.00,459422,74470111,586
2023-09-20,TWSE,5225,東科-KY,57.50,58.00,54.50,55.20,-1.60,4277042,240240604,2817
2023-09-20,TWSE,5234,達興材料,109.00,109.50,104.00,105.00,-3.50,865496,92375101,761
2023-09-20,TWSE,5243,乙盛-KY,67.30,67.30,66.20,66.30,-0.50,819657,54591147,536
2023-09-20,TWSE,5244,弘凱,32.25,32.25,32.00,32.15,-0.20,32105,1031776,25
2023-09-20,TWSE,5258,虹堡,118.00,120.00,116.00,116.50,-0.50,3041817,358963182,2048
2023-09-20,TWSE,5269,祥碩,1215.00,1235.00,1155.00,1165.00,-70.00,1469056,1758192520,3632
2023-09-20,TWSE,5283,禾聯碩,109.50,110.00,109.00,109.00,-0.50,69578,7601341,108
2023-09-20,TWSE,5284,jpp-KY,128.00,129.00,124.50,126.50,-2.50,768051,97566112,720
2023-09-20,TWSE,5285,界霖,81.30,82.00,80.50,80.50,-0.80,292758,23770532,280
2023-09-20,TWSE,5288,豐祥-KY,176.00,176.00,174.00,175.00,0.50,13004,2275704,14
2023-09-20,TWSE,5306,桂盟,142.00,142.00,140.00,140.00,-0.50,61467,8627514,143
2023-09-20,TWSE,5388,中磊,131.50,133.00,128.50,129.00,-3.00,3295403,428875294,2590
2023-09-20,TWSE,5434,崇越,173.50,174.00,170.50,171.00,-3.00,584179,100185033,851
2023-09-20,TWSE,5469,瀚宇博,61.40,61.40,59.00,59.40,-1.90,6727187,402985160,4309
2023-09-20,TWSE,5471,松翰,46.75,46.75,45.50,45.55,-0.75,209726,9616348,260
2023-09-20,TWSE,5484,慧友,21.55,22.80,21.55,22.80,1.15,36022,788234,41
2023-09-20,TWSE,5515,建國,14.05,14.20,14.00,14.10,-0.05,357287,5016972,129
2023-09-20,TWSE,5519,隆大,22.90,22.95,22.85,22.85,-0.05,131740,3016084,92
2023-09-20,TWSE,5521,工信,7.59,7.63,7.54,7.59,-0.02,493247,3739580,294
2023-09-20,TWSE,5522,遠雄,57.60,57.90,57.00,57.30,-0.20,532298,30610405,338
2023-09-20,TWSE,5525,順天,25.25,25.40,25.25,25.30,0.05,105145,2660672,47
2023-09-20,TWSE,5531,鄉林,9.83,9.87,9.72,9.72,-0.07,175677,1720584,127
2023-09-20,TWSE,5533,皇鼎,19.80,19.80,19.60,19.70,-0.05,286404,5633943,157
2023-09-20,TWSE,5534,長虹,74.00,74.00,73.50,73.80,-0.20,197394,14555043,278
2023-09-20,TWSE,5538,東明-KY,33.55,34.30,33.55,33.95,-0.05,3000,101800,3
2023-09-20,TWSE,5546,永固-KY,29.55,29.55,29.15,29.40,0.30,44358,1302067,34
2023-09-20,TWSE,5607,遠雄港,51.00,51.60,50.70,51.00,-0.10,607592,31112887,829
2023-09-20,TWSE,5608,四維航,20.70,21.35,20.30,20.45,-0.20,12788589,266386639,5371
2023-09-20,TWSE,5706,鳳凰,67.50,67.80,66.20,66.20,-1.00,596698,39820241,570
2023-09-20,TWSE,5871,中租-KY,184.00,184.00,179.00,180.00,-4.00,3245727,586717910,3889
2023-09-20,TWSE,5871A,中租-KY甲特,97.20,97.20,97.20,97.20,0.00,4115,399979,7
2023-09-20,TWSE,5876,上海商銀,43.35,43.60,43.15,43.55,0.15,3206563,139292560,1875
2023-09-20,TWSE,5880,合庫金,26.30,26.30,26.10,26.10,-0.10,6736029,176147272,5149
2023-09-20,TWSE,5906,台南-KY,80.50,80.50,78.50,78.70,-0.80,29037,2309926,31
2023-09-20,TWSE,5907,大洋-KY,12.95,13.15,12.90,13.05,0.10,48010,625928,29
2023-09-20,TWSE,6005,群益證,15.10,15.15,14.95,15.00,-0.10,2238478,33670680,893
2023-09-20,TWSE,6024,群益期,45.10,45.10,44.80,44.80,-0.30,132998,5975604,190
2023-09-20,TWSE,6108,競國,19.45,19.65,19.05,19.15,-0.25,418675,8102351,293
2023-09-20,TWSE,6112,邁達特,60.40,61.40,60.00,60.60,0.10,483381,29386498,441
2023-09-20,TWSE,6115,鎰勝,45.10,45.30,45.05,45.25,0.15,39900,1802655,44
2023-09-20,TWSE,6116,彩晶,12.10,12.10,11.95,11.95,0.00,4224728,50672661,1855
2023-09-20,TWSE,6117,迎廣,30.80,32.35,30.45,31.10,0.35,2081356,64923792,1302
2023-09-20,TWSE,6120,達運,15.75,15.80,15.40,15.55,-0.30,5519407,85892260,2300
2023-09-20,TWSE,6128,上福,33.45,33.45,33.25,33.40,-0.10,40874,1361409,56
2023-09-20,TWSE,6133,金橋,14.45,14.55,14.35,14.40,-0.20,154355,2226612,103
2023-09-20,TWSE,6136,富爾特,18.90,18.95,18.85,18.85,-0.05,51854,979031,48
2023-09-20,TWSE,6139,亞翔,88.80,90.60,87.50,90.60,2.20,2228929,200013266,2152
2023-09-20,TWSE,6141,柏承,17.15,17.20,17.05,17.10,0.00,96812,1656633,59
2023-09-20,TWSE,6142,友勁,10.50,10.50,10.35,10.40,-0.10,344456,3590203,183
2023-09-20,TWSE,6152,百一,10.10,10.10,9.99,10.00,-0.05,145012,1451075,83
2023-09-20,TWSE,6153,嘉聯益,23.90,24.30,23.35,23.90,0.00,7914093,188878708,4561
2023-09-20,TWSE,6155,鈞寶,25.70,25.80,25.35,25.45,-0.25,104510,2663247,109
2023-09-20,TWSE,6164,華興,11.35,11.35,11.20,11.25,-0.10,146675,1649827,189
2023-09-20,TWSE,6165,浪凡,33.60,34.20,33.50,34.15,0.55,138078,4685533,126
2023-09-20,TWSE,6166,凌華,61.60,61.90,61.10,61.20,-0.50,130841,8028335,121
2023-09-20,TWSE,6168,宏齊,23.20,23.65,22.90,22.90,-0.30,1396123,32343056,779
2023-09-20,TWSE,6176,瑞儀,130.50,130.50,128.00,128.50,-0.50,3335496,431100649,2714
2023-09-20,TWSE,6177,達麗,31.20,31.40,31.20,31.40,0.20,254818,7978803,120
2023-09-20,TWSE,6183,關貿,67.20,67.60,67.20,67.50,0.10,17697,1193648,78
2023-09-20,TWSE,6184,大豐電,50.40,50.40,50.30,50.40,0.10,14460,728377,26
2023-09-20,TWSE,6189,豐藝,47.70,48.35,47.35,48.35,0.75,685896,32927116,744
2023-09-20,TWSE,6191,精成科,63.20,63.40,61.20,61.30,-1.50,6109858,378227734,4725
2023-09-20,TWSE,6192,巨路,85.30,85.50,85.00,85.40,0.10,80775,6889937,88
2023-09-20,TWSE,6196,帆宣,138.50,139.50,136.00,136.50,-2.50,496752,68134407,625
2023-09-20,TWSE,6197,佳必琪,70.90,72.40,69.50,69.50,-1.50,2665238,189461996,2144
2023-09-20,TWSE,6201,亞弘電,49.10,49.10,48.90,49.00,-0.10,12499,612050,25
2023-09-20,TWSE,6202,盛群,64.30,64.40,63.20,63.60,-0.70,627891,39987260,560
2023-09-20,TWSE,6205,詮欣,71.00,71.00,68.90,69.20,-0.90,742589,51724524,699
2023-09-20,TWSE,6206,飛捷,67.60,67.60,66.10,66.40,-1.20,251364,16758334,351
2023-09-20,TWSE,6209,今國光,28.40,28.40,27.85,27.90,-0.50,466444,13118511,304
2023-09-20,TWSE,6213,聯茂,82.50,83.10,80.80,81.40,-1.10,4247366,348129381,2977
2023-09-20,TWSE,6214,精誠,104.50,105.00,103.50,104.50,-0.50,383224,39983204,422
2023-09-20,TWSE,6215,和椿,24.65,24.65,24.40,24.45,-0.40,87436,2145065,106
2023-09-20,TWSE,6216,居易,29.90,29.90,29.25,29.30,-0.40,395585,11670405,247
2023-09-20,TWSE,6224,聚鼎,56.40,56.60,56.10,56.10,-0.50,99108,5577368,189
2023-09-20,TWSE,6225,天瀚,9.43,9.43,9.43,9.43,-0.10,1999,19420,3
2023-09-20,TWSE,6226,光鼎,10.05,10.20,10.00,10.00,0.00,214457,2154385,89
2023-09-20,TWSE,6230,尼得科超眾,149.00,151.50,148.00,149.00,-1.00,30368,4545478,46
2023-09-20,TWSE,6235,華孚,132.50,135.00,128.00,129.00,-4.00,6951913,911348471,5012
2023-09-20,TWSE,6239,力成,105.00,105.50,104.00,104.50,0.00,2630059,275686749,1864
2023-09-20,TWSE,6243,迅杰,50.90,51.00,48.70,48.85,-1.35,410860,20208549,522
2023-09-20,TWSE,6257,矽格,60.90,60.90,57.20,58.00,-2.80,13850797,817657217,9716
2023-09-20,TWSE,6269,台郡,89.10,89.40,88.10,88.10,-0.90,1227586,108563168,1306
2023-09-20,TWSE,6271,同欣電,141.00,142.50,139.50,140.00,0.50,3648800,514360626,2932
2023-09-20,TWSE,6277,宏正,81.00,81.10,80.80,80.90,-0.10,70113,5677400,67
2023-09-20,TWSE,6278,台表科,96.90,96.90,93.10,93.20,-3.20,1758861,166128252,2103
2023-09-20,TWSE,6281,全國電,84.60,84.70,84.50,84.70,0.10,15583,1318976,29
2023-09-20,TWSE,6282,康舒,43.40,44.05,43.05,43.15,-0.25,10939325,475646064,6326
2023-09-20,TWSE,6283,淳安,31.80,32.20,31.60,31.60,-0.20,81255,2582101,70
2023-09-20,TWSE,6285,啟碁,152.50,153.00,146.50,148.00,-6.00,17372254,2593082240,13260
2023-09-20,TWSE,6288,聯嘉,30.00,30.15,29.60,29.60,-0.45,1556262,46403060,1041
2023-09-20,TWSE,6405,悅城,25.25,25.85,24.50,25.20,0.05,182455,4595958,179
2023-09-20,TWSE,6409,旭隼,1520.00,1520.00,1495.00,1495.00,-20.00,165551,248259278,293
2023-09-20,TWSE,6412,群電,117.00,117.00,113.50,115.50,0.00,539203,62318295,554
2023-09-20,TWSE,6414,樺漢,270.00,272.50,266.50,267.50,-2.50,1163673,313956335,1631
2023-09-20,TWSE,6415,矽力*-KY,325.50,331.50,317.00,319.50,-3.50,2115637,681276311,2327
2023-09-20,TWSE,6416,瑞祺電通,82.50,82.50,81.90,81.90,-0.60,155876,12792073,161
2023-09-20,TWSE,6426,統新,75.60,76.80,74.20,74.20,-1.00,462845,34695912,441
2023-09-20,TWSE,6431,光麗-KY,17.95,19.00,17.75,18.00,0.05,17011,306741,23
2023-09-20,TWSE,6438,迅得,101.50,102.50,100.00,100.00,-1.50,422546,42687324,427
2023-09-20,TWSE,6442,光聖,65.90,69.80,65.80,67.90,1.40,2079113,141946082,1703
2023-09-20,TWSE,6443,元晶,29.00,29.15,28.85,28.85,-0.15,2484128,71932766,1618
2023-09-20,TWSE,6449,鈺邦,72.10,74.80,72.00,73.00,1.20,789654,58176196,654
2023-09-20,TWSE,6451,訊芯-KY,138.00,141.00,134.50,136.50,-2.50,4956453,681271973,3448
2023-09-20,TWSE,6456,GIS-KY,63.10,63.10,62.00,62.10,-0.40,482978,30106419,413
2023-09-20,TWSE,6464,台數科,89.00,89.10,88.60,89.10,-0.20,66293,5881451,16
2023-09-20,TWSE,6477,安集,40.30,40.70,40.20,40.20,-0.10,516154,20800289,522
2023-09-20,TWSE,6491,晶碩,353.00,369.50,350.50,366.00,13.00,759080,275680246,1131
2023-09-20,TWSE,6504,南六,75.10,75.90,74.70,75.60,0.10,33127,2494914,35
2023-09-20,TWSE,6505,台塑化,81.70,81.70,80.90,81.50,0.30,1288444,104677935,1168
2023-09-20,TWSE,6515,穎崴,648.00,694.00,647.00,684.00,44.00,2548665,1725823827,3128
2023-09-20,TWSE,6525,捷敏-KY,68.00,68.10,66.70,66.70,-0.90,100126,6721510,111
2023-09-20,TWSE,6531,愛普*,365.00,378.00,363.00,373.50,13.00,13865495,5135754983,11870
2023-09-20,TWSE,6533,晶心科,400.50,407.50,395.50,406.50,6.50,882195,354909795,1157
2023-09-20,TWSE,6541,泰福-KY,67.30,67.80,64.60,65.30,-1.90,543355,35776584,805
2023-09-20,TWSE,6550,北極星藥業-KY,83.00,84.40,82.60,83.20,0.20,840204,69971573,696
2023-09-20,TWSE,6552,易華電,38.50,38.50,38.10,38.35,-0.15,89549,3425229,75
2023-09-20,TWSE,6558,興能高,23.30,23.30,23.10,23.15,-0.15,48187,1117997,61
2023-09-20,TWSE,6573,虹揚-KY,14.80,14.85,14.80,14.80,-0.10,46002,681228,31
2023-09-20,TWSE,6579,研揚,146.00,149.00,144.50,146.00,-0.50,203455,29817284,209
2023-09-20,TWSE,6581,鋼聯,89.50,90.00,89.50,89.50,0.10,34533,3100152,35
2023-09-20,TWSE,6582,申豐,50.70,50.80,50.60,50.70,0.10,29622,1501571,34
2023-09-20,TWSE,6585,鼎基,112.00,113.00,111.00,112.00,0.00,1287547,143947316,731
2023-09-20,TWSE,6591,動力-KY,53.20,53.60,52.10,52.40,-0.80,148522,7846547,248
2023-09-20,TWSE,6592,和潤企業,135.00,135.00,130.50,131.50,-4.00,650188,85960195,1040
2023-09-20,TWSE,6592A,和潤企業甲特,95.10,95.20,95.10,95.10,0.10,19178,1824925,20
2023-09-20,TWSE,6592B,和潤企業乙特,93.10,93.70,93.10,93.60,0.50,92761,8671505,72
2023-09-20,TWSE,6598,ABC-KY,24.00,24.00,23.90,24.00,0.05,36031,863594,47
2023-09-20,TWSE,6605,帝寶,128.50,134.00,127.50,131.50,3.50,2425838,318985506,2138
2023-09-20,TWSE,6606,建德工業,24.20,24.20,24.00,24.00,-0.25,60078,1444343,47
2023-09-20,TWSE,6625,必應,102.00,104.00,99.50,99.70,-3.30,653515,65966980,637
2023-09-20,TWSE,6641,基士德-KY,44.90,44.90,44.40,44.50,0.00,6483,289735,11
2023-09-20,TWSE,6655,科定,119.00,120.00,119.00,120.00,2.00,6114,732549,8
2023-09-20,TWSE,6657,華安,61.20,61.50,60.40,60.50,-1.00,132749,8058448,113
2023-09-20,TWSE,6666,羅麗芬-KY,70.30,70.30,69.60,69.60,-0.70,7000,489100,7
2023-09-20,TWSE,6668,中揚光,36.70,36.70,36.35,36.40,-0.25,84399,3082626,87
2023-09-20,TWSE,6669,緯穎,1355.00,1415.00,1355.00,1365.00,-10.00,2560638,3521144345,4571
2023-09-20,TWSE,6670,復盛應用,205.50,206.00,203.00,203.00,-3.50,81687,16683551,189
2023-09-20,TWSE,6671,三能-KY,39.60,39.80,39.60,39.80,-0.20,5032,199686,6
2023-09-20,TWSE,6672,騰輝電子-KY,96.50,97.20,95.00,95.00,-1.30,540018,51855270,525
2023-09-20,TWSE,6674,鋐寶科技,26.60,26.60,26.45,26.45,-0.10,5003,132829,6
2023-09-20,TWSE,6689,伊雲谷,119.50,120.00,118.00,118.00,-1.50,192008,22825128,233
2023-09-20,TWSE,6691,洋基工程,264.50,264.50,258.00,260.00,-2.50,189159,49221857,464
2023-09-20,TWSE,6695,芯鼎,40.80,41.00,40.35,40.40,-0.40,78191,3181492,65
2023-09-20,TWSE,6698,旭暉應材,30.60,30.80,30.10,30.20,-0.40,70241,2138984,80
2023-09-20,TWSE,6706,惠特,66.00,66.00,64.80,64.90,-0.40,131113,8543247,169
2023-09-20,TWSE,6715,嘉基,159.00,159.00,151.50,155.50,-2.50,1474444,227362860,1201
2023-09-20,TWSE,6719,力智,248.00,251.00,239.00,240.00,-8.00,1220269,296099263,1615
2023-09-20,TWSE,6743,安普新,50.90,51.30,50.50,51.30,0.60,93366,4752294,68
2023-09-20,TWSE,6753,龍德造船,100.50,101.00,99.00,99.00,0.20,418839,41826819,408
2023-09-20,TWSE,6754,匯僑設計,49.15,49.25,49.00,49.20,-0.10,37000,1818700,29
2023-09-20,TWSE,6756,威鋒電子,216.50,218.00,212.00,214.00,-2.00,213811,45867621,486
2023-09-20,TWSE,6757,台灣虎航,34.20,34.45,33.30,33.80,-0.15,790652,26656287,412
2023-09-20,TWSE,6768,志強-KY,66.80,66.80,65.80,66.20,-0.30,36837,2437171,65
2023-09-20,TWSE,6770,力積電,27.85,27.85,27.25,27.25,-0.60,7081793,194606469,4357
2023-09-20,TWSE,6776,展碁國際,56.00,56.00,55.20,55.30,-0.90,84526,4705868,93
2023-09-20,TWSE,6781,AES-KY,678.00,678.00,656.00,658.00,-12.00,272828,181348853,1125
2023-09-20,TWSE,6782,視陽,173.00,173.50,164.00,172.50,-1.00,284803,48345824,369
2023-09-20,TWSE,6789,采鈺,210.00,213.50,208.50,209.50,-0.50,299112,62991445,406
2023-09-20,TWSE,6790,永豐實,38.55,38.80,38.55,38.80,0.25,54031,2087779,57
2023-09-20,TWSE,6792,詠業,102.00,103.50,98.20,99.30,-2.20,428681,42769517,416
2023-09-20,TWSE,6796,晉弘,107.00,108.50,106.50,107.00,0.00,72097,7741102,86
2023-09-20,TWSE,6799,來頡,163.00,165.00,158.50,159.00,-4.50,1055066,169880243,1450
2023-09-20,TWSE,6806,森崴能源,97.40,97.80,96.10,96.20,-1.10,699055,67649564,760
2023-09-20,TWSE,6807,峰源-KY,35.20,35.20,32.10,32.15,-2.45,181349,5996261,247
2023-09-20,TWSE,6830,汎銓,150.00,151.50,146.50,149.00,-1.00,250459,37154179,325
2023-09-20,TWSE,6834,天二科技,26.50,26.50,26.05,26.20,0.05,23048,604014,26
2023-09-20,TWSE,6835,圓裕,40.45,40.50,40.05,40.10,0.05,45000,1809050,24
2023-09-20,TWSE,6854,錼創科技-KY創,107.50,108.00,107.00,107.50,-0.50,32000,3442000,21
2023-09-20,TWSE,6861,睿生光電,90.50,91.20,90.50,90.60,0.10,59140,5370447,118
2023-09-20,TWSE,6863,永道-KY,148.50,148.50,145.50,145.50,-3.00,89912,13189032,154
2023-09-20,TWSE,6869,雲豹能源,86.00,86.90,83.90,83.90,-2.60,121100,10337489,92
2023-09-20,TWSE,6873,泓德能源,114.00,114.00,111.00,112.50,-2.00,29045,3255607,26
2023-09-20,TWSE,6901,鑽石投資,47.35,47.40,45.00,45.00,-2.70,13233743,607206290,10097
2023-09-20,TWSE,6902,GOGOLOOK,167.00,167.00,167.00,167.00,-0.50,1000,167000,1
2023-09-20,TWSE,8011,台通,19.80,19.80,18.90,18.95,-0.55,1906944,36483807,1215
2023-09-20,TWSE,8016,矽創,300.00,300.00,285.50,286.50,-9.00,2475123,721139712,8042
2023-09-20,TWSE,8021,尖點,27.75,27.85,27.50,27.55,-0.20,215800,5968959,193
2023-09-20,TWSE,8028,昇陽半導體,55.30,55.60,54.00,54.20,-1.10,1203759,65701877,839
2023-09-20,TWSE,8033,雷虎,60.20,60.90,58.70,58.90,-0.90,1459761,87072022,1232
2023-09-20,TWSE,8039,台虹,44.00,44.15,43.00,43.30,-0.85,544830,23684499,460
2023-09-20,TWSE,8046,南電,269.50,270.00,260.50,260.50,-10.50,9061336,2392365520,25045
2023-09-20,TWSE,8070,長華*,32.30,32.30,31.90,32.00,-0.10,508207,16273942,320
2023-09-20,TWSE,8072,陞泰,27.50,27.50,26.90,26.95,-0.10,42594,1149064,63
2023-09-20,TWSE,8081,致新,282.50,282.50,273.00,276.00,-6.50,1462992,403353806,2845
2023-09-20,TWSE,8101,華冠,4.40,4.40,4.38,4.38,-0.04,105448,463680,28
2023-09-20,TWSE,8103,瀚荃,40.80,40.80,39.90,40.00,-0.50,181836,7303414,244
2023-09-20,TWSE,8104,錸寶,35.85,36.10,35.35,35.80,-0.05,106771,3798744,101
2023-09-20,TWSE,8105,凌巨,13.40,13.55,13.30,13.30,0.05,974721,13082570,406
2023-09-20,TWSE,8110,華東,14.45,14.45,14.05,14.10,-0.25,1127339,16004990,495
2023-09-20,TWSE,8112,至上,55.40,55.70,53.70,54.10,-0.70,14350629,784020083,13070
2023-09-20,TWSE,8112A,至上甲特,41.35,41.35,41.35,41.35,0.05,1832,75520,8
2023-09-20,TWSE,8114,振樺電,105.00,105.00,103.50,103.50,-2.00,116926,12179166,135
2023-09-20,TWSE,8131,福懋科,39.95,39.95,39.35,39.35,-0.65,250532,9911203,237
2023-09-20,TWSE,8150,南茂,39.10,39.35,38.80,39.05,-0.15,1454521,56748924,1106
2023-09-20,TWSE,8163,達方,43.95,44.00,43.10,43.45,-0.40,547339,23853056,419
2023-09-20,TWSE,8201,無敵,17.15,17.30,16.80,16.80,-0.45,273878,4646115,211
2023-09-20,TWSE,8210,勤誠,197.50,208.50,197.50,205.50,3.00,5187045,1059399377,4694
2023-09-20,TWSE,8213,志超,45.20,46.05,45.05,45.25,-0.15,784965,35809474,599
2023-09-20,TWSE,8215,明基材,34.95,35.00,34.65,34.70,-0.15,615528,21402698,467
2023-09-20,TWSE,8222,寶一,48.60,49.10,48.10,48.15,-0.70,2350639,113861017,1774
2023-09-20,TWSE,8249,菱光,28.75,30.20,28.75,29.05,0.20,226151,6675641,148
2023-09-20,TWSE,8261,富鼎,85.40,85.60,84.60,84.90,-1.10,501578,42682140,585
2023-09-20,TWSE,8271,宇瞻,57.50,58.20,56.70,56.70,-0.90,577073,32974102,575
2023-09-20,TWSE,8341,日友,118.50,118.50,117.50,117.50,-1.00,118551,13973133,329
2023-09-20,TWSE,8367,建新國際,41.00,41.00,40.80,40.90,-0.10,13103,535473,26
2023-09-20,TWSE,8374,羅昇,29.45,29.65,29.45,29.60,0.10,17000,502350,15
2023-09-20,TWSE,8404,百和興業-KY,21.80,22.40,21.65,21.85,0.30,86736,1910336,83
2023-09-20,TWSE,8411,福貞-KY,14.20,14.20,14.00,14.20,-0.05,38944,549303,119
2023-09-20,TWSE,8422,可寧衛*,181.00,181.00,179.50,180.00,-1.00,217078,39094636,497
2023-09-20,TWSE,8429,金麗-KY,10.05,10.05,9.97,9.97,-0.08,151634,1516426,170
2023-09-20,TWSE,8438,昶昕,26.00,26.20,26.00,26.05,-0.15,16040,417424,8
2023-09-20,TWSE,8442,威宏-KY,82.80,82.80,82.20,82.80,0.00,22015,1813732,18
2023-09-20,TWSE,8443,阿瘦,11.60,11.70,11.60,11.70,0.05,12428,144640,72
2023-09-20,TWSE,8454,富邦媒,501.00,506.00,497.00,501.00,0.00,447743,224148699,1249
2023-09-20,TWSE,8462,柏文,131.00,131.50,130.50,130.50,-0.50,28362,3712377,91
2023-09-20,TWSE,8463,潤泰材,23.90,24.05,23.90,23.90,0.05,5004,119746,7
2023-09-20,TWSE,8464,億豐,318.50,318.50,312.50,313.00,-6.00,242951,76790323,301
2023-09-20,TWSE,8466,美吉吉-KY,39.55,39.65,39.20,39.45,-0.15,28000,1101650,28
2023-09-20,TWSE,8467,波力-KY,91.90,93.00,86.70,86.70,-7.30,1085663,98189685,918
2023-09-20,TWSE,8473,山林水,27.30,27.35,27.30,27.35,0.05,27647,755494,27
2023-09-20,TWSE,8478,東哥遊艇,372.00,374.00,360.50,365.00,-10.00,1946211,713084973,2420
2023-09-20,TWSE,8481,政伸,52.60,52.60,52.60,52.60,0.20,1109,58333,4
2023-09-20,TWSE,8482,商億-KY,66.20,67.00,66.20,66.90,0.50,4000,266300,4
2023-09-20,TWSE,8488,吉源-KY,17.45,17.95,17.40,17.65,0.95,23066,404762,23
2023-09-20,TWSE,8926,台汽電,42.00,42.05,41.20,41.35,-0.65,1762461,73235385,1967
2023-09-20,TWSE,8940,新天地,23.30,23.55,23.25,23.30,-0.10,52593,1226857,72
2023-09-20,TWSE,8996,高力,262.00,266.50,259.50,262.50,-2.50,2877993,753763832,2782
2023-09-20,TWSE,9103,美德醫療-DR,5.95,6.00,5.95,5.98,0.06,277205,1657438,140
2023-09-20,TWSE,910322,康師傅-DR,22.50,22.50,22.45,22.45,-0.05,9000,202100,7
2023-09-20,TWSE,9105,泰金寶-DR,3.93,3.96,3.93,3.95,0.02,2602496,10264295,417
2023-09-20,TWSE,910861,神州-DR,5.41,5.41,5.35,5.35,-0.06,1456002,7793280,20
2023-09-20,TWSE,9110,越南控-DR,7.85,7.89,7.75,7.89,0.05,82450,644618,21
2023-09-20,TWSE,911608,明輝-DR,2.97,3.04,2.97,3.02,0.05,64000,192170,27
2023-09-20,TWSE,911622,泰聚亨-DR,5.14,5.18,5.13,5.18,0.03,27000,138660,9
2023-09-20,TWSE,911868,同方友友-DR,1.13,1.14,1.12,1.13,0.00,244000,276690,33
2023-09-20,TWSE,912000,晨訊科-DR,2.32,2.36,2.29,2.35,0.07,2403200,5594568,227
2023-09-20,TWSE,9136,巨騰-DR,6.08,6.08,6.04,6.06,-0.02,101000,611970,29
2023-09-20,TWSE,9802,鈺齊-KY,123.50,123.50,122.50,123.00,-0.50,420951,51818169,410
2023-09-20,TWSE,9902,台火,11.65,11.70,11.65,11.65,0.00,58245,678598,64
2023-09-20,TWSE,9904,寶成,29.15,29.25,29.00,29.05,-0.15,4906226,142771201,2104
2023-09-20,TWSE,9905,大華,24.10,24.15,24.05,24.15,0.10,50151,1208305,64
2023-09-20,TWSE,9906,欣巴巴,50.60,50.70,49.70,49.80,-0.50,35907,1796739,31
2023-09-20,TWSE,9907,統一實,16.85,16.85,16.75,16.80,0.05,640359,10750137,483
2023-09-20,TWSE,9908,大台北,32.85,32.90,32.75,32.85,0.00,43816,1437754,54
2023-09-20,TWSE,9910,豐泰,199.50,199.50,193.50,195.00,-6.00,2610939,509840566,7600
2023-09-20,TWSE,9911,櫻花,64.40,64.50,63.90,64.10,0.20,275524,17659275,510
2023-09-20,TWSE,9912,偉聯,9.99,9.99,9.97,9.99,0.00,18051,180336,68
2023-09-20,TWSE,9914,美利達,187.50,187.50,184.50,185.00,-2.50,270361,50232058,510
2023-09-20,TWSE,9917,中保科,106.00,106.00,105.00,105.50,-0.50,264914,27960248,382
2023-09-20,TWSE,9918,欣天然,40.70,40.95,40.70,40.90,0.25,7207,293347,23
2023-09-20,TWSE,9919,康那香,19.10,19.50,19.05,19.30,0.20,8211840,158134077,1219
2023-09-20,TWSE,9921,巨大,187.00,187.00,180.50,181.50,-5.00,1757757,321109499,2503
2023-09-20,TWSE,9924,福興,43.00,43.20,42.90,43.05,0.15,188364,8102981,131
2023-09-20,TWSE,9925,新保,40.00,40.25,40.00,40.10,0.00,380387,15240356,173
2023-09-20,TWSE,9926,新海,55.10,55.10,55.10,55.10,0.10,3036,167280,4
2023-09-20,TWSE,9927,泰銘,62.30,62.30,61.20,61.20,-1.10,986718,60815767,865
2023-09-20,TWSE,9928,中視,26.25,27.40,25.40,27.25,0.15,972973,25784611,758
2023-09-20,TWSE,9929,秋雨,17.30,17.70,16.55,17.45,0.25,783932,13569464,381
2023-09-20,TWSE,9930,中聯資源,60.30,61.40,60.20,60.50,0.20,517913,31462614,634
2023-09-20,TWSE,9931,欣高,39.80,39.80,39.80,39.80,0.10,1281,50952,8
2023-09-20,TWSE,9933,中鼎,40.30,40.55,40.25,40.30,0.00,845208,34115987,778
2023-09-20,TWSE,9934,成霖,15.50,15.50,15.30,15.40,-0.05,469407,7228532,228
2023-09-20,TWSE,9935,慶豐富,17.55,17.60,17.45,17.55,-0.05,134108,2346909,100
2023-09-20,TWSE,9937,全國,68.60,69.40,68.20,68.20,-0.40,43753,3001777,84
2023-09-20,TWSE,9938,百和,54.20,55.00,54.00,54.60,0.10,928458,50556121,607
2023-09-20,TWSE,9939,宏全,104.50,106.00,103.50,104.50,-0.50,1466120,153373611,1352
2023-09-20,TWSE,9940,信義,28.90,29.00,28.85,28.95,0.00,108882,3147548,116
2023-09-20,TWSE,9941,裕融,183.00,183.00,180.00,180.50,-1.50,652660,118181188,1322
2023-09-20,TWSE,9941A,裕融甲特,48.35,48.40,48.35,48.35,-0.05,47020,2273572,17
2023-09-20,TWSE,9942,茂順,136.00,136.00,133.50,134.00,-1.00,253606,34100359,686
2023-09-20,TWSE,9943,好樂迪,88.20,88.30,87.30,88.00,-0.20,114617,10071955,164
2023-09-20,TWSE,9944,新麗,19.85,20.00,19.80,19.90,-0.05,94104,1870312,102
2023-09-20,TWSE,9946,三發地產,14.65,14.75,14.55,14.70,0.00,87332,1279847,83
2023-09-20,TWSE,9955,佳龍,22.05,22.20,21.90,21.90,-0.15,98198,2161944,90
2023-09-20,TWSE,9958,世紀鋼,186.00,191.00,181.50,183.00,-4.00,6811740,1264433378,5328
2023-09-20,TPEx,006201,元大富櫃50,18.90,18.90,18.56,18.57,-0.39,62679,1167468,34
2023-09-20,TPEx,00679B,元大美債20年,29.95,30.04,29.95,30.01,-0.09,19348389,580374121,9329
2023-09-20,TPEx,00687B,國泰20年美債,31.05,31.06,31.01,31.05,-0.17,9187395,285035495,3063
2023-09-20,TPEx,00694B,富邦美債1-3,40.18,40.21,40.18,40.21,+0.04,206214,8289576,17
2023-09-20,TPEx,00695B,富邦美債7-10,34.59,34.59,34.58,34.59,-0.11,172090,5952575,12
2023-09-20,TPEx,00696B,富邦美債20年,31.45,31.50,31.45,31.48,-0.19,9706329,305419730,719
2023-09-20,TPEx,00697B,元大美債7-10,35.26,35.26,35.23,35.26,-0.11,1549615,54623799,65
2023-09-20,TPEx,00718B,富邦中國政策債,19.93,19.96,19.92,19.95,+0.01,179000,3570630,11
2023-09-20,TPEx,00719B,元大美債1-3,31.49,31.50,31.47,31.49,0.00,720139,22670827,115
2023-09-20,TPEx,00720B,元大投資級公司債,34.00,34.01,33.97,33.99,-0.10,7242956,246154998,2863
2023-09-20,TPEx,00721B,元大中國債3-5,,,,,,0,0,0
2023-09-20,TPEx,00722B,群益投資級電信債,36.38,36.38,36.32,36.35,-0.16,4138925,150355569,1100
2023-09-20,TPEx,00723B,群益投資級科技債,33.19,33.19,33.16,33.17,-0.10,102000,3382360,6
2023-09-20,TPEx,00724B,群益投資級金融債,32.99,33.00,32.94,33.00,-0.12,4265214,140605122,527
2023-09-20,TPEx,00725B,國泰投資級公司債,36.33,36.33,36.27,36.29,-0.11,1142478,41464750,530
2023-09-20,TPEx,00726B,國泰5Y+新興債,33.67,33.70,33.67,33.69,-0.07,123927,4176013,21
2023-09-20,TPEx,00727B,國泰1-5Y非投等債,38.78,38.79,38.76,38.78,0.00,111510,4324299,12
2023-09-20,TPEx,00734B,台新JPM新興債,15.60,15.60,15.56,15.56,-0.04,1005958,15652850,23
2023-09-20,TPEx,00740B,富邦全球投等債,38.85,38.85,38.78,38.80,-0.13,3660458,141996355,108
2023-09-20,TPEx,00741B,富邦全球非投等債,37.50,37.50,37.50,37.50,-0.01,99000,3712500,5
2023-09-20,TPEx,00744B,國泰中國政金債5+,42.15,42.15,42.14,42.14,-0.01,105000,4424750,3
2023-09-20,TPEx,00746B,富邦A級公司債,35.86,35.94,35.86,35.94,-0.14,3496580,125588556,70
2023-09-20,TPEx,00749B,凱基新興債10+,31.30,31.36,31.30,31.36,-0.01,101000,3167300,3
2023-09-20,TPEx,00750B,凱基科技債10+,34.45,34.45,34.45,34.45,-0.12,100000,3445000,2
2023-09-20,TPEx,00751B,元大AAA至A公司債,33.69,33.69,33.63,33.66,-0.13,8231409,276986401,3201
2023-09-20,TPEx,00754B,群益AAA-AA公司債,35.81,35.88,35.81,35.85,-0.18,111086,3985454,17
2023-09-20,TPEx,00755B,群益投資級公用債,33.19,33.23,33.19,33.21,-0.12,216323,7188020,89
2023-09-20,TPEx,00756B,群益投等新興公債,32.25,32.25,32.17,32.20,+0.01,134663,4334442,865
2023-09-20,TPEx,00758B,復華能源債,50.80,50.80,50.80,50.80,-0.20,100000,5080000,2
2023-09-20,TPEx,00759B,復華製藥債,55.60,55.60,55.60,55.60,-0.15,100000,5560000,2
2023-09-20,TPEx,00760B,復華新興企業債,52.15,52.20,52.15,52.20,-0.15,110224,5753686,28
2023-09-20,TPEx,00761B,國泰A級公司債,36.38,36.38,36.24,36.25,-0.16,152258,5520629,127
2023-09-20,TPEx,00764B,群益25年美債,30.74,30.74,30.67,30.70,-0.20,2712632,83217795,660
2023-09-20,TPEx,00768B,復華20年美債,53.15,53.15,53.15,53.15,-0.30,100024,5316276,4
2023-09-20,TPEx,00772B,中信高評級公司債,34.73,34.73,34.68,34.73,-0.11,8801526,305455683,3090
2023-09-20,TPEx,00773B,中信優先金融債,35.18,35.18,35.07,35.12,-0.12,2977470,104507559,832
2023-09-20,TPEx,00777B,凱基AAA至A公司債,34.21,34.23,34.21,34.23,-0.10,101000,3455230,3
2023-09-20,TPEx,00778B,凱基金融債20+,34.52,34.52,34.50,34.50,-0.14,103000,3553550,4
2023-09-20,TPEx,00779B,凱基美債25+,31.00,31.00,30.85,30.99,-0.11,304000,9391710,19
2023-09-20,TPEx,00780B,國泰A級金融債,35.81,35.81,35.73,35.73,-0.08,129396,4627032,35
2023-09-20,TPEx,00781B,國泰A級科技債,32.10,32.10,32.09,32.10,-0.13,106000,3402590,6
2023-09-20,TPEx,00782B,國泰A級公用債,31.85,31.86,31.80,31.82,-0.11,271192,8634601,78
2023-09-20,TPEx,00784B,富邦中國投等債,37.10,37.12,37.10,37.12,+0.08,100000,3711000,4
2023-09-20,TPEx,00785B,富邦金融投等債,34.20,34.21,34.13,34.21,-0.01,105000,3591150,5
2023-09-20,TPEx,00786B,元大10年IG銀行債,32.73,32.73,32.68,32.72,-0.09,102121,3340873,25
2023-09-20,TPEx,00787B,元大10年IG醫療債,34.03,34.03,33.95,33.98,-0.08,4081,138666,7
2023-09-20,TPEx,00788B,元大10年IG電能債,31.07,31.09,31.04,31.07,-0.07,42011,1304708,30
2023-09-20,TPEx,00789B,復華公司債A3,51.10,51.10,51.10,51.10,-0.20,219025,11192178,10
2023-09-20,TPEx,00790B,復華次順位金融債,52.05,52.05,52.05,52.05,-0.10,100000,5205000,2
2023-09-20,TPEx,00791B,復華信用債1-5,54.70,54.70,54.70,54.70,-0.10,100000,5470000,8
2023-09-20,TPEx,00792B,群益A級公司債,32.70,32.72,32.70,32.72,-0.09,105944,3463813,942
2023-09-20,TPEx,00793B,群益AAA-A醫療債,32.38,32.38,32.35,32.35,-0.05,105030,3397815,6
2023-09-20,TPEx,00794B,群益7+中國政金債,39.42,39.44,39.42,39.44,0.00,106014,4181057,9
2023-09-20,TPEx,00795B,中信美國公債20年,30.15,30.16,30.11,30.16,-0.14,4753579,143229047,1222
2023-09-20,TPEx,00799B,國泰A級醫療債,32.48,32.51,32.47,32.51,-0.10,104028,3377858,8
2023-09-20,TPEx,00831B,新光美債1-3,38.76,38.76,38.76,38.76,,2000,77520,2
2023-09-20,TPEx,00834B,第一金金融債10+,33.25,33.25,33.23,33.23,-0.10,115000,3822610,5
2023-09-20,TPEx,00836B,永豐10年A公司債,29.97,30.00,29.97,30.00,-0.09,103622,3107550,10
2023-09-20,TPEx,00840B,凱基IG精選15+,31.11,31.11,31.11,31.11,-0.12,100000,3111000,2
2023-09-20,TPEx,00841B,凱基AAA-AA公司債,30.93,30.93,30.93,30.93,-0.13,102000,3154860,6
2023-09-20,TPEx,00842B,台新美元銀行債,31.89,31.89,31.75,31.76,-0.15,105000,3334940,7
2023-09-20,TPEx,00844B,新光15年IG金融債,31.30,31.30,31.30,31.30,-0.15,2000,62600,2
2023-09-20,TPEx,00845B,富邦新興投等債,31.56,31.66,31.56,31.66,+0.08,103236,3268009,9
2023-09-20,TPEx,00846B,富邦歐洲銀行債,33.60,33.60,33.59,33.59,+0.06,101000,3392600,5
2023-09-20,TPEx,00847B,中信美國市政債,27.11,27.11,27.08,27.08,-0.11,203060,5498899,10
2023-09-20,TPEx,00848B,中信新興亞洲債,33.99,34.00,33.99,34.00,+0.01,110000,3739900,5
2023-09-20,TPEx,00849B,中信EM主權債0-5,37.05,37.08,37.04,37.08,+0.07,122028,4521208,9
2023-09-20,TPEx,00853B,統一美債10年Aa-A,28.80,28.80,28.44,28.51,,1051706,29965972,256
2023-09-20,TPEx,00856B,永豐1-3年美公債,38.15,38.15,38.14,38.14,-0.01,157621,6013041,8
2023-09-20,TPEx,00857B,永豐20年美公債,25.67,25.67,25.64,25.67,-0.13,2022316,51877682,590
2023-09-20,TPEx,00858,永豐美國500大,27.38,27.40,27.38,27.38,-0.03,210367,5760115,59
2023-09-20,TPEx,00859B,群益0-1年美債,41.28,41.28,41.24,41.28,0.00,150000,6190120,4
2023-09-20,TPEx,00860B,群益1-5Y投資級債,37.88,37.88,37.88,37.88,0.00,101268,3836049,5
2023-09-20,TPEx,00862B,中信投資級公司債,31.30,31.30,31.25,31.29,-0.08,1055260,33008195,192
2023-09-20,TPEx,00863B,中信全球電信債,31.81,31.85,31.79,31.85,+0.03,129032,4106990,12
2023-09-20,TPEx,00864B,中信美國公債0-1,43.51,43.56,43.51,43.55,+0.02,945000,41139650,86
2023-09-20,TPEx,00867B,新光A-BBB電信債,30.90,30.91,30.89,30.91,-0.11,203032,6271732,6
2023-09-20,TPEx,00870B,元大15年EM主權債,29.11,29.13,29.10,29.13,+0.03,62000,1804610,3
2023-09-20,TPEx,00877,復華中國5G,10.00,10.06,9.96,9.97,0.00,591532,5914240,162
2023-09-20,TPEx,00883B,中信ESG投資級債,30.96,30.97,30.95,30.97,-0.09,205552,6361047,929
2023-09-20,TPEx,00884B,中信低碳新興債,30.11,30.11,30.11,30.11,-0.01,200319,6031604,6
2023-09-20,TPEx,00886,永豐美國科技,24.67,24.67,24.66,24.67,-0.04,59386,1464635,18
2023-09-20,TPEx,00887,永豐中國科技50大,12.43,12.45,12.40,12.40,-0.08,88657,1100847,39
2023-09-20,TPEx,00888,永豐台灣ESG,13.60,13.65,13.58,13.60,-0.05,3691240,50195390,1995
2023-09-20,TPEx,00890B,凱基ESG BBB債15+,32.58,32.58,32.46,32.47,-0.11,116478,3782287,24
2023-09-20,TPEx,00928,中信上櫃ESG 30,15.37,15.37,15.15,15.15,-0.21,1307160,19976972,317
2023-09-20,TPEx,00931B,統一美債20年,14.70,14.72,14.67,14.68,-0.08,14294696,209846182,3606
2023-09-20,TPEx,020001,富邦存股雙十N,,,,,,0,0,0
2023-09-20,TPEx,02001B,統一美國政府債N,7.92,7.92,7.92,7.92,-0.03,15000,118800,1
2023-09-20,TPEx,020023,元大櫃買半導體N,5.32,5.32,5.22,5.23,-0.10,241000,1272130,28
2023-09-20,TPEx,020024,兆豐富櫃200N,,,,,,0,0,0
2023-09-20,TPEx,020025,統一亞洲半導體N,,,,,,0,0,0
2023-09-20,TPEx,020026,兆豐上櫃ESG電菁N,,,,,,0,0,0
2023-09-20,TPEx,020027,元大上櫃ESG成長N,4.68,4.68,4.66,4.66,-0.08,65000,303500,6
2023-09-20,TPEx,02002L,兆豐富櫃200正二N,6.18,6.18,6.03,6.03,-0.17,49000,298470,13
2023-09-20,TPEx,020033,統一恒生科期N,3.55,3.55,3.52,3.52,-0.04,10000,35290,4
2023-09-20,TPEx,020035,元大上櫃ESG高息N,6.68,6.68,6.60,6.60,-0.08,17000,112910,13
2023-09-20,TPEx,1240,茂生農經,47.10,47.10,46.90,46.90,-0.10,17444,819310,69
2023-09-20,TPEx,1259,安心,74.80,74.80,74.80,74.80,0.00,2096,156788,11
2023-09-20,TPEx,1264,德麥,,,,,,1092,313905,72
2023-09-20,TPEx,1268,漢來美食,152.00,154.00,152.00,153.00,0.00,62636,9574649,87
2023-09-20,TPEx,1336,台翰,22.25,22.45,22.00,22.25,-0.05,173004,3845680,31
2023-09-20,TPEx,1565,精華,195.50,196.00,194.00,194.00,-1.50,68337,13323514,162
2023-09-20,TPEx,1569,濱川,22.55,22.90,22.55,22.80,+0.25,183373,4177470,166
2023-09-20,TPEx,1570,力肯,19.85,20.00,19.80,19.90,+0.05,100018,1991251,55
2023-09-20,TPEx,1580,新麥,129.50,129.50,127.50,128.50,-0.50,75579,9691525,102
2023-09-20,TPEx,1584,精剛,36.20,37.40,35.15,37.05,+1.20,32210095,1172063068,18168
2023-09-20,TPEx,1586,和勤,33.80,33.95,33.55,33.80,-0.10,89356,3018884,89
2023-09-20,TPEx,1591,駿吉-KY,41.30,41.30,39.60,41.30,-0.20,1754805,70690534,966
2023-09-20,TPEx,1593,祺驊,63.60,63.60,63.60,63.60,0.00,4235,273339,23
2023-09-20,TPEx,1595,川寶,39.30,39.55,38.70,39.25,+0.70,68125,2660320,58
2023-09-20,TPEx,1599,宏佳騰,36.90,36.90,36.40,36.60,0.00,29739,1086367,147
2023-09-20,TPEx,1742,台蠟,17.25,17.25,17.00,17.00,-0.10,44289,755001,37
2023-09-20,TPEx,1777,生泰,88.80,88.80,88.10,88.40,-0.70,49571,4379723,126
2023-09-20,TPEx,1781,合世,12.05,12.20,12.00,12.20,+0.05,35211,424037,36
2023-09-20,TPEx,1784,訊聯,64.10,64.10,62.50,62.60,-1.50,319167,20158664,265
2023-09-20,TPEx,1785,光洋科,37.75,37.75,37.20,37.20,-0.45,762419,28493192,1167
2023-09-20,TPEx,1788,杏昌,138.50,139.50,138.50,139.00,0.00,25704,3574287,82
2023-09-20,TPEx,1796,金穎生技,90.20,90.20,89.80,89.80,-0.40,18384,1655124,27
2023-09-20,TPEx,1799,易威,20.90,21.05,20.90,21.05,-0.05,9100,190705,9
2023-09-20,TPEx,1813,寶利徠,19.65,19.65,19.35,19.55,-0.15,23200,452085,122
2023-09-20,TPEx,1815,富喬,15.20,15.25,14.75,14.90,-0.25,6940482,103832183,2595
2023-09-20,TPEx,2035,唐榮,31.85,32.00,31.85,31.95,+0.10,19324,617505,20
2023-09-20,TPEx,2061,風青,15.65,15.75,15.40,15.75,0.00,31010,483309,16
2023-09-20,TPEx,2063,世鎧,51.40,51.60,51.40,51.50,-0.70,22210,1144826,28
2023-09-20,TPEx,2064,晉椿,16.50,16.50,16.45,16.45,0.00,3000,49400,3
2023-09-20,TPEx,2065,世豐,57.70,57.80,57.60,57.60,+0.10,7315,422028,36
2023-09-20,TPEx,2066,世德,89.10,89.40,87.60,88.00,-1.10,162461,14336579,189
2023-09-20,TPEx,2067,嘉鋼,12.85,12.85,12.25,12.75,+0.10,11000,136800,11
2023-09-20,TPEx,2070,精湛,30.30,30.30,30.15,30.15,-0.15,13000,393400,6
2023-09-20,TPEx,2073,雄順,30.55,30.65,30.55,30.55,+0.05,30032,917809,17
2023-09-20,TPEx,2221,大甲,34.70,34.70,34.50,34.50,-0.20,10611,367104,14
2023-09-20,TPEx,2230,泰茂,93.00,94.80,92.00,92.00,-1.10,423273,39373618,417
2023-09-20,TPEx,2235,謚源,44.20,44.25,44.20,44.20,+0.55,6021,266024,14
2023-09-20,TPEx,2596,綠意,23.40,23.40,23.20,23.35,-0.05,80796,1880210,66
2023-09-20,TPEx,2640,大車隊,105.00,105.00,103.00,104.00,0.00,18610,1938883,53
2023-09-20,TPEx,2641,正德,17.65,18.70,17.60,18.25,+0.85,24684368,450633290,10017
2023-09-20,TPEx,2643,捷迅,68.80,68.80,68.50,68.80,0.00,22012,1510625,17
2023-09-20,TPEx,2718,晶悅,45.50,45.55,45.50,45.50,-0.35,7013,319182,11
2023-09-20,TPEx,2719,燦星旅,51.10,53.20,51.00,51.20,-1.40,92255,4760984,90
2023-09-20,TPEx,2724,富驛-KY,13.70,14.00,13.50,14.00,+0.50,15015,206310,19
2023-09-20,TPEx,2726,雅茗-KY,23.80,23.80,23.50,23.50,-0.90,8120,192266,18
2023-09-20,TPEx,2729,瓦城,261.00,261.00,256.00,257.00,-1.00,61345,15845408,589
2023-09-20,TPEx,2732,六角,118.50,118.50,114.50,116.00,-0.50,181623,20968076,283
2023-09-20,TPEx,2734,易飛網,41.05,41.45,40.50,40.60,-0.45,222972,9105134,234
2023-09-20,TPEx,2736,富野,28.45,28.45,27.30,27.55,-0.55,414030,11412094,310
2023-09-20,TPEx,2740,天蔥,,,,,,0,0,0
2023-09-20,TPEx,2743,山富,104.00,104.50,100.50,100.50,-2.50,419372,42747788,387
2023-09-20,TPEx,2745,五福,68.10,69.00,67.10,67.30,-0.40,194684,13217386,228
2023-09-20,TPEx,2752,豆府,,,,,,11,2865,2
2023-09-20,TPEx,2754,亞洲藏壽司,136.00,136.50,132.50,133.00,-2.50,140756,18889161,223
2023-09-20,TPEx,2755,揚秦,119.50,120.00,118.00,118.00,-1.50,6301,750745,40
2023-09-20,TPEx,2756,聯發國際,99.20,100.50,99.00,100.50,+0.50,7090,706487,15
2023-09-20,TPEx,2916,滿心,44.45,44.60,44.45,44.55,+0.10,30143,1342862,25
2023-09-20,TPEx,2924,宏太-KY,23.00,23.00,22.80,22.80,-0.80,4020,92272,6
2023-09-20,TPEx,2926,誠品生活,68.40,68.40,67.20,67.70,-0.40,32728,2217508,41
2023-09-20,TPEx,2937,集雅社,31.30,31.50,31.30,31.40,+0.05,12539,393543,15
2023-09-20,TPEx,2947,振宇五金,87.20,87.20,87.10,87.20,-0.50,6256,545433,28
2023-09-20,TPEx,3064,泰偉,12.70,12.70,12.70,12.70,-0.05,21015,266880,21
2023-09-20,TPEx,3066,李洲,18.95,18.95,18.95,18.95,-0.25,9066,171810,6
2023-09-20,TPEx,3067,全域,37.30,38.25,37.30,38.25,0.00,11439,467310,36
2023-09-20,TPEx,3071,協禧,36.95,37.80,36.95,36.95,-0.10,489482,18239787,440
2023-09-20,TPEx,3073,天方能源,29.55,30.35,29.55,29.95,+0.30,9080,271211,13
2023-09-20,TPEx,3078,僑威,77.40,78.30,76.10,76.40,-0.80,7368700,567101829,4495
2023-09-20,TPEx,3081,聯亞,115.50,118.00,114.50,116.00,+1.50,4005767,465152208,3135
2023-09-20,TPEx,3083,網龍,43.00,43.20,43.00,43.05,+0.05,31115,1340867,44
2023-09-20,TPEx,3085,新零售,17.45,17.45,17.00,17.30,+1.40,8491,146591,13
2023-09-20,TPEx,3086,華義,62.70,64.20,62.50,64.00,+1.00,8368,527897,13
2023-09-20,TPEx,3088,艾訊,91.20,92.30,90.10,90.60,-0.50,596099,54433287,552
2023-09-20,TPEx,3093,港建*,32.50,32.50,32.20,32.30,-0.10,189316,6123378,99
2023-09-20,TPEx,3095,及成,25.75,25.75,25.75,25.75,+1.45,1725,44436,8
2023-09-20,TPEx,3105,穩懋,142.00,143.50,139.50,139.50,-0.50,2143912,301942477,1920
2023-09-20,TPEx,3114,好德,27.90,27.90,27.60,27.65,-0.35,100125,2772180,182
2023-09-20,TPEx,3115,富榮綱,11.30,11.30,11.05,11.05,+0.05,20000,221950,5
2023-09-20,TPEx,3118,進階,30.00,30.00,29.90,29.90,0.00,20222,605796,33
2023-09-20,TPEx,3122,笙泉,33.50,34.45,31.15,31.90,+0.55,16586915,548073604,9859
2023-09-20,TPEx,3128,昇銳,30.85,30.85,30.00,30.45,-0.30,248046,7519262,198
2023-09-20,TPEx,3131,弘塑,489.00,502.00,483.50,486.00,+1.00,195272,95900129,371
2023-09-20,TPEx,3141,晶宏,92.80,93.10,91.00,91.00,-1.80,337155,30993541,370
2023-09-20,TPEx,3147,大綜,69.10,69.50,69.10,69.40,0.00,66646,4619692,58
2023-09-20,TPEx,3152,璟德,225.00,225.00,220.00,224.00,-1.00,144082,32028748,363
2023-09-20,TPEx,3162,精確,51.30,51.60,50.00,50.10,-1.00,509787,25753709,496
2023-09-20,TPEx,3163,波若威,100.00,101.00,96.50,97.00,-3.50,13529834,1333352418,9689
2023-09-20,TPEx,3169,亞信,125.00,125.00,120.00,122.00,-2.00,700123,85453241,522
2023-09-20,TPEx,3171,新洲,18.25,18.25,18.10,18.15,+0.05,73808,1338952,61
2023-09-20,TPEx,3176,基亞,33.90,33.90,33.65,33.65,-0.25,79054,2665950,84
2023-09-20,TPEx,3178,公準,88.10,89.10,86.60,86.60,-0.90,295563,25945733,313
2023-09-20,TPEx,3188,鑫龍騰,15.25,15.45,15.20,15.25,0.00,120856,1846043,72
2023-09-20,TPEx,3191,和進,12.95,13.25,12.90,13.05,+0.10,96008,1248254,35
2023-09-20,TPEx,3202,樺晟,15.50,15.65,15.15,15.20,-0.25,876837,13427456,304
2023-09-20,TPEx,3205,佰研,42.20,42.20,41.55,41.55,-0.75,97022,4049244,134
2023-09-20,TPEx,3206,志豐,45.75,46.30,45.25,45.30,-0.50,265667,12112333,236
2023-09-20,TPEx,3207,耀勝,74.30,74.80,73.80,74.40,+0.10,463208,34423182,305
2023-09-20,TPEx,3211,順達,82.00,82.00,81.00,81.20,-0.60,165755,13480247,203
2023-09-20,TPEx,3213,茂訊,77.30,77.80,76.20,76.40,-0.40,874413,67239069,826
2023-09-20,TPEx,3217,優群,131.00,134.00,129.00,130.50,-0.50,1182211,155614881,996
2023-09-20,TPEx,3218,大學光,333.00,333.00,329.00,329.00,-4.00,86568,28663415,338
2023-09-20,TPEx,3219,倚強科,,,,,,65,3176,9
2023-09-20,TPEx,3221,台嘉碩,27.50,27.50,26.70,26.75,-0.15,160441,4321536,121
2023-09-20,TPEx,3224,三顧,43.80,43.80,42.95,43.40,+0.10,32173,1392519,37
2023-09-20,TPEx,3226,至寶電,53.90,54.20,53.90,54.20,-0.10,2003,108274,4
2023-09-20,TPEx,3227,原相,126.00,127.00,123.00,124.00,-1.00,1109364,138206992,1054
2023-09-20,TPEx,3228,金麗科,111.00,111.00,107.50,108.00,-3.00,558468,60772191,781
2023-09-20,TPEx,3230,錦明,10.35,10.35,10.00,10.15,-0.25,1057147,10608518,341
2023-09-20,TPEx,3232,昱捷,25.45,25.45,24.90,25.00,-0.20,93574,2351365,115
2023-09-20,TPEx,3234,光環,26.10,26.40,25.35,25.35,-0.65,446470,11517127,493
2023-09-20,TPEx,3236,千如,27.30,27.50,27.05,27.10,-0.20,225932,6152993,205
2023-09-20,TPEx,3252,海灣,20.50,20.50,20.20,20.25,-0.25,93451,1897836,80
2023-09-20,TPEx,3259,鑫創,27.70,27.80,27.30,27.30,+0.05,16518,457537,30
2023-09-20,TPEx,3260,威剛,90.30,91.10,87.10,87.20,-3.10,11905043,1055370964,8782
2023-09-20,TPEx,3264,欣銓,68.00,68.60,64.70,65.00,-2.80,13456129,889189969,9816
2023-09-20,TPEx,3265,台星科,100.00,103.50,89.00,89.10,-9.50,36431922,3520222858,24203
2023-09-20,TPEx,3268,海德威,21.85,22.05,21.85,21.95,+0.05,33178,729611,43
2023-09-20,TPEx,3272,東碩,33.75,34.10,33.60,33.60,-0.15,81315,2743121,100
2023-09-20,TPEx,3276,宇環,21.10,21.10,18.95,18.95,-0.85,20013007,402800031,8331
2023-09-20,TPEx,3284,太普高,16.60,17.10,16.60,16.60,0.00,163014,2742676,113
2023-09-20,TPEx,3285,微端,22.35,22.35,22.30,22.30,+0.30,2056,45892,9
2023-09-20,TPEx,3287,廣寰科,26.00,26.35,25.30,25.55,-0.55,319483,8231531,325
2023-09-20,TPEx,3288,點晶,20.60,21.40,20.25,21.35,+0.10,6315,132865,8
2023-09-20,TPEx,3289,宜特,97.00,97.00,93.60,93.80,-3.30,1875181,178096369,1914
2023-09-20,TPEx,3290,東浦,25.50,25.85,25.30,25.40,-0.10,434054,11104331,202
2023-09-20,TPEx,3293,鈊象,629.00,629.00,612.00,612.00,-11.00,803901,498116270,2376
2023-09-20,TPEx,3294,英濟,18.75,18.75,18.50,18.55,-0.05,130916,2435015,92
2023-09-20,TPEx,3297,杭特,17.10,17.10,16.85,16.90,-0.05,16006,270752,13
2023-09-20,TPEx,3303,岱稜,26.40,26.55,26.40,26.45,+0.05,45137,1195963,45
2023-09-20,TPEx,3306,鼎天,48.85,51.10,48.10,49.00,+0.15,1531962,76177561,1307
2023-09-20,TPEx,3310,佳穎,91.50,91.50,90.30,90.90,+0.80,16156,1466350,41
2023-09-20,TPEx,3313,斐成,10.20,10.40,10.20,10.35,+0.15,41593,428946,87
2023-09-20,TPEx,3317,尼克森,57.10,57.20,55.10,56.20,-0.80,597048,33485134,437
2023-09-20,TPEx,3322,建舜電,22.60,23.80,22.55,23.05,+0.45,3597766,83892016,2028
2023-09-20,TPEx,3323,加百裕,30.10,30.10,29.75,29.75,-0.35,329080,9844307,320
2023-09-20,TPEx,3324,雙鴻,305.50,322.00,299.00,302.50,-6.50,9809921,3031810468,10332
2023-09-20,TPEx,3325,旭品,33.00,34.30,32.35,32.40,-0.45,8673428,290523076,3969
2023-09-20,TPEx,3332,幸康,46.80,46.80,46.60,46.60,0.00,6000,280100,5
2023-09-20,TPEx,3339,泰谷,20.25,21.40,17.85,17.85,-1.80,4861640,96218364,2693
2023-09-20,TPEx,3349,寶德,17.50,17.70,17.50,17.70,+0.20,10042,175931,5
2023-09-20,TPEx,3354,律勝,14.40,14.50,14.25,14.25,-0.25,23322,334026,99
2023-09-20,TPEx,3357,臺慶科,112.00,112.50,111.50,112.00,0.00,55796,6234043,68
2023-09-20,TPEx,3360,尚立,12.35,12.50,12.35,12.40,-0.10,29423,364263,33
2023-09-20,TPEx,3362,先進光,149.50,151.50,146.00,148.00,-1.50,2133764,317220518,1867
2023-09-20,TPEx,3363,上詮,69.60,70.40,67.60,68.00,-1.70,8832760,607962372,6164
2023-09-20,TPEx,3372,典範,13.35,13.35,13.00,13.15,-0.10,129879,1700513,115
2023-09-20,TPEx,3373,熱映,19.40,20.00,19.40,20.00,+0.55,129231,2547983,88
2023-09-20,TPEx,3374,精材,111.00,111.50,107.50,108.00,-3.00,1156231,126178294,1026
2023-09-20,TPEx,3379,彬台,13.55,13.55,13.15,13.15,-0.05,123075,1645890,65
2023-09-20,TPEx,3388,崇越電,70.00,70.10,69.90,69.90,-0.10,24085,1685264,30
2023-09-20,TPEx,3390,旭軟,17.85,17.90,17.70,17.70,-0.15,61602,1093771,78
2023-09-20,TPEx,3402,漢科,49.75,49.75,48.90,49.00,-0.80,153365,7570579,170
2023-09-20,TPEx,3426,台興,37.85,37.85,37.60,37.80,-0.15,9000,339650,9
2023-09-20,TPEx,3430,奇鈦科,45.45,45.55,45.25,45.25,-0.20,36310,1648503,39
2023-09-20,TPEx,3434,哲固,28.25,28.25,27.85,28.15,-0.15,90251,2533734,178
2023-09-20,TPEx,3438,類比科,68.80,69.50,68.30,69.10,+0.80,142515,9823586,140
2023-09-20,TPEx,3441,聯一光,40.00,40.25,39.40,39.50,+0.15,297502,11840703,247
2023-09-20,TPEx,3444,利機,80.80,82.00,80.50,81.10,+0.30,718726,58408829,643
2023-09-20,TPEx,3455,由田,70.20,70.30,69.90,70.10,-0.10,125364,8786843,137
2023-09-20,TPEx,3465,進泰電子,72.00,72.00,70.20,71.90,-0.50,15351,1097304,17
2023-09-20,TPEx,3466,致振,25.25,25.25,24.80,24.85,-0.25,81070,2024678,53
2023-09-20,TPEx,3479,安勤,98.70,100.50,98.60,99.10,+0.50,590431,58541816,450
2023-09-20,TPEx,3483,力致,131.50,135.00,130.50,131.50,0.00,1917429,253932282,1646
2023-09-20,TPEx,3484,崧騰,42.45,42.45,41.85,41.90,-0.15,82193,3456316,105
2023-09-20,TPEx,3489,森寶,12.00,12.15,11.90,11.95,0.00,75000,898950,41
2023-09-20,TPEx,3490,單井,23.90,24.00,23.85,24.00,0.00,39626,946831,47
2023-09-20,TPEx,3491,昇達科,154.50,158.00,154.00,156.00,+1.50,843882,131968036,807
2023-09-20,TPEx,3492,長盛,18.00,18.10,17.95,17.95,-0.05,6470,116504,19
2023-09-20,TPEx,3498,陽程,34.00,34.00,33.05,33.05,-0.95,183191,6093355,147
2023-09-20,TPEx,3499,環天科,18.95,18.95,18.85,18.95,-0.15,46105,872786,51
2023-09-20,TPEx,3508,位速,30.60,30.85,30.15,30.15,-0.45,99817,3033538,153
2023-09-20,TPEx,3511,矽瑪,30.85,30.85,30.30,30.40,-0.15,95015,2893557,74
2023-09-20,TPEx,3512,皇龍,33.00,33.25,32.65,33.00,+0.05,165062,5452005,84
2023-09-20,TPEx,3516,亞帝歐,18.20,18.50,18.15,18.15,-0.15,25000,457600,12
2023-09-20,TPEx,3520,華盈,17.00,17.25,16.70,16.85,-0.25,279796,4735477,179
2023-09-20,TPEx,3521,鴻翊,22.30,23.30,22.30,22.80,+0.65,293185,6711305,177
2023-09-20,TPEx,3522,御頂,16.70,17.00,16.65,16.70,0.00,51059,854778,66
2023-09-20,TPEx,3523,迎輝,17.60,17.80,17.50,17.60,0.00,26039,459075,18
2023-09-20,TPEx,3526,凡甲,170.00,173.00,169.00,170.00,-0.50,228074,38905109,360
2023-09-20,TPEx,3527,聚積,93.50,95.00,92.50,92.50,-0.30,55277,5175410,61
2023-09-20,TPEx,3529,力旺,2155.00,2175.00,2080.00,2120.00,-35.00,679763,1435089990,1268
2023-09-20,TPEx,3531,先益,35.00,36.30,32.60,32.60,-2.80,1272086,44043577,963
2023-09-20,TPEx,3537,堡達,38.30,38.30,37.85,37.90,-0.40,47608,1811315,65
2023-09-20,TPEx,3540,曜越,39.70,40.50,39.55,39.70,0.00,148589,5945083,157
2023-09-20,TPEx,3541,西柏,41.70,41.90,41.70,41.90,-0.20,26204,1093854,44
2023-09-20,TPEx,3546,宇峻,81.70,82.10,80.50,81.20,0.00,246743,20076501,765
2023-09-20,TPEx,3548,兆利,137.50,138.00,124.00,125.00,-12.50,2736074,355053295,1983
2023-09-20,TPEx,3551,世禾,75.00,75.20,74.50,74.60,-0.10,65210,4878199,58
2023-09-20,TPEx,3552,同致,135.50,137.00,134.50,135.00,0.00,365969,49677359,354
2023-09-20,TPEx,3555,博士旺,36.00,36.00,36.00,36.00,0.00,26000,936000,10
2023-09-20,TPEx,3556,禾瑞亞,63.20,63.20,61.50,61.60,-0.50,84409,5215654,109
2023-09-20,TPEx,3558,神準,269.00,270.50,266.00,266.50,-1.50,404779,108258155,602
2023-09-20,TPEx,3564,其陽,41.45,42.80,41.45,41.75,-0.25,119458,5032526,185
2023-09-20,TPEx,3567,逸昌,44.20,45.10,42.60,43.30,-0.80,1607173,70488350,1357
2023-09-20,TPEx,3570,大塚,128.50,129.50,128.50,129.50,0.00,28417,3672997,43
2023-09-20,TPEx,3577,泓格,82.10,83.70,81.80,82.80,+1.50,127153,10521369,141
2023-09-20,TPEx,3580,友威科,50.00,50.50,49.70,49.70,-0.20,99164,4945819,117
2023-09-20,TPEx,3581,博磊,27.35,27.35,26.50,26.70,-0.65,179503,4831571,157
2023-09-20,TPEx,3587,閎康,267.50,269.00,261.00,262.00,-5.00,1065821,281879638,1347
2023-09-20,TPEx,3594,磐儀,48.60,48.60,47.35,47.50,-0.25,289312,13790862,221
2023-09-20,TPEx,3597,映興,22.55,23.20,22.55,23.20,+0.55,6093,139499,8
2023-09-20,TPEx,3609,三一東林,42.90,42.90,42.10,42.10,-0.80,5005,213805,10
2023-09-20,TPEx,3611,鼎翰,248.00,252.00,247.00,247.00,-1.00,43535,10829206,205
2023-09-20,TPEx,3615,安可,21.80,22.00,21.50,21.95,+0.30,259316,5649487,174
2023-09-20,TPEx,3623,富晶通,20.65,21.00,20.00,20.00,-0.65,162770,3349590,202
2023-09-20,TPEx,3624,光頡,55.80,56.10,54.50,54.70,-0.70,839391,46247824,715
2023-09-20,TPEx,3625,西勝,16.80,17.00,16.45,16.60,-0.10,284755,4740585,228
2023-09-20,TPEx,3628,盈正,41.95,42.90,41.70,41.75,-0.20,45441,1905330,44
2023-09-20,TPEx,3629,地心引力,37.35,37.35,36.95,37.00,-1.55,4000,148450,4
2023-09-20,TPEx,3630,新鉅科,34.20,34.35,33.15,33.20,-0.80,410411,13818515,326
2023-09-20,TPEx,3631,晟楠,30.35,30.35,30.00,30.35,0.00,126000,3809850,48
2023-09-20,TPEx,3632,研勤,13.90,13.90,13.90,13.90,+0.05,12867,179116,96
2023-09-20,TPEx,3646,艾恩特,28.25,28.25,27.85,27.95,-0.10,14687,410529,40
2023-09-20,TPEx,3663,鑫科,38.15,38.15,35.70,36.05,-0.05,1369340,50369488,1089
2023-09-20,TPEx,3664,安瑞-KY,26.10,26.10,25.75,25.75,-0.35,84140,2180846,75
2023-09-20,TPEx,3666,光耀,26.90,27.00,26.05,26.05,-0.35,223133,5910542,179
2023-09-20,TPEx,3672,康聯訊,23.80,24.00,23.70,23.90,-0.05,12059,287759,16
2023-09-20,TPEx,3675,德微,290.00,290.00,286.00,286.00,-0.50,128169,36772858,150
2023-09-20,TPEx,3680,家登,334.00,341.00,329.50,335.00,+2.50,785569,264223641,882
2023-09-20,TPEx,3684,榮昌,45.00,45.20,45.00,45.00,0.00,9543,429909,21
2023-09-20,TPEx,3685,元創精密,25.00,26.60,24.90,26.25,+1.10,1202181,31196879,819
2023-09-20,TPEx,3687,歐買尬,83.20,83.20,82.30,82.30,-1.00,62838,5188707,107
2023-09-20,TPEx,3689,湧德,61.30,63.40,61.00,62.50,+1.30,2927185,182324717,2300
2023-09-20,TPEx,3691,碩禾,80.90,81.40,80.30,80.30,-0.90,157592,12706540,176
2023-09-20,TPEx,3693,營邦,512.00,523.00,496.00,505.00,-11.00,6531032,3327934404,7155
2023-09-20,TPEx,3707,漢磊,79.90,82.60,78.50,78.60,-1.40,5250095,423284014,3658
2023-09-20,TPEx,3709,鑫聯大投控,35.20,35.20,33.35,33.95,-0.40,1322786,45210137,771
2023-09-20,TPEx,3710,連展投控,10.10,10.10,9.93,9.95,-0.03,355478,3542670,186
2023-09-20,TPEx,3713,新晶投控,25.70,25.70,24.80,25.40,-0.25,19054,477012,21
2023-09-20,TPEx,4102,永日,36.80,37.40,36.10,36.75,-0.15,1419460,52093766,798
2023-09-20,TPEx,4105,東洋,77.10,77.10,76.50,76.70,-0.40,633043,48540168,567
2023-09-20,TPEx,4107,邦特,107.00,107.00,106.00,106.50,+0.50,54862,5839706,75
2023-09-20,TPEx,4109,加捷生醫,13.30,13.50,13.20,13.25,+0.05,98471,1310699,62
2023-09-20,TPEx,4111,濟生,26.05,26.30,26.05,26.15,+0.05,60727,1584498,65
2023-09-20,TPEx,4113,聯上,24.20,24.30,24.15,24.30,0.00,289622,7014346,174
2023-09-20,TPEx,4114,健喬,38.10,38.30,37.80,38.00,-0.05,855145,32528455,1027
2023-09-20,TPEx,4116,明基醫,56.10,56.50,55.50,56.40,-0.20,53350,2992965,61
2023-09-20,TPEx,4120,友華,45.65,45.65,43.15,43.15,-2.10,469625,20556797,486
2023-09-20,TPEx,4121,優盛,24.35,24.35,24.00,24.05,-0.30,145536,3513474,150
2023-09-20,TPEx,4123,晟德,46.70,46.70,45.75,45.75,-0.75,1602783,73849524,1329
2023-09-20,TPEx,4126,太醫,82.50,82.80,82.10,82.30,-0.40,131055,10807130,254
2023-09-20,TPEx,4127,天良,13.50,13.55,13.45,13.50,-0.10,50246,677242,39
2023-09-20,TPEx,4128,中天,50.30,50.80,49.80,49.80,-0.50,1046088,52552311,902
2023-09-20,TPEx,4129,聯合,70.60,70.60,69.70,69.70,-0.90,438656,30712953,507
2023-09-20,TPEx,4130,健亞,27.05,27.05,26.70,26.75,-0.30,216048,5812860,283
2023-09-20,TPEx,4131,浩泰,22.95,23.00,22.90,22.90,-0.05,12312,282320,9
2023-09-20,TPEx,4138,曜亞,100.50,104.50,99.50,100.50,+0.70,385118,39256658,314
2023-09-20,TPEx,4139,馬光-KY,41.90,41.90,40.80,40.85,-1.05,36000,1480000,24
2023-09-20,TPEx,4147,中裕,87.40,87.50,85.00,85.10,-1.90,2745356,236263743,2271
2023-09-20,TPEx,4153,鈺緯,31.95,32.15,31.20,31.20,-0.65,40000,1267450,33
2023-09-20,TPEx,4154,樂威科-KY,15.00,15.45,14.70,14.90,-0.15,45795,685489,31
2023-09-20,TPEx,4157,太景*-KY,15.00,15.00,14.75,14.80,-0.10,679641,10088377,590
2023-09-20,TPEx,4160,訊聯基因,39.90,39.95,39.50,39.50,-0.50,73095,2905559,134
2023-09-20,TPEx,4161,聿新科,30.75,30.95,30.60,30.65,-0.10,55851,1720004,54
2023-09-20,TPEx,4162,智擎,89.20,89.80,87.80,89.80,+1.20,918168,81674138,832
2023-09-20,TPEx,4163,鐿鈦,124.00,124.00,121.50,122.00,-2.00,78979,9664210,102
2023-09-20,TPEx,4167,松瑞藥,17.40,17.55,17.30,17.50,+0.10,574522,9994567,417
2023-09-20,TPEx,4168,醣聯,28.50,28.50,27.85,27.90,-0.35,110998,3111029,118
2023-09-20,TPEx,4171,瑞基,35.85,36.25,35.80,36.00,+0.15,100187,3610580,133
2023-09-20,TPEx,4173,久裕,23.75,23.85,23.20,23.20,-0.25,317925,7487132,204
2023-09-20,TPEx,4174,浩鼎,81.20,81.30,80.50,81.00,0.00,147216,11923267,113
2023-09-20,TPEx,4175,杏一,89.00,89.40,88.50,88.50,-1.10,43360,3853359,85
2023-09-20,TPEx,4183,福永生技,20.30,20.30,19.80,20.05,-0.05,63000,1253400,25
2023-09-20,TPEx,4188,安克,21.70,21.70,20.95,21.45,+0.35,176076,3772992,109
2023-09-20,TPEx,4192,杏國,49.00,49.00,47.50,47.50,-1.00,11175,534172,23
2023-09-20,TPEx,4198,欣大健康,,,,,,340,7674,3
2023-09-20,TPEx,4205,中華食,100.50,100.50,100.50,100.50,0.00,20290,2040401,105
2023-09-20,TPEx,4207,環泰,17.35,17.40,17.15,17.20,-0.10,555631,9599865,197
2023-09-20,TPEx,4303,信立,20.20,20.60,20.15,20.35,+0.30,144101,2934910,100
2023-09-20,TPEx,4304,勝昱,9.14,9.14,8.95,8.95,+0.07,4060,36716,6
2023-09-20,TPEx,4305,世坤,33.20,33.30,33.20,33.30,+0.10,4000,132900,4
2023-09-20,TPEx,4401,東隆興,19.25,19.25,18.55,18.85,-0.30,514618,9699511,387
2023-09-20,TPEx,4402,福大,12.10,12.65,10.80,11.95,-0.05,812585,9586965,406
2023-09-20,TPEx,4406,新昕纖,10.10,10.10,10.00,10.10,0.00,36004,361991,16
2023-09-20,TPEx,4413,飛寶企業,15.05,15.30,15.05,15.20,+0.05,5028,76374,6
2023-09-20,TPEx,4416,三圓,78.00,79.70,77.10,79.70,-0.30,3583,280324,7
2023-09-20,TPEx,4417,金洲,39.65,39.65,39.20,39.30,-0.05,45497,1789688,44
2023-09-20,TPEx,4419,元勝,24.75,25.00,24.75,25.00,+0.25,8003,199825,10
2023-09-20,TPEx,4420,光明,,,,,,217,6597,7
2023-09-20,TPEx,4430,耀億,22.00,22.00,21.95,21.95,-0.05,4833,106354,35
2023-09-20,TPEx,4432,銘旺實,25.00,25.00,24.30,24.90,0.00,112435,2784007,68
2023-09-20,TPEx,4433,興采,31.50,31.50,31.30,31.45,-0.05,18150,569475,16
2023-09-20,TPEx,4502,健信,36.60,36.80,36.00,36.80,0.00,21002,769772,19
2023-09-20,TPEx,4503,金雨,49.60,50.30,49.35,50.30,+0.10,242503,12090297,184
2023-09-20,TPEx,4506,崇友,79.30,80.10,79.30,79.40,-0.20,55826,4458735,110
2023-09-20,TPEx,4510,高鋒,16.00,16.05,15.55,15.60,-0.35,405475,6383651,235
2023-09-20,TPEx,4513,福裕,18.75,18.80,18.70,18.70,-0.05,84518,1586020,88
2023-09-20,TPEx,4523,永彰,47.55,48.50,47.25,48.35,+1.15,285937,13687682,297
2023-09-20,TPEx,4527,方土霖,35.70,35.70,35.00,35.00,-0.70,42060,1486364,128
2023-09-20,TPEx,4528,江興鍛,32.10,32.20,31.80,32.00,-0.40,192430,6164636,1174
2023-09-20,TPEx,4529,淳紳,10.15,10.25,10.00,10.05,-0.15,131215,1327764,80
2023-09-20,TPEx,4530,宏易,7.18,7.42,7.10,7.12,+0.21,30201,216256,25
2023-09-20,TPEx,4533,協易機,26.65,27.00,26.10,26.45,+0.05,1488303,39352938,918
2023-09-20,TPEx,4534,慶騰,9.80,9.84,9.60,9.68,-0.12,93473,909101,170
2023-09-20,TPEx,4535,至興,36.85,37.10,36.55,36.55,-0.45,12004,440690,16
2023-09-20,TPEx,4538,大詠城,19.30,19.50,19.25,19.25,+0.05,43000,832450,34
2023-09-20,TPEx,4541,晟田,34.90,35.00,34.75,34.80,-0.10,133114,4640144,154
2023-09-20,TPEx,4542,科嶠,65.80,67.10,65.80,65.80,-1.20,201943,13373337,178
2023-09-20,TPEx,4543,萬在,39.00,39.80,38.55,38.55,-0.45,450328,17585244,351
2023-09-20,TPEx,4549,桓達,89.80,90.00,89.50,89.50,-0.60,12382,1111245,37
2023-09-20,TPEx,4550,長佳,29.35,29.70,29.35,29.45,+0.20,22203,654651,23
2023-09-20,TPEx,4554,橙的,28.05,28.05,27.00,27.00,+0.10,5087,140778,9
2023-09-20,TPEx,4556,旭然,29.70,29.70,29.70,29.70,0.00,1000,29700,1
2023-09-20,TPEx,4558,寶緯,27.60,27.95,27.60,27.85,-0.10,5249,146046,9
2023-09-20,TPEx,4561,健椿,31.30,31.30,29.50,29.50,-0.60,342449,10277125,270
2023-09-20,TPEx,4563,百德,56.40,56.60,54.20,54.80,-1.30,243761,13426866,226
2023-09-20,TPEx,4568,科際精密,53.50,54.30,53.00,53.70,-0.20,8400,450939,11
2023-09-20,TPEx,4577,達航科技,27.85,28.10,27.60,28.10,+0.35,49000,1366000,48
2023-09-20,TPEx,4580,捷流閥業,91.80,91.80,91.30,91.30,-0.30,16693,1526741,39
2023-09-20,TPEx,4584,君帆,45.50,45.50,45.50,45.50,0.00,2000,91000,2
2023-09-20,TPEx,4609,唐鋒,7.58,7.58,7.44,7.44,-0.14,2000,15020,2
2023-09-20,TPEx,4702,中美實,13.15,13.15,13.10,13.15,0.00,19318,253710,85
2023-09-20,TPEx,4706,大恭,26.60,26.60,25.40,26.20,-0.45,255667,6605954,197
2023-09-20,TPEx,4707,磐亞,12.30,12.30,12.20,12.25,0.00,169655,2078265,173
2023-09-20,TPEx,4711,永純,15.95,16.00,15.90,15.90,0.00,10459,167046,103
2023-09-20,TPEx,4712,南璋,3.94,3.94,3.84,3.84,-0.11,83010,318858,21
2023-09-20,TPEx,4714,永捷,13.35,13.50,13.20,13.40,+0.05,729856,9740803,317
2023-09-20,TPEx,4716,大立,12.75,12.80,12.70,12.70,-0.05,21374,272279,108
2023-09-20,TPEx,4721,美琪瑪,82.80,84.20,82.80,83.00,-1.00,193942,16118338,239
2023-09-20,TPEx,4726,永昕,38.70,38.80,38.45,38.50,-0.20,166091,6404962,154
2023-09-20,TPEx,4728,雙美,201.50,201.50,193.50,193.50,-8.00,207678,40644195,407
2023-09-20,TPEx,4729,熒茂,16.50,16.50,16.25,16.25,-0.05,25594,415987,20
2023-09-20,TPEx,4735,豪展,37.45,37.60,37.45,37.50,-0.05,16182,606862,37
2023-09-20,TPEx,4736,泰博,153.50,153.50,146.00,147.50,-6.00,1403628,208272364,1525
2023-09-20,TPEx,4741,泓瀚,38.60,39.80,38.60,38.80,+0.20,83166,3252673,47
2023-09-20,TPEx,4743,合一,181.00,182.00,178.50,179.50,-1.50,1136458,204956181,1569
2023-09-20,TPEx,4744,皇將,30.65,30.70,30.25,30.25,-0.40,228051,6961851,145
2023-09-20,TPEx,4745,合富-KY,25.25,25.30,25.10,25.15,0.00,11000,277250,6
2023-09-20,TPEx,4747,強生,98.50,101.50,97.70,99.80,+1.30,431802,42831109,336
2023-09-20,TPEx,4754,國碳科,42.15,42.80,41.60,42.80,+0.85,37588,1584395,48
2023-09-20,TPEx,4760,勤凱,76.40,78.30,75.70,76.20,+0.40,125085,9618494,123
2023-09-20,TPEx,4767,誠泰科技,28.00,28.15,27.75,28.15,+0.25,8017,223712,10
2023-09-20,TPEx,4768,晶呈科技,184.50,185.00,181.00,181.50,-4.50,308433,56378131,416
2023-09-20,TPEx,4804,大略-KY,4.62,4.72,4.62,4.72,-0.01,40010,185595,21
2023-09-20,TPEx,4903,聯光通,14.70,14.70,14.45,14.70,-0.10,91403,1328851,64
2023-09-20,TPEx,4905,台聯電,69.10,71.50,69.10,69.90,-1.70,4224,296318,10
2023-09-20,TPEx,4907,富宇,40.00,40.25,39.80,39.90,-0.25,15205,607700,38
2023-09-20,TPEx,4908,前鼎,72.80,76.40,68.50,71.50,-0.60,17070617,1240768931,11220
2023-09-20,TPEx,4909,新復興,26.10,26.20,24.60,24.85,-1.05,2767534,69655807,1493
2023-09-20,TPEx,4911,德英,61.70,61.70,60.80,60.80,-0.70,25050,1528250,24
2023-09-20,TPEx,4923,力士,45.40,45.40,44.45,44.60,-0.45,45713,2045793,282
2023-09-20,TPEx,4924,欣厚-KY,11.45,11.65,11.40,11.65,+0.25,8065,92907,8
2023-09-20,TPEx,4931,新盛力,32.60,33.45,32.40,32.45,-0.55,360931,11783672,327
2023-09-20,TPEx,4933,友輝,48.65,49.80,48.35,49.60,+1.10,707053,34808437,490
2023-09-20,TPEx,4939,亞電,16.70,16.85,16.50,16.55,-0.15,68080,1131122,73
2023-09-20,TPEx,4944,兆遠,15.10,15.10,13.55,13.60,-1.45,1603333,22670177,1083
2023-09-20,TPEx,4945,陞達科技,81.60,81.60,78.00,78.00,-3.30,436775,34651090,330
2023-09-20,TPEx,4946,辣椒,29.55,30.00,28.90,29.15,-1.35,74661,2196062,90
2023-09-20,TPEx,4950,牧東,12.10,12.40,12.10,12.40,+0.05,32027,395438,48
2023-09-20,TPEx,4951,精拓科,66.00,66.00,63.80,63.90,-0.80,47051,3024889,51
2023-09-20,TPEx,4953,緯軟,117.50,119.00,115.50,115.50,-2.00,1100138,128601159,1107
2023-09-20,TPEx,4966,譜瑞-KY,1065.00,1100.00,1020.00,1030.00,-35.00,1818013,1905706650,2232
2023-09-20,TPEx,4971,IET-KY,58.20,58.70,58.00,58.40,-0.20,114533,6684414,34
2023-09-20,TPEx,4972,湯石照明,28.30,28.35,28.25,28.25,-0.05,10089,285741,39
2023-09-20,TPEx,4973,廣穎,31.00,31.65,30.55,30.55,-0.45,748663,23369475,526
2023-09-20,TPEx,4974,亞泰,67.90,68.00,67.20,67.30,-0.60,94466,6382229,141
2023-09-20,TPEx,4979,華星光,130.00,133.00,126.00,131.00,+3.00,29685867,3842425245,17413
2023-09-20,TPEx,4987,科誠,58.30,58.40,58.30,58.40,0.00,4133,241080,6
2023-09-20,TPEx,4991,環宇-KY,30.75,32.40,30.75,32.05,+0.75,35058,1116543,41
2023-09-20,TPEx,4995,晶達,44.70,45.05,44.70,45.00,+0.30,29004,1304926,31
2023-09-20,TPEx,5009,榮剛,47.10,47.10,46.15,46.20,-0.45,5789685,269197664,3549
2023-09-20,TPEx,5011,久陽,20.60,20.65,20.55,20.55,0.00,65451,1348166,81
2023-09-20,TPEx,5013,強新,33.95,33.95,33.95,33.95,+0.05,1151,39034,12
2023-09-20,TPEx,5014,建錩,13.75,13.75,13.60,13.60,-0.15,107297,1467033,114
2023-09-20,TPEx,5015,華祺,44.10,44.10,43.80,43.90,-0.20,17358,762507,23
2023-09-20,TPEx,5016,松和,28.60,28.60,28.60,28.60,-0.20,1073,30701,3
2023-09-20,TPEx,5201,凱衛,31.45,31.75,31.40,31.45,-0.30,22004,695220,23
2023-09-20,TPEx,5202,力新,15.30,15.30,15.15,15.20,+0.05,30018,457621,32
2023-09-20,TPEx,5205,中茂,27.60,30.25,27.60,29.15,+1.60,8000,232600,8
2023-09-20,TPEx,5206,坤悅,23.45,23.45,23.25,23.40,0.00,88510,2064005,74
2023-09-20,TPEx,5209,新鼎,175.50,175.50,173.50,173.50,-3.00,103280,18006129,138
2023-09-20,TPEx,5210,寶碩,22.00,22.30,20.65,22.00,+0.10,969562,20831272,581
2023-09-20,TPEx,5211,蒙恬,25.95,26.25,24.20,24.65,-1.95,1353688,33602818,1027
2023-09-20,TPEx,5212,凌網,45.00,45.80,45.00,45.80,+0.70,2005,91015,7
2023-09-20,TPEx,5213,亞昕,25.20,25.30,25.05,25.15,,917138,23127088,420
2023-09-20,TPEx,5220,萬達光電,27.85,28.15,27.85,27.95,0.00,14007,391246,16
2023-09-20,TPEx,5223,安力-KY,38.20,38.35,38.00,38.00,-0.30,17000,648400,14
2023-09-20,TPEx,5227,立凱-KY,54.30,55.50,54.20,54.40,+0.10,211497,11604108,388
2023-09-20,TPEx,5228,鈺鎧,23.10,23.10,22.35,22.35,-0.30,8000,181650,8
2023-09-20,TPEx,5230,雷笛克光學,21.55,21.55,21.30,21.50,-0.05,42058,899365,56
2023-09-20,TPEx,5236,凌陽創新,139.50,140.00,131.50,132.00,-7.50,694706,93319368,723
2023-09-20,TPEx,5245,智晶,41.60,41.60,40.00,40.05,-1.10,34402,1385502,70
2023-09-20,TPEx,5251,天鉞電,18.30,18.30,18.05,18.05,-0.25,37843,685834,247
2023-09-20,TPEx,5263,智崴,118.50,119.00,117.00,117.00,-1.00,119202,14048513,128
2023-09-20,TPEx,5272,笙科,27.75,28.10,27.40,27.55,-0.15,134354,3719698,125
2023-09-20,TPEx,5274,信驊,2765.00,2765.00,2630.00,2630.00,-145.00,568121,1525036665,1967
2023-09-20,TPEx,5276,達輝-KY,13.65,13.70,13.60,13.65,-0.35,14000,191050,10
2023-09-20,TPEx,5278,尚凡,180.00,180.00,180.00,180.00,+0.50,1473,265202,15
2023-09-20,TPEx,5281,大峽谷-KY,16.00,16.20,16.00,16.15,-0.05,7013,113158,7
2023-09-20,TPEx,5287,數字,203.00,205.00,202.00,203.00,+1.50,17630,3584506,110
2023-09-20,TPEx,5289,宜鼎,306.50,311.00,302.50,305.00,-4.00,1020871,312410364,2613
2023-09-20,TPEx,5291,邑昇,27.45,27.55,27.40,27.40,-0.05,37001,1015127,25
2023-09-20,TPEx,5299,杰力,125.00,126.00,122.50,122.50,-3.50,129775,16073767,152
2023-09-20,TPEx,5301,寶得利,13.80,13.80,13.55,13.55,-0.30,62724,854726,85
2023-09-20,TPEx,5302,太欣,10.35,10.35,10.05,10.10,-0.10,123808,1256747,73
2023-09-20,TPEx,5309,系統電,36.00,36.00,35.25,35.25,-0.50,440455,15649679,366
2023-09-20,TPEx,5310,天剛,23.35,24.35,23.35,24.25,+0.25,20255,490381,13
2023-09-20,TPEx,5312,寶島科,80.70,81.40,80.60,80.60,-0.10,36317,2933368,64
2023-09-20,TPEx,5314,世紀,37.15,37.50,37.15,37.30,-1.30,17752,668567,909
2023-09-20,TPEx,5315,光聯,19.10,19.15,18.95,18.95,-0.15,103445,1971867,83
2023-09-20,TPEx,5321,美而快,113.00,118.00,113.00,118.00,0.00,661869,76999641,612
2023-09-20,TPEx,5324,士開,9.45,9.50,9.45,9.45,-0.01,77333,731415,49
2023-09-20,TPEx,5328,華容,15.40,15.80,14.30,14.30,-0.45,6647851,100577574,2820
2023-09-20,TPEx,5340,建榮,65.70,65.70,64.10,64.30,-1.80,1534610,99505637,962
2023-09-20,TPEx,5344,立衛,17.85,18.05,17.80,17.80,-0.25,21668,387923,19
2023-09-20,TPEx,5347,世界,70.80,71.00,69.30,69.30,-1.10,3673427,256653133,3254
2023-09-20,TPEx,5348,系通,19.05,19.05,18.10,18.25,-0.65,131255,2415844,110
2023-09-20,TPEx,5351,鈺創,42.60,43.20,42.40,42.40,-0.25,1415400,60414484,1076
2023-09-20,TPEx,5353,台林,38.70,38.75,37.50,37.50,-0.90,383144,14534615,292
2023-09-20,TPEx,5355,佳總,7.41,7.47,7.40,7.47,+0.01,97016,721044,39
2023-09-20,TPEx,5356,協益,29.70,29.70,29.40,29.50,+0.05,147455,4350660,105
2023-09-20,TPEx,5364,力麗店,26.85,27.05,26.65,27.05,+0.15,9000,240900,5
2023-09-20,TPEx,5371,中光電,83.80,83.80,81.30,81.30,-2.00,3914151,320658556,3589
2023-09-20,TPEx,5381,合正,28.00,29.00,27.50,27.65,-0.75,7521390,211256197,4175
2023-09-20,TPEx,5383,金利,30.15,30.35,30.10,30.35,-0.05,21292,641181,19
2023-09-20,TPEx,5386,青雲,51.80,53.30,51.60,51.60,+0.10,260946,13643040,299
2023-09-20,TPEx,5392,能率,24.80,24.80,24.20,24.25,-0.45,527157,12846883,382
2023-09-20,TPEx,5398,慕康生醫,12.60,12.80,12.60,12.65,0.00,24264,307696,39
2023-09-20,TPEx,5403,中菲,102.50,103.00,102.00,102.00,-0.50,119687,12237778,196
2023-09-20,TPEx,5410,國眾,32.95,33.00,32.80,32.80,-0.15,103663,3404711,112
2023-09-20,TPEx,5425,台半,85.40,86.20,84.10,84.40,-1.20,2121446,179956095,1864
2023-09-20,TPEx,5426,振發,13.20,13.35,13.10,13.20,0.00,554918,7333045,292
2023-09-20,TPEx,5432,新門,56.00,57.20,54.40,55.60,+1.10,431122,24162809,397
2023-09-20,TPEx,5438,東友,17.25,17.35,17.20,17.35,+0.10,18372,316702,33
2023-09-20,TPEx,5439,高技,87.90,88.00,86.30,86.30,-1.00,946366,82263557,814
2023-09-20,TPEx,5443,均豪,30.80,31.00,30.60,30.60,-0.25,369454,11377945,300
2023-09-20,TPEx,5450,南良,17.70,18.30,17.70,17.90,+0.20,64148,1155389,74
2023-09-20,TPEx,5452,佶優,21.20,21.25,20.80,20.80,-0.45,570902,11947206,385
2023-09-20,TPEx,5455,昇益,,,,,,92,2548,2
2023-09-20,TPEx,5457,宣德,55.50,55.90,54.40,54.60,-0.70,1261365,69458471,881
2023-09-20,TPEx,5460,同協,13.00,13.05,12.90,13.00,0.00,15754,203973,73
2023-09-20,TPEx,5464,霖宏,28.70,28.70,27.90,28.00,-0.30,102135,2872842,86
2023-09-20,TPEx,5465,富驊,42.60,44.70,42.40,43.50,+0.40,1294523,56406964,951
2023-09-20,TPEx,5468,凱鈺,16.75,16.85,16.55,16.85,0.00,42000,700050,27
2023-09-20,TPEx,5474,聰泰,129.00,132.00,125.00,126.00,-4.00,747948,95734167,748
2023-09-20,TPEx,5475,德宏,13.35,13.45,12.85,12.85,-0.60,1176869,15485658,622
2023-09-20,TPEx,5478,智冠,96.20,96.50,95.80,95.90,-0.30,66809,6418824,93
2023-09-20,TPEx,5481,新華,12.95,13.20,12.90,13.10,+0.10,57508,753358,76
2023-09-20,TPEx,5483,中美晶,162.00,164.50,161.00,162.00,-1.50,3351450,543964134,2711
2023-09-20,TPEx,5487,通泰,,,,,,5,121,5
2023-09-20,TPEx,5488,松普,13.15,13.15,12.60,12.70,-0.30,812949,10393536,421
2023-09-20,TPEx,5489,彩富,,,,,,3,109,1
2023-09-20,TPEx,5490,同亨,22.15,22.15,21.95,22.05,-0.10,19033,419691,165
2023-09-20,TPEx,5493,三聯,48.30,48.40,48.00,48.40,-0.05,39012,1881128,26
2023-09-20,TPEx,5498,凱崴,11.15,11.15,10.95,10.95,-0.15,348420,3842602,199
2023-09-20,TPEx,5508,永信建,77.30,77.30,75.50,76.80,+0.80,291187,22220750,313
2023-09-20,TPEx,5511,德昌,71.60,72.20,71.20,71.30,-0.30,154168,11018021,157
2023-09-20,TPEx,5512,力麒,9.33,9.37,9.31,9.33,-0.04,455388,4249303,206
2023-09-20,TPEx,5514,三豐,20.30,20.30,20.30,20.30,+0.30,1325,26550,7
2023-09-20,TPEx,5516,雙喜,29.65,29.65,29.30,29.30,-0.25,40392,1191050,34
2023-09-20,TPEx,5520,力泰,62.20,62.30,62.20,62.30,0.00,2021,125831,4
2023-09-20,TPEx,5523,豐謙,24.75,25.00,24.75,25.00,+0.05,39013,970473,22
2023-09-20,TPEx,5530,龍巖,37.05,37.05,36.80,36.80,-0.15,57054,2103587,120
2023-09-20,TPEx,5536,聖暉*,155.50,156.00,155.00,155.50,-0.50,104513,16227928,191
2023-09-20,TPEx,5543,桓鼎-KY,45.30,45.45,43.90,45.45,+0.40,6000,267850,6
2023-09-20,TPEx,5601,台聯櫃,34.40,34.40,34.40,34.40,+0.15,1000,34400,1
2023-09-20,TPEx,5603,陸海,20.50,20.55,20.40,20.40,-0.10,143051,2928730,123
2023-09-20,TPEx,5604,中連,45.75,45.75,45.65,45.75,0.00,6532,298520,24
2023-09-20,TPEx,5609,中菲行,82.00,82.00,80.10,80.50,-1.20,259983,21038781,995
2023-09-20,TPEx,5701,劍湖山,6.87,6.87,6.61,6.80,-0.11,74230,500707,58
2023-09-20,TPEx,5703,亞都,23.40,23.40,23.00,23.25,+0.05,49000,1134200,45
2023-09-20,TPEx,5704,老爺知,48.00,48.00,47.30,47.60,-0.05,64151,3051243,59
2023-09-20,TPEx,5864,致和證,18.95,19.10,18.80,18.90,-0.20,645593,12190633,362
2023-09-20,TPEx,5878,台名,48.40,48.40,48.40,48.40,0.00,2314,112242,6
2023-09-20,TPEx,5902,德記,35.25,35.25,34.50,34.70,-0.55,76592,2660616,93
2023-09-20,TPEx,5903,全家,,,,,,2933,586658,141
2023-09-20,TPEx,5904,寶雅,483.00,488.00,479.00,484.00,+1.00,105806,51037351,525
2023-09-20,TPEx,5905,南仁湖,13.00,13.00,12.75,12.80,+0.05,430332,5533497,178
2023-09-20,TPEx,6015,宏遠證,10.80,10.80,10.60,10.60,-0.20,346895,3707507,255
2023-09-20,TPEx,6016,康和證,13.85,13.90,13.75,13.75,-0.10,1381334,19066866,362
2023-09-20,TPEx,6020,大展證,18.65,18.65,18.60,18.60,0.00,7000,130450,3
2023-09-20,TPEx,6021,美好證,14.80,14.80,14.80,14.80,+0.20,1000,14800,1
2023-09-20,TPEx,6023,元大期,58.90,59.10,58.80,58.80,-0.10,31852,1877013,48
2023-09-20,TPEx,6026,福邦證,11.90,11.95,11.85,11.90,+0.05,447444,5316700,241
2023-09-20,TPEx,6101,寬魚國際,37.65,39.20,37.40,38.70,+1.30,363211,13957867,282
2023-09-20,TPEx,6103,合邦,,,,,,0,0,0
2023-09-20,TPEx,6104,創惟,114.50,117.00,113.00,113.50,-1.00,1497609,172038274,1179
2023-09-20,TPEx,6109,亞元,14.70,14.80,14.40,14.40,-0.30,947862,13834183,372
2023-09-20,TPEx,6111,大宇資,67.00,67.70,66.10,67.10,+0.50,807180,54018031,697
2023-09-20,TPEx,6113,亞矽,14.35,14.90,14.35,14.50,+0.15,724987,10611575,439
2023-09-20,TPEx,6114,久威,30.80,31.45,30.50,30.55,-0.50,92357,2850363,118
2023-09-20,TPEx,6118,建達,27.50,28.20,27.45,27.70,+0.15,195022,5416505,160
2023-09-20,TPEx,6121,新普,344.00,347.00,336.00,340.50,-3.50,1222808,417680584,1213
2023-09-20,TPEx,6122,擎邦,52.70,53.20,50.00,50.00,-2.70,1513882,78065600,1108
2023-09-20,TPEx,6123,上奇,68.70,68.90,68.20,68.60,-0.10,53269,3652513,106
2023-09-20,TPEx,6124,業強,30.05,30.60,30.00,30.00,-0.30,99772,3012564,337
2023-09-20,TPEx,6125,廣運,60.90,62.20,60.40,60.50,-0.20,4851839,296142517,3493
2023-09-20,TPEx,6126,信音,30.40,31.45,30.25,30.35,+0.25,1755621,53707640,973
2023-09-20,TPEx,6127,九豪,23.45,23.55,22.85,23.00,-0.60,360374,8346011,227
2023-09-20,TPEx,6129,普誠,30.00,30.20,29.50,29.50,-0.30,530075,15760489,404
2023-09-20,TPEx,6130,上亞科技,33.80,33.80,32.70,32.80,-1.30,58055,1934073,71
2023-09-20,TPEx,6134,萬旭,20.00,20.20,19.90,19.90,-0.30,73130,1460975,52
2023-09-20,TPEx,6138,茂達,149.00,149.50,145.50,146.00,-4.00,1077541,157874778,1039
2023-09-20,TPEx,6140,訊達,19.15,19.15,18.95,18.95,-0.25,14184,269551,32
2023-09-20,TPEx,6143,振曜,74.50,74.50,72.50,74.20,+0.80,799836,58989539,766
2023-09-20,TPEx,6144,得利影,14.10,14.15,14.10,14.15,0.00,4000,56550,4
2023-09-20,TPEx,6146,耕興,243.50,244.00,239.00,240.00,-2.50,279141,67357013,534
2023-09-20,TPEx,6147,頎邦,71.30,71.30,69.00,69.00,-2.00,6417946,447924336,4917
2023-09-20,TPEx,6148,驊宏資,30.55,30.80,30.00,30.10,-0.60,310448,9400135,272
2023-09-20,TPEx,6150,撼訊,87.00,87.00,82.30,82.30,-3.70,2508617,212511713,2540
2023-09-20,TPEx,6151,晉倫,26.70,26.70,26.45,26.60,-0.10,27013,717148,29
2023-09-20,TPEx,6154,順發,16.00,16.00,16.00,16.00,0.00,4754,76300,16
2023-09-20,TPEx,6156,松上,21.15,22.20,21.05,22.05,+0.90,2570260,56266533,1353
2023-09-20,TPEx,6158,禾昌,36.40,36.85,35.20,35.20,-0.15,895058,32076958,590
2023-09-20,TPEx,6160,欣技,25.10,25.10,24.60,24.60,-0.45,244787,6073029,188
2023-09-20,TPEx,6161,捷波,38.95,39.20,38.70,38.80,-0.15,129272,5024758,128
2023-09-20,TPEx,6163,華電網,17.15,17.20,16.95,16.95,-0.15,335879,5720645,193
2023-09-20,TPEx,6167,久正,16.60,16.60,16.15,16.15,-0.25,929357,15111950,495
2023-09-20,TPEx,6169,昱泉,23.15,23.40,22.35,23.40,+2.10,383952,8909662,229
2023-09-20,TPEx,6170,統振,56.00,56.80,55.40,55.60,0.00,525198,29366656,425
2023-09-20,TPEx,6171,大城地產,21.15,21.60,21.15,21.50,0.00,7093,152249,14
2023-09-20,TPEx,6173,信昌電,48.50,48.85,46.60,46.65,-1.85,1370723,64997465,1077
2023-09-20,TPEx,6174,安碁,22.60,23.00,22.60,22.80,-0.05,15080,343947,16
2023-09-20,TPEx,6175,立敦,37.85,37.95,37.60,37.65,-0.20,169285,6382147,105
2023-09-20,TPEx,6179,亞通,30.10,30.15,29.35,29.55,-0.55,390690,11617488,329
2023-09-20,TPEx,6180,橘子,66.60,66.70,66.20,66.20,-0.60,250807,16644390,279
2023-09-20,TPEx,6182,合晶,45.80,45.95,44.35,44.90,-0.80,7502839,338176619,4989
2023-09-20,TPEx,6185,幃翔,16.90,17.05,16.70,16.75,-0.20,458394,7731477,283
2023-09-20,TPEx,6186,新潤,52.00,52.30,51.50,51.70,-0.50,288213,14922464,264
2023-09-20,TPEx,6187,萬潤,96.30,98.80,95.30,97.50,+1.20,545944,53251329,506
2023-09-20,TPEx,6188,廣明,81.30,84.10,81.20,81.80,+0.40,4420212,364035878,3497
2023-09-20,TPEx,6190,萬泰科,34.20,34.20,33.40,33.40,-0.40,579390,19552917,445
2023-09-20,TPEx,6194,育富,32.45,32.65,31.85,31.85,-0.65,295579,9508265,289
2023-09-20,TPEx,6195,詩肯,42.00,42.45,41.35,41.35,-0.50,53277,2226285,104
2023-09-20,TPEx,6198,瑞築,34.00,34.50,33.85,34.10,+0.20,37173,1266940,30
2023-09-20,TPEx,6199,天品,18.10,18.10,18.10,18.10,+0.15,2219,40118,6
2023-09-20,TPEx,6203,海韻電,97.30,97.30,95.60,95.80,-0.70,518504,49900803,532
2023-09-20,TPEx,6204,艾華,59.00,59.00,58.30,58.50,-0.50,59793,3503135,81
2023-09-20,TPEx,6207,雷科,30.60,31.00,30.60,30.85,+0.20,85924,2649105,101
2023-09-20,TPEx,6208,日揚,47.90,48.40,47.90,48.40,+0.50,72369,3495004,51
2023-09-20,TPEx,6210,慶生,31.60,31.65,31.60,31.60,0.00,16001,505684,14
2023-09-20,TPEx,6212,理銘,50.90,52.50,50.10,50.40,-0.40,26000,1321500,21
2023-09-20,TPEx,6217,中探針,45.70,45.85,45.20,45.20,-0.30,334293,15185708,270
2023-09-20,TPEx,6218,豪勉,28.60,29.00,28.10,28.15,-0.35,342549,9766250,220
2023-09-20,TPEx,6219,富旺,25.20,25.30,24.40,24.85,-0.35,1174859,29036283,528
2023-09-20,TPEx,6220,岳豐,28.20,28.35,28.15,28.25,+0.10,719757,20314537,333
2023-09-20,TPEx,6221,晉泰,63.80,63.80,63.10,63.60,-0.20,13452,852394,32
2023-09-20,TPEx,6222,上揚,21.75,22.00,21.65,21.65,-0.85,64293,1394993,73
2023-09-20,TPEx,6223,旺矽,215.50,220.50,211.50,212.50,-3.50,4274921,921006299,4684
2023-09-20,TPEx,6227,茂綸,41.65,41.80,41.65,41.65,0.00,138791,5786311,88
2023-09-20,TPEx,6228,全譜,12.40,12.80,12.40,12.60,+0.10,38340,483894,36
2023-09-20,TPEx,6229,研通,26.15,26.25,26.10,26.15,+0.05,36121,945797,30
2023-09-20,TPEx,6231,系微,154.00,157.00,150.50,151.00,-3.50,1766919,271053257,1579
2023-09-20,TPEx,6233,旺玖,24.45,24.70,24.00,24.05,-0.55,319707,7760438,284
2023-09-20,TPEx,6234,高僑,31.00,31.00,30.30,30.65,+0.05,447357,13723092,322
2023-09-20,TPEx,6236,中湛,29.30,29.30,29.25,29.25,+0.25,6007,175854,7
2023-09-20,TPEx,6237,驊訊,38.25,38.40,37.95,37.95,-0.25,120328,4581371,113
2023-09-20,TPEx,6240,松崗,20.30,20.30,19.80,19.80,-0.50,34078,684810,26
2023-09-20,TPEx,6241,易通展,12.95,12.95,12.80,12.90,-0.05,48144,619540,33
2023-09-20,TPEx,6242,立康,58.50,58.50,57.80,57.80,-0.70,16663,964655,34
2023-09-20,TPEx,6244,茂迪,26.85,26.85,26.40,26.40,-0.45,1704239,45174792,1204
2023-09-20,TPEx,6245,立端,97.40,97.40,94.40,94.60,-2.30,1168339,111557470,1770
2023-09-20,TPEx,6246,臺龍,12.30,12.30,12.25,12.30,-0.05,7006,86074,11
2023-09-20,TPEx,6248,沛波,27.10,27.25,26.95,27.05,-0.05,177114,4796796,136
2023-09-20,TPEx,6259,百徽,,,,,,198,3768,3
2023-09-20,TPEx,6261,久元,56.60,56.90,56.60,56.60,-0.20,87502,4963473,134
2023-09-20,TPEx,6263,普萊德,124.50,125.00,124.00,124.00,-0.50,46286,5768570,83
2023-09-20,TPEx,6264,富裔,7.60,7.63,7.55,7.63,-0.04,11458,86683,13
2023-09-20,TPEx,6265,方土昶,10.15,10.15,10.10,10.10,-0.05,76555,774611,168
2023-09-20,TPEx,6266,泰詠,34.30,34.30,33.45,33.50,-0.50,440905,14844582,474
2023-09-20,TPEx,6270,倍微,21.85,21.95,21.70,21.70,-0.10,43256,944349,48
2023-09-20,TPEx,6274,台燿,123.00,129.00,121.00,127.50,+4.00,15249949,1923211034,10746
2023-09-20,TPEx,6275,元山,47.50,48.20,47.00,47.05,-0.05,1721136,81801172,1232
2023-09-20,TPEx,6276,安鈦克,39.55,39.65,38.50,38.75,-0.45,139527,5443400,142
2023-09-20,TPEx,6279,胡連,150.50,150.50,148.00,149.00,-0.50,437060,65160998,438
2023-09-20,TPEx,6284,佳邦,63.00,64.40,62.00,62.40,-0.30,2524105,159075078,3941
2023-09-20,TPEx,6287,元隆,17.30,17.30,17.30,17.30,-0.60,1135,19634,3
2023-09-20,TPEx,6290,良維,58.50,59.30,58.30,58.60,+0.10,537446,31622089,458
2023-09-20,TPEx,6291,沛亨,226.00,226.00,216.00,223.50,0.00,157969,34751062,627
2023-09-20,TPEx,6292,迅德,47.90,47.90,47.40,47.40,-0.45,48245,2299119,41
2023-09-20,TPEx,6294,智基,114.00,114.50,114.00,114.00,0.00,11785,1344203,30
2023-09-20,TPEx,6404,通訊-KY,17.25,18.05,16.25,16.60,-0.10,41532,694460,36
2023-09-20,TPEx,6411,晶焱,114.50,115.50,113.00,113.50,-1.50,371547,42401384,367
2023-09-20,TPEx,6417,韋僑,110.50,111.50,110.00,111.00,+0.50,84167,9310883,104
2023-09-20,TPEx,6418,詠昇,23.35,23.35,22.60,22.65,-0.55,623813,14247475,372
2023-09-20,TPEx,6419,京晨科,44.70,44.90,43.70,44.90,+0.20,34514,1526571,41
2023-09-20,TPEx,6425,易發,21.30,21.30,20.70,20.90,+0.20,32000,671850,22
2023-09-20,TPEx,6432,今展科,37.80,39.15,37.70,38.10,+0.30,465156,17891090,319
2023-09-20,TPEx,6435,大中,95.40,95.70,95.30,95.30,-0.20,23447,2238909,31
2023-09-20,TPEx,6441,廣錠,52.00,52.10,51.50,51.60,-0.50,116544,6034422,136
2023-09-20,TPEx,6446,藥華藥,346.00,347.50,339.00,342.00,-3.50,1482125,506548150,1934
2023-09-20,TPEx,6457,紘康,50.30,51.00,50.10,50.40,+0.10,14604,735687,51
2023-09-20,TPEx,6461,益得,29.80,29.90,29.05,29.10,-1.10,332860,9778399,241
2023-09-20,TPEx,6462,神盾,86.00,86.10,84.00,84.30,-1.50,133151,11311849,165
2023-09-20,TPEx,6465,威潤,19.20,19.40,18.95,19.05,-0.55,20148,383827,23
2023-09-20,TPEx,6469,大樹,346.50,346.50,343.00,344.50,-1.00,75772,26121171,510
2023-09-20,TPEx,6470,宇智,71.40,72.30,70.60,70.90,-0.60,422860,30087663,409
2023-09-20,TPEx,6472,保瑞,651.00,658.00,644.00,646.00,0.00,1328232,862352338,2861
2023-09-20,TPEx,6482,弘煜科,34.85,34.85,34.15,34.15,-0.35,7300,251989,12
2023-09-20,TPEx,6485,點序,106.50,109.50,103.00,104.00,-1.00,5449986,576631333,3204
2023-09-20,TPEx,6486,互動,70.20,71.00,70.20,70.30,+0.10,23720,1669398,39
2023-09-20,TPEx,6488,環球晶,478.50,480.50,472.50,472.50,-8.00,1198286,569968468,1688
2023-09-20,TPEx,6492,生華科,43.05,43.95,43.05,43.40,-0.10,50927,2209349,104
2023-09-20,TPEx,6494,九齊,62.00,62.10,61.70,61.70,-0.20,27285,1688659,90
2023-09-20,TPEx,6496,科懋,28.80,28.80,28.50,28.75,-0.05,18963,543221,153
2023-09-20,TPEx,6499,益安,48.60,48.70,48.35,48.50,-0.10,23054,1118421,19
2023-09-20,TPEx,6506,雙邦,17.60,17.70,17.60,17.70,0.00,8340,147518,9
2023-09-20,TPEx,6508,惠光,34.40,34.50,34.30,34.35,-0.20,60777,2088681,80
2023-09-20,TPEx,6509,聚和,39.20,39.20,38.50,38.55,-0.55,353967,13685206,288
2023-09-20,TPEx,6510,精測,549.00,550.00,529.00,533.00,-13.00,197710,105907879,377
2023-09-20,TPEx,6512,啟發電,20.30,20.65,20.30,20.60,+0.30,4010,82370,5
2023-09-20,TPEx,6514,芮特-KY,48.80,49.40,48.75,49.30,+0.20,7029,345238,8
2023-09-20,TPEx,6516,勤崴國際,87.40,88.30,87.00,88.30,+0.70,16534,1444730,24
2023-09-20,TPEx,6517,保勝光學,81.50,82.00,78.80,78.80,-2.30,317256,25359377,276
2023-09-20,TPEx,6523,達爾膚,144.50,147.50,143.50,143.50,-2.00,271471,39272771,326
2023-09-20,TPEx,6527,明達醫,86.90,86.90,86.20,86.40,-0.60,79829,6901492,123
2023-09-20,TPEx,6530,創威,34.65,35.75,33.30,33.90,-1.05,1060200,36500417,780
2023-09-20,TPEx,6532,瑞耘,57.80,58.00,57.50,57.60,-0.30,103556,5969423,108
2023-09-20,TPEx,6535,順藥,60.60,60.60,60.10,60.10,-0.10,146547,8820171,106
2023-09-20,TPEx,6538,倉和,166.00,167.00,161.00,163.00,-3.00,549063,89836836,580
2023-09-20,TPEx,6542,隆中,53.60,53.60,53.00,53.00,-2.20,3000,159600,3
2023-09-20,TPEx,6546,正基,86.80,86.80,84.00,84.80,-1.70,590024,50223354,460
2023-09-20,TPEx,6547,高端疫苗,73.70,73.70,72.80,73.00,-0.70,1389170,101669055,1746
2023-09-20,TPEx,6548,長科*,35.00,35.00,34.55,34.60,-0.20,926505,32151192,583
2023-09-20,TPEx,6556,勝品,84.00,84.00,83.00,83.00,-1.30,31335,2613104,49
2023-09-20,TPEx,6560,欣普羅,29.25,29.50,29.25,29.30,+0.05,14225,416734,32
2023-09-20,TPEx,6561,是方,354.00,356.50,353.50,356.00,+0.50,23529,8346485,132
2023-09-20,TPEx,6568,宏觀,136.00,136.00,131.50,132.50,-2.50,204554,27378400,303
2023-09-20,TPEx,6569,醫揚,162.00,165.00,159.00,164.50,+4.50,77243,12562209,273
2023-09-20,TPEx,6570,維田,54.60,55.10,54.30,54.30,-0.50,108990,5946939,110
2023-09-20,TPEx,6574,霈方,51.70,52.40,51.70,52.40,+0.50,3048,158300,4
2023-09-20,TPEx,6576,逸達,81.30,81.50,80.80,80.90,-0.40,84785,6877044,124
2023-09-20,TPEx,6577,勁豐,92.70,92.70,91.50,91.50,-0.60,50693,4656257,60
2023-09-20,TPEx,6578,達邦蛋白,17.00,17.30,17.00,17.15,+0.15,123114,2114316,89
2023-09-20,TPEx,6584,南俊國際,68.60,69.10,67.70,68.20,+0.10,95270,6497285,130
2023-09-20,TPEx,6588,東典光電,30.40,30.65,30.40,30.65,+0.30,6019,184111,24
2023-09-20,TPEx,6589,台康生技,97.20,98.30,96.20,97.70,+0.60,725268,70602753,696
2023-09-20,TPEx,6590,普鴻,87.50,87.50,86.90,86.90,+0.70,4218,367202,15
2023-09-20,TPEx,6593,台灣銘板,68.00,68.80,66.50,66.60,-1.60,164756,11047099,141
2023-09-20,TPEx,6596,寬宏藝術,50.00,50.10,49.50,49.50,-0.40,77303,3847917,251
2023-09-20,TPEx,6603,富強鑫,15.45,15.50,15.35,15.40,-0.05,84551,1303054,68
2023-09-20,TPEx,6609,瀧澤科,31.20,31.35,30.65,30.75,-0.55,113080,3511355,89
2023-09-20,TPEx,6612,奈米醫材,131.00,131.50,130.00,130.00,-1.50,38071,4967353,44
2023-09-20,TPEx,6613,朋億*,125.50,127.50,125.50,127.00,+1.50,307373,38882476,271
2023-09-20,TPEx,6615,慧智,40.70,41.00,40.70,41.00,+0.20,7034,286985,8
2023-09-20,TPEx,6616,特昇-KY,14.20,15.10,14.20,14.25,+0.05,215977,3149488,177
2023-09-20,TPEx,6624,萬年清,46.80,46.80,46.00,46.65,+0.15,15000,693350,13
2023-09-20,TPEx,6629,泰金-KY,48.50,48.80,48.50,48.80,+0.20,4000,194600,4
2023-09-20,TPEx,6640,均華,114.50,114.50,113.00,113.50,-0.50,41006,4664690,40
2023-09-20,TPEx,6642,富致,47.25,47.25,47.15,47.20,-0.05,14240,672386,17
2023-09-20,TPEx,6643,M31,845.00,849.00,821.00,823.00,-17.00,763369,635246056,2204
2023-09-20,TPEx,6649,台生材,34.00,34.85,34.00,34.85,+0.75,6586,225165,27
2023-09-20,TPEx,6651,全宇昕,74.70,75.30,74.10,74.30,-0.60,37220,2772230,36
2023-09-20,TPEx,6654,天正國際,43.20,43.30,43.20,43.30,+0.10,5002,216384,7
2023-09-20,TPEx,6661,威健生技,23.30,23.30,23.30,23.30,0.00,1000,23300,1
2023-09-20,TPEx,6662,樂斯科,32.40,33.20,31.90,32.00,+0.20,22250,720145,22
2023-09-20,TPEx,6664,群翊,156.50,158.50,151.00,152.50,-5.00,599923,92362508,675
2023-09-20,TPEx,6667,信紘科,75.50,75.50,73.10,73.60,-1.00,184466,13636034,201
2023-09-20,TPEx,6679,鈺太,365.50,365.50,354.00,354.00,-5.50,274959,98638753,314
2023-09-20,TPEx,6680,鑫創電子,79.90,79.90,77.30,77.30,-2.20,5148,408083,8
2023-09-20,TPEx,6683,雍智科技,192.00,193.00,190.00,190.00,-1.50,81407,15570569,127
2023-09-20,TPEx,6684,安格,52.50,55.80,52.50,54.00,+1.60,1283940,70097244,1085
2023-09-20,TPEx,6690,安碁資訊,163.50,164.50,163.00,163.00,-1.00,23326,3817627,41
2023-09-20,TPEx,6693,廣閎科,70.50,71.60,69.50,70.10,-0.40,44918,3157984,229
2023-09-20,TPEx,6697,東捷資訊,50.50,50.50,49.80,50.00,-0.80,73950,3698401,91
2023-09-20,TPEx,6703,軒郁,264.50,265.00,253.00,257.00,-6.00,275942,71501579,392
2023-09-20,TPEx,6708,天擎,48.10,48.15,47.00,47.00,-0.10,19299,915630,29
2023-09-20,TPEx,6712,長聖,195.50,196.00,193.50,195.50,+0.50,139803,27189515,334
2023-09-20,TPEx,6716,應廣,84.00,84.00,82.00,82.00,-2.00,19109,1585622,16
2023-09-20,TPEx,6721,信實,,,,,,0,0,0
2023-09-20,TPEx,6727,亞泰金屬,56.20,56.30,56.10,56.30,-0.30,45320,2544769,60
2023-09-20,TPEx,6728,上洋,130.00,130.00,129.00,129.00,-0.50,6952,901669,44
2023-09-20,TPEx,6732,昇佳電子,379.00,383.00,371.00,372.50,-4.50,521870,196857824,621
2023-09-20,TPEx,6733,博晟生醫,37.40,37.40,36.50,36.55,-0.20,92208,3378624,72
2023-09-20,TPEx,6735,美達科技,48.30,48.70,48.05,48.70,+0.60,16000,772400,8
2023-09-20,TPEx,6741,91APP*-KY,102.00,102.00,99.10,99.10,-2.90,479521,48080761,503
2023-09-20,TPEx,6747,亨泰光,194.50,201.00,192.00,193.00,-1.50,155535,30496133,292
2023-09-20,TPEx,6751,智聯服務,88.20,88.20,86.40,86.40,-1.60,27158,2361408,25
2023-09-20,TPEx,6752,叡揚,112.00,112.00,108.50,108.50,-2.00,36093,3972057,62
2023-09-20,TPEx,6761,穩得,79.70,80.30,79.60,80.30,+0.30,13656,1094709,36
2023-09-20,TPEx,6762,達亞,252.00,254.00,251.00,253.00,0.00,17030,4301110,39
2023-09-20,TPEx,6763,綠界科技,428.00,429.00,420.00,427.00,-1.00,12095,5146423,97
2023-09-20,TPEx,6767,台微醫,41.45,41.45,40.50,40.50,-0.40,7300,297450,8
2023-09-20,TPEx,6788,華景電,139.50,139.50,137.50,138.50,-1.00,603399,83493104,431
2023-09-20,TPEx,6791,虎門科技,86.00,86.00,85.10,85.10,-1.00,26118,2237381,38
2023-09-20,TPEx,6803,崑鼎,315.50,317.50,315.50,317.50,+1.50,10289,3255042,97
2023-09-20,TPEx,6804,明係,63.10,63.40,62.80,63.40,+0.30,45561,2882010,86
2023-09-20,TPEx,6811,宏碁資訊,277.00,278.50,261.00,262.50,-15.50,713060,191737582,1089
2023-09-20,TPEx,6821,聯寶,42.65,42.70,42.30,42.70,+0.05,31000,1318000,27
2023-09-20,TPEx,6823,濾能,58.20,58.20,56.80,57.10,-1.00,87382,5012706,71
2023-09-20,TPEx,6829,千附精密,115.00,118.00,112.50,114.50,-1.00,1561480,179746726,1194
2023-09-20,TPEx,6840,東研信超,64.20,64.20,64.10,64.20,-0.40,7020,450292,8
2023-09-20,TPEx,6841,長佳智能,99.00,99.90,96.90,97.00,-2.30,546212,53624311,699
2023-09-20,TPEx,6843,進典,64.10,64.30,64.00,64.30,-0.20,5080,325692,9
2023-09-20,TPEx,6846,綠茵,81.60,81.60,81.50,81.50,-0.50,2000,163100,2
2023-09-20,TPEx,6855,數泓科,84.20,84.30,84.20,84.30,-0.70,3004,253020,7
2023-09-20,TPEx,6859,伯特光,127.00,130.00,127.00,130.00,+3.50,48071,6211564,63
2023-09-20,TPEx,6865,偉康科技,68.50,68.50,66.60,66.60,-1.40,26000,1766400,14
2023-09-20,TPEx,6870,騰雲,148.00,148.00,143.50,148.00,+1.00,152159,22221262,157
2023-09-20,TPEx,6874,倍力,108.50,109.00,105.50,106.50,-1.50,62244,6668936,72
2023-09-20,TPEx,6877,鏵友益,40.80,40.80,39.75,40.15,-0.25,59288,2378101,53
2023-09-20,TPEx,6895,宏碩系統,120.50,121.00,120.00,121.00,0.00,35236,4246476,71
2023-09-20,TPEx,7402,邑錡,80.50,80.50,78.60,79.20,-0.30,355683,28207057,468
2023-09-20,TPEx,7556,意德士,103.00,104.00,103.00,104.00,+1.00,6296,650143,14
2023-09-20,TPEx,8024,佑華,21.55,21.55,21.20,21.20,-0.15,61008,1303170,44
2023-09-20,TPEx,8027,鈦昇,70.70,72.10,68.40,68.40,-1.20,1781121,124410788,1625
2023-09-20,TPEx,8032,光菱,28.90,28.90,28.80,28.80,-0.10,8004,230862,8
2023-09-20,TPEx,8034,榮群,23.50,24.25,22.90,23.60,+0.20,6601482,155442322,3503
2023-09-20,TPEx,8038,長園科,37.10,37.35,36.40,36.45,-0.60,318956,11742429,281
2023-09-20,TPEx,8040,九暘,44.50,44.60,43.30,43.30,-0.85,399475,17608764,380
2023-09-20,TPEx,8042,金山電,35.20,35.35,35.05,35.20,0.00,18703,657411,131
2023-09-20,TPEx,8043,蜜望實,28.20,28.20,26.55,26.95,-0.80,117196,3213849,98
2023-09-20,TPEx,8044,網家,43.20,43.30,42.75,43.10,0.00,415061,17829403,381
2023-09-20,TPEx,8047,星雲,11.45,11.50,11.45,11.45,-0.05,4000,45900,3
2023-09-20,TPEx,8048,德勝,82.90,83.90,81.20,81.20,-1.30,1415230,117027515,1319
2023-09-20,TPEx,8049,晶采,37.30,37.30,36.85,36.90,-0.50,299626,11102534,301
2023-09-20,TPEx,8050,廣積,99.20,99.80,95.20,96.50,-2.50,6655190,650234925,5152
2023-09-20,TPEx,8054,安國,38.05,39.70,37.05,37.80,-0.15,5455820,208739165,3467
2023-09-20,TPEx,8059,凱碩,14.55,14.60,14.50,14.60,0.00,33008,481314,22
2023-09-20,TPEx,8064,東捷,19.05,20.45,19.05,20.35,+1.75,17319366,351447126,5503
2023-09-20,TPEx,8066,來思達,29.50,29.50,29.35,29.35,-0.15,22797,671065,245
2023-09-20,TPEx,8067,志旭,14.30,14.30,13.65,13.90,+0.05,11254,155558,15
2023-09-20,TPEx,8068,全達,43.80,47.10,43.60,47.10,+4.25,4578399,211358453,2393
2023-09-20,TPEx,8069,元太,182.50,185.00,180.00,180.00,-1.00,6911129,1261569694,5658
2023-09-20,TPEx,8071,能率網通,15.30,15.30,15.20,15.25,0.00,79414,1212333,71
2023-09-20,TPEx,8074,鉅橡,18.95,19.10,18.95,18.95,-0.05,31080,590520,36
2023-09-20,TPEx,8076,伍豐,31.90,32.10,31.45,31.45,-0.45,770528,24434781,585
2023-09-20,TPEx,8077,洛碁,37.55,37.55,37.55,37.55,-1.40,1000,37550,1
2023-09-20,TPEx,8080,印鉐,9.17,9.27,8.94,9.18,-0.13,14003,128227,16
2023-09-20,TPEx,8083,瑞穎,152.00,152.50,150.50,152.50,+1.00,135052,20434377,108
2023-09-20,TPEx,8084,巨虹,71.90,72.10,68.00,72.10,-0.10,231047,16166378,185
2023-09-20,TPEx,8085,福華,40.65,40.85,38.00,38.50,-2.60,2319193,91648189,1158
2023-09-20,TPEx,8086,宏捷科,113.00,113.50,110.00,112.50,-1.00,3681171,411933535,2670
2023-09-20,TPEx,8087,華鎂鑫,54.70,54.70,52.70,53.30,-0.10,55019,2914602,55
2023-09-20,TPEx,8088,品安,38.35,40.20,36.80,36.95,-0.75,15932041,612654135,9305
2023-09-20,TPEx,8089,康全電訊,18.50,18.65,18.50,18.60,-0.05,27234,505262,27
2023-09-20,TPEx,8091,翔名,86.80,86.80,85.90,86.00,-0.80,138800,11964123,154
2023-09-20,TPEx,8092,建暐,11.60,11.60,11.35,11.35,-0.05,59102,675809,47
2023-09-20,TPEx,8093,保銳,15.45,15.45,15.00,15.15,0.00,143989,2182081,103
2023-09-20,TPEx,8096,擎亞,10.75,10.80,10.70,10.75,0.00,112277,1205124,241
2023-09-20,TPEx,8097,常珵,55.00,56.00,54.50,54.50,-0.30,177645,9791577,330
2023-09-20,TPEx,8099,大世科,52.60,53.80,52.60,52.70,0.00,70153,3711396,54
2023-09-20,TPEx,8107,大億金茂,16.50,16.60,16.35,16.50,-0.10,53422,877631,49
2023-09-20,TPEx,8109,博大,99.80,101.00,99.70,101.00,+0.50,196345,19719604,223
2023-09-20,TPEx,8111,立碁,18.05,18.15,17.90,17.90,-0.25,103170,1858508,95
2023-09-20,TPEx,8121,越峰,26.20,26.20,25.65,25.65,-0.45,90473,2345070,137
2023-09-20,TPEx,8147,正淩,74.80,76.10,74.50,75.00,-0.40,303468,22779214,194
2023-09-20,TPEx,8155,博智,155.00,157.00,150.00,152.00,-2.50,2227217,342782856,1959
2023-09-20,TPEx,8171,天宇,40.90,41.65,40.90,41.25,0.00,162752,6729148,270
2023-09-20,TPEx,8176,智捷,11.90,11.90,11.55,11.60,+0.10,211012,2469825,128
2023-09-20,TPEx,8182,加高,31.45,31.50,30.95,31.40,-0.05,67786,2119304,60
2023-09-20,TPEx,8183,精星,51.70,51.70,50.60,50.60,-0.90,377442,19272878,403
2023-09-20,TPEx,8227,巨有科技,170.50,177.50,169.00,170.00,0.00,1091000,188243031,1412
2023-09-20,TPEx,8234,新漢,49.50,51.90,49.50,50.50,+1.05,861016,43766731,790
2023-09-20,TPEx,8240,華宏,38.35,38.35,37.15,37.15,-0.35,265239,9964175,218
2023-09-20,TPEx,8255,朋程,174.50,175.00,170.50,171.00,-3.00,558233,96141544,558
2023-09-20,TPEx,8277,商丞,11.55,12.15,11.55,11.70,+0.20,187235,2217971,153
2023-09-20,TPEx,8279,生展,171.00,171.00,168.00,169.00,-1.00,10059,1697480,20
2023-09-20,TPEx,8284,三竹,60.90,60.90,60.90,60.90,0.00,1118,68052,8
2023-09-20,TPEx,8289,泰藝,32.40,33.30,32.40,32.55,+0.35,1308439,42974320,692
2023-09-20,TPEx,8291,尚茂,,,,,,998,6586,1
2023-09-20,TPEx,8299,群聯,467.50,470.00,456.50,460.00,-7.00,2009849,931616380,2738
2023-09-20,TPEx,8342,益張,61.40,61.40,60.10,60.10,-0.90,7800,475100,10
2023-09-20,TPEx,8349,恒耀,62.40,62.70,61.60,61.80,-0.60,163664,10141312,165
2023-09-20,TPEx,8349A,恒耀甲特,42.40,42.40,42.35,42.40,+0.05,22000,932050,10
2023-09-20,TPEx,8354,冠好,14.45,14.50,14.40,14.45,0.00,21741,314178,58
2023-09-20,TPEx,8358,金居,62.50,63.20,61.40,61.70,-0.70,4698254,292014510,3502
2023-09-20,TPEx,8383,千附,37.70,38.00,37.45,37.50,0.00,136474,5143468,124
2023-09-20,TPEx,8390,金益鼎,51.60,51.60,50.80,51.20,0.00,463469,23720031,404
2023-09-20,TPEx,8401,白紗科,20.45,20.55,20.40,20.45,0.00,58484,1197216,46
2023-09-20,TPEx,8403,盛弘,32.65,32.65,32.25,32.35,-0.10,166456,5396571,139
2023-09-20,TPEx,8409,商之器,25.75,25.95,25.30,25.40,-0.40,88254,2252684,91
2023-09-20,TPEx,8410,森田,56.80,57.10,56.10,56.20,-0.50,71192,4030378,75
2023-09-20,TPEx,8415,大國鋼,34.30,34.30,34.05,34.20,+0.15,92108,3145667,65
2023-09-20,TPEx,8416,實威,136.00,136.00,135.00,135.50,-0.50,5272,714071,12
2023-09-20,TPEx,8418,捷必勝-KY,8.88,8.88,8.86,8.86,+0.03,4000,35460,3
2023-09-20,TPEx,8420,明揚,85.00,86.30,84.70,84.90,-0.10,250055,21296947,239
2023-09-20,TPEx,8421,旭源,12.85,12.95,12.85,12.85,-0.05,37717,486231,40
2023-09-20,TPEx,8423,保綠-KY,20.80,20.80,20.80,20.80,0.00,1276,26657,9
2023-09-20,TPEx,8424,惠普,67.70,67.70,67.60,67.60,-0.20,14777,1000051,19
2023-09-20,TPEx,8426,紅木-KY,52.50,52.70,51.50,51.90,+0.20,86294,4500889,78
2023-09-20,TPEx,8431,匯鑽科,61.20,61.60,60.40,60.40,-0.20,91123,5555755,66
2023-09-20,TPEx,8432,東生華,46.15,46.15,45.60,45.60,-0.50,17000,776550,13
2023-09-20,TPEx,8433,弘帆,78.50,78.70,77.70,77.70,-1.30,80111,6260617,63
2023-09-20,TPEx,8435,鉅邁,60.80,60.80,60.60,60.70,-0.10,23774,1443864,62
2023-09-20,TPEx,8436,大江,173.00,173.00,170.50,171.50,-1.50,280931,48168976,301
2023-09-20,TPEx,8437,大地-KY,77.60,78.20,77.60,77.60,0.00,9691,755711,76
2023-09-20,TPEx,8440,綠電,37.20,37.25,36.80,36.80,-0.50,51707,1914045,87
2023-09-20,TPEx,8444,綠河-KY,,,,,,152,5391,11
2023-09-20,TPEx,8446,華研,103.00,104.00,102.50,103.50,+0.50,228463,23634440,238
2023-09-20,TPEx,8450,霹靂,23.80,23.80,23.35,23.45,-0.10,20453,484432,69
2023-09-20,TPEx,8455,大拓-KY,20.65,20.65,20.65,20.65,0.00,1000,20650,1
2023-09-20,TPEx,8472,夠麻吉,30.90,31.95,30.90,31.95,+1.15,3004,94270,7
2023-09-20,TPEx,8476,台境,67.50,68.10,67.40,67.80,+0.40,152723,10360489,124
2023-09-20,TPEx,8477,創業家,16.05,16.15,15.80,15.90,-0.40,102679,1638952,78
2023-09-20,TPEx,8489,三貝德,24.65,24.65,24.20,24.30,-0.35,27158,661508,29
2023-09-20,TPEx,8905,裕國,30.00,30.20,29.55,30.10,+0.75,521926,15654276,359
2023-09-20,TPEx,8906,花王,17.00,17.05,16.85,17.00,-0.05,31376,532416,11
2023-09-20,TPEx,8908,欣雄,66.10,66.20,65.80,65.90,-0.40,27478,1815681,80
2023-09-20,TPEx,8916,光隆,53.70,53.70,52.50,52.50,-0.70,233679,12345494,237
2023-09-20,TPEx,8917,欣泰,70.70,70.70,69.20,69.60,-0.40,40294,2819070,21
2023-09-20,TPEx,8921,沈氏,,,,,,0,0,0
2023-09-20,TPEx,8923,時報,19.05,19.05,19.05,19.05,+0.20,2476,47896,9
2023-09-20,TPEx,8924,大田,91.70,91.70,91.00,91.30,0.00,69057,6297355,103
2023-09-20,TPEx,8927,北基,58.00,58.60,57.20,58.60,+0.40,1004442,58166301,534
2023-09-20,TPEx,8928,鉅明,34.00,34.40,33.90,33.90,-0.10,78077,2666314,40
2023-09-20,TPEx,8929,富堡,20.45,20.45,20.45,20.45,+0.05,2806,57668,56
2023-09-20,TPEx,8930,青鋼,32.85,32.85,31.85,31.90,-0.55,905845,29092233,580
2023-09-20,TPEx,8931,大汽電,44.40,44.40,43.00,43.15,-1.25,152743,6618870,205
2023-09-20,TPEx,8932,宏大,81.60,82.10,78.00,80.20,-1.40,1185158,94729226,595
2023-09-20,TPEx,8933,愛地雅,10.15,10.15,9.80,9.99,-0.06,509382,5083449,384
2023-09-20,TPEx,8935,邦泰,12.45,12.45,12.20,12.25,+0.20,51474,634311,48
2023-09-20,TPEx,8936,國統,30.90,31.20,30.55,30.55,-0.30,940375,28850659,530
2023-09-20,TPEx,8937,合騏,21.60,21.95,21.50,21.50,-0.10,21020,454383,13
2023-09-20,TPEx,8938,明安,77.50,77.50,76.10,76.90,-0.80,307102,23569092,375
2023-09-20,TPEx,8941,關中,59.00,59.00,58.60,58.60,0.00,4001,235658,5
2023-09-20,TPEx,8942,森鉅,74.50,74.60,73.70,74.30,0.00,292326,21640471,478
2023-09-20,TPEx,9949,琉園,13.55,13.60,13.40,13.40,-0.10,6765,91149,50
2023-09-20,TPEx,9950,萬國通,18.20,18.75,17.90,18.10,+0.10,497490,9043554,355
2023-09-20,TPEx,9951,皇田,80.20,81.90,80.20,81.00,+0.80,821495,66551625,827
2023-09-20,TPEx,9960,邁達康,26.35,26.45,26.30,26.45,-0.10,6007,158282,10
2023-09-20,TPEx,9962,有益,17.70,17.70,17.50,17.55,-0.15,174167,3066350,114
