date,market,code,name,open,high,low,close,change,volume,value,transactions
2023-11-28,TWSE,0050,元大台灣50,130.40,131.80,130.30,131.25,0.90,9871026,1294408032,8229
2023-11-28,TWSE,0051,元大中型100,69.25,69.95,69.05,69.90,1.00,78444,5454983,227
2023-11-28,TWSE,0052,富邦科技,121.30,122.65,121.30,122.60,1.25,747454,91083462,485
2023-11-28,TWSE,0053,元大電子,68.20,68.75,68.20,68.75,0.55,8953,611689,841
2023-11-28,TWSE,0055,元大MSCI金融,23.82,24.00,23.78,23.92,0.09,199328,4765597,290
2023-11-28,TWSE,0056,元大高股息,34.79,34.95,34.76,34.90,0.15,11674533,406846005,8962
2023-11-28,TWSE,0057,富邦摩台,95.45,96.05,95.45,96.05,0.60,5178,494996,870
2023-11-28,TWSE,0061,元大寶滬深,16.93,16.97,16.89,16.94,0.05,101766,1721000,844
2023-11-28,TWSE,006203,元大MSCI台灣,63.30,63.55,63.30,63.55,0.25,3932,248928,865
2023-11-28,TWSE,006204,永豐臺灣加權,85.90,86.80,85.75,86.75,1.10,17088,1468104,606
2023-11-28,TWSE,006205,富邦上証,28.73,28.82,28.62,28.65,-0.10,1155009,33118826,434
2023-11-28,TWSE,006206,元大上證50,27.60,27.60,27.51,27.55,-0.20,84684,2332087,377
2023-11-28,TWSE,006207,復華滬深,22.14,22.18,22.14,22.14,-0.01,161375,3575592,846
2023-11-28,TWSE,006208,富邦台50,74.25,75.15,74.25,74.85,0.65,2324189,173957126,2650
2023-11-28,TWSE,00625K,富邦上証+R,,,,,0.00,0,0,0
2023-11-28,TWSE,00631L,元大台灣50正2,140.20,143.50,140.20,142.85,3.45,2494943,354661826,2039
2023-11-28,TWSE,00632R,元大台灣50反1,4.67,4.67,4.61,4.63,-0.05,91126853,422225562,4344
2023-11-28,TWSE,00633L,富邦上証正2,31.40,31.61,31.25,31.30,-0.02,3454209,108365902,674
2023-11-28,TWSE,00634R,富邦上証反1,4.86,4.86,4.84,4.85,-0.03,578311,2805307,23
2023-11-28,TWSE,00635U,期元大S&P黃金,24.60,24.61,24.53,24.55,0.00,243311,5976379,119
2023-11-28,TWSE,00636,國泰中國A50,19.62,19.62,19.52,19.53,-0.07,954967,18674049,579
2023-11-28,TWSE,00636K,國泰中國A50+U,6.22,6.22,6.22,6.22,0.02,200,1244,2
2023-11-28,TWSE,00637L,元大滬深300正2,12.50,12.56,12.40,12.40,-0.03,40887685,509379428,3724
2023-11-28,TWSE,00638R,元大滬深300反1,10.24,10.24,10.20,10.23,-0.05,442000,4517540,16
2023-11-28,TWSE,00639,富邦深100,10.69,10.72,10.66,10.69,-0.04,124184,1327353,361
2023-11-28,TWSE,00640L,富邦日本正2,42.74,42.85,42.62,42.80,-0.27,436090,18649990,123
2023-11-28,TWSE,00641R,富邦日本反1,7.61,7.62,7.60,7.60,0.01,518007,3941583,45
2023-11-28,TWSE,00642U,期元大S&P石油,16.55,16.60,16.50,16.51,0.01,1952122,32279254,637
2023-11-28,TWSE,00643,群益深証中小,12.16,12.19,12.12,12.14,-0.08,592977,7208535,239
2023-11-28,TWSE,00643K,群益深証中小+R,,,,,0.00,0,0,0
2023-11-28,TWSE,00645,富邦日本,32.36,32.41,32.32,32.41,-0.11,423489,13698709,674
2023-11-28,TWSE,00646,元大S&P500,44.71,44.71,44.58,44.60,-0.15,353151,15760430,559
2023-11-28,TWSE,00647L,元大S&P500正2,64.65,64.70,64.50,64.55,0.05,183909,11884881,38
2023-11-28,TWSE,00648R,元大S&P500反1,6.51,6.51,6.49,6.50,-0.02,354058,2299238,39
2023-11-28,TWSE,00650L,復華香港正2,10.08,10.18,9.98,10.02,-0.06,5983863,60276236,978
2023-11-28,TWSE,00651R,復華香港反1,9.18,9.25,9.16,9.25,0.01,368206,3389082,34
2023-11-28,TWSE,00652,富邦印度,32.70,32.70,32.56,32.61,-0.01,214014,6977517,627
2023-11-28,TWSE,00653L,富邦印度正2,48.23,48.45,48.23,48.29,0.06,72066,3484425,27
2023-11-28,TWSE,00654R,富邦印度反1,7.49,7.52,7.49,7.52,-0.01,20007,150002,7
2023-11-28,TWSE,00655L,國泰中國A50正2,21.95,22.00,21.75,21.77,-0.02,1567698,34248774,309
2023-11-28,TWSE,00656R,國泰中國A50反1,9.16,9.16,9.14,9.16,-0.04,594000,5433580,14
2023-11-28,TWSE,00657,國泰日經225,39.20,39.20,39.09,39.18,-0.07,254128,9939340,976
2023-11-28,TWSE,00657K,國泰日經225+U,12.42,12.42,12.42,12.42,0.00,200,2484,2
2023-11-28,TWSE,00660,元大歐洲50,31.88,31.88,31.76,31.86,0.02,31643,1004823,650
2023-11-28,TWSE,00661,元大日經225,42.43,42.49,42.39,42.49,-0.06,1247785,52965161,282
2023-11-28,TWSE,00662,富邦NASDAQ,64.65,64.80,64.55,64.60,-0.05,1968910,127212066,570
2023-11-28,TWSE,00663L,國泰臺灣加權正2,130.30,132.80,130.30,132.20,2.95,120007,15879974,14
2023-11-28,TWSE,00664R,國泰臺灣加權反1,5.26,5.26,5.20,5.21,-0.06,6080697,31747880,370
2023-11-28,TWSE,00665L,富邦恒生國企正2,6.35,6.41,6.26,6.29,-0.05,26014731,164616814,2157
2023-11-28,TWSE,00666R,富邦恒生國企反1,15.77,15.94,15.77,15.94,0.04,344003,5453207,25
2023-11-28,TWSE,00668,國泰美國道瓊,40.44,40.44,40.41,40.43,-0.11,92771,3750368,220
2023-11-28,TWSE,00668K,國泰美國道瓊+U,12.83,12.83,12.83,12.83,0.00,200,2566,2
2023-11-28,TWSE,00669R,國泰美國道瓊反1,7.73,7.73,7.70,7.71,-0.03,2204000,16986950,186
2023-11-28,TWSE,00670L,富邦NASDAQ正2,90.40,90.60,90.40,90.55,0.80,1458774,131971705,453
2023-11-28,TWSE,00671R,富邦NASDAQ反1,4.59,4.60,4.58,4.59,-0.02,7788331,35742961,254
2023-11-28,TWSE,00673R,期元大S&P原油反1,8.14,8.15,8.10,8.15,-0.02,9981552,81120057,612
2023-11-28,TWSE,00674R,期元大S&P黃金反1,12.11,12.12,12.09,12.12,-0.02,341692,4138065,122
2023-11-28,TWSE,00675L,富邦臺灣加權正2,56.70,58.05,56.70,57.75,1.35,1623168,93558675,861
2023-11-28,TWSE,00676R,富邦臺灣加權反1,2.91,2.91,2.87,2.88,-0.04,4607218,13294703,427
2023-11-28,TWSE,00678,群益那斯達克生技,24.04,24.04,23.92,23.97,-0.11,241966,5795324,348
2023-11-28,TWSE,00680L,元大美債20正2,8.47,8.49,8.44,8.47,0.21,31350462,265533819,2434
2023-11-28,TWSE,00681R,元大美債20反1,20.81,20.81,20.75,20.79,-0.31,611093,12694802,115
2023-11-28,TWSE,00682U,期元大美元指數,20.69,20.69,20.67,20.67,-0.07,10014,207029,8
2023-11-28,TWSE,00683L,期元大美元指正2,21.86,21.86,21.81,21.85,-0.08,94020,2052966,41
2023-11-28,TWSE,00684R,期元大美元指反1,15.81,15.82,15.81,15.82,0.04,5000,79090,5
2023-11-28,TWSE,00685L,群益臺灣加權正2,50.45,51.55,50.45,51.40,1.20,255244,13017486,61
2023-11-28,TWSE,00686R,群益臺灣加權反1,3.14,3.14,3.10,3.12,-0.03,921100,2879773,36
2023-11-28,TWSE,00688L,國泰20年美債正2,8.42,8.43,8.39,8.41,0.21,12299512,103479116,995
2023-11-28,TWSE,00689R,國泰20年美債反1,21.54,21.58,21.53,21.54,-0.34,136000,2930260,12
2023-11-28,TWSE,00690,兆豐藍籌30,28.34,28.53,28.31,28.49,0.23,743797,21153369,1084
2023-11-28,TWSE,00692,富邦公司治理,31.45,31.73,31.45,31.65,0.25,3297720,104329372,2509
2023-11-28,TWSE,00693U,期街口S&P黃豆,27.50,27.51,27.47,27.50,0.13,18018,495405,9
2023-11-28,TWSE,00700,富邦恒生國企,11.93,11.97,11.84,11.84,-0.10,279655,3335555,797
2023-11-28,TWSE,00701,國泰股利精選30,26.11,26.28,26.08,26.15,0.16,1638500,42857014,643
2023-11-28,TWSE,00702,國泰標普低波高息,20.43,20.45,20.40,20.45,-0.01,62740,1280827,636
2023-11-28,TWSE,00703,台新MSCI中國,14.67,14.73,14.58,14.64,-0.06,101800,1493254,682
2023-11-28,TWSE,00706L,期元大S&P日圓正2,7.34,7.36,7.32,7.33,0.07,4897276,35933654,524
2023-11-28,TWSE,00707R,期元大S&P日圓反1,27.59,27.59,27.47,27.57,-0.15,8000,220220,5
2023-11-28,TWSE,00708L,期元大S&P黃金正2,27.00,27.00,26.86,26.90,0.09,626173,16856077,157
2023-11-28,TWSE,00709,富邦歐洲,25.80,25.84,25.80,25.83,0.05,26499,684210,20
2023-11-28,TWSE,00710B,復華彭博非投等債,18.51,18.51,18.46,18.51,-0.01,387095,7154572,109
2023-11-28,TWSE,00711B,復華彭博新興債,15.42,15.42,15.41,15.42,0.03,68418,1054219,616
2023-11-28,TWSE,00712,復華富時不動產,9.40,9.41,9.37,9.39,-0.05,21259882,199460126,7198
2023-11-28,TWSE,00713,元大台灣高息低波,49.00,49.38,49.00,49.27,0.34,2808594,138278819,3258
2023-11-28,TWSE,00714,群益道瓊美國地產,18.21,18.21,18.10,18.12,0.01,251707,4558610,123
2023-11-28,TWSE,00715L,期街口布蘭特正2,14.41,14.48,14.31,14.34,0.03,12999931,187029609,2072
2023-11-28,TWSE,00717,富邦美國特別股,14.63,14.63,14.60,14.60,0.01,229190,3346663,387
2023-11-28,TWSE,00728,第一金工業30,26.62,26.92,26.62,26.90,0.25,613542,16471550,295
2023-11-28,TWSE,00730,富邦臺灣優質高息,19.12,19.28,19.12,19.24,0.12,399718,7692238,397
2023-11-28,TWSE,00731,復華富時高息低波,65.55,66.05,65.50,66.05,0.50,539331,35541067,185
2023-11-28,TWSE,00733,富邦臺灣中小,54.30,55.20,54.30,55.15,1.10,560819,30777987,726
2023-11-28,TWSE,00735,國泰臺韓科技,29.39,29.65,29.39,29.65,0.25,104368,3091883,373
2023-11-28,TWSE,00736,國泰新興市場,19.99,19.99,19.98,19.98,-0.04,102161,2042156,152
2023-11-28,TWSE,00737,國泰AI機器人,28.74,28.74,28.65,28.67,-0.12,74122,2125237,259
2023-11-28,TWSE,00738U,期元大道瓊白銀,23.48,23.48,23.30,23.35,-0.06,136095,3180752,63
2023-11-28,TWSE,00739,元大MSCI A股,20.53,20.54,20.46,20.52,-0.08,26802,549294,164
2023-11-28,TWSE,00752,中信中國50,17.45,17.50,17.29,17.29,-0.15,1943794,33726964,785
2023-11-28,TWSE,00753L,中信中國50正2,8.03,8.03,7.87,7.89,-0.07,11059347,87703435,1645
2023-11-28,TWSE,00757,統一FANG+,62.75,62.85,62.70,62.75,-0.10,880396,55254527,912
2023-11-28,TWSE,00762,元大全球AI,47.78,47.82,47.64,47.67,-0.04,70380,3355972,319
2023-11-28,TWSE,00763U,期街口道瓊銅,23.55,23.55,23.48,23.49,-0.15,8000,188120,7
2023-11-28,TWSE,00770,國泰北美科技,38.00,38.00,37.81,37.88,0.02,111380,4214420,244
2023-11-28,TWSE,00771,元大US高息特別股,16.12,16.12,16.11,16.11,-0.01,17915,288477,838
2023-11-28,TWSE,00775B,台新投等債15+,32.70,32.75,32.70,32.75,0.31,3962,128987,869
2023-11-28,TWSE,00783,富邦中証500,18.82,18.85,18.79,18.79,-0.01,32967,619439,917
2023-11-28,TWSE,00830,國泰費城半導體,34.27,34.31,34.26,34.30,0.00,1451886,49778764,618
2023-11-28,TWSE,00850,元大臺灣ESG永續,33.80,34.08,33.79,33.97,0.23,2485785,84494962,1015
2023-11-28,TWSE,00851,台新全球AI,35.30,35.34,35.27,35.27,-0.08,12659,446806,77
2023-11-28,TWSE,00852L,國泰美國道瓊正2,20.24,20.24,20.22,20.22,0.01,67240,1360140,17
2023-11-28,TWSE,00861,元大全球未來通訊,32.92,32.96,32.88,32.91,-0.01,78058,2568412,94
2023-11-28,TWSE,00865B,國泰US短期公債,43.08,43.11,43.02,43.09,-0.19,182282,7852316,275
2023-11-28,TWSE,00875,國泰網路資安,28.61,28.61,28.58,28.60,0.00,59062,1688793,93
2023-11-28,TWSE,00876,元大全球5G,31.26,31.32,31.20,31.23,0.03,300241,9382696,239
2023-11-28,TWSE,00878,國泰永續高股息,20.36,20.50,20.35,20.43,0.11,29668999,606049529,11393
2023-11-28,TWSE,00881,國泰台灣科技龍頭,17.43,17.66,17.43,17.61,0.15,7252576,127606790,1995
2023-11-28,TWSE,00882,中信中國高股息,10.62,10.65,10.57,10.62,0.00,8763321,92934162,2910
2023-11-28,TWSE,00885,富邦越南,11.64,11.65,11.50,11.55,-0.10,16122587,186201613,5616
2023-11-28,TWSE,00891,中信關鍵半導體,15.25,15.46,15.25,15.43,0.21,7840193,120779073,2214
2023-11-28,TWSE,00892,富邦台灣半導體,13.33,13.53,13.31,13.51,0.21,5340072,71990891,1144
2023-11-28,TWSE,00893,國泰智能電動車,16.96,16.97,16.93,16.94,-0.02,1825699,30939953,1143
2023-11-28,TWSE,00894,中信小資高價30,14.99,15.21,14.97,15.20,0.25,2025610,30694562,558
2023-11-28,TWSE,00895,富邦未來車,19.21,19.28,19.17,19.18,0.00,659057,12649336,653
2023-11-28,TWSE,00896,中信綠能及電動車,15.57,15.76,15.57,15.72,0.16,1816391,28545627,555
2023-11-28,TWSE,00897,富邦基因免疫生技,6.79,6.79,6.75,6.76,-0.01,597348,4040019,267
2023-11-28,TWSE,00898,國泰基因免疫革命,6.80,6.80,6.77,6.77,-0.03,410686,2782983,157
2023-11-28,TWSE,00899,FT潔淨能源,17.06,17.06,17.03,17.04,0.03,53216,906114,509
2023-11-28,TWSE,00900,富邦特選高股息30,13.05,13.15,13.03,13.13,0.13,19969992,261923115,4268
2023-11-28,TWSE,00901,永豐智能車供應鏈,14.46,14.69,14.46,14.66,0.20,1338980,19590154,264
2023-11-28,TWSE,00902,中信電池及儲能,9.76,9.76,9.69,9.70,-0.04,2824302,27427872,1072
2023-11-28,TWSE,00903,富邦元宇宙,11.79,11.82,11.79,11.80,0.01,563953,6656023,188
2023-11-28,TWSE,00904,台新臺灣半導體30,14.34,14.58,14.34,14.56,0.25,2198659,31883162,488
2023-11-28,TWSE,00905,FT臺灣Smart,10.01,10.10,10.01,10.08,0.07,2175148,21882895,589
2023-11-28,TWSE,00907,永豐優息存股,14.48,14.61,14.48,14.56,0.12,3338464,48620183,722
2023-11-28,TWSE,00908,富邦入息REITs+,11.85,11.87,11.84,11.85,-0.02,536787,6366456,104
2023-11-28,TWSE,00909,國泰數位支付服務,19.03,19.03,18.95,18.96,0.06,77383,1466800,305
2023-11-28,TWSE,00910,第一金太空衛星,15.52,15.52,15.50,15.51,-0.04,113821,1765431,13
2023-11-28,TWSE,00911,兆豐洲際半導體,21.26,21.26,21.24,21.24,-0.04,54127,1149708,8
2023-11-28,TWSE,00912,中信臺灣智慧50,15.27,15.40,15.26,15.35,0.12,2031114,31205908,208
2023-11-28,TWSE,00913,兆豐台灣晶圓製造,17.32,17.53,17.32,17.53,0.23,231057,4033983,28
2023-11-28,TWSE,00915,凱基優選高股息30,21.62,21.69,21.56,21.66,0.11,5561407,120278682,1160
2023-11-28,TWSE,00916,國泰全球品牌50,19.08,19.08,19.01,19.03,0.01,316008,6016307,313
2023-11-28,TWSE,00917,中信特選金融,16.15,16.15,16.12,16.13,-0.06,294219,4745061,95
2023-11-28,TWSE,00918,大華優利高填息30,21.01,21.23,21.01,21.21,0.23,1761188,37307983,511
2023-11-28,TWSE,00919,群益台灣精選高息,21.44,21.55,21.41,21.53,0.11,32032328,688372790,8968
2023-11-28,TWSE,00920,富邦ESG綠色電力,13.91,13.98,13.91,13.93,0.03,390077,5446320,359
2023-11-28,TWSE,00921,兆豐龍頭等權重,17.93,18.06,17.90,17.99,0.17,1121171,20176931,419
2023-11-28,TWSE,00922,國泰台灣領袖50,16.15,16.33,16.15,16.27,0.14,4537246,73827706,1546
2023-11-28,TWSE,00923,群益台ESG低碳50,16.56,16.71,16.55,16.66,0.12,6446602,107262220,1983
2023-11-28,TWSE,00924,復華S&P500成長,17.38,17.40,17.34,17.35,-0.03,724158,12567294,447
2023-11-28,TWSE,00925,新光標普電動車,15.46,15.46,15.43,15.44,-0.03,286000,4416240,10
2023-11-28,TWSE,00926,凱基全球菁英55,16.63,16.63,16.57,16.57,-0.06,252799,4192528,65
2023-11-28,TWSE,00927,群益半導體收益,16.48,16.66,16.44,16.65,0.20,1582464,26255129,440
2023-11-28,TWSE,00929,復華台灣科技優息,17.99,18.14,17.99,18.14,0.15,69192038,1251687830,14701
2023-11-28,TWSE,00930,永豐ESG低碳高息,17.43,17.61,17.37,17.61,0.25,2132337,37370957,480
2023-11-28,TWSE,00932,兆豐永續高息等權,15.65,15.80,15.65,15.80,0.15,2441743,38497250,606
2023-11-28,TWSE,00934,中信成長高股息,16.15,16.26,16.13,16.26,0.14,11301036,183285156,2107
2023-11-28,TWSE,00935,野村臺灣新科技50,16.25,16.46,16.24,16.44,0.19,6832062,112006658,1411
2023-11-28,TWSE,00936,台新永續高息中小,15.34,15.55,15.33,15.54,0.26,14305385,221469797,2574
2023-11-28,TWSE,01001T,土銀富邦R1,14.31,14.33,14.25,14.33,-0.01,153000,2188870,16
2023-11-28,TWSE,01002T,土銀國泰R1,16.89,16.93,16.80,16.93,0.01,2279499,38440993,40
2023-11-28,TWSE,01003T,兆豐新光R1,22.04,22.32,21.84,22.15,0.19,6657750,147921600,218
2023-11-28,TWSE,01004T,土銀富邦R2,13.30,13.30,13.23,13.23,-0.01,16000,212180,5
2023-11-28,TWSE,01007T,兆豐國泰R2,16.50,16.50,16.47,16.47,-0.04,12000,197700,5
2023-11-28,TWSE,01009T,王道圓滿R1,8.02,8.02,8.02,8.02,-0.03,5000,40100,1
2023-11-28,TWSE,01010T,京城樂富R1,10.04,10.04,10.02,10.02,0.01,3000,30080,3
2023-11-28,TWSE,020000,富邦特選蘋果N,9.14,9.19,9.14,9.19,0.00,13000,118970,2
2023-11-28,TWSE,020002,元富新中國N,,,,,0.00,0,0,0
2023-11-28,TWSE,020007,凱基臺灣500N,,,,,0.00,0,0,0
2023-11-28,TWSE,020011,統一微波高息20N,,,,,0.00,0,0,0
2023-11-28,TWSE,020012,富邦行動通訊N,9.52,9.61,9.52,9.61,0.13,25000,238950,4
2023-11-28,TWSE,020015,統一MSCI美低波N,,,,,0.00,0,0,0
2023-11-28,TWSE,020016,統一MSCI美科技N,,,,,0.00,0,0,0
2023-11-28,TWSE,020018,統一價值成長30N,19.02,19.03,19.02,19.03,0.15,3000,57070,2
2023-11-28,TWSE,020019,統一特選台灣5GN,14.82,14.84,14.82,14.84,0.00,5000,74160,2
2023-11-28,TWSE,02001L,富邦蘋果正二N,16.25,16.57,16.25,16.56,0.46,91000,1497610,16
2023-11-28,TWSE,02001R,富邦蘋果反一N,2.04,2.04,2.04,2.04,0.01,1000,2040,1
2023-11-28,TWSE,02001S,策元大加權策略N,5.83,5.83,5.82,5.82,0.03,5000,29140,2
2023-11-28,TWSE,020020,元大台股領航N,8.19,8.28,8.19,8.25,0.06,41000,337790,17
2023-11-28,TWSE,020022,元大電動車N,7.57,7.60,7.51,7.56,0.06,569000,4306000,121
2023-11-28,TWSE,020028,元大特選電動車N,7.23,7.34,7.23,7.30,0.07,481000,3514730,150
2023-11-28,TWSE,020029,元大ESG高股息N,6.63,6.67,6.63,6.65,0.05,143000,949940,19
2023-11-28,TWSE,020030,統一智慧電動車N,4.86,4.89,4.86,4.89,0.02,106000,517630,8
2023-11-28,TWSE,020031,統一IC設計臺灣N,5.48,5.59,5.48,5.58,0.13,90000,498420,20
2023-11-28,TWSE,020032,元大綠能N,5.26,5.31,5.26,5.31,0.08,23000,121780,9
2023-11-28,TWSE,020034,元大IC設計N,7.13,7.31,7.13,7.30,0.20,86000,621590,25
2023-11-28,TWSE,020036,元大金融配息N,5.49,5.49,5.49,5.49,0.00,5000,27450,1
2023-11-28,TWSE,020037,元大金融高股息N,5.62,5.63,5.62,5.63,0.05,10000,56280,4
2023-11-28,TWSE,020038,元大ESG配息N,5.90,5.93,5.90,5.92,0.05,104000,615220,25
2023-11-28,TWSE,020039,元大加權N,5.11,5.18,5.11,5.18,0.07,228000,1179520,54
2023-11-28,TWSE,1101,台泥,35.00,35.50,34.50,34.50,0.55,65709089,2292862986,29977
2023-11-28,TWSE,1101B,台泥乙特,47.85,47.85,47.85,47.85,0.00,1169,55919,7
2023-11-28,TWSE,1102,亞泥,42.00,42.30,41.90,42.10,0.30,5388254,227035665,2988
2023-11-28,TWSE,1103,嘉泥,19.05,19.30,18.90,19.05,0.10,529917,10100484,304
2023-11-28,TWSE,1104,環泥,28.10,28.60,28.10,28.55,0.50,1499720,42707288,808
2023-11-28,TWSE,1108,幸福,14.90,15.15,14.90,15.10,0.20,463191,6979890,205
2023-11-28,TWSE,1109,信大,18.30,18.35,18.20,18.20,-0.05,203099,3713939,155
2023-11-28,TWSE,1110,東泥,18.90,19.10,18.90,19.00,0.05,183631,3488432,111
2023-11-28,TWSE,1201,味全,19.10,19.35,19.10,19.30,0.20,235495,4538007,257
2023-11-28,TWSE,1203,味王,49.80,51.00,49.55,50.10,0.60,79376,4007671,108
2023-11-28,TWSE,1210,大成,55.30,55.80,55.20,55.80,0.80,1673875,93095278,1417
2023-11-28,TWSE,1213,大飲,6.71,6.77,6.60,6.60,-0.25,46552,310006,18
2023-11-28,TWSE,1215,卜蜂,94.20,95.00,94.20,94.90,1.10,560578,53047433,668
2023-11-28,TWSE,1216,統一,72.60,73.20,71.80,71.80,-0.20,25888178,1874035646,13729
2023-11-28,TWSE,1217,愛之味,11.80,11.90,11.75,11.80,0.05,1748756,20688647,510
2023-11-28,TWSE,1218,泰山,21.55,21.65,21.40,21.45,-0.05,788849,16957834,578
2023-11-28,TWSE,1219,福壽,19.20,19.45,19.20,19.45,0.20,186439,3608406,185
2023-11-28,TWSE,1220,台榮,14.10,14.15,14.05,14.10,0.00,109523,1545116,80
2023-11-28,TWSE,1225,福懋油,55.00,55.50,54.20,54.40,0.00,109488,5958656,32
2023-11-28,TWSE,1227,佳格,39.40,39.90,39.20,39.60,0.35,658965,26050401,496
2023-11-28,TWSE,1229,聯華,66.50,67.40,66.50,67.00,0.60,966495,64869995,1274
2023-11-28,TWSE,1231,聯華食,89.30,90.20,89.30,89.50,0.30,261951,23527916,488
2023-11-28,TWSE,1232,大統益,143.00,144.50,143.00,144.50,1.00,40956,5887034,143
2023-11-28,TWSE,1233,天仁,34.90,35.00,34.90,35.00,0.00,3041,106233,9
2023-11-28,TWSE,1234,黑松,39.10,39.45,39.05,39.25,0.20,223548,8771296,172
2023-11-28,TWSE,1235,興泰,87.70,89.50,87.70,89.00,1.60,7351,651328,15
2023-11-28,TWSE,1236,宏亞,24.45,24.45,24.15,24.30,0.15,24750,599510,78
2023-11-28,TWSE,1256,鮮活果汁-KY,251.50,251.50,251.00,251.50,1.50,4975,1246408,89
2023-11-28,TWSE,1301,台塑,81.80,82.00,81.40,82.00,0.60,6989824,572121910,3924
2023-11-28,TWSE,1303,南亞,68.10,69.50,67.80,68.60,0.90,11050844,761490915,5066
2023-11-28,TWSE,1304,台聚,19.75,19.95,19.70,19.85,0.10,584300,11593005,451
2023-11-28,TWSE,1305,華夏,23.40,23.60,23.35,23.45,0.20,876558,20598603,493
2023-11-28,TWSE,1307,三芳,26.30,26.90,26.30,26.70,0.45,320132,8537959,222
2023-11-28,TWSE,1308,亞聚,23.65,24.00,23.65,24.00,0.30,787013,18821165,606
2023-11-28,TWSE,1309,台達化,17.10,17.25,17.10,17.20,0.10,217811,3739415,271
2023-11-28,TWSE,1310,台苯,16.40,16.65,16.40,16.60,0.20,1180898,19561423,665
2023-11-28,TWSE,1312,國喬,16.10,16.25,16.05,16.20,0.00,4647985,75115430,1563
2023-11-28,TWSE,1312A,國喬特,26.05,26.10,26.00,26.10,0.00,37000,963850,15
2023-11-28,TWSE,1313,聯成,16.00,16.00,15.90,15.95,0.10,558107,8907071,310
2023-11-28,TWSE,1314,中石化,9.82,9.97,9.81,9.95,0.16,7544614,74793028,1940
2023-11-28,TWSE,1315,達新,71.20,71.50,71.20,71.50,0.20,10277,733526,29
2023-11-28,TWSE,1316,上曜,11.75,11.95,11.70,11.90,0.25,1842347,21731557,705
2023-11-28,TWSE,1319,東陽,74.90,76.60,74.50,76.50,2.50,4323436,328398300,3233
2023-11-28,TWSE,1321,大洋,38.55,39.60,38.55,39.35,0.75,553006,21699218,354
2023-11-28,TWSE,1323,永裕,31.15,31.20,31.10,31.20,0.05,65027,2025180,29
2023-11-28,TWSE,1324,地球,18.10,18.50,18.10,18.30,0.05,1291454,23679418,623
2023-11-28,TWSE,1325,恆大,29.40,29.40,29.00,29.40,2.65,6256526,183871462,2609
2023-11-28,TWSE,1326,台化,63.90,64.50,63.20,64.50,1.20,6239023,400092458,2975
2023-11-28,TWSE,1337,再生-KY,7.16,7.26,7.15,7.15,0.02,208563,1499300,198
2023-11-28,TWSE,1338,廣華-KY,41.55,42.70,41.55,41.80,0.10,474585,19934699,390
2023-11-28,TWSE,1339,昭輝,64.70,65.80,64.40,65.30,1.20,321302,20960400,302
2023-11-28,TWSE,1340,勝悅-KY,11.40,11.55,11.40,11.55,0.10,38300,439453,132
2023-11-28,TWSE,1341,富林-KY,62.60,62.90,62.60,62.90,0.10,14136,886344,39
2023-11-28,TWSE,1342,八貫,118.00,118.50,115.50,118.50,1.00,704813,82554777,719
2023-11-28,TWSE,1402,遠東新,30.90,31.00,30.60,30.60,0.15,15065199,463634568,5524
2023-11-28,TWSE,1409,新纖,15.50,15.70,15.50,15.65,0.15,1059623,16547868,470
2023-11-28,TWSE,1410,南染,37.30,37.50,37.25,37.50,0.20,14101,527377,16
2023-11-28,TWSE,1413,宏洲,8.21,8.22,8.14,8.14,0.07,74764,611720,43
2023-11-28,TWSE,1414,東和,17.60,17.65,17.50,17.60,0.10,78013,1370877,66
2023-11-28,TWSE,1416,廣豐,11.00,11.15,11.00,11.15,0.15,122893,1364864,120
2023-11-28,TWSE,1417,嘉裕,12.00,12.10,12.00,12.10,0.10,200695,2414236,141
2023-11-28,TWSE,1418,東華,21.60,21.60,20.65,20.95,-0.65,14176,301475,18
2023-11-28,TWSE,1419,新紡,44.95,45.25,44.95,45.10,0.55,59891,2701218,57
2023-11-28,TWSE,1423,利華,30.80,32.00,30.80,31.05,0.25,115625,3592510,117
2023-11-28,TWSE,1432,大魯閣,18.50,18.95,18.50,18.70,0.30,381073,7142592,453
2023-11-28,TWSE,1434,福懋,25.40,25.60,25.40,25.55,0.10,1446688,36923777,1024
2023-11-28,TWSE,1435,中福,38.35,39.30,38.30,39.30,0.25,11152,429345,29
2023-11-28,TWSE,1436,華友聯,77.20,77.50,77.10,77.40,0.10,27116,2095653,33
2023-11-28,TWSE,1437,勤益控,29.70,30.20,29.70,30.05,0.45,1201581,35133607,126
2023-11-28,TWSE,1438,三地開發,30.10,30.30,30.05,30.30,0.15,124005,3750400,31
2023-11-28,TWSE,1439,雋揚,23.00,23.00,22.95,22.95,-0.05,10001,229973,7
2023-11-28,TWSE,1440,南紡,16.20,16.65,16.20,16.35,0.20,2235993,36690378,896
2023-11-28,TWSE,1441,大東,13.45,13.45,13.00,13.25,-0.20,28217,373728,174
2023-11-28,TWSE,1442,名軒,38.00,40.15,38.00,39.70,1.80,2996309,117485660,1413
2023-11-28,TWSE,1443,立益物流,28.65,28.80,28.45,28.65,-0.10,15930,456148,24
2023-11-28,TWSE,1444,力麗,10.65,10.80,10.65,10.75,0.15,2362111,25326580,1003
2023-11-28,TWSE,1445,大宇,20.20,20.20,20.05,20.20,0.05,99061,1995278,69
2023-11-28,TWSE,1446,宏和,38.60,38.80,38.55,38.70,0.10,59013,2282247,47
2023-11-28,TWSE,1447,力鵬,7.97,8.07,7.97,8.04,0.07,2349912,18895887,652
2023-11-28,TWSE,1449,佳和,24.45,25.20,24.10,25.10,0.60,11059852,273229992,3826
2023-11-28,TWSE,1451,年興,18.65,18.80,18.65,18.75,0.10,387387,7246227,236
2023-11-28,TWSE,1452,宏益,16.50,16.75,16.50,16.70,0.15,210748,3506963,99
2023-11-28,TWSE,1453,大將,14.25,14.50,14.20,14.50,0.30,110352,1587414,149
2023-11-28,TWSE,1454,台富,17.20,17.30,16.40,17.25,0.15,101290,1720567,56
2023-11-28,TWSE,1455,集盛,11.15,11.25,11.00,11.10,-0.05,933439,10371027,463
2023-11-28,TWSE,1456,怡華,16.30,16.80,16.30,16.80,0.40,148070,2462504,77
2023-11-28,TWSE,1457,宜進,19.75,19.80,18.70,19.00,0.00,3073941,59003339,1219
2023-11-28,TWSE,1459,聯發,10.00,10.05,9.99,10.05,0.05,65664,657382,55
2023-11-28,TWSE,1460,宏遠,7.48,7.50,7.45,7.47,0.01,373439,2788017,145
2023-11-28,TWSE,1463,強盛新,18.50,18.80,18.50,18.75,0.15,185251,3451877,112
2023-11-28,TWSE,1464,得力,13.20,13.35,13.20,13.30,0.15,237773,3154138,224
2023-11-28,TWSE,1465,偉全,13.55,13.60,13.50,13.60,0.05,41101,556727,59
2023-11-28,TWSE,1466,聚隆,11.55,11.55,11.30,11.45,-0.10,110063,1256226,79
2023-11-28,TWSE,1467,南緯,11.10,11.20,11.10,11.15,0.05,761665,8487609,260
2023-11-28,TWSE,1468,昶和,14.05,14.15,13.80,14.15,0.10,33000,461800,28
2023-11-28,TWSE,1470,大統新創,19.55,19.55,19.15,19.35,0.00,54001,1044869,6
2023-11-28,TWSE,1471,首利,18.15,18.45,18.10,18.35,0.30,1104615,20136179,646
2023-11-28,TWSE,1472,三洋實業,52.70,53.80,52.60,53.40,0.80,65126,3482024,64
2023-11-28,TWSE,1473,台南,28.85,29.50,28.85,29.50,0.60,211857,6214647,200
2023-11-28,TWSE,1474,弘裕,11.60,11.70,11.60,11.70,0.10,88325,1029559,80
2023-11-28,TWSE,1475,業旺,50.10,50.10,49.85,50.00,0.15,24429,1220736,27
2023-11-28,TWSE,1476,儒鴻,584.00,590.00,581.00,587.00,6.00,665490,389600739,648
2023-11-28,TWSE,1477,聚陽,373.00,379.00,372.50,373.00,4.50,1380714,518322055,1526
2023-11-28,TWSE,1503,士電,104.00,105.50,102.50,105.00,1.00,3267812,340840981,2664
2023-11-28,TWSE,1504,東元,47.65,47.80,46.80,47.50,0.15,7782678,369621429,6007
2023-11-28,TWSE,1506,正道,15.85,16.00,15.80,15.95,-0.05,87008,1383923,45
2023-11-28,TWSE,1512,瑞利,12.35,12.35,12.20,12.30,0.00,23726,291080,19
2023-11-28,TWSE,1513,中興電,119.50,124.50,119.50,124.00,5.00,40783613,4994306945,25093
2023-11-28,TWSE,1514,亞力,64.40,64.80,63.20,64.50,0.40,32513036,2082043227,22787
2023-11-28,TWSE,1515,力山,58.50,58.80,55.90,57.00,-1.50,2859688,163497513,2119
2023-11-28,TWSE,1516,川飛,17.60,17.85,17.60,17.70,0.10,44933,797691,89
2023-11-28,TWSE,1517,利奇,15.45,15.80,15.45,15.80,0.35,395351,6199476,288
2023-11-28,TWSE,1519,華城,266.00,275.50,264.00,275.50,9.00,9005163,2443182887,6992
2023-11-28,TWSE,1521,大億,36.95,37.00,36.75,36.90,-0.05,20316,749350,35
2023-11-28,TWSE,1522,堤維西,39.30,40.00,39.30,40.00,0.95,2345814,93184565,1405
2023-11-28,TWSE,1522A,堤維西甲特,45.10,45.10,45.10,45.10,0.00,2071,93349,4
2023-11-28,TWSE,1524,耿鼎,29.35,30.05,29.30,29.95,0.70,2771989,82715355,1586
2023-11-28,TWSE,1525,江申,76.30,78.20,76.30,77.50,1.20,72080,5564485,60
2023-11-28,TWSE,1526,日馳,34.10,34.45,34.00,34.35,0.25,137783,4715579,166
2023-11-28,TWSE,1527,鑽全,40.20,40.25,40.05,40.20,0.10,162568,6530521,152
2023-11-28,TWSE,1528,恩德,11.35,11.55,11.35,11.45,0.15,388401,4445679,219
2023-11-28,TWSE,1529,樂事綠能,30.95,31.10,30.65,30.90,-0.20,1090999,33662922,920
2023-11-28,TWSE,1530,亞崴,30.50,30.70,30.50,30.65,0.05,26611,815802,76
2023-11-28,TWSE,1531,高林股,13.60,13.65,13.55,13.65,0.05,63331,861389,72
2023-11-28,TWSE,1532,勤美,38.95,39.70,38.95,39.35,0.40,2430001,95686026,1327
2023-11-28,TWSE,1533,車王電,57.50,58.10,57.20,58.00,1.10,266897,15437940,219
2023-11-28,TWSE,1535,中宇,55.10,56.40,55.10,56.30,1.50,186683,10456269,190
2023-11-28,TWSE,1536,和大,63.80,64.00,63.20,63.60,0.60,504653,32059265,426
2023-11-28,TWSE,1537,廣隆,134.50,134.50,133.50,134.50,0.00,98797,13245060,143
2023-11-28,TWSE,1538,正峰,12.30,12.45,11.85,12.30,0.00,37938,452635,97
2023-11-28,TWSE,1539,巨庭,23.90,24.05,23.90,24.00,0.00,63520,1520800,69
2023-11-28,TWSE,1540,喬福,17.45,17.55,17.35,17.45,0.10,207304,3626275,174
2023-11-28,TWSE,1541,錩泰,33.80,33.95,33.80,33.95,0.10,17040,577460,15
2023-11-28,TWSE,1558,伸興,105.00,105.50,104.50,105.50,0.50,108691,11404023,256
2023-11-28,TWSE,1560,中砂,179.50,182.00,178.00,180.00,1.50,3338124,599252458,2131
2023-11-28,TWSE,1568,倉佑,32.35,33.40,32.35,33.00,0.70,1290473,42725480,906
2023-11-28,TWSE,1582,信錦,79.20,82.30,79.10,81.90,2.70,5241315,426715183,3892
2023-11-28,TWSE,1583,程泰,65.10,65.70,65.10,65.70,0.10,4080,266263,6
2023-11-28,TWSE,1587,吉茂,22.60,22.70,22.50,22.50,0.00,53595,1210675,42
2023-11-28,TWSE,1589,永冠-KY,50.80,51.00,50.50,50.60,-0.20,270376,13708716,254
2023-11-28,TWSE,1590,亞德客-KY,1055.00,1080.00,1035.00,1070.00,20.00,750108,799159775,711
2023-11-28,TWSE,1597,直得,66.70,67.30,64.90,66.60,-0.10,167251,11112944,216
2023-11-28,TWSE,1598,岱宇,36.20,36.85,36.20,36.20,0.35,497391,18135583,321
2023-11-28,TWSE,1603,華電,38.60,39.30,38.40,38.60,0.25,1994450,77240077,1303
2023-11-28,TWSE,1604,聲寶,28.55,28.70,28.50,28.70,0.15,307415,8797836,240
2023-11-28,TWSE,1605,華新,39.40,39.90,38.85,39.90,0.90,16204097,641814085,8713
2023-11-28,TWSE,1608,華榮,19.65,19.95,19.65,19.85,0.20,523212,10387478,303
2023-11-28,TWSE,1609,大亞,34.00,34.50,34.00,34.45,0.45,6715147,230026619,3969
2023-11-28,TWSE,1611,中電,16.45,16.75,16.45,16.75,0.30,332399,5545094,253
2023-11-28,TWSE,1612,宏泰,24.95,25.20,24.95,25.20,0.35,719886,18078257,485
2023-11-28,TWSE,1614,三洋電,38.20,38.20,37.90,38.05,0.05,69015,2626020,46
2023-11-28,TWSE,1615,大山,38.25,38.40,38.25,38.35,0.10,44251,1694948,49
2023-11-28,TWSE,1616,億泰,11.75,12.85,11.70,12.85,1.15,10187852,127686006,2823
2023-11-28,TWSE,1617,榮星,16.15,16.25,16.10,16.25,0.10,52014,843241,300
2023-11-28,TWSE,1618,合機,27.55,27.85,27.45,27.85,0.30,1396368,38596197,751
2023-11-28,TWSE,1626,艾美特-KY,16.35,16.45,16.35,16.40,0.00,159482,2618971,177
2023-11-28,TWSE,1701,中化,26.30,26.30,24.30,24.75,-1.20,15884238,397716883,7892
2023-11-28,TWSE,1702,南僑,50.00,50.20,49.95,50.10,0.10,169739,8497252,192
2023-11-28,TWSE,1707,葡萄王,154.00,156.00,154.00,154.00,0.00,243870,37683133,377
2023-11-28,TWSE,1708,東鹼,32.00,32.55,31.95,32.25,0.50,1154846,37189340,742
2023-11-28,TWSE,1709,和益,20.65,20.85,20.65,20.80,0.20,369163,7667707,237
2023-11-28,TWSE,1710,東聯,19.70,20.15,19.65,19.70,0.05,3723893,73947825,1092
2023-11-28,TWSE,1711,永光,20.10,20.45,20.10,20.35,0.25,932146,18940916,608
2023-11-28,TWSE,1712,興農,37.15,37.50,37.05,37.30,0.15,371613,13831709,323
2023-11-28,TWSE,1713,國化,42.25,42.50,41.75,42.50,0.80,141209,5951929,98
2023-11-28,TWSE,1714,和桐,9.14,9.17,9.12,9.15,0.05,2312019,21157161,862
2023-11-28,TWSE,1717,長興,30.15,30.20,29.95,30.00,0.00,1309709,39373221,1111
2023-11-28,TWSE,1718,中纖,8.12,8.19,8.12,8.16,0.05,1869898,15270430,593
2023-11-28,TWSE,1720,生達,68.90,69.10,66.10,66.10,-2.60,3564306,238896065,4868
2023-11-28,TWSE,1721,國慶科技,16.20,16.40,16.15,16.35,0.30,1127290,18326752,643
2023-11-28,TWSE,1722,台肥,62.90,63.50,62.80,63.40,0.70,1872875,118539486,1270
2023-11-28,TWSE,1723,中碳,116.00,117.00,116.00,116.50,0.50,232385,27047323,240
2023-11-28,TWSE,1725,元禎,21.45,21.60,21.30,21.60,0.30,59103,1271300,51
2023-11-28,TWSE,1726,永記,74.30,74.80,74.30,74.60,0.40,27301,2037775,18
2023-11-28,TWSE,1727,中華化,28.95,29.50,28.65,29.20,0.55,834205,24365788,428
2023-11-28,TWSE,1730,花仙子,57.70,58.20,57.40,58.10,0.80,80180,4650180,126
2023-11-28,TWSE,1731,美吾華,22.80,22.85,22.35,22.55,-0.10,807007,18215855,496
2023-11-28,TWSE,1732,毛寶,29.70,30.70,29.00,30.35,2.30,10062479,302338664,5983
2023-11-28,TWSE,1733,五鼎,28.95,29.40,28.65,29.35,0.40,1545169,45098806,721
2023-11-28,TWSE,1734,杏輝,34.50,34.55,33.50,34.00,-0.40,1958129,66313175,1503
2023-11-28,TWSE,1735,日勝化,17.05,17.05,17.05,17.05,0.00,8700,148519,29
2023-11-28,TWSE,1736,喬山,72.00,73.50,71.30,71.70,1.10,466176,33657047,546
2023-11-28,TWSE,1737,臺鹽,33.90,34.00,33.90,33.95,0.00,185174,6289040,187
2023-11-28,TWSE,1752,南光,58.00,58.40,55.20,55.50,-3.30,4501089,253487603,3110
2023-11-28,TWSE,1760,寶齡富錦,122.50,125.50,116.00,117.50,-5.00,10011991,1199824043,7910
2023-11-28,TWSE,1762,中化生,61.40,61.40,58.60,59.20,-2.10,2328150,138172625,2062
2023-11-28,TWSE,1773,勝一,137.00,140.50,137.00,139.50,3.00,387163,53992049,386
2023-11-28,TWSE,1776,展宇,17.20,17.25,17.15,17.25,0.20,15660,269691,17
2023-11-28,TWSE,1783,和康生,49.05,49.20,48.30,48.40,-0.60,219680,10654023,245
2023-11-28,TWSE,1786,科妍,79.40,79.40,78.10,78.40,-0.40,170107,13382788,172
2023-11-28,TWSE,1789,神隆,26.75,26.75,26.35,26.40,-0.20,795934,21059262,525
2023-11-28,TWSE,1795,美時,259.00,260.00,255.00,258.00,1.00,7890646,2030652585,9766
2023-11-28,TWSE,1802,台玻,18.80,19.15,18.80,19.10,0.35,5347362,101735782,1652
2023-11-28,TWSE,1805,寶徠,12.80,13.05,12.80,12.95,0.25,46388,600199,53
2023-11-28,TWSE,1806,冠軍,9.40,9.68,9.40,9.61,0.21,795175,7609447,387
2023-11-28,TWSE,1808,潤隆,96.60,97.10,96.00,97.10,0.90,1322956,128018662,834
2023-11-28,TWSE,1809,中釉,15.15,15.25,15.10,15.20,0.05,604375,9177838,341
2023-11-28,TWSE,1810,和成,18.60,18.65,18.45,18.60,0.20,337272,6259921,239
2023-11-28,TWSE,1817,凱撒衛,36.25,36.40,36.25,36.40,0.15,20382,740269,29
2023-11-28,TWSE,1903,士紙,55.80,57.10,55.80,56.40,0.40,324718,18412585,301
2023-11-28,TWSE,1904,正隆,29.45,30.15,29.45,29.60,0.15,1550409,46133618,977
2023-11-28,TWSE,1905,華紙,21.95,23.30,21.95,22.35,0.65,11090641,250076187,5432
2023-11-28,TWSE,1906,寶隆,15.45,15.45,15.35,15.40,0.05,182358,2808107,303
2023-11-28,TWSE,1907,永豐餘,31.15,32.10,31.15,31.30,0.25,3685026,116401479,2360
2023-11-28,TWSE,1909,榮成,14.80,15.15,14.80,14.90,0.10,2298222,34478122,886
2023-11-28,TWSE,2002,中鋼,26.10,26.20,25.85,26.10,-0.05,72044590,1879742706,18981
2023-11-28,TWSE,2002A,中鋼特,43.75,43.85,43.75,43.85,0.00,9372,410418,13
2023-11-28,TWSE,2006,東和鋼鐵,69.50,70.10,69.20,70.10,0.50,1691177,117978212,1362
2023-11-28,TWSE,2007,燁興,10.80,11.00,10.70,10.90,0.10,311314,3392208,190
2023-11-28,TWSE,2008,高興昌,20.70,20.85,20.65,20.85,0.10,17978,373187,20
2023-11-28,TWSE,2009,第一銅,29.55,30.20,29.55,30.05,0.35,321251,9637669,271
2023-11-28,TWSE,2010,春源,16.85,17.05,16.85,16.85,0.05,958839,16220433,490
2023-11-28,TWSE,2012,春雨,23.05,23.50,23.00,23.50,0.20,53680,1253496,69
2023-11-28,TWSE,2013,中鋼構,53.20,53.70,53.20,53.50,0.30,37962,2031214,63
2023-11-28,TWSE,2014,中鴻,23.55,23.80,23.20,23.65,0.40,10118180,239108487,4450
2023-11-28,TWSE,2015,豐興,65.60,66.50,65.60,66.40,0.90,193505,12817053,255
2023-11-28,TWSE,2017,官田鋼,14.60,14.75,14.55,14.55,-0.05,664836,9731500,398
2023-11-28,TWSE,2020,美亞,30.10,30.50,30.10,30.35,0.35,596210,18109199,372
2023-11-28,TWSE,2022,聚亨,11.65,11.95,11.65,11.90,0.30,946465,11217168,555
2023-11-28,TWSE,2023,燁輝,16.90,17.20,16.90,17.00,0.10,2474203,42132604,1163
2023-11-28,TWSE,2024,志聯,20.60,20.75,20.60,20.70,0.45,62826,1295919,60
2023-11-28,TWSE,2025,千興,7.60,7.84,7.60,7.73,0.13,1332637,10291009,318
2023-11-28,TWSE,2027,大成鋼,38.10,38.75,38.05,38.65,0.55,6824222,263161417,3794
2023-11-28,TWSE,2028,威致,23.90,24.80,23.90,24.70,0.95,216547,5278981,194
2023-11-28,TWSE,2029,盛餘,27.90,28.55,27.90,28.35,0.50,733045,20740626,460
2023-11-28,TWSE,2030,彰源,18.50,18.95,18.50,18.85,0.35,338068,6363225,226
2023-11-28,TWSE,2031,新光鋼,48.90,49.20,48.60,49.15,0.80,1061013,52059880,573
2023-11-28,TWSE,2032,新鋼,16.15,16.25,16.10,16.15,0.05,135879,2192353,87
2023-11-28,TWSE,2033,佳大,14.75,15.10,14.75,15.05,0.15,46008,689723,34
2023-11-28,TWSE,2034,允強,26.80,27.05,26.80,26.90,0.10,395361,10665698,250
2023-11-28,TWSE,2038,海光,18.00,18.40,18.00,18.15,0.30,310520,5654580,260
2023-11-28,TWSE,2049,上銀,228.00,231.00,226.50,227.50,1.00,1137049,260242220,1311
2023-11-28,TWSE,2059,川湖,866.00,866.00,853.00,855.00,-1.00,854052,732862126,1194
2023-11-28,TWSE,2062,橋椿,24.35,24.60,24.30,24.30,0.05,132669,3236691,136
2023-11-28,TWSE,2069,運錩,16.20,16.35,16.20,16.35,0.15,107122,1747939,81
2023-11-28,TWSE,2101,南港,39.30,39.30,38.90,39.10,0.05,1037329,40527854,464
2023-11-28,TWSE,2102,泰豐,18.55,18.60,18.25,18.35,-0.20,331544,6098956,168
2023-11-28,TWSE,2103,台橡,24.30,24.50,24.25,24.30,0.00,493403,12023393,411
2023-11-28,TWSE,2104,國際中橡,19.90,20.00,19.85,19.95,0.10,1115328,22231682,542
2023-11-28,TWSE,2105,正新,47.15,47.65,47.10,47.45,0.60,8755951,415874370,5274
2023-11-28,TWSE,2106,建大,31.50,32.25,31.50,32.05,0.60,1472457,47212670,1034
2023-11-28,TWSE,2107,厚生,23.50,23.65,23.50,23.55,0.10,281499,6640835,207
2023-11-28,TWSE,2108,南帝,38.05,38.10,37.25,37.75,-0.25,1033001,38829385,943
2023-11-28,TWSE,2109,華豐,14.45,14.70,14.45,14.60,0.20,470529,6871375,219
2023-11-28,TWSE,2114,鑫永銓,106.50,107.00,105.00,107.00,1.00,45728,4852815,60
2023-11-28,TWSE,2115,六暉-KY,29.95,30.05,29.95,29.95,0.00,40951,1227404,47
2023-11-28,TWSE,2201,裕隆,77.30,78.50,77.30,78.40,1.30,2994390,233977958,2135
2023-11-28,TWSE,2204,中華,102.00,105.00,102.00,104.00,2.00,2263066,235015284,1723
2023-11-28,TWSE,2206,三陽工業,73.40,73.80,73.20,73.50,0.30,2105312,154792203,1425
2023-11-28,TWSE,2207,和泰車,685.00,709.00,685.00,705.00,22.00,353718,248216294,608
2023-11-28,TWSE,2208,台船,21.75,21.85,21.60,21.70,0.10,1255284,27249623,667
2023-11-28,TWSE,2211,長榮鋼,79.80,81.00,78.70,80.90,1.40,1877714,150336806,1946
2023-11-28,TWSE,2227,裕日車,190.00,190.00,189.00,190.00,1.00,21421,4062410,80
2023-11-28,TWSE,2228,劍麟,93.00,95.20,93.00,95.00,2.00,245353,23183539,220
2023-11-28,TWSE,2231,為升,136.50,139.00,136.50,138.50,2.50,401312,55334290,482
2023-11-28,TWSE,2233,宇隆,146.00,147.50,144.50,147.00,1.50,536275,78463065,473
2023-11-28,TWSE,2236,百達-KY,76.20,78.30,75.40,77.30,1.30,402574,31144523,247
2023-11-28,TWSE,2239,英利-KY,60.00,61.10,60.00,60.60,0.90,245100,14847004,67
2023-11-28,TWSE,2241,艾姆勒,32.60,33.15,32.60,33.00,0.40,75819,2499110,67
2023-11-28,TWSE,2243,宏旭-KY,17.35,18.00,17.35,17.60,0.25,116140,2059309,94
2023-11-28,TWSE,2247,汎德永業,308.00,311.00,308.00,309.50,1.50,63898,19807595,101
2023-11-28,TWSE,2250,IKKA-KY,82.30,84.10,82.10,84.10,2.10,103481,8598467,109
2023-11-28,TWSE,2254,巨鎧精密-創,87.80,91.00,86.90,90.80,2.90,34444,3091815,19
2023-11-28,TWSE,2258,鴻華先進-創,49.30,49.60,48.40,48.70,-0.60,1945278,94756788,562
2023-11-28,TWSE,2301,光寶科,107.00,108.00,106.00,107.50,0.50,11591034,1243761111,6829
2023-11-28,TWSE,2302,麗正,17.95,18.10,17.85,18.00,0.25,147489,2649738,93
2023-11-28,TWSE,2303,聯電,49.50,49.60,48.85,49.05,-0.45,80887530,3983213545,28040
2023-11-28,TWSE,2305,全友,23.30,23.40,23.05,23.20,0.05,623286,14441999,324
2023-11-28,TWSE,2308,台達電,313.50,320.50,310.50,318.50,4.00,7415181,2351976005,5816
2023-11-28,TWSE,2312,金寶,15.65,15.70,15.55,15.65,0.10,3269941,51141076,1250
2023-11-28,TWSE,2313,華通,70.20,74.80,69.30,74.20,4.50,140075907,10163115645,68276
2023-11-28,TWSE,2314,台揚,36.70,36.85,36.40,36.70,-0.05,638496,23372614,595
2023-11-28,TWSE,2316,楠梓電,36.85,37.50,36.75,37.30,0.80,898213,33367697,636
2023-11-28,TWSE,2317,鴻海,102.00,103.00,102.00,102.50,1.00,29821679,3055254883,11499
2023-11-28,TWSE,2321,東訊,15.50,16.45,15.50,16.25,-0.25,13478,216113,17
2023-11-28,TWSE,2323,中環,10.75,10.95,10.70,10.85,0.15,5807125,62811455,1771
2023-11-28,TWSE,2324,仁寶,30.65,30.95,30.25,30.65,0.30,15190290,466483503,6108
2023-11-28,TWSE,2327,國巨*,573.00,595.00,571.00,594.00,23.00,6514629,3826079695,10663
2023-11-28,TWSE,2328,廣宇,35.05,35.45,35.05,35.45,0.45,755453,26699144,483
2023-11-28,TWSE,2329,華泰,48.80,53.00,48.75,53.00,4.75,101811871,5233623525,46152
2023-11-28,TWSE,2330,台積電,565.00,576.00,565.00,575.00,7.00,26932029,15393289150,17693
2023-11-28,TWSE,2331,精英,29.05,29.05,28.55,28.60,-0.20,3454471,99301758,1784
2023-11-28,TWSE,2332,友訊,19.05,19.30,19.05,19.20,0.20,1359283,26036366,634
2023-11-28,TWSE,2337,旺宏,28.35,28.75,28.20,28.65,0.40,5442512,155470250,2463
2023-11-28,TWSE,2338,光罩,67.80,68.90,67.80,68.50,0.70,549270,37569242,463
2023-11-28,TWSE,2340,台亞,48.30,49.15,48.30,49.00,0.80,2085515,101690479,1337
2023-11-28,TWSE,2342,茂矽,35.70,35.70,35.15,35.70,0.50,342065,12125949,311
2023-11-28,TWSE,2344,華邦電,27.10,27.85,26.85,27.85,1.05,26425788,727290692,10314
2023-11-28,TWSE,2345,智邦,525.00,543.00,522.00,538.00,11.00,2991266,1599364216,2787
2023-11-28,TWSE,2347,聯強,68.70,69.50,68.10,68.10,-0.30,4950828,339614587,2959
2023-11-28,TWSE,2348,海悅,88.10,89.50,88.10,89.00,0.80,121211,10761400,427
2023-11-28,TWSE,2348A,海悅甲特,,,,,0.00,3,106,1
2023-11-28,TWSE,2349,錸德,8.10,8.19,8.08,8.13,0.02,616004,5017756,329
2023-11-28,TWSE,2351,順德,116.00,116.50,114.50,115.50,-0.50,1299809,150430704,890
2023-11-28,TWSE,2352,佳世達,43.80,43.80,43.05,43.40,-0.15,6608042,287251566,4085
2023-11-28,TWSE,2353,宏碁,34.90,35.20,34.75,34.80,-0.40,51519033,1795951037,16143
2023-11-28,TWSE,2354,鴻準,53.10,53.60,53.00,53.40,0.40,1462771,78058892,1152
2023-11-28,TWSE,2355,敬鵬,48.70,49.80,48.15,49.55,1.50,14385999,706771917,8459
2023-11-28,TWSE,2356,英業達,41.10,41.75,40.90,41.65,0.80,21301779,881871063,11436
2023-11-28,TWSE,2357,華碩,379.00,385.50,377.50,385.50,8.50,4474000,1709318752,3587
2023-11-28,TWSE,2358,廷鑫,10.60,10.70,10.50,10.60,0.00,1399104,14802101,517
2023-11-28,TWSE,2359,所羅門,36.85,37.75,36.75,37.65,1.05,1461648,54692739,910
2023-11-28,TWSE,2360,致茂,211.00,214.50,210.50,211.00,-2.50,2623425,555654046,2155
2023-11-28,TWSE,2362,藍天,33.20,33.55,33.20,33.45,0.30,254964,8515997,198
2023-11-28,TWSE,2363,矽統,46.50,48.40,46.30,48.40,2.30,37343775,1779016307,19087
2023-11-28,TWSE,2364,倫飛,121.00,123.50,121.00,123.50,1.50,646609,79431090,868
2023-11-28,TWSE,2365,昆盈,11.80,12.00,11.80,11.95,0.15,303021,3603496,155
2023-11-28,TWSE,2367,燿華,20.25,21.25,20.20,21.00,0.80,36571561,762839900,13546
2023-11-28,TWSE,2368,金像電,210.00,221.00,209.50,217.50,6.00,5196701,1125944064,4066
2023-11-28,TWSE,2369,菱生,23.40,23.80,23.20,23.45,0.25,6878813,161736317,2917
2023-11-28,TWSE,2371,大同,40.65,40.80,40.15,40.50,0.05,16091413,651651084,7820
2023-11-28,TWSE,2373,震旦行,75.10,75.50,75.00,75.50,0.40,37715,2838977,51
2023-11-28,TWSE,2374,佳能,26.60,26.95,26.50,26.75,0.20,2126297,56912590,1261
2023-11-28,TWSE,2375,凱美,74.50,75.60,73.90,75.10,0.70,2657032,199502888,2115
2023-11-28,TWSE,2376,技嘉,232.00,236.00,231.00,235.00,5.00,10419782,2437503144,8634
2023-11-28,TWSE,2377,微星,169.00,169.50,166.50,168.00,0.50,3469807,582995822,2313
2023-11-28,TWSE,2379,瑞昱,449.00,454.50,443.00,451.50,2.50,2647825,1194683562,2915
2023-11-28,TWSE,2380,虹光,7.13,7.13,6.77,6.87,-0.03,565617,3890371,628
2023-11-28,TWSE,2382,廣達,196.00,198.00,194.00,197.00,0.50,34567985,6779673318,21869
2023-11-28,TWSE,2383,台光電,390.00,390.00,373.50,378.50,-19.50,16053196,6104954880,16800
2023-11-28,TWSE,2385,群光,157.50,158.50,155.50,158.50,1.00,2069050,325935677,1830
2023-11-28,TWSE,2387,精元,55.00,55.50,54.80,55.30,0.80,725106,40041085,510
2023-11-28,TWSE,2388,威盛,161.00,174.50,160.50,168.00,8.00,42286587,7149474049,26939
2023-11-28,TWSE,2390,云辰,17.05,17.05,16.65,16.90,0.05,2960108,49847233,1623
2023-11-28,TWSE,2392,正崴,43.40,44.00,43.35,43.90,0.55,3153938,138110449,2243
2023-11-28,TWSE,2393,億光,46.95,46.95,46.65,46.75,0.10,475807,22243566,475
2023-11-28,TWSE,2395,研華,345.50,353.00,344.00,349.50,4.00,1106319,386244512,1187
2023-11-28,TWSE,2397,友通,65.70,65.80,65.60,65.80,0.50,11203,735949,20
2023-11-28,TWSE,2399,映泰,23.10,23.90,23.05,23.90,0.90,4289538,101396566,2649
2023-11-28,TWSE,2401,凌陽,35.85,37.50,35.65,36.50,0.85,22016852,804205713,10990
2023-11-28,TWSE,2402,毅嘉,34.65,36.35,34.65,36.10,1.55,16730896,600078612,6546
2023-11-28,TWSE,2404,漢唐,247.00,247.50,245.00,247.50,1.00,832985,205405922,1090
2023-11-28,TWSE,2405,輔信,17.35,17.70,17.05,17.25,-0.05,14235335,246625519,3989
2023-11-28,TWSE,2406,國碩,16.70,16.95,16.70,16.75,0.05,468969,7885112,317
2023-11-28,TWSE,2408,南亞科,70.40,73.50,69.90,73.50,3.40,49782715,3611312138,21642
2023-11-28,TWSE,2409,友達,16.40,16.75,16.35,16.70,0.40,38951701,648064154,9081
2023-11-28,TWSE,2412,中華電,120.00,121.00,119.50,119.50,-0.50,11668176,1402267395,5533
2023-11-28,TWSE,2413,環科,26.90,27.10,26.80,26.85,-0.05,211526,5703376,154
2023-11-28,TWSE,2414,精技,33.60,33.75,33.60,33.75,0.15,48434,1631098,67
2023-11-28,TWSE,2415,錩新,30.10,30.10,29.45,29.55,0.15,66393,1966305,66
2023-11-28,TWSE,2417,圓剛,38.95,39.80,38.85,39.40,0.15,4444300,174312971,2719
2023-11-28,TWSE,2419,仲琦,29.70,30.35,29.70,30.15,0.50,609709,18348232,480
2023-11-28,TWSE,2420,新巨,47.50,47.70,47.25,47.55,0.05,121141,5756459,134
2023-11-28,TWSE,2421,建準,94.40,99.00,94.00,98.50,4.90,5000806,487762432,4084
2023-11-28,TWSE,2423,固緯,35.95,36.25,35.75,36.00,0.25,316065,11362566,224
2023-11-28,TWSE,2424,隴華,30.30,30.95,30.30,30.95,0.05,18035,555288,20
2023-11-28,TWSE,2425,承啟,44.45,45.00,44.20,44.25,-0.10,1136188,50488307,753
2023-11-28,TWSE,2426,鼎元,18.80,19.10,18.80,18.95,0.15,335982,6370552,223
2023-11-28,TWSE,2427,三商電,27.85,28.15,27.65,27.80,0.30,1415985,39459822,864
2023-11-28,TWSE,2428,興勤,145.00,147.00,145.00,147.00,2.00,118743,17360899,189
2023-11-28,TWSE,2429,銘旺科,18.50,18.60,18.45,18.50,0.00,33009,610315,18
2023-11-28,TWSE,2430,燦坤,39.45,39.45,39.00,39.40,0.05,158868,6237001,182
2023-11-28,TWSE,2431,聯昌,11.25,11.35,11.15,11.35,0.15,81097,913709,59
2023-11-28,TWSE,2432,倚天酷碁-創,47.30,47.30,44.85,44.85,-3.25,22045,1016970,23
2023-11-28,TWSE,2433,互盛電,52.00,52.30,52.00,52.20,0.10,13213,688581,19
2023-11-28,TWSE,2434,統懋,32.40,33.00,32.40,33.00,0.60,13440,439273,18
2023-11-28,TWSE,2436,偉詮電,76.60,78.20,76.30,77.70,1.60,6566651,508823953,4327
2023-11-28,TWSE,2438,翔耀,23.15,23.15,23.00,23.10,-0.05,75783,1746144,43
2023-11-28,TWSE,2439,美律,108.00,111.00,107.50,110.50,3.50,4576163,502324807,3854
2023-11-28,TWSE,2440,太空梭,12.35,12.50,12.35,12.45,0.10,219082,2727143,123
2023-11-28,TWSE,2441,超豐,58.70,59.70,58.70,59.40,0.70,955334,56688396,761
2023-11-28,TWSE,2442,新美齊,23.65,25.20,23.40,25.05,1.75,7069954,171653680,3513
2023-11-28,TWSE,2443,昶虹,2.95,2.95,2.82,2.82,-0.13,269101,777786,81
2023-11-28,TWSE,2444,兆勁,13.90,13.90,13.70,13.80,0.05,204217,2816482,141
2023-11-28,TWSE,2449,京元電子,81.20,83.30,81.10,83.00,2.20,7588624,626494868,5516
2023-11-28,TWSE,2450,神腦,38.90,39.35,38.60,39.25,0.45,197222,7678829,184
2023-11-28,TWSE,2451,創見,81.20,82.50,80.90,82.50,1.80,910985,74684436,756
2023-11-28,TWSE,2453,凌群,53.90,54.60,53.50,54.00,0.70,569068,30740706,481
2023-11-28,TWSE,2454,聯發科,929.00,942.00,925.00,942.00,11.00,5755130,5385881213,8131
2023-11-28,TWSE,2455,全新,165.50,169.00,164.00,169.00,5.00,3665858,612038413,3909
2023-11-28,TWSE,2457,飛宏,63.20,63.70,62.10,62.80,-0.10,11141707,701290866,7992
2023-11-28,TWSE,2458,義隆,146.50,150.00,146.50,150.00,4.00,2326648,347073265,2031
2023-11-28,TWSE,2459,敦吉,58.40,58.50,58.40,58.50,0.10,109973,6427535,69
2023-11-28,TWSE,2460,建通,27.95,28.60,27.55,28.60,0.65,2047122,57706126,1284
2023-11-28,TWSE,2461,光群雷,25.05,25.45,24.55,24.55,-0.45,1391076,34809485,497
2023-11-28,TWSE,2462,良得電,39.45,40.55,39.25,39.30,-0.10,2973265,118298251,1868
2023-11-28,TWSE,2464,盟立,36.55,36.55,36.35,36.50,0.20,136515,4977234,174
2023-11-28,TWSE,2465,麗臺,53.30,54.40,52.70,54.40,1.80,1224757,65508549,960
2023-11-28,TWSE,2466,冠西電,39.25,40.00,39.10,39.35,0.30,24200,958683,26
2023-11-28,TWSE,2467,志聖,54.60,55.20,54.20,54.90,0.50,868285,47681015,665
2023-11-28,TWSE,2468,華經,30.25,30.45,30.10,30.40,0.50,332648,10080104,265
2023-11-28,TWSE,2471,資通,54.50,55.10,54.20,54.30,-0.10,274391,14941336,262
2023-11-28,TWSE,2472,立隆電,62.20,66.80,62.10,65.50,3.60,5336019,346077486,3889
2023-11-28,TWSE,2474,可成,197.00,199.00,194.50,194.50,-1.50,6965707,1364828704,8869
2023-11-28,TWSE,2476,鉅祥,62.70,63.80,62.10,63.00,0.20,3343617,210269330,2295
2023-11-28,TWSE,2477,美隆電,20.00,20.05,19.95,20.05,0.05,18624,372729,31
2023-11-28,TWSE,2478,大毅,47.90,48.85,47.85,48.70,1.20,490683,23793540,422
2023-11-28,TWSE,2480,敦陽科,124.50,125.50,124.00,124.50,1.00,293947,36642902,340
2023-11-28,TWSE,2481,強茂,63.30,64.20,63.30,63.80,0.80,865131,55212442,680
2023-11-28,TWSE,2482,連宇,40.15,40.75,40.05,40.65,0.15,792070,32001466,692
2023-11-28,TWSE,2483,百容,24.00,24.15,23.95,24.10,0.15,94872,2277630,57
2023-11-28,TWSE,2484,希華,33.30,33.85,33.30,33.75,0.50,807633,27231563,455
2023-11-28,TWSE,2485,兆赫,23.10,23.50,22.90,23.35,0.35,1782937,41359381,1093
2023-11-28,TWSE,2486,一詮,45.90,46.10,45.70,45.75,0.00,2055710,94247686,1402
2023-11-28,TWSE,2488,漢平,39.55,39.85,39.50,39.75,0.25,225795,8967908,204
2023-11-28,TWSE,2489,瑞軒,11.95,12.05,11.90,12.00,0.15,679648,8136774,490
2023-11-28,TWSE,2491,吉祥全,13.55,13.60,13.50,13.60,0.05,164182,2218905,105
2023-11-28,TWSE,2492,華新科,120.50,127.50,120.50,127.00,7.00,9475481,1187195722,7156
2023-11-28,TWSE,2493,揚博,76.00,76.30,75.60,75.70,0.10,193111,14645819,182
2023-11-28,TWSE,2495,普安,20.85,21.40,20.80,21.30,0.40,775149,16468924,447
2023-11-28,TWSE,2496,卓越,56.50,56.80,56.10,56.70,0.70,32645,1845518,41
2023-11-28,TWSE,2497,怡利電,66.00,66.30,65.30,66.30,1.30,322587,21239270,296
2023-11-28,TWSE,2498,宏達電,48.60,50.20,48.35,50.00,1.55,7539655,373332654,4124
2023-11-28,TWSE,2501,國建,16.00,16.15,15.95,16.10,0.15,1434578,23000413,622
2023-11-28,TWSE,2504,國產,26.80,27.10,26.75,27.10,0.35,2454170,66227270,1082
2023-11-28,TWSE,2505,國揚,18.55,18.75,18.55,18.70,0.10,116316,2173543,90
2023-11-28,TWSE,2506,太設,9.17,9.22,9.17,9.19,0.03,257268,2363392,156
2023-11-28,TWSE,2509,全坤建,16.60,16.65,16.30,16.35,-0.25,145531,2397057,334
2023-11-28,TWSE,2511,太子,11.05,11.15,11.05,11.10,0.05,477347,5296609,222
2023-11-28,TWSE,2514,龍邦,16.05,16.10,16.00,16.10,0.10,71479,1148435,185
2023-11-28,TWSE,2515,中工,11.25,11.35,11.20,11.25,0.10,10803969,121882383,1351
2023-11-28,TWSE,2516,新建,12.25,12.75,12.20,12.55,0.35,4183117,52249454,1888
2023-11-28,TWSE,2520,冠德,37.70,37.90,37.50,37.65,-0.05,1498324,56481615,1274
2023-11-28,TWSE,2524,京城,31.60,31.70,31.10,31.40,0.30,74010,2327618,66
2023-11-28,TWSE,2527,宏璟,26.00,26.15,25.95,26.05,0.15,296262,7712172,177
2023-11-28,TWSE,2528,皇普,30.45,31.50,30.00,30.05,-0.15,1475216,45342537,799
2023-11-28,TWSE,2530,華建,28.60,28.95,28.60,28.80,0.30,630317,18140861,286
2023-11-28,TWSE,2534,宏盛,20.35,20.50,20.25,20.45,0.10,434202,8857896,226
2023-11-28,TWSE,2535,達欣工,43.20,43.20,42.85,42.95,-0.15,293868,12635847,422
2023-11-28,TWSE,2536,宏普,29.15,29.25,29.00,29.05,0.10,242611,7050810,137
2023-11-28,TWSE,2537,聯上發,8.97,9.03,8.82,8.90,0.00,1687951,15008249,636
2023-11-28,TWSE,2538,基泰,16.05,16.45,16.00,16.45,0.40,3965631,64398454,1493
2023-11-28,TWSE,2539,櫻花建,48.85,49.95,48.50,49.90,1.20,655096,32426369,526
2023-11-28,TWSE,2540,愛山林,93.00,93.70,92.40,93.70,1.30,1198622,111585034,757
2023-11-28,TWSE,2542,興富發,40.95,41.00,40.85,40.95,0.00,2348920,96130438,1760
2023-11-28,TWSE,2543,皇昌,33.70,34.10,32.20,33.30,0.00,2267053,74902360,1315
2023-11-28,TWSE,2545,皇翔,39.85,39.85,39.70,39.85,0.00,104880,4174693,119
2023-11-28,TWSE,2546,根基,74.70,75.00,74.70,75.00,0.30,39172,2935245,74
2023-11-28,TWSE,2547,日勝生,9.62,9.75,9.62,9.69,0.07,1040122,10081925,408
2023-11-28,TWSE,2548,華固,94.20,94.60,94.20,94.60,0.20,296966,28048513,432
2023-11-28,TWSE,2597,潤弘,106.00,107.50,106.00,107.50,1.50,96412,10264037,120
2023-11-28,TWSE,2601,益航,8.32,8.70,8.32,8.52,0.23,7847675,67214451,2599
2023-11-28,TWSE,2603,長榮,113.50,115.00,113.00,114.00,0.50,11851537,1350228374,6541
2023-11-28,TWSE,2605,新興,21.70,23.05,21.65,22.30,1.00,38081221,850223298,15944
2023-11-28,TWSE,2606,裕民,49.30,51.20,48.40,48.55,0.75,44058649,2186805498,24932
2023-11-28,TWSE,2607,榮運,29.60,30.10,29.45,29.85,0.45,2724550,81339484,1730
2023-11-28,TWSE,2608,嘉里大榮,38.00,38.20,38.00,38.20,0.20,212513,8105414,180
2023-11-28,TWSE,2609,陽明,42.20,42.75,42.15,42.65,0.65,18473404,784553256,10524
2023-11-28,TWSE,2610,華航,21.10,21.50,21.10,21.40,0.40,17157677,366372190,5619
2023-11-28,TWSE,2611,志信,13.95,14.65,13.95,14.15,0.25,1636837,23440973,1029
2023-11-28,TWSE,2612,中航,43.40,46.40,43.10,43.75,1.55,9494380,428440010,5231
2023-11-28,TWSE,2613,中櫃,20.70,21.35,20.70,20.75,0.25,411678,8646011,279
2023-11-28,TWSE,2614,東森,23.45,23.75,23.35,23.50,0.05,654807,15389539,765
2023-11-28,TWSE,2615,萬海,46.25,47.20,45.90,47.00,1.00,8039019,376900625,5313
2023-11-28,TWSE,2616,山隆,30.60,30.70,30.60,30.70,0.20,527504,16170828,222
2023-11-28,TWSE,2617,台航,30.50,31.50,30.45,31.00,1.10,8410810,262015508,4932
2023-11-28,TWSE,2618,長榮航,31.30,31.65,31.10,31.45,0.55,52653649,1652569729,15115
2023-11-28,TWSE,2630,亞航,37.85,38.15,37.05,37.20,-1.15,5415852,202552614,3771
2023-11-28,TWSE,2633,台灣高鐵,30.00,30.30,29.85,30.15,0.30,3818284,115007513,1915
2023-11-28,TWSE,2634,漢翔,51.70,52.60,51.30,52.30,0.70,6252461,325991832,3220
2023-11-28,TWSE,2636,台驊控股,76.60,77.90,76.60,77.30,1.20,658599,50917560,622
2023-11-28,TWSE,2637,慧洋-KY,47.60,51.20,47.60,48.90,2.30,43796105,2156674526,17293
2023-11-28,TWSE,2642,宅配通,39.85,40.00,39.85,39.95,0.05,56190,2243841,90
2023-11-28,TWSE,2645,長榮航太,104.50,107.50,104.50,107.00,3.00,1964307,209223085,1592
2023-11-28,TWSE,2701,萬企,12.85,13.00,12.85,13.00,0.15,187518,2430544,132
2023-11-28,TWSE,2702,華園,20.85,21.15,20.85,21.10,0.25,228271,4801547,133
2023-11-28,TWSE,2704,國賓,47.35,48.40,47.30,47.60,0.35,152320,7274039,141
2023-11-28,TWSE,2705,六福,17.70,17.95,17.65,17.75,0.15,470788,8384366,272
2023-11-28,TWSE,2706,第一店,15.70,15.80,15.55,15.65,0.05,278311,4362255,430
2023-11-28,TWSE,2707,晶華,217.00,219.00,214.50,216.50,0.00,1149828,248786255,2332
2023-11-28,TWSE,2712,遠雄來,34.65,35.05,34.65,35.05,0.45,12200,426165,14
2023-11-28,TWSE,2722,夏都,61.20,62.50,60.90,61.70,0.50,1062634,65388107,993
2023-11-28,TWSE,2723,美食-KY,102.00,103.00,101.50,102.50,1.00,375619,38324777,419
2023-11-28,TWSE,2727,王品,239.00,241.00,235.50,240.50,3.50,994307,236631194,1985
2023-11-28,TWSE,2731,雄獅,138.00,141.50,138.00,141.00,2.50,1726648,241704385,1520
2023-11-28,TWSE,2739,寒舍,56.20,58.50,56.20,57.80,1.60,1210587,69439908,977
2023-11-28,TWSE,2748,雲品,81.10,82.40,80.80,81.50,0.70,1571652,128243062,1285
2023-11-28,TWSE,2753,八方雲集,173.50,177.00,173.50,175.50,2.00,253783,44476097,359
2023-11-28,TWSE,2801,彰銀,17.85,18.00,17.80,17.90,0.10,16323235,292603945,4030
2023-11-28,TWSE,2809,京城銀,39.50,39.60,39.40,39.45,-0.05,890680,35162073,707
2023-11-28,TWSE,2812,台中銀,15.55,15.70,15.55,15.65,0.10,4449185,69515279,1777
2023-11-28,TWSE,2816,旺旺保,39.20,39.80,38.20,39.75,1.00,6758773,264994783,3704
2023-11-28,TWSE,2820,華票,14.65,14.70,14.60,14.70,0.05,439165,6436316,198
2023-11-28,TWSE,2832,台產,25.00,25.05,24.85,25.00,0.10,436583,10895103,306
2023-11-28,TWSE,2834,臺企銀,13.50,13.65,13.45,13.55,0.10,14941204,202768588,4589
2023-11-28,TWSE,2836,高雄銀,12.15,12.15,12.05,12.10,0.00,639950,7754210,172
2023-11-28,TWSE,2836A,高雄銀甲特,21.05,21.05,21.05,21.05,0.00,2000,42100,2
2023-11-28,TWSE,2838,聯邦銀,14.10,14.20,14.05,14.15,0.10,1249863,17683709,612
2023-11-28,TWSE,2838A,聯邦銀甲特,50.90,51.10,50.90,51.10,0.10,66000,3364700,29
2023-11-28,TWSE,2845,遠東銀,11.95,12.05,11.90,12.00,0.05,4436973,53263427,1073
2023-11-28,TWSE,2849,安泰銀,14.80,14.90,14.80,14.90,0.15,88797,1320755,57
2023-11-28,TWSE,2850,新產,70.00,70.10,69.50,70.00,0.20,210866,14737309,213
2023-11-28,TWSE,2851,中再保,22.85,23.00,22.85,22.90,0.05,555721,12746865,297
2023-11-28,TWSE,2852,第一保,18.25,18.40,18.25,18.30,0.10,149006,2729574,101
2023-11-28,TWSE,2855,統一證,18.55,18.75,18.55,18.60,0.00,527557,9840800,273
2023-11-28,TWSE,2867,三商壽,5.08,5.09,5.04,5.07,0.00,9457009,47853372,1679
2023-11-28,TWSE,2880,華南金,22.00,22.10,21.90,22.10,0.25,14717873,324154862,5644
2023-11-28,TWSE,2881,富邦金,64.00,64.20,63.40,63.90,0.40,12025309,768573917,5328
2023-11-28,TWSE,2881A,富邦特,60.70,60.80,60.70,60.80,0.00,70611,4286441,24
2023-11-28,TWSE,2881B,富邦金乙特,59.90,59.90,59.80,59.90,0.00,8317,497429,10
2023-11-28,TWSE,2881C,富邦金丙特,55.30,55.30,55.10,55.20,-0.10,16628,918786,59
2023-11-28,TWSE,2882,國泰金,45.70,46.05,45.55,46.00,0.25,18136527,831624376,8448
2023-11-28,TWSE,2882A,國泰特,59.70,59.70,59.60,59.70,0.00,35675,2128372,21
2023-11-28,TWSE,2882B,國泰金乙特,59.70,59.70,59.60,59.70,0.00,64075,3822070,11
2023-11-28,TWSE,2883,凱基金,12.35,12.55,12.25,12.55,0.10,198279675,2460496234,30563
2023-11-28,TWSE,2883B,凱基金乙特,7.05,7.05,6.99,7.00,-0.03,1859372,13023728,422
2023-11-28,TWSE,2884,玉山金,25.45,25.70,25.40,25.70,0.35,21929406,561771992,7958
2023-11-28,TWSE,2885,元大金,25.90,26.10,25.85,26.10,0.25,19022323,495156080,7073
2023-11-28,TWSE,2886,兆豐金,39.50,40.00,39.45,39.65,0.15,16933117,673568151,7356
2023-11-28,TWSE,2887,台新新光金,18.10,18.25,18.05,18.15,0.10,17914350,325382525,5149
2023-11-28,TWSE,2887E,台新新光戊特一,50.80,50.80,50.80,50.80,-0.10,64631,3283251,32
2023-11-28,TWSE,2887F,台新新光戊特二,45.75,45.80,45.75,45.80,0.00,31002,1419248,27
2023-11-28,TWSE,2887Z1,台新新光己特,16.60,17.05,16.60,17.05,0.25,216729,3671632,51
2023-11-28,TWSE,2888,新光金,9.07,9.09,9.02,9.05,0.02,19889940,180082180,4556
2023-11-28,TWSE,2888A,新光金甲特,30.10,30.15,30.05,30.15,0.00,14374,432457,8
2023-11-28,TWSE,2888B,新光金乙特,30.00,30.00,29.90,29.95,-0.05,13119,392691,14
2023-11-28,TWSE,2889,國票金,11.60,11.70,11.55,11.60,0.05,6012612,69937412,1528
2023-11-28,TWSE,2890,永豐金,19.00,19.10,18.85,18.85,0.05,21119412,400389598,6067
2023-11-28,TWSE,2891,中信金,27.40,27.40,27.05,27.15,0.45,67302210,1832387845,18720
2023-11-28,TWSE,2891B,中信金乙特,59.00,59.00,58.90,59.00,-0.10,64106,3778075,22
2023-11-28,TWSE,2891C,中信金丙特,58.80,58.90,58.80,58.90,0.00,184965,10875710,27
2023-11-28,TWSE,2892,第一金,27.65,27.95,27.55,27.60,0.15,21595381,598874732,6791
2023-11-28,TWSE,2897,王道銀行,9.68,9.84,9.63,9.76,0.15,5810222,56736714,1461
2023-11-28,TWSE,2897A,王道銀甲特,10.25,10.30,10.25,10.30,0.10,92051,947615,39
2023-11-28,TWSE,2901,欣欣,26.65,26.65,26.05,26.30,0.30,32860,860654,92
2023-11-28,TWSE,2903,遠百,24.45,24.55,24.35,24.40,-0.10,1119592,27376137,577
2023-11-28,TWSE,2904,匯僑,18.95,19.10,18.95,19.05,0.10,36347,691555,36
2023-11-28,TWSE,2905,三商,13.60,13.70,13.50,13.60,0.05,490296,6674796,324
2023-11-28,TWSE,2906,高林,18.00,18.10,17.85,17.85,0.05,482967,8677408,250
2023-11-28,TWSE,2908,特力,20.80,20.80,20.60,20.70,0.05,251907,5232675,80
2023-11-28,TWSE,2910,統領,27.80,28.25,27.80,28.25,0.30,20004,559558,19
2023-11-28,TWSE,2911,麗嬰房,6.50,6.56,6.48,6.56,0.06,210080,1368370,204
2023-11-28,TWSE,2912,統一超,271.00,273.00,270.00,271.50,1.50,1011162,274547554,1986
2023-11-28,TWSE,2913,農林,21.60,22.10,21.50,21.50,0.10,5022301,109153722,2134
2023-11-28,TWSE,2915,潤泰全,61.10,61.70,61.00,61.50,0.40,1557659,95828925,1074
2023-11-28,TWSE,2923,鼎固-KY,25.00,25.95,25.00,25.95,0.75,121194,3127944,88
2023-11-28,TWSE,2929,淘帝-KY,11.95,12.10,11.90,12.00,0.05,216376,2597307,101
2023-11-28,TWSE,2939,永邑-KY,29.55,29.70,29.55,29.70,0.15,12001,355532,10
2023-11-28,TWSE,2945,三商家購,43.80,47.50,43.60,47.45,3.65,137490,6321443,211
2023-11-28,TWSE,3002,歐格,13.40,13.60,13.35,13.60,0.25,218557,2953037,145
2023-11-28,TWSE,3003,健和興,71.90,72.00,71.20,72.00,0.60,238064,17049493,214
2023-11-28,TWSE,3004,豐達科,92.00,93.30,91.10,92.00,0.00,297548,27367073,341
2023-11-28,TWSE,3005,神基,96.90,101.00,95.20,99.20,1.60,8654886,856114593,6166
2023-11-28,TWSE,3006,晶豪科,90.80,94.70,90.40,94.60,4.10,10912876,1016561209,7562
2023-11-28,TWSE,3008,大立光,2300.00,2310.00,2270.00,2310.00,20.00,844481,1939803945,2673
2023-11-28,TWSE,3010,華立,100.50,102.00,99.90,101.50,1.90,378190,38329591,362
2023-11-28,TWSE,3011,今皓,36.60,37.00,36.45,36.65,0.30,340184,12484037,260
2023-11-28,TWSE,3013,晟銘電,43.80,44.35,43.80,44.00,0.15,2147482,94562691,1520
2023-11-28,TWSE,3014,聯陽,156.00,157.00,154.50,157.00,2.50,1226158,191306043,1066
2023-11-28,TWSE,3015,全漢,51.30,52.00,51.30,51.90,0.20,292646,15183849,119
2023-11-28,TWSE,3016,嘉晶,61.90,63.40,61.90,63.30,1.40,509810,32114619,462
2023-11-28,TWSE,3017,奇鋐,300.00,302.50,296.00,300.50,2.50,7431725,2229164243,7006
2023-11-28,TWSE,3018,隆銘綠能,13.50,13.50,12.60,12.60,-0.85,92128,1187455,410
2023-11-28,TWSE,3019,亞光,65.30,66.40,65.30,66.40,1.00,798731,52755806,761
2023-11-28,TWSE,3021,鴻名,20.85,20.85,20.60,20.80,0.20,98307,2034715,68
2023-11-28,TWSE,3022,威強電,81.80,82.80,81.20,82.60,1.50,857533,70362317,871
2023-11-28,TWSE,3023,信邦,277.00,283.00,276.00,281.50,6.00,619739,174130877,815
2023-11-28,TWSE,3024,憶聲,17.80,18.15,17.80,18.00,0.25,3033997,54602031,1127
2023-11-28,TWSE,3025,星通,47.10,47.35,46.50,46.70,0.30,1824425,85507337,1388
2023-11-28,TWSE,3026,禾伸堂,97.50,98.70,97.50,98.40,0.30,135517,13329941,181
2023-11-28,TWSE,3027,盛達,40.05,40.40,39.85,40.10,0.30,421923,16888004,387
2023-11-28,TWSE,3028,增你強,33.20,33.40,33.10,33.30,0.20,364845,12132532,360
2023-11-28,TWSE,3029,零壹,65.20,65.70,65.00,65.20,0.00,452590,29559322,428
2023-11-28,TWSE,3030,德律,62.20,63.00,62.10,62.90,0.80,374151,23459959,283
2023-11-28,TWSE,3031,佰鴻,17.95,18.50,17.95,18.40,0.55,263763,4844690,226
2023-11-28,TWSE,3032,偉訓,69.10,71.20,68.90,70.40,1.60,2798186,196168007,2037
2023-11-28,TWSE,3033,威健,27.60,27.85,27.55,27.75,0.30,834231,23123526,501
2023-11-28,TWSE,3034,聯詠,504.00,507.00,496.50,502.00,-1.00,3984360,1995874443,4884
2023-11-28,TWSE,3035,智原,333.50,363.50,331.50,361.00,30.00,29517984,10406484685,24304
2023-11-28,TWSE,3036,文曄,116.50,117.00,114.50,116.50,1.50,4562510,528735598,2976
2023-11-28,TWSE,3036A,文曄甲特,45.60,45.65,45.60,45.65,0.00,129227,5897571,48
2023-11-28,TWSE,3037,欣興,166.00,171.00,164.50,170.00,5.50,16163333,2734210424,12257
2023-11-28,TWSE,3038,全台,30.35,30.75,30.30,30.70,0.50,570110,17428810,396
2023-11-28,TWSE,3040,遠見,29.90,30.10,29.80,30.05,0.05,50042,1500201,37
2023-11-28,TWSE,3041,揚智,31.30,32.80,31.15,31.75,0.40,15662471,500462692,8129
2023-11-28,TWSE,3042,晶技,101.00,102.00,100.50,102.00,1.50,1280809,129637468,1118
2023-11-28,TWSE,3043,科風,37.20,37.20,36.45,36.95,0.15,169687,6237803,271
2023-11-28,TWSE,3044,健鼎,184.00,187.00,181.50,185.00,2.50,4473438,825335577,3559
2023-11-28,TWSE,3045,台灣大,98.90,99.30,98.40,98.40,-0.10,7663880,757827165,3547
2023-11-28,TWSE,3046,建碁,65.30,65.30,64.10,64.60,-0.10,283459,18326582,329
2023-11-28,TWSE,3047,訊舟,15.05,15.20,14.85,15.10,0.10,3467451,51995556,1488
2023-11-28,TWSE,3048,益登,24.10,24.35,24.10,24.35,0.25,325576,7898046,352
2023-11-28,TWSE,3049,精金,9.41,9.49,9.41,9.47,0.05,824358,7798803,427
2023-11-28,TWSE,3050,鈺德,14.90,15.00,14.90,15.00,0.10,111751,1671142,74
2023-11-28,TWSE,3051,力特,32.90,34.00,32.45,34.00,1.20,8592811,287637395,4907
2023-11-28,TWSE,3052,夆典,11.50,11.65,11.50,11.55,0.00,713366,8248071,268
2023-11-28,TWSE,3054,立萬利,20.50,20.60,20.50,20.60,0.10,2040,41920,3
2023-11-28,TWSE,3055,蔚華科,38.80,40.30,38.80,40.30,1.50,560159,22279324,416
2023-11-28,TWSE,3056,富華新,30.15,30.15,29.00,29.40,-0.40,1925764,56718988,2508
2023-11-28,TWSE,3057,喬鼎,12.40,12.65,12.10,12.45,0.10,263228,3275517,249
2023-11-28,TWSE,3058,立德,22.05,22.05,21.35,21.45,-0.45,1979237,42834697,1013
2023-11-28,TWSE,3059,華晶科,39.45,39.70,39.00,39.60,0.60,4201717,165860003,2326
2023-11-28,TWSE,3060,銘異,21.80,22.40,21.55,21.70,0.30,1057620,23067864,779
2023-11-28,TWSE,3062,建漢,23.10,23.20,22.70,22.80,-0.10,1836890,42100200,1070
2023-11-28,TWSE,3090,日電貿,58.50,58.80,58.00,58.60,0.40,688243,40196933,652
2023-11-28,TWSE,3092,鴻碩,35.25,35.60,35.25,35.50,0.25,197588,6992193,151
2023-11-28,TWSE,3094,聯傑,38.05,40.30,38.00,40.15,1.85,4747367,187067964,2927
2023-11-28,TWSE,3130,一零四,208.00,208.50,207.50,207.50,-0.50,19068,3965766,74
2023-11-28,TWSE,3138,耀登,152.00,156.00,152.00,155.50,4.50,675073,104253561,488
2023-11-28,TWSE,3149,正達,22.15,22.80,22.15,22.20,0.05,722678,16158243,444
2023-11-28,TWSE,3164,景岳,24.50,24.50,24.10,24.10,-0.20,38397,930435,90
2023-11-28,TWSE,3167,大量,49.55,50.80,49.55,50.50,1.00,178375,8972820,161
2023-11-28,TWSE,3189,景碩,96.70,98.00,96.10,98.00,1.60,2329158,226993535,2301
2023-11-28,TWSE,3209,全科,36.45,36.90,36.45,36.85,0.40,818004,30068350,520
2023-11-28,TWSE,3229,晟鈦,14.45,14.50,14.35,14.50,0.05,25142,362701,25
2023-11-28,TWSE,3231,緯創,92.70,93.00,91.90,92.50,-0.20,43402332,4009459841,27220
2023-11-28,TWSE,3257,虹冠電,76.60,78.20,76.00,77.50,1.00,1359320,105313346,1102
2023-11-28,TWSE,3266,昇陽,17.35,17.50,17.00,17.30,0.05,387080,6659438,257
2023-11-28,TWSE,3296,勝德,16.25,16.50,16.25,16.50,0.25,416897,6828750,255
2023-11-28,TWSE,3305,昇貿,69.00,69.90,67.70,69.70,1.50,1605452,110895057,1240
2023-11-28,TWSE,3308,聯德,35.50,35.65,35.00,35.10,-0.10,305004,10757228,286
2023-11-28,TWSE,3311,閎暉,38.00,38.45,37.65,38.35,0.45,231507,8826820,153
2023-11-28,TWSE,3312,弘憶股,21.40,21.60,21.40,21.60,0.20,233707,5028951,208
2023-11-28,TWSE,3321,同泰,15.60,15.70,15.50,15.65,0.00,186735,2909365,174
2023-11-28,TWSE,3338,泰碩,58.40,60.40,58.40,60.30,2.00,906976,54245090,720
2023-11-28,TWSE,3346,麗清,46.00,47.65,45.80,47.30,1.65,1248717,58495444,993
2023-11-28,TWSE,3356,奇偶,44.20,44.80,44.20,44.75,0.65,400564,17857625,325
2023-11-28,TWSE,3376,新日興,122.00,128.50,122.00,124.00,2.50,6980284,877071333,5351
2023-11-28,TWSE,3380,明泰,35.65,35.95,35.40,35.95,0.30,1260731,45055553,763
2023-11-28,TWSE,3406,玉晶光,406.50,408.50,397.00,403.00,1.50,2511116,1011144336,3069
2023-11-28,TWSE,3413,京鼎,197.00,200.00,196.50,199.00,3.50,557637,110764642,625
2023-11-28,TWSE,3416,融程電,122.00,125.00,122.00,124.50,2.00,95301,11814796,133
2023-11-28,TWSE,3419,譁裕,18.30,18.50,18.30,18.40,0.10,251447,4622293,196
2023-11-28,TWSE,3432,台端,10.70,10.95,10.70,10.90,0.10,31000,336400,20
2023-11-28,TWSE,3437,榮創,28.25,29.00,27.35,29.00,0.50,15136904,430606376,7541
2023-11-28,TWSE,3443,創意,1630.00,1675.00,1620.00,1645.00,35.00,2961216,4878330120,4174
2023-11-28,TWSE,3447,展達,39.55,39.65,39.35,39.60,0.10,54312,2145428,69
2023-11-28,TWSE,3450,聯鈞,57.10,58.40,56.60,58.40,1.70,2389217,137875382,1695
2023-11-28,TWSE,3454,晶睿,155.50,158.00,155.50,158.00,3.50,153036,24025953,212
2023-11-28,TWSE,3481,群創,12.50,12.80,12.45,12.75,0.30,30676188,389196093,8611
2023-11-28,TWSE,3494,誠研,6.84,6.84,6.84,6.84,0.62,388417,2656771,108
2023-11-28,TWSE,3501,維熹,50.70,51.00,50.50,51.00,0.50,96624,4913657,75
2023-11-28,TWSE,3504,揚明光,66.00,67.30,66.00,67.10,1.10,512866,34331343,511
2023-11-28,TWSE,3515,華擎,197.00,199.50,196.00,199.50,4.00,538630,106864649,597
2023-11-28,TWSE,3518,柏騰,37.90,39.35,37.90,38.70,0.90,1703767,66344843,894
2023-11-28,TWSE,3528,安馳,52.60,54.00,52.60,53.40,-0.40,315705,16722902,321
2023-11-28,TWSE,3530,晶相光,104.50,107.50,102.50,107.00,0.50,2869194,302682381,2183
2023-11-28,TWSE,3532,台勝科,153.50,159.50,153.50,159.00,5.50,1663803,263011437,1418
2023-11-28,TWSE,3533,嘉澤,900.00,927.00,898.00,922.00,18.00,1143223,1042627435,1542
2023-11-28,TWSE,3535,晶彩科,19.20,19.25,19.10,19.15,0.05,107005,2049249,73
2023-11-28,TWSE,3543,州巧,21.95,22.60,21.60,22.55,0.65,356158,7945175,179
2023-11-28,TWSE,3545,敦泰,121.50,132.50,121.00,132.50,12.00,20511065,2610274332,13699
2023-11-28,TWSE,3550,聯穎,14.85,14.90,14.85,14.90,0.00,24225,360621,45
2023-11-28,TWSE,3557,嘉威,59.90,60.00,59.60,59.90,0.00,34529,2067940,177
2023-11-28,TWSE,3563,牧德,198.00,200.00,198.00,198.50,2.00,98434,19574464,487
2023-11-28,TWSE,3576,聯合再生,14.95,14.95,14.60,14.60,-0.25,2816082,41442676,1454
2023-11-28,TWSE,3583,辛耘,224.50,224.50,215.50,216.50,-3.00,4362219,955668524,14122
2023-11-28,TWSE,3588,通嘉,81.70,83.90,81.70,82.20,1.20,2518190,207783689,2177
2023-11-28,TWSE,3591,艾笛森,24.20,24.30,24.00,24.30,0.15,308889,7472531,196
2023-11-28,TWSE,3592,瑞鼎,400.00,406.00,399.50,403.00,6.00,750475,302170613,835
2023-11-28,TWSE,3593,力銘,11.25,11.40,11.25,11.40,0.15,17020,193320,29
2023-11-28,TWSE,3596,智易,161.50,165.00,161.50,163.50,2.00,1178471,192692509,994
2023-11-28,TWSE,3605,宏致,30.40,30.80,30.30,30.55,0.15,256105,7823317,179
2023-11-28,TWSE,3607,谷崧,15.05,15.20,15.00,15.20,0.15,118049,1783689,94
2023-11-28,TWSE,3617,碩天,218.50,226.00,218.50,224.00,6.50,1075909,239877259,1126
2023-11-28,TWSE,3622,洋華,37.65,38.35,37.65,38.25,0.60,313086,11940078,237
2023-11-28,TWSE,3645,達邁,39.45,40.05,39.45,39.75,0.35,467576,18607175,334
2023-11-28,TWSE,3652,精聯,27.35,27.45,27.05,27.20,0.10,126089,3429361,65
2023-11-28,TWSE,3653,健策,590.00,602.00,581.00,597.00,12.00,949313,560823295,1032
2023-11-28,TWSE,3661,世芯-KY,2995.00,3160.00,2985.00,3130.00,180.00,3011969,9298049145,5027
2023-11-28,TWSE,3665,貿聯-KY,265.50,266.00,264.50,266.00,1.50,310141,82308198,711
2023-11-28,TWSE,3669,圓展,51.30,51.90,50.80,51.60,0.30,646522,33236621,445
2023-11-28,TWSE,3673,TPK-KY,35.20,35.65,35.05,35.60,0.55,710864,25131520,465
2023-11-28,TWSE,3679,新至陞,100.50,103.50,100.50,102.50,2.00,169637,17236954,129
2023-11-28,TWSE,3682,亞太電,7.43,7.50,7.39,7.47,0.07,5664852,42306117,1193
2023-11-28,TWSE,3686,達能,13.40,13.50,13.40,13.45,0.00,68216,917109,76
2023-11-28,TWSE,3694,海華,43.90,46.00,43.75,44.95,1.10,7824064,350608749,4224
2023-11-28,TWSE,3701,大眾控,65.40,66.20,64.20,64.80,0.00,4320070,281580311,2885
2023-11-28,TWSE,3702,大聯大,74.00,75.10,73.60,75.10,1.10,10885691,812301618,6678
2023-11-28,TWSE,3702A,大聯大甲特,46.80,46.95,46.80,46.95,0.15,36189,1696193,22
2023-11-28,TWSE,3703,欣陸,27.35,27.45,27.25,27.40,0.05,776045,21229893,480
2023-11-28,TWSE,3704,合勤控,52.00,52.70,51.40,52.50,0.90,3234421,168909215,2542
2023-11-28,TWSE,3705,永信,48.45,48.65,47.15,47.45,-0.45,4066740,194686588,2880
2023-11-28,TWSE,3706,神達,38.50,39.30,38.35,39.30,1.05,6044230,235308422,3707
2023-11-28,TWSE,3708,上緯投控,95.00,96.50,94.90,96.50,1.60,651042,62344440,502
2023-11-28,TWSE,3711,日月光投控,126.00,126.50,125.00,125.50,-0.50,10784284,1355161387,4773
2023-11-28,TWSE,3712,永崴投控,35.80,36.10,35.55,35.85,0.25,591614,21225593,404
2023-11-28,TWSE,3714,富采,45.25,46.00,44.80,45.75,0.85,1684776,76824040,1238
2023-11-28,TWSE,3715,定穎投控,99.20,100.50,96.60,97.70,-0.90,41482531,4084389345,23773
2023-11-28,TWSE,4104,佳醫,87.80,87.80,86.70,87.00,0.10,169821,14780438,310
2023-11-28,TWSE,4106,雃博,30.10,30.10,29.15,29.35,-0.75,1019935,30046324,700
2023-11-28,TWSE,4108,懷特,23.90,23.95,23.30,23.70,0.10,1145005,27084189,895
2023-11-28,TWSE,4119,旭富,91.10,91.30,90.10,90.30,-0.50,344720,31202642,392
2023-11-28,TWSE,4133,亞諾法,37.55,38.85,36.25,37.50,1.50,7096002,263502055,4651
2023-11-28,TWSE,4137,麗豐-KY,193.00,195.50,193.00,194.50,2.00,42770,8312814,656
2023-11-28,TWSE,4142,國光生,36.10,36.20,35.15,35.65,-0.35,3000198,106935414,1948
2023-11-28,TWSE,4148,全宇生技-KY,42.90,43.80,42.90,43.40,0.65,58227,2520918,56
2023-11-28,TWSE,4155,訊映,26.25,26.60,25.80,26.05,0.00,867013,22618448,716
2023-11-28,TWSE,4164,承業醫,61.10,61.50,60.70,61.00,0.00,409683,24983236,388
2023-11-28,TWSE,4190,佐登-KY,63.10,63.30,63.00,63.00,-0.30,28451,1794832,38
2023-11-28,TWSE,4306,炎洲,16.85,17.15,16.85,16.90,0.10,2229352,37863392,902
2023-11-28,TWSE,4414,如興,3.86,3.95,3.86,3.94,0.09,2195043,8612697,230
2023-11-28,TWSE,4426,利勤,20.80,20.95,20.80,20.85,-0.05,86045,1797324,93
2023-11-28,TWSE,4438,廣越,115.00,115.50,114.50,115.50,0.50,50677,5834672,56
2023-11-28,TWSE,4439,冠星-KY,126.00,127.00,126.00,127.00,0.50,33650,4266074,35
2023-11-28,TWSE,4440,宜新實業,26.10,26.15,26.05,26.10,0.05,241558,6303152,123
2023-11-28,TWSE,4526,東台,18.45,19.05,18.30,18.95,0.55,1291873,24245544,633
2023-11-28,TWSE,4532,瑞智,20.30,20.35,20.20,20.30,0.00,597317,12108421,377
2023-11-28,TWSE,4536,拓凱,179.50,181.50,179.50,180.50,1.50,193389,34978511,254
2023-11-28,TWSE,4540,全球傳動,32.35,32.40,32.20,32.30,0.20,49419,1595934,45
2023-11-28,TWSE,4545,銘鈺,30.05,30.05,29.85,30.00,-0.05,26046,778776,60
2023-11-28,TWSE,4551,智伸科,136.50,137.00,135.50,137.00,0.00,58415,7971238,72
2023-11-28,TWSE,4552,力達-KY,31.40,31.55,31.35,31.45,0.15,274684,8636238,209
2023-11-28,TWSE,4555,氣立,56.10,56.50,55.90,56.00,0.00,37019,2080164,33
2023-11-28,TWSE,4557,永新-KY,107.50,107.50,106.50,107.50,0.00,30243,3241131,46
2023-11-28,TWSE,4560,強信-KY,35.60,35.60,35.35,35.50,0.05,54000,1912300,21
2023-11-28,TWSE,4562,穎漢,15.65,16.00,15.65,15.85,0.10,96066,1516431,49
2023-11-28,TWSE,4564,元翎,24.45,24.80,24.45,24.65,0.20,348191,8572197,548
2023-11-28,TWSE,4566,時碩工業,52.60,53.60,52.60,53.20,0.50,288537,15345050,189
2023-11-28,TWSE,4569,六方科-KY,91.00,91.50,90.80,90.80,0.40,9500,865300,11
2023-11-28,TWSE,4571,鈞興-KY,74.50,74.50,73.40,74.30,0.10,37178,2753986,64
2023-11-28,TWSE,4572,駐龍,163.50,164.50,162.00,163.50,1.00,175927,28736173,345
2023-11-28,TWSE,4576,大銀微系統,65.10,65.50,64.40,65.50,0.60,95386,6202125,104
2023-11-28,TWSE,4581,光隆精密-KY,69.20,69.80,69.10,69.80,0.70,61200,4243960,46
2023-11-28,TWSE,4583,台灣精銳,216.00,221.50,216.00,219.00,1.00,63189,13833755,81
2023-11-28,TWSE,4720,德淵,15.30,15.50,15.30,15.40,0.10,398801,6145117,182
2023-11-28,TWSE,4722,國精化,34.25,34.50,34.25,34.40,0.25,73109,2515482,56
2023-11-28,TWSE,4737,華廣,76.90,77.90,76.90,77.30,0.40,30070,2320611,35
2023-11-28,TWSE,4739,康普,78.10,79.20,77.70,79.00,1.30,369749,29083292,406
2023-11-28,TWSE,4746,台耀,102.00,104.50,100.50,102.50,1.50,6422438,656870601,4428
2023-11-28,TWSE,4755,三福化,128.00,129.00,127.50,129.00,2.00,174414,22355298,169
2023-11-28,TWSE,4763,材料*-KY,845.00,878.00,844.00,860.00,0.00,3090882,2656273751,4877
2023-11-28,TWSE,4764,雙鍵,40.75,40.75,40.00,40.50,0.10,21154,849890,21
2023-11-28,TWSE,4766,南寶,249.00,257.50,249.00,254.00,3.00,459617,116523858,642
2023-11-28,TWSE,4770,上品,348.50,359.00,346.00,356.00,12.00,1093548,385867128,976
2023-11-28,TWSE,4807,日成-KY,16.40,16.75,16.40,16.75,0.40,4032,66842,9
2023-11-28,TWSE,4904,遠傳,81.00,81.40,80.40,80.50,0.30,9507528,768945258,5100
2023-11-28,TWSE,4906,正文,34.00,34.45,33.70,34.40,0.85,3620805,123817718,1940
2023-11-28,TWSE,4912,聯德控股-KY,83.00,84.80,83.00,84.60,1.20,50794,4265917,54
2023-11-28,TWSE,4915,致伸,64.50,65.20,64.30,65.10,0.70,2401745,155993292,1648
2023-11-28,TWSE,4916,事欣科,36.40,36.70,36.35,36.65,0.35,306330,11181266,324
2023-11-28,TWSE,4919,新唐,144.00,144.50,141.00,144.00,2.50,7421760,1062061450,5039
2023-11-28,TWSE,4927,泰鼎-KY,49.20,50.00,49.20,49.90,0.75,111000,5518373,117
2023-11-28,TWSE,4930,燦星網,29.75,29.95,29.65,29.85,0.15,148369,4427130,178
2023-11-28,TWSE,4934,太極,28.25,28.35,28.00,28.10,0.10,521084,14677441,325
2023-11-28,TWSE,4935,茂林-KY,51.20,51.70,50.80,51.70,0.50,100150,5127479,68
2023-11-28,TWSE,4938,和碩,81.00,81.30,80.30,81.10,0.30,5175622,418638966,3214
2023-11-28,TWSE,4942,嘉彰,42.90,43.00,42.80,42.90,-0.05,248212,10640391,153
2023-11-28,TWSE,4943,康控-KY,13.55,13.80,13.55,13.80,0.30,12156,165489,31
2023-11-28,TWSE,4952,凌通,54.30,56.60,54.30,56.20,1.90,591475,32842374,492
2023-11-28,TWSE,4956,光鋐,17.80,18.30,17.50,17.50,-0.30,2125316,37684955,1258
2023-11-28,TWSE,4958,臻鼎-KY,103.50,105.00,103.50,104.50,1.50,2423947,252275394,1341
2023-11-28,TWSE,4960,誠美材,12.70,13.15,12.70,13.10,0.40,3841970,49907180,1246
2023-11-28,TWSE,4961,天鈺,274.50,274.50,266.00,271.00,-4.00,2547376,688506907,11151
2023-11-28,TWSE,4967,十銓,86.10,88.40,86.00,88.40,2.30,3306260,288655694,2843
2023-11-28,TWSE,4968,立積,159.50,165.00,156.00,165.00,7.50,7188959,1164144232,6037
2023-11-28,TWSE,4976,佳凌,40.20,40.60,40.00,40.55,0.70,236405,9522988,189
2023-11-28,TWSE,4977,眾達-KY,78.50,79.40,78.40,79.10,0.60,448535,35454760,421
2023-11-28,TWSE,4989,榮科,25.60,25.80,25.45,25.70,0.20,92546,2371470,102
2023-11-28,TWSE,4994,傳奇,60.20,62.50,60.20,60.80,0.60,113229,6937098,114
2023-11-28,TWSE,4999,鑫禾,35.80,36.45,35.80,36.30,0.50,105708,3833436,122
2023-11-28,TWSE,5007,三星,56.00,56.10,56.00,56.00,0.60,29058,1628219,23
2023-11-28,TWSE,5203,訊連,94.60,95.80,94.40,95.80,1.70,149978,14303660,202
2023-11-28,TWSE,5215,科嘉-KY,63.20,64.10,63.10,64.10,1.60,270035,17213471,222
2023-11-28,TWSE,5222,全訊,164.00,169.00,163.00,168.50,3.50,1021252,169688002,9747
2023-11-28,TWSE,5225,東科-KY,64.70,66.30,64.60,66.10,1.50,1574040,103372065,1208
2023-11-28,TWSE,5234,達興材料,100.00,102.00,100.00,101.00,1.00,375165,37916435,336
2023-11-28,TWSE,5243,乙盛-KY,59.70,60.90,59.70,60.50,1.00,437850,26459660,369
2023-11-28,TWSE,5244,弘凱,36.10,37.10,36.00,36.50,0.40,231030,8415285,168
2023-11-28,TWSE,5258,虹堡,147.50,151.00,145.50,146.00,0.50,10013856,1478683489,6467
2023-11-28,TWSE,5269,祥碩,1475.00,1515.00,1445.00,1490.00,65.00,1322164,1954298560,1672
2023-11-28,TWSE,5283,禾聯碩,109.50,110.00,109.00,109.50,0.50,50413,5514001,62
2023-11-28,TWSE,5284,jpp-KY,129.50,129.50,128.00,128.50,0.50,260174,33463289,339
2023-11-28,TWSE,5285,界霖,73.90,73.90,73.50,73.90,0.90,88565,6519818,85
2023-11-28,TWSE,5288,豐祥-KY,177.50,179.00,177.50,178.00,1.50,12591,2244790,21
2023-11-28,TWSE,5292,華懋,150.00,156.50,147.00,150.00,-5.50,1791347,269753817,1665
2023-11-28,TWSE,5306,桂盟,125.50,134.00,124.50,133.00,10.00,2068406,270534926,1956
2023-11-28,TWSE,5388,中磊,119.50,123.50,119.50,123.00,3.50,2279278,278284690,1723
2023-11-28,TWSE,5434,崇越,182.00,185.00,182.00,184.00,2.00,336044,61918165,898
2023-11-28,TWSE,5469,瀚宇博,54.80,55.70,54.40,55.10,0.10,2113104,116587807,1593
2023-11-28,TWSE,5471,松翰,56.90,58.60,56.60,58.50,2.00,2741631,158703900,2162
2023-11-28,TWSE,5484,慧友,24.30,24.30,23.15,24.20,-0.10,168199,3952862,258
2023-11-28,TWSE,5515,建國,15.30,15.40,15.20,15.25,0.05,571711,8743683,320
2023-11-28,TWSE,5519,隆大,29.20,29.55,29.20,29.35,0.15,439534,12921630,404
2023-11-28,TWSE,5521,工信,10.40,10.65,10.25,10.30,-0.10,5617664,58229543,2072
2023-11-28,TWSE,5522,遠雄,58.70,59.00,58.60,58.90,0.50,203161,11951303,194
2023-11-28,TWSE,5525,順天,26.50,26.50,26.35,26.35,-0.15,234979,6204354,177
2023-11-28,TWSE,5531,鄉林,10.75,10.95,10.75,10.90,0.15,415563,4519829,210
2023-11-28,TWSE,5533,皇鼎,22.65,23.55,22.65,23.30,0.50,2317201,53482850,1123
2023-11-28,TWSE,5534,長虹,74.90,75.50,74.90,75.50,0.80,427606,32151175,303
2023-11-28,TWSE,5538,東明-KY,34.10,34.25,33.35,34.00,1.00,8029,272246,10
2023-11-28,TWSE,5546,永固-KY,32.30,32.30,31.90,32.10,-0.25,16432,528721,21
2023-11-28,TWSE,5607,遠雄港,53.30,55.00,53.30,54.00,0.70,1404519,76198993,1462
2023-11-28,TWSE,5608,四維航,18.90,20.20,18.90,20.20,1.80,12256328,244567590,4226
2023-11-28,TWSE,5706,鳳凰,73.50,74.90,73.50,74.80,1.80,1369551,101707239,1182
2023-11-28,TWSE,5871,中租-KY,185.00,186.50,182.50,185.00,1.50,5267428,974587716,4265
2023-11-28,TWSE,5871A,中租-KY甲特,96.00,96.20,96.00,96.20,0.10,5796,556607,24
2023-11-28,TWSE,5876,上海商銀,46.25,46.45,45.45,45.45,-0.30,11313163,517979312,5205
2023-11-28,TWSE,5880,合庫金,26.75,26.80,26.55,26.75,0.25,11637321,310805593,5235
2023-11-28,TWSE,5906,台南-KY,80.30,80.30,78.50,78.50,0.40,3000,237300,3
2023-11-28,TWSE,5907,大洋-KY,12.05,12.15,12.00,12.05,0.00,135000,1625400,57
2023-11-28,TWSE,6005,群益證,15.35,15.45,15.25,15.40,0.15,3030605,46626446,1014
2023-11-28,TWSE,6024,群益期,47.30,47.35,47.25,47.35,0.10,116674,5517148,155
2023-11-28,TWSE,6108,競國,20.80,21.40,20.80,21.40,0.70,1102169,23422816,593
2023-11-28,TWSE,6112,邁達特,65.40,66.80,65.20,66.20,1.10,759180,50231516,769
2023-11-28,TWSE,6115,鎰勝,45.80,45.90,45.75,45.90,0.05,81566,3740497,82
2023-11-28,TWSE,6116,彩晶,11.25,11.50,11.20,11.50,0.20,5220528,59543801,1449
2023-11-28,TWSE,6117,迎廣,50.40,52.50,50.30,51.20,1.20,4680628,240582565,3151
2023-11-28,TWSE,6120,達運,13.90,14.00,13.85,13.95,0.20,1122556,15607413,464
2023-11-28,TWSE,6128,上福,34.60,34.70,34.35,34.70,0.15,169954,5855066,111
2023-11-28,TWSE,6133,金橋,15.65,16.05,15.65,15.90,0.25,509373,8076715,294
2023-11-28,TWSE,6136,富爾特,20.65,20.75,20.60,20.70,0.10,229079,4733847,173
2023-11-28,TWSE,6139,亞翔,143.00,152.00,143.00,150.00,6.00,10488524,1555339992,7949
2023-11-28,TWSE,6141,柏承,16.00,16.20,16.00,16.20,0.05,28196,454436,26
2023-11-28,TWSE,6142,友勁,9.88,9.98,9.82,9.98,0.08,313777,3108637,163
2023-11-28,TWSE,6152,百一,9.98,10.05,9.98,10.00,0.08,190958,1909702,112
2023-11-28,TWSE,6153,嘉聯益,21.80,22.00,21.70,21.85,0.05,902280,19734328,560
2023-11-28,TWSE,6155,鈞寶,27.70,27.80,27.15,27.25,-0.45,377451,10347408,218
2023-11-28,TWSE,6164,華興,11.50,11.70,11.35,11.40,-0.05,789290,9054722,430
2023-11-28,TWSE,6165,浪凡,32.45,32.70,31.80,32.15,-0.30,182465,5868548,164
2023-11-28,TWSE,6166,凌華,58.00,59.10,58.00,58.90,0.90,158824,9348492,173
2023-11-28,TWSE,6168,宏齊,27.05,27.25,26.80,26.90,0.10,1862688,50278845,1087
2023-11-28,TWSE,6176,瑞儀,131.50,132.50,130.50,132.50,1.00,1929626,254221578,1631
2023-11-28,TWSE,6177,達麗,34.65,35.00,34.55,34.90,0.60,1677206,58407837,1184
2023-11-28,TWSE,6183,關貿,66.90,67.50,66.70,67.00,0.10,52770,3533191,88
2023-11-28,TWSE,6184,大豐電,51.50,52.00,51.50,52.00,0.60,30636,1586983,47
2023-11-28,TWSE,6189,豐藝,56.90,57.90,56.90,57.50,0.60,737728,42353407,855
2023-11-28,TWSE,6191,精成科,61.90,63.40,61.90,63.20,1.30,2622514,164971164,2166
2023-11-28,TWSE,6192,巨路,85.30,87.30,85.30,86.80,1.50,274508,23837256,264
2023-11-28,TWSE,6196,帆宣,134.50,134.50,133.50,134.00,0.00,621916,83317899,692
2023-11-28,TWSE,6197,佳必琪,87.90,89.00,86.90,89.00,2.00,2082037,183622604,1712
2023-11-28,TWSE,6201,亞弘電,50.40,50.80,50.40,50.80,0.40,63420,3211916,63
2023-11-28,TWSE,6202,盛群,66.80,67.40,65.80,67.40,1.40,1364977,91283363,1262
2023-11-28,TWSE,6205,詮欣,68.20,68.60,68.20,68.40,0.20,287963,19704253,164
2023-11-28,TWSE,6206,飛捷,66.60,67.30,66.60,67.30,0.80,141055,9451449,202
2023-11-28,TWSE,6209,今國光,26.50,26.80,26.50,26.80,0.30,218854,5836055,173
2023-11-28,TWSE,6213,聯茂,85.80,88.90,85.70,88.90,3.40,4779761,420449884,3513
2023-11-28,TWSE,6214,精誠,102.50,104.50,102.00,104.00,2.00,711173,73637683,595
2023-11-28,TWSE,6215,和椿,25.10,25.40,25.05,25.40,0.40,111210,2809173,76
2023-11-28,TWSE,6216,居易,31.70,31.95,31.70,31.90,0.30,320916,10220191,262
2023-11-28,TWSE,6224,聚鼎,58.00,58.70,58.00,58.50,0.50,101742,5952016,137
2023-11-28,TWSE,6225,天瀚,9.39,9.66,9.26,9.66,0.37,28502,267900,21
2023-11-28,TWSE,6226,光鼎,10.25,10.45,10.10,10.35,0.10,373695,3829516,195
2023-11-28,TWSE,6230,尼得科超眾,128.00,129.00,125.50,128.50,1.00,13026,1664870,17
2023-11-28,TWSE,6235,華孚,117.50,122.50,117.50,121.50,4.50,10866255,1309005328,6637
2023-11-28,TWSE,6239,力成,109.00,109.50,107.50,109.50,1.00,1621376,176895284,1276
2023-11-28,TWSE,6243,迅杰,68.30,73.90,67.50,73.90,6.70,18580600,1337028863,11977
2023-11-28,TWSE,6257,矽格,60.10,61.00,60.10,60.60,0.60,1506289,91427219,1095
2023-11-28,TWSE,6269,台郡,87.30,88.00,86.60,87.90,0.80,1219030,106441909,1057
2023-11-28,TWSE,6271,同欣電,147.50,154.00,147.50,153.50,7.00,5018204,763627434,4261
2023-11-28,TWSE,6277,宏正,81.00,81.10,80.80,80.80,-0.10,94765,7667881,129
2023-11-28,TWSE,6278,台表科,92.90,95.50,92.40,95.10,2.30,3736553,352341430,2512
2023-11-28,TWSE,6281,全國電,84.80,85.00,84.80,85.00,0.20,22347,1898035,39
2023-11-28,TWSE,6282,康舒,42.25,42.45,41.70,41.80,-0.50,17866270,749946312,9707
2023-11-28,TWSE,6283,淳安,28.25,28.25,27.80,27.90,-0.05,121239,3387888,100
2023-11-28,TWSE,6285,啟碁,133.50,137.00,133.50,136.50,3.50,3321487,452089331,2578
2023-11-28,TWSE,6288,聯嘉,29.55,30.05,29.55,29.95,0.40,651959,19465124,410
2023-11-28,TWSE,6405,悅城,23.85,23.90,23.55,23.85,0.30,73013,1735106,51
2023-11-28,TWSE,6409,旭隼,1550.00,1605.00,1535.00,1575.00,110.00,406060,639868595,784
2023-11-28,TWSE,6412,群電,143.00,145.00,142.50,143.50,-1.00,217895,31342361,280
2023-11-28,TWSE,6414,樺漢,275.00,277.00,273.00,277.00,5.00,767297,211367405,1608
2023-11-28,TWSE,6415,矽力*-KY,401.50,413.50,396.00,410.00,14.50,4524882,1836221261,4454
2023-11-28,TWSE,6416,瑞祺電通,92.20,93.10,92.20,92.90,0.70,151984,14104614,193
2023-11-28,TWSE,6426,統新,77.60,79.20,77.60,78.90,1.40,437808,34421662,296
2023-11-28,TWSE,6431,光麗-KY,16.45,16.45,16.10,16.15,0.00,237158,3841002,61
2023-11-28,TWSE,6438,迅得,108.00,108.00,106.50,107.50,0.00,586304,63026643,498
2023-11-28,TWSE,6442,光聖,71.40,73.20,71.40,72.30,0.70,523744,37893118,545
2023-11-28,TWSE,6443,元晶,29.50,29.55,29.15,29.30,-0.05,2532630,74140156,1576
2023-11-28,TWSE,6449,鈺邦,64.00,65.00,64.00,65.00,1.30,93613,6054685,116
2023-11-28,TWSE,6451,訊芯-KY,157.50,162.50,157.00,159.50,3.50,2972866,475248205,2611
2023-11-28,TWSE,6456,GIS-KY,65.90,67.10,65.60,66.80,0.90,2163799,144124503,1519
2023-11-28,TWSE,6464,台數科,85.90,86.00,85.60,85.80,0.00,39128,3359319,41
2023-11-28,TWSE,6477,安集,38.00,38.05,37.30,37.80,-0.15,412153,15598095,369
2023-11-28,TWSE,6491,晶碩,409.00,413.50,402.50,411.00,6.00,1745745,716181043,1855
2023-11-28,TWSE,6504,南六,82.20,85.90,81.50,85.90,7.80,1721039,145042445,1504
2023-11-28,TWSE,6505,台塑化,83.10,84.90,83.00,84.70,1.80,2391931,201844855,1658
2023-11-28,TWSE,6515,穎崴,697.00,705.00,695.00,701.00,11.00,453940,318125793,644
2023-11-28,TWSE,6525,捷敏-KY,67.70,68.50,67.70,68.20,-0.10,63796,4342306,74
2023-11-28,TWSE,6526,達發,530.00,536.00,525.00,534.00,5.00,679220,360619642,1532
2023-11-28,TWSE,6531,愛普*,431.00,448.00,428.50,444.50,14.00,4074961,1793107232,3901
2023-11-28,TWSE,6533,晶心科,477.50,498.00,477.00,498.00,24.50,2984654,1464441950,3708
2023-11-28,TWSE,6541,泰福-KY,70.00,71.30,69.70,71.30,1.50,443761,31204579,383
2023-11-28,TWSE,6550,北極星藥業-KY,71.30,71.40,70.50,70.70,-0.30,857847,60819297,686
2023-11-28,TWSE,6552,易華電,38.35,39.20,38.35,38.80,0.50,100740,3913450,98
2023-11-28,TWSE,6558,興能高,27.95,28.25,27.55,28.00,0.20,420995,11732421,368
2023-11-28,TWSE,6573,虹揚-KY,14.40,14.40,14.30,14.30,0.00,36403,522261,33
2023-11-28,TWSE,6579,研揚,162.50,165.50,161.00,161.50,0.50,375399,61243870,1474
2023-11-28,TWSE,6581,鋼聯,90.60,90.90,90.30,90.80,0.00,14985,1359102,27
2023-11-28,TWSE,6582,申豐,56.90,57.30,55.50,56.10,-0.20,390481,21907234,415
2023-11-28,TWSE,6585,鼎基,133.00,138.50,133.00,137.50,4.50,1308030,178353971,1060
2023-11-28,TWSE,6591,動力-KY,50.30,50.70,50.10,50.70,0.60,83070,4186845,81
2023-11-28,TWSE,6592,和潤企業,127.50,129.00,127.00,128.50,2.00,384265,49219839,355
2023-11-28,TWSE,6592A,和潤企業甲特,95.00,95.10,95.00,95.10,0.00,4537,431357,13
2023-11-28,TWSE,6592B,和潤企業乙特,93.60,94.10,93.60,93.90,0.30,44488,4173877,44
2023-11-28,TWSE,6598,ABC-KY,24.05,24.90,23.60,24.75,1.80,999148,24268297,736
2023-11-28,TWSE,6605,帝寶,139.50,143.50,139.50,141.00,1.50,1021739,144687835,1011
2023-11-28,TWSE,6606,建德工業,23.70,23.80,23.70,23.80,0.10,162054,3851091,80
2023-11-28,TWSE,6625,必應,96.50,97.80,96.50,97.80,1.50,212243,20626653,194
2023-11-28,TWSE,6641,基士德-KY,42.20,42.55,42.20,42.40,0.30,13875,587727,23
2023-11-28,TWSE,6655,科定,120.00,121.00,120.00,121.00,0.00,4024,483903,6
2023-11-28,TWSE,6657,華安,66.90,67.20,66.60,66.70,0.00,82000,5477400,77
2023-11-28,TWSE,6658,聯策,38.20,38.95,38.10,38.30,-0.05,52355,2005962,45
2023-11-28,TWSE,6666,羅麗芬-KY,64.00,64.70,64.00,64.00,0.20,10066,647770,11
2023-11-28,TWSE,6668,中揚光,38.00,39.95,37.70,38.65,0.55,436602,16964083,337
2023-11-28,TWSE,6669,緯穎,1700.00,1735.00,1680.00,1730.00,40.00,2050089,3508403135,2993
2023-11-28,TWSE,6670,復盛應用,203.00,205.00,203.00,205.00,2.00,273149,55718542,296
2023-11-28,TWSE,6671,三能-KY,39.90,40.00,39.90,39.95,0.00,10000,399550,9
2023-11-28,TWSE,6672,騰輝電子-KY,87.70,88.50,87.20,88.10,1.20,263508,23193707,217
2023-11-28,TWSE,6674,鋐寶科技,26.15,26.45,26.15,26.20,-0.55,6000,157950,6
2023-11-28,TWSE,6689,伊雲谷,118.50,121.00,118.50,121.00,4.00,197510,23583819,230
2023-11-28,TWSE,6691,洋基工程,318.50,319.00,313.00,318.50,0.50,407886,128944449,2836
2023-11-28,TWSE,6695,芯鼎,58.20,63.30,58.20,63.30,5.70,8643372,529834419,6013
2023-11-28,TWSE,6698,旭暉應材,29.80,30.20,29.80,30.00,0.35,17008,509940,25
2023-11-28,TWSE,6706,惠特,66.80,67.50,66.10,67.10,1.50,383019,25621558,389
2023-11-28,TWSE,6715,嘉基,143.50,144.00,142.00,144.00,2.50,72798,10416753,84
2023-11-28,TWSE,6719,力智,266.00,272.50,266.00,272.50,8.00,1033567,278882897,1754
2023-11-28,TWSE,6743,安普新,49.20,50.00,48.85,49.05,-0.15,101153,4974360,80
2023-11-28,TWSE,6753,龍德造船,85.60,86.80,85.50,86.70,1.10,237321,20410285,219
2023-11-28,TWSE,6754,匯僑設計,53.50,53.70,53.00,53.40,0.20,68191,3628228,105
2023-11-28,TWSE,6756,威鋒電子,231.50,237.00,230.00,234.50,3.50,562917,131665926,1120
2023-11-28,TWSE,6757,台灣虎航,32.10,32.30,31.65,31.75,-0.05,732235,23391072,306
2023-11-28,TWSE,6768,志強-KY,64.40,65.30,64.20,65.10,0.70,65810,4268381,62
2023-11-28,TWSE,6770,力積電,29.50,29.90,29.15,29.80,0.40,13414997,398237374,5827
2023-11-28,TWSE,6776,展碁國際,55.80,56.40,55.80,56.00,0.40,92336,5179550,59
2023-11-28,TWSE,6781,AES-KY,698.00,740.00,698.00,737.00,41.00,812440,588794480,1195
2023-11-28,TWSE,6782,視陽,193.00,200.00,192.00,195.50,2.50,330009,64592797,761
2023-11-28,TWSE,6789,采鈺,266.50,275.50,264.50,269.50,1.50,3018417,814837111,9807
2023-11-28,TWSE,6790,永豐實,40.90,42.05,40.90,41.85,1.05,835683,34878447,557
2023-11-28,TWSE,6792,詠業,91.20,92.80,91.20,92.50,1.30,120368,11110869,112
2023-11-28,TWSE,6796,晉弘,108.50,108.50,107.00,107.00,-0.50,135252,14519999,135
2023-11-28,TWSE,6799,來頡,158.50,166.00,158.00,164.50,5.00,3234608,529243007,2560
2023-11-28,TWSE,6805,富世達,393.00,422.50,386.50,405.00,12.00,2396504,972703913,2944
2023-11-28,TWSE,6806,森崴能源,107.00,107.50,106.00,106.50,0.00,1450604,154850334,1462
2023-11-28,TWSE,6807,峰源-KY,34.00,34.45,33.90,34.15,0.25,41000,1400900,30
2023-11-28,TWSE,6830,汎銓,137.50,140.50,137.50,139.00,1.50,242434,33758595,204
2023-11-28,TWSE,6834,天二科技,24.20,24.75,24.20,24.75,0.60,67775,1659891,54
2023-11-28,TWSE,6835,圓裕,39.75,40.05,39.75,40.05,0.20,64315,2569693,74
2023-11-28,TWSE,6854,錼創科技-KY創,98.00,99.30,97.50,99.00,1.00,14004,1379596,14
2023-11-28,TWSE,6861,睿生光電,88.60,89.00,88.10,88.50,0.30,60022,5313870,81
2023-11-28,TWSE,6863,永道-KY,151.00,156.50,150.50,154.00,5.00,320242,49164818,319
2023-11-28,TWSE,6869,雲豹能源,93.80,93.80,92.20,92.40,-1.60,105000,9731100,83
2023-11-28,TWSE,6873,泓德能源,109.50,111.00,109.00,110.50,0.50,92020,10115140,62
2023-11-28,TWSE,6901,鑽石投資,52.40,52.40,50.30,50.80,-1.20,3055002,156122581,2568
2023-11-28,TWSE,6902,GOGOLOOK,183.00,183.00,183.00,183.00,0.00,1009,184638,2
2023-11-28,TWSE,6933,AMAX-KY,278.00,278.00,263.00,268.00,-4.50,472044,127536980,863
2023-11-28,TWSE,8011,台通,19.50,19.95,19.50,19.60,0.15,1382031,27228040,803
2023-11-28,TWSE,8016,矽創,290.00,294.00,285.50,294.00,5.00,1235718,358797871,1673
2023-11-28,TWSE,8021,尖點,27.05,27.50,27.05,27.50,0.45,169166,4617658,172
2023-11-28,TWSE,8028,昇陽半導體,51.60,52.70,51.60,51.70,-0.10,2611919,135756024,1955
2023-11-28,TWSE,8033,雷虎,56.30,57.00,56.10,56.50,-0.50,979965,55271372,942
2023-11-28,TWSE,8039,台虹,42.70,42.70,42.50,42.70,0.40,76653,3267942,89
2023-11-28,TWSE,8046,南電,239.00,245.00,238.00,245.00,6.00,4310894,1045200833,4324
2023-11-28,TWSE,8070,長華*,33.60,34.30,33.60,33.85,0.35,1110084,37714603,786
2023-11-28,TWSE,8072,陞泰,27.20,27.35,27.15,27.25,0.10,65494,1784945,59
2023-11-28,TWSE,8081,致新,266.50,270.50,266.00,270.50,4.00,246632,66272057,312
2023-11-28,TWSE,8101,華冠,4.06,4.15,4.06,4.12,-0.04,14447,59132,34
2023-11-28,TWSE,8103,瀚荃,39.35,39.70,39.30,39.65,0.30,80902,3201284,93
2023-11-28,TWSE,8104,錸寶,35.50,35.70,35.15,35.45,0.05,82193,2916415,83
2023-11-28,TWSE,8105,凌巨,12.90,13.10,12.90,13.00,0.10,451446,5870654,216
2023-11-28,TWSE,8110,華東,14.80,15.05,14.80,14.90,0.15,1957696,29228450,802
2023-11-28,TWSE,8112,至上,53.40,53.60,53.20,53.60,0.40,1530163,81736344,1282
2023-11-28,TWSE,8112A,至上甲特,41.20,41.20,41.20,41.20,-0.05,12517,515597,12
2023-11-28,TWSE,8114,振樺電,112.50,114.00,112.50,114.00,1.50,96094,10920463,117
2023-11-28,TWSE,8131,福懋科,39.10,39.20,38.95,39.15,0.05,184722,7223532,150
2023-11-28,TWSE,8150,南茂,39.65,40.30,39.65,40.20,0.65,2468658,98934386,1797
2023-11-28,TWSE,8163,達方,51.30,52.30,51.20,52.10,1.20,1842963,95714668,1298
2023-11-28,TWSE,8201,無敵,14.55,14.80,14.50,14.80,0.20,70100,1033324,55
2023-11-28,TWSE,8210,勤誠,216.50,227.00,216.50,224.50,8.00,2118282,471827382,3012
2023-11-28,TWSE,8213,志超,43.30,43.35,43.05,43.25,0.20,440824,19057871,333
2023-11-28,TWSE,8215,明基材,35.30,35.85,35.30,35.70,0.35,996197,35484242,594
2023-11-28,TWSE,8222,寶一,45.75,46.50,45.30,45.60,-0.30,1284587,58715703,1033
2023-11-28,TWSE,8249,菱光,29.25,29.45,29.20,29.45,0.20,145038,4262693,79
2023-11-28,TWSE,8261,富鼎,96.50,101.50,96.20,101.00,5.00,4685530,467882298,3926
2023-11-28,TWSE,8271,宇瞻,57.70,58.80,57.70,58.60,0.90,270969,15841968,302
2023-11-28,TWSE,8341,日友,117.50,118.50,117.00,117.50,-0.50,177938,20911672,354
2023-11-28,TWSE,8367,建新國際,40.10,40.55,39.85,40.00,0.05,57041,2287640,54
2023-11-28,TWSE,8374,羅昇,28.30,28.60,28.30,28.55,0.25,18004,511413,18
2023-11-28,TWSE,8404,百和興業-KY,21.00,21.25,20.95,21.00,0.10,158165,3331129,103
2023-11-28,TWSE,8411,福貞-KY,14.25,14.35,14.20,14.35,0.00,33162,474068,97
2023-11-28,TWSE,8422,可寧衛*,178.50,181.00,178.50,180.50,2.00,182101,32814018,339
2023-11-28,TWSE,8429,金麗-KY,11.10,11.30,10.80,11.30,0.15,1312791,14455127,690
2023-11-28,TWSE,8438,昶昕,26.70,27.10,26.70,26.80,0.10,17041,456244,16
2023-11-28,TWSE,8442,威宏-KY,103.00,105.50,100.00,104.00,1.00,732461,75557021,528
2023-11-28,TWSE,8443,阿瘦,11.75,11.85,11.75,11.80,0.05,62636,741222,84
2023-11-28,TWSE,8454,富邦媒,502.00,512.00,501.00,509.00,11.00,549755,279341331,1519
2023-11-28,TWSE,8462,柏文,116.00,117.00,115.50,116.50,0.50,28680,3338517,87
2023-11-28,TWSE,8463,潤泰材,23.50,23.75,23.50,23.60,0.05,16057,378612,19
2023-11-28,TWSE,8464,億豐,343.50,344.50,338.00,341.00,2.00,412387,140767618,368
2023-11-28,TWSE,8466,美吉吉-KY,45.60,45.60,45.00,45.25,0.00,52137,2355075,48
2023-11-28,TWSE,8467,波力-KY,152.00,162.00,151.00,162.00,14.50,545351,87025712,456
2023-11-28,TWSE,8473,山林水,29.50,29.85,29.50,29.55,0.00,79125,2343989,76
2023-11-28,TWSE,8476,台境*,60.00,60.00,58.90,58.90,-1.10,101462,6032670,168
2023-11-28,TWSE,8478,東哥遊艇,381.50,403.00,380.00,388.00,9.00,2218558,872206233,2572
2023-11-28,TWSE,8481,政伸,50.90,51.00,50.60,51.00,0.50,17395,884613,22
2023-11-28,TWSE,8482,商億-KY,68.00,68.60,68.00,68.60,0.60,3000,204600,2
2023-11-28,TWSE,8488,吉源-KY,18.15,18.20,17.50,17.95,0.20,35100,631544,19
2023-11-28,TWSE,8499,鼎炫-KY,123.50,124.50,123.50,124.00,1.00,12767,1582526,20
2023-11-28,TWSE,8926,台汽電,40.50,40.65,40.25,40.50,0.25,529035,21388078,579
2023-11-28,TWSE,8940,新天地,28.20,28.70,28.20,28.30,0.15,287174,8163123,191
2023-11-28,TWSE,8996,高力,255.00,257.50,252.50,256.50,3.00,2672748,681799112,5719
2023-11-28,TWSE,9103,美德醫療-DR,7.21,7.21,7.21,7.21,0.65,7156901,51601239,1462
2023-11-28,TWSE,910322,康師傅-DR,20.85,20.90,20.65,20.65,-0.20,30335,628153,29
2023-11-28,TWSE,9105,泰金寶-DR,2.85,2.86,2.82,2.83,-0.03,2068994,5876728,444
2023-11-28,TWSE,910861,神州-DR,4.56,4.63,4.56,4.60,0.03,70103,322732,21
2023-11-28,TWSE,9110,越南控-DR,7.21,7.21,7.15,7.15,-0.02,16000,114620,12
2023-11-28,TWSE,911608,明輝-DR,2.82,2.84,2.82,2.83,-0.04,35000,99320,9
2023-11-28,TWSE,911622,泰聚亨-DR,5.13,5.16,5.10,5.15,0.00,29000,149320,18
2023-11-28,TWSE,911868,同方友友-DR,1.19,1.20,1.18,1.19,0.00,89200,105769,48
2023-11-28,TWSE,912000,晨訊科-DR,2.36,2.37,2.35,2.35,0.00,84100,198109,25
2023-11-28,TWSE,9136,巨騰-DR,6.60,6.60,6.56,6.59,-0.02,125001,823916,46
2023-11-28,TWSE,9802,鈺齊-KY,147.00,151.00,146.00,149.00,3.50,3713124,553630222,3489
2023-11-28,TWSE,9902,台火,12.40,12.40,12.20,12.30,0.10,45470,559806,52
2023-11-28,TWSE,9904,寶成,30.80,31.10,30.75,31.00,0.25,6801580,210747770,3206
2023-11-28,TWSE,9905,大華,24.00,24.15,23.95,24.00,0.00,169360,4074785,110
2023-11-28,TWSE,9906,欣巴巴,54.80,54.80,54.10,54.30,0.50,30037,1631250,42
2023-11-28,TWSE,9907,統一實,16.15,16.30,16.05,16.25,0.10,1577475,25593188,676
2023-11-28,TWSE,9908,大台北,32.95,33.00,32.85,33.00,0.05,101466,3342566,95
2023-11-28,TWSE,9910,豐泰,179.00,180.50,177.00,180.50,1.50,2186523,391373761,1814
2023-11-28,TWSE,9911,櫻花,66.70,67.40,66.60,66.70,0.50,335138,22425026,362
2023-11-28,TWSE,9912,偉聯,9.99,10.10,9.96,10.10,0.05,44915,449784,111
2023-11-28,TWSE,9914,美利達,179.50,196.00,179.50,190.00,11.00,2881964,543936401,2691
2023-11-28,TWSE,9917,中保科,125.00,126.50,124.00,126.00,1.50,888664,111636676,914
2023-11-28,TWSE,9918,欣天然,40.55,40.90,40.55,40.90,0.35,27042,1102321,25
2023-11-28,TWSE,9919,康那香,22.70,23.70,22.55,23.70,2.15,25548358,595329819,10070
2023-11-28,TWSE,9921,巨大,173.50,187.50,173.00,185.50,12.00,6494561,1187762305,6118
2023-11-28,TWSE,9924,福興,48.35,48.80,48.35,48.70,0.35,377966,18395219,258
2023-11-28,TWSE,9925,新保,40.50,40.65,40.40,40.55,0.05,133275,5397038,132
2023-11-28,TWSE,9926,新海,54.00,54.90,53.90,54.90,1.10,17430,951880,37
2023-11-28,TWSE,9927,泰銘,68.20,68.80,67.30,68.60,0.60,1121672,76303170,1052
2023-11-28,TWSE,9928,中視,28.00,28.10,27.60,27.65,0.00,311109,8651506,235
2023-11-28,TWSE,9929,秋雨,15.70,15.85,15.70,15.85,0.25,90820,1431281,48
2023-11-28,TWSE,9930,中聯資源,56.90,57.50,56.90,57.10,0.30,70086,4010275,154
2023-11-28,TWSE,9931,欣高,39.20,39.20,39.20,39.20,0.00,3194,125204,6
2023-11-28,TWSE,9933,中鼎,43.50,44.40,43.40,43.60,0.40,4248624,186327416,3657
2023-11-28,TWSE,9934,成霖,14.40,14.90,14.35,14.55,0.15,1772087,25910178,436
2023-11-28,TWSE,9935,慶豐富,19.30,19.40,19.10,19.25,0.20,172152,3307465,147
2023-11-28,TWSE,9937,全國,68.40,70.00,68.40,68.80,0.20,30146,2086232,29
2023-11-28,TWSE,9938,百和,60.70,62.70,60.70,61.90,0.90,4171794,258471433,2278
2023-11-28,TWSE,9939,宏全,117.50,118.00,115.00,116.00,-1.50,1488230,172276296,1975
2023-11-28,TWSE,9940,信義,29.10,29.30,29.10,29.25,0.10,154726,4516694,153
2023-11-28,TWSE,9941,裕融,187.50,187.50,185.50,186.00,-0.50,670063,124757169,2712
2023-11-28,TWSE,9941A,裕融甲特,49.20,49.25,49.05,49.20,0.00,32961,1620039,19
2023-11-28,TWSE,9942,茂順,137.00,137.00,136.00,137.00,1.00,158553,21649315,252
2023-11-28,TWSE,9943,好樂迪,91.30,93.50,91.30,92.40,1.20,273279,25246602,267
2023-11-28,TWSE,9944,新麗,20.40,20.60,20.05,20.25,-0.30,334330,6794901,253
2023-11-28,TWSE,9945,潤泰新,35.60,36.00,35.50,35.85,0.35,4489157,160817481,2773
2023-11-28,TWSE,9946,三發地產,20.20,20.75,20.20,20.65,0.45,489407,10083520,276
2023-11-28,TWSE,9955,佳龍,24.35,24.80,24.20,24.40,0.35,912390,22287516,533
2023-11-28,TWSE,9958,世紀鋼,166.50,169.00,166.50,166.50,0.00,1876526,313881754,1528
2023-11-28,TPEx,006201,元大富櫃50,19.05,19.30,19.05,19.26,+0.41,105897,2029202,59
2023-11-28,TPEx,00679B,元大美債20年,28.69,28.73,28.54,28.57,+0.22,24928729,712986742,4825
2023-11-28,TPEx,00687B,國泰20年美債,29.91,29.92,29.77,29.82,+0.28,23120238,689441285,3395
2023-11-28,TPEx,00694B,富邦美債1-3,39.84,39.84,39.69,39.70,-0.14,117245,4656394,16
2023-11-28,TPEx,00695B,富邦美債7-10,33.98,33.98,33.92,33.94,+0.04,116425,3953240,17
2023-11-28,TPEx,00696B,富邦美債20年,30.32,30.33,30.20,30.23,+0.28,6161659,186352468,469
2023-11-28,TPEx,00697B,元大美債7-10,34.90,34.90,34.75,34.76,+0.11,165807,5763191,52
2023-11-28,TPEx,00718B,富邦中國政策債,20.05,20.05,20.00,20.04,-0.06,106500,2134090,7
2023-11-28,TPEx,00719B,元大美債1-3,30.94,30.95,30.86,30.89,-0.06,1044218,32260372,441
2023-11-28,TPEx,00720B,元大投資級公司債,33.65,33.65,33.53,33.58,+0.24,19090521,640934613,2967
2023-11-28,TPEx,00721B,元大中國債3-5,44.89,44.91,44.89,44.91,-0.21,51934,2331878,4
2023-11-28,TPEx,00722B,群益投資級電信債,36.30,36.36,36.29,36.32,+0.35,3996623,145117960,514
2023-11-28,TPEx,00723B,群益投資級科技債,32.80,32.80,32.78,32.78,+0.36,76000,2491570,10
2023-11-28,TPEx,00724B,群益投資級金融債,32.70,32.70,32.54,32.56,+0.26,4192520,136495678,254
2023-11-28,TPEx,00725B,國泰投資級公司債,36.01,36.03,35.95,35.96,+0.24,2230194,80232783,386
2023-11-28,TPEx,00726B,國泰5Y+新興債,32.64,32.64,32.54,32.62,+0.04,438330,14285925,167
2023-11-28,TPEx,00727B,國泰1-5Y非投等債,38.22,38.22,38.17,38.21,-0.08,142378,5438689,24
2023-11-28,TPEx,00734B,台新JPM新興債,15.13,15.13,15.09,15.11,-0.02,1017100,15358013,29
2023-11-28,TPEx,00740B,富邦全球投等債,38.49,38.50,38.44,38.47,+0.28,4294463,165184795,184
2023-11-28,TPEx,00741B,富邦全球非投等債,36.89,36.89,36.89,36.89,-0.11,100160,3694913,6
2023-11-28,TPEx,00746B,富邦A級公司債,35.41,35.41,35.31,35.32,+0.23,3148000,111232710,52
2023-11-28,TPEx,00749B,凱基新興債10+,30.37,30.51,30.37,30.51,+0.18,132000,4023180,7
2023-11-28,TPEx,00750B,凱基科技債10+,34.15,34.15,34.04,34.04,+0.19,101000,3449040,3
2023-11-28,TPEx,00751B,元大AAA至A公司債,33.53,33.54,33.42,33.45,+0.26,16263891,544176073,2229
2023-11-28,TPEx,00754B,群益AAA-AA公司債,35.39,35.39,35.23,35.24,+0.33,126845,4470693,23
2023-11-28,TPEx,00755B,群益投資級公用債,32.43,32.43,32.38,32.39,+0.29,107835,3493884,83
2023-11-28,TPEx,00756B,群益投等新興公債,31.35,31.35,31.23,31.26,+0.12,1247659,39009568,492
2023-11-28,TPEx,00758B,復華能源債,50.55,50.55,50.55,50.55,+0.40,100000,5055000,2
2023-11-28,TPEx,00759B,復華製藥債,54.55,54.55,54.55,54.55,+0.50,100000,5455000,2
2023-11-28,TPEx,00760B,復華新興企業債,50.80,51.10,50.80,51.05,+0.45,282344,14388356,86
2023-11-28,TPEx,00761B,國泰A級公司債,35.56,35.56,35.50,35.54,+0.29,269756,9582704,647
2023-11-28,TPEx,00764B,群益25年美債,29.73,29.73,29.66,29.68,+0.31,2599024,77187909,344
2023-11-28,TPEx,00768B,復華20年美債,51.90,51.90,51.50,51.55,+0.35,567223,29321059,89
2023-11-28,TPEx,00772B,中信高評級公司債,34.37,34.37,34.27,34.31,+0.28,11758330,403324471,1588
2023-11-28,TPEx,00773B,中信優先金融債,34.92,34.96,34.90,34.93,+0.22,4375687,152798654,474
2023-11-28,TPEx,00777B,凱基AAA至A公司債,33.98,33.98,33.98,33.98,+0.28,100000,3398000,2
2023-11-28,TPEx,00778B,凱基金融債20+,34.35,34.42,34.35,34.42,+0.28,101081,3479174,13
2023-11-28,TPEx,00779B,凱基美債25+,29.92,29.92,29.92,29.92,+0.30,102101,3054863,4
2023-11-28,TPEx,00780B,國泰A級金融債,35.28,35.28,35.26,35.26,+0.04,190126,6704418,18
2023-11-28,TPEx,00781B,國泰A級科技債,32.08,32.13,32.08,32.09,+0.31,170000,5455010,8
2023-11-28,TPEx,00782B,國泰A級公用債,30.92,30.97,30.92,30.93,+0.07,332000,10269130,29
2023-11-28,TPEx,00784B,富邦中國投等債,36.45,36.45,36.31,36.31,-0.22,101000,3680810,5
2023-11-28,TPEx,00785B,富邦金融投等債,33.84,33.86,33.81,33.81,+0.14,117026,3962212,8
2023-11-28,TPEx,00786B,元大10年IG銀行債,32.25,32.25,32.19,32.20,+0.19,816707,26300454,58
2023-11-28,TPEx,00787B,元大10年IG醫療債,33.66,33.70,33.64,33.66,+0.33,511817,17223262,23
2023-11-28,TPEx,00788B,元大10年IG電能債,30.27,30.29,30.24,30.24,+0.22,579780,17543218,44
2023-11-28,TPEx,00789B,復華公司債A3,50.40,50.40,50.35,50.35,+0.43,213082,10739478,17
2023-11-28,TPEx,00790B,復華次順位金融債,51.20,51.20,51.20,51.20,+0.20,100000,5120000,2
2023-11-28,TPEx,00791B,復華信用債1-5,54.05,54.05,54.05,54.05,-0.15,100000,5405000,4
2023-11-28,TPEx,00792B,群益A級公司債,32.52,32.53,32.52,32.53,+0.26,56210,1828470,61
2023-11-28,TPEx,00793B,群益AAA-A醫療債,31.86,31.90,31.82,31.82,+0.31,104035,3318010,8
2023-11-28,TPEx,00794B,群益7+中國政金債,39.21,39.21,39.11,39.12,-0.17,117769,4607647,23
2023-11-28,TPEx,00795B,中信美國公債20年,28.93,28.95,28.87,28.90,+0.30,6028842,174218103,721
2023-11-28,TPEx,00799B,國泰A級醫療債,31.35,31.38,31.31,31.34,+0.19,184145,5772016,26
2023-11-28,TPEx,00831B,新光美債1-3,38.60,38.60,38.60,38.60,-0.05,2000,77200,2
2023-11-28,TPEx,00834B,第一金金融債10+,32.90,32.90,32.84,32.84,+0.22,157163,5164342,19
2023-11-28,TPEx,00836B,永豐10年A公司債,29.97,29.97,29.90,29.91,+0.24,122635,3672101,6
2023-11-28,TPEx,00840B,凱基IG精選15+,30.54,30.60,30.54,30.60,+0.25,101020,3091150,4
2023-11-28,TPEx,00841B,凱基AAA-AA公司債,30.37,30.43,30.37,30.40,+0.30,112000,3405520,7
2023-11-28,TPEx,00842B,台新美元銀行債,31.25,31.25,31.19,31.24,+0.20,169111,5277834,19
2023-11-28,TPEx,00844B,新光15年IG金融債,31.10,31.15,31.10,31.15,+0.35,7000,217950,4
2023-11-28,TPEx,00845B,富邦新興投等債,30.91,30.98,30.91,30.98,+0.05,108397,3357677,6
2023-11-28,TPEx,00846B,富邦歐洲銀行債,33.16,33.16,33.06,33.06,+0.03,101000,3349060,3
2023-11-28,TPEx,00847B,中信美國市政債,26.11,26.11,26.09,26.09,+0.19,201000,5244610,5
2023-11-28,TPEx,00848B,中信新興亞洲債,33.37,33.40,33.37,33.39,+0.04,158000,5275820,11
2023-11-28,TPEx,00849B,中信EM主權債0-5,36.02,36.02,36.00,36.02,-0.09,108305,3899988,10
2023-11-28,TPEx,00853B,統一美債10年Aa-A,28.40,28.42,28.37,28.37,+0.21,902308,25608338,132
2023-11-28,TPEx,00856B,永豐1-3年美公債,37.91,37.91,37.87,37.89,-0.09,139676,5292991,15
2023-11-28,TPEx,00857B,永豐20年美公債,24.85,24.89,24.81,24.84,+0.25,1965364,48832129,448
2023-11-28,TPEx,00858,永豐美國500大,27.88,27.88,27.80,27.81,-0.03,243756,6779865,94
2023-11-28,TPEx,00859B,群益0-1年美債,41.04,41.04,40.93,40.95,-0.14,57890,2370663,12
2023-11-28,TPEx,00860B,群益1-5Y投資級債,37.75,37.75,37.45,37.57,0.00,64557,2426109,28
2023-11-28,TPEx,00862B,中信投資級公司債,31.48,31.48,31.43,31.45,+0.25,1394824,43870873,463
2023-11-28,TPEx,00863B,中信全球電信債,32.00,32.01,32.00,32.00,+0.23,105231,3368431,11
2023-11-28,TPEx,00864B,中信美國公債0-1,43.34,43.34,43.18,43.23,-0.15,690365,29832292,92
2023-11-28,TPEx,00867B,新光A-BBB電信債,31.03,31.03,31.00,31.00,+0.29,226010,7007053,6
2023-11-28,TPEx,00870B,元大15年EM主權債,28.30,28.32,28.30,28.32,+0.08,21020,594887,3
2023-11-28,TPEx,00877,復華中國5G,10.07,10.13,10.05,10.06,-0.01,466625,4701629,125
2023-11-28,TPEx,00883B,中信ESG投資級債,30.99,31.03,30.99,31.00,+0.25,208901,6475303,737
2023-11-28,TPEx,00884B,中信低碳新興債,29.01,29.07,29.01,29.06,+0.06,202291,5878521,8
2023-11-28,TPEx,00886,永豐美國科技,25.60,25.60,25.52,25.52,0.00,58436,1492616,15
2023-11-28,TPEx,00887,永豐中國科技50大,11.69,11.71,11.69,11.71,0.00,23400,273775,15
2023-11-28,TPEx,00888,永豐台灣ESG,13.80,13.95,13.80,13.90,+0.10,2869907,39844266,977
2023-11-28,TPEx,00890B,凱基ESG BBB債15+,32.28,32.32,32.26,32.27,+0.25,228784,7385541,81
2023-11-28,TPEx,00928,中信上櫃ESG 30,15.63,15.96,15.62,15.90,+0.33,6006740,95025149,1604
2023-11-28,TPEx,00931B,統一美債20年,14.16,14.16,14.10,14.12,+0.14,13716321,193760152,1502
2023-11-28,TPEx,00933B,國泰10Y+金融債,15.76,15.76,15.70,15.71,+0.08,7798221,122627269,1913
2023-11-28,TPEx,020001,富邦存股雙十N,9.38,9.38,9.38,9.38,-0.02,1000,9380,1
2023-11-28,TPEx,02001B,統一美國政府債N,,,,,,0,0,0
2023-11-28,TPEx,020023,元大櫃買半導體N,5.60,5.85,5.60,5.85,+0.25,160000,924410,36
2023-11-28,TPEx,020024,兆豐富櫃200N,,,,,,0,0,0
2023-11-28,TPEx,020025,統一亞洲半導體N,8.35,8.41,8.35,8.39,+0.06,177000,1480620,17
2023-11-28,TPEx,020026,兆豐上櫃ESG電菁N,5.28,5.28,5.27,5.27,+0.21,14000,73880,2
2023-11-28,TPEx,020027,元大上櫃ESG成長N,5.12,5.29,5.12,5.28,+0.22,698000,3656410,81
2023-11-28,TPEx,02002L,兆豐富櫃200正二N,6.83,7.00,6.83,7.00,+0.28,73000,504150,9
2023-11-28,TPEx,020033,統一恒生科期N,,,,,,0,0,0
2023-11-28,TPEx,020035,元大上櫃ESG高息N,6.55,6.65,6.55,6.65,+0.13,17000,112130,13
2023-11-28,TPEx,1240,茂生農經,47.45,47.45,47.20,47.20,+0.35,9199,434869,20
2023-11-28,TPEx,1259,安心,75.30,75.30,75.30,75.30,0.00,5124,385840,19
2023-11-28,TPEx,1264,德麥,292.50,292.50,292.50,292.50,0.00,27750,8117045,183
2023-11-28,TPEx,1268,漢來美食,148.00,149.00,147.50,148.50,+0.50,55103,8167454,66
2023-11-28,TPEx,1336,台翰,21.30,21.60,21.20,21.30,0.00,102000,2176400,45
2023-11-28,TPEx,1565,精華,191.00,192.00,190.00,192.00,+1.00,86060,16436564,191
2023-11-28,TPEx,1569,濱川,22.60,22.65,22.55,22.65,+0.10,86065,1943719,39
2023-11-28,TPEx,1570,力肯,20.05,20.30,20.00,20.05,0.00,81358,1641044,38
2023-11-28,TPEx,1580,新麥,153.50,154.50,153.00,154.00,0.00,52711,8102089,97
2023-11-28,TPEx,1584,精剛,35.70,36.30,35.55,35.80,+0.30,3216825,115533624,1861
2023-11-28,TPEx,1586,和勤,31.60,32.00,31.45,31.60,+0.35,822187,26013917,231
2023-11-28,TPEx,1591,駿吉-KY,40.80,40.95,40.45,40.85,-0.10,584141,23756651,296
2023-11-28,TPEx,1593,祺驊,53.70,53.80,53.40,53.70,0.00,60196,3234392,75
2023-11-28,TPEx,1595,川寶,38.20,38.20,38.10,38.20,+0.20,15099,576492,8
2023-11-28,TPEx,1599,宏佳騰,35.65,35.65,35.10,35.15,+0.05,85162,3008792,156
2023-11-28,TPEx,1742,台蠟,17.30,17.50,17.25,17.35,+0.25,141645,2458200,103
2023-11-28,TPEx,1777,生泰,87.20,87.70,86.90,86.90,-0.30,20560,1788990,30
2023-11-28,TPEx,1781,合世,16.50,16.65,15.65,16.20,+0.80,1632872,26500751,929
2023-11-28,TPEx,1784,訊聯,59.80,61.10,58.80,58.80,-0.10,585364,34990015,434
2023-11-28,TPEx,1785,光洋科,40.10,40.60,40.10,40.40,+0.50,1137818,45963666,706
2023-11-28,TPEx,1788,杏昌,137.00,137.50,136.50,137.00,+1.50,6539,895244,74
2023-11-28,TPEx,1796,金穎生技,80.90,81.90,79.70,80.80,+1.20,125147,10138411,148
2023-11-28,TPEx,1799,易威,41.45,42.00,41.00,41.95,+0.45,186659,7763991,127
2023-11-28,TPEx,1813,寶利徠,20.15,20.15,20.15,20.15,-0.05,3903,78842,37
2023-11-28,TPEx,1815,富喬,16.95,17.25,16.90,17.00,+0.10,9019869,153738092,2888
2023-11-28,TPEx,2035,唐榮,33.65,33.70,33.65,33.70,-0.15,3003,101149,6
2023-11-28,TPEx,2061,風青,15.15,15.15,15.00,15.00,+0.10,2002,30180,3
2023-11-28,TPEx,2063,世鎧,55.80,55.90,55.60,55.80,+0.30,75419,4207808,74
2023-11-28,TPEx,2064,晉椿,17.15,17.20,16.40,16.45,-0.35,108000,1807750,66
2023-11-28,TPEx,2065,世豐,60.30,60.90,60.30,60.50,+0.20,103778,6283952,120
2023-11-28,TPEx,2066,世德,93.90,95.40,93.00,93.80,+2.70,1104606,103701352,1117
2023-11-28,TPEx,2067,嘉鋼,13.20,13.20,12.65,13.05,+0.05,28000,358400,11
2023-11-28,TPEx,2070,精湛,,,,,,0,0,0
2023-11-28,TPEx,2073,雄順,28.90,28.90,28.65,28.75,+0.05,11430,328482,22
2023-11-28,TPEx,2221,大甲,35.65,36.50,35.65,35.75,+0.10,23022,824081,22
2023-11-28,TPEx,2230,泰茂,149.00,156.00,149.00,153.50,+5.00,1104856,168806875,939
2023-11-28,TPEx,2235,謚源,43.40,43.45,43.10,43.40,+0.10,9150,396050,10
2023-11-28,TPEx,2596,綠意,22.80,23.05,22.80,22.90,+0.10,59415,1361995,46
2023-11-28,TPEx,2640,大車隊,112.00,112.50,111.00,111.00,-1.00,42943,4792006,71
2023-11-28,TPEx,2641,正德,18.25,19.20,18.20,18.45,+0.70,21324286,398422622,8980
2023-11-28,TPEx,2643,捷迅,66.90,67.60,66.90,67.60,+0.70,49494,3339804,55
2023-11-28,TPEx,2718,晶悅,50.00,50.10,49.95,50.10,+0.10,17005,850250,17
2023-11-28,TPEx,2719,燦星旅,64.90,66.30,64.90,65.50,+0.50,68287,4465449,82
2023-11-28,TPEx,2724,富驛-KY,13.50,13.90,13.50,13.90,0.00,7000,96550,6
2023-11-28,TPEx,2726,雅茗-KY,30.10,30.20,30.05,30.05,0.00,21439,645430,54
2023-11-28,TPEx,2729,瓦城,227.50,229.50,227.50,228.00,-0.50,123766,28281660,235
2023-11-28,TPEx,2732,六角,115.50,115.50,114.00,115.50,+1.00,151547,17417111,182
2023-11-28,TPEx,2734,易飛網,45.10,46.45,45.10,46.25,+1.15,342697,15778230,282
2023-11-28,TPEx,2736,富野,29.15,29.95,29.10,29.60,+0.50,847734,25125204,626
2023-11-28,TPEx,2740,天蔥,,,,,,1,40,1
2023-11-28,TPEx,2743,山富,132.00,136.00,131.00,135.50,+5.50,1159629,156024451,1145
2023-11-28,TPEx,2745,五福,82.50,85.80,82.50,85.00,+2.10,313817,26562844,402
2023-11-28,TPEx,2752,豆府,277.00,278.50,277.00,278.00,+1.00,11000,3059500,9
2023-11-28,TPEx,2754,亞洲藏壽司,118.50,121.50,118.50,120.00,+1.00,78922,9477386,263
2023-11-28,TPEx,2755,揚秦,119.00,121.00,119.00,120.00,+1.50,25336,3036572,73
2023-11-28,TPEx,2756,聯發國際,89.00,91.60,88.20,91.00,+2.00,34401,3097803,47
2023-11-28,TPEx,2916,滿心,47.50,47.50,47.35,47.35,+0.45,8539,405225,32
2023-11-28,TPEx,2924,宏太-KY,,,,,,0,0,0
2023-11-28,TPEx,2926,誠品生活,66.00,66.00,65.00,65.30,+0.10,32017,2100908,31
2023-11-28,TPEx,2937,集雅社,30.65,30.80,30.55,30.55,-0.15,27100,830220,16
2023-11-28,TPEx,2947,振宇五金,79.80,79.80,79.30,79.30,-0.50,11408,906881,103
2023-11-28,TPEx,3064,泰偉,11.80,11.80,11.80,11.80,-0.40,2493,28488,13
2023-11-28,TPEx,3066,李洲,17.55,17.60,17.40,17.45,+0.05,35408,620322,40
2023-11-28,TPEx,3067,全域,38.45,38.45,38.40,38.40,+1.25,20986,765915,39
2023-11-28,TPEx,3071,協禧,34.10,34.65,34.10,34.50,+0.40,244509,8431919,159
2023-11-28,TPEx,3073,天方能源,27.00,27.35,26.80,27.00,+0.45,32073,869024,40
2023-11-28,TPEx,3078,僑威,83.60,84.40,83.50,84.40,+0.80,3428090,287827045,2478
2023-11-28,TPEx,3081,聯亞,103.50,105.00,103.50,105.00,+2.00,576390,60120197,508
2023-11-28,TPEx,3083,網龍,47.65,50.40,47.65,48.20,+0.75,1828959,90132672,1429
2023-11-28,TPEx,3085,新零售,10.85,10.85,10.80,10.80,-0.20,12856,138807,11
2023-11-28,TPEx,3086,華義,75.80,80.20,75.80,78.00,+2.20,105911,8335968,115
2023-11-28,TPEx,3088,艾訊,84.90,85.20,84.20,85.00,+0.60,485521,41211688,553
2023-11-28,TPEx,3093,港建*,31.00,31.00,30.85,30.90,+0.05,43750,1353824,39
2023-11-28,TPEx,3095,及成,29.50,29.50,29.50,29.50,+0.30,1878,55840,12
2023-11-28,TPEx,3105,穩懋,158.50,164.00,157.00,163.50,+6.50,6755936,1089352872,5558
2023-11-28,TPEx,3114,好德,27.10,27.30,27.10,27.15,+0.05,70671,1918476,66
2023-11-28,TPEx,3115,富榮綱,10.70,10.70,10.70,10.70,0.00,5000,53500,1
2023-11-28,TPEx,3118,進階,30.50,30.50,30.25,30.30,-0.10,42355,1286083,84
2023-11-28,TPEx,3122,笙泉,49.05,53.30,48.85,53.30,+4.80,18223464,953552575,10264
2023-11-28,TPEx,3128,昇銳,31.85,31.90,31.30,31.35,-0.20,86553,2725940,102
2023-11-28,TPEx,3131,弘塑,511.00,527.00,510.00,515.00,+8.00,590341,306883777,752
2023-11-28,TPEx,3141,晶宏,97.40,98.90,97.40,98.60,+1.30,457130,45009185,613
2023-11-28,TPEx,3147,大綜,105.50,111.00,104.00,105.00,+1.00,2398235,257637148,2068
2023-11-28,TPEx,3152,璟德,270.50,289.50,268.00,277.50,+9.00,1516091,422634786,2060
2023-11-28,TPEx,3162,精確,46.40,46.95,46.40,46.95,+0.55,231216,10815365,182
2023-11-28,TPEx,3163,波若威,90.90,91.90,90.40,91.20,+0.80,1459469,132659905,1251
2023-11-28,TPEx,3169,亞信,135.50,138.00,135.00,136.50,+2.00,1316962,179658729,1201
2023-11-28,TPEx,3171,新洲,18.90,19.35,18.90,19.05,+0.20,247180,4732633,188
2023-11-28,TPEx,3176,基亞,55.40,55.40,52.50,52.80,-1.40,1228019,65329290,1083
2023-11-28,TPEx,3178,公準,85.30,93.60,85.30,93.60,+8.50,1680623,154136162,1021
2023-11-28,TPEx,3188,鑫龍騰,16.25,16.30,16.15,16.20,-0.05,328185,5328008,103
2023-11-28,TPEx,3191,和進,10.50,10.50,9.95,10.25,-0.10,57010,572650,43
2023-11-28,TPEx,3202,樺晟,15.90,15.90,15.70,15.70,-0.05,290065,4564871,153
2023-11-28,TPEx,3205,佰研,48.50,48.50,47.05,47.30,-0.50,319872,15206119,294
2023-11-28,TPEx,3206,志豐,45.70,46.20,45.70,45.90,+0.10,112216,5157146,100
2023-11-28,TPEx,3207,耀勝,74.00,74.60,73.20,74.60,+1.20,1277746,94874152,825
2023-11-28,TPEx,3211,順達,80.50,80.70,80.20,80.50,+0.20,159140,12799720,181
2023-11-28,TPEx,3213,茂訊,78.70,79.30,78.50,79.10,+0.70,697915,55110614,567
2023-11-28,TPEx,3217,優群,158.00,171.50,157.50,168.00,+10.00,12896570,2132495725,8855
2023-11-28,TPEx,3218,大學光,294.50,297.00,289.50,296.50,+1.50,447468,131281705,930
2023-11-28,TPEx,3219,倚強科,47.20,47.20,47.20,47.20,-0.20,2146,101189,6
2023-11-28,TPEx,3221,台嘉碩,28.00,28.65,27.85,28.45,+0.45,369540,10480656,243
2023-11-28,TPEx,3224,三顧,48.00,48.20,47.60,48.00,+0.10,124184,5952282,91
2023-11-28,TPEx,3226,至寶電,53.10,53.60,53.10,53.60,-0.10,5159,274450,5
2023-11-28,TPEx,3227,原相,160.00,161.50,158.50,159.50,-0.50,2720714,434508646,2301
2023-11-28,TPEx,3228,金麗科,232.00,247.50,232.00,244.50,+12.50,1174199,284454536,1614
2023-11-28,TPEx,3230,錦明,9.63,10.15,9.59,10.10,+0.47,257920,2561515,154
2023-11-28,TPEx,3232,昱捷,23.10,23.10,22.85,22.85,+0.10,23156,530294,28
2023-11-28,TPEx,3234,光環,28.25,28.60,28.25,28.45,+0.25,648510,18444417,395
2023-11-28,TPEx,3236,千如,23.50,23.75,23.45,23.70,+0.15,125531,2968038,124
2023-11-28,TPEx,3252,海灣,21.20,21.60,21.20,21.55,+0.35,144929,3108934,106
2023-11-28,TPEx,3259,鑫創,26.50,27.80,26.50,27.50,+0.35,24491,662305,38
2023-11-28,TPEx,3260,威剛,94.50,96.80,94.20,96.70,+2.60,7320771,700798265,5234
2023-11-28,TPEx,3264,欣銓,68.70,69.60,68.70,69.60,+0.90,3065220,212526097,2107
2023-11-28,TPEx,3265,台星科,83.90,85.20,83.90,84.90,+1.00,486079,41217698,383
2023-11-28,TPEx,3268,海德威,25.50,26.40,25.50,25.95,+0.35,295807,7711554,224
2023-11-28,TPEx,3272,東碩,34.70,34.75,34.25,34.25,+0.25,63987,2201010,82
2023-11-28,TPEx,3276,宇環,25.00,25.85,24.85,25.60,+0.80,1994311,50945750,1161
2023-11-28,TPEx,3284,太普高,16.65,16.90,16.65,16.85,+0.10,133722,2244012,77
2023-11-28,TPEx,3285,微端,26.85,27.50,26.65,26.65,-0.20,305681,8263498,266
2023-11-28,TPEx,3287,廣寰科,22.60,22.95,22.60,22.60,+0.10,183428,4166847,125
2023-11-28,TPEx,3288,點晶,21.05,21.05,21.00,21.00,0.00,4050,85100,3
2023-11-28,TPEx,3289,宜特,91.70,92.00,91.10,91.90,+0.20,332913,30485942,542
2023-11-28,TPEx,3290,東浦,27.60,27.60,27.15,27.40,+0.15,364431,9939225,232
2023-11-28,TPEx,3293,鈊象,655.00,664.00,655.00,662.00,+8.00,1079953,713331566,4054
2023-11-28,TPEx,3294,英濟,19.60,19.95,19.30,19.60,+0.15,137657,2688460,285
2023-11-28,TPEx,3297,杭特,17.55,17.65,17.50,17.65,+0.10,34254,604333,89
2023-11-28,TPEx,3303,岱稜,27.55,27.55,27.25,27.40,-0.20,92798,2538748,82
2023-11-28,TPEx,3306,鼎天,51.40,52.50,51.10,51.80,+0.80,492755,25609679,352
2023-11-28,TPEx,3310,佳穎,99.10,99.40,98.30,99.00,-0.10,20553,2030365,27
2023-11-28,TPEx,3313,斐成,10.90,10.90,10.75,10.90,0.00,48910,530258,151
2023-11-28,TPEx,3317,尼克森,58.80,59.80,58.20,59.80,+1.50,704664,41649643,615
2023-11-28,TPEx,3322,建舜電,23.00,23.30,23.00,23.10,+0.10,983736,22730677,620
2023-11-28,TPEx,3323,加百裕,29.65,29.65,29.05,29.25,-0.10,209274,6132734,243
2023-11-28,TPEx,3324,雙鴻,352.00,362.00,348.50,362.00,+12.00,3510487,1251474357,3030
2023-11-28,TPEx,3325,旭品,35.45,35.80,34.95,35.10,-0.50,3800292,134070413,2191
2023-11-28,TPEx,3332,幸康,,,,,,150,6567,3
2023-11-28,TPEx,3339,泰谷,19.30,19.70,19.20,19.35,+0.05,233354,4524164,128
2023-11-28,TPEx,3349,寶德,17.10,17.50,17.05,17.40,+0.35,11233,194171,16
2023-11-28,TPEx,3354,律勝,14.35,14.40,14.35,14.40,+0.10,20723,298511,94
2023-11-28,TPEx,3357,臺慶科,105.50,111.00,105.00,110.00,+4.50,281732,30617639,290
2023-11-28,TPEx,3360,尚立,12.00,12.05,11.95,12.05,-0.05,70191,842387,75
2023-11-28,TPEx,3362,先進光,183.00,184.00,173.00,178.50,-4.00,10649587,1899659629,7549
2023-11-28,TPEx,3363,上詮,72.00,74.70,71.70,74.20,+2.80,7390243,543617510,4817
2023-11-28,TPEx,3372,典範,14.85,15.00,14.85,14.90,+0.15,501510,7498565,317
2023-11-28,TPEx,3373,熱映,26.05,26.85,25.35,26.85,+2.40,3262801,86026558,2003
2023-11-28,TPEx,3374,精材,133.50,135.50,131.50,132.50,-1.00,8587620,1145216746,4551
2023-11-28,TPEx,3379,彬台,15.20,15.20,14.70,14.75,-0.25,530712,7864961,202
2023-11-28,TPEx,3388,崇越電,69.70,69.80,69.60,69.80,+0.20,20723,1444695,29
2023-11-28,TPEx,3390,旭軟,20.00,20.65,19.85,20.40,+0.35,468984,9532863,234
2023-11-28,TPEx,3402,漢科,66.70,68.20,66.20,67.50,+1.70,1597023,107866780,1415
2023-11-28,TPEx,3426,台興,39.60,40.00,39.55,39.55,+0.10,29060,1155073,27
2023-11-28,TPEx,3430,奇鈦科,46.75,46.75,46.30,46.60,+0.25,63063,2931996,82
2023-11-28,TPEx,3434,哲固,27.35,27.35,27.20,27.20,-0.10,25655,699436,25
2023-11-28,TPEx,3438,類比科,71.90,74.30,71.50,73.60,+2.30,632484,46347679,536
2023-11-28,TPEx,3441,聯一光,38.40,39.00,38.40,38.60,+0.30,51412,1989493,55
2023-11-28,TPEx,3444,利機,119.50,123.00,119.50,122.00,+2.50,2072834,251579678,1383
2023-11-28,TPEx,3455,由田,72.80,73.80,72.80,73.50,+0.70,91895,6737634,114
2023-11-28,TPEx,3465,進泰電子,67.50,67.50,67.00,67.40,+0.30,60642,4070247,44
2023-11-28,TPEx,3466,德晉,23.70,23.95,23.60,23.65,0.00,52295,1238537,62
2023-11-28,TPEx,3479,安勤,100.50,103.00,100.50,102.50,+2.00,535514,54457884,426
2023-11-28,TPEx,3483,力致,160.50,163.50,160.00,162.50,+4.00,3197101,516787129,2631
2023-11-28,TPEx,3484,崧騰,44.85,45.15,44.70,45.10,+0.25,174153,7828658,169
2023-11-28,TPEx,3489,森寶,12.70,12.80,12.60,12.70,0.00,1052899,13362146,283
2023-11-28,TPEx,3490,單井,23.35,23.35,23.05,23.30,0.00,122352,2837228,93
2023-11-28,TPEx,3491,昇達科,164.50,166.00,163.00,166.00,+3.00,682935,112582378,861
2023-11-28,TPEx,3492,長盛,18.50,18.75,18.50,18.50,0.00,19031,354982,16
2023-11-28,TPEx,3498,陽程,30.85,30.85,30.30,30.80,-0.05,39093,1198553,98
2023-11-28,TPEx,3499,環天科,17.80,18.10,17.80,18.00,-0.10,35562,639034,47
2023-11-28,TPEx,3508,位速,29.20,29.20,29.00,29.10,-0.10,135125,3932527,133
2023-11-28,TPEx,3511,矽瑪,28.15,28.55,28.15,28.25,+0.10,102740,2901802,123
2023-11-28,TPEx,3512,皇龍,34.70,35.30,34.55,34.80,+0.25,208607,7282648,205
2023-11-28,TPEx,3516,亞帝歐,17.80,18.05,17.80,18.05,+0.35,45527,815551,51
2023-11-28,TPEx,3520,華盈,16.85,16.90,16.65,16.70,+0.05,212682,3557522,123
2023-11-28,TPEx,3521,鴻翊,18.90,19.00,18.10,18.55,-0.45,448329,8269285,654
2023-11-28,TPEx,3522,御頂,19.10,19.15,18.80,18.95,0.00,309381,5865236,232
2023-11-28,TPEx,3523,迎輝,18.50,18.75,17.95,18.10,-0.40,38249,691633,39
2023-11-28,TPEx,3526,凡甲,182.00,184.00,182.00,184.00,+3.00,123463,22631930,172
2023-11-28,TPEx,3527,聚積,101.50,106.00,101.50,105.50,+4.50,203119,21230452,224
2023-11-28,TPEx,3529,力旺,2415.00,2550.00,2390.00,2550.00,+165.00,751483,1879080380,1408
2023-11-28,TPEx,3531,先益,35.35,36.80,34.65,34.80,+0.55,924733,33058640,717
2023-11-28,TPEx,3537,堡達,38.95,39.15,38.95,39.05,+0.10,67666,2645027,68
2023-11-28,TPEx,3540,曜越,39.90,41.35,39.90,41.35,+1.45,509310,20905088,436
2023-11-28,TPEx,3541,西柏,38.50,38.70,38.50,38.65,+0.15,40738,1571605,54
2023-11-28,TPEx,3546,宇峻,78.20,81.00,78.20,78.70,+0.60,491495,39201201,454
2023-11-28,TPEx,3548,兆利,226.50,245.00,222.00,245.00,+22.00,15980840,3786752161,11138
2023-11-28,TPEx,3551,世禾,80.50,82.00,80.00,81.80,+2.40,799465,64999277,592
2023-11-28,TPEx,3552,同致,143.50,144.50,142.00,144.50,+2.50,248023,35590526,268
2023-11-28,TPEx,3555,博士旺,31.55,31.55,31.40,31.40,-0.35,4058,127844,6
2023-11-28,TPEx,3556,禾瑞亞,60.00,60.00,59.80,60.00,0.00,94626,5671366,117
2023-11-28,TPEx,3558,神準,238.00,243.50,238.00,243.50,+6.00,289487,69904515,362
2023-11-28,TPEx,3564,其陽,43.55,45.60,43.55,44.80,+0.40,104546,4666487,153
2023-11-28,TPEx,3567,逸昌,40.90,41.75,40.90,41.70,+0.80,325644,13504398,273
2023-11-28,TPEx,3570,大塚,142.00,142.00,140.00,142.00,0.00,80105,11297995,77
2023-11-28,TPEx,3577,泓格,83.50,83.50,81.70,81.70,-1.00,23978,1970210,30
2023-11-28,TPEx,3580,友威科,51.50,51.90,51.50,51.90,+0.20,36365,1881426,57
2023-11-28,TPEx,3581,博磊,25.75,26.00,25.70,25.80,+0.10,40034,1034417,28
2023-11-28,TPEx,3587,閎康,233.50,234.50,228.00,232.50,+1.50,671309,155102227,794
2023-11-28,TPEx,3594,磐儀,49.00,49.60,49.00,49.55,+0.60,154710,7636107,123
2023-11-28,TPEx,3597,映興,21.10,21.30,21.10,21.30,+0.15,5089,107790,7
2023-11-28,TPEx,3609,三一東林,37.00,37.00,36.40,36.50,-0.50,36002,1313520,21
2023-11-28,TPEx,3611,鼎翰,235.00,237.50,234.50,235.50,+1.00,126300,29816088,113
2023-11-28,TPEx,3615,安可,23.70,24.45,23.70,24.15,+0.45,531521,12869450,310
2023-11-28,TPEx,3623,富晶通,50.20,54.70,50.20,54.60,+4.80,1817360,96093250,1538
2023-11-28,TPEx,3624,光頡,52.50,53.20,52.40,52.90,+0.40,382548,20221386,325
2023-11-28,TPEx,3625,西勝,15.70,15.95,15.60,15.90,+0.20,273226,4306801,181
2023-11-28,TPEx,3628,盈正,42.60,43.75,42.60,43.25,+0.85,70544,3050277,76
2023-11-28,TPEx,3629,地心引力,42.20,42.20,37.00,40.85,-0.15,14173,549633,14
2023-11-28,TPEx,3630,新鉅科,34.40,34.50,34.10,34.50,+0.25,181673,6237664,201
2023-11-28,TPEx,3631,晟楠,28.45,28.45,28.05,28.05,+0.05,4072,114944,5
2023-11-28,TPEx,3632,研勤,13.45,13.60,13.40,13.60,+0.05,21888,296586,150
2023-11-28,TPEx,3646,艾恩特,28.55,28.55,28.40,28.45,0.00,22022,627021,36
2023-11-28,TPEx,3663,鑫科,36.70,36.70,35.00,36.10,-0.60,200161,7207811,217
2023-11-28,TPEx,3664,安瑞-KY,24.10,25.30,24.10,25.30,+0.90,39383,976696,41
2023-11-28,TPEx,3666,光耀,28.30,29.20,28.20,28.60,+0.15,440931,12647265,351
2023-11-28,TPEx,3672,康聯訊,25.75,27.00,25.70,26.30,+0.70,86255,2258873,60
2023-11-28,TPEx,3675,德微,232.00,232.00,228.00,231.00,+0.50,259612,59786972,562
2023-11-28,TPEx,3680,家登,378.00,381.50,377.00,380.00,+5.00,674215,255912538,905
2023-11-28,TPEx,3684,榮昌,45.75,45.85,45.75,45.75,+0.15,10637,488026,135
2023-11-28,TPEx,3685,元創精密,21.80,22.10,21.80,22.00,-0.10,89078,1954870,64
2023-11-28,TPEx,3687,歐買尬,88.40,92.70,88.30,88.50,+0.20,643519,58189451,698
2023-11-28,TPEx,3689,湧德,58.50,62.80,58.50,62.00,+3.70,3808516,232522772,2575
2023-11-28,TPEx,3691,碩禾,83.80,85.40,83.70,85.20,+1.20,84698,7198588,94
2023-11-28,TPEx,3693,營邦,428.50,451.00,428.50,451.00,+19.00,1875528,827752836,2395
2023-11-28,TPEx,3707,漢磊,72.00,73.10,72.00,72.50,+0.50,873828,63435400,743
2023-11-28,TPEx,3709,鑫聯大投控,26.10,26.70,25.95,26.70,+0.65,141271,3716527,105
2023-11-28,TPEx,3710,連展投控,9.52,9.75,9.50,9.72,+0.20,430834,4162874,254
2023-11-28,TPEx,3713,新晶投控,24.40,24.80,24.40,24.75,+0.35,50118,1235829,38
2023-11-28,TPEx,4102,永日,36.90,37.95,36.50,37.95,+0.45,2243710,83920993,1212
2023-11-28,TPEx,4105,東洋,84.70,84.80,83.80,84.50,+0.90,1499313,126460702,1364
2023-11-28,TPEx,4107,邦特,111.00,111.00,109.00,109.50,-0.50,96502,10602908,132
2023-11-28,TPEx,4109,加捷生醫,13.65,13.75,13.45,13.45,-0.10,239285,3242052,80
2023-11-28,TPEx,4111,濟生,27.35,27.35,26.75,26.80,-0.25,158084,4254185,176
2023-11-28,TPEx,4113,聯上,30.00,30.35,29.50,29.75,-0.20,2216910,66172973,924
2023-11-28,TPEx,4114,健喬,42.50,43.70,40.80,42.00,+0.45,44802079,1882428912,24962
2023-11-28,TPEx,4116,明基醫,65.40,65.40,63.40,64.00,+0.20,359049,23048804,307
2023-11-28,TPEx,4120,友華,39.50,39.95,39.50,39.60,+0.20,23188,921048,50
2023-11-28,TPEx,4121,優盛,27.05,27.50,25.30,26.25,-0.55,4408306,115976092,2755
2023-11-28,TPEx,4123,晟德,45.60,45.70,44.80,45.40,+0.10,1190042,53791064,1175
2023-11-28,TPEx,4126,太醫,86.40,87.60,85.50,86.60,+0.60,745827,64730907,724
2023-11-28,TPEx,4127,天良,14.50,14.55,14.20,14.40,-0.05,154084,2210916,106
2023-11-28,TPEx,4128,中天,52.70,52.80,51.90,52.00,-0.50,2014157,105155268,1624
2023-11-28,TPEx,4129,聯合,87.40,90.00,87.00,89.50,+2.30,1708368,151457466,1173
2023-11-28,TPEx,4130,健亞,28.00,28.20,27.40,27.50,-0.40,478078,13212741,386
2023-11-28,TPEx,4131,浩泰,22.75,22.95,21.90,22.45,+0.25,9000,200050,7
2023-11-28,TPEx,4138,曜亞,105.00,105.00,103.50,105.00,+1.00,100563,10492032,350
2023-11-28,TPEx,4139,馬光-KY,36.75,36.90,36.75,36.90,+0.20,7427,273264,23
2023-11-28,TPEx,4147,中裕,83.90,84.20,83.60,84.10,+0.20,433011,36373790,323
2023-11-28,TPEx,4153,鈺緯,38.35,38.40,37.00,37.20,-0.65,175891,6586547,138
2023-11-28,TPEx,4154,樂威科-KY,12.90,13.15,12.85,12.95,-0.05,22000,285650,16
2023-11-28,TPEx,4157,太景*-KY,16.30,16.30,15.50,15.75,-0.45,10270016,162759554,4245
2023-11-28,TPEx,4160,訊聯基因,41.35,41.50,40.80,40.85,-0.45,51463,2115553,97
2023-11-28,TPEx,4161,聿新科,31.50,31.60,30.80,31.10,-0.20,121732,3788790,127
2023-11-28,TPEx,4162,智擎,103.00,104.00,100.50,101.50,-1.50,1894378,192592848,1813
2023-11-28,TPEx,4163,鐿鈦,122.00,123.00,121.50,123.00,+0.50,60364,7383504,140
2023-11-28,TPEx,4167,松瑞藥,20.30,20.50,19.70,19.95,-0.30,4738540,94462835,2786
2023-11-28,TPEx,4168,醣聯,28.80,28.80,28.35,28.40,-0.15,160982,4584569,183
2023-11-28,TPEx,4171,瑞基,37.75,39.05,36.55,37.05,-0.70,1500967,56278478,1379
2023-11-28,TPEx,4173,久裕,22.75,22.75,21.70,22.10,-0.25,994951,21964601,632
2023-11-28,TPEx,4174,浩鼎,83.50,83.50,82.40,82.80,-0.30,155591,12894724,310
2023-11-28,TPEx,4175,杏一,89.10,90.70,87.10,87.30,-1.80,309401,27374597,513
2023-11-28,TPEx,4183,福永生技,28.00,28.00,26.95,27.50,-0.25,154146,4198608,108
2023-11-28,TPEx,4188,安克,32.90,33.65,31.60,33.50,+0.70,2158791,70159697,1636
2023-11-28,TPEx,4192,杏國,36.80,36.80,36.70,36.70,+1.10,3867,141643,11
2023-11-28,TPEx,4198,欣大健康,24.20,24.20,24.20,24.20,0.00,1193,28754,6
2023-11-28,TPEx,4205,中華食,100.00,100.00,99.90,99.90,-0.10,5493,549729,54
2023-11-28,TPEx,4207,環泰,16.95,17.00,16.85,16.95,0.00,390287,6595787,175
2023-11-28,TPEx,4303,信立,19.60,19.75,19.50,19.55,-0.05,42118,824371,25
2023-11-28,TPEx,4304,勝昱,8.12,8.26,7.92,8.22,+0.10,51000,412650,26
2023-11-28,TPEx,4305,世坤,38.95,39.30,38.95,39.30,-0.10,2103,82272,5
2023-11-28,TPEx,4401,東隆興,26.80,27.05,26.35,26.50,-0.30,397219,10561768,315
2023-11-28,TPEx,4402,福大,11.60,11.75,11.45,11.65,+0.05,403367,4683138,174
2023-11-28,TPEx,4406,新昕纖,9.82,9.84,9.80,9.84,+0.02,155000,1522230,15
2023-11-28,TPEx,4413,飛寶企業,19.60,19.60,18.30,18.75,-0.55,82000,1548800,69
2023-11-28,TPEx,4416,三圓,84.20,84.20,81.30,81.60,+0.70,3000,247100,3
2023-11-28,TPEx,4417,金洲,39.20,39.40,39.20,39.30,+0.10,27704,1088203,35
2023-11-28,TPEx,4419,元勝,29.40,31.40,29.40,31.40,+2.40,12011,368841,21
2023-11-28,TPEx,4420,光明,38.35,38.35,38.35,38.35,+3.45,180426,6919313,121
2023-11-28,TPEx,4430,耀億,20.75,20.80,20.70,20.75,0.00,28352,588649,209
2023-11-28,TPEx,4432,銘旺實,24.05,24.05,23.65,23.85,0.00,171000,4059800,105
2023-11-28,TPEx,4433,興采,30.35,30.75,30.35,30.50,+0.10,16310,498586,22
2023-11-28,TPEx,4502,健信,36.70,36.80,36.65,36.80,0.00,16152,593338,16
2023-11-28,TPEx,4503,金雨,51.50,51.50,50.80,51.50,+0.70,151452,7751675,138
2023-11-28,TPEx,4506,崇友,78.90,79.30,78.70,78.70,0.00,83120,6551359,135
2023-11-28,TPEx,4510,高鋒,16.50,16.65,16.40,16.55,+0.25,257572,4256213,162
2023-11-28,TPEx,4513,福裕,19.30,19.40,18.80,18.80,-0.30,388164,7360330,162
2023-11-28,TPEx,4523,永彰,45.60,46.10,45.60,46.10,+0.60,57078,2618170,49
2023-11-28,TPEx,4527,方土霖,34.90,35.35,34.90,35.35,+0.40,16015,562127,12
2023-11-28,TPEx,4528,江興鍛,31.00,31.00,30.50,30.95,-0.10,120229,3692925,567
2023-11-28,TPEx,4529,淳紳,9.75,9.75,9.51,9.68,+0.17,113062,1095675,66
2023-11-28,TPEx,4530,宏易,6.47,6.47,6.24,6.37,-0.15,17113,108854,25
2023-11-28,TPEx,4533,協易機,26.30,26.95,26.10,26.95,+0.90,1761380,46884221,963
2023-11-28,TPEx,4534,慶騰,9.94,9.94,9.78,9.94,0.00,77938,768442,249
2023-11-28,TPEx,4535,至興,34.50,34.55,34.20,34.35,-0.15,27000,928050,18
2023-11-28,TPEx,4538,大詠城,18.45,18.50,18.30,18.30,-0.10,16028,294370,16
2023-11-28,TPEx,4541,晟田,32.05,32.30,31.90,32.05,0.00,213911,6865908,129
2023-11-28,TPEx,4542,科嶠,59.30,60.80,58.70,60.40,+1.90,556492,33444295,670
2023-11-28,TPEx,4543,萬在,44.15,44.75,44.10,44.35,+0.70,731724,32484003,598
2023-11-28,TPEx,4549,桓達,88.80,89.10,88.70,89.10,+0.70,17852,1587760,39
2023-11-28,TPEx,4550,長佳,34.80,35.60,34.80,35.35,+0.65,215570,7616648,229
2023-11-28,TPEx,4554,橙的,27.75,27.85,27.70,27.85,+0.15,51190,1420870,20
2023-11-28,TPEx,4556,旭然,29.20,29.60,29.20,29.50,+0.30,10000,294850,9
2023-11-28,TPEx,4558,寶緯,26.40,26.50,26.30,26.50,0.00,15200,401700,12
2023-11-28,TPEx,4561,健椿,31.70,33.50,31.70,33.20,+1.80,1068816,35144224,620
2023-11-28,TPEx,4563,百德,45.60,45.85,45.35,45.35,-0.45,191913,8736435,173
2023-11-28,TPEx,4568,科際精密,54.80,54.80,54.80,54.80,-0.20,2210,120689,6
2023-11-28,TPEx,4577,達航科技,24.60,24.60,24.35,24.55,+0.15,18328,448311,19
2023-11-28,TPEx,4580,捷流閥業,92.00,92.50,92.00,92.30,+0.30,51160,4722513,56
2023-11-28,TPEx,4584,君帆,48.30,48.40,48.00,48.40,+0.10,11000,530300,7
2023-11-28,TPEx,4609,唐鋒,5.80,5.80,5.45,5.70,-0.10,18002,100261,13
2023-11-28,TPEx,4702,中美實,12.90,13.10,12.85,12.90,0.00,322254,4160950,957
2023-11-28,TPEx,4706,大恭,27.20,27.70,27.15,27.45,+0.30,31328,859862,29
2023-11-28,TPEx,4707,磐亞,12.70,12.75,12.60,12.65,0.00,390199,4946495,223
2023-11-28,TPEx,4711,永純,15.90,15.95,15.90,15.90,+0.05,14089,224418,20
2023-11-28,TPEx,4712,南璋,3.16,3.20,3.14,3.14,-0.02,151423,479706,59
2023-11-28,TPEx,4714,永捷,13.80,14.50,13.75,14.25,+0.50,6035673,85919847,2075
2023-11-28,TPEx,4716,大立,12.85,12.95,12.75,12.90,0.00,222199,2860983,135
2023-11-28,TPEx,4721,美琪瑪,82.70,83.60,82.60,83.30,+1.10,195329,16208422,171
2023-11-28,TPEx,4726,永昕,37.15,37.15,36.30,36.80,-0.35,481177,17646066,360
2023-11-28,TPEx,4728,雙美,208.00,208.50,205.00,205.00,0.00,28289,5845120,67
2023-11-28,TPEx,4729,熒茂,15.75,15.75,15.55,15.75,0.00,30732,482318,30
2023-11-28,TPEx,4735,豪展,36.85,36.85,36.35,36.70,-0.15,71028,2596656,95
2023-11-28,TPEx,4736,泰博,159.00,161.50,158.00,158.00,0.00,543915,86567285,670
2023-11-28,TPEx,4741,泓瀚,35.95,35.95,35.95,35.95,+0.10,2030,72980,3
2023-11-28,TPEx,4743,合一,205.50,206.00,204.00,204.00,0.00,1862900,381343480,1854
2023-11-28,TPEx,4744,皇將,30.15,30.30,29.85,29.90,-0.15,621275,18639265,419
2023-11-28,TPEx,4745,合富-KY,26.00,26.10,25.75,26.00,+0.15,91846,2385767,76
2023-11-28,TPEx,4747,強生,90.50,91.90,88.00,88.90,-1.30,348050,31207907,392
2023-11-28,TPEx,4754,國碳科,42.55,42.60,42.20,42.60,+0.05,75348,3187957,106
2023-11-28,TPEx,4760,勤凱,69.00,69.90,68.90,69.40,+0.40,40080,2778736,31
2023-11-28,TPEx,4767,誠泰科技,28.30,28.80,28.00,28.80,+0.50,30010,844102,17
2023-11-28,TPEx,4768,晶呈科技,180.50,188.50,180.00,186.50,+6.50,586561,108206817,505
2023-11-28,TPEx,4804,大略-KY,4.40,4.78,4.40,4.74,-0.09,97991,448551,48
2023-11-28,TPEx,4806,昇華,16.00,16.00,15.50,15.80,-0.25,649363,9602068,218
2023-11-28,TPEx,4903,聯光通,16.90,17.00,16.60,17.00,+0.30,62827,1051007,80
2023-11-28,TPEx,4905,台聯電,70.90,72.70,70.90,72.70,+0.80,16619,1187368,11
2023-11-28,TPEx,4907,富宇,37.35,37.35,37.05,37.20,+0.20,29000,1080500,26
2023-11-28,TPEx,4908,前鼎,92.30,96.00,91.50,94.00,+2.50,6215850,582851979,4878
2023-11-28,TPEx,4909,新復興,24.10,25.10,23.90,25.00,+1.10,2067028,51080900,1081
2023-11-28,TPEx,4911,德英,57.10,57.60,57.00,57.10,0.00,24000,1376900,15
2023-11-28,TPEx,4923,力士,50.10,51.50,50.10,51.10,+0.60,142314,7278199,129
2023-11-28,TPEx,4924,欣厚-KY,12.20,12.20,11.95,12.15,-0.10,6000,72650,6
2023-11-28,TPEx,4931,新盛力,33.30,33.40,32.70,33.40,+0.75,411720,13636060,384
2023-11-28,TPEx,4933,友輝,54.30,55.00,53.90,54.80,+0.60,387761,21109844,269
2023-11-28,TPEx,4939,亞電,17.40,17.50,17.35,17.35,0.00,124305,2161216,70
2023-11-28,TPEx,4945,陞達科技,90.10,96.80,89.10,96.80,+8.80,5827418,548729236,3599
2023-11-28,TPEx,4946,辣椒,58.00,59.90,57.00,57.00,-1.00,22754,1314028,95
2023-11-28,TPEx,4951,精拓科,70.20,71.40,69.80,70.60,+1.50,176796,12505781,167
2023-11-28,TPEx,4953,緯軟,124.50,124.50,122.50,123.50,0.00,834929,103165725,843
2023-11-28,TPEx,4966,譜瑞-KY,1050.00,1095.00,1050.00,1075.00,+30.00,1168254,1256575257,1481
2023-11-28,TPEx,4971,IET-KY,61.20,62.80,61.00,62.50,+1.60,305449,18975891,221
2023-11-28,TPEx,4972,湯石照明,27.80,28.00,27.65,27.90,+0.10,21977,611829,141
2023-11-28,TPEx,4973,廣穎,31.70,34.85,31.70,34.85,+3.15,6689276,227144680,3547
2023-11-28,TPEx,4974,亞泰,66.70,66.90,66.70,66.80,+0.10,62454,4169549,90
2023-11-28,TPEx,4979,華星光,159.00,161.00,156.00,158.00,-0.50,4452374,704622666,4155
2023-11-28,TPEx,4987,科誠,59.50,59.70,59.50,59.70,+0.20,11285,672281,20
2023-11-28,TPEx,4991,環宇-KY,32.80,33.25,32.80,32.85,+0.05,5021,165493,7
2023-11-28,TPEx,4995,晶達,47.50,47.70,47.50,47.60,+0.10,32795,1559560,26
2023-11-28,TPEx,5009,榮剛,46.85,47.65,46.70,47.50,+0.60,3758029,177531484,2196
2023-11-28,TPEx,5011,久陽,22.15,22.15,21.95,22.05,+0.05,123762,2726556,95
2023-11-28,TPEx,5013,強新,,,,,,463,15306,3
2023-11-28,TPEx,5014,建錩,14.10,14.15,14.00,14.05,+0.10,133797,1881595,101
2023-11-28,TPEx,5015,華祺,43.90,44.10,43.90,44.00,+0.10,34821,1533007,39
2023-11-28,TPEx,5016,松和,28.20,28.70,28.20,28.70,+0.25,16275,464979,19
2023-11-28,TPEx,5201,凱衛,30.40,30.40,30.15,30.35,-0.05,36013,1090245,31
2023-11-28,TPEx,5202,力新,14.10,14.20,14.10,14.15,+0.15,77313,1093302,54
2023-11-28,TPEx,5205,中茂,26.55,27.50,26.55,27.35,+0.20,9234,249335,11
2023-11-28,TPEx,5206,坤悅,25.30,25.35,25.00,25.10,-0.15,266328,6696170,167
2023-11-28,TPEx,5209,新鼎,164.00,166.00,163.50,165.50,+2.50,27064,4458142,65
2023-11-28,TPEx,5210,寶碩,37.60,38.00,35.65,37.60,+0.40,1343060,49688922,870
2023-11-28,TPEx,5211,蒙恬,22.20,22.50,22.20,22.25,+0.05,40476,904902,44
2023-11-28,TPEx,5212,凌網,49.75,50.50,49.60,49.60,+0.10,9297,465151,22
2023-11-28,TPEx,5213,亞昕,31.80,33.20,31.75,32.75,+0.95,1465008,47788556,1037
2023-11-28,TPEx,5220,萬達光電,27.20,27.30,26.90,27.00,-0.30,37299,1007070,32
2023-11-28,TPEx,5223,安力-KY,38.20,38.20,37.80,38.00,-0.25,28225,1073962,21
2023-11-28,TPEx,5227,立凱-KY,47.70,48.55,47.70,48.50,+0.85,156676,7549057,297
2023-11-28,TPEx,5228,鈺鎧,22.40,22.40,22.05,22.30,+0.05,5050,112169,7
2023-11-28,TPEx,5230,雷笛克光學,27.30,27.80,26.65,27.40,+0.15,1347499,36822288,937
2023-11-28,TPEx,5236,凌陽創新,168.00,184.50,168.00,184.50,+16.50,3955805,713640136,4815
2023-11-28,TPEx,5245,智晶,41.30,42.50,41.30,42.35,0.00,52047,2187909,48
2023-11-28,TPEx,5251,天鉞電,19.10,19.45,18.85,19.10,0.00,173479,3303204,212
2023-11-28,TPEx,5263,智崴,123.00,125.50,123.00,124.50,+1.50,147592,18416460,196
2023-11-28,TPEx,5272,笙科,36.75,39.75,36.20,39.00,+2.30,12484110,475945772,8238
2023-11-28,TPEx,5274,信驊,2865.00,2950.00,2855.00,2930.00,+130.00,613211,1780159120,1581
2023-11-28,TPEx,5276,達輝-KY,13.90,13.95,13.65,13.95,+0.25,6000,83050,6
2023-11-28,TPEx,5278,尚凡,213.00,215.00,213.00,215.00,,21718,4656294,88
2023-11-28,TPEx,5287,數字,198.00,198.50,197.00,198.00,-0.50,64124,12682161,278
2023-11-28,TPEx,5289,宜鼎,306.00,312.50,304.00,311.50,+8.00,529651,163812880,663
2023-11-28,TPEx,5291,邑昇,25.95,26.05,25.95,26.00,+0.05,58572,1521760,44
2023-11-28,TPEx,5299,杰力,131.50,132.50,131.00,132.50,+1.50,121750,16042718,175
2023-11-28,TPEx,5301,寶得利,10.90,11.10,10.80,11.00,+0.10,67641,741164,51
2023-11-28,TPEx,5302,太欣,11.30,11.60,11.20,11.40,+0.20,690165,7867485,351
2023-11-28,TPEx,5309,系統電,34.45,35.25,34.45,34.85,+0.50,881265,30792375,603
2023-11-28,TPEx,5310,天剛,20.80,21.50,20.80,21.00,+0.10,6282,132449,11
2023-11-28,TPEx,5312,寶島科,84.40,84.50,83.80,84.40,+0.20,64225,5399283,97
2023-11-28,TPEx,5314,世紀,55.00,58.80,55.00,58.80,+5.30,319687,18515371,402
2023-11-28,TPEx,5315,光聯,18.30,18.30,18.00,18.20,+0.05,153417,2780382,106
2023-11-28,TPEx,5321,美而快,87.30,87.50,86.50,87.50,+1.40,197547,17198405,201
2023-11-28,TPEx,5324,士開,11.25,11.30,11.20,11.25,+0.10,110251,1240979,81
2023-11-28,TPEx,5328,華容,14.20,14.60,14.20,14.50,+0.30,1125493,16220919,500
2023-11-28,TPEx,5340,建榮,59.20,60.30,59.20,60.20,+1.00,191063,11464411,152
2023-11-28,TPEx,5344,立衛,20.40,21.95,20.40,21.45,+1.40,341374,7255192,214
2023-11-28,TPEx,5345,天揚,12.20,12.75,12.15,12.75,-0.10,12221,150134,10
2023-11-28,TPEx,5347,世界,80.20,81.30,79.10,79.10,-0.60,36742136,2938750840,19637
2023-11-28,TPEx,5348,正能量智能,21.50,21.70,21.05,21.55,+0.30,81447,1741541,59
2023-11-28,TPEx,5351,鈺創,50.80,53.70,50.50,52.60,+2.20,44441263,2328232846,24755
2023-11-28,TPEx,5353,台林,37.60,38.25,37.60,37.75,+0.30,254762,9645011,158
2023-11-28,TPEx,5355,佳總,8.18,8.24,8.15,8.20,+0.05,57829,472719,56
2023-11-28,TPEx,5356,協益,28.70,28.95,28.65,28.90,+0.25,52053,1499078,48
2023-11-28,TPEx,5364,力麗店,27.35,27.55,27.00,27.55,-0.40,38034,1036868,25
2023-11-28,TPEx,5371,中光電,73.00,73.80,73.00,73.70,+0.90,616907,45315543,499
2023-11-28,TPEx,5381,合正,26.05,28.40,26.00,28.40,+2.55,5806101,162302477,2246
2023-11-28,TPEx,5383,金利,27.10,27.20,27.05,27.20,-0.15,16582,448935,17
2023-11-28,TPEx,5386,青雲,52.00,52.80,51.90,52.70,+1.00,213951,11201771,257
2023-11-28,TPEx,5392,能率,24.65,25.00,24.60,24.85,+0.25,235930,5836585,248
2023-11-28,TPEx,5398,慕康生醫,12.55,13.25,12.45,13.25,+0.65,60060,766100,74
2023-11-28,TPEx,5403,中菲,104.50,106.00,104.50,105.50,+1.00,99546,10496750,128
2023-11-28,TPEx,5410,國眾,32.50,32.55,32.10,32.40,-0.20,206775,6688457,258
2023-11-28,TPEx,5425,台半,83.40,84.20,82.90,84.20,+1.50,1068308,89655071,1008
2023-11-28,TPEx,5426,振發,15.00,15.30,15.00,15.20,+0.25,312001,4737710,223
2023-11-28,TPEx,5432,新門,87.70,87.80,84.70,87.80,+7.90,1116103,97279320,730
2023-11-28,TPEx,5438,東友,17.60,17.60,17.20,17.30,+0.05,18273,316456,27
2023-11-28,TPEx,5439,高技,120.00,122.00,120.00,121.50,+1.50,1182817,143054864,975
2023-11-28,TPEx,5443,均豪,31.15,31.80,31.05,31.60,+0.65,578966,18193812,513
2023-11-28,TPEx,5450,南良,17.95,18.80,17.95,18.55,+0.60,185002,3397438,66
2023-11-28,TPEx,5452,佶優,24.15,24.40,23.80,24.00,-0.20,992428,23900327,598
2023-11-28,TPEx,5455,昇益,31.40,31.50,31.40,31.50,+0.10,12606,396459,8
2023-11-28,TPEx,5457,宣德,53.90,55.90,53.90,55.80,+1.80,1158383,63871148,950
2023-11-28,TPEx,5460,同協,14.15,14.25,14.10,14.25,+0.10,75888,1075365,81
2023-11-28,TPEx,5464,霖宏,29.65,30.20,29.65,30.20,+0.60,57771,1732632,62
2023-11-28,TPEx,5465,富驊,46.20,47.10,45.90,46.85,+1.05,815801,37797878,606
2023-11-28,TPEx,5468,凱鈺,17.45,17.70,17.25,17.30,-0.10,104597,1818623,84
2023-11-28,TPEx,5474,聰泰,109.00,110.50,108.00,110.50,+2.50,121714,13335521,129
2023-11-28,TPEx,5475,德宏,12.15,12.35,12.15,12.30,+0.15,126505,1551283,78
2023-11-28,TPEx,5478,智冠,136.00,136.00,136.00,136.00,+12.00,1462189,198857704,925
2023-11-28,TPEx,5481,新華,12.90,13.20,12.90,13.05,+0.10,739953,9560663,269
2023-11-28,TPEx,5483,中美晶,178.00,185.00,178.00,182.00,+4.50,12369281,2261674221,9066
2023-11-28,TPEx,5487,通泰,27.40,27.40,26.50,26.80,+0.10,7206,192830,11
2023-11-28,TPEx,5488,松普,11.25,11.40,11.25,11.30,+0.05,223270,2528171,122
2023-11-28,TPEx,5489,彩富,34.70,35.00,34.45,34.80,-0.05,54000,1869650,33
2023-11-28,TPEx,5490,同亨,22.50,22.65,22.50,22.55,+0.05,13260,299779,71
2023-11-28,TPEx,5493,三聯,51.60,52.80,51.60,52.00,+0.10,29511,1534583,31
2023-11-28,TPEx,5498,凱崴,10.70,10.70,10.65,10.70,+0.05,205367,2190167,141
2023-11-28,TPEx,5508,永信建,92.00,92.60,91.20,92.50,+0.80,366337,33676075,308
2023-11-28,TPEx,5511,德昌,70.80,71.00,70.30,70.30,-0.20,97452,6880519,112
2023-11-28,TPEx,5512,力麒,9.73,9.84,9.73,9.80,+0.07,2271407,22247674,919
2023-11-28,TPEx,5514,三豐,20.05,20.05,20.00,20.05,+0.05,12124,242747,12
2023-11-28,TPEx,5516,雙喜,19.40,19.70,19.40,19.55,+0.10,65165,1275467,52
2023-11-28,TPEx,5520,力泰,69.10,72.00,69.10,69.20,+0.20,8735,607691,34
2023-11-28,TPEx,5523,豐謙,26.20,26.60,26.15,26.15,+0.25,112357,2958397,107
2023-11-28,TPEx,5529,鉅陞,19.50,19.65,19.50,19.60,0.00,86919,1702133,84
2023-11-28,TPEx,5530,龍巖,38.00,38.15,37.90,38.15,+0.05,91368,3475479,90
2023-11-28,TPEx,5536,聖暉*,174.00,176.00,173.50,176.00,+2.00,184918,32312179,330
2023-11-28,TPEx,5543,桓鼎-KY,40.80,41.00,40.80,40.80,0.00,4232,172842,6
2023-11-28,TPEx,5601,台聯櫃,33.90,33.90,33.85,33.85,-0.15,8000,271100,5
2023-11-28,TPEx,5603,陸海,21.10,22.30,21.05,21.80,+0.75,1215755,26514652,461
2023-11-28,TPEx,5604,中連,45.00,45.30,44.90,44.90,-0.10,21293,960866,20
2023-11-28,TPEx,5609,中菲行,78.90,79.70,78.90,79.50,+0.70,127400,10115391,177
2023-11-28,TPEx,5701,劍湖山,6.97,6.97,6.91,6.97,0.00,34608,240581,47
2023-11-28,TPEx,5703,亞都,25.30,25.55,25.10,25.40,+0.40,66289,1679352,69
2023-11-28,TPEx,5704,老爺知,49.20,50.60,49.20,50.40,+1.00,149907,7516321,201
2023-11-28,TPEx,5864,致和證,16.00,16.35,16.00,16.30,+0.30,835930,13501881,367
2023-11-28,TPEx,5878,台名,47.80,47.80,47.80,47.80,-0.20,1125,53800,5
2023-11-28,TPEx,5902,德記,34.80,35.45,34.80,35.35,+0.55,32852,1152897,39
2023-11-28,TPEx,5903,全家,189.50,190.50,188.50,190.50,+0.50,188255,35630869,870
2023-11-28,TPEx,5904,寶雅,522.00,528.00,516.00,524.00,+2.00,190777,99915658,465
2023-11-28,TPEx,5905,南仁湖,13.05,13.20,13.00,13.00,-0.05,451226,5898667,142
2023-11-28,TPEx,6015,宏遠證,10.60,10.75,10.55,10.70,+0.15,593952,6320406,256
2023-11-28,TPEx,6016,康和證,12.70,12.90,12.70,12.90,+0.20,832505,10674953,242
2023-11-28,TPEx,6020,大展證,18.80,18.80,18.65,18.80,+0.10,14000,261750,6
2023-11-28,TPEx,6021,美好證,14.80,14.80,14.80,14.80,+0.10,8100,119870,5
2023-11-28,TPEx,6023,元大期,60.00,60.20,59.60,59.90,-0.10,116392,6963070,118
2023-11-28,TPEx,6026,福邦證,12.40,12.55,12.40,12.50,+0.10,656735,8206647,268
2023-11-28,TPEx,6101,寬魚國際,41.30,41.50,41.00,41.35,+0.25,192353,7930526,158
2023-11-28,TPEx,6103,合邦,35.10,37.35,35.10,35.10,-3.90,10197,360164,15
2023-11-28,TPEx,6104,創惟,126.50,133.00,124.50,132.50,+6.00,8244877,1069421180,6215
2023-11-28,TPEx,6109,亞元,14.30,14.40,14.30,14.40,+0.10,111500,1599499,66
2023-11-28,TPEx,6111,大宇資,71.70,77.30,71.70,74.20,+2.50,5663102,424322779,4804
2023-11-28,TPEx,6113,亞矽,15.85,15.90,15.70,15.80,+0.10,212779,3362919,151
2023-11-28,TPEx,6114,久威,33.85,34.50,33.85,34.45,+0.60,158000,5403950,108
2023-11-28,TPEx,6118,建達,28.10,29.35,28.10,29.20,+1.15,913502,26460918,641
2023-11-28,TPEx,6121,新普,362.50,374.00,361.00,371.00,+9.50,1465200,540949663,1796
2023-11-28,TPEx,6122,擎邦,69.50,73.50,69.50,73.50,+4.30,2804007,201645652,2029
2023-11-28,TPEx,6123,上奇,67.40,68.10,67.40,67.90,+0.30,36030,2445202,36
2023-11-28,TPEx,6124,業強,29.85,30.00,29.85,29.85,+0.05,26151,782855,112
2023-11-28,TPEx,6125,廣運,61.70,63.00,61.30,62.00,+0.50,5128122,318008871,3329
2023-11-28,TPEx,6126,信音,26.65,27.65,26.65,27.65,+0.85,445635,12104340,321
2023-11-28,TPEx,6127,九豪,28.90,30.00,28.85,30.00,+0.45,7320452,216140713,3501
2023-11-28,TPEx,6129,普誠,30.25,31.90,29.90,31.55,+1.25,5649187,176493060,3470
2023-11-28,TPEx,6130,上亞科技,36.00,36.60,35.30,36.45,+0.20,80161,2870794,75
2023-11-28,TPEx,6134,萬旭,19.40,19.40,19.30,19.40,+0.05,21183,409790,20
2023-11-28,TPEx,6138,茂達,199.00,202.50,196.50,202.50,+6.50,2398467,480956350,2627
2023-11-28,TPEx,6140,訊達,18.75,19.00,18.75,19.00,+0.30,118377,2227545,55
2023-11-28,TPEx,6143,振曜,87.70,91.70,87.70,91.00,+3.50,2336408,211756632,2024
2023-11-28,TPEx,6144,得利影,,,,,,0,0,0
2023-11-28,TPEx,6146,耕興,237.00,240.00,236.50,238.00,+4.00,469456,111717549,556
2023-11-28,TPEx,6147,頎邦,70.20,71.30,70.10,71.00,+0.90,3832272,271345905,2539
2023-11-28,TPEx,6148,驊宏資,33.00,33.40,32.75,32.95,+0.10,558851,18468385,320
2023-11-28,TPEx,6150,撼訊,88.10,91.00,88.10,91.00,+3.00,778308,69966660,751
2023-11-28,TPEx,6151,晉倫,26.20,26.35,26.20,26.25,+0.05,36285,953308,36
2023-11-28,TPEx,6154,順發,15.60,15.65,15.60,15.60,-0.05,22735,354847,30
2023-11-28,TPEx,6156,松上,25.20,25.40,25.00,25.25,+0.25,1056227,26649574,527
2023-11-28,TPEx,6158,禾昌,34.25,35.35,34.25,34.40,+0.15,1040862,36164743,547
2023-11-28,TPEx,6160,欣技,24.80,25.60,24.80,25.40,+0.75,522851,13255723,345
2023-11-28,TPEx,6161,捷波,41.00,42.25,40.85,42.25,+1.25,1002023,41695236,709
2023-11-28,TPEx,6163,華電網,17.85,18.35,17.85,18.15,+0.40,450541,8203824,301
2023-11-28,TPEx,6167,久正,16.30,16.40,16.20,16.30,+0.15,368045,5996282,165
2023-11-28,TPEx,6169,昱泉,22.30,23.70,22.30,22.90,+0.70,179718,4137981,168
2023-11-28,TPEx,6170,統振,53.60,54.30,53.60,53.80,+0.20,206981,11153552,195
2023-11-28,TPEx,6171,大城地產,23.70,23.95,23.70,23.80,0.00,89466,2134795,52
2023-11-28,TPEx,6173,信昌電,49.10,52.70,49.10,52.50,+3.50,7612779,391287501,5401
2023-11-28,TPEx,6174,安碁,24.10,24.10,23.80,23.90,-0.25,59056,1414501,38
2023-11-28,TPEx,6175,立敦,35.75,37.25,35.75,37.00,+1.25,416638,15322457,290
2023-11-28,TPEx,6179,亞通,29.40,29.45,29.00,29.05,-0.35,377525,11013554,265
2023-11-28,TPEx,6180,橘子,70.90,73.40,70.90,71.50,+0.80,986556,71180265,934
2023-11-28,TPEx,6182,合晶,43.85,45.00,43.60,44.85,+1.00,4137797,184124891,2635
2023-11-28,TPEx,6185,幃翔,16.75,17.05,16.75,17.05,+0.45,369150,6253261,242
2023-11-28,TPEx,6186,新潤,57.20,58.90,57.20,58.50,+1.40,1013699,59201598,683
2023-11-28,TPEx,6187,萬潤,130.00,133.00,129.50,133.00,+3.50,1589011,209558177,1389
2023-11-28,TPEx,6188,廣明,76.20,77.30,76.20,76.40,+0.20,1425358,109406434,1026
2023-11-28,TPEx,6190,萬泰科,30.00,30.90,30.00,30.75,+0.75,649724,19892732,352
2023-11-28,TPEx,6194,育富,35.00,35.40,35.00,35.30,+0.30,204220,7202055,185
2023-11-28,TPEx,6195,詩肯,41.45,41.60,41.45,41.50,+0.05,39068,1622390,70
2023-11-28,TPEx,6198,瑞築,27.20,27.50,27.10,27.40,+0.05,59248,1619234,59
2023-11-28,TPEx,6199,天品,19.80,19.80,19.60,19.60,+0.20,12005,235697,7
2023-11-28,TPEx,6203,海韻電,92.10,92.90,92.10,92.40,+0.30,192558,17793404,199
2023-11-28,TPEx,6204,艾華,109.50,119.50,107.00,113.50,+4.50,6254547,704545759,5102
2023-11-28,TPEx,6207,雷科,30.80,30.80,30.40,30.55,+0.05,113205,3452016,118
2023-11-28,TPEx,6208,日揚,48.45,48.50,48.30,48.30,+0.30,93611,4532207,78
2023-11-28,TPEx,6210,慶生,29.95,30.05,29.95,30.00,+0.05,9378,281380,14
2023-11-28,TPEx,6212,理銘,52.30,53.40,52.30,53.40,+0.20,2000,105700,2
2023-11-28,TPEx,6217,中探針,41.50,42.35,41.50,42.10,+0.40,327940,13775346,300
2023-11-28,TPEx,6218,豪勉,23.00,23.90,23.00,23.75,+0.75,145300,3422708,127
2023-11-28,TPEx,6219,富旺,22.30,22.95,22.10,22.30,+0.10,763357,17122273,386
2023-11-28,TPEx,6220,岳豐,26.15,26.20,26.00,26.00,0.00,231883,6038474,171
2023-11-28,TPEx,6221,晉泰,63.70,63.90,63.70,63.80,+0.10,7929,505553,40
2023-11-28,TPEx,6222,上揚,26.20,26.20,23.50,25.00,-1.00,262050,6507639,204
2023-11-28,TPEx,6223,旺矽,210.00,215.50,210.00,215.00,+6.50,1492060,319348616,1469
2023-11-28,TPEx,6227,茂綸,41.00,41.40,40.90,41.40,+0.45,53403,2191451,58
2023-11-28,TPEx,6228,全譜,24.85,26.70,24.85,25.40,+0.60,43793,1127318,60
2023-11-28,TPEx,6229,研通,27.55,28.50,27.40,28.05,+0.40,132026,3681028,95
2023-11-28,TPEx,6231,系微,167.50,174.50,167.50,170.00,+2.00,1627778,278782533,1204
2023-11-28,TPEx,6233,旺玖,30.55,31.50,30.00,31.50,+0.85,2564653,79798554,1670
2023-11-28,TPEx,6234,高僑,29.10,29.35,29.00,29.00,-0.10,169630,4937664,143
2023-11-28,TPEx,6236,中湛,32.00,34.00,32.00,33.90,+2.90,21203,691311,13
2023-11-28,TPEx,6237,驊訊,57.70,62.00,57.40,60.40,+3.30,13696549,825578693,10407
2023-11-28,TPEx,6240,松崗,20.10,20.10,19.70,19.70,-0.10,18940,373433,15
2023-11-28,TPEx,6241,易通展,12.20,12.20,11.85,11.90,0.00,50010,599474,36
2023-11-28,TPEx,6242,立康,57.40,57.40,56.70,57.40,0.00,25774,1469072,47
2023-11-28,TPEx,6244,茂迪,28.60,28.60,28.20,28.25,-0.05,1266255,35899747,841
2023-11-28,TPEx,6245,立端,108.00,117.00,108.00,115.50,+8.50,9881089,1118879980,6981
2023-11-28,TPEx,6246,臺龍,13.40,13.70,13.15,13.30,-0.10,174538,2333349,126
2023-11-28,TPEx,6248,沛波,27.05,27.05,26.65,26.80,-0.10,508229,13644521,236
2023-11-28,TPEx,6259,百徽,19.30,19.30,19.30,19.30,0.00,8248,159570,6
2023-11-28,TPEx,6261,久元,59.60,60.20,59.60,60.00,+0.50,111256,6673152,121
2023-11-28,TPEx,6263,普萊德,127.50,128.50,127.00,127.50,+0.50,48485,6187425,87
2023-11-28,TPEx,6264,富裔,7.02,7.15,7.00,7.15,-0.01,61300,432140,25
2023-11-28,TPEx,6265,方土昶,9.99,10.05,9.99,9.99,0.00,60325,603875,187
2023-11-28,TPEx,6266,泰詠,32.25,32.65,32.25,32.40,+0.10,195843,6345508,187
2023-11-28,TPEx,6270,倍微,23.45,24.10,23.45,24.00,+0.40,359720,8621413,223
2023-11-28,TPEx,6274,台燿,116.50,122.00,115.00,122.00,+6.00,11415496,1354461545,7380
2023-11-28,TPEx,6275,元山,44.70,45.15,44.55,45.00,+0.55,465648,20899456,368
2023-11-28,TPEx,6276,安鈦克,55.40,60.70,55.40,60.70,+5.50,6184458,363255804,4085
2023-11-28,TPEx,6279,胡連,160.00,160.50,159.00,160.50,+2.00,475207,76021862,523
2023-11-28,TPEx,6284,佳邦,83.40,86.50,83.10,85.40,+2.70,5767547,489562952,4054
2023-11-28,TPEx,6287,元隆,13.30,13.45,13.30,13.45,0.00,2881,37935,4
2023-11-28,TPEx,6290,良維,61.30,62.20,61.30,61.90,+1.00,1069211,66212956,862
2023-11-28,TPEx,6291,沛亨,241.00,247.50,238.00,240.00,-1.50,122763,29832865,224
2023-11-28,TPEx,6292,迅德,59.10,60.70,59.10,60.50,+1.40,203183,12229643,213
2023-11-28,TPEx,6294,智基,114.00,114.00,113.50,114.00,+1.00,10788,1228275,40
2023-11-28,TPEx,6411,晶焱,122.50,126.50,122.50,126.00,+3.50,1137739,142102971,1038
2023-11-28,TPEx,6417,韋僑,101.50,105.50,101.50,104.00,+3.00,167338,17374996,186
2023-11-28,TPEx,6418,詠昇,26.00,26.35,25.90,26.20,+0.35,336490,8792710,205
2023-11-28,TPEx,6419,京晨科,47.85,48.50,47.70,48.35,+0.65,73424,3533674,84
2023-11-28,TPEx,6425,易發,21.00,21.15,20.80,21.15,+0.15,39060,821683,22
2023-11-28,TPEx,6432,今展科,37.40,37.75,37.00,37.45,+0.60,53387,2000870,60
2023-11-28,TPEx,6435,大中,101.50,105.00,101.50,104.50,+3.00,597633,62141361,565
2023-11-28,TPEx,6441,廣錠,51.80,52.50,51.50,51.60,-0.10,62302,3226146,140
2023-11-28,TPEx,6446,藥華藥,368.50,371.50,363.00,366.00,+4.00,1655882,607255992,1808
2023-11-28,TPEx,6457,紘康,59.00,61.00,58.20,59.90,+1.20,449456,26935699,436
2023-11-28,TPEx,6461,益得,28.55,29.00,27.60,27.70,-0.80,512700,14356911,373
2023-11-28,TPEx,6462,神盾,103.00,109.50,103.00,108.00,+6.50,8303953,886513002,6026
2023-11-28,TPEx,6465,威潤,18.50,18.60,18.20,18.25,-0.15,18557,340587,27
2023-11-28,TPEx,6469,大樹,350.00,352.50,346.50,347.50,-1.50,373628,130396168,1026
2023-11-28,TPEx,6470,宇智,66.70,67.90,66.70,67.80,+1.20,237059,15964469,215
2023-11-28,TPEx,6472,保瑞,647.00,648.00,637.00,644.00,0.00,1619038,1039031636,5164
2023-11-28,TPEx,6482,弘煜科,48.00,52.70,48.00,52.70,+4.75,125054,6368414,120
2023-11-28,TPEx,6485,點序,105.50,112.00,105.00,111.50,+6.50,3891629,424434424,2703
2023-11-28,TPEx,6486,互動,70.90,71.00,70.80,70.90,+0.10,36351,2577534,77
2023-11-28,TPEx,6488,環球晶,541.00,582.00,540.00,580.00,+43.00,5721725,3244473720,8386
2023-11-28,TPEx,6492,生華科,55.50,56.20,54.60,55.00,-0.20,602122,33144834,657
2023-11-28,TPEx,6494,九齊,80.90,88.80,80.30,88.80,+8.00,3581296,306564656,2897
2023-11-28,TPEx,6496,科懋,28.35,28.50,28.30,28.35,0.00,17062,484048,86
2023-11-28,TPEx,6499,益安,46.00,46.60,45.85,45.90,+0.05,38446,1775113,67
2023-11-28,TPEx,6506,雙邦,17.35,17.35,17.35,17.35,0.00,77001,1335967,4
2023-11-28,TPEx,6508,惠光,34.10,34.20,34.05,34.15,+0.05,54202,1851056,109
2023-11-28,TPEx,6509,聚和,39.05,39.30,38.70,39.20,-0.20,750662,29259362,619
2023-11-28,TPEx,6510,精測,590.00,591.00,581.00,586.00,+3.00,382047,223338100,883
2023-11-28,TPEx,6512,啟發電,20.00,20.00,19.10,19.55,-0.60,61694,1212622,363
2023-11-28,TPEx,6514,芮特-KY,51.40,52.30,51.40,52.10,+0.80,16015,828387,16
2023-11-28,TPEx,6516,勤崴國際,82.30,83.00,82.20,82.80,+1.60,25990,2152433,69
2023-11-28,TPEx,6517,保勝光學,94.10,97.80,93.20,97.80,+2.90,1753214,167344868,1579
2023-11-28,TPEx,6523,達爾膚,162.50,163.00,158.50,160.00,0.00,626346,100732707,958
2023-11-28,TPEx,6527,明達醫,88.00,88.00,86.90,87.50,-0.40,38660,3380111,169
2023-11-28,TPEx,6530,創威,50.30,53.90,49.70,52.80,+3.60,4989553,260475593,3656
2023-11-28,TPEx,6532,瑞耘,67.00,68.50,66.90,68.10,+1.30,479060,32616599,367
2023-11-28,TPEx,6535,順藥,64.10,64.40,63.10,64.20,+0.10,630075,40161572,400
2023-11-28,TPEx,6538,倉和,149.00,161.00,148.00,159.00,+10.00,1924890,303162054,1592
2023-11-28,TPEx,6542,隆中,53.80,53.90,53.50,53.90,+0.40,5000,268400,5
2023-11-28,TPEx,6546,正基,91.00,92.00,91.00,91.30,-0.10,644515,58962948,478
2023-11-28,TPEx,6547,高端疫苗,70.50,70.80,69.60,70.70,+0.90,1702781,119646457,1289
2023-11-28,TPEx,6548,長科*,33.50,33.65,33.35,33.35,0.00,493083,16505693,379
2023-11-28,TPEx,6556,勝品,87.80,88.00,87.40,88.00,+0.20,32467,2852857,33
2023-11-28,TPEx,6560,欣普羅,31.80,32.30,31.30,32.10,+0.25,33180,1051502,56
2023-11-28,TPEx,6561,是方,321.50,324.50,321.50,322.00,+0.50,117676,37924890,441
2023-11-28,TPEx,6568,宏觀,163.50,168.50,163.50,168.50,+6.50,147257,24461522,174
2023-11-28,TPEx,6569,醫揚,197.50,197.50,190.50,190.50,-5.00,255854,49182189,297
2023-11-28,TPEx,6570,維田,52.10,52.60,52.10,52.40,+0.20,29403,1538821,58
2023-11-28,TPEx,6574,霈方,50.10,50.20,50.10,50.20,+0.25,3055,153205,4
2023-11-28,TPEx,6576,逸達,89.00,89.40,88.00,88.60,-0.20,183458,16231488,222
2023-11-28,TPEx,6577,勁豐,101.50,104.50,101.00,104.00,+4.00,221008,22798348,230
2023-11-28,TPEx,6578,達邦蛋白,21.55,22.00,21.40,21.85,+0.55,2557702,55469958,1362
2023-11-28,TPEx,6584,南俊國際,81.80,83.70,81.80,83.00,+2.80,357592,29573084,213
2023-11-28,TPEx,6588,東典光電,29.35,29.40,28.80,29.20,0.00,39019,1131914,47
2023-11-28,TPEx,6589,台康生技,108.50,109.50,104.00,104.50,-2.00,3452700,368942051,2886
2023-11-28,TPEx,6590,普鴻,87.80,88.00,87.40,88.00,+0.10,24064,2110851,30
2023-11-28,TPEx,6593,台灣銘板,138.50,146.50,138.00,145.00,+7.00,1527663,219009541,1363
2023-11-28,TPEx,6596,寬宏藝術,51.20,52.10,51.20,51.90,+0.50,55039,2851320,52
2023-11-28,TPEx,6603,富強鑫,16.50,16.70,16.50,16.70,+0.20,282700,4689808,183
2023-11-28,TPEx,6609,瀧澤科,31.85,31.85,31.75,31.75,0.00,31132,990127,25
2023-11-28,TPEx,6612,奈米醫材,132.50,133.00,130.00,132.00,-0.50,107287,14086612,177
2023-11-28,TPEx,6613,朋億*,130.50,131.50,130.50,131.00,+1.00,109996,14410790,164
2023-11-28,TPEx,6615,慧智,40.10,40.10,39.90,39.95,0.00,21000,839250,20
2023-11-28,TPEx,6616,特昇-KY,12.80,12.80,12.70,12.75,-0.05,49312,629053,35
2023-11-28,TPEx,6624,萬年清,44.95,45.00,44.95,45.00,+0.05,8177,367855,7
2023-11-28,TPEx,6629,泰金-KY,52.90,52.90,52.90,52.90,+0.80,1065,56289,6
2023-11-28,TPEx,6640,均華,140.50,150.00,139.50,150.00,+12.00,209828,30250650,408
2023-11-28,TPEx,6642,富致,47.50,47.95,47.00,47.30,+0.50,13312,629811,21
2023-11-28,TPEx,6643,M31,954.00,1000.00,954.00,1000.00,+51.00,551667,544496039,792
2023-11-28,TPEx,6649,台生材,32.20,32.20,32.00,32.00,-0.10,30989,993761,40
2023-11-28,TPEx,6651,全宇昕,79.90,84.00,79.90,83.30,+3.30,297215,24642667,272
2023-11-28,TPEx,6654,天正國際,44.50,44.55,43.20,43.20,-0.80,15104,665186,25
2023-11-28,TPEx,6661,威健生技,23.55,23.55,22.55,23.05,-0.60,55044,1272564,50
2023-11-28,TPEx,6662,樂斯科,32.20,32.20,32.20,32.20,+0.20,1096,35272,2
2023-11-28,TPEx,6664,群翊,164.50,166.50,163.50,165.00,+1.50,235241,38821969,275
2023-11-28,TPEx,6667,信紘科,85.10,89.00,85.00,87.40,+1.70,1779963,155045899,1534
2023-11-28,TPEx,6679,鈺太,381.50,384.00,376.50,381.50,+3.50,309147,117500919,328
2023-11-28,TPEx,6680,鑫創電子,85.00,87.00,84.50,87.00,+2.00,5967,511645,21
2023-11-28,TPEx,6683,雍智科技,242.00,242.00,239.50,240.50,0.00,123480,29772749,433
2023-11-28,TPEx,6684,安格,68.70,74.30,68.70,71.30,+3.30,5180613,373837950,4473
2023-11-28,TPEx,6690,安碁資訊,171.00,172.00,170.00,171.00,+0.50,52146,8934838,86
2023-11-28,TPEx,6693,廣閎科,68.10,74.50,68.00,73.20,+5.20,239674,17184250,182
2023-11-28,TPEx,6697,東捷資訊,49.70,50.30,49.70,50.00,-0.10,27060,1354448,24
2023-11-28,TPEx,6703,軒郁,297.50,298.50,287.50,289.50,-6.50,552580,161286623,1632
2023-11-28,TPEx,6708,天擎,55.70,59.60,53.90,59.00,+3.30,421112,24244315,384
2023-11-28,TPEx,6712,長聖,197.50,197.50,195.50,197.00,0.00,345835,67913043,677
2023-11-28,TPEx,6716,應廣,153.00,153.00,139.50,147.00,+7.50,543394,80376329,707
2023-11-28,TPEx,6721,信實,,,,,,0,0,0
2023-11-28,TPEx,6727,亞泰金屬,59.00,59.30,58.90,59.20,+0.20,19413,1146073,32
2023-11-28,TPEx,6728,上洋,131.50,131.50,131.50,131.50,+1.00,1572,206385,25
2023-11-28,TPEx,6732,昇佳電子,468.50,474.00,448.00,460.50,-5.00,2003920,917333007,2748
2023-11-28,TPEx,6733,博晟生醫,35.05,35.20,34.80,35.00,-0.05,129135,4507025,139
2023-11-28,TPEx,6735,美達科技,52.00,52.30,51.90,52.00,0.00,24460,1273138,39
2023-11-28,TPEx,6741,91APP*-KY,108.00,110.00,108.00,109.00,+2.00,448952,48885054,400
2023-11-28,TPEx,6747,亨泰光,190.00,190.00,190.00,190.00,-1.00,1539,292982,25
2023-11-28,TPEx,6751,智聯服務,84.00,84.00,81.50,82.90,-1.10,56508,4641551,81
2023-11-28,TPEx,6752,叡揚,134.00,136.00,133.00,133.50,+2.00,113759,15281232,143
2023-11-28,TPEx,6761,穩得,74.00,74.50,74.00,74.40,+0.40,11262,837346,18
2023-11-28,TPEx,6762,達亞,258.00,258.50,258.00,258.00,-0.50,5000,1290500,5
2023-11-28,TPEx,6763,綠界科技,449.00,451.50,449.00,450.00,+1.00,21726,9765311,113
2023-11-28,TPEx,6767,台微醫,34.25,35.45,34.25,35.00,+0.80,42792,1499346,49
2023-11-28,TPEx,6788,華景電,128.00,132.00,128.00,131.00,+3.00,232742,30442083,209
2023-11-28,TPEx,6791,虎門科技,93.60,93.60,90.00,90.50,-3.50,87287,7935091,390
2023-11-28,TPEx,6803,崑鼎,312.00,314.00,312.00,314.00,+1.50,8619,2700162,93
2023-11-28,TPEx,6804,明係,55.90,57.20,55.90,57.00,+1.70,149909,8543511,107
2023-11-28,TPEx,6811,宏碁資訊,257.00,261.00,257.00,260.00,+1.00,74797,19431840,120
2023-11-28,TPEx,6821,聯寶,44.45,44.45,43.70,44.00,-0.30,83511,3675085,70
2023-11-28,TPEx,6823,濾能,53.10,55.00,52.50,53.60,+1.10,42339,2253358,32
2023-11-28,TPEx,6829,千附精密,104.50,106.50,104.00,106.00,+2.00,256412,26982904,277
2023-11-28,TPEx,6840,東研信超,71.10,72.20,71.10,71.20,0.00,32445,2320412,35
2023-11-28,TPEx,6841,長佳智能,102.00,102.50,99.50,100.50,-0.50,494571,49651197,584
2023-11-28,TPEx,6843,進典,59.50,60.30,59.50,60.30,+0.80,5005,299399,6
2023-11-28,TPEx,6846,綠茵,72.60,73.00,72.50,72.70,+0.20,21098,1531032,26
2023-11-28,TPEx,6855,數泓科,99.60,99.90,98.90,99.70,-0.30,36528,3629846,45
2023-11-28,TPEx,6856,鑫傳,70.00,70.10,69.50,70.00,-0.50,233150,17313687,24
2023-11-28,TPEx,6859,伯特光,118.50,121.00,118.50,120.00,+2.00,44400,5319205,40
2023-11-28,TPEx,6865,偉康科技,60.30,61.00,59.70,60.00,-0.30,10453,629830,21
2023-11-28,TPEx,6870,騰雲,151.50,153.00,145.50,151.00,-2.00,220115,33081858,538
2023-11-28,TPEx,6874,倍力,116.00,118.00,115.50,116.00,+2.00,63030,7352064,82
2023-11-28,TPEx,6877,鏵友益,36.90,37.50,36.85,37.05,-0.60,19000,705000,18
2023-11-28,TPEx,6895,宏碩系統,111.00,112.00,111.00,111.50,+1.00,26476,2948586,34
2023-11-28,TPEx,6922,宸曜,120.00,123.50,118.00,121.50,+2.50,81941,9884122,101
2023-11-28,TPEx,7402,邑錡,70.20,70.90,70.20,70.70,+0.20,37982,2685659,52
2023-11-28,TPEx,7556,意德士,117.00,117.00,110.50,114.00,+7.50,81223,9202012,221
2023-11-28,TPEx,8024,佑華,21.30,22.30,21.30,22.25,+0.80,195306,4283180,142
2023-11-28,TPEx,8027,鈦昇,67.60,68.80,67.60,68.80,+0.80,335268,22917603,579
2023-11-28,TPEx,8032,光菱,29.20,29.20,29.15,29.20,+0.30,8269,241337,19
2023-11-28,TPEx,8034,榮群,24.20,24.80,24.20,24.40,+0.35,1645742,40355555,960
2023-11-28,TPEx,8038,長園科,34.90,35.20,34.90,35.10,+0.05,70130,2460775,63
2023-11-28,TPEx,8040,九暘,48.45,49.90,48.40,49.40,+1.40,1384820,68233007,1192
2023-11-28,TPEx,8042,金山電,34.95,35.20,34.80,35.20,+0.40,61851,2167119,256
2023-11-28,TPEx,8043,蜜望實,27.95,28.40,27.90,28.05,+0.45,138652,3897659,118
2023-11-28,TPEx,8044,網家,44.00,44.60,43.80,43.80,-0.10,597904,26383442,436
2023-11-28,TPEx,8047,星雲,11.45,11.55,11.45,11.55,-0.05,10010,114814,8
2023-11-28,TPEx,8048,德勝,70.50,71.70,70.50,71.40,+0.90,364443,25917360,370
2023-11-28,TPEx,8049,晶采,38.35,38.50,38.30,38.40,+0.15,250638,9619567,168
2023-11-28,TPEx,8050,廣積,82.40,83.20,82.30,83.20,+1.10,570245,47263708,521
2023-11-28,TPEx,8054,安國,83.90,91.30,83.30,91.30,+8.30,24342224,2154243558,14126
2023-11-28,TPEx,8059,凱碩,14.25,14.60,14.20,14.30,+0.10,123201,1775294,57
2023-11-28,TPEx,8064,東捷,17.90,17.95,17.80,17.90,+0.10,227014,4049802,113
2023-11-28,TPEx,8066,來思達,29.25,29.40,29.15,29.35,0.00,28315,830580,348
2023-11-28,TPEx,8067,志旭,13.35,14.40,13.35,14.35,+1.25,77893,1094464,71
2023-11-28,TPEx,8068,全達,37.40,39.30,37.05,38.50,+1.50,2913317,111654577,1983
2023-11-28,TPEx,8069,元太,174.50,176.00,173.50,175.50,+2.00,2826754,493710529,2343
2023-11-28,TPEx,8071,能率網通,14.05,14.20,14.05,14.10,+0.10,80013,1128683,47
2023-11-28,TPEx,8074,鉅橡,19.20,19.20,19.15,19.15,0.00,47463,909639,50
2023-11-28,TPEx,8076,伍豐,30.80,31.15,30.80,31.10,+0.35,385320,11959159,312
2023-11-28,TPEx,8077,洛碁,48.80,51.50,48.80,51.00,+2.20,17023,855863,19
2023-11-28,TPEx,8083,瑞穎,151.00,151.00,149.50,150.00,-1.00,58159,8744207,59
2023-11-28,TPEx,8084,巨虹,88.00,90.50,88.00,90.10,+2.20,144992,12949169,126
2023-11-28,TPEx,8085,福華,40.60,41.30,40.50,40.70,-0.05,322254,13164432,207
2023-11-28,TPEx,8086,宏捷科,125.50,128.50,123.00,127.50,+2.00,13162435,1662821266,8240
2023-11-28,TPEx,8087,華鎂鑫,48.35,48.35,47.90,48.25,-0.10,73512,3531726,79
2023-11-28,TPEx,8088,品安,39.00,39.95,38.95,39.80,+0.75,1577396,62318998,968
2023-11-28,TPEx,8089,康全電訊,37.40,38.80,37.25,38.80,+1.60,1514725,58153831,986
2023-11-28,TPEx,8091,翔名,89.30,90.40,89.30,90.30,+1.00,60365,5424923,71
2023-11-28,TPEx,8092,建暐,11.40,11.50,11.35,11.50,+0.10,26112,299077,19
2023-11-28,TPEx,8093,保銳,17.15,17.50,17.05,17.30,0.00,132550,2292546,85
2023-11-28,TPEx,8096,擎亞,10.70,10.80,10.70,10.70,0.00,558194,5987068,335
2023-11-28,TPEx,8097,常珵,55.10,56.80,54.90,56.30,+1.40,612537,34238646,444
2023-11-28,TPEx,8099,大世科,53.80,54.40,52.70,53.20,+0.30,34072,1824907,28
2023-11-28,TPEx,8107,大億金茂,16.35,16.35,16.30,16.35,0.00,19270,314563,26
2023-11-28,TPEx,8109,博大,98.00,98.50,98.00,98.40,+0.70,52274,5139303,60
2023-11-28,TPEx,8111,立碁,19.20,19.40,18.95,19.15,+0.05,196026,3742196,159
2023-11-28,TPEx,8121,越峰,25.20,25.35,25.05,25.20,-0.30,317364,7977914,323
2023-11-28,TPEx,8147,正淩,73.00,73.60,72.00,73.10,+1.00,54330,3953195,42
2023-11-28,TPEx,8155,博智,132.50,135.50,132.50,134.50,+3.00,264002,35445248,258
2023-11-28,TPEx,8171,天宇,41.50,41.50,40.50,40.95,-0.05,112655,4610832,129
2023-11-28,TPEx,8176,智捷,14.70,14.70,14.35,14.50,+0.10,536204,7759109,281
2023-11-28,TPEx,8182,加高,31.65,31.70,31.30,31.65,+0.15,160408,5045681,69
2023-11-28,TPEx,8183,精星,53.80,55.70,53.70,55.30,+1.70,1735280,95281507,1258
2023-11-28,TPEx,8227,巨有科技,255.00,262.00,254.50,262.00,+10.00,497750,128674750,470
2023-11-28,TPEx,8234,新漢,46.80,46.85,46.20,46.70,+0.65,251808,11732179,226
2023-11-28,TPEx,8240,華宏,34.50,34.95,34.45,34.70,+0.25,121440,4211712,109
2023-11-28,TPEx,8255,朋程,168.00,172.00,168.00,171.00,+3.00,444653,75866826,408
2023-11-28,TPEx,8277,商丞,11.90,11.95,11.85,11.95,+0.10,130308,1552415,86
2023-11-28,TPEx,8279,生展,155.00,155.00,155.00,155.00,-0.50,3100,481675,6
2023-11-28,TPEx,8284,三竹,60.70,61.30,60.70,61.10,-0.20,8261,504691,14
2023-11-28,TPEx,8289,泰藝,34.80,34.90,34.45,34.55,+0.35,199787,6919853,171
2023-11-28,TPEx,8291,尚茂,,,,,,19979,113255,39
2023-11-28,TPEx,8299,群聯,460.00,480.00,460.00,479.50,+20.50,2286603,1084305275,2950
2023-11-28,TPEx,8342,益張,61.10,62.40,61.10,61.70,-0.80,4021,247620,6
2023-11-28,TPEx,8349,恒耀,58.90,59.20,58.80,58.80,-0.10,89635,5287489,96
2023-11-28,TPEx,8349A,恒耀甲特,41.70,41.70,41.40,41.40,-0.25,42226,1756682,20
2023-11-28,TPEx,8354,冠好,14.40,14.45,14.25,14.40,0.00,103564,1486258,147
2023-11-28,TPEx,8358,金居,60.10,61.40,59.90,61.40,+1.40,2695043,164194122,1975
2023-11-28,TPEx,8383,千附,38.25,38.40,38.20,38.35,+0.10,154907,5933993,145
2023-11-28,TPEx,8390,金益鼎,50.00,50.40,49.80,50.00,+0.30,330555,16514144,370
2023-11-28,TPEx,8401,白紗科,21.80,21.95,21.70,21.75,-0.05,121649,2647486,91
2023-11-28,TPEx,8403,盛弘,33.70,33.70,33.00,33.15,-0.15,369799,12282577,578
2023-11-28,TPEx,8409,商之器,27.20,27.20,26.20,26.30,-0.70,184045,4891883,214
2023-11-28,TPEx,8410,森田,54.20,54.50,54.00,54.30,-0.10,42182,2289443,37
2023-11-28,TPEx,8415,大國鋼,34.30,34.50,34.20,34.35,+0.30,157430,5410450,128
2023-11-28,TPEx,8416,實威,138.00,140.00,138.00,139.50,+0.50,3061,426000,10
2023-11-28,TPEx,8418,捷必勝-KY,8.92,8.95,8.91,8.95,+0.04,67202,599148,15
2023-11-28,TPEx,8420,明揚,56.50,56.80,56.50,56.70,+0.20,60236,3413413,56
2023-11-28,TPEx,8421,旭源,12.80,12.85,12.80,12.85,+0.10,53061,679664,43
2023-11-28,TPEx,8423,保綠-KY,21.50,21.95,21.50,21.95,+0.55,3684,80008,10
2023-11-28,TPEx,8424,惠普,66.50,66.50,66.30,66.30,-0.50,19272,1279679,24
2023-11-28,TPEx,8426,紅木-KY,68.60,69.50,66.90,67.00,-0.90,468308,31699843,625
2023-11-28,TPEx,8431,匯鑽科,55.20,56.50,54.80,56.50,+1.70,415005,23155584,296
2023-11-28,TPEx,8432,東生華,51.50,51.50,50.30,50.80,-0.40,206911,10496289,199
2023-11-28,TPEx,8433,弘帆,87.00,87.70,86.80,86.90,-0.10,168529,14703031,279
2023-11-28,TPEx,8435,鉅邁,62.70,62.90,62.70,62.90,+0.50,31777,1994233,76
2023-11-28,TPEx,8436,大江,174.00,180.00,174.00,176.00,+2.50,793854,140274269,760
2023-11-28,TPEx,8437,大地-KY,48.45,48.90,48.45,48.45,0.00,69626,3378076,103
2023-11-28,TPEx,8440,綠電,34.75,34.80,34.60,34.80,+0.25,26482,917971,76
2023-11-28,TPEx,8444,綠河-KY,34.15,35.50,34.15,34.40,+0.40,50122,1739396,74
2023-11-28,TPEx,8446,華研,104.00,105.00,104.00,105.00,+1.00,159013,16575502,190
2023-11-28,TPEx,8450,霹靂,23.70,24.35,23.70,23.80,+0.20,66012,1586843,93
2023-11-28,TPEx,8455,大拓-KY,21.00,21.70,21.00,21.70,+0.65,3590,75950,65
2023-11-28,TPEx,8472,夠麻吉,29.60,29.60,29.50,29.50,+0.15,3000,88700,3
2023-11-28,TPEx,8477,創業家,15.50,15.50,15.10,15.45,+0.05,35087,535536,31
2023-11-28,TPEx,8489,三貝德,25.80,25.90,25.60,25.60,-0.20,46692,1202780,42
2023-11-28,TPEx,8905,裕國,30.20,30.30,30.10,30.30,+0.25,46423,1401542,44
2023-11-28,TPEx,8906,花王,16.80,16.80,16.65,16.65,-0.20,65156,1089684,41
2023-11-28,TPEx,8908,欣雄,60.30,60.40,60.30,60.40,+0.10,61676,3721265,95
2023-11-28,TPEx,8916,光隆,53.50,54.00,53.40,53.50,+0.20,235311,12632783,216
2023-11-28,TPEx,8917,欣泰,67.80,67.90,66.20,66.70,-0.20,45103,3019087,37
2023-11-28,TPEx,8921,沈氏,,,,,,0,0,0
2023-11-28,TPEx,8923,時報,19.70,19.70,19.65,19.70,-0.15,4001,78717,7
2023-11-28,TPEx,8924,大田,86.50,87.00,86.30,86.90,+0.40,116463,10096941,113
2023-11-28,TPEx,8927,北基,55.40,55.70,54.70,54.90,-0.10,700407,38521486,584
2023-11-28,TPEx,8928,鉅明,31.75,31.90,31.60,31.85,+0.15,26409,839976,31
2023-11-28,TPEx,8929,富堡,20.40,20.55,20.25,20.25,-0.15,35775,728587,247
2023-11-28,TPEx,8930,青鋼,32.85,33.25,32.85,33.05,+0.15,375115,12399986,275
2023-11-28,TPEx,8931,大汽電,49.30,49.85,49.25,49.25,-0.30,103211,5106512,114
2023-11-28,TPEx,8932,智通,97.10,101.50,97.10,100.50,+3.10,620189,61883957,325
2023-11-28,TPEx,8933,愛地雅,9.75,9.88,9.75,9.84,+0.09,300150,2944193,304
2023-11-28,TPEx,8935,邦泰,10.90,11.00,10.80,10.95,0.00,36261,394973,35
2023-11-28,TPEx,8936,國統,43.35,46.40,43.35,46.30,+3.00,17479368,789418568,9398
2023-11-28,TPEx,8937,合騏,21.50,21.65,21.45,21.65,+0.10,24210,521923,30
2023-11-28,TPEx,8938,明安,70.30,71.50,70.20,71.30,+1.20,414206,29439843,403
2023-11-28,TPEx,8941,關中,,,,,,0,0,0
2023-11-28,TPEx,8942,森鉅,74.90,74.90,74.30,74.60,+0.20,243504,18155170,245
2023-11-28,TPEx,9949,琉園,15.00,15.20,14.95,15.15,0.00,66327,998393,83
2023-11-28,TPEx,9950,萬國通,26.20,27.05,26.10,26.60,+0.25,1495393,39846470,792
2023-11-28,TPEx,9951,皇田,76.50,77.20,76.50,76.80,+0.40,67703,5206440,66
2023-11-28,TPEx,9960,邁達康,27.10,27.10,26.90,27.05,+0.05,73029,1966733,19
2023-11-28,TPEx,9962,有益,17.80,17.95,17.80,17.95,+0.20,121712,2175508,121
