date,market,code,name,open,high,low,close,change,volume,value,transactions
2026-05-28,TWSE,00400A,主動國泰動能高息,15.00,15.13,14.28,14.40,-0.52,95941779,1406295250,18067
2026-05-28,TWSE,00401A,主動摩根台灣鑫收,13.80,13.91,13.34,13.40,-0.36,13227451,179783792,2018
2026-05-28,TWSE,00403A,主動統一升級50,10.87,10.89,10.40,10.47,-0.31,808934322,8586486861,170385
2026-05-28,TWSE,0050,元大台灣50,104.00,104.25,100.10,100.50,-2.05,152915695,15600509184,207536
2026-05-28,TWSE,0051,元大中型100,141.10,141.85,136.60,137.60,-3.50,169836,23656587,1095
2026-05-28,TWSE,0052,富邦科技,61.25,61.55,59.00,59.40,-1.05,48065607,2899154493,33571
2026-05-28,TWSE,0053,元大電子,242.00,242.65,233.00,233.85,-4.95,29832,7077131,269
2026-05-28,TWSE,0055,元大MSCI金融,34.90,35.14,34.75,34.85,-0.04,615455,21524322,551
2026-05-28,TWSE,0056,元大高股息,49.65,50.10,48.50,48.83,-0.81,62678749,3093229680,44319
2026-05-28,TWSE,0057,富邦摩台,307.50,309.35,297.55,299.60,-4.60,76322,22844882,144
2026-05-28,TWSE,0061,元大寶滬深,25.00,25.00,24.74,24.75,-0.30,225893,5604060,190
2026-05-28,TWSE,006203,元大MSCI台灣,188.25,189.70,182.75,182.75,-3.70,59782,11187798,193
2026-05-28,TWSE,006204,永豐臺灣加權,217.10,217.10,216.65,216.65,-4.70,3868,846535,115
2026-05-28,TWSE,006205,富邦上証,40.75,40.77,40.43,40.63,-0.48,1358206,55242374,314
2026-05-28,TWSE,006206,元大上證50,36.62,36.62,36.09,36.09,-0.53,60079,2181130,161
2026-05-28,TWSE,006207,復華滬深,33.29,33.38,33.10,33.35,-0.26,517565,17202227,167
2026-05-28,TWSE,006208,富邦台50,239.90,241.25,231.90,233.15,-4.45,5183837,1226217333,17430
2026-05-28,TWSE,00625K,富邦上証+R,,,,,0.00,0,0,0
2026-05-28,TWSE,00631L,元大台灣50正2,36.30,36.77,33.98,34.47,-1.26,341625355,12035512180,118752
2026-05-28,TWSE,00632R,元大台灣50反1,10.42,10.81,10.38,10.73,0.23,193495030,2049638387,18796
2026-05-28,TWSE,00633L,富邦上証正2,52.50,52.65,51.50,52.30,-0.25,2977078,154530053,496
2026-05-28,TWSE,00634R,富邦上証反1,3.04,3.07,3.04,3.07,0.02,297000,908100,14
2026-05-28,TWSE,00635U,期元大S&P黃金,46.65,46.65,45.70,45.73,-1.34,10326512,475410476,11019
2026-05-28,TWSE,00636,國泰中國A50,28.65,28.65,28.38,28.56,-0.09,420337,11962391,287
2026-05-28,TWSE,00636K,國泰中國A50+U,9.14,9.14,9.14,9.14,-0.05,200,1828,2
2026-05-28,TWSE,00637L,元大滬深300正2,21.73,21.73,21.22,21.54,-0.11,38604690,827232601,3567
2026-05-28,TWSE,00638R,元大滬深300反1,6.51,6.56,6.51,6.52,0.01,257000,1676530,29
2026-05-28,TWSE,00639,富邦深100,18.27,18.29,18.01,18.29,-0.03,1342602,24329430,334
2026-05-28,TWSE,00640L,富邦日本正2,100.20,100.20,97.65,98.80,-1.80,423210,41774470,198
2026-05-28,TWSE,00641R,富邦日本反1,3.88,3.92,3.87,3.91,0.05,1410176,5492190,91
2026-05-28,TWSE,00642U,期元大S&P石油,28.54,29.22,28.39,29.06,0.09,8508006,245697016,3270
2026-05-28,TWSE,00643,群益深証中小,20.30,20.31,20.06,20.22,-0.23,2527750,51080787,219
2026-05-28,TWSE,00643K,群益深証中小+R,,,,,0.00,0,0,0
2026-05-28,TWSE,00645,富邦日本,55.10,55.10,54.40,54.55,-0.60,199514,10909091,321
2026-05-28,TWSE,00646,元大S&P500,74.45,74.50,73.95,74.10,-0.25,2404006,178307477,4473
2026-05-28,TWSE,00647L,元大S&P500正2,135.70,135.70,133.80,134.10,-0.90,127496,17105869,134
2026-05-28,TWSE,00648R,元大S&P500反1,3.97,4.00,3.96,3.99,0.02,1165001,4633974,65
2026-05-28,TWSE,00650L,復華香港正2,16.71,16.78,15.97,16.08,-0.66,10904048,177308917,1847
2026-05-28,TWSE,00651R,復華香港反1,5.30,5.40,5.30,5.40,0.12,330270,1774005,32
2026-05-28,TWSE,00652,富邦印度,32.28,32.28,31.82,31.83,-0.50,451878,14450554,516
2026-05-28,TWSE,00653L,富邦印度正2,45.85,45.85,44.55,44.79,-1.29,320464,14431707,231
2026-05-28,TWSE,00654R,富邦印度反1,6.81,6.90,6.81,6.90,0.15,121130,829209,20
2026-05-28,TWSE,00655L,國泰中國A50正2,36.49,36.50,35.91,36.43,-0.23,1657018,60013607,325
2026-05-28,TWSE,00656R,國泰中國A50反1,5.76,5.79,5.76,5.79,0.03,228350,1318143,9
2026-05-28,TWSE,00657,國泰日經225,75.20,75.35,74.80,75.35,-1.10,15372,1153207,100
2026-05-28,TWSE,00657K,國泰日經225+U,23.89,23.89,23.89,23.89,-0.55,200,4778,2
2026-05-28,TWSE,00660,元大歐洲50,44.41,44.41,43.65,43.80,-0.46,15522,682929,113
2026-05-28,TWSE,00661,元大日經225,83.50,83.90,82.35,82.80,-1.30,232425,19272561,256
2026-05-28,TWSE,00662,富邦NASDAQ,121.20,121.25,119.95,120.20,-0.95,7448812,897929204,6882
2026-05-28,TWSE,00663L,國泰臺灣加權正2,105.65,107.40,98.75,100.60,-4.05,21795737,2224975709,9677
2026-05-28,TWSE,00664R,國泰臺灣加權反1,1.69,1.75,1.68,1.74,0.04,45479355,77644729,1364
2026-05-28,TWSE,00665L,富邦恒生國企正2,9.40,9.45,8.95,9.00,-0.43,43540259,397049929,4302
2026-05-28,TWSE,00666R,富邦恒生國企反1,9.26,9.37,9.26,9.37,0.20,29000,270590,7
2026-05-28,TWSE,00668,國泰美國道瓊,58.05,58.15,57.90,57.95,0.10,215531,12495497,128
2026-05-28,TWSE,00668K,國泰美國道瓊+U,18.51,18.51,18.51,18.51,0.07,200,3702,2
2026-05-28,TWSE,00669R,國泰美國道瓊反1,5.42,5.44,5.40,5.43,0.01,766083,4156272,78
2026-05-28,TWSE,00670L,富邦NASDAQ正2,215.55,215.55,211.05,212.00,-3.70,1057652,225213387,1895
2026-05-28,TWSE,00671R,富邦NASDAQ反1,2.40,2.43,2.39,2.43,0.04,12475751,30053587,256
2026-05-28,TWSE,00673R,期元大S&P原油反1,12.70,12.78,12.42,12.48,-0.05,37066712,468246547,2996
2026-05-28,TWSE,00674R,期元大S&P黃金反1,27.73,28.25,27.72,28.21,0.84,262215,7339393,169
2026-05-28,TWSE,00675L,富邦臺灣加權正2,321.30,325.15,298.60,303.90,-13.05,4497547,1390951137,5057
2026-05-28,TWSE,00676R,富邦臺灣加權反1,5.76,5.95,5.72,5.89,0.10,12897909,75567273,956
2026-05-28,TWSE,00678,群益那斯達克生技,35.82,35.82,35.50,35.58,-0.07,126424,4513424,123
2026-05-28,TWSE,00680L,元大美債20正2,6.80,6.80,6.72,6.74,-0.07,20189395,136271951,830
2026-05-28,TWSE,00681R,元大美債20反1,21.18,21.32,21.18,21.30,0.15,119000,2524150,16
2026-05-28,TWSE,00682U,期元大美元指數,20.40,20.40,20.40,20.40,0.01,3000,61200,2
2026-05-28,TWSE,00683L,期元大美元指正2,21.20,21.39,21.20,21.37,0.20,46049,982157,15
2026-05-28,TWSE,00684R,期元大美元指反1,15.19,15.19,15.19,15.19,-0.04,1000,15190,1
2026-05-28,TWSE,00685L,群益臺灣加權正2,290.10,294.05,270.20,274.80,-11.20,7476940,2096241013,12663
2026-05-28,TWSE,00686R,群益臺灣加權反1,1.04,1.08,1.03,1.07,0.02,7377688,7802192,374
2026-05-28,TWSE,00688L,國泰20年美債正2,6.79,6.79,6.71,6.73,-0.07,6162569,41554818,375
2026-05-28,TWSE,00689R,國泰20年美債反1,22.06,22.22,22.05,22.21,0.15,244000,5402270,31
2026-05-28,TWSE,00690,兆豐藍籌30,81.45,81.75,77.65,78.10,-2.90,1184093,94070586,1365
2026-05-28,TWSE,00692,富邦公司治理,89.65,90.30,86.95,87.25,-1.80,1772320,156898254,2160
2026-05-28,TWSE,00693U,期街口S&P黃豆,21.99,22.05,21.95,22.05,0.13,857033,18842475,171
2026-05-28,TWSE,00700,富邦恒生國企,16.82,16.82,16.37,16.43,-0.39,439174,7237537,287
2026-05-28,TWSE,00701,國泰股利精選30,33.94,34.21,33.46,33.53,-0.36,2448168,82830686,868
2026-05-28,TWSE,00702,國泰標普低波高息,24.07,24.07,24.05,24.07,0.00,21136,508307,91
2026-05-28,TWSE,00703,台新MSCI中國,19.36,19.36,18.95,18.95,-0.47,44850,855201,83
2026-05-28,TWSE,00706L,期元大S&P日圓正2,19.17,19.18,19.14,19.15,-0.05,862209,16516722,335
2026-05-28,TWSE,00707R,期元大S&P日圓反1,,,,,0.00,0,0,0
2026-05-28,TWSE,00708L,期元大S&P黃金正2,87.00,87.00,83.50,83.85,-5.05,7217663,612324929,7108
2026-05-28,TWSE,00709,富邦歐洲,38.81,38.82,38.38,38.44,-0.35,39041,1511764,153
2026-05-28,TWSE,00710B,復華彭博非投等債,18.82,18.90,18.82,18.90,0.04,195109,3684974,85
2026-05-28,TWSE,00711B,復華彭博新興債,15.95,15.95,15.92,15.93,0.01,163129,2597705,127
2026-05-28,TWSE,00712,復華富時不動產,8.77,8.83,8.76,8.76,-0.01,27072106,238063705,5183
2026-05-28,TWSE,00713,元大台灣高息低波,56.00,56.45,55.60,55.75,-0.30,19020411,1067296895,6886
2026-05-28,TWSE,00714,群益道瓊美國地產,21.48,21.55,21.46,21.48,-0.13,29409,632516,76
2026-05-28,TWSE,00715L,期街口布蘭特正2,53.65,56.00,53.10,55.75,1.05,20539162,1130433969,6049
2026-05-28,TWSE,00717,富邦美國特別股,14.96,15.00,14.94,14.95,-0.01,140912,2107416,144
2026-05-28,TWSE,00728,第一金工業30,63.50,64.55,61.55,61.70,-1.75,348669,21892027,409
2026-05-28,TWSE,00730,富邦臺灣優質高息,28.00,28.27,27.35,27.47,-0.50,273694,7624968,345
2026-05-28,TWSE,00731,復華富時高息低波,77.45,77.55,76.65,76.65,-0.35,771421,59545400,275
2026-05-28,TWSE,00733,富邦臺灣中小,77.35,77.75,73.40,74.20,-3.15,1455291,109545244,1320
2026-05-28,TWSE,00735,國泰臺韓科技,112.10,112.10,106.20,108.30,-3.35,5159771,564028925,5451
2026-05-28,TWSE,00736,國泰新興市場,30.96,30.96,30.38,30.62,-0.34,114508,3490035,33
2026-05-28,TWSE,00737,國泰AI機器人,38.89,38.89,38.26,38.35,-0.54,247919,9543889,272
2026-05-28,TWSE,00738U,期元大道瓊白銀,60.15,60.15,57.80,58.10,-3.80,15955102,938330658,10399
2026-05-28,TWSE,00739,元大MSCI A股,28.96,29.08,28.60,28.79,-0.17,71503,2052896,139
2026-05-28,TWSE,00752,中信中國50,22.84,22.90,22.25,22.28,-0.56,4139703,92850224,2136
2026-05-28,TWSE,00753L,中信中國50正2,9.80,9.80,9.29,9.33,-0.47,32753676,310314851,5750
2026-05-28,TWSE,00757,統一FANG+,131.75,132.00,130.30,130.55,-1.05,3075129,403072402,2541
2026-05-28,TWSE,00762,元大全球AI,114.25,114.80,113.00,113.55,-0.70,186024,21165565,596
2026-05-28,TWSE,00763U,期街口道瓊銅,33.96,33.97,33.40,33.45,-0.96,1304913,43880779,797
2026-05-28,TWSE,00770,國泰北美科技,67.50,67.50,66.05,66.20,-0.80,314318,20916167,693
2026-05-28,TWSE,00771,元大US高息特別股,15.80,15.83,15.80,15.80,-0.03,70799,1119986,101
2026-05-28,TWSE,00775B,台新投等債15+,,,,,0.00,36,1135,2
2026-05-28,TWSE,00783,富邦中証500,29.75,30.01,29.57,29.89,-0.29,132133,3929270,85
2026-05-28,TWSE,00830,國泰費城半導體,88.75,89.10,86.95,87.50,-3.10,19318705,1702703526,28771
2026-05-28,TWSE,00850,元大臺灣ESG永續,89.10,89.70,86.15,86.70,-2.20,1073179,94385144,1995
2026-05-28,TWSE,00851,台新全球AI,69.10,69.40,69.10,69.30,0.30,34683,2401858,121
2026-05-28,TWSE,00852L,國泰美國道瓊正2,32.63,32.64,32.45,32.50,0.00,168337,5476593,40
2026-05-28,TWSE,00861,元大全球未來通訊,89.95,89.95,87.65,88.30,-1.90,295133,26120426,3502
2026-05-28,TWSE,00865B,國泰US短期公債,47.77,47.80,47.75,47.78,0.00,2319412,110798109,796
2026-05-28,TWSE,00875,國泰網路資安,46.43,46.43,45.88,45.95,-0.69,130222,6003206,203
2026-05-28,TWSE,00876,元大全球5G,92.00,92.05,90.25,90.70,-2.35,1064279,97605826,3325
2026-05-28,TWSE,00878,國泰永續高股息,30.55,30.79,29.84,30.00,-0.55,90876706,2754704606,41203
2026-05-28,TWSE,00881,國泰台灣科技龍頭,55.10,55.30,52.70,53.15,-1.60,19395113,1045701115,13803
2026-05-28,TWSE,00882,中信中國高股息,15.60,15.60,15.32,15.34,-0.26,15335237,236268430,5121
2026-05-28,TWSE,00885,富邦越南,18.86,18.91,18.66,18.67,-0.19,3761006,70563872,1599
2026-05-28,TWSE,00891,中信關鍵半導體,36.80,36.81,35.00,35.36,-0.90,47276382,1696956372,16916
2026-05-28,TWSE,00892,富邦台灣半導體,45.52,46.07,43.91,44.28,-0.95,4325782,195038376,1878
2026-05-28,TWSE,00893,國泰智能電動車,47.47,47.47,46.50,46.60,-0.90,1443013,67495368,1139
2026-05-28,TWSE,00894,中信小資高價30,50.75,51.25,48.42,48.83,-1.72,3613142,178913561,2709
2026-05-28,TWSE,00895,富邦未來車,51.65,51.95,50.90,51.05,-0.60,2349181,120344088,622
2026-05-28,TWSE,00896,中信綠能及電動車,28.56,28.66,27.63,27.90,-0.66,6398681,180192635,3158
2026-05-28,TWSE,00897,富邦基因免疫生技,9.77,9.83,9.72,9.73,-0.04,744894,7280528,211
2026-05-28,TWSE,00898,國泰基因免疫革命,8.18,8.22,8.13,8.15,0.04,1398876,11456491,274
2026-05-28,TWSE,00899,FT潔淨能源,29.40,29.49,29.30,29.32,-0.04,106419,3128859,270
2026-05-28,TWSE,00900,富邦特選高股息30,18.54,18.77,18.21,18.30,-0.19,10427845,193108576,2841
2026-05-28,TWSE,00901,永豐智能車供應鏈,46.90,47.38,45.00,45.32,-1.55,2600463,119537623,559
2026-05-28,TWSE,00902,中信電池及儲能,16.83,16.95,16.51,16.68,-0.01,2763216,46164988,824
2026-05-28,TWSE,00903,富邦元宇宙,22.29,22.29,22.04,22.06,-0.23,68333,1512486,166
2026-05-28,TWSE,00904,台新臺灣半導體30,42.66,43.00,40.90,41.55,-0.80,3054387,128073623,1701
2026-05-28,TWSE,00905,FT臺灣Smart,27.25,27.46,26.28,26.47,-0.66,2358248,63217561,1574
2026-05-28,TWSE,00907,永豐優息存股,15.09,15.22,15.00,15.07,0.03,2346775,35542742,779
2026-05-28,TWSE,00908,富邦入息REITs+,14.46,14.46,14.43,14.43,-0.02,332090,4796574,37
2026-05-28,TWSE,00909,國泰數位支付服務,49.88,50.55,49.52,49.57,0.19,4864541,243481142,2814
2026-05-28,TWSE,00910,第一金太空衛星,88.00,88.05,85.25,85.95,-1.20,4727847,409546333,7979
2026-05-28,TWSE,00911,兆豐洲際半導體,60.85,60.85,59.00,59.30,-2.00,1006039,60275111,4673
2026-05-28,TWSE,00912,中信臺灣智慧50,32.77,32.79,31.40,31.59,-0.64,2052650,65989700,669
2026-05-28,TWSE,00913,兆豐台灣晶圓製造,52.20,52.45,49.33,50.40,-1.05,3307080,168224715,1056
2026-05-28,TWSE,00915,凱基優選高股息30,29.04,29.37,28.58,28.67,-0.33,10685913,309775936,2043
2026-05-28,TWSE,00916,國泰全球品牌50,28.04,28.15,27.99,28.02,0.06,923742,25915564,338
2026-05-28,TWSE,00917,中信特選金融,21.76,21.76,21.57,21.58,-0.18,899593,19450055,495
2026-05-28,TWSE,00918,大華優利高填息30,28.67,29.02,28.17,28.36,-0.20,44593896,1276001555,10196
2026-05-28,TWSE,00919,群益台灣精選高息,28.94,29.16,28.34,28.41,-0.44,202442709,5812690229,64103
2026-05-28,TWSE,00920,富邦ESG綠色電力,27.71,27.71,26.96,27.09,-0.59,759756,20732218,3899
2026-05-28,TWSE,00921,兆豐龍頭等權重,22.47,22.62,21.93,22.05,-0.42,1332503,29490809,307
2026-05-28,TWSE,00922,國泰台灣領袖50,39.69,39.76,38.18,38.33,-0.94,18640081,727858217,8332
2026-05-28,TWSE,00923,群益台ESG低碳50,40.00,42.33,40.00,40.77,-1.09,13707800,568113527,3151
2026-05-28,TWSE,00924,復華S&P500成長,32.39,32.40,32.20,32.24,-0.10,3386653,109384848,1935
2026-05-28,TWSE,00926,凱基全球菁英55,25.23,25.31,25.14,25.17,-0.04,1074598,27085026,348
2026-05-28,TWSE,00927,群益半導體收益,40.97,41.70,39.66,40.10,-0.76,40029570,1624962122,12676
2026-05-28,TWSE,00929,復華台灣科技優息,30.15,30.52,29.12,29.40,-0.64,76275439,2284057410,16526
2026-05-28,TWSE,00930,永豐ESG低碳高息,24.06,24.40,23.58,23.66,-0.40,3817645,91381790,612
2026-05-28,TWSE,00932,兆豐永續高息等權,16.77,16.88,16.61,16.62,-0.07,3292614,55226447,530
2026-05-28,TWSE,00934,中信成長高股息,27.05,27.20,26.26,26.43,-0.62,5032396,134607235,1590
2026-05-28,TWSE,00935,野村臺灣新科技50,62.30,62.80,59.45,59.95,-2.15,35029032,2130502520,21005
2026-05-28,TWSE,00936,台新永續高息中小,20.32,20.41,19.90,19.98,-0.18,4385862,88459699,832
2026-05-28,TWSE,00938,凱基優選30,21.91,21.98,21.49,21.51,-0.23,2253271,48983634,263
2026-05-28,TWSE,00939,統一台灣高息動能,20.20,20.45,19.79,19.85,-0.23,7187325,144551997,2458
2026-05-28,TWSE,00940,元大台灣價值高息,11.93,12.00,11.68,11.73,-0.14,33013533,391629512,5346
2026-05-28,TWSE,00941,中信上游半導體,25.58,25.58,25.14,25.23,-0.50,1813080,45943290,1285
2026-05-28,TWSE,00943,兆豐電子高息等權,22.02,22.43,21.56,21.69,-0.17,343969,7603064,201
2026-05-28,TWSE,00944,野村趨勢動能高息,20.05,20.29,19.81,19.88,-0.17,1233532,24844723,358
2026-05-28,TWSE,00945B,凱基美國非投等債,14.36,14.37,14.35,14.36,0.00,5382670,77304152,572
2026-05-28,TWSE,00946,群益科技高息成長,14.72,14.91,14.30,14.39,-0.31,13099307,191831615,1774
2026-05-28,TWSE,00947,台新臺灣IC設計,38.83,39.38,37.02,37.30,-1.44,9106003,347593216,4424
2026-05-28,TWSE,00949,復華日本龍頭,20.33,20.36,20.18,20.26,-0.08,1432460,29087673,515
2026-05-28,TWSE,00951,台新日本半導體,17.04,17.05,16.60,16.77,-0.39,4941743,83162190,1287
2026-05-28,TWSE,00952,凱基台灣AI50,18.63,18.88,18.17,18.31,-0.23,5268235,98109656,1014
2026-05-28,TWSE,00953B,群益優選非投等債,9.57,9.58,9.57,9.58,0.02,24759152,237033129,2654
2026-05-28,TWSE,00954,中信日本半導體,18.29,18.29,17.78,17.93,-0.45,4881786,88056851,1041
2026-05-28,TWSE,00956,中信日經高股息,12.30,12.30,12.12,12.18,-0.15,1092240,13335750,254
2026-05-28,TWSE,00960,野村全球航運龍頭,17.33,17.33,17.14,17.16,-0.17,782108,13430731,420
2026-05-28,TWSE,00961,FT臺灣永續高息,12.06,12.08,11.90,11.91,-0.15,4581338,54910998,1185
2026-05-28,TWSE,00962,台新AI優息動能,14.55,14.74,14.23,14.34,-0.13,484376,7048312,357
2026-05-28,TWSE,00963,中信全球高股息,12.74,12.76,12.73,12.73,-0.01,1147990,14630713,240
2026-05-28,TWSE,00964,中信亞太高股息,14.44,14.44,14.07,14.11,-0.23,5717517,81443186,745
2026-05-28,TWSE,00965,元大航太防衛科技,25.71,25.71,25.22,25.35,-0.45,2601796,66196275,1675
2026-05-28,TWSE,00971,野村美國研發龍頭,16.64,16.83,16.64,16.74,-0.03,1166018,19555275,318
2026-05-28,TWSE,00972,野村日本動能高息,19.16,19.20,19.03,19.08,-0.14,484984,9267808,87
2026-05-28,TWSE,009800,中信NASDAQ,13.13,13.13,12.98,13.00,-0.13,3686255,48112196,975
2026-05-28,TWSE,009801,中信美國創新科技,12.41,12.42,12.29,12.30,-0.09,1531191,18924620,346
2026-05-28,TWSE,009802,富邦旗艦50,20.70,20.72,19.64,19.80,-0.69,20305014,409112933,5917
2026-05-28,TWSE,009803,玉山市值動能50,22.02,22.19,21.18,21.31,-0.61,2705273,58901355,936
2026-05-28,TWSE,009804,聯邦台精彩50,23.42,23.52,22.52,22.64,-0.64,2009463,46434190,815
2026-05-28,TWSE,009805,台新美國電力基建,16.82,16.85,16.68,16.71,-0.17,12698859,212599557,5048
2026-05-28,TWSE,009808,華南永昌優選50,30.26,30.42,29.36,29.48,-0.58,1529094,45968445,172
2026-05-28,TWSE,009809,富邦淨零ESG50,16.95,17.18,16.50,16.55,-0.35,2016783,34224369,168
2026-05-28,TWSE,00980A,主動野村臺灣優選,24.62,24.81,23.55,23.67,-0.91,28282069,680902756,7398
2026-05-28,TWSE,009810,玉山全球藍籌100,20.75,20.75,20.62,20.63,-0.08,411877,8506677,140
2026-05-28,TWSE,009811,統一美國50,12.97,13.00,12.88,12.91,-0.04,3480994,44995053,828
2026-05-28,TWSE,009812,野村日本東證,12.11,12.11,11.95,12.04,-0.09,1906750,22948208,364
2026-05-28,TWSE,009813,貝萊德標普卓越50,11.32,11.33,11.25,11.26,-0.04,5379808,60707894,908
2026-05-28,TWSE,009816,凱基台灣TOP50,15.26,15.31,14.67,14.80,-0.35,294376691,4408820130,80990
2026-05-28,TWSE,009817,國泰日本不動產,8.81,8.81,8.77,8.79,-0.01,3641833,31994573,582
2026-05-28,TWSE,009818,華南永昌NASDAQxT,19.50,19.50,19.25,19.33,-0.13,497315,9646331,177
2026-05-28,TWSE,009819,中信數據及電力,10.28,10.29,10.18,10.18,-0.10,14788071,151133159,4348
2026-05-28,TWSE,00981A,主動統一台股增長,32.14,32.23,30.50,30.72,-1.24,493712092,15414743171,204160
2026-05-28,TWSE,00981T,平衡凱基雙核收息,12.02,12.05,11.89,11.90,-0.07,2693615,32212880,396
2026-05-28,TWSE,009820,元大納斯達克精選,10.20,10.22,10.12,10.16,-0.09,33129417,336773273,3490
2026-05-28,TWSE,00982A,主動群益台灣強棒,24.63,24.84,23.63,23.81,-0.71,82280566,1995404240,21852
2026-05-28,TWSE,00982D,主動富邦動態入息,9.90,9.90,9.86,9.87,-0.01,349405,3450128,201
2026-05-28,TWSE,00982T,平衡兆豐台美動能,15.58,15.63,15.25,15.29,-0.13,160575,2490577,96
2026-05-28,TWSE,00983A,主動中信ARK創新,11.64,11.71,11.53,11.56,-0.05,4924391,57161774,1300
2026-05-28,TWSE,00983D,主動富邦複合收益,10.06,10.08,10.02,10.04,-0.01,1363240,13679022,241
2026-05-28,TWSE,00984A,主動安聯台灣高息,16.11,16.23,15.73,15.85,-0.22,15372858,245648996,5203
2026-05-28,TWSE,00984D,主動聯博全球非投,10.08,10.09,10.06,10.07,0.00,15470588,155841308,1282
2026-05-28,TWSE,00985A,主動野村台灣50,22.33,22.43,21.50,21.58,-0.60,9395868,205833160,3399
2026-05-28,TWSE,00985B,群益ESG投等債0-5,10.14,10.15,10.13,10.15,0.01,5286257,53604015,805
2026-05-28,TWSE,00986A,主動台新龍頭成長,15.15,15.15,14.76,14.78,-0.23,1369219,20325285,341
2026-05-28,TWSE,00987A,主動台新優勢成長,18.14,18.39,17.36,17.48,-0.63,10700530,191205587,3713
2026-05-28,TWSE,00988A,主動統一全球創新,21.85,21.94,21.07,21.21,-0.86,152779240,3286444883,62671
2026-05-28,TWSE,00989A,主動摩根美國科技,17.84,17.84,17.62,17.65,-0.20,3142468,55568148,460
2026-05-28,TWSE,00990A,主動元大AI新經濟,19.81,19.81,19.07,19.23,-0.65,64622313,1254502081,17587
2026-05-28,TWSE,00991A,主動復華未來50,19.83,20.00,19.00,19.10,-0.64,192151456,3746323802,53888
2026-05-28,TWSE,00992A,主動群益科技創新,18.80,18.88,17.87,18.01,-0.74,153314132,2820448788,45306
2026-05-28,TWSE,00993A,主動安聯台灣,13.95,14.08,13.32,13.46,-0.47,17114075,234056956,4132
2026-05-28,TWSE,00994A,主動第一金台股優,18.89,19.09,17.98,18.14,-0.75,18267800,336841578,5848
2026-05-28,TWSE,00995A,主動中信台灣卓越,18.36,18.54,17.53,17.67,-0.64,16533177,297595239,3436
2026-05-28,TWSE,00996A,主動兆豐台灣豐收,15.61,15.81,14.94,15.03,-0.51,36280216,556304311,4526
2026-05-28,TWSE,00997A,主動群益美國增長,13.16,13.21,12.82,12.93,-0.37,35003116,455955733,9386
2026-05-28,TWSE,00999A,主動野村臺灣高息,10.78,10.89,10.51,10.56,-0.19,58000621,620591387,10371
2026-05-28,TWSE,01001T,土銀富邦R1,11.60,11.60,11.58,11.58,-0.02,53000,614740,4
2026-05-28,TWSE,01002T,土銀國泰R1,14.18,14.24,14.18,14.24,0.00,24000,340650,12
2026-05-28,TWSE,01004T,土銀富邦R2,10.52,10.53,10.51,10.51,0.00,108000,1136100,71
2026-05-28,TWSE,01007T,兆豐國泰R2,12.75,12.75,12.75,12.75,0.00,56000,714000,42
2026-05-28,TWSE,01009T,王道圓滿R1,5.71,5.73,5.71,5.73,0.02,181000,1035610,15
2026-05-28,TWSE,01010T,京城樂富R1,9.98,10.00,9.98,10.00,0.00,4007587,40075780,6
2026-05-28,TWSE,020000,富邦特選蘋果N,33.38,33.38,33.38,33.38,0.00,3000,100140,2
2026-05-28,TWSE,020011,統一微波高息20N,15.26,15.26,15.26,15.26,0.00,5000,76300,1
2026-05-28,TWSE,020012,富邦行動通訊N,,,,,0.00,0,0,0
2026-05-28,TWSE,02001L,富邦蘋果正二N,170.90,173.05,157.50,162.40,-5.60,148000,24443000,68
2026-05-28,TWSE,020020,元大台股領航N,28.79,28.79,27.54,27.54,-1.14,54000,1531000,9
2026-05-28,TWSE,020028,元大特選電動車N,21.31,21.31,20.28,20.28,-0.81,8000,166950,7
2026-05-28,TWSE,020029,元大ESG高股息N,18.04,18.04,17.44,17.44,-0.46,50000,888610,17
2026-05-28,TWSE,020030,統一智慧電動車N,19.18,19.18,18.10,18.17,-1.01,34000,632950,18
2026-05-28,TWSE,020031,統一IC設計臺灣N,10.97,11.12,10.60,10.60,-0.40,46000,500560,13
2026-05-28,TWSE,020032,元大綠能N,10.52,10.53,10.52,10.53,-0.47,6000,63170,2
2026-05-28,TWSE,020034,元大IC設計N,14.40,14.59,13.91,13.91,-0.51,38000,541590,10
2026-05-28,TWSE,020036,元大金融配息N,8.05,8.05,7.98,7.98,-0.01,22000,175630,2
2026-05-28,TWSE,020037,元大金融高股息N,8.91,8.91,8.91,8.91,-0.07,3000,26730,2
2026-05-28,TWSE,020038,元大ESG配息N,13.89,13.99,13.48,13.48,-0.38,29000,398900,6
2026-05-28,TWSE,020039,元大加權N,14.17,14.20,13.80,13.80,-0.37,10000,141170,6
2026-05-28,TWSE,1101,台泥,23.85,24.00,23.65,23.65,-0.20,35826774,852437706,9839
2026-05-28,TWSE,1101B,台泥乙特,45.35,45.35,45.30,45.35,0.00,7202,326549,9
2026-05-28,TWSE,1102,亞泥,32.90,33.10,32.40,32.40,-0.60,23858982,777037257,9977
2026-05-28,TWSE,1103,嘉泥,13.20,13.25,13.10,13.20,0.00,296973,3924074,257
2026-05-28,TWSE,1104,環泥,27.25,27.40,27.00,27.20,0.00,797339,21678655,784
2026-05-28,TWSE,1108,幸福,13.60,13.60,13.50,13.55,0.05,384637,5210248,141
2026-05-28,TWSE,1109,信大,14.45,14.50,14.30,14.45,0.00,134265,1934794,191
2026-05-28,TWSE,1110,東泥,14.00,14.05,13.90,14.00,-0.10,118671,1659720,72
2026-05-28,TWSE,1201,味全,12.10,12.20,11.95,12.00,-0.10,412208,4973972,369
2026-05-28,TWSE,1203,味王,43.50,43.50,41.10,43.00,0.30,16313,689199,231
2026-05-28,TWSE,1210,大成,51.70,52.00,51.60,51.80,0.10,2413257,124954002,1849
2026-05-28,TWSE,1213,大飲,8.06,8.16,8.05,8.16,-0.13,15055,121695,20
2026-05-28,TWSE,1215,卜蜂,130.50,130.50,126.00,127.50,-2.00,3162444,400966953,4595
2026-05-28,TWSE,1216,統一,70.80,71.50,70.40,70.80,0.60,22407549,1591001299,9142
2026-05-28,TWSE,1217,愛之味,9.76,9.76,9.60,9.64,-0.06,700565,6764681,648
2026-05-28,TWSE,1218,泰山,18.45,18.60,18.45,18.50,0.05,952170,17634411,479
2026-05-28,TWSE,1219,福壽,12.35,12.50,12.30,12.50,0.15,287988,3577002,221
2026-05-28,TWSE,1220,台榮,11.80,11.80,11.65,11.65,-0.10,173597,2034199,420
2026-05-28,TWSE,1225,福懋油,29.45,29.75,29.20,29.20,-0.05,165480,4875543,201
2026-05-28,TWSE,1227,佳格,28.10,28.10,27.90,27.90,-0.20,1345180,37617722,1136
2026-05-28,TWSE,1229,聯華,39.95,40.00,39.30,39.40,-0.55,2833280,112151350,2718
2026-05-28,TWSE,1231,聯華食,85.60,86.40,84.60,84.70,-0.90,437541,37252749,924
2026-05-28,TWSE,1232,大統益,148.00,148.00,147.50,147.50,-0.50,119624,17673296,205
2026-05-28,TWSE,1233,天仁,28.00,28.00,27.60,28.00,0.15,33265,926767,43
2026-05-28,TWSE,1234,黑松,34.35,34.35,34.05,34.20,-0.05,122301,4181587,129
2026-05-28,TWSE,1235,興泰,40.80,40.80,40.80,40.80,1.70,1416,57132,34
2026-05-28,TWSE,1236,宏亞,24.20,24.40,24.20,24.30,-0.05,19685,478583,54
2026-05-28,TWSE,1256,鮮活果汁-KY,192.50,200.00,192.50,198.00,6.00,239661,47196814,1609
2026-05-28,TWSE,1301,台塑,45.80,45.85,44.80,45.05,-0.40,16825189,760959075,9088
2026-05-28,TWSE,1303,南亞,96.00,96.00,89.80,90.50,-5.00,88363645,8123426432,61711
2026-05-28,TWSE,1304,台聚,12.00,12.50,11.90,12.35,0.45,12130690,148648846,4079
2026-05-28,TWSE,1305,華夏,12.15,12.65,12.05,12.60,0.50,7743103,96300686,3894
2026-05-28,TWSE,1307,三芳,30.80,31.00,30.60,30.75,0.15,759011,23374125,490
2026-05-28,TWSE,1308,亞聚,12.80,13.35,12.75,13.25,0.40,6690841,87456761,2261
2026-05-28,TWSE,1309,台達化,15.00,16.25,14.50,16.25,1.45,13004635,203531598,5452
2026-05-28,TWSE,1310,台苯,7.72,8.23,7.70,8.12,0.42,5886572,46753075,2241
2026-05-28,TWSE,1312,國喬,10.10,10.95,10.10,10.95,0.97,15134863,159843045,4126
2026-05-28,TWSE,1312A,國喬特,20.20,20.90,20.20,20.90,0.30,14100,287865,9
2026-05-28,TWSE,1313,聯成,10.45,10.60,10.30,10.60,0.30,3698684,38689503,1211
2026-05-28,TWSE,1314,中石化,6.91,7.12,6.89,7.10,0.20,23612408,166442899,5924
2026-05-28,TWSE,1315,達新,62.00,63.00,61.50,61.60,-0.40,51199,3169768,56
2026-05-28,TWSE,1316,上曜,10.15,10.30,10.10,10.20,0.05,2386967,24319223,886
2026-05-28,TWSE,1319,東陽,86.50,86.50,86.50,86.50,7.80,4171274,360815135,2198
2026-05-28,TWSE,1321,大洋,29.05,29.05,28.80,28.85,-0.20,100618,2909070,84
2026-05-28,TWSE,1323,永裕,20.20,20.30,20.00,20.15,-0.05,133432,2695264,150
2026-05-28,TWSE,1324,地球,10.25,10.30,10.20,10.25,0.05,38719,396611,108
2026-05-28,TWSE,1325,恆大,27.00,27.20,26.90,27.00,0.10,391375,10576824,269
2026-05-28,TWSE,1326,台化,46.80,46.85,45.05,45.40,-0.05,29690137,1358396770,15013
2026-05-28,TWSE,1337,再生-KY,4.70,4.79,4.69,4.75,0.05,751473,3568024,332
2026-05-28,TWSE,1338,廣華-KY,15.65,16.30,15.50,16.10,0.40,471364,7531986,284
2026-05-28,TWSE,1339,昭輝,41.30,44.85,41.30,44.85,4.05,1127846,49202585,754
2026-05-28,TWSE,1340,勝悅-KY,5.57,5.62,5.38,5.42,-0.10,637017,3496363,422
2026-05-28,TWSE,1341,富林-KY,61.70,61.70,61.70,61.70,-0.10,1003,61880,4
2026-05-28,TWSE,1342,八貫,91.40,92.30,90.30,91.40,-0.40,273258,24962414,396
2026-05-28,TWSE,1402,遠東新,23.80,24.80,23.30,24.80,1.35,105947023,2568500034,31778
2026-05-28,TWSE,1409,新纖,19.35,20.75,19.20,20.75,1.85,84258177,1729865540,22583
2026-05-28,TWSE,1410,南染,26.35,26.35,25.95,26.15,-0.10,23135,605622,27
2026-05-28,TWSE,1413,宏洲,9.30,9.62,9.21,9.25,-0.15,85313,797911,45
2026-05-28,TWSE,1414,東和,14.10,14.50,14.10,14.25,0.20,156762,2234181,168
2026-05-28,TWSE,1416,廣豐,11.10,11.15,11.00,11.05,-0.05,199411,2207344,159
2026-05-28,TWSE,1417,嘉裕,8.06,8.12,8.05,8.06,0.00,140137,1132672,134
2026-05-28,TWSE,1418,東華,19.00,19.00,18.00,18.00,-0.80,56567,1045307,69
2026-05-28,TWSE,1419,新紡,64.00,64.30,62.60,63.80,0.00,95061,6053260,125
2026-05-28,TWSE,1423,利華,41.00,41.70,40.95,41.70,0.20,35220,1450413,36
2026-05-28,TWSE,1432,大魯閣,16.15,16.25,16.05,16.20,0.15,355738,5748785,631
2026-05-28,TWSE,1434,福懋,15.00,15.05,14.80,14.95,-0.05,2804119,41827827,1389
2026-05-28,TWSE,1436,華友聯,44.15,44.30,43.85,44.25,0.20,349012,15362550,388
2026-05-28,TWSE,1437,勤益控,28.35,28.35,28.10,28.20,-0.05,163286,4606457,80
2026-05-28,TWSE,1438,三地開發,20.10,20.40,19.85,19.90,-0.20,27911,558476,28
2026-05-28,TWSE,1439,雋揚,25.20,25.55,24.75,25.50,0.10,34259,864945,29
2026-05-28,TWSE,1440,南紡,12.20,12.30,11.80,11.90,-0.15,3378596,40595898,1373
2026-05-28,TWSE,1441,大東,9.20,9.29,9.19,9.22,-0.01,24295,224092,139
2026-05-28,TWSE,1442,名軒,25.85,25.90,25.50,25.55,-0.25,342717,8797520,260
2026-05-28,TWSE,1443,立益物流,26.25,26.35,24.90,25.20,0.10,31001,782113,58
2026-05-28,TWSE,1444,力麗,5.79,6.02,5.75,6.01,0.22,2962558,17651831,862
2026-05-28,TWSE,1445,大宇,11.85,11.85,11.60,11.60,-0.20,124848,1455390,44
2026-05-28,TWSE,1446,宏和,16.30,16.30,15.80,15.90,0.20,293346,4678365,161
2026-05-28,TWSE,1447,力鵬,5.53,5.80,5.53,5.73,0.23,2018226,11449312,759
2026-05-28,TWSE,1449,佳和,12.30,12.35,12.05,12.15,0.05,762012,9283953,730
2026-05-28,TWSE,1451,年興,16.40,16.50,16.30,16.45,0.05,161217,2647623,166
2026-05-28,TWSE,1452,宏益,10.30,10.50,10.30,10.40,0.10,84003,868870,71
2026-05-28,TWSE,1453,大將,11.30,11.30,11.20,11.20,-0.10,38054,427326,102
2026-05-28,TWSE,1454,台富,12.65,12.70,12.40,12.65,0.15,128046,1612219,102
2026-05-28,TWSE,1455,集盛,8.15,8.88,8.15,8.61,0.49,2101503,17930655,911
2026-05-28,TWSE,1456,怡華,12.75,13.05,12.60,12.90,-0.15,58221,749374,42
2026-05-28,TWSE,1457,宜進,13.95,13.95,13.85,13.95,0.00,104716,1455219,74
2026-05-28,TWSE,1459,聯發,11.60,11.75,11.60,11.65,0.00,171771,2000260,226
2026-05-28,TWSE,1460,宏遠,6.89,6.95,6.80,6.93,0.06,725778,4999034,466
2026-05-28,TWSE,1463,強盛新,17.65,17.75,17.55,17.70,0.00,43279,762758,52
2026-05-28,TWSE,1464,得力,10.10,10.10,10.00,10.10,0.00,723102,7249075,280
2026-05-28,TWSE,1465,偉全,12.30,12.40,12.15,12.15,-0.15,105915,1297248,135
2026-05-28,TWSE,1466,聚隆,13.55,14.15,13.55,13.80,0.05,409748,5626498,193
2026-05-28,TWSE,1467,南緯,6.94,6.95,6.88,6.88,-0.06,334956,2313736,227
2026-05-28,TWSE,1468,昶和,11.95,12.00,11.60,12.00,-0.05,68000,802050,41
2026-05-28,TWSE,1470,大統新創,22.10,22.20,22.10,22.10,0.10,18723,414459,19
2026-05-28,TWSE,1471,首利,10.35,10.55,10.15,10.15,-0.20,672373,6920338,322
2026-05-28,TWSE,1472,三洋實業,89.90,91.00,89.10,90.50,1.00,56389,5060532,146
2026-05-28,TWSE,1473,台南,20.20,20.20,19.95,20.10,0.05,130414,2609977,153
2026-05-28,TWSE,1474,弘裕,9.72,9.74,9.51,9.60,-0.07,174474,1677219,383
2026-05-28,TWSE,1475,業旺,24.90,25.00,24.50,24.85,-0.15,49304,1216384,83
2026-05-28,TWSE,1476,儒鴻,335.00,344.00,332.50,340.50,9.50,1801537,611442687,2103
2026-05-28,TWSE,1477,聚陽,217.50,221.00,215.50,217.50,2.00,2643776,576051043,2588
2026-05-28,TWSE,1503,士電,221.50,239.00,214.00,216.00,-5.00,24546630,5529053719,24489
2026-05-28,TWSE,1504,東元,71.80,73.90,70.80,70.90,0.10,21294048,1539667581,12131
2026-05-28,TWSE,1506,正道,10.20,10.60,10.15,10.45,0.35,497525,5178273,204
2026-05-28,TWSE,1512,瑞利,6.51,6.91,6.50,6.89,0.07,161485,1079142,115
2026-05-28,TWSE,1513,中興電,170.00,177.00,165.00,165.50,-3.50,30884625,5273226600,28190
2026-05-28,TWSE,1514,亞力,127.50,136.50,124.50,125.50,0.50,22023682,2873441846,19403
2026-05-28,TWSE,1515,力山,22.25,22.45,21.60,21.95,0.00,590876,13008807,386
2026-05-28,TWSE,1516,川飛,20.60,21.05,20.60,21.00,0.40,194972,4085152,120
2026-05-28,TWSE,1517,利奇,10.00,10.10,9.94,10.05,0.10,358242,3588848,294
2026-05-28,TWSE,1519,華城,889.00,920.00,836.00,846.00,-32.00,7369753,6500857248,21922
2026-05-28,TWSE,1521,大億,24.95,26.95,24.90,26.95,2.45,205333,5475796,161
2026-05-28,TWSE,1522,堤維西,31.35,31.45,31.35,31.45,2.85,3536658,111191088,1229
2026-05-28,TWSE,1522A,堤維西甲特,50.00,50.00,50.00,50.00,0.00,6719,335662,8
2026-05-28,TWSE,1524,耿鼎,31.90,31.90,31.90,31.90,2.90,5399702,172250417,1591
2026-05-28,TWSE,1525,江申,69.80,70.00,68.00,68.70,-1.10,77747,5356467,86
2026-05-28,TWSE,1526,日馳,14.15,14.40,14.05,14.35,0.05,114736,1635108,117
2026-05-28,TWSE,1527,鑽全,32.70,33.35,32.50,32.75,0.05,361126,11831607,268
2026-05-28,TWSE,1528,恩德,25.10,25.50,24.20,24.35,-0.70,5003713,123950748,2970
2026-05-28,TWSE,1529,樂事綠能,22.30,23.35,21.85,22.00,-0.45,1753746,39482891,1190
2026-05-28,TWSE,1530,亞崴,31.85,35.95,31.80,35.80,3.10,2307892,80957364,2710
2026-05-28,TWSE,1531,高林股,12.15,12.30,12.10,12.30,0.25,87825,1072338,82
2026-05-28,TWSE,1532,勤美,20.85,21.00,20.70,20.80,0.00,822161,17133646,466
2026-05-28,TWSE,1533,車王電,39.35,41.80,38.30,40.60,1.95,1410777,56355224,1141
2026-05-28,TWSE,1535,中宇,48.90,49.50,48.85,49.00,0.00,86148,4230404,90
2026-05-28,TWSE,1536,和大,51.00,53.70,50.30,51.30,1.60,6853116,356045408,4163
2026-05-28,TWSE,1537,廣隆,125.50,126.00,124.50,125.50,0.00,77850,9752063,101
2026-05-28,TWSE,1538,正峰,11.80,11.80,11.75,11.80,0.00,3167,37291,9
2026-05-28,TWSE,1539,巨庭,16.10,16.30,15.75,16.00,0.20,140419,2232504,94
2026-05-28,TWSE,1540,喬福,20.85,21.90,20.85,21.25,0.40,558970,11925805,393
2026-05-28,TWSE,1541,錩泰,20.90,20.90,20.40,20.65,0.10,56468,1163675,52
2026-05-28,TWSE,1558,伸興,90.70,91.30,90.50,91.20,0.50,70905,6436801,96
2026-05-28,TWSE,1560,中砂,736.00,741.00,708.00,717.00,-10.00,1691134,1226746287,3844
2026-05-28,TWSE,1563,巧新,61.10,61.10,61.10,61.10,5.50,4815581,294231955,1214
2026-05-28,TWSE,1568,倉佑,41.25,41.25,41.25,41.25,3.75,1658522,68413253,3059
2026-05-28,TWSE,1582,信錦,110.50,121.00,110.00,113.50,3.50,21256228,2497127083,15354
2026-05-28,TWSE,1583,程泰,56.50,59.10,55.00,58.70,4.90,583986,33922737,845
2026-05-28,TWSE,1587,吉茂,29.95,32.10,29.50,32.10,2.90,1815261,58044906,1400
2026-05-28,TWSE,1590,亞德客-KY,1435.00,1445.00,1360.00,1390.00,-45.00,1607554,2220707440,2494
2026-05-28,TWSE,1597,直得,199.00,199.00,179.50,180.50,-18.50,7600989,1413777702,8722
2026-05-28,TWSE,1598,岱宇,20.00,20.20,19.80,19.95,-0.05,287523,5731762,226
2026-05-28,TWSE,1603,華電,31.55,31.60,30.90,31.15,0.00,465990,14579353,313
2026-05-28,TWSE,1604,聲寶,23.40,23.50,23.10,23.30,-0.05,366920,8545082,300
2026-05-28,TWSE,1605,華新,37.50,38.10,35.80,36.00,-1.50,46690473,1712896069,20911
2026-05-28,TWSE,1608,華榮,33.95,34.45,33.40,33.45,-0.20,8820319,299415717,4525
2026-05-28,TWSE,1609,大亞,37.00,38.10,35.70,35.90,-0.85,13182790,486447997,8180
2026-05-28,TWSE,1611,中電,11.55,11.65,11.30,11.35,-0.15,780474,8924959,554
2026-05-28,TWSE,1612,宏泰,36.90,37.45,36.50,36.75,-0.15,1123135,41501502,699
2026-05-28,TWSE,1614,三洋電,31.15,31.40,31.00,31.20,0.20,47781,1491435,78
2026-05-28,TWSE,1615,大山,43.25,43.25,42.55,42.70,-0.20,191257,8193138,215
2026-05-28,TWSE,1616,億泰,21.40,21.90,21.25,21.40,0.15,540664,11660957,372
2026-05-28,TWSE,1617,榮星,14.65,14.85,14.55,14.55,-0.10,255223,3747729,201
2026-05-28,TWSE,1618,合機,42.10,43.25,40.85,41.20,-0.60,2023690,84824132,1383
2026-05-28,TWSE,1623,大東電,242.00,254.00,238.50,246.00,7.50,872040,214690067,3785
2026-05-28,TWSE,1626,艾美特-KY,10.10,10.25,9.96,9.97,-0.08,255576,2562439,131
2026-05-28,TWSE,1702,南僑,31.50,31.50,31.00,31.20,0.00,763002,23776532,896
2026-05-28,TWSE,1707,葡萄王,99.80,101.00,99.50,100.00,0.40,440535,44040707,682
2026-05-28,TWSE,1708,東鹼,37.10,37.70,36.50,36.50,0.00,3428516,126608286,2452
2026-05-28,TWSE,1709,和益,19.30,19.75,19.10,19.60,0.40,1363298,26463228,806
2026-05-28,TWSE,1710,東聯,13.00,13.50,12.85,13.50,0.55,7280790,97035723,3182
2026-05-28,TWSE,1711,永光,51.20,51.40,48.25,48.95,-2.05,14431847,720241003,9935
2026-05-28,TWSE,1712,興農,39.55,39.55,38.85,38.85,-0.70,1775199,69397667,1466
2026-05-28,TWSE,1713,國化,49.65,50.40,49.25,49.35,0.10,517949,25739384,519
2026-05-28,TWSE,1714,和桐,9.46,9.48,9.30,9.37,-0.03,2555091,23971263,963
2026-05-28,TWSE,1717,長興,85.60,86.70,81.70,82.40,-2.10,46789484,3944564045,30046
2026-05-28,TWSE,1718,中纖,6.32,6.44,6.31,6.40,0.09,3945042,25180923,1353
2026-05-28,TWSE,1720,生達,61.20,61.40,60.80,61.40,0.20,302505,18483570,246
2026-05-28,TWSE,1721,國慶科技,30.50,30.60,28.30,28.50,-1.65,5581311,163827823,3860
2026-05-28,TWSE,1722,台肥,46.50,46.80,46.00,46.10,0.45,4019190,186315928,2241
2026-05-28,TWSE,1723,中碳,81.20,83.30,80.90,82.80,1.80,932188,76822066,1226
2026-05-28,TWSE,1725,元禎,31.00,31.50,30.65,30.80,-0.20,106256,3296746,129
2026-05-28,TWSE,1726,永記,77.20,77.20,76.60,77.00,0.10,56463,4340876,55
2026-05-28,TWSE,1727,中華化,96.80,98.00,92.30,94.20,-2.30,8406055,796695543,9377
2026-05-28,TWSE,1730,花仙子,52.40,52.60,52.40,52.40,0.00,42883,2249264,61
2026-05-28,TWSE,1731,美吾華,21.50,21.50,21.25,21.30,-0.10,187744,4002690,160
2026-05-28,TWSE,1732,毛寶,26.40,26.80,26.30,26.60,0.20,359793,9540722,234
2026-05-28,TWSE,1733,五鼎,29.90,30.05,29.45,29.45,-0.45,177664,5255761,150
2026-05-28,TWSE,1734,杏輝,30.55,30.85,30.55,30.70,0.10,435065,13349851,302
2026-05-28,TWSE,1735,日勝化,26.05,26.05,24.35,24.50,-1.45,687122,17287483,595
2026-05-28,TWSE,1736,喬山,116.50,116.50,114.50,116.00,-0.50,403467,46530543,599
2026-05-28,TWSE,1737,臺鹽,31.60,31.60,31.40,31.45,-0.10,320341,10087457,173
2026-05-28,TWSE,1752,南光,32.50,32.65,32.35,32.50,0.00,79660,2589907,66
2026-05-28,TWSE,1760,寶齡富錦,60.10,60.70,59.30,59.70,-0.80,393690,23632100,406
2026-05-28,TWSE,1762,中化生,39.75,40.60,39.70,39.95,0.25,488010,19560804,531
2026-05-28,TWSE,1773,勝一,197.00,197.00,182.00,184.00,-11.00,1969401,370764157,3303
2026-05-28,TWSE,1776,展宇,18.15,18.60,18.10,18.15,0.00,154413,2815865,97
2026-05-28,TWSE,1783,和康生,38.40,38.50,38.00,38.40,0.20,115833,4428115,113
2026-05-28,TWSE,1786,科妍,53.40,53.50,52.10,52.20,-1.10,371753,19555468,458
2026-05-28,TWSE,1789,神隆,19.00,19.30,18.95,19.20,0.20,1045049,20025343,492
2026-05-28,TWSE,1795,美時,192.50,193.00,189.00,189.00,-2.50,1520412,289797858,2643
2026-05-28,TWSE,1802,台玻,73.40,76.00,69.10,70.40,-2.40,152764187,11117920259,84393
2026-05-28,TWSE,1805,寶徠,10.00,10.20,9.92,10.10,0.12,100279,1005986,70
2026-05-28,TWSE,1806,冠軍,8.00,8.02,7.93,7.93,-0.04,369366,2940910,349
2026-05-28,TWSE,1808,潤隆,28.60,28.65,28.05,28.15,-0.30,1633727,46151882,1196
2026-05-28,TWSE,1809,中釉,44.45,44.90,40.55,41.75,-2.65,12395902,527499622,9859
2026-05-28,TWSE,1810,和成,20.60,20.75,19.80,20.00,0.10,11421547,231494931,4386
2026-05-28,TWSE,1817,凱撒衛,39.10,39.40,39.05,39.05,-0.15,28823,1127289,39
2026-05-28,TWSE,1903,士紙,49.25,50.00,49.00,49.00,-0.25,324125,16015295,235
2026-05-28,TWSE,1904,正隆,18.90,19.00,18.75,18.80,-0.10,1085755,20472069,1130
2026-05-28,TWSE,1905,華紙,11.90,12.15,11.80,11.95,0.10,4864199,58166512,1508
2026-05-28,TWSE,1906,寶隆,10.15,10.25,10.00,10.05,0.00,162946,1645765,270
2026-05-28,TWSE,1907,永豐餘,24.20,24.50,24.00,24.25,0.25,1538131,37413201,928
2026-05-28,TWSE,1909,榮成,8.81,8.99,8.80,8.91,0.01,3308684,29406158,1256
2026-05-28,TWSE,2002,中鋼,19.10,19.35,18.80,18.85,-0.25,85146738,1620858903,30321
2026-05-28,TWSE,2002A,中鋼特,38.55,38.55,38.45,38.50,-0.05,34548,1330422,41
2026-05-28,TWSE,2006,東和鋼鐵,66.90,67.00,66.10,66.40,-0.50,4043591,268697859,2777
2026-05-28,TWSE,2007,燁興,7.44,7.66,7.40,7.41,-0.03,338461,2526096,189
2026-05-28,TWSE,2008,高興昌,28.50,28.95,28.15,28.25,0.10,20274,573425,24
2026-05-28,TWSE,2009,第一銅,39.95,40.25,38.55,38.80,-0.90,1920659,75488647,1487
2026-05-28,TWSE,2010,春源,23.00,23.05,22.60,22.85,-0.10,1673732,38271031,736
2026-05-28,TWSE,2012,春雨,14.85,14.85,14.35,14.50,0.00,82892,1205960,90
2026-05-28,TWSE,2013,中鋼構,42.40,42.80,42.40,42.40,0.00,109273,4651323,130
2026-05-28,TWSE,2014,中鴻,18.00,18.45,17.85,17.85,-0.15,7121433,128423717,2771
2026-05-28,TWSE,2015,豐興,62.40,62.50,61.60,61.80,-0.20,455923,28318187,344
2026-05-28,TWSE,2017,官田鋼,8.91,9.29,8.91,8.99,0.08,1124518,10170086,573
2026-05-28,TWSE,2020,美亞,21.25,21.40,21.05,21.05,-0.20,643369,13620418,427
2026-05-28,TWSE,2022,聚亨,7.64,7.72,7.53,7.59,-0.04,1049532,7972752,550
2026-05-28,TWSE,2023,燁輝,13.70,13.75,13.55,13.65,0.00,2225514,30363095,778
2026-05-28,TWSE,2024,志聯,13.80,14.10,13.55,14.10,0.30,41816,578371,51
2026-05-28,TWSE,2025,千興,12.10,12.25,11.80,12.00,-0.10,248594,2979113,145
2026-05-28,TWSE,2027,大成鋼,42.55,43.15,41.40,41.75,-0.70,18913490,794184663,8623
2026-05-28,TWSE,2028,威致,16.95,17.00,16.60,16.65,-0.25,220514,3693664,154
2026-05-28,TWSE,2029,盛餘,20.45,20.50,20.10,20.30,-0.15,364856,7411215,204
2026-05-28,TWSE,2030,彰源,18.00,18.20,17.70,17.75,-0.25,1248218,22316850,825
2026-05-28,TWSE,2031,新光鋼,39.15,39.15,38.40,38.70,-0.15,859306,33285407,607
2026-05-28,TWSE,2032,新鋼,18.15,18.45,17.80,17.80,-0.20,1320074,23742250,650
2026-05-28,TWSE,2033,佳大,15.10,15.25,15.00,15.25,0.15,90199,1360604,60
2026-05-28,TWSE,2034,允強,20.05,20.30,19.95,20.10,0.05,1506736,30238518,533
2026-05-28,TWSE,2038,海光,13.75,14.15,13.65,13.65,-0.10,634910,8764938,382
2026-05-28,TWSE,2049,上銀,418.00,418.00,383.00,388.00,-21.00,9726639,3877258537,15403
2026-05-28,TWSE,2059,川湖,4930.00,5120.00,4615.00,4700.00,-220.00,593987,2852368750,6527
2026-05-28,TWSE,2062,橋椿,18.35,18.65,18.25,18.40,0.20,607780,11184839,321
2026-05-28,TWSE,2069,運錩,19.20,19.35,19.00,19.00,-0.20,388872,7444513,209
2026-05-28,TWSE,2072,世紀風電,165.50,169.00,163.50,166.50,1.00,461439,76671730,520
2026-05-28,TWSE,2101,南港,29.75,30.10,29.50,29.75,0.00,2200400,65362670,1800
2026-05-28,TWSE,2102,泰豐,18.20,18.20,17.80,17.90,-0.30,639529,11497979,291
2026-05-28,TWSE,2103,台橡,18.80,19.10,18.65,18.95,0.15,3295837,62160131,1323
2026-05-28,TWSE,2104,國際中橡,9.97,9.97,9.77,9.87,0.01,2425860,23921827,897
2026-05-28,TWSE,2105,正新,31.80,32.30,31.70,31.90,0.35,11662682,372972247,5237
2026-05-28,TWSE,2106,建大,16.65,16.80,16.60,16.65,0.00,917141,15306997,569
2026-05-28,TWSE,2107,厚生,24.85,24.85,24.60,24.80,0.05,168984,4173346,203
2026-05-28,TWSE,2108,南帝,27.00,27.40,26.65,26.95,-0.05,781316,21058156,492
2026-05-28,TWSE,2109,華豐,14.05,14.10,13.90,14.10,0.20,181007,2536131,124
2026-05-28,TWSE,2114,鑫永銓,91.60,92.30,91.60,91.80,0.20,136314,12539057,114
2026-05-28,TWSE,2115,六暉-KY,21.40,22.40,21.35,21.95,1.20,481422,10517975,429
2026-05-28,TWSE,2201,裕隆,26.85,27.50,26.85,27.35,0.90,5240162,142230094,2523
2026-05-28,TWSE,2204,中華,52.60,53.50,52.20,52.90,0.30,1916150,101731877,1136
2026-05-28,TWSE,2206,三陽工業,59.80,60.20,59.80,60.00,0.20,2131259,127879956,804
2026-05-28,TWSE,2207,和泰車,462.00,462.50,456.00,456.00,-10.50,952409,436655096,2144
2026-05-28,TWSE,2208,台船,18.10,18.30,17.85,18.00,-0.10,4882773,88396460,2034
2026-05-28,TWSE,2211,長榮鋼,92.40,92.90,91.40,91.40,-0.30,601077,55303274,565
2026-05-28,TWSE,2227,裕日車,49.90,49.90,48.35,48.50,0.10,55329,2688171,83
2026-05-28,TWSE,2228,劍麟,83.40,87.20,83.40,85.00,3.10,662371,56372841,660
2026-05-28,TWSE,2231,為升,106.50,111.50,103.50,104.50,0.00,1220298,130901043,1102
2026-05-28,TWSE,2233,宇隆,365.50,377.00,345.00,351.50,-13.50,2379139,854434482,3252
2026-05-28,TWSE,2236,百達-KY,141.00,142.50,134.50,137.50,-4.00,654902,90029006,485
2026-05-28,TWSE,2239,英利-KY,22.25,24.50,22.25,24.50,2.20,188422,4412342,211
2026-05-28,TWSE,2241,艾姆勒,37.05,39.95,37.00,38.25,1.90,10963553,431838490,3343
2026-05-28,TWSE,2243,宏旭-KY,24.05,25.95,24.05,24.85,1.10,1550575,38831236,1620
2026-05-28,TWSE,2247,汎德永業,206.00,211.50,206.00,211.50,7.00,169731,35456290,310
2026-05-28,TWSE,2248,華勝-KY,53.80,56.30,53.60,54.70,0.40,160927,8840106,122
2026-05-28,TWSE,2250,IKKA-KY,61.50,62.70,60.50,60.90,0.20,129346,7959890,168
2026-05-28,TWSE,2254,巨鎧精密-創,64.80,66.00,64.50,65.20,0.40,11053,717727,15
2026-05-28,TWSE,2258,鴻華先進-創,29.15,29.90,28.80,29.20,0.55,984712,28958365,626
2026-05-28,TWSE,2301,光寶科,242.00,242.00,227.00,230.50,-15.50,54634312,12769928820,56170
2026-05-28,TWSE,2302,麗正,32.05,35.95,31.80,35.70,3.00,16558596,580685553,9041
2026-05-28,TWSE,2303,聯電,145.00,151.00,137.00,142.00,-1.50,418286433,60057269076,213104
2026-05-28,TWSE,2305,全友,24.95,25.00,22.55,23.20,0.35,16978285,405242474,8272
2026-05-28,TWSE,2308,台達電,2485.00,2520.00,2370.00,2390.00,-130.00,11721062,28629809675,90222
2026-05-28,TWSE,2312,金寶,38.00,41.05,37.30,37.70,0.35,161629606,6328005423,72170
2026-05-28,TWSE,2313,華通,285.50,290.00,257.50,259.00,-23.00,114452978,31258969627,131913
2026-05-28,TWSE,2314,台揚,15.80,15.85,15.60,15.75,0.15,437413,6907968,305
2026-05-28,TWSE,2316,楠梓電,169.50,172.50,166.50,168.50,0.50,5762749,975135688,5820
2026-05-28,TWSE,2317,鴻海,265.00,269.50,259.50,263.00,-1.00,73792269,19558676146,70332
2026-05-28,TWSE,2321,東訊,15.00,15.00,14.95,14.95,-0.05,7052,104663,14
2026-05-28,TWSE,2323,中環,10.35,10.50,10.05,10.15,-0.15,6790774,69773557,1950
2026-05-28,TWSE,2324,仁寶,33.50,35.40,33.05,33.50,0.10,146821203,5019896212,52638
2026-05-28,TWSE,2327,國巨*,709.00,769.00,709.00,742.00,41.00,25023375,18537630576,48772
2026-05-28,TWSE,2328,廣宇,54.00,55.80,52.70,53.00,-0.80,9669234,524282880,6105
2026-05-28,TWSE,2329,華泰,58.70,63.00,58.30,59.90,1.40,46157178,2836654987,26999
2026-05-28,TWSE,2330,台積電,2350.00,2360.00,2270.00,2295.00,-5.00,42313277,98017950283,208403
2026-05-28,TWSE,2331,精英,20.75,21.25,20.05,20.20,-0.35,3657439,75632478,1846
2026-05-28,TWSE,2332,友訊,15.90,16.90,15.70,16.00,0.40,15163916,246867192,5098
2026-05-28,TWSE,2337,旺宏,155.50,168.00,153.50,160.00,4.50,220204023,35892868047,139697
2026-05-28,TWSE,2338,光罩,56.90,61.40,55.10,55.90,-0.30,15689455,911740397,10876
2026-05-28,TWSE,2340,台亞,39.40,40.80,38.00,38.10,-2.00,11932781,471280962,7038
2026-05-28,TWSE,2342,茂矽,44.05,46.50,41.80,42.40,-1.65,13734592,609109818,9321
2026-05-28,TWSE,2344,華邦電,151.00,156.50,142.00,144.00,-11.00,362557912,54471638075,223159
2026-05-28,TWSE,2345,智邦,2575.00,2580.00,2395.00,2435.00,-185.00,5051117,12517383459,26389
2026-05-28,TWSE,2347,聯強,86.40,88.20,85.70,85.70,-0.20,5334945,463374601,5115
2026-05-28,TWSE,2348,海悅,68.20,68.40,67.40,67.60,-0.30,226248,15352124,329
2026-05-28,TWSE,2348A,海悅甲特,37.80,37.80,37.80,37.80,-0.05,4011,151613,5
2026-05-28,TWSE,2349,錸德,13.75,14.35,13.60,13.65,-0.20,12270688,172006636,3847
2026-05-28,TWSE,2351,順德,227.00,232.00,214.50,220.00,-9.00,8251746,1840781311,7352
2026-05-28,TWSE,2352,佳世達,27.55,29.20,27.35,27.65,0.10,11045059,310475413,7924
2026-05-28,TWSE,2353,宏碁,31.80,33.40,31.80,32.00,0.60,77812789,2536544081,31641
2026-05-28,TWSE,2354,鴻準,59.70,60.50,57.80,58.30,-1.40,10686194,631397307,7826
2026-05-28,TWSE,2355,敬鵬,62.60,66.10,60.30,61.70,-0.90,23172318,1464977923,16511
2026-05-28,TWSE,2356,英業達,62.00,67.30,61.30,63.90,1.90,136331209,8880969244,76397
2026-05-28,TWSE,2357,華碩,703.00,711.00,690.00,692.00,-9.00,4308608,3010811524,7573
2026-05-28,TWSE,2359,所羅門,145.50,146.00,135.50,137.00,-7.50,5177944,724391221,7377
2026-05-28,TWSE,2360,致茂,2560.00,2795.00,2530.00,2570.00,-55.00,4838102,12725048839,7969
2026-05-28,TWSE,2362,藍天,40.85,41.90,40.70,41.00,-0.05,1118295,46119522,820
2026-05-28,TWSE,2363,矽統,67.30,68.00,64.50,64.70,-2.10,18295852,1210953850,11862
2026-05-28,TWSE,2364,倫飛,67.40,68.80,66.90,67.30,0.00,207288,14058103,275
2026-05-28,TWSE,2365,昆盈,37.55,38.20,36.05,36.35,-1.00,5431806,201852804,2859
2026-05-28,TWSE,2367,燿華,68.00,70.00,64.20,65.80,-1.30,61519432,4108657161,39290
2026-05-28,TWSE,2368,金像電,1395.00,1420.00,1290.00,1305.00,-70.00,5166050,6902832985,21305
2026-05-28,TWSE,2369,菱生,40.00,42.00,38.75,39.75,-0.40,54879227,2210440002,29848
2026-05-28,TWSE,2371,大同,29.45,30.45,28.70,28.85,-0.55,21006627,616799352,10423
2026-05-28,TWSE,2373,震旦行,58.00,58.10,57.30,57.50,-0.50,61190,3539164,149
2026-05-28,TWSE,2374,佳能,81.00,82.30,78.10,78.60,-2.20,9188127,736605315,7941
2026-05-28,TWSE,2375,凱美,148.00,161.50,145.00,161.50,14.50,30081252,4735628954,18792
2026-05-28,TWSE,2376,技嘉,336.00,350.00,331.00,337.50,5.00,17174957,5838034923,16598
2026-05-28,TWSE,2377,微星,127.50,129.00,122.00,123.50,-3.00,27848742,3493886447,21727
2026-05-28,TWSE,2379,瑞昱,605.00,616.00,593.00,594.00,-11.00,4278904,2572549334,6393
2026-05-28,TWSE,2380,虹光,5.60,5.60,5.45,5.50,-0.03,261388,1441505,157
2026-05-28,TWSE,2382,廣達,312.50,319.00,308.50,308.50,-3.50,43210473,13509086540,33456
2026-05-28,TWSE,2383,台光電,5300.00,5515.00,5025.00,5055.00,-250.00,2289989,11958351295,22699
2026-05-28,TWSE,2385,群光,137.00,137.50,132.00,132.00,-3.50,3385321,453333563,3003
2026-05-28,TWSE,2387,精元,40.20,41.10,40.05,40.35,0.00,707055,28693940,477
2026-05-28,TWSE,2388,威盛,75.90,77.50,73.20,74.40,-1.50,11139381,838997371,8504
2026-05-28,TWSE,2390,云辰,10.90,11.20,10.65,10.65,-0.05,2016086,22046398,980
2026-05-28,TWSE,2392,正崴,38.00,39.20,37.15,37.65,0.05,2702150,103155532,2035
2026-05-28,TWSE,2393,億光,62.90,63.40,61.70,62.30,-0.40,2711238,169565309,2233
2026-05-28,TWSE,2395,研華,509.00,523.00,488.50,490.50,-18.50,4642973,2322915820,7929
2026-05-28,TWSE,2397,友通,63.20,64.40,62.10,62.20,-0.70,380133,23972486,372
2026-05-28,TWSE,2399,映泰,48.45,49.35,46.95,47.70,-0.30,8994468,434418122,5942
2026-05-28,TWSE,2401,凌陽,30.90,31.65,29.90,30.05,-1.00,18548201,569838283,9921
2026-05-28,TWSE,2402,毅嘉,68.70,69.60,65.90,66.10,-2.60,8452412,570424349,7453
2026-05-28,TWSE,2404,漢唐,1240.00,1255.00,1150.00,1160.00,-75.00,4494834,5381702345,14706
2026-05-28,TWSE,2405,輔信,16.50,17.05,16.40,16.45,0.05,4355557,72928485,1953
2026-05-28,TWSE,2406,國碩,34.50,35.55,33.10,33.30,-1.60,14377914,494183532,8966
2026-05-28,TWSE,2408,南亞科,310.00,339.00,306.00,324.00,12.00,226715301,74036809070,190239
2026-05-28,TWSE,2409,友達,21.90,23.40,21.20,21.20,-0.60,538705306,12037450511,144457
2026-05-28,TWSE,2412,中華電,137.00,138.00,136.50,136.50,-0.50,16998850,2333451407,6572
2026-05-28,TWSE,2413,環科,50.20,52.50,49.65,51.00,1.45,4945396,253551056,3103
2026-05-28,TWSE,2414,精技,51.20,51.30,50.20,50.40,-0.80,319430,16191826,418
2026-05-28,TWSE,2415,錩新,26.60,27.40,26.60,26.85,0.20,183096,4933404,133
2026-05-28,TWSE,2417,圓剛,50.30,51.20,47.50,48.05,-2.15,2410835,118499428,2028
2026-05-28,TWSE,2419,仲琦,30.80,33.50,30.80,31.45,0.95,8852828,287584431,5353
2026-05-28,TWSE,2420,新巨,63.00,65.60,62.90,64.50,2.00,1508337,97347561,1092
2026-05-28,TWSE,2421,建準,162.50,164.50,152.00,156.50,-5.50,7620238,1198144789,9850
2026-05-28,TWSE,2423,固緯,82.10,87.90,82.10,84.80,2.20,558493,47826894,673
2026-05-28,TWSE,2424,隴華,13.30,14.00,12.80,13.30,-0.25,316253,4239572,137
2026-05-28,TWSE,2425,承啟,36.15,37.00,34.50,34.60,-1.90,1599389,56961471,1262
2026-05-28,TWSE,2426,鼎元,78.90,85.50,78.50,80.90,3.10,37925253,3149373703,27676
2026-05-28,TWSE,2427,三商電,20.40,20.45,20.15,20.30,0.00,589611,11973999,560
2026-05-28,TWSE,2428,興勤,292.50,292.50,287.50,292.50,26.50,2874111,840472009,2475
2026-05-28,TWSE,2429,銘旺科,48.05,48.15,46.70,46.70,-1.55,545668,25783472,593
2026-05-28,TWSE,2430,燦坤,18.65,18.65,18.05,18.05,-0.50,237017,4323748,208
2026-05-28,TWSE,2431,聯昌,10.35,10.60,10.20,10.20,-0.15,676655,7014222,274
2026-05-28,TWSE,2432,倚天酷碁-創,26.25,26.70,26.25,26.25,0.05,34000,899850,24
2026-05-28,TWSE,2433,互盛電,43.85,43.85,42.80,42.95,-0.45,128448,5525328,181
2026-05-28,TWSE,2434,統懋,34.85,36.50,34.60,36.50,3.30,629539,22839414,410
2026-05-28,TWSE,2436,偉詮電,78.50,81.40,75.60,76.80,-1.30,10774837,849101695,10226
2026-05-28,TWSE,2438,翔耀,27.70,27.80,26.80,27.80,2.50,1892226,52377472,1253
2026-05-28,TWSE,2439,美律,90.40,92.00,89.70,91.50,0.80,3882775,354422399,3678
2026-05-28,TWSE,2440,太空梭,17.40,17.55,16.65,16.85,-0.50,543566,9301315,381
2026-05-28,TWSE,2441,超豐,135.50,148.00,135.50,141.00,5.00,20880267,2977950311,17264
2026-05-28,TWSE,2442,新美齊,18.40,18.80,18.40,18.70,0.40,2656069,49547766,1220
2026-05-28,TWSE,2444,兆勁,12.25,12.65,12.10,12.30,0.00,846769,10476897,368
2026-05-28,TWSE,2449,京元電子,315.50,334.00,312.00,320.00,4.50,72840078,23573939442,79042
2026-05-28,TWSE,2450,神腦,29.35,29.40,29.15,29.25,-0.10,164778,4820683,193
2026-05-28,TWSE,2451,創見,325.00,337.00,319.00,322.00,1.00,8839531,2903806753,9325
2026-05-28,TWSE,2453,凌群,62.00,62.00,59.90,60.10,-2.40,2586314,157246222,2518
2026-05-28,TWSE,2454,聯發科,4620.00,4685.00,4270.00,4410.00,-230.00,16433052,73375621300,165862
2026-05-28,TWSE,2455,全新,413.00,420.00,391.50,391.50,-27.00,2272490,915974117,4536
2026-05-28,TWSE,2457,飛宏,25.20,26.00,24.70,25.15,-0.05,3685718,93708293,2032
2026-05-28,TWSE,2458,義隆,164.50,166.50,158.50,161.00,-3.50,3208940,517707216,3398
2026-05-28,TWSE,2459,敦吉,67.00,67.30,66.30,66.70,-0.30,346702,23159297,451
2026-05-28,TWSE,2460,建通,32.00,32.70,31.40,31.65,-0.30,791605,25312304,568
2026-05-28,TWSE,2461,光群雷,15.90,16.30,15.80,16.05,0.40,1740137,27786790,459
2026-05-28,TWSE,2462,良得電,20.40,21.05,20.40,20.65,0.40,827297,17184444,553
2026-05-28,TWSE,2464,盟立,177.00,177.00,163.50,168.00,-9.00,17695107,2994901284,19498
2026-05-28,TWSE,2465,麗臺,86.00,86.50,81.50,81.90,-4.10,1623246,135937817,1859
2026-05-28,TWSE,2466,冠西電,47.80,48.00,46.70,46.80,-0.90,262217,12398005,226
2026-05-28,TWSE,2467,志聖,655.00,660.00,614.00,617.00,-40.00,2719603,1731120733,6366
2026-05-28,TWSE,2468,華經,33.45,34.35,32.60,33.00,-0.10,275157,9220938,292
2026-05-28,TWSE,2471,資通,50.90,50.90,50.30,50.80,0.20,265877,13444576,204
2026-05-28,TWSE,2472,立隆電,352.00,371.00,352.00,371.00,33.50,9320465,3408897731,7791
2026-05-28,TWSE,2474,可成,212.00,212.50,190.00,190.50,-18.00,24693521,4878903655,22813
2026-05-28,TWSE,2476,鉅祥,130.00,132.00,119.50,122.00,-7.00,9137196,1142668160,9630
2026-05-28,TWSE,2477,美隆電,20.60,21.15,20.55,21.05,0.50,391182,8173655,272
2026-05-28,TWSE,2478,大毅,118.50,129.50,118.50,127.00,7.00,5923063,743823993,5549
2026-05-28,TWSE,2480,敦陽科,147.00,148.00,145.50,147.00,0.50,492975,72344534,605
2026-05-28,TWSE,2481,強茂,146.50,160.50,143.00,148.00,0.50,86464838,13220040127,57557
2026-05-28,TWSE,2482,連宇,16.35,16.50,16.10,16.25,-0.05,251134,4100859,366
2026-05-28,TWSE,2483,百容,25.50,26.05,25.30,25.50,0.10,464998,11936969,304
2026-05-28,TWSE,2484,希華,52.60,57.80,52.50,55.20,2.60,43220213,2440005918,24940
2026-05-28,TWSE,2485,兆赫,74.80,77.60,70.30,71.80,-2.30,38949087,2872193354,25811
2026-05-28,TWSE,2486,一詮,279.50,282.00,255.00,261.00,-15.00,9778309,2627267895,12310
2026-05-28,TWSE,2488,漢平,53.20,53.40,52.80,53.00,-0.10,269579,14314433,181
2026-05-28,TWSE,2489,瑞軒,50.70,52.80,47.20,48.00,-2.70,70715115,3513076508,40339
2026-05-28,TWSE,2491,吉祥全,22.50,23.20,22.10,22.30,-0.25,740787,16689580,431
2026-05-28,TWSE,2492,華新科,355.00,397.00,355.00,390.00,29.00,5997371,2340952161,6519
2026-05-28,TWSE,2493,揚博,162.50,173.50,162.00,163.00,5.00,9554309,1598144416,10242
2026-05-28,TWSE,2495,普安,49.00,49.85,46.55,47.35,-3.25,25814174,1247622131,14857
2026-05-28,TWSE,2496,卓越,65.30,65.30,64.60,64.70,-0.30,16184,1050878,19
2026-05-28,TWSE,2497,怡利電,58.60,63.60,58.60,60.80,2.90,3508178,216176721,2381
2026-05-28,TWSE,2498,宏達電,45.00,45.50,43.80,43.90,-0.75,9042819,402699834,5438
2026-05-28,TWSE,2501,國建,21.95,22.40,21.95,22.25,0.40,4399149,97665616,1877
2026-05-28,TWSE,2504,國產,34.95,34.95,34.50,34.50,-0.45,2045543,70759710,1299
2026-05-28,TWSE,2505,國揚,17.60,17.60,17.40,17.50,-0.05,313289,5473131,203
2026-05-28,TWSE,2506,太設,8.64,8.65,8.59,8.63,-0.02,133136,1147228,140
2026-05-28,TWSE,2509,全坤建,12.30,12.50,12.25,12.35,0.05,178924,2220298,180
2026-05-28,TWSE,2511,太子,7.65,7.68,7.60,7.66,0.04,937970,7171558,277
2026-05-28,TWSE,2514,龍邦,12.90,12.90,12.75,12.80,0.00,91416,1173866,105
2026-05-28,TWSE,2515,中工,12.90,12.90,12.60,12.60,-0.25,7476571,94800692,2169
2026-05-28,TWSE,2516,新建,13.10,13.55,12.65,12.65,-0.95,415554,5429706,290
2026-05-28,TWSE,2520,冠德,30.15,30.35,29.90,29.95,-0.10,1942195,58418099,982
2026-05-28,TWSE,2524,京城,33.55,34.35,33.50,34.05,0.80,141823,4817102,185
2026-05-28,TWSE,2527,宏璟,36.30,37.25,36.10,36.75,0.50,737586,26950902,588
2026-05-28,TWSE,2528,皇普,21.95,21.95,21.10,21.35,-0.45,1064615,22636129,628
2026-05-28,TWSE,2530,華建,18.20,18.30,17.70,18.00,-0.10,1608590,28900148,730
2026-05-28,TWSE,2534,宏盛,17.55,17.55,16.95,17.30,-0.25,2659548,45669925,2805
2026-05-28,TWSE,2535,達欣工,78.10,81.00,78.10,79.50,1.50,885579,70719253,1299
2026-05-28,TWSE,2536,宏普,19.35,19.60,19.15,19.45,0.25,457510,8876466,253
2026-05-28,TWSE,2537,聯上發,9.39,9.61,9.39,9.47,0.08,878090,8321544,422
2026-05-28,TWSE,2538,基泰,9.37,9.37,9.25,9.29,-0.08,376415,3491272,250
2026-05-28,TWSE,2539,櫻花建,33.20,34.80,33.10,34.50,1.30,2917441,98948834,1843
2026-05-28,TWSE,2540,愛山林,53.50,54.10,51.50,53.60,0.10,1689288,89596764,3063
2026-05-28,TWSE,2542,興富發,43.05,43.45,42.00,42.00,-1.10,13535015,573262713,18542
2026-05-28,TWSE,2543,皇昌,41.70,42.70,41.00,41.80,0.30,2298599,96208276,2131
2026-05-28,TWSE,2545,皇翔,35.85,36.95,35.85,36.35,0.50,467176,17002733,393
2026-05-28,TWSE,2546,根基,87.90,88.20,86.80,86.90,-0.40,153397,13390251,1174
2026-05-28,TWSE,2547,日勝生,9.94,9.95,9.86,9.89,-0.01,2159594,21380694,719
2026-05-28,TWSE,2548,華固,121.50,123.00,120.00,121.00,-0.50,2654085,322660805,2334
2026-05-28,TWSE,2597,潤弘,158.00,159.50,155.00,157.00,-0.50,509683,80072898,702
2026-05-28,TWSE,2601,益航,5.00,5.06,4.96,5.06,0.06,2112817,10580217,820
2026-05-28,TWSE,2603,長榮,212.00,215.00,211.00,211.00,-0.50,27762878,5911196241,15531
2026-05-28,TWSE,2605,新興,30.85,31.75,30.80,31.45,0.45,5393366,169017051,3177
2026-05-28,TWSE,2606,裕民,72.00,72.70,70.90,70.90,-1.60,7539007,541280292,5368
2026-05-28,TWSE,2607,榮運,47.50,47.70,47.20,47.30,0.00,995513,47199949,635
2026-05-28,TWSE,2608,嘉里大榮,28.60,28.80,28.40,28.60,0.00,868921,24822028,553
2026-05-28,TWSE,2609,陽明,52.90,53.50,52.00,52.30,-0.30,16197736,852963409,9787
2026-05-28,TWSE,2610,華航,18.65,19.20,18.60,18.60,0.15,62854510,1183317879,15412
2026-05-28,TWSE,2611,志信,13.00,13.05,12.80,13.05,0.10,540838,7007314,412
2026-05-28,TWSE,2612,中航,58.20,58.60,57.40,57.50,-0.10,980812,56889982,722
2026-05-28,TWSE,2613,中櫃,21.65,21.75,21.20,21.30,-0.35,527024,11316222,465
2026-05-28,TWSE,2614,東森,18.10,18.30,17.95,18.10,-0.05,996828,18052597,2020
2026-05-28,TWSE,2615,萬海,81.80,82.40,80.30,80.70,-1.10,7318206,594868584,7165
2026-05-28,TWSE,2616,山隆,13.15,13.65,13.15,13.55,0.25,665147,8899442,667
2026-05-28,TWSE,2617,台航,28.80,29.05,28.75,28.80,0.00,747462,21583279,409
2026-05-28,TWSE,2618,長榮航,35.50,36.25,35.30,35.30,0.50,86240054,3080608970,23674
2026-05-28,TWSE,2630,亞航,41.35,42.25,41.20,41.80,0.55,789235,32996068,661
2026-05-28,TWSE,2633,台灣高鐵,25.25,25.25,24.80,24.80,-0.45,19395430,482975645,7227
2026-05-28,TWSE,2634,漢翔,45.90,46.65,45.65,45.90,0.40,4439687,204800814,2727
2026-05-28,TWSE,2636,台驊控股,66.90,67.60,66.90,67.10,0.20,445850,29959172,406
2026-05-28,TWSE,2637,慧洋-KY,76.40,78.40,76.00,76.70,0.80,6114298,473975967,4478
2026-05-28,TWSE,2642,宅配通,20.10,20.90,20.10,20.75,0.65,244743,5011936,259
2026-05-28,TWSE,2645,長榮航太,164.00,166.00,160.50,164.00,2.50,1916345,313801546,2370
2026-05-28,TWSE,2646,星宇航空,20.05,20.35,20.05,20.05,0.00,6605776,133256288,3433
2026-05-28,TWSE,2701,萬企,10.30,10.30,10.20,10.20,0.00,110210,1130442,50
2026-05-28,TWSE,2702,華園,12.75,13.00,12.70,12.80,0.05,96131,1231306,98
2026-05-28,TWSE,2704,國賓,42.70,42.75,42.15,42.15,0.00,84643,3577177,341
2026-05-28,TWSE,2705,六福,15.00,15.15,14.90,15.00,0.00,3858888,63128793,350
2026-05-28,TWSE,2706,第一店,11.95,12.00,11.85,11.90,-0.05,226243,2688120,148
2026-05-28,TWSE,2707,晶華,173.00,174.00,171.50,171.50,-1.50,194118,33475004,288
2026-05-28,TWSE,2712,遠雄來,14.75,14.75,14.65,14.75,0.00,6010,88346,8
2026-05-28,TWSE,2722,夏都,22.55,22.75,22.35,22.35,-0.25,31471,707930,47
2026-05-28,TWSE,2723,美食-KY,60.30,60.80,59.70,60.50,0.30,608149,36580063,453
2026-05-28,TWSE,2727,王品,233.00,234.00,231.50,232.00,-2.00,350322,81480971,811
2026-05-28,TWSE,2731,雄獅,167.00,168.50,164.50,165.50,-0.50,1456383,242508375,1563
2026-05-28,TWSE,2739,寒舍,34.50,35.10,34.50,34.60,-0.10,103377,3593093,526
2026-05-28,TWSE,2748,雲品,38.90,38.95,38.50,38.75,-0.25,238021,9214768,254
2026-05-28,TWSE,2753,八方雲集,173.00,174.00,172.00,172.00,-1.00,282960,48928342,645
2026-05-28,TWSE,2762,世界健身-KY,81.90,83.80,81.30,81.30,0.20,154321,12754913,517
2026-05-28,TWSE,2801,彰銀,20.15,20.30,20.05,20.05,-0.10,28409136,572293468,9949
2026-05-28,TWSE,2812,台中銀,18.80,18.80,18.50,18.50,-0.30,26000156,483376805,12464
2026-05-28,TWSE,2816,旺旺保,32.30,32.55,32.00,32.10,0.15,458750,14800674,286
2026-05-28,TWSE,2820,華票,16.75,16.75,16.70,16.70,0.00,832179,13911568,502
2026-05-28,TWSE,2832,台產,53.20,53.50,52.80,53.00,0.10,215239,11453215,232
2026-05-28,TWSE,2834,臺企銀,16.10,16.15,15.90,15.90,-0.25,36626714,585915895,8689
2026-05-28,TWSE,2836,高雄銀,11.80,11.80,11.70,11.75,-0.05,1676345,19671588,589
2026-05-28,TWSE,2836A,高雄銀甲特,24.50,24.50,24.40,24.50,-0.05,14328,350535,14
2026-05-28,TWSE,2838,聯邦銀,20.50,20.50,20.15,20.20,-0.30,1301339,26387139,791
2026-05-28,TWSE,2838A,聯邦銀甲特,54.40,54.40,54.30,54.40,-0.10,101175,5496914,46
2026-05-28,TWSE,2845,遠東銀,11.90,11.95,11.85,11.90,0.00,11646604,138602226,3942
2026-05-28,TWSE,2849,安泰銀,13.85,13.85,13.60,13.75,-0.05,58158,799851,71
2026-05-28,TWSE,2850,新產,141.50,141.50,137.00,137.00,-4.50,455853,63082127,945
2026-05-28,TWSE,2851,中再保,35.00,35.45,34.75,35.20,0.20,2376812,83382349,1221
2026-05-28,TWSE,2852,第一保,26.95,26.95,26.70,26.90,0.05,363958,9774409,199
2026-05-28,TWSE,2855,統一證,46.40,46.80,44.40,45.10,0.20,13693145,623482863,11514
2026-05-28,TWSE,2867,三商壽,7.56,7.56,7.43,7.44,-0.10,8621727,64452153,2176
2026-05-28,TWSE,2880,華南金,30.10,30.30,29.60,29.60,-0.35,96181130,2872418499,27157
2026-05-28,TWSE,2881,富邦金,110.00,112.00,107.00,110.00,0.00,83541343,9137481888,27441
2026-05-28,TWSE,2881A,富邦特,63.90,63.90,63.80,63.80,-0.10,33076,2110258,25
2026-05-28,TWSE,2881B,富邦金乙特,62.50,62.70,62.50,62.70,0.00,163529,10239397,50
2026-05-28,TWSE,2881C,富邦金丙特,51.10,51.10,51.00,51.00,-0.10,116149,5928439,153
2026-05-28,TWSE,2882,國泰金,85.40,86.20,83.40,84.80,-0.60,61980458,5242036846,40358
2026-05-28,TWSE,2882A,國泰特,62.00,62.00,61.80,62.00,-0.10,26342,1630120,31
2026-05-28,TWSE,2882B,國泰金乙特,60.60,60.80,60.50,60.80,0.00,81067,4915610,49
2026-05-28,TWSE,2883,凱基金,22.40,22.85,22.00,22.15,-0.15,88869113,1991225892,17985
2026-05-28,TWSE,2883B,凱基金乙特,8.12,8.13,8.09,8.13,-0.01,1697500,13765088,388
2026-05-28,TWSE,2884,玉山金,31.15,31.15,30.65,30.70,-0.45,68131486,2100153555,29353
2026-05-28,TWSE,2885,元大金,59.50,60.20,58.40,59.10,-0.40,37726655,2228599146,17768
2026-05-28,TWSE,2886,兆豐金,39.80,40.25,39.50,39.80,0.35,36810439,1469055679,13440
2026-05-28,TWSE,2887,台新新光金,23.40,23.55,23.00,23.00,-0.30,171562778,3993063627,33019
2026-05-28,TWSE,2887E,台新新光戊特一,50.90,50.90,50.60,50.90,-0.10,243361,12362977,145
2026-05-28,TWSE,2887F,台新新光戊特二,47.20,47.20,46.55,47.05,0.00,44100,2072659,19
2026-05-28,TWSE,2887G,台新新光庚特一,42.55,42.55,42.40,42.55,0.00,154412,6560239,67
2026-05-28,TWSE,2887H,台新新光庚特二,40.85,40.85,40.50,40.75,-0.10,242330,9849442,161
2026-05-28,TWSE,2887I,台新新光辛特,9.39,9.40,9.38,9.39,0.00,4295599,40323312,744
2026-05-28,TWSE,2887Z1,台新新光己特,17.15,17.25,17.10,17.20,0.05,303494,5222591,35
2026-05-28,TWSE,2889,國票金,14.60,14.70,14.50,14.60,0.05,3705911,53889784,1393
2026-05-28,TWSE,2890,永豐金,29.65,29.85,29.50,29.50,-0.15,28864438,855865555,9763
2026-05-28,TWSE,2891,中信金,58.60,60.80,58.60,59.30,0.10,69083306,4135559145,22695
2026-05-28,TWSE,2891B,中信金乙特,64.20,64.40,63.80,64.40,0.00,12602,809551,27
2026-05-28,TWSE,2891C,中信金丙特,62.40,62.50,62.40,62.50,0.00,32226,2013957,20
2026-05-28,TWSE,2892,第一金,27.60,27.65,27.25,27.25,-0.35,47996477,1315448085,20221
2026-05-28,TWSE,2897,王道銀行,10.00,10.05,9.90,9.94,-0.06,3717300,36969440,1214
2026-05-28,TWSE,2897B,王道銀乙特,11.85,11.85,11.80,11.80,-0.05,51037,602533,26
2026-05-28,TWSE,2901,欣欣,22.45,23.00,22.45,22.75,0.30,17058,387801,80
2026-05-28,TWSE,2903,遠百,22.00,22.00,21.60,21.80,-0.10,2646841,57584378,1595
2026-05-28,TWSE,2904,匯僑,14.15,14.40,14.00,14.05,-0.10,55425,781339,54
2026-05-28,TWSE,2905,三商,13.65,13.65,13.40,13.45,-0.10,506851,6817805,362
2026-05-28,TWSE,2906,高林,12.40,12.40,12.20,12.25,-0.10,419990,5152068,272
2026-05-28,TWSE,2908,特力,21.30,21.45,21.15,21.45,0.10,312229,6664577,236
2026-05-28,TWSE,2910,統領,21.45,21.45,20.65,21.45,-0.10,17089,358708,15
2026-05-28,TWSE,2911,麗嬰房,8.43,9.08,8.33,8.33,-0.92,480126,4130992,441
2026-05-28,TWSE,2912,統一超,207.50,211.50,203.50,207.00,0.50,15455284,3215187907,12979
2026-05-28,TWSE,2913,農林,10.65,10.85,10.60,10.70,0.05,3361691,36035528,997
2026-05-28,TWSE,2915,潤泰全,43.90,44.45,43.70,44.00,0.45,3204397,140870972,1367
2026-05-28,TWSE,2923,鼎固-KY,25.00,25.00,23.35,23.80,-0.15,73739,1778953,118
2026-05-28,TWSE,2929,淘帝-KY,6.55,6.62,6.00,6.00,-0.65,2505655,15859484,957
2026-05-28,TWSE,2939,永邑-KY,22.30,22.35,22.05,22.25,-0.40,7101,157922,9
2026-05-28,TWSE,2945,三商家購,41.15,41.15,40.60,40.60,0.20,5562,227322,14
2026-05-28,TWSE,3002,歐格,16.90,17.45,16.90,17.05,0.15,335097,5752128,216
2026-05-28,TWSE,3003,健和興,62.90,64.70,61.80,62.20,-0.70,1965070,124512854,1996
2026-05-28,TWSE,3004,豐達科,123.50,123.50,118.00,118.00,-6.00,1126580,136238108,1348
2026-05-28,TWSE,3005,神基,103.00,104.50,102.50,103.00,0.00,4068586,420638820,2531
2026-05-28,TWSE,3006,晶豪科,243.00,253.00,236.00,242.50,1.50,29229215,7199133121,24476
2026-05-28,TWSE,3008,大立光,3505.00,3630.00,3420.00,3425.00,-80.00,1352548,4734038745,13042
2026-05-28,TWSE,3010,華立,141.50,144.00,136.00,138.00,-1.00,1695468,237933089,2264
2026-05-28,TWSE,3011,今皓,13.15,13.75,13.00,13.15,0.00,1483684,19832956,612
2026-05-28,TWSE,3013,晟銘電,120.00,121.50,115.50,117.50,-2.00,5144010,609800475,4886
2026-05-28,TWSE,3014,聯陽,153.00,156.00,148.00,148.50,-4.50,2680278,406269987,4135
2026-05-28,TWSE,3015,全漢,51.60,52.60,50.80,50.90,-0.70,650972,33524453,411
2026-05-28,TWSE,3016,嘉晶,126.00,138.50,125.00,134.50,8.50,17126606,2324702302,12160
2026-05-28,TWSE,3017,奇鋐,2740.00,2795.00,2540.00,2580.00,-120.00,5097423,13522980400,32263
2026-05-28,TWSE,3018,隆銘綠能,9.60,9.60,9.35,9.35,-0.25,25016,238698,99
2026-05-28,TWSE,3019,亞光,152.00,156.50,149.00,149.50,0.00,11103904,1701565477,10028
2026-05-28,TWSE,3021,鴻名,27.40,27.40,27.40,27.40,2.45,536841,14709428,277
2026-05-28,TWSE,3022,威強電,74.20,75.90,72.80,73.10,-0.80,1119377,83444105,1251
2026-05-28,TWSE,3023,信邦,317.00,317.00,300.00,302.50,-9.50,1446175,443244271,2460
2026-05-28,TWSE,3024,憶聲,15.85,15.95,15.40,15.55,-0.30,2081309,32631826,1058
2026-05-28,TWSE,3025,星通,77.20,79.30,74.60,75.50,-1.70,2256619,173600090,6870
2026-05-28,TWSE,3026,禾伸堂,608.00,635.00,585.00,605.00,-3.00,2506943,1528837672,3897
2026-05-28,TWSE,3027,盛達,18.90,20.35,18.90,19.25,0.70,1866838,36912322,1465
2026-05-28,TWSE,3028,增你強,82.10,84.10,80.80,81.20,-0.20,4307286,354726005,3320
2026-05-28,TWSE,3029,零壹,95.30,96.20,94.10,94.40,-0.90,987701,93858975,1387
2026-05-28,TWSE,3030,德律,410.00,433.50,405.50,409.00,9.50,7057925,2961885802,8907
2026-05-28,TWSE,3031,佰鴻,31.65,33.15,31.00,31.30,0.35,4864784,156901997,2957
2026-05-28,TWSE,3032,偉訓,90.60,93.60,88.50,90.30,-0.30,2910710,263817635,2235
2026-05-28,TWSE,3033,威健,51.10,51.70,49.80,50.10,-0.60,12249078,621131511,9060
2026-05-28,TWSE,3034,聯詠,487.50,496.00,477.50,478.50,-6.50,6060204,2939819933,7880
2026-05-28,TWSE,3035,智原,203.00,210.50,201.50,208.50,6.00,16061701,3324425621,14831
2026-05-28,TWSE,3036,文曄,299.50,299.50,289.00,289.50,-6.50,6314889,1852978467,7607
2026-05-28,TWSE,3037,欣興,1125.00,1130.00,1000.00,1025.00,-55.00,25166670,26587310350,67997
2026-05-28,TWSE,3038,全台,23.25,23.65,23.15,23.30,0.05,524593,12290820,322
2026-05-28,TWSE,3040,遠見,39.75,40.40,39.30,39.65,0.00,118094,4706833,140
2026-05-28,TWSE,3041,揚智,25.90,26.30,25.10,25.40,-0.50,1790404,45862487,1380
2026-05-28,TWSE,3042,晶技,205.00,217.50,205.00,217.50,19.50,20696164,4461367284,12145
2026-05-28,TWSE,3043,科風,20.60,22.15,20.60,20.80,0.25,402399,8575716,483
2026-05-28,TWSE,3044,健鼎,533.00,533.00,490.00,493.50,-30.50,5510237,2802445840,11743
2026-05-28,TWSE,3045,台灣大,110.00,112.50,110.00,111.00,1.00,20078822,2240696210,5761
2026-05-28,TWSE,3046,建碁,54.60,55.60,53.90,54.40,0.50,760286,41698670,850
2026-05-28,TWSE,3047,訊舟,15.05,15.55,14.70,14.80,-0.10,2204669,33374070,1115
2026-05-28,TWSE,3048,益登,70.50,77.00,69.50,72.20,2.20,29697572,2210954242,16608
2026-05-28,TWSE,3049,精金,12.30,13.20,12.30,12.40,0.20,14374387,182832676,7676
2026-05-28,TWSE,3050,鈺德,12.45,12.85,12.30,12.45,0.05,1204887,15075202,628
2026-05-28,TWSE,3051,力特,27.25,28.30,26.65,27.10,-0.15,3540629,97544251,2283
2026-05-28,TWSE,3052,夆典,10.35,10.50,10.35,10.45,0.15,486011,5059301,257
2026-05-28,TWSE,3054,立萬利,69.50,69.50,66.00,67.50,-0.10,231470,15602648,250
2026-05-28,TWSE,3055,蔚華科,112.50,112.50,103.50,105.50,-7.00,4319594,460369306,3744
2026-05-28,TWSE,3056,富華新,13.30,13.40,13.15,13.20,-0.10,1401559,18547703,810
2026-05-28,TWSE,3057,喬鼎,20.25,20.65,19.85,20.05,-0.20,298348,6066075,289
2026-05-28,TWSE,3058,立德,8.14,8.23,8.08,8.12,0.04,997412,8123829,457
2026-05-28,TWSE,3059,華晶科,42.25,44.85,41.60,41.85,0.30,12814600,554493395,8035
2026-05-28,TWSE,3060,銘異,29.80,30.10,28.45,28.70,-1.10,3731614,109066174,3502
2026-05-28,TWSE,3062,建漢,29.60,30.85,29.00,29.40,0.20,13029290,391698131,6146
2026-05-28,TWSE,3090,日電貿,231.00,233.00,208.50,208.50,-22.50,2940019,643149392,3882
2026-05-28,TWSE,3092,鴻碩,29.50,30.50,28.75,28.90,-0.60,503097,14916374,423
2026-05-28,TWSE,3094,聯傑,35.60,36.30,33.70,34.25,-1.30,2950743,103368077,2177
2026-05-28,TWSE,3130,一零四,221.50,221.50,220.00,221.00,-0.50,37173,8206597,178
2026-05-28,TWSE,3135,凌航,252.00,256.00,245.00,250.00,8.00,3644127,913103126,4239
2026-05-28,TWSE,3138,耀登,168.00,174.00,160.00,160.50,-5.00,1533742,255789683,1798
2026-05-28,TWSE,3149,正達,65.90,71.80,65.70,67.10,1.70,34145285,2357314741,21057
2026-05-28,TWSE,3150,鈺寶-創,19.00,20.70,18.90,19.85,0.85,127809,2517005,88
2026-05-28,TWSE,3164,景岳,16.20,16.75,16.20,16.40,0.15,98852,1629095,88
2026-05-28,TWSE,3167,大量,835.00,835.00,784.00,795.00,-25.00,502280,403786552,2967
2026-05-28,TWSE,3168,眾福科,50.20,50.70,47.50,47.50,-1.70,171783,8386552,169
2026-05-28,TWSE,3189,景碩,702.00,702.00,654.00,681.00,-21.00,8187338,5578812838,24434
2026-05-28,TWSE,3209,全科,81.80,82.20,78.10,78.50,-2.90,3929774,314382387,3121
2026-05-28,TWSE,3229,晟鈦,45.80,48.35,44.50,45.00,-0.90,844912,38863409,702
2026-05-28,TWSE,3231,緯創,146.00,149.00,143.00,144.50,-0.50,41753832,6095063282,27388
2026-05-28,TWSE,3257,虹冠電,59.10,67.20,58.60,65.60,4.50,5130965,329427846,4354
2026-05-28,TWSE,3266,昇陽,12.70,12.80,12.65,12.75,0.20,63531,809318,49
2026-05-28,TWSE,3296,勝德,19.65,19.85,19.50,19.50,-0.15,146327,2887358,165
2026-05-28,TWSE,3305,昇貿,161.50,165.00,155.50,158.00,-2.00,10438593,1672585910,8615
2026-05-28,TWSE,3308,聯德,20.10,20.60,19.85,20.00,-0.10,135069,2718665,231
2026-05-28,TWSE,3311,閎暉,35.00,38.35,34.70,36.45,1.55,4396543,163042063,2898
2026-05-28,TWSE,3312,弘憶股,50.20,51.70,48.35,49.30,-0.60,3745341,187513073,2483
2026-05-28,TWSE,3321,同泰,19.10,20.50,19.10,19.45,0.40,2186802,43151761,1046
2026-05-28,TWSE,3338,泰碩,75.70,77.10,71.90,72.50,-3.10,1540790,113806555,1424
2026-05-28,TWSE,3346,麗清,19.50,19.50,19.50,19.50,1.75,708827,13822111,327
2026-05-28,TWSE,3356,奇偶,64.50,65.60,61.50,62.00,-2.40,2763446,177954300,2292
2026-05-28,TWSE,3376,新日興,214.50,216.50,204.00,205.00,-7.00,4332441,907047583,4420
2026-05-28,TWSE,3380,明泰,35.70,38.05,35.70,36.10,0.60,9716466,359771134,5758
2026-05-28,TWSE,3406,玉晶光,586.00,595.00,570.00,572.00,-13.00,1081872,628708895,2224
2026-05-28,TWSE,3413,京鼎,315.00,326.00,313.00,318.00,3.50,6540669,2095245814,7334
2026-05-28,TWSE,3416,融程電,187.00,187.00,178.00,179.00,-6.00,842353,152679500,1313
2026-05-28,TWSE,3419,譁裕,13.55,13.90,13.50,13.55,-0.15,474554,6493482,210
2026-05-28,TWSE,3432,台端,19.10,19.30,18.60,18.75,-0.10,91616,1734829,106
2026-05-28,TWSE,3437,榮創,23.80,24.40,23.00,23.45,-0.35,1872230,44385547,1152
2026-05-28,TWSE,3443,創意,5090.00,5320.00,4590.00,4590.00,-510.00,4074783,19746703530,35795
2026-05-28,TWSE,3447,展達,36.25,37.25,35.85,36.65,0.60,286425,10413810,168
2026-05-28,TWSE,3450,聯鈞,510.00,527.00,471.50,481.00,-20.00,15667104,7818781110,22072
2026-05-28,TWSE,3481,群創,50.20,52.20,46.20,46.40,-3.80,1259689849,61825285851,499015
2026-05-28,TWSE,3494,誠研,8.11,8.11,7.98,8.04,-0.07,175134,1404787,154
2026-05-28,TWSE,3501,維熹,39.60,40.20,39.50,39.85,0.30,303167,12078921,247
2026-05-28,TWSE,3504,揚明光,77.60,80.60,76.50,77.10,-0.50,1693310,133038539,1492
2026-05-28,TWSE,3515,華擎,240.50,246.00,232.00,233.50,-6.50,638226,152277679,1069
2026-05-28,TWSE,3518,柏騰,35.25,37.10,34.35,34.55,-1.25,1862558,66519985,1159
2026-05-28,TWSE,3528,安馳,112.50,113.50,111.00,113.50,10.00,1151640,130339115,618
2026-05-28,TWSE,3530,晶相光,68.90,70.30,66.50,66.80,-1.70,352053,24032672,381
2026-05-28,TWSE,3532,台勝科,290.50,316.50,281.00,290.00,-0.50,10928652,3262181454,10838
2026-05-28,TWSE,3533,嘉澤,2630.00,2685.00,2455.00,2485.00,-140.00,1190319,3009432450,5526
2026-05-28,TWSE,3535,晶彩科,124.50,126.50,120.00,120.50,-3.00,2462809,302358320,2632
2026-05-28,TWSE,3543,州巧,35.65,36.85,35.15,35.40,0.05,1106401,39892140,669
2026-05-28,TWSE,3545,敦泰,60.00,60.30,57.20,58.20,-1.10,2260645,133227360,2461
2026-05-28,TWSE,3550,聯穎,20.20,20.65,19.70,20.00,-0.20,1869726,37701578,1032
2026-05-28,TWSE,3557,嘉威,24.70,24.80,23.60,23.60,-1.05,434337,10334890,157
2026-05-28,TWSE,3563,牧德,850.00,866.00,814.00,816.00,-26.00,1615825,1350358151,5728
2026-05-28,TWSE,3576,聯合再生,19.00,19.70,18.20,18.25,-0.85,29399181,555118607,13449
2026-05-28,TWSE,3583,辛耘,878.00,947.00,872.00,877.00,1.00,4759940,4329906684,8988
2026-05-28,TWSE,3588,通嘉,65.20,65.90,61.20,61.70,-2.80,1004745,63521011,1742
2026-05-28,TWSE,3591,艾笛森,25.55,26.85,25.50,26.05,0.55,2551604,66364989,1482
2026-05-28,TWSE,3592,瑞鼎,281.00,284.00,270.50,274.00,-7.00,1171334,323407183,2043
2026-05-28,TWSE,3593,力銘,16.60,17.40,16.60,16.95,-0.35,32070,542391,50
2026-05-28,TWSE,3596,智易,190.00,191.00,183.00,184.00,-4.50,1572264,293023457,4457
2026-05-28,TWSE,3605,宏致,79.10,81.80,78.30,78.30,0.00,6021076,482495830,4522
2026-05-28,TWSE,3607,谷崧,15.20,15.75,15.10,15.20,0.00,852558,13157691,465
2026-05-28,TWSE,3617,碩天,217.50,217.50,206.00,211.50,-3.50,717860,151456361,996
2026-05-28,TWSE,3622,洋華,57.40,58.00,55.90,56.40,-0.70,532825,30273563,452
2026-05-28,TWSE,3645,達邁,110.00,112.00,103.00,104.00,-6.00,8231349,877542761,6948
2026-05-28,TWSE,3652,精聯,33.65,35.40,33.65,33.95,1.15,947658,32682828,847
2026-05-28,TWSE,3653,健策,3700.00,3830.00,3460.00,3500.00,-170.00,2199582,7914197950,17362
2026-05-28,TWSE,3661,世芯-KY,4530.00,4575.00,4230.00,4300.00,-200.00,2420551,10597921425,28007
2026-05-28,TWSE,3665,貿聯-KY,2030.00,2115.00,1950.00,2115.00,0.00,3095357,6208885395,18736
2026-05-28,TWSE,3669,圓展,39.30,39.90,37.80,38.25,-1.05,272337,10562162,239
2026-05-28,TWSE,3673,TPK-KY,89.60,90.30,80.00,81.00,-6.90,41573738,3541267595,58942
2026-05-28,TWSE,3679,新至陞,120.00,121.50,119.50,120.50,0.50,58267,7028939,69
2026-05-28,TWSE,3686,達能,17.60,18.10,17.30,17.35,-0.20,312757,5544549,212
2026-05-28,TWSE,3694,海華,68.70,70.00,66.20,66.60,-1.90,2596190,176291777,2111
2026-05-28,TWSE,3701,大眾控,56.10,56.70,52.10,52.60,-3.10,2408151,130373977,1925
2026-05-28,TWSE,3702,大聯大,120.50,125.00,120.00,121.50,1.00,10701493,1306887562,6526
2026-05-28,TWSE,3703,欣陸,20.10,20.30,20.00,20.05,-0.05,1500795,30191088,694
2026-05-28,TWSE,3704,合勤控,45.25,47.15,45.10,45.35,0.10,8612160,396994199,4723
2026-05-28,TWSE,3705,永信,55.50,55.70,55.30,55.60,0.10,183715,10199144,222
2026-05-28,TWSE,3706,神達,84.90,86.20,82.70,83.10,-1.10,13165010,1109429214,10656
2026-05-28,TWSE,3708,上緯投控,132.00,133.50,123.00,124.00,-7.00,2389494,302163193,1765
2026-05-28,TWSE,3711,日月光投控,626.00,668.00,617.00,627.00,-15.00,35071941,22413047783,59792
2026-05-28,TWSE,3712,永崴投控,16.30,17.15,16.30,16.60,0.55,1453812,24240546,1000
2026-05-28,TWSE,3714,富采,74.80,78.50,72.60,72.70,-1.60,35510240,2681038176,22495
2026-05-28,TWSE,3715,定穎投控,178.50,180.00,170.00,171.00,-8.00,9726568,1699851396,12338
2026-05-28,TWSE,3716,中化控股,34.40,34.50,34.05,34.40,0.15,190749,6530629,270
2026-05-28,TWSE,3717,聯嘉投控,22.00,22.40,21.40,21.60,0.00,3779536,82071959,1598
2026-05-28,TWSE,4104,佳醫,70.80,70.80,69.40,69.50,-0.90,373431,26012594,700
2026-05-28,TWSE,4106,雃博,23.30,24.00,23.30,23.80,0.50,413917,9820998,283
2026-05-28,TWSE,4108,懷特,12.50,12.70,12.50,12.55,0.30,295489,3720839,232
2026-05-28,TWSE,4119,旭富,41.35,41.35,40.50,40.70,-0.30,312845,12724694,283
2026-05-28,TWSE,4133,亞諾法,20.95,20.95,20.45,20.55,-0.05,163381,3360398,277
2026-05-28,TWSE,4137,麗豐-KY,102.00,102.50,101.50,102.00,0.00,198016,20160636,247
2026-05-28,TWSE,4142,國光生,17.05,17.15,16.80,16.95,-0.05,1344624,22757874,919
2026-05-28,TWSE,4148,全宇生技-KY,31.80,31.85,30.80,30.90,-0.90,90019,2813839,111
2026-05-28,TWSE,4155,訊映,14.80,15.00,14.65,14.85,0.05,383276,5681011,264
2026-05-28,TWSE,4164,承業醫,28.25,28.55,27.90,28.00,-0.20,540438,15182983,503
2026-05-28,TWSE,4169,泰宗,157.50,157.50,152.00,154.50,2.00,131773,20201065,164
2026-05-28,TWSE,4178,永笙-KY,18.85,18.85,18.55,18.55,-0.30,280033,5212866,152
2026-05-28,TWSE,4190,佐登-KY,24.40,24.40,24.10,24.20,-0.10,50999,1238498,110
2026-05-28,TWSE,4195,基米-創,16.85,17.50,16.65,16.70,-0.15,554780,9383455,278
2026-05-28,TWSE,4306,炎洲,13.85,13.85,13.65,13.85,0.05,1085621,14956636,579
2026-05-28,TWSE,4414,如興,7.64,7.96,7.64,7.83,0.19,505857,3955167,269
2026-05-28,TWSE,4426,利勤,7.69,7.95,7.57,7.72,0.15,251190,1928977,190
2026-05-28,TWSE,4438,廣越,59.00,59.40,58.60,59.30,0.70,84023,4961994,101
2026-05-28,TWSE,4439,冠星-KY,92.60,92.60,91.00,91.40,-0.20,9446,863976,20
2026-05-28,TWSE,4440,宜新實業,17.80,17.80,17.45,17.75,-0.05,51567,905934,44
2026-05-28,TWSE,4441,振大環球,206.00,207.50,203.00,204.00,-2.00,114299,23440035,168
2026-05-28,TWSE,4526,東台,39.95,40.60,38.10,38.45,-1.50,11292937,443590258,7391
2026-05-28,TWSE,4532,瑞智,23.75,23.80,23.20,23.20,-0.40,1240931,29076929,682
2026-05-28,TWSE,4536,拓凱,157.50,160.00,157.00,159.00,1.50,239143,37907217,243
2026-05-28,TWSE,4540,全球傳動,67.30,68.80,65.00,65.60,-1.60,5889865,393835069,5058
2026-05-28,TWSE,4545,銘鈺,37.60,40.10,37.10,38.65,2.15,1908918,74017981,1348
2026-05-28,TWSE,4551,智伸科,155.50,166.00,153.50,155.00,3.50,2137503,341145512,1933
2026-05-28,TWSE,4552,力達-KY,19.90,19.95,19.65,19.70,-0.20,124056,2456607,67
2026-05-28,TWSE,4555,氣立,53.90,59.00,53.90,57.80,4.10,3868795,225265806,2920
2026-05-28,TWSE,4557,永新-KY,43.40,46.55,43.15,44.85,1.80,247491,11183758,280
2026-05-28,TWSE,4560,強信-KY,32.65,32.65,32.15,32.30,-0.35,130271,4215081,77
2026-05-28,TWSE,4562,穎漢,41.50,42.80,39.40,40.30,-0.90,1414346,57830898,1016
2026-05-28,TWSE,4564,元翎,15.35,15.60,15.10,15.20,-0.10,836998,12789524,602
2026-05-28,TWSE,4566,時碩工業,62.00,67.20,62.00,67.20,6.10,4646886,308974126,2715
2026-05-28,TWSE,4569,六方科-KY,180.50,186.00,174.00,179.00,-1.50,167414,29959767,796
2026-05-28,TWSE,4571,鈞興-KY,218.50,226.00,206.00,212.00,-6.00,1353039,289908424,1572
2026-05-28,TWSE,4572,駐龍,145.00,150.50,143.50,146.00,3.50,174776,25659524,270
2026-05-28,TWSE,4576,大銀微系統,270.50,273.50,250.50,255.50,-17.50,4643100,1213359324,9250
2026-05-28,TWSE,4581,光隆精密-KY,50.40,50.50,49.65,49.65,-0.15,50555,2529550,37
2026-05-28,TWSE,4582,聚恆-創,26.50,27.30,25.00,25.30,-1.45,1100847,28985748,637
2026-05-28,TWSE,4583,台灣精銳,715.00,722.00,683.00,692.00,-21.00,225847,158653201,769
2026-05-28,TWSE,4585,達明,351.00,355.00,328.00,330.50,0.00,691347,235008052,1992
2026-05-28,TWSE,4588,玖鼎電力,56.50,57.20,55.10,55.20,-0.80,132516,7434805,197
2026-05-28,TWSE,4590,富田-創,72.00,72.80,71.50,71.60,-0.10,197735,14240311,177
2026-05-28,TWSE,4720,德淵,26.40,26.60,25.25,25.75,-1.15,6497742,169301012,3349
2026-05-28,TWSE,4722,國精化,270.50,281.00,268.00,272.00,1.50,909416,248681906,1250
2026-05-28,TWSE,4736,泰博,123.00,123.00,121.50,122.00,0.00,114273,13973620,186
2026-05-28,TWSE,4737,華廣,58.70,59.90,56.60,59.90,-0.10,187822,10964517,375
2026-05-28,TWSE,4739,康普,104.50,105.50,97.60,98.20,-5.80,4862452,488502841,4025
2026-05-28,TWSE,4746,台耀,50.50,51.20,50.10,50.30,-0.50,977140,49374455,960
2026-05-28,TWSE,4755,三福化,160.50,160.50,148.50,150.50,-12.00,1771974,272778615,8624
2026-05-28,TWSE,4763,材料*-KY,41.45,41.60,40.20,40.30,-1.10,9691646,395615026,6462
2026-05-28,TWSE,4764,雙鍵,328.00,333.50,309.00,312.00,-9.00,2708225,874480534,2872
2026-05-28,TWSE,4766,南寶,368.50,368.50,354.50,356.00,-11.00,1209752,435374126,2371
2026-05-28,TWSE,4770,上品,263.50,266.50,251.00,254.00,-9.50,1059202,272386570,1352
2026-05-28,TWSE,4771,望隼,199.50,201.00,195.50,198.50,-2.00,415323,82169383,347
2026-05-28,TWSE,4807,日成-KY,25.70,26.25,24.50,25.40,0.35,751063,19015396,525
2026-05-28,TWSE,4904,遠傳,93.40,94.90,93.00,93.60,0.70,10828971,1019395200,6090
2026-05-28,TWSE,4906,正文,46.50,49.20,46.20,47.30,2.55,53893233,2592762975,27423
2026-05-28,TWSE,4912,聯德控股-KY,112.50,113.50,103.50,106.00,-6.50,1521820,164629550,4793
2026-05-28,TWSE,4915,致伸,72.20,72.60,70.60,70.70,-1.30,4549150,324825088,3611
2026-05-28,TWSE,4916,事欣科,102.00,104.50,99.80,102.50,3.10,5999683,613218268,5382
2026-05-28,TWSE,4919,新唐,199.00,199.00,188.50,188.50,-18.00,5657313,1083597461,6633
2026-05-28,TWSE,4927,泰鼎-KY,58.70,62.00,56.30,57.30,-1.30,16223526,951759836,10445
2026-05-28,TWSE,4930,燦星網,17.70,17.75,17.40,17.45,-0.20,66265,1166459,121
2026-05-28,TWSE,4934,太極,17.40,17.95,16.70,16.90,-0.50,1460782,25318598,806
2026-05-28,TWSE,4935,茂林-KY,36.55,38.15,36.55,37.20,0.65,257805,9679318,201
2026-05-28,TWSE,4938,和碩,82.50,84.40,82.50,83.40,1.30,16399172,1370849633,11608
2026-05-28,TWSE,4942,嘉彰,37.75,37.80,37.30,37.40,-0.20,222178,8356308,103
2026-05-28,TWSE,4943,康控-KY,8.99,8.99,8.87,8.88,0.05,29153,258659,45
2026-05-28,TWSE,4949,有成精密,100.00,102.00,94.00,95.50,-6.50,3357003,326416913,3810
2026-05-28,TWSE,4952,凌通,54.50,55.50,52.30,53.30,-2.50,2044758,110650062,2160
2026-05-28,TWSE,4956,光鋐,47.85,49.65,44.65,45.20,-2.55,5054617,238368913,3615
2026-05-28,TWSE,4958,臻鼎-KY,521.00,522.00,479.00,486.00,-46.00,20687337,10265239621,54570
2026-05-28,TWSE,4960,誠美材,33.60,34.25,31.70,31.95,-1.20,9341790,305920280,5574
2026-05-28,TWSE,4961,天鈺,171.50,175.00,167.00,170.00,-1.50,1187791,202163251,2944
2026-05-28,TWSE,4967,十銓,269.50,284.50,268.00,270.50,3.50,11768847,3257537331,10933
2026-05-28,TWSE,4968,立積,119.00,123.00,115.00,115.50,-1.50,1990469,236812196,1700
2026-05-28,TWSE,4976,佳凌,31.30,32.35,30.75,30.75,-0.15,977585,30762836,635
2026-05-28,TWSE,4977,眾達-KY,221.50,222.00,206.00,210.50,-10.50,4731180,1012805888,6433
2026-05-28,TWSE,4989,榮科,105.00,108.00,99.70,102.50,-3.00,16085442,1668754720,12683
2026-05-28,TWSE,4994,傳奇,89.50,91.70,88.00,90.10,0.60,23171,2074690,168
2026-05-28,TWSE,4999,鑫禾,19.50,20.45,19.50,19.65,0.10,141756,2829467,210
2026-05-28,TWSE,5007,三星,57.80,57.80,56.80,57.60,0.20,70124,4019362,308
2026-05-28,TWSE,5203,訊連,65.10,65.40,63.60,64.00,-1.00,221639,14277085,262
2026-05-28,TWSE,5215,科嘉-KY,47.70,48.35,46.75,47.15,0.05,288464,13737652,253
2026-05-28,TWSE,5222,全訊,125.50,126.50,121.00,122.50,-2.50,561201,69382223,891
2026-05-28,TWSE,5225,東科-KY,70.60,71.10,69.70,70.20,-0.40,369262,25933483,345
2026-05-28,TWSE,5234,達興材料,426.00,434.50,406.50,411.50,-14.50,846915,355434026,2240
2026-05-28,TWSE,5243,乙盛-KY,128.00,133.50,118.50,120.50,-6.50,10693165,1340377241,8111
2026-05-28,TWSE,5244,弘凱,39.00,39.50,38.10,38.20,-0.75,465842,18028744,322
2026-05-28,TWSE,5258,虹堡,52.30,53.40,50.30,51.00,-1.00,1357276,70306549,1167
2026-05-28,TWSE,5269,祥碩,1510.00,1510.00,1435.00,1440.00,-55.00,1717011,2518732170,9258
2026-05-28,TWSE,5283,禾聯碩,51.70,52.20,51.70,52.10,0.10,133846,6953335,155
2026-05-28,TWSE,5284,jpp-KY,478.00,480.00,453.00,460.00,18.00,3032340,1417294838,4193
2026-05-28,TWSE,5285,界霖,88.00,96.00,87.80,90.10,0.10,5980832,547226929,5731
2026-05-28,TWSE,5288,豐祥-KY,153.50,158.50,153.50,154.00,0.50,220088,34281640,253
2026-05-28,TWSE,5292,華懋,225.50,234.50,225.50,231.00,5.50,480192,110959121,726
2026-05-28,TWSE,5306,桂盟,83.20,83.20,82.20,82.60,0.30,155616,12872064,186
2026-05-28,TWSE,5388,中磊,84.60,87.50,83.90,84.70,1.40,5807866,498646075,4139
2026-05-28,TWSE,5434,崇越,472.50,472.50,446.50,450.50,-23.00,1192985,547321986,2816
2026-05-28,TWSE,5469,瀚宇博,88.00,88.50,83.50,84.00,-3.00,7004048,605895605,6723
2026-05-28,TWSE,5471,松翰,58.20,58.20,54.10,55.60,-0.20,16326463,916065292,10604
2026-05-28,TWSE,5484,慧友,49.70,51.00,46.50,46.85,-2.05,1713229,83027798,1589
2026-05-28,TWSE,5515,建國,41.20,41.20,40.15,40.60,0.00,419643,17016354,381
2026-05-28,TWSE,5519,隆大,32.10,32.25,32.00,32.00,-0.10,544654,17496248,356
2026-05-28,TWSE,5521,工信,10.35,10.40,10.15,10.15,-0.15,4119533,42181284,1248
2026-05-28,TWSE,5522,遠雄,71.50,72.70,70.80,72.00,0.80,1327165,95423609,1096
2026-05-28,TWSE,5525,順天,21.00,21.10,20.65,21.10,0.10,211416,4426277,122
2026-05-28,TWSE,5531,鄉林,7.75,7.75,7.58,7.64,0.00,717132,5470581,211
2026-05-28,TWSE,5533,皇鼎,14.00,14.00,13.80,13.95,0.10,39866,554195,49
2026-05-28,TWSE,5534,長虹,75.00,75.50,74.50,74.60,-0.50,746301,55877737,782
2026-05-28,TWSE,5538,東明-KY,35.75,35.75,34.65,34.95,0.10,45175,1576255,51
2026-05-28,TWSE,5546,永固-KY,16.25,16.60,16.20,16.60,0.30,22195,364167,20
2026-05-28,TWSE,5607,遠雄港,50.20,50.30,49.00,49.50,-0.70,603808,29975766,1034
2026-05-28,TWSE,5608,四維航,14.55,14.60,14.30,14.30,-0.15,1144902,16553631,625
2026-05-28,TWSE,5706,鳳凰,49.90,50.50,49.75,50.10,0.20,244199,12259687,239
2026-05-28,TWSE,5871,中租-KY,108.50,110.50,107.00,107.00,0.00,13675932,1481129716,6601
2026-05-28,TWSE,5871A,中租-KY甲特,102.50,102.50,102.00,102.50,0.00,34108,3493016,28
2026-05-28,TWSE,5876,上海商銀,39.70,39.70,38.65,38.65,-0.80,16133014,629183317,7117
2026-05-28,TWSE,5880,合庫金,22.75,22.80,22.60,22.70,-0.05,21036566,477198057,9033
2026-05-28,TWSE,5906,台南-KY,45.50,49.30,45.50,46.50,0.00,4359,205098,5
2026-05-28,TWSE,5907,大洋-KY,5.03,5.10,4.91,4.96,-0.06,414803,2065155,198
2026-05-28,TWSE,6005,群益證,35.85,37.20,35.05,36.00,1.00,25048885,903784558,12992
2026-05-28,TWSE,6024,群益期,57.10,57.20,56.20,56.50,-0.30,413557,23495556,386
2026-05-28,TWSE,6108,競國,19.80,21.40,19.75,20.15,0.50,3552501,71826826,1698
2026-05-28,TWSE,6112,邁達特,42.20,42.80,41.60,41.90,-0.30,622548,26257615,503
2026-05-28,TWSE,6115,鎰勝,47.20,47.60,47.20,47.60,0.40,167308,7938345,150
2026-05-28,TWSE,6116,彩晶,14.70,15.95,14.50,15.55,1.05,326422854,5119221427,87813
2026-05-28,TWSE,6117,迎廣,85.20,85.80,82.50,82.60,-2.90,1734725,146047234,1739
2026-05-28,TWSE,6120,達運,13.95,14.60,13.65,13.75,-0.15,5365705,76059982,1893
2026-05-28,TWSE,6128,上福,19.45,19.50,19.00,19.35,0.05,168938,3256050,108
2026-05-28,TWSE,6133,金橋,23.50,23.75,22.65,22.95,-0.35,1431933,33211889,748
2026-05-28,TWSE,6136,富爾特,25.65,25.90,25.40,25.60,-0.10,406105,10401183,228
2026-05-28,TWSE,6139,亞翔,816.00,816.00,765.00,772.00,-39.00,5377350,4245443782,13378
2026-05-28,TWSE,6141,柏承,41.95,43.20,41.90,43.20,3.90,4189116,179772100,1213
2026-05-28,TWSE,6142,友勁,8.00,8.39,8.00,8.15,0.15,952900,7837540,433
2026-05-28,TWSE,6152,百一,15.00,15.35,14.95,15.00,0.05,1611471,24403057,861
2026-05-28,TWSE,6153,嘉聯益,18.60,19.00,17.40,17.60,-0.65,6356292,115458390,2814
2026-05-28,TWSE,6155,鈞寶,58.50,64.50,58.50,64.50,5.80,12195779,773393357,7214
2026-05-28,TWSE,6164,華興,12.20,12.45,12.10,12.15,0.05,589880,7232505,378
2026-05-28,TWSE,6165,浪凡,48.30,49.00,47.80,48.20,0.10,383232,18577475,316
2026-05-28,TWSE,6166,凌華,140.50,145.00,128.50,129.50,-6.50,4569095,619022942,4277
2026-05-28,TWSE,6168,宏齊,28.00,29.15,27.15,27.40,-0.60,5333302,150242605,2880
2026-05-28,TWSE,6176,瑞儀,102.00,105.00,101.50,102.00,0.50,5255764,540870476,3952
2026-05-28,TWSE,6177,達麗,42.55,42.55,41.70,41.80,-0.75,1953505,81958146,1700
2026-05-28,TWSE,6183,關貿,91.40,91.50,90.90,91.10,-0.20,30286,2760016,173
2026-05-28,TWSE,6184,大豐電,45.95,46.00,45.60,45.90,0.10,72499,3317762,108
2026-05-28,TWSE,6189,豐藝,50.10,51.30,49.85,50.10,0.00,1293781,65453540,1163
2026-05-28,TWSE,6191,精成科,100.00,102.50,96.20,97.10,-0.90,17921649,1784397132,12921
2026-05-28,TWSE,6192,巨路,128.00,129.50,125.50,128.00,0.50,404367,51527175,350
2026-05-28,TWSE,6196,帆宣,510.00,527.00,492.00,496.00,-4.00,3671816,1870566947,6702
2026-05-28,TWSE,6197,佳必琪,287.00,296.50,274.00,282.50,1.00,8131163,2315579509,9157
2026-05-28,TWSE,6201,亞弘電,47.80,48.50,47.80,48.45,0.65,28178,1353323,34
2026-05-28,TWSE,6202,盛群,61.10,61.50,58.20,59.10,-1.30,5027158,301595417,3277
2026-05-28,TWSE,6205,詮欣,81.50,81.70,76.40,77.00,-4.00,1834167,144542760,1925
2026-05-28,TWSE,6206,飛捷,141.00,145.00,136.00,138.50,0.00,3201275,450991148,2640
2026-05-28,TWSE,6209,今國光,82.50,84.40,79.40,80.70,-1.20,13577210,1113601156,9683
2026-05-28,TWSE,6213,聯茂,285.00,297.00,258.00,261.00,-15.50,32386135,8991885647,35515
2026-05-28,TWSE,6214,精誠,130.50,131.50,128.50,129.00,0.00,2323726,302089556,1936
2026-05-28,TWSE,6215,和椿,130.50,133.00,123.00,124.50,-6.00,3489148,444503733,3862
2026-05-28,TWSE,6216,居易,22.20,22.60,22.20,22.35,0.15,591084,13235740,265
2026-05-28,TWSE,6224,聚鼎,85.10,88.70,85.10,88.70,8.00,4860812,429035617,2824
2026-05-28,TWSE,6225,天瀚,26.90,26.95,25.20,26.00,-0.15,28521,756943,33
2026-05-28,TWSE,6226,光鼎,13.30,14.05,12.95,13.05,-0.35,2577189,34623019,1397
2026-05-28,TWSE,6230,尼得科超眾,137.00,139.00,132.00,134.00,-3.00,125389,16935006,237
2026-05-28,TWSE,6235,華孚,40.00,43.85,40.00,43.85,3.95,2461544,106183827,1568
2026-05-28,TWSE,6239,力成,343.50,374.50,341.50,357.50,17.00,83839978,30967184229,66058
2026-05-28,TWSE,6243,迅杰,34.65,35.05,33.25,33.70,-0.85,286910,9781220,292
2026-05-28,TWSE,6257,矽格,233.50,240.50,228.00,229.00,-4.50,12607598,2947387054,11524
2026-05-28,TWSE,6269,台郡,63.00,64.00,60.50,60.80,-2.00,3752094,231919781,2839
2026-05-28,TWSE,6271,同欣電,252.50,256.00,243.50,244.50,-10.00,5491586,1370357258,8051
2026-05-28,TWSE,6272,驊陞,34.20,35.00,34.05,34.20,0.00,488756,16784452,432
2026-05-28,TWSE,6277,宏正,75.90,77.10,75.10,76.00,0.20,445595,33876686,423
2026-05-28,TWSE,6278,台表科,234.50,238.50,220.50,222.50,-13.00,13777779,3155822615,15410
2026-05-28,TWSE,6281,全國電,50.50,51.50,50.40,50.70,0.30,268155,13636610,165
2026-05-28,TWSE,6282,康舒,59.80,61.40,56.80,57.70,-1.70,52796324,3100458709,31228
2026-05-28,TWSE,6283,淳安,23.50,24.20,23.45,23.70,0.35,366809,8721009,200
2026-05-28,TWSE,6285,啟碁,324.00,336.50,302.00,304.00,-7.50,30735473,9831363664,34217
2026-05-28,TWSE,6405,悅城,79.60,89.10,76.00,76.90,-4.10,8799844,736749577,7100
2026-05-28,TWSE,6409,旭隼,718.00,731.00,692.00,699.00,-8.00,1345694,949354081,2865
2026-05-28,TWSE,6412,群電,100.50,103.00,98.20,98.80,-1.20,2605511,261523390,2265
2026-05-28,TWSE,6414,樺漢,360.00,365.00,350.00,352.50,-7.50,1301552,465473304,2106
2026-05-28,TWSE,6415,矽力*-KY,667.00,680.00,600.00,620.00,-45.00,11838877,7506809699,17899
2026-05-28,TWSE,6416,瑞祺電通,92.80,94.40,87.80,88.60,-3.90,751815,68098966,804
2026-05-28,TWSE,6426,統新,279.00,282.50,258.50,260.50,-20.00,1793835,483590305,4081
2026-05-28,TWSE,6431,光麗-KY,19.35,19.85,19.05,19.05,-0.30,125502,2428571,105
2026-05-28,TWSE,6438,迅得,174.50,180.50,168.00,174.50,3.00,2546675,445667505,2610
2026-05-28,TWSE,6442,光聖,2025.00,2025.00,1890.00,1895.00,-145.00,4531486,8801489060,24575
2026-05-28,TWSE,6443,元晶,41.20,43.15,40.00,40.45,-0.60,21083363,877963314,12414
2026-05-28,TWSE,6446,藥華藥,886.00,896.00,852.00,862.00,-15.00,3014839,2623518775,6677
2026-05-28,TWSE,6449,鈺邦,383.50,394.00,370.00,375.00,5.00,442820,169522933,823
2026-05-28,TWSE,6451,訊芯-KY,602.00,617.00,563.00,569.00,-33.00,5290847,3106951788,8746
2026-05-28,TWSE,6456,GIS-KY,84.00,84.00,71.20,71.60,-7.40,36774170,2825814303,23706
2026-05-28,TWSE,6464,台數科,78.00,78.00,77.40,78.00,0.40,62686,4887005,112
2026-05-28,TWSE,6472,保瑞,349.00,349.50,332.50,336.00,-10.50,1452740,492751090,4504
2026-05-28,TWSE,6477,安集,34.10,34.85,33.25,33.25,-0.65,814362,27653017,749
2026-05-28,TWSE,6491,晶碩,325.00,325.00,315.00,319.00,-6.00,495817,158251128,6425
2026-05-28,TWSE,6504,南六,37.40,38.70,36.85,36.90,-0.60,113463,4231164,115
2026-05-28,TWSE,6505,台塑化,50.50,50.50,49.15,49.90,-0.20,9178702,455820327,6181
2026-05-28,TWSE,6515,穎崴,10000.00,10100.00,8935.00,9120.00,-675.00,1108573,10363369330,15515
2026-05-28,TWSE,6525,捷敏-KY,127.50,131.00,120.50,122.50,-7.00,2473415,310948719,15355
2026-05-28,TWSE,6526,達發,683.00,694.00,650.00,660.00,-22.00,1339136,897250343,4956
2026-05-28,TWSE,6531,愛普*,1085.00,1185.00,1070.00,1095.00,15.00,14735180,16930105170,19928
2026-05-28,TWSE,6533,晶心科,229.00,232.00,217.00,219.50,-8.50,921331,204785558,1536
2026-05-28,TWSE,6534,正瀚-創,94.00,96.50,93.90,96.00,1.10,277468,26473502,144
2026-05-28,TWSE,6541,泰福-KY,37.90,38.35,37.30,37.40,-0.50,391896,14750172,321
2026-05-28,TWSE,6550,北極星藥業-KY,14.05,14.50,13.85,14.20,-0.15,3091613,43701580,1535
2026-05-28,TWSE,6552,易華電,36.20,37.45,34.00,34.10,-2.45,1144021,40687635,1265
2026-05-28,TWSE,6558,興能高,31.75,33.90,31.70,32.30,0.60,2196345,72505019,1513
2026-05-28,TWSE,6573,虹揚-KY,13.55,14.85,13.55,14.85,1.35,1341609,19804974,658
2026-05-28,TWSE,6579,研揚,177.00,177.00,167.50,169.50,-7.50,1433133,246547883,5869
2026-05-28,TWSE,6581,鋼聯,107.00,107.00,105.50,106.50,0.00,52520,5583526,92
2026-05-28,TWSE,6582,申豐,30.65,31.10,30.55,30.60,0.10,57920,1784036,122
2026-05-28,TWSE,6585,鼎基,95.50,97.20,94.20,97.20,2.80,243863,23420419,293
2026-05-28,TWSE,6589,台康生技,41.10,41.85,40.60,41.50,0.65,1275588,52486982,890
2026-05-28,TWSE,6591,動力-KY,55.50,56.00,53.80,54.40,-1.00,343565,18794573,356
2026-05-28,TWSE,6592,和潤企業,60.70,60.80,59.90,60.00,-0.40,769663,46456728,898
2026-05-28,TWSE,6592A,和潤企業甲特,96.30,96.30,96.30,96.30,-0.60,2247,217005,27
2026-05-28,TWSE,6592B,和潤企業乙特,97.00,97.00,96.90,97.00,0.00,23829,2310986,22
2026-05-28,TWSE,6598,ABC-KY,25.00,25.30,24.70,24.75,-0.20,138352,3450410,124
2026-05-28,TWSE,6605,帝寶,140.50,140.50,140.00,140.50,12.50,1067057,149911475,892
2026-05-28,TWSE,6606,建德工業,25.90,25.90,25.50,25.75,0.00,419170,10785232,188
2026-05-28,TWSE,6614,資拓宏宇,38.35,40.00,38.35,39.00,0.65,124703,4883103,111
2026-05-28,TWSE,6625,必應,72.40,72.50,71.80,72.20,-0.10,159557,11500215,313
2026-05-28,TWSE,6641,基士德-KY,18.40,18.40,18.20,18.25,0.15,19171,350738,22
2026-05-28,TWSE,6645,金萬林-創,11.90,12.00,11.80,11.90,0.00,40183,477624,47
2026-05-28,TWSE,6655,科定,131.00,131.00,130.50,131.00,0.00,7950,1040216,195
2026-05-28,TWSE,6657,華安,38.50,38.95,38.20,38.30,-0.30,159377,6133737,162
2026-05-28,TWSE,6658,聯策,228.00,245.00,215.00,216.50,-14.00,2031251,464839315,2704
2026-05-28,TWSE,6666,羅麗芬-KY,39.95,41.00,39.60,39.60,-0.10,18407,739150,22
2026-05-28,TWSE,6668,中揚光,40.30,40.70,38.90,39.10,-0.70,504751,19995695,473
2026-05-28,TWSE,6669,緯穎,5100.00,5260.00,4900.00,4950.00,-125.00,2157834,10852940795,33312
2026-05-28,TWSE,6670,復盛應用,262.00,262.00,257.00,258.00,-4.00,788977,205032141,746
2026-05-28,TWSE,6671,三能-KY,27.45,27.45,26.80,26.80,-0.40,56500,1530056,58
2026-05-28,TWSE,6672,騰輝電子-KY,212.00,219.50,211.00,215.00,3.50,9662565,2082093945,10160
2026-05-28,TWSE,6674,鋐寶科技,17.85,18.20,17.85,18.05,0.10,24500,441849,23
2026-05-28,TWSE,6689,伊雲谷,65.60,66.20,63.90,64.60,-0.60,278436,18051955,292
2026-05-28,TWSE,6691,洋基工程,674.00,674.00,637.00,638.00,-36.00,862698,563300710,5856
2026-05-28,TWSE,6695,芯鼎,61.00,61.80,55.70,57.80,-3.10,3463337,203345636,2897
2026-05-28,TWSE,6698,旭暉應材,36.45,37.30,34.75,36.20,-0.35,2447157,88220755,1593
2026-05-28,TWSE,6706,惠特,215.00,222.00,195.00,202.50,-14.00,15494494,3218235103,14454
2026-05-28,TWSE,6715,嘉基,455.00,458.00,425.50,429.50,-37.50,789210,349320575,1976
2026-05-28,TWSE,6719,力智,257.00,263.00,246.50,248.50,-6.50,3985497,1015975600,4909
2026-05-28,TWSE,6722,輝創,38.50,38.50,35.75,36.95,-1.55,228917,8510724,177
2026-05-28,TWSE,6742,澤米,57.70,58.90,55.80,57.00,-0.30,752727,43003787,780
2026-05-28,TWSE,6743,安普新,29.10,29.80,29.00,29.35,0.45,553319,16220682,357
2026-05-28,TWSE,6753,龍德造船,124.50,127.00,123.00,124.00,0.00,793301,99040969,799
2026-05-28,TWSE,6754,匯僑設計,43.50,44.00,43.10,43.50,0.00,29212,1268821,32
2026-05-28,TWSE,6756,威鋒電子,106.50,108.00,100.50,101.00,-4.00,432874,44895506,538
2026-05-28,TWSE,6757,台灣虎航,54.50,55.90,54.50,54.80,0.30,2170904,119910628,2636
2026-05-28,TWSE,6768,志強-KY,83.20,85.10,82.00,82.30,-0.70,734120,60917459,604
2026-05-28,TWSE,6770,力積電,75.60,82.20,73.50,80.70,5.90,742969935,59225840118,309046
2026-05-28,TWSE,6771,平和環保-創,42.00,42.00,41.70,41.70,-0.30,4140,172980,7
2026-05-28,TWSE,6776,展碁國際,58.20,58.90,57.20,57.50,-0.70,331637,19243659,263
2026-05-28,TWSE,6781,AES-KY,1220.00,1245.00,1150.00,1160.00,-45.00,1487473,1773240450,5328
2026-05-28,TWSE,6782,視陽,192.50,193.00,189.00,190.00,-2.50,243590,46494703,384
2026-05-28,TWSE,6789,采鈺,550.00,562.00,516.00,524.00,-19.00,4549098,2446395081,10960
2026-05-28,TWSE,6790,永豐實,39.20,39.40,39.00,39.20,0.05,200928,7872787,143
2026-05-28,TWSE,6792,詠業,69.60,76.50,69.60,72.50,2.90,744091,55148702,1094
2026-05-28,TWSE,6794,向榮生技,80.90,80.90,79.30,79.80,0.80,29040,2316900,28
2026-05-28,TWSE,6796,晉弘,63.00,63.00,61.50,62.20,0.20,61025,3795757,86
2026-05-28,TWSE,6799,來頡,109.50,118.00,109.50,111.50,2.00,2545751,288612421,2146
2026-05-28,TWSE,6805,富世達,1765.00,1865.00,1730.00,1765.00,25.00,3125907,5601815320,7279
2026-05-28,TWSE,6806,森崴能源,6.10,6.10,6.10,6.10,-0.67,369938,2256567,429
2026-05-28,TWSE,6807,峰源-KY,32.95,33.90,32.95,33.05,0.05,6021,199642,7
2026-05-28,TWSE,6830,汎銓,715.00,727.00,679.00,686.00,-34.00,2186193,1528531615,7370
2026-05-28,TWSE,6831,邁科,830.00,850.00,779.00,790.00,-30.00,502238,409303079,1302
2026-05-28,TWSE,6834,天二科技,75.80,80.10,70.50,70.50,-7.20,1527997,114105019,1115
2026-05-28,TWSE,6835,圓裕,38.80,39.20,38.20,39.00,0.25,650160,25156059,293
2026-05-28,TWSE,6838,台新藥,25.20,25.40,24.75,24.75,-0.45,251662,6302102,186
2026-05-28,TWSE,6854,錼創科技-KY創,156.00,164.00,150.50,152.00,-3.50,927419,145354354,2222
2026-05-28,TWSE,6861,睿生光電,463.50,470.00,416.00,416.00,-46.00,1599761,698224848,6814
2026-05-28,TWSE,6862,三集瑞-KY,183.00,204.50,183.00,204.50,18.50,4190531,842176462,25643
2026-05-28,TWSE,6863,永道-KY,113.00,114.00,108.50,109.50,-3.50,139729,15451847,327
2026-05-28,TWSE,6869,雲豹能源,84.30,86.90,82.40,83.40,-0.70,993394,83803617,1083
2026-05-28,TWSE,6873,泓德能源,93.00,94.20,88.30,89.80,-2.00,594400,54057964,2184
2026-05-28,TWSE,6885,全福生技,21.20,21.45,20.50,20.70,-0.50,628868,13078523,403
2026-05-28,TWSE,6887,寶綠特-KY,33.00,35.40,32.80,34.80,2.20,83171,2864665,63
2026-05-28,TWSE,6890,來億-KY,171.50,172.50,167.00,169.50,-1.00,580646,98456772,618
2026-05-28,TWSE,6901,鑽石投資,12.35,12.55,12.15,12.30,0.05,1374886,16976416,807
2026-05-28,TWSE,6902,GOGOLOOK,136.00,142.00,132.00,134.50,-1.00,411284,55696103,425
2026-05-28,TWSE,6906,現觀科,106.00,112.50,104.00,108.50,5.50,400948,43517522,503
2026-05-28,TWSE,6908,宏碁遊戲-創,38.90,38.90,36.80,37.35,-1.55,79315,2997523,62
2026-05-28,TWSE,6909,創控,53.00,54.30,51.00,51.30,-1.70,678797,35525032,620
2026-05-28,TWSE,6914,阜爾運通,140.00,141.50,140.00,141.00,1.00,74889,10537730,120
2026-05-28,TWSE,6916,華凌,18.00,18.45,17.80,18.00,0.00,29146,525378,24
2026-05-28,TWSE,6918,愛派司,73.00,74.80,72.90,73.00,-0.10,28474,2099844,46
2026-05-28,TWSE,6919,康霈*,98.10,102.00,98.00,98.00,-0.50,4198936,415642617,3790
2026-05-28,TWSE,6921,嘉雨思-創,76.10,76.20,73.90,75.00,-1.10,42734,3202406,47
2026-05-28,TWSE,6923,中台,79.20,79.20,77.20,77.80,-0.70,123239,9574895,165
2026-05-28,TWSE,6924,榮惠-KY創,164.50,175.00,160.50,175.00,11.00,107894,18091197,139
2026-05-28,TWSE,6928,攸泰科技,46.85,46.95,46.20,46.40,-0.45,99912,4643456,181
2026-05-28,TWSE,6931,青松健康,39.70,40.00,39.50,39.80,-0.15,110603,4393312,127
2026-05-28,TWSE,6933,AMAX-KY,163.00,166.00,155.50,157.00,-7.00,244011,39061580,337
2026-05-28,TWSE,6934,心誠鎂,73.60,75.50,72.50,74.50,1.00,63853,4708998,107
2026-05-28,TWSE,6936,永鴻生技,32.90,33.00,32.65,32.70,-0.25,81908,2685983,97
2026-05-28,TWSE,6937,天虹,321.00,326.50,302.00,308.00,-11.00,858592,268488489,1518
2026-05-28,TWSE,6944,兆聯實業,949.00,950.00,900.00,924.00,-12.00,757048,699563341,2181
2026-05-28,TWSE,6949,沛爾生醫*-創,704.00,757.00,668.00,668.00,-46.00,320980,224067091,696
2026-05-28,TWSE,6951,青新-創,81.80,81.90,81.00,81.40,0.70,34514,2809759,62
2026-05-28,TWSE,6952,大武山,36.50,36.50,35.80,36.35,-0.45,89265,3228685,91
2026-05-28,TWSE,6955,邦睿生技-創,150.00,150.50,150.00,150.00,0.50,7000,1050500,6
2026-05-28,TWSE,6957,裕慶-KY,166.50,169.50,163.50,163.50,-5.50,171001,28574322,847
2026-05-28,TWSE,6958,日盛台駿,17.30,17.35,16.85,17.10,0.10,29493,503771,109
2026-05-28,TWSE,6958A,日盛台駿甲特,18.40,18.40,18.40,18.40,0.00,7000,128800,4
2026-05-28,TWSE,6962,奕力-KY,37.90,39.25,37.25,37.55,-0.30,4861867,184814825,2931
2026-05-28,TWSE,6965,中傑-KY,76.00,78.60,75.40,78.00,2.00,121034,9290843,82
2026-05-28,TWSE,6969,成信實業*-創,28.00,28.30,27.80,27.80,-0.20,97280,2728875,54
2026-05-28,TWSE,6988,威力暘-創,17.00,17.75,16.40,16.45,0.00,102537,1746031,54
2026-05-28,TWSE,6994,富威電力,60.90,64.00,60.30,61.60,1.20,983591,61032678,907
2026-05-28,TWSE,7610,聯友金屬-創,1225.00,1345.00,1225.00,1345.00,115.00,363665,476104900,1123
2026-05-28,TWSE,7631,聚賢研發-創,125.00,126.00,122.50,122.50,-3.50,29216,3624657,37
2026-05-28,TWSE,7705,三商餐飲,30.45,30.75,30.40,30.70,0.10,34459,1052881,91
2026-05-28,TWSE,7711,永擎,390.00,393.50,360.00,366.00,-18.00,885207,330889716,1938
2026-05-28,TWSE,7721,微程式,74.00,77.00,73.60,73.90,-1.20,366520,27420526,490
2026-05-28,TWSE,7722,LINEPAY,260.50,260.50,256.00,258.50,-2.00,95222,24655751,419
2026-05-28,TWSE,7730,暉盛-創,213.00,224.00,210.50,214.00,2.00,134789,29266524,147
2026-05-28,TWSE,7732,金興精密,36.00,36.50,35.50,36.00,0.30,48037,1729572,41
2026-05-28,TWSE,7736,虎山,73.00,78.20,73.00,73.70,2.60,126381,9593118,352
2026-05-28,TWSE,7740,熙特爾-創,169.50,182.00,167.00,179.00,13.50,1094666,195387004,921
2026-05-28,TWSE,7749,意騰-KY,502.00,515.00,486.00,488.00,-11.50,687146,342684916,1455
2026-05-28,TWSE,7750,新代,2550.00,2550.00,2300.00,2375.00,-135.00,409803,990891345,3376
2026-05-28,TWSE,7760,享溫馨,32.75,32.85,32.75,32.85,0.10,93174,3053052,44
2026-05-28,TWSE,7765,中華資安,242.50,252.00,241.00,247.50,3.00,133580,32906559,394
2026-05-28,TWSE,7768,頌勝科技,381.50,381.50,365.50,365.50,-16.00,216139,80679914,573
2026-05-28,TWSE,7769,鴻勁,7945.00,8435.00,7605.00,7700.00,-100.00,1512972,12199844650,15589
2026-05-28,TWSE,7780,大研生醫*,17.75,17.75,17.50,17.60,-0.15,2705503,47510899,1511
2026-05-28,TWSE,7786,東方風能,118.50,120.00,114.00,114.50,-2.50,316933,36844173,345
2026-05-28,TWSE,7788,松川精密,190.00,194.50,180.50,181.00,-7.50,4004800,704695710,1089
2026-05-28,TWSE,7791,皇家可口,66.00,68.30,66.00,66.90,0.90,182646,12243199,238
2026-05-28,TWSE,7795,長廣,417.00,418.00,392.50,400.50,-6.50,409170,165501752,2325
2026-05-28,TWSE,7799,禾榮科,326.00,335.00,318.00,321.00,-1.00,361118,116773992,491
2026-05-28,TWSE,7803,雲象科技-創,23.30,23.30,22.00,22.40,-0.90,403764,9100285,279
2026-05-28,TWSE,7818,溢泰實業,66.50,67.00,65.30,65.90,-0.40,568824,37618345,438
2026-05-28,TWSE,7821,神數,43.05,43.80,42.70,42.95,-0.40,276352,11933827,258
2026-05-28,TWSE,7822,倍利科,1145.00,1245.00,1110.00,1115.00,-30.00,342416,400987455,2773
2026-05-28,TWSE,7823,奧義賽博-KY創,98.80,99.00,93.30,99.00,0.10,17222,1667985,25
2026-05-28,TWSE,8011,台通,17.50,18.40,17.50,17.75,0.20,1670998,30081054,1020
2026-05-28,TWSE,8016,矽創,303.50,305.00,297.00,300.00,-1.00,3268787,984670265,7093
2026-05-28,TWSE,8021,尖點,442.50,453.00,418.00,418.00,-18.00,1417437,623839361,3540
2026-05-28,TWSE,8028,昇陽半導體,310.50,338.50,306.50,334.50,26.50,20115547,6662213213,16336
2026-05-28,TWSE,8033,雷虎,135.00,138.00,134.50,135.00,0.00,2879913,391652901,2928
2026-05-28,TWSE,8039,台虹,162.00,162.00,150.00,153.50,-6.50,21144844,3276456127,20711
2026-05-28,TWSE,8045,達運光電,65.20,65.40,64.00,64.60,-0.40,307225,19840056,341
2026-05-28,TWSE,8046,南電,905.00,909.00,837.00,850.00,-55.00,20528191,17878640063,68711
2026-05-28,TWSE,8070,長華*,50.80,53.90,49.90,50.90,0.60,11232124,584346794,7194
2026-05-28,TWSE,8072,陞泰,27.80,28.65,27.30,27.30,-0.35,375019,10442596,331
2026-05-28,TWSE,8081,致新,289.00,290.00,278.50,286.50,-1.50,1756166,498899743,2199
2026-05-28,TWSE,8101,華冠,13.25,13.80,13.25,13.80,0.10,5774,77418,15
2026-05-28,TWSE,8103,瀚荃,108.00,108.50,100.00,101.50,-4.50,2143816,221962844,1955
2026-05-28,TWSE,8104,錸寶,40.95,40.95,40.60,40.95,3.70,5254180,215156277,2051
2026-05-28,TWSE,8105,凌巨,16.80,17.40,16.35,16.60,-0.20,6087151,102712058,2330
2026-05-28,TWSE,8110,華東,61.90,66.00,60.30,62.00,1.40,114740214,7239322092,66017
2026-05-28,TWSE,8112,至上,86.00,89.30,85.10,86.00,0.00,47052789,4099579159,31230
2026-05-28,TWSE,8112A,至上甲特,46.25,46.25,46.25,46.25,-0.05,10435,482611,20
2026-05-28,TWSE,8114,振樺電,270.00,276.50,241.00,246.00,-21.00,1306763,334420669,1979
2026-05-28,TWSE,8131,福懋科,70.00,72.80,68.20,69.20,0.30,13249965,938748805,13220
2026-05-28,TWSE,8150,南茂,98.80,103.00,98.50,103.00,9.10,112421888,11505975822,44581
2026-05-28,TWSE,8162,微矽電子-創,72.10,78.00,69.60,77.00,6.00,1621735,122167728,1513
2026-05-28,TWSE,8163,達方,36.00,38.50,36.00,36.75,0.75,8111438,303305844,4655
2026-05-28,TWSE,8201,無敵,13.05,13.15,13.00,13.00,-0.05,161836,2119689,92
2026-05-28,TWSE,8210,勤誠,1400.00,1420.00,1315.00,1325.00,-70.00,1726727,2342260295,8877
2026-05-28,TWSE,8213,志超,40.60,41.20,38.70,38.90,-1.75,1626156,64719044,1294
2026-05-28,TWSE,8215,明基材,29.20,29.65,28.10,28.70,-0.50,3499417,101141347,3026
2026-05-28,TWSE,8222,寶一,35.25,36.30,35.05,35.75,1.35,692892,24713366,579
2026-05-28,TWSE,8249,菱光,56.50,57.40,54.60,54.80,-1.70,1592426,89158292,1415
2026-05-28,TWSE,8261,富鼎,190.00,198.00,183.50,190.00,-5.00,16676956,3168140916,14406
2026-05-28,TWSE,8271,宇瞻,234.50,243.00,231.50,237.00,4.50,7539115,1797061296,6907
2026-05-28,TWSE,8341,日友,75.30,75.60,74.60,74.80,-0.60,265046,19899367,967
2026-05-28,TWSE,8367,建新國際,40.80,40.80,40.45,40.50,-0.05,5900,239376,21
2026-05-28,TWSE,8374,羅昇,107.00,109.00,100.00,102.00,-6.00,2003206,208607153,2115
2026-05-28,TWSE,8404,百和興業-KY,16.45,16.90,16.15,16.15,-0.05,407359,6680221,290
2026-05-28,TWSE,8411,福貞-KY,12.05,12.05,11.80,11.80,-0.25,198868,2359284,136
2026-05-28,TWSE,8422,可寧衛*,27.30,27.45,26.60,26.70,-0.60,8073445,217748801,5581
2026-05-28,TWSE,8429,金麗-KY,6.37,6.38,6.18,6.21,-0.10,460038,2884270,256
2026-05-28,TWSE,8438,昶昕,88.20,89.40,84.10,86.00,-2.50,554161,47977657,575
2026-05-28,TWSE,8442,威宏-KY,39.80,40.10,39.55,39.75,-0.05,73653,2939635,59
2026-05-28,TWSE,8443,阿瘦,11.20,11.30,11.15,11.30,0.05,35865,403045,102
2026-05-28,TWSE,8454,富邦媒,193.50,210.00,193.50,210.00,19.00,2765166,559872590,5563
2026-05-28,TWSE,8462,柏文,137.50,139.50,137.00,138.50,1.00,104878,14514140,151
2026-05-28,TWSE,8463,潤泰材,22.10,22.10,21.55,21.65,0.05,80400,1747636,58
2026-05-28,TWSE,8464,億豐,311.00,311.00,302.50,308.50,2.50,650222,198893432,847
2026-05-28,TWSE,8466,美吉吉-KY,16.75,16.80,15.60,16.00,-0.50,292285,4653207,248
2026-05-28,TWSE,8467,波力-KY,129.00,129.00,126.50,126.50,-4.00,19200,2459681,37
2026-05-28,TWSE,8473,山林水,43.80,46.95,43.80,45.95,3.10,4176058,191395935,4586
2026-05-28,TWSE,8476,台境*,15.20,15.55,15.20,15.35,0.20,367515,5645521,203
2026-05-28,TWSE,8478,東哥遊艇,151.50,151.50,149.50,150.00,0.00,197549,29685173,363
2026-05-28,TWSE,8481,政伸,40.80,41.10,40.70,41.10,0.30,22125,902613,25
2026-05-28,TWSE,8482,商億-KY,49.00,49.00,49.00,49.00,0.95,3191,156110,6
2026-05-28,TWSE,8487,愛爾達-創,81.60,81.60,80.50,80.70,-0.90,61605,4990807,94
2026-05-28,TWSE,8488,吉源-KY,9.76,9.76,9.76,9.76,0.00,1000,9760,1
2026-05-28,TWSE,8499,鼎炫-KY,313.00,319.50,309.50,314.00,0.50,156963,49201748,1997
2026-05-28,TWSE,8926,台汽電,71.00,71.60,66.90,67.30,-5.00,20222807,1396333151,46418
2026-05-28,TWSE,8940,新天地,16.80,16.80,16.55,16.60,-0.10,56464,939413,138
2026-05-28,TWSE,8996,高力,1195.00,1205.00,1095.00,1095.00,-120.00,4103657,4667556665,10490
2026-05-28,TWSE,9103,美德醫療-DR,5.50,5.55,5.27,5.30,-0.13,2198425,11812056,697
2026-05-28,TWSE,910322,康師傅-DR,23.30,23.60,23.30,23.55,0.15,9137,214394,26
2026-05-28,TWSE,9105,泰金寶-DR,8.90,9.25,8.40,8.51,-0.05,233675744,2091567770,53990
2026-05-28,TWSE,910861,神州-DR,4.62,4.66,4.50,4.50,-0.22,66191,303086,43
2026-05-28,TWSE,9110,越南控-DR,2.92,2.92,2.70,2.71,0.02,112000,315340,31
2026-05-28,TWSE,911608,明輝-DR,2.64,2.67,2.64,2.67,0.03,25112,66664,127
2026-05-28,TWSE,911622,泰聚亨-DR,3.66,3.66,3.59,3.65,-0.01,5000,18080,5
2026-05-28,TWSE,911868,同方友友-DR,1.29,1.31,1.24,1.27,-0.01,359114,453525,162
2026-05-28,TWSE,912000,晨訊科-DR,2.37,2.45,2.37,2.40,0.03,868153,2093626,180
2026-05-28,TWSE,9136,巨騰-DR,11.55,11.60,10.90,11.15,-0.30,1047546,11725946,278
2026-05-28,TWSE,9802,鈺齊-KY,74.00,74.40,72.40,73.50,0.10,1249537,91736260,991
2026-05-28,TWSE,9902,台火,13.85,14.10,13.65,13.70,0.00,161541,2234615,141
2026-05-28,TWSE,9904,寶成,25.35,25.50,25.10,25.20,-0.15,16106218,406353448,6908
2026-05-28,TWSE,9905,大華,20.80,20.80,20.65,20.65,0.00,47497,984665,61
2026-05-28,TWSE,9906,欣巴巴,33.40,34.45,32.75,34.10,0.70,231448,7745323,221
2026-05-28,TWSE,9907,統一實,15.85,15.95,15.80,15.80,-0.05,2923040,46336257,1555
2026-05-28,TWSE,9908,大台北,29.20,29.20,29.00,29.05,-0.10,268977,7822527,214
2026-05-28,TWSE,9910,豐泰,67.30,68.40,66.80,68.00,0.80,2558891,173852982,1733
2026-05-28,TWSE,9911,櫻花,82.50,82.50,81.30,81.50,-0.50,489946,39957337,749
2026-05-28,TWSE,9912,偉聯,12.40,12.60,12.40,12.50,0.05,23680,295381,66
2026-05-28,TWSE,9914,美利達,65.20,66.00,63.80,66.00,1.10,1319080,85814901,1206
2026-05-28,TWSE,9917,中保科,114.50,114.50,112.50,113.00,-1.00,440397,49857011,533
2026-05-28,TWSE,9918,欣天然,43.70,45.00,43.45,44.35,0.75,152282,6711314,292
2026-05-28,TWSE,9919,康那香,14.20,14.25,14.00,14.10,-0.05,449966,6333864,301
2026-05-28,TWSE,9921,巨大,66.30,68.40,66.20,67.80,1.60,1825096,122979939,1802
2026-05-28,TWSE,9924,福興,41.70,42.20,41.60,42.20,0.50,102766,4304719,169
2026-05-28,TWSE,9925,新保,40.20,40.20,40.10,40.10,-0.10,251527,10094776,232
2026-05-28,TWSE,9926,新海,48.95,49.35,48.95,49.00,0.05,24647,1209558,35
2026-05-28,TWSE,9927,泰銘,67.60,67.90,67.00,67.70,0.20,128452,8673429,463
2026-05-28,TWSE,9928,中視,17.75,18.00,17.60,17.90,0.10,46746,832990,45
2026-05-28,TWSE,9929,秋雨,11.25,11.60,11.20,11.40,0.05,12030,136387,11
2026-05-28,TWSE,9930,中聯資源,68.50,68.50,67.90,68.10,-0.20,92095,6274658,103
2026-05-28,TWSE,9931,欣高,33.70,34.15,33.70,33.90,0.10,45644,1553572,47
2026-05-28,TWSE,9933,中鼎,39.35,39.70,38.75,38.90,-0.45,3943206,154119201,2671
2026-05-28,TWSE,9934,成霖,9.54,9.64,9.52,9.54,0.00,443735,4242119,181
2026-05-28,TWSE,9935,慶豐富,18.50,18.95,18.50,18.60,0.10,527050,9851632,302
2026-05-28,TWSE,9937,全國,55.50,55.70,54.90,55.20,-0.20,38317,2115316,193
2026-05-28,TWSE,9938,百和,42.35,42.70,42.05,42.10,-0.25,2356187,99575992,1540
2026-05-28,TWSE,9939,宏全,124.00,124.00,121.50,123.00,0.50,1144565,140483321,1674
2026-05-28,TWSE,9940,信義,18.60,18.65,18.45,18.55,-0.05,501631,9305813,326
2026-05-28,TWSE,9941,裕融,72.70,73.40,72.40,72.80,0.80,1517506,110619557,1534
2026-05-28,TWSE,9941A,裕融甲特,50.40,50.40,50.20,50.30,-0.20,18037,906582,21
2026-05-28,TWSE,9942,茂順,118.00,120.50,117.50,119.50,2.50,251583,30122389,295
2026-05-28,TWSE,9943,好樂迪,55.30,55.80,55.20,55.50,0.30,99013,5496748,122
2026-05-28,TWSE,9944,新麗,16.85,17.10,16.85,17.05,0.20,116300,1963811,51
2026-05-28,TWSE,9945,潤泰新,23.35,23.60,23.20,23.25,0.00,6031214,140973288,2520
2026-05-28,TWSE,9946,三發地產,16.20,16.45,16.15,16.35,0.15,313533,5107346,205
2026-05-28,TWSE,9955,佳龍,27.75,28.40,27.75,28.05,0.30,507129,14235040,438
2026-05-28,TWSE,9958,世紀鋼,102.00,104.50,101.00,103.00,1.00,2508609,257036801,1832
2026-05-28,TPEx,006201,元大富櫃50,50.25,50.75,48.40,48.40,-1.48,372327,18428857,472
2026-05-28,TPEx,00679B,元大美債20年,26.30,26.30,26.17,26.19,-0.14,57858599,1516282021,5407
2026-05-28,TPEx,00687B,國泰20年美債,27.61,27.61,27.48,27.52,-0.11,40766517,1122369252,3349
2026-05-28,TPEx,00687C,國泰20年美債+櫃U,9.25,9.25,9.24,9.24,-0.04,26000,240250,3
2026-05-28,TPEx,00694B,富邦美債1-3,41.37,41.39,41.35,41.37,0.00,224409,9284604,39
2026-05-28,TPEx,00695B,富邦美債7-10,34.70,34.81,34.70,34.78,-0.07,205848,7162062,42
2026-05-28,TPEx,00696B,富邦美債20年,28.68,28.68,28.53,28.54,-0.15,3269994,93479312,211
2026-05-28,TPEx,00697B,元大美債7-10,35.39,35.39,35.29,35.32,-0.07,336356,11882444,196
2026-05-28,TPEx,00719B,元大美債1-3,30.80,30.80,30.74,30.75,-0.02,1796169,55249426,543
2026-05-28,TPEx,00720B,元大投資級公司債,32.87,32.91,32.77,32.81,-0.08,6378890,209443753,1410
2026-05-28,TPEx,00722B,群益投資級電信債,35.83,35.88,35.73,35.77,-0.06,3540019,126635022,317
2026-05-28,TPEx,00723B,群益投資級科技債,30.64,30.64,30.57,30.58,-0.07,380451,11635779,21
2026-05-28,TPEx,00724B,群益投資級金融債,33.55,33.55,33.44,33.46,-0.08,2967227,99307494,217
2026-05-28,TPEx,00725B,國泰投資級公司債,34.95,34.95,34.82,34.86,-0.10,7454331,260114900,1008
2026-05-28,TPEx,00726B,國泰新興投等債,32.50,32.55,32.50,32.55,+0.05,259624,8441193,113
2026-05-28,TPEx,00727B,國泰優選非投等債,39.20,39.24,39.17,39.18,-0.02,126623,4962497,21
2026-05-28,TPEx,00734B,台新JPM新興債,15.62,15.62,15.57,15.61,+0.02,32084,501083,9
2026-05-28,TPEx,00740B,富邦全球投等債,38.42,38.42,38.26,38.32,-0.10,3420208,131087588,363
2026-05-28,TPEx,00741B,富邦全球非投等債,37.01,37.03,37.00,37.02,+0.01,160387,5936555,33
2026-05-28,TPEx,00746B,富邦A級公司債,35.21,35.30,35.19,35.22,-0.10,916028,32267758,29
2026-05-28,TPEx,00749B,凱基新興債10+,31.33,31.33,31.32,31.32,-0.02,101001,3163361,4
2026-05-28,TPEx,00750B,凱基科技債10+,32.90,32.90,32.81,32.85,-0.11,131000,4304510,7
2026-05-28,TPEx,00751B,元大AAA至A公司債,31.65,31.65,31.52,31.56,-0.09,6385176,201542962,1396
2026-05-28,TPEx,00754B,群益AAA-AA公司債,33.22,33.22,33.12,33.22,-0.03,110082,3647310,13
2026-05-28,TPEx,00755B,群益投資級公用債,32.46,32.49,32.35,32.38,-0.11,148995,4824217,113
2026-05-28,TPEx,00756B,群益投等新興公債,30.80,30.98,30.80,30.90,+0.01,273179,8438335,106
2026-05-28,TPEx,00758B,復華能源債,51.05,51.05,51.05,51.05,-0.15,100046,5107348,7
2026-05-28,TPEx,00759B,復華製藥債,53.90,53.90,53.90,53.90,-0.15,100050,5392700,6
2026-05-28,TPEx,00760B,復華新興企業債,53.00,53.05,52.90,52.90,-0.05,113607,6026140,23
2026-05-28,TPEx,00761B,國泰A級公司債,34.20,34.21,34.08,34.10,-0.10,632516,21590988,111
2026-05-28,TPEx,00764B,群益25年美債,27.52,27.55,27.44,27.45,-0.14,3173808,87251181,197
2026-05-28,TPEx,00768B,復華20年美債,49.40,49.40,49.11,49.14,-0.26,1083876,53306740,149
2026-05-28,TPEx,00772B,中信高評級公司債,33.46,33.47,33.34,33.39,-0.09,4308252,143921092,808
2026-05-28,TPEx,00773B,中信優先金融債,35.55,35.64,35.52,35.55,-0.11,4908550,174717386,270
2026-05-28,TPEx,00777B,凱基AAA至A公司債,32.45,32.45,32.34,32.34,-0.11,101033,3267541,8
2026-05-28,TPEx,00778B,凱基金融債20+,34.25,34.25,34.17,34.17,-0.15,102020,3486180,7
2026-05-28,TPEx,00779B,凱基美債25+,27.75,27.93,27.75,27.80,-0.18,315035,8759180,10
2026-05-28,TPEx,00780B,國泰A級金融債,36.82,36.82,36.80,36.81,-0.09,168746,6210174,16
2026-05-28,TPEx,00781B,國泰A級科技債,28.60,28.60,28.47,28.49,-0.12,279216,7963782,41
2026-05-28,TPEx,00782B,國泰A級公用債,30.22,30.22,30.12,30.13,-0.11,138617,4178222,21
2026-05-28,TPEx,00785B,富邦金融投等債,34.69,34.69,34.66,34.68,-0.10,78000,2705290,5
2026-05-28,TPEx,00786B,元大10年IG銀行債,32.33,32.41,32.30,32.30,-0.03,391594,12671287,47
2026-05-28,TPEx,00787B,元大10年IG醫療債,32.51,32.51,32.39,32.41,-0.11,41001,1330342,12
2026-05-28,TPEx,00788B,元大10年IG電能債,29.72,29.78,29.65,29.65,-0.10,38812,1151862,13
2026-05-28,TPEx,00789B,復華公司債A3,47.95,47.95,47.95,47.95,-0.17,104000,4986979,13
2026-05-28,TPEx,00791B,復華信用債1-5,56.25,56.25,56.25,56.25,+0.05,100020,5626125,11
2026-05-28,TPEx,00792B,群益A級公司債,31.72,31.73,31.60,31.61,-0.15,215077,6810188,19
2026-05-28,TPEx,00793B,群益AAA-A醫療債,30.63,30.65,30.60,30.60,-0.06,228686,7006419,19
2026-05-28,TPEx,00795B,中信美國公債20年,26.46,26.46,26.34,26.37,-0.12,6674021,176171234,888
2026-05-28,TPEx,00799B,國泰A級醫療債,29.37,29.37,29.22,29.25,-0.07,264294,7732764,49
2026-05-28,TPEx,00834B,第一金金融債10+,33.88,33.88,33.78,33.80,-0.18,120000,4053800,8
2026-05-28,TPEx,00836B,永豐10年A公司債,28.81,28.81,28.73,28.73,-0.05,17256,496091,19
2026-05-28,TPEx,00840B,凱基IG精選15+,29.77,29.78,29.77,29.78,-0.08,101000,3007770,3
2026-05-28,TPEx,00841B,凱基AAA-AA公司債,28.68,28.70,28.68,28.70,-0.07,101018,2899198,4
2026-05-28,TPEx,00842B,台新美元銀行債,30.24,30.24,30.15,30.18,-0.06,116388,3512560,26
2026-05-28,TPEx,00844B,新光15年IG金融債,31.39,31.39,31.39,31.39,+0.02,19034,597463,5
2026-05-28,TPEx,00845B,富邦新興投等債,32.84,32.84,32.84,32.84,-0.03,100036,3285170,6
2026-05-28,TPEx,00846B,富邦歐洲銀行債,35.49,35.49,35.47,35.47,-0.07,101056,3584464,9
2026-05-28,TPEx,00847B,中信美國市政債,25.21,25.22,25.13,25.13,-0.09,700000,17642000,14
2026-05-28,TPEx,00848B,中信新興亞洲債,33.99,34.01,33.92,33.92,-0.09,712000,24194730,19
2026-05-28,TPEx,00849B,中信EM主權債0-5,36.95,36.98,36.95,36.98,0.00,1888517,69815716,41
2026-05-28,TPEx,00853B,統一美債10年Aa-A,27.69,27.71,27.59,27.61,-0.08,1052102,29054576,95
2026-05-28,TPEx,00856B,永豐1-3年美公債,37.39,37.39,37.36,37.36,-0.03,2304,86119,7
2026-05-28,TPEx,00857B,永豐20年美公債,22.97,22.97,22.86,22.90,-0.11,2182188,50012857,261
2026-05-28,TPEx,00858,永豐美國500大,35.92,35.93,35.70,35.70,-0.21,747747,26765221,665
2026-05-28,TPEx,00859B,群益0-1年美債,40.90,40.90,40.81,40.81,-0.02,2882874,117717704,123
2026-05-28,TPEx,00860B,群益1-5Y投資級債,37.64,37.64,37.62,37.62,-0.02,105680,3976835,11
2026-05-28,TPEx,00862B,中信投資級公司債,31.75,31.76,31.65,31.66,-0.07,1368034,43376688,79
2026-05-28,TPEx,00863B,中信全球電信債,32.13,32.14,32.04,32.06,-0.08,827031,26561268,31
2026-05-28,TPEx,00864B,中信美國公債0-1,45.64,45.64,45.60,45.60,-0.03,1041072,47484118,257
2026-05-28,TPEx,00867B,新光A-BBB電信債,30.99,30.99,30.93,30.93,+0.01,153042,4739677,10
2026-05-28,TPEx,00870B,元大15年EM主權債,28.02,28.08,28.02,28.02,0.00,6036,169239,5
2026-05-28,TPEx,00877,復華中國5G,42.52,42.54,41.55,42.04,-0.48,5211944,218538054,1646
2026-05-28,TPEx,00884B,中信低碳新興債,29.32,29.32,29.25,29.25,-0.13,701799,20563981,21
2026-05-28,TPEx,00886,永豐美國科技,43.80,43.80,43.55,43.57,-0.52,82289,3591746,40
2026-05-28,TPEx,00887,永豐中國科技50大,17.75,17.78,17.36,17.60,-0.18,13419638,235096997,2666
2026-05-28,TPEx,00888,永豐台灣ESG,35.20,35.59,33.80,34.13,-1.00,15095807,523576773,3755
2026-05-28,TPEx,00890B,凱基ESG BBB債15+,32.14,32.16,32.07,32.07,-0.07,323090,10363443,19
2026-05-28,TPEx,00928,中信上櫃ESG 30,39.79,39.88,37.84,38.16,-1.17,1816902,70695868,554
2026-05-28,TPEx,00931B,統一美債20年,13.30,13.30,13.23,13.25,-0.06,4724480,62638587,498
2026-05-28,TPEx,00933B,國泰10Y+金融債,15.92,15.92,15.86,15.88,-0.05,9563246,151968575,1662
2026-05-28,TPEx,00937B,群益ESG投等債20+,14.76,14.77,14.70,14.72,-0.04,81051371,1194054463,7490
2026-05-28,TPEx,00942B,台新美A公司債20+,14.23,14.26,14.20,14.22,-0.05,3303124,46989467,203
2026-05-28,TPEx,00948B,中信優息投資級債,9.42,9.43,9.38,9.39,-0.03,15132547,142367876,622
2026-05-28,TPEx,00950B,凱基A級公司債,14.04,14.04,13.97,13.98,-0.06,6959545,97385283,589
2026-05-28,TPEx,00955,中信日本商社,15.16,15.19,15.04,15.10,-0.15,10477732,158409539,5037
2026-05-28,TPEx,00957B,兆豐US優選投等債,13.40,13.41,13.35,13.38,-0.03,1526419,20431226,172
2026-05-28,TPEx,00958B,永豐ESG銀行債15+,9.22,9.22,9.19,9.19,-0.03,570925,5254660,92
2026-05-28,TPEx,00959B,大華投等美債15Y+,9.34,9.34,9.31,9.32,-0.02,4522241,42179629,316
2026-05-28,TPEx,00966B,統一ESG投等債15+,13.90,13.91,13.86,13.88,-0.03,1651195,22920567,160
2026-05-28,TPEx,00967B,元大優息美債,9.00,9.00,8.96,8.97,-0.03,976894,8772358,88
2026-05-28,TPEx,00968B,元大優息投等債,9.23,9.23,9.20,9.21,-0.03,1998118,18426031,174
2026-05-28,TPEx,00969B,元大零息超長美債,8.19,8.19,8.11,8.12,-0.07,800978,6514001,72
2026-05-28,TPEx,00970B,新光BBB投等債20+,9.32,9.32,9.29,9.32,0.00,4479755,41726292,224
2026-05-28,TPEx,009806,台新標普500,13.13,13.13,13.08,13.08,-0.05,26906,352818,42
2026-05-28,TPEx,009807,台新標普科技精選,16.51,16.51,16.24,16.24,-0.24,58790,963370,68
2026-05-28,TPEx,00980B,台新特選IG債10+,9.39,9.40,9.37,9.38,-0.03,357575,3355305,39
2026-05-28,TPEx,00980D,主動聯博投等入息,20.25,20.28,20.25,20.25,0.00,1250314,25335007,173
2026-05-28,TPEx,00980T,平衡凱基美國TOP,11.63,11.68,11.57,11.58,-0.05,241046,2797053,151
2026-05-28,TPEx,009814,富邦標普500,11.00,11.00,10.95,10.96,-0.04,1015417,11145304,674
2026-05-28,TPEx,009815,大華美國MAG7+,11.44,11.45,11.32,11.34,-0.02,8637263,98274867,1703
2026-05-28,TPEx,00981B,第一金優選非投債,9.11,9.12,9.10,9.10,0.00,9252397,84251401,1141
2026-05-28,TPEx,00981D,主動中信非投等債,10.26,10.27,10.25,10.26,0.00,7647670,78448494,657
2026-05-28,TPEx,00982B,FT投資級債20+,9.77,9.80,9.77,9.78,-0.01,66232,648888,21
2026-05-28,TPEx,00983B,大華優利美公債20,15.45,15.46,15.40,15.42,-0.07,709708,10958722,74
2026-05-28,TPEx,00984B,大華優利美A債15,16.28,16.31,16.23,16.25,-0.04,4139355,67359726,313
2026-05-28,TPEx,00985D,主動貝萊德優投等,10.10,10.11,10.08,10.09,-0.01,1174663,11863319,52
2026-05-28,TPEx,00986B,FT金融債10+,9.85,9.85,9.85,9.85,0.00,8202,80786,15
2026-05-28,TPEx,00986D,主動復華金融債息,14.70,14.75,14.70,14.71,0.00,2880066,42386931,150
2026-05-28,TPEx,00987B,野村10+澳洲公債,15.81,15.89,15.81,15.85,-0.14,1293191,20521213,115
2026-05-28,TPEx,00988B,玉山嚴選非投債,19.70,19.70,19.66,19.68,+0.04,892298,17553693,130
2026-05-28,TPEx,00989B,台新美國非投等債,9.97,9.99,9.97,9.99,+0.01,767000,7655830,44
2026-05-28,TPEx,00998A,主動復華金融股息,16.15,16.15,15.92,15.94,-0.22,2176215,34833018,903
2026-05-28,TPEx,020001,富邦存股雙十N,,,,,,0,0,0
2026-05-28,TPEx,020025,統一亞洲半導體N,40.20,40.50,38.80,38.90,-1.90,113000,4517470,32
2026-05-28,TPEx,020027,元大上櫃ESG成長N,11.36,11.48,11.05,11.05,-0.15,130000,1466010,30
2026-05-28,TPEx,020033,統一恒生科期N,3.85,3.85,3.85,3.85,-0.12,1000,3850,1
2026-05-28,TPEx,020035,元大上櫃ESG高息N,,,,,,0,0,0
2026-05-28,TPEx,020040,元大上櫃ESG龍頭N,,,,,,0,0,0
2026-05-28,TPEx,020041,兆豐半導體氣候N,20.26,20.40,19.53,19.53,-0.31,49000,989000,16
2026-05-28,TPEx,1240,茂生農經,57.50,57.60,57.00,57.30,-0.50,48521,2779523,66
2026-05-28,TPEx,1259,安心,57.90,57.90,57.90,57.90,-0.10,2016,116721,10
2026-05-28,TPEx,1264,德麥,270.50,271.50,270.50,270.50,-1.00,35886,9721937,255
2026-05-28,TPEx,1268,漢來美食,167.50,168.50,166.50,168.00,-0.50,21511,3603882,53
2026-05-28,TPEx,1294,漢田生技,76.70,78.00,76.60,77.30,+0.30,24486,1886471,29
2026-05-28,TPEx,1295,生合,50.80,51.30,49.50,50.90,+0.60,114048,5747609,222
2026-05-28,TPEx,1336,台翰,13.30,13.30,13.10,13.10,-0.05,68395,902551,94
2026-05-28,TPEx,1565,精華,93.00,93.30,92.10,92.30,-0.30,150466,13921310,250
2026-05-28,TPEx,1569,濱川,52.10,52.40,50.30,50.60,-1.50,1087788,55519536,1529
2026-05-28,TPEx,1570,力肯,52.20,53.60,51.20,52.30,+0.10,1017086,53391798,684
2026-05-28,TPEx,1580,新麥,122.00,122.00,121.00,121.50,-0.50,57773,7021841,127
2026-05-28,TPEx,1584,精剛,19.50,19.85,19.50,19.80,+0.35,1138207,22437589,512
2026-05-28,TPEx,1586,和勤,22.35,22.40,21.90,22.15,-0.05,258511,5729707,178
2026-05-28,TPEx,1591,駿吉-KY,44.60,44.60,42.00,42.10,-3.90,199020,8478450,170
2026-05-28,TPEx,1593,祺驊,30.95,30.95,30.80,30.85,-0.05,15238,470139,15
2026-05-28,TPEx,1595,川寶,92.30,94.40,86.20,87.30,-4.30,2469909,221946729,2410
2026-05-28,TPEx,1599,宏佳騰,23.10,23.20,23.00,23.10,+0.10,58433,1350991,113
2026-05-28,TPEx,1742,台蠟,15.15,15.15,14.90,15.15,+0.30,21709,325127,24
2026-05-28,TPEx,1777,生泰,71.40,71.60,71.30,71.50,+0.10,8261,590433,18
2026-05-28,TPEx,1781,合世,10.50,10.60,10.40,10.40,-0.20,93184,976908,66
2026-05-28,TPEx,1784,訊聯,66.10,66.60,64.00,64.80,-1.20,494614,32294143,490
2026-05-28,TPEx,1785,光洋科,145.00,157.00,144.00,146.00,+3.00,49119448,7480753030,31258
2026-05-28,TPEx,1788,杏昌,134.50,134.50,133.50,134.00,-0.50,91058,12203445,206
2026-05-28,TPEx,1796,金穎生技,35.90,36.00,35.90,35.90,+0.35,18012,647577,19
2026-05-28,TPEx,1799,易威,33.80,34.00,33.00,33.20,-0.60,126547,4236414,130
2026-05-28,TPEx,1813,寶利徠,11.95,11.95,11.80,11.95,-0.05,75648,900959,368
2026-05-28,TPEx,1815,富喬,103.50,110.00,102.50,103.50,0.00,39713204,4222547003,25817
2026-05-28,TPEx,2035,唐榮,28.25,28.25,28.25,28.25,-0.05,1007,28432,6
2026-05-28,TPEx,2061,風青,32.90,33.90,32.70,33.00,-0.60,1240720,41003851,830
2026-05-28,TPEx,2063,世鎧,25.05,25.05,24.65,24.90,-0.35,20631,514462,28
2026-05-28,TPEx,2064,晉椿,13.60,13.75,13.55,13.75,+0.30,29097,399298,14
2026-05-28,TPEx,2065,世豐,35.55,35.60,35.50,35.50,-0.05,99779,3547315,91
2026-05-28,TPEx,2066,世德,56.60,58.70,56.60,57.80,+2.10,213985,12350385,224
2026-05-28,TPEx,2067,嘉鋼,6.84,6.84,6.52,6.60,-0.08,24670,163352,23
2026-05-28,TPEx,2070,精湛,80.00,81.50,74.30,75.90,-6.50,3650674,284595590,3422
2026-05-28,TPEx,2073,雄順,,,,,,13,332,3
2026-05-28,TPEx,2221,大甲,42.25,42.60,40.85,41.30,-0.65,370555,15431509,380
2026-05-28,TPEx,2230,泰茂,28.25,28.95,28.20,28.25,-0.20,260144,7408734,253
2026-05-28,TPEx,2235,謚源,30.50,31.95,30.50,31.95,+1.45,15024,464192,9
2026-05-28,TPEx,2596,綠意,26.50,27.35,26.50,27.20,+0.70,352026,9520423,133
2026-05-28,TPEx,2640,大車隊,160.50,161.50,160.50,161.00,-1.50,10813,1742058,695
2026-05-28,TPEx,2641,正德,17.80,17.85,17.50,17.55,-0.15,2005262,35396471,967
2026-05-28,TPEx,2643,捷迅,65.50,66.10,65.50,66.00,+0.20,57413,3776319,60
2026-05-28,TPEx,2718,全心投控,44.75,45.60,44.75,45.40,+0.60,86840,3922611,50
2026-05-28,TPEx,2719,燦星旅,25.15,25.15,25.15,25.15,-0.05,4141,104150,9
2026-05-28,TPEx,2724,藝舍-KY,12.75,13.80,12.50,13.80,0.00,10100,128385,9
2026-05-28,TPEx,2726,雅茗-KY,9.90,10.00,9.39,9.83,-0.05,77583,749510,91
2026-05-28,TPEx,2729,瓦城,162.00,162.00,159.00,159.00,-2.00,62580,9994138,126
2026-05-28,TPEx,2732,六角,63.10,63.20,62.50,63.00,-0.10,58090,3651981,94
2026-05-28,TPEx,2734,易飛網,15.10,15.10,14.80,14.90,-0.15,198464,2959689,165
2026-05-28,TPEx,2736,富野,12.25,12.25,12.05,12.05,-0.20,90817,1104958,70
2026-05-28,TPEx,2740,華軒,36.20,36.20,32.80,35.50,-0.20,11280,380700,14
2026-05-28,TPEx,2743,山富,68.50,68.60,67.00,67.80,+0.70,113328,7641385,362
2026-05-28,TPEx,2745,五福,102.50,103.00,101.50,101.50,-1.00,139178,14220347,164
2026-05-28,TPEx,2751,王座,51.00,52.00,51.00,51.80,+0.30,17020,873128,12
2026-05-28,TPEx,2752,豆府,173.00,173.00,172.00,172.50,-0.50,13413,2314485,78
2026-05-28,TPEx,2754,亞洲藏壽司,68.90,69.00,67.00,67.80,-0.70,113040,7664680,180
2026-05-28,TPEx,2755,揚秦,133.00,133.00,131.50,131.50,-1.00,13171,1738478,54
2026-05-28,TPEx,2756,聯發國際,60.10,60.10,59.50,60.00,-0.50,17470,1043473,28
2026-05-28,TPEx,2916,滿心,43.50,44.00,43.25,43.65,,455951,19886890,415
2026-05-28,TPEx,2924,宏太-KY,15.55,15.55,15.55,15.55,+0.25,1067,16551,2
2026-05-28,TPEx,2926,誠品生活,35.35,36.20,34.65,35.00,-1.00,98221,3444225,69
2026-05-28,TPEx,2937,集雅社,47.95,48.90,47.75,48.55,+0.70,9807,470709,16
2026-05-28,TPEx,2941,米斯特,29.75,30.95,29.75,30.95,-0.30,10048,302559,20
2026-05-28,TPEx,2947,振宇五金,77.70,77.70,77.70,77.70,0.00,18917,1468813,31
2026-05-28,TPEx,2948,寶陞,38.95,38.95,38.00,38.00,+1.15,5001,192836,6
2026-05-28,TPEx,2949,欣新網,63.00,63.00,63.00,63.00,0.00,1653,103365,7
2026-05-28,TPEx,3064,泰偉,18.50,19.50,18.50,19.00,+0.70,9612,184066,17
2026-05-28,TPEx,3066,李洲,20.90,22.00,20.90,21.05,+0.40,917944,19590921,586
2026-05-28,TPEx,3067,全域,18.85,19.40,18.80,18.80,+0.30,17389,329210,19
2026-05-28,TPEx,3071,協禧,33.10,33.80,31.25,31.65,-1.45,1298406,42229984,1005
2026-05-28,TPEx,3073,天方能源,20.30,20.45,19.80,20.30,+0.15,140244,2828926,196
2026-05-28,TPEx,3078,僑威,57.00,57.80,55.90,56.10,-0.70,1255566,71075050,1074
2026-05-28,TPEx,3081,聯亞,2890.00,2890.00,2600.00,2650.00,-235.00,3052512,8286473665,24973
2026-05-28,TPEx,3083,網龍,26.70,27.30,26.60,27.20,+0.45,186259,5006909,130
2026-05-28,TPEx,3085,新零售,12.85,13.70,12.45,12.45,-1.05,59421,774343,55
2026-05-28,TPEx,3086,華義*,31.60,31.60,29.60,30.45,-1.15,1227736,37255222,868
2026-05-28,TPEx,3088,艾訊,146.00,149.00,137.50,140.00,-4.50,2832976,405239195,3054
2026-05-28,TPEx,3093,港建*,54.50,55.60,51.70,52.30,-2.40,1254673,67139144,1131
2026-05-28,TPEx,3095,及成,45.65,45.65,43.60,44.45,+0.25,34566,1536410,67
2026-05-28,TPEx,3105,穩懋,558.00,582.00,520.00,528.00,-32.00,48753688,26984705981,58685
2026-05-28,TPEx,3114,好德,28.75,29.40,28.20,28.45,-0.20,349236,10025017,299
2026-05-28,TPEx,3115,富榮綱,7.55,8.10,7.55,8.00,+0.20,36048,278957,59
2026-05-28,TPEx,3118,進階,33.30,33.75,33.25,33.30,0.00,36994,1235738,63
2026-05-28,TPEx,3122,笙泉,33.15,34.15,32.50,32.50,-0.85,565787,18779994,434
2026-05-28,TPEx,3128,昇銳,23.25,23.50,22.75,22.80,-0.45,227516,5256058,299
2026-05-28,TPEx,3131,弘塑,3650.00,3765.00,3510.00,3635.00,+210.00,1910175,7048452030,8605
2026-05-28,TPEx,3141,晶宏,79.90,82.90,79.40,82.00,+2.30,9435089,770245210,6554
2026-05-28,TPEx,3147,大綜,184.50,184.50,177.50,178.00,-6.50,335239,60541587,717
2026-05-28,TPEx,3152,璟德,202.00,213.00,194.00,197.00,-1.50,3449520,705423864,3887
2026-05-28,TPEx,3158,嘉實,86.50,86.50,85.50,85.50,-0.50,5840,502048,17
2026-05-28,TPEx,3162,精確,84.70,86.10,80.30,82.30,-1.30,4875622,404407637,4738
2026-05-28,TPEx,3163,波若威,1080.00,1085.00,1025.00,1050.00,-50.00,3845612,4068402255,10946
2026-05-28,TPEx,3169,亞信,120.00,127.00,119.50,121.50,+2.50,1260859,155902750,1235
2026-05-28,TPEx,3171,炎洲流通,71.40,71.50,68.80,68.80,-1.40,26016,1821094,67
2026-05-28,TPEx,3176,基亞,34.35,35.00,32.85,33.10,-1.55,676306,22924326,541
2026-05-28,TPEx,3178,公準,73.10,76.70,71.00,71.00,-0.30,378500,27891665,463
2026-05-28,TPEx,3188,鑫龍騰,23.00,23.20,22.70,22.80,-0.05,293080,6689795,223
2026-05-28,TPEx,3191,雲嘉南,24.05,24.05,24.05,24.05,+2.15,861966,20730274,359
2026-05-28,TPEx,3205,佰研,52.70,54.60,52.70,54.20,+1.30,127228,6857366,130
2026-05-28,TPEx,3206,志豐,38.30,41.50,37.10,40.10,+2.35,1118799,44748097,872
2026-05-28,TPEx,3207,耀勝,64.60,65.50,63.50,65.00,+0.30,900626,58148734,873
2026-05-28,TPEx,3211,順達,472.00,490.00,439.00,442.50,-21.50,15014889,6926980547,19070
2026-05-28,TPEx,3213,茂訊,121.00,123.00,118.00,119.50,-1.00,675315,81377936,852
2026-05-28,TPEx,3217,優群,199.50,200.00,186.50,188.50,-9.00,3315658,633318678,4052
2026-05-28,TPEx,3218,大學光,130.50,131.00,128.00,130.50,+0.50,318075,41320765,489
2026-05-28,TPEx,3219,倚強科,85.90,87.90,81.60,82.40,-3.30,635957,53620724,2825
2026-05-28,TPEx,3221,台嘉碩,56.90,62.00,56.90,60.20,+3.80,21252232,1290327493,12347
2026-05-28,TPEx,3224,三顧,39.65,40.30,39.65,39.95,+0.30,65732,2628010,94
2026-05-28,TPEx,3226,龍鋒,43.50,43.60,42.50,42.50,+1.00,12531,540886,14
2026-05-28,TPEx,3227,原相,230.00,240.50,223.00,225.50,-1.00,4785313,1109959789,5175
2026-05-28,TPEx,3228,金麗科,211.00,215.00,200.00,201.00,-9.50,1183967,242312482,1778
2026-05-28,TPEx,3230,錦明,30.90,31.85,30.20,30.40,-0.05,626542,19355827,452
2026-05-28,TPEx,3232,昱捷,20.75,22.90,20.75,22.90,+2.05,336052,7561550,127
2026-05-28,TPEx,3234,光環,103.50,104.50,98.00,98.60,-4.90,1728090,173963504,2600
2026-05-28,TPEx,3236,千如,55.00,58.00,53.00,53.50,-3.40,3984706,221577918,3476
2026-05-28,TPEx,3252,海灣,18.55,18.55,17.90,17.90,-0.20,7010,126831,7
2026-05-28,TPEx,3259,鑫創,16.20,17.25,16.20,16.80,+0.80,111240,1873244,109
2026-05-28,TPEx,3260,威剛,414.50,421.00,403.00,404.50,-8.00,14016906,5784035238,19671
2026-05-28,TPEx,3264,欣銓,231.00,249.00,227.50,235.50,+6.00,16614457,3942095658,15307
2026-05-28,TPEx,3265,台星科,190.00,204.50,188.00,189.00,-0.50,3872417,757093913,3747
2026-05-28,TPEx,3268,海德威,17.60,18.20,17.35,17.40,+0.05,132302,2342024,138
2026-05-28,TPEx,3272,東碩,16.30,16.55,16.10,16.30,-0.25,67175,1097244,55
2026-05-28,TPEx,3276,宇環,14.00,14.40,13.85,14.00,0.00,226829,3194442,156
2026-05-28,TPEx,3284,太普高,15.90,16.00,15.70,15.90,0.00,110630,1753083,126
2026-05-28,TPEx,3285,微端,32.45,34.00,31.25,31.25,-0.55,222755,7270714,214
2026-05-28,TPEx,3287,廣寰科,37.50,39.90,37.00,38.10,+1.80,4795481,186206537,2821
2026-05-28,TPEx,3288,點晶,14.95,15.40,14.95,15.10,+0.15,28009,422943,26
2026-05-28,TPEx,3289,宜特,171.50,174.50,163.50,165.50,-4.00,2585718,435336301,2672
2026-05-28,TPEx,3290,東浦,47.85,48.55,47.35,47.95,+0.30,935942,45062558,518
2026-05-28,TPEx,3293,鈊象,765.00,767.00,749.00,749.00,-7.00,2880224,2177225571,8001
2026-05-28,TPEx,3294,英濟,40.05,40.90,38.50,39.35,-0.45,2211408,87680417,1625
2026-05-28,TPEx,3297,杭特,29.95,30.10,29.55,29.70,-0.10,67982,2023861,276
2026-05-28,TPEx,3303,岱稜,48.35,49.60,48.35,49.00,+0.65,469786,23036389,359
2026-05-28,TPEx,3306,鼎天,46.70,47.55,46.20,46.60,-0.05,295866,13858353,374
2026-05-28,TPEx,3310,佳穎,76.60,78.00,72.60,72.60,-4.00,1085708,82590310,462
2026-05-28,TPEx,3313,斐成,11.10,11.20,10.90,11.00,-0.15,3668420,37225433,370
2026-05-28,TPEx,3317,尼克森,82.90,86.00,80.70,82.80,+0.50,6340746,530777175,5225
2026-05-28,TPEx,3322,建舜電,13.40,13.55,12.90,12.90,-0.30,790736,10421130,425
2026-05-28,TPEx,3323,加百裕,38.50,39.50,36.80,37.00,-1.50,4271250,163447937,2961
2026-05-28,TPEx,3324,雙鴻,1050.00,1070.00,1000.00,1005.00,-30.00,3211817,3324220875,10470
2026-05-28,TPEx,3325,旭品,11.65,12.05,11.65,11.75,-0.10,313010,3706724,249
2026-05-28,TPEx,3332,幸康,64.60,69.70,64.60,65.10,+1.70,115357,7771257,274
2026-05-28,TPEx,3339,泰谷,48.15,49.40,44.40,45.80,-2.60,2955618,138637044,2374
2026-05-28,TPEx,3349,寶德,18.25,18.30,17.50,17.90,-0.25,225032,3987768,154
2026-05-28,TPEx,3354,律勝,32.85,34.40,30.95,31.35,-1.15,1503055,48797334,1197
2026-05-28,TPEx,3357,臺慶科,290.00,298.00,270.00,283.00,-2.50,9932955,2856481430,9584
2026-05-28,TPEx,3360,尚立,14.35,14.80,14.10,14.10,-0.15,658327,9440665,389
2026-05-28,TPEx,3362,先進光,112.50,115.00,109.50,110.50,-2.00,928353,104119436,972
2026-05-28,TPEx,3363,上詮,851.00,851.00,802.00,815.00,-32.00,2754815,2273506627,9889
2026-05-28,TPEx,3372,典範,22.05,22.30,21.00,21.50,-0.55,2349509,50913624,1575
2026-05-28,TPEx,3373,熱映,16.70,16.80,16.60,16.65,-0.05,77969,1302232,96
2026-05-28,TPEx,3374,精材,259.50,275.50,248.50,255.00,+4.50,37470443,9930926961,33542
2026-05-28,TPEx,3379,彬台,41.00,41.75,39.20,39.45,-1.25,420825,16986454,806
2026-05-28,TPEx,3388,崇越電,102.50,111.00,102.00,111.00,+10.00,4906553,536937280,4649
2026-05-28,TPEx,3390,旭軟,29.80,30.05,28.05,28.50,-1.30,2271046,65820023,2003
2026-05-28,TPEx,3402,漢科,154.00,154.00,145.00,146.00,-8.00,2248148,334736113,3171
2026-05-28,TPEx,3426,台興,47.75,47.80,47.75,47.75,0.00,9006,430086,10
2026-05-28,TPEx,3430,奇鈦科,163.00,178.50,163.00,171.00,+8.50,4485525,779055085,5684
2026-05-28,TPEx,3434,哲固,29.00,29.80,28.95,29.35,+0.35,72191,2106764,140
2026-05-28,TPEx,3438,類比科,73.50,74.50,71.50,72.10,-1.90,1352661,98956710,1752
2026-05-28,TPEx,3441,聯一光,51.00,53.90,49.60,50.20,-1.50,2132200,109697689,2183
2026-05-28,TPEx,3444,利機,118.00,124.00,114.00,115.50,-2.00,3862629,457373754,3036
2026-05-28,TPEx,3455,由田,249.50,255.50,237.00,241.50,-14.00,3976837,977566330,5221
2026-05-28,TPEx,3465,進泰電子,27.50,27.95,27.45,27.80,+0.30,10101,278962,10
2026-05-28,TPEx,3466,德晉,33.75,34.55,32.65,32.75,-1.00,702428,23552377,562
2026-05-28,TPEx,3467,台灣精材,77.00,78.50,74.10,74.10,-3.40,852947,64894132,807
2026-05-28,TPEx,3479,安勤,135.50,145.00,134.00,137.50,+0.50,3385385,469088303,3289
2026-05-28,TPEx,3483,力致,97.50,98.50,93.50,93.80,-2.50,990616,94726362,1857
2026-05-28,TPEx,3484,崧騰,43.90,43.90,42.90,43.10,-0.10,281911,12189138,226
2026-05-28,TPEx,3485,敘豐,322.50,348.00,308.00,340.00,+18.00,1498412,492661755,30392
2026-05-28,TPEx,3489,森寶,21.75,21.85,21.65,21.65,-0.10,47850,1040906,45
2026-05-28,TPEx,3490,單井,39.40,40.80,38.05,38.45,-0.95,2865355,112301354,1940
2026-05-28,TPEx,3491,昇達科,2125.00,2180.00,1995.00,2000.00,-80.00,1093239,2293236215,6687
2026-05-28,TPEx,3492,長盛,22.70,23.90,22.70,23.60,+0.80,342136,8030538,319
2026-05-28,TPEx,3498,陽程,155.50,156.00,143.00,145.00,-10.50,1091163,163125701,1515
2026-05-28,TPEx,3499,環天科,14.70,14.70,14.20,14.70,0.00,156940,2262621,139
2026-05-28,TPEx,3508,位速,20.95,21.55,19.75,20.20,-0.60,419154,8658673,259
2026-05-28,TPEx,3511,矽瑪,20.30,20.80,20.00,20.10,0.00,281612,5740314,163
2026-05-28,TPEx,3512,皇龍,20.50,20.80,20.50,20.55,+0.10,99191,2048139,76
2026-05-28,TPEx,3516,亞帝歐,23.55,23.65,23.20,23.20,-0.30,58272,1357999,55
2026-05-28,TPEx,3520,華盈,14.35,15.00,14.35,14.50,+0.15,373364,5450747,210
2026-05-28,TPEx,3521,台鋼建設,12.50,12.50,12.20,12.20,0.00,97545,1194383,54
2026-05-28,TPEx,3522,御嵿,11.80,11.95,11.65,11.75,-0.25,170093,1996834,176
2026-05-28,TPEx,3523,迎輝,14.50,14.50,14.50,14.50,+1.30,49082,711688,31
2026-05-28,TPEx,3526,凡甲,370.00,381.50,360.00,370.00,-2.00,1472035,546993099,2014
2026-05-28,TPEx,3527,聚積,58.50,59.70,57.40,58.30,-0.10,148170,8685453,161
2026-05-28,TPEx,3529,力旺,3420.00,3520.00,3370.00,3470.00,+175.00,1248387,4294731005,4162
2026-05-28,TPEx,3531,先益,23.00,23.25,23.00,23.25,+0.10,16449,379252,13
2026-05-28,TPEx,3537,堡達,69.30,73.90,69.10,73.90,+6.70,4165695,301954347,2741
2026-05-28,TPEx,3540,曜越,26.55,27.75,26.50,26.50,-0.05,617390,16770108,456
2026-05-28,TPEx,3541,西柏,22.30,22.40,22.30,22.40,0.00,37338,835018,58
2026-05-28,TPEx,3546,宇峻,81.30,81.90,80.80,80.80,-0.50,359859,29244833,416
2026-05-28,TPEx,3548,兆利,97.20,100.00,94.60,95.30,-1.20,704672,68638656,706
2026-05-28,TPEx,3551,世禾,210.00,227.00,210.00,217.50,+10.00,6307666,1385352933,6293
2026-05-28,TPEx,3552,同致,52.60,56.70,52.60,56.00,+4.20,1362748,75380618,1283
2026-05-28,TPEx,3555,博士旺,228.50,232.50,211.00,212.00,-11.00,267692,58442932,495
2026-05-28,TPEx,3556,禾瑞亞,56.80,61.70,56.80,61.10,+5.00,3771644,230698284,4914
2026-05-28,TPEx,3558,神準,131.00,141.50,130.00,141.50,+12.50,2254114,315689548,3095
2026-05-28,TPEx,3564,其陽,46.15,50.60,46.10,48.15,+2.15,834384,40816695,924
2026-05-28,TPEx,3567,逸昌,29.10,30.25,29.10,29.25,+0.25,299191,8894791,238
2026-05-28,TPEx,3570,大塚,172.00,177.50,172.00,172.50,+1.50,110957,19367513,161
2026-05-28,TPEx,3577,泓格,146.50,161.00,145.00,161.00,+14.50,2526105,398977422,3783
2026-05-28,TPEx,3580,友威科,108.50,110.00,99.90,101.00,-6.00,2808760,291323511,2617
2026-05-28,TPEx,3581,博磊,244.50,254.00,236.50,240.00,-12.00,1739932,422529981,2416
2026-05-28,TPEx,3587,閎康,334.00,340.00,325.50,329.50,-1.50,1456529,484030740,2384
2026-05-28,TPEx,3594,磐儀,53.50,53.90,50.80,50.80,-2.70,615213,32015126,570
2026-05-28,TPEx,3597,映興,27.95,28.50,27.70,28.00,+0.05,89589,2516696,118
2026-05-28,TPEx,3609,三一東林,27.05,29.80,26.35,28.20,+1.10,625795,17849869,514
2026-05-28,TPEx,3611,鼎翰,188.50,189.50,187.50,189.00,+1.50,49532,9338620,99
2026-05-28,TPEx,3615,安可,48.10,51.40,46.70,48.70,+1.40,9017319,441018440,6441
2026-05-28,TPEx,3623,富晶通,23.30,23.40,22.50,22.95,-0.05,52933,1211981,107
2026-05-28,TPEx,3624,光頡,95.00,103.00,95.00,100.00,+6.00,6982428,696508173,6399
2026-05-28,TPEx,3625,西勝,14.20,14.70,14.20,14.30,-0.10,313332,4530670,178
2026-05-28,TPEx,3628,盈正,66.80,69.00,66.70,66.80,+0.80,276693,18801000,258
2026-05-28,TPEx,3629,地心引力,,,,,,0,0,0
2026-05-28,TPEx,3630,新鉅科,26.20,26.60,25.40,25.65,-0.50,675123,17559149,573
2026-05-28,TPEx,3631,晟楠,37.50,37.75,36.40,36.45,-0.95,189063,6954018,188
2026-05-28,TPEx,3632,研勤,9.30,9.60,9.30,9.30,+0.56,248925,2358385,204
2026-05-28,TPEx,3646,艾恩特,23.45,25.00,23.45,23.95,+0.10,57432,1382423,48
2026-05-28,TPEx,3663,鑫科,90.00,91.90,85.00,85.70,-4.20,6249501,553564779,4859
2026-05-28,TPEx,3664,安瑞-KY,7.67,7.68,7.67,7.67,0.00,45998,352771,30
2026-05-28,TPEx,3666,光耀,28.45,28.80,27.50,28.20,-0.60,154658,4343258,149
2026-05-28,TPEx,3672,康聯訊,10.65,11.50,10.60,10.60,-0.65,99081,1073464,57
2026-05-28,TPEx,3675,德微,369.50,401.50,367.00,384.00,+19.00,2023658,798787267,2418
2026-05-28,TPEx,3680,家登,562.00,568.00,530.00,535.00,-22.00,2318721,1269513150,5205
2026-05-28,TPEx,3684,榮昌,59.30,60.00,57.50,58.30,-0.70,69743,4105550,82
2026-05-28,TPEx,3685,元創精密,28.90,29.75,28.05,28.45,-0.45,214399,6186400,148
2026-05-28,TPEx,3687,歐買尬,67.50,72.70,66.90,71.50,+4.00,561694,39950396,523
2026-05-28,TPEx,3689,湧德,134.00,139.50,130.50,132.00,+1.50,12682716,1710328847,10891
2026-05-28,TPEx,3691,碩禾,158.00,161.50,147.50,151.00,-4.50,3975159,616180799,3926
2026-05-28,TPEx,3693,營邦,590.00,599.00,557.00,560.00,-27.00,1234539,709124672,3659
2026-05-28,TPEx,3707,漢磊,88.60,96.90,86.20,87.10,-2.20,56001670,5099912711,36668
2026-05-28,TPEx,3709,鑫聯大投控,86.00,89.30,85.10,87.30,+1.00,2216314,192872480,1574
2026-05-28,TPEx,3710,連展投控,6.40,6.40,6.10,6.23,-0.02,331438,2060848,147
2026-05-28,TPEx,3713,新晶投控,14.05,16.70,14.05,15.70,+0.10,915396,14059013,447
2026-05-28,TPEx,4102,永日,17.00,17.10,16.75,17.00,0.00,60156,1020997,53
2026-05-28,TPEx,4105,東洋,73.60,73.80,72.80,73.00,-0.20,520186,38102467,493
2026-05-28,TPEx,4107,邦特,113.50,114.50,113.50,113.50,0.00,105941,12065342,133
2026-05-28,TPEx,4109,加捷生醫,11.20,11.30,11.10,11.15,-0.05,214959,2404969,167
2026-05-28,TPEx,4111,濟生,30.00,30.20,29.70,29.90,-0.10,57665,1725976,266
2026-05-28,TPEx,4113,聯上,14.40,14.45,14.15,14.25,-0.25,195145,2791966,127
2026-05-28,TPEx,4114,健喬,30.30,30.30,30.05,30.05,-0.20,1417221,42669052,1124
2026-05-28,TPEx,4116,明基醫,37.55,37.55,37.00,37.10,-0.35,77992,2896467,97
2026-05-28,TPEx,4120,友華,44.20,44.50,44.15,44.35,-0.05,52548,2325919,186
2026-05-28,TPEx,4121,優盛,14.05,14.25,13.95,14.15,+0.10,145295,2045148,102
2026-05-28,TPEx,4123,晟德,37.20,38.15,37.15,37.80,+0.55,2002137,75484839,1332
2026-05-28,TPEx,4126,太醫,79.10,79.30,78.70,79.10,0.00,21959,1736550,38
2026-05-28,TPEx,4127,天良,65.30,69.20,65.30,65.80,-0.90,362581,24310175,279
2026-05-28,TPEx,4128,中天,14.35,14.55,14.20,14.35,+0.05,1575418,22586007,1126
2026-05-28,TPEx,4129,聯合,90.10,90.30,89.20,90.00,0.00,544428,48815133,529
2026-05-28,TPEx,4130,健亞,26.25,27.05,25.80,25.85,-0.40,208528,5492347,270
2026-05-28,TPEx,4131,浩泰,33.50,33.90,33.10,33.90,+0.85,19789,660399,38
2026-05-28,TPEx,4138,曜亞,51.30,51.30,50.60,50.70,-0.20,32276,1638834,111
2026-05-28,TPEx,4139,馬光-KY,24.90,24.90,22.95,22.95,-0.10,15302,354716,19
2026-05-28,TPEx,4147,中裕,47.75,48.10,47.00,47.10,-0.75,1413449,66835479,1214
2026-05-28,TPEx,4153,鈺緯,31.50,32.55,31.00,31.60,+0.90,43622,1375789,43
2026-05-28,TPEx,4154,樂威科-KY,13.00,13.50,12.60,13.10,-0.10,34071,444086,23
2026-05-28,TPEx,4157,太景*-KY,9.10,9.10,8.98,9.01,-0.01,1294322,11677235,563
2026-05-28,TPEx,4160,訊聯基因,41.05,41.05,39.95,40.00,-1.05,104768,4232563,597
2026-05-28,TPEx,4161,聿新科,23.25,23.45,22.85,22.90,-0.15,106204,2447355,87
2026-05-28,TPEx,4162,智擎,53.90,54.10,53.00,53.00,-1.10,618749,33069623,560
2026-05-28,TPEx,4163,鐿鈦,115.50,122.50,113.00,118.00,+2.00,359139,42348244,476
2026-05-28,TPEx,4166,友霖,23.60,23.80,23.20,23.30,-0.25,816868,19150530,177
2026-05-28,TPEx,4167,松瑞藥,18.95,19.50,18.95,19.20,+0.25,1610660,30987598,800
2026-05-28,TPEx,4168,醣聯,28.25,28.30,27.50,27.50,-0.75,499014,13864160,342
2026-05-28,TPEx,4171,瑞基,17.70,17.95,17.60,17.80,+0.05,112494,2005999,146
2026-05-28,TPEx,4173,久裕,18.05,18.05,17.90,18.00,0.00,125749,2264475,322
2026-05-28,TPEx,4174,浩鼎,28.70,28.85,28.05,28.20,-0.45,557651,15805951,580
2026-05-28,TPEx,4175,杏一,54.10,54.10,53.70,53.70,-0.30,43090,2326098,108
2026-05-28,TPEx,4183,福永生技,12.50,13.05,12.50,13.05,-0.05,18200,228119,15
2026-05-28,TPEx,4188,安克,11.15,11.40,11.10,11.25,0.00,72587,813033,47
2026-05-28,TPEx,4192,杏國,19.50,19.50,19.50,19.50,-0.45,8703,168074,23
2026-05-28,TPEx,4198,欣大健康,37.10,38.90,37.00,37.00,-2.80,12001,446185,13
2026-05-28,TPEx,4205,中華食,72.80,72.80,72.30,72.40,-0.30,52576,3811265,269
2026-05-28,TPEx,4207,環泰,19.35,19.45,19.30,19.35,0.00,134091,2595891,163
2026-05-28,TPEx,4303,信立,47.40,48.00,46.55,47.10,-0.25,673710,31818420,694
2026-05-28,TPEx,4304,勝昱,27.15,27.15,27.00,27.15,0.00,38003,1030978,24
2026-05-28,TPEx,4305,世坤,44.20,44.20,44.00,44.00,-0.10,4000,176500,3
2026-05-28,TPEx,4401,東隆興,13.50,13.80,13.50,13.60,-0.10,88610,1210935,69
2026-05-28,TPEx,4402,郡都開發,11.75,11.75,11.65,11.70,-0.05,111013,1297749,43
2026-05-28,TPEx,4406,新昕纖,,,,,,201,1988,3
2026-05-28,TPEx,4413,飛寶企業,17.15,17.15,16.70,16.70,-0.20,11759,197683,18
2026-05-28,TPEx,4416,三圓,10.80,11.25,10.80,10.80,+0.05,306441,3354882,209
2026-05-28,TPEx,4417,金洲,45.70,46.65,45.70,45.95,+0.40,167728,7755508,159
2026-05-28,TPEx,4419,皇家美食,45.50,46.50,45.50,46.05,+0.75,20638,952768,37
2026-05-28,TPEx,4420,光明,38.10,38.10,37.85,37.95,-0.20,93710,3555892,173
2026-05-28,TPEx,4430,耀億,17.05,17.35,16.80,17.25,+0.15,119881,2042066,158
2026-05-28,TPEx,4432,銘旺實,16.70,16.70,16.50,16.60,-0.20,34367,569882,36
2026-05-28,TPEx,4433,興采,21.90,21.90,21.45,21.55,+0.05,91582,1979678,69
2026-05-28,TPEx,4442,竣邦-KY,51.00,51.00,49.60,50.10,-0.60,70732,3556144,61
2026-05-28,TPEx,4502,健信,15.70,15.75,15.35,15.70,-0.15,45341,705190,38
2026-05-28,TPEx,4503,金雨,39.10,39.55,38.05,38.50,-0.60,261776,10119066,217
2026-05-28,TPEx,4506,崇友,117.50,117.50,116.00,117.00,-0.50,144481,16884958,273
2026-05-28,TPEx,4510,高鋒,48.90,51.60,47.50,47.80,-0.65,4147547,204944003,2897
2026-05-28,TPEx,4513,福裕,13.95,14.30,13.95,14.10,+0.15,394014,5561659,286
2026-05-28,TPEx,4523,永彰,28.95,29.80,28.95,29.00,+0.30,469670,13796638,272
2026-05-28,TPEx,4527,方土霖,44.95,45.30,44.85,45.10,+0.60,132588,5981305,178
2026-05-28,TPEx,4528,江興鍛,15.35,15.70,15.10,15.30,-0.05,121936,1865175,508
2026-05-28,TPEx,4529,淳紳,5.15,5.15,4.82,4.84,-0.29,212647,1051103,99
2026-05-28,TPEx,4530,宏易,24.55,24.85,23.10,24.85,-0.15,18369,445523,34
2026-05-28,TPEx,4533,協易機,32.20,33.10,31.70,32.00,0.00,2917268,94326758,1766
2026-05-28,TPEx,4534,慶騰,25.80,27.40,25.25,25.65,-0.10,1228526,32017316,729
2026-05-28,TPEx,4535,至興,27.35,27.35,27.35,27.35,+0.35,16001,437627,6
2026-05-28,TPEx,4538,大詠城,17.90,17.90,17.10,17.45,,123326,2141134,105
2026-05-28,TPEx,4541,晟田,45.10,45.25,43.50,44.80,+0.60,1371308,61274592,982
2026-05-28,TPEx,4542,科嶠,268.50,271.00,255.00,261.50,-10.00,921861,242416623,1273
2026-05-28,TPEx,4543,萬在,38.90,40.40,38.30,38.70,+0.50,651338,25658013,505
2026-05-28,TPEx,4549,桓達,106.50,113.50,106.50,113.50,+10.00,1860278,207739465,1505
2026-05-28,TPEx,4550,長佳,25.30,25.30,24.90,24.95,-0.05,42213,1054991,34
2026-05-28,TPEx,4554,橙的,30.90,30.95,30.35,30.35,-0.50,103048,3158037,155
2026-05-28,TPEx,4556,旭然,38.65,38.90,38.00,38.20,-0.50,234221,9008914,202
2026-05-28,TPEx,4558,寶緯,19.70,19.85,19.35,19.65,-0.35,99000,1937700,65
2026-05-28,TPEx,4561,健椿,48.95,50.30,46.90,47.00,-1.80,914692,44195216,667
2026-05-28,TPEx,4563,百德,49.35,50.30,47.05,48.10,-0.50,225881,11028847,226
2026-05-28,TPEx,4568,科際精密,40.15,40.15,40.10,40.10,-0.45,2000,80250,2
2026-05-28,TPEx,4577,達航科技,128.50,129.00,116.00,116.50,-12.00,1637131,198647559,24365
2026-05-28,TPEx,4580,捷流閥業,82.50,82.70,81.60,81.60,-0.80,58868,4839247,99
2026-05-28,TPEx,4584,君帆,43.10,43.20,43.10,43.20,+0.10,15163,654633,9
2026-05-28,TPEx,4609,唐鋒,5.28,5.72,5.28,5.72,+0.52,52000,294620,24
2026-05-28,TPEx,4702,中美實,9.69,9.85,9.63,9.66,-0.03,166179,1611284,173
2026-05-28,TPEx,4706,大恭,31.50,32.00,31.25,32.00,+0.80,50607,1603055,41
2026-05-28,TPEx,4707,磐亞,15.05,15.20,14.60,14.85,-0.15,1359385,20265537,638
2026-05-28,TPEx,4711,永純,17.65,17.65,16.90,16.90,-0.20,317789,5458745,208
2026-05-28,TPEx,4714,永捷,13.65,13.85,13.35,13.45,-0.20,948893,12860075,557
2026-05-28,TPEx,4716,大立,14.60,14.75,14.50,14.75,+0.10,300006,4387217,233
2026-05-28,TPEx,4721,美琪瑪,90.40,91.70,87.00,87.00,-3.40,1246607,111142450,1324
2026-05-28,TPEx,4726,永昕,27.50,27.55,27.00,27.30,+0.05,298675,8132282,190
2026-05-28,TPEx,4728,雙美,378.00,380.50,378.00,380.00,0.00,5475,2078212,45
2026-05-28,TPEx,4729,熒茂,23.95,25.35,23.95,24.70,+0.70,1298685,31948357,900
2026-05-28,TPEx,4735,豪展,30.75,30.95,30.70,30.90,0.00,19368,596168,34
2026-05-28,TPEx,4741,泓瀚,62.60,64.40,61.20,61.90,-0.70,941263,59121051,912
2026-05-28,TPEx,4743,合一,50.80,50.90,49.70,49.70,-1.10,2845749,142469321,5476
2026-05-28,TPEx,4744,皇將,34.15,35.20,34.05,34.45,+0.30,294930,10187324,282
2026-05-28,TPEx,4745,合富-KY,16.10,16.15,15.55,15.55,-0.55,186182,2931370,109
2026-05-28,TPEx,4747,強生,56.30,57.20,55.10,56.50,0.00,49478,2778576,69
2026-05-28,TPEx,4749,新應材,1135.00,1180.00,1080.00,1090.00,-25.00,2780074,3132485740,7517
2026-05-28,TPEx,4754,國碳科,37.90,38.10,37.65,37.70,-0.40,28853,1090053,161
2026-05-28,TPEx,4760,勤凱,390.50,425.50,390.50,425.50,+38.50,2915674,1206740159,3048
2026-05-28,TPEx,4767,誠泰科技,26.65,26.90,26.65,26.90,+0.20,17301,462586,14
2026-05-28,TPEx,4768,晶呈科技,508.00,518.00,482.00,491.00,-13.00,2083252,1040604297,4327
2026-05-28,TPEx,4772,台特化,305.00,312.50,297.00,299.00,-3.50,2002947,608951271,4295
2026-05-28,TPEx,4806,桂田文創,9.94,9.95,9.94,9.95,-0.01,6287,62421,13
2026-05-28,TPEx,4903,聯光通,45.05,45.45,43.60,43.70,-1.20,3696905,165004560,1866
2026-05-28,TPEx,4905,台聯電,80.50,80.50,77.40,77.40,-1.60,13977,1094722,38
2026-05-28,TPEx,4907,富宇,35.75,35.75,35.50,35.60,-0.15,137500,4896663,74
2026-05-28,TPEx,4908,前鼎,260.50,260.50,234.50,239.00,-20.50,4934614,1213786125,6280
2026-05-28,TPEx,4909,新復興,54.20,55.70,51.60,52.10,-1.60,1058248,56661184,1120
2026-05-28,TPEx,4911,德英,31.90,32.75,31.80,31.85,-0.05,18933,604163,62
2026-05-28,TPEx,4923,力士,49.15,51.10,46.35,48.85,-0.80,5909662,287860061,4592
2026-05-28,TPEx,4924,欣厚-KY,11.65,11.90,11.35,11.35,-0.15,116088,1335323,71
2026-05-28,TPEx,4931,新盛力,210.00,222.00,207.00,209.00,+2.00,11306997,2413767728,11452
2026-05-28,TPEx,4933,友輝,75.60,77.20,73.70,74.50,-0.20,1002216,75631549,836
2026-05-28,TPEx,4939,亞電,44.75,47.00,43.40,45.95,+2.80,19954390,901997119,11563
2026-05-28,TPEx,4946,辣椒,100.50,102.50,100.00,101.00,0.00,86955,8765742,101
2026-05-28,TPEx,4950,金耘國際,16.45,16.60,16.30,16.30,0.00,20777,340828,32
2026-05-28,TPEx,4951,精拓科,124.50,126.00,120.00,123.00,-1.50,1048378,128920788,6241
2026-05-28,TPEx,4953,緯軟,120.00,123.50,120.00,120.00,+0.50,447163,54141433,433
2026-05-28,TPEx,4966,譜瑞-KY,897.00,922.00,830.00,845.00,-25.00,3209542,2826220605,8322
2026-05-28,TPEx,4971,IET-KY,740.00,740.00,695.00,711.00,-33.00,303565,216421473,1329
2026-05-28,TPEx,4972,湯石照明,16.45,16.50,16.40,16.50,+0.05,70027,1152666,110
2026-05-28,TPEx,4973,廣穎,152.50,152.50,146.50,152.50,+13.50,8787744,1334769555,5573
2026-05-28,TPEx,4974,亞泰,76.90,80.00,76.90,77.80,+2.00,1048463,82176822,909
2026-05-28,TPEx,4979,華星光,645.00,654.00,594.00,604.00,-24.00,9770450,6108610938,20197
2026-05-28,TPEx,4991,環宇-KY,765.00,766.00,705.00,705.00,-78.00,6947415,5006582517,16902
2026-05-28,TPEx,4995,晶達,44.90,44.95,44.30,44.30,-0.60,36581,1635749,106
2026-05-28,TPEx,5009,榮剛,35.75,36.45,35.25,35.50,+0.35,3794465,136126146,2056
2026-05-28,TPEx,5011,久陽,18.70,18.90,18.00,18.10,-0.60,2129060,38817598,556
2026-05-28,TPEx,5013,強新,27.50,28.40,27.50,28.00,-0.45,14122,392960,12
2026-05-28,TPEx,5014,建錩,11.05,11.05,10.90,10.90,-0.05,372032,4073205,157
2026-05-28,TPEx,5015,華祺,24.60,24.95,24.00,24.05,+0.05,25579,619761,55
2026-05-28,TPEx,5016,松和,25.85,26.10,25.40,25.65,-0.45,89000,2289308,71
2026-05-28,TPEx,5201,凱衛,28.30,28.30,27.15,28.30,0.00,182242,5057685,315
2026-05-28,TPEx,5202,力新,11.45,12.45,11.45,12.45,+1.10,1114885,13713641,1165
2026-05-28,TPEx,5205,中茂,23.80,23.80,21.60,23.45,-0.40,11022,254274,12
2026-05-28,TPEx,5206,坤悅,21.75,21.90,21.65,21.70,-0.05,60919,1322465,81
2026-05-28,TPEx,5209,新鼎,169.00,170.50,168.50,169.00,0.00,55480,9415569,93
2026-05-28,TPEx,5210,寶碩,27.30,29.80,27.20,28.85,+1.60,2009796,57665597,1110
2026-05-28,TPEx,5211,蒙恬,17.80,18.00,17.70,17.70,-0.05,74299,1321088,156
2026-05-28,TPEx,5212,凌網,45.20,46.80,45.10,46.60,+0.60,44757,2061643,48
2026-05-28,TPEx,5213,亞昕,26.35,26.35,26.10,26.15,-0.20,754029,19733986,498
2026-05-28,TPEx,5220,萬達光電,23.30,23.40,23.00,23.00,-0.30,87691,2027700,74
2026-05-28,TPEx,5223,安力-KY,25.45,25.50,24.70,24.70,-0.80,50106,1265941,69
2026-05-28,TPEx,5227,立凱-KY,24.65,25.20,24.30,24.35,-0.30,159600,3939800,236
2026-05-28,TPEx,5228,鈺鎧,60.00,63.20,60.00,63.20,+5.70,600608,37429674,450
2026-05-28,TPEx,5230,雷笛克光學,17.00,17.15,16.65,16.85,+0.35,125597,2117158,113
2026-05-28,TPEx,5236,凌陽創新,187.00,194.00,181.00,181.50,-4.50,875344,163535155,6034
2026-05-28,TPEx,5245,智晶,26.15,28.35,26.15,26.80,+1.00,530462,14652774,842
2026-05-28,TPEx,5251,天鉞電,26.65,27.20,26.60,26.65,-0.15,103232,2776145,192
2026-05-28,TPEx,5263,智崴,107.50,107.50,103.00,105.00,-2.00,253492,26672328,297
2026-05-28,TPEx,5272,笙科,22.85,23.10,22.00,22.00,-0.80,332554,7459040,267
2026-05-28,TPEx,5274,信驊,17825.00,19000.00,17500.00,17835.00,-395.00,266268,4829272632,5725
2026-05-28,TPEx,5276,達輝-KY,19.30,19.40,19.10,19.40,-0.50,10821,208345,58
2026-05-28,TPEx,5278,尚凡*,22.45,22.55,22.05,22.05,-0.40,294594,6547537,250
2026-05-28,TPEx,5287,數字,150.50,150.50,148.00,148.50,-1.00,103840,15439048,408
2026-05-28,TPEx,5289,宜鼎,1685.00,1760.00,1655.00,1700.00,0.00,3905335,6709977995,9665
2026-05-28,TPEx,5291,邑昇,76.20,77.60,68.00,71.00,-2.60,2514367,181423033,1916
2026-05-28,TPEx,5299,杰力,118.00,122.50,115.50,119.00,0.00,1496180,178922999,1522
2026-05-28,TPEx,5301,寶得利,6.71,6.92,6.71,6.90,+0.19,9218,62970,17
2026-05-28,TPEx,5302,太欣,10.05,10.95,10.00,10.95,+0.99,1351040,14620719,489
2026-05-28,TPEx,5309,系統電,68.60,70.80,66.70,67.10,-1.40,9927011,682527295,7464
2026-05-28,TPEx,5310,天剛,23.25,24.15,23.00,23.00,-0.75,34201,798120,36
2026-05-28,TPEx,5312,寶島科,94.00,94.00,93.50,93.80,+0.10,57177,5361307,67
2026-05-28,TPEx,5314,世紀*,62.90,63.00,61.20,61.20,-1.10,3103699,192261365,2653
2026-05-28,TPEx,5315,光聯,21.95,22.15,21.90,21.90,0.00,521687,11491081,232
2026-05-28,TPEx,5321,美而快,56.80,56.80,49.00,49.00,-2.70,1577004,87026923,901
2026-05-28,TPEx,5324,士開,11.85,11.95,11.70,11.80,-0.15,86925,1024034,53
2026-05-28,TPEx,5328,華容,35.80,39.00,35.70,36.00,+0.45,42024998,1560843219,22693
2026-05-28,TPEx,5340,建榮,103.00,105.00,99.90,100.00,-3.00,3500596,356698153,3611
2026-05-28,TPEx,5344,立衛,15.70,15.70,15.25,15.30,-0.40,108174,1674830,70
2026-05-28,TPEx,5345,馥鴻,19.10,20.45,19.10,20.45,+1.85,107177,2158820,75
2026-05-28,TPEx,5347,世界,167.50,170.50,160.00,161.50,-4.50,31394495,5169716721,24454
2026-05-28,TPEx,5348,正能量智能,15.30,15.30,15.25,15.30,+0.10,39866,608608,22
2026-05-28,TPEx,5351,鈺創,83.30,87.40,82.30,82.60,0.00,30235907,2576159656,21271
2026-05-28,TPEx,5353,台林,27.20,27.25,26.75,26.95,-0.05,111024,3000685,127
2026-05-28,TPEx,5355,佳總,6.30,6.46,6.00,6.42,-0.07,181082,1116755,86
2026-05-28,TPEx,5356,協益,27.00,27.00,26.90,27.00,0.00,69414,1872442,135
2026-05-28,TPEx,5364,力麗店,8.69,8.87,8.66,8.74,+0.09,136133,1191410,99
2026-05-28,TPEx,5371,中光電,72.00,73.40,70.00,70.10,-1.40,4063430,290923702,3211
2026-05-28,TPEx,5381,光譜,26.25,26.60,25.20,25.20,-1.00,1515809,39121672,1267
2026-05-28,TPEx,5386,青雲,585.00,628.00,568.00,575.00,-12.00,4187338,2507018989,7381
2026-05-28,TPEx,5392,能率,41.40,42.70,40.00,40.50,-0.85,3868995,159986713,2083
2026-05-28,TPEx,5398,慕康生醫,17.10,17.10,16.80,17.05,0.00,82120,1390733,71
2026-05-28,TPEx,5403,中菲,84.60,85.10,84.50,85.00,+0.50,138177,11719411,204
2026-05-28,TPEx,5410,國眾,38.15,39.25,38.15,39.00,+0.65,1127195,43971601,835
2026-05-28,TPEx,5425,台半,104.50,114.50,102.50,114.50,+10.00,67465164,7537459856,33383
2026-05-28,TPEx,5426,振發,18.50,18.90,18.45,18.65,+0.25,351781,6543944,258
2026-05-28,TPEx,5432,新門,137.00,140.50,134.00,134.50,-2.50,85419,11689780,148
2026-05-28,TPEx,5438,東友,19.35,19.65,19.05,19.05,-0.25,110487,2122142,137
2026-05-28,TPEx,5439,高技,388.50,389.00,368.00,370.00,-15.50,2755952,1040332104,5131
2026-05-28,TPEx,5443,均豪,127.00,130.50,121.00,122.00,-4.50,5557277,699506473,5381
2026-05-28,TPEx,5450,南良,12.65,12.70,12.50,12.60,+0.10,46154,581088,40
2026-05-28,TPEx,5452,佶優,32.85,34.00,32.00,32.35,-0.50,1952407,64525496,1532
2026-05-28,TPEx,5455,昇益,22.55,23.40,22.55,23.40,+0.85,5633,130339,8
2026-05-28,TPEx,5457,宣德,29.75,30.20,29.00,29.30,-0.15,698720,20637183,552
2026-05-28,TPEx,5460,同協,15.00,15.05,14.90,15.00,-0.05,67074,1005037,128
2026-05-28,TPEx,5464,霖宏,70.00,78.20,69.00,75.50,+4.40,4526696,348588970,1897
2026-05-28,TPEx,5465,富驊,27.10,27.75,25.85,26.00,-0.80,476612,12770112,468
2026-05-28,TPEx,5468,凱鈺,17.30,17.40,17.20,17.30,0.00,37320,646218,50
2026-05-28,TPEx,5474,聰泰,165.00,167.50,159.00,164.00,-1.00,286082,46473437,417
2026-05-28,TPEx,5475,德宏,285.00,286.00,262.50,266.50,-20.00,4238589,1168749466,9032
2026-05-28,TPEx,5478,智冠,97.40,99.80,97.00,99.80,+2.80,170680,16750346,255
2026-05-28,TPEx,5481,新華,19.10,19.15,18.00,18.30,-0.85,164715,3054728,577
2026-05-28,TPEx,5483,中美晶,161.00,170.00,159.00,160.50,-1.50,31245894,5155279349,23242
2026-05-28,TPEx,5487,通泰,27.45,27.80,27.05,27.05,-0.25,72061,1975526,64
2026-05-28,TPEx,5488,松普,12.00,12.00,11.50,11.50,-0.35,465027,5450558,269
2026-05-28,TPEx,5489,彩富,39.40,39.40,39.00,39.00,-0.15,75159,2948722,47
2026-05-28,TPEx,5490,同亨,28.90,29.45,28.70,28.95,+0.20,450274,13063049,351
2026-05-28,TPEx,5493,三聯,90.20,92.80,88.00,88.60,-1.60,286764,25824773,297
2026-05-28,TPEx,5498,凱崴,69.20,69.20,65.60,65.70,-3.10,5947581,400151171,5002
2026-05-28,TPEx,5508,永信建,46.80,46.85,46.00,46.05,-0.75,877928,40595176,974
2026-05-28,TPEx,5511,德昌,71.70,71.80,71.30,71.30,-0.70,96260,6888380,73
2026-05-28,TPEx,5512,力麒,6.91,7.10,6.91,6.98,+0.02,2205414,15475823,817
2026-05-28,TPEx,5514,三豐,14.55,15.20,14.20,14.45,-0.25,192370,2814600,61
2026-05-28,TPEx,5516,雙喜,10.55,10.55,10.15,10.25,0.00,15150,156672,18
2026-05-28,TPEx,5520,力泰,82.50,82.50,82.20,82.40,+0.20,3020,248701,5
2026-05-28,TPEx,5523,豐謙,30.35,30.50,30.25,30.45,0.00,46794,1421553,131
2026-05-28,TPEx,5529,鉅陞,22.70,22.75,21.75,21.95,,197958,4338772,57
2026-05-28,TPEx,5530,龍巖,46.75,46.85,45.95,46.00,-0.40,559744,25865445,448
2026-05-28,TPEx,5536,聖暉*,1110.00,1110.00,1030.00,1035.00,-75.00,2693637,2855938650,5334
2026-05-28,TPEx,5543,桓鼎-KY,30.95,30.95,29.65,30.15,-0.25,19704,591662,42
2026-05-28,TPEx,5547,久舜,21.75,21.80,21.65,21.75,+0.20,12202,264942,19
2026-05-28,TPEx,5548,安倉,23.30,23.35,23.25,23.25,-0.05,49601,1156776,24
2026-05-28,TPEx,5601,台聯櫃,33.50,33.50,31.95,32.00,-1.10,45061,1452433,30
2026-05-28,TPEx,5603,陸海,15.15,15.15,15.00,15.15,0.00,278483,4198707,1044
2026-05-28,TPEx,5604,中連,31.40,31.90,31.00,31.00,-0.40,33353,1040889,58
2026-05-28,TPEx,5609,中菲行,80.80,81.10,80.20,80.40,+0.20,228903,18446984,262
2026-05-28,TPEx,5701,劍湖山,3.27,3.64,3.27,3.64,+0.33,363038,1319306,183
2026-05-28,TPEx,5703,亞都,14.10,14.10,13.25,13.70,+0.20,13003,178139,7
2026-05-28,TPEx,5704,老爺知,21.50,21.50,21.00,21.35,+0.20,42088,886855,43
2026-05-28,TPEx,5864,致和證,38.95,40.70,37.70,39.85,+1.25,21291552,839731144,9675
2026-05-28,TPEx,5878,台名,41.10,41.20,41.00,41.20,+0.50,13168,541527,16
2026-05-28,TPEx,5902,德記,36.55,36.55,34.00,35.00,-1.80,569086,19999224,262
2026-05-28,TPEx,5903,全家,187.50,187.50,186.50,186.50,-1.00,47029,8797900,247
2026-05-28,TPEx,5904,寶雅,555.00,563.00,552.00,557.00,0.00,206494,115489500,816
2026-05-28,TPEx,5905,南仁湖,7.83,8.00,7.77,7.80,-0.03,618076,4840994,375
2026-05-28,TPEx,6015,宏遠證,18.30,18.50,17.60,18.00,+0.05,13255732,239606994,4456
2026-05-28,TPEx,6016,康和證,27.85,27.85,26.25,26.95,+0.25,33642457,912914637,12887
2026-05-28,TPEx,6020,大展證,23.80,24.20,23.00,23.35,-0.15,146869,3488999,132
2026-05-28,TPEx,6021,美好證,35.40,35.85,34.25,35.35,+0.45,761100,26859871,482
2026-05-28,TPEx,6023,元大期,99.40,99.80,98.60,99.10,+0.30,156678,15524814,436
2026-05-28,TPEx,6026,福邦證,16.70,16.80,16.20,16.25,-0.20,6776218,112151490,1868
2026-05-28,TPEx,6028,公勝保經,78.60,79.50,78.60,79.10,+0.50,27671,2187008,22
2026-05-28,TPEx,6101,寬魚國際,40.60,40.60,38.80,39.60,-1.00,156534,6236819,214
2026-05-28,TPEx,6103,合邦,35.15,37.00,35.15,37.00,-0.20,3302,119075,14
2026-05-28,TPEx,6104,創惟,99.00,102.00,96.80,97.70,-1.30,1665344,165161108,1662
2026-05-28,TPEx,6109,亞元,10.65,10.90,10.60,10.70,+0.05,302178,3236945,168
2026-05-28,TPEx,6111,光聚晶電,45.10,46.00,44.30,44.30,-1.10,453720,20344429,394
2026-05-28,TPEx,6113,亞矽,27.00,27.90,26.20,26.20,-0.70,583873,15725633,466
2026-05-28,TPEx,6114,久威,31.90,31.90,30.00,30.30,+0.50,112509,3433652,116
2026-05-28,TPEx,6118,建達,18.00,18.15,17.40,17.45,-0.50,463800,8219099,411
2026-05-28,TPEx,6121,新普,398.00,400.00,387.00,387.50,-9.00,983217,385509099,1737
2026-05-28,TPEx,6122,擎邦,47.00,47.20,46.35,46.35,-0.50,310650,14526396,344
2026-05-28,TPEx,6123,上奇,42.85,43.30,42.60,43.10,+0.05,93693,4027391,146
2026-05-28,TPEx,6124,業強,29.75,30.10,28.80,28.80,-0.95,129620,3851884,196
2026-05-28,TPEx,6125,廣運,67.00,69.50,64.90,65.60,-0.20,4065828,272086921,3060
2026-05-28,TPEx,6126,信音,35.40,36.45,35.20,35.35,+0.25,2169954,77374561,1371
2026-05-28,TPEx,6127,九豪,57.50,62.50,57.50,61.20,+4.30,43758959,2689545721,22782
2026-05-28,TPEx,6129,普誠,15.35,15.90,15.00,15.10,-0.15,833459,12838791,517
2026-05-28,TPEx,6130,上亞科技,22.10,22.65,21.95,22.05,0.00,141465,3133561,193
2026-05-28,TPEx,6134,萬旭,34.20,35.80,32.85,32.95,-0.35,3765564,129651277,2467
2026-05-28,TPEx,6138,茂達,361.00,365.50,331.00,343.00,-12.50,1981661,694431430,2933
2026-05-28,TPEx,6140,訊達,19.55,19.70,19.00,19.00,-0.55,184406,3581210,187
2026-05-28,TPEx,6143,振曜,101.00,104.00,99.70,101.50,+1.50,2729492,277845284,2168
2026-05-28,TPEx,6144,得利影,14.55,14.85,14.20,14.50,-0.05,4228,61293,9
2026-05-28,TPEx,6146,耕興,226.00,235.00,224.00,227.50,+4.50,2096682,481150491,3872
2026-05-28,TPEx,6147,頎邦,267.50,291.50,261.50,278.00,+13.00,97570749,27556702209,59434
2026-05-28,TPEx,6148,驊宏資,28.80,29.45,28.50,28.60,+0.10,349772,10117977,266
2026-05-28,TPEx,6150,撼訊,67.00,69.10,67.00,68.00,+1.20,713341,48600358,651
2026-05-28,TPEx,6151,晉倫,44.70,46.50,43.00,43.10,-1.60,2016606,89903765,1498
2026-05-28,TPEx,6154,順發,13.35,13.45,13.25,13.45,+0.10,41523,553147,64
2026-05-28,TPEx,6156,松上,18.65,18.85,18.20,18.20,-0.40,729899,13421607,398
2026-05-28,TPEx,6158,禾昌,17.85,17.90,17.60,17.60,-0.40,68136,1207582,78
2026-05-28,TPEx,6160,欣技,16.25,16.80,16.00,16.15,0.00,229980,3767300,161
2026-05-28,TPEx,6161,捷波,60.60,62.50,58.80,60.20,+0.10,1449597,88124159,1373
2026-05-28,TPEx,6163,華電網,50.20,50.90,48.00,48.20,-2.00,3422266,167874796,2741
2026-05-28,TPEx,6167,久正,11.90,12.10,11.50,11.50,-0.40,968234,11441192,587
2026-05-28,TPEx,6169,昱泉,14.15,14.20,13.75,13.85,+0.15,27505,382265,49
2026-05-28,TPEx,6170,統振,50.20,50.90,50.10,50.50,+0.20,273668,13812419,193
2026-05-28,TPEx,6171,大城地產,23.65,23.65,23.30,23.40,+0.05,124795,2932910,43
2026-05-28,TPEx,6173,信昌電,218.50,240.00,214.50,219.50,-6.50,2138747,481437478,2699
2026-05-28,TPEx,6174,安碁,46.65,51.20,46.00,46.55,-0.10,6928464,341287727,5470
2026-05-28,TPEx,6175,立敦,96.20,107.00,96.10,107.00,+9.60,16962536,1782039371,11028
2026-05-28,TPEx,6179,亞通,23.80,24.15,23.50,23.65,-0.15,1462460,34748492,720
2026-05-28,TPEx,6180,橘子,39.90,39.90,39.10,39.35,-0.60,647145,25519613,586
2026-05-28,TPEx,6182,合晶,90.20,99.20,89.50,90.70,+0.50,17287731,1621131129,10330
2026-05-28,TPEx,6185,幃翔,13.90,13.90,13.65,13.65,-0.15,200630,2760386,178
2026-05-28,TPEx,6186,新潤,39.70,39.70,39.10,39.15,-0.20,597819,23508543,511
2026-05-28,TPEx,6187,萬潤,1180.00,1240.00,1180.00,1240.00,+110.00,4553133,5612475544,6786
2026-05-28,TPEx,6188,廣明,84.00,85.20,81.50,81.80,-2.10,2503071,207743126,2308
2026-05-28,TPEx,6190,萬泰科,82.00,88.00,81.50,85.90,+5.50,19265405,1643225284,15201
2026-05-28,TPEx,6194,育富,34.50,34.85,34.30,34.55,+0.05,98709,3423380,115
2026-05-28,TPEx,6195,詩肯,26.00,26.50,26.00,26.10,0.00,30070,788289,53
2026-05-28,TPEx,6198,瑞築,,,,,,139,2846,10
2026-05-28,TPEx,6199,天品,94.50,96.30,92.40,92.40,-2.00,516131,48795644,294
2026-05-28,TPEx,6203,海韻電,71.20,72.10,70.10,70.40,-0.40,359732,25545292,435
2026-05-28,TPEx,6204,艾華,92.00,96.10,88.50,91.50,+1.40,1292026,119920779,1244
2026-05-28,TPEx,6207,雷科,104.00,109.50,102.00,105.00,+1.50,19450211,2061107902,15193
2026-05-28,TPEx,6208,日揚,93.70,96.20,91.70,93.10,+0.10,1272216,119433613,1213
2026-05-28,TPEx,6210,慶生,20.65,21.30,20.55,21.05,-0.15,74967,1548123,61
2026-05-28,TPEx,6212,理銘,27.15,28.15,27.15,27.90,+0.30,15020,411342,13
2026-05-28,TPEx,6217,中探針,271.00,285.00,271.00,275.00,-1.00,1250749,347373024,2049
2026-05-28,TPEx,6218,豪勉,42.50,43.90,39.50,39.50,-3.70,7148002,296784264,6320
2026-05-28,TPEx,6219,富旺,11.90,11.95,11.55,11.75,-0.20,390029,4565699,210
2026-05-28,TPEx,6220,岳豐,35.00,35.00,32.60,33.05,-1.85,2254473,75397455,1413
2026-05-28,TPEx,6221,晉泰,22.90,23.20,22.70,23.10,+0.20,167260,3847919,128
2026-05-28,TPEx,6222,立軒,20.70,20.70,20.60,20.70,0.00,12167,251298,12
2026-05-28,TPEx,6223,旺矽,6390.00,6450.00,5855.00,5915.00,-475.00,1128312,6911013965,12947
2026-05-28,TPEx,6227,茂綸,128.00,136.00,127.00,130.50,+5.50,4802935,632407568,8135
2026-05-28,TPEx,6228,全譜,21.60,21.60,21.00,21.00,+0.05,12297,263193,11
2026-05-28,TPEx,6229,研通,26.95,27.30,26.30,26.50,0.00,164425,4423254,162
2026-05-28,TPEx,6231,系微,296.50,306.00,287.50,290.00,-7.00,868748,258412612,1293
2026-05-28,TPEx,6233,旺玖,25.50,26.00,25.00,25.00,-0.40,369013,9367544,297
2026-05-28,TPEx,6234,高僑,54.10,54.90,50.00,51.20,-3.00,4497715,235913802,7829
2026-05-28,TPEx,6236,中湛,,,,,,0,0,0
2026-05-28,TPEx,6237,驊訊,51.10,53.00,50.40,52.00,+0.90,1733693,90269271,1340
2026-05-28,TPEx,6240,松崗,18.15,18.35,17.75,17.85,-0.30,34000,608350,23
2026-05-28,TPEx,6241,鑫永洋,10.10,10.20,10.00,10.00,-0.10,180106,1820773,106
2026-05-28,TPEx,6242,立康,38.20,38.40,38.15,38.15,+0.10,25441,972925,42
2026-05-28,TPEx,6244,茂迪,29.40,31.20,29.35,30.10,+0.75,15455407,469759628,7568
2026-05-28,TPEx,6245,立端,91.30,92.30,86.10,86.10,-4.50,2381164,210417874,2409
2026-05-28,TPEx,6246,臺龍,15.75,16.05,15.50,15.50,-0.25,72088,1128171,83
2026-05-28,TPEx,6248,沛波,18.40,18.50,18.30,18.35,-0.05,109503,2013814,90
2026-05-28,TPEx,6259,百徽,26.65,28.80,26.65,27.00,-0.05,1458150,40449748,1051
2026-05-28,TPEx,6261,久元,119.00,123.00,117.50,118.00,0.00,4039012,484323472,3324
2026-05-28,TPEx,6263,普萊德,183.50,185.00,177.00,177.00,-7.00,310997,56308291,520
2026-05-28,TPEx,6264,富裔,6.08,6.12,5.93,6.09,+0.01,35200,213654,24
2026-05-28,TPEx,6265,方土昶,55.00,57.80,52.80,53.80,-1.20,14652806,806736726,9859
2026-05-28,TPEx,6266,泰詠,27.45,28.80,27.35,28.15,+1.00,1005115,28310518,712
2026-05-28,TPEx,6270,倍微,27.25,27.85,26.65,27.05,+0.15,631482,17230140,473
2026-05-28,TPEx,6274,台燿,1615.00,1695.00,1525.00,1540.00,-90.00,8948625,14196175855,23375
2026-05-28,TPEx,6275,元山,47.85,48.50,47.65,47.95,+0.15,540448,25986382,389
2026-05-28,TPEx,6276,安鈦克,26.75,27.50,26.55,26.95,-0.55,122226,3275385,207
2026-05-28,TPEx,6279,胡連,119.00,127.50,119.00,122.50,+6.00,3133185,387916188,3304
2026-05-28,TPEx,6284,佳邦,122.00,124.00,122.00,124.00,+11.00,5469375,677092000,3381
2026-05-28,TPEx,6290,良維,335.00,361.00,330.50,336.00,+7.50,13623334,4733157206,14191
2026-05-28,TPEx,6291,沛亨,650.00,697.00,621.00,654.00,+9.00,7232308,4754161091,8899
2026-05-28,TPEx,6292,迅德,68.70,68.70,67.10,68.70,+6.20,2913826,199848672,1951
2026-05-28,TPEx,6294,智基,27.70,27.70,27.00,27.50,-0.45,41038,1125328,91
2026-05-28,TPEx,6411,晶焱,101.00,111.00,100.50,111.00,+10.00,8898368,975865150,4690
2026-05-28,TPEx,6417,韋僑,145.50,152.50,141.50,146.00,+1.50,470559,69424288,690
2026-05-28,TPEx,6418,詠昇,29.75,30.25,29.75,30.20,+0.45,132692,3990937,86
2026-05-28,TPEx,6419,京晨科,146.00,147.50,140.00,140.00,-6.00,627558,90051516,1013
2026-05-28,TPEx,6423,億而得,99.50,101.50,93.90,94.60,-3.50,192762,18676472,229
2026-05-28,TPEx,6425,易發,100.00,101.00,93.50,95.00,-7.50,5940126,578769977,26583
2026-05-28,TPEx,6432,今展科,67.30,71.70,66.60,70.00,+4.80,10252202,712064507,8013
2026-05-28,TPEx,6435,大中,288.00,295.50,274.50,278.00,-12.00,1936234,549132612,3133
2026-05-28,TPEx,6441,廣錠,25.45,25.45,24.05,24.55,-0.90,518919,12729972,396
2026-05-28,TPEx,6461,益得,15.75,16.10,15.30,15.35,-0.35,253706,3972810,179
2026-05-28,TPEx,6462,神盾,134.00,134.50,123.50,125.00,-8.00,4054374,519955098,4141
2026-05-28,TPEx,6465,威潤,51.40,51.50,48.80,48.80,-2.10,319090,15862680,325
2026-05-28,TPEx,6469,大樹,69.90,70.70,69.20,70.10,+0.50,616780,43218933,881
2026-05-28,TPEx,6470,宇智,48.25,49.00,48.15,48.45,+0.95,183771,8924695,305
2026-05-28,TPEx,6474,華豫寧,38.15,38.45,37.80,37.80,-0.35,242317,9214120,50
2026-05-28,TPEx,6482,弘煜科,28.30,29.10,28.00,28.25,-0.05,18027,510483,29
2026-05-28,TPEx,6485,點序,106.00,109.00,100.50,103.00,-5.00,2635969,275821076,2189
2026-05-28,TPEx,6486,互動,80.80,81.50,80.30,81.00,+0.20,83965,6803712,129
2026-05-28,TPEx,6488,環球晶,935.00,1020.00,914.00,927.00,-3.00,21729406,20909656019,39439
2026-05-28,TPEx,6492,生華科,44.40,44.50,43.65,44.00,-0.30,255821,11256566,299
2026-05-28,TPEx,6494,九齊,59.70,62.50,58.40,59.00,+0.20,1070671,65169092,1172
2026-05-28,TPEx,6496,科懋,23.15,23.15,22.90,23.10,-0.10,19993,461058,177
2026-05-28,TPEx,6498,久禾光,105.00,106.00,101.50,101.50,-2.00,187052,19348669,194
2026-05-28,TPEx,6499,益安,88.40,89.20,85.90,86.30,-1.30,391875,34102515,426
2026-05-28,TPEx,6506,雙邦,19.10,19.10,18.70,18.80,-0.30,250561,4730375,143
2026-05-28,TPEx,6508,惠光,23.45,23.45,23.00,23.25,-0.15,96852,2242020,212
2026-05-28,TPEx,6509,聚和,51.30,51.30,49.55,50.00,-1.20,4104612,205163799,2865
2026-05-28,TPEx,6510,精測,3250.00,3365.00,3210.00,3280.00,+85.00,913096,3006443655,3864
2026-05-28,TPEx,6512,啟發電,19.20,19.20,19.20,19.20,-0.10,8157,156977,50
2026-05-28,TPEx,6516,勤崴國際,55.40,56.00,54.60,55.40,0.00,156093,8606142,165
2026-05-28,TPEx,6517,保勝光學,59.00,59.90,57.30,57.60,-1.50,290735,17008988,311
2026-05-28,TPEx,6523,達爾膚,98.10,98.50,98.00,98.20,-0.40,48932,4802203,109
2026-05-28,TPEx,6527,明達醫,70.30,70.30,69.10,69.10,-1.30,49200,3439440,30
2026-05-28,TPEx,6530,創威,112.50,113.50,105.00,105.00,-8.00,1514869,164978531,1587
2026-05-28,TPEx,6532,瑞耘,96.10,101.00,95.60,96.20,-0.80,970375,94820776,1121
2026-05-28,TPEx,6535,順藥,124.00,126.00,121.50,121.50,-2.50,239427,29358097,453
2026-05-28,TPEx,6538,倉和,123.00,129.00,111.00,112.50,-10.50,1507868,177244069,1332
2026-05-28,TPEx,6542,隆中,46.10,47.70,45.00,47.25,+1.15,12478,575410,18
2026-05-28,TPEx,6546,正基,82.00,83.60,79.50,80.80,+0.10,1740167,142364742,1338
2026-05-28,TPEx,6547,高端疫苗,45.50,46.25,44.20,44.20,-1.20,2876984,128779769,2163
2026-05-28,TPEx,6548,長科*,62.00,67.20,61.40,66.40,+5.30,30645908,2026080189,25387
2026-05-28,TPEx,6556,勝品,69.70,69.80,69.70,69.70,+0.10,5395,375942,11
2026-05-28,TPEx,6560,欣普羅,39.10,39.10,38.00,38.05,-1.05,118316,4560064,233
2026-05-28,TPEx,6561,是方,351.50,354.00,346.00,350.00,-1.50,179852,62837315,355
2026-05-28,TPEx,6568,宏觀,228.00,234.00,224.50,230.00,+3.00,427229,97913755,613
2026-05-28,TPEx,6569,醫揚,98.30,99.30,95.90,98.90,+0.80,108345,10672822,474
2026-05-28,TPEx,6570,維田,58.00,61.40,57.20,59.30,,694144,41341334,727
2026-05-28,TPEx,6574,霈方,117.00,117.00,113.00,115.50,-1.50,79477,9084199,219
2026-05-28,TPEx,6576,逸達,77.60,77.90,76.90,77.60,-0.50,91254,7060931,139
2026-05-28,TPEx,6577,勁豐,80.00,80.50,79.40,79.60,-0.30,44659,3572086,182
2026-05-28,TPEx,6578,達邦蛋白,16.65,16.70,16.00,16.40,-0.25,89443,1469795,95
2026-05-28,TPEx,6584,南俊國際,704.00,720.00,672.00,690.00,+2.00,1378396,962554592,2565
2026-05-28,TPEx,6588,東典光電,129.00,130.50,115.50,115.50,-12.50,2114479,251379927,1922
2026-05-28,TPEx,6590,普鴻,65.80,65.80,65.30,65.30,+0.20,11423,748209,25
2026-05-28,TPEx,6593,台灣銘板,34.65,35.15,34.65,35.00,0.00,88079,3078776,171
2026-05-28,TPEx,6596,寬宏藝術,96.60,97.10,95.60,96.00,-0.60,329114,31673269,739
2026-05-28,TPEx,6597,立誠,76.40,76.40,72.60,72.70,-0.10,11523,846825,26
2026-05-28,TPEx,6603,富強鑫,22.40,24.55,22.40,24.55,+2.20,3017178,72928203,1354
2026-05-28,TPEx,6609,瀧澤科,46.85,47.65,44.15,44.85,-1.55,966910,44285738,875
2026-05-28,TPEx,6612,奈米醫材,76.60,76.60,72.00,72.40,-0.10,38545,2801161,60
2026-05-28,TPEx,6613,朋億*,282.00,282.00,262.00,265.50,-14.50,442505,119889192,2588
2026-05-28,TPEx,6615,慧智,32.70,33.20,32.70,33.15,+0.30,22599,742138,137
2026-05-28,TPEx,6616,特昇-KY,9.52,9.52,9.05,9.18,-0.32,137146,1269358,101
2026-05-28,TPEx,6617,共信-KY,78.00,80.30,70.60,71.80,-2.00,822295,61655899,945
2026-05-28,TPEx,6620,漢達,72.90,73.50,71.70,71.70,-1.20,282010,20418226,213
2026-05-28,TPEx,6624,萬年清,39.55,40.00,39.05,39.90,-0.80,12554,499009,72
2026-05-28,TPEx,6629,泰金-KY,118.00,123.00,117.50,117.50,-1.50,83311,9991691,75
2026-05-28,TPEx,6637,醫影,67.10,67.90,66.00,66.00,-1.10,16652,1106516,88
2026-05-28,TPEx,6640,均華,1440.00,1475.00,1330.00,1340.00,-85.00,410195,569738595,2601
2026-05-28,TPEx,6642,富致,82.90,91.90,82.70,91.90,+8.30,2230069,201951560,1366
2026-05-28,TPEx,6643,M31,598.00,611.00,557.00,563.00,-35.00,1177543,684543204,4366
2026-05-28,TPEx,6649,台生材,38.00,38.45,38.00,38.30,-0.10,40229,1536715,35
2026-05-28,TPEx,6651,全宇昕,151.00,155.00,144.00,145.50,-5.50,519336,77394410,2513
2026-05-28,TPEx,6654,天正國際,129.50,140.00,128.00,140.00,+12.50,524995,71642784,724
2026-05-28,TPEx,6661,威健生技,17.15,17.15,17.00,17.00,-0.15,10322,176724,11
2026-05-28,TPEx,6662,樂斯科,28.55,28.55,28.50,28.55,-0.70,43182,1232251,26
2026-05-28,TPEx,6664,群翊,456.00,468.00,436.00,441.00,-13.50,1338952,605810171,2724
2026-05-28,TPEx,6667,信紘科,266.50,282.00,260.50,268.00,+3.50,2403126,653143553,3232
2026-05-28,TPEx,6679,鈺太,331.00,338.00,310.00,316.50,-13.50,648848,208557061,1153
2026-05-28,TPEx,6680,鑫創電子,57.90,57.90,57.90,57.90,0.00,1332,77088,4
2026-05-28,TPEx,6683,雍智科技,1780.00,1840.00,1650.00,1700.00,-80.00,1178377,2032695775,5807
2026-05-28,TPEx,6684,安格,46.80,46.80,44.00,44.25,-1.60,198214,8908337,499
2026-05-28,TPEx,6690,安碁資訊,169.50,170.00,167.50,169.50,0.00,87816,14810572,1185
2026-05-28,TPEx,6692,進能服,27.35,27.35,27.00,27.00,-0.55,50796,1375561,67
2026-05-28,TPEx,6693,廣閎科,152.50,157.50,148.50,150.00,-1.00,1537960,236271927,1574
2026-05-28,TPEx,6697,東捷資訊,41.35,41.40,40.55,40.65,-0.70,58758,2408513,81
2026-05-28,TPEx,6703,軒郁,109.00,109.50,108.50,108.50,-1.00,68721,7480998,134
2026-05-28,TPEx,6708,天擎,41.50,42.50,40.80,40.80,+0.20,67498,2802782,59
2026-05-28,TPEx,6712,長聖,132.00,132.50,130.50,131.50,+0.50,247348,32501846,279
2026-05-28,TPEx,6716,應廣,107.00,117.50,107.00,117.50,+10.50,1188253,137225189,894
2026-05-28,TPEx,6720,久昌,148.50,150.00,135.50,147.00,-1.00,257762,37141767,227
2026-05-28,TPEx,6721,信實,,,,,,200,11758,4
2026-05-28,TPEx,6725,矽科宏晟,340.50,345.00,322.00,323.00,-17.50,490384,162626936,1024
2026-05-28,TPEx,6727,亞泰金屬,630.00,645.00,570.00,578.00,-51.00,4679505,2836097273,6466
2026-05-28,TPEx,6728,上洋,109.00,109.50,109.00,109.50,+1.50,19578,2135577,38
2026-05-28,TPEx,6730,常廣,35.50,35.55,34.00,35.50,-0.50,195517,6804775,158
2026-05-28,TPEx,6732,昇佳電子,177.00,179.50,168.50,170.00,,519649,90307131,798
2026-05-28,TPEx,6733,博晟生醫,26.15,26.40,25.55,25.75,-0.40,409063,10566185,327
2026-05-28,TPEx,6735,美達科技,110.00,114.00,108.00,108.50,-2.00,640055,71011057,666
2026-05-28,TPEx,6739,竹陞科技,1305.00,1350.00,1250.00,1255.00,-40.00,270495,350354565,1485
2026-05-28,TPEx,6741,91APP*-KY,63.30,64.30,62.00,62.90,-1.10,463359,29187032,437
2026-05-28,TPEx,6751,智聯服務,47.75,48.05,47.00,47.05,-0.60,25329,1206209,64
2026-05-28,TPEx,6752,叡揚,99.00,99.00,97.10,98.70,+0.70,21509,2109493,80
2026-05-28,TPEx,6761,穩得,225.50,229.50,219.00,223.00,-0.50,1294089,291210927,1686
2026-05-28,TPEx,6762,達亞,172.00,172.00,164.00,172.00,0.00,18200,3043726,180
2026-05-28,TPEx,6763,綠界科技*,43.30,43.40,42.60,42.75,-0.55,652677,27953876,674
2026-05-28,TPEx,6767,台微醫,26.30,26.30,26.25,26.30,0.00,11020,289681,13
2026-05-28,TPEx,6785,昱展新藥,124.50,124.50,122.00,122.50,-2.00,136448,16754889,209
2026-05-28,TPEx,6788,華景電,420.00,425.00,416.00,417.50,-1.50,637516,267901239,1229
2026-05-28,TPEx,6791,虎門科技,113.00,114.00,110.00,111.00,-2.00,76639,8564893,74
2026-05-28,TPEx,6803,崑鼎,286.50,287.00,285.50,285.50,-1.00,110128,31500200,329
2026-05-28,TPEx,6804,明係,16.20,16.40,15.90,16.05,-0.15,43172,693762,35
2026-05-28,TPEx,6811,宏碁資訊,210.50,212.00,207.00,209.00,-1.00,185169,38801553,312
2026-05-28,TPEx,6821,聯寶,69.70,74.40,69.00,72.00,+0.10,4280282,306963754,3245
2026-05-28,TPEx,6823,濾能,75.90,75.90,72.50,72.70,-3.00,438515,32309211,377
2026-05-28,TPEx,6829,千附精密,218.00,220.00,207.00,216.00,+5.00,328111,70829698,497
2026-05-28,TPEx,6840,東研信超,62.50,65.80,62.00,63.40,+0.50,174883,11077225,157
2026-05-28,TPEx,6841,長佳智能,56.50,57.80,55.30,55.60,-1.20,656733,36797453,617
2026-05-28,TPEx,6843,進典,43.35,43.60,41.65,42.40,+0.50,29000,1217800,23
2026-05-28,TPEx,6844,諾貝兒,64.60,65.00,63.50,65.00,-0.40,43416,2787521,76
2026-05-28,TPEx,6846,綠茵,67.90,67.90,66.00,66.50,-0.70,13000,868400,13
2026-05-28,TPEx,6855,數泓科,108.00,108.00,106.00,108.00,-3.00,15597,1665117,38
2026-05-28,TPEx,6856,鑫傳,49.30,50.40,49.30,50.40,-0.60,2000,99700,2
2026-05-28,TPEx,6859,伯特光,122.50,129.50,122.50,125.00,+3.50,326587,41269467,349
2026-05-28,TPEx,6865,偉康科技,26.20,27.35,26.00,26.50,-0.30,18962,503962,34
2026-05-28,TPEx,6870,騰雲,245.00,263.00,232.00,263.00,+23.50,528595,133434448,2299
2026-05-28,TPEx,6872,浩宇生醫,17.85,17.85,17.10,17.60,-0.30,95544,1671621,70
2026-05-28,TPEx,6874,倍力,79.30,79.90,77.50,77.50,-1.50,49173,3859990,88
2026-05-28,TPEx,6875,國邑*,38.00,38.00,35.45,35.45,-1.40,175017,6355653,209
2026-05-28,TPEx,6877,鏵友益,172.00,173.00,162.50,165.00,-7.50,346343,58040734,1278
2026-05-28,TPEx,6881,潤德,269.50,271.50,269.50,271.50,+5.00,14087,3820293,20
2026-05-28,TPEx,6884,海柏特,33.40,33.40,32.85,32.85,-0.50,10001,331783,11
2026-05-28,TPEx,6894,衛司特,370.50,374.00,360.00,360.00,-10.00,156093,57331156,346
2026-05-28,TPEx,6895,宏碩系統,150.50,153.00,150.00,151.50,+1.00,83164,12559861,125
2026-05-28,TPEx,6899,創為精密,62.80,67.80,62.60,64.70,+1.90,659802,43512711,643
2026-05-28,TPEx,6903,巨漢,420.00,421.50,396.00,399.50,-22.00,1281071,523825218,2432
2026-05-28,TPEx,6904,伯鑫,118.00,118.00,114.00,116.00,-1.00,4030,466980,5
2026-05-28,TPEx,6907,雅特力-KY,119.50,123.50,115.50,117.50,+0.50,872080,103683770,867
2026-05-28,TPEx,6910,德鴻,28.00,28.00,27.05,27.35,-0.20,35422,975126,48
2026-05-28,TPEx,6913,鴻呈,144.50,146.50,139.00,142.00,-2.00,626608,89400132,690
2026-05-28,TPEx,6922,宸曜,187.50,203.00,187.00,191.00,+4.00,654001,127796070,663
2026-05-28,TPEx,6925,意藍,58.50,58.50,56.80,57.80,+1.50,87486,5023255,110
2026-05-28,TPEx,6929,佑全,21.40,22.00,21.40,21.55,+0.15,16475,355759,41
2026-05-28,TPEx,6953,家碩,252.50,256.00,239.00,239.50,-11.00,137209,33823257,1192
2026-05-28,TPEx,6961,旅天下,58.70,60.00,58.60,59.90,+1.50,147323,8785311,181
2026-05-28,TPEx,6967,汎瑋材料,72.30,73.60,70.70,71.30,-1.00,157034,11291375,161
2026-05-28,TPEx,6968,萬達寵物,42.95,43.00,42.65,42.65,-0.30,63287,2712799,126
2026-05-28,TPEx,6971,惠民實業,27.00,27.60,27.00,27.30,0.00,38175,1043229,34
2026-05-28,TPEx,6982,大井泵浦,53.80,57.00,53.80,55.30,+0.10,84432,4668487,81
2026-05-28,TPEx,6983,華洋精機,430.00,430.00,380.00,385.00,-45.00,413263,163380685,1338
2026-05-28,TPEx,6996,力領科技,191.50,193.00,186.00,189.00,-2.50,180755,34293559,236
2026-05-28,TPEx,6997,博弘,68.00,68.50,68.00,68.50,+0.60,3118,213124,16
2026-05-28,TPEx,7402,邑錡,97.50,100.50,96.30,98.00,+0.30,288807,28452626,341
2026-05-28,TPEx,7547,碩網,60.90,61.50,60.50,61.00,-1.60,136878,8357601,170
2026-05-28,TPEx,7556,意德士,290.00,291.50,272.00,272.50,-17.50,193483,54137850,409
2026-05-28,TPEx,7584,樂意,22.55,23.75,22.20,23.75,+0.40,55003,1242275,34
2026-05-28,TPEx,7642,昶瑞機電,68.40,68.40,65.60,66.00,-0.60,22343,1491897,40
2026-05-28,TPEx,7703,銳澤,214.50,215.00,204.00,206.50,-8.00,241402,50466673,406
2026-05-28,TPEx,7704,明遠精密,61.90,62.90,59.60,60.20,-1.90,303585,18469455,457
2026-05-28,TPEx,7708,全家餐飲,92.00,92.40,92.00,92.20,+0.20,10042,924955,26
2026-05-28,TPEx,7709,榮田,94.50,100.50,94.50,100.50,+8.70,832737,82698847,627
2026-05-28,TPEx,7712,博盛半導體,173.00,176.50,160.00,162.50,-7.00,1381846,232644786,1713
2026-05-28,TPEx,7713,威力德生醫,66.90,67.50,66.90,67.10,-0.10,7054,473232,11
2026-05-28,TPEx,7714,創泓科技,117.00,117.00,114.00,114.50,-4.00,107007,12330281,180
2026-05-28,TPEx,7715,裕山,27.90,28.00,27.50,28.00,+0.15,69258,1917424,50
2026-05-28,TPEx,7716,昱臺國際,25.60,25.60,25.35,25.40,+0.10,5049,128309,6
2026-05-28,TPEx,7717,萊德光電-KY,654.00,673.00,628.00,628.00,-21.00,390220,254005981,1412
2026-05-28,TPEx,7718,友鋮,48.35,49.65,48.35,48.50,-0.10,81344,3983652,59
2026-05-28,TPEx,7723,築間,23.20,23.45,22.60,22.70,-0.50,113586,2597845,149
2026-05-28,TPEx,7728,光焱科技,748.00,788.00,727.00,778.00,+41.00,233431,178305801,676
2026-05-28,TPEx,7734,印能科技,3885.00,4160.00,3535.00,3670.00,-170.00,423261,1638780190,3316
2026-05-28,TPEx,7738,東聯互動,166.00,167.50,165.50,166.00,0.00,55589,9239923,72
2026-05-28,TPEx,7743,金利食安,18.95,18.95,18.50,18.50,-0.50,31000,576400,12
2026-05-28,TPEx,7744,崴寶,498.50,505.00,478.00,478.00,-19.00,279713,137936263,543
2026-05-28,TPEx,7747,昕奇雲端,127.50,127.50,127.50,127.50,-0.50,1013,129107,3
2026-05-28,TPEx,7751,竑騰,1680.00,1765.00,1675.00,1725.00,+25.00,87097,149455445,935
2026-05-28,TPEx,7753,星亞,45.20,45.20,42.15,42.40,-2.05,72206,3163939,63
2026-05-28,TPEx,7757,金色三麥,104.50,104.50,103.50,104.00,+0.50,28285,2942258,74
2026-05-28,TPEx,7767,仁大資訊,43.40,43.40,42.90,42.90,-0.35,33071,1424306,27
2026-05-28,TPEx,7770,君曜,45.00,48.95,45.00,45.20,-0.75,89300,4146270,93
2026-05-28,TPEx,7772,耀穎,151.50,156.00,147.50,151.50,-3.50,257098,39023094,500
2026-05-28,TPEx,7777,能率亞洲,35.85,38.50,35.45,37.90,+2.75,7853572,293430783,4877
2026-05-28,TPEx,7782,光速火箭,25.40,26.35,25.25,26.15,+0.65,24245,619273,32
2026-05-28,TPEx,7792,安葆,269.00,273.50,255.50,256.00,-13.00,153067,40275280,374
2026-05-28,TPEx,7794,宏碁智新,28.60,28.90,28.60,28.70,+0.10,28000,804500,25
2026-05-28,TPEx,7805,威聯通,778.00,815.00,777.00,785.00,+9.00,249052,197849369,1172
2026-05-28,TPEx,7810,捷創科技,235.00,241.00,225.00,226.00,-1.00,244966,57058348,613
2026-05-28,TPEx,7811,民盛,78.90,81.60,75.80,80.30,+1.40,152105,12104004,105
2026-05-28,TPEx,7819,精誠金融,46.00,47.55,45.85,45.95,+0.15,397742,18529274,362
2026-05-28,TPEx,7820,立盈,130.50,130.50,126.00,126.50,-4.00,100144,12751338,441
2026-05-28,TPEx,7828,創新服務,1485.00,1525.00,1385.00,1400.00,-105.00,588284,849096105,5356
2026-05-28,TPEx,7842,天能綠電,115.00,115.50,110.00,110.50,-4.50,118650,13322708,190
2026-05-28,TPEx,8024,佑華,12.70,12.85,12.45,12.65,-0.05,61056,767389,48
2026-05-28,TPEx,8027,鈦昇,250.00,253.50,242.00,245.50,-4.00,1336434,331597301,2312
2026-05-28,TPEx,8032,光菱,46.50,46.50,44.00,44.00,-1.95,379972,17086784,391
2026-05-28,TPEx,8034,榮群,23.70,24.15,23.60,23.75,-0.15,397850,9497548,280
2026-05-28,TPEx,8038,長園科,40.70,41.20,39.85,39.90,-0.80,539602,21798943,463
2026-05-28,TPEx,8040,九暘,113.50,120.00,107.00,109.50,-3.50,3727853,416921292,3524
2026-05-28,TPEx,8042,金山電,137.00,158.50,137.00,151.50,+1.00,1077789,162693733,1354
2026-05-28,TPEx,8043,蜜望實,130.50,144.00,126.50,128.50,-3.50,31487431,4269295896,24561
2026-05-28,TPEx,8044,網家,28.05,29.10,27.85,28.85,+0.55,1916991,54730619,1142
2026-05-28,TPEx,8047,星雲,44.10,44.70,42.80,43.45,+0.15,50535,2198957,49
2026-05-28,TPEx,8048,德勝,63.90,65.20,61.00,61.40,-2.20,518516,32593538,458
2026-05-28,TPEx,8049,晶采,27.05,27.20,26.85,27.05,+0.40,344691,9317467,247
2026-05-28,TPEx,8050,廣積,57.90,60.50,57.10,58.20,+0.30,4821874,283047800,3783
2026-05-28,TPEx,8054,安國,107.50,109.50,102.00,103.50,-4.00,2322531,244722493,1935
2026-05-28,TPEx,8059,凱碩,19.80,19.90,18.95,19.05,-0.25,537493,10379212,301
2026-05-28,TPEx,8064,東捷,143.00,146.00,130.00,133.00,-10.00,12882131,1767732200,13582
2026-05-28,TPEx,8066,來思達,15.50,16.00,15.30,15.90,+0.30,151457,2377906,738
2026-05-28,TPEx,8067,志旭,12.85,13.55,12.85,13.55,0.00,14812,193736,13
2026-05-28,TPEx,8068,全達,19.80,20.40,19.50,19.55,-0.25,489872,9750333,274
2026-05-28,TPEx,8069,元太,245.00,251.00,228.50,233.00,-16.00,6102775,1464900844,7431
2026-05-28,TPEx,8071,能率網通,19.50,20.15,19.20,19.85,+0.35,845551,16708408,577
2026-05-28,TPEx,8074,鉅橡,78.00,79.50,75.00,75.50,-2.60,1726957,133702896,1641
2026-05-28,TPEx,8076,伍豐,23.80,24.30,23.50,23.60,+0.10,1518657,36325964,881
2026-05-28,TPEx,8077,洛碁,44.65,46.95,44.65,46.75,+2.75,9721,444819,14
2026-05-28,TPEx,8080,泰霖,27.85,27.85,27.15,27.15,-0.35,42344,1167695,49
2026-05-28,TPEx,8083,瑞穎,168.00,168.50,166.00,167.00,-1.00,59291,9919243,94
2026-05-28,TPEx,8084,巨虹,45.50,47.50,45.00,46.35,+1.15,151939,6978349,146
2026-05-28,TPEx,8085,福華,11.10,11.30,10.90,11.00,-0.05,640461,7081949,315
2026-05-28,TPEx,8086,宏捷科,174.50,175.50,161.00,165.50,-8.00,9736370,1636782868,7903
2026-05-28,TPEx,8087,麗升能源,32.60,32.70,32.25,32.25,0.00,35278,1143053,64
2026-05-28,TPEx,8088,品安,61.20,62.70,59.40,60.40,-0.60,8879311,543789107,6126
2026-05-28,TPEx,8089,康全電訊,20.00,20.15,19.55,19.75,-0.10,266835,5306868,207
2026-05-28,TPEx,8091,翔名,266.00,269.00,255.00,258.00,-11.00,457614,119890041,869
2026-05-28,TPEx,8092,建暐,17.85,18.55,17.35,17.60,+0.10,169392,3018238,141
2026-05-28,TPEx,8093,保銳,17.30,18.00,17.30,17.50,-0.50,19408,341698,33
2026-05-28,TPEx,8096,擎亞,121.50,129.00,120.00,121.00,0.00,14092125,1749595867,11318
2026-05-28,TPEx,8097,常珵,57.20,58.50,57.20,57.80,+0.10,62767,3639254,200
2026-05-28,TPEx,8099,大世科,60.00,60.70,59.70,60.50,+1.00,93358,5627765,114
2026-05-28,TPEx,8102,傑霖科技,62.60,63.00,62.00,62.00,-1.60,15050,938250,25
2026-05-28,TPEx,8107,大億金茂,11.50,12.30,11.45,12.30,+1.10,556922,6801448,272
2026-05-28,TPEx,8109,博大,122.50,129.00,121.50,126.00,+4.50,722940,91413068,572
2026-05-28,TPEx,8111,立碁,68.00,68.60,64.40,64.40,-3.20,2468717,163688430,1871
2026-05-28,TPEx,8121,越峰,41.20,42.30,39.70,40.00,-1.00,2736853,111680381,3089
2026-05-28,TPEx,8147,正淩,175.00,179.50,169.00,170.00,-5.50,883518,153047216,1009
2026-05-28,TPEx,8155,博智,406.50,414.00,387.00,393.50,-7.00,1817779,724619859,3674
2026-05-28,TPEx,8171,天宇,23.30,23.70,22.85,22.95,+0.05,236891,5495897,174
2026-05-28,TPEx,8176,智捷,9.97,10.25,9.97,10.00,+0.01,276187,2790502,169
2026-05-28,TPEx,8182,加高,44.65,48.50,44.35,47.50,+3.40,11345837,541963263,6728
2026-05-28,TPEx,8183,精星,32.75,33.30,31.80,32.15,-0.40,889631,29077293,555
2026-05-28,TPEx,8227,巨有科技,224.50,228.00,206.00,212.50,-12.00,2176871,469637617,3205
2026-05-28,TPEx,8234,新漢,71.30,72.60,68.00,68.20,-3.10,1050572,73463060,1072
2026-05-28,TPEx,8240,華宏,68.30,68.60,63.50,63.80,-4.40,1653405,109274777,1687
2026-05-28,TPEx,8255,朋程,186.00,200.00,179.50,184.50,-1.00,6535597,1238506592,6279
2026-05-28,TPEx,8272,全景軟體,71.50,71.50,69.60,69.60,-1.00,8550,599271,38
2026-05-28,TPEx,8277,商丞,7.20,7.83,7.20,7.83,+0.71,434042,3328316,196
2026-05-28,TPEx,8279,生展,97.20,97.30,96.10,96.30,+0.10,12387,1194371,35
2026-05-28,TPEx,8284,三竹,63.10,63.60,63.00,63.10,0.00,19002,1198125,14
2026-05-28,TPEx,8289,泰藝,69.10,75.70,69.10,75.70,+6.80,13622851,1022244069,10177
2026-05-28,TPEx,8291,尚茂,133.00,133.00,133.00,133.00,+12.00,67868,9026444,75
2026-05-28,TPEx,8299,群聯,2475.00,2535.00,2410.00,2450.00,-30.00,7044737,17524045605,31222
2026-05-28,TPEx,8342,益張,91.10,91.20,91.10,91.20,+0.20,4005,364954,4
2026-05-28,TPEx,8349,恒耀,41.00,41.55,40.35,40.80,0.00,293405,11912018,289
2026-05-28,TPEx,8349A,恒耀甲特,47.15,47.25,47.15,47.20,+0.05,10200,481459,11
2026-05-28,TPEx,8354,冠好,17.00,17.30,16.75,17.10,+0.25,293006,4969153,333
2026-05-28,TPEx,8358,金居,555.00,578.00,550.00,553.00,-7.00,4870798,2724373668,6423
2026-05-28,TPEx,8383,千附,60.90,62.60,59.90,60.00,-0.20,1493878,91449105,1167
2026-05-28,TPEx,8390,金益鼎,120.00,124.50,119.50,121.00,-0.50,1365856,167337143,1263
2026-05-28,TPEx,8401,白紗科,24.00,24.00,23.15,23.20,+0.45,79154,1852629,89
2026-05-28,TPEx,8403,盛弘,19.25,19.35,19.10,19.30,+0.05,264673,5088395,525
2026-05-28,TPEx,8409,商之器,19.10,19.10,19.05,19.05,-0.05,18296,349317,32
2026-05-28,TPEx,8410,森田,33.85,34.15,33.00,33.35,-0.90,212603,7071123,179
2026-05-28,TPEx,8415,大國鋼,34.80,34.85,34.30,34.50,-0.35,624233,21557874,448
2026-05-28,TPEx,8416,實威,189.00,189.00,189.00,189.00,+17.00,121603,22982967,150
2026-05-28,TPEx,8421,旭源,13.60,13.60,13.35,13.35,0.00,5685,75832,28
2026-05-28,TPEx,8423,保綠-KY,17.80,18.00,17.40,17.40,-0.15,21571,379467,45
2026-05-28,TPEx,8424,惠普,73.00,73.00,72.60,73.00,0.00,29064,2119735,25
2026-05-28,TPEx,8426,紅木-KY,22.65,22.65,21.60,21.60,-0.30,14802,325259,59
2026-05-28,TPEx,8431,匯鑽科,57.30,58.10,55.60,55.90,-1.40,811082,45866834,796
2026-05-28,TPEx,8432,東生華,49.80,50.10,49.80,50.00,-0.30,21066,1051503,32
2026-05-28,TPEx,8433,弘帆,52.60,52.90,51.70,51.70,-0.60,54347,2837482,53
2026-05-28,TPEx,8435,鉅邁,54.80,55.20,54.60,54.70,0.00,34140,1870835,61
2026-05-28,TPEx,8436,大江,117.00,120.00,116.50,120.00,+3.50,732840,87114735,588
2026-05-28,TPEx,8437,大地-KY,11.80,11.95,11.55,11.55,-0.10,39750,464671,57
2026-05-28,TPEx,8440,綠電,25.00,25.90,23.35,23.40,-0.80,1792306,44401693,1939
2026-05-28,TPEx,8444,綠河-KY,5.64,6.00,5.60,5.60,-0.55,41217,238304,34
2026-05-28,TPEx,8446,華研,85.50,86.70,85.20,85.60,+0.10,185777,16004493,215
2026-05-28,TPEx,8450,霹靂,15.60,15.60,15.30,15.50,-0.25,73081,1130468,171
2026-05-28,TPEx,8455,大拓-KY,40.60,43.70,40.05,43.70,+3.95,127965,5464334,131
2026-05-28,TPEx,8472,夠麻吉,70.50,73.00,68.30,71.00,+0.50,48520,3389455,91
2026-05-28,TPEx,8477,創業家,22.75,22.75,19.70,20.00,-0.75,829133,17553231,551
2026-05-28,TPEx,8489,三貝德,22.75,23.05,22.45,22.70,-0.25,132607,3014008,281
2026-05-28,TPEx,8905,裕國,29.80,30.00,29.35,30.00,+0.30,9108,270839,19
2026-05-28,TPEx,8906,花王,24.80,24.80,24.50,24.50,-0.45,33222,815536,38
2026-05-28,TPEx,8908,欣雄,40.80,40.80,40.30,40.80,+0.10,334040,13593976,185
2026-05-28,TPEx,8916,光隆,45.30,45.55,44.80,45.15,0.00,141461,6366156,198
2026-05-28,TPEx,8917,欣泰,53.10,53.50,53.10,53.30,+0.20,18585,990634,25
2026-05-28,TPEx,8921,沈氏,18.55,18.55,17.80,18.50,+0.05,3113,56952,8
2026-05-28,TPEx,8923,時報,19.95,19.95,19.95,19.95,0.00,1002,19988,3
2026-05-28,TPEx,8924,大田,63.50,64.10,63.40,63.60,+0.10,253940,16187247,320
2026-05-28,TPEx,8927,北基,18.25,18.40,18.10,18.15,-0.15,432460,7879004,270
2026-05-28,TPEx,8928,鉅明,21.10,21.25,20.90,20.90,-0.20,81628,1725669,31
2026-05-28,TPEx,8929,富堡,13.75,13.75,13.45,13.55,-0.20,107571,1462831,486
2026-05-28,TPEx,8930,青鋼,28.70,28.70,28.35,28.45,-0.10,58304,1659708,41
2026-05-28,TPEx,8931,大汽電,43.10,43.50,42.15,42.15,-1.35,72365,3099185,94
2026-05-28,TPEx,8932,智通*,101.00,102.00,96.20,97.00,-3.00,5066317,498712921,2953
2026-05-28,TPEx,8933,愛地雅,4.30,4.73,4.26,4.73,+0.43,618163,2788624,511
2026-05-28,TPEx,8935,邦泰,19.75,20.40,19.75,19.85,+0.05,700750,14098218,447
2026-05-28,TPEx,8936,國統,49.95,52.30,49.95,51.30,+1.30,5354142,274864435,3323
2026-05-28,TPEx,8937,合騏*,30.10,30.40,27.40,28.20,-2.15,594008,17310624,636
2026-05-28,TPEx,8938,明安,52.70,53.00,52.30,52.60,-0.10,245636,12955294,185
2026-05-28,TPEx,8941,關中,43.70,44.20,43.45,43.80,-0.50,17828,778919,25
2026-05-28,TPEx,8942,森鉅,40.50,42.20,40.50,41.45,+1.15,775716,31962196,481
2026-05-28,TPEx,9949,琉園,22.75,22.85,22.55,22.60,-0.15,39622,900252,172
2026-05-28,TPEx,9950,萬國通,10.80,11.00,10.60,10.85,+0.05,73150,785834,33
2026-05-28,TPEx,9951,皇田,52.50,53.00,52.20,52.60,+0.90,174505,9193838,176
2026-05-28,TPEx,9960,邁達康,29.60,30.45,29.60,30.45,+0.05,45214,1362111,53
2026-05-28,TPEx,9962,有益,9.62,9.62,9.50,9.61,-0.14,31657,303857,32
