date,market,code,name,open,high,low,close,change,volume,value,transactions
2026-01-20,TWSE,0050,元大台灣50,71.90,72.65,71.85,72.60,0.00,111046335,8024448821,99563
2026-01-20,TWSE,0051,元大中型100,101.75,103.20,101.75,102.70,0.00,80305,8250915,459
2026-01-20,TWSE,0052,富邦科技,42.09,42.64,42.00,42.64,0.16,67530077,2849537086,31945
2026-01-20,TWSE,0053,元大電子,155.95,157.65,155.95,157.20,0.10,16039,2518491,310
2026-01-20,TWSE,0055,元大MSCI金融,32.40,32.59,32.38,32.39,-0.14,124039,4028455,318
2026-01-20,TWSE,0056,元大高股息,38.38,38.54,38.26,38.45,0.03,86877361,3338479903,39057
2026-01-20,TWSE,0057,富邦摩台,210.15,211.20,209.45,211.15,0.10,49460,10394650,114
2026-01-20,TWSE,0061,元大寶滬深,23.80,23.91,23.69,23.73,0.02,243832,5791273,182
2026-01-20,TWSE,006203,元大MSCI台灣,130.80,131.75,130.80,131.75,0.50,6549,857706,124
2026-01-20,TWSE,006204,永豐臺灣加權,160.25,161.15,160.20,161.15,-0.30,14033,2250142,100
2026-01-20,TWSE,006205,富邦上証,41.14,41.34,40.86,41.13,0.08,304985,12537445,232
2026-01-20,TWSE,006206,元大上證50,37.98,38.34,37.81,38.00,0.02,108581,4125429,168
2026-01-20,TWSE,006207,復華滬深,31.80,31.80,31.65,31.70,-0.02,113155,3585083,106
2026-01-20,TWSE,006208,富邦台50,164.10,165.65,164.00,165.50,0.00,3437651,567042260,10346
2026-01-20,TWSE,00625K,富邦上証+R,,,,,0.00,0,0,0
2026-01-20,TWSE,00631L,元大台灣50正2,424.65,434.20,424.50,434.00,0.10,3558472,1529527245,6871
2026-01-20,TWSE,00632R,元大台灣50反1,15.17,15.18,15.01,15.04,0.01,28880456,435374534,4931
2026-01-20,TWSE,00633L,富邦上証正2,49.52,49.72,48.71,49.04,-0.59,5631223,275937840,998
2026-01-20,TWSE,00634R,富邦上証反1,3.21,3.24,3.21,3.24,0.04,152050,489991,14
2026-01-20,TWSE,00635U,期元大S&P黃金,49.93,50.35,49.92,50.30,0.31,5255736,263175410,3333
2026-01-20,TWSE,00636,國泰中國A50,27.08,27.20,26.91,27.04,-0.05,1028503,27811111,326
2026-01-20,TWSE,00636K,國泰中國A50+U,8.58,8.58,8.58,8.58,-0.02,200,1716,2
2026-01-20,TWSE,00637L,元大滬深300正2,20.41,20.46,20.04,20.15,-0.20,57168341,1154954039,4843
2026-01-20,TWSE,00638R,元大滬深300反1,6.92,6.98,6.90,6.96,0.06,421370,2938850,24
2026-01-20,TWSE,00639,富邦深100,15.65,15.70,15.41,15.52,-0.11,634060,9850754,304
2026-01-20,TWSE,00640L,富邦日本正2,87.50,87.80,87.20,87.60,-1.10,453250,39659316,241
2026-01-20,TWSE,00641R,富邦日本反1,4.28,4.30,4.28,4.29,0.02,1593216,6838008,61
2026-01-20,TWSE,00642U,期元大S&P石油,15.62,15.66,15.59,15.60,-0.01,1578419,24648074,433
2026-01-20,TWSE,00643,群益深証中小,18.42,18.44,18.03,18.16,-0.20,3782077,68737017,325
2026-01-20,TWSE,00643K,群益深証中小+R,4.04,4.04,4.04,4.04,0.00,2000,8080,2
2026-01-20,TWSE,00645,富邦日本,50.95,51.00,50.75,50.85,-0.35,205604,10456124,425
2026-01-20,TWSE,00646,元大S&P500,68.10,68.35,68.05,68.25,0.15,2048612,139811885,3413
2026-01-20,TWSE,00647L,元大S&P500正2,117.00,117.40,117.00,117.30,0.10,28950,3392661,110
2026-01-20,TWSE,00648R,元大S&P500反1,4.37,4.37,4.35,4.37,0.01,386784,1686331,44
2026-01-20,TWSE,00650L,復華香港正2,18.92,18.92,18.50,18.80,0.00,6145957,114814685,910
2026-01-20,TWSE,00651R,復華香港反1,5.11,5.18,5.11,5.15,0.03,467799,2407731,46
2026-01-20,TWSE,00652,富邦印度,36.62,36.78,36.55,36.58,-0.04,375407,13754991,484
2026-01-20,TWSE,00653L,富邦印度正2,55.95,55.95,55.15,55.25,-0.30,269714,14941010,140
2026-01-20,TWSE,00654R,富邦印度反1,6.37,6.43,6.37,6.43,0.03,64000,410040,10
2026-01-20,TWSE,00655L,國泰中國A50正2,34.28,34.43,33.71,33.96,-0.38,2824743,96008470,592
2026-01-20,TWSE,00656R,國泰中國A50反1,6.11,6.15,6.11,6.14,0.05,118050,725056,19
2026-01-20,TWSE,00657,國泰日經225,62.45,62.45,62.30,62.35,-0.55,281080,17527740,108
2026-01-20,TWSE,00657K,國泰日經225+U,19.69,19.69,19.69,19.69,-0.25,200,3938,2
2026-01-20,TWSE,00660,元大歐洲50,43.16,43.42,43.16,43.41,0.01,58573,2533340,106
2026-01-20,TWSE,00661,元大日經225,68.45,68.55,68.15,68.30,-0.65,359182,24548714,334
2026-01-20,TWSE,00662,富邦NASDAQ,102.40,102.80,102.30,102.60,0.30,2638483,270801797,2457
2026-01-20,TWSE,00663L,國泰臺灣加權正2,55.55,56.70,55.50,56.70,0.10,6578580,369532020,3213
2026-01-20,TWSE,00664R,國泰臺灣加權反1,2.45,2.46,2.43,2.44,0.01,10048830,24496086,495
2026-01-20,TWSE,00665L,富邦恒生國企正2,11.30,11.33,11.09,11.25,-0.05,21793778,244456813,2465
2026-01-20,TWSE,00666R,富邦恒生國企反1,8.60,8.74,8.60,8.66,0.04,22899,198838,11
2026-01-20,TWSE,00668,國泰美國道瓊,56.55,56.55,56.45,56.55,0.10,18842,1064656,97
2026-01-20,TWSE,00668K,國泰美國道瓊+U,18.01,18.01,18.01,18.01,-0.01,200,3602,2
2026-01-20,TWSE,00669R,國泰美國道瓊反1,5.64,5.65,5.63,5.64,0.03,1137000,6403630,87
2026-01-20,TWSE,00670L,富邦NASDAQ正2,160.00,160.60,159.85,160.35,-0.10,736670,118046498,1299
2026-01-20,TWSE,00671R,富邦NASDAQ反1,2.87,2.87,2.86,2.87,0.01,5392018,15450409,200
2026-01-20,TWSE,00673R,期元大S&P原油反1,27.34,27.41,27.31,27.40,0.03,2624485,71843475,401
2026-01-20,TWSE,00674R,期元大S&P黃金反1,5.45,5.46,5.42,5.42,-0.03,1009193,5485250,134
2026-01-20,TWSE,00675L,富邦臺灣加權正2,168.60,172.10,168.50,171.95,0.10,2516218,429535896,1981
2026-01-20,TWSE,00676R,富邦臺灣加權反1,8.33,8.33,8.25,8.25,-0.01,2259090,18707984,282
2026-01-20,TWSE,00678,群益那斯達克生技,34.90,35.05,34.90,34.90,0.03,308403,10791791,148
2026-01-20,TWSE,00680L,元大美債20正2,7.18,7.20,7.16,7.17,-0.02,19812040,142148472,1282
2026-01-20,TWSE,00681R,元大美債20反1,20.88,20.92,20.88,20.92,0.09,217296,4539948,11
2026-01-20,TWSE,00682U,期元大美元指數,20.36,20.36,20.36,20.36,0.11,3048,62060,5
2026-01-20,TWSE,00683L,期元大美元指正2,21.07,21.09,21.00,21.00,-0.08,13131,276341,9
2026-01-20,TWSE,00684R,期元大美元指反1,15.52,15.53,15.52,15.53,0.05,9100,141288,5
2026-01-20,TWSE,00685L,群益臺灣加權正2,151.30,154.60,151.25,154.60,0.20,850987,130193416,668
2026-01-20,TWSE,00686R,群益臺灣加權反1,1.49,1.50,1.47,1.48,0.01,3176750,4721994,128
2026-01-20,TWSE,00688L,國泰20年美債正2,7.15,7.17,7.13,7.14,-0.03,15585574,111470971,693
2026-01-20,TWSE,00689R,國泰20年美債反1,21.79,21.80,21.79,21.79,0.07,64000,1394600,4
2026-01-20,TWSE,00690,兆豐藍籌30,48.17,48.80,48.15,48.80,0.43,186120,9035213,264
2026-01-20,TWSE,00692,富邦公司治理,62.80,63.20,62.60,63.15,0.10,1165215,73295832,1361
2026-01-20,TWSE,00693U,期街口S&P黃豆,20.16,20.26,20.16,20.20,0.01,512939,10370000,157
2026-01-20,TWSE,00700,富邦恒生國企,18.67,18.72,18.58,18.71,0.04,236285,4412882,196
2026-01-20,TWSE,00701,國泰股利精選30,29.28,29.44,29.16,29.28,0.00,1855696,54412867,1196
2026-01-20,TWSE,00702,國泰標普低波高息,23.40,23.40,23.24,23.34,0.00,133151,3107123,92
2026-01-20,TWSE,00703,台新MSCI中國,22.30,22.48,22.05,22.48,0.28,612498,13615530,99
2026-01-20,TWSE,00706L,期元大S&P日圓正2,20.13,20.13,20.04,20.07,-0.06,1207749,24248086,273
2026-01-20,TWSE,00707R,期元大S&P日圓反1,,,,,0.00,0,0,0
2026-01-20,TWSE,00708L,期元大S&P黃金正2,104.30,106.00,104.30,105.75,1.30,3271844,343409681,1726
2026-01-20,TWSE,00709,富邦歐洲,37.64,38.11,37.64,38.11,0.47,219639,8337732,270
2026-01-20,TWSE,00710B,復華彭博非投等債,19.02,19.12,19.02,19.11,0.07,248529,4743127,49
2026-01-20,TWSE,00711B,復華彭博新興債,16.33,16.34,16.32,16.33,0.05,141337,2308885,15
2026-01-20,TWSE,00712,復華富時不動產,9.76,9.81,9.76,9.79,0.03,17424522,170598706,3503
2026-01-20,TWSE,00713,元大台灣高息低波,51.90,52.10,51.85,52.00,0.05,10931405,568356375,6368
2026-01-20,TWSE,00714,群益道瓊美國地產,20.68,20.73,20.65,20.65,0.00,232877,4815644,119
2026-01-20,TWSE,00715L,期街口布蘭特正2,21.48,21.54,21.37,21.42,-0.01,6918324,148357089,1133
2026-01-20,TWSE,00717,富邦美國特別股,15.18,15.33,15.18,15.33,0.00,284868,4355969,199
2026-01-20,TWSE,00728,第一金工業30,40.78,41.63,40.77,41.61,0.88,246676,10162261,383
2026-01-20,TWSE,00730,富邦臺灣優質高息,23.80,23.80,23.64,23.72,0.00,284735,6755436,336
2026-01-20,TWSE,00731,復華富時高息低波,72.00,72.85,72.00,72.45,0.30,1012042,73419702,497
2026-01-20,TWSE,00733,富邦臺灣中小,50.70,51.35,50.70,51.05,-0.15,908078,46344347,1003
2026-01-20,TWSE,00735,國泰臺韓科技,59.05,59.05,58.10,59.00,0.00,597791,35035264,569
2026-01-20,TWSE,00736,國泰新興市場,28.87,28.87,28.84,28.84,0.00,103757,2992252,62
2026-01-20,TWSE,00737,國泰AI機器人,37.01,37.37,36.98,37.07,0.06,346308,12825551,155
2026-01-20,TWSE,00738U,期元大道瓊白銀,77.15,77.60,76.20,77.40,0.60,17445747,1342822019,9074
2026-01-20,TWSE,00739,元大MSCI A股,27.50,27.56,27.23,27.41,-0.01,56245,1542340,134
2026-01-20,TWSE,00752,中信中國50,26.92,26.99,26.70,26.88,-0.04,1333462,35783319,691
2026-01-20,TWSE,00753L,中信中國50正2,13.01,13.05,12.72,12.94,-0.05,15949541,205259102,2525
2026-01-20,TWSE,00757,統一FANG+,114.25,114.90,114.25,114.55,0.30,2092957,239868346,5081
2026-01-20,TWSE,00762,元大全球AI,84.70,84.95,84.65,84.75,0.15,259811,22020949,526
2026-01-20,TWSE,00763U,期街口道瓊銅,32.47,32.50,32.21,32.33,-0.23,2790344,90248956,1613
2026-01-20,TWSE,00770,國泰北美科技,53.80,54.20,53.80,53.90,0.00,2310259,124908733,2919
2026-01-20,TWSE,00771,元大US高息特別股,16.31,16.31,16.29,16.30,-0.01,19922,324674,71
2026-01-20,TWSE,00775B,台新投等債15+,32.79,32.79,32.79,32.79,0.06,80002,2623265,9
2026-01-20,TWSE,00783,富邦中証500,28.62,28.62,28.06,28.29,-0.14,241252,6804550,145
2026-01-20,TWSE,00830,國泰費城半導體,56.00,59.05,55.90,56.60,0.00,64288145,3669084226,49862
2026-01-20,TWSE,00850,元大臺灣ESG永續,59.40,59.80,59.20,59.65,-0.15,759710,45273686,1028
2026-01-20,TWSE,00851,台新全球AI,57.20,57.20,57.15,57.15,-0.05,6106,349414,72
2026-01-20,TWSE,00852L,國泰美國道瓊正2,31.43,31.49,31.42,31.47,-0.03,94943,2985991,42
2026-01-20,TWSE,00861,元大全球未來通訊,59.40,59.45,59.20,59.40,0.10,138045,8188963,218
2026-01-20,TWSE,00865B,國泰US短期公債,47.33,47.55,47.33,47.53,0.20,1394435,66280852,429
2026-01-20,TWSE,00875,國泰網路資安,38.00,38.15,38.00,38.11,0.11,135247,5151962,151
2026-01-20,TWSE,00876,元大全球5G,57.75,58.00,57.45,57.45,-0.10,307846,17717941,1503
2026-01-20,TWSE,00878,國泰永續高股息,22.72,22.96,22.65,22.84,0.03,58092800,1326060800,23441
2026-01-20,TWSE,00881,國泰台灣科技龍頭,33.08,33.40,32.98,33.37,0.00,63210024,2098741759,31592
2026-01-20,TWSE,00882,中信中國高股息,15.08,15.17,15.00,15.17,0.09,14383039,216882321,3003
2026-01-20,TWSE,00885,富邦越南,18.94,19.10,18.89,18.99,0.13,6110205,116018172,1416
2026-01-20,TWSE,00891,中信關鍵半導體,22.35,22.80,22.31,22.73,0.14,9266482,209529223,3589
2026-01-20,TWSE,00892,富邦台灣半導體,24.13,24.54,24.13,24.52,0.21,561450,13726688,540
2026-01-20,TWSE,00893,國泰智能電動車,33.71,33.80,33.69,33.72,0.01,596568,20131585,712
2026-01-20,TWSE,00894,中信小資高價30,29.65,29.87,29.48,29.86,0.06,1451589,43146808,921
2026-01-20,TWSE,00895,富邦未來車,40.55,40.60,40.45,40.57,0.02,608548,24672965,603
2026-01-20,TWSE,00896,中信綠能及電動車,20.54,20.66,20.40,20.64,0.05,1409451,28995455,785
2026-01-20,TWSE,00897,富邦基因免疫生技,9.43,9.48,9.43,9.45,0.02,419271,3966247,209
2026-01-20,TWSE,00898,國泰基因免疫革命,8.16,8.20,8.12,8.19,0.03,182753,1493986,202
2026-01-20,TWSE,00899,FT潔淨能源,21.80,21.89,21.80,21.83,0.03,115582,2527309,190
2026-01-20,TWSE,00900,富邦特選高股息30,14.48,14.50,14.43,14.44,0.00,10430644,150860801,3677
2026-01-20,TWSE,00901,永豐智能車供應鏈,27.30,27.52,27.13,27.50,0.07,259900,7125728,264
2026-01-20,TWSE,00902,中信電池及儲能,13.76,13.82,13.58,13.65,-0.03,2868634,39260827,765
2026-01-20,TWSE,00903,富邦元宇宙,17.49,17.55,17.49,17.54,0.04,144803,2538013,171
2026-01-20,TWSE,00904,台新臺灣半導體30,26.08,26.64,26.00,26.64,0.13,4711751,124505931,1773
2026-01-20,TWSE,00905,FT臺灣Smart,18.43,18.53,18.36,18.50,0.01,1812236,33456654,962
2026-01-20,TWSE,00907,永豐優息存股,15.62,15.74,15.60,15.68,0.04,1718074,26932632,387
2026-01-20,TWSE,00908,富邦入息REITs+,14.17,14.23,14.17,14.22,0.00,312862,4448789,111
2026-01-20,TWSE,00909,國泰數位支付服務,43.62,44.45,43.58,43.66,0.00,2550689,111475604,2283
2026-01-20,TWSE,00910,第一金太空衛星,55.05,55.95,55.05,55.85,1.00,4112338,229088654,3675
2026-01-20,TWSE,00911,兆豐洲際半導體,36.77,37.92,36.77,37.56,0.86,1184168,44562882,2156
2026-01-20,TWSE,00912,中信臺灣智慧50,22.40,22.50,22.32,22.48,0.03,935068,21004250,319
2026-01-20,TWSE,00913,兆豐台灣晶圓製造,28.97,29.62,28.80,29.62,0.47,289264,8502527,149
2026-01-20,TWSE,00915,凱基優選高股息30,23.85,24.15,23.80,24.00,0.14,10580586,254218240,3390
2026-01-20,TWSE,00916,國泰全球品牌50,27.30,27.30,26.74,26.76,-0.03,192949,5164392,430
2026-01-20,TWSE,00917,中信特選金融,27.18,27.20,26.73,26.73,-0.93,3075574,82583673,3089
2026-01-20,TWSE,00918,大華優利高填息30,23.23,23.48,23.20,23.33,0.08,18908037,441831426,5654
2026-01-20,TWSE,00919,群益台灣精選高息,23.76,24.09,23.73,23.98,0.13,103713956,2484337043,25659
2026-01-20,TWSE,00920,富邦ESG綠色電力,19.24,19.32,19.22,19.30,0.05,240167,4624221,218
2026-01-20,TWSE,00921,兆豐龍頭等權重,18.23,18.33,18.23,18.24,0.01,679733,12441479,321
2026-01-20,TWSE,00922,國泰台灣領袖50,27.85,28.08,27.81,28.04,0.03,6495656,181548461,3404
2026-01-20,TWSE,00923,群益台ESG低碳50,28.11,28.35,28.05,28.31,0.09,1768033,49913119,1438
2026-01-20,TWSE,00924,復華S&P500成長,29.07,29.14,29.07,29.12,0.05,2647243,77059511,1927
2026-01-20,TWSE,00926,凱基全球菁英55,23.46,23.50,23.43,23.49,0.03,460168,10802195,402
2026-01-20,TWSE,00927,群益半導體收益,24.05,24.49,23.95,24.46,0.07,20355294,494775375,5718
2026-01-20,TWSE,00929,復華台灣科技優息,19.37,19.72,19.30,19.63,0.00,73138119,1433364988,11252
2026-01-20,TWSE,00930,永豐ESG低碳高息,18.04,18.25,18.00,18.12,0.00,1736254,31477133,457
2026-01-20,TWSE,00932,兆豐永續高息等權,15.13,15.25,15.06,15.20,-0.03,860337,13074160,417
2026-01-20,TWSE,00934,中信成長高股息,22.19,22.39,22.06,22.30,-0.09,1963252,43732017,789
2026-01-20,TWSE,00935,野村臺灣新科技50,33.59,34.08,33.52,34.07,0.25,5369604,181916247,2095
2026-01-20,TWSE,00936,台新永續高息中小,17.45,17.64,17.42,17.48,-0.04,7339764,128846982,1427
2026-01-20,TWSE,00938,凱基優選30,18.50,18.58,18.48,18.50,-0.04,1191619,22096314,448
2026-01-20,TWSE,00939,統一台灣高息動能,15.60,15.82,15.53,15.74,0.07,15684983,246945186,2803
2026-01-20,TWSE,00940,元大台灣價值高息,9.64,9.76,9.63,9.72,0.05,94540713,918947014,12329
2026-01-20,TWSE,00941,中信上游半導體,20.06,20.06,19.96,20.00,-0.07,2382497,47647100,1425
2026-01-20,TWSE,00943,兆豐電子高息等權,15.02,15.17,15.01,15.12,0.01,772646,11683587,225
2026-01-20,TWSE,00944,野村趨勢動能高息,15.12,15.21,15.07,15.16,-0.04,1209432,18345341,289
2026-01-20,TWSE,00945B,凱基美國非投等債,14.58,14.60,14.55,14.60,0.00,5168962,75380600,739
2026-01-20,TWSE,00946,群益科技高息成長,10.27,10.47,10.24,10.40,0.10,11162108,115824371,2405
2026-01-20,TWSE,00947,台新臺灣IC設計,22.31,22.76,22.00,22.72,-0.28,25221277,567348337,6156
2026-01-20,TWSE,00949,復華日本龍頭,19.30,19.30,19.20,19.23,-0.11,1103148,21215903,617
2026-01-20,TWSE,00951,台新日本半導體,12.96,12.97,12.84,12.87,-0.22,2144419,27640558,841
2026-01-20,TWSE,00952,凱基台灣AI50,12.43,12.58,12.40,12.56,0.08,1581298,19802520,542
2026-01-20,TWSE,00953B,群益優選非投等債,9.76,9.79,9.76,9.78,0.03,31321327,306100203,4092
2026-01-20,TWSE,00954,中信日本半導體,13.88,13.88,13.76,13.80,-0.21,1732580,23946861,1195
2026-01-20,TWSE,00956,中信日經高股息,12.00,12.00,11.94,11.96,-0.04,528427,6319337,236
2026-01-20,TWSE,00960,野村全球航運龍頭,14.82,14.88,14.82,14.86,0.04,838504,12460800,325
2026-01-20,TWSE,00961,FT臺灣永續高息,10.29,10.41,10.25,10.35,0.05,1362677,14100470,342
2026-01-20,TWSE,00962,台新AI優息動能,11.29,11.38,11.27,11.34,0.00,505232,5728198,201
2026-01-20,TWSE,00963,中信全球高股息,11.80,11.83,11.79,11.81,0.05,891829,10531501,285
2026-01-20,TWSE,00964,中信亞太高股息,12.49,12.57,12.46,12.56,0.07,2063882,25855130,239
2026-01-20,TWSE,00965,元大航太防衛科技,25.91,26.10,25.90,26.04,0.11,4115437,107176992,3256
2026-01-20,TWSE,00971,野村美國研發龍頭,15.85,15.92,15.85,15.88,0.03,1156497,18371261,503
2026-01-20,TWSE,00972,野村日本動能高息,19.05,19.10,19.03,19.10,0.05,51035,973193,35
2026-01-20,TWSE,009800,中信NASDAQ,11.10,11.14,11.10,11.13,0.03,1364373,15178516,875
2026-01-20,TWSE,009801,中信美國創新科技,10.93,10.98,10.92,10.96,0.03,2559930,28045690,589
2026-01-20,TWSE,009802,富邦旗艦50,11.94,12.00,11.90,11.95,-0.04,2980966,35601503,682
2026-01-20,TWSE,009803,玉山市值動能50,14.09,14.21,14.08,14.19,0.03,1858172,26354730,440
2026-01-20,TWSE,009804,聯邦台精彩50,15.66,15.76,15.64,15.73,0.00,420955,6606076,190
2026-01-20,TWSE,009805,台新美國電力基建,13.50,14.20,13.48,14.18,0.71,35205700,490962459,9306
2026-01-20,TWSE,009808,華南永昌優選50,21.16,21.31,21.14,21.26,0.00,342928,7281732,62
2026-01-20,TWSE,009809,富邦淨零ESG50,11.62,11.81,11.59,11.78,0.09,1337579,15632155,139
2026-01-20,TWSE,00980A,主動野村臺灣優選,15.47,15.66,15.46,15.64,0.09,6429635,100243516,1978
2026-01-20,TWSE,009810,玉山全球藍籌100,18.99,18.99,18.75,18.76,0.03,639300,11994657,114
2026-01-20,TWSE,009811,統一美國50,11.64,11.68,11.64,11.66,0.02,3837326,44733764,1456
2026-01-20,TWSE,009812,野村日本東證,11.35,11.35,11.31,11.32,-0.07,1314656,14891732,437
2026-01-20,TWSE,009813,貝萊德標普卓越50,10.43,10.46,10.42,10.44,0.01,6239866,65141428,1644
2026-01-20,TWSE,00981A,主動統一台股增長,16.77,17.08,16.75,17.07,0.16,93526713,1588159269,16364
2026-01-20,TWSE,00981T,平衡凱基雙核收息,11.01,11.03,11.00,11.02,0.00,3919830,43169740,369
2026-01-20,TWSE,00982A,主動群益台灣強棒,15.04,15.22,15.02,15.20,0.05,24687178,373531233,7089
2026-01-20,TWSE,00982D,主動富邦動態入息,10.14,10.14,10.12,10.13,0.00,4064914,41174466,320
2026-01-20,TWSE,00982T,平衡兆豐台美動能,10.85,10.92,10.81,10.90,0.00,2071803,22590995,215
2026-01-20,TWSE,00983A,主動中信ARK創新,12.15,12.22,12.15,12.18,0.03,4102383,49979522,1037
2026-01-20,TWSE,00983D,主動富邦複合收益,10.30,10.30,10.20,10.24,0.00,4196358,42922789,379
2026-01-20,TWSE,00984A,主動安聯台灣高息,11.88,12.07,11.86,12.04,0.01,6654309,79810327,2024
2026-01-20,TWSE,00985A,主動野村台灣50,14.47,14.68,14.47,14.66,0.06,7819667,114292459,1860
2026-01-20,TWSE,00985B,群益ESG投等債0-5,10.31,10.35,10.31,10.34,0.04,5078513,52502609,389
2026-01-20,TWSE,00986A,主動台新龍頭成長,11.75,11.80,11.72,11.74,-0.01,494364,5805482,224
2026-01-20,TWSE,00987A,主動台新優勢成長,9.84,9.91,9.81,9.90,0.04,3840861,37930983,727
2026-01-20,TWSE,00988A,主動統一全球創新,10.96,11.05,10.96,11.02,0.01,9511817,104795425,2033
2026-01-20,TWSE,00989A,主動摩根美國科技,15.09,15.12,15.05,15.09,0.05,1397190,21092616,381
2026-01-20,TWSE,00990A,主動元大AI新經濟,10.61,10.66,10.60,10.66,-0.03,25157280,267651764,4619
2026-01-20,TWSE,00991A,主動復華未來50,10.98,11.17,10.91,11.17,0.06,45430079,502038794,7333
2026-01-20,TWSE,00992A,主動群益科技創新,10.84,11.07,10.83,11.06,0.11,20884752,229356346,3836
2026-01-20,TWSE,00994A,主動第一金台股優,10.13,10.29,10.10,10.29,0.13,8605004,88082664,743
2026-01-20,TWSE,01001T,土銀富邦R1,11.80,11.81,11.78,11.81,0.01,74000,873550,5
2026-01-20,TWSE,01002T,土銀國泰R1,,,,,0.00,0,0,0
2026-01-20,TWSE,01004T,土銀富邦R2,10.89,10.90,10.68,10.68,-0.21,121000,1317880,6
2026-01-20,TWSE,01007T,兆豐國泰R2,13.65,13.66,13.65,13.66,0.01,63000,860170,5
2026-01-20,TWSE,01009T,王道圓滿R1,6.32,6.38,6.20,6.32,0.02,582725,3640452,106
2026-01-20,TWSE,01010T,京城樂富R1,10.03,10.04,10.03,10.04,-0.01,13000,130460,5
2026-01-20,TWSE,020000,富邦特選蘋果N,,,,,0.00,0,0,0
2026-01-20,TWSE,020011,統一微波高息20N,,,,,0.00,0,0,0
2026-01-20,TWSE,020012,富邦行動通訊N,,,,,0.00,0,0,0
2026-01-20,TWSE,02001L,富邦蘋果正二N,58.60,58.95,57.75,58.95,-0.80,32000,1871500,22
2026-01-20,TWSE,02001R,富邦蘋果反一N,0.79,0.80,0.79,0.80,0.01,306000,241800,3
2026-01-20,TWSE,020020,元大台股領航N,16.73,16.73,16.73,16.73,-0.03,35000,585550,1
2026-01-20,TWSE,020028,元大特選電動車N,14.05,14.06,14.03,14.03,0.04,14000,196660,6
2026-01-20,TWSE,020029,元大ESG高股息N,10.29,10.30,10.29,10.30,0.07,13000,133820,4
2026-01-20,TWSE,020030,統一智慧電動車N,9.26,9.36,9.26,9.36,0.15,31000,289410,11
2026-01-20,TWSE,020031,統一IC設計臺灣N,6.50,6.52,6.50,6.52,0.02,20000,130200,2
2026-01-20,TWSE,020032,元大綠能N,8.54,8.69,8.54,8.69,0.13,11000,94640,5
2026-01-20,TWSE,020034,元大IC設計N,8.11,8.13,8.10,8.12,-0.06,72000,584310,14
2026-01-20,TWSE,020036,元大金融配息N,,,,,0.00,0,0,0
2026-01-20,TWSE,020037,元大金融高股息N,8.52,8.52,8.48,8.48,-0.05,44000,374320,2
2026-01-20,TWSE,020038,元大ESG配息N,7.88,7.95,7.88,7.95,0.07,20000,158600,8
2026-01-20,TWSE,020039,元大加權N,9.98,10.00,9.98,10.00,-0.02,14000,139980,4
2026-01-20,TWSE,1101,台泥,26.25,26.25,25.45,25.85,-0.35,55434484,1428625636,18018
2026-01-20,TWSE,1101B,台泥乙特,,,,,0.00,570,26008,8
2026-01-20,TWSE,1102,亞泥,36.80,36.80,36.00,36.05,-0.75,14317015,518378580,7631
2026-01-20,TWSE,1103,嘉泥,14.00,14.10,14.00,14.00,-0.10,153608,2156383,223
2026-01-20,TWSE,1104,環泥,30.25,30.40,30.20,30.25,0.00,324460,9836177,391
2026-01-20,TWSE,1108,幸福,15.15,15.25,15.15,15.20,0.05,622333,9461915,199
2026-01-20,TWSE,1109,信大,15.50,15.60,15.35,15.45,-0.10,182494,2829041,246
2026-01-20,TWSE,1110,東泥,16.55,16.65,16.40,16.50,-0.05,156525,2586319,98
2026-01-20,TWSE,1201,味全,14.55,14.60,14.45,14.45,-0.15,294734,4278853,361
2026-01-20,TWSE,1203,味王,39.35,39.65,39.35,39.45,-0.05,18166,718251,66
2026-01-20,TWSE,1210,大成,52.10,52.50,52.00,52.10,-0.20,972744,50780089,1770
2026-01-20,TWSE,1213,大飲,9.98,9.99,9.80,9.98,-0.01,11063,109465,13
2026-01-20,TWSE,1215,卜蜂,150.00,154.50,149.00,152.00,1.50,939459,143105362,1192
2026-01-20,TWSE,1216,統一,74.60,75.00,74.40,74.50,-0.20,9130324,680771976,8505
2026-01-20,TWSE,1217,愛之味,10.55,10.70,10.55,10.60,0.00,656948,6975563,421
2026-01-20,TWSE,1218,泰山,18.45,18.50,18.35,18.40,-0.10,386617,7127931,424
2026-01-20,TWSE,1219,福壽,13.45,13.55,13.40,13.45,-0.05,229468,3094348,213
2026-01-20,TWSE,1220,台榮,13.10,13.10,12.90,12.95,-0.10,787652,10217148,1807
2026-01-20,TWSE,1225,福懋油,28.30,28.30,28.15,28.15,-0.15,70420,1985832,245
2026-01-20,TWSE,1227,佳格,29.35,29.45,29.25,29.30,-0.15,1347009,39492900,1036
2026-01-20,TWSE,1229,聯華,46.40,46.70,46.40,46.55,-0.15,1114698,51929746,2400
2026-01-20,TWSE,1231,聯華食,94.10,94.30,93.30,93.90,-0.30,570174,53482371,1867
2026-01-20,TWSE,1232,大統益,146.00,146.50,145.50,146.00,0.00,38166,5571024,82
2026-01-20,TWSE,1233,天仁,32.30,32.35,32.30,32.35,0.00,19151,619277,22
2026-01-20,TWSE,1234,黑松,37.15,37.30,37.05,37.10,-0.10,85176,3163160,125
2026-01-20,TWSE,1235,興泰,42.20,43.10,42.20,42.20,-1.30,27248,1166752,61
2026-01-20,TWSE,1236,宏亞,24.40,24.55,24.30,24.50,-0.05,51804,1264420,515
2026-01-20,TWSE,1256,鮮活果汁-KY,156.50,163.00,156.50,162.50,5.50,76872,12321228,321
2026-01-20,TWSE,1301,台塑,43.00,43.60,42.25,42.40,-1.30,25957300,1109999750,24285
2026-01-20,TWSE,1303,南亞,75.20,79.40,74.00,76.40,-3.00,229688124,17712677893,122355
2026-01-20,TWSE,1304,台聚,11.80,11.80,11.50,11.50,-0.35,3886774,45071880,1509
2026-01-20,TWSE,1305,華夏,12.30,12.30,11.85,11.95,-0.40,4056813,48762524,1413
2026-01-20,TWSE,1307,三芳,32.80,33.00,32.25,32.40,-0.40,805398,26206208,749
2026-01-20,TWSE,1308,亞聚,13.80,13.85,13.45,13.55,-0.45,2105459,28674689,1070
2026-01-20,TWSE,1309,台達化,12.10,12.10,11.70,11.75,-0.30,971317,11514084,694
2026-01-20,TWSE,1310,台苯,8.97,8.97,8.84,8.90,-0.06,2013142,17897389,1037
2026-01-20,TWSE,1312,國喬,13.50,13.65,12.95,13.00,-0.55,11211456,147873065,4101
2026-01-20,TWSE,1312A,國喬特,,,,,0.00,0,0,0
2026-01-20,TWSE,1313,聯成,10.65,10.70,10.40,10.65,-0.10,4577720,48324991,1237
2026-01-20,TWSE,1314,中石化,8.33,8.33,8.14,8.15,-0.18,19142059,157342025,6609
2026-01-20,TWSE,1315,達新,64.90,64.90,64.70,64.90,0.20,6817,439576,29
2026-01-20,TWSE,1316,上曜,14.45,14.65,14.40,14.40,-0.05,2682803,38892635,1142
2026-01-20,TWSE,1319,東陽,110.00,110.00,106.50,108.00,-2.00,5558525,599987548,5265
2026-01-20,TWSE,1321,大洋,33.35,34.00,33.20,33.85,0.55,255000,8567400,115
2026-01-20,TWSE,1323,永裕,18.50,18.70,18.50,18.65,-0.05,88856,1651204,63
2026-01-20,TWSE,1324,地球,11.20,11.20,11.00,11.00,-0.20,85571,946510,195
2026-01-20,TWSE,1325,恆大,29.05,29.30,28.80,28.80,-0.25,456413,13231321,368
2026-01-20,TWSE,1326,台化,34.45,34.70,33.85,34.00,-0.90,14991205,511165740,8586
2026-01-20,TWSE,1337,再生-KY,4.92,4.92,4.85,4.85,-0.04,319108,1558142,323
2026-01-20,TWSE,1338,廣華-KY,21.20,21.20,20.95,21.00,-0.20,180300,3795352,258
2026-01-20,TWSE,1339,昭輝,46.00,46.00,44.10,44.90,-1.00,157035,7006868,294
2026-01-20,TWSE,1340,勝悅-KY,7.00,7.06,6.98,6.98,-0.02,190533,1334602,230
2026-01-20,TWSE,1341,富林-KY,57.80,57.80,57.50,57.50,-0.50,16195,933052,13
2026-01-20,TWSE,1342,八貫,97.50,97.50,95.80,96.20,-0.80,122370,11779441,188
2026-01-20,TWSE,1402,遠東新,28.55,28.70,28.45,28.70,0.05,7647072,218553325,3333
2026-01-20,TWSE,1409,新纖,15.85,15.90,15.45,15.45,-0.30,5744656,89942006,2519
2026-01-20,TWSE,1410,南染,33.80,34.00,33.80,33.80,0.00,20000,677300,17
2026-01-20,TWSE,1413,宏洲,9.91,9.91,9.90,9.90,-0.05,10028,99346,6
2026-01-20,TWSE,1414,東和,19.75,19.75,19.10,19.10,-0.65,327484,6318057,514
2026-01-20,TWSE,1416,廣豐,11.70,11.75,11.65,11.70,-0.05,285872,3339157,181
2026-01-20,TWSE,1417,嘉裕,8.83,8.83,8.74,8.82,0.02,248006,2180462,174
2026-01-20,TWSE,1418,東華,19.85,20.00,19.85,19.95,0.10,36100,720515,45
2026-01-20,TWSE,1419,新紡,75.90,77.60,75.60,75.60,0.10,878697,67339164,1593
2026-01-20,TWSE,1423,利華,38.05,38.05,38.00,38.00,-0.05,11054,420285,25
2026-01-20,TWSE,1432,大魯閣,18.15,18.15,18.00,18.05,-0.10,227829,4116402,627
2026-01-20,TWSE,1434,福懋,16.80,16.80,16.35,16.40,-0.35,4439732,73202901,1861
2026-01-20,TWSE,1435,中福,21.65,21.65,21.65,21.65,-0.45,2091,45280,28
2026-01-20,TWSE,1436,華友聯,61.40,62.10,61.20,61.80,0.30,149667,9238471,280
2026-01-20,TWSE,1437,勤益控,32.70,32.75,32.50,32.50,-0.20,122840,4000096,152
2026-01-20,TWSE,1438,三地開發,33.25,33.25,33.00,33.20,-0.15,16207,535631,16
2026-01-20,TWSE,1439,雋揚,30.25,30.25,30.05,30.10,-0.15,36047,1085107,26
2026-01-20,TWSE,1440,南紡,13.65,13.75,13.60,13.60,-0.10,1171647,16028802,814
2026-01-20,TWSE,1441,大東,10.45,10.45,10.35,10.35,-0.05,22243,231267,112
2026-01-20,TWSE,1442,名軒,30.05,30.60,29.80,30.05,0.00,500856,15134225,398
2026-01-20,TWSE,1443,立益物流,26.85,26.95,26.70,26.95,0.10,24566,657392,39
2026-01-20,TWSE,1444,力麗,6.24,6.24,6.15,6.17,-0.07,675558,4176777,438
2026-01-20,TWSE,1445,大宇,12.30,13.55,12.30,13.55,1.20,499365,6504512,371
2026-01-20,TWSE,1446,宏和,18.30,18.30,18.10,18.10,-0.20,232071,4223364,202
2026-01-20,TWSE,1447,力鵬,5.28,5.30,5.22,5.24,-0.06,649258,3411671,429
2026-01-20,TWSE,1449,佳和,12.40,12.40,12.10,12.15,-0.25,984407,12016158,637
2026-01-20,TWSE,1451,年興,18.20,18.30,17.95,17.95,0.00,338113,6112968,307
2026-01-20,TWSE,1452,宏益,11.70,11.80,11.65,11.70,0.00,88396,1033024,66
2026-01-20,TWSE,1453,大將,12.15,12.35,12.10,12.15,-0.05,70709,861985,154
2026-01-20,TWSE,1454,台富,13.00,13.05,12.90,13.00,0.00,28121,365087,116
2026-01-20,TWSE,1455,集盛,8.23,8.23,8.01,8.02,-0.10,420300,3392818,392
2026-01-20,TWSE,1456,怡華,13.05,13.05,12.85,12.95,0.00,11772,152435,19
2026-01-20,TWSE,1457,宜進,15.45,15.50,15.40,15.45,-0.05,127504,1970388,68
2026-01-20,TWSE,1459,聯發,11.75,11.80,11.70,11.70,-0.05,71300,837903,71
2026-01-20,TWSE,1460,宏遠,6.50,6.52,6.41,6.45,0.00,599646,3876926,248
2026-01-20,TWSE,1463,強盛新,17.45,17.45,17.35,17.35,-0.10,48224,837771,116
2026-01-20,TWSE,1464,得力,12.00,12.00,11.80,11.80,-0.10,652863,7738922,407
2026-01-20,TWSE,1465,偉全,12.50,12.55,12.50,12.50,0.00,32575,407868,124
2026-01-20,TWSE,1466,聚隆,14.45,14.70,14.40,14.45,0.00,222108,3221437,110
2026-01-20,TWSE,1467,南緯,7.97,7.97,7.82,7.82,-0.07,219419,1722178,190
2026-01-20,TWSE,1468,昶和,12.15,12.15,12.00,12.00,-0.15,38000,458350,27
2026-01-20,TWSE,1470,大統新創,,,,,0.00,0,0,0
2026-01-20,TWSE,1471,首利,10.20,10.30,10.05,10.10,-0.05,824891,8385781,464
2026-01-20,TWSE,1472,三洋實業,88.00,90.80,85.00,87.60,-1.60,161540,14360599,67
2026-01-20,TWSE,1473,台南,24.30,24.80,24.10,24.65,0.45,234729,5752978,205
2026-01-20,TWSE,1474,弘裕,10.40,10.45,10.35,10.45,0.05,60003,624107,142
2026-01-20,TWSE,1475,業旺,32.60,33.60,32.05,32.60,-0.20,45373,1477805,46
2026-01-20,TWSE,1476,儒鴻,419.50,422.00,412.50,421.00,1.50,639403,267709648,894
2026-01-20,TWSE,1477,聚陽,319.00,326.00,318.50,325.50,5.00,1140250,368385521,3465
2026-01-20,TWSE,1503,士電,205.50,221.50,204.00,218.00,11.00,15191806,3252837191,18801
2026-01-20,TWSE,1504,東元,87.90,90.50,86.90,88.80,0.90,53115543,4736361527,38098
2026-01-20,TWSE,1506,正道,13.30,13.45,12.50,13.00,-0.60,1047585,13461564,524
2026-01-20,TWSE,1512,瑞利,8.60,9.39,8.60,9.17,0.63,1012361,9249927,607
2026-01-20,TWSE,1513,中興電,160.50,176.50,158.00,176.50,16.00,46776115,7992467217,36231
2026-01-20,TWSE,1514,亞力,120.00,129.50,118.00,127.00,7.00,34598589,4317679461,29123
2026-01-20,TWSE,1515,力山,29.00,29.35,28.75,28.85,-0.15,379249,10993126,291
2026-01-20,TWSE,1516,川飛,22.00,22.00,21.95,22.00,0.35,41151,904455,88
2026-01-20,TWSE,1517,利奇,13.15,13.50,12.60,12.85,-0.60,2661598,34834893,1661
2026-01-20,TWSE,1519,華城,960.00,1005.00,956.00,1005.00,42.00,8949618,8852138170,16539
2026-01-20,TWSE,1521,大億,30.60,31.15,29.40,29.70,0.30,968256,29321673,1027
2026-01-20,TWSE,1522,堤維西,51.50,51.60,50.80,51.30,-0.70,2065110,105822885,1871
2026-01-20,TWSE,1522A,堤維西甲特,49.10,49.10,49.05,49.05,0.00,7664,376109,9
2026-01-20,TWSE,1524,耿鼎,35.00,35.15,34.30,34.55,-0.60,6020549,208525193,4841
2026-01-20,TWSE,1525,江申,62.90,63.00,62.90,62.90,0.60,13080,822959,33
2026-01-20,TWSE,1526,日馳,22.60,22.60,22.45,22.60,2.05,996157,22510932,445
2026-01-20,TWSE,1527,鑽全,36.80,36.85,36.05,36.15,-1.00,1129373,41075389,1239
2026-01-20,TWSE,1528,恩德,33.30,34.00,31.55,31.70,0.55,50733246,1665184679,30081
2026-01-20,TWSE,1529,樂事綠能,22.30,24.25,22.10,24.00,1.15,3663841,85041206,2315
2026-01-20,TWSE,1530,亞崴,30.15,30.15,29.00,29.20,-0.90,90798,2666504,419
2026-01-20,TWSE,1531,高林股,13.00,13.00,12.70,12.70,-0.10,182367,2335300,165
2026-01-20,TWSE,1532,勤美,25.35,25.55,25.05,25.10,-0.25,1100382,27709713,948
2026-01-20,TWSE,1533,車王電,33.50,33.50,32.90,33.10,-0.30,124536,4115577,208
2026-01-20,TWSE,1535,中宇,53.40,53.70,52.80,52.80,-0.80,56781,3019867,289
2026-01-20,TWSE,1536,和大,63.00,64.20,62.20,63.50,-0.20,5000861,315646624,3897
2026-01-20,TWSE,1537,廣隆,125.00,126.00,123.00,124.00,-1.00,121232,15045925,242
2026-01-20,TWSE,1538,正峰,25.95,26.50,25.90,25.90,-0.45,6830,178595,19
2026-01-20,TWSE,1539,巨庭,21.50,22.00,20.50,20.65,-0.90,1750305,36995862,1124
2026-01-20,TWSE,1540,喬福,27.05,27.75,26.80,27.45,0.15,1996258,54226112,1184
2026-01-20,TWSE,1541,錩泰,29.90,30.85,28.85,29.35,1.30,1593788,47703174,1197
2026-01-20,TWSE,1558,伸興,101.50,101.50,98.50,98.50,-3.50,106472,10590933,2041
2026-01-20,TWSE,1560,中砂,422.50,429.50,418.50,425.00,2.50,2097246,889115951,2238
2026-01-20,TWSE,1563,巧新,48.10,48.10,47.55,47.85,-0.15,486855,23243396,691
2026-01-20,TWSE,1568,倉佑,26.75,26.75,25.90,26.00,-0.80,626292,16332696,548
2026-01-20,TWSE,1582,信錦,69.40,69.40,67.30,67.30,-2.10,1596769,108577985,2534
2026-01-20,TWSE,1583,程泰,50.80,50.80,49.35,50.00,-0.80,71871,3580906,181
2026-01-20,TWSE,1587,吉茂,55.90,55.90,53.00,54.90,1.70,5995458,326884456,4234
2026-01-20,TWSE,1589,永冠-KY,18.40,18.50,18.05,18.20,-0.25,1944336,35521247,1167
2026-01-20,TWSE,1590,亞德客-KY,1005.00,1035.00,998.00,1025.00,10.00,395509,403662389,594
2026-01-20,TWSE,1597,直得,83.10,83.90,82.50,83.00,0.00,724929,60287804,845
2026-01-20,TWSE,1598,岱宇,21.10,21.45,20.45,20.45,-0.50,298120,6180083,346
2026-01-20,TWSE,1603,華電,39.95,41.65,39.85,41.45,1.55,2208062,90588402,1770
2026-01-20,TWSE,1604,聲寶,24.00,24.10,23.90,23.95,-0.05,289057,6931385,284
2026-01-20,TWSE,1605,華新,41.55,43.05,41.00,42.40,0.35,137727220,5800847007,66401
2026-01-20,TWSE,1608,華榮,38.80,39.55,38.30,39.40,0.85,13515363,529527345,6633
2026-01-20,TWSE,1609,大亞,40.95,42.85,40.40,42.55,1.55,19849116,834870614,12977
2026-01-20,TWSE,1611,中電,14.20,14.20,14.00,14.05,-0.05,1168270,16459620,732
2026-01-20,TWSE,1612,宏泰,37.40,40.00,36.75,38.30,0.90,12104837,462197159,7535
2026-01-20,TWSE,1614,三洋電,33.90,33.95,33.80,33.80,-0.10,131664,4455710,49
2026-01-20,TWSE,1615,大山,49.00,49.60,48.80,49.30,0.25,159031,7825933,447
2026-01-20,TWSE,1616,億泰,29.35,30.50,28.85,30.20,1.00,4196795,125866492,2809
2026-01-20,TWSE,1617,榮星,17.10,17.50,16.75,17.15,0.00,964103,16500083,639
2026-01-20,TWSE,1618,合機,44.10,46.00,43.65,45.40,0.80,3109067,140656980,2109
2026-01-20,TWSE,1626,艾美特-KY,11.10,11.15,11.05,11.05,-0.05,55975,621241,108
2026-01-20,TWSE,1702,南僑,37.75,37.95,37.60,37.65,-0.05,461508,17405378,447
2026-01-20,TWSE,1707,葡萄王,122.50,122.50,121.00,121.50,-1.00,300293,36502223,552
2026-01-20,TWSE,1708,東鹼,33.35,33.40,32.80,32.90,-0.40,1245679,41231270,1279
2026-01-20,TWSE,1709,和益,17.20,17.20,17.00,17.00,-0.20,598420,10216209,666
2026-01-20,TWSE,1710,東聯,12.90,13.05,12.65,12.70,-0.30,1272666,16341982,678
2026-01-20,TWSE,1711,永光,23.10,23.30,22.75,22.90,-0.35,7535089,173004409,4000
2026-01-20,TWSE,1712,興農,45.50,46.10,45.50,45.90,0.30,293666,13481917,373
2026-01-20,TWSE,1713,國化,51.00,51.00,50.00,50.10,-0.40,695157,35009335,586
2026-01-20,TWSE,1714,和桐,9.19,9.20,8.99,9.07,-0.10,4799031,43571142,1544
2026-01-20,TWSE,1717,長興,69.20,70.90,67.20,69.90,-0.40,53832068,3711836613,32662
2026-01-20,TWSE,1718,中纖,7.34,7.34,7.13,7.15,-0.19,4903283,35380366,1878
2026-01-20,TWSE,1720,生達,61.00,61.10,60.60,60.80,-0.60,187922,11438931,396
2026-01-20,TWSE,1721,國慶科技,22.00,22.45,20.70,20.85,-1.20,8951271,190656724,5775
2026-01-20,TWSE,1722,台肥,47.50,47.60,46.85,46.85,-0.60,1794151,84582551,1664
2026-01-20,TWSE,1723,中碳,71.60,71.60,70.90,71.20,-0.40,284335,20245703,682
2026-01-20,TWSE,1725,元禎,30.40,30.80,29.95,30.20,0.25,168103,5078845,133
2026-01-20,TWSE,1726,永記,76.00,76.00,75.80,75.90,-0.10,7304,554325,39
2026-01-20,TWSE,1727,中華化,48.30,49.15,47.35,47.45,-0.40,6590256,317752325,4702
2026-01-20,TWSE,1730,花仙子,52.60,52.60,52.40,52.40,-0.30,64368,3379990,91
2026-01-20,TWSE,1731,美吾華,21.95,21.95,21.90,21.90,0.00,121540,2665347,68
2026-01-20,TWSE,1732,毛寶,27.60,27.75,27.30,27.30,-0.20,203767,5594147,174
2026-01-20,TWSE,1733,五鼎,29.50,30.00,29.50,29.55,0.05,223230,6630117,216
2026-01-20,TWSE,1734,杏輝,31.00,31.00,30.80,30.80,-0.10,157288,4862253,341
2026-01-20,TWSE,1735,日勝化,17.70,18.25,17.70,17.70,0.00,158367,2830822,186
2026-01-20,TWSE,1736,喬山,153.00,154.00,150.00,150.50,-2.50,631119,95392789,690
2026-01-20,TWSE,1737,臺鹽,31.65,31.65,31.55,31.55,-0.15,84655,2675943,211
2026-01-20,TWSE,1752,南光,36.50,36.65,36.25,36.50,0.10,112400,4093024,89
2026-01-20,TWSE,1760,寶齡富錦,64.20,64.70,63.50,63.70,-0.80,170241,10912317,215
2026-01-20,TWSE,1762,中化生,25.75,26.25,25.75,25.95,0.05,189772,4931900,376
2026-01-20,TWSE,1773,勝一,160.00,160.00,156.50,157.50,-3.00,1085175,170918756,1438
2026-01-20,TWSE,1776,展宇,15.70,15.80,15.55,15.65,-0.05,39491,619722,34
2026-01-20,TWSE,1783,和康生,47.45,47.65,46.20,46.45,-0.75,176789,8245686,205
2026-01-20,TWSE,1786,科妍,81.10,81.20,80.00,80.20,-1.60,279057,22466063,558
2026-01-20,TWSE,1789,神隆,27.30,28.50,27.30,28.25,1.15,3476790,97428991,2205
2026-01-20,TWSE,1795,美時,319.50,326.00,312.50,314.00,-5.50,4523892,1435669277,11705
2026-01-20,TWSE,1802,台玻,46.90,50.50,46.30,50.50,4.55,420681801,20840474798,134704
2026-01-20,TWSE,1805,寶徠,11.90,11.90,11.50,11.85,-0.15,290517,3392945,134
2026-01-20,TWSE,1806,冠軍,9.27,9.49,9.26,9.26,0.01,1331511,12454518,748
2026-01-20,TWSE,1808,潤隆,33.30,33.40,32.60,32.60,-0.85,1873326,61527583,3239
2026-01-20,TWSE,1809,中釉,26.50,27.50,26.40,27.50,2.50,16334051,444574832,5503
2026-01-20,TWSE,1810,和成,20.95,21.45,20.45,20.60,0.20,7452113,155462238,3800
2026-01-20,TWSE,1817,凱撒衛,38.50,38.60,38.50,38.55,0.05,26622,1025700,53
2026-01-20,TWSE,1903,士紙,57.00,57.10,56.10,56.50,-0.60,191720,10862593,391
2026-01-20,TWSE,1904,正隆,18.05,18.15,17.85,17.90,-0.25,1457094,26169563,1709
2026-01-20,TWSE,1905,華紙,12.45,12.55,12.30,12.30,-0.30,2427189,30103920,1040
2026-01-20,TWSE,1906,寶隆,12.05,12.10,12.05,12.10,0.00,100689,1217684,81
2026-01-20,TWSE,1907,永豐餘,25.60,25.65,25.25,25.25,-0.45,1014669,25753103,1068
2026-01-20,TWSE,1909,榮成,10.15,10.25,10.00,10.00,-0.25,1692928,17057071,730
2026-01-20,TWSE,2002,中鋼,19.65,19.65,19.15,19.15,-0.50,60139762,1158942791,21633
2026-01-20,TWSE,2002A,中鋼特,38.90,38.90,38.80,38.90,-0.10,6224,241936,10
2026-01-20,TWSE,2006,東和鋼鐵,70.30,70.70,69.50,69.50,-1.30,1955987,136809802,2917
2026-01-20,TWSE,2007,燁興,8.16,8.20,8.06,8.08,-0.08,411191,3338615,216
2026-01-20,TWSE,2008,高興昌,28.20,29.00,28.20,29.00,-0.05,31715,916519,29
2026-01-20,TWSE,2009,第一銅,50.40,50.40,49.55,50.20,-0.20,4539623,226634514,4987
2026-01-20,TWSE,2010,春源,21.20,21.30,21.05,21.15,-0.10,1226477,25971552,515
2026-01-20,TWSE,2012,春雨,17.50,17.50,17.25,17.25,-0.25,41318,717717,82
2026-01-20,TWSE,2013,中鋼構,42.60,42.80,42.35,42.35,-0.10,118048,5020773,174
2026-01-20,TWSE,2014,中鴻,16.90,16.90,16.50,16.60,-0.30,6997489,116359095,2793
2026-01-20,TWSE,2015,豐興,64.00,64.60,63.90,64.20,0.00,144961,9325776,167
2026-01-20,TWSE,2017,官田鋼,9.02,9.02,8.92,8.94,-0.07,798028,7147953,687
2026-01-20,TWSE,2020,美亞,23.75,23.95,23.60,23.75,-0.05,330105,7835572,296
2026-01-20,TWSE,2022,聚亨,9.05,9.08,8.91,8.91,-0.14,808548,7264904,532
2026-01-20,TWSE,2023,燁輝,14.80,14.80,14.70,14.80,0.00,2477604,36575099,824
2026-01-20,TWSE,2024,志聯,16.05,16.05,15.80,15.90,-0.25,22255,355429,64
2026-01-20,TWSE,2025,千興,14.00,14.00,13.40,13.40,-0.60,518341,7059546,428
2026-01-20,TWSE,2027,大成鋼,36.85,36.85,36.00,36.15,-0.60,19945181,723065742,9059
2026-01-20,TWSE,2028,威致,19.00,19.00,18.55,18.55,-0.45,190799,3567493,161
2026-01-20,TWSE,2029,盛餘,21.00,21.05,20.95,21.00,-0.15,153858,3228781,134
2026-01-20,TWSE,2030,彰源,16.65,16.65,16.05,16.10,-0.30,773847,12538622,525
2026-01-20,TWSE,2031,新光鋼,39.10,39.25,38.55,38.60,-0.75,996654,38683122,766
2026-01-20,TWSE,2032,新鋼,16.75,16.85,16.35,16.40,-0.30,561566,9265555,334
2026-01-20,TWSE,2033,佳大,16.35,16.50,16.15,16.15,-0.15,126084,2045465,66
2026-01-20,TWSE,2034,允強,21.00,21.00,20.75,20.75,-0.15,1694462,35348198,1116
2026-01-20,TWSE,2038,海光,15.35,15.35,14.95,14.95,-0.40,698943,10585943,464
2026-01-20,TWSE,2049,上銀,230.50,236.00,228.00,233.50,3.50,8341781,1938135076,14907
2026-01-20,TWSE,2059,川湖,3330.00,3640.00,3325.00,3640.00,330.00,2060598,7333834560,14902
2026-01-20,TWSE,2062,橋椿,23.65,23.95,23.05,23.20,-0.45,890131,20888760,722
2026-01-20,TWSE,2069,運錩,19.50,19.75,19.20,19.25,-0.25,422501,8212195,262
2026-01-20,TWSE,2101,南港,36.90,37.25,36.65,37.00,0.00,961697,35520741,1039
2026-01-20,TWSE,2102,泰豐,20.30,20.30,19.90,20.10,-0.15,381750,7656500,273
2026-01-20,TWSE,2103,台橡,15.70,15.70,15.25,15.25,-0.40,2437760,37606164,920
2026-01-20,TWSE,2104,國際中橡,12.50,12.95,12.20,12.30,-0.20,7292648,91668100,2581
2026-01-20,TWSE,2105,正新,31.80,32.20,31.65,31.90,0.10,9911598,316743672,5225
2026-01-20,TWSE,2106,建大,20.60,21.10,20.50,21.10,0.55,1638828,34076073,962
2026-01-20,TWSE,2107,厚生,24.90,25.25,24.80,25.00,0.10,250892,6291428,210
2026-01-20,TWSE,2108,南帝,24.60,24.65,23.95,24.00,-0.60,1170392,28409133,726
2026-01-20,TWSE,2109,華豐,15.00,15.10,15.00,15.00,-0.05,102807,1545861,102
2026-01-20,TWSE,2114,鑫永銓,90.20,90.20,89.90,89.90,-0.30,37117,3341776,59
2026-01-20,TWSE,2115,六暉-KY,27.15,27.25,26.00,26.65,-0.30,1173594,31348301,770
2026-01-20,TWSE,2201,裕隆,32.50,32.50,31.80,31.90,-0.50,4140651,132972128,3169
2026-01-20,TWSE,2204,中華,58.50,59.10,58.10,58.10,-0.60,1319045,77134549,2089
2026-01-20,TWSE,2206,三陽工業,59.80,60.00,59.60,59.90,-0.10,702656,42000774,644
2026-01-20,TWSE,2207,和泰車,540.00,543.00,539.00,539.00,-3.00,174672,94410368,475
2026-01-20,TWSE,2208,台船,21.80,23.00,21.80,22.70,1.10,17722634,401515897,7752
2026-01-20,TWSE,2211,長榮鋼,102.50,102.50,100.00,100.00,-2.00,1210032,121801965,1035
2026-01-20,TWSE,2227,裕日車,54.70,55.50,54.50,54.50,-0.30,111272,6113405,126
2026-01-20,TWSE,2228,劍麟,107.00,107.00,105.50,105.50,-1.00,445941,47342245,455
2026-01-20,TWSE,2231,為升,102.50,105.00,100.00,100.00,-2.50,773447,78904435,1450
2026-01-20,TWSE,2233,宇隆,229.50,243.00,227.50,237.00,5.00,1483542,351118866,7090
2026-01-20,TWSE,2236,百達-KY,110.50,111.00,107.00,111.00,0.50,458963,49963850,314
2026-01-20,TWSE,2239,英利-KY,30.65,30.65,30.15,30.25,-0.40,87032,2637493,83
2026-01-20,TWSE,2241,艾姆勒,37.90,37.90,36.25,36.45,-0.85,460301,17086102,842
2026-01-20,TWSE,2243,宏旭-KY,11.90,11.90,11.40,11.60,-0.40,369364,4285696,204
2026-01-20,TWSE,2247,汎德永業,277.50,277.50,272.50,275.00,-1.50,160217,43843322,643
2026-01-20,TWSE,2248,華勝-KY,49.90,49.90,49.30,49.85,-0.05,21050,1044840,18
2026-01-20,TWSE,2250,IKKA-KY,75.90,77.00,75.10,75.80,0.00,99580,7575513,219
2026-01-20,TWSE,2254,巨鎧精密-創,59.90,59.90,59.60,59.80,0.10,8200,490620,6
2026-01-20,TWSE,2258,鴻華先進-創,38.80,39.00,38.75,38.80,-0.20,636712,24758781,520
2026-01-20,TWSE,2301,光寶科,161.00,163.00,159.50,161.50,-1.50,11484784,1850666885,9866
2026-01-20,TWSE,2302,麗正,20.05,20.85,19.90,20.05,-0.45,2198196,44679776,1314
2026-01-20,TWSE,2303,聯電,62.40,68.70,61.00,67.80,5.30,471877466,31412667442,201716
2026-01-20,TWSE,2305,全友,15.15,15.40,14.50,14.70,-0.70,2860719,42613317,1540
2026-01-20,TWSE,2308,台達電,1105.00,1140.00,1100.00,1130.00,10.00,7555816,8487601840,15965
2026-01-20,TWSE,2312,金寶,34.80,35.40,33.85,34.95,-0.45,35742262,1239623453,21064
2026-01-20,TWSE,2313,華通,140.50,149.00,138.50,148.00,4.50,69647761,10090734579,44655
2026-01-20,TWSE,2314,台揚,22.30,22.30,22.10,22.20,-0.30,251614,5583587,255
2026-01-20,TWSE,2316,楠梓電,99.10,103.00,98.10,99.00,0.20,5380755,539585779,4236
2026-01-20,TWSE,2317,鴻海,228.50,228.50,223.50,223.50,-6.00,77123735,17372372600,117356
2026-01-20,TWSE,2321,東訊,,,,,0.00,333,5493,4
2026-01-20,TWSE,2323,中環,11.15,11.20,10.90,10.90,-0.20,8424612,92620907,2211
2026-01-20,TWSE,2324,仁寶,32.10,33.70,31.85,32.60,0.35,87602167,2867926065,35488
2026-01-20,TWSE,2327,國巨*,289.00,292.00,285.00,289.50,-6.00,55119559,15889372422,69860
2026-01-20,TWSE,2328,廣宇,53.40,53.40,51.60,52.10,-1.00,11883769,621423506,11281
2026-01-20,TWSE,2329,華泰,66.00,70.70,62.40,69.90,1.90,79605026,5306490549,42469
2026-01-20,TWSE,2330,台積電,1740.00,1775.00,1740.00,1775.00,15.00,32687106,57524295396,78992
2026-01-20,TWSE,2331,精英,29.55,29.80,28.30,28.55,-1.40,28498403,825353375,14675
2026-01-20,TWSE,2332,友訊,16.80,17.00,16.50,16.55,-0.25,5022655,83791026,2347
2026-01-20,TWSE,2337,旺宏,66.40,76.80,66.40,76.80,3.10,70578140,5057347047,44315
2026-01-20,TWSE,2338,光罩,42.20,42.25,40.80,41.55,-0.15,2638885,109563687,2023
2026-01-20,TWSE,2340,台亞,28.70,29.35,28.25,29.05,0.40,6570510,190412079,3910
2026-01-20,TWSE,2342,茂矽,35.00,38.20,34.40,36.75,1.10,10575089,385931263,7834
2026-01-20,TWSE,2344,華邦電,105.50,114.50,105.50,113.00,-3.50,52267677,5808516823,46895
2026-01-20,TWSE,2345,智邦,1165.00,1220.00,1160.00,1185.00,20.00,3573823,4261251853,5154
2026-01-20,TWSE,2347,聯強,65.20,65.30,64.00,64.20,-0.90,5879812,380006142,3445
2026-01-20,TWSE,2348,海悅,78.70,78.90,77.60,78.10,-0.60,584117,45617184,1097
2026-01-20,TWSE,2348A,海悅甲特,36.70,36.70,36.60,36.60,-0.10,12232,447910,8
2026-01-20,TWSE,2349,錸德,16.05,16.30,15.65,15.65,-0.35,13464333,214015153,5112
2026-01-20,TWSE,2351,順德,78.40,85.60,77.80,83.70,5.40,4012349,328478667,3387
2026-01-20,TWSE,2352,佳世達,25.40,25.75,25.20,25.55,0.05,4213795,107639837,2866
2026-01-20,TWSE,2353,宏碁,27.25,27.25,26.70,26.75,-0.55,31162804,839702160,13868
2026-01-20,TWSE,2354,鴻準,60.00,60.30,58.90,59.00,-0.40,7369104,437254529,5506
2026-01-20,TWSE,2355,敬鵬,35.35,35.85,34.85,35.85,0.45,3727030,132344712,2372
2026-01-20,TWSE,2356,英業達,44.85,45.15,44.35,44.80,0.15,17423295,780623993,10798
2026-01-20,TWSE,2357,華碩,512.00,519.00,508.00,510.00,0.00,4120391,2111617847,8763
2026-01-20,TWSE,2359,所羅門,132.00,132.50,130.00,130.50,-1.00,1193971,156765270,1322
2026-01-20,TWSE,2360,致茂,959.00,1030.00,958.00,1030.00,80.00,4547148,4578036408,7381
2026-01-20,TWSE,2362,藍天,39.35,39.80,39.15,39.15,-0.30,532562,21003658,550
2026-01-20,TWSE,2363,矽統,51.40,53.00,50.50,51.80,-0.20,11183129,580717446,11317
2026-01-20,TWSE,2364,倫飛,65.80,66.70,65.80,66.00,0.20,138971,9190962,383
2026-01-20,TWSE,2365,昆盈,36.80,36.95,36.05,36.35,-0.25,2331164,85136379,2220
2026-01-20,TWSE,2367,燿華,37.70,38.35,36.70,37.65,0.55,69215445,2598833121,36116
2026-01-20,TWSE,2368,金像電,622.00,639.00,619.00,630.00,6.00,7910123,4965614291,13150
2026-01-20,TWSE,2369,菱生,30.95,33.70,30.45,32.35,1.40,101213628,3220681592,46762
2026-01-20,TWSE,2371,大同,39.50,43.50,39.20,42.75,2.60,178862517,7517591742,74923
2026-01-20,TWSE,2373,震旦行,55.10,55.30,54.90,54.90,-0.30,96333,5306750,150
2026-01-20,TWSE,2374,佳能,81.00,83.40,79.80,81.00,0.40,10165674,832537642,7363
2026-01-20,TWSE,2375,凱美,104.50,106.00,101.50,104.00,-3.00,8074888,836267568,6595
2026-01-20,TWSE,2376,技嘉,240.50,241.00,238.00,238.00,-2.00,3555919,850836566,4680
2026-01-20,TWSE,2377,微星,99.90,103.00,99.90,100.50,0.70,8372471,849484863,6846
2026-01-20,TWSE,2379,瑞昱,515.00,524.00,514.00,517.00,2.00,2453715,1269942862,3865
2026-01-20,TWSE,2380,虹光,5.12,5.14,5.11,5.11,0.00,175292,898474,127
2026-01-20,TWSE,2382,廣達,281.00,282.00,277.00,277.50,-4.50,13982826,3900575858,28928
2026-01-20,TWSE,2383,台光電,1575.00,1620.00,1560.00,1615.00,35.00,2517558,4035608005,5911
2026-01-20,TWSE,2385,群光,119.00,121.00,118.50,119.50,0.50,3617266,433658189,2708
2026-01-20,TWSE,2387,精元,39.80,40.00,39.45,39.70,-0.05,322887,12856871,285
2026-01-20,TWSE,2388,威盛,54.00,54.70,53.00,53.70,0.00,4811458,259103911,3311
2026-01-20,TWSE,2390,云辰,11.00,11.10,10.85,10.85,-0.15,1114995,12207572,688
2026-01-20,TWSE,2392,正崴,41.50,41.50,40.10,40.25,-1.05,2452312,99450808,2435
2026-01-20,TWSE,2393,億光,55.50,55.90,54.90,55.00,-0.50,3468901,191631138,2273
2026-01-20,TWSE,2395,研華,286.00,287.00,278.50,280.00,-7.00,3681100,1033692146,6345
2026-01-20,TWSE,2397,友通,60.70,61.20,60.20,60.40,-0.40,204139,12388568,187
2026-01-20,TWSE,2399,映泰,26.80,29.00,26.70,27.20,0.55,10424238,288625142,6706
2026-01-20,TWSE,2401,凌陽,23.20,23.20,22.40,22.70,-0.40,5628120,127855298,3063
2026-01-20,TWSE,2402,毅嘉,55.90,56.50,55.40,56.40,1.00,6383266,357681822,4340
2026-01-20,TWSE,2404,漢唐,1080.00,1095.00,1065.00,1080.00,-15.00,2072488,2237836680,5763
2026-01-20,TWSE,2405,輔信,17.80,17.80,17.25,17.35,-0.45,2977385,51937730,1439
2026-01-20,TWSE,2406,國碩,30.80,32.10,30.05,31.20,0.40,30280357,950282498,16348
2026-01-20,TWSE,2408,南亞科,247.50,274.00,247.50,272.00,-3.00,27036020,7051473340,19166
2026-01-20,TWSE,2409,友達,17.25,17.50,16.50,16.60,-0.65,616653167,10439860447,131276
2026-01-20,TWSE,2412,中華電,133.50,134.00,133.00,133.00,-1.00,5248675,699252626,3368
2026-01-20,TWSE,2413,環科,50.40,51.00,47.50,48.65,-2.85,8617591,420770634,6574
2026-01-20,TWSE,2414,精技,41.10,41.10,40.85,40.90,-0.10,113537,4656499,110
2026-01-20,TWSE,2415,錩新,28.15,28.15,27.70,27.70,-0.30,95540,2653386,102
2026-01-20,TWSE,2417,圓剛,39.95,40.00,39.40,39.40,-0.60,639408,25348410,803
2026-01-20,TWSE,2419,仲琦,31.30,32.85,30.60,32.05,0.75,7852492,251185897,5042
2026-01-20,TWSE,2420,新巨,52.60,52.80,52.10,52.70,0.20,303497,15926573,416
2026-01-20,TWSE,2421,建準,150.00,152.50,149.00,151.00,1.00,1797137,272038232,1694
2026-01-20,TWSE,2423,固緯,54.40,55.20,54.10,54.90,-0.10,156628,8575299,136
2026-01-20,TWSE,2424,隴華,35.00,36.00,34.05,34.70,-1.05,56144,1965864,50
2026-01-20,TWSE,2425,承啟,32.95,32.95,31.50,31.55,-1.60,870938,27891636,1077
2026-01-20,TWSE,2426,鼎元,18.60,20.15,18.30,20.15,1.80,9136172,181173250,3820
2026-01-20,TWSE,2427,三商電,26.85,27.15,26.70,26.70,-0.20,724101,19493362,494
2026-01-20,TWSE,2428,興勤,180.00,180.00,175.50,176.00,-4.00,623127,110373701,1542
2026-01-20,TWSE,2429,銘旺科,75.00,79.30,74.30,75.90,1.60,725419,55812572,922
2026-01-20,TWSE,2430,燦坤,22.75,22.90,22.70,22.75,-0.05,43268,986733,93
2026-01-20,TWSE,2431,聯昌,13.30,13.45,13.05,13.10,-0.10,1231176,16341574,612
2026-01-20,TWSE,2432,倚天酷碁-創,24.75,24.90,24.75,24.90,0.10,13000,322900,10
2026-01-20,TWSE,2433,互盛電,46.75,46.75,46.65,46.75,0.00,31791,1485016,44
2026-01-20,TWSE,2434,統懋,30.15,30.15,29.90,29.90,-0.25,25624,769351,28
2026-01-20,TWSE,2436,偉詮電,49.90,50.80,49.00,50.60,0.80,2656027,133474477,2793
2026-01-20,TWSE,2438,翔耀,22.35,22.70,22.00,22.00,-0.35,120479,2673097,215
2026-01-20,TWSE,2439,美律,106.00,106.00,104.00,105.50,-0.50,1342429,141229199,1342
2026-01-20,TWSE,2440,太空梭,16.30,16.50,15.65,16.10,-0.05,578147,9252507,357
2026-01-20,TWSE,2441,超豐,99.80,111.00,98.60,107.50,5.50,23119475,2420944021,15729
2026-01-20,TWSE,2442,新美齊,23.00,23.00,22.50,22.60,-0.40,2370043,53925100,1381
2026-01-20,TWSE,2444,兆勁,12.75,13.00,12.40,12.45,-0.45,917681,11607660,548
2026-01-20,TWSE,2449,京元電子,272.00,277.00,265.50,274.50,3.00,17352958,4717499925,31944
2026-01-20,TWSE,2450,神腦,28.95,29.20,28.90,28.95,0.00,214421,6230260,258
2026-01-20,TWSE,2451,創見,233.00,248.00,231.00,248.00,-8.50,13654824,3306755096,17005
2026-01-20,TWSE,2453,凌群,55.40,55.80,55.00,55.00,-0.40,420200,23262423,467
2026-01-20,TWSE,2454,聯發科,1480.00,1500.00,1470.00,1485.00,0.00,6508709,9662514435,12232
2026-01-20,TWSE,2455,全新,168.00,184.50,167.00,184.50,16.50,19312947,3468419771,12192
2026-01-20,TWSE,2457,飛宏,30.50,33.65,29.80,33.65,3.05,50969937,1658263313,22123
2026-01-20,TWSE,2458,義隆,118.00,119.00,117.00,117.50,0.50,1803961,212615404,1532
2026-01-20,TWSE,2459,敦吉,67.50,68.00,67.50,67.80,0.00,70953,4816107,119
2026-01-20,TWSE,2460,建通,23.25,23.35,22.75,22.95,-0.30,341196,7845702,294
2026-01-20,TWSE,2461,光群雷,17.00,17.10,16.70,16.85,-0.15,401351,6783029,342
2026-01-20,TWSE,2462,良得電,24.95,25.10,24.75,24.95,0.05,810252,20216232,404
2026-01-20,TWSE,2464,盟立,68.40,71.50,67.50,68.10,-0.50,6120047,424063890,6250
2026-01-20,TWSE,2465,麗臺,58.20,58.30,57.20,57.50,-0.90,487392,28032393,890
2026-01-20,TWSE,2466,冠西電,63.70,64.50,62.90,64.50,0.90,816157,51989480,626
2026-01-20,TWSE,2467,志聖,245.00,251.00,244.50,249.50,4.50,1243792,307595239,8622
2026-01-20,TWSE,2468,華經,40.75,41.70,40.40,40.65,-0.10,386133,15837921,380
2026-01-20,TWSE,2471,資通,52.60,52.70,52.10,52.50,-0.10,141545,7437936,354
2026-01-20,TWSE,2472,立隆電,121.00,121.00,117.00,119.00,-2.50,4861107,576018627,4141
2026-01-20,TWSE,2474,可成,209.00,209.50,203.00,205.00,-4.50,5085165,1045830232,12642
2026-01-20,TWSE,2476,鉅祥,95.50,97.60,94.00,94.20,-1.30,3038192,289507688,7858
2026-01-20,TWSE,2477,美隆電,25.65,25.65,24.90,24.95,-0.40,473789,11921335,399
2026-01-20,TWSE,2478,大毅,72.30,72.30,70.30,71.10,-1.10,3021085,215076722,3973
2026-01-20,TWSE,2480,敦陽科,140.00,141.50,139.50,140.00,1.00,264823,37129200,446
2026-01-20,TWSE,2481,強茂,88.00,97.60,87.60,97.60,8.80,61508430,5779366248,38456
2026-01-20,TWSE,2482,連宇,18.45,18.95,18.45,18.45,0.00,298533,5583025,215
2026-01-20,TWSE,2483,百容,19.80,20.00,19.65,19.90,0.10,222587,4424484,128
2026-01-20,TWSE,2484,希華,30.15,31.05,28.10,30.00,0.95,16926624,503426896,9104
2026-01-20,TWSE,2485,兆赫,36.20,36.85,35.90,36.85,-0.50,11129508,404239839,7427
2026-01-20,TWSE,2486,一詮,93.50,94.40,92.00,93.00,-0.80,3660259,340562307,4818
2026-01-20,TWSE,2488,漢平,45.45,45.90,45.30,45.80,0.35,182157,8326237,186
2026-01-20,TWSE,2489,瑞軒,19.00,19.80,18.85,19.15,1.15,54395921,1062784557,25935
2026-01-20,TWSE,2491,吉祥全,21.75,21.75,20.00,20.00,-0.45,739811,15268856,543
2026-01-20,TWSE,2492,華新科,146.00,148.50,141.50,148.00,1.50,38241924,5562688177,24370
2026-01-20,TWSE,2493,揚博,120.50,122.50,119.00,121.50,1.00,1011256,122476718,1315
2026-01-20,TWSE,2495,普安,33.50,34.50,32.75,33.60,-0.15,16063557,539761952,10041
2026-01-20,TWSE,2496,卓越,68.90,69.80,68.90,69.30,0.00,37681,2612764,66
2026-01-20,TWSE,2497,怡利電,53.50,54.10,52.10,52.70,-0.80,542087,28614804,637
2026-01-20,TWSE,2498,宏達電,46.90,47.10,46.35,46.85,0.20,5763382,270008902,3587
2026-01-20,TWSE,2501,國建,22.70,23.05,22.70,22.90,0.10,1696582,38866132,685
2026-01-20,TWSE,2504,國產,37.55,37.85,36.70,36.90,-0.80,3402643,126044678,2491
2026-01-20,TWSE,2505,國揚,19.80,20.05,19.70,19.85,-0.05,325293,6471837,218
2026-01-20,TWSE,2506,太設,9.06,9.06,8.96,8.98,-0.08,715849,6438460,541
2026-01-20,TWSE,2509,全坤建,15.15,15.20,15.05,15.05,-0.10,138402,2089845,166
2026-01-20,TWSE,2511,太子,8.43,8.54,8.41,8.43,-0.02,1009260,8542316,509
2026-01-20,TWSE,2514,龍邦,15.15,15.25,15.00,15.00,-0.15,186507,2829196,208
2026-01-20,TWSE,2515,中工,13.50,13.50,13.25,13.30,-0.20,5777776,77032559,2112
2026-01-20,TWSE,2516,新建,14.65,14.70,14.45,14.45,-0.20,366139,5348861,189
2026-01-20,TWSE,2520,冠德,32.70,33.40,32.55,33.10,0.40,2008319,66545432,1564
2026-01-20,TWSE,2524,京城,42.45,42.70,41.80,41.80,-1.40,169764,7157666,542
2026-01-20,TWSE,2527,宏璟,30.15,30.15,29.60,29.60,-0.65,343874,10244332,397
2026-01-20,TWSE,2528,皇普,29.85,30.20,29.55,29.85,-0.05,328091,9798389,335
2026-01-20,TWSE,2530,華建,28.05,28.20,27.70,28.15,0.00,1416271,39568002,1002
2026-01-20,TWSE,2534,宏盛,20.15,20.30,20.00,20.00,-0.30,474646,9554496,367
2026-01-20,TWSE,2535,達欣工,68.10,69.40,68.00,68.60,0.30,362470,24901946,799
2026-01-20,TWSE,2536,宏普,23.90,23.90,23.65,23.65,-0.25,197729,4703378,166
2026-01-20,TWSE,2537,聯上發,10.85,10.90,10.75,10.80,-0.05,1226651,13248623,586
2026-01-20,TWSE,2538,基泰,10.90,10.95,10.80,10.80,-0.10,320167,3477009,261
2026-01-20,TWSE,2539,櫻花建,48.50,48.60,47.95,48.00,-0.15,498731,24027391,519
2026-01-20,TWSE,2540,愛山林,49.55,50.10,48.60,50.00,0.10,1800511,89303699,2091
2026-01-20,TWSE,2542,興富發,38.35,38.60,38.05,38.05,-0.35,4797670,183317909,4340
2026-01-20,TWSE,2543,皇昌,63.90,63.90,62.30,62.40,-0.90,1372727,86004776,2510
2026-01-20,TWSE,2545,皇翔,38.05,38.10,37.65,37.80,-0.35,434928,16445709,587
2026-01-20,TWSE,2546,根基,89.80,90.10,89.30,89.50,-0.30,158538,14238850,504
2026-01-20,TWSE,2547,日勝生,11.00,11.10,10.90,10.95,-0.05,1505407,16557257,697
2026-01-20,TWSE,2548,華固,109.00,109.00,106.00,106.50,-1.00,905607,96854010,991
2026-01-20,TWSE,2597,潤弘,174.00,178.00,174.00,175.50,1.50,311240,54834331,441
2026-01-20,TWSE,2601,益航,5.68,5.68,5.59,5.59,-0.02,1391674,7808429,510
2026-01-20,TWSE,2603,長榮,189.00,193.50,188.50,191.00,3.50,10782060,2062832977,8900
2026-01-20,TWSE,2605,新興,29.20,29.55,28.80,29.00,0.35,11183441,325195622,4856
2026-01-20,TWSE,2606,裕民,62.90,63.40,62.00,62.00,0.00,5023508,313630158,3234
2026-01-20,TWSE,2607,榮運,57.20,58.50,57.20,58.30,0.70,790958,46054371,501
2026-01-20,TWSE,2608,嘉里大榮,33.00,33.00,32.90,32.95,-0.05,157021,5176390,190
2026-01-20,TWSE,2609,陽明,54.50,55.80,54.40,55.10,1.10,17412097,960625675,10747
2026-01-20,TWSE,2610,華航,21.50,22.20,21.50,21.90,0.45,54108002,1188470303,14012
2026-01-20,TWSE,2611,志信,15.25,15.30,15.10,15.15,0.00,290937,4421550,312
2026-01-20,TWSE,2612,中航,61.30,62.20,61.00,61.80,1.40,2457511,151377387,1886
2026-01-20,TWSE,2613,中櫃,24.70,24.70,24.40,24.40,-0.15,343711,8447381,297
2026-01-20,TWSE,2614,東森,22.30,22.80,22.10,22.10,-0.25,1092355,24423538,814
2026-01-20,TWSE,2615,萬海,76.00,78.20,76.00,76.60,0.60,8279918,638469394,6087
2026-01-20,TWSE,2616,山隆,13.95,13.95,13.75,13.75,-0.05,92396,1276414,446
2026-01-20,TWSE,2617,台航,31.35,31.65,31.30,31.50,0.15,852559,26831549,618
2026-01-20,TWSE,2618,長榮航,37.30,38.85,37.25,38.20,1.05,83989840,3214514973,28103
2026-01-20,TWSE,2630,亞航,55.60,57.40,54.80,55.50,1.50,9296213,519388715,6199
2026-01-20,TWSE,2633,台灣高鐵,27.20,27.25,27.10,27.10,-0.15,7306610,198283902,3962
2026-01-20,TWSE,2634,漢翔,57.70,59.20,56.60,57.40,1.60,37011149,2136935901,22415
2026-01-20,TWSE,2636,台驊控股,66.50,67.20,66.50,67.10,0.90,403157,27011251,417
2026-01-20,TWSE,2637,慧洋-KY,71.50,72.00,70.70,71.00,0.00,2341468,166705325,1670
2026-01-20,TWSE,2642,宅配通,25.75,26.00,25.70,25.75,-0.10,73962,1905615,200
2026-01-20,TWSE,2645,長榮航太,157.00,163.50,154.50,161.00,7.50,10133223,1616303753,8789
2026-01-20,TWSE,2646,星宇航空,23.35,23.75,23.30,23.45,0.10,5641369,132986559,3240
2026-01-20,TWSE,2701,萬企,11.05,11.15,11.00,11.00,-0.05,67928,748364,98
2026-01-20,TWSE,2702,華園,11.95,12.05,11.95,11.95,0.00,115011,1377831,92
2026-01-20,TWSE,2704,國賓,42.75,43.10,42.65,43.05,0.05,99781,4284062,91
2026-01-20,TWSE,2705,六福,16.45,16.45,16.30,16.45,0.00,195406,3209326,202
2026-01-20,TWSE,2706,第一店,12.90,13.00,12.85,12.85,-0.05,156682,2021022,115
2026-01-20,TWSE,2707,晶華,189.00,191.00,189.00,190.00,1.00,92895,17643676,166
2026-01-20,TWSE,2712,遠雄來,17.70,17.90,17.70,17.90,0.05,8981,159412,17
2026-01-20,TWSE,2722,夏都,25.25,25.25,24.95,25.20,-0.15,40393,1014398,60
2026-01-20,TWSE,2723,美食-KY,75.40,76.90,75.00,76.50,1.10,329996,25132779,626
2026-01-20,TWSE,2727,王品,219.00,221.00,219.00,220.00,1.00,219714,48402463,1492
2026-01-20,TWSE,2731,雄獅,171.00,174.00,170.00,170.00,-2.00,483430,83070170,1053
2026-01-20,TWSE,2739,寒舍,34.35,34.45,34.10,34.10,-0.35,180935,6198234,151
2026-01-20,TWSE,2748,雲品,41.20,41.70,41.10,41.25,0.10,163159,6733368,164
2026-01-20,TWSE,2753,八方雲集,184.50,185.50,184.00,184.00,-0.50,190406,35158600,396
2026-01-20,TWSE,2762,世界健身-KY,74.80,75.00,74.40,74.70,-0.30,39252,2932713,106
2026-01-20,TWSE,2801,彰銀,20.40,20.50,20.35,20.50,0.10,16961261,346366734,4033
2026-01-20,TWSE,2812,台中銀,20.70,20.75,20.55,20.70,0.00,15071496,310885523,7289
2026-01-20,TWSE,2816,旺旺保,29.15,29.55,29.10,29.10,-0.40,124470,3641031,326
2026-01-20,TWSE,2820,華票,16.35,16.40,16.35,16.35,0.00,731664,11973514,405
2026-01-20,TWSE,2832,台產,50.00,50.10,49.70,49.70,-0.30,251315,12529706,746
2026-01-20,TWSE,2834,臺企銀,15.90,15.95,15.80,15.85,-0.05,17081586,271162583,7414
2026-01-20,TWSE,2836,高雄銀,12.10,12.15,12.05,12.10,0.00,1174704,14219893,632
2026-01-20,TWSE,2836A,高雄銀甲特,23.70,23.80,23.60,23.60,-0.10,25069,592511,14
2026-01-20,TWSE,2838,聯邦銀,18.55,18.75,18.50,18.50,-0.20,5288592,98185267,2839
2026-01-20,TWSE,2838A,聯邦銀甲特,54.50,54.60,54.30,54.60,0.10,95080,5180144,25
2026-01-20,TWSE,2845,遠東銀,12.70,12.75,12.65,12.65,-0.05,7809561,98959388,3146
2026-01-20,TWSE,2849,安泰銀,13.30,13.35,13.30,13.30,-0.05,49998,665239,69
2026-01-20,TWSE,2850,新產,116.50,118.00,116.50,117.50,0.50,352903,41392271,335
2026-01-20,TWSE,2851,中再保,27.30,27.40,27.00,27.05,-0.35,981577,26655158,1008
2026-01-20,TWSE,2852,第一保,28.00,28.10,27.85,27.90,-0.15,332497,9292675,286
2026-01-20,TWSE,2855,統一證,28.20,28.25,27.70,27.75,-0.60,5900685,164838130,5439
2026-01-20,TWSE,2867,三商壽,7.90,7.93,7.85,7.87,-0.03,7874951,62117678,1855
2026-01-20,TWSE,2880,華南金,32.80,33.50,32.80,33.05,-0.25,10120269,336144045,7318
2026-01-20,TWSE,2881,富邦金,94.90,95.20,94.00,94.00,-1.00,16804671,1586386227,12624
2026-01-20,TWSE,2881A,富邦特,63.30,63.30,63.20,63.30,0.00,18179,1149836,25
2026-01-20,TWSE,2881B,富邦金乙特,61.70,61.80,61.70,61.80,0.00,32910,2030467,15
2026-01-20,TWSE,2881C,富邦金丙特,52.70,52.70,52.60,52.60,-0.10,23581,1240713,84
2026-01-20,TWSE,2882,國泰金,76.90,77.90,76.20,76.60,-0.80,18641720,1432913581,15768
2026-01-20,TWSE,2882A,國泰特,60.70,60.80,60.70,60.80,0.00,310967,18878630,20
2026-01-20,TWSE,2882B,國泰金乙特,60.00,60.10,60.00,60.10,0.00,30257,1815490,25
2026-01-20,TWSE,2883,凱基金,18.10,18.20,18.00,18.10,0.00,31494845,570474425,8410
2026-01-20,TWSE,2883B,凱基金乙特,7.85,7.87,7.85,7.87,0.02,1085596,8528565,220
2026-01-20,TWSE,2884,玉山金,33.05,33.40,33.00,33.10,0.10,30188715,1000267784,11348
2026-01-20,TWSE,2885,元大金,42.05,42.20,41.70,41.70,-0.70,16105349,674358638,11578
2026-01-20,TWSE,2886,兆豐金,40.55,40.55,40.00,40.00,-0.55,24827528,998189480,14260
2026-01-20,TWSE,2887,台新新光金,22.95,23.10,22.75,22.90,0.05,75125820,1719056057,14577
2026-01-20,TWSE,2887E,台新新光戊特一,49.90,49.90,49.80,49.90,0.00,59226,2952626,31
2026-01-20,TWSE,2887F,台新新光戊特二,46.90,47.00,46.90,46.90,-0.10,10411,488758,14
2026-01-20,TWSE,2887G,台新新光庚特一,39.55,39.75,39.55,39.65,0.15,82304,3266264,46
2026-01-20,TWSE,2887H,台新新光庚特二,39.50,39.65,39.45,39.65,0.25,586152,23178176,311
2026-01-20,TWSE,2887I,台新新光辛特,9.33,9.33,9.31,9.32,-0.01,7133786,66502829,828
2026-01-20,TWSE,2887Z1,台新新光己特,16.45,16.55,16.45,16.50,0.05,32616,538575,28
2026-01-20,TWSE,2889,國票金,16.35,16.45,16.20,16.30,-0.05,3467339,56631544,1711
2026-01-20,TWSE,2890,永豐金,29.20,29.40,29.10,29.10,-0.25,17936151,524122902,8892
2026-01-20,TWSE,2891,中信金,51.00,51.50,50.90,51.00,-0.20,24164430,1235242116,8431
2026-01-20,TWSE,2891B,中信金乙特,63.70,63.80,63.70,63.80,0.00,3624,230798,13
2026-01-20,TWSE,2891C,中信金丙特,,,,,0.00,340,20406,14
2026-01-20,TWSE,2892,第一金,29.65,29.80,29.45,29.45,-0.30,16192689,478938471,9830
2026-01-20,TWSE,2897,王道銀行,9.11,9.14,9.11,9.12,0.00,3080920,28108280,695
2026-01-20,TWSE,2897B,王道銀乙特,11.80,11.80,11.80,11.80,0.00,12360,145846,8
2026-01-20,TWSE,2901,欣欣,24.65,24.75,24.60,24.60,-0.15,3668,90559,31
2026-01-20,TWSE,2903,遠百,22.05,22.15,21.95,21.95,0.00,2212395,48686256,1193
2026-01-20,TWSE,2904,匯僑,17.15,17.50,17.05,17.05,0.00,28634,490548,36
2026-01-20,TWSE,2905,三商,15.60,15.80,15.55,15.70,-0.05,433708,6811125,256
2026-01-20,TWSE,2906,高林,12.55,12.60,12.50,12.55,0.00,131232,1647031,245
2026-01-20,TWSE,2908,特力,20.15,20.35,20.15,20.35,0.10,149335,3026552,122
2026-01-20,TWSE,2910,統領,20.90,20.90,20.80,20.90,0.20,6000,125300,5
2026-01-20,TWSE,2911,麗嬰房,5.17,5.17,5.10,5.10,-0.07,30192,154002,96
2026-01-20,TWSE,2912,統一超,217.00,219.00,217.00,217.50,0.50,3670492,800020187,3612
2026-01-20,TWSE,2913,農林,13.35,13.35,13.15,13.15,-0.20,1802242,23859697,977
2026-01-20,TWSE,2915,潤泰全,52.60,52.80,52.10,52.10,-0.60,2683706,140460832,2013
2026-01-20,TWSE,2923,鼎固-KY,20.10,20.50,20.05,20.10,-0.25,53722,1085411,222
2026-01-20,TWSE,2929,淘帝-KY,7.76,7.77,7.67,7.76,-0.06,240144,1855242,195
2026-01-20,TWSE,2939,永邑-KY,22.55,22.55,21.90,21.90,-0.60,38015,839816,48
2026-01-20,TWSE,2945,三商家購,38.75,38.95,38.70,38.80,-0.95,22091,858313,34
2026-01-20,TWSE,3002,歐格,24.40,24.45,23.65,23.75,-0.50,679711,16290416,668
2026-01-20,TWSE,3003,健和興,49.00,49.20,48.35,49.00,0.00,161124,7870193,373
2026-01-20,TWSE,3004,豐達科,115.00,118.50,115.00,115.50,0.50,788883,91756662,837
2026-01-20,TWSE,3005,神基,116.50,120.50,116.00,118.00,1.50,3538916,418657692,2407
2026-01-20,TWSE,3006,晶豪科,145.50,152.00,145.50,152.00,-6.50,2252823,336536588,2318
2026-01-20,TWSE,3008,大立光,2450.00,2480.00,2420.00,2430.00,-20.00,685625,1680774850,2932
2026-01-20,TWSE,3010,華立,114.00,117.50,114.00,115.50,2.50,2570637,298137036,2353
2026-01-20,TWSE,3011,今皓,14.90,14.90,14.20,14.35,-0.30,1437782,20629453,725
2026-01-20,TWSE,3013,晟銘電,121.50,122.00,119.00,120.50,-0.50,3319951,399204469,3355
2026-01-20,TWSE,3014,聯陽,118.50,119.50,117.00,118.50,0.50,903659,107136899,880
2026-01-20,TWSE,3015,全漢,57.30,57.30,55.50,55.60,-1.80,945689,53040014,1045
2026-01-20,TWSE,3016,嘉晶,59.70,66.00,58.40,66.00,6.00,15245936,972159322,10443
2026-01-20,TWSE,3017,奇鋐,1275.00,1305.00,1265.00,1295.00,15.00,4832354,6217964285,13136
2026-01-20,TWSE,3018,隆銘綠能,11.95,11.95,11.90,11.95,0.00,12358,147989,71
2026-01-20,TWSE,3019,亞光,143.50,144.00,141.50,143.50,1.00,4527874,646969931,4080
2026-01-20,TWSE,3021,鴻名,18.65,18.80,18.35,18.55,-0.05,265040,4923987,141
2026-01-20,TWSE,3022,威強電,68.50,68.50,67.30,67.80,-0.70,504816,34272228,672
2026-01-20,TWSE,3023,信邦,191.00,193.50,189.50,190.00,-1.00,941454,180017618,1528
2026-01-20,TWSE,3024,憶聲,11.45,11.60,11.35,11.45,0.00,769004,8830514,518
2026-01-20,TWSE,3025,星通,72.20,74.50,71.50,71.70,-0.30,2147142,156680182,2379
2026-01-20,TWSE,3026,禾伸堂,109.00,109.00,105.00,106.00,-3.00,2054823,219202513,1692
2026-01-20,TWSE,3027,盛達,28.35,29.10,27.55,28.55,0.40,7174554,203438276,3856
2026-01-20,TWSE,3028,增你強,40.80,40.80,40.15,40.35,-1.55,3957148,160129579,3495
2026-01-20,TWSE,3029,零壹,112.00,114.00,112.00,112.50,0.50,853052,96469641,983
2026-01-20,TWSE,3030,德律,176.50,179.00,173.50,175.00,-1.00,2853495,501309554,2648
2026-01-20,TWSE,3031,佰鴻,20.20,21.00,20.10,20.55,0.35,976749,20069145,668
2026-01-20,TWSE,3032,偉訓,73.50,74.20,72.60,74.00,1.00,536741,39611695,562
2026-01-20,TWSE,3033,威健,30.85,30.85,30.50,30.55,-0.20,1975435,60501573,1287
2026-01-20,TWSE,3034,聯詠,387.00,395.00,383.50,392.00,5.50,4054170,1582634996,5193
2026-01-20,TWSE,3035,智原,172.00,173.00,170.00,172.50,0.50,2702127,464139812,3215
2026-01-20,TWSE,3036,文曄,148.00,151.00,146.00,147.00,-1.50,4156654,613865143,3057
2026-01-20,TWSE,3036A,文曄甲特,51.80,51.80,51.80,51.80,0.00,311109,16115445,198
2026-01-20,TWSE,3037,欣興,297.00,318.00,295.50,308.00,7.00,117003208,35976422887,86998
2026-01-20,TWSE,3038,全台,24.20,24.20,23.90,24.10,-0.05,241400,5804731,297
2026-01-20,TWSE,3040,遠見,50.20,51.00,48.60,51.00,0.80,438382,21645662,1007
2026-01-20,TWSE,3041,揚智,26.65,27.10,26.50,26.65,-0.25,867012,23219969,998
2026-01-20,TWSE,3042,晶技,86.10,89.00,85.60,88.50,2.10,3711645,326791569,4027
2026-01-20,TWSE,3043,科風,22.70,23.00,22.35,22.65,0.00,309051,7016544,284
2026-01-20,TWSE,3044,健鼎,309.00,318.00,308.50,314.50,2.50,1848120,581288843,3128
2026-01-20,TWSE,3045,台灣大,108.50,108.50,107.50,107.50,-1.00,4230876,456247553,2226
2026-01-20,TWSE,3046,建碁,54.20,54.60,53.50,53.60,-0.40,264883,14282534,379
2026-01-20,TWSE,3047,訊舟,20.10,20.50,19.75,19.85,-0.05,4733841,95368719,2596
2026-01-20,TWSE,3048,益登,43.00,43.75,42.05,42.05,-0.80,9333067,399270476,6429
2026-01-20,TWSE,3049,精金,9.00,9.21,8.74,9.21,0.83,25459457,231525548,9018
2026-01-20,TWSE,3050,鈺德,15.10,15.10,14.60,14.65,-0.30,1584063,23383475,959
2026-01-20,TWSE,3051,力特,26.75,26.75,26.40,26.75,2.40,3745545,100182475,1496
2026-01-20,TWSE,3052,夆典,11.70,11.80,11.70,11.75,0.05,588496,6908135,215
2026-01-20,TWSE,3054,立萬利,29.95,30.30,29.95,30.20,0.25,33358,1005302,45
2026-01-20,TWSE,3055,蔚華科,73.40,75.10,73.10,73.90,0.50,407276,30256824,493
2026-01-20,TWSE,3056,富華新,17.55,17.65,17.40,17.55,0.00,1428271,25071884,957
2026-01-20,TWSE,3057,喬鼎,19.30,19.30,18.20,18.35,-0.95,760574,14201202,1417
2026-01-20,TWSE,3058,立德,10.80,10.80,10.20,10.25,-0.30,919576,9557744,609
2026-01-20,TWSE,3059,華晶科,40.25,41.40,39.90,40.95,0.70,3294625,134746295,2380
2026-01-20,TWSE,3060,銘異,35.80,37.70,35.00,36.40,-0.85,12509573,456994825,9154
2026-01-20,TWSE,3062,建漢,26.10,26.35,25.70,25.80,-0.35,5153790,134041225,2888
2026-01-20,TWSE,3090,日電貿,103.00,103.00,100.00,101.50,-2.50,4862473,493507610,4031
2026-01-20,TWSE,3092,鴻碩,25.85,28.10,25.50,26.85,0.60,1921094,51790524,1444
2026-01-20,TWSE,3094,聯傑,25.35,25.95,25.30,25.70,0.20,576357,14823044,345
2026-01-20,TWSE,3130,一零四,224.00,224.00,223.50,223.50,0.00,41496,9276024,283
2026-01-20,TWSE,3135,凌航,124.00,136.50,123.00,134.00,0.00,8630618,1127382389,6013
2026-01-20,TWSE,3138,耀登,160.50,167.50,160.00,167.50,2.00,1071572,176141000,1345
2026-01-20,TWSE,3149,正達,47.95,52.50,47.00,51.80,3.85,30831489,1516329682,20246
2026-01-20,TWSE,3150,鈺寶-創,20.10,20.45,19.70,20.05,0.15,66162,1332037,45
2026-01-20,TWSE,3164,景岳,18.05,18.25,18.00,18.00,-0.05,88286,1595247,144
2026-01-20,TWSE,3167,大量,220.00,234.50,218.50,230.00,10.00,7287327,1669845720,7708
2026-01-20,TWSE,3168,眾福科,41.60,42.00,41.40,41.80,0.40,34056,1420994,33
2026-01-20,TWSE,3189,景碩,209.50,220.50,202.00,206.50,-5.00,95080480,20135697364,64605
2026-01-20,TWSE,3209,全科,34.00,34.00,33.40,33.40,-0.40,438158,14709294,405
2026-01-20,TWSE,3229,晟鈦,24.70,25.00,24.10,24.75,0.05,260359,6358121,286
2026-01-20,TWSE,3231,緯創,138.00,139.00,136.00,136.00,-2.50,61420898,8406297991,58746
2026-01-20,TWSE,3257,虹冠電,67.50,69.40,66.80,69.10,2.10,842285,57486252,967
2026-01-20,TWSE,3266,昇陽,13.85,14.00,13.80,13.80,-0.10,40400,561300,31
2026-01-20,TWSE,3296,勝德,24.50,24.60,24.40,24.40,-0.10,260080,6361795,235
2026-01-20,TWSE,3305,昇貿,119.00,122.00,117.50,119.50,0.50,6150016,737902020,4887
2026-01-20,TWSE,3308,聯德,26.25,27.50,25.00,26.05,-0.25,764644,20135245,683
2026-01-20,TWSE,3311,閎暉,33.80,34.25,33.45,33.70,-0.15,375248,12669146,598
2026-01-20,TWSE,3312,弘憶股,41.50,41.95,41.30,41.60,-0.55,1129715,46987723,1616
2026-01-20,TWSE,3321,同泰,20.40,20.60,20.05,20.25,-0.10,650647,13245300,567
2026-01-20,TWSE,3338,泰碩,50.60,51.40,50.60,51.00,-0.60,441102,22441102,839
2026-01-20,TWSE,3346,麗清,22.95,23.15,22.45,22.80,-0.65,1688602,38400135,1211
2026-01-20,TWSE,3356,奇偶,50.60,50.90,49.60,49.60,-0.40,564697,28388871,1144
2026-01-20,TWSE,3376,新日興,227.50,249.00,223.00,234.50,7.00,15119775,3591040519,22916
2026-01-20,TWSE,3380,明泰,34.80,34.80,34.20,34.45,-0.40,2333234,80366987,1596
2026-01-20,TWSE,3406,玉晶光,447.00,457.00,447.00,457.00,7.00,503619,228764781,946
2026-01-20,TWSE,3413,京鼎,285.00,286.50,283.50,283.50,-3.50,925376,263145640,1541
2026-01-20,TWSE,3416,融程電,148.00,154.00,147.50,154.00,6.00,365252,55097070,604
2026-01-20,TWSE,3419,譁裕,14.35,14.55,14.10,14.45,0.05,326575,4666217,207
2026-01-20,TWSE,3432,台端,19.55,21.15,19.55,21.15,1.90,889562,18580668,942
2026-01-20,TWSE,3437,榮創,15.95,15.95,15.55,15.60,-0.25,463489,7277031,394
2026-01-20,TWSE,3443,創意,2645.00,2730.00,2620.00,2700.00,5.00,2034495,5467043495,5538
2026-01-20,TWSE,3447,展達,46.50,47.20,46.15,46.70,0.25,385545,18064826,312
2026-01-20,TWSE,3450,聯鈞,244.00,264.50,243.50,259.00,14.00,13187053,3391534159,12952
2026-01-20,TWSE,3454,晶睿,99.00,99.10,98.90,99.00,0.00,187193,18531285,137
2026-01-20,TWSE,3481,群創,27.90,28.00,27.10,27.15,-1.65,207345365,5697284437,106764
2026-01-20,TWSE,3494,誠研,9.19,9.93,9.03,9.93,0.90,1393208,13618621,707
2026-01-20,TWSE,3501,維熹,57.00,57.20,56.00,56.10,-1.40,1059058,59716881,2198
2026-01-20,TWSE,3504,揚明光,56.80,57.00,55.80,56.50,0.00,309412,17495030,310
2026-01-20,TWSE,3515,華擎,228.00,231.50,226.50,228.00,0.50,614685,140664412,913
2026-01-20,TWSE,3518,柏騰,21.15,21.55,21.15,21.35,-0.10,249054,5318879,179
2026-01-20,TWSE,3528,安馳,69.30,69.70,68.20,69.00,-0.30,153211,10532732,495
2026-01-20,TWSE,3530,晶相光,78.30,78.40,76.30,77.00,-0.40,482070,37249913,1094
2026-01-20,TWSE,3532,台勝科,136.00,144.00,132.00,139.50,0.00,9255556,1292205800,7294
2026-01-20,TWSE,3533,嘉澤,1440.00,1445.00,1400.00,1425.00,-5.00,748147,1062434850,2023
2026-01-20,TWSE,3535,晶彩科,108.00,117.00,104.50,115.50,9.00,21933217,2413010089,16706
2026-01-20,TWSE,3543,州巧,48.50,50.30,46.75,50.30,4.50,15580225,774936418,5762
2026-01-20,TWSE,3545,敦泰,56.00,57.00,54.80,56.70,-0.10,2973642,166758394,4990
2026-01-20,TWSE,3550,聯穎,15.60,15.80,15.35,15.55,-0.05,926983,14413747,557
2026-01-20,TWSE,3557,嘉威,37.30,37.30,36.80,37.30,0.00,122518,4536230,332
2026-01-20,TWSE,3563,牧德,480.00,502.00,478.00,496.50,18.50,978318,482521240,1584
2026-01-20,TWSE,3576,聯合再生,11.20,11.80,10.90,11.35,0.05,23532717,266808961,7251
2026-01-20,TWSE,3583,辛耘,323.00,330.00,321.50,327.00,6.00,523692,171183012,1648
2026-01-20,TWSE,3588,通嘉,52.10,53.20,51.60,52.40,-0.10,505717,26514794,823
2026-01-20,TWSE,3591,艾笛森,21.10,21.10,20.55,20.65,-0.70,908726,18843473,698
2026-01-20,TWSE,3592,瑞鼎,232.00,243.50,228.50,241.50,10.50,1873241,446873820,4359
2026-01-20,TWSE,3593,力銘,12.00,12.05,12.00,12.05,0.00,17225,206969,151
2026-01-20,TWSE,3596,智易,182.00,187.50,178.50,181.00,2.00,2107604,385754695,2733
2026-01-20,TWSE,3605,宏致,63.50,63.80,62.10,62.30,-0.90,1590115,99784835,1846
2026-01-20,TWSE,3607,谷崧,15.50,15.65,15.25,15.60,0.00,783802,12115499,490
2026-01-20,TWSE,3617,碩天,192.50,196.50,192.50,194.00,1.50,214023,41674465,314
2026-01-20,TWSE,3622,洋華,68.30,68.80,67.40,68.30,0.50,829296,56542200,1438
2026-01-20,TWSE,3645,達邁,62.60,68.30,62.00,67.20,3.50,9705074,645096288,7251
2026-01-20,TWSE,3652,精聯,29.00,29.00,28.40,28.95,-0.05,147138,4207052,101
2026-01-20,TWSE,3653,健策,2380.00,2490.00,2380.00,2460.00,30.00,1437543,3537097085,4249
2026-01-20,TWSE,3661,世芯-KY,3400.00,3450.00,3340.00,3395.00,-40.00,2100259,7092572585,13084
2026-01-20,TWSE,3665,貿聯-KY,1315.00,1355.00,1310.00,1340.00,25.00,2286555,3052441830,4552
2026-01-20,TWSE,3669,圓展,39.45,39.60,39.00,39.40,-0.05,132817,5231773,122
2026-01-20,TWSE,3673,TPK-KY,43.90,44.40,43.20,43.30,-0.90,2187569,95312659,1536
2026-01-20,TWSE,3679,新至陞,113.00,113.50,113.00,113.50,0.00,32731,3712774,49
2026-01-20,TWSE,3686,達能,19.90,20.00,19.40,19.50,-0.30,451515,8872492,381
2026-01-20,TWSE,3694,海華,61.80,62.90,61.20,62.10,0.90,1398172,87010787,1278
2026-01-20,TWSE,3701,大眾控,54.50,58.40,54.40,58.00,3.00,9795568,559652478,6663
2026-01-20,TWSE,3702,大聯大,64.00,64.60,63.30,63.70,-0.40,6615513,422037487,6690
2026-01-20,TWSE,3703,欣陸,23.45,23.55,23.35,23.35,-0.20,751541,17602600,527
2026-01-20,TWSE,3704,合勤控,35.80,37.10,34.25,36.05,1.65,15910574,568691845,10223
2026-01-20,TWSE,3705,永信,57.30,57.40,56.80,56.80,-0.50,284677,16225404,255
2026-01-20,TWSE,3706,神達,84.60,84.70,83.40,83.40,-1.00,11732033,983533469,10439
2026-01-20,TWSE,3708,上緯投控,124.00,127.50,122.50,126.50,1.50,1933637,242419267,2253
2026-01-20,TWSE,3711,日月光投控,292.50,299.00,292.00,296.00,-3.00,15394474,4544087543,12905
2026-01-20,TWSE,3712,永崴投控,27.55,27.55,26.70,26.95,-0.60,1194590,32422715,906
2026-01-20,TWSE,3714,富采,37.80,37.80,36.05,37.15,1.85,11442278,423393244,7381
2026-01-20,TWSE,3715,定穎投控,132.00,136.50,129.00,131.50,-0.50,30938874,4090979440,22332
2026-01-20,TWSE,3716,中化控股,34.00,34.10,33.70,33.75,-0.20,49728,1682824,112
2026-01-20,TWSE,3717,聯嘉投控,19.65,20.10,19.20,19.60,-0.15,1485097,29316058,905
2026-01-20,TWSE,4104,佳醫,78.80,79.50,78.60,79.40,0.60,272266,21525438,498
2026-01-20,TWSE,4106,雃博,23.30,23.30,23.00,23.30,0.00,114673,2651851,196
2026-01-20,TWSE,4108,懷特,13.85,14.00,13.75,13.90,-0.10,188754,2611963,327
2026-01-20,TWSE,4119,旭富,53.60,54.10,52.40,53.10,-0.80,260195,13814132,736
2026-01-20,TWSE,4133,亞諾法,24.10,24.50,24.10,24.35,0.15,95306,2319990,340
2026-01-20,TWSE,4137,麗豐-KY,105.00,106.50,104.00,104.50,0.00,66198,6958133,134
2026-01-20,TWSE,4142,國光生,20.25,20.45,20.05,20.15,-0.10,1806420,36510811,989
2026-01-20,TWSE,4148,全宇生技-KY,39.00,40.50,39.00,39.05,0.40,35661,1407576,39
2026-01-20,TWSE,4155,訊映,14.90,14.90,14.80,14.85,0.00,143099,2126666,274
2026-01-20,TWSE,4164,承業醫,35.45,35.65,35.00,35.20,-0.25,997486,35158078,1048
2026-01-20,TWSE,4190,佐登-KY,29.85,29.90,29.80,29.90,-0.30,23287,697466,126
2026-01-20,TWSE,4306,炎洲,14.05,14.10,13.95,14.00,-0.05,709931,9944755,623
2026-01-20,TWSE,4414,如興,10.90,11.00,10.85,10.85,0.00,231709,2533807,157
2026-01-20,TWSE,4426,利勤,9.11,9.15,9.08,9.10,-0.03,217058,1976484,122
2026-01-20,TWSE,4438,廣越,73.20,73.20,71.50,72.00,-1.10,111008,8029552,389
2026-01-20,TWSE,4439,冠星-KY,102.00,102.00,102.00,102.00,0.00,9020,920040,11
2026-01-20,TWSE,4440,宜新實業,17.65,17.70,17.45,17.65,0.00,83000,1462950,51
2026-01-20,TWSE,4441,振大環球,266.50,280.00,265.00,273.50,6.00,245672,67316790,892
2026-01-20,TWSE,4526,東台,36.50,39.00,36.00,37.00,0.50,12128164,456303384,8116
2026-01-20,TWSE,4532,瑞智,25.60,25.90,25.40,25.50,-0.15,1811590,46415116,1329
2026-01-20,TWSE,4536,拓凱,166.50,167.50,166.00,166.50,-1.50,197107,32871372,296
2026-01-20,TWSE,4540,全球傳動,42.80,45.75,42.00,45.35,2.75,12564102,548314787,8316
2026-01-20,TWSE,4545,銘鈺,38.80,39.80,38.40,38.75,-0.05,334951,13067365,413
2026-01-20,TWSE,4551,智伸科,124.00,124.00,121.00,121.00,-3.50,626829,76642460,637
2026-01-20,TWSE,4552,力達-KY,24.45,25.25,24.45,24.70,0.20,154052,3828623,146
2026-01-20,TWSE,4555,氣立,39.50,40.15,39.05,40.00,0.00,175000,6971867,153
2026-01-20,TWSE,4557,永新-KY,77.70,78.00,75.00,76.20,-2.20,261186,20019538,723
2026-01-20,TWSE,4560,強信-KY,33.20,33.20,32.80,32.95,-0.15,189000,6229250,81
2026-01-20,TWSE,4562,穎漢,40.75,41.35,40.25,40.25,-0.95,1045134,42538247,918
2026-01-20,TWSE,4564,元翎,17.75,17.85,17.10,17.25,-0.35,851429,14841786,778
2026-01-20,TWSE,4566,時碩工業,60.20,60.70,59.70,60.10,-0.10,520636,31282005,647
2026-01-20,TWSE,4569,六方科-KY,151.50,156.50,150.50,150.50,-2.50,181516,27749822,211
2026-01-20,TWSE,4571,鈞興-KY,171.50,172.00,169.00,169.00,-2.00,251850,42816440,547
2026-01-20,TWSE,4572,駐龍,150.50,152.50,150.50,151.00,0.00,60955,9249866,72
2026-01-20,TWSE,4576,大銀微系統,122.00,125.00,122.00,122.00,-2.50,1464058,180274487,2025
2026-01-20,TWSE,4581,光隆精密-KY,53.00,53.00,52.00,52.00,-1.00,63348,3318268,56
2026-01-20,TWSE,4583,台灣精銳,743.00,761.00,738.00,752.00,9.00,342705,258481053,758
2026-01-20,TWSE,4585,達明,338.50,343.00,336.50,338.50,0.50,268647,91300371,709
2026-01-20,TWSE,4588,玖鼎電力,68.10,72.00,67.00,68.10,0.00,527707,36781819,1123
2026-01-20,TWSE,4720,德淵,17.70,17.80,17.05,17.15,-0.55,1767406,30808823,819
2026-01-20,TWSE,4722,國精化,162.00,175.00,160.00,169.50,7.50,2533454,430326829,2908
2026-01-20,TWSE,4736,泰博,125.50,126.50,125.00,126.00,0.50,118270,14897554,184
2026-01-20,TWSE,4737,華廣,54.60,55.70,54.20,55.00,-1.00,200959,11025980,210
2026-01-20,TWSE,4739,康普,75.20,79.70,74.90,78.60,3.50,3840138,299185103,3045
2026-01-20,TWSE,4746,台耀,59.80,60.20,58.50,58.60,-1.20,1092631,64479524,1155
2026-01-20,TWSE,4755,三福化,117.00,118.50,116.00,117.00,-0.50,318339,37288820,368
2026-01-20,TWSE,4763,材料*-KY,51.40,51.90,51.40,51.70,0.40,2883779,148871980,2609
2026-01-20,TWSE,4764,雙鍵,129.00,130.50,126.00,127.50,-2.50,1243486,158578575,1335
2026-01-20,TWSE,4766,南寶,319.50,325.00,319.00,323.00,4.00,367509,118691586,702
2026-01-20,TWSE,4770,上品,228.50,249.50,226.00,249.50,22.50,2139271,521224834,2521
2026-01-20,TWSE,4771,望隼,179.00,179.00,176.00,176.50,0.00,26019,4602347,153
2026-01-20,TWSE,4807,日成-KY,17.80,17.95,17.80,17.85,-0.10,10633,190123,38
2026-01-20,TWSE,4904,遠傳,90.20,91.10,90.20,90.30,-0.40,2070153,187210967,1608
2026-01-20,TWSE,4906,正文,28.70,28.70,28.00,28.00,-0.55,3850558,109219125,2279
2026-01-20,TWSE,4912,聯德控股-KY,90.40,98.80,88.50,98.80,8.90,1280595,124024911,919
2026-01-20,TWSE,4915,致伸,80.60,81.30,80.00,80.50,0.20,2534081,204174078,1923
2026-01-20,TWSE,4916,事欣科,62.10,64.50,62.00,62.90,1.50,9889440,624363013,7903
2026-01-20,TWSE,4919,新唐,59.60,60.50,58.00,59.40,-0.80,4992957,296108542,4433
2026-01-20,TWSE,4927,泰鼎-KY,37.70,38.75,37.05,37.35,-0.35,13378859,504160513,6700
2026-01-20,TWSE,4930,燦星網,22.50,22.60,22.35,22.45,-0.10,39335,885528,159
2026-01-20,TWSE,4934,太極,14.95,15.35,14.70,15.15,0.20,1829811,27657380,946
2026-01-20,TWSE,4935,茂林-KY,41.40,41.50,40.75,40.75,-0.75,138646,5683339,109
2026-01-20,TWSE,4938,和碩,70.80,71.00,69.40,69.50,-1.30,10520528,730512321,6653
2026-01-20,TWSE,4942,嘉彰,39.00,39.00,38.50,38.50,-0.45,186488,7201682,388
2026-01-20,TWSE,4943,康控-KY,12.05,12.35,12.00,12.00,-0.40,21156,254331,51
2026-01-20,TWSE,4949,有成精密,42.00,43.20,41.55,42.50,0.00,1635352,69254356,1661
2026-01-20,TWSE,4952,凌通,38.00,38.20,37.45,37.60,-0.40,134395,5086421,144
2026-01-20,TWSE,4956,光鋐,21.35,21.95,21.25,21.75,0.40,1124587,24359403,667
2026-01-20,TWSE,4958,臻鼎-KY,170.00,170.00,163.00,164.50,-6.00,23134241,3836316727,16577
2026-01-20,TWSE,4960,誠美材,14.20,14.30,14.05,14.05,-0.10,1082730,15304096,496
2026-01-20,TWSE,4961,天鈺,154.00,159.50,152.00,157.00,3.00,1691788,264969338,1834
2026-01-20,TWSE,4967,十銓,203.50,213.00,203.00,209.50,-8.00,4025971,836535166,4895
2026-01-20,TWSE,4968,立積,126.50,128.50,125.00,126.50,1.00,1404194,177960989,1253
2026-01-20,TWSE,4976,佳凌,31.55,31.90,31.05,31.40,-0.15,535774,16880833,519
2026-01-20,TWSE,4977,眾達-KY,118.50,127.00,118.00,126.00,7.50,6646726,827266420,5697
2026-01-20,TWSE,4989,榮科,62.40,69.00,62.30,65.00,1.80,30248530,1983741938,22948
2026-01-20,TWSE,4994,傳奇,104.00,106.00,104.00,104.50,-0.50,23613,2479437,40
2026-01-20,TWSE,4999,鑫禾,24.25,24.25,24.10,24.10,-0.10,19256,465630,150
2026-01-20,TWSE,5007,三星,55.10,55.50,55.10,55.50,0.30,53370,2958798,45
2026-01-20,TWSE,5203,訊連,87.80,88.00,87.10,87.10,-0.80,145597,12740933,212
2026-01-20,TWSE,5215,科嘉-KY,36.70,38.80,36.70,37.25,-0.50,112436,4272916,220
2026-01-20,TWSE,5222,全訊,143.50,154.00,143.50,151.50,4.50,3435811,513733539,2990
2026-01-20,TWSE,5225,東科-KY,106.50,107.50,106.00,106.00,-0.50,200555,21426727,174
2026-01-20,TWSE,5234,達興材料,351.50,355.50,349.00,354.00,3.50,472823,166689299,827
2026-01-20,TWSE,5243,乙盛-KY,84.60,84.60,81.40,82.40,-2.60,2182571,180006880,2037
2026-01-20,TWSE,5244,弘凱,39.90,40.60,39.70,39.90,0.25,437757,17602055,324
2026-01-20,TWSE,5258,虹堡,63.90,64.60,63.60,63.60,-0.30,311642,19968904,290
2026-01-20,TWSE,5269,祥碩,1300.00,1315.00,1285.00,1290.00,-10.00,595241,772040260,2041
2026-01-20,TWSE,5283,禾聯碩,59.50,60.40,59.50,59.70,-0.30,118247,7073508,247
2026-01-20,TWSE,5284,jpp-KY,268.00,274.50,266.50,267.50,-0.50,844177,227726341,2141
2026-01-20,TWSE,5285,界霖,51.50,53.50,51.00,52.60,1.10,672211,35258499,832
2026-01-20,TWSE,5288,豐祥-KY,158.00,158.00,154.00,154.50,-3.00,323760,50231875,351
2026-01-20,TWSE,5292,華懋,198.00,214.50,197.50,213.00,13.00,717522,148925208,3367
2026-01-20,TWSE,5306,桂盟,95.10,97.00,95.00,96.20,1.10,206224,19698877,348
2026-01-20,TWSE,5388,中磊,80.60,82.30,80.50,81.40,0.80,4500637,367383957,3685
2026-01-20,TWSE,5434,崇越,322.00,331.00,321.00,331.00,5.00,828975,271810838,1920
2026-01-20,TWSE,5469,瀚宇博,100.00,106.00,99.50,104.50,4.00,15393646,1597789149,10523
2026-01-20,TWSE,5471,松翰,34.50,34.50,33.85,33.90,-0.70,642300,21871509,724
2026-01-20,TWSE,5484,慧友,40.50,40.50,40.00,40.15,-0.40,349128,14045987,353
2026-01-20,TWSE,5515,建國,33.90,34.30,33.80,33.85,-0.05,444180,15120898,698
2026-01-20,TWSE,5519,隆大,32.40,32.50,32.20,32.20,-0.20,262953,8489432,363
2026-01-20,TWSE,5521,工信,25.70,26.35,25.50,26.00,0.45,9498345,246098537,3988
2026-01-20,TWSE,5522,遠雄,67.80,68.50,67.30,68.10,-0.20,857726,58232179,1280
2026-01-20,TWSE,5525,順天,26.35,26.60,26.20,26.50,-0.05,89416,2365584,74
2026-01-20,TWSE,5531,鄉林,8.94,8.98,8.92,8.94,-0.06,361549,3233172,189
2026-01-20,TWSE,5533,皇鼎,14.30,14.30,14.20,14.20,-0.10,107154,1525301,58
2026-01-20,TWSE,5534,長虹,80.40,81.30,80.40,80.50,-0.30,349405,28225586,479
2026-01-20,TWSE,5538,東明-KY,32.80,32.80,32.35,32.60,-0.20,16050,524330,14
2026-01-20,TWSE,5546,永固-KY,23.00,23.20,22.90,22.90,-0.10,8000,183800,7
2026-01-20,TWSE,5607,遠雄港,48.75,49.00,48.35,48.35,-0.55,390482,18962716,1498
2026-01-20,TWSE,5608,四維航,18.15,18.20,17.85,17.85,-0.15,2075311,37375774,1030
2026-01-20,TWSE,5706,鳳凰,49.45,50.00,49.25,49.75,0.30,214243,10640415,236
2026-01-20,TWSE,5871,中租-KY,104.50,106.00,104.00,104.50,1.00,5882359,617436840,3582
2026-01-20,TWSE,5871A,中租-KY甲特,101.00,101.50,101.00,101.00,0.00,125453,12688753,69
2026-01-20,TWSE,5876,上海商銀,39.40,39.50,39.20,39.20,-0.25,8428837,331320589,4834
2026-01-20,TWSE,5880,合庫金,23.95,24.00,23.85,23.85,-0.15,19990947,477541070,10072
2026-01-20,TWSE,5906,台南-KY,50.50,50.90,49.70,50.60,0.00,18010,905506,11
2026-01-20,TWSE,5907,大洋-KY,5.88,6.08,5.75,5.83,-0.05,664436,3928832,314
2026-01-20,TWSE,6005,群益證,28.40,28.40,27.85,27.90,-0.55,8231648,231068345,4818
2026-01-20,TWSE,6024,群益期,51.70,51.90,51.30,51.30,-0.60,312592,16113500,1118
2026-01-20,TWSE,6108,競國,15.10,15.10,14.75,14.80,-0.25,251421,3752900,180
2026-01-20,TWSE,6112,邁達特,47.90,48.25,47.50,48.05,0.15,382389,18335832,336
2026-01-20,TWSE,6115,鎰勝,47.20,47.70,47.20,47.40,0.05,135943,6443823,217
2026-01-20,TWSE,6116,彩晶,10.50,10.60,10.25,10.25,-0.55,21643720,224454519,10046
2026-01-20,TWSE,6117,迎廣,79.50,80.50,78.90,79.50,0.00,299071,23888427,549
2026-01-20,TWSE,6120,達運,13.60,13.80,13.40,13.55,0.00,3270141,44422635,1408
2026-01-20,TWSE,6128,上福,23.40,23.40,23.00,23.20,-0.10,211103,4914117,148
2026-01-20,TWSE,6133,金橋,24.00,24.90,23.65,24.30,1.45,9214176,223545175,5085
2026-01-20,TWSE,6136,富爾特,24.35,24.95,24.25,24.25,0.00,584420,14344115,417
2026-01-20,TWSE,6139,亞翔,595.00,599.00,578.00,582.00,-10.00,3360902,1974190981,5967
2026-01-20,TWSE,6141,柏承,11.95,11.95,11.55,11.60,-0.25,289398,3373236,237
2026-01-20,TWSE,6142,友勁,10.10,10.20,9.98,10.10,-0.10,688023,6921899,307
2026-01-20,TWSE,6152,百一,14.50,14.80,13.80,14.25,-0.55,4796206,68772478,2286
2026-01-20,TWSE,6153,嘉聯益,16.45,16.70,15.95,16.05,-0.15,6950218,112932486,2931
2026-01-20,TWSE,6155,鈞寶,58.70,64.20,58.40,60.70,-0.40,15294842,931992963,10440
2026-01-20,TWSE,6164,華興,12.75,12.90,12.60,12.75,0.05,916900,11668062,500
2026-01-20,TWSE,6165,浪凡,45.25,45.35,44.50,44.50,-0.35,398558,17864393,410
2026-01-20,TWSE,6166,凌華,64.80,65.10,63.50,63.60,-1.40,587818,37726533,1475
2026-01-20,TWSE,6168,宏齊,20.55,21.55,20.45,20.90,0.20,1347589,28308668,802
2026-01-20,TWSE,6176,瑞儀,123.50,126.00,123.00,124.00,0.00,1934563,240538705,1730
2026-01-20,TWSE,6177,達麗,51.50,52.00,50.50,50.90,-0.50,1489358,75962672,2215
2026-01-20,TWSE,6183,關貿,95.20,96.30,95.10,95.60,-0.70,35956,3442278,460
2026-01-20,TWSE,6184,大豐電,48.50,48.95,48.15,48.55,0.05,138198,6715934,147
2026-01-20,TWSE,6189,豐藝,45.75,46.40,45.30,46.40,0.65,722579,33283255,1084
2026-01-20,TWSE,6191,精成科,114.00,116.50,113.50,115.00,1.00,7521498,866300785,5207
2026-01-20,TWSE,6192,巨路,120.00,120.00,118.50,119.50,-0.50,372704,44432779,444
2026-01-20,TWSE,6196,帆宣,292.50,308.50,289.00,308.00,15.50,4361118,1323641738,5664
2026-01-20,TWSE,6197,佳必琪,147.50,149.00,147.00,148.00,1.00,651456,96491096,735
2026-01-20,TWSE,6201,亞弘電,54.90,55.00,54.90,55.00,0.10,15532,854174,30
2026-01-20,TWSE,6202,盛群,40.00,40.45,39.15,39.80,-0.30,768839,30672049,1219
2026-01-20,TWSE,6205,詮欣,56.50,62.10,55.60,60.20,3.70,3583430,218845306,2061
2026-01-20,TWSE,6206,飛捷,94.70,94.70,94.00,94.30,-0.20,438574,41365662,462
2026-01-20,TWSE,6209,今國光,60.40,62.40,59.40,60.40,0.10,4991988,303366095,3283
2026-01-20,TWSE,6213,聯茂,114.00,118.00,113.50,115.50,1.50,7541186,874415835,4917
2026-01-20,TWSE,6214,精誠,117.50,118.50,117.00,117.00,-1.00,407999,48037744,518
2026-01-20,TWSE,6215,和椿,116.50,120.00,115.00,117.00,0.00,2050168,241684536,2147
2026-01-20,TWSE,6216,居易,28.60,28.80,28.40,28.55,0.00,499146,14285444,389
2026-01-20,TWSE,6224,聚鼎,43.65,44.15,43.60,43.80,-0.70,143820,6299186,518
2026-01-20,TWSE,6225,天瀚,16.65,17.05,16.65,17.05,-0.70,2529,42580,10
2026-01-20,TWSE,6226,光鼎,10.20,10.70,9.48,10.00,-0.05,4217366,42891725,1962
2026-01-20,TWSE,6230,尼得科超眾,120.50,124.00,120.00,121.00,-1.50,80462,9841837,110
2026-01-20,TWSE,6235,華孚,63.90,64.80,63.00,63.00,-0.70,1024688,65178155,2007
2026-01-20,TWSE,6239,力成,257.00,258.00,249.00,251.50,-11.00,19133488,4832682940,30632
2026-01-20,TWSE,6243,迅杰,36.50,36.95,36.20,36.25,-0.20,172142,6275968,343
2026-01-20,TWSE,6257,矽格,138.00,139.50,134.50,138.00,-0.50,13488673,1844077713,11228
2026-01-20,TWSE,6269,台郡,58.00,59.20,57.30,57.60,-1.00,1614237,93587301,2318
2026-01-20,TWSE,6271,同欣電,131.50,136.00,129.50,130.50,-0.50,4587776,610975000,3741
2026-01-20,TWSE,6272,驊陞,42.05,42.55,41.65,42.40,0.35,523763,22043213,304
2026-01-20,TWSE,6277,宏正,60.90,60.90,60.30,60.40,-0.50,90672,5483487,121
2026-01-20,TWSE,6278,台表科,97.00,97.60,96.30,96.90,-0.10,1118072,108316182,1039
2026-01-20,TWSE,6281,全國電,62.30,62.30,62.10,62.20,-0.20,80032,4980071,98
2026-01-20,TWSE,6282,康舒,57.00,63.80,56.50,63.80,5.80,153670963,9350062017,87003
2026-01-20,TWSE,6283,淳安,24.05,24.30,23.85,24.10,0.00,264378,6356460,202
2026-01-20,TWSE,6285,啟碁,124.50,130.00,124.00,130.00,11.50,40623032,5243547052,19982
2026-01-20,TWSE,6405,悅城,32.45,32.45,31.35,32.05,-0.40,629268,20029981,615
2026-01-20,TWSE,6409,旭隼,997.00,1015.00,985.00,985.00,-20.00,634000,631208310,2083
2026-01-20,TWSE,6412,群電,84.00,84.70,83.60,83.60,-0.40,693498,58294522,1154
2026-01-20,TWSE,6414,樺漢,293.50,296.00,289.00,296.00,2.50,1158741,338931576,1552
2026-01-20,TWSE,6415,矽力*-KY,240.00,257.50,238.00,252.00,13.50,18818524,4699154283,23481
2026-01-20,TWSE,6416,瑞祺電通,87.10,87.50,86.10,86.80,-0.40,221621,19224660,862
2026-01-20,TWSE,6423,億而得-創,85.20,86.80,83.70,85.50,0.30,129843,11067636,136
2026-01-20,TWSE,6426,統新,90.10,96.60,90.00,93.00,2.90,2205563,207621681,2248
2026-01-20,TWSE,6431,光麗-KY,28.95,28.95,28.10,28.10,-0.85,396220,11252469,228
2026-01-20,TWSE,6438,迅得,160.50,160.50,156.00,156.50,-6.50,2277724,359811937,2877
2026-01-20,TWSE,6442,光聖,1235.00,1310.00,1235.00,1270.00,35.00,3660686,4672718070,6555
2026-01-20,TWSE,6443,元晶,37.00,40.80,36.20,40.80,3.70,130367768,5163256584,54897
2026-01-20,TWSE,6446,藥華藥,576.00,593.00,575.00,582.00,5.00,2892983,1693691986,4329
2026-01-20,TWSE,6449,鈺邦,189.00,196.50,186.50,190.00,-3.00,1593823,302908951,6502
2026-01-20,TWSE,6451,訊芯-KY,146.00,151.50,145.00,146.50,0.50,1031718,153287266,1354
2026-01-20,TWSE,6456,GIS-KY,43.65,44.05,43.30,43.40,-0.50,1012168,44123933,918
2026-01-20,TWSE,6464,台數科,76.10,76.20,76.10,76.10,-0.30,7942,605435,57
2026-01-20,TWSE,6472,保瑞,529.00,532.00,516.00,522.00,-6.00,840132,439438903,2573
2026-01-20,TWSE,6477,安集,35.25,37.00,35.00,36.45,1.35,2776939,100837486,1921
2026-01-20,TWSE,6491,晶碩,283.00,286.00,282.00,282.50,0.50,205688,58324710,288
2026-01-20,TWSE,6504,南六,41.55,41.55,41.25,41.25,-0.30,37287,1542732,74
2026-01-20,TWSE,6505,台塑化,48.10,48.10,46.35,46.35,-1.90,14562265,683297183,9078
2026-01-20,TWSE,6515,穎崴,3430.00,3790.00,3430.00,3740.00,280.00,969604,3573064830,3173
2026-01-20,TWSE,6525,捷敏-KY,77.70,80.50,77.70,80.00,2.20,490763,38826463,671
2026-01-20,TWSE,6526,達發,428.00,433.50,428.00,429.50,-1.00,125395,54065096,459
2026-01-20,TWSE,6531,愛普*,501.00,508.00,482.50,506.00,-9.00,7678435,3796876095,10074
2026-01-20,TWSE,6533,晶心科,250.50,250.50,244.50,244.50,-6.00,307214,75841684,3181
2026-01-20,TWSE,6534,正瀚-創,88.00,88.00,86.60,86.60,-1.50,104309,9061754,105
2026-01-20,TWSE,6541,泰福-KY,52.20,52.30,51.00,51.10,-0.90,632105,32588615,510
2026-01-20,TWSE,6550,北極星藥業-KY,32.45,32.50,31.35,31.50,-0.55,1019017,32406150,856
2026-01-20,TWSE,6552,易華電,28.45,28.45,27.65,28.00,-0.05,242741,6806999,254
2026-01-20,TWSE,6558,興能高,37.20,37.95,36.70,36.95,0.20,1254083,46794123,979
2026-01-20,TWSE,6573,虹揚-KY,15.35,15.95,15.35,15.90,0.55,549115,8626243,312
2026-01-20,TWSE,6579,研揚,112.00,113.00,110.50,111.00,-1.00,114156,12764723,130
2026-01-20,TWSE,6581,鋼聯,107.00,107.00,105.50,105.50,-1.50,13389,1422791,53
2026-01-20,TWSE,6582,申豐,32.05,32.05,31.85,31.85,-0.15,60898,1947412,342
2026-01-20,TWSE,6585,鼎基,94.10,94.50,93.00,93.30,-0.70,87872,8237922,222
2026-01-20,TWSE,6589,台康生技,64.90,65.30,64.10,64.10,-1.10,539038,34828968,763
2026-01-20,TWSE,6591,動力-KY,73.20,73.50,72.30,72.50,-0.30,278457,20276800,507
2026-01-20,TWSE,6592,和潤企業,60.40,62.10,60.10,60.90,-0.30,2358442,144617872,1281
2026-01-20,TWSE,6592A,和潤企業甲特,96.60,96.60,96.60,96.60,0.00,2227,215002,8
2026-01-20,TWSE,6592B,和潤企業乙特,97.60,97.60,97.50,97.60,0.00,13935,1358761,62
2026-01-20,TWSE,6598,ABC-KY,24.50,24.55,23.90,23.90,-0.60,165342,3989219,251
2026-01-20,TWSE,6605,帝寶,160.50,165.50,158.50,163.00,2.50,1014339,165196634,2935
2026-01-20,TWSE,6606,建德工業,26.50,27.30,26.50,26.55,-0.25,225971,6048749,249
2026-01-20,TWSE,6614,資拓宏宇,48.45,48.50,48.05,48.25,-0.15,152781,7363299,137
2026-01-20,TWSE,6625,必應,87.50,88.40,87.00,88.00,0.30,250893,22061137,429
2026-01-20,TWSE,6641,基士德-KY,25.50,25.55,24.25,24.40,-0.75,303096,7522522,294
2026-01-20,TWSE,6645,金萬林-創,18.10,18.10,17.80,17.85,-0.15,25504,457322,41
2026-01-20,TWSE,6655,科定,120.50,121.00,120.00,121.00,1.00,10021,1209520,13
2026-01-20,TWSE,6657,華安,45.30,48.00,45.30,47.35,2.05,585213,27391085,480
2026-01-20,TWSE,6658,聯策,58.20,58.20,56.40,57.00,-0.20,142559,8120877,229
2026-01-20,TWSE,6666,羅麗芬-KY,44.50,44.55,43.90,44.20,-0.35,43620,1929238,43
2026-01-20,TWSE,6668,中揚光,39.40,39.40,38.55,38.65,-0.80,303314,11779752,275
2026-01-20,TWSE,6669,緯穎,3710.00,3765.00,3660.00,3670.00,-50.00,1938964,7179960600,20338
2026-01-20,TWSE,6670,復盛應用,277.50,278.00,275.00,278.00,1.00,251806,69662967,1253
2026-01-20,TWSE,6671,三能-KY,39.85,39.85,38.00,38.00,-2.40,70799,2745360,71
2026-01-20,TWSE,6672,騰輝電子-KY,99.90,100.00,98.40,98.50,-1.20,1464062,145287439,2025
2026-01-20,TWSE,6674,鋐寶科技,21.80,21.85,21.10,21.10,-0.85,116040,2468328,80
2026-01-20,TWSE,6689,伊雲谷,61.10,61.50,60.60,60.60,-0.20,164765,10059822,206
2026-01-20,TWSE,6691,洋基工程,589.00,602.00,585.00,600.00,11.00,691761,413457489,1251
2026-01-20,TWSE,6695,芯鼎,44.50,44.75,43.75,44.00,-0.50,309353,13672134,477
2026-01-20,TWSE,6698,旭暉應材,36.10,38.50,36.10,36.50,0.55,1605999,59748151,1170
2026-01-20,TWSE,6706,惠特,131.00,133.00,126.50,128.50,-4.50,9385193,1211681777,6808
2026-01-20,TWSE,6715,嘉基,107.00,108.00,104.50,106.00,-1.00,165358,17555593,412
2026-01-20,TWSE,6719,力智,183.50,195.50,183.50,191.50,6.50,1701658,327122510,2184
2026-01-20,TWSE,6722,輝創,44.50,45.50,44.30,44.40,0.20,472335,21123611,439
2026-01-20,TWSE,6742,澤米,46.60,47.60,46.60,46.80,-0.35,287640,13546334,313
2026-01-20,TWSE,6743,安普新,27.10,27.95,27.10,27.20,-0.10,135209,3707852,165
2026-01-20,TWSE,6753,龍德造船,140.00,147.00,139.50,147.00,13.00,4895534,711999663,3491
2026-01-20,TWSE,6754,匯僑設計,46.00,46.15,45.90,45.90,-0.70,44010,2025289,62
2026-01-20,TWSE,6756,威鋒電子,83.70,83.70,81.80,82.20,-1.60,161341,13283377,553
2026-01-20,TWSE,6757,台灣虎航,68.50,70.80,68.20,69.60,1.40,4165369,291283455,6181
2026-01-20,TWSE,6768,志強-KY,106.00,109.00,105.00,108.00,2.00,699040,75394151,598
2026-01-20,TWSE,6770,力積電,58.50,68.20,58.50,68.20,6.20,195267350,12614580821,93637
2026-01-20,TWSE,6771,平和環保-創,44.70,44.70,43.75,44.00,-0.80,127965,5643292,87
2026-01-20,TWSE,6776,展碁國際,60.60,60.60,59.00,59.50,-1.80,1036040,61690737,1945
2026-01-20,TWSE,6781,AES-KY,1200.00,1225.00,1185.00,1190.00,5.00,814626,981107300,2593
2026-01-20,TWSE,6782,視陽,177.00,179.00,176.00,176.50,-1.50,113709,20127047,484
2026-01-20,TWSE,6789,采鈺,271.00,276.00,268.50,269.50,-3.50,930531,252747224,4745
2026-01-20,TWSE,6790,永豐實,38.15,38.25,38.05,38.20,0.05,88740,3385545,94
2026-01-20,TWSE,6792,詠業,55.30,57.10,55.20,55.40,0.30,91343,5096230,87
2026-01-20,TWSE,6794,向榮生技,89.30,89.30,86.10,86.50,0.10,30544,2646956,36
2026-01-20,TWSE,6796,晉弘,89.70,89.80,88.30,88.30,-0.30,40923,3637851,149
2026-01-20,TWSE,6799,來頡,87.60,89.50,87.40,89.10,1.60,362251,32167496,428
2026-01-20,TWSE,6805,富世達,1280.00,1320.00,1275.00,1285.00,5.00,1170297,1514468390,2625
2026-01-20,TWSE,6806,森崴能源,53.90,54.00,50.00,51.30,-0.40,10824855,561703332,8265
2026-01-20,TWSE,6807,峰源-KY,45.95,45.95,45.90,45.95,0.00,4000,183750,4
2026-01-20,TWSE,6830,汎銓,180.00,187.00,180.00,186.00,4.00,627683,115973902,719
2026-01-20,TWSE,6831,邁科,241.50,252.50,241.50,248.00,6.00,522844,130092837,1072
2026-01-20,TWSE,6834,天二科技,34.50,34.75,33.50,33.90,-1.35,1627064,55297527,1525
2026-01-20,TWSE,6835,圓裕,40.70,41.30,39.35,39.35,-1.35,210318,8439892,160
2026-01-20,TWSE,6838,台新藥,29.95,30.05,29.30,29.35,-0.60,362743,10702016,329
2026-01-20,TWSE,6854,錼創科技-KY創,125.50,125.50,121.50,121.50,-3.50,561126,68791150,505
2026-01-20,TWSE,6861,睿生光電,68.40,68.80,67.10,67.20,-1.60,256102,17320416,619
2026-01-20,TWSE,6862,三集瑞-KY,197.00,205.50,195.00,199.00,12.00,3738875,756701694,3463
2026-01-20,TWSE,6863,永道-KY,121.00,124.00,120.00,122.00,1.00,162856,19965435,256
2026-01-20,TWSE,6869,雲豹能源,107.00,108.00,104.50,105.00,-4.00,1981634,209633763,2203
2026-01-20,TWSE,6873,泓德能源,124.00,124.00,117.50,120.50,-3.50,2786554,335166650,3262
2026-01-20,TWSE,6885,全福生技,28.45,28.50,28.00,28.00,-0.45,391704,11011253,259
2026-01-20,TWSE,6887,寶綠特-KY,61.00,61.70,60.00,60.50,-1.00,28000,1700300,25
2026-01-20,TWSE,6890,來億-KY,240.00,250.00,239.00,243.00,4.00,360323,88417387,936
2026-01-20,TWSE,6901,鑽石投資,17.80,17.85,17.45,17.50,-0.30,549714,9683815,374
2026-01-20,TWSE,6902,GOGOLOOK,75.80,77.40,75.00,76.80,-0.10,39188,2985989,48
2026-01-20,TWSE,6906,現觀科,79.70,86.30,79.70,86.30,7.80,189888,16228268,447
2026-01-20,TWSE,6909,創控,49.80,51.20,49.75,49.90,0.25,1359880,68521838,1066
2026-01-20,TWSE,6914,阜爾運通,144.00,145.00,144.00,144.00,-0.50,42646,6159414,107
2026-01-20,TWSE,6916,華凌,20.30,20.55,19.85,20.05,0.10,319232,6434669,247
2026-01-20,TWSE,6918,愛派司,81.10,82.00,80.90,80.90,-0.20,57646,4685072,58
2026-01-20,TWSE,6919,康霈*,164.00,169.50,162.50,163.00,-1.00,8585264,1423771607,13177
2026-01-20,TWSE,6921,嘉雨思-創,56.40,57.60,56.40,56.50,0.10,29000,1656400,22
2026-01-20,TWSE,6923,中台,99.80,102.50,99.60,101.50,2.10,638964,64770516,406
2026-01-20,TWSE,6924,榮惠-KY創,70.00,70.50,69.00,69.90,-0.10,103009,7196130,16
2026-01-20,TWSE,6928,攸泰科技,55.60,58.20,55.60,56.50,1.00,483595,27519578,533
2026-01-20,TWSE,6931,青松健康,59.80,61.80,57.00,57.90,-1.70,822021,48002259,590
2026-01-20,TWSE,6933,AMAX-KY,147.00,150.50,146.50,148.00,0.00,67330,10016465,215
2026-01-20,TWSE,6936,永鴻生技,35.75,35.95,35.45,35.45,-0.30,64294,2289099,134
2026-01-20,TWSE,6937,天虹,223.00,228.00,223.00,226.50,3.50,242049,54640817,1172
2026-01-20,TWSE,6944,兆聯實業,742.00,783.00,742.00,756.00,-3.00,1004402,770868792,2086
2026-01-20,TWSE,6949,沛爾生醫*-創,380.00,417.00,380.00,415.50,36.00,610436,246867427,1001
2026-01-20,TWSE,6951,青新-創,75.70,75.90,75.10,75.40,0.00,93243,7027314,118
2026-01-20,TWSE,6952,大武山,42.85,42.90,42.45,42.90,0.15,46114,1968556,46
2026-01-20,TWSE,6955,邦睿生技-創,157.50,162.00,157.50,159.50,0.50,15300,2447950,16
2026-01-20,TWSE,6957,裕慶-KY,190.00,190.00,185.50,188.50,-1.50,78724,14785151,114
2026-01-20,TWSE,6958,日盛台駿,15.15,15.50,15.05,15.45,0.20,71950,1108960,84
2026-01-20,TWSE,6958A,日盛台駿甲特,19.15,19.25,19.10,19.15,0.00,57030,1091273,36
2026-01-20,TWSE,6962,奕力-KY,38.90,39.25,38.30,38.85,0.10,2162161,84129592,1494
2026-01-20,TWSE,6965,中傑-KY,85.10,85.20,82.50,82.60,-1.90,297689,24885770,648
2026-01-20,TWSE,6969,成信實業*-創,35.30,35.90,33.00,33.00,-2.30,108010,3672820,62
2026-01-20,TWSE,6988,威力暘-創,15.90,16.50,15.90,16.50,0.50,52475,860641,27
2026-01-20,TWSE,6994,富威電力,96.00,96.00,92.70,93.80,-0.80,281302,26466382,490
2026-01-20,TWSE,7610,聯友金屬-創,192.50,210.00,191.00,204.00,9.00,1194739,239458452,5278
2026-01-20,TWSE,7631,聚賢研發-創,124.50,125.50,123.00,123.50,-1.00,24503,3041055,31
2026-01-20,TWSE,7705,三商餐飲,39.45,39.70,39.45,39.45,-0.05,41586,1643437,65
2026-01-20,TWSE,7711,永擎,240.00,240.00,232.50,235.50,-5.00,357727,84122838,741
2026-01-20,TWSE,7721,微程式,48.35,48.60,48.00,48.35,0.00,43402,2097504,47
2026-01-20,TWSE,7722,LINEPAY,495.00,497.00,478.00,478.00,-17.00,272929,133020770,2786
2026-01-20,TWSE,7730,暉盛-創,103.00,104.00,103.00,104.00,0.00,30661,3173583,34
2026-01-20,TWSE,7732,金興精密,39.00,39.00,38.10,38.95,0.00,9000,349950,5
2026-01-20,TWSE,7736,虎山,92.80,92.80,90.60,90.60,-1.40,67737,6191932,53
2026-01-20,TWSE,7740,熙特爾-創,177.50,178.00,174.00,174.00,-5.00,116162,20467570,420
2026-01-20,TWSE,7749,意騰-KY,430.00,436.00,427.00,428.50,-1.50,103197,44457413,242
2026-01-20,TWSE,7750,新代,850.00,870.00,850.00,865.00,12.00,114431,98753063,336
2026-01-20,TWSE,7765,中華資安,266.50,267.00,265.00,265.00,-2.00,55058,14642337,251
2026-01-20,TWSE,7769,鴻勁,3475.00,3550.00,3470.00,3495.00,-5.00,551280,1931216645,2140
2026-01-20,TWSE,7780,大研生醫*,22.35,22.35,22.35,22.35,2.00,8682281,194048926,1325
2026-01-20,TWSE,7786,東方風能,161.00,162.50,159.50,160.00,-1.00,230755,37090647,411
2026-01-20,TWSE,7788,松川精密,134.50,145.00,133.50,141.50,6.50,507725,71411979,543
2026-01-20,TWSE,7791,皇家可口,71.90,71.90,71.20,71.20,-0.40,84975,6065961,123
2026-01-20,TWSE,7795,長廣,314.00,349.00,305.00,337.50,9.00,2708574,888400547,4322
2026-01-20,TWSE,7799,禾榮科,450.00,454.50,431.00,445.50,1.00,560747,250175553,1645
2026-01-20,TWSE,8011,台通,22.80,22.95,22.40,22.45,-0.35,1579700,35830160,709
2026-01-20,TWSE,8016,矽創,188.50,193.00,188.50,191.50,1.50,619196,118553412,728
2026-01-20,TWSE,8021,尖點,220.50,238.00,219.50,225.00,6.00,28826790,6609052625,28291
2026-01-20,TWSE,8028,昇陽半導體,181.50,184.00,178.00,179.00,-3.00,6014776,1083218714,7521
2026-01-20,TWSE,8033,雷虎,149.00,151.50,149.00,151.50,6.50,1204886,181889017,1223
2026-01-20,TWSE,8039,台虹,88.80,94.80,86.90,91.50,3.00,28063807,2578579874,24938
2026-01-20,TWSE,8045,達運光電,75.00,75.00,73.30,73.30,-0.60,132142,9764940,131
2026-01-20,TWSE,8046,南電,312.00,349.50,311.50,341.50,23.50,60258946,20254225006,49503
2026-01-20,TWSE,8070,長華*,46.85,48.40,46.35,48.05,1.10,6788265,322040670,6647
2026-01-20,TWSE,8072,陞泰,32.35,33.20,32.35,32.80,0.10,657285,21668958,466
2026-01-20,TWSE,8081,致新,221.50,226.50,219.00,225.50,3.50,574853,128964350,1090
2026-01-20,TWSE,8101,華冠,15.65,15.65,15.60,15.65,-0.35,14313,223085,32
2026-01-20,TWSE,8103,瀚荃,99.00,100.00,95.70,98.40,-0.10,4590052,449371627,11826
2026-01-20,TWSE,8104,錸寶,38.55,38.55,37.05,37.35,-1.10,2456418,92350630,2468
2026-01-20,TWSE,8105,凌巨,14.80,14.80,14.25,14.40,-0.45,5986750,86298082,2607
2026-01-20,TWSE,8110,華東,83.00,88.00,81.00,85.00,-3.00,88655408,7499930051,60609
2026-01-20,TWSE,8112,至上,78.20,78.20,74.80,76.40,-5.70,41924222,3209765809,43877
2026-01-20,TWSE,8112A,至上甲特,44.65,44.65,44.60,44.65,0.00,22624,1009738,40
2026-01-20,TWSE,8114,振樺電,204.00,204.00,197.00,200.00,-6.50,1713648,342841550,2282
2026-01-20,TWSE,8131,福懋科,73.90,75.10,69.00,73.20,-3.20,38895147,2824484369,23647
2026-01-20,TWSE,8150,南茂,69.70,72.90,67.60,71.70,0.90,91275575,6428882360,52588
2026-01-20,TWSE,8162,微矽電子-創,36.00,36.45,35.35,35.40,-0.50,89004,3208340,67
2026-01-20,TWSE,8163,達方,32.30,32.55,32.00,32.30,0.05,799100,25816075,781
2026-01-20,TWSE,8201,無敵,14.20,14.40,14.15,14.35,0.20,160169,2287577,108
2026-01-20,TWSE,8210,勤誠,903.00,911.00,892.00,900.00,-3.00,1386306,1248474789,4751
2026-01-20,TWSE,8213,志超,34.50,35.30,34.25,35.15,0.65,805040,28222352,555
2026-01-20,TWSE,8215,明基材,21.45,21.45,21.00,21.00,-0.50,782810,16600977,699
2026-01-20,TWSE,8222,寶一,44.15,45.50,43.75,43.75,0.45,2368204,105380258,2128
2026-01-20,TWSE,8249,菱光,53.80,58.90,53.30,58.90,5.30,7577073,435581309,5621
2026-01-20,TWSE,8261,富鼎,93.30,97.10,91.90,96.70,1.90,4069175,388871850,5679
2026-01-20,TWSE,8271,宇瞻,125.50,130.00,124.00,129.50,-2.00,7847690,997510049,6762
2026-01-20,TWSE,8341,日友,81.60,82.00,80.00,80.80,-0.80,567776,45972468,1213
2026-01-20,TWSE,8367,建新國際,43.30,43.30,42.85,42.85,-0.45,83145,3567532,79
2026-01-20,TWSE,8374,羅昇,87.50,88.70,86.50,86.70,-1.20,445795,38907311,768
2026-01-20,TWSE,8404,百和興業-KY,24.25,24.40,24.15,24.15,-0.10,488516,11839454,342
2026-01-20,TWSE,8411,福貞-KY,11.95,12.00,11.90,12.00,0.00,103107,1230553,121
2026-01-20,TWSE,8422,可寧衛*,45.00,46.55,41.40,42.35,-2.65,286278221,12631282599,153087
2026-01-20,TWSE,8429,金麗-KY,7.60,7.63,7.52,7.54,-0.07,484442,3662928,383
2026-01-20,TWSE,8438,昶昕,60.10,62.70,60.10,62.00,-0.70,330434,20334826,245
2026-01-20,TWSE,8442,威宏-KY,70.50,70.50,70.00,70.30,-0.20,57933,4075086,61
2026-01-20,TWSE,8443,阿瘦,11.45,11.50,11.40,11.50,0.05,13547,154818,74
2026-01-20,TWSE,8454,富邦媒,198.50,199.00,196.00,196.00,-2.50,517556,102123390,3039
2026-01-20,TWSE,8462,柏文,151.00,151.00,149.00,149.50,-1.50,165804,24879212,706
2026-01-20,TWSE,8463,潤泰材,27.00,27.40,27.00,27.05,0.05,67155,1823711,47
2026-01-20,TWSE,8464,億豐,417.00,429.50,417.00,428.00,9.00,515386,218655692,653
2026-01-20,TWSE,8466,美吉吉-KY,24.05,24.05,23.65,23.75,0.05,25223,599014,38
2026-01-20,TWSE,8467,波力-KY,186.50,191.00,186.00,191.00,2.00,83301,15673369,120
2026-01-20,TWSE,8473,山林水,41.00,41.00,40.05,40.50,-1.15,1692228,68530277,1697
2026-01-20,TWSE,8476,台境*,23.70,25.00,22.95,23.20,-1.10,6855466,163098199,4168
2026-01-20,TWSE,8478,東哥遊艇,195.00,196.50,192.50,192.50,-2.00,169233,32854066,1579
2026-01-20,TWSE,8481,政伸,42.80,42.80,42.30,42.80,0.20,51159,2181510,93
2026-01-20,TWSE,8482,商億-KY,49.10,49.70,49.10,49.70,0.10,10045,497227,11
2026-01-20,TWSE,8487,愛爾達-創,80.70,81.00,80.60,80.70,-0.30,5150,416189,28
2026-01-20,TWSE,8488,吉源-KY,,,,,0.00,2,19,1
2026-01-20,TWSE,8499,鼎炫-KY,294.00,309.00,294.00,302.50,9.50,207017,62579966,316
2026-01-20,TWSE,8926,台汽電,43.30,43.50,42.90,43.05,-0.15,964310,41653035,815
2026-01-20,TWSE,8940,新天地,20.90,21.20,20.65,20.70,-0.15,53712,1117419,132
2026-01-20,TWSE,8996,高力,700.00,727.00,697.00,727.00,18.00,595548,427645436,1011
2026-01-20,TWSE,9103,美德醫療-DR,4.66,4.66,4.60,4.61,-0.05,293756,1359961,142
2026-01-20,TWSE,910322,康師傅-DR,23.70,24.00,23.70,23.95,0.20,25280,605390,36
2026-01-20,TWSE,9105,泰金寶-DR,6.64,6.64,6.50,6.52,-0.11,33017452,217029875,6427
2026-01-20,TWSE,910861,神州-DR,5.44,5.64,5.44,5.57,-0.12,76500,422875,38
2026-01-20,TWSE,9110,越南控-DR,3.00,3.09,3.00,3.09,0.00,3000,9170,3
2026-01-20,TWSE,911608,明輝-DR,2.81,2.81,2.71,2.74,0.02,23000,63100,15
2026-01-20,TWSE,911622,泰聚亨-DR,3.81,3.99,3.79,3.95,0.13,2620006,10444252,33
2026-01-20,TWSE,911868,同方友友-DR,1.35,1.35,1.32,1.33,-0.02,381000,507610,54
2026-01-20,TWSE,912000,晨訊科-DR,2.69,2.69,2.65,2.67,-0.01,1048994,2799630,151
2026-01-20,TWSE,9136,巨騰-DR,9.03,9.08,8.15,8.23,-0.82,1471873,12484871,637
2026-01-20,TWSE,9802,鈺齊-KY,99.70,100.50,98.60,98.80,-0.90,1655209,163932708,1697
2026-01-20,TWSE,9902,台火,17.70,17.95,17.50,17.85,0.20,703748,12517369,419
2026-01-20,TWSE,9904,寶成,31.40,31.65,31.35,31.40,-0.05,6830462,215032684,3338
2026-01-20,TWSE,9905,大華,20.05,20.15,20.00,20.05,0.00,118301,2374280,93
2026-01-20,TWSE,9906,欣巴巴,47.45,48.50,46.00,47.50,0.00,170288,8046053,220
2026-01-20,TWSE,9907,統一實,18.75,18.85,18.60,18.60,-0.20,2012510,37610513,814
2026-01-20,TWSE,9908,大台北,29.80,30.00,29.80,29.85,0.00,116191,3470975,100
2026-01-20,TWSE,9910,豐泰,101.00,102.50,98.60,100.00,-1.50,2824888,283577966,1961
2026-01-20,TWSE,9911,櫻花,84.30,84.70,84.10,84.20,-0.30,131958,11150067,261
2026-01-20,TWSE,9912,偉聯,12.10,12.10,11.90,12.00,0.00,59516,714150,87
2026-01-20,TWSE,9914,美利達,91.80,94.10,89.80,89.90,-2.40,3823871,348923665,5119
2026-01-20,TWSE,9917,中保科,108.50,109.50,108.00,108.00,-1.00,576673,62591231,699
2026-01-20,TWSE,9918,欣天然,39.20,39.60,39.20,39.60,0.05,13112,517645,44
2026-01-20,TWSE,9919,康那香,16.25,16.40,16.25,16.25,-0.15,388233,6327582,295
2026-01-20,TWSE,9921,巨大,96.80,98.00,95.60,96.00,-0.40,2336254,225213856,2825
2026-01-20,TWSE,9924,福興,50.30,50.40,49.80,49.85,-0.45,89020,4455634,1326
2026-01-20,TWSE,9925,新保,40.80,40.90,40.70,40.70,-0.10,185779,7573298,182
2026-01-20,TWSE,9926,新海,49.20,49.80,49.15,49.30,0.00,21312,1054809,20
2026-01-20,TWSE,9927,泰銘,71.40,71.40,71.00,71.10,-0.40,88613,6301826,169
2026-01-20,TWSE,9928,中視,18.25,18.35,18.20,18.20,-0.05,43691,797318,39
2026-01-20,TWSE,9929,秋雨,10.45,10.60,10.30,10.60,0.00,7853,82235,13
2026-01-20,TWSE,9930,中聯資源,70.90,71.30,70.80,71.00,-0.30,44987,3195884,88
2026-01-20,TWSE,9931,欣高,34.00,34.00,33.90,33.90,-0.10,19130,650261,19
2026-01-20,TWSE,9933,中鼎,33.50,33.90,33.00,33.05,-0.45,3933245,131384304,3544
2026-01-20,TWSE,9934,成霖,10.85,11.10,10.60,10.80,0.00,4490836,48844827,1972
2026-01-20,TWSE,9935,慶豐富,20.85,21.30,20.80,20.80,0.00,346333,7260870,257
2026-01-20,TWSE,9937,全國,58.00,59.00,57.60,59.00,0.60,95029,5585070,98
2026-01-20,TWSE,9938,百和,53.60,53.70,53.00,53.20,-0.20,752577,40179960,578
2026-01-20,TWSE,9939,宏全,118.00,118.50,117.00,117.50,-1.00,771968,90878331,972
2026-01-20,TWSE,9940,信義,22.45,22.50,22.15,22.40,-0.10,621480,13882678,468
2026-01-20,TWSE,9941,裕融,78.30,79.20,77.50,79.00,0.40,2503379,196056327,3061
2026-01-20,TWSE,9941A,裕融甲特,50.30,50.30,50.30,50.30,0.00,15000,754500,7
2026-01-20,TWSE,9942,茂順,112.00,113.00,110.50,111.50,-0.50,154918,17268869,175
2026-01-20,TWSE,9943,好樂迪,60.20,60.20,59.50,59.70,-0.50,184157,11020061,302
2026-01-20,TWSE,9944,新麗,16.80,16.90,16.70,16.90,0.05,72283,1215663,79
2026-01-20,TWSE,9945,潤泰新,29.75,29.75,29.50,29.50,-0.25,4522486,133828521,2883
2026-01-20,TWSE,9946,三發地產,17.95,18.00,17.75,17.80,-0.15,269103,4807152,176
2026-01-20,TWSE,9955,佳龍,34.60,36.90,34.35,36.15,1.05,5262627,190041322,3721
2026-01-20,TWSE,9958,世紀鋼,145.50,145.50,140.50,140.50,-5.00,1825240,258557206,1923
2026-01-20,TPEx,006201,元大富櫃50,27.73,28.25,27.67,28.17,+0.35,165695,4644820,136
2026-01-20,TPEx,00679B,元大美債20年,27.22,27.29,27.20,27.24,+0.05,46419959,1264914885,5253
2026-01-20,TPEx,00687B,國泰20年美債,28.25,28.35,28.25,28.30,+0.05,38405735,1087423913,3801
2026-01-20,TPEx,00687C,國泰20年美債+櫃U,9.35,9.36,9.35,9.36,-0.01,25400,237494,4
2026-01-20,TPEx,00694B,富邦美債1-3,41.50,41.70,41.50,41.70,,779586,32453936,63
2026-01-20,TPEx,00695B,富邦美債7-10,35.40,35.51,35.40,35.48,,175389,6224357,26
2026-01-20,TPEx,00696B,富邦美債20年,29.35,29.43,29.33,29.37,,4023173,118172077,314
2026-01-20,TPEx,00697B,元大美債7-10,35.93,36.03,35.93,36.02,+0.11,624816,22488033,197
2026-01-20,TPEx,00719B,元大美債1-3,31.26,31.36,31.26,31.35,+0.13,1887668,59166549,454
2026-01-20,TPEx,00720B,元大投資級公司債,33.81,33.93,33.81,33.88,+0.07,5317232,180182139,1248
2026-01-20,TPEx,00722B,群益投資級電信債,36.73,36.73,36.60,36.61,,2950533,108005499,475
2026-01-20,TPEx,00723B,群益投資級科技債,31.34,31.34,31.30,31.30,,126546,3961532,15
2026-01-20,TPEx,00724B,群益投資級金融債,34.40,34.43,34.36,34.38,,4003253,137748077,299
2026-01-20,TPEx,00725B,國泰投資級公司債,35.54,35.54,35.41,35.44,,6648001,235710171,1749
2026-01-20,TPEx,00726B,國泰新興投等債,33.75,33.87,33.75,33.87,+0.12,179201,6063730,116
2026-01-20,TPEx,00727B,國泰優選非投等債,40.01,40.04,39.98,40.04,,151581,6067307,14
2026-01-20,TPEx,00734B,台新JPM新興債,15.91,15.91,15.91,15.91,+0.07,1190,18933,5
2026-01-20,TPEx,00740B,富邦全球投等債,39.26,39.29,39.24,39.25,,1740952,68347091,259
2026-01-20,TPEx,00741B,富邦全球非投等債,37.76,37.90,37.76,37.84,,116666,4414627,29
2026-01-20,TPEx,00746B,富邦A級公司債,35.57,36.03,35.57,36.01,,790253,28456075,87
2026-01-20,TPEx,00749B,凱基新興債10+,31.80,31.80,31.80,31.80,,100235,3187528,9
2026-01-20,TPEx,00750B,凱基科技債10+,33.58,33.58,33.58,33.58,,100102,3361454,6
2026-01-20,TPEx,00751B,元大AAA至A公司債,32.20,32.34,32.20,32.28,+0.08,5133214,165775794,1354
2026-01-20,TPEx,00754B,群益AAA-AA公司債,34.40,34.42,34.40,34.41,+0.09,103924,3576434,15
2026-01-20,TPEx,00755B,群益投資級公用債,33.53,33.53,33.48,33.48,+0.07,111001,3717295,100
2026-01-20,TPEx,00756B,群益投等新興公債,32.11,32.13,32.09,32.09,+0.07,133959,4300659,85
2026-01-20,TPEx,00758B,復華能源債,52.00,52.00,52.00,52.00,+0.15,100000,5200000,2
2026-01-20,TPEx,00759B,復華製藥債,55.55,55.55,55.55,55.55,+0.10,100020,5556124,5
2026-01-20,TPEx,00760B,復華新興企業債,55.45,55.60,55.45,55.55,+0.35,120743,6705402,16
2026-01-20,TPEx,00761B,國泰A級公司債,35.16,35.29,35.16,35.23,+0.07,175073,6168492,96
2026-01-20,TPEx,00764B,群益25年美債,28.24,28.34,28.24,28.28,+0.04,6972137,197337885,259
2026-01-20,TPEx,00768B,復華20年美債,51.70,51.80,51.70,51.70,+0.05,1458473,75512696,110
2026-01-20,TPEx,00772B,中信高評級公司債,34.18,34.31,34.17,34.27,+0.07,3780266,129572972,683
2026-01-20,TPEx,00773B,中信優先金融債,36.56,36.67,36.54,36.62,+0.06,1407862,51572684,219
2026-01-20,TPEx,00777B,凱基AAA至A公司債,33.24,33.24,33.24,33.24,,100000,3324000,4
2026-01-20,TPEx,00778B,凱基金融債20+,35.32,35.32,35.32,35.32,,100000,3532000,4
2026-01-20,TPEx,00779B,凱基美債25+,28.66,28.66,28.63,28.64,+0.06,312000,8941690,7
2026-01-20,TPEx,00780B,國泰A級金融債,38.01,38.10,38.01,38.09,+0.15,107782,4105196,10
2026-01-20,TPEx,00781B,國泰A級科技債,29.47,29.47,29.41,29.44,+0.06,158406,4662276,19
2026-01-20,TPEx,00782B,國泰A級公用債,31.00,31.05,30.99,31.00,,272125,8442505,45
2026-01-20,TPEx,00785B,富邦金融投等債,35.00,35.61,35.00,35.58,,117029,4163691,10
2026-01-20,TPEx,00786B,元大10年IG銀行債,33.49,33.54,33.49,33.53,+0.08,14149,474223,13
2026-01-20,TPEx,00787B,元大10年IG醫療債,33.00,33.08,33.00,33.01,+0.01,17087,564524,12
2026-01-20,TPEx,00788B,元大10年IG電能債,30.68,30.73,30.68,30.70,+0.04,18694,574096,19
2026-01-20,TPEx,00789B,復華公司債A3,49.22,49.22,49.22,49.22,,100002,4922096,6
2026-01-20,TPEx,00791B,復華信用債1-5,56.80,56.80,56.80,56.80,,100127,5687226,5
2026-01-20,TPEx,00792B,群益A級公司債,32.30,32.36,32.30,32.32,+0.09,120015,3880445,11
2026-01-20,TPEx,00793B,群益AAA-A醫療債,31.36,31.36,31.36,31.36,+0.10,100384,3148003,13
2026-01-20,TPEx,00795B,中信美國公債20年,27.39,27.48,27.38,27.43,+0.04,15983303,438610228,1022
2026-01-20,TPEx,00799B,國泰A級醫療債,30.53,30.53,30.46,30.48,+0.02,295687,9017614,65
2026-01-20,TPEx,00834B,第一金金融債10+,35.19,35.19,35.19,35.19,+0.08,100036,3520316,7
2026-01-20,TPEx,00836B,永豐10年A公司債,29.35,29.36,29.35,29.35,+0.11,299020,8777235,8
2026-01-20,TPEx,00840B,凱基IG精選15+,30.63,30.63,30.63,30.63,,100031,3063951,3
2026-01-20,TPEx,00841B,凱基AAA-AA公司債,29.90,29.90,29.90,29.90,+0.09,100003,2990093,3
2026-01-20,TPEx,00842B,台新美元銀行債,31.72,31.72,31.68,31.68,-0.03,111324,3529193,34
2026-01-20,TPEx,00844B,新光15年IG金融債,32.56,32.56,32.56,32.56,+0.08,80000,2604800,2
2026-01-20,TPEx,00845B,富邦新興投等債,34.12,34.18,34.12,34.15,+0.10,126000,4302180,4
2026-01-20,TPEx,00846B,富邦歐洲銀行債,36.08,36.73,36.08,36.73,+0.09,121697,4468768,15
2026-01-20,TPEx,00847B,中信美國市政債,26.16,26.16,26.15,26.16,-0.01,311000,8135660,8
2026-01-20,TPEx,00848B,中信新興亞洲債,34.63,34.70,34.63,34.69,+0.08,310100,10757862,12
2026-01-20,TPEx,00849B,中信EM主權債0-5,37.24,37.34,37.24,37.34,+0.18,319963,11941761,14
2026-01-20,TPEx,00853B,統一美債10年Aa-A,28.15,28.25,28.15,28.21,+0.06,1517453,42822525,115
2026-01-20,TPEx,00856B,永豐1-3年美公債,37.73,37.75,37.73,37.75,+0.15,14861,560852,6
2026-01-20,TPEx,00857B,永豐20年美公債,23.52,23.60,23.52,23.56,+0.04,2231785,52626256,275
2026-01-20,TPEx,00858,永豐美國500大,33.00,33.01,32.84,32.98,,2109576,69494371,1783
2026-01-20,TPEx,00859B,群益0-1年美債,41.16,41.26,41.15,41.24,+0.19,2550966,105217271,110
2026-01-20,TPEx,00860B,群益1-5Y投資級債,38.43,38.45,38.41,38.42,+0.08,107971,4147842,14
2026-01-20,TPEx,00862B,中信投資級公司債,32.20,32.27,32.20,32.23,+0.09,335111,10806272,76
2026-01-20,TPEx,00863B,中信全球電信債,32.55,32.64,32.55,32.62,+0.11,305001,9951782,8
2026-01-20,TPEx,00864B,中信美國公債0-1,46.40,46.54,46.40,46.54,+0.22,1232018,57307343,170
2026-01-20,TPEx,00867B,新光A-BBB電信債,31.92,31.92,31.68,31.68,-0.17,83024,2649803,6
2026-01-20,TPEx,00870B,元大15年EM主權債,29.22,29.28,29.22,29.23,+0.10,62038,1813422,10
2026-01-20,TPEx,00877,復華中國5G,27.30,27.30,26.46,26.53,-0.77,5433215,145277692,2399
2026-01-20,TPEx,00883B,中信ESG投資級債,31.20,31.24,31.20,31.22,+0.06,307879,9614804,72
2026-01-20,TPEx,00884B,中信低碳新興債,29.89,30.00,29.89,29.93,+0.02,303356,9096470,12
2026-01-20,TPEx,00886,永豐美國科技,37.18,37.22,37.10,37.10,-0.14,20458,760454,18
2026-01-20,TPEx,00887,永豐中國科技50大,13.15,13.20,12.99,13.03,-0.12,9699372,126585942,2063
2026-01-20,TPEx,00888,永豐台灣ESG,22.30,22.50,21.91,22.35,,1639353,36576657,838
2026-01-20,TPEx,00890B,凱基ESG BBB債15+,32.84,32.84,32.83,32.83,,312030,10244053,9
2026-01-20,TPEx,00928,中信上櫃ESG 30,20.60,21.00,20.60,20.98,+0.16,507447,10617304,338
2026-01-20,TPEx,00931B,統一美債20年,13.64,13.67,13.62,13.63,,4458880,60831660,674
2026-01-20,TPEx,00933B,國泰10Y+金融債,16.40,16.42,16.38,16.39,,9322780,152876591,1698
2026-01-20,TPEx,00937B,群益ESG投等債20+,15.09,15.12,15.08,15.12,,70774051,1069217392,6663
2026-01-20,TPEx,00942B,台新美A公司債20+,14.56,14.60,14.55,14.59,+0.02,1379893,20122943,203
2026-01-20,TPEx,00948B,中信優息投資級債,9.60,9.62,9.59,9.60,+0.01,6737556,64716294,557
2026-01-20,TPEx,00950B,凱基A級公司債,14.29,14.35,14.29,14.34,+0.03,7497297,107457987,455
2026-01-20,TPEx,00955,中信日本商社,14.38,14.39,14.29,14.34,-0.06,15798990,226524450,4940
2026-01-20,TPEx,00957B,兆豐US優選投等債,13.73,13.83,13.73,13.80,+0.02,769793,10619611,203
2026-01-20,TPEx,00958B,永豐ESG銀行債15+,9.53,9.53,9.49,9.50,,1376471,13085454,58
2026-01-20,TPEx,00959B,大華投等美債15Y+,9.54,9.58,9.54,9.56,+0.02,2572290,24615645,214
2026-01-20,TPEx,00966B,統一ESG投等債15+,14.16,14.21,14.16,14.18,+0.02,1616186,22947824,84
2026-01-20,TPEx,00967B,元大優息美債,9.26,9.32,9.26,9.31,+0.02,933286,8668692,100
2026-01-20,TPEx,00968B,元大優息投等債,9.38,9.45,9.38,9.43,+0.02,1654858,15601442,185
2026-01-20,TPEx,00969B,元大零息超長美債,8.43,8.45,8.41,8.43,-0.01,934294,7873811,76
2026-01-20,TPEx,00970B,新光BBB投等債20+,9.48,9.51,9.48,9.50,+0.01,2175611,20681303,161
2026-01-20,TPEx,009806,台新標普500,12.07,12.08,12.07,12.08,+0.02,59961,724342,35
2026-01-20,TPEx,009807,台新標普科技精選,13.03,13.08,13.03,13.07,+0.04,53740,702422,24
2026-01-20,TPEx,00980B,台新特選IG債10+,9.58,9.61,9.58,9.60,+0.02,1005164,9652487,40
2026-01-20,TPEx,00980D,主動聯博投等入息,20.85,20.95,20.85,20.86,+0.01,1012516,21147142,175
2026-01-20,TPEx,00980T,平衡凱基美國TOP,10.71,10.77,10.71,10.76,+0.04,1585668,17037734,221
2026-01-20,TPEx,009814,富邦標普500,10.13,10.15,10.12,10.13,0.00,4084745,41417465,715
2026-01-20,TPEx,00981B,第一金優選非投債,9.47,9.51,9.47,9.51,+0.05,15410966,146329416,952
2026-01-20,TPEx,00981D,主動中信非投等債,10.55,10.58,10.55,10.57,+0.02,8448025,89284743,819
2026-01-20,TPEx,00982B,FT投資級債20+,10.04,10.04,10.03,10.04,,74309,745989,19
2026-01-20,TPEx,00983B,大華優利美公債20,16.07,16.10,16.06,16.08,+0.02,1150901,18500211,60
2026-01-20,TPEx,00984B,大華優利美A債15,16.87,16.89,16.86,16.88,+0.03,2808733,47409574,526
2026-01-20,TPEx,00986B,FT金融債10+,10.17,10.21,10.17,10.20,+0.03,1168100,11911385,38
2026-01-20,TPEx,020001,富邦存股雙十N,17.37,17.37,17.37,17.37,+0.14,1000,17370,1
2026-01-20,TPEx,020025,統一亞洲半導體N,20.65,20.74,20.61,20.74,-0.11,50000,1035110,6
2026-01-20,TPEx,020027,元大上櫃ESG成長N,7.12,7.24,7.12,7.21,-0.06,16000,115030,9
2026-01-20,TPEx,020033,統一恒生科期N,4.59,4.62,4.56,4.58,-0.03,77000,353630,15
2026-01-20,TPEx,020035,元大上櫃ESG高息N,10.33,10.67,10.33,10.67,+0.10,14000,147270,10
2026-01-20,TPEx,020040,元大上櫃ESG龍頭N,7.98,8.06,7.98,8.06,-0.09,9000,72100,4
2026-01-20,TPEx,020041,兆豐半導體氣候N,,,,,,0,0,0
2026-01-20,TPEx,1240,茂生農經,60.00,60.20,59.90,59.90,-0.10,31122,1869185,64
2026-01-20,TPEx,1259,安心,61.30,61.60,61.30,61.60,-0.40,6007,368624,9
2026-01-20,TPEx,1264,德麥,280.00,280.50,280.00,280.50,+0.50,5557,1560464,148
2026-01-20,TPEx,1268,漢來美食,162.50,163.00,161.50,162.50,0.00,69526,11277886,86
2026-01-20,TPEx,1294,漢田生技,77.80,77.80,77.00,77.50,-1.00,76110,5892913,122
2026-01-20,TPEx,1295,生合,83.90,88.00,83.80,87.30,+2.90,165657,14325567,212
2026-01-20,TPEx,1336,台翰,16.35,17.60,16.25,16.95,+0.65,858996,14656977,587
2026-01-20,TPEx,1565,精華,118.00,118.00,116.50,116.50,-1.00,167728,19610775,246
2026-01-20,TPEx,1569,濱川,52.90,53.30,51.60,51.80,-0.60,768084,40097999,697
2026-01-20,TPEx,1570,力肯,30.15,30.20,30.00,30.05,-0.10,63650,1916109,110
2026-01-20,TPEx,1580,新麥,132.50,132.50,132.00,132.00,-0.50,47541,6295555,141
2026-01-20,TPEx,1584,精剛,24.20,25.00,24.15,24.15,0.00,1276270,31211328,819
2026-01-20,TPEx,1586,和勤,28.20,29.00,27.85,27.95,-0.45,924765,26259258,652
2026-01-20,TPEx,1591,駿吉-KY,49.60,50.40,49.15,49.90,0.00,150701,7522835,165
2026-01-20,TPEx,1593,祺驊,30.40,30.80,30.30,30.30,-0.60,18309,556786,32
2026-01-20,TPEx,1595,川寶,40.60,40.60,39.60,40.10,-0.45,134280,5385114,334
2026-01-20,TPEx,1599,宏佳騰,27.55,27.65,27.10,27.30,-0.40,34991,958008,121
2026-01-20,TPEx,1742,台蠟,15.50,15.65,15.50,15.60,-0.05,71003,1107745,24
2026-01-20,TPEx,1777,生泰,72.70,72.70,72.10,72.50,-0.10,32110,2323536,60
2026-01-20,TPEx,1781,合世,12.05,12.10,11.90,12.05,0.00,86150,1031566,63
2026-01-20,TPEx,1784,訊聯,108.50,110.00,107.50,109.00,0.00,273052,29663139,1011
2026-01-20,TPEx,1785,光洋科,64.20,64.60,63.30,63.40,-0.40,5885238,374980980,6460
2026-01-20,TPEx,1788,杏昌,136.00,136.50,136.00,136.50,0.00,45282,6165039,140
2026-01-20,TPEx,1796,金穎生技,45.80,46.00,45.70,45.75,-0.10,24444,1121288,34
2026-01-20,TPEx,1799,易威,35.00,35.00,33.70,33.85,-0.85,127854,4371028,259
2026-01-20,TPEx,1813,寶利徠,13.75,14.10,13.50,13.55,-0.10,55956,774312,112
2026-01-20,TPEx,1815,富喬,109.00,117.50,105.50,109.00,+0.50,267648021,29997090928,130581
2026-01-20,TPEx,2035,唐榮,28.40,28.60,28.00,28.00,-0.40,32534,921454,30
2026-01-20,TPEx,2061,風青,18.50,18.50,18.30,18.35,0.00,40012,736120,31
2026-01-20,TPEx,2063,世鎧,29.25,29.25,28.40,28.40,-1.05,151788,4350284,139
2026-01-20,TPEx,2064,晉椿,12.25,13.00,12.10,12.10,+0.05,95785,1198061,125
2026-01-20,TPEx,2065,世豐,36.15,37.15,36.10,36.20,+0.10,549843,20047168,853
2026-01-20,TPEx,2066,世德,61.50,63.40,59.00,60.80,+1.10,528889,32280120,656
2026-01-20,TPEx,2067,嘉鋼,10.10,10.60,10.10,10.35,-0.05,110797,1153282,92
2026-01-20,TPEx,2070,精湛,46.30,47.00,45.80,46.10,-0.30,199052,9199347,190
2026-01-20,TPEx,2073,雄順,26.15,26.15,26.15,26.15,-0.50,1000,26150,1
2026-01-20,TPEx,2221,大甲,30.90,31.15,30.90,31.00,+0.15,35530,1101603,51
2026-01-20,TPEx,2230,泰茂,89.40,90.30,89.40,90.20,-0.20,210702,18940728,215
2026-01-20,TPEx,2235,謚源,34.50,36.50,34.50,34.65,-0.70,4000,141350,4
2026-01-20,TPEx,2596,綠意,36.10,36.55,35.90,35.90,-0.70,48058,1735939,44
2026-01-20,TPEx,2640,大車隊,127.50,127.50,125.50,127.50,-0.50,104188,13195796,803
2026-01-20,TPEx,2641,正德,21.00,21.20,20.75,20.75,-0.05,3817207,79860860,1771
2026-01-20,TPEx,2643,捷迅,72.00,72.50,71.70,72.20,+0.20,28259,2035871,33
2026-01-20,TPEx,2718,全心投控,52.40,52.40,52.00,52.10,-0.50,18781,978622,60
2026-01-20,TPEx,2719,燦星旅,29.50,30.10,29.50,29.70,-0.15,22362,662566,26
2026-01-20,TPEx,2724,藝舍-KY,,,,,,0,0,0
2026-01-20,TPEx,2726,雅茗-KY,12.65,12.65,12.40,12.45,-0.20,57000,713150,41
2026-01-20,TPEx,2729,瓦城,174.50,176.00,174.50,175.50,+1.00,7372,1290594,45
2026-01-20,TPEx,2732,六角,68.30,68.30,67.80,67.90,-0.60,49278,3350806,91
2026-01-20,TPEx,2734,易飛網,18.20,18.35,18.05,18.20,-0.05,116042,2113959,121
2026-01-20,TPEx,2736,富野,14.45,14.55,14.35,14.50,0.00,76253,1100601,74
2026-01-20,TPEx,2740,天蔥,29.35,32.20,29.35,29.85,+0.45,43462,1319187,47
2026-01-20,TPEx,2743,山富,81.80,82.70,81.60,81.70,+0.30,116390,9558003,1046
2026-01-20,TPEx,2745,五福,108.00,110.00,108.00,108.50,+0.50,141396,15411169,169
2026-01-20,TPEx,2751,王座,62.20,62.20,61.80,62.00,+0.20,12251,759451,17
2026-01-20,TPEx,2752,豆府,210.50,210.50,210.00,210.50,+1.00,11871,2495309,34
2026-01-20,TPEx,2754,亞洲藏壽司,80.80,80.80,79.50,80.00,-1.00,57745,4616365,156
2026-01-20,TPEx,2755,揚秦,116.50,118.50,116.50,117.50,+1.00,40124,4697353,78
2026-01-20,TPEx,2756,聯發國際,80.30,81.30,80.00,80.00,-1.40,50799,4079944,56
2026-01-20,TPEx,2916,滿心,46.75,46.80,46.50,46.70,+0.05,79628,3710048,75
2026-01-20,TPEx,2924,宏太-KY,19.90,19.95,18.90,19.55,-0.20,14064,269566,72
2026-01-20,TPEx,2926,誠品生活,39.30,39.30,39.20,39.30,0.00,20150,791550,14
2026-01-20,TPEx,2937,集雅社,43.90,43.90,43.80,43.80,-0.20,21748,952554,14
2026-01-20,TPEx,2941,米斯特,,,,,,5,216,4
2026-01-20,TPEx,2947,振宇五金,81.10,83.00,81.10,83.00,+0.40,50150,4100435,36
2026-01-20,TPEx,2948,寶陞,38.35,38.35,38.35,38.35,+0.05,2100,80575,2
2026-01-20,TPEx,2949,欣新網,66.00,66.40,66.00,66.40,-0.20,3105,205380,4
2026-01-20,TPEx,3064,泰偉,46.95,46.95,46.95,46.95,+1.00,1021,47914,2
2026-01-20,TPEx,3066,李洲,15.70,15.70,15.25,15.45,-0.25,179439,2767474,121
2026-01-20,TPEx,3067,全域,18.50,18.50,17.60,18.40,+0.10,12000,217000,11
2026-01-20,TPEx,3071,協禧,24.35,25.15,24.25,24.80,+0.60,618241,15330466,500
2026-01-20,TPEx,3073,天方能源,34.80,35.35,34.20,34.90,-0.90,366391,12743389,440
2026-01-20,TPEx,3078,僑威,66.40,66.50,65.70,66.20,+0.60,1237746,81932370,1221
2026-01-20,TPEx,3081,聯亞,668.00,708.00,668.00,708.00,+64.00,2679480,1870454840,3114
2026-01-20,TPEx,3083,網龍,36.30,36.40,35.80,35.85,-0.05,164178,5911118,136
2026-01-20,TPEx,3085,新零售,14.55,15.05,13.75,13.75,-1.50,119962,1706300,115
2026-01-20,TPEx,3086,華義,229.50,242.00,224.50,239.00,+10.50,307068,72112929,860
2026-01-20,TPEx,3088,艾訊,85.20,85.70,84.50,84.60,-1.20,364835,31023917,1170
2026-01-20,TPEx,3093,港建*,25.20,25.50,25.05,25.50,+0.15,236149,5997039,101
2026-01-20,TPEx,3095,及成,30.00,30.65,29.95,30.20,-0.20,20239,610938,43
2026-01-20,TPEx,3105,穩懋,213.00,229.00,213.00,227.00,+14.00,30925254,6856737030,27327
2026-01-20,TPEx,3114,好德,27.00,27.00,26.80,26.80,-0.20,93426,2512318,122
2026-01-20,TPEx,3115,富榮綱,10.65,10.65,10.55,10.65,+0.10,3076,32610,79
2026-01-20,TPEx,3118,進階,33.05,33.30,33.00,33.10,-0.10,51282,1699625,94
2026-01-20,TPEx,3122,笙泉,24.25,25.15,24.20,24.40,-0.25,237538,5831705,266
2026-01-20,TPEx,3128,昇銳,29.70,30.20,29.10,29.10,-0.60,799723,23704936,821
2026-01-20,TPEx,3131,弘塑,1735.00,1765.00,1730.00,1750.00,0.00,482037,843569830,1487
2026-01-20,TPEx,3141,晶宏,50.70,51.90,49.95,50.70,0.00,649565,33247110,661
2026-01-20,TPEx,3147,大綜,159.00,161.50,158.50,158.50,+1.50,386211,61814426,530
2026-01-20,TPEx,3152,璟德,165.00,167.50,162.00,163.50,-2.50,1001419,164415163,1101
2026-01-20,TPEx,3158,嘉實,90.20,91.20,90.10,91.20,+0.20,12152,1100591,19
2026-01-20,TPEx,3162,精確,60.60,61.40,59.60,61.30,+0.70,2101030,126957546,1926
2026-01-20,TPEx,3163,波若威,354.00,373.00,354.00,371.50,+22.00,595600,219570474,1159
2026-01-20,TPEx,3169,亞信,95.30,95.60,94.60,94.60,-0.70,107578,10213583,130
2026-01-20,TPEx,3171,炎洲流通,47.90,48.15,47.90,47.90,-0.30,20671,990876,17
2026-01-20,TPEx,3176,基亞,33.20,33.30,32.50,32.50,-0.70,244750,8019138,317
2026-01-20,TPEx,3178,公準,59.20,59.70,58.90,59.00,-0.40,66268,3923712,126
2026-01-20,TPEx,3188,鑫龍騰,29.70,29.85,29.45,29.50,+0.15,264030,7818549,181
2026-01-20,TPEx,3191,雲嘉南,17.00,17.00,16.95,16.95,0.00,18077,306792,41
2026-01-20,TPEx,3205,佰研,50.40,51.00,48.95,48.95,-0.80,128711,6441780,139
2026-01-20,TPEx,3206,志豐,32.15,32.20,31.50,31.95,0.00,67063,2138064,73
2026-01-20,TPEx,3207,耀勝,78.10,79.00,76.60,77.00,-1.20,875946,68108291,838
2026-01-20,TPEx,3211,順達,276.50,287.50,275.50,285.50,+8.50,5768466,1629858041,5738
2026-01-20,TPEx,3213,茂訊,104.00,106.50,104.00,105.50,+1.50,414983,43830656,389
2026-01-20,TPEx,3217,優群,165.50,166.00,164.00,165.00,-0.50,305603,50411726,470
2026-01-20,TPEx,3218,大學光,150.00,151.50,149.00,151.00,+1.00,155888,23443418,318
2026-01-20,TPEx,3219,倚強科,67.70,69.90,66.70,69.10,+0.90,725332,49340788,594
2026-01-20,TPEx,3221,台嘉碩,27.50,28.50,27.00,27.40,-0.15,7474567,208691096,4256
2026-01-20,TPEx,3224,三顧,47.30,47.30,46.00,46.45,-0.15,84123,3952049,76
2026-01-20,TPEx,3226,龍鋒,54.00,56.50,54.00,56.30,+2.30,180944,10120317,107
2026-01-20,TPEx,3227,原相,208.50,210.50,206.50,210.50,+2.00,1322148,276419008,1975
2026-01-20,TPEx,3228,金麗科,120.50,122.50,119.00,120.00,-0.50,373401,45018053,537
2026-01-20,TPEx,3230,錦明,35.40,36.35,35.05,35.20,-0.20,290368,10336445,307
2026-01-20,TPEx,3232,昱捷,23.60,23.70,23.45,23.45,-0.15,22115,521427,46
2026-01-20,TPEx,3234,光環,44.55,48.10,44.10,46.50,+2.00,2685248,124408160,1888
2026-01-20,TPEx,3236,千如,37.55,37.60,36.65,37.10,-0.70,5842070,216940622,4592
2026-01-20,TPEx,3252,海灣,18.10,18.35,18.10,18.15,0.00,53187,966742,16
2026-01-20,TPEx,3259,鑫創,21.20,21.20,19.90,20.90,-0.10,106991,2182374,92
2026-01-20,TPEx,3260,威剛,288.00,303.50,288.00,298.00,-21.50,2894818,864233942,2959
2026-01-20,TPEx,3264,欣銓,143.00,168.50,141.00,165.00,+10.50,42910117,6760664026,23931
2026-01-20,TPEx,3265,台星科,143.50,146.00,141.00,141.50,-0.50,3700297,530254378,3755
2026-01-20,TPEx,3268,海德威,17.30,17.50,17.20,17.20,-0.05,73748,1278649,82
2026-01-20,TPEx,3272,東碩,21.20,21.40,21.00,21.10,-0.25,88098,1861644,100
2026-01-20,TPEx,3276,宇環,15.20,15.25,15.10,15.20,-0.10,97298,1474469,127
2026-01-20,TPEx,3284,太普高,21.45,21.45,20.90,21.00,-0.25,109929,2320691,176
2026-01-20,TPEx,3285,微端,28.30,28.30,28.00,28.20,+0.05,15529,437154,31
2026-01-20,TPEx,3287,廣寰科,29.25,29.40,29.10,29.30,-0.05,124009,3627915,78
2026-01-20,TPEx,3288,點晶,16.95,16.95,16.85,16.90,-0.05,10327,174776,17
2026-01-20,TPEx,3289,宜特,121.00,125.00,120.00,123.50,+3.00,1447873,178449728,1259
2026-01-20,TPEx,3290,東浦,44.25,44.70,43.85,44.45,+0.20,409436,18152920,325
2026-01-20,TPEx,3293,鈊象,741.00,742.00,732.00,734.00,-10.00,1190005,875934401,6859
2026-01-20,TPEx,3294,英濟,41.50,41.95,41.05,41.10,-0.10,1864086,77146027,1285
2026-01-20,TPEx,3297,杭特,42.60,44.40,42.50,42.65,+0.85,1125908,48920141,1228
2026-01-20,TPEx,3303,岱稜,46.85,47.50,46.85,47.20,+0.30,216376,10216742,280
2026-01-20,TPEx,3306,鼎天,50.10,50.30,49.70,49.75,-0.20,173298,8653976,202
2026-01-20,TPEx,3310,佳穎,75.90,77.50,75.80,77.50,+0.70,66051,5080627,42
2026-01-20,TPEx,3313,斐成,14.40,14.75,14.35,14.40,-0.10,244541,3538966,205
2026-01-20,TPEx,3317,尼克森,49.35,54.70,49.10,54.70,+4.90,7560823,402319998,6723
2026-01-20,TPEx,3322,建舜電,18.10,18.25,17.25,17.35,-0.65,1667429,29390344,1085
2026-01-20,TPEx,3323,加百裕,39.25,40.60,39.25,39.90,+0.60,2011393,80572246,1661
2026-01-20,TPEx,3324,雙鴻,912.00,936.00,912.00,928.00,+8.00,1438577,1331880023,3781
2026-01-20,TPEx,3325,旭品,16.35,16.70,16.30,16.40,+0.05,397271,6536797,238
2026-01-20,TPEx,3332,幸康,56.70,56.80,55.70,56.20,+0.10,57286,3226683,63
2026-01-20,TPEx,3339,泰谷,28.80,31.25,28.30,31.25,+2.80,3769139,115045523,3161
2026-01-20,TPEx,3349,寶德,30.00,30.50,29.60,30.00,0.00,361666,10837103,181
2026-01-20,TPEx,3354,律勝,29.60,30.90,29.30,30.30,+0.45,1687894,50688883,1455
2026-01-20,TPEx,3357,臺慶科,175.00,180.50,172.00,175.00,-4.50,4139551,727944664,3958
2026-01-20,TPEx,3360,尚立,15.50,16.10,15.40,15.40,-0.10,1048972,16414577,692
2026-01-20,TPEx,3362,先進光,112.00,113.50,110.00,113.50,-2.50,1538816,172507019,1422
2026-01-20,TPEx,3363,上詮,402.50,427.00,402.00,415.00,,3900535,1633898155,5112
2026-01-20,TPEx,3372,典範,24.75,26.20,24.10,25.65,+0.90,11050862,277827128,6309
2026-01-20,TPEx,3373,熱映,17.60,17.60,17.30,17.35,-0.10,77035,1342431,180
2026-01-20,TPEx,3374,精材,180.50,182.00,175.50,178.00,-1.50,9207617,1644530096,7437
2026-01-20,TPEx,3379,彬台,51.80,52.40,50.90,51.40,-0.30,278584,14379564,313
2026-01-20,TPEx,3388,崇越電,62.60,63.10,62.40,62.60,0.00,125942,7909286,118
2026-01-20,TPEx,3390,旭軟,25.15,25.30,24.75,25.00,-0.15,442416,11043643,327
2026-01-20,TPEx,3402,漢科,138.50,139.50,137.00,138.50,0.00,875503,121086570,1018
2026-01-20,TPEx,3426,台興,40.10,41.30,39.90,40.00,-0.35,24044,962523,26
2026-01-20,TPEx,3430,奇鈦科,78.30,79.80,76.20,76.50,-1.60,737913,57569047,1358
2026-01-20,TPEx,3434,哲固,32.00,34.80,32.00,34.80,+3.15,1063223,36340321,1126
2026-01-20,TPEx,3438,類比科,54.00,54.40,53.30,53.40,-0.80,154259,8275428,480
2026-01-20,TPEx,3441,聯一光,37.05,37.60,36.95,37.05,-0.25,121151,4509787,102
2026-01-20,TPEx,3444,利機,74.30,77.60,74.10,74.30,-1.20,523296,39519693,483
2026-01-20,TPEx,3455,由田,121.00,122.50,118.50,122.00,+0.50,1891386,228742532,2355
2026-01-20,TPEx,3465,進泰電子,50.10,51.80,50.10,50.10,+1.65,24364,1228276,25
2026-01-20,TPEx,3466,德晉,40.30,40.30,39.10,39.40,-0.90,517575,20493368,600
2026-01-20,TPEx,3467,台灣精材,43.60,44.60,43.50,44.50,+0.90,39550,1739077,39
2026-01-20,TPEx,3479,安勤,92.90,93.50,92.30,92.60,-0.30,244766,22772877,258
2026-01-20,TPEx,3483,力致,92.00,92.00,91.00,91.40,-0.10,473048,43203103,624
2026-01-20,TPEx,3484,崧騰,50.00,50.60,49.90,50.40,0.00,266361,13374250,329
2026-01-20,TPEx,3489,森寶,21.65,21.65,21.30,21.30,-0.35,70689,1520232,63
2026-01-20,TPEx,3490,單井,26.05,26.50,25.80,26.50,+0.50,523293,13648481,355
2026-01-20,TPEx,3491,昇達科,915.00,928.00,890.00,913.00,-2.00,2757789,2507394501,6281
2026-01-20,TPEx,3492,長盛,25.40,25.45,25.20,25.35,-0.05,191608,4839816,130
2026-01-20,TPEx,3498,陽程,52.20,52.30,50.90,51.40,-0.10,558561,28805904,703
2026-01-20,TPEx,3499,環天科,18.55,18.55,18.05,18.15,-0.20,172806,3143953,199
2026-01-20,TPEx,3508,位速,23.25,23.95,23.25,23.60,-0.25,79312,1871416,102
2026-01-20,TPEx,3511,矽瑪,22.45,22.45,21.80,21.90,-0.35,397782,8766444,393
2026-01-20,TPEx,3512,皇龍,21.25,21.40,21.25,21.30,-0.05,37857,805356,41
2026-01-20,TPEx,3516,亞帝歐,20.05,20.05,19.80,19.80,-0.05,22287,442751,38
2026-01-20,TPEx,3520,華盈,16.35,17.25,16.35,16.90,+0.55,558075,9446307,338
2026-01-20,TPEx,3521,鴻翊,14.10,14.20,13.95,14.00,-0.20,186475,2617149,108
2026-01-20,TPEx,3522,御嵿,17.00,17.35,16.60,16.95,-0.05,134800,2282908,77
2026-01-20,TPEx,3523,迎輝,18.40,18.40,17.80,18.20,0.00,14215,259509,34
2026-01-20,TPEx,3526,凡甲,249.50,249.50,247.50,249.50,+0.50,163321,40611076,903
2026-01-20,TPEx,3527,聚積,58.00,59.40,57.00,58.80,+1.30,223522,12967595,275
2026-01-20,TPEx,3529,力旺,1670.00,1690.00,1600.00,1605.00,-70.00,1055047,1721866405,5959
2026-01-20,TPEx,3531,先益,,,,,,0,0,0
2026-01-20,TPEx,3537,堡達,53.30,53.30,51.60,51.90,-1.00,750790,39092599,795
2026-01-20,TPEx,3540,曜越,36.00,36.45,35.05,35.75,+0.85,2648723,94660367,2329
2026-01-20,TPEx,3541,西柏,25.40,25.45,25.20,25.40,-0.25,31704,802445,58
2026-01-20,TPEx,3546,宇峻,75.60,76.00,75.10,75.50,-0.50,396544,29889213,508
2026-01-20,TPEx,3548,兆利,94.20,95.40,92.30,93.00,-0.60,597861,55992561,1546
2026-01-20,TPEx,3551,世禾,197.00,199.50,194.50,195.50,-2.00,640874,126021041,1041
2026-01-20,TPEx,3552,同致,62.70,66.00,61.60,63.50,+1.10,1053896,67932219,952
2026-01-20,TPEx,3555,博士旺,85.90,88.30,82.40,83.90,-2.00,169726,14420307,287
2026-01-20,TPEx,3556,禾瑞亞,38.50,38.50,37.95,38.15,+0.30,191247,7296693,236
2026-01-20,TPEx,3558,神準,138.50,143.00,136.50,142.50,+4.50,658262,93296075,826
2026-01-20,TPEx,3564,其陽,49.00,49.55,48.40,48.75,-0.05,206800,10107697,303
2026-01-20,TPEx,3567,逸昌,33.50,33.55,30.75,31.15,-1.00,1282700,41056397,1040
2026-01-20,TPEx,3570,大塚,171.50,171.50,170.00,170.00,-0.50,24860,4235101,166
2026-01-20,TPEx,3577,泓格,63.70,64.60,63.30,64.00,+0.30,63689,4081961,82
2026-01-20,TPEx,3580,友威科,70.60,71.80,69.60,69.70,-1.40,939023,66110014,1363
2026-01-20,TPEx,3581,博磊,77.00,84.40,75.70,80.80,+4.00,9251778,757109804,7677
2026-01-20,TPEx,3587,閎康,193.00,199.00,191.00,199.00,+7.00,738061,145166628,952
2026-01-20,TPEx,3594,磐儀,37.45,37.80,37.00,37.05,-0.10,170881,6371189,246
2026-01-20,TPEx,3597,映興,28.10,28.10,27.25,27.30,-0.50,80926,2215712,89
2026-01-20,TPEx,3609,三一東林,38.80,39.15,38.25,38.50,0.00,106137,4112882,95
2026-01-20,TPEx,3611,鼎翰,198.00,199.00,198.00,199.00,0.00,26360,5237487,434
2026-01-20,TPEx,3615,安可,26.10,26.80,25.80,26.70,+0.65,729515,19162248,441
2026-01-20,TPEx,3623,富晶通,29.45,30.25,29.35,29.40,-0.15,252975,7505790,219
2026-01-20,TPEx,3624,光頡,66.70,67.20,65.00,65.50,-1.20,4954163,326336728,5139
2026-01-20,TPEx,3625,西勝,20.00,20.45,19.80,19.80,-0.20,1089269,21801388,593
2026-01-20,TPEx,3628,盈正,73.00,76.00,71.80,74.10,+1.40,655154,48417061,690
2026-01-20,TPEx,3629,地心引力,20.40,20.70,20.40,20.70,-0.30,11152,229661,15
2026-01-20,TPEx,3630,新鉅科,31.20,32.10,30.80,31.40,+0.20,1589418,50153899,1079
2026-01-20,TPEx,3631,晟楠,25.90,28.35,25.85,28.30,+2.25,536891,14687393,440
2026-01-20,TPEx,3632,研勤,9.33,9.35,9.33,9.35,-0.19,26907,251886,134
2026-01-20,TPEx,3646,艾恩特,25.25,25.50,25.10,25.25,-0.30,41032,1036184,54
2026-01-20,TPEx,3663,鑫科,64.90,67.00,63.90,64.20,-1.30,2255592,146153514,2678
2026-01-20,TPEx,3664,安瑞-KY,16.00,16.00,15.70,15.90,+0.05,101186,1604096,71
2026-01-20,TPEx,3666,光耀,29.50,29.75,29.35,29.35,-0.15,262899,7754381,86
2026-01-20,TPEx,3672,康聯訊,12.20,12.60,12.15,12.15,-0.05,29072,357955,44
2026-01-20,TPEx,3675,德微,158.50,159.00,152.50,155.50,0.00,892425,139400777,1267
2026-01-20,TPEx,3680,家登,425.50,442.00,421.00,433.50,+10.50,2800712,1215021662,4001
2026-01-20,TPEx,3684,榮昌,57.00,59.50,57.00,57.50,-0.30,88499,5167016,327
2026-01-20,TPEx,3685,元創精密,37.20,37.95,36.30,37.80,+0.60,606583,22421555,347
2026-01-20,TPEx,3687,歐買尬,81.90,81.90,81.10,81.10,-0.50,76509,6232410,580
2026-01-20,TPEx,3689,湧德,119.00,124.00,118.00,122.00,+3.00,3402878,414466303,2398
2026-01-20,TPEx,3691,碩禾,124.50,125.50,121.00,125.50,+4.00,741390,91735098,860
2026-01-20,TPEx,3693,營邦,356.50,356.50,348.00,350.00,-7.50,273020,95805869,730
2026-01-20,TPEx,3707,漢磊,57.70,62.80,56.60,61.90,+3.40,27787178,1685779567,18171
2026-01-20,TPEx,3709,鑫聯大投控,60.10,61.90,58.50,59.90,-0.70,2046834,123383775,1519
2026-01-20,TPEx,3710,連展投控,5.67,5.85,5.60,5.84,+0.17,549989,3136469,215
2026-01-20,TPEx,3713,新晶投控,21.80,22.25,21.50,21.75,-0.05,81397,1766228,63
2026-01-20,TPEx,4102,永日,20.25,20.30,19.90,20.10,-0.20,115593,2317857,106
2026-01-20,TPEx,4105,東洋,83.70,84.10,83.40,83.90,+0.20,556794,46615319,620
2026-01-20,TPEx,4107,邦特,120.50,120.50,120.00,120.00,0.00,21706,2608788,45
2026-01-20,TPEx,4109,加捷生醫,15.10,15.15,14.90,15.00,0.00,213171,3201738,151
2026-01-20,TPEx,4111,濟生,30.05,30.05,29.85,30.00,-0.05,121350,3629664,103
2026-01-20,TPEx,4113,聯上,21.40,21.90,21.40,21.60,+0.05,240189,5211001,187
2026-01-20,TPEx,4114,健喬,32.75,33.00,32.70,32.70,0.00,690702,22658697,510
2026-01-20,TPEx,4116,明基醫,44.10,44.30,44.00,44.10,-0.25,49718,2189903,71
2026-01-20,TPEx,4120,友華,44.80,44.80,44.45,44.65,0.00,32273,1440846,35
2026-01-20,TPEx,4121,優盛,15.15,15.25,15.10,15.15,0.00,72163,1093361,84
2026-01-20,TPEx,4123,晟德,41.55,42.05,41.40,41.70,+0.05,1585997,66100780,1236
2026-01-20,TPEx,4126,太醫,83.00,83.50,82.80,83.10,-0.60,49272,4089372,138
2026-01-20,TPEx,4127,天良,30.45,33.45,30.45,33.10,+2.65,323570,10678939,269
2026-01-20,TPEx,4128,中天,21.00,21.50,20.95,21.20,+0.10,1662205,35283339,1348
2026-01-20,TPEx,4129,聯合,112.00,113.00,111.00,111.50,-0.50,89949,10062867,123
2026-01-20,TPEx,4130,健亞,31.50,33.35,31.40,33.35,+3.00,3264107,106890565,4365
2026-01-20,TPEx,4131,浩泰,39.90,39.90,39.15,39.75,-0.25,42623,1685670,26
2026-01-20,TPEx,4138,曜亞,60.10,60.20,59.90,60.00,-0.10,47807,2868245,283
2026-01-20,TPEx,4139,馬光-KY,24.20,24.20,24.05,24.05,-0.25,3277,79236,7
2026-01-20,TPEx,4147,中裕,61.00,61.40,59.80,59.80,-1.10,649204,39193992,593
2026-01-20,TPEx,4153,鈺緯,34.90,35.15,34.35,34.35,-0.35,17001,586935,16
2026-01-20,TPEx,4154,樂威科-KY,15.60,15.60,15.15,15.15,-0.50,10055,154481,37
2026-01-20,TPEx,4157,太景*-KY,14.25,14.40,14.10,14.15,-0.15,2797486,39825741,1214
2026-01-20,TPEx,4160,訊聯基因,54.20,55.10,53.30,53.50,-0.80,76604,4148156,171
2026-01-20,TPEx,4161,聿新科,26.95,26.95,26.40,26.55,-0.15,119744,3183447,133
2026-01-20,TPEx,4162,智擎,70.60,71.30,70.20,70.20,-0.70,492375,34680439,571
2026-01-20,TPEx,4163,鐿鈦,93.00,93.10,92.40,92.70,-0.40,7679,712716,39
2026-01-20,TPEx,4166,友霖,27.05,27.05,26.90,27.00,-0.05,96802,2611635,61
2026-01-20,TPEx,4167,松瑞藥,20.20,20.70,20.05,20.65,+0.45,2343688,47990476,1099
2026-01-20,TPEx,4168,醣聯,28.80,29.40,28.20,28.60,-0.40,1127402,32386153,790
2026-01-20,TPEx,4171,瑞基,19.85,19.85,19.50,19.55,-0.25,86480,1702522,197
2026-01-20,TPEx,4173,久裕,21.85,21.85,21.75,21.85,0.00,92373,2014948,98
2026-01-20,TPEx,4174,浩鼎,26.60,26.60,25.80,25.85,-0.75,1277279,33124551,1096
2026-01-20,TPEx,4175,杏一,58.30,58.80,58.10,58.20,-0.30,13991,819870,60
2026-01-20,TPEx,4183,福永生技,16.40,16.40,16.15,16.20,-0.15,14150,230775,13
2026-01-20,TPEx,4188,安克,14.95,15.25,14.75,14.90,-0.20,39574,590592,42
2026-01-20,TPEx,4192,杏國,24.50,24.50,24.35,24.35,+0.10,6749,164846,10
2026-01-20,TPEx,4198,欣大健康,31.95,31.95,31.00,31.00,-1.00,6312,200671,4
2026-01-20,TPEx,4205,中華食,80.50,80.60,80.20,80.40,-0.10,40743,3275936,177
2026-01-20,TPEx,4207,環泰,18.70,18.70,18.40,18.45,-0.25,83585,1545185,166
2026-01-20,TPEx,4303,信立,60.50,62.10,60.40,60.60,+0.10,1762595,107802593,1848
2026-01-20,TPEx,4304,勝昱,32.00,32.00,32.00,32.00,0.00,32238,1031616,26
2026-01-20,TPEx,4305,世坤,42.00,42.00,42.00,42.00,+0.20,1004,42172,2
2026-01-20,TPEx,4401,東隆興,17.15,17.20,16.80,17.10,-0.05,80068,1360262,61
2026-01-20,TPEx,4402,郡都開發,19.45,19.50,19.40,19.50,0.00,18028,351244,45
2026-01-20,TPEx,4406,新昕纖,,,,,,0,0,0
2026-01-20,TPEx,4413,飛寶企業,18.65,18.70,17.85,18.45,0.00,39011,719740,19
2026-01-20,TPEx,4416,三圓,29.60,29.75,28.80,29.70,+0.50,181979,5314834,95
2026-01-20,TPEx,4417,金洲,52.00,52.70,52.00,52.50,+0.20,82612,4328387,55
2026-01-20,TPEx,4419,皇家美食,49.95,49.95,46.00,49.05,-0.90,17041,794936,26
2026-01-20,TPEx,4420,光明,50.10,50.30,49.95,50.30,+0.20,40839,2045327,57
2026-01-20,TPEx,4430,耀億,17.80,18.40,17.80,18.05,+0.25,21729,391293,103
2026-01-20,TPEx,4432,銘旺實,16.85,16.95,16.75,16.95,0.00,51681,870093,35
2026-01-20,TPEx,4433,興采,23.25,23.50,23.05,23.05,-0.20,48267,1119649,106
2026-01-20,TPEx,4442,竣邦-KY,58.50,58.50,57.00,57.40,-0.90,114468,6545094,64
2026-01-20,TPEx,4502,健信,16.35,16.35,15.95,16.00,-0.20,65765,1060458,49
2026-01-20,TPEx,4503,金雨,41.30,41.60,40.95,41.10,-0.15,175971,7256038,113
2026-01-20,TPEx,4506,崇友,115.50,116.00,115.00,115.50,0.00,71745,8274802,305
2026-01-20,TPEx,4510,高鋒,50.00,50.40,48.80,49.00,-1.40,4882854,241201066,4646
2026-01-20,TPEx,4513,福裕,22.70,23.20,20.95,21.40,-1.30,4162871,91687262,2808
2026-01-20,TPEx,4523,永彰,31.50,31.70,30.90,31.00,-0.75,494202,15418356,530
2026-01-20,TPEx,4527,方土霖,40.70,41.00,40.60,40.85,+0.15,66128,2696382,53
2026-01-20,TPEx,4528,江興鍛,20.75,21.65,20.25,21.65,+1.95,533644,11373172,829
2026-01-20,TPEx,4529,淳紳,3.35,3.48,3.13,3.35,0.00,155080,513768,54
2026-01-20,TPEx,4530,宏易,30.00,30.25,29.55,29.55,-0.50,23251,698799,84
2026-01-20,TPEx,4533,協易機,29.70,30.00,29.05,29.25,-0.75,5274524,154963591,3344
2026-01-20,TPEx,4534,慶騰,19.70,19.95,18.70,19.45,-0.25,2409228,46584842,1258
2026-01-20,TPEx,4535,至興,29.00,29.05,28.85,29.05,+0.05,8101,234839,7
2026-01-20,TPEx,4538,大詠城,17.80,18.00,17.70,17.90,+0.20,66990,1197887,51
2026-01-20,TPEx,4541,晟田,49.35,51.50,48.75,49.00,+1.00,6028652,300073359,4611
2026-01-20,TPEx,4542,科嶠,97.30,98.40,96.40,97.90,+0.60,215461,20987776,545
2026-01-20,TPEx,4543,萬在,34.25,34.55,33.65,34.30,-0.70,1005279,34256760,1055
2026-01-20,TPEx,4549,桓達,106.00,106.00,104.50,105.00,-0.50,125752,13275701,163
2026-01-20,TPEx,4550,長佳,26.60,27.00,26.55,27.00,+0.20,42333,1133071,28
2026-01-20,TPEx,4554,橙的,28.15,28.70,28.15,28.25,+0.15,102082,2899150,123
2026-01-20,TPEx,4556,旭然,29.90,29.90,28.75,29.20,-0.70,158406,4640349,201
2026-01-20,TPEx,4558,寶緯,19.35,19.35,19.20,19.20,-0.20,17100,329430,23
2026-01-20,TPEx,4561,健椿,40.85,43.75,40.55,43.70,+3.90,3164496,133561146,2494
2026-01-20,TPEx,4563,百德,57.00,57.50,54.80,55.10,-1.90,992548,55399953,1046
2026-01-20,TPEx,4568,科際精密,43.00,43.00,42.25,42.25,-0.35,6000,255800,4
2026-01-20,TPEx,4577,達航科技,59.40,64.50,58.90,59.20,-2.00,3665952,225068346,3616
2026-01-20,TPEx,4580,捷流閥業,81.90,82.80,81.80,82.00,+0.20,109857,9046597,144
2026-01-20,TPEx,4584,君帆,46.30,46.30,46.05,46.20,-0.35,3424,158473,13
2026-01-20,TPEx,4609,唐鋒,5.28,5.28,5.28,5.28,0.00,6276,33139,6
2026-01-20,TPEx,4702,中美實,10.05,10.10,9.96,9.96,-0.01,53654,536084,106
2026-01-20,TPEx,4706,大恭,29.20,29.50,29.20,29.50,0.00,4006,117270,5
2026-01-20,TPEx,4707,磐亞,10.15,10.15,10.10,10.10,-0.05,410057,4152101,200
2026-01-20,TPEx,4711,永純,15.80,16.00,15.80,16.00,+0.05,51810,824321,70
2026-01-20,TPEx,4714,永捷,17.40,17.75,17.35,17.35,-0.10,2183362,38244205,931
2026-01-20,TPEx,4716,大立,16.30,16.30,16.00,16.00,-0.10,244987,3954217,259
2026-01-20,TPEx,4721,美琪瑪,69.60,71.90,69.50,70.10,+0.40,742038,52463729,994
2026-01-20,TPEx,4726,永昕,35.80,36.10,35.00,35.65,-0.15,270975,9686363,181
2026-01-20,TPEx,4728,雙美,392.00,392.00,391.00,391.00,-1.50,4277,1675101,21
2026-01-20,TPEx,4729,熒茂,24.30,25.15,24.10,24.50,+0.20,1119228,27578138,669
2026-01-20,TPEx,4735,豪展,33.40,33.40,33.30,33.30,-0.30,21024,700924,63
2026-01-20,TPEx,4741,泓瀚,22.45,22.60,22.35,22.50,+0.05,108752,2438757,74
2026-01-20,TPEx,4743,合一,71.00,71.60,69.80,70.40,-0.60,3260290,230614390,3164
2026-01-20,TPEx,4744,皇將,29.60,29.85,29.45,29.75,-0.10,183704,5450268,206
2026-01-20,TPEx,4745,合富-KY,22.15,22.25,22.05,22.15,-0.20,44673,989075,34
2026-01-20,TPEx,4747,強生,60.50,61.00,60.10,60.90,+0.40,33129,2005195,25
2026-01-20,TPEx,4749,新應材,860.00,864.00,853.00,858.00,-1.00,806108,693288373,3079
2026-01-20,TPEx,4754,國碳科,38.90,39.05,38.55,39.05,+0.20,29844,1159723,58
2026-01-20,TPEx,4760,勤凱,189.50,199.50,187.00,198.50,+9.00,2458498,481187851,4336
2026-01-20,TPEx,4767,誠泰科技,25.80,26.40,25.80,26.40,+0.30,11385,297347,12
2026-01-20,TPEx,4768,晶呈科技,417.50,436.50,411.00,419.50,-0.50,1371779,579927116,1611
2026-01-20,TPEx,4772,台特化,349.00,357.50,347.00,354.50,+8.50,1453280,512619511,2627
2026-01-20,TPEx,4804,大略-KY,6.12,6.12,6.00,6.12,0.00,40022,244212,46
2026-01-20,TPEx,4806,桂田文創,,,,,,434,4340,51
2026-01-20,TPEx,4903,聯光通,40.00,41.70,39.65,40.05,-0.35,3147782,128435202,2607
2026-01-20,TPEx,4905,台聯電,60.90,63.00,60.50,61.10,+0.20,40100,2462690,23
2026-01-20,TPEx,4907,富宇,43.50,44.00,43.30,43.55,-0.25,31439,1372664,90
2026-01-20,TPEx,4908,前鼎,72.30,74.80,71.90,73.50,+1.30,430252,31731299,403
2026-01-20,TPEx,4909,新復興,60.40,63.00,60.40,60.80,+0.60,3355181,207272502,2664
2026-01-20,TPEx,4911,德英,40.85,41.55,40.85,41.30,+0.10,21168,874369,29
2026-01-20,TPEx,4923,力士,36.00,36.20,34.45,35.20,-0.80,511735,18016470,474
2026-01-20,TPEx,4924,欣厚-KY,11.20,11.30,11.05,11.30,-0.20,69000,766950,28
2026-01-20,TPEx,4931,新盛力,151.00,156.50,150.50,155.00,+4.00,4398756,674433021,3866
2026-01-20,TPEx,4933,友輝,59.40,59.60,59.00,59.10,-0.40,162813,9665584,130
2026-01-20,TPEx,4939,亞電,40.00,43.20,39.95,43.20,+3.90,24361545,1027251973,11077
2026-01-20,TPEx,4946,辣椒,104.50,105.00,102.00,103.50,-2.00,39780,4115920,301
2026-01-20,TPEx,4950,金耘國際,19.30,19.90,19.05,19.30,+0.05,27614,536281,41
2026-01-20,TPEx,4951,精拓科,65.40,66.20,64.90,65.90,+0.50,136235,8928556,171
2026-01-20,TPEx,4953,緯軟,136.00,138.50,135.00,137.00,+1.00,404500,55299639,704
2026-01-20,TPEx,4966,譜瑞-KY,580.00,584.00,573.00,577.00,-6.00,945539,546031056,2103
2026-01-20,TPEx,4971,IET-KY,340.00,372.00,338.50,372.00,+33.50,11059730,3969738031,12062
2026-01-20,TPEx,4972,湯石照明,18.10,18.15,18.05,18.10,-0.05,20005,362570,84
2026-01-20,TPEx,4973,廣穎,54.50,57.00,53.80,55.90,-2.40,12418384,685968851,10819
2026-01-20,TPEx,4974,亞泰,73.80,74.10,72.80,73.10,-0.70,232375,17034625,598
2026-01-20,TPEx,4979,華星光,268.00,290.50,267.00,290.50,+26.00,28030775,7942883189,21459
2026-01-20,TPEx,4987,科誠,81.50,81.60,81.40,81.40,0.00,325301,26503870,177
2026-01-20,TPEx,4991,環宇-KY,198.00,208.00,198.00,207.00,+5.50,1648858,340558286,1677
2026-01-20,TPEx,4995,晶達,42.00,42.00,40.90,41.40,-0.50,38747,1604868,42
2026-01-20,TPEx,5009,榮剛,34.00,34.30,33.80,33.95,+0.20,2651698,90486398,1974
2026-01-20,TPEx,5011,久陽,13.15,13.90,13.10,13.90,+0.65,831569,11182207,454
2026-01-20,TPEx,5013,強新,30.65,31.30,30.65,30.75,0.00,11965,369965,12
2026-01-20,TPEx,5014,建錩,11.80,11.80,11.50,11.55,-0.15,292217,3390130,218
2026-01-20,TPEx,5015,華祺,28.55,28.60,28.35,28.50,+0.05,19396,552422,58
2026-01-20,TPEx,5016,松和,25.25,25.30,25.20,25.25,-0.15,11120,280891,8
2026-01-20,TPEx,5201,凱衛,44.25,44.25,43.50,43.50,-0.75,96875,4240487,96
2026-01-20,TPEx,5202,力新,16.50,16.75,16.50,16.65,+0.15,145026,2414793,110
2026-01-20,TPEx,5205,中茂,,,,,,8,248,1
2026-01-20,TPEx,5206,坤悅,30.75,30.85,30.60,30.60,-0.15,31930,978670,34
2026-01-20,TPEx,5209,新鼎,176.50,180.00,176.50,180.00,+3.50,39487,7057364,367
2026-01-20,TPEx,5210,寶碩,21.75,22.05,21.65,21.80,-0.05,207207,4536193,111
2026-01-20,TPEx,5211,蒙恬,26.65,26.70,26.55,26.55,-0.10,12902,343312,84
2026-01-20,TPEx,5212,凌網,54.40,54.40,53.00,53.00,-0.40,10149,541944,14
2026-01-20,TPEx,5213,亞昕,25.10,25.20,25.00,25.10,-0.05,229916,5772880,306
2026-01-20,TPEx,5220,萬達光電,18.35,19.65,18.35,18.65,+0.75,784098,15099344,508
2026-01-20,TPEx,5223,安力-KY,28.70,28.80,28.60,28.60,-0.10,33457,959642,32
2026-01-20,TPEx,5227,立凱-KY,28.65,28.70,28.05,28.20,-0.45,274463,7769922,414
2026-01-20,TPEx,5228,鈺鎧,28.80,29.25,28.00,28.15,-1.30,804750,22805131,676
2026-01-20,TPEx,5230,雷笛克光學,18.15,18.20,17.85,17.95,-0.20,178821,3225295,160
2026-01-20,TPEx,5236,凌陽創新,131.00,131.00,123.50,124.50,+5.00,481148,60826558,506
2026-01-20,TPEx,5245,智晶,27.50,27.50,27.15,27.20,-0.55,151146,4114591,139
2026-01-20,TPEx,5251,天鉞電,34.95,36.45,34.95,35.05,+0.30,421670,15020902,436
2026-01-20,TPEx,5263,智崴,123.00,125.00,121.50,125.00,+1.00,399714,49155277,431
2026-01-20,TPEx,5272,笙科,21.60,21.80,21.15,21.65,+0.25,216097,4654970,214
2026-01-20,TPEx,5274,信驊,8625.00,8725.00,8545.00,8635.00,-140.00,254821,2199388970,3697
2026-01-20,TPEx,5276,達輝-KY,,,,,,0,0,0
2026-01-20,TPEx,5278,尚凡*,31.55,34.00,31.55,32.90,+1.80,1744086,57495134,1425
2026-01-20,TPEx,5287,數字,167.00,167.00,166.50,167.00,0.00,61864,10318381,274
2026-01-20,TPEx,5289,宜鼎,738.00,774.00,720.00,770.00,+20.00,6163204,4605655945,8688
2026-01-20,TPEx,5291,邑昇,37.00,39.05,36.85,38.35,+1.35,1403211,53946002,1198
2026-01-20,TPEx,5299,杰力,74.20,78.30,73.80,77.40,+3.20,356845,27269268,612
2026-01-20,TPEx,5301,寶得利,11.70,11.70,10.90,11.25,-0.10,13935,157653,12
2026-01-20,TPEx,5302,太欣,12.80,13.50,12.50,13.50,+1.20,5125411,67913953,2206
2026-01-20,TPEx,5309,系統電,65.50,68.60,64.90,68.20,+3.70,23161454,1568134424,15723
2026-01-20,TPEx,5310,天剛,24.30,25.40,24.20,25.40,-0.05,119860,3010530,95
2026-01-20,TPEx,5312,寶島科,99.80,100.00,99.20,99.80,0.00,40127,4003102,85
2026-01-20,TPEx,5314,世紀*,96.40,101.50,96.40,97.30,+2.80,8699980,858956419,7732
2026-01-20,TPEx,5315,光聯,24.70,24.75,24.35,24.70,-0.05,1038462,25516827,601
2026-01-20,TPEx,5321,美而快,31.60,32.00,31.60,31.75,-0.25,32519,1032997,28
2026-01-20,TPEx,5324,士開,10.75,10.75,10.70,10.75,0.00,82610,886545,35
2026-01-20,TPEx,5328,華容,31.75,34.30,31.25,33.60,+2.40,58824189,1959448922,32991
2026-01-20,TPEx,5340,建榮,94.90,101.50,94.50,101.50,+8.90,19885707,1967376108,7589
2026-01-20,TPEx,5344,立衛,15.05,15.05,14.60,15.05,-0.10,94124,1402141,92
2026-01-20,TPEx,5345,馥鴻,23.80,24.15,23.80,24.15,-0.30,5549,131190,17
2026-01-20,TPEx,5347,世界,139.00,143.50,134.50,141.50,+2.50,52292020,7325624063,30713
2026-01-20,TPEx,5348,正能量智能,16.65,16.95,16.65,16.70,0.00,4641,77893,10
2026-01-20,TPEx,5351,鈺創,65.00,69.00,65.00,69.00,-1.50,8555486,577689335,6917
2026-01-20,TPEx,5353,台林,27.45,27.80,27.25,27.45,0.00,101190,2778621,81
2026-01-20,TPEx,5355,佳總,6.88,7.15,6.83,7.04,+0.09,82140,577511,41
2026-01-20,TPEx,5356,協益,27.90,30.00,27.30,28.70,+1.40,2363045,67973344,3259
2026-01-20,TPEx,5364,力麗店,15.00,15.00,14.75,14.75,-0.05,49520,734198,61
2026-01-20,TPEx,5371,中光電,93.60,96.50,92.40,93.00,+2.70,28311298,2665605450,19035
2026-01-20,TPEx,5381,合正,31.15,33.45,30.60,33.45,+3.00,14700274,482399018,5518
2026-01-20,TPEx,5386,青雲,89.80,89.80,86.70,87.80,-2.30,2210610,194151044,3682
2026-01-20,TPEx,5392,能率,48.55,50.20,48.10,49.75,+0.95,4477639,221999410,3950
2026-01-20,TPEx,5398,慕康生醫,23.00,23.70,22.70,23.10,-0.10,172395,3992285,173
2026-01-20,TPEx,5403,中菲,113.50,114.00,113.00,113.50,-0.50,89644,10173160,173
2026-01-20,TPEx,5410,國眾,30.85,30.90,30.65,30.75,-0.10,190929,5874621,172
2026-01-20,TPEx,5425,台半,67.00,70.00,66.20,69.60,+1.40,14819250,1015946138,10086
2026-01-20,TPEx,5426,振發,21.50,21.75,20.70,20.70,-0.70,1185312,24995838,1066
2026-01-20,TPEx,5432,新門,182.50,184.00,179.00,180.00,-2.50,218916,39753907,1715
2026-01-20,TPEx,5438,東友,23.35,23.90,22.90,23.50,+0.60,1272162,29855202,751
2026-01-20,TPEx,5439,高技,292.00,298.00,289.50,298.00,+6.50,1892488,555740810,3072
2026-01-20,TPEx,5443,均豪,93.90,95.60,93.70,93.80,-0.60,1634746,154454122,1554
2026-01-20,TPEx,5450,南良,14.20,14.35,14.15,14.35,+0.05,46307,659084,51
2026-01-20,TPEx,5452,佶優,36.55,36.90,34.05,35.00,-2.00,8781787,310625940,5602
2026-01-20,TPEx,5455,昇益,29.75,29.75,28.45,29.50,+0.60,9200,267985,16
2026-01-20,TPEx,5457,宣德,39.50,39.50,39.00,39.05,-0.45,290271,11359231,281
2026-01-20,TPEx,5460,同協,16.35,16.35,16.00,16.00,-0.30,131543,2120821,166
2026-01-20,TPEx,5464,霖宏,25.75,25.80,25.05,25.80,+0.10,38352,983352,38
2026-01-20,TPEx,5465,富驊,31.25,31.35,30.60,30.70,-0.50,238229,7343195,218
2026-01-20,TPEx,5468,凱鈺,20.50,20.50,20.00,20.00,-0.65,165940,3349726,162
2026-01-20,TPEx,5474,聰泰,163.50,165.50,162.50,162.50,-1.50,140387,22971020,310
2026-01-20,TPEx,5475,德宏,109.50,119.50,106.00,108.50,-3.00,11545007,1302933274,9593
2026-01-20,TPEx,5478,智冠,104.00,104.50,102.50,102.50,-1.50,228048,23565365,322
2026-01-20,TPEx,5481,新華,23.35,23.45,23.00,23.30,0.00,223170,5199146,130
2026-01-20,TPEx,5483,中美晶,118.00,122.00,116.00,119.00,+1.00,12074061,1442742543,7428
2026-01-20,TPEx,5487,通泰,29.10,29.40,28.85,29.20,+0.10,39854,1156633,29
2026-01-20,TPEx,5488,松普,9.98,10.00,9.85,9.98,+0.06,358097,3562929,156
2026-01-20,TPEx,5489,彩富,41.45,41.50,41.10,41.40,+0.15,45901,1894419,51
2026-01-20,TPEx,5490,同亨,26.90,27.10,26.75,26.85,-0.15,245125,6591847,318
2026-01-20,TPEx,5493,三聯,91.30,94.50,91.20,92.50,+0.70,179470,16763142,483
2026-01-20,TPEx,5498,凱崴,69.40,73.90,67.60,69.10,-2.90,24832696,1747317042,17631
2026-01-20,TPEx,5508,永信建,62.00,62.00,61.20,61.20,-0.60,493237,30352865,1335
2026-01-20,TPEx,5511,德昌,69.50,70.00,69.50,69.70,+0.20,110573,7709815,138
2026-01-20,TPEx,5512,力麒,8.01,8.03,7.93,7.94,-0.06,728454,5797686,594
2026-01-20,TPEx,5514,三豐,15.80,15.80,15.80,15.80,0.00,2559,40385,14
2026-01-20,TPEx,5516,雙喜,15.45,15.85,15.25,15.55,-0.50,110265,1700918,86
2026-01-20,TPEx,5520,力泰,89.10,89.20,89.00,89.00,-0.20,9416,838470,15
2026-01-20,TPEx,5523,豐謙,30.05,30.20,30.00,30.20,0.00,72165,2172265,60
2026-01-20,TPEx,5529,鉅陞,28.30,28.30,27.60,27.60,-0.70,215435,6000802,102
2026-01-20,TPEx,5530,龍巖,57.90,58.00,56.50,57.30,-0.70,893426,51176685,1169
2026-01-20,TPEx,5536,聖暉*,744.00,745.00,702.00,709.00,-43.00,3956154,2846361141,14274
2026-01-20,TPEx,5543,桓鼎-KY,33.85,34.00,33.00,33.90,0.00,76829,2566133,124
2026-01-20,TPEx,5548,安倉,23.50,23.75,23.40,23.40,-0.10,59902,1405365,32
2026-01-20,TPEx,5601,台聯櫃,35.20,36.60,35.20,36.60,+0.60,30000,1088100,11
2026-01-20,TPEx,5603,陸海,18.60,18.65,18.55,18.55,-0.10,85455,1588786,221
2026-01-20,TPEx,5604,中連,37.55,37.60,37.30,37.60,+0.05,29462,1104674,47
2026-01-20,TPEx,5609,中菲行,79.90,80.30,79.50,80.30,+0.60,194937,15593288,234
2026-01-20,TPEx,5701,劍湖山,4.30,4.30,4.03,4.10,+0.11,87110,362775,78
2026-01-20,TPEx,5703,亞都,14.70,14.70,14.70,14.70,0.00,3000,44100,3
2026-01-20,TPEx,5704,老爺知,26.00,26.00,25.85,25.90,-0.10,28884,749116,64
2026-01-20,TPEx,5864,致和證,18.80,20.20,18.70,20.10,+1.15,8652513,168854787,2190
2026-01-20,TPEx,5878,台名,41.70,41.70,41.70,41.70,-0.10,9662,402967,7
2026-01-20,TPEx,5902,德記,41.30,41.30,41.30,41.30,+0.10,11020,455123,9
2026-01-20,TPEx,5903,全家,190.50,191.50,190.50,191.50,+0.50,35152,6715328,208
2026-01-20,TPEx,5904,寶雅,422.00,422.00,412.50,412.50,-7.50,464289,192579439,3586
2026-01-20,TPEx,5905,南仁湖,9.08,9.13,9.00,9.01,-0.07,1155627,10446333,571
2026-01-20,TPEx,6015,宏遠證,13.20,13.35,13.05,13.10,-0.20,2477996,32639325,831
2026-01-20,TPEx,6016,康和證,15.90,16.10,15.70,15.85,-0.10,5017078,79756737,1505
2026-01-20,TPEx,6020,大展證,19.30,19.30,19.20,19.20,-0.20,5090,98046,4
2026-01-20,TPEx,6021,美好證,28.80,29.20,28.65,29.15,+0.20,433588,12531807,268
2026-01-20,TPEx,6023,元大期,94.40,95.50,94.20,94.80,0.00,57614,5455960,1023
2026-01-20,TPEx,6026,福邦證,14.45,14.70,14.35,14.50,0.00,1607206,23370721,555
2026-01-20,TPEx,6101,寬魚國際,36.90,37.10,36.60,37.10,+0.15,40553,1499399,28
2026-01-20,TPEx,6103,合邦,,,,,,0,0,0
2026-01-20,TPEx,6104,創惟,101.50,105.50,100.00,102.50,+1.00,2628513,272481774,2261
2026-01-20,TPEx,6109,亞元,12.35,12.45,12.20,12.35,0.00,269704,3319150,169
2026-01-20,TPEx,6111,大宇資,47.20,47.95,47.10,47.10,-0.50,337901,16020146,427
2026-01-20,TPEx,6113,亞矽,23.70,23.70,23.05,23.05,-0.85,494633,11525724,497
2026-01-20,TPEx,6114,久威,31.25,31.25,31.05,31.10,-0.15,24200,754300,27
2026-01-20,TPEx,6118,建達,19.40,19.65,19.20,19.20,-0.25,193188,3757201,182
2026-01-20,TPEx,6121,新普,355.50,357.50,353.50,357.00,+4.00,445120,158454877,625
2026-01-20,TPEx,6122,擎邦,62.00,64.00,60.80,62.70,+3.20,10693768,669821602,14233
2026-01-20,TPEx,6123,上奇,45.50,45.85,45.50,45.75,-0.10,52286,2386792,102
2026-01-20,TPEx,6124,業強,31.75,31.75,30.70,30.70,+1.00,436372,13604645,640
2026-01-20,TPEx,6125,廣運,70.20,71.60,69.50,70.40,+0.20,1417915,100315046,1452
2026-01-20,TPEx,6126,信音,35.00,35.70,34.25,34.25,-1.05,2642749,92096780,2225
2026-01-20,TPEx,6127,九豪,41.70,42.40,40.15,41.35,0.00,14775347,610654712,10442
2026-01-20,TPEx,6129,普誠,15.45,15.45,15.00,15.00,-0.30,631671,9574424,450
2026-01-20,TPEx,6130,上亞科技,41.85,42.25,40.50,41.55,-0.15,251611,10321693,253
2026-01-20,TPEx,6134,萬旭,32.15,32.85,30.90,31.05,-1.30,2479944,77837487,1884
2026-01-20,TPEx,6138,茂達,219.00,224.00,217.50,223.50,+3.50,297411,65988358,495
2026-01-20,TPEx,6140,訊達,26.00,26.45,25.95,26.00,0.00,110933,2895687,161
2026-01-20,TPEx,6143,振曜,109.50,113.00,109.00,110.50,+0.50,700877,77917406,689
2026-01-20,TPEx,6144,得利影,19.10,19.15,18.65,18.85,+0.25,10252,194415,19
2026-01-20,TPEx,6146,耕興,170.00,172.00,170.00,172.00,0.00,137063,23515011,239
2026-01-20,TPEx,6147,頎邦,58.10,60.00,57.60,59.50,+1.30,6735075,397589177,4203
2026-01-20,TPEx,6148,驊宏資,38.10,38.80,38.00,38.10,+0.05,299954,11475697,349
2026-01-20,TPEx,6150,撼訊,67.80,68.20,66.10,66.20,-0.70,291289,19465315,503
2026-01-20,TPEx,6151,晉倫,31.80,32.50,31.65,31.80,0.00,236563,7537349,255
2026-01-20,TPEx,6154,順發,13.50,13.85,13.50,13.70,+0.15,64041,877148,101
2026-01-20,TPEx,6156,松上,23.00,23.75,22.75,23.65,+0.85,2583244,60468618,1416
2026-01-20,TPEx,6158,禾昌,21.95,21.95,21.75,21.85,-0.10,148308,3231723,108
2026-01-20,TPEx,6160,欣技,18.40,18.40,17.60,17.70,-0.45,248587,4457146,227
2026-01-20,TPEx,6161,捷波,44.80,44.85,44.45,44.50,-0.30,115043,5137118,317
2026-01-20,TPEx,6163,華電網,71.00,76.60,70.40,71.30,+1.00,19429088,1415372055,12529
2026-01-20,TPEx,6167,久正,12.90,13.05,12.70,12.85,+0.05,378080,4849721,282
2026-01-20,TPEx,6169,昱泉,19.10,19.20,19.05,19.10,0.00,60460,1154489,92
2026-01-20,TPEx,6170,統振,50.10,50.10,49.80,49.80,-0.20,197851,9869925,186
2026-01-20,TPEx,6171,大城地產,28.10,28.10,28.10,28.10,-0.10,1070,30071,3
2026-01-20,TPEx,6173,信昌電,77.30,77.60,74.60,76.20,-1.90,13882522,1057512792,10968
2026-01-20,TPEx,6174,安碁,22.80,22.90,22.25,22.75,-0.15,257456,5811337,255
2026-01-20,TPEx,6175,立敦,55.10,55.10,53.80,54.70,-0.80,2465013,134172595,3402
2026-01-20,TPEx,6179,亞通,30.35,30.45,29.85,29.95,-0.40,976794,29447054,651
2026-01-20,TPEx,6180,橘子,53.10,53.40,53.00,53.10,0.00,445535,23659073,370
2026-01-20,TPEx,6182,合晶,38.85,40.75,37.85,39.65,+0.80,40317929,1604480334,21340
2026-01-20,TPEx,6185,幃翔,15.10,15.15,14.95,15.00,-0.05,107455,1614304,149
2026-01-20,TPEx,6186,新潤,48.85,49.10,48.65,48.80,-0.05,402246,19634423,503
2026-01-20,TPEx,6187,萬潤,367.00,377.00,367.00,375.00,+4.50,742267,277518495,1339
2026-01-20,TPEx,6188,廣明,108.50,109.50,107.00,107.50,-1.50,2755807,297713385,2653
2026-01-20,TPEx,6190,萬泰科,49.20,51.00,48.70,49.50,+0.40,7893970,394218920,5594
2026-01-20,TPEx,6194,育富,34.70,35.10,34.55,34.60,-0.10,93122,3233727,53
2026-01-20,TPEx,6195,詩肯,25.50,25.50,25.35,25.45,-0.05,27159,690555,85
2026-01-20,TPEx,6198,瑞築,26.30,26.50,26.30,26.45,-0.05,101301,2681635,24
2026-01-20,TPEx,6199,天品,111.50,116.00,111.00,114.50,+1.50,412478,47133773,339
2026-01-20,TPEx,6203,海韻電,67.90,68.90,67.90,68.90,+0.60,140930,9653004,196
2026-01-20,TPEx,6204,艾華,91.80,94.90,91.80,91.80,+0.80,615701,57255583,1060
2026-01-20,TPEx,6207,雷科,54.00,58.30,53.20,56.10,+1.50,4743948,267012958,4004
2026-01-20,TPEx,6208,日揚,44.70,44.70,44.30,44.30,-0.40,32454,1443873,46
2026-01-20,TPEx,6210,慶生,20.85,20.85,20.50,20.50,-0.35,49767,1024008,40
2026-01-20,TPEx,6212,理銘,39.45,40.20,39.15,39.15,-0.30,5000,198400,5
2026-01-20,TPEx,6217,中探針,59.50,63.80,59.20,63.80,+5.80,46476792,2881935950,27767
2026-01-20,TPEx,6218,豪勉,25.65,25.75,25.20,25.40,-0.25,144339,3664762,205
2026-01-20,TPEx,6219,富旺,17.35,17.35,17.00,17.00,-0.35,551883,9458599,432
2026-01-20,TPEx,6220,岳豐,26.20,26.40,25.90,26.40,+0.25,457963,12000360,232
2026-01-20,TPEx,6221,晉泰,31.40,31.55,30.60,30.80,-0.75,354461,11006742,386
2026-01-20,TPEx,6222,立軒,19.25,19.25,18.90,19.05,-0.05,42000,801800,35
2026-01-20,TPEx,6223,旺矽,2290.00,2475.00,2275.00,2450.00,+135.00,2363640,5740310435,7379
2026-01-20,TPEx,6227,茂綸,90.60,92.90,90.00,90.20,-1.10,649098,59025010,637
2026-01-20,TPEx,6228,全譜,25.65,25.85,25.45,25.85,+0.20,18859,481529,22
2026-01-20,TPEx,6229,研通,25.05,25.25,24.65,24.75,-0.45,137230,3416041,186
2026-01-20,TPEx,6231,系微,209.00,210.00,205.50,206.50,-3.00,462725,95732627,1156
2026-01-20,TPEx,6233,旺玖,24.65,24.65,24.25,24.50,-0.15,481930,11789393,296
2026-01-20,TPEx,6234,高僑,30.00,31.30,29.40,29.50,-0.05,6132989,185282139,3263
2026-01-20,TPEx,6236,中湛,25.15,25.15,25.15,25.15,+0.75,1000,25150,1
2026-01-20,TPEx,6237,驊訊,40.85,41.10,40.35,40.50,-0.40,270921,11024578,375
2026-01-20,TPEx,6240,松崗,18.80,18.80,18.80,18.80,+0.15,3000,56400,2
2026-01-20,TPEx,6241,易通展,13.45,13.45,13.10,13.30,0.00,54359,721481,63
2026-01-20,TPEx,6242,立康,38.80,39.15,38.80,39.05,+0.15,7770,302654,15
2026-01-20,TPEx,6244,茂迪,23.05,23.85,22.60,23.20,+0.20,14384176,336518303,6140
2026-01-20,TPEx,6245,立端,69.30,70.40,69.10,69.90,+0.80,580951,40602545,732
2026-01-20,TPEx,6246,臺龍,13.60,13.70,13.55,13.70,+0.15,51587,701508,56
2026-01-20,TPEx,6248,沛波,21.25,21.30,21.15,21.20,-0.05,173091,3671046,135
2026-01-20,TPEx,6259,百徽,17.75,17.75,17.40,17.60,-0.15,99763,1748216,83
2026-01-20,TPEx,6261,久元,71.00,72.60,71.00,72.20,+1.00,726272,52348664,736
2026-01-20,TPEx,6263,普萊德,127.50,127.50,126.00,126.50,0.00,98628,12469717,189
2026-01-20,TPEx,6264,富裔,6.97,7.08,6.97,7.07,+0.08,173050,1212133,40
2026-01-20,TPEx,6265,方土昶,48.55,56.50,48.40,52.30,-0.30,21637245,1155770297,13796
2026-01-20,TPEx,6266,泰詠,30.05,30.05,29.70,29.70,-0.35,269882,8041757,499
2026-01-20,TPEx,6270,倍微,26.05,26.15,25.60,25.70,-0.30,469514,12118029,571
2026-01-20,TPEx,6274,台燿,469.00,484.00,468.50,475.00,+4.50,5958462,2838231243,7078
2026-01-20,TPEx,6275,元山,61.60,61.90,59.20,59.40,-1.40,7409003,447111386,5056
2026-01-20,TPEx,6276,安鈦克,37.80,38.85,37.35,37.75,-0.35,44189,1674623,94
2026-01-20,TPEx,6279,胡連,129.00,129.00,125.00,127.00,-2.00,629510,79570164,909
2026-01-20,TPEx,6284,佳邦,91.20,91.40,89.10,90.40,-2.40,4670764,421120922,4750
2026-01-20,TPEx,6290,良維,166.50,168.50,165.00,166.50,0.00,2186083,365439448,1717
2026-01-20,TPEx,6291,沛亨,173.50,188.00,173.50,184.00,+9.50,716658,131283836,668
2026-01-20,TPEx,6292,迅德,41.50,41.95,41.50,41.70,-0.25,43097,1795341,72
2026-01-20,TPEx,6294,智基,44.20,44.50,44.05,44.30,-0.10,53662,2372363,108
2026-01-20,TPEx,6411,晶焱,83.30,87.20,82.10,85.20,+1.90,962279,81740795,2067
2026-01-20,TPEx,6417,韋僑,115.50,117.50,115.00,116.00,0.00,187542,21675454,231
2026-01-20,TPEx,6418,詠昇,39.30,40.25,39.00,39.40,+0.30,230216,9151820,194
2026-01-20,TPEx,6419,京晨科,78.50,79.40,76.90,76.90,-0.70,84315,6559394,1521
2026-01-20,TPEx,6425,易發,83.20,83.80,81.90,81.90,-1.30,527186,43511030,559
2026-01-20,TPEx,6432,今展科,36.60,38.40,35.75,37.70,+1.40,1419879,53306154,990
2026-01-20,TPEx,6435,大中,125.50,139.00,124.00,139.00,+12.50,1794735,243391022,3041
2026-01-20,TPEx,6441,廣錠,22.50,22.85,22.35,22.40,-0.10,116070,2615021,157
2026-01-20,TPEx,6461,益得,23.90,23.90,22.45,22.95,-0.15,667275,15331430,441
2026-01-20,TPEx,6462,神盾,119.00,119.00,116.00,117.00,-2.00,723589,85073338,800
2026-01-20,TPEx,6465,威潤,35.85,36.60,35.00,35.40,-0.45,282783,10041671,349
2026-01-20,TPEx,6469,大樹,92.60,98.50,92.20,96.40,+4.00,2098429,202399037,6682
2026-01-20,TPEx,6470,宇智,44.35,45.20,44.35,44.95,+1.10,245801,11020579,274
2026-01-20,TPEx,6474,華豫寧,36.50,36.70,36.40,36.45,+0.05,27942,1019784,31
2026-01-20,TPEx,6482,弘煜科,38.40,38.90,37.80,38.90,+0.30,29650,1130671,36
2026-01-20,TPEx,6485,點序,112.50,116.00,105.00,114.00,-2.00,6341229,695374192,5123
2026-01-20,TPEx,6486,互動,84.90,86.10,84.40,84.60,-0.30,201394,17133615,466
2026-01-20,TPEx,6488,環球晶,499.00,521.00,486.50,502.00,+3.00,9515043,4837170372,12250
2026-01-20,TPEx,6492,生華科,45.85,46.50,45.20,45.95,+0.85,418890,19276003,412
2026-01-20,TPEx,6494,九齊,36.75,36.80,36.30,36.40,-0.10,96462,3520349,148
2026-01-20,TPEx,6496,科懋,30.20,30.50,29.50,30.10,+0.15,174438,5237903,97
2026-01-20,TPEx,6498,久禾光,88.70,89.70,88.70,88.70,0.00,25213,2242084,44
2026-01-20,TPEx,6499,益安,93.90,94.60,92.50,92.90,-0.80,282402,26290634,369
2026-01-20,TPEx,6506,雙邦,15.80,15.90,15.80,15.85,-0.05,55020,873568,40
2026-01-20,TPEx,6508,惠光,23.70,23.70,23.50,23.70,0.00,45932,1084164,137
2026-01-20,TPEx,6509,聚和,34.20,34.30,33.70,34.00,-0.25,392959,13345671,570
2026-01-20,TPEx,6510,精測,2500.00,2715.00,2450.00,2715.00,+245.00,734853,1953031965,1849
2026-01-20,TPEx,6512,啟發電,20.70,20.95,20.60,20.95,+0.15,27279,566807,177
2026-01-20,TPEx,6516,勤崴國際,65.40,65.90,64.90,65.90,+0.50,43902,2866551,132
2026-01-20,TPEx,6517,保勝光學,77.30,81.00,77.00,77.80,+0.70,2370153,187231808,4505
2026-01-20,TPEx,6523,達爾膚,117.50,119.00,117.50,117.50,0.00,41860,4940916,69
2026-01-20,TPEx,6527,明達醫,76.60,77.10,76.60,77.10,-0.50,8170,627260,10
2026-01-20,TPEx,6530,創威,58.80,60.60,58.80,59.40,+0.60,693188,41533850,770
2026-01-20,TPEx,6532,瑞耘,58.30,58.70,58.10,58.60,+0.40,106973,6255776,121
2026-01-20,TPEx,6535,順藥,182.00,183.50,180.50,181.00,-1.00,160132,29016300,286
2026-01-20,TPEx,6538,倉和,69.10,70.50,69.10,69.80,0.00,66443,4634294,506
2026-01-20,TPEx,6542,隆中,48.15,48.15,46.50,46.50,-1.05,22200,1047009,25
2026-01-20,TPEx,6546,正基,68.00,69.20,67.20,67.40,-0.60,533411,36319858,675
2026-01-20,TPEx,6547,高端疫苗,37.55,37.75,37.05,37.05,-0.40,1005657,37571132,817
2026-01-20,TPEx,6548,長科*,49.50,55.30,49.20,55.30,+5.00,28496003,1500728509,14970
2026-01-20,TPEx,6556,勝品,70.00,70.00,70.00,70.00,0.00,6065,424550,7
2026-01-20,TPEx,6560,欣普羅,40.65,41.10,40.10,41.05,+0.45,85420,3473832,48
2026-01-20,TPEx,6561,是方,355.50,356.50,347.50,348.00,-7.50,136178,47673576,461
2026-01-20,TPEx,6568,宏觀,134.50,135.00,131.00,131.00,-3.50,320960,42644768,701
2026-01-20,TPEx,6569,醫揚,108.50,109.00,107.50,107.50,-1.00,17753,1920912,68
2026-01-20,TPEx,6570,維田,41.45,41.45,40.85,40.95,-0.50,74495,3063241,120
2026-01-20,TPEx,6574,霈方,66.50,66.50,66.50,66.50,+0.50,2172,144961,18
2026-01-20,TPEx,6576,逸達,80.00,80.00,79.60,79.90,-0.10,104539,8350606,102
2026-01-20,TPEx,6577,勁豐,72.60,72.70,72.40,72.60,-0.10,24357,1767249,46
2026-01-20,TPEx,6578,達邦蛋白,19.75,20.00,19.40,19.85,+0.25,163733,3206710,125
2026-01-20,TPEx,6584,南俊國際,302.00,315.50,300.50,309.00,+3.00,503935,155933359,2479
2026-01-20,TPEx,6588,東典光電,49.50,51.20,48.90,50.00,+0.50,647905,32665895,784
2026-01-20,TPEx,6590,普鴻,73.50,74.10,73.50,74.10,+1.00,15769,1165556,29
2026-01-20,TPEx,6593,台灣銘板,37.50,38.25,37.25,38.05,-0.05,49567,1881505,275
2026-01-20,TPEx,6596,寬宏藝術,141.00,142.00,140.00,140.00,0.00,222026,31262066,226
2026-01-20,TPEx,6597,立誠,52.00,56.10,52.00,56.10,+5.10,36435,1984847,42
2026-01-20,TPEx,6603,富強鑫,32.20,34.00,32.00,33.60,+1.60,8271292,273046746,4732
2026-01-20,TPEx,6609,瀧澤科,46.00,46.00,43.20,43.95,-2.10,1509467,66658064,1317
2026-01-20,TPEx,6612,奈米醫材,84.20,84.30,83.70,83.90,-0.40,22298,1872798,74
2026-01-20,TPEx,6613,朋億*,198.50,199.50,196.00,197.50,-3.00,267745,52936729,852
2026-01-20,TPEx,6615,慧智,29.90,30.00,29.50,29.50,0.00,10190,304304,14
2026-01-20,TPEx,6616,特昇-KY,10.30,10.40,10.20,10.25,0.00,31039,319884,34
2026-01-20,TPEx,6617,共信-KY,78.50,80.90,78.50,79.60,+0.70,137786,11019581,168
2026-01-20,TPEx,6620,漢達,89.60,89.80,87.30,87.70,-1.80,495740,43823976,703
2026-01-20,TPEx,6624,萬年清,64.00,64.80,63.70,64.40,+1.10,106938,6864936,101
2026-01-20,TPEx,6629,泰金-KY,118.00,124.50,118.00,124.50,+4.50,10677,1303804,171
2026-01-20,TPEx,6637,醫影,79.60,80.40,79.50,79.60,0.00,71098,5688372,131
2026-01-20,TPEx,6640,均華,707.00,707.00,688.00,705.00,+10.00,377913,263953499,862
2026-01-20,TPEx,6642,富致,54.50,55.50,54.00,54.00,-1.00,412261,22535632,518
2026-01-20,TPEx,6643,M31,420.50,433.00,416.00,426.00,0.00,697896,295673168,1549
2026-01-20,TPEx,6649,台生材,50.00,51.10,50.00,50.00,-0.20,96444,4861237,93
2026-01-20,TPEx,6651,全宇昕,81.00,82.80,81.00,82.50,+0.30,73560,6038855,68
2026-01-20,TPEx,6654,天正國際,97.00,97.00,95.00,96.10,-0.90,46807,4485763,95
2026-01-20,TPEx,6661,威健生技,19.20,19.20,18.80,19.00,-0.10,14012,266329,13
2026-01-20,TPEx,6662,樂斯科,30.25,30.55,30.05,30.55,+0.30,23086,696522,37
2026-01-20,TPEx,6664,群翊,288.00,297.00,285.00,289.50,+1.50,530074,154975367,906
2026-01-20,TPEx,6667,信紘科,265.00,271.00,261.50,267.50,+4.50,453440,120457174,710
2026-01-20,TPEx,6679,鈺太,175.00,177.50,174.50,176.00,+1.00,78106,13744925,107
2026-01-20,TPEx,6680,鑫創電子,70.00,71.00,68.60,71.00,+2.40,26896,1827850,129
2026-01-20,TPEx,6683,雍智科技,439.50,457.50,430.50,447.00,+7.50,1819072,815044076,2788
2026-01-20,TPEx,6684,安格,50.10,50.70,49.80,49.80,-0.30,107762,5401802,222
2026-01-20,TPEx,6690,安碁資訊,170.50,170.50,168.50,168.50,0.00,25104,4238556,211
2026-01-20,TPEx,6692,進能服,32.70,32.70,31.90,32.30,-0.50,32818,1056773,57
2026-01-20,TPEx,6693,廣閎科,88.70,89.20,86.90,88.80,+0.10,195596,17272115,171
2026-01-20,TPEx,6697,東捷資訊,48.00,48.00,47.70,47.80,-0.35,34120,1632918,30
2026-01-20,TPEx,6703,軒郁,107.50,108.50,107.50,108.00,0.00,31336,3392006,85
2026-01-20,TPEx,6708,天擎,45.80,45.80,43.00,43.00,-0.50,18525,812796,55
2026-01-20,TPEx,6712,長聖,157.00,158.50,157.00,158.50,+1.50,408463,64467413,459
2026-01-20,TPEx,6716,應廣,47.35,47.60,47.10,47.10,-0.25,34256,1622011,30
2026-01-20,TPEx,6720,久昌,129.00,140.00,128.50,136.50,+7.50,276969,37266572,471
2026-01-20,TPEx,6721,信實,62.20,62.20,62.10,62.10,+0.20,2130,132354,5
2026-01-20,TPEx,6725,矽科宏晟,269.50,269.50,262.50,263.00,-3.50,236255,62493381,542
2026-01-20,TPEx,6727,亞泰金屬,178.00,183.50,176.50,181.50,+5.50,547445,99083107,667
2026-01-20,TPEx,6728,上洋,144.00,144.00,138.00,138.00,-5.00,48430,6765724,1060
2026-01-20,TPEx,6730,常廣,36.10,36.10,35.60,35.80,-0.30,38200,1372209,39
2026-01-20,TPEx,6732,昇佳電子,176.00,179.00,176.00,178.50,+1.00,135463,24080434,749
2026-01-20,TPEx,6733,博晟生醫,37.85,38.25,37.45,37.55,-0.30,233134,8772839,242
2026-01-20,TPEx,6735,美達科技,67.30,70.40,66.70,70.40,+6.40,376204,26004656,319
2026-01-20,TPEx,6739,竹陞科技,700.00,710.00,697.00,705.00,0.00,154595,108555836,928
2026-01-20,TPEx,6741,91APP*-KY,71.80,72.30,70.60,71.20,-0.90,407981,29060629,587
2026-01-20,TPEx,6751,智聯服務,58.50,65.30,57.20,65.30,+5.90,364789,22931049,447
2026-01-20,TPEx,6752,叡揚,125.00,125.00,122.50,123.00,-1.00,38710,4769800,141
2026-01-20,TPEx,6761,穩得,132.00,139.50,131.50,137.00,+5.50,542804,74349872,707
2026-01-20,TPEx,6762,達亞,174.00,174.00,172.00,173.00,+1.00,12532,2159819,27
2026-01-20,TPEx,6763,綠界科技*,55.70,55.70,55.20,55.40,-0.20,668797,37039738,583
2026-01-20,TPEx,6767,台微醫,29.90,29.90,28.00,28.15,+0.45,14000,402100,13
2026-01-20,TPEx,6785,昱展新藥,269.00,274.00,269.00,272.00,+5.00,112960,30665772,417
2026-01-20,TPEx,6788,華景電,344.00,355.00,340.50,348.00,+4.00,1597488,556543159,1839
2026-01-20,TPEx,6791,虎門科技,111.00,112.00,110.00,110.50,+0.50,29804,3308625,55
2026-01-20,TPEx,6803,崑鼎,306.00,306.00,303.00,306.00,0.00,94752,28828478,1370
2026-01-20,TPEx,6804,明係,17.70,17.75,17.45,17.60,0.00,26000,458850,21
2026-01-20,TPEx,6811,宏碁資訊,207.50,210.50,207.00,209.50,+2.50,66482,13894742,385
2026-01-20,TPEx,6821,聯寶,37.50,37.50,36.00,36.15,-0.65,101021,3673375,81
2026-01-20,TPEx,6823,濾能,75.10,75.70,73.50,73.90,-1.20,194714,14474943,198
2026-01-20,TPEx,6829,千附精密,115.00,117.50,114.00,115.00,+0.50,442968,51295329,451
2026-01-20,TPEx,6840,東研信超,83.80,83.80,78.50,81.00,+4.80,4065006,334005483,3761
2026-01-20,TPEx,6841,長佳智能,69.10,69.10,67.70,67.70,-1.50,309644,21138993,690
2026-01-20,TPEx,6843,進典,52.30,52.90,49.90,50.90,-0.10,98504,4979917,74
2026-01-20,TPEx,6844,諾貝兒,69.10,69.10,64.60,66.90,-3.10,112200,7369977,213
2026-01-20,TPEx,6846,綠茵,74.20,74.50,73.40,73.80,-0.10,17948,1325775,65
2026-01-20,TPEx,6855,數泓科,123.00,123.00,120.50,122.00,+3.00,9219,1122172,31
2026-01-20,TPEx,6856,鑫傳,,,,,,0,0,0
2026-01-20,TPEx,6859,伯特光,109.00,109.00,108.50,108.50,-0.50,14279,1552933,64
2026-01-20,TPEx,6865,偉康科技,47.30,47.80,46.70,47.70,-0.10,9221,437298,14
2026-01-20,TPEx,6870,騰雲,202.00,205.50,201.00,203.00,+0.50,48101,9756128,180
2026-01-20,TPEx,6872,浩宇生醫,20.50,20.50,20.30,20.30,-0.20,84140,1710971,32
2026-01-20,TPEx,6874,倍力,66.50,67.20,66.40,67.20,0.00,14052,935525,18
2026-01-20,TPEx,6875,國邑*,49.00,50.00,48.40,48.60,-0.90,163920,8000516,158
2026-01-20,TPEx,6877,鏵友益,86.10,91.10,84.70,88.50,+3.50,465215,41331588,444
2026-01-20,TPEx,6881,潤德,,,,,,200,46000,3
2026-01-20,TPEx,6884,海柏特,37.00,37.40,36.90,36.90,-0.50,21137,785252,26
2026-01-20,TPEx,6894,衛司特,229.00,235.00,225.50,234.00,+7.00,84927,19557785,427
2026-01-20,TPEx,6895,宏碩系統,176.00,183.50,176.00,178.50,+2.50,134770,24208805,165
2026-01-20,TPEx,6899,創為精密,54.00,54.00,53.50,53.50,+0.20,6030,325096,7
2026-01-20,TPEx,6903,巨漢,269.00,291.50,268.00,289.50,+18.50,2275409,640675554,3549
2026-01-20,TPEx,6904,伯鑫,124.50,124.50,124.50,124.50,+0.50,1001,124628,2
2026-01-20,TPEx,6910,德鴻,37.40,37.70,36.95,37.40,0.00,113720,4238505,80
2026-01-20,TPEx,6913,鴻呈,117.50,118.50,114.50,116.50,-1.00,128005,14951670,454
2026-01-20,TPEx,6922,宸曜,159.50,163.00,158.50,162.00,+4.50,53342,8607805,90
2026-01-20,TPEx,6925,意藍,93.00,93.00,90.10,92.00,-1.10,139717,12784903,555
2026-01-20,TPEx,6929,佑全,30.20,30.80,30.20,30.80,+0.60,6215,188939,12
2026-01-20,TPEx,6953,家碩,259.00,262.00,251.00,254.50,-4.50,168773,43281128,994
2026-01-20,TPEx,6967,汎瑋材料,71.70,74.20,71.70,73.30,+1.70,149840,10999936,152
2026-01-20,TPEx,6968,萬達寵物,53.60,54.00,53.00,53.00,-0.60,44304,2361989,77
2026-01-20,TPEx,6971,惠民實業,30.55,30.95,30.10,30.10,-0.45,139379,4242803,98
2026-01-20,TPEx,6982,大井泵浦,64.00,64.00,63.00,63.20,-0.70,59938,3796200,66
2026-01-20,TPEx,6996,力領科技,161.00,164.50,161.00,164.00,+2.00,59503,9734531,92
2026-01-20,TPEx,6997,博弘,88.90,88.90,88.50,88.50,+0.50,3000,266300,3
2026-01-20,TPEx,7402,邑錡,137.00,141.50,135.50,138.00,+6.00,2459181,340305979,2406
2026-01-20,TPEx,7547,碩網,60.70,61.80,60.70,61.80,+1.60,89264,5490172,102
2026-01-20,TPEx,7556,意德士,164.00,165.00,163.00,165.00,0.00,21382,3514171,49
2026-01-20,TPEx,7584,樂意,39.50,39.85,38.85,38.95,-0.75,25144,983779,29
2026-01-20,TPEx,7642,昶瑞機電,89.10,95.10,88.70,90.00,+2.30,404470,36966222,955
2026-01-20,TPEx,7703,銳澤,226.00,226.00,220.50,222.00,-6.00,271872,60563287,557
2026-01-20,TPEx,7704,明遠精密,46.85,47.35,46.00,47.35,+0.50,80120,3750442,48
2026-01-20,TPEx,7708,全家餐飲,94.60,94.70,94.60,94.60,0.00,11323,1071497,41
2026-01-20,TPEx,7709,榮田,40.50,40.60,40.30,40.60,+0.30,51026,2060551,41
2026-01-20,TPEx,7712,博盛半導體,82.70,84.60,82.10,83.10,+0.70,342579,28526689,317
2026-01-20,TPEx,7713,威力德生醫,,,,,,200,14255,23
2026-01-20,TPEx,7714,創泓科技,169.50,179.50,169.50,174.50,+7.50,887390,155492636,1836
2026-01-20,TPEx,7715,裕山,36.10,37.30,35.50,35.95,+0.05,642591,23294363,513
2026-01-20,TPEx,7716,昱臺國際,25.50,26.00,25.50,26.00,+0.30,8000,206600,7
2026-01-20,TPEx,7717,萊德光電-KY,468.00,483.00,460.50,467.00,+3.00,644606,304715645,1427
2026-01-20,TPEx,7718,友鋮,45.85,47.10,45.85,46.55,-0.45,16041,741366,15
2026-01-20,TPEx,7723,築間,34.40,35.80,34.40,34.40,+0.35,290797,10136930,247
2026-01-20,TPEx,7728,光焱科技,641.00,682.00,641.00,682.00,+62.00,154264,102753228,314
2026-01-20,TPEx,7734,印能科技,958.00,1045.00,956.00,1010.00,+50.00,194649,196993007,1013
2026-01-20,TPEx,7738,東聯互動,174.50,176.50,173.50,173.50,-1.00,43165,7541161,75
2026-01-20,TPEx,7743,金利食安,20.10,21.05,20.10,21.05,+1.00,47728,986900,32
2026-01-20,TPEx,7744,崴寶,332.50,336.50,327.00,329.00,-3.00,100340,33127773,135
2026-01-20,TPEx,7747,昕奇雲端,121.00,121.00,119.00,120.00,-1.00,18512,2221959,78
2026-01-20,TPEx,7751,竑騰,804.00,837.00,804.00,820.00,0.00,229114,188598435,580
2026-01-20,TPEx,7753,星亞,42.55,42.55,42.35,42.35,-0.25,21289,903653,21
2026-01-20,TPEx,7757,金色三麥,112.00,114.00,112.00,114.00,+1.00,8766,994846,52
2026-01-20,TPEx,7767,仁大資訊,47.50,47.50,47.25,47.25,-0.35,19531,924452,36
2026-01-20,TPEx,7770,君曜,58.00,58.00,57.40,57.40,-0.20,32250,1858799,31
2026-01-20,TPEx,7777,能率亞洲,25.80,28.25,25.35,28.25,+2.55,3322352,91827230,1932
2026-01-20,TPEx,7782,光速火箭,28.30,28.50,28.30,28.50,+0.20,13420,380131,10
2026-01-20,TPEx,7805,威聯通,618.00,618.00,594.00,597.00,-21.00,161862,97581229,1542
2026-01-20,TPEx,7810,捷創科技,279.00,280.00,267.00,273.00,-3.50,409438,112340201,973
2026-01-20,TPEx,8024,佑華,14.00,14.95,13.90,14.10,+0.25,403845,5733211,279
2026-01-20,TPEx,8027,鈦昇,109.00,112.50,108.00,111.00,+2.00,3582624,399154944,2910
2026-01-20,TPEx,8032,光菱,38.35,41.10,38.00,40.00,+1.65,460935,18274631,427
2026-01-20,TPEx,8034,榮群,26.60,29.00,26.45,27.90,+1.45,10703925,302286498,6442
2026-01-20,TPEx,8038,長園科,57.40,57.50,56.20,57.50,-0.50,2081652,118304369,2044
2026-01-20,TPEx,8040,九暘,49.00,49.50,48.35,48.40,-0.50,197440,9646961,287
2026-01-20,TPEx,8042,金山電,72.10,73.70,70.10,71.60,0.00,9878617,707900447,7044
2026-01-20,TPEx,8043,蜜望實,97.70,98.50,94.80,96.20,-1.60,9341110,899919727,6935
2026-01-20,TPEx,8044,網家,30.45,30.60,30.00,30.30,+0.15,569613,17256185,494
2026-01-20,TPEx,8047,星雲,48.00,48.50,46.90,46.90,-1.10,125853,5932622,102
2026-01-20,TPEx,8048,德勝,53.40,56.70,53.20,55.30,+1.90,873336,48602061,1143
2026-01-20,TPEx,8049,晶采,27.10,27.15,26.95,27.00,-0.25,210787,5694187,174
2026-01-20,TPEx,8050,廣積,44.35,44.75,43.90,44.35,-0.05,233672,10380077,464
2026-01-20,TPEx,8054,安國,123.00,125.50,120.50,122.00,-1.50,2501288,306711672,2233
2026-01-20,TPEx,8059,凱碩,22.10,22.75,21.60,21.60,-0.50,765019,16861339,686
2026-01-20,TPEx,8064,東捷,56.60,57.00,55.00,55.40,-1.60,4974413,277051603,4196
2026-01-20,TPEx,8066,來思達,20.70,20.85,20.60,20.85,-0.05,22705,471503,88
2026-01-20,TPEx,8067,志旭,14.70,15.25,14.70,15.15,+0.45,26037,386742,23
2026-01-20,TPEx,8068,全達,26.70,27.10,26.00,26.05,-1.55,1389749,36691167,1130
2026-01-20,TPEx,8069,元太,176.50,182.00,175.50,176.50,+0.50,5869674,1045586852,5578
2026-01-20,TPEx,8071,能率網通,18.10,18.30,17.95,18.00,0.00,574784,10398395,339
2026-01-20,TPEx,8074,鉅橡,62.50,65.50,62.40,65.50,+5.90,7308617,472420860,3744
2026-01-20,TPEx,8076,伍豐,24.50,24.50,24.15,24.30,-0.20,555037,13458076,405
2026-01-20,TPEx,8077,洛碁,,,,,,0,0,0
2026-01-20,TPEx,8080,泰霖,41.00,43.60,40.95,40.95,-4.55,817261,34054664,798
2026-01-20,TPEx,8083,瑞穎,166.00,167.50,165.00,166.50,-0.50,113617,18880033,132
2026-01-20,TPEx,8084,巨虹,59.50,60.20,59.00,60.00,+0.10,123039,7333672,107
2026-01-20,TPEx,8085,福華,17.95,18.40,17.75,17.80,-0.15,977273,17605704,546
2026-01-20,TPEx,8086,宏捷科,110.50,121.50,110.00,121.50,+11.00,11905059,1421180657,11196
2026-01-20,TPEx,8087,麗升能源,31.65,31.65,30.55,30.70,-0.95,19042,585900,46
2026-01-20,TPEx,8088,品安,66.30,71.30,66.30,68.60,-4.50,28417027,1954479923,17736
2026-01-20,TPEx,8089,康全電訊,29.75,31.20,29.30,30.20,+0.75,561285,17122249,501
2026-01-20,TPEx,8091,翔名,136.50,137.50,134.50,137.00,0.00,300881,41056537,342
2026-01-20,TPEx,8092,建暐,14.65,14.70,14.45,14.60,+0.05,76029,1111160,73
2026-01-20,TPEx,8093,保銳,18.00,18.10,17.70,17.90,-0.35,10053,179647,23
2026-01-20,TPEx,8096,擎亞,52.00,52.00,50.20,51.20,-0.80,4578018,233427094,4283
2026-01-20,TPEx,8097,常珵,57.00,57.00,54.50,55.50,-1.80,210471,11749370,259
2026-01-20,TPEx,8099,大世科,71.00,72.00,70.90,71.50,+0.50,60823,4356274,103
2026-01-20,TPEx,8102,傑霖科技,57.80,57.90,57.70,57.70,-0.10,15260,882301,35
2026-01-20,TPEx,8107,大億金茂,16.20,16.20,15.60,16.00,-0.35,469189,7423044,383
2026-01-20,TPEx,8109,博大,109.50,112.00,109.50,112.00,+2.00,314434,34965474,274
2026-01-20,TPEx,8111,立碁,63.80,69.70,63.40,68.00,+4.60,9075170,619364044,6937
2026-01-20,TPEx,8121,越峰,32.10,34.45,31.20,33.55,+1.45,2055907,67306061,1638
2026-01-20,TPEx,8147,正淩,100.50,103.00,100.50,101.50,+0.50,78159,7943998,92
2026-01-20,TPEx,8155,博智,172.50,179.50,172.50,177.00,+3.50,1036993,183557165,1372
2026-01-20,TPEx,8171,天宇,30.60,31.75,30.00,30.80,+0.10,606788,18605624,604
2026-01-20,TPEx,8176,智捷,11.35,11.35,11.15,11.20,-0.15,188057,2113653,144
2026-01-20,TPEx,8182,加高,29.60,29.60,28.70,28.90,-0.65,249582,7223467,301
2026-01-20,TPEx,8183,精星,34.70,34.75,34.10,34.20,-0.50,269797,9274036,203
2026-01-20,TPEx,8227,巨有科技,143.50,145.50,142.50,142.50,-1.50,180773,25925092,372
2026-01-20,TPEx,8234,新漢,75.40,75.50,74.10,74.30,-0.10,556293,41612963,903
2026-01-20,TPEx,8240,華宏,43.65,44.75,43.00,43.10,-0.15,950199,41488803,853
2026-01-20,TPEx,8255,朋程,127.50,128.00,126.00,127.00,-0.50,407626,51804557,446
2026-01-20,TPEx,8272,全景軟體,79.70,79.70,78.00,79.00,+0.10,5729,450579,20
2026-01-20,TPEx,8277,商丞,9.00,9.82,8.94,9.82,+0.89,946496,9137341,500
2026-01-20,TPEx,8279,生展,124.50,126.50,123.50,124.50,0.00,90216,11239171,77
2026-01-20,TPEx,8284,三竹,63.50,63.60,63.00,63.00,-0.50,12588,796742,21
2026-01-20,TPEx,8289,泰藝,25.45,25.50,24.90,25.40,-0.20,518585,13019972,414
2026-01-20,TPEx,8299,群聯,1860.00,2005.00,1860.00,2005.00,+25.00,3015991,5862664430,11137
2026-01-20,TPEx,8342,益張,87.70,87.70,84.60,85.80,+0.90,8036,696054,12
2026-01-20,TPEx,8349,恒耀,45.60,45.60,45.00,45.05,-0.75,67938,3069110,99
2026-01-20,TPEx,8349A,恒耀甲特,45.85,45.85,45.80,45.85,0.00,10163,465715,8
2026-01-20,TPEx,8354,冠好,15.70,16.00,15.70,15.90,+0.20,138993,2204872,64
2026-01-20,TPEx,8358,金居,278.50,283.00,278.50,283.00,+5.50,3351163,941735248,3811
2026-01-20,TPEx,8383,千附,42.15,42.80,42.15,42.35,+0.20,443966,18848788,571
2026-01-20,TPEx,8390,金益鼎,96.10,99.30,95.70,99.20,+3.20,1172673,114310246,1930
2026-01-20,TPEx,8401,白紗科,29.55,29.65,29.50,29.65,0.00,34611,1024399,135
2026-01-20,TPEx,8403,盛弘,24.30,24.40,24.15,24.15,-0.05,152844,3702528,181
2026-01-20,TPEx,8409,商之器,21.30,21.30,21.00,21.00,0.00,5021,106161,24
2026-01-20,TPEx,8410,森田,39.45,39.45,38.70,39.00,-0.05,92764,3621499,94
2026-01-20,TPEx,8415,大國鋼,34.45,34.65,34.15,34.50,+0.20,613601,21131022,405
2026-01-20,TPEx,8416,實威,180.50,180.50,180.50,180.50,-0.50,1519,273589,22
2026-01-20,TPEx,8421,旭源,12.95,13.15,12.90,13.00,+0.10,33881,439541,44
2026-01-20,TPEx,8423,保綠-KY,18.50,18.55,18.50,18.55,+0.05,28761,533340,57
2026-01-20,TPEx,8424,惠普,73.50,73.50,73.40,73.40,0.00,8025,589616,11
2026-01-20,TPEx,8426,紅木-KY,28.30,28.45,28.10,28.25,+0.15,27041,765678,44
2026-01-20,TPEx,8431,匯鑽科,62.50,64.90,62.50,64.40,+2.50,3221885,205105682,2929
2026-01-20,TPEx,8432,東生華,55.50,56.60,55.50,55.70,+0.20,67288,3762978,47
2026-01-20,TPEx,8433,弘帆,58.00,58.10,56.30,56.70,-2.00,57734,3296899,193
2026-01-20,TPEx,8435,鉅邁,54.20,55.00,53.90,54.10,-0.30,59945,3255394,140
2026-01-20,TPEx,8436,大江,133.00,139.50,133.00,139.00,+6.00,1828244,251214471,1756
2026-01-20,TPEx,8437,大地-KY,16.70,17.45,16.65,16.70,+0.05,101428,1707577,133
2026-01-20,TPEx,8440,綠電,28.85,30.00,28.65,29.40,+0.40,436917,12717578,901
2026-01-20,TPEx,8444,綠河-KY,11.20,11.40,10.75,10.85,-0.30,88870,981905,65
2026-01-20,TPEx,8446,華研,94.90,95.10,94.50,94.80,0.00,98719,9359955,126
2026-01-20,TPEx,8450,霹靂,16.90,17.05,16.75,17.00,0.00,41897,710539,107
2026-01-20,TPEx,8455,大拓-KY,21.70,21.70,21.50,21.50,-0.25,16000,345650,9
2026-01-20,TPEx,8472,夠麻吉,66.50,71.50,66.50,70.10,+3.60,23232,1607461,35
2026-01-20,TPEx,8477,創業家,11.95,11.95,11.90,11.90,-0.05,21118,251490,18
2026-01-20,TPEx,8489,三貝德,42.00,42.00,39.00,39.00,-2.40,188456,7528361,334
2026-01-20,TPEx,8905,裕國,32.30,32.50,32.15,32.50,+0.20,45853,1485377,94
2026-01-20,TPEx,8906,花王,38.35,38.35,37.60,37.60,-0.90,53919,2041656,109
2026-01-20,TPEx,8908,欣雄,42.70,42.85,42.70,42.80,-0.05,64834,2772356,113
2026-01-20,TPEx,8916,光隆,49.60,49.60,49.35,49.50,-0.05,117331,5800783,135
2026-01-20,TPEx,8917,欣泰,,,,,,63,3622,5
2026-01-20,TPEx,8921,沈氏,18.10,18.20,18.10,18.15,+0.05,5000,90750,5
2026-01-20,TPEx,8923,時報,20.10,20.10,20.10,20.10,+0.60,2570,51891,8
2026-01-20,TPEx,8924,大田,75.00,75.70,74.30,74.60,-0.20,97570,7301296,341
2026-01-20,TPEx,8927,北基,26.75,27.85,26.65,27.85,+2.50,2757735,75441535,1533
2026-01-20,TPEx,8928,鉅明,26.50,27.20,26.00,26.35,+0.05,148178,3950806,121
2026-01-20,TPEx,8929,富堡,16.70,16.75,16.50,16.65,-0.10,29463,491903,124
2026-01-20,TPEx,8930,青鋼,31.75,31.75,31.55,31.65,-0.10,31342,992750,47
2026-01-20,TPEx,8931,大汽電,45.20,45.20,45.00,45.10,-0.15,33156,1494113,30
2026-01-20,TPEx,8932,智通*,186.00,198.00,185.00,188.50,+0.50,3217724,614872975,2948
2026-01-20,TPEx,8933,愛地雅,8.00,8.00,7.80,8.00,+0.72,8253288,65923278,2662
2026-01-20,TPEx,8935,邦泰,18.15,18.95,18.15,18.90,+0.80,419248,7763850,258
2026-01-20,TPEx,8936,國統,54.40,54.50,53.20,53.20,-0.90,2457321,131645197,1849
2026-01-20,TPEx,8937,合騏,148.00,149.00,146.00,148.00,+0.50,93831,13837003,85
2026-01-20,TPEx,8938,明安,75.60,75.60,73.10,73.10,-2.10,227959,16885638,752
2026-01-20,TPEx,8941,關中,46.45,46.50,46.35,46.50,+0.05,15100,701595,13
2026-01-20,TPEx,8942,森鉅,40.40,41.05,39.50,40.30,-0.65,963602,38776157,786
2026-01-20,TPEx,9949,琉園,27.00,27.20,25.95,26.50,-0.05,86807,2298778,107
2026-01-20,TPEx,9950,萬國通,10.50,10.55,10.45,10.55,-0.10,49171,516304,31
2026-01-20,TPEx,9951,皇田,58.20,58.20,57.10,57.20,-0.90,112925,6499526,225
2026-01-20,TPEx,9960,邁達康,23.40,23.40,23.30,23.40,+0.05,18027,421460,28
2026-01-20,TPEx,9962,有益,11.90,11.90,11.40,11.65,-0.05,133140,1548806,171
