date,market,code,name,open,high,low,close,change,volume,value,transactions
2026-03-05,TWSE,0050,元大台灣50,78.30,78.85,76.70,77.40,1.80,207004644,16090040992,204272
2026-03-05,TWSE,0051,元大中型100,106.20,107.80,105.25,106.25,2.55,91281,9731395,517
2026-03-05,TWSE,0052,富邦科技,46.28,46.90,45.66,45.85,1.11,90527862,4184724668,39154
2026-03-05,TWSE,0053,元大電子,168.50,173.55,168.50,170.35,5.40,34685,5924109,227
2026-03-05,TWSE,0055,元大MSCI金融,33.04,33.14,32.61,32.90,0.32,233999,7696784,425
2026-03-05,TWSE,0056,元大高股息,38.50,38.75,38.12,38.50,0.76,54632081,2104296967,31473
2026-03-05,TWSE,0057,富邦摩台,231.55,231.55,226.50,226.70,5.50,18058,4100622,112
2026-03-05,TWSE,0061,元大寶滬深,23.18,23.63,23.16,23.63,0.53,515291,12116807,185
2026-03-05,TWSE,006203,元大MSCI台灣,141.05,141.05,139.20,139.20,2.85,7380,1036446,100
2026-03-05,TWSE,006204,永豐臺灣加權,170.80,174.50,170.80,172.25,4.25,9189,1579275,121
2026-03-05,TWSE,006205,富邦上証,41.00,41.19,40.80,41.19,0.89,696949,28554938,262
2026-03-05,TWSE,006206,元大上證50,37.50,37.50,37.10,37.42,0.51,566983,21164735,142
2026-03-05,TWSE,006207,復華滬深,31.52,31.61,31.34,31.59,0.65,438852,13806072,89
2026-03-05,TWSE,006208,富邦台50,180.75,182.80,178.05,179.35,4.30,6417974,1156353527,13642
2026-03-05,TWSE,00625K,富邦上証+R,,,,,0.00,0,0,0
2026-03-05,TWSE,00631L,元大台灣50正2,487.75,495.45,470.25,478.80,24.30,13403465,6488033733,24841
2026-03-05,TWSE,00632R,元大台灣50反1,13.99,14.27,13.86,14.15,-0.35,164230747,2307270698,19489
2026-03-05,TWSE,00633L,富邦上証正2,45.06,46.09,44.90,45.87,1.86,4752176,216473964,907
2026-03-05,TWSE,00634R,富邦上証反1,3.35,3.35,3.29,3.30,-0.07,429663,1421303,33
2026-03-05,TWSE,00635U,期元大S&P黃金,54.80,55.00,54.75,54.80,0.10,4531088,248625292,3786
2026-03-05,TWSE,00636,國泰中國A50,26.36,26.50,26.14,26.48,0.64,2345346,61773801,372
2026-03-05,TWSE,00636K,國泰中國A50+U,8.31,8.45,8.31,8.40,0.16,500,4195,5
2026-03-05,TWSE,00637L,元大滬深300正2,18.57,18.96,18.48,18.90,0.81,47883329,897225160,5724
2026-03-05,TWSE,00638R,元大滬深300反1,7.14,7.20,7.12,7.14,-0.16,129550,926483,30
2026-03-05,TWSE,00639,富邦深100,15.26,15.52,15.26,15.49,0.45,1369163,21067751,315
2026-03-05,TWSE,00640L,富邦日本正2,91.85,93.70,89.25,91.20,4.70,1383840,127187729,610
2026-03-05,TWSE,00641R,富邦日本反1,4.11,4.22,4.10,4.20,-0.08,3404397,14161422,202
2026-03-05,TWSE,00642U,期元大S&P石油,20.00,20.47,19.99,20.41,-1.59,70403866,1423452365,12672
2026-03-05,TWSE,00643,群益深証中小,18.03,18.20,17.98,18.18,0.44,4615127,83574870,280
2026-03-05,TWSE,00643K,群益深証中小+R,3.98,3.98,3.98,3.98,0.03,2000,7960,2
2026-03-05,TWSE,00645,富邦日本,52.70,52.70,51.70,52.05,1.30,610405,31825915,407
2026-03-05,TWSE,00646,元大S&P500,68.45,68.45,68.15,68.25,0.65,3003425,205019335,3631
2026-03-05,TWSE,00647L,元大S&P500正2,116.10,116.15,115.00,115.40,2.60,66361,7657822,122
2026-03-05,TWSE,00648R,元大S&P500反1,4.20,4.38,4.20,4.37,-0.06,4357912,18682638,146
2026-03-05,TWSE,00650L,復華香港正2,17.10,17.35,17.00,17.04,0.65,6052105,103839511,1071
2026-03-05,TWSE,00651R,復華香港反1,5.34,5.41,5.31,5.37,-0.12,1137109,6065910,73
2026-03-05,TWSE,00652,富邦印度,35.18,35.35,35.13,35.27,0.43,464656,16354690,351
2026-03-05,TWSE,00653L,富邦印度正2,50.65,51.00,50.45,50.95,0.90,270487,13751969,162
2026-03-05,TWSE,00654R,富邦印度反1,6.69,6.69,6.65,6.67,-0.09,168032,1118873,27
2026-03-05,TWSE,00655L,國泰中國A50正2,31.21,31.90,31.05,31.80,1.35,2559949,80628176,473
2026-03-05,TWSE,00656R,國泰中國A50反1,6.32,6.38,6.30,6.32,-0.15,462560,2935550,35
2026-03-05,TWSE,00657,國泰日經225,66.55,66.55,65.20,65.65,1.90,93239,6144384,114
2026-03-05,TWSE,00657K,國泰日經225+U,20.57,20.57,20.57,20.57,0.37,200,4114,2
2026-03-05,TWSE,00660,元大歐洲50,43.11,43.11,42.76,42.81,0.51,10836,464502,99
2026-03-05,TWSE,00661,元大日經225,73.20,73.20,71.20,71.85,1.90,242159,17488055,270
2026-03-05,TWSE,00662,富邦NASDAQ,102.25,102.25,101.75,101.90,1.95,2873202,292942570,2300
2026-03-05,TWSE,00663L,國泰臺灣加權正2,63.80,64.75,61.50,62.35,2.65,19761605,1251631376,9694
2026-03-05,TWSE,00664R,國泰臺灣加權反1,2.27,2.31,2.24,2.28,-0.07,40715214,92617030,1501
2026-03-05,TWSE,00665L,富邦恒生國企正2,9.65,9.78,9.53,9.53,0.26,25180408,243165454,2696
2026-03-05,TWSE,00666R,富邦恒生國企反1,9.23,9.28,9.16,9.28,-0.18,257510,2373296,42
2026-03-05,TWSE,00668,國泰美國道瓊,56.20,56.40,56.10,56.15,0.20,58026,3263696,107
2026-03-05,TWSE,00668K,國泰美國道瓊+U,17.80,17.80,17.80,17.80,0.09,200,3560,2
2026-03-05,TWSE,00669R,國泰美國道瓊反1,5.67,5.69,5.64,5.69,-0.04,1472762,8340842,112
2026-03-05,TWSE,00670L,富邦NASDAQ正2,156.40,156.65,154.40,154.85,6.20,1697961,264098718,1324
2026-03-05,TWSE,00671R,富邦NASDAQ反1,2.86,2.90,2.86,2.90,-0.06,8959296,25812930,421
2026-03-05,TWSE,00673R,期元大S&P原油反1,21.21,21.21,20.98,21.02,-0.13,16474668,346928202,2876
2026-03-05,TWSE,00674R,期元大S&P黃金反1,4.80,4.82,4.79,4.82,0.00,342868,1646059,59
2026-03-05,TWSE,00675L,富邦臺灣加權正2,193.40,196.30,186.60,189.55,8.70,5523326,1058856019,5039
2026-03-05,TWSE,00676R,富邦臺灣加權反1,7.69,7.83,7.62,7.77,-0.22,12093643,93418060,930
2026-03-05,TWSE,00678,群益那斯達克生技,36.27,36.30,36.19,36.28,0.45,370730,13418466,154
2026-03-05,TWSE,00680L,元大美債20正2,7.48,7.49,7.42,7.42,-0.12,29555609,220641523,887
2026-03-05,TWSE,00681R,元大美債20反1,20.39,20.51,20.39,20.51,0.16,27000,551770,12
2026-03-05,TWSE,00682U,期元大美元指數,20.44,20.44,20.21,20.34,-0.10,24107,490026,14
2026-03-05,TWSE,00683L,期元大美元指正2,20.97,21.12,20.94,21.09,-0.08,188200,3960749,54
2026-03-05,TWSE,00684R,期元大美元指反1,15.42,15.42,15.37,15.37,0.02,6010,92423,4
2026-03-05,TWSE,00685L,群益臺灣加權正2,174.10,176.80,167.95,170.60,7.90,2194723,377531122,1600
2026-03-05,TWSE,00686R,群益臺灣加權反1,1.40,1.41,1.37,1.40,-0.04,16658100,23047412,388
2026-03-05,TWSE,00688L,國泰20年美債正2,7.46,7.47,7.40,7.40,-0.12,12570396,93562323,399
2026-03-05,TWSE,00689R,國泰20年美債反1,21.24,21.30,21.24,21.30,0.12,355000,7543200,6
2026-03-05,TWSE,00690,兆豐藍籌30,52.40,53.15,51.70,52.20,1.55,472376,24780315,417
2026-03-05,TWSE,00692,富邦公司治理,68.25,69.25,67.45,67.85,1.55,2156808,147238100,1527
2026-03-05,TWSE,00693U,期街口S&P黃豆,22.00,22.06,21.97,22.05,0.08,1207194,26575961,228
2026-03-05,TWSE,00700,富邦恒生國企,17.30,17.43,17.20,17.21,0.21,1541016,26705609,718
2026-03-05,TWSE,00701,國泰股利精選30,29.30,29.36,28.94,29.10,0.20,956936,27866380,554
2026-03-05,TWSE,00702,國泰標普低波高息,24.75,24.75,24.64,24.65,0.04,108571,2675312,82
2026-03-05,TWSE,00703,台新MSCI中國,21.53,21.53,20.18,20.25,0.26,240240,4866428,76
2026-03-05,TWSE,00706L,期元大S&P日圓正2,20.21,20.27,20.10,20.12,0.10,1737228,35090299,251
2026-03-05,TWSE,00707R,期元大S&P日圓反1,,,,,0.00,0,0,0
2026-03-05,TWSE,00708L,期元大S&P黃金正2,122.30,123.30,122.15,122.20,0.55,3450091,423011518,1997
2026-03-05,TWSE,00709,富邦歐洲,38.60,38.60,38.09,38.10,0.32,259511,9916011,237
2026-03-05,TWSE,00710B,復華彭博非投等債,19.09,19.11,19.06,19.11,0.04,226606,4327192,60
2026-03-05,TWSE,00711B,復華彭博新興債,16.53,16.53,16.51,16.51,-0.08,108124,1786018,95
2026-03-05,TWSE,00712,復華富時不動產,9.26,9.30,9.24,9.28,0.05,19379914,179773226,3085
2026-03-05,TWSE,00713,元大台灣高息低波,52.50,52.80,52.25,52.55,0.70,10082329,529262284,5518
2026-03-05,TWSE,00714,群益道瓊美國地產,21.51,21.51,21.33,21.37,0.21,913307,19529272,124
2026-03-05,TWSE,00715L,期街口布蘭特正2,35.92,37.90,35.90,37.76,0.85,53723289,1992342495,8825
2026-03-05,TWSE,00717,富邦美國特別股,15.14,15.21,15.14,15.15,0.04,90260,1367612,121
2026-03-05,TWSE,00728,第一金工業30,44.01,44.32,43.01,43.61,1.21,574828,25035494,481
2026-03-05,TWSE,00730,富邦臺灣優質高息,22.60,23.08,22.60,23.08,0.82,402760,9253434,553
2026-03-05,TWSE,00731,復華富時高息低波,72.15,72.30,71.20,71.65,0.75,728083,52233320,230
2026-03-05,TWSE,00733,富邦臺灣中小,55.60,56.25,53.50,54.70,1.75,1349573,74275716,961
2026-03-05,TWSE,00735,國泰臺韓科技,69.20,70.20,67.45,68.80,4.15,7951098,547922517,4074
2026-03-05,TWSE,00736,國泰新興市場,28.75,28.84,28.50,28.70,0.39,124208,3544629,70
2026-03-05,TWSE,00737,國泰AI機器人,34.80,34.80,34.40,34.55,0.57,101548,3502932,139
2026-03-05,TWSE,00738U,期元大道瓊白銀,68.85,69.70,68.70,69.00,0.30,9835718,679410498,4448
2026-03-05,TWSE,00739,元大MSCI A股,27.30,27.52,27.28,27.52,0.66,85316,2340938,80
2026-03-05,TWSE,00752,中信中國50,24.01,24.18,23.94,23.94,0.33,2256755,54288379,809
2026-03-05,TWSE,00753L,中信中國50正2,10.72,10.82,10.60,10.64,0.36,25053426,268531708,2467
2026-03-05,TWSE,00757,統一FANG+,111.75,111.90,111.15,111.30,2.95,3111311,346890462,3803
2026-03-05,TWSE,00762,元大全球AI,82.50,82.80,82.15,82.35,2.35,499241,41194599,607
2026-03-05,TWSE,00763U,期街口道瓊銅,32.25,32.28,31.93,31.97,-0.03,956590,30698463,490
2026-03-05,TWSE,00770,國泰北美科技,52.00,52.20,51.80,51.90,1.10,772935,40163707,635
2026-03-05,TWSE,00771,元大US高息特別股,16.24,16.27,16.24,16.27,0.04,21918,356219,77
2026-03-05,TWSE,00775B,台新投等債15+,32.89,32.89,32.79,32.84,-0.14,82015,2689423,7
2026-03-05,TWSE,00783,富邦中証500,28.48,29.02,28.48,29.01,0.54,615542,17789245,139
2026-03-05,TWSE,00830,國泰費城半導體,55.85,56.30,55.55,55.65,1.75,7074308,394555668,8283
2026-03-05,TWSE,00850,元大臺灣ESG永續,63.20,64.00,62.80,63.20,1.70,1438216,91132723,1345
2026-03-05,TWSE,00851,台新全球AI,57.15,57.25,57.10,57.15,1.15,26157,1494656,120
2026-03-05,TWSE,00852L,國泰美國道瓊正2,31.02,31.02,30.75,30.84,0.34,820630,25341266,55
2026-03-05,TWSE,00861,元大全球未來通訊,65.45,66.00,65.40,65.60,1.90,211537,13879738,1600
2026-03-05,TWSE,00865B,國泰US短期公債,47.82,47.82,47.64,47.76,-0.06,1895524,90476781,399
2026-03-05,TWSE,00875,國泰網路資安,37.85,37.90,37.66,37.75,0.45,227812,8607754,200
2026-03-05,TWSE,00876,元大全球5G,63.70,64.20,63.35,63.70,1.60,187064,11941314,1661
2026-03-05,TWSE,00878,國泰永續高股息,22.50,22.58,22.22,22.40,0.34,72527404,1625309220,32499
2026-03-05,TWSE,00881,國泰台灣科技龍頭,36.75,37.10,36.10,36.39,1.03,27904462,1021051927,9950
2026-03-05,TWSE,00882,中信中國高股息,16.01,16.21,16.01,16.16,0.40,12672205,204401154,2248
2026-03-05,TWSE,00885,富邦越南,18.59,18.96,18.50,18.81,0.77,9516033,178602894,2008
2026-03-05,TWSE,00891,中信關鍵半導體,23.96,24.28,23.69,23.91,0.74,15689874,376073931,5251
2026-03-05,TWSE,00892,富邦台灣半導體,27.11,27.41,26.80,27.12,1.09,1053813,28646337,512
2026-03-05,TWSE,00893,國泰智能電動車,33.54,33.93,33.50,33.60,0.95,2379773,80107811,708
2026-03-05,TWSE,00894,中信小資高價30,32.66,32.97,32.20,32.53,1.28,1764771,57493248,1062
2026-03-05,TWSE,00895,富邦未來車,40.82,41.33,40.82,40.92,0.94,570113,23357670,544
2026-03-05,TWSE,00896,中信綠能及電動車,21.48,21.81,21.25,21.54,0.69,5821851,125474326,1686
2026-03-05,TWSE,00897,富邦基因免疫生技,10.08,10.16,10.08,10.11,0.20,1166265,11785915,265
2026-03-05,TWSE,00898,國泰基因免疫革命,8.26,8.31,8.26,8.30,0.20,900222,7464884,252
2026-03-05,TWSE,00899,FT潔淨能源,23.45,23.45,22.94,23.04,0.51,313511,7242919,1496
2026-03-05,TWSE,00900,富邦特選高股息30,14.29,14.38,14.18,14.34,0.34,11174006,159802840,2808
2026-03-05,TWSE,00901,永豐智能車供應鏈,29.35,30.24,29.35,29.81,1.08,466077,13915768,240
2026-03-05,TWSE,00902,中信電池及儲能,13.95,14.10,13.94,14.07,0.61,2744169,38515349,749
2026-03-05,TWSE,00903,富邦元宇宙,16.00,16.21,16.00,16.16,0.36,357532,5775251,204
2026-03-05,TWSE,00904,台新臺灣半導體30,28.77,29.08,28.27,28.56,1.01,7519205,215222279,1980
2026-03-05,TWSE,00905,FT臺灣Smart,19.57,19.97,19.49,19.64,0.51,1807292,35606984,1096
2026-03-05,TWSE,00907,永豐優息存股,15.28,15.54,15.19,15.27,0.08,1518013,23297978,290
2026-03-05,TWSE,00908,富邦入息REITs+,14.19,14.27,14.19,14.24,0.05,110132,1569061,62
2026-03-05,TWSE,00909,國泰數位支付服務,40.26,40.56,39.93,40.22,2.61,7880211,316494373,4135
2026-03-05,TWSE,00910,第一金太空衛星,57.15,57.30,56.25,56.90,1.90,2809592,159853746,4312
2026-03-05,TWSE,00911,兆豐洲際半導體,37.00,37.00,36.65,36.82,0.97,273866,10090224,1082
2026-03-05,TWSE,00912,中信臺灣智慧50,24.40,24.95,24.40,24.61,0.76,576811,14250266,422
2026-03-05,TWSE,00913,兆豐台灣晶圓製造,29.33,29.73,28.88,29.41,1.23,515148,15115890,338
2026-03-05,TWSE,00915,凱基優選高股息30,23.44,23.80,23.42,23.60,0.38,8724807,206049115,1536
2026-03-05,TWSE,00916,國泰全球品牌50,26.15,26.33,26.10,26.17,0.28,256955,6723867,314
2026-03-05,TWSE,00917,中信特選金融,21.10,21.10,21.04,21.08,0.14,698183,14715923,502
2026-03-05,TWSE,00918,大華優利高填息30,23.08,23.28,22.89,23.10,0.39,39938579,921598292,9140
2026-03-05,TWSE,00919,群益台灣精選高息,23.95,24.06,23.52,23.71,0.26,246233263,5851212734,65187
2026-03-05,TWSE,00920,富邦ESG綠色電力,20.44,20.99,20.44,20.84,0.59,1046328,21763386,2232
2026-03-05,TWSE,00921,兆豐龍頭等權重,18.91,19.01,18.71,18.88,0.39,301846,5687262,209
2026-03-05,TWSE,00922,國泰台灣領袖50,30.63,30.95,30.24,30.47,0.75,42782088,1306385525,14997
2026-03-05,TWSE,00923,群益台ESG低碳50,29.17,29.49,28.81,29.00,0.73,10358195,302305842,4013
2026-03-05,TWSE,00924,復華S&P500成長,28.57,28.57,28.42,28.46,0.44,2371418,67523706,1768
2026-03-05,TWSE,00926,凱基全球菁英55,23.31,23.63,23.31,23.43,0.27,632436,14824038,347
2026-03-05,TWSE,00927,群益半導體收益,24.51,24.83,24.32,24.53,0.83,8038876,197603899,2192
2026-03-05,TWSE,00929,復華台灣科技優息,19.29,19.46,19.10,19.34,0.66,37494893,724509592,7535
2026-03-05,TWSE,00930,永豐ESG低碳高息,17.64,17.81,17.51,17.68,0.33,1613072,28434687,340
2026-03-05,TWSE,00932,兆豐永續高息等權,14.32,14.47,14.24,14.35,0.28,476187,6834250,245
2026-03-05,TWSE,00934,中信成長高股息,21.42,21.86,21.40,21.60,0.54,2357298,50900127,936
2026-03-05,TWSE,00935,野村臺灣新科技50,38.11,38.56,37.50,37.96,1.41,12190739,463289636,4865
2026-03-05,TWSE,00936,台新永續高息中小,17.29,17.38,17.13,17.24,0.29,2637487,45575280,509
2026-03-05,TWSE,00938,凱基優選30,18.90,18.90,18.60,18.68,0.27,2795873,52294217,219
2026-03-05,TWSE,00939,統一台灣高息動能,15.85,15.95,15.62,15.81,0.42,7678043,121369341,1449
2026-03-05,TWSE,00940,元大台灣價值高息,9.65,9.72,9.55,9.65,0.21,48000926,462593584,5102
2026-03-05,TWSE,00941,中信上游半導體,21.95,22.15,21.73,21.87,0.57,2736992,59985162,2415
2026-03-05,TWSE,00943,兆豐電子高息等權,14.58,14.70,14.51,14.68,0.46,151209,2217335,117
2026-03-05,TWSE,00944,野村趨勢動能高息,15.08,15.14,14.98,15.07,0.39,669856,10078934,266
2026-03-05,TWSE,00945B,凱基美國非投等債,14.49,14.52,14.48,14.51,0.03,7800198,113130472,554
2026-03-05,TWSE,00946,群益科技高息成長,9.95,9.99,9.83,9.94,0.24,4912189,48741205,1202
2026-03-05,TWSE,00947,台新臺灣IC設計,23.10,23.45,22.95,23.33,1.36,7016162,163170789,1987
2026-03-05,TWSE,00949,復華日本龍頭,19.90,20.00,19.55,19.66,0.35,1504392,29691933,597
2026-03-05,TWSE,00951,台新日本半導體,14.37,14.49,13.91,14.16,0.55,5576243,79160314,1153
2026-03-05,TWSE,00952,凱基台灣AI50,12.58,12.73,12.43,12.59,0.46,3450859,43480501,585
2026-03-05,TWSE,00953B,群益優選非投等債,9.68,9.72,9.66,9.71,0.04,59961421,581189504,8287
2026-03-05,TWSE,00954,中信日本半導體,15.35,15.45,14.84,15.17,0.62,3551157,53772420,1020
2026-03-05,TWSE,00956,中信日經高股息,12.51,12.74,12.43,12.54,0.34,527571,6609917,268
2026-03-05,TWSE,00960,野村全球航運龍頭,17.85,18.00,17.63,17.73,-0.03,3234501,57442556,1094
2026-03-05,TWSE,00961,FT臺灣永續高息,10.28,10.34,10.07,10.15,0.10,6135894,62432960,1276
2026-03-05,TWSE,00962,台新AI優息動能,10.97,11.05,10.86,10.96,0.28,202246,2219991,203
2026-03-05,TWSE,00963,中信全球高股息,12.23,12.35,12.23,12.33,0.10,757661,9331735,244
2026-03-05,TWSE,00964,中信亞太高股息,13.55,13.75,13.55,13.74,0.47,3932036,53748487,413
2026-03-05,TWSE,00965,元大航太防衛科技,26.30,26.63,26.22,26.45,0.95,6656262,175987887,2136
2026-03-05,TWSE,00971,野村美國研發龍頭,15.44,15.45,15.39,15.42,0.24,1009340,15559087,406
2026-03-05,TWSE,00972,野村日本動能高息,20.01,20.01,19.62,19.74,0.40,324177,6458318,85
2026-03-05,TWSE,009800,中信NASDAQ,11.07,11.08,11.02,11.03,0.19,2828203,31225283,775
2026-03-05,TWSE,009801,中信美國創新科技,10.67,10.68,10.62,10.63,0.18,637846,6791811,358
2026-03-05,TWSE,009802,富邦旗艦50,12.57,13.04,12.57,12.92,0.48,5274533,67916163,836
2026-03-05,TWSE,009803,玉山市值動能50,15.98,15.98,15.55,15.69,0.48,3031933,47790708,1267
2026-03-05,TWSE,009804,聯邦台精彩50,16.83,17.20,16.83,16.96,0.41,1035882,17642106,302
2026-03-05,TWSE,009805,台新美國電力基建,14.87,14.99,14.84,14.86,0.40,12789762,190303749,3400
2026-03-05,TWSE,009808,華南永昌優選50,22.50,22.68,22.25,22.35,0.53,1237174,27840884,143
2026-03-05,TWSE,009809,富邦淨零ESG50,12.52,12.52,12.30,12.39,0.32,350340,4336033,109
2026-03-05,TWSE,00980A,主動野村臺灣優選,16.89,17.08,16.68,16.87,0.60,21527567,363779625,3512
2026-03-05,TWSE,009810,玉山全球藍籌100,18.57,18.60,18.45,18.55,0.21,885404,16426543,80
2026-03-05,TWSE,009811,統一美國50,11.44,11.51,11.42,11.44,0.15,3266296,37380702,1074
2026-03-05,TWSE,009812,野村日本東證,11.83,11.90,11.60,11.69,0.29,1790897,21002000,424
2026-03-05,TWSE,009813,貝萊德標普卓越50,10.24,10.29,10.23,10.26,0.14,8269216,84798599,1508
2026-03-05,TWSE,009816,凱基台灣TOP50,10.95,11.03,10.75,10.83,0.23,504415404,5489769864,108084
2026-03-05,TWSE,009817,國泰日本不動產,9.91,9.95,9.86,9.88,0.12,6941969,68856012,699
2026-03-05,TWSE,00981A,主動統一台股增長,19.50,19.75,19.23,19.50,0.87,181698966,3541801513,38411
2026-03-05,TWSE,00981T,平衡凱基雙核收息,11.30,11.33,11.27,11.27,0.07,3822063,43212549,394
2026-03-05,TWSE,00982A,主動群益台灣強棒,15.78,16.02,15.55,15.82,0.70,51514206,814480409,10337
2026-03-05,TWSE,00982D,主動富邦動態入息,10.20,10.21,10.20,10.21,-0.02,1102087,11247371,194
2026-03-05,TWSE,00982T,平衡兆豐台美動能,11.32,11.54,11.32,11.41,0.29,2253323,25782948,174
2026-03-05,TWSE,00983A,主動中信ARK創新,11.11,11.15,11.03,11.07,0.35,3312570,36746751,887
2026-03-05,TWSE,00983D,主動富邦複合收益,10.35,10.36,10.34,10.35,0.01,2339625,24219747,264
2026-03-05,TWSE,00984A,主動安聯台灣高息,12.28,12.37,12.09,12.23,0.32,8490976,103928744,1944
2026-03-05,TWSE,00984D,主動聯博全球非投,9.96,9.99,9.95,9.99,0.04,4106329,40961055,160
2026-03-05,TWSE,00985A,主動野村台灣50,15.87,16.01,15.65,15.88,0.54,16738075,265451105,2682
2026-03-05,TWSE,00985B,群益ESG投等債0-5,10.36,10.36,10.33,10.36,0.00,6502678,67277479,405
2026-03-05,TWSE,00986A,主動台新龍頭成長,12.05,12.19,12.05,12.09,0.25,869651,10559839,153
2026-03-05,TWSE,00987A,主動台新優勢成長,11.04,11.33,10.96,11.16,0.54,7127384,79411464,668
2026-03-05,TWSE,00988A,主動統一全球創新,12.74,12.85,12.58,12.67,0.48,23326440,296287242,5046
2026-03-05,TWSE,00989A,主動摩根美國科技,14.22,14.30,14.16,14.20,0.34,1377760,19590106,323
2026-03-05,TWSE,00990A,主動元大AI新經濟,12.11,12.23,12.00,12.19,0.59,44523340,540189959,5860
2026-03-05,TWSE,00991A,主動復華未來50,12.16,12.31,11.97,12.12,0.54,88392673,1074776153,14181
2026-03-05,TWSE,00992A,主動群益科技創新,12.24,12.37,11.92,12.26,0.62,45355355,552153474,5243
2026-03-05,TWSE,00993A,主動安聯台灣,10.26,10.40,10.07,10.24,0.29,40941228,419634555,5117
2026-03-05,TWSE,00994A,主動第一金台股優,11.43,11.59,11.21,11.44,0.48,3097928,35414728,507
2026-03-05,TWSE,00995A,主動中信台灣卓越,11.15,11.33,11.02,11.18,0.52,14285664,159460892,1769
2026-03-05,TWSE,01001T,土銀富邦R1,11.85,11.86,11.85,11.85,0.00,30000,355600,3
2026-03-05,TWSE,01002T,土銀國泰R1,14.00,14.60,14.00,14.56,-0.03,220143,3144986,109
2026-03-05,TWSE,01004T,土銀富邦R2,11.21,11.21,11.21,11.21,0.00,10000,112100,2
2026-03-05,TWSE,01007T,兆豐國泰R2,,,,,0.00,0,0,0
2026-03-05,TWSE,01009T,王道圓滿R1,5.80,5.95,5.74,5.81,0.01,94000,549310,33
2026-03-05,TWSE,01010T,京城樂富R1,10.05,10.05,10.05,10.05,0.00,7000,70350,2
2026-03-05,TWSE,020000,富邦特選蘋果N,20.30,20.30,20.18,20.18,0.00,11000,223180,2
2026-03-05,TWSE,020011,統一微波高息20N,11.49,11.49,11.49,11.49,-0.05,1000,11490,1
2026-03-05,TWSE,020012,富邦行動通訊N,17.81,17.81,17.81,17.81,0.12,5000,89050,1
2026-03-05,TWSE,02001L,富邦蘋果正二N,68.95,68.95,64.25,64.95,4.95,49000,3198800,25
2026-03-05,TWSE,02001R,富邦蘋果反一N,0.73,0.73,0.72,0.73,-0.03,135000,98340,12
2026-03-05,TWSE,020020,元大台股領航N,18.09,18.09,17.83,17.85,0.35,12000,215700,4
2026-03-05,TWSE,020028,元大特選電動車N,14.05,14.74,14.05,14.49,0.45,10000,145210,6
2026-03-05,TWSE,020029,元大ESG高股息N,10.65,10.65,10.51,10.51,0.16,10000,105240,3
2026-03-05,TWSE,020030,統一智慧電動車N,10.44,10.91,10.44,10.78,0.45,51000,548440,7
2026-03-05,TWSE,020031,統一IC設計臺灣N,6.69,6.69,6.64,6.69,0.22,16000,106590,3
2026-03-05,TWSE,020032,元大綠能N,8.65,8.72,8.65,8.72,0.16,30000,260200,3
2026-03-05,TWSE,020034,元大IC設計N,8.47,8.47,8.41,8.41,0.33,14000,118040,4
2026-03-05,TWSE,020036,元大金融配息N,,,,,0.00,0,0,0
2026-03-05,TWSE,020037,元大金融高股息N,8.54,8.54,8.50,8.50,0.01,10000,85200,2
2026-03-05,TWSE,020038,元大ESG配息N,8.09,8.11,8.09,8.11,0.12,14000,113330,3
2026-03-05,TWSE,020039,元大加權N,10.41,10.79,10.41,10.65,0.27,25000,268130,12
2026-03-05,TWSE,1101,台泥,25.20,25.30,24.40,24.80,-0.20,50595969,1254590358,13136
2026-03-05,TWSE,1101B,台泥乙特,45.30,45.30,45.30,45.30,-0.25,1036,46930,5
2026-03-05,TWSE,1102,亞泥,34.90,34.90,34.25,34.30,-0.15,8591279,295948638,4215
2026-03-05,TWSE,1103,嘉泥,13.60,13.75,13.50,13.60,0.10,246368,3357776,356
2026-03-05,TWSE,1104,環泥,29.00,29.20,28.85,28.90,0.10,584006,16927119,530
2026-03-05,TWSE,1108,幸福,15.05,15.10,15.00,15.05,0.10,99202,1492798,82
2026-03-05,TWSE,1109,信大,15.40,15.50,15.30,15.35,-0.05,215758,3324022,315
2026-03-05,TWSE,1110,東泥,15.75,16.15,15.60,15.80,0.30,234661,3717504,182
2026-03-05,TWSE,1201,味全,14.35,14.35,14.15,14.20,0.00,225746,3212840,483
2026-03-05,TWSE,1203,味王,39.65,39.75,39.40,39.75,-0.15,36716,1451646,234
2026-03-05,TWSE,1210,大成,50.80,51.10,50.40,50.40,0.00,1820197,92178359,1886
2026-03-05,TWSE,1213,大飲,9.75,10.00,9.41,9.90,0.40,5200,50715,7
2026-03-05,TWSE,1215,卜蜂,158.00,159.00,156.00,157.50,1.00,648934,101986161,2046
2026-03-05,TWSE,1216,統一,72.70,73.20,71.00,71.20,-0.40,11528326,824547640,9967
2026-03-05,TWSE,1217,愛之味,10.30,10.40,10.25,10.30,0.10,435010,4486711,601
2026-03-05,TWSE,1218,泰山,17.90,18.10,17.90,17.90,0.05,427276,7670602,448
2026-03-05,TWSE,1219,福壽,13.45,13.45,13.30,13.35,-0.05,213143,2850447,372
2026-03-05,TWSE,1220,台榮,12.90,13.10,12.90,12.90,0.00,46299,600893,322
2026-03-05,TWSE,1225,福懋油,32.65,32.85,31.50,31.50,-0.75,421459,13493526,1041
2026-03-05,TWSE,1227,佳格,29.70,29.70,29.40,29.50,0.25,542390,16011770,491
2026-03-05,TWSE,1229,聯華,43.75,44.40,43.75,44.00,0.35,1572443,69139861,1679
2026-03-05,TWSE,1231,聯華食,82.60,83.60,81.30,81.70,-1.00,1082415,88758508,2127
2026-03-05,TWSE,1232,大統益,150.50,152.00,150.50,152.00,1.50,134761,20413300,1634
2026-03-05,TWSE,1233,天仁,32.85,32.85,32.60,32.60,-0.25,18112,593642,60
2026-03-05,TWSE,1234,黑松,35.95,36.65,35.95,36.35,-0.30,510320,18501379,442
2026-03-05,TWSE,1235,興泰,44.30,44.30,42.50,43.10,-0.55,26571,1143809,33
2026-03-05,TWSE,1236,宏亞,27.90,28.10,27.75,27.80,-0.10,184559,5158022,166
2026-03-05,TWSE,1256,鮮活果汁-KY,169.00,172.50,165.50,169.00,10.50,214151,36177158,788
2026-03-05,TWSE,1301,台塑,48.40,48.40,46.30,47.40,0.45,30914896,1462846997,14260
2026-03-05,TWSE,1303,南亞,84.20,85.10,80.30,82.40,3.10,107157943,8890140908,53957
2026-03-05,TWSE,1304,台聚,12.55,12.60,11.90,11.95,-0.35,6042921,73034557,2521
2026-03-05,TWSE,1305,華夏,12.50,12.55,12.00,12.05,-0.25,3203572,39076736,1321
2026-03-05,TWSE,1307,三芳,33.90,34.50,33.20,34.20,1.35,1716312,58141695,1131
2026-03-05,TWSE,1308,亞聚,14.20,14.30,13.55,13.65,-0.40,2089961,28839289,1347
2026-03-05,TWSE,1309,台達化,12.95,13.15,12.55,12.70,-0.10,2518660,32134835,1313
2026-03-05,TWSE,1310,台苯,9.65,10.20,9.58,9.70,0.08,8773303,85816815,3095
2026-03-05,TWSE,1312,國喬,12.95,13.15,12.60,12.80,0.10,4609587,59047517,1692
2026-03-05,TWSE,1312A,國喬特,22.80,22.80,22.80,22.80,0.00,5000,114000,1
2026-03-05,TWSE,1313,聯成,13.00,13.15,12.20,12.30,-0.50,23466542,293620524,7993
2026-03-05,TWSE,1314,中石化,8.17,8.28,8.05,8.11,-0.03,20221778,164570942,6081
2026-03-05,TWSE,1315,達新,64.60,64.70,63.70,63.70,0.10,43491,2776478,79
2026-03-05,TWSE,1316,上曜,13.00,13.05,12.85,13.00,0.30,1959924,25443138,986
2026-03-05,TWSE,1319,東陽,93.30,94.50,92.10,93.50,1.50,4243424,395082346,3032
2026-03-05,TWSE,1321,大洋,33.50,33.85,33.35,33.70,0.40,83409,2801273,72
2026-03-05,TWSE,1323,永裕,18.40,18.65,18.40,18.65,0.00,69467,1289596,39
2026-03-05,TWSE,1324,地球,10.45,10.55,10.25,10.45,0.05,98887,1023853,257
2026-03-05,TWSE,1325,恆大,27.30,27.80,27.30,27.35,0.15,202836,5579388,256
2026-03-05,TWSE,1326,台化,45.20,45.45,43.00,43.90,0.35,35445956,1564586889,17411
2026-03-05,TWSE,1337,再生-KY,5.32,5.37,5.25,5.25,0.02,234088,1241390,323
2026-03-05,TWSE,1338,廣華-KY,17.20,17.45,17.05,17.15,0.10,593672,10188600,350
2026-03-05,TWSE,1339,昭輝,41.40,42.70,41.35,42.30,0.60,73497,3063909,170
2026-03-05,TWSE,1340,勝悅-KY,6.96,6.96,6.72,6.78,0.11,114829,784928,230
2026-03-05,TWSE,1341,富林-KY,59.30,60.00,58.70,60.00,0.70,9039,535871,25
2026-03-05,TWSE,1342,八貫,98.10,98.40,97.00,97.40,1.30,477520,46611238,558
2026-03-05,TWSE,1402,遠東新,28.40,28.75,27.80,27.90,-0.40,18994323,532815308,6760
2026-03-05,TWSE,1409,新纖,14.75,15.00,14.70,14.90,0.40,3953350,58768699,1398
2026-03-05,TWSE,1410,南染,33.50,33.75,33.15,33.45,0.15,53055,1770998,44
2026-03-05,TWSE,1413,宏洲,9.78,9.78,9.76,9.78,0.02,30447,297370,33
2026-03-05,TWSE,1414,東和,20.35,20.75,20.10,20.50,0.45,604883,12266793,657
2026-03-05,TWSE,1416,廣豐,11.70,11.70,11.60,11.65,0.10,65867,765129,207
2026-03-05,TWSE,1417,嘉裕,8.78,8.85,8.61,8.75,0.22,391565,3419848,282
2026-03-05,TWSE,1418,東華,19.25,19.75,19.15,19.50,0.40,13132,254765,109
2026-03-05,TWSE,1419,新紡,62.50,65.90,62.50,65.00,0.50,320587,20637484,251
2026-03-05,TWSE,1423,利華,37.75,38.50,37.70,38.20,0.20,40408,1535973,71
2026-03-05,TWSE,1432,大魯閣,17.50,18.90,17.50,17.95,0.50,877524,15852877,1019
2026-03-05,TWSE,1434,福懋,17.15,17.45,17.05,17.30,0.15,2745285,47271732,1313
2026-03-05,TWSE,1435,中福,21.25,21.50,21.25,21.45,0.40,8252,176094,72
2026-03-05,TWSE,1436,華友聯,54.30,54.80,54.10,54.60,0.80,202589,11049852,273
2026-03-05,TWSE,1437,勤益控,32.80,32.80,32.10,32.10,-0.30,128504,4148853,219
2026-03-05,TWSE,1438,三地開發,32.10,32.10,31.15,31.30,0.00,9271,291190,27
2026-03-05,TWSE,1439,雋揚,28.20,28.70,27.50,27.95,-0.40,67825,1902616,83
2026-03-05,TWSE,1440,南紡,12.70,12.85,12.70,12.80,0.15,1031690,13179183,683
2026-03-05,TWSE,1441,大東,10.05,10.30,9.98,10.00,0.01,37307,377992,107
2026-03-05,TWSE,1442,名軒,27.30,27.90,27.30,27.65,0.50,281181,7758038,239
2026-03-05,TWSE,1443,立益物流,26.35,26.40,25.90,26.40,0.05,28153,735350,61
2026-03-05,TWSE,1444,力麗,6.14,6.16,6.05,6.07,0.00,550382,3349362,366
2026-03-05,TWSE,1445,大宇,13.95,13.95,13.30,13.35,0.10,19763,267415,59
2026-03-05,TWSE,1446,宏和,15.50,15.60,15.35,15.35,0.05,137237,2119608,91
2026-03-05,TWSE,1447,力鵬,5.43,5.44,5.35,5.42,0.07,805926,4330580,380
2026-03-05,TWSE,1449,佳和,10.30,10.55,10.30,10.45,0.30,440923,4587671,371
2026-03-05,TWSE,1451,年興,18.30,18.40,18.10,18.30,0.10,263684,4795034,172
2026-03-05,TWSE,1452,宏益,11.30,11.40,11.25,11.25,0.05,141074,1591998,462
2026-03-05,TWSE,1453,大將,12.60,13.00,12.25,12.30,0.15,54917,685992,128
2026-03-05,TWSE,1454,台富,13.00,13.10,12.90,12.95,0.05,31329,406446,115
2026-03-05,TWSE,1455,集盛,8.26,8.31,8.18,8.21,0.01,374320,3084068,309
2026-03-05,TWSE,1456,怡華,13.20,13.20,12.45,12.60,-0.65,126044,1612091,117
2026-03-05,TWSE,1457,宜進,15.45,15.45,15.15,15.30,0.05,173657,2643858,178
2026-03-05,TWSE,1459,聯發,11.95,12.20,11.95,12.05,0.10,144182,1730260,147
2026-03-05,TWSE,1460,宏遠,6.81,6.87,6.62,6.68,-0.13,1298515,8708175,584
2026-03-05,TWSE,1463,強盛新,17.95,18.15,17.85,18.00,0.05,49440,889396,260
2026-03-05,TWSE,1464,得力,10.75,10.85,10.70,10.80,0.15,413849,4457142,342
2026-03-05,TWSE,1465,偉全,12.35,12.50,12.25,12.45,0.10,131288,1625815,286
2026-03-05,TWSE,1466,聚隆,18.35,18.35,17.65,18.10,0.45,289513,5188141,192
2026-03-05,TWSE,1467,南緯,7.26,7.31,7.21,7.24,-0.02,189109,1373427,136
2026-03-05,TWSE,1468,昶和,13.10,13.20,13.00,13.15,0.05,36000,471850,31
2026-03-05,TWSE,1470,大統新創,22.80,23.10,22.75,22.75,-0.50,7000,159800,7
2026-03-05,TWSE,1471,首利,13.00,13.20,12.50,12.75,0.35,1359545,17471174,845
2026-03-05,TWSE,1472,三洋實業,92.50,92.50,89.00,89.00,-0.50,34460,3103340,2532
2026-03-05,TWSE,1473,台南,24.40,24.90,24.35,24.90,0.50,68166,1673519,100
2026-03-05,TWSE,1474,弘裕,10.20,10.20,10.10,10.20,0.05,115715,1176775,107
2026-03-05,TWSE,1475,業旺,29.50,29.90,29.20,29.75,0.45,53022,1561106,36
2026-03-05,TWSE,1476,儒鴻,395.50,398.00,390.00,395.00,7.00,871055,342813556,1132
2026-03-05,TWSE,1477,聚陽,312.00,312.00,300.50,309.50,3.00,1495723,458472360,5435
2026-03-05,TWSE,1503,士電,207.50,209.00,202.00,207.00,8.50,2687677,553543022,3267
2026-03-05,TWSE,1504,東元,72.80,73.70,71.60,73.00,2.20,10385152,755598154,6790
2026-03-05,TWSE,1506,正道,11.35,11.45,11.25,11.30,0.10,182328,2063576,92
2026-03-05,TWSE,1512,瑞利,7.25,7.49,7.19,7.26,0.04,139436,1009995,218
2026-03-05,TWSE,1513,中興電,160.00,161.50,156.50,160.00,5.00,4352860,693143695,4878
2026-03-05,TWSE,1514,亞力,117.00,118.50,114.50,117.00,4.00,3231700,377543204,2942
2026-03-05,TWSE,1515,力山,25.35,25.60,25.00,25.55,0.60,219331,5544309,244
2026-03-05,TWSE,1516,川飛,22.10,22.80,21.30,22.50,0.40,80240,1771875,211
2026-03-05,TWSE,1517,利奇,11.85,12.05,11.80,11.85,0.10,362267,4311480,224
2026-03-05,TWSE,1519,華城,959.00,975.00,924.00,951.00,43.00,3097378,2949803172,8263
2026-03-05,TWSE,1521,大億,25.40,26.15,25.20,25.50,0.10,18623,475382,68
2026-03-05,TWSE,1522,堤維西,41.05,42.45,41.05,42.35,1.45,743745,31289314,591
2026-03-05,TWSE,1522A,堤維西甲特,50.20,50.20,50.10,50.20,0.00,25975,1303357,15
2026-03-05,TWSE,1524,耿鼎,28.50,29.15,28.50,29.15,0.95,833018,24088727,620
2026-03-05,TWSE,1525,江申,63.20,63.20,61.30,62.10,0.00,29284,1811381,84
2026-03-05,TWSE,1526,日馳,19.30,19.30,18.80,19.00,0.20,153776,2917863,243
2026-03-05,TWSE,1527,鑽全,33.00,33.20,32.75,33.10,0.35,145038,4776635,260
2026-03-05,TWSE,1528,恩德,22.55,23.10,22.00,22.25,0.40,4784370,107803650,3338
2026-03-05,TWSE,1529,樂事綠能,24.55,25.05,24.15,24.60,0.70,1053336,25948903,667
2026-03-05,TWSE,1530,亞崴,27.75,28.40,27.75,27.95,0.20,18038,505719,49
2026-03-05,TWSE,1531,高林股,11.80,11.90,11.60,11.85,0.20,154467,1821260,105
2026-03-05,TWSE,1532,勤美,23.55,23.55,23.25,23.35,0.25,534073,12462534,258
2026-03-05,TWSE,1533,車王電,29.60,30.00,29.60,29.85,0.35,52465,1561858,56
2026-03-05,TWSE,1535,中宇,50.00,50.60,50.00,50.50,0.90,49120,2465407,49
2026-03-05,TWSE,1536,和大,56.10,57.20,55.60,56.30,1.30,1377212,77624823,1264
2026-03-05,TWSE,1537,廣隆,123.00,124.00,123.00,123.00,0.00,43874,5409746,67
2026-03-05,TWSE,1538,正峰,21.50,21.70,19.55,19.55,-2.15,46228,959012,62
2026-03-05,TWSE,1539,巨庭,16.75,17.65,16.75,17.20,-0.05,213757,3659970,119
2026-03-05,TWSE,1540,喬福,22.30,22.55,22.05,22.45,0.55,280875,6274123,314
2026-03-05,TWSE,1541,錩泰,24.80,24.80,24.25,24.40,0.40,43000,1051400,41
2026-03-05,TWSE,1558,伸興,96.00,96.00,95.00,95.40,0.40,43550,4153128,474
2026-03-05,TWSE,1560,中砂,479.00,489.50,470.00,479.00,15.00,2464827,1180622908,3254
2026-03-05,TWSE,1563,巧新,43.85,43.90,42.40,43.15,0.25,476645,20505561,720
2026-03-05,TWSE,1568,倉佑,21.40,22.65,21.40,21.80,0.55,123123,2665875,110
2026-03-05,TWSE,1582,信錦,84.40,89.50,81.30,82.30,0.90,13345193,1132083067,10224
2026-03-05,TWSE,1583,程泰,47.10,47.10,46.30,46.60,-0.25,29295,1370872,30
2026-03-05,TWSE,1587,吉茂,39.95,40.55,39.65,40.00,1.15,529108,21192700,422
2026-03-05,TWSE,1589,永冠-KY,8.19,8.19,8.19,8.19,-0.90,453755,3716115,523
2026-03-05,TWSE,1590,亞德客-KY,1130.00,1150.00,1080.00,1090.00,-15.00,922839,1021177255,1473
2026-03-05,TWSE,1597,直得,73.80,78.20,73.20,76.30,4.00,719032,54300732,581
2026-03-05,TWSE,1598,岱宇,19.20,20.20,19.10,19.95,0.90,835168,16630532,609
2026-03-05,TWSE,1603,華電,37.20,37.75,36.75,37.20,0.40,476370,17635483,285
2026-03-05,TWSE,1604,聲寶,24.20,24.25,24.05,24.15,0.10,132256,3188702,258
2026-03-05,TWSE,1605,華新,33.45,34.35,32.50,33.05,0.90,41996187,1399916996,18211
2026-03-05,TWSE,1608,華榮,34.10,34.60,33.55,34.05,0.85,2537049,86355589,1604
2026-03-05,TWSE,1609,大亞,38.50,39.00,37.85,38.35,0.70,3382511,129972522,2410
2026-03-05,TWSE,1611,中電,12.70,12.80,12.50,12.55,0.00,666217,8400836,699
2026-03-05,TWSE,1612,宏泰,34.50,34.95,34.40,34.60,0.60,738255,25546462,522
2026-03-05,TWSE,1614,三洋電,33.80,34.20,33.75,33.75,-0.05,113000,3822400,50
2026-03-05,TWSE,1615,大山,46.15,46.65,45.80,46.20,0.10,234347,10801574,217
2026-03-05,TWSE,1616,億泰,28.00,28.00,27.20,27.45,0.35,713952,19681496,477
2026-03-05,TWSE,1617,榮星,14.85,15.25,14.85,15.20,0.50,106660,1614884,95
2026-03-05,TWSE,1618,合機,43.55,43.95,42.70,43.30,0.45,677613,29316643,575
2026-03-05,TWSE,1623,大東電,211.50,217.50,199.00,203.50,-1.00,404648,82832890,604
2026-03-05,TWSE,1626,艾美特-KY,10.90,10.90,10.60,10.70,0.00,75906,812958,110
2026-03-05,TWSE,1702,南僑,37.35,37.70,37.20,37.50,0.15,362604,13560220,370
2026-03-05,TWSE,1707,葡萄王,121.50,122.50,120.00,120.50,1.00,212225,25648644,371
2026-03-05,TWSE,1708,東鹼,37.50,37.55,35.65,35.85,-0.80,2360428,85459009,1863
2026-03-05,TWSE,1709,和益,16.70,16.70,16.50,16.65,0.25,287498,4778891,384
2026-03-05,TWSE,1710,東聯,12.65,12.85,12.45,12.80,0.30,1407550,17807463,661
2026-03-05,TWSE,1711,永光,26.95,28.30,26.25,27.10,0.85,43046950,1173786696,18475
2026-03-05,TWSE,1712,興農,47.05,47.50,46.75,47.00,0.20,731156,34454398,1110
2026-03-05,TWSE,1713,國化,46.35,46.70,46.10,46.50,0.85,103072,4785782,121
2026-03-05,TWSE,1714,和桐,9.79,9.88,9.64,9.75,0.13,3620534,35262503,1321
2026-03-05,TWSE,1717,長興,63.80,63.80,59.80,61.30,1.90,23665375,1461056702,15065
2026-03-05,TWSE,1718,中纖,7.07,7.11,6.95,6.99,0.03,3511375,24641656,1301
2026-03-05,TWSE,1720,生達,64.40,65.30,64.40,64.50,0.50,522640,33831510,481
2026-03-05,TWSE,1721,國慶科技,17.00,17.35,16.50,17.10,0.40,1497662,25424609,1077
2026-03-05,TWSE,1722,台肥,46.70,46.70,45.80,45.80,-0.40,3846925,177181980,2172
2026-03-05,TWSE,1723,中碳,70.50,70.70,68.60,68.90,-0.20,469574,32496583,1289
2026-03-05,TWSE,1725,元禎,29.00,29.00,28.00,28.20,0.40,39383,1115619,44
2026-03-05,TWSE,1726,永記,76.20,76.80,75.90,76.10,-0.10,23654,1800110,57
2026-03-05,TWSE,1727,中華化,48.30,49.80,47.80,48.50,2.00,8358471,408969104,4862
2026-03-05,TWSE,1730,花仙子,53.20,53.50,53.20,53.30,0.10,26495,1412843,41
2026-03-05,TWSE,1731,美吾華,21.95,22.05,21.90,22.00,0.15,163856,3600573,78
2026-03-05,TWSE,1732,毛寶,26.30,26.75,26.30,26.55,0.45,185312,4913376,155
2026-03-05,TWSE,1733,五鼎,29.10,29.40,29.10,29.40,0.45,133710,3913695,224
2026-03-05,TWSE,1734,杏輝,30.40,30.75,30.30,30.75,0.45,215676,6571701,387
2026-03-05,TWSE,1735,日勝化,19.50,20.30,18.70,18.95,0.45,495093,9542789,402
2026-03-05,TWSE,1736,喬山,125.50,135.00,125.50,135.00,12.00,769207,102510962,1259
2026-03-05,TWSE,1737,臺鹽,31.45,31.60,31.45,31.55,0.10,110518,3485345,242
2026-03-05,TWSE,1752,南光,37.05,37.05,36.65,37.00,0.35,20241,745965,37
2026-03-05,TWSE,1760,寶齡富錦,59.50,61.00,59.50,60.80,2.00,148869,9002055,222
2026-03-05,TWSE,1762,中化生,26.15,26.80,26.00,26.80,0.25,31873,845984,276
2026-03-05,TWSE,1773,勝一,148.50,152.00,148.00,149.50,4.00,881020,131936780,944
2026-03-05,TWSE,1776,展宇,14.85,15.00,14.85,15.00,0.15,18656,277346,25
2026-03-05,TWSE,1783,和康生,42.95,42.95,42.30,42.95,0.90,65716,2800019,214
2026-03-05,TWSE,1786,科妍,69.50,70.40,68.20,70.30,2.70,350167,24380877,361
2026-03-05,TWSE,1789,神隆,20.40,20.60,20.20,20.30,0.25,1244387,25364757,650
2026-03-05,TWSE,1795,美時,261.00,269.50,260.50,269.00,14.00,2645398,703301007,3433
2026-03-05,TWSE,1802,台玻,60.60,61.50,58.00,60.50,3.10,12743941,764358733,7288
2026-03-05,TWSE,1805,寶徠,11.20,11.20,10.75,10.95,-0.05,102697,1117404,95
2026-03-05,TWSE,1806,冠軍,8.81,8.94,8.75,8.78,0.06,179913,1584276,164
2026-03-05,TWSE,1808,潤隆,29.60,29.75,29.25,29.45,0.25,844735,24897678,730
2026-03-05,TWSE,1809,中釉,26.30,27.15,25.15,25.50,0.05,3813160,99570177,2564
2026-03-05,TWSE,1810,和成,18.35,19.00,18.30,18.50,0.35,1439521,26786657,771
2026-03-05,TWSE,1817,凱撒衛,38.70,38.80,38.65,38.70,0.05,44681,1729890,38
2026-03-05,TWSE,1903,士紙,51.90,53.10,51.90,52.30,0.50,105488,5525810,119
2026-03-05,TWSE,1904,正隆,17.95,18.00,17.70,17.80,0.10,959515,17109197,1717
2026-03-05,TWSE,1905,華紙,11.75,11.95,11.75,11.75,0.20,1833036,21668334,855
2026-03-05,TWSE,1906,寶隆,11.65,11.65,11.60,11.65,0.05,47880,556690,115
2026-03-05,TWSE,1907,永豐餘,24.25,24.35,23.95,24.15,0.05,1256845,30291176,826
2026-03-05,TWSE,1909,榮成,9.40,9.45,9.28,9.35,0.09,1600640,14952763,703
2026-03-05,TWSE,2002,中鋼,19.60,19.60,19.20,19.30,0.10,42848353,829741073,16852
2026-03-05,TWSE,2002A,中鋼特,38.70,38.80,38.70,38.80,0.00,14398,558142,14
2026-03-05,TWSE,2006,東和鋼鐵,79.50,81.20,79.50,81.00,1.70,4250896,343206848,5121
2026-03-05,TWSE,2007,燁興,8.05,8.20,8.05,8.14,0.15,320492,2602367,130
2026-03-05,TWSE,2008,高興昌,29.45,29.45,29.00,29.00,-0.05,37144,1079151,41
2026-03-05,TWSE,2009,第一銅,43.20,43.95,42.65,43.25,1.15,1792563,77651170,1275
2026-03-05,TWSE,2010,春源,22.65,22.80,22.50,22.70,0.50,1278317,28994498,783
2026-03-05,TWSE,2012,春雨,16.80,16.80,16.60,16.75,0.20,32961,549521,182
2026-03-05,TWSE,2013,中鋼構,41.65,42.40,41.65,42.30,0.40,142103,5972795,263
2026-03-05,TWSE,2014,中鴻,17.20,17.30,17.05,17.15,0.40,5567135,95596052,2236
2026-03-05,TWSE,2015,豐興,66.90,67.50,66.10,66.70,0.80,360180,24110633,349
2026-03-05,TWSE,2017,官田鋼,9.60,9.74,9.46,9.55,0.05,861513,8244386,507
2026-03-05,TWSE,2020,美亞,23.90,24.00,23.75,23.85,0.20,283308,6755890,349
2026-03-05,TWSE,2022,聚亨,8.78,8.90,8.70,8.83,0.20,397122,3493280,668
2026-03-05,TWSE,2023,燁輝,14.55,14.60,14.30,14.50,0.05,2359829,34055603,1320
2026-03-05,TWSE,2024,志聯,15.50,15.75,15.40,15.75,0.45,19683,304864,184
2026-03-05,TWSE,2025,千興,11.45,11.50,11.30,11.30,0.15,83489,951133,170
2026-03-05,TWSE,2027,大成鋼,36.75,36.95,36.00,36.35,0.20,14959335,544069296,6772
2026-03-05,TWSE,2028,威致,18.15,18.40,18.00,18.25,0.25,105892,1918056,89
2026-03-05,TWSE,2029,盛餘,21.35,21.40,21.15,21.20,0.05,127941,2717263,78
2026-03-05,TWSE,2030,彰源,15.60,15.65,15.45,15.65,0.40,450461,7014664,342
2026-03-05,TWSE,2031,新光鋼,37.60,38.20,37.45,38.00,0.95,716895,27160196,550
2026-03-05,TWSE,2032,新鋼,15.30,15.35,15.00,15.25,0.30,508834,7740197,247
2026-03-05,TWSE,2033,佳大,16.30,16.60,16.20,16.25,0.15,145476,2372686,60
2026-03-05,TWSE,2034,允強,19.90,20.05,19.80,19.90,0.25,1380472,27491153,737
2026-03-05,TWSE,2038,海光,14.80,14.85,14.60,14.85,0.45,329144,4849008,216
2026-03-05,TWSE,2049,上銀,254.50,254.50,238.50,239.50,-2.00,7820118,1913475424,7992
2026-03-05,TWSE,2059,川湖,3340.00,3390.00,3270.00,3320.00,150.00,524172,1743825260,3263
2026-03-05,TWSE,2062,橋椿,20.85,20.95,20.70,20.85,0.50,179933,3747177,132
2026-03-05,TWSE,2069,運錩,18.10,18.30,18.05,18.30,0.50,261464,4755231,126
2026-03-05,TWSE,2101,南港,34.00,34.45,33.20,34.45,0.90,2353759,79667348,3034
2026-03-05,TWSE,2102,泰豐,19.30,19.50,18.75,18.85,-0.15,1105298,21070685,1889
2026-03-05,TWSE,2103,台橡,19.35,19.40,18.70,19.10,0.10,6052411,115070966,2451
2026-03-05,TWSE,2104,國際中橡,12.25,12.30,11.70,11.95,-0.05,3950788,47172656,1627
2026-03-05,TWSE,2105,正新,29.75,29.95,28.85,29.10,-0.40,20133297,588515673,11066
2026-03-05,TWSE,2106,建大,19.20,19.25,18.90,19.20,0.25,584457,11137158,539
2026-03-05,TWSE,2107,厚生,25.30,25.30,25.15,25.20,0.20,319105,8044813,251
2026-03-05,TWSE,2108,南帝,24.95,25.55,24.85,24.95,0.40,897753,22569153,634
2026-03-05,TWSE,2109,華豐,14.90,14.90,14.75,14.90,0.05,135087,2004265,197
2026-03-05,TWSE,2114,鑫永銓,89.20,89.90,89.10,89.70,0.70,39373,3518354,41
2026-03-05,TWSE,2115,六暉-KY,24.20,24.20,23.60,23.80,-0.30,170953,4071281,169
2026-03-05,TWSE,2201,裕隆,28.85,29.80,28.55,29.20,0.65,4944414,143296043,2824
2026-03-05,TWSE,2204,中華,57.30,57.90,55.50,55.60,-1.00,1688381,94654699,2791
2026-03-05,TWSE,2206,三陽工業,60.10,61.00,59.70,60.00,0.00,803239,48428239,1457
2026-03-05,TWSE,2207,和泰車,529.00,532.00,517.00,517.00,-7.00,518113,269771998,1374
2026-03-05,TWSE,2208,台船,22.35,22.55,21.95,22.10,0.20,3858496,85835777,1949
2026-03-05,TWSE,2211,長榮鋼,102.00,102.50,101.00,102.50,2.00,583528,59398531,452
2026-03-05,TWSE,2227,裕日車,53.30,53.30,52.00,52.80,0.20,44228,2322294,199
2026-03-05,TWSE,2228,劍麟,91.40,93.90,91.40,93.60,2.90,213890,19874773,222
2026-03-05,TWSE,2231,為升,88.40,91.90,88.40,89.10,2.30,345750,31151769,348
2026-03-05,TWSE,2233,宇隆,229.00,232.50,223.50,229.50,6.50,1081848,247252941,1535
2026-03-05,TWSE,2236,百達-KY,112.50,114.50,111.50,112.00,2.50,86529,9768349,88
2026-03-05,TWSE,2239,英利-KY,24.40,24.70,24.25,24.40,0.00,159341,3885753,132
2026-03-05,TWSE,2241,艾姆勒,28.30,30.60,28.30,30.05,2.05,404796,12031358,546
2026-03-05,TWSE,2243,宏旭-KY,11.80,11.95,11.70,11.95,0.15,476849,5685831,86
2026-03-05,TWSE,2247,汎德永業,253.00,254.00,249.00,249.00,-0.50,116753,29247279,332
2026-03-05,TWSE,2248,華勝-KY,47.05,48.65,46.85,48.60,1.60,62217,2965651,49
2026-03-05,TWSE,2250,IKKA-KY,66.20,66.60,64.50,64.80,0.50,109058,7151945,129
2026-03-05,TWSE,2254,巨鎧精密-創,70.40,73.20,70.10,71.20,1.50,109031,7789587,63
2026-03-05,TWSE,2258,鴻華先進-創,35.65,37.05,35.15,35.75,0.65,716299,25695190,499
2026-03-05,TWSE,2301,光寶科,161.50,162.50,158.50,161.00,5.50,24197040,3878521463,16536
2026-03-05,TWSE,2302,麗正,17.30,17.60,17.30,17.45,0.65,675776,11779514,299
2026-03-05,TWSE,2303,聯電,62.50,64.00,61.30,62.10,2.10,75908985,4746201706,30129
2026-03-05,TWSE,2305,全友,12.45,12.75,12.35,12.65,0.55,401046,5042281,227
2026-03-05,TWSE,2308,台達電,1335.00,1365.00,1310.00,1335.00,80.00,13686208,18264367800,29127
2026-03-05,TWSE,2312,金寶,23.10,23.40,22.70,23.15,0.75,14244033,329620154,6465
2026-03-05,TWSE,2313,華通,226.00,228.50,205.00,205.00,-6.00,127857640,27466668136,103416
2026-03-05,TWSE,2314,台揚,19.75,19.75,19.30,19.35,0.00,209833,4096095,363
2026-03-05,TWSE,2316,楠梓電,93.10,95.30,92.20,93.70,3.60,3951307,370332112,3264
2026-03-05,TWSE,2317,鴻海,224.50,228.00,222.00,224.00,7.00,55660316,12480037425,47861
2026-03-05,TWSE,2321,東訊,,,,,0.00,1422,21804,10
2026-03-05,TWSE,2323,中環,10.50,10.65,10.45,10.60,0.40,5437587,57409846,1329
2026-03-05,TWSE,2324,仁寶,29.85,30.70,29.75,30.40,1.00,28045907,851651211,11870
2026-03-05,TWSE,2327,國巨*,271.00,274.50,264.00,267.50,8.50,25410832,6839891464,23445
2026-03-05,TWSE,2328,廣宇,47.80,48.35,46.85,47.90,1.80,3129858,149355010,2385
2026-03-05,TWSE,2329,華泰,51.40,52.80,50.40,52.50,3.15,9146435,474086958,5460
2026-03-05,TWSE,2330,台積電,1940.00,1960.00,1895.00,1900.00,35.00,56489914,108468004433,235975
2026-03-05,TWSE,2331,精英,24.20,24.70,23.80,24.10,0.60,3247860,78669802,2221
2026-03-05,TWSE,2332,友訊,14.80,15.30,14.80,15.10,0.65,2517071,37963391,1185
2026-03-05,TWSE,2337,旺宏,107.50,107.50,105.00,107.50,9.50,80734635,8654180388,37381
2026-03-05,TWSE,2338,光罩,51.80,53.50,51.00,52.70,4.05,4096867,215629905,3466
2026-03-05,TWSE,2340,台亞,24.95,25.80,24.85,25.50,1.25,2860202,72725419,1755
2026-03-05,TWSE,2342,茂矽,29.90,31.15,29.80,30.30,1.50,1614944,49214431,1347
2026-03-05,TWSE,2344,華邦電,113.50,114.00,109.00,112.00,8.00,165823126,18669812732,74388
2026-03-05,TWSE,2345,智邦,1375.00,1435.00,1350.00,1420.00,115.00,4477821,6258603705,8918
2026-03-05,TWSE,2347,聯強,68.50,70.30,68.20,70.10,2.60,4037420,281354968,9040
2026-03-05,TWSE,2348,海悅,69.60,70.80,69.60,69.90,0.40,371378,26008950,450
2026-03-05,TWSE,2348A,海悅甲特,38.00,38.10,38.00,38.05,0.20,39000,1484300,17
2026-03-05,TWSE,2349,錸德,13.10,13.30,12.85,13.15,0.50,4546632,59537756,1770
2026-03-05,TWSE,2351,順德,80.50,81.40,79.60,81.00,2.10,1283794,103385237,1105
2026-03-05,TWSE,2352,佳世達,23.70,24.05,23.35,23.75,0.45,5224265,123500774,3149
2026-03-05,TWSE,2353,宏碁,26.35,26.75,26.10,26.70,0.85,21785567,576760906,8724
2026-03-05,TWSE,2354,鴻準,55.10,55.80,54.70,55.60,1.60,4520142,250072528,3448
2026-03-05,TWSE,2355,敬鵬,43.55,44.50,41.30,41.75,0.15,14134662,604277902,8676
2026-03-05,TWSE,2356,英業達,41.60,42.10,41.40,41.90,1.65,13346401,557625985,7437
2026-03-05,TWSE,2357,華碩,510.00,520.00,508.00,518.00,18.00,3850664,1980456769,5081
2026-03-05,TWSE,2359,所羅門,121.50,123.50,119.50,121.00,2.00,1186578,143776097,1382
2026-03-05,TWSE,2360,致茂,1440.00,1440.00,1260.00,1405.00,65.00,2835082,3857596470,4392
2026-03-05,TWSE,2362,藍天,37.40,38.00,37.35,38.00,1.35,537296,20259896,432
2026-03-05,TWSE,2363,矽統,50.00,50.80,49.35,50.30,1.90,3407661,170779757,2328
2026-03-05,TWSE,2364,倫飛,61.10,62.30,61.10,62.30,1.40,80917,5012197,222
2026-03-05,TWSE,2365,昆盈,33.90,34.45,33.45,33.90,0.80,1142870,38776637,1047
2026-03-05,TWSE,2367,燿華,74.80,75.30,66.00,69.90,-1.10,36014535,2583075185,29880
2026-03-05,TWSE,2368,金像電,743.00,761.00,722.00,736.00,27.00,7982705,5905229315,12144
2026-03-05,TWSE,2369,菱生,25.90,26.90,25.65,26.75,1.65,7274871,192494716,4355
2026-03-05,TWSE,2371,大同,33.20,33.60,32.55,33.05,0.85,12404355,411104324,5932
2026-03-05,TWSE,2373,震旦行,55.80,56.40,55.10,56.30,0.50,68361,3810589,361
2026-03-05,TWSE,2374,佳能,73.00,73.40,71.60,72.80,2.80,3528851,256636799,3186
2026-03-05,TWSE,2375,凱美,85.80,87.60,84.70,85.20,2.40,1069588,91834289,1001
2026-03-05,TWSE,2376,技嘉,220.00,223.00,216.00,218.00,4.00,7159310,1566742343,6056
2026-03-05,TWSE,2377,微星,95.10,96.90,94.10,95.00,1.20,5098788,486317869,4293
2026-03-05,TWSE,2379,瑞昱,452.00,462.00,452.00,456.00,11.00,4408071,2011797044,4839
2026-03-05,TWSE,2380,虹光,5.11,5.50,5.11,5.50,0.50,601385,3257428,255
2026-03-05,TWSE,2382,廣達,288.00,293.00,286.00,289.50,8.50,20002777,5779427418,17045
2026-03-05,TWSE,2383,台光電,2350.00,2395.00,2300.00,2365.00,175.00,3883828,9135039140,8877
2026-03-05,TWSE,2385,群光,125.00,126.00,124.00,125.50,1.50,3518222,440057477,2511
2026-03-05,TWSE,2387,精元,42.70,43.00,42.00,42.20,0.50,1543080,65470324,1169
2026-03-05,TWSE,2388,威盛,46.10,46.60,45.15,45.90,1.40,1867407,85644333,1320
2026-03-05,TWSE,2390,云辰,9.82,9.86,9.75,9.85,0.19,251024,2462313,435
2026-03-05,TWSE,2392,正崴,36.70,37.35,36.40,36.80,0.80,1825221,67367166,1320
2026-03-05,TWSE,2393,億光,57.00,58.50,56.80,58.40,2.30,2943614,170488976,2071
2026-03-05,TWSE,2395,研華,335.50,342.50,334.00,342.50,31.00,6795655,2315528899,9726
2026-03-05,TWSE,2397,友通,57.80,58.30,57.60,58.20,1.30,178450,10344144,151
2026-03-05,TWSE,2399,映泰,23.55,24.30,23.25,23.65,0.85,3873726,92193339,2188
2026-03-05,TWSE,2401,凌陽,21.15,21.65,21.00,21.55,1.05,2902252,62085626,1572
2026-03-05,TWSE,2402,毅嘉,51.80,52.70,50.30,51.30,1.20,7812218,402704336,4777
2026-03-05,TWSE,2404,漢唐,1080.00,1100.00,1055.00,1100.00,100.00,3894132,4221466740,10527
2026-03-05,TWSE,2405,輔信,15.25,15.40,15.00,15.35,0.75,1319499,20076338,773
2026-03-05,TWSE,2406,國碩,33.25,34.75,31.05,31.75,0.10,42357127,1385905545,20571
2026-03-05,TWSE,2408,南亞科,257.50,257.50,257.50,257.50,23.00,21495563,5535106842,11659
2026-03-05,TWSE,2409,友達,15.55,15.75,15.05,15.30,0.35,132447520,2035982832,30727
2026-03-05,TWSE,2412,中華電,136.50,137.00,135.00,137.00,1.50,13682066,1863195641,5090
2026-03-05,TWSE,2413,環科,49.40,51.90,48.35,49.25,2.05,6563299,330103211,4266
2026-03-05,TWSE,2414,精技,41.35,42.10,41.35,41.75,0.55,164170,6868780,146
2026-03-05,TWSE,2415,錩新,27.00,27.20,26.15,26.25,0.35,113053,3005792,119
2026-03-05,TWSE,2417,圓剛,35.00,35.05,34.15,34.55,0.75,410555,14193464,431
2026-03-05,TWSE,2419,仲琦,29.50,30.65,29.25,30.20,2.00,4475190,134784104,2599
2026-03-05,TWSE,2420,新巨,52.30,52.30,51.00,52.30,2.30,353194,18302707,343
2026-03-05,TWSE,2421,建準,138.50,143.00,137.50,140.50,6.00,2856640,403068836,2749
2026-03-05,TWSE,2423,固緯,48.00,48.90,48.00,48.70,1.45,110051,5343027,101
2026-03-05,TWSE,2424,隴華,32.80,32.90,32.15,32.80,0.00,35092,1138616,33
2026-03-05,TWSE,2425,承啟,26.65,27.00,26.55,26.70,0.70,164092,4383949,287
2026-03-05,TWSE,2426,鼎元,19.30,20.75,19.30,20.75,1.85,6502817,134530504,2916
2026-03-05,TWSE,2427,三商電,25.80,25.95,25.55,25.80,0.95,474292,12218304,367
2026-03-05,TWSE,2428,興勤,174.00,176.00,172.00,174.50,6.00,516332,90055971,4157
2026-03-05,TWSE,2429,銘旺科,52.00,54.00,51.20,51.90,0.40,315449,16476185,466
2026-03-05,TWSE,2430,燦坤,23.00,23.10,22.80,23.00,0.00,106673,2442058,299
2026-03-05,TWSE,2431,聯昌,13.30,13.70,12.65,12.70,-0.80,5928171,77646248,2953
2026-03-05,TWSE,2432,倚天酷碁-創,23.85,23.85,23.50,23.50,0.05,10001,235624,9
2026-03-05,TWSE,2433,互盛電,46.75,46.80,46.70,46.80,0.10,22776,1064866,21
2026-03-05,TWSE,2434,統懋,29.95,30.00,29.50,29.85,0.50,13702,407659,23
2026-03-05,TWSE,2436,偉詮電,56.20,57.70,55.70,57.10,2.40,2798278,158726160,2098
2026-03-05,TWSE,2438,翔耀,21.25,21.50,20.75,21.50,0.80,78736,1667912,121
2026-03-05,TWSE,2439,美律,85.00,85.20,82.10,82.10,-0.60,4062197,336364839,4174
2026-03-05,TWSE,2440,太空梭,15.25,15.60,15.20,15.40,0.20,164052,2520848,127
2026-03-05,TWSE,2441,超豐,88.10,89.70,86.80,88.10,3.50,3486260,307446929,2344
2026-03-05,TWSE,2442,新美齊,19.40,19.40,19.05,19.30,0.40,1216715,23410354,774
2026-03-05,TWSE,2444,兆勁,13.65,14.25,13.60,13.80,0.40,909857,12647060,767
2026-03-05,TWSE,2449,京元電子,295.00,304.50,290.50,295.00,17.00,16564064,4905772760,17268
2026-03-05,TWSE,2450,神腦,29.70,30.00,29.70,29.90,0.35,151661,4525888,186
2026-03-05,TWSE,2451,創見,211.50,216.50,209.00,213.50,14.50,5891263,1251874365,5151
2026-03-05,TWSE,2453,凌群,51.60,52.00,51.10,51.10,0.50,270154,13886178,259
2026-03-05,TWSE,2454,聯發科,1760.00,1800.00,1750.00,1775.00,55.00,8337045,14796388815,25456
2026-03-05,TWSE,2455,全新,232.00,239.50,204.00,218.00,-8.50,10224664,2252927843,12306
2026-03-05,TWSE,2457,飛宏,29.00,29.50,28.40,28.80,0.55,2850911,82470575,1889
2026-03-05,TWSE,2458,義隆,130.50,138.00,129.50,137.00,10.00,8810256,1190068845,7448
2026-03-05,TWSE,2459,敦吉,66.00,66.40,65.90,66.10,0.60,52197,3447585,241
2026-03-05,TWSE,2460,建通,25.90,26.50,25.40,26.00,0.90,426475,11065432,442
2026-03-05,TWSE,2461,光群雷,16.05,16.05,15.70,15.80,0.15,262414,4158718,290
2026-03-05,TWSE,2462,良得電,23.55,23.85,23.30,23.70,0.65,369855,8726049,305
2026-03-05,TWSE,2464,盟立,68.80,70.00,67.60,68.30,1.40,2530370,174245395,2340
2026-03-05,TWSE,2465,麗臺,50.50,51.90,50.50,50.70,1.45,202532,10327616,269
2026-03-05,TWSE,2466,冠西電,48.90,51.80,48.90,51.30,3.20,977514,49136155,509
2026-03-05,TWSE,2467,志聖,391.50,400.00,368.00,400.00,35.00,2194472,844414542,3026
2026-03-05,TWSE,2468,華經,33.55,33.85,33.40,33.45,0.45,156171,5248364,159
2026-03-05,TWSE,2471,資通,48.55,49.45,48.55,48.80,0.60,167981,8245798,203
2026-03-05,TWSE,2472,立隆電,111.00,114.50,110.50,111.50,4.00,1606927,180078728,1391
2026-03-05,TWSE,2474,可成,187.00,188.00,182.50,185.50,0.00,3394420,626448198,3680
2026-03-05,TWSE,2476,鉅祥,77.50,79.30,77.50,78.60,2.70,1012962,79545957,734
2026-03-05,TWSE,2477,美隆電,23.70,23.85,23.50,23.60,0.40,202921,4801980,136
2026-03-05,TWSE,2478,大毅,69.50,72.80,69.50,71.40,4.10,4070138,292707340,2874
2026-03-05,TWSE,2480,敦陽科,143.50,144.50,142.00,143.50,2.00,162292,23261325,304
2026-03-05,TWSE,2481,強茂,91.30,92.90,88.70,90.20,2.20,15848025,1443427938,11244
2026-03-05,TWSE,2482,連宇,17.05,17.15,16.85,17.10,0.30,69342,1176006,124
2026-03-05,TWSE,2483,百容,22.40,22.95,21.20,22.45,0.45,439038,9688616,378
2026-03-05,TWSE,2484,希華,27.70,28.30,27.35,27.65,0.85,1175313,32739073,925
2026-03-05,TWSE,2485,兆赫,53.60,54.70,50.50,51.10,1.30,95602449,5014563173,54218
2026-03-05,TWSE,2486,一詮,131.50,137.50,130.00,135.50,10.50,12556997,1686556630,9028
2026-03-05,TWSE,2488,漢平,46.30,46.85,46.30,46.75,0.55,82066,3826417,493
2026-03-05,TWSE,2489,瑞軒,45.50,45.65,41.50,43.45,1.95,17721757,784395715,5933
2026-03-05,TWSE,2491,吉祥全,17.40,17.40,16.20,16.40,0.50,195001,3259661,159
2026-03-05,TWSE,2492,華新科,133.50,136.00,129.00,131.50,3.50,7384940,980412714,5847
2026-03-05,TWSE,2493,揚博,102.00,104.50,101.50,102.50,3.70,991208,101796248,881
2026-03-05,TWSE,2495,普安,29.85,30.70,29.70,30.30,1.55,2567275,77485226,1621
2026-03-05,TWSE,2496,卓越,68.40,69.00,68.00,68.70,1.00,51341,3513363,290
2026-03-05,TWSE,2497,怡利電,42.20,43.55,42.20,42.90,0.90,259427,11188870,193
2026-03-05,TWSE,2498,宏達電,41.35,41.75,40.65,41.55,1.15,4933222,203608002,3511
2026-03-05,TWSE,2501,國建,22.90,23.05,22.60,22.75,0.20,1658095,37828534,781
2026-03-05,TWSE,2504,國產,38.50,39.20,38.30,38.40,0.30,3380069,130311639,3296
2026-03-05,TWSE,2505,國揚,18.45,18.85,18.45,18.80,0.60,304860,5707991,197
2026-03-05,TWSE,2506,太設,8.98,8.99,8.85,8.88,0.03,159638,1420981,203
2026-03-05,TWSE,2509,全坤建,14.35,14.50,14.15,14.20,0.05,107576,1535064,140
2026-03-05,TWSE,2511,太子,8.12,8.15,8.06,8.15,0.14,1133673,9194733,493
2026-03-05,TWSE,2514,龍邦,14.50,14.55,14.40,14.45,0.15,133282,1924168,151
2026-03-05,TWSE,2515,中工,17.15,17.25,16.65,17.05,0.40,18392728,311994991,5349
2026-03-05,TWSE,2516,新建,14.50,14.50,14.45,14.50,0.20,185658,2691378,166
2026-03-05,TWSE,2520,冠德,30.55,31.10,30.35,31.05,1.05,1386731,42588805,1035
2026-03-05,TWSE,2524,京城,41.45,41.45,40.70,41.15,0.15,49073,2004576,186
2026-03-05,TWSE,2527,宏璟,30.25,30.80,30.25,30.70,0.90,259620,7912144,199
2026-03-05,TWSE,2528,皇普,27.50,27.50,26.90,27.05,-0.10,1179618,32017725,791
2026-03-05,TWSE,2530,華建,26.85,26.85,26.40,26.60,-0.05,385488,10236773,264
2026-03-05,TWSE,2534,宏盛,19.60,20.00,19.60,20.00,0.60,659436,13070844,749
2026-03-05,TWSE,2535,達欣工,71.60,73.00,71.60,72.30,1.80,325502,23507792,1129
2026-03-05,TWSE,2536,宏普,23.30,23.65,23.05,23.50,0.40,450442,10494101,236
2026-03-05,TWSE,2537,聯上發,10.15,10.25,10.10,10.25,0.20,814935,8294036,421
2026-03-05,TWSE,2538,基泰,10.45,10.50,10.40,10.45,0.10,257361,2692058,127
2026-03-05,TWSE,2539,櫻花建,48.75,49.00,48.15,48.60,0.60,428666,20798452,723
2026-03-05,TWSE,2540,愛山林,47.50,48.00,47.15,48.00,0.50,1484109,70734726,1287
2026-03-05,TWSE,2542,興富發,37.00,37.10,36.55,36.70,-0.15,3969138,145841319,3380
2026-03-05,TWSE,2543,皇昌,72.50,73.00,68.40,71.30,1.30,8724146,620381585,5280
2026-03-05,TWSE,2545,皇翔,36.35,37.25,36.35,37.25,1.15,256894,9483349,242
2026-03-05,TWSE,2546,根基,86.10,87.50,86.10,86.60,0.50,97082,8405963,805
2026-03-05,TWSE,2547,日勝生,10.95,11.10,10.90,11.05,0.20,2864727,31552258,786
2026-03-05,TWSE,2548,華固,113.00,114.00,113.00,114.00,2.00,1031747,117186754,1073
2026-03-05,TWSE,2597,潤弘,168.00,170.50,168.00,169.00,3.00,242848,41176764,347
2026-03-05,TWSE,2601,益航,7.22,7.22,6.69,7.19,0.62,35660980,252364425,11449
2026-03-05,TWSE,2603,長榮,212.00,220.00,203.00,208.00,-1.50,40304123,8472470785,31960
2026-03-05,TWSE,2605,新興,35.30,37.90,34.00,34.95,-0.05,41373950,1471073864,16369
2026-03-05,TWSE,2606,裕民,66.40,68.40,65.10,66.20,0.20,10490806,695027217,7663
2026-03-05,TWSE,2607,榮運,55.50,55.70,54.60,54.60,-0.10,537476,29544510,2390
2026-03-05,TWSE,2608,嘉里大榮,31.50,31.65,31.30,31.30,0.10,407492,12820475,394
2026-03-05,TWSE,2609,陽明,64.20,67.00,59.30,60.00,-3.60,140918271,8739945657,74459
2026-03-05,TWSE,2610,華航,19.05,19.20,18.65,18.90,0.30,62961675,1188597022,16931
2026-03-05,TWSE,2611,志信,15.00,15.35,14.80,14.90,0.05,467897,7025257,506
2026-03-05,TWSE,2612,中航,64.70,66.90,62.90,64.50,0.20,2021744,130293729,1705
2026-03-05,TWSE,2613,中櫃,26.20,27.80,25.50,26.10,0.00,3468130,90947758,2387
2026-03-05,TWSE,2614,東森,20.60,20.70,20.35,20.65,0.35,680352,13962519,1534
2026-03-05,TWSE,2615,萬海,82.00,85.20,77.90,78.70,-2.80,52073048,4194706810,31694
2026-03-05,TWSE,2616,山隆,19.80,19.80,19.80,19.80,1.80,3296441,65269402,1418
2026-03-05,TWSE,2617,台航,32.00,32.85,31.80,32.20,0.50,2117117,68155269,1244
2026-03-05,TWSE,2618,長榮航,34.55,34.65,33.90,34.05,0.20,40094018,1367678548,15947
2026-03-05,TWSE,2630,亞航,53.90,54.50,52.20,52.40,-0.70,2464462,131162587,1891
2026-03-05,TWSE,2633,台灣高鐵,26.55,26.75,26.50,26.60,0.05,5535486,147177750,2708
2026-03-05,TWSE,2634,漢翔,54.50,55.30,54.10,54.90,1.40,7832228,429447840,4844
2026-03-05,TWSE,2636,台驊控股,65.70,67.00,65.00,65.80,0.60,508541,33422472,562
2026-03-05,TWSE,2637,慧洋-KY,73.00,74.70,69.80,71.70,0.00,4017328,289997635,2804
2026-03-05,TWSE,2642,宅配通,24.40,24.80,24.30,24.45,0.10,55995,1372251,220
2026-03-05,TWSE,2645,長榮航太,168.00,170.00,166.00,167.50,3.00,1273484,213719045,1563
2026-03-05,TWSE,2646,星宇航空,21.95,22.15,21.85,22.05,0.15,5638148,123686083,4009
2026-03-05,TWSE,2701,萬企,11.00,11.00,10.90,10.90,0.05,55220,603098,39
2026-03-05,TWSE,2702,華園,11.65,11.65,11.50,11.55,0.00,81814,946698,151
2026-03-05,TWSE,2704,國賓,42.00,43.15,42.00,42.90,0.40,270390,11446865,242
2026-03-05,TWSE,2705,六福,15.90,16.15,15.90,16.10,0.30,142997,2296858,482
2026-03-05,TWSE,2706,第一店,12.85,12.85,12.70,12.70,0.05,87762,1117762,120
2026-03-05,TWSE,2707,晶華,186.00,186.00,184.00,185.00,0.50,266726,49317701,376
2026-03-05,TWSE,2712,遠雄來,17.05,17.05,16.85,17.00,0.00,21868,370686,31
2026-03-05,TWSE,2722,夏都,24.20,24.25,24.00,24.05,0.00,33341,803242,83
2026-03-05,TWSE,2723,美食-KY,67.10,69.10,67.10,68.00,1.40,447802,30336738,374
2026-03-05,TWSE,2727,王品,217.50,222.00,217.00,219.00,3.50,419120,91724543,1715
2026-03-05,TWSE,2731,雄獅,162.50,165.00,161.50,163.00,3.00,932080,151748132,1029
2026-03-05,TWSE,2739,寒舍,32.40,32.70,31.40,32.70,0.40,133179,4274596,99
2026-03-05,TWSE,2748,雲品,40.05,40.10,39.65,39.90,0.30,88224,3515998,221
2026-03-05,TWSE,2753,八方雲集,184.00,184.00,182.00,182.50,1.50,74619,13641731,180
2026-03-05,TWSE,2762,世界健身-KY,77.70,78.30,77.60,78.20,0.40,43384,3379449,165
2026-03-05,TWSE,2801,彰銀,20.95,20.95,20.55,20.65,0.10,17546849,363092821,4681
2026-03-05,TWSE,2812,台中銀,20.45,20.50,20.10,20.25,0.05,10649281,215734728,5223
2026-03-05,TWSE,2816,旺旺保,30.60,30.60,29.95,30.20,0.40,88934,2682031,84
2026-03-05,TWSE,2820,華票,17.00,17.05,16.80,16.85,0.05,831942,14060848,539
2026-03-05,TWSE,2832,台產,49.85,49.85,49.35,49.35,0.05,234205,11579657,1759
2026-03-05,TWSE,2834,臺企銀,15.55,15.60,15.35,15.35,0.00,26780373,413501164,7968
2026-03-05,TWSE,2836,高雄銀,12.50,12.55,12.45,12.50,0.10,868190,10839688,480
2026-03-05,TWSE,2836A,高雄銀甲特,24.05,24.10,24.05,24.10,0.05,15004,360896,9
2026-03-05,TWSE,2838,聯邦銀,19.85,20.00,19.55,19.60,0.30,1555634,30636409,727
2026-03-05,TWSE,2838A,聯邦銀甲特,54.30,54.40,54.30,54.40,0.00,9000,488900,3
2026-03-05,TWSE,2845,遠東銀,12.50,12.50,12.30,12.35,0.00,11760071,145588518,3108
2026-03-05,TWSE,2849,安泰銀,13.40,13.45,13.20,13.45,0.20,166817,2215955,151
2026-03-05,TWSE,2850,新產,117.50,119.00,116.50,117.50,1.50,455028,53519267,394
2026-03-05,TWSE,2851,中再保,26.95,27.45,26.95,27.35,0.60,1119018,30455555,762
2026-03-05,TWSE,2852,第一保,26.65,26.95,26.65,26.95,0.55,286037,7656356,198
2026-03-05,TWSE,2855,統一證,30.30,30.55,29.85,30.30,0.90,8260088,249829028,2668
2026-03-05,TWSE,2867,三商壽,8.01,8.10,7.98,8.06,0.10,13310170,106751235,2292
2026-03-05,TWSE,2880,華南金,35.10,35.80,35.10,35.40,0.40,15181114,537732137,6233
2026-03-05,TWSE,2881,富邦金,90.80,91.30,89.80,90.50,0.70,19487570,1762109156,11678
2026-03-05,TWSE,2881A,富邦特,63.20,63.30,63.20,63.30,0.00,72512,4585455,33
2026-03-05,TWSE,2881B,富邦金乙特,61.40,61.60,61.40,61.60,0.10,62978,3872955,24
2026-03-05,TWSE,2881C,富邦金丙特,52.00,52.10,51.90,52.10,0.20,63620,3307375,44
2026-03-05,TWSE,2882,國泰金,74.30,74.70,72.70,73.60,0.40,32449965,2380978591,13309
2026-03-05,TWSE,2882A,國泰特,60.80,60.80,60.70,60.80,0.00,40132,2439898,16
2026-03-05,TWSE,2882B,國泰金乙特,60.10,60.10,60.00,60.10,0.00,13145,789894,6
2026-03-05,TWSE,2883,凱基金,20.50,20.75,20.00,20.30,0.40,61940918,1261889203,14381
2026-03-05,TWSE,2883B,凱基金乙特,8.01,8.05,8.01,8.02,-0.01,2221820,17843577,478
2026-03-05,TWSE,2884,玉山金,33.75,34.05,33.75,34.05,0.40,30239365,1024755397,10560
2026-03-05,TWSE,2885,元大金,45.75,46.25,45.10,45.35,0.35,19585700,890720600,8488
2026-03-05,TWSE,2886,兆豐金,39.20,39.60,39.00,39.30,0.40,17718596,696557042,8244
2026-03-05,TWSE,2887,台新新光金,24.70,24.85,24.10,24.55,0.40,97135070,2379946500,15990
2026-03-05,TWSE,2887E,台新新光戊特一,50.10,50.20,50.10,50.20,0.00,108083,5422733,54
2026-03-05,TWSE,2887F,台新新光戊特二,47.50,47.50,47.30,47.30,-0.35,86955,4116168,34
2026-03-05,TWSE,2887G,台新新光庚特一,40.70,40.70,40.50,40.60,-0.05,473740,19209622,80
2026-03-05,TWSE,2887H,台新新光庚特二,39.95,40.00,39.85,40.00,0.05,136382,5444595,58
2026-03-05,TWSE,2887I,台新新光辛特,9.28,9.28,9.26,9.28,0.01,6561457,60850960,673
2026-03-05,TWSE,2887Z1,台新新光己特,17.55,17.55,17.50,17.50,0.00,6680,117021,12
2026-03-05,TWSE,2889,國票金,16.40,16.60,16.15,16.20,-0.05,4019671,65416042,3198
2026-03-05,TWSE,2890,永豐金,31.80,32.10,31.30,31.65,0.35,25183707,796166148,8876
2026-03-05,TWSE,2891,中信金,51.50,52.00,50.90,51.50,1.00,33861742,1738827076,13704
2026-03-05,TWSE,2891B,中信金乙特,63.40,63.70,63.30,63.70,0.00,54597,3460338,20
2026-03-05,TWSE,2891C,中信金丙特,60.30,60.30,60.30,60.30,0.00,2298,138466,15
2026-03-05,TWSE,2892,第一金,29.05,29.15,28.85,29.05,0.45,17768753,515449330,6672
2026-03-05,TWSE,2897,王道銀行,9.73,9.81,9.72,9.79,0.16,5473933,53437125,907
2026-03-05,TWSE,2897B,王道銀乙特,11.80,11.80,11.80,11.80,0.00,9000,106200,4
2026-03-05,TWSE,2901,欣欣,23.45,23.60,23.30,23.60,0.15,83484,1957473,264
2026-03-05,TWSE,2903,遠百,22.50,22.55,22.30,22.30,0.10,2710024,60641365,1675
2026-03-05,TWSE,2904,匯僑,17.75,17.75,17.35,17.50,0.00,55876,974026,54
2026-03-05,TWSE,2905,三商,15.60,15.90,15.60,15.85,0.40,717149,11313885,420
2026-03-05,TWSE,2906,高林,12.55,12.55,12.45,12.50,0.10,55205,688432,57
2026-03-05,TWSE,2908,特力,20.45,20.45,20.10,20.20,0.00,66285,1338458,54
2026-03-05,TWSE,2910,統領,22.10,22.50,21.80,22.30,0.50,11031,244249,12
2026-03-05,TWSE,2911,麗嬰房,5.00,5.15,4.90,5.12,0.12,45260,225803,144
2026-03-05,TWSE,2912,統一超,220.00,221.50,219.00,220.00,0.50,1197967,263399793,1990
2026-03-05,TWSE,2913,農林,12.60,12.80,12.50,12.50,-0.15,2835384,35734733,2962
2026-03-05,TWSE,2915,潤泰全,52.00,52.10,51.40,51.50,0.40,1682765,86946124,1273
2026-03-05,TWSE,2923,鼎固-KY,22.80,23.35,21.85,22.55,-1.10,153535,3434047,748
2026-03-05,TWSE,2929,淘帝-KY,7.08,7.27,7.08,7.23,0.22,340761,2459125,310
2026-03-05,TWSE,2939,永邑-KY,22.05,22.05,21.40,21.80,-0.15,18001,391471,18
2026-03-05,TWSE,2945,三商家購,41.60,41.60,41.20,41.30,-0.20,19643,812675,37
2026-03-05,TWSE,3002,歐格,21.15,22.10,21.15,21.60,1.05,547130,11852059,435
2026-03-05,TWSE,3003,健和興,49.20,50.00,48.55,49.90,1.80,226688,11242626,207
2026-03-05,TWSE,3004,豐達科,106.50,109.50,106.50,109.00,4.00,233032,25294039,260
2026-03-05,TWSE,3005,神基,125.00,127.50,123.00,123.50,2.50,8015600,999984434,6162
2026-03-05,TWSE,3006,晶豪科,158.00,158.00,147.50,148.00,1.50,21179165,3236910952,12554
2026-03-05,TWSE,3008,大立光,2365.00,2395.00,2320.00,2360.00,55.00,865123,2037301630,3539
2026-03-05,TWSE,3010,華立,119.00,124.50,118.00,123.50,9.00,1980034,240978963,2131
2026-03-05,TWSE,3011,今皓,12.40,12.40,12.10,12.25,0.20,458384,5600605,342
2026-03-05,TWSE,3013,晟銘電,101.00,102.50,99.70,102.00,3.80,2478152,250751437,1781
2026-03-05,TWSE,3014,聯陽,118.50,119.50,117.00,119.00,2.50,687745,81504439,700
2026-03-05,TWSE,3015,全漢,52.90,53.60,52.80,53.30,0.90,188939,10041823,266
2026-03-05,TWSE,3016,嘉晶,56.00,58.00,55.40,56.60,2.50,1666418,94680329,1321
2026-03-05,TWSE,3017,奇鋐,1860.00,1900.00,1795.00,1820.00,70.00,5484692,10145440390,13163
2026-03-05,TWSE,3018,隆銘綠能,13.50,13.50,13.20,13.20,-0.20,21608,288308,172
2026-03-05,TWSE,3019,亞光,137.50,138.50,133.00,135.50,2.50,4260165,578457400,4218
2026-03-05,TWSE,3021,鴻名,16.30,16.85,16.30,16.60,0.35,95000,1582050,68
2026-03-05,TWSE,3022,威強電,57.20,59.20,57.20,59.20,3.00,638304,37186105,518
2026-03-05,TWSE,3023,信邦,227.00,235.00,226.00,234.00,12.50,1065865,246147560,3836
2026-03-05,TWSE,3024,憶聲,10.40,10.40,10.15,10.20,0.15,492715,5034477,552
2026-03-05,TWSE,3025,星通,57.40,58.80,56.70,56.70,2.10,625617,35979799,725
2026-03-05,TWSE,3026,禾伸堂,108.50,110.00,107.00,109.00,3.50,1600628,173401330,1238
2026-03-05,TWSE,3027,盛達,22.35,22.90,22.20,22.60,0.45,460970,10360784,365
2026-03-05,TWSE,3028,增你強,54.80,55.90,52.00,53.80,2.00,10610088,573912182,6807
2026-03-05,TWSE,3029,零壹,122.00,124.00,118.00,118.50,0.50,1784391,214789121,1847
2026-03-05,TWSE,3030,德律,251.00,258.00,238.00,249.00,11.50,10769335,2671865036,9907
2026-03-05,TWSE,3031,佰鴻,19.10,19.40,18.95,19.20,0.35,258243,4954058,181
2026-03-05,TWSE,3032,偉訓,65.30,67.10,65.30,66.70,3.30,527521,34982749,515
2026-03-05,TWSE,3033,威健,29.70,30.45,29.70,30.25,1.05,2367275,71319435,1242
2026-03-05,TWSE,3034,聯詠,377.00,379.00,371.50,374.50,3.50,3347168,1256271441,3378
2026-03-05,TWSE,3035,智原,162.00,162.50,158.00,159.00,1.00,2155422,344010252,2710
2026-03-05,TWSE,3036,文曄,201.50,213.50,200.50,211.00,15.50,43341481,9017224391,26328
2026-03-05,TWSE,3037,欣興,450.50,450.50,417.00,450.00,33.00,18583555,8181236415,25137
2026-03-05,TWSE,3038,全台,21.85,22.50,21.85,22.35,1.05,289195,6433398,322
2026-03-05,TWSE,3040,遠見,39.00,41.40,38.75,39.40,0.70,542657,21750583,702
2026-03-05,TWSE,3041,揚智,22.60,23.45,22.60,23.15,0.85,460331,10667088,594
2026-03-05,TWSE,3042,晶技,89.70,90.70,89.10,90.10,2.10,1494373,134582719,1434
2026-03-05,TWSE,3043,科風,21.90,22.10,21.55,21.80,0.25,48488,1057634,243
2026-03-05,TWSE,3044,健鼎,380.00,380.00,361.00,367.50,17.50,2666611,987075010,2529
2026-03-05,TWSE,3045,台灣大,108.00,108.50,106.50,107.50,-0.50,10528958,1132064187,4625
2026-03-05,TWSE,3046,建碁,47.05,47.90,47.05,47.80,1.35,169211,8057531,142
2026-03-05,TWSE,3047,訊舟,16.60,16.90,16.50,16.65,0.40,1439156,24041042,898
2026-03-05,TWSE,3048,益登,35.50,36.20,35.15,36.00,1.70,1327932,47469005,1191
2026-03-05,TWSE,3049,精金,12.55,13.50,12.40,13.50,1.20,49684106,657108046,16823
2026-03-05,TWSE,3050,鈺德,12.80,13.10,12.65,13.00,0.50,669807,8641240,464
2026-03-05,TWSE,3051,力特,21.40,21.70,20.90,21.00,0.15,639157,13541181,569
2026-03-05,TWSE,3052,夆典,11.50,11.50,11.35,11.45,0.05,223331,2545006,254
2026-03-05,TWSE,3054,立萬利,42.00,44.40,40.30,40.95,-0.55,1105544,46732666,951
2026-03-05,TWSE,3055,蔚華科,62.70,65.00,62.70,63.40,1.70,215224,13756994,282
2026-03-05,TWSE,3056,富華新,16.75,16.85,16.60,16.85,0.30,737563,12345590,714
2026-03-05,TWSE,3057,喬鼎,15.25,15.70,15.05,15.40,0.30,164089,2511688,374
2026-03-05,TWSE,3058,立德,9.91,9.99,9.75,9.75,0.14,560871,5530029,525
2026-03-05,TWSE,3059,華晶科,37.70,38.25,37.60,38.00,1.20,1576980,59869338,1242
2026-03-05,TWSE,3060,銘異,31.15,31.90,30.35,30.85,1.20,3086659,96326039,2288
2026-03-05,TWSE,3062,建漢,25.10,25.85,24.95,25.25,0.85,3320574,84187442,2030
2026-03-05,TWSE,3090,日電貿,92.00,93.50,91.70,93.10,3.90,2108142,195736548,1904
2026-03-05,TWSE,3092,鴻碩,39.70,40.50,36.35,37.80,0.50,2724277,105714663,2096
2026-03-05,TWSE,3094,聯傑,23.40,24.15,23.40,23.65,0.55,213534,5068978,219
2026-03-05,TWSE,3130,一零四,226.00,226.00,224.50,225.00,0.50,15477,3480812,310
2026-03-05,TWSE,3135,凌航,115.50,117.00,111.50,112.50,4.50,1638149,187221334,1373
2026-03-05,TWSE,3138,耀登,206.00,210.50,182.50,182.50,-13.00,12335768,2404224506,11972
2026-03-05,TWSE,3149,正達,52.70,53.20,50.00,51.30,1.20,7397464,382212899,4743
2026-03-05,TWSE,3150,鈺寶-創,17.00,17.00,16.75,16.75,-0.05,21460,360569,18
2026-03-05,TWSE,3164,景岳,17.95,18.05,17.85,17.95,0.00,54476,979187,93
2026-03-05,TWSE,3167,大量,279.00,288.00,265.00,276.00,10.00,1273685,353043294,1684
2026-03-05,TWSE,3168,眾福科,41.35,42.10,41.35,41.80,0.30,12030,500304,13
2026-03-05,TWSE,3189,景碩,308.00,309.50,289.00,297.50,13.00,36204641,10842846147,32398
2026-03-05,TWSE,3209,全科,34.60,35.45,34.50,35.30,1.40,975770,34106484,813
2026-03-05,TWSE,3229,晟鈦,20.05,20.90,19.95,20.00,0.20,86482,1742581,72
2026-03-05,TWSE,3231,緯創,128.00,131.00,128.00,128.50,3.50,35783034,4623619939,20805
2026-03-05,TWSE,3257,虹冠電,57.50,59.40,57.30,57.80,1.80,374930,21829042,362
2026-03-05,TWSE,3266,昇陽,13.85,13.95,13.75,13.90,0.35,57030,790168,39
2026-03-05,TWSE,3296,勝德,22.45,22.95,22.35,22.35,0.15,56315,1274836,112
2026-03-05,TWSE,3305,昇貿,109.00,110.50,105.00,107.00,3.00,2284757,246398773,2230
2026-03-05,TWSE,3308,聯德,23.05,24.65,23.05,24.05,1.60,570303,13830157,516
2026-03-05,TWSE,3311,閎暉,32.65,33.15,32.30,32.45,0.20,172683,5628277,185
2026-03-05,TWSE,3312,弘憶股,34.50,34.50,33.50,33.85,0.75,578118,19640784,621
2026-03-05,TWSE,3321,同泰,17.50,17.50,16.75,17.10,0.40,305079,5199312,472
2026-03-05,TWSE,3338,泰碩,58.60,59.90,57.60,57.90,0.60,1560520,91728666,1283
2026-03-05,TWSE,3346,麗清,20.00,20.20,19.55,19.90,0.60,309068,6117588,227
2026-03-05,TWSE,3356,奇偶,44.20,44.80,43.95,44.15,0.80,229249,10175488,700
2026-03-05,TWSE,3376,新日興,197.50,198.50,191.00,193.00,1.00,4597117,895366436,4215
2026-03-05,TWSE,3380,明泰,34.35,35.40,34.15,35.40,3.20,10961429,385483373,5983
2026-03-05,TWSE,3406,玉晶光,412.50,419.50,412.00,415.50,10.50,580307,241444245,951
2026-03-05,TWSE,3413,京鼎,301.00,303.00,294.50,298.50,8.50,1211226,361892860,1907
2026-03-05,TWSE,3416,融程電,145.00,147.00,143.50,143.50,1.00,240749,34951889,251
2026-03-05,TWSE,3419,譁裕,15.95,16.30,15.55,16.00,0.25,336007,5341963,255
2026-03-05,TWSE,3432,台端,16.50,17.15,16.05,16.60,0.35,61063,1008913,52
2026-03-05,TWSE,3437,榮創,14.85,15.05,14.65,14.95,0.65,546059,8130661,385
2026-03-05,TWSE,3443,創意,2405.00,2425.00,2315.00,2355.00,75.00,1968833,4648894125,6739
2026-03-05,TWSE,3447,展達,40.25,42.30,39.70,40.40,0.80,199393,8164485,192
2026-03-05,TWSE,3450,聯鈞,316.50,324.00,280.00,287.00,-14.00,58257858,17540883451,50118
2026-03-05,TWSE,3454,晶睿,99.30,99.40,99.30,99.30,-0.10,91050,9042893,123
2026-03-05,TWSE,3481,群創,26.45,26.70,24.80,26.00,1.25,722993701,18621394027,189440
2026-03-05,TWSE,3494,誠研,8.78,8.78,8.50,8.66,0.01,141381,1218223,129
2026-03-05,TWSE,3501,維熹,49.30,50.20,49.30,50.00,0.90,166503,8300252,186
2026-03-05,TWSE,3504,揚明光,60.80,62.20,59.60,60.50,1.50,752246,45958191,597
2026-03-05,TWSE,3515,華擎,218.00,225.50,218.00,224.00,11.50,758957,169082663,915
2026-03-05,TWSE,3518,柏騰,20.60,21.15,20.30,21.10,0.90,210781,4383077,202
2026-03-05,TWSE,3528,安馳,67.70,68.30,66.60,67.60,1.30,110497,7453443,134
2026-03-05,TWSE,3530,晶相光,58.00,60.40,58.00,58.90,2.00,214356,12607596,192
2026-03-05,TWSE,3532,台勝科,131.00,132.50,123.50,126.00,1.50,2575701,328398215,2247
2026-03-05,TWSE,3533,嘉澤,1555.00,1605.00,1540.00,1585.00,90.00,1305259,2056698190,2830
2026-03-05,TWSE,3535,晶彩科,137.00,140.50,132.00,135.00,7.00,12031746,1644829821,8556
2026-03-05,TWSE,3543,州巧,50.20,50.50,47.70,47.70,-0.20,2264287,110647480,1678
2026-03-05,TWSE,3545,敦泰,48.80,48.80,47.00,47.30,-0.40,2378445,113103379,2086
2026-03-05,TWSE,3550,聯穎,17.50,17.70,17.15,17.45,0.80,1843019,32134785,1086
2026-03-05,TWSE,3557,嘉威,32.20,32.75,32.00,32.20,0.40,61003,1961536,107
2026-03-05,TWSE,3563,牧德,675.00,697.00,633.00,681.00,41.00,5215554,3468927318,6510
2026-03-05,TWSE,3576,聯合再生,24.00,25.10,21.65,23.25,-0.80,83059465,1931943093,43401
2026-03-05,TWSE,3583,辛耘,356.00,365.00,349.00,360.00,20.50,1659588,593963662,2435
2026-03-05,TWSE,3588,通嘉,48.15,49.90,48.15,49.70,2.15,272863,13472447,369
2026-03-05,TWSE,3591,艾笛森,17.55,17.80,17.40,17.65,0.20,287645,5057183,321
2026-03-05,TWSE,3592,瑞鼎,222.00,225.50,221.00,222.00,4.00,403012,89817188,659
2026-03-05,TWSE,3593,力銘,12.80,12.80,12.10,12.20,0.45,32976,401630,220
2026-03-05,TWSE,3596,智易,200.00,207.00,199.00,201.00,6.50,3558527,720477870,3181
2026-03-05,TWSE,3605,宏致,61.40,64.90,60.30,63.80,3.80,3119145,197242665,2126
2026-03-05,TWSE,3607,谷崧,13.70,13.95,13.55,13.65,0.25,285638,3918834,303
2026-03-05,TWSE,3617,碩天,180.00,185.00,180.00,184.00,7.00,184817,33911593,246
2026-03-05,TWSE,3622,洋華,57.80,59.00,57.30,58.90,1.90,554018,32247370,491
2026-03-05,TWSE,3645,達邁,65.00,66.00,62.20,62.80,0.30,4618222,295943849,3356
2026-03-05,TWSE,3652,精聯,27.80,27.80,26.80,26.95,0.00,125219,3382913,69
2026-03-05,TWSE,3653,健策,3035.00,3160.00,3035.00,3140.00,260.00,1846870,5734751415,8578
2026-03-05,TWSE,3661,世芯-KY,3265.00,3310.00,3215.00,3270.00,150.00,1497445,4880208415,7481
2026-03-05,TWSE,3665,貿聯-KY,1745.00,1770.00,1690.00,1725.00,115.00,6533492,11381108730,13714
2026-03-05,TWSE,3669,圓展,33.05,34.15,33.00,33.45,1.25,116415,3904429,105
2026-03-05,TWSE,3673,TPK-KY,39.50,40.00,38.90,39.45,1.05,1330045,52511142,991
2026-03-05,TWSE,3679,新至陞,119.00,123.00,117.50,118.00,1.50,222741,26619942,194
2026-03-05,TWSE,3686,達能,19.45,20.50,19.10,19.25,0.00,622821,12236901,575
2026-03-05,TWSE,3694,海華,57.20,57.40,56.10,57.10,2.10,670113,38203049,616
2026-03-05,TWSE,3701,大眾控,67.40,68.30,57.60,61.00,-3.00,37404213,2306581619,20936
2026-03-05,TWSE,3702,大聯大,68.50,70.90,68.00,70.70,3.20,12058890,841809411,8521
2026-03-05,TWSE,3703,欣陸,21.65,21.85,21.65,21.85,0.40,980843,21344322,518
2026-03-05,TWSE,3704,合勤控,32.10,32.90,31.80,32.45,1.35,2080561,67604077,1218
2026-03-05,TWSE,3705,永信,54.30,54.60,54.10,54.20,0.00,220579,11977753,223
2026-03-05,TWSE,3706,神達,81.10,82.30,79.50,81.40,3.30,27825078,2259834875,18843
2026-03-05,TWSE,3708,上緯投控,114.50,116.50,113.50,116.00,3.50,1600259,183949651,1249
2026-03-05,TWSE,3711,日月光投控,343.50,357.00,342.50,353.50,26.00,34618546,12146378693,24641
2026-03-05,TWSE,3712,永崴投控,24.20,24.20,23.35,23.50,-0.25,1379304,32585353,3103
2026-03-05,TWSE,3714,富采,37.60,38.50,37.10,38.35,1.85,5637984,214405707,3975
2026-03-05,TWSE,3715,定穎投控,153.00,156.00,147.00,149.50,4.50,26979447,4093179342,20046
2026-03-05,TWSE,3716,中化控股,33.80,33.90,33.55,33.60,0.10,93349,3140478,570
2026-03-05,TWSE,3717,聯嘉投控,16.90,17.95,16.90,17.95,1.60,1508353,26817899,965
2026-03-05,TWSE,4104,佳醫,77.90,77.90,77.40,77.80,0.70,142014,11022431,299
2026-03-05,TWSE,4106,雃博,22.40,22.60,22.25,22.60,0.25,75018,1682507,94
2026-03-05,TWSE,4108,懷特,13.50,13.75,13.50,13.60,0.15,125778,1715242,273
2026-03-05,TWSE,4119,旭富,51.40,51.60,50.50,51.00,1.10,111050,5666141,180
2026-03-05,TWSE,4133,亞諾法,24.00,24.05,23.70,23.80,0.10,79087,1884446,405
2026-03-05,TWSE,4137,麗豐-KY,113.50,115.50,113.00,113.50,2.00,322506,36820718,341
2026-03-05,TWSE,4142,國光生,17.55,17.80,17.55,17.80,0.45,913484,16171539,660
2026-03-05,TWSE,4148,全宇生技-KY,35.05,35.30,34.70,35.30,0.30,39421,1373825,33
2026-03-05,TWSE,4155,訊映,14.00,14.05,13.90,13.95,0.00,144220,2014649,250
2026-03-05,TWSE,4164,承業醫,31.00,31.95,31.00,31.70,0.95,896455,28268385,742
2026-03-05,TWSE,4190,佐登-KY,29.35,29.35,29.10,29.25,-0.05,28382,830710,214
2026-03-05,TWSE,4306,炎洲,13.30,13.30,13.00,13.20,0.10,764714,10062964,704
2026-03-05,TWSE,4414,如興,10.00,10.05,9.91,9.98,0.08,293207,2928319,205
2026-03-05,TWSE,4426,利勤,9.35,9.40,9.23,9.25,0.13,106174,987491,82
2026-03-05,TWSE,4438,廣越,66.30,66.90,65.70,66.20,0.40,58914,3907537,59
2026-03-05,TWSE,4439,冠星-KY,99.80,100.00,97.80,98.20,-0.60,24230,2393443,107
2026-03-05,TWSE,4440,宜新實業,17.65,18.05,17.40,17.65,0.45,146678,2584354,94
2026-03-05,TWSE,4441,振大環球,235.00,244.00,230.00,244.00,10.50,99617,23460499,116
2026-03-05,TWSE,4526,東台,32.30,32.60,31.35,31.75,0.75,1580772,50607753,1217
2026-03-05,TWSE,4532,瑞智,25.00,25.40,24.80,25.20,0.50,675746,16950057,471
2026-03-05,TWSE,4536,拓凱,164.50,166.50,163.50,165.50,3.50,268364,44244422,260
2026-03-05,TWSE,4540,全球傳動,48.75,49.60,47.20,47.45,0.45,1555164,74992251,1386
2026-03-05,TWSE,4545,銘鈺,33.10,34.05,33.00,34.00,1.25,129402,4351257,96
2026-03-05,TWSE,4551,智伸科,125.00,126.00,122.50,123.50,3.50,277818,34587816,309
2026-03-05,TWSE,4552,力達-KY,23.30,23.50,23.20,23.30,0.15,93282,2183260,131
2026-03-05,TWSE,4555,氣立,36.30,37.05,35.90,36.10,0.95,53959,1952744,99
2026-03-05,TWSE,4557,永新-KY,68.80,68.80,65.80,65.80,-1.10,126426,8387730,350
2026-03-05,TWSE,4560,強信-KY,32.40,32.80,32.15,32.50,0.20,589002,19074164,193
2026-03-05,TWSE,4562,穎漢,35.10,36.15,33.65,34.05,0.55,219693,7559464,213
2026-03-05,TWSE,4564,元翎,20.80,21.35,20.00,20.10,-0.25,3044732,62333034,2085
2026-03-05,TWSE,4566,時碩工業,54.50,56.30,54.50,55.50,2.10,373240,20777691,368
2026-03-05,TWSE,4569,六方科-KY,172.50,177.00,166.50,167.00,2.50,358857,61714209,417
2026-03-05,TWSE,4571,鈞興-KY,176.00,179.50,173.00,174.00,2.00,352108,61964709,406
2026-03-05,TWSE,4572,駐龍,142.50,145.00,142.50,144.00,1.00,41210,5919107,42
2026-03-05,TWSE,4576,大銀微系統,123.50,126.50,120.00,122.00,1.00,1736165,213906878,1640
2026-03-05,TWSE,4581,光隆精密-KY,50.10,50.10,49.60,49.85,-0.05,11002,548600,12
2026-03-05,TWSE,4583,台灣精銳,640.00,664.00,640.00,651.00,24.00,250236,162742063,550
2026-03-05,TWSE,4585,達明,328.00,330.00,318.00,320.00,3.00,259063,83846303,782
2026-03-05,TWSE,4588,玖鼎電力,62.50,63.00,60.90,60.90,-0.70,184700,11350703,169
2026-03-05,TWSE,4590,富田-創,75.60,78.80,75.60,77.60,2.00,94255,7283778,152
2026-03-05,TWSE,4720,德淵,15.85,16.75,15.75,16.20,0.80,1279626,20831016,611
2026-03-05,TWSE,4722,國精化,181.50,188.50,176.00,183.00,9.00,2318857,422190806,2685
2026-03-05,TWSE,4736,泰博,125.00,128.00,124.50,128.00,5.00,375302,47481436,371
2026-03-05,TWSE,4737,華廣,55.90,58.00,55.40,56.50,1.10,203376,11489174,230
2026-03-05,TWSE,4739,康普,70.10,72.80,69.30,71.30,3.60,1423936,100574633,1207
2026-03-05,TWSE,4746,台耀,53.60,54.20,52.80,53.80,1.30,688049,36843038,725
2026-03-05,TWSE,4755,三福化,142.00,145.50,137.50,140.00,2.00,536159,75448061,3146
2026-03-05,TWSE,4763,材料*-KY,43.70,44.70,43.05,44.50,2.00,7000131,307092796,4480
2026-03-05,TWSE,4764,雙鍵,127.50,133.50,120.00,131.00,9.50,4331243,554599388,3620
2026-03-05,TWSE,4766,南寶,321.00,329.50,320.50,327.50,10.00,461995,150663986,658
2026-03-05,TWSE,4770,上品,229.00,234.00,225.50,232.50,13.50,466053,107598191,607
2026-03-05,TWSE,4771,望隼,181.00,181.00,176.50,179.00,6.00,153758,27420700,170
2026-03-05,TWSE,4807,日成-KY,16.95,17.05,16.00,16.90,0.00,220747,3682014,643
2026-03-05,TWSE,4904,遠傳,92.50,92.90,90.70,91.50,-0.70,5518787,504677310,3662
2026-03-05,TWSE,4906,正文,26.35,26.90,26.15,26.60,0.80,2535286,67379242,1306
2026-03-05,TWSE,4912,聯德控股-KY,90.00,92.20,89.50,90.50,3.50,435762,39625472,570
2026-03-05,TWSE,4915,致伸,74.70,75.40,73.60,73.70,0.20,2750001,204242779,2375
2026-03-05,TWSE,4916,事欣科,60.50,61.50,58.90,60.90,3.70,3978826,240399252,3245
2026-03-05,TWSE,4919,新唐,78.20,80.10,73.00,73.00,-1.50,13014823,991199660,10069
2026-03-05,TWSE,4927,泰鼎-KY,45.60,46.95,44.60,46.00,2.75,4472083,204746542,3195
2026-03-05,TWSE,4930,燦星網,21.30,21.60,21.30,21.40,0.15,50316,1079987,282
2026-03-05,TWSE,4934,太極,19.10,19.70,18.35,18.85,0.45,2888250,55201895,2036
2026-03-05,TWSE,4935,茂林-KY,37.75,38.20,37.70,37.90,0.20,62001,2353838,38
2026-03-05,TWSE,4938,和碩,69.60,70.10,69.10,69.40,0.90,5256065,365787569,3386
2026-03-05,TWSE,4942,嘉彰,37.50,37.55,36.90,37.20,0.50,94289,3508983,65
2026-03-05,TWSE,4943,康控-KY,12.85,12.85,12.15,12.50,0.35,19819,248052,51
2026-03-05,TWSE,4949,有成精密,48.30,50.80,47.60,47.85,0.20,1186544,57781873,960
2026-03-05,TWSE,4952,凌通,44.30,46.30,43.30,46.30,4.20,3327562,149414631,2180
2026-03-05,TWSE,4956,光鋐,23.95,24.75,23.70,24.50,1.20,1728260,41951061,1072
2026-03-05,TWSE,4958,臻鼎-KY,188.50,189.00,174.00,177.50,-1.50,27638032,4979843691,21259
2026-03-05,TWSE,4960,誠美材,15.75,16.35,15.00,16.20,1.30,29501849,471802989,10555
2026-03-05,TWSE,4961,天鈺,141.00,142.50,139.00,141.50,3.00,556634,78393055,719
2026-03-05,TWSE,4967,十銓,192.50,196.00,185.50,189.50,9.50,4237224,808831673,4331
2026-03-05,TWSE,4968,立積,117.00,126.00,116.00,116.50,1.50,3349236,403049742,3109
2026-03-05,TWSE,4976,佳凌,29.70,30.70,29.55,30.10,1.05,583073,17607810,508
2026-03-05,TWSE,4977,眾達-KY,174.00,175.00,159.00,161.00,1.50,16684278,2783629751,13390
2026-03-05,TWSE,4989,榮科,73.30,73.30,65.50,66.80,-0.80,54438013,3770668721,34954
2026-03-05,TWSE,4994,傳奇,105.00,110.00,103.00,105.00,1.50,40233,4256054,175
2026-03-05,TWSE,4999,鑫禾,22.40,23.05,22.40,22.40,0.10,60608,1375781,413
2026-03-05,TWSE,5007,三星,56.20,57.90,56.20,56.50,0.30,38193,2162658,83
2026-03-05,TWSE,5203,訊連,61.40,63.10,61.40,62.20,1.70,592339,36931476,638
2026-03-05,TWSE,5215,科嘉-KY,38.10,38.20,37.45,37.85,-0.05,46865,1777101,65
2026-03-05,TWSE,5222,全訊,141.00,142.00,137.50,139.50,2.00,850768,118984170,1055
2026-03-05,TWSE,5225,東科-KY,95.60,95.60,93.50,93.90,0.20,495319,46683718,608
2026-03-05,TWSE,5234,達興材料,402.00,410.50,389.50,400.50,18.50,1614748,645217977,2646
2026-03-05,TWSE,5243,乙盛-KY,74.90,75.70,73.50,74.40,2.30,1242841,92802502,1102
2026-03-05,TWSE,5244,弘凱,37.45,38.25,37.05,37.10,0.30,203314,7633222,129
2026-03-05,TWSE,5258,虹堡,49.05,49.60,49.00,49.60,1.25,180652,8914053,231
2026-03-05,TWSE,5269,祥碩,1225.00,1280.00,1200.00,1280.00,115.00,1490121,1875874920,4639
2026-03-05,TWSE,5283,禾聯碩,57.60,58.20,57.60,58.10,0.40,59554,3456941,229
2026-03-05,TWSE,5284,jpp-KY,260.00,261.50,253.50,253.50,2.00,431586,110861780,691
2026-03-05,TWSE,5285,界霖,47.85,49.05,47.75,48.00,0.45,116566,5614935,106
2026-03-05,TWSE,5288,豐祥-KY,142.00,145.00,141.00,142.00,3.00,94714,13461244,111
2026-03-05,TWSE,5292,華懋,181.00,184.00,180.00,180.50,2.50,132219,24015396,233
2026-03-05,TWSE,5306,桂盟,90.60,91.00,89.30,89.70,0.70,157803,14199043,162
2026-03-05,TWSE,5388,中磊,79.70,80.40,78.50,78.60,0.90,1788367,141743302,1466
2026-03-05,TWSE,5434,崇越,320.00,329.00,320.00,328.50,19.00,632273,205864277,943
2026-03-05,TWSE,5469,瀚宇博,89.00,90.40,88.10,89.00,2.30,3619574,322681734,2837
2026-03-05,TWSE,5471,松翰,42.45,44.40,42.45,42.85,1.70,1441998,62470687,1156
2026-03-05,TWSE,5484,慧友,36.50,36.60,35.25,35.50,0.25,276438,9914591,275
2026-03-05,TWSE,5515,建國,32.00,32.80,32.00,32.80,0.95,309387,10067252,227
2026-03-05,TWSE,5519,隆大,31.85,33.20,31.85,33.15,1.75,941958,30823619,724
2026-03-05,TWSE,5521,工信,24.55,25.00,22.95,23.15,-0.85,11592522,274453006,4806
2026-03-05,TWSE,5522,遠雄,66.80,67.80,66.70,66.80,0.60,524231,35174458,423
2026-03-05,TWSE,5525,順天,25.20,25.75,25.05,25.40,0.20,51075,1291268,52
2026-03-05,TWSE,5531,鄉林,8.95,8.95,8.86,8.95,0.02,364747,3247710,214
2026-03-05,TWSE,5533,皇鼎,14.40,14.40,14.25,14.30,0.05,105141,1501839,66
2026-03-05,TWSE,5534,長虹,75.40,75.40,74.70,75.00,0.80,434896,32603167,459
2026-03-05,TWSE,5538,東明-KY,32.55,32.55,32.25,32.40,-0.10,42093,1360972,31
2026-03-05,TWSE,5546,永固-KY,22.20,22.20,20.70,20.80,0.60,44116,954692,32
2026-03-05,TWSE,5607,遠雄港,54.00,54.20,53.00,54.10,2.00,820779,44076182,1053
2026-03-05,TWSE,5608,四維航,17.75,18.70,17.50,17.60,-0.30,7274069,130224933,3434
2026-03-05,TWSE,5706,鳳凰,47.70,48.00,46.60,46.95,0.55,224038,10550611,289
2026-03-05,TWSE,5871,中租-KY,101.00,101.50,100.00,100.00,0.00,6206043,624661410,4213
2026-03-05,TWSE,5871A,中租-KY甲特,101.00,101.50,101.00,101.50,0.00,30731,3114696,25
2026-03-05,TWSE,5876,上海商銀,38.80,38.90,38.40,38.50,0.00,8837505,340641701,4654
2026-03-05,TWSE,5880,合庫金,23.70,23.70,23.40,23.40,-0.05,17533119,411646180,7545
2026-03-05,TWSE,5906,台南-KY,52.20,52.20,51.10,51.10,-0.40,14095,726062,14
2026-03-05,TWSE,5907,大洋-KY,5.78,5.95,5.71,5.92,0.28,291000,1701830,135
2026-03-05,TWSE,6005,群益證,30.15,30.50,29.90,30.30,1.00,6885709,208321458,3261
2026-03-05,TWSE,6024,群益期,52.00,52.20,51.60,52.10,0.70,309849,16075796,524
2026-03-05,TWSE,6108,競國,15.65,15.80,15.20,15.25,-0.05,365495,5646007,362
2026-03-05,TWSE,6112,邁達特,44.70,46.65,44.50,45.10,1.90,1161883,52953812,1020
2026-03-05,TWSE,6115,鎰勝,46.65,47.20,46.30,46.60,0.00,163336,7619314,147
2026-03-05,TWSE,6116,彩晶,8.44,8.58,8.28,8.44,0.26,19891245,167605991,6859
2026-03-05,TWSE,6117,迎廣,71.80,71.80,70.00,71.00,1.80,291648,20666596,295
2026-03-05,TWSE,6120,達運,12.55,12.75,12.40,12.65,0.40,1787252,22541366,1168
2026-03-05,TWSE,6128,上福,24.20,24.85,24.10,24.15,-0.05,52906,1284351,77
2026-03-05,TWSE,6133,金橋,28.50,30.05,26.00,27.30,-0.05,42283576,1200355667,22401
2026-03-05,TWSE,6136,富爾特,23.65,23.75,23.55,23.70,0.25,245483,5807564,187
2026-03-05,TWSE,6139,亞翔,525.00,542.00,522.00,541.00,37.00,2520797,1344669578,4260
2026-03-05,TWSE,6141,柏承,18.00,18.00,18.00,18.00,1.60,2340418,42127524,1155
2026-03-05,TWSE,6142,友勁,9.53,9.72,9.50,9.65,0.20,330465,3166485,515
2026-03-05,TWSE,6152,百一,20.60,21.45,18.45,19.05,-0.80,15353892,306128153,7117
2026-03-05,TWSE,6153,嘉聯益,15.40,15.55,14.95,15.20,0.35,2633086,40173662,1271
2026-03-05,TWSE,6155,鈞寶,47.95,48.55,46.30,46.85,1.25,997681,47325693,854
2026-03-05,TWSE,6164,華興,11.55,11.75,11.40,11.75,0.60,379457,4412150,472
2026-03-05,TWSE,6165,浪凡,40.95,42.40,40.95,42.30,1.65,219636,9211956,278
2026-03-05,TWSE,6166,凌華,60.10,61.80,60.10,61.60,2.90,307769,18803624,275
2026-03-05,TWSE,6168,宏齊,19.05,19.50,19.05,19.20,0.70,613731,11789678,400
2026-03-05,TWSE,6176,瑞儀,101.00,103.50,100.00,101.00,2.00,4284968,437300315,3597
2026-03-05,TWSE,6177,達麗,46.65,47.00,46.30,46.30,0.15,696456,32340324,578
2026-03-05,TWSE,6183,關貿,92.30,95.90,92.30,95.30,3.00,121864,11505685,167
2026-03-05,TWSE,6184,大豐電,48.20,48.20,47.85,48.00,0.20,36754,1762307,50
2026-03-05,TWSE,6189,豐藝,43.15,43.80,43.00,43.60,1.10,827045,35944832,867
2026-03-05,TWSE,6191,精成科,100.00,101.50,97.30,99.00,2.10,5455762,542207419,4356
2026-03-05,TWSE,6192,巨路,125.00,129.50,125.00,128.00,5.50,443908,56428866,383
2026-03-05,TWSE,6196,帆宣,273.50,285.50,271.00,284.00,21.00,2807626,781259790,2850
2026-03-05,TWSE,6197,佳必琪,146.00,152.00,145.50,151.50,9.00,1714209,256693549,1604
2026-03-05,TWSE,6201,亞弘電,53.10,53.40,52.90,52.90,-0.10,58512,3103288,58
2026-03-05,TWSE,6202,盛群,58.70,59.20,55.80,58.10,3.00,3569823,206393784,2958
2026-03-05,TWSE,6205,詮欣,56.10,58.60,52.60,53.00,-0.90,1913947,105387314,1549
2026-03-05,TWSE,6206,飛捷,90.90,92.50,90.30,92.30,3.60,534557,48942145,495
2026-03-05,TWSE,6209,今國光,55.40,56.10,54.50,55.60,2.50,2216571,122759825,1605
2026-03-05,TWSE,6213,聯茂,127.00,131.00,125.00,128.00,6.50,11723464,1500615006,8379
2026-03-05,TWSE,6214,精誠,110.50,111.50,110.00,111.00,2.50,532381,58910567,632
2026-03-05,TWSE,6215,和椿,107.00,109.00,105.00,106.00,2.50,919435,98164524,971
2026-03-05,TWSE,6216,居易,26.55,26.55,26.00,26.05,0.05,122716,3204337,221
2026-03-05,TWSE,6224,聚鼎,41.45,42.60,41.45,42.30,0.95,118046,4984851,238
2026-03-05,TWSE,6225,天瀚,21.20,22.85,19.20,19.20,-1.60,79287,1701645,104
2026-03-05,TWSE,6226,光鼎,8.62,8.89,8.62,8.80,0.19,302702,2648902,219
2026-03-05,TWSE,6230,尼得科超眾,170.50,177.00,170.50,177.00,16.00,363778,64084206,342
2026-03-05,TWSE,6235,華孚,51.00,51.60,50.20,50.30,0.60,806714,41012816,730
2026-03-05,TWSE,6239,力成,229.50,230.00,219.50,224.50,7.50,8740623,1959724929,7555
2026-03-05,TWSE,6243,迅杰,34.25,35.95,34.00,34.35,1.65,516675,18112198,667
2026-03-05,TWSE,6257,矽格,132.00,136.00,131.00,133.00,6.50,7940671,1057037771,6470
2026-03-05,TWSE,6269,台郡,57.50,58.60,56.70,57.60,1.60,1328262,76625670,1169
2026-03-05,TWSE,6271,同欣電,164.00,165.00,156.00,156.50,1.50,7418950,1182507236,7042
2026-03-05,TWSE,6272,驊陞,37.70,37.80,36.60,37.20,0.70,224500,8349700,160
2026-03-05,TWSE,6277,宏正,58.70,59.00,58.50,58.70,0.80,59521,3495671,84
2026-03-05,TWSE,6278,台表科,98.50,101.50,98.10,101.00,4.50,1617838,162471280,1479
2026-03-05,TWSE,6281,全國電,59.80,60.10,59.80,60.00,0.40,70434,4220116,99
2026-03-05,TWSE,6282,康舒,46.60,47.40,45.50,46.95,2.50,16575954,773082815,10131
2026-03-05,TWSE,6283,淳安,20.90,21.30,20.90,20.95,0.05,158419,3342283,138
2026-03-05,TWSE,6285,啟碁,170.50,172.50,162.50,164.50,5.00,19845336,3313456990,15791
2026-03-05,TWSE,6405,悅城,31.85,33.35,31.80,32.85,1.40,545529,17761978,449
2026-03-05,TWSE,6409,旭隼,845.00,863.00,836.00,857.00,44.00,631629,537175276,1413
2026-03-05,TWSE,6412,群電,95.00,96.70,92.10,92.80,-4.30,6699327,630876915,6043
2026-03-05,TWSE,6414,樺漢,267.00,271.00,265.00,270.00,11.50,729912,196127670,1015
2026-03-05,TWSE,6415,矽力*-KY,248.00,258.50,244.00,253.50,15.50,4934759,1239547523,5161
2026-03-05,TWSE,6416,瑞祺電通,80.10,83.00,79.20,81.60,4.50,305952,24971968,365
2026-03-05,TWSE,6426,統新,157.00,157.00,132.00,141.50,-5.00,1045001,145401375,925
2026-03-05,TWSE,6431,光麗-KY,25.00,26.05,24.80,24.80,0.05,197786,5000154,129
2026-03-05,TWSE,6438,迅得,157.00,160.00,154.00,155.50,7.00,3286053,514579201,3101
2026-03-05,TWSE,6442,光聖,2220.00,2220.00,1960.00,1985.00,-115.00,6795417,14098242435,19905
2026-03-05,TWSE,6443,元晶,49.60,50.00,47.50,50.00,4.50,121442807,6005578490,54363
2026-03-05,TWSE,6446,藥華藥,695.00,704.00,686.00,689.00,19.00,2499279,1736364450,3950
2026-03-05,TWSE,6449,鈺邦,164.00,167.50,162.00,164.00,5.50,710337,116959238,827
2026-03-05,TWSE,6451,訊芯-KY,195.50,202.00,185.50,195.00,8.00,5561301,1082666994,4959
2026-03-05,TWSE,6456,GIS-KY,54.50,57.20,52.00,57.00,5.00,16877828,932950183,10279
2026-03-05,TWSE,6464,台數科,77.00,78.40,76.20,78.40,1.40,51262,3979916,84
2026-03-05,TWSE,6472,保瑞,470.50,482.00,468.00,482.00,20.00,594807,283442102,1767
2026-03-05,TWSE,6477,安集,36.60,38.35,35.95,36.75,1.10,1727176,64012246,1386
2026-03-05,TWSE,6491,晶碩,285.00,286.00,280.00,285.50,8.00,213264,60499895,349
2026-03-05,TWSE,6504,南六,39.75,40.40,39.60,39.80,0.40,80402,3206932,78
2026-03-05,TWSE,6505,台塑化,59.70,59.90,55.40,56.40,-3.90,41828180,2383406378,23706
2026-03-05,TWSE,6515,穎崴,4760.00,4775.00,4660.00,4775.00,250.00,297773,1406687330,1742
2026-03-05,TWSE,6525,捷敏-KY,80.60,82.60,80.30,80.70,1.30,240786,19581331,566
2026-03-05,TWSE,6526,達發,562.00,564.00,518.00,532.00,-3.00,2132086,1151909672,3993
2026-03-05,TWSE,6531,愛普*,422.00,442.00,421.50,440.50,36.50,3438346,1490848477,6961
2026-03-05,TWSE,6533,晶心科,197.50,199.50,194.00,199.50,10.00,359407,70768484,685
2026-03-05,TWSE,6534,正瀚-創,81.00,82.50,80.20,82.50,2.30,183314,14897238,116
2026-03-05,TWSE,6541,泰福-KY,45.00,45.75,44.35,44.80,0.20,462128,20736359,459
2026-03-05,TWSE,6550,北極星藥業-KY,29.95,30.70,29.95,30.30,0.75,720148,21785082,499
2026-03-05,TWSE,6552,易華電,27.35,27.90,27.10,27.40,0.55,187295,5140259,130
2026-03-05,TWSE,6558,興能高,30.95,31.45,30.40,30.90,0.90,450197,13896132,604
2026-03-05,TWSE,6573,虹揚-KY,13.60,14.20,13.60,13.95,0.35,165988,2322866,94
2026-03-05,TWSE,6579,研揚,106.00,108.50,105.00,108.50,4.50,144399,15462300,170
2026-03-05,TWSE,6581,鋼聯,111.00,112.50,110.00,111.50,3.50,50240,5585363,52
2026-03-05,TWSE,6582,申豐,32.80,32.80,31.60,31.65,-0.15,77809,2480165,339
2026-03-05,TWSE,6585,鼎基,87.10,88.40,86.10,87.30,0.20,80643,7025446,112
2026-03-05,TWSE,6589,台康生技,59.50,61.00,59.50,61.00,2.20,537307,32344351,438
2026-03-05,TWSE,6591,動力-KY,64.20,65.90,64.20,65.30,2.00,224846,14661773,292
2026-03-05,TWSE,6592,和潤企業,57.00,58.20,56.90,58.10,1.30,1778928,102242070,778
2026-03-05,TWSE,6592A,和潤企業甲特,,,,,0.00,0,0,0
2026-03-05,TWSE,6592B,和潤企業乙特,97.40,97.40,97.40,97.40,0.00,1749,170292,6
2026-03-05,TWSE,6598,ABC-KY,23.50,24.75,23.50,24.50,0.30,149798,3632117,228
2026-03-05,TWSE,6605,帝寶,134.50,138.50,134.00,138.50,7.50,374375,51122200,506
2026-03-05,TWSE,6606,建德工業,25.00,25.00,24.85,24.95,0.10,43024,1072307,40
2026-03-05,TWSE,6614,資拓宏宇,43.50,44.00,43.20,43.40,0.40,60174,2622007,63
2026-03-05,TWSE,6625,必應,79.60,80.50,79.40,79.90,1.60,126612,10127336,147
2026-03-05,TWSE,6641,基士德-KY,20.40,20.55,20.10,20.10,-0.30,35563,722894,47
2026-03-05,TWSE,6645,金萬林-創,16.50,16.75,16.15,16.65,0.15,36082,594355,54
2026-03-05,TWSE,6655,科定,131.00,132.50,131.00,131.00,0.00,8033,1059455,9
2026-03-05,TWSE,6657,華安,48.05,48.70,47.05,47.55,0.85,205162,9779339,343
2026-03-05,TWSE,6658,聯策,60.00,60.80,57.50,57.50,0.30,298600,17572479,465
2026-03-05,TWSE,6666,羅麗芬-KY,42.60,42.85,42.45,42.70,0.20,14023,597232,16
2026-03-05,TWSE,6668,中揚光,35.25,35.65,34.60,35.45,1.10,191947,6748500,167
2026-03-05,TWSE,6669,緯穎,4080.00,4225.00,4065.00,4220.00,310.00,2215867,9241527470,14765
2026-03-05,TWSE,6670,復盛應用,265.50,270.00,264.50,268.00,6.00,276652,73936605,853
2026-03-05,TWSE,6671,三能-KY,37.00,37.00,36.95,36.95,0.70,26024,961788,14
2026-03-05,TWSE,6672,騰輝電子-KY,95.00,97.80,94.00,95.30,2.60,756127,72455993,849
2026-03-05,TWSE,6674,鋐寶科技,18.20,19.50,18.20,19.20,0.50,48026,900756,44
2026-03-05,TWSE,6689,伊雲谷,73.40,74.70,70.60,71.80,0.70,1699299,123220052,1596
2026-03-05,TWSE,6691,洋基工程,638.00,659.00,636.00,650.00,34.00,803639,518060124,1525
2026-03-05,TWSE,6695,芯鼎,40.10,41.10,40.10,40.30,1.10,300532,12216085,301
2026-03-05,TWSE,6698,旭暉應材,31.25,32.85,31.25,31.95,0.75,202143,6470353,395
2026-03-05,TWSE,6706,惠特,133.00,138.00,127.50,131.00,5.50,7511546,996357808,7248
2026-03-05,TWSE,6715,嘉基,190.00,193.50,185.00,193.50,17.50,2176701,418074726,2427
2026-03-05,TWSE,6719,力智,176.00,179.00,173.00,175.00,3.50,459406,80784379,556
2026-03-05,TWSE,6722,輝創,40.40,40.40,39.50,40.40,-0.10,178560,7128076,128
2026-03-05,TWSE,6742,澤米,40.70,41.80,40.70,41.50,1.45,229474,9519127,382
2026-03-05,TWSE,6743,安普新,25.15,25.45,25.00,25.15,0.30,134585,3395276,100
2026-03-05,TWSE,6753,龍德造船,142.00,143.50,138.50,140.00,1.00,760531,107006730,972
2026-03-05,TWSE,6754,匯僑設計,43.50,43.60,42.10,43.20,0.00,21768,938163,39
2026-03-05,TWSE,6756,威鋒電子,73.10,75.80,72.70,75.20,4.00,164315,12172974,179
2026-03-05,TWSE,6757,台灣虎航,56.90,58.10,54.80,55.20,-4.80,8610832,482322460,8779
2026-03-05,TWSE,6768,志強-KY,95.20,97.50,95.20,96.00,2.00,448408,43142531,471
2026-03-05,TWSE,6770,力積電,66.40,67.40,63.40,64.40,3.00,211842643,13880330602,99973
2026-03-05,TWSE,6771,平和環保-創,43.00,43.20,42.70,42.95,0.65,31100,1336827,25
2026-03-05,TWSE,6776,展碁國際,54.60,54.90,53.80,54.00,0.20,245927,13352999,262
2026-03-05,TWSE,6781,AES-KY,1075.00,1090.00,1035.00,1035.00,15.00,1502706,1583654400,4071
2026-03-05,TWSE,6782,視陽,187.50,194.00,187.50,191.50,7.00,345156,66013937,1276
2026-03-05,TWSE,6789,采鈺,364.00,374.00,340.00,353.50,6.50,10489530,3746410423,11349
2026-03-05,TWSE,6790,永豐實,39.60,40.05,39.60,39.95,0.60,214461,8563288,161
2026-03-05,TWSE,6792,詠業,62.80,66.50,61.70,61.70,-0.80,214119,13683286,199
2026-03-05,TWSE,6794,向榮生技,85.30,85.40,83.10,85.10,1.50,36034,3042806,31
2026-03-05,TWSE,6796,晉弘,81.10,83.50,81.10,81.30,1.10,44843,3674428,65
2026-03-05,TWSE,6799,來頡,74.30,76.90,74.30,76.70,3.50,251147,19091487,359
2026-03-05,TWSE,6805,富世達,1730.00,1750.00,1670.00,1715.00,70.00,1350208,2310253935,3181
2026-03-05,TWSE,6806,森崴能源,43.60,43.75,41.20,41.25,-2.35,3146914,132239545,2990
2026-03-05,TWSE,6807,峰源-KY,46.00,46.00,45.90,45.90,-0.15,4670,214736,44
2026-03-05,TWSE,6830,汎銓,335.00,361.50,335.00,361.50,32.50,2438327,864371387,3054
2026-03-05,TWSE,6831,邁科,322.50,338.00,316.00,329.00,5.50,2939851,959281638,5554
2026-03-05,TWSE,6834,天二科技,28.45,29.35,28.45,29.20,1.30,238748,6927865,165
2026-03-05,TWSE,6835,圓裕,39.20,39.20,38.50,39.00,0.40,24000,934250,22
2026-03-05,TWSE,6838,台新藥,26.80,27.30,26.80,27.15,0.70,112000,3027750,89
2026-03-05,TWSE,6854,錼創科技-KY創,136.00,139.50,132.50,133.00,2.00,576763,78214324,547
2026-03-05,TWSE,6861,睿生光電,155.00,155.00,144.00,152.50,8.00,1305153,198143071,1432
2026-03-05,TWSE,6862,三集瑞-KY,190.00,194.50,186.50,194.50,9.50,1194026,228130658,1255
2026-03-05,TWSE,6863,永道-KY,97.60,99.10,96.50,97.20,0.70,132727,12974791,227
2026-03-05,TWSE,6869,雲豹能源,109.50,114.00,108.00,108.50,-2.00,1918379,211213704,1946
2026-03-05,TWSE,6873,泓德能源,106.00,106.50,101.00,101.00,-3.00,829424,85092846,935
2026-03-05,TWSE,6885,全福生技,26.50,26.65,26.00,26.10,-0.05,581381,15228759,276
2026-03-05,TWSE,6887,寶綠特-KY,46.35,46.45,46.00,46.00,-0.45,29604,1367541,35
2026-03-05,TWSE,6890,來億-KY,182.00,185.00,181.00,181.00,-0.50,879992,160160301,942
2026-03-05,TWSE,6901,鑽石投資,16.00,16.25,15.85,15.90,0.35,487847,7830907,412
2026-03-05,TWSE,6902,GOGOLOOK,77.00,77.60,74.70,75.60,1.40,66047,5038732,355
2026-03-05,TWSE,6906,現觀科,74.30,74.30,71.60,71.70,1.80,20191,1457131,34
2026-03-05,TWSE,6909,創控,40.95,41.90,40.80,40.90,1.45,461297,19031321,432
2026-03-05,TWSE,6914,阜爾運通,141.00,142.00,140.00,141.50,2.00,51908,7306560,66
2026-03-05,TWSE,6916,華凌,17.90,18.10,17.85,17.85,-0.05,40016,719789,32
2026-03-05,TWSE,6918,愛派司,80.00,82.00,80.00,81.80,2.60,78233,6326729,63
2026-03-05,TWSE,6919,康霈*,144.00,148.00,141.00,142.50,2.50,4236111,609115109,4224
2026-03-05,TWSE,6921,嘉雨思-創,77.50,79.90,77.50,79.90,4.30,17000,1338500,15
2026-03-05,TWSE,6923,中台,86.00,89.00,86.00,88.20,2.60,426339,37591069,332
2026-03-05,TWSE,6924,榮惠-KY創,60.00,61.50,60.00,60.00,0.50,5000,303000,5
2026-03-05,TWSE,6928,攸泰科技,50.60,50.90,50.00,50.20,0.65,94290,4753458,64
2026-03-05,TWSE,6931,青松健康,53.30,53.50,52.00,52.20,0.60,88054,4621045,81
2026-03-05,TWSE,6933,AMAX-KY,131.50,133.50,130.00,132.00,4.00,64669,8516624,95
2026-03-05,TWSE,6934,心誠鎂,90.20,97.00,87.90,91.50,-3.50,896480,81852801,698
2026-03-05,TWSE,6936,永鴻生技,35.50,35.70,35.40,35.45,0.00,37398,1329758,74
2026-03-05,TWSE,6937,天虹,248.00,258.00,243.00,249.50,11.50,694407,173378604,924
2026-03-05,TWSE,6944,兆聯實業,690.00,733.00,690.00,733.00,66.00,1099126,795752527,2570
2026-03-05,TWSE,6949,沛爾生醫*-創,617.00,648.00,585.00,591.00,-22.00,480721,289415385,688
2026-03-05,TWSE,6951,青新-創,74.10,74.20,73.80,74.10,0.50,58819,4352785,87
2026-03-05,TWSE,6952,大武山,41.90,42.30,41.60,41.60,-0.05,21003,879375,17
2026-03-05,TWSE,6955,邦睿生技-創,168.00,169.00,166.50,169.00,2.50,9355,1570148,37
2026-03-05,TWSE,6957,裕慶-KY,170.00,176.00,170.00,171.50,3.50,30180,5220046,48
2026-03-05,TWSE,6958,日盛台駿,17.65,18.05,17.65,17.65,0.00,54610,970589,53
2026-03-05,TWSE,6958A,日盛台駿甲特,18.85,18.85,18.80,18.85,0.00,10180,191542,11
2026-03-05,TWSE,6962,奕力-KY,33.00,33.05,32.25,32.50,0.50,2072341,67680878,1390
2026-03-05,TWSE,6965,中傑-KY,78.10,79.30,77.60,78.90,1.00,85109,6664912,74
2026-03-05,TWSE,6969,成信實業*-創,31.50,32.00,31.10,31.10,0.10,32000,1008800,23
2026-03-05,TWSE,6988,威力暘-創,14.30,14.50,14.00,14.00,-0.20,80116,1136234,45
2026-03-05,TWSE,6994,富威電力,91.40,91.40,91.40,91.40,-10.10,1257969,114978280,1006
2026-03-05,TWSE,7610,聯友金屬-創,286.50,291.00,262.00,288.50,18.50,446375,126084570,742
2026-03-05,TWSE,7631,聚賢研發-創,116.50,117.00,111.50,113.00,0.00,36000,4078500,19
2026-03-05,TWSE,7705,三商餐飲,37.55,37.70,37.35,37.45,0.10,55270,2072896,88
2026-03-05,TWSE,7711,永擎,219.00,219.50,212.50,214.00,1.00,250472,54002221,297
2026-03-05,TWSE,7721,微程式,55.30,55.30,52.50,52.50,0.40,93949,4996544,118
2026-03-05,TWSE,7722,LINEPAY,392.50,400.00,388.00,399.50,13.50,185617,73141721,755
2026-03-05,TWSE,7730,暉盛-創,114.00,114.50,110.00,114.50,4.50,93668,10577375,85
2026-03-05,TWSE,7732,金興精密,37.80,38.10,37.65,38.10,-0.40,9001,339787,10
2026-03-05,TWSE,7736,虎山,86.50,87.50,85.70,86.90,0.50,396258,34358617,164
2026-03-05,TWSE,7740,熙特爾-創,183.00,193.00,181.50,188.50,3.50,588850,110258253,477
2026-03-05,TWSE,7749,意騰-KY,409.50,420.00,408.50,410.00,9.50,116636,48202498,257
2026-03-05,TWSE,7750,新代,1275.00,1340.00,1270.00,1335.00,95.00,469509,612673670,1449
2026-03-05,TWSE,7765,中華資安,249.00,254.00,249.00,251.50,2.50,51058,12868809,124
2026-03-05,TWSE,7769,鴻勁,4180.00,4250.00,4110.00,4245.00,265.00,1225012,5138860120,5391
2026-03-05,TWSE,7780,大研生醫*,22.10,22.30,21.70,22.00,0.45,3043053,66873741,1972
2026-03-05,TWSE,7786,東方風能,154.00,156.50,153.00,154.00,1.50,128385,19808835,153
2026-03-05,TWSE,7788,松川精密,171.00,171.50,165.50,168.50,6.50,306235,51523037,410
2026-03-05,TWSE,7791,皇家可口,66.50,66.70,65.70,65.80,-0.20,111220,7335095,127
2026-03-05,TWSE,7795,長廣,383.50,396.50,379.50,396.50,36.00,817810,320027971,1352
2026-03-05,TWSE,7799,禾榮科,480.00,498.00,475.50,491.00,21.00,414296,203225602,881
2026-03-05,TWSE,7823,奧義賽博-KY創,88.80,90.00,88.80,89.80,1.00,29042,2585966,50
2026-03-05,TWSE,8011,台通,20.40,21.15,20.40,20.80,0.80,936079,19472717,663
2026-03-05,TWSE,8016,矽創,188.00,190.50,186.00,190.50,7.50,648799,122320351,761
2026-03-05,TWSE,8021,尖點,245.00,248.00,227.00,231.00,0.50,13192182,3113866507,13367
2026-03-05,TWSE,8028,昇陽半導體,176.00,180.00,174.00,178.00,9.00,5462267,967680566,4851
2026-03-05,TWSE,8033,雷虎,159.00,162.00,150.50,150.50,-6.50,8637269,1339696541,7641
2026-03-05,TWSE,8039,台虹,105.50,106.50,96.50,99.90,-1.60,48868881,4973024015,32653
2026-03-05,TWSE,8045,達運光電,80.50,83.00,79.30,81.00,2.20,197506,16005975,193
2026-03-05,TWSE,8046,南電,488.00,488.00,441.50,461.00,11.00,4226190,1937120068,4093
2026-03-05,TWSE,8070,長華*,40.80,42.65,40.50,42.50,2.80,2606880,109218904,1873
2026-03-05,TWSE,8072,陞泰,29.20,29.45,29.10,29.20,0.45,128708,3770058,140
2026-03-05,TWSE,8081,致新,240.00,243.00,238.00,243.00,5.50,534830,128838339,683
2026-03-05,TWSE,8101,華冠,15.00,15.00,15.00,15.00,0.55,2358,35218,34
2026-03-05,TWSE,8103,瀚荃,92.10,94.70,90.70,92.40,3.40,3040348,281340806,2116
2026-03-05,TWSE,8104,錸寶,34.55,35.40,34.25,34.70,1.05,698678,24311250,608
2026-03-05,TWSE,8105,凌巨,12.30,12.50,12.15,12.50,0.45,1595055,19734799,654
2026-03-05,TWSE,8110,華東,55.90,57.10,53.70,56.50,4.00,17658588,983181892,10633
2026-03-05,TWSE,8112,至上,67.80,70.70,67.40,70.40,5.60,9875821,684618844,7127
2026-03-05,TWSE,8112A,至上甲特,45.60,45.65,45.60,45.65,0.05,19463,888001,38
2026-03-05,TWSE,8114,振樺電,169.00,173.50,169.00,171.50,6.00,405090,69561140,516
2026-03-05,TWSE,8131,福懋科,64.60,66.70,63.40,66.70,6.00,8096054,531095753,5948
2026-03-05,TWSE,8150,南茂,61.00,63.70,60.00,62.90,4.80,30198852,1871343799,17739
2026-03-05,TWSE,8162,微矽電子-創,39.95,41.55,39.65,39.75,0.30,191000,7716323,176
2026-03-05,TWSE,8163,達方,29.25,29.55,29.10,29.15,0.25,607307,17793237,775
2026-03-05,TWSE,8201,無敵,13.70,13.85,13.40,13.55,0.30,46332,628306,39
2026-03-05,TWSE,8210,勤誠,915.00,950.00,914.00,930.00,50.00,2520664,2345084912,5291
2026-03-05,TWSE,8213,志超,37.40,37.80,36.65,37.20,0.90,1711498,63651198,689
2026-03-05,TWSE,8215,明基材,19.60,19.90,19.55,19.60,0.30,631247,12438218,842
2026-03-05,TWSE,8222,寶一,39.00,39.70,38.55,39.40,1.15,374649,14697192,398
2026-03-05,TWSE,8249,菱光,55.50,55.50,54.40,55.20,1.50,910926,50203058,712
2026-03-05,TWSE,8261,富鼎,97.00,99.90,96.20,97.80,3.20,2206078,216734091,1942
2026-03-05,TWSE,8271,宇瞻,113.00,117.00,112.50,116.00,9.00,5146513,595898758,3589
2026-03-05,TWSE,8341,日友,79.20,79.50,78.20,79.20,1.70,191701,15129310,573
2026-03-05,TWSE,8367,建新國際,45.05,45.50,45.05,45.20,0.30,29300,1325786,39
2026-03-05,TWSE,8374,羅昇,79.00,80.00,77.10,78.00,1.40,301677,23657447,290
2026-03-05,TWSE,8404,百和興業-KY,22.25,22.65,22.00,22.05,0.05,340513,7552522,247
2026-03-05,TWSE,8411,福貞-KY,12.15,12.20,12.05,12.20,0.10,46482,563605,87
2026-03-05,TWSE,8422,可寧衛*,32.25,32.70,31.80,32.10,0.75,13364440,429308551,7344
2026-03-05,TWSE,8429,金麗-KY,7.16,7.23,7.16,7.20,0.04,215671,1553479,340
2026-03-05,TWSE,8438,昶昕,68.40,69.90,64.90,65.60,0.90,1610634,107770934,1330
2026-03-05,TWSE,8442,威宏-KY,67.70,67.70,64.00,64.20,0.70,27100,1757317,28
2026-03-05,TWSE,8443,阿瘦,11.75,11.85,11.75,11.85,0.00,36683,431779,210
2026-03-05,TWSE,8454,富邦媒,181.50,184.00,180.50,181.50,3.00,584708,106564932,1130
2026-03-05,TWSE,8462,柏文,139.00,141.00,139.00,139.50,2.00,78623,11003365,99
2026-03-05,TWSE,8463,潤泰材,26.90,26.90,26.60,26.85,0.30,40460,1083380,40
2026-03-05,TWSE,8464,億豐,371.50,376.50,365.00,368.00,6.00,1430742,527841107,1377
2026-03-05,TWSE,8466,美吉吉-KY,20.55,21.00,20.35,20.60,0.05,71060,1455292,55
2026-03-05,TWSE,8467,波力-KY,166.00,166.00,161.50,163.00,2.50,31786,5166437,165
2026-03-05,TWSE,8473,山林水,36.45,37.35,36.45,37.20,1.05,363176,13473327,310
2026-03-05,TWSE,8476,台境*,19.00,19.15,18.80,18.90,0.10,390230,7395078,257
2026-03-05,TWSE,8478,東哥遊艇,161.50,164.00,159.50,163.50,4.50,172430,27987408,247
2026-03-05,TWSE,8481,政伸,41.30,41.45,41.30,41.45,0.25,7000,289650,6
2026-03-05,TWSE,8482,商億-KY,49.45,51.10,49.45,51.10,1.15,7000,348450,7
2026-03-05,TWSE,8487,愛爾達-創,85.10,86.80,83.90,84.00,0.10,71894,6140887,311
2026-03-05,TWSE,8488,吉源-KY,10.10,10.45,9.96,9.98,-0.07,9000,90560,8
2026-03-05,TWSE,8499,鼎炫-KY,287.50,298.00,266.50,273.00,-9.00,318806,89117677,491
2026-03-05,TWSE,8926,台汽電,46.30,46.40,45.80,46.10,0.35,845886,38993564,1511
2026-03-05,TWSE,8940,新天地,19.60,20.25,19.30,19.50,0.25,85650,1694119,58
2026-03-05,TWSE,8996,高力,806.00,806.00,716.00,777.00,28.00,557774,427289792,1085
2026-03-05,TWSE,9103,美德醫療-DR,5.15,5.30,5.15,5.20,0.07,922744,4813814,395
2026-03-05,TWSE,910322,康師傅-DR,25.75,25.90,25.75,25.90,0.15,25088,647965,27
2026-03-05,TWSE,9105,泰金寶-DR,5.73,5.80,5.64,5.67,0.04,18911760,107992000,3868
2026-03-05,TWSE,910861,神州-DR,5.01,5.11,5.01,5.09,0.01,763000,3882500,24
2026-03-05,TWSE,9110,越南控-DR,3.01,3.15,3.01,3.14,0.13,6000,18610,5
2026-03-05,TWSE,911608,明輝-DR,2.80,2.87,2.80,2.82,0.02,45721,128554,684
2026-03-05,TWSE,911622,泰聚亨-DR,3.89,4.03,3.86,3.98,0.04,19000,75380,12
2026-03-05,TWSE,911868,同方友友-DR,1.26,1.27,1.25,1.26,-0.01,644662,811229,98
2026-03-05,TWSE,912000,晨訊科-DR,2.55,2.60,2.54,2.58,0.04,295036,757057,112
2026-03-05,TWSE,9136,巨騰-DR,8.13,8.20,8.01,8.19,0.25,733154,5962588,157
2026-03-05,TWSE,9802,鈺齊-KY,92.10,92.50,90.50,90.60,-0.10,1235857,112467037,1227
2026-03-05,TWSE,9902,台火,15.90,16.00,15.60,15.75,0.35,151858,2405080,156
2026-03-05,TWSE,9904,寶成,29.50,29.80,29.30,29.80,0.75,7441060,219963528,3607
2026-03-05,TWSE,9905,大華,20.70,20.70,20.45,20.65,0.20,77953,1600115,73
2026-03-05,TWSE,9906,欣巴巴,41.25,42.55,40.65,42.35,0.65,518641,21638840,627
2026-03-05,TWSE,9907,統一實,19.40,19.45,18.90,18.90,-0.25,4213596,80651924,1988
2026-03-05,TWSE,9908,大台北,31.75,31.75,30.20,30.75,-0.55,2370007,72685244,1542
2026-03-05,TWSE,9910,豐泰,93.70,97.30,92.10,96.20,3.90,2943658,281573748,2412
2026-03-05,TWSE,9911,櫻花,89.10,89.70,88.80,89.10,0.50,302583,26996454,1472
2026-03-05,TWSE,9912,偉聯,12.00,12.20,11.95,12.10,0.15,94621,1144635,232
2026-03-05,TWSE,9914,美利達,71.00,71.40,70.00,70.80,0.90,1680797,118825985,1574
2026-03-05,TWSE,9917,中保科,105.50,106.50,105.00,105.50,0.50,577358,61026397,605
2026-03-05,TWSE,9918,欣天然,49.00,50.80,48.05,50.80,4.55,4105726,205103901,3511
2026-03-05,TWSE,9919,康那香,16.00,16.25,15.95,16.05,0.20,370194,5941473,313
2026-03-05,TWSE,9921,巨大,78.00,79.60,77.50,79.00,2.10,1980236,155580375,1972
2026-03-05,TWSE,9924,福興,47.10,47.10,46.45,46.55,-0.40,147587,6893409,223
2026-03-05,TWSE,9925,新保,40.70,40.80,40.65,40.80,0.15,258060,10512710,184
2026-03-05,TWSE,9926,新海,53.40,53.40,50.00,50.20,-2.20,504587,25715158,462
2026-03-05,TWSE,9927,泰銘,67.10,67.60,67.10,67.20,0.30,43477,2928504,790
2026-03-05,TWSE,9928,中視,17.65,17.85,17.60,17.85,0.30,16377,289717,18
2026-03-05,TWSE,9929,秋雨,10.40,10.50,10.40,10.40,0.00,18010,188406,15
2026-03-05,TWSE,9930,中聯資源,71.00,71.30,70.60,70.90,0.30,55797,3956153,380
2026-03-05,TWSE,9931,欣高,41.65,42.70,40.60,42.45,3.60,2207167,92916396,1750
2026-03-05,TWSE,9933,中鼎,30.70,30.80,30.10,30.65,0.45,2287340,69764414,1542
2026-03-05,TWSE,9934,成霖,9.54,9.55,9.46,9.48,0.04,561792,5329207,259
2026-03-05,TWSE,9935,慶豐富,18.45,18.50,18.10,18.25,0.20,175930,3212509,520
2026-03-05,TWSE,9937,全國,58.80,59.00,57.90,58.80,0.40,69282,4038591,84
2026-03-05,TWSE,9938,百和,50.20,50.60,49.80,50.10,0.40,809189,40591114,844
2026-03-05,TWSE,9939,宏全,120.50,121.50,118.50,120.50,0.50,1348692,161701626,1140
2026-03-05,TWSE,9940,信義,20.65,20.70,20.45,20.50,0.10,430011,8829158,340
2026-03-05,TWSE,9941,裕融,72.70,72.70,71.80,71.90,0.00,1233862,88873419,1298
2026-03-05,TWSE,9941A,裕融甲特,50.30,50.30,50.30,50.30,0.10,6040,303828,6
2026-03-05,TWSE,9942,茂順,117.50,119.50,117.00,119.00,4.50,188172,22214041,474
2026-03-05,TWSE,9943,好樂迪,57.80,58.00,57.00,57.40,0.30,83691,4791447,111
2026-03-05,TWSE,9944,新麗,16.55,16.65,16.55,16.55,0.00,29383,486891,44
2026-03-05,TWSE,9945,潤泰新,28.40,28.50,28.15,28.25,0.20,5624809,159272727,2505
2026-03-05,TWSE,9946,三發地產,16.85,17.15,16.65,17.10,0.60,653564,11066446,299
2026-03-05,TWSE,9955,佳龍,34.40,34.75,33.65,34.20,0.50,1053998,35955952,856
2026-03-05,TWSE,9958,世紀鋼,119.00,123.50,119.00,123.50,7.00,1267127,154438013,1134
2026-03-05,TPEx,006201,元大富櫃50,29.95,30.55,29.50,30.10,+1.20,148321,4452092,123
2026-03-05,TPEx,00679B,元大美債20年,27.75,27.75,27.62,27.62,-0.28,33603005,930518359,4745
2026-03-05,TPEx,00687B,國泰20年美債,29.10,29.12,29.00,29.00,-0.29,25479693,740822557,3657
2026-03-05,TPEx,00687C,國泰20年美債+櫃U,9.63,9.63,9.57,9.57,-0.10,25800,248424,6
2026-03-05,TPEx,00694B,富邦美債1-3,42.00,42.00,41.87,41.93,-0.17,378667,15878161,43
2026-03-05,TPEx,00695B,富邦美債7-10,36.12,36.12,36.02,36.05,-0.22,270551,9756982,33
2026-03-05,TPEx,00696B,富邦美債20年,30.21,30.21,30.09,30.09,-0.30,3097616,93420654,260
2026-03-05,TPEx,00697B,元大美債7-10,36.71,36.71,36.58,36.66,-0.14,449635,16476818,191
2026-03-05,TPEx,00719B,元大美債1-3,31.25,31.28,31.17,31.26,-0.07,3149587,98321144,545
2026-03-05,TPEx,00720B,元大投資級公司債,33.82,33.87,33.78,33.78,-0.07,6647251,224964876,1273
2026-03-05,TPEx,00722B,群益投資級電信債,37.14,37.26,37.14,37.14,-0.13,2881958,107183664,263
2026-03-05,TPEx,00723B,群益投資級科技債,31.67,31.67,31.57,31.58,-0.12,219023,6919064,11
2026-03-05,TPEx,00724B,群益投資級金融債,34.71,34.77,34.70,34.71,-0.11,3710224,128878211,220
2026-03-05,TPEx,00725B,國泰投資級公司債,35.89,35.92,35.81,35.81,-0.07,7245874,259940286,1065
2026-03-05,TPEx,00726B,國泰新興投等債,33.97,33.97,33.60,33.66,-0.04,165151,5562900,38
2026-03-05,TPEx,00727B,國泰優選非投等債,39.71,39.98,39.71,39.98,+0.25,129484,5172757,16
2026-03-05,TPEx,00734B,台新JPM新興債,16.00,16.00,16.00,16.00,-0.01,100000,1600000,2
2026-03-05,TPEx,00740B,富邦全球投等債,39.65,39.65,39.52,39.52,-0.13,8545647,338245203,556
2026-03-05,TPEx,00741B,富邦全球非投等債,37.40,37.73,37.40,37.73,+0.07,182101,6865861,22
2026-03-05,TPEx,00746B,富邦A級公司債,36.47,36.51,36.44,36.44,-0.15,801785,29233953,88
2026-03-05,TPEx,00749B,凱基新興債10+,32.36,32.40,32.36,32.40,-0.04,101000,3272360,5
2026-03-05,TPEx,00750B,凱基科技債10+,33.87,33.87,33.87,33.87,-0.20,101060,3422967,4
2026-03-05,TPEx,00751B,元大AAA至A公司債,32.69,32.70,32.61,32.61,-0.08,5962666,194751444,1454
2026-03-05,TPEx,00754B,群益AAA-AA公司債,34.48,34.50,34.41,34.41,-0.20,272000,9371850,18
2026-03-05,TPEx,00755B,群益投資級公用債,33.39,33.42,33.37,33.37,-0.16,106039,3542451,109
2026-03-05,TPEx,00756B,群益投等新興公債,32.00,32.00,31.94,31.94,-0.08,141978,4538805,111
2026-03-05,TPEx,00758B,復華能源債,52.15,52.30,52.15,52.30,-0.20,140029,7317519,12
2026-03-05,TPEx,00759B,復華製藥債,55.75,55.75,55.75,55.75,-0.25,101102,5636455,10
2026-03-05,TPEx,00760B,復華新興企業債,54.55,54.65,54.50,54.50,-0.25,116605,6366002,32
2026-03-05,TPEx,00761B,國泰A級公司債,35.32,35.35,35.23,35.27,-0.11,164365,5799369,107
2026-03-05,TPEx,00764B,群益25年美債,29.19,29.19,29.00,29.00,-0.29,2029839,58977050,240
2026-03-05,TPEx,00768B,復華20年美債,52.45,52.45,52.20,52.20,-0.55,644983,33751305,111
2026-03-05,TPEx,00772B,中信高評級公司債,34.57,34.58,34.50,34.51,-0.13,2330688,80523407,619
2026-03-05,TPEx,00773B,中信優先金融債,36.94,36.94,36.83,36.83,-0.15,381868,14080826,223
2026-03-05,TPEx,00777B,凱基AAA至A公司債,33.54,33.56,33.48,33.48,-0.08,124102,4157659,13
2026-03-05,TPEx,00778B,凱基金融債20+,35.47,35.54,35.47,35.54,-0.07,109002,3873308,5
2026-03-05,TPEx,00779B,凱基美債25+,29.50,29.50,29.39,29.39,-0.33,381397,11232715,30
2026-03-05,TPEx,00780B,國泰A級金融債,38.06,38.10,38.06,38.07,-0.11,166005,6321850,11
2026-03-05,TPEx,00781B,國泰A級科技債,29.69,29.69,29.67,29.69,+0.06,125974,3738065,24
2026-03-05,TPEx,00782B,國泰A級公用債,31.44,31.44,31.39,31.39,-0.05,216110,6789740,26
2026-03-05,TPEx,00785B,富邦金融投等債,35.95,35.96,35.93,35.93,-0.11,73054,2626776,7
2026-03-05,TPEx,00786B,元大10年IG銀行債,33.52,33.52,33.52,33.52,-0.03,3362,112715,5
2026-03-05,TPEx,00787B,元大10年IG醫療債,33.66,33.66,33.65,33.66,0.00,3727,125441,16
2026-03-05,TPEx,00788B,元大10年IG電能債,30.66,30.72,30.61,30.68,-0.09,113009,3463246,16
2026-03-05,TPEx,00789B,復華公司債A3,49.76,49.76,49.72,49.72,-0.19,101004,5021959,4
2026-03-05,TPEx,00791B,復華信用債1-5,57.25,57.25,57.25,57.25,-0.25,100004,5725230,3
2026-03-05,TPEx,00792B,群益A級公司債,32.73,32.74,32.68,32.68,-0.16,143168,4684971,21
2026-03-05,TPEx,00793B,群益AAA-A醫療債,31.79,31.79,31.77,31.77,-0.11,53062,1686767,5
2026-03-05,TPEx,00795B,中信美國公債20年,27.99,27.99,27.86,27.87,-0.26,6537014,182533324,905
2026-03-05,TPEx,00799B,國泰A級醫療債,30.49,30.49,30.37,30.38,-0.03,253550,7711521,71
2026-03-05,TPEx,00834B,第一金金融債10+,35.10,35.10,35.10,35.10,-0.05,100000,3510000,2
2026-03-05,TPEx,00836B,永豐10年A公司債,29.64,29.64,29.64,29.64,-0.08,100007,2964208,3
2026-03-05,TPEx,00840B,凱基IG精選15+,30.77,30.77,30.77,30.77,-0.07,110000,3384700,3
2026-03-05,TPEx,00841B,凱基AAA-AA公司債,29.88,29.90,29.88,29.90,-0.06,110000,3288800,3
2026-03-05,TPEx,00842B,台新美元銀行債,31.80,31.82,31.80,31.82,+0.05,106084,3375508,13
2026-03-05,TPEx,00844B,新光15年IG金融債,32.33,32.33,32.33,32.33,-0.15,80000,2586400,2
2026-03-05,TPEx,00845B,富邦新興投等債,33.86,33.86,33.85,33.85,-0.21,101028,3419808,5
2026-03-05,TPEx,00846B,富邦歐洲銀行債,36.71,36.71,36.63,36.63,-0.10,102001,3741376,7
2026-03-05,TPEx,00847B,中信美國市政債,26.48,26.50,26.46,26.49,-0.17,140007,3708406,43
2026-03-05,TPEx,00848B,中信新興亞洲債,34.86,35.01,34.86,35.01,-0.15,110003,3850005,5
2026-03-05,TPEx,00849B,中信EM主權債0-5,37.42,37.55,37.42,37.54,-0.13,114848,4309914,7
2026-03-05,TPEx,00853B,統一美債10年Aa-A,28.63,28.63,28.52,28.52,-0.10,1177110,33615129,108
2026-03-05,TPEx,00856B,永豐1-3年美公債,38.05,38.05,38.05,38.05,+0.09,1000,38050,1
2026-03-05,TPEx,00857B,永豐20年美公債,24.25,24.25,24.15,24.16,-0.23,2091106,50620551,244
2026-03-05,TPEx,00858,永豐美國500大,32.75,32.80,32.63,32.70,+0.37,512469,16752392,469
2026-03-05,TPEx,00859B,群益0-1年美債,41.41,41.50,41.41,41.48,-0.16,3124752,129597175,132
2026-03-05,TPEx,00860B,群益1-5Y投資級債,38.26,38.35,38.26,38.32,-0.15,117554,4505778,23
2026-03-05,TPEx,00862B,中信投資級公司債,32.62,32.62,32.56,32.56,-0.09,303439,9893592,29
2026-03-05,TPEx,00863B,中信全球電信債,33.20,33.20,33.17,33.17,-0.19,103007,3419742,5
2026-03-05,TPEx,00864B,中信美國公債0-1,46.25,46.25,46.11,46.21,-0.12,840268,38806131,140
2026-03-05,TPEx,00867B,新光A-BBB電信債,,,,,,0,0,0
2026-03-05,TPEx,00870B,元大15年EM主權債,29.26,29.26,29.26,29.26,-0.06,1000,29260,1
2026-03-05,TPEx,00877,復華中國5G,27.49,28.45,27.48,28.12,+1.03,5285584,147879689,1022
2026-03-05,TPEx,00883B,中信ESG投資級債,31.34,31.49,31.34,31.47,+0.02,113097,3558555,69
2026-03-05,TPEx,00884B,中信低碳新興債,30.29,30.32,30.29,30.29,-0.21,123474,3741063,8
2026-03-05,TPEx,00886,永豐美國科技,35.00,35.00,34.99,34.99,+0.49,11315,395962,5
2026-03-05,TPEx,00887,永豐中國科技50大,12.71,13.05,12.71,12.99,+0.44,6588713,85179162,1264
2026-03-05,TPEx,00888,永豐台灣ESG,23.32,23.74,23.25,23.40,+0.70,1149755,26968899,510
2026-03-05,TPEx,00890B,凱基ESG BBB債15+,33.09,33.10,33.02,33.05,-0.09,371568,12283886,20
2026-03-05,TPEx,00928,中信上櫃ESG 30,21.60,23.17,21.60,22.28,+0.83,405074,9084080,233
2026-03-05,TPEx,00931B,統一美債20年,14.06,14.06,13.98,13.99,-0.12,3024854,42388113,455
2026-03-05,TPEx,00933B,國泰10Y+金融債,16.48,16.48,16.45,16.45,-0.03,5927089,97583551,1262
2026-03-05,TPEx,00937B,群益ESG投等債20+,15.19,15.19,15.15,15.15,-0.01,49654751,753332024,4948
2026-03-05,TPEx,00942B,台新美A公司債20+,14.68,14.68,14.65,14.66,-0.02,1616988,23713496,187
2026-03-05,TPEx,00948B,中信優息投資級債,9.66,9.68,9.66,9.66,0.00,13881369,134226064,1314
2026-03-05,TPEx,00950B,凱基A級公司債,14.41,14.44,14.40,14.40,-0.03,4014797,57878080,421
2026-03-05,TPEx,00955,中信日本商社,15.86,15.92,15.47,15.66,+0.51,17118223,268832666,4667
2026-03-05,TPEx,00957B,兆豐US優選投等債,13.81,13.83,13.81,13.81,+0.01,851769,11770167,137
2026-03-05,TPEx,00958B,永豐ESG銀行債15+,9.55,9.56,9.51,9.53,-0.04,1078826,10288254,43
2026-03-05,TPEx,00959B,大華投等美債15Y+,9.64,9.64,9.60,9.60,-0.02,1370488,13175801,180
2026-03-05,TPEx,00966B,統一ESG投等債15+,14.29,14.30,14.26,14.26,-0.03,755893,10803217,117
2026-03-05,TPEx,00967B,元大優息美債,9.50,9.50,9.42,9.44,-0.06,184719,1743732,58
2026-03-05,TPEx,00968B,元大優息投等債,9.45,9.46,9.43,9.44,-0.02,1792527,16934106,156
2026-03-05,TPEx,00969B,元大零息超長美債,8.79,8.79,8.69,8.69,-0.13,1304209,11380710,104
2026-03-05,TPEx,00970B,新光BBB投等債20+,9.57,9.57,9.55,9.55,-0.02,879894,8413485,144
2026-03-05,TPEx,009806,台新標普500,11.90,11.92,11.90,11.90,+0.10,35676,424718,35
2026-03-05,TPEx,009807,台新標普科技精選,12.70,12.70,12.64,12.66,+0.26,68097,862554,50
2026-03-05,TPEx,00980B,台新特選IG債10+,9.67,9.71,9.67,9.69,+0.01,689515,6685441,89
2026-03-05,TPEx,00980D,主動聯博投等入息,20.78,20.79,20.77,20.77,+0.02,1343294,27907085,199
2026-03-05,TPEx,00980T,平衡凱基美國TOP,10.45,10.56,10.45,10.54,+0.10,1617857,17044570,207
2026-03-05,TPEx,009814,富邦標普500,10.11,10.11,10.08,10.09,+0.09,2389550,24124927,575
2026-03-05,TPEx,009815,大華美國MAG7+,9.64,9.66,9.59,9.63,+0.18,8425082,81034019,2108
2026-03-05,TPEx,00981B,第一金優選非投債,9.26,9.31,9.26,9.30,+0.05,17589074,163258674,1163
2026-03-05,TPEx,00981D,主動中信非投等債,10.42,10.44,10.41,10.43,+0.02,8786188,91632715,813
2026-03-05,TPEx,00982B,FT投資級債20+,10.00,10.05,10.00,10.05,+0.04,557597,5599528,14
2026-03-05,TPEx,00983B,大華優利美公債20,16.48,16.48,16.38,16.40,-0.13,3220307,52879057,455
2026-03-05,TPEx,00984B,大華優利美A債15,16.93,16.93,16.87,16.89,-0.01,13280555,224380766,1547
2026-03-05,TPEx,00986B,FT金融債10+,10.21,10.21,10.20,10.20,-0.04,11300,115286,9
2026-03-05,TPEx,00987B,野村10+澳洲公債,15.94,15.96,15.88,15.89,+0.01,1977132,31471107,235
2026-03-05,TPEx,020001,富邦存股雙十N,18.38,18.38,18.38,18.38,+0.63,5000,91900,1
2026-03-05,TPEx,020025,統一亞洲半導體N,26.69,26.69,24.49,24.83,+1.80,334000,8294490,68
2026-03-05,TPEx,020027,元大上櫃ESG成長N,6.88,7.25,6.88,7.22,+0.34,47000,339480,8
2026-03-05,TPEx,020033,統一恒生科期N,3.92,3.92,3.88,3.88,+0.06,24000,93710,8
2026-03-05,TPEx,020035,元大上櫃ESG高息N,9.87,9.87,9.87,9.87,+0.42,1000,9870,1
2026-03-05,TPEx,020040,元大上櫃ESG龍頭N,7.63,7.63,7.63,7.63,+0.33,2000,15260,1
2026-03-05,TPEx,020041,兆豐半導體氣候N,11.28,11.30,11.28,11.30,+0.49,3000,33860,3
2026-03-05,TPEx,1240,茂生農經,59.00,59.50,58.60,58.80,+0.60,15715,926999,18
2026-03-05,TPEx,1259,安心,59.90,59.90,59.90,59.90,-0.80,1596,95679,28
2026-03-05,TPEx,1264,德麥,278.50,284.50,278.50,281.00,+2.50,23585,6660298,101
2026-03-05,TPEx,1268,漢來美食,159.50,161.50,159.50,159.50,0.00,31419,5028001,181
2026-03-05,TPEx,1294,漢田生技,79.20,80.50,78.80,79.30,+0.50,244895,19403095,361
2026-03-05,TPEx,1295,生合,74.00,74.60,73.50,73.50,+1.00,47819,3539001,63
2026-03-05,TPEx,1336,台翰,14.90,15.05,14.90,14.95,+0.30,69677,1043458,51
2026-03-05,TPEx,1565,精華,107.00,110.50,107.00,110.00,+4.00,237699,25848638,355
2026-03-05,TPEx,1569,濱川,52.40,54.00,52.40,52.60,+1.50,829467,44001638,690
2026-03-05,TPEx,1570,力肯,30.60,30.90,30.50,30.50,+0.15,51373,1572269,276
2026-03-05,TPEx,1580,新麥,128.50,130.50,128.50,129.50,+1.00,46880,6087943,151
2026-03-05,TPEx,1584,精剛,23.10,23.85,23.05,23.75,+0.95,1622573,38249603,1060
2026-03-05,TPEx,1586,和勤,23.60,23.85,23.25,23.80,+0.35,294569,6917765,209
2026-03-05,TPEx,1591,駿吉-KY,46.15,47.35,45.50,45.90,+0.40,112433,5213042,238
2026-03-05,TPEx,1593,祺驊,31.75,31.75,31.35,31.35,+0.40,33507,1053223,22
2026-03-05,TPEx,1595,川寶,40.15,40.60,40.05,40.20,+0.85,81787,3294554,98
2026-03-05,TPEx,1599,宏佳騰,26.80,26.80,26.65,26.70,-0.10,15478,414024,78
2026-03-05,TPEx,1742,台蠟,17.55,17.55,16.95,17.00,0.00,18005,306281,19
2026-03-05,TPEx,1777,生泰,71.40,71.50,71.20,71.30,+1.00,30000,2142500,20
2026-03-05,TPEx,1781,合世,12.60,12.65,12.50,12.50,+0.15,107087,1342433,115
2026-03-05,TPEx,1784,訊聯,98.70,98.70,95.10,95.30,-0.50,488996,47333547,536
2026-03-05,TPEx,1785,光洋科,58.70,62.70,58.70,62.70,+5.70,16397891,1011913982,6745
2026-03-05,TPEx,1788,杏昌,136.50,137.00,136.50,136.50,0.00,8455,1154894,50
2026-03-05,TPEx,1796,金穎生技,41.20,41.75,41.20,41.55,+0.35,16581,687230,85
2026-03-05,TPEx,1799,易威,28.50,29.80,28.50,29.00,+0.75,180405,5230353,113
2026-03-05,TPEx,1813,寶利徠,13.30,13.40,13.25,13.40,+0.10,27026,360160,54
2026-03-05,TPEx,1815,富喬,110.00,113.00,105.00,108.00,+4.50,85804244,9382930523,44105
2026-03-05,TPEx,2035,唐榮,27.90,28.65,27.90,28.65,-0.15,7018,198327,25
2026-03-05,TPEx,2061,風青,17.50,17.50,17.15,17.25,+0.15,167202,2901394,71
2026-03-05,TPEx,2063,世鎧,27.15,27.15,26.85,27.00,+0.30,6000,161950,6
2026-03-05,TPEx,2064,晉椿,12.05,12.20,12.00,12.15,+0.10,8000,96450,7
2026-03-05,TPEx,2065,世豐,29.85,29.90,29.75,29.75,+0.45,36548,1090746,196
2026-03-05,TPEx,2066,世德,51.50,51.50,50.10,50.90,-0.20,108579,5549779,57
2026-03-05,TPEx,2067,嘉鋼,9.65,9.75,9.60,9.60,+0.05,59229,572405,69
2026-03-05,TPEx,2070,精湛,39.35,40.10,39.30,39.85,+1.60,207075,8220806,156
2026-03-05,TPEx,2073,雄順,26.60,26.65,26.60,26.65,+0.15,2000,53250,2
2026-03-05,TPEx,2221,大甲,30.65,32.00,30.65,31.20,+0.70,84191,2645791,61
2026-03-05,TPEx,2230,泰茂,30.45,30.65,27.60,30.40,-0.25,921041,26787161,640
2026-03-05,TPEx,2235,謚源,34.75,34.75,33.25,33.30,-0.30,7000,235500,7
2026-03-05,TPEx,2596,綠意,32.30,32.60,31.95,32.05,+0.10,74396,2391445,56
2026-03-05,TPEx,2640,大車隊,123.50,124.00,123.00,124.00,0.00,30401,3758183,56
2026-03-05,TPEx,2641,正德,20.25,20.60,19.65,19.90,-0.20,6212718,124418928,2945
2026-03-05,TPEx,2643,捷迅,70.90,71.30,70.00,70.70,+0.70,33246,2347148,41
2026-03-05,TPEx,2718,全心投控,50.40,50.40,48.65,48.85,+0.40,43124,2123866,36
2026-03-05,TPEx,2719,燦星旅,27.00,27.05,27.00,27.00,0.00,26101,704979,18
2026-03-05,TPEx,2724,藝舍-KY,19.60,19.60,18.35,19.25,-1.05,30048,567448,27
2026-03-05,TPEx,2726,雅茗-KY,10.05,10.30,9.96,10.10,0.00,50081,503337,55
2026-03-05,TPEx,2729,瓦城,166.00,166.50,165.00,165.50,0.00,26948,4457645,76
2026-03-05,TPEx,2732,六角,62.50,64.50,62.30,64.50,+2.00,35366,2243306,72
2026-03-05,TPEx,2734,易飛網,16.20,16.65,16.20,16.40,+0.20,67399,1101095,170
2026-03-05,TPEx,2736,富野,13.20,13.20,12.80,12.80,0.00,66626,858883,61
2026-03-05,TPEx,2740,天蔥,38.50,39.60,37.95,39.30,+2.10,15359,595433,41
2026-03-05,TPEx,2743,山富,71.10,72.80,70.60,71.20,+1.20,106485,7584657,171
2026-03-05,TPEx,2745,五福,102.00,102.50,99.20,100.50,+1.20,150180,15115703,184
2026-03-05,TPEx,2751,王座,54.60,57.40,54.60,57.00,+2.50,19486,1087734,27
2026-03-05,TPEx,2752,豆府,208.00,208.00,206.50,208.00,+1.00,10630,2205112,68
2026-03-05,TPEx,2754,亞洲藏壽司,76.00,76.00,74.10,74.10,+0.40,9820,734026,41
2026-03-05,TPEx,2755,揚秦,135.00,144.00,135.00,141.50,+6.50,287579,40082011,394
2026-03-05,TPEx,2756,聯發國際,75.60,76.60,74.70,76.30,+1.20,21506,1628905,34
2026-03-05,TPEx,2916,滿心,46.70,47.10,46.70,47.00,+0.40,17757,832990,29
2026-03-05,TPEx,2924,宏太-KY,,,,,,1,18,1
2026-03-05,TPEx,2926,誠品生活,36.95,37.20,36.90,37.20,0.00,12000,445800,5
2026-03-05,TPEx,2937,集雅社,,,,,,0,0,0
2026-03-05,TPEx,2941,米斯特,37.80,39.70,37.80,39.70,+1.00,6377,245312,19
2026-03-05,TPEx,2947,振宇五金,78.50,80.00,78.50,78.80,+0.30,7307,581453,37
2026-03-05,TPEx,2948,寶陞,39.50,39.95,39.50,39.80,+0.40,18167,722079,16
2026-03-05,TPEx,2949,欣新網,64.40,66.40,64.40,66.40,+2.00,4592,297892,13
2026-03-05,TPEx,3064,泰偉,42.30,42.30,42.30,42.30,-4.65,9695,410088,38
2026-03-05,TPEx,3066,李洲,16.50,16.55,15.55,15.60,+0.05,1822090,29258212,1249
2026-03-05,TPEx,3067,全域,17.80,17.80,17.80,17.80,+0.25,1000,17800,1
2026-03-05,TPEx,3071,協禧,24.15,24.50,23.90,24.40,+1.05,181736,4406823,154
2026-03-05,TPEx,3073,天方能源,30.85,30.90,29.90,30.15,+0.55,86474,2615858,88
2026-03-05,TPEx,3078,僑威,60.00,61.10,59.30,60.80,+2.60,1999119,120406957,1641
2026-03-05,TPEx,3081,聯亞,1490.00,1525.00,1295.00,1365.00,-25.00,9343712,13239956015,17644
2026-03-05,TPEx,3083,網龍,29.50,29.80,29.30,29.40,+0.40,49200,1449989,52
2026-03-05,TPEx,3085,新零售,12.30,12.50,12.25,12.50,+0.25,39000,481750,7
2026-03-05,TPEx,3086,華義,235.00,249.50,231.50,236.00,+5.50,179020,42814367,231
2026-03-05,TPEx,3088,艾訊,77.10,79.70,77.10,79.20,+3.00,255244,20100848,276
2026-03-05,TPEx,3093,港建*,28.00,29.40,28.00,28.40,+0.90,322622,9224724,241
2026-03-05,TPEx,3095,及成,33.60,33.60,32.00,32.25,+0.75,26340,859549,123
2026-03-05,TPEx,3105,穩懋,311.00,315.50,282.50,300.00,+6.50,8084795,2426784566,9667
2026-03-05,TPEx,3114,好德,26.20,26.20,25.30,25.70,+0.40,35095,895583,48
2026-03-05,TPEx,3115,富榮綱,10.05,10.05,10.00,10.00,0.00,12057,120766,355
2026-03-05,TPEx,3118,進階,33.60,33.70,33.25,33.30,-0.15,14870,497992,333
2026-03-05,TPEx,3122,笙泉,26.90,26.90,25.60,26.20,+0.90,63610,1656173,604
2026-03-05,TPEx,3128,昇銳,24.95,25.70,24.95,25.35,+0.65,152735,3868809,424
2026-03-05,TPEx,3131,弘塑,1815.00,1880.00,1800.00,1840.00,+110.00,1375252,2530265915,3954
2026-03-05,TPEx,3141,晶宏,45.80,46.40,45.00,45.70,+1.55,317569,14534444,333
2026-03-05,TPEx,3147,大綜,189.00,192.50,184.00,187.00,+3.00,873010,164416820,1056
2026-03-05,TPEx,3152,璟德,147.50,151.00,145.00,147.50,+4.00,573270,84773570,560
2026-03-05,TPEx,3158,嘉實,91.20,92.60,89.20,89.40,+0.40,13165,1186517,17
2026-03-05,TPEx,3162,精確,56.10,57.80,55.50,55.80,+1.20,675065,38092054,515
2026-03-05,TPEx,3163,波若威,765.00,775.00,650.00,718.00,-3.00,1792262,1234157638,3079
2026-03-05,TPEx,3169,亞信,99.30,100.50,98.80,99.00,+2.20,212653,21177984,324
2026-03-05,TPEx,3171,炎洲流通,53.00,53.00,51.70,52.00,0.00,55477,2891656,246
2026-03-05,TPEx,3176,基亞,29.60,30.15,29.60,29.90,+0.55,219668,6557348,231
2026-03-05,TPEx,3178,公準,56.20,58.00,56.00,57.50,+1.60,86606,4954497,99
2026-03-05,TPEx,3188,鑫龍騰,32.50,32.90,32.50,32.90,+0.65,846072,27707321,554
2026-03-05,TPEx,3191,雲嘉南,15.10,15.20,14.15,14.80,-0.30,8176,118521,70
2026-03-05,TPEx,3205,佰研,51.40,52.30,51.10,51.20,-0.20,130626,6728892,149
2026-03-05,TPEx,3206,志豐,35.25,37.25,34.20,37.25,+3.35,441096,16040625,1324
2026-03-05,TPEx,3207,耀勝,80.10,84.00,80.00,81.30,+2.10,703235,57332785,582
2026-03-05,TPEx,3211,順達,321.00,321.00,315.00,321.00,+29.00,9622468,3085859830,9100
2026-03-05,TPEx,3213,茂訊,99.70,102.00,99.70,101.00,+2.40,143036,14429823,206
2026-03-05,TPEx,3217,優群,155.50,158.00,154.00,157.50,+7.50,1172878,182901088,1191
2026-03-05,TPEx,3218,大學光,133.00,133.50,131.00,133.00,+2.50,269321,35550116,395
2026-03-05,TPEx,3219,倚強科,60.10,61.00,59.10,59.20,+0.50,360511,21652234,305
2026-03-05,TPEx,3221,台嘉碩,32.55,33.45,30.30,30.50,-0.40,5180598,163544323,3722
2026-03-05,TPEx,3224,三顧,43.00,43.00,42.45,42.45,-0.55,682403,28980545,98
2026-03-05,TPEx,3226,龍鋒,52.90,53.40,52.90,53.00,+0.30,37003,1962559,22
2026-03-05,TPEx,3227,原相,195.00,196.50,192.00,195.50,+6.50,851914,165886372,1169
2026-03-05,TPEx,3228,金麗科,138.50,140.00,131.00,134.00,+0.50,371882,50196175,553
2026-03-05,TPEx,3230,錦明,42.90,44.60,41.25,43.15,+2.30,729200,31137983,577
2026-03-05,TPEx,3232,昱捷,23.30,23.30,22.80,22.85,-0.15,40309,927344,42
2026-03-05,TPEx,3234,光環,90.90,91.20,78.00,84.00,-2.20,3663949,308625030,3329
2026-03-05,TPEx,3236,千如,29.50,30.25,29.35,30.10,+1.85,1185290,35331067,965
2026-03-05,TPEx,3252,海灣,20.50,20.50,19.85,20.15,+0.35,50301,1008571,31
2026-03-05,TPEx,3259,鑫創,16.75,17.00,16.60,16.80,+0.15,82277,1376402,45
2026-03-05,TPEx,3260,威剛,287.50,288.00,277.50,285.00,+23.00,12585077,3573639431,11829
2026-03-05,TPEx,3264,欣銓,144.50,147.00,140.00,141.50,+2.50,6951697,993440429,5437
2026-03-05,TPEx,3265,台星科,132.00,139.00,132.00,137.50,+10.50,1950291,264140645,3089
2026-03-05,TPEx,3268,海德威,15.70,15.70,15.40,15.55,+0.05,21881,339624,159
2026-03-05,TPEx,3272,東碩,17.70,17.85,17.45,17.60,+0.40,51824,907180,39
2026-03-05,TPEx,3276,宇環,13.90,14.30,13.90,14.05,+0.20,24785,348599,214
2026-03-05,TPEx,3284,太普高,19.50,19.70,19.25,19.50,+0.25,136311,2649454,107
2026-03-05,TPEx,3285,微端,28.50,28.50,28.05,28.25,-0.05,8632,244048,22
2026-03-05,TPEx,3287,廣寰科,29.20,29.90,29.20,29.55,+0.55,51100,1506809,46
2026-03-05,TPEx,3288,點晶,15.90,15.90,15.00,15.65,+0.40,13050,199123,27
2026-03-05,TPEx,3289,宜特,133.50,137.00,133.00,133.50,+5.00,3079680,414970656,3043
2026-03-05,TPEx,3290,東浦,45.10,46.20,44.65,45.20,+1.00,829264,37595436,2089
2026-03-05,TPEx,3293,鈊象,679.00,683.00,673.00,675.00,+5.00,817029,553442599,4465
2026-03-05,TPEx,3294,英濟,37.90,38.30,37.10,37.80,+1.30,918362,34709125,682
2026-03-05,TPEx,3297,杭特,36.30,37.50,36.30,37.35,+1.30,122693,4536511,211
2026-03-05,TPEx,3303,岱稜,46.80,47.20,46.60,47.15,+0.85,190876,8961904,169
2026-03-05,TPEx,3306,鼎天,46.10,47.05,46.10,46.65,+1.25,121492,5680772,232
2026-03-05,TPEx,3310,佳穎,75.80,77.00,75.60,77.00,+1.50,7030,534465,6
2026-03-05,TPEx,3313,斐成,12.55,12.65,12.50,12.60,+0.20,213118,2677447,214
2026-03-05,TPEx,3317,尼克森,47.00,47.70,46.20,46.90,+1.45,375730,17689268,441
2026-03-05,TPEx,3322,建舜電,14.95,15.55,14.95,15.15,+0.55,579544,8820506,443
2026-03-05,TPEx,3323,加百裕,35.80,36.30,35.30,35.95,+1.45,982382,35157353,884
2026-03-05,TPEx,3324,雙鴻,1015.00,1025.00,978.00,978.00,+6.00,7024743,7027552380,12649
2026-03-05,TPEx,3325,旭品,14.20,14.65,14.20,14.50,+0.50,222159,3218271,273
2026-03-05,TPEx,3332,幸康,59.80,60.60,58.90,59.60,+1.60,123451,7368659,112
2026-03-05,TPEx,3339,泰谷,26.90,27.45,26.50,27.20,+1.05,324738,8779912,370
2026-03-05,TPEx,3349,寶德,29.80,30.55,29.60,29.85,+0.05,275850,8279707,340
2026-03-05,TPEx,3354,律勝,29.65,31.30,27.50,28.00,-1.00,3523605,103698066,6336
2026-03-05,TPEx,3357,臺慶科,165.00,171.00,154.50,158.00,-5.50,8045507,1307829468,6273
2026-03-05,TPEx,3360,尚立,15.85,16.50,15.85,16.30,+0.85,1204397,19471914,776
2026-03-05,TPEx,3362,先進光,103.00,103.50,100.50,101.00,+1.10,370472,37751997,356
2026-03-05,TPEx,3363,上詮,596.00,614.00,570.00,613.00,+54.00,2375201,1416542260,5174
2026-03-05,TPEx,3372,典範,22.75,23.25,22.00,22.10,+0.30,1513754,33950889,1094
2026-03-05,TPEx,3373,熱映,16.70,17.35,16.70,16.85,+0.10,107863,1842261,140
2026-03-05,TPEx,3374,精材,183.00,185.50,178.00,181.00,+8.00,4677158,849740622,4230
2026-03-05,TPEx,3379,彬台,38.30,39.60,38.30,39.45,+1.95,252919,9925411,289
2026-03-05,TPEx,3388,崇越電,62.80,63.00,62.20,62.80,+0.90,63367,3973841,58
2026-03-05,TPEx,3390,旭軟,24.50,24.85,24.15,24.25,+0.40,365368,8956152,393
2026-03-05,TPEx,3402,漢科,129.00,137.00,129.00,134.50,+9.50,967171,128730495,1424
2026-03-05,TPEx,3426,台興,47.20,47.20,47.15,47.15,-0.05,59747,2818484,169
2026-03-05,TPEx,3430,奇鈦科,70.00,72.20,68.80,70.00,+2.10,678755,47693816,713
2026-03-05,TPEx,3434,哲固,29.15,29.50,28.85,29.10,+0.05,60634,1772541,65
2026-03-05,TPEx,3438,類比科,46.20,46.20,44.70,45.55,+1.35,52936,2398565,207
2026-03-05,TPEx,3441,聯一光,33.30,34.55,33.30,34.25,+1.30,115128,3929968,263
2026-03-05,TPEx,3444,利機,63.20,63.80,61.00,61.40,+1.40,205825,12774014,155
2026-03-05,TPEx,3455,由田,113.00,119.00,113.00,116.50,+6.00,1443184,167874548,1649
2026-03-05,TPEx,3465,進泰電子,42.95,42.95,42.95,42.95,+1.35,1021,43806,4
2026-03-05,TPEx,3466,德晉,36.10,36.70,35.50,36.30,+0.35,424283,15311170,426
2026-03-05,TPEx,3467,台灣精材,39.30,39.90,39.05,39.35,+1.25,23343,922962,22
2026-03-05,TPEx,3479,安勤,89.10,90.90,89.10,90.30,+2.40,242681,21928104,296
2026-03-05,TPEx,3483,力致,89.10,91.20,89.10,91.10,+4.40,504206,45636400,658
2026-03-05,TPEx,3484,崧騰,46.90,46.90,46.05,46.30,+0.30,144532,6712085,244
2026-03-05,TPEx,3489,森寶,19.50,19.65,19.30,19.60,+0.10,47001,917719,31
2026-03-05,TPEx,3490,單井,24.95,25.40,24.55,24.60,+0.40,248733,6222629,258
2026-03-05,TPEx,3491,昇達科,1605.00,1605.00,1380.00,1380.00,-150.00,760776,1074969650,6550
2026-03-05,TPEx,3492,長盛,22.70,23.15,22.70,22.90,+0.55,51085,1172310,49
2026-03-05,TPEx,3498,陽程,66.00,69.30,59.80,62.80,-0.20,17958435,1164415232,11701
2026-03-05,TPEx,3499,環天科,17.75,18.45,17.35,17.50,-0.50,272548,4850999,448
2026-03-05,TPEx,3508,位速,37.00,38.50,35.00,38.50,+3.50,2017910,75512850,1469
2026-03-05,TPEx,3511,矽瑪,19.30,19.80,19.10,19.35,+0.50,118907,2306853,94
2026-03-05,TPEx,3512,皇龍,20.60,20.80,20.30,20.55,+0.10,17279,355039,22
2026-03-05,TPEx,3516,亞帝歐,19.10,19.10,18.40,18.65,-0.25,136155,2545529,109
2026-03-05,TPEx,3520,華盈,14.55,15.05,14.15,14.20,-0.30,477489,6870114,405
2026-03-05,TPEx,3521,台鋼建設,15.05,15.25,14.80,14.80,0.00,62270,934453,151
2026-03-05,TPEx,3522,御嵿,14.45,14.85,14.45,14.50,+0.10,59571,865080,117
2026-03-05,TPEx,3523,迎輝,16.00,16.00,15.95,16.00,+0.40,12005,192030,7
2026-03-05,TPEx,3526,凡甲,289.00,292.50,285.50,292.00,+10.50,571280,165842487,867
2026-03-05,TPEx,3527,聚積,58.00,59.10,56.60,56.90,+0.40,511822,29417482,390
2026-03-05,TPEx,3529,力旺,2355.00,2425.00,2260.00,2425.00,+170.00,439769,1042589155,1881
2026-03-05,TPEx,3531,先益,,,,,,0,0,0
2026-03-05,TPEx,3537,堡達,43.85,45.10,43.85,44.80,+1.30,140167,6269427,292
2026-03-05,TPEx,3540,曜越,28.90,29.45,28.65,29.00,+0.70,195586,5686934,295
2026-03-05,TPEx,3541,西柏,23.30,24.20,23.30,23.90,+0.70,60976,1447906,95
2026-03-05,TPEx,3546,宇峻,67.20,67.80,66.50,67.30,+0.80,196562,13181483,270
2026-03-05,TPEx,3548,兆利,80.40,80.90,78.30,80.10,+1.70,271741,21642375,446
2026-03-05,TPEx,3551,世禾,179.50,190.00,179.50,186.00,+11.50,767651,142180658,964
2026-03-05,TPEx,3552,同致,47.45,48.95,47.45,48.65,+1.85,216444,10510755,352
2026-03-05,TPEx,3555,博士旺,113.00,118.00,111.50,114.00,+5.00,256291,29323299,256
2026-03-05,TPEx,3556,禾瑞亞,42.70,44.50,42.70,43.85,+1.35,127051,5554869,844
2026-03-05,TPEx,3558,神準,131.00,133.00,129.00,131.50,+3.00,145965,19132095,243
2026-03-05,TPEx,3564,其陽,46.00,46.50,44.80,45.15,+0.55,156220,7117927,140
2026-03-05,TPEx,3567,逸昌,26.60,27.00,26.60,26.80,+0.20,30269,811904,92
2026-03-05,TPEx,3570,大塚,178.00,179.00,177.50,178.00,0.00,50361,8970741,55
2026-03-05,TPEx,3577,泓格,60.10,61.00,59.20,60.30,+2.20,53675,3223978,69
2026-03-05,TPEx,3580,友威科,63.40,66.10,63.40,64.90,+2.70,421535,27370873,490
2026-03-05,TPEx,3581,博磊,67.70,70.50,67.70,67.90,+2.00,1514237,104745724,1290
2026-03-05,TPEx,3587,閎康,210.50,219.00,209.50,214.00,+13.00,1879362,401151517,1708
2026-03-05,TPEx,3594,磐儀,42.50,42.95,40.75,41.00,-0.10,321563,13336474,268
2026-03-05,TPEx,3597,映興,23.70,24.40,23.60,24.15,+0.55,27350,653920,25
2026-03-05,TPEx,3609,三一東林,31.30,32.15,31.30,31.75,-0.10,121010,3847222,85
2026-03-05,TPEx,3611,鼎翰,192.50,192.50,190.00,190.00,0.00,40693,7778024,67
2026-03-05,TPEx,3615,安可,35.00,35.90,32.90,33.45,+0.80,7324773,253380120,4357
2026-03-05,TPEx,3623,富晶通,26.90,26.90,25.65,25.80,+0.50,169405,4423899,143
2026-03-05,TPEx,3624,光頡,55.10,56.40,54.30,55.00,+2.00,1538185,84934625,1414
2026-03-05,TPEx,3625,西勝,17.10,17.50,16.80,17.25,+0.60,393023,6721144,301
2026-03-05,TPEx,3628,盈正,64.50,66.70,64.50,66.00,+2.00,97621,6437487,125
2026-03-05,TPEx,3629,地心引力,19.00,19.00,19.00,19.00,+1.20,2000,38000,2
2026-03-05,TPEx,3630,新鉅科,30.80,31.60,30.70,31.25,+1.05,866635,27025341,689
2026-03-05,TPEx,3631,晟楠,27.80,28.70,27.20,28.05,+0.40,69000,1931100,57
2026-03-05,TPEx,3632,研勤,10.00,10.00,9.99,9.99,0.00,11422,114110,170
2026-03-05,TPEx,3646,艾恩特,24.50,24.80,23.55,24.60,-0.05,62106,1497412,160
2026-03-05,TPEx,3663,鑫科,55.50,57.20,55.30,56.20,+2.70,1083918,61024280,940
2026-03-05,TPEx,3664,安瑞-KY,12.70,13.35,12.60,13.35,+1.20,60925,801306,441
2026-03-05,TPEx,3666,光耀,27.50,27.70,27.20,27.50,0.00,114257,3131144,246
2026-03-05,TPEx,3672,康聯訊,11.80,12.25,11.45,12.05,-0.10,49941,598448,96
2026-03-05,TPEx,3675,德微,173.50,177.50,171.00,177.50,+9.50,651939,113884928,642
2026-03-05,TPEx,3680,家登,391.50,409.00,386.50,400.00,+27.00,1691298,669584149,2352
2026-03-05,TPEx,3684,榮昌,64.50,66.30,60.30,60.30,-2.20,156953,9867615,185
2026-03-05,TPEx,3685,元創精密,32.70,34.10,32.70,33.40,+1.00,257528,8604715,154
2026-03-05,TPEx,3687,歐買尬,69.20,70.20,69.20,69.60,+1.60,82536,5747222,195
2026-03-05,TPEx,3689,湧德,106.50,110.50,106.00,107.50,+4.00,2670500,287796978,1773
2026-03-05,TPEx,3691,碩禾,125.00,129.00,119.50,120.00,+1.00,2058556,254138534,1766
2026-03-05,TPEx,3693,營邦,439.50,450.00,426.00,427.50,+8.00,1517097,660634946,1970
2026-03-05,TPEx,3707,漢磊,54.70,57.10,54.40,55.40,+2.80,4002752,223324806,2955
2026-03-05,TPEx,3709,鑫聯大投控,69.00,73.10,67.00,67.70,+1.20,5577751,391922506,3425
2026-03-05,TPEx,3710,連展投控,6.30,6.71,6.11,6.71,+0.61,624517,4035984,265
2026-03-05,TPEx,3713,新晶投控,19.50,19.50,18.00,18.80,+0.60,166340,3052866,65
2026-03-05,TPEx,4102,永日,19.95,20.00,19.90,20.00,0.00,24826,495465,117
2026-03-05,TPEx,4105,東洋,84.40,84.40,82.70,83.40,+0.20,522323,43545616,2221
2026-03-05,TPEx,4107,邦特,120.00,120.50,119.00,120.00,+1.50,59327,7096547,59
2026-03-05,TPEx,4109,加捷生醫,13.50,13.60,13.40,13.40,+0.20,137445,1851819,200
2026-03-05,TPEx,4111,濟生,29.70,30.15,29.65,30.10,+0.45,71629,2136008,156
2026-03-05,TPEx,4113,聯上,19.20,19.50,19.00,19.25,+0.30,117187,2245761,112
2026-03-05,TPEx,4114,健喬,31.30,31.60,31.25,31.50,+0.50,629926,19777882,624
2026-03-05,TPEx,4116,明基醫,41.00,41.00,39.95,40.15,+0.05,101487,4065463,79
2026-03-05,TPEx,4120,友華,44.25,44.25,43.80,43.90,+0.10,12989,568065,246
2026-03-05,TPEx,4121,優盛,19.00,19.75,18.90,19.35,+0.55,198955,3833867,280
2026-03-05,TPEx,4123,晟德,49.80,51.40,48.00,48.00,-1.35,45475311,2247702582,25079
2026-03-05,TPEx,4126,太醫,80.80,81.60,80.80,81.40,+1.00,102441,8314296,107
2026-03-05,TPEx,4127,天良,35.50,36.50,35.50,36.30,+0.45,50032,1802645,61
2026-03-05,TPEx,4128,中天,17.40,17.70,17.30,17.50,+0.40,920000,16067872,896
2026-03-05,TPEx,4129,聯合,104.00,106.00,104.00,104.50,+1.00,114577,11992497,215
2026-03-05,TPEx,4130,健亞,33.05,35.90,33.00,34.95,+2.15,3717470,129166553,5041
2026-03-05,TPEx,4131,浩泰,36.95,37.20,36.10,36.10,-1.15,60033,2200544,21
2026-03-05,TPEx,4138,曜亞,58.40,59.00,58.40,58.40,+0.60,16196,949615,89
2026-03-05,TPEx,4139,馬光-KY,22.80,23.15,22.80,23.15,+0.45,4013,91848,12
2026-03-05,TPEx,4147,中裕,53.10,56.50,53.10,54.30,+2.30,1892304,103985291,1463
2026-03-05,TPEx,4153,鈺緯,34.95,34.95,33.70,33.75,-0.20,26615,907309,15
2026-03-05,TPEx,4154,樂威科-KY,,,,,,0,0,0
2026-03-05,TPEx,4157,太景*-KY,11.95,12.10,11.75,12.00,+0.35,1522305,18230556,687
2026-03-05,TPEx,4160,訊聯基因,48.15,49.95,48.15,49.20,+1.30,58567,2887148,605
2026-03-05,TPEx,4161,聿新科,25.75,25.80,25.45,25.55,+0.35,49426,1263189,51
2026-03-05,TPEx,4162,智擎,62.80,63.10,61.70,61.90,-0.20,252621,15681307,427
2026-03-05,TPEx,4163,鐿鈦,108.50,108.50,104.50,105.50,-2.00,30458,3245772,201
2026-03-05,TPEx,4166,友霖,24.50,24.60,24.10,24.35,+0.15,130026,3175674,90
2026-03-05,TPEx,4167,松瑞藥,18.30,18.45,18.10,18.45,+0.55,783276,14325726,434
2026-03-05,TPEx,4168,醣聯,24.30,25.20,24.30,24.65,+0.15,172656,4265336,232
2026-03-05,TPEx,4171,瑞基,19.10,19.90,19.00,19.20,+0.60,175169,3367851,261
2026-03-05,TPEx,4173,久裕,21.50,21.60,21.45,21.50,+0.15,64452,1388359,197
2026-03-05,TPEx,4174,浩鼎,38.90,39.20,38.10,38.20,-0.35,374059,14380329,1953
2026-03-05,TPEx,4175,杏一,54.70,55.00,54.60,54.70,+0.10,84987,4655928,301
2026-03-05,TPEx,4183,福永生技,16.00,16.10,16.00,16.10,+0.05,6050,97302,4
2026-03-05,TPEx,4188,安克,13.50,13.50,13.15,13.20,0.00,29022,384593,25
2026-03-05,TPEx,4192,杏國,20.85,20.85,20.60,20.60,+0.50,2545,52714,7
2026-03-05,TPEx,4198,欣大健康,38.80,40.50,37.50,40.50,+2.20,19484,757710,29
2026-03-05,TPEx,4205,中華食,76.60,77.00,76.60,76.90,-0.10,41499,3189793,261
2026-03-05,TPEx,4207,環泰,20.00,20.25,19.90,20.25,+0.40,538998,10880541,180
2026-03-05,TPEx,4303,信立,52.60,53.30,51.50,51.70,+0.40,716792,37329706,698
2026-03-05,TPEx,4304,勝昱,30.80,30.95,30.80,30.95,+0.15,16128,498992,6
2026-03-05,TPEx,4305,世坤,42.85,42.85,42.85,42.85,-0.15,2180,93705,8
2026-03-05,TPEx,4401,東隆興,16.10,16.15,15.50,15.55,+0.10,30067,473729,40
2026-03-05,TPEx,4402,郡都開發,19.25,19.25,18.30,18.60,-0.05,65459,1213042,198
2026-03-05,TPEx,4406,新昕纖,9.78,9.95,9.78,9.95,0.00,4266,41950,8
2026-03-05,TPEx,4413,飛寶企業,18.40,18.40,18.35,18.35,+0.35,2000,36750,2
2026-03-05,TPEx,4416,三圓,18.55,18.55,18.55,18.55,-2.05,211220,3918193,91
2026-03-05,TPEx,4417,金洲,52.80,52.80,52.30,52.50,+0.60,71257,3745793,70
2026-03-05,TPEx,4419,皇家美食,43.60,43.60,43.60,43.60,+0.10,1017,44345,16
2026-03-05,TPEx,4420,光明,50.30,51.50,50.30,51.30,+1.00,78179,3999661,119
2026-03-05,TPEx,4430,耀億,19.40,19.40,18.60,18.60,-0.20,21822,412833,82
2026-03-05,TPEx,4432,銘旺實,15.10,15.70,15.10,15.35,+0.25,15370,234218,16
2026-03-05,TPEx,4433,興采,20.40,20.55,20.20,20.35,0.00,40578,826433,191
2026-03-05,TPEx,4442,竣邦-KY,55.50,55.80,55.00,55.80,+0.30,14105,781580,21
2026-03-05,TPEx,4502,健信,15.75,15.75,15.60,15.75,+0.05,29102,456146,21
2026-03-05,TPEx,4503,金雨,36.00,36.85,35.55,36.70,+1.35,237543,8612151,172
2026-03-05,TPEx,4506,崇友,115.50,117.00,115.50,116.00,+1.00,42904,4984846,88
2026-03-05,TPEx,4510,高鋒,42.50,43.40,41.80,42.00,+0.60,725595,30771136,683
2026-03-05,TPEx,4513,福裕,16.90,17.15,16.70,16.95,+0.45,249942,4234407,377
2026-03-05,TPEx,4523,永彰,33.40,34.35,33.10,33.50,+1.00,389908,13128322,398
2026-03-05,TPEx,4527,方土霖,40.80,41.70,40.80,41.00,0.00,31307,1289769,30
2026-03-05,TPEx,4528,江興鍛,18.80,19.10,18.35,18.35,-0.10,17756,329660,83
2026-03-05,TPEx,4529,淳紳,3.30,3.30,3.22,3.30,+0.08,14002,45456,13
2026-03-05,TPEx,4530,宏易,,,,,,345,9819,114
2026-03-05,TPEx,4533,協易機,38.15,40.90,35.55,35.65,-2.10,53917674,2075708286,28935
2026-03-05,TPEx,4534,慶騰,28.90,30.00,27.80,29.30,+1.45,1428361,41582143,991
2026-03-05,TPEx,4535,至興,29.10,29.35,28.55,28.55,-0.60,25462,738269,73
2026-03-05,TPEx,4538,大詠城,19.20,19.40,18.85,19.05,+0.10,40216,766004,43
2026-03-05,TPEx,4541,晟田,43.85,45.00,43.70,43.70,+0.70,875575,38728839,755
2026-03-05,TPEx,4542,科嶠,145.00,152.50,141.00,147.00,+8.00,1534228,226125426,1503
2026-03-05,TPEx,4543,萬在,29.35,29.90,29.00,29.25,+0.85,157799,4625976,202
2026-03-05,TPEx,4549,桓達,98.50,99.20,97.40,98.30,+2.30,132537,13032796,161
2026-03-05,TPEx,4550,長佳,25.90,26.00,25.90,26.00,+0.20,4822,125113,12
2026-03-05,TPEx,4554,橙的,26.00,26.45,26.00,26.45,+0.70,18981,498072,30
2026-03-05,TPEx,4556,旭然,27.15,28.80,27.15,27.80,+1.20,17296,480752,22
2026-03-05,TPEx,4558,寶緯,19.00,19.30,18.90,18.95,+0.05,39300,745819,25
2026-03-05,TPEx,4561,健椿,37.50,37.50,36.20,37.00,+1.80,158186,5814550,131
2026-03-05,TPEx,4563,百德,48.10,49.40,48.10,48.60,+1.25,125785,6118037,107
2026-03-05,TPEx,4568,科際精密,42.35,42.35,42.35,42.35,+1.10,2815,118568,8
2026-03-05,TPEx,4577,達航科技,84.00,87.00,77.40,85.00,+4.00,740477,61671335,655
2026-03-05,TPEx,4580,捷流閥業,80.90,81.90,80.10,81.40,+1.40,35264,2848118,44
2026-03-05,TPEx,4584,君帆,,,,,,208,9127,6
2026-03-05,TPEx,4609,唐鋒,4.90,4.97,4.65,4.97,+0.08,46900,222103,27
2026-03-05,TPEx,4702,中美實,9.97,9.97,9.85,9.85,-0.06,34635,342196,109
2026-03-05,TPEx,4706,大恭,30.35,30.50,29.80,30.50,+0.50,14116,424816,18
2026-03-05,TPEx,4707,磐亞,10.10,10.20,10.10,10.15,+0.10,311375,3154548,170
2026-03-05,TPEx,4711,永純,15.00,15.20,15.00,15.20,0.00,9780,147652,71
2026-03-05,TPEx,4714,永捷,15.65,15.80,15.40,15.55,+0.30,1119392,17439837,596
2026-03-05,TPEx,4716,大立,14.60,14.90,14.55,14.55,+0.25,344857,5073700,493
2026-03-05,TPEx,4721,美琪瑪,64.00,64.80,63.00,64.40,+2.00,324324,20771610,371
2026-03-05,TPEx,4726,永昕,33.15,33.85,32.60,32.80,-0.25,335638,11178875,231
2026-03-05,TPEx,4728,雙美,389.50,389.50,389.50,389.50,0.00,6177,2405826,48
2026-03-05,TPEx,4729,熒茂,21.75,22.25,21.45,21.80,+0.90,192718,4184162,161
2026-03-05,TPEx,4735,豪展,30.75,31.00,30.55,31.00,+0.35,15463,474815,146
2026-03-05,TPEx,4741,泓瀚,23.00,23.20,22.70,23.10,+0.25,137914,3158911,147
2026-03-05,TPEx,4743,合一,54.80,54.80,53.40,53.80,+0.60,1370309,74021324,1382
2026-03-05,TPEx,4744,皇將,31.00,31.95,30.30,31.30,+1.25,179001,5587320,290
2026-03-05,TPEx,4745,合富-KY,18.90,20.60,18.90,20.60,+1.85,221681,4490941,201
2026-03-05,TPEx,4747,強生,56.00,56.20,55.20,56.20,+2.10,14326,801696,17
2026-03-05,TPEx,4749,新應材,937.00,966.00,925.00,966.00,+87.00,5245199,4985009480,14118
2026-03-05,TPEx,4754,國碳科,38.05,38.30,37.90,38.30,+0.50,20425,777124,68
2026-03-05,TPEx,4760,勤凱,179.00,181.00,178.00,179.00,+5.50,400975,72061831,486
2026-03-05,TPEx,4767,誠泰科技,24.75,25.20,24.75,25.00,+0.30,6000,149200,5
2026-03-05,TPEx,4768,晶呈科技,477.00,479.50,443.00,453.00,-1.50,820619,380380222,1356
2026-03-05,TPEx,4772,台特化,312.50,322.00,311.00,320.00,+19.00,2074766,657783977,2783
2026-03-05,TPEx,4804,大略-KY,6.00,6.10,5.90,5.90,-0.10,75099,449545,118
2026-03-05,TPEx,4806,桂田文創,11.20,11.45,11.20,11.45,+0.30,4311,48809,215
2026-03-05,TPEx,4903,聯光通,42.15,44.00,41.00,41.50,+1.00,5647297,239223685,4133
2026-03-05,TPEx,4905,台聯電,62.90,63.30,62.40,62.70,-0.20,11129,698020,16
2026-03-05,TPEx,4907,富宇,40.60,40.60,40.05,40.55,-0.05,11310,456835,12
2026-03-05,TPEx,4908,前鼎,105.50,109.00,99.30,102.00,+2.60,12505945,1313500348,9217
2026-03-05,TPEx,4909,新復興,68.50,70.80,63.00,64.20,-1.10,10310609,689159754,7883
2026-03-05,TPEx,4911,德英,34.05,34.10,33.55,33.75,-0.85,101930,3448132,159
2026-03-05,TPEx,4923,力士,30.05,30.40,29.60,29.85,-0.25,82415,2469688,626
2026-03-05,TPEx,4924,欣厚-KY,10.55,10.90,10.50,10.75,+0.45,17000,180350,9
2026-03-05,TPEx,4931,新盛力,136.50,139.00,134.50,134.50,+6.00,2584121,353494694,2375
2026-03-05,TPEx,4933,友輝,58.00,60.40,58.00,59.60,+2.60,173090,10192131,139
2026-03-05,TPEx,4939,亞電,33.00,33.80,32.55,32.60,+0.75,1589737,52611251,1363
2026-03-05,TPEx,4946,辣椒,144.00,149.00,139.00,147.00,+3.00,315626,45477622,1211
2026-03-05,TPEx,4950,金耘國際,15.20,15.20,15.00,15.00,-0.05,30128,452638,131
2026-03-05,TPEx,4951,精拓科,68.90,69.90,67.20,69.00,+1.80,229013,15704393,268
2026-03-05,TPEx,4953,緯軟,110.50,113.00,110.50,111.50,+3.50,281899,31534948,372
2026-03-05,TPEx,4966,譜瑞-KY,515.00,522.00,508.00,519.00,+18.00,714739,368745319,1296
2026-03-05,TPEx,4971,IET-KY,479.00,490.00,420.50,425.50,-24.50,7135849,3196521616,10558
2026-03-05,TPEx,4972,湯石照明,17.70,17.80,17.65,17.65,-0.05,31326,555982,278
2026-03-05,TPEx,4973,廣穎,42.85,43.50,41.90,42.75,+2.25,913628,39039205,840
2026-03-05,TPEx,4974,亞泰,72.00,73.20,71.40,71.70,+0.20,255460,18432312,665
2026-03-05,TPEx,4979,華星光,438.00,446.00,377.00,400.00,-18.50,7565789,3046463084,13316
2026-03-05,TPEx,4987,科誠,80.70,80.80,80.70,80.70,-0.10,17195,1387765,74
2026-03-05,TPEx,4991,環宇-KY,355.00,356.00,300.50,333.00,-0.50,1897593,611771785,2699
2026-03-05,TPEx,4995,晶達,40.60,41.50,40.55,40.70,+0.40,23113,941508,15
2026-03-05,TPEx,5009,榮剛,36.10,36.20,34.60,35.45,+0.30,8955825,316912829,4831
2026-03-05,TPEx,5011,久陽,17.60,17.60,16.00,16.70,+0.70,4871092,82999901,2839
2026-03-05,TPEx,5013,強新,29.25,29.25,29.25,29.25,-0.85,1661,48570,14
2026-03-05,TPEx,5014,建錩,10.75,10.90,10.60,10.70,+0.15,159214,1705163,206
2026-03-05,TPEx,5015,華祺,27.15,28.35,27.15,27.60,+0.45,31187,866938,66
2026-03-05,TPEx,5016,松和,23.95,24.85,23.95,24.75,+0.30,8092,199008,8
2026-03-05,TPEx,5201,凱衛,40.45,40.45,39.30,39.70,-0.15,201145,7980658,193
2026-03-05,TPEx,5202,力新,13.90,14.10,13.90,13.90,+0.15,182262,2544686,547
2026-03-05,TPEx,5205,中茂,27.95,28.75,27.95,28.75,+0.30,3000,85150,3
2026-03-05,TPEx,5206,坤悅,29.00,29.30,28.95,29.25,+0.35,33935,988516,33
2026-03-05,TPEx,5209,新鼎,167.50,169.50,166.50,169.50,+5.00,24820,4164381,46
2026-03-05,TPEx,5210,寶碩,21.00,21.75,20.90,21.05,-0.10,96668,2046806,224
2026-03-05,TPEx,5211,蒙恬,23.25,23.80,23.05,23.30,+0.10,43038,999423,45
2026-03-05,TPEx,5212,凌網,52.70,52.70,50.80,51.50,-1.10,10064,516862,16
2026-03-05,TPEx,5213,亞昕,25.00,26.80,24.90,26.25,+1.70,2584687,66360374,1673
2026-03-05,TPEx,5220,萬達光電,19.20,19.95,19.20,19.80,+0.70,78215,1544666,67
2026-03-05,TPEx,5223,安力-KY,29.50,30.10,29.40,29.55,+0.15,37030,1094804,30
2026-03-05,TPEx,5227,立凱-KY,25.20,25.50,25.05,25.35,+0.60,116686,2953788,265
2026-03-05,TPEx,5228,鈺鎧,22.65,24.00,22.65,22.90,+0.65,153087,3521705,126
2026-03-05,TPEx,5230,雷笛克光學,16.90,16.90,16.05,16.45,+0.45,128341,2097345,138
2026-03-05,TPEx,5236,凌陽創新,127.50,130.50,127.00,128.50,+1.50,196893,25331355,274
2026-03-05,TPEx,5245,智晶,27.50,27.50,26.20,26.30,+0.10,117883,3143110,106
2026-03-05,TPEx,5251,天鉞電,32.40,32.60,31.50,31.80,+0.35,122696,3929056,279
2026-03-05,TPEx,5263,智崴,98.90,100.50,98.60,100.50,+4.40,225647,22499090,227
2026-03-05,TPEx,5272,笙科,23.50,23.50,22.50,22.85,+0.80,437109,10010084,628
2026-03-05,TPEx,5274,信驊,9500.00,9520.00,9315.00,9520.00,+865.00,345684,3274345905,6766
2026-03-05,TPEx,5276,達輝-KY,16.15,16.15,15.65,15.80,+0.30,5000,79100,4
2026-03-05,TPEx,5278,尚凡*,28.10,28.60,28.00,28.00,+0.25,147135,4172536,91
2026-03-05,TPEx,5287,數字,161.50,162.50,161.00,161.00,0.00,83870,13541489,216
2026-03-05,TPEx,5289,宜鼎,800.00,813.00,774.00,778.00,+34.00,3341256,2647231584,5953
2026-03-05,TPEx,5291,邑昇,53.70,55.00,51.50,55.00,+5.00,1448463,78328691,1177
2026-03-05,TPEx,5299,杰力,75.00,75.20,73.60,74.20,+1.10,99588,7410812,104
2026-03-05,TPEx,5301,寶得利,10.95,10.95,10.25,10.70,+0.10,7846,83815,12
2026-03-05,TPEx,5302,太欣,11.40,12.35,11.40,11.95,+0.70,1033113,12421741,625
2026-03-05,TPEx,5309,系統電,61.00,61.80,59.50,60.90,+2.30,4707897,285940272,3537
2026-03-05,TPEx,5310,天剛,27.00,27.80,27.00,27.80,+0.80,28192,762634,15
2026-03-05,TPEx,5312,寶島科,98.70,100.00,98.40,98.80,+1.50,34667,3436068,63
2026-03-05,TPEx,5314,世紀*,83.50,83.50,79.70,80.70,+0.10,3735156,304328297,3170
2026-03-05,TPEx,5315,光聯,23.00,23.45,22.85,22.95,+0.35,699530,16110775,592
2026-03-05,TPEx,5321,美而快,25.95,26.10,24.55,25.00,-0.65,170176,4273851,184
2026-03-05,TPEx,5324,士開,10.05,10.10,10.00,10.10,+0.10,44525,447141,35
2026-03-05,TPEx,5328,華容,26.05,27.40,25.80,27.40,+2.45,7687590,208103320,5056
2026-03-05,TPEx,5340,建榮,106.00,110.00,105.00,109.00,+8.50,1309288,141877966,1249
2026-03-05,TPEx,5344,立衛,13.65,14.00,13.60,13.90,+0.30,47215,645124,30
2026-03-05,TPEx,5345,馥鴻,22.80,22.90,22.65,22.90,-0.05,16329,370268,9
2026-03-05,TPEx,5347,世界,122.50,123.00,117.00,119.50,+3.50,14596606,1745058477,10480
2026-03-05,TPEx,5348,正能量智能,17.25,17.30,17.25,17.30,+0.40,2581,44416,7
2026-03-05,TPEx,5351,鈺創,52.50,53.90,52.00,53.90,+4.90,7780772,414828190,7367
2026-03-05,TPEx,5353,台林,24.45,24.45,23.70,23.80,0.00,254695,6075709,236
2026-03-05,TPEx,5355,佳總,7.20,7.40,7.20,7.40,+0.20,131178,950470,105
2026-03-05,TPEx,5356,協益,24.85,25.15,24.85,24.95,+0.05,100132,2506722,242
2026-03-05,TPEx,5364,力麗店,12.75,12.80,12.60,12.70,0.00,79654,1009909,53
2026-03-05,TPEx,5371,中光電,82.20,83.60,81.10,83.50,+3.70,4915037,406363769,4055
2026-03-05,TPEx,5381,合正,26.35,27.00,26.30,26.35,+0.55,972079,25873015,612
2026-03-05,TPEx,5386,青雲,236.50,236.50,236.50,236.50,+21.50,218254,51617030,361
2026-03-05,TPEx,5392,能率,40.65,41.75,40.45,41.50,+2.15,1631529,67179787,1313
2026-03-05,TPEx,5398,慕康生醫,24.00,24.00,22.00,22.00,-0.95,286823,6529841,378
2026-03-05,TPEx,5403,中菲,110.00,110.50,109.50,110.00,0.00,79731,8772695,99
2026-03-05,TPEx,5410,國眾,30.20,30.90,30.10,30.80,+1.55,700581,21443289,586
2026-03-05,TPEx,5425,台半,56.50,57.90,55.30,57.60,+3.10,1881886,106636477,1655
2026-03-05,TPEx,5426,振發,19.75,20.10,19.70,20.10,+0.65,366280,7316961,279
2026-03-05,TPEx,5432,新門,144.50,144.50,140.50,141.00,+2.00,83926,11938863,190
2026-03-05,TPEx,5438,東友,20.80,21.50,20.80,21.50,+1.20,242946,5169008,212
2026-03-05,TPEx,5439,高技,272.00,283.50,269.00,274.50,+12.50,3858570,1060770929,3617
2026-03-05,TPEx,5443,均豪,90.60,94.80,90.60,93.60,+6.60,3225076,301482053,3318
2026-03-05,TPEx,5450,南良,14.35,14.95,14.35,14.50,+0.20,41637,607722,57
2026-03-05,TPEx,5452,佶優,32.80,33.60,31.60,31.95,+0.15,2062498,66893023,1608
2026-03-05,TPEx,5455,昇益,,,,,,0,0,0
2026-03-05,TPEx,5457,宣德,33.55,33.75,33.25,33.45,+0.40,468847,15687230,342
2026-03-05,TPEx,5460,同協,15.10,15.10,14.45,14.55,-0.10,151548,2221074,269
2026-03-05,TPEx,5464,霖宏,27.50,27.65,26.80,27.00,-0.50,144895,3922947,108
2026-03-05,TPEx,5465,富驊,27.45,28.15,27.45,27.80,+0.75,130643,3632593,93
2026-03-05,TPEx,5468,凱鈺,16.35,16.80,16.30,16.40,+0.40,46097,757529,35
2026-03-05,TPEx,5474,聰泰,143.50,144.50,142.50,142.50,+3.00,120553,17284940,136
2026-03-05,TPEx,5475,德宏,188.50,190.00,181.00,190.00,+17.00,1352589,255691837,1170
2026-03-05,TPEx,5478,智冠,105.50,107.50,103.00,107.00,+5.50,847699,89433488,1023
2026-03-05,TPEx,5481,新華,22.40,22.45,21.30,22.45,+0.40,226062,5018537,380
2026-03-05,TPEx,5483,中美晶,113.00,114.50,111.00,113.50,+5.00,4762677,537134016,3804
2026-03-05,TPEx,5487,通泰,28.15,28.25,27.75,28.15,-0.05,8697,243967,87
2026-03-05,TPEx,5488,松普,9.78,9.94,9.72,9.87,+0.09,344568,3377743,178
2026-03-05,TPEx,5489,彩富,40.30,40.30,39.90,39.90,-0.10,37345,1494471,32
2026-03-05,TPEx,5490,同亨,26.60,26.65,26.00,26.55,+0.55,442506,11675142,538
2026-03-05,TPEx,5493,三聯,84.20,85.50,83.30,84.50,+2.10,83741,7075043,92
2026-03-05,TPEx,5498,凱崴,62.30,63.00,58.30,59.50,+1.10,7732363,469863459,5784
2026-03-05,TPEx,5508,永信建,53.50,53.90,52.90,53.00,+0.60,328092,17459855,378
2026-03-05,TPEx,5511,德昌,66.00,66.10,65.20,66.00,+0.80,87137,5735097,164
2026-03-05,TPEx,5512,力麒,7.98,8.05,7.98,8.04,+0.12,1162941,9330009,673
2026-03-05,TPEx,5514,三豐,15.95,15.95,15.65,15.80,-0.15,6034,95223,14
2026-03-05,TPEx,5516,雙喜,14.00,14.10,13.95,14.00,+0.30,11035,154333,9
2026-03-05,TPEx,5520,力泰,88.00,88.20,88.00,88.20,+0.60,7383,650601,16
2026-03-05,TPEx,5523,豐謙,30.40,30.50,30.40,30.50,0.00,10084,306695,52
2026-03-05,TPEx,5529,鉅陞,25.90,26.20,25.80,26.10,-0.20,34451,897818,69
2026-03-05,TPEx,5530,龍巖,51.00,51.80,51.00,51.10,+0.40,272881,14023377,236
2026-03-05,TPEx,5536,聖暉*,666.00,692.00,661.00,688.00,+50.00,1178768,796372213,2872
2026-03-05,TPEx,5543,桓鼎-KY,24.85,25.50,24.50,25.50,+1.30,9020,224397,10
2026-03-05,TPEx,5547,久舜,22.20,22.25,22.15,22.25,+0.05,38082,845989,26
2026-03-05,TPEx,5548,安倉,22.60,22.65,22.55,22.60,+0.05,26291,593820,51
2026-03-05,TPEx,5601,台聯櫃,37.40,37.40,37.40,37.40,+0.55,1050,39282,2
2026-03-05,TPEx,5603,陸海,17.95,18.60,17.90,18.00,+0.05,93791,1689475,177
2026-03-05,TPEx,5604,中連,35.15,35.30,35.15,35.15,+0.05,42727,1504769,73
2026-03-05,TPEx,5609,中菲行,78.20,78.80,78.20,78.40,+0.30,155062,12168556,226
2026-03-05,TPEx,5701,劍湖山,3.69,3.80,3.69,3.80,+0.01,14089,53158,121
2026-03-05,TPEx,5703,亞都,14.25,14.25,14.25,14.25,0.00,2600,37048,7
2026-03-05,TPEx,5704,老爺知,21.55,21.80,21.55,21.60,+0.10,22036,477504,39
2026-03-05,TPEx,5864,致和證,25.20,25.20,25.20,25.20,+2.25,3334416,84027245,898
2026-03-05,TPEx,5878,台名,41.15,41.15,41.15,41.15,+0.05,1325,54791,5
2026-03-05,TPEx,5902,德記,40.65,40.65,39.30,39.70,+1.00,5120,203344,15
2026-03-05,TPEx,5903,全家,194.50,195.00,194.00,194.00,-0.50,46140,8959772,384
2026-03-05,TPEx,5904,寶雅,493.00,506.00,493.00,500.00,+10.00,756603,378621620,3867
2026-03-05,TPEx,5905,南仁湖,8.32,8.41,8.23,8.25,+0.02,949619,7869930,824
2026-03-05,TPEx,6015,宏遠證,13.50,13.75,13.35,13.60,+0.70,3463653,47042075,1156
2026-03-05,TPEx,6016,康和證,16.50,16.95,16.45,16.80,+0.75,9098644,152256079,2477
2026-03-05,TPEx,6020,大展證,19.20,19.25,19.20,19.25,+0.15,908001,15903969,9
2026-03-05,TPEx,6021,美好證,32.75,32.95,32.20,32.60,+1.40,326242,10605179,216
2026-03-05,TPEx,6023,元大期,94.70,95.10,94.20,94.50,+0.80,74374,7038778,97
2026-03-05,TPEx,6026,福邦證,13.80,13.90,13.60,13.90,+0.60,1545387,21337846,626
2026-03-05,TPEx,6101,寬魚國際,36.90,37.50,36.50,36.55,0.00,41111,1514595,54
2026-03-05,TPEx,6103,合邦,,,,,,237,7587,6
2026-03-05,TPEx,6104,創惟,94.80,96.80,93.50,94.70,+2.10,995805,94753288,1080
2026-03-05,TPEx,6109,亞元,12.15,12.40,12.15,12.25,+0.10,225917,2763751,307
2026-03-05,TPEx,6111,大宇資,43.15,43.85,42.85,42.95,-0.05,240221,10385548,400
2026-03-05,TPEx,6113,亞矽,21.55,21.55,21.10,21.20,+0.75,219543,4670862,145
2026-03-05,TPEx,6114,久威,30.55,31.05,30.55,30.60,+0.65,8670,265694,28
2026-03-05,TPEx,6118,建達,17.70,18.15,17.70,18.15,+0.70,323949,5817341,182
2026-03-05,TPEx,6121,新普,319.00,323.00,319.00,320.00,+8.00,541241,173893926,771
2026-03-05,TPEx,6122,擎邦,51.00,51.50,50.90,51.10,+1.40,349835,17925874,333
2026-03-05,TPEx,6123,上奇,42.45,42.45,41.85,42.00,-0.15,64577,2716534,111
2026-03-05,TPEx,6124,業強,37.60,40.40,36.05,36.05,-0.80,1220849,47655014,1931
2026-03-05,TPEx,6125,廣運,59.80,60.60,58.90,59.90,+1.70,1903276,114006120,1358
2026-03-05,TPEx,6126,信音,32.35,32.65,31.80,32.45,+1.15,1181442,38059124,1029
2026-03-05,TPEx,6127,九豪,36.95,38.00,36.60,37.15,+1.75,2919523,109146255,2060
2026-03-05,TPEx,6129,普誠,14.35,14.75,14.35,14.70,+0.55,233226,3398818,280
2026-03-05,TPEx,6130,上亞科技,38.75,38.75,37.10,38.15,+1.15,75167,2836191,195
2026-03-05,TPEx,6134,萬旭,34.10,35.50,32.40,32.55,-0.55,6969270,238040349,4691
2026-03-05,TPEx,6138,茂達,221.00,225.00,220.00,223.50,+9.00,322685,71959466,503
2026-03-05,TPEx,6140,訊達,22.00,22.50,21.85,21.90,+0.10,81671,1802384,181
2026-03-05,TPEx,6143,振曜,105.00,108.00,104.00,107.50,+7.00,1448535,153539811,1227
2026-03-05,TPEx,6144,得利影,17.20,17.40,16.65,16.90,+0.20,12005,204886,11
2026-03-05,TPEx,6146,耕興,190.00,202.50,189.50,199.00,+8.00,1185797,235669914,5241
2026-03-05,TPEx,6147,頎邦,52.40,52.80,52.00,52.50,+1.30,2579946,135101362,1742
2026-03-05,TPEx,6148,驊宏資,31.60,32.10,31.40,32.00,+0.90,189805,6040590,206
2026-03-05,TPEx,6150,撼訊,55.50,56.10,54.50,56.00,+2.90,214911,11918461,303
2026-03-05,TPEx,6151,晉倫,29.75,30.05,29.50,29.75,+0.30,73481,2187379,108
2026-03-05,TPEx,6154,順發,13.40,13.45,13.40,13.45,0.00,5529,74347,28
2026-03-05,TPEx,6156,松上,20.30,20.85,20.30,20.80,+0.85,429567,8860473,308
2026-03-05,TPEx,6158,禾昌,20.10,20.55,19.95,20.10,+0.05,76684,1539917,114
2026-03-05,TPEx,6160,欣技,15.95,16.45,15.95,16.15,+0.50,68488,1112944,197
2026-03-05,TPEx,6161,捷波,42.35,42.75,42.10,42.40,+0.50,65222,2763583,191
2026-03-05,TPEx,6163,華電網,53.00,54.00,51.10,51.20,+0.30,2064612,107878334,1628
2026-03-05,TPEx,6167,久正,11.75,12.00,11.70,11.95,+0.35,217301,2582989,340
2026-03-05,TPEx,6169,昱泉,17.50,17.50,17.10,17.40,+0.60,13423,233045,112
2026-03-05,TPEx,6170,統振,47.85,48.05,47.55,47.55,-0.05,264800,12659228,236
2026-03-05,TPEx,6171,大城地產,27.35,27.35,27.30,27.30,+0.05,5004,136812,6
2026-03-05,TPEx,6173,信昌電,65.00,65.90,63.70,64.50,+2.50,1631849,105659492,1501
2026-03-05,TPEx,6174,安碁,22.30,22.50,22.20,22.30,+0.15,75606,1685119,56
2026-03-05,TPEx,6175,立敦,43.95,45.00,43.90,44.50,+2.00,640861,28467665,518
2026-03-05,TPEx,6179,亞通,25.65,25.70,24.75,24.90,0.00,1879683,47171353,1113
2026-03-05,TPEx,6180,橘子,50.80,50.80,50.00,50.40,+0.30,304449,15351060,368
2026-03-05,TPEx,6182,合晶,33.25,34.15,33.00,33.50,+1.25,5773427,194028420,3470
2026-03-05,TPEx,6185,幃翔,14.10,14.20,13.90,13.90,0.00,510522,7133529,531
2026-03-05,TPEx,6186,新潤,40.70,42.05,40.70,42.05,+0.95,412019,17097348,502
2026-03-05,TPEx,6187,萬潤,600.00,604.00,560.00,599.00,+39.00,2600773,1543024438,3997
2026-03-05,TPEx,6188,廣明,95.00,95.80,93.10,94.30,+1.40,1379690,130347807,1485
2026-03-05,TPEx,6190,萬泰科,49.20,50.40,48.20,49.10,+1.45,3096956,152654273,2288
2026-03-05,TPEx,6194,育富,31.50,31.70,31.40,31.40,+0.20,69398,2185693,86
2026-03-05,TPEx,6195,詩肯,25.05,25.60,24.80,25.55,+0.60,98333,2481735,542
2026-03-05,TPEx,6198,瑞築,23.20,23.20,22.60,23.00,0.00,17060,392235,24
2026-03-05,TPEx,6199,天品,95.30,97.00,94.00,94.30,-0.60,185478,17610228,361
2026-03-05,TPEx,6203,海韻電,65.00,67.50,65.00,66.50,+2.30,125982,8378452,127
2026-03-05,TPEx,6204,艾華,64.30,66.40,64.30,64.80,+1.00,88980,5803561,172
2026-03-05,TPEx,6207,雷科,59.00,61.50,56.10,56.30,-1.50,5794773,339262655,4686
2026-03-05,TPEx,6208,日揚,45.85,46.50,45.85,46.05,+0.20,61726,2845612,186
2026-03-05,TPEx,6210,慶生,20.30,20.30,20.25,20.30,+0.05,19017,385540,14
2026-03-05,TPEx,6212,理銘,,,,,,0,0,0
2026-03-05,TPEx,6217,中探針,100.00,101.00,95.10,101.00,+9.00,5723704,569609419,4171
2026-03-05,TPEx,6218,豪勉,22.90,25.05,22.90,24.80,+2.00,616574,15141048,1061
2026-03-05,TPEx,6219,富旺,15.10,15.55,15.10,15.25,+0.30,154718,2358248,124
2026-03-05,TPEx,6220,岳豐,41.40,42.60,39.15,41.35,+1.55,3037630,124046946,2311
2026-03-05,TPEx,6221,晉泰,28.10,28.35,27.95,28.25,+0.70,137033,3858564,151
2026-03-05,TPEx,6222,立軒,19.20,19.35,19.20,19.35,+0.30,32271,621811,16
2026-03-05,TPEx,6223,旺矽,2885.00,2885.00,2790.00,2845.00,+185.00,1117725,3162545330,3736
2026-03-05,TPEx,6227,茂綸,81.80,82.80,81.60,81.90,+1.10,106244,8735105,125
2026-03-05,TPEx,6228,全譜,23.70,24.40,23.70,24.40,+0.55,29000,694350,16
2026-03-05,TPEx,6229,研通,22.45,22.70,22.40,22.60,+0.25,46074,1040253,75
2026-03-05,TPEx,6231,系微,185.50,190.50,185.50,189.00,+9.00,346091,65189018,463
2026-03-05,TPEx,6233,旺玖,26.00,27.00,25.80,26.05,+0.60,333323,8717145,364
2026-03-05,TPEx,6234,高僑,25.50,26.50,25.50,25.65,+0.60,311237,8062091,286
2026-03-05,TPEx,6236,中湛,,,,,,0,0,0
2026-03-05,TPEx,6237,驊訊,37.20,37.90,37.00,37.45,+0.95,247593,9248714,330
2026-03-05,TPEx,6240,松崗,18.45,18.90,18.25,18.50,+0.05,29000,539100,21
2026-03-05,TPEx,6241,易通展,11.95,12.00,11.60,11.70,+0.05,60170,703212,170
2026-03-05,TPEx,6242,立康,37.60,37.65,37.60,37.60,-0.25,3057,115005,7
2026-03-05,TPEx,6244,茂迪,33.40,34.60,31.15,32.40,+0.65,43923342,1451044628,21882
2026-03-05,TPEx,6245,立端,61.80,63.00,61.40,62.80,+2.20,604705,37725056,557
2026-03-05,TPEx,6246,臺龍,13.20,13.40,13.20,13.35,+0.10,59620,792329,170
2026-03-05,TPEx,6248,沛波,19.95,20.10,19.90,20.05,+0.35,119908,2394685,185
2026-03-05,TPEx,6259,百徽,17.85,17.85,17.25,17.50,+0.25,51346,895457,50
2026-03-05,TPEx,6261,久元,72.70,74.70,72.40,73.20,+1.00,542340,39953059,896
2026-03-05,TPEx,6263,普萊德,123.00,124.50,123.00,124.00,+1.00,49089,6098418,91
2026-03-05,TPEx,6264,富裔,7.11,7.11,6.66,6.95,+0.29,41002,277233,29
2026-03-05,TPEx,6265,方土昶,35.90,36.75,35.00,35.35,+1.90,6302990,226971436,3587
2026-03-05,TPEx,6266,泰詠,28.65,29.15,28.50,29.15,+0.90,214589,6181378,304
2026-03-05,TPEx,6270,倍微,23.75,24.25,23.40,23.60,+0.40,357914,8503341,280
2026-03-05,TPEx,6274,台燿,515.00,527.00,503.00,506.00,+15.50,7617186,3903614340,10429
2026-03-05,TPEx,6275,元山,50.00,51.10,49.90,50.50,+1.60,573068,29020790,439
2026-03-05,TPEx,6276,安鈦克,33.50,35.80,33.45,34.95,+2.25,52908,1841195,187
2026-03-05,TPEx,6279,胡連,111.50,114.50,111.50,114.00,+5.00,384106,43321329,424
2026-03-05,TPEx,6284,佳邦,80.10,81.50,79.60,80.00,+2.00,841410,67688084,822
2026-03-05,TPEx,6290,良維,224.50,236.50,222.50,236.00,+21.00,20976615,4857565253,18706
2026-03-05,TPEx,6291,沛亨,284.50,284.50,259.50,271.50,+5.50,1633585,443618299,1831
2026-03-05,TPEx,6292,迅德,40.90,41.50,40.90,41.00,+0.20,71419,2934107,51
2026-03-05,TPEx,6294,智基,40.70,41.80,40.50,41.40,+0.90,28104,1154787,95
2026-03-05,TPEx,6411,晶焱,82.00,82.80,79.70,81.80,+2.80,486774,39447047,513
2026-03-05,TPEx,6417,韋僑,102.50,112.00,102.50,106.50,+3.50,186530,19873392,169
2026-03-05,TPEx,6418,詠昇,31.10,32.95,31.00,32.30,+1.75,122289,3896767,112
2026-03-05,TPEx,6419,京晨科,68.70,70.50,68.70,68.80,+0.90,27642,1919814,175
2026-03-05,TPEx,6423,億而得,92.00,94.30,91.10,92.30,+4.20,416304,38714297,390
2026-03-05,TPEx,6425,易發,72.10,72.10,68.40,69.20,+1.30,282633,19670579,326
2026-03-05,TPEx,6432,今展科,38.00,38.70,36.55,36.70,0.00,491590,18291055,527
2026-03-05,TPEx,6435,大中,150.00,152.00,147.00,147.50,+5.00,1196356,179157187,1205
2026-03-05,TPEx,6441,廣錠,23.00,23.65,20.80,20.90,-0.60,804711,18150265,609
2026-03-05,TPEx,6461,益得,23.20,24.10,22.60,22.65,-0.15,330051,7637246,323
2026-03-05,TPEx,6462,神盾,107.50,108.50,105.00,106.00,+1.50,1137521,121668557,973
2026-03-05,TPEx,6465,威潤,36.15,36.15,36.15,36.15,+3.25,182672,6603575,166
2026-03-05,TPEx,6469,大樹,86.50,87.50,84.90,85.20,-0.50,652620,55943838,1255
2026-03-05,TPEx,6470,宇智,53.70,53.80,53.60,53.70,0.00,256062,13741122,351
2026-03-05,TPEx,6474,華豫寧,35.70,36.40,35.70,36.10,+0.70,66820,2412246,99
2026-03-05,TPEx,6482,弘煜科,33.00,35.70,33.00,34.30,+1.65,36058,1247583,51
2026-03-05,TPEx,6485,點序,82.00,84.00,80.50,83.00,+5.20,461258,38014995,661
2026-03-05,TPEx,6486,互動,87.90,88.40,86.40,86.80,+0.40,807227,70682209,1235
2026-03-05,TPEx,6488,環球晶,472.00,490.00,465.50,470.50,+22.00,6960086,3321891671,9257
2026-03-05,TPEx,6492,生華科,53.70,54.60,52.20,52.50,-0.40,606815,32208666,717
2026-03-05,TPEx,6494,九齊,44.65,46.80,44.60,44.90,+0.80,166947,7554942,358
2026-03-05,TPEx,6496,科懋,26.80,26.80,26.50,26.50,-0.30,3772,100817,59
2026-03-05,TPEx,6498,久禾光,83.80,87.30,83.70,85.20,+1.60,41812,3563184,55
2026-03-05,TPEx,6499,益安,82.30,85.00,81.80,84.00,+5.10,790035,66020817,615
2026-03-05,TPEx,6506,雙邦,16.00,16.00,15.80,15.95,-0.05,22065,350938,18
2026-03-05,TPEx,6508,惠光,26.00,26.35,25.35,26.25,+0.15,208456,5371971,450
2026-03-05,TPEx,6509,聚和,40.45,41.50,39.80,40.40,+0.75,2847054,115319503,1755
2026-03-05,TPEx,6510,精測,3520.00,3680.00,3435.00,3605.00,+235.00,584784,2103546440,2369
2026-03-05,TPEx,6512,啟發電,19.80,19.85,19.65,19.65,+0.25,8342,165270,83
2026-03-05,TPEx,6516,勤崴國際,62.00,63.50,62.00,62.90,+1.40,43421,2719030,63
2026-03-05,TPEx,6517,保勝光學,58.30,59.10,57.40,58.00,+1.00,180172,10497474,296
2026-03-05,TPEx,6523,達爾膚,116.00,117.50,116.00,117.00,+1.00,35661,4161210,63
2026-03-05,TPEx,6527,明達醫,74.50,74.50,74.50,74.50,+1.00,4937,366894,22
2026-03-05,TPEx,6530,創威,78.20,81.90,74.00,76.10,+1.30,6901852,537375044,5750
2026-03-05,TPEx,6532,瑞耘,58.20,59.50,56.50,59.50,+5.40,605838,35319945,1297
2026-03-05,TPEx,6535,順藥,161.00,163.50,159.50,161.00,+3.00,129201,20868345,189
2026-03-05,TPEx,6538,倉和,67.60,69.40,67.00,67.30,+1.70,86371,5855375,206
2026-03-05,TPEx,6542,隆中,51.00,51.50,51.00,51.50,+0.40,75013,3859667,27
2026-03-05,TPEx,6546,正基,87.00,87.60,79.50,82.00,+0.50,3934123,329590689,3453
2026-03-05,TPEx,6547,高端疫苗,36.30,36.60,35.65,35.75,-0.25,1190999,42885014,1055
2026-03-05,TPEx,6548,長科*,44.20,45.80,44.05,45.55,+2.85,3579621,160775137,2444
2026-03-05,TPEx,6556,勝品,66.00,67.00,65.70,67.00,+1.30,4170,275770,6
2026-03-05,TPEx,6560,欣普羅,45.45,46.70,44.20,44.35,+0.15,134266,6056755,386
2026-03-05,TPEx,6561,是方,369.00,369.00,358.50,362.00,+2.00,195059,70926628,402
2026-03-05,TPEx,6568,宏觀,162.00,165.00,156.00,163.50,+8.00,668145,107871469,767
2026-03-05,TPEx,6569,醫揚,95.10,95.10,93.20,93.90,+0.80,30311,2845578,59
2026-03-05,TPEx,6570,維田,38.85,39.00,38.30,39.00,+0.95,107255,4145393,210
2026-03-05,TPEx,6574,霈方,75.80,76.90,75.80,76.90,+1.10,3336,251957,46
2026-03-05,TPEx,6576,逸達,80.20,82.50,80.00,82.50,+2.30,172744,14040937,278
2026-03-05,TPEx,6577,勁豐,75.20,75.50,74.10,74.50,+0.70,25541,1909301,93
2026-03-05,TPEx,6578,達邦蛋白,17.75,17.90,17.30,17.60,0.00,110987,1947396,211
2026-03-05,TPEx,6584,南俊國際,390.00,404.00,383.00,401.00,+33.50,442363,174647595,802
2026-03-05,TPEx,6588,東典光電,91.50,96.20,83.90,85.00,-8.20,1581824,137742367,1190
2026-03-05,TPEx,6590,普鴻,71.80,71.80,70.50,70.50,+0.30,9997,707152,23
2026-03-05,TPEx,6593,台灣銘板,39.85,40.30,39.75,40.10,+0.75,62912,2516691,465
2026-03-05,TPEx,6596,寬宏藝術,146.00,151.00,146.00,150.00,+5.00,1344861,200395118,1247
2026-03-05,TPEx,6597,立誠,60.70,62.80,60.70,62.80,+2.10,2100,129600,3
2026-03-05,TPEx,6603,富強鑫,23.70,24.00,23.30,23.45,+0.40,519033,12232501,322
2026-03-05,TPEx,6609,瀧澤科,36.65,37.10,36.00,36.15,+0.20,175416,6399877,167
2026-03-05,TPEx,6612,奈米醫材,69.00,69.80,68.80,69.30,+1.30,21119,1462171,28
2026-03-05,TPEx,6613,朋億*,186.00,191.50,186.00,190.50,+8.50,209361,39490527,235
2026-03-05,TPEx,6615,慧智,35.15,35.15,34.35,34.55,-0.15,70092,2434400,521
2026-03-05,TPEx,6616,特昇-KY,10.10,10.25,10.05,10.10,+0.05,26002,263020,20
2026-03-05,TPEx,6617,共信-KY,78.40,81.50,78.40,80.00,+2.00,285135,22930161,621
2026-03-05,TPEx,6620,漢達,80.00,80.10,78.50,79.50,0.00,224835,17823453,263
2026-03-05,TPEx,6624,萬年清,61.00,62.40,59.80,59.80,-1.00,64086,3862981,190
2026-03-05,TPEx,6629,泰金-KY,104.00,106.00,102.00,106.00,+5.00,23758,2470025,33
2026-03-05,TPEx,6637,醫影,72.00,73.00,72.00,72.20,+1.00,9737,703182,24
2026-03-05,TPEx,6640,均華,780.00,815.00,780.00,815.00,+74.00,551479,444713850,2727
2026-03-05,TPEx,6642,富致,55.30,57.60,55.30,57.30,+2.00,243324,13828466,776
2026-03-05,TPEx,6643,M31,469.00,471.50,450.50,458.00,+8.00,1275990,588571716,1985
2026-03-05,TPEx,6649,台生材,41.60,41.80,41.10,41.45,-0.95,77118,3194832,75
2026-03-05,TPEx,6651,全宇昕,100.00,101.00,99.90,100.00,+0.60,240854,24125532,437
2026-03-05,TPEx,6654,天正國際,95.90,95.90,92.60,93.20,+2.20,28078,2644313,26
2026-03-05,TPEx,6661,威健生技,18.85,18.85,18.85,18.85,+0.40,1259,23664,7
2026-03-05,TPEx,6662,樂斯科,29.90,29.95,29.30,29.95,-0.10,9114,271266,9
2026-03-05,TPEx,6664,群翊,274.00,281.00,273.50,279.50,+14.50,454482,126218953,737
2026-03-05,TPEx,6667,信紘科,259.00,269.00,257.50,268.00,+16.00,988008,261707690,1137
2026-03-05,TPEx,6679,鈺太,228.00,231.00,221.50,222.50,+6.00,587447,132582603,587
2026-03-05,TPEx,6680,鑫創電子,,,,,,32,2016,1
2026-03-05,TPEx,6683,雍智科技,825.00,825.00,825.00,825.00,+75.00,373765,308356125,485
2026-03-05,TPEx,6684,安格,45.10,46.30,44.65,45.45,+1.30,100474,4568719,310
2026-03-05,TPEx,6690,安碁資訊,164.50,170.00,164.50,167.00,+4.50,49545,8304464,103
2026-03-05,TPEx,6692,進能服,30.85,30.85,30.00,30.35,+0.30,35678,1076548,53
2026-03-05,TPEx,6693,廣閎科,83.10,85.40,83.10,84.50,+2.60,299269,25221612,240
2026-03-05,TPEx,6697,東捷資訊,45.30,45.30,43.50,44.00,+1.20,26337,1163869,25
2026-03-05,TPEx,6703,軒郁,106.00,108.50,106.00,106.50,+2.00,37885,4060326,283
2026-03-05,TPEx,6708,天擎,41.95,41.95,41.95,41.95,+0.60,6000,251700,3
2026-03-05,TPEx,6712,長聖,144.00,147.00,143.00,145.50,+3.50,288197,41836640,424
2026-03-05,TPEx,6716,應廣,92.00,92.00,81.00,83.20,-6.70,419879,35070037,422
2026-03-05,TPEx,6720,久昌,165.50,179.00,165.50,176.00,+6.50,167376,29158774,231
2026-03-05,TPEx,6721,信實,61.90,62.10,61.90,62.00,+0.50,16112,998936,15
2026-03-05,TPEx,6725,矽科宏晟,223.00,233.50,221.50,228.00,+12.50,186288,42267557,290
2026-03-05,TPEx,6727,亞泰金屬,208.00,212.00,199.50,201.50,-1.00,1153241,236490813,1227
2026-03-05,TPEx,6728,上洋,133.00,133.50,132.00,133.00,+1.00,30320,4030159,31
2026-03-05,TPEx,6730,常廣,36.00,36.80,36.00,36.80,0.00,14128,509449,28
2026-03-05,TPEx,6732,昇佳電子,167.00,170.00,166.50,168.00,+3.50,149807,25206048,210
2026-03-05,TPEx,6733,博晟生醫,36.00,36.40,35.45,36.00,+0.55,166150,5970753,114
2026-03-05,TPEx,6735,美達科技,57.70,59.80,57.60,57.60,+0.60,45467,2636208,81
2026-03-05,TPEx,6739,竹陞科技,973.00,984.00,960.00,984.00,+89.00,647265,635252405,1337
2026-03-05,TPEx,6741,91APP*-KY,59.10,61.40,59.10,60.70,+2.10,677517,40982992,415
2026-03-05,TPEx,6751,智聯服務,57.50,57.50,55.10,56.50,+2.30,28449,1607229,27
2026-03-05,TPEx,6752,叡揚,115.50,118.50,115.50,118.50,+5.00,58250,6810550,91
2026-03-05,TPEx,6761,穩得,154.00,163.50,153.00,163.50,+14.50,2724642,438103989,2831
2026-03-05,TPEx,6762,達亞,170.00,170.00,170.00,170.00,0.00,1255,212195,7
2026-03-05,TPEx,6763,綠界科技*,49.95,50.30,49.30,49.80,+0.65,438992,21795540,487
2026-03-05,TPEx,6767,台微醫,30.00,30.00,29.45,29.45,+0.10,14020,416247,10
2026-03-05,TPEx,6785,昱展新藥,177.00,183.50,177.00,183.50,+16.50,128024,23465848,175
2026-03-05,TPEx,6788,華景電,320.00,342.00,318.00,342.00,+31.00,1600635,531334840,2352
2026-03-05,TPEx,6791,虎門科技,101.50,101.50,101.00,101.00,+1.00,29618,3000053,39
2026-03-05,TPEx,6803,崑鼎,296.50,298.00,295.50,296.00,+1.00,32680,9688231,153
2026-03-05,TPEx,6804,明係,16.75,16.75,16.45,16.60,+0.10,27082,449607,24
2026-03-05,TPEx,6811,宏碁資訊,198.00,200.00,197.00,198.00,+4.00,36583,7254410,111
2026-03-05,TPEx,6821,聯寶,36.50,36.80,36.35,36.35,-0.15,39000,1424550,26
2026-03-05,TPEx,6823,濾能,61.00,61.50,60.20,60.50,+0.50,41585,2524644,53
2026-03-05,TPEx,6829,千附精密,108.50,111.00,107.00,108.00,+1.50,230047,25108820,271
2026-03-05,TPEx,6840,東研信超,62.20,62.60,60.00,61.20,+0.20,263289,16148447,208
2026-03-05,TPEx,6841,長佳智能,61.80,61.80,60.90,61.30,+1.30,253254,15504608,237
2026-03-05,TPEx,6843,進典,47.00,47.00,47.00,47.00,0.00,1225,57644,10
2026-03-05,TPEx,6844,諾貝兒,62.00,63.90,62.00,63.90,-0.50,3814,242216,16
2026-03-05,TPEx,6846,綠茵,72.60,72.60,72.60,72.60,+1.10,1001,72672,2
2026-03-05,TPEx,6855,數泓科,107.50,107.50,107.00,107.00,-0.50,20162,2158912,20
2026-03-05,TPEx,6856,鑫傳,53.10,53.10,53.10,53.10,0.00,1000,53100,1
2026-03-05,TPEx,6859,伯特光,116.50,118.50,115.00,118.50,+4.50,76966,8980045,268
2026-03-05,TPEx,6865,偉康科技,36.25,36.25,35.00,35.00,-0.25,10074,355783,15
2026-03-05,TPEx,6870,騰雲,183.00,192.00,183.00,189.00,+9.00,95666,17847546,160
2026-03-05,TPEx,6872,浩宇生醫,19.65,19.65,19.05,19.10,+0.25,11140,215326,13
2026-03-05,TPEx,6874,倍力,71.50,71.90,69.60,71.00,+0.90,65042,4628041,81
2026-03-05,TPEx,6875,國邑*,40.00,40.50,38.80,39.80,+1.00,75210,2988926,72
2026-03-05,TPEx,6877,鏵友益,117.00,124.50,108.00,112.50,-1.50,2751034,316777524,2722
2026-03-05,TPEx,6881,潤德,225.00,226.00,225.00,225.00,+0.50,10017,2257359,11
2026-03-05,TPEx,6884,海柏特,35.40,36.45,34.75,35.05,-0.35,32220,1127973,21
2026-03-05,TPEx,6894,衛司特,307.50,315.00,279.50,289.50,-4.00,479729,141565792,931
2026-03-05,TPEx,6895,宏碩系統,162.50,167.00,162.50,165.50,+7.00,85130,14076254,139
2026-03-05,TPEx,6899,創為精密,51.00,51.10,50.80,50.80,0.00,28320,1442050,98
2026-03-05,TPEx,6903,巨漢,272.50,286.50,269.00,286.50,+26.00,1369704,384873380,1842
2026-03-05,TPEx,6904,伯鑫,120.50,124.50,118.50,124.00,-0.50,7002,850245,9
2026-03-05,TPEx,6907,雅特力-KY,100.00,102.50,83.90,94.00,+0.80,1275053,122389416,1078
2026-03-05,TPEx,6910,德鴻,31.40,31.55,31.10,31.25,+0.45,89074,2803082,56
2026-03-05,TPEx,6913,鴻呈,117.00,118.00,115.00,117.00,+5.00,182403,21285411,158
2026-03-05,TPEx,6922,宸曜,158.50,159.00,156.00,159.00,+6.00,33869,5341455,70
2026-03-05,TPEx,6925,意藍,71.30,75.00,71.30,72.20,+0.90,108119,7900649,91
2026-03-05,TPEx,6929,佑全,32.30,32.30,30.10,31.80,+0.50,4007,124606,5
2026-03-05,TPEx,6953,家碩,224.00,226.00,220.50,225.50,+12.00,78760,17569956,107
2026-03-05,TPEx,6961,旅天下,54.10,54.20,54.00,54.00,+1.50,36128,1952747,42
2026-03-05,TPEx,6967,汎瑋材料,65.70,72.10,65.70,69.20,+3.60,82073,5697733,78
2026-03-05,TPEx,6968,萬達寵物,48.00,48.00,46.30,47.75,+1.15,47982,2240954,60
2026-03-05,TPEx,6971,惠民實業,30.05,30.40,30.00,30.00,+0.10,19396,583210,22
2026-03-05,TPEx,6982,大井泵浦,58.40,58.40,55.00,56.80,+1.90,67903,3799374,81
2026-03-05,TPEx,6996,力領科技,169.00,169.00,165.50,168.00,+9.50,142502,23913330,219
2026-03-05,TPEx,6997,博弘,,,,,,0,0,0
2026-03-05,TPEx,7402,邑錡,131.00,135.00,129.00,129.50,+1.50,519652,68154738,660
2026-03-05,TPEx,7547,碩網,51.20,51.50,50.50,51.50,+1.00,25869,1318165,48
2026-03-05,TPEx,7556,意德士,171.00,175.50,171.00,173.00,+5.00,41167,7141850,73
2026-03-05,TPEx,7584,樂意,38.00,38.60,35.90,37.50,-0.80,50000,1857000,41
2026-03-05,TPEx,7642,昶瑞機電,75.00,77.20,75.00,75.50,+1.10,20116,1520760,30
2026-03-05,TPEx,7703,銳澤,206.50,206.50,201.00,205.00,+9.50,54941,11204779,88
2026-03-05,TPEx,7704,明遠精密,44.10,44.50,43.85,44.10,+0.35,73425,3251843,25
2026-03-05,TPEx,7708,全家餐飲,93.70,93.70,92.70,92.80,-1.10,35063,3265179,64
2026-03-05,TPEx,7709,榮田,55.00,56.10,54.00,54.20,+0.70,172655,9431101,149
2026-03-05,TPEx,7712,博盛半導體,96.50,101.00,95.50,95.50,+1.30,556615,54491774,528
2026-03-05,TPEx,7713,威力德生醫,71.00,71.00,71.00,71.00,+1.70,1238,87666,11
2026-03-05,TPEx,7714,創泓科技,142.00,144.00,139.00,140.50,+4.50,88092,12441623,95
2026-03-05,TPEx,7715,裕山,32.90,32.90,30.90,31.45,+0.35,36000,1131500,36
2026-03-05,TPEx,7716,昱臺國際,25.35,25.55,25.35,25.55,+0.20,3000,76250,3
2026-03-05,TPEx,7717,萊德光電-KY,745.00,775.00,647.00,647.00,-71.00,255196,174760403,1040
2026-03-05,TPEx,7718,友鋮,45.25,45.25,44.30,45.25,+0.35,42104,1885943,25
2026-03-05,TPEx,7723,築間,30.35,30.90,30.35,30.90,+0.60,40057,1232093,36
2026-03-05,TPEx,7728,光焱科技,860.00,879.00,740.00,762.00,-44.00,513281,410189453,1254
2026-03-05,TPEx,7734,印能科技,1720.00,1740.00,1640.00,1640.00,+25.00,342601,577007740,1337
2026-03-05,TPEx,7738,東聯互動,173.00,174.00,170.00,171.00,-2.00,21889,3771431,195
2026-03-05,TPEx,7743,金利食安,20.05,20.10,20.00,20.10,+0.10,22320,446632,6
2026-03-05,TPEx,7744,崴寶,440.50,459.00,410.00,459.00,+30.00,99845,43181232,229
2026-03-05,TPEx,7747,昕奇雲端,118.00,118.00,118.00,118.00,0.00,1145,135086,74
2026-03-05,TPEx,7751,竑騰,1160.00,1215.00,1120.00,1215.00,+110.00,215379,254578575,867
2026-03-05,TPEx,7753,星亞,43.60,43.60,41.20,41.20,0.00,26214,1093195,35
2026-03-05,TPEx,7757,金色三麥,108.50,108.50,108.00,108.00,+0.50,21543,2332327,49
2026-03-05,TPEx,7767,仁大資訊,46.20,48.60,45.80,46.60,+0.95,31548,1471797,74
2026-03-05,TPEx,7770,君曜,47.25,49.10,47.25,48.75,+1.60,41638,2020919,43
2026-03-05,TPEx,7777,能率亞洲,29.10,30.40,28.35,28.85,+0.60,1127524,32829937,792
2026-03-05,TPEx,7782,光速火箭,28.05,28.05,27.20,27.20,-0.75,7002,194504,7
2026-03-05,TPEx,7792,安葆,346.50,362.50,346.50,360.50,+19.00,928180,332712035,597
2026-03-05,TPEx,7805,威聯通,601.00,601.00,578.00,586.00,+10.00,69982,41228471,335
2026-03-05,TPEx,7810,捷創科技,194.50,197.00,188.50,189.00,+7.00,121521,23366363,189
2026-03-05,TPEx,8024,佑華,12.70,13.05,12.45,12.65,+0.20,24266,309235,50
2026-03-05,TPEx,8027,鈦昇,94.30,96.30,93.30,96.20,+5.40,1879901,178879747,1624
2026-03-05,TPEx,8032,光菱,35.60,38.00,35.60,36.35,+0.95,61837,2259003,95
2026-03-05,TPEx,8034,榮群,27.85,28.60,27.05,27.15,+0.15,1600436,44375269,1108
2026-03-05,TPEx,8038,長園科,41.00,42.95,41.00,41.75,+1.20,499340,20877244,553
2026-03-05,TPEx,8040,九暘,50.90,51.00,49.40,49.75,0.00,153355,7678686,300
2026-03-05,TPEx,8042,金山電,54.00,55.60,53.10,54.90,+3.00,1054635,57441754,938
2026-03-05,TPEx,8043,蜜望實,70.70,73.00,68.10,69.30,+1.80,1692198,118885639,1655
2026-03-05,TPEx,8044,網家,26.00,26.45,25.70,26.35,+0.70,587821,15323552,394
2026-03-05,TPEx,8047,星雲,46.70,46.70,45.35,46.20,+0.20,1333820,61614992,45
2026-03-05,TPEx,8048,德勝,68.20,71.00,63.60,63.80,-1.50,2541193,170335108,2319
2026-03-05,TPEx,8049,晶采,25.75,25.80,25.40,25.55,+0.05,155493,3972354,196
2026-03-05,TPEx,8050,廣積,40.80,41.30,40.65,41.20,+0.80,276637,11361325,275
2026-03-05,TPEx,8054,安國,110.00,111.50,105.50,106.50,-0.50,3111403,335840817,2572
2026-03-05,TPEx,8059,凱碩,17.50,18.10,17.50,17.55,+0.10,378544,6707343,237
2026-03-05,TPEx,8064,東捷,45.40,48.30,45.40,48.30,+4.35,3196170,151136068,3612
2026-03-05,TPEx,8066,來思達,20.00,20.00,19.90,19.95,+0.05,28077,560398,95
2026-03-05,TPEx,8067,志旭,15.55,15.55,14.30,14.55,-0.30,4267,63276,18
2026-03-05,TPEx,8068,全達,22.05,22.05,21.30,21.65,+0.55,219578,4761486,157
2026-03-05,TPEx,8069,元太,160.00,168.00,158.50,166.00,+12.50,14127244,2332081936,13127
2026-03-05,TPEx,8071,能率網通,16.30,17.50,16.25,17.50,+1.55,508333,8685683,477
2026-03-05,TPEx,8074,鉅橡,64.90,65.90,62.10,63.00,+1.20,3092716,198185875,2457
2026-03-05,TPEx,8076,伍豐,22.45,22.65,22.20,22.50,+0.40,479498,10783004,551
2026-03-05,TPEx,8077,洛碁,,,,,,0,0,0
2026-03-05,TPEx,8080,泰霖,30.10,31.30,30.10,30.95,+0.95,27422,846504,63
2026-03-05,TPEx,8083,瑞穎,171.50,172.00,169.50,172.00,+3.00,81504,13911245,90
2026-03-05,TPEx,8084,巨虹,54.80,54.80,53.60,53.60,-0.40,84001,4542054,62
2026-03-05,TPEx,8085,福華,17.20,17.55,16.90,17.05,+0.10,435844,7477602,376
2026-03-05,TPEx,8086,宏捷科,132.50,138.00,123.50,125.00,-1.50,14263376,1859957293,10632
2026-03-05,TPEx,8087,麗升能源,37.75,39.50,36.35,37.30,+0.25,119376,4540026,293
2026-03-05,TPEx,8088,品安,48.30,49.80,47.55,47.90,+1.80,1993936,96615643,1746
2026-03-05,TPEx,8089,康全電訊,24.60,26.60,24.60,25.95,+1.75,749759,19510004,980
2026-03-05,TPEx,8091,翔名,131.50,136.50,131.50,136.50,+9.00,301991,40550487,331
2026-03-05,TPEx,8092,建暐,13.50,13.50,13.15,13.30,+0.15,114336,1513128,130
2026-03-05,TPEx,8093,保銳,19.00,19.05,18.95,18.95,-0.20,45025,854345,26
2026-03-05,TPEx,8096,擎亞,65.30,67.10,61.70,63.30,+2.30,8637061,558945243,5663
2026-03-05,TPEx,8097,常珵,54.00,54.50,53.80,53.80,+0.30,87284,4711256,101
2026-03-05,TPEx,8099,大世科,62.50,64.80,60.00,63.50,+3.00,190037,11778472,315
2026-03-05,TPEx,8102,傑霖科技,50.50,50.50,50.00,50.00,0.00,7201,361150,11
2026-03-05,TPEx,8107,大億金茂,14.10,14.25,13.60,13.60,-0.05,248275,3412776,299
2026-03-05,TPEx,8109,博大,105.50,106.00,104.00,105.00,+1.00,172608,18088425,142
2026-03-05,TPEx,8111,立碁,68.60,70.50,65.10,66.70,+0.50,3921700,266615170,3111
2026-03-05,TPEx,8121,越峰,25.35,26.10,25.25,25.55,+0.55,353960,9075139,247
2026-03-05,TPEx,8147,正淩,127.50,130.50,127.00,128.50,+4.00,332820,42925324,1016
2026-03-05,TPEx,8155,博智,188.50,190.50,185.00,187.50,+7.00,1022431,192211593,1176
2026-03-05,TPEx,8171,天宇,26.15,26.80,26.15,26.40,+0.70,104919,2767724,203
2026-03-05,TPEx,8176,智捷,10.95,11.10,10.75,10.85,+0.20,122341,1335321,185
2026-03-05,TPEx,8182,加高,27.10,27.50,26.90,26.90,+0.25,60670,1647394,63
2026-03-05,TPEx,8183,精星,37.25,37.95,36.55,36.85,+0.95,634500,23596842,535
2026-03-05,TPEx,8227,巨有科技,132.50,133.00,128.00,129.50,+2.00,414762,53982398,627
2026-03-05,TPEx,8234,新漢,64.50,65.90,63.50,64.70,+1.20,605003,39170015,563
2026-03-05,TPEx,8240,華宏,38.70,39.35,38.65,39.05,+1.20,235998,9209363,258
2026-03-05,TPEx,8255,朋程,122.00,124.00,121.50,122.00,+3.50,239537,29367766,272
2026-03-05,TPEx,8272,全景軟體,75.00,77.50,75.00,75.90,+0.90,12290,927170,12
2026-03-05,TPEx,8277,商丞,9.28,9.28,8.83,8.98,+0.18,217646,1951285,179
2026-03-05,TPEx,8279,生展,114.00,117.00,113.50,113.50,+1.00,42220,4854141,58
2026-03-05,TPEx,8284,三竹,61.90,62.00,61.60,62.00,+0.30,23040,1425069,19
2026-03-05,TPEx,8289,泰藝,38.05,39.60,35.55,36.50,+0.05,1151478,43192656,1057
2026-03-05,TPEx,8291,尚茂,15.00,15.00,15.00,15.00,0.00,6320,94407,9
2026-03-05,TPEx,8299,群聯,1860.00,1865.00,1775.00,1800.00,+95.00,5498158,10012072555,14788
2026-03-05,TPEx,8342,益張,84.20,84.20,84.20,84.20,+0.20,1100,92614,3
2026-03-05,TPEx,8349,恒耀,38.55,39.75,38.55,39.45,+0.50,169393,6690465,97
2026-03-05,TPEx,8349A,恒耀甲特,46.00,46.00,45.95,45.95,+0.05,7000,321700,4
2026-03-05,TPEx,8354,冠好,15.00,15.10,15.00,15.10,+0.05,13850,208710,79
2026-03-05,TPEx,8358,金居,273.50,278.50,250.00,253.50,-8.50,39503482,10373236279,37631
2026-03-05,TPEx,8383,千附,40.60,40.65,40.25,40.60,+0.70,174944,7077045,269
2026-03-05,TPEx,8390,金益鼎,95.50,99.40,94.70,98.10,+4.90,1374865,133084880,1410
2026-03-05,TPEx,8401,白紗科,28.60,29.10,28.60,28.75,+0.20,71770,2065231,84
2026-03-05,TPEx,8403,盛弘,23.05,23.25,23.00,23.15,+0.20,157615,3631942,253
2026-03-05,TPEx,8409,商之器,21.10,21.10,20.30,20.70,+0.40,16162,331616,126
2026-03-05,TPEx,8410,森田,37.20,37.20,35.90,36.00,0.00,23000,831300,19
2026-03-05,TPEx,8415,大國鋼,33.80,33.95,33.70,33.90,+0.10,197661,6682943,146
2026-03-05,TPEx,8416,實威,168.00,169.00,168.00,169.00,+2.50,4653,783470,21
2026-03-05,TPEx,8421,旭源,13.30,13.80,13.30,13.40,+0.30,63752,857736,67
2026-03-05,TPEx,8423,保綠-KY,18.50,18.50,18.25,18.35,-0.15,12745,235383,42
2026-03-05,TPEx,8424,惠普,76.00,76.00,75.70,75.90,+0.30,21138,1605578,69
2026-03-05,TPEx,8426,紅木-KY,26.60,27.10,26.50,26.50,-0.15,17514,468047,30
2026-03-05,TPEx,8431,匯鑽科,68.10,68.80,63.90,64.20,-1.40,2604527,171065292,2062
2026-03-05,TPEx,8432,東生華,52.60,52.70,51.50,51.90,-1.40,172485,8943948,161
2026-03-05,TPEx,8433,弘帆,56.00,56.30,54.90,55.00,-0.40,27652,1528072,35
2026-03-05,TPEx,8435,鉅邁,57.50,58.90,57.00,57.30,+0.80,31298,1800164,80
2026-03-05,TPEx,8436,大江,125.00,128.00,124.50,125.50,+2.50,535986,67652031,605
2026-03-05,TPEx,8437,大地-KY,14.55,14.65,14.40,14.60,+0.05,85384,1239854,239
2026-03-05,TPEx,8440,綠電,24.80,25.25,24.50,24.80,+0.60,83295,2065063,268
2026-03-05,TPEx,8444,綠河-KY,9.12,9.12,9.09,9.10,-0.07,20274,184709,22
2026-03-05,TPEx,8446,華研,94.10,95.10,94.00,95.10,+0.90,72773,6901879,73
2026-03-05,TPEx,8450,霹靂,17.15,17.15,16.70,17.00,+0.25,29608,499963,76
2026-03-05,TPEx,8455,大拓-KY,22.05,22.80,21.30,22.00,+0.65,8000,173350,5
2026-03-05,TPEx,8472,夠麻吉,60.00,61.60,57.80,61.00,+5.00,55095,3337946,49
2026-03-05,TPEx,8477,創業家,12.85,12.90,12.55,12.90,+0.05,38083,485058,33
2026-03-05,TPEx,8489,三貝德,26.80,27.30,23.25,23.30,-2.50,2110195,50449994,2973
2026-03-05,TPEx,8905,裕國,37.05,37.10,36.60,37.10,+0.05,94751,3485712,157
2026-03-05,TPEx,8906,花王,32.00,32.75,31.70,31.90,+0.25,33488,1070503,33
2026-03-05,TPEx,8908,欣雄,45.10,47.20,42.95,47.00,+2.80,1707737,77412610,1233
2026-03-05,TPEx,8916,光隆,46.75,47.10,46.75,47.05,+0.30,73678,3458167,154
2026-03-05,TPEx,8917,欣泰,64.80,66.80,57.20,57.30,-3.50,551658,34637424,493
2026-03-05,TPEx,8921,沈氏,18.20,18.20,17.40,17.85,-0.30,32000,561650,15
2026-03-05,TPEx,8923,時報,,,,,,6,108,6
2026-03-05,TPEx,8924,大田,68.20,70.20,68.20,69.90,+1.90,192170,13416027,124
2026-03-05,TPEx,8927,北基,24.65,25.15,23.90,24.50,+0.15,431212,10523084,450
2026-03-05,TPEx,8928,鉅明,24.60,24.60,24.35,24.60,+0.25,20204,494226,18
2026-03-05,TPEx,8929,富堡,16.40,16.50,16.25,16.40,+0.30,41087,673550,213
2026-03-05,TPEx,8930,青鋼,31.00,31.10,30.40,30.85,+0.50,74278,2281824,64
2026-03-05,TPEx,8931,大汽電,47.50,48.35,47.00,47.85,+0.35,74434,3534521,105
2026-03-05,TPEx,8933,愛地雅,6.66,6.71,6.48,6.64,+0.11,323503,2134415,241
2026-03-05,TPEx,8935,邦泰,20.05,21.05,20.00,20.60,+0.75,456139,9294269,335
2026-03-05,TPEx,8936,國統,51.70,51.80,50.80,51.70,+1.20,1411940,72459963,877
2026-03-05,TPEx,8937,合騏,149.50,149.50,146.50,149.50,+1.00,57804,8571632,66
2026-03-05,TPEx,8938,明安,68.90,69.50,68.40,69.00,+1.50,288586,19916546,613
2026-03-05,TPEx,8941,關中,45.50,45.50,45.50,45.50,-0.45,9018,410317,11
2026-03-05,TPEx,8942,森鉅,35.75,36.60,35.65,36.00,+0.50,283864,10213499,204
2026-03-05,TPEx,9949,琉園,26.40,28.10,26.40,27.70,+1.60,56004,1533018,135
2026-03-05,TPEx,9950,萬國通,10.45,10.65,10.45,10.65,+0.20,42001,445060,21
2026-03-05,TPEx,9951,皇田,54.20,54.20,53.60,54.00,+0.60,57508,3096816,83
2026-03-05,TPEx,9960,邁達康,22.60,22.60,22.15,22.35,+0.15,6149,137779,18
2026-03-05,TPEx,9962,有益,11.60,11.60,11.20,11.45,0.00,48440,551256,84
