date,market,code,name,open,high,low,close,change,volume,value,transactions
2024-07-05,TWSE,0050,元大台灣50,192.60,192.85,191.55,191.80,-0.70,10250583,1969313776,14725
2024-07-05,TWSE,0051,元大中型100,85.65,85.65,85.35,85.55,0.30,50538,4323510,270
2024-07-05,TWSE,0052,富邦科技,191.40,191.40,189.70,189.80,-0.90,957307,182008989,1526
2024-07-05,TWSE,0053,元大電子,104.45,104.50,104.45,104.50,0.30,11107,1160069,140
2024-07-05,TWSE,0055,元大MSCI金融,28.64,28.76,28.63,28.70,0.12,206100,5910751,293
2024-07-05,TWSE,0056,元大高股息,41.90,42.01,41.85,41.94,0.06,36938826,1548516180,23097
2024-07-05,TWSE,0057,富邦摩台,141.25,141.25,140.80,141.05,-0.20,24317,3427109,93
2024-07-05,TWSE,0061,元大寶滬深,16.82,16.86,16.66,16.66,-0.21,376929,6297952,246
2024-07-05,TWSE,006203,元大MSCI台灣,90.60,90.60,90.50,90.50,0.10,4934,446414,98
2024-07-05,TWSE,006204,永豐臺灣加權,117.95,117.95,117.40,117.40,0.15,5160,606132,110
2024-07-05,TWSE,006205,富邦上証,29.33,29.33,28.82,28.93,-0.40,676249,19624049,310
2024-07-05,TWSE,006206,元大上證50,28.03,28.03,27.51,27.76,-0.29,140999,3901283,163
2024-07-05,TWSE,006207,復華滬深,21.90,21.90,21.50,21.60,-0.30,247452,5351199,63
2024-07-05,TWSE,006208,富邦台50,112.70,112.95,112.30,112.40,-0.25,7898140,888898144,14189
2024-07-05,TWSE,00625K,富邦上証+R,,,,,0.00,0,0,0
2024-07-05,TWSE,00631L,元大台灣50正2,265.15,265.90,263.00,263.20,-1.50,2752178,727842855,4858
2024-07-05,TWSE,00632R,元大台灣50反1,3.31,3.32,3.30,3.31,0.00,102158423,338010503,3325
2024-07-05,TWSE,00633L,富邦上証正2,33.50,33.70,32.25,32.37,-1.21,11610615,379565275,2827
2024-07-05,TWSE,00634R,富邦上証反1,4.67,4.76,4.67,4.74,0.07,520310,2460554,36
2024-07-05,TWSE,00635U,期元大S&P黃金,27.78,27.81,27.73,27.80,0.05,341774,9492329,127
2024-07-05,TWSE,00636,國泰中國A50,20.53,20.53,20.08,20.15,-0.40,4294918,86736793,804
2024-07-05,TWSE,00636K,國泰中國A50+U,6.22,6.22,6.22,6.22,-0.11,200,1244,2
2024-07-05,TWSE,00637L,元大滬深300正2,13.47,13.53,12.96,12.98,-0.50,125848361,1650435860,13216
2024-07-05,TWSE,00638R,元大滬深300反1,9.76,9.93,9.74,9.92,0.15,479250,4725890,81
2024-07-05,TWSE,00639,富邦深100,10.03,10.03,9.88,9.94,-0.12,1613329,16033256,417
2024-07-05,TWSE,00640L,富邦日本正2,63.60,63.85,63.00,63.10,-0.70,656900,41647288,321
2024-07-05,TWSE,00641R,富邦日本反1,6.12,6.14,6.10,6.13,0.02,379343,2322455,73
2024-07-05,TWSE,00642U,期元大S&P石油,18.97,18.98,18.88,18.90,0.07,1957216,37061278,393
2024-07-05,TWSE,00643,群益深証中小,11.14,11.14,10.93,11.02,-0.14,1404691,15493189,265
2024-07-05,TWSE,00643K,群益深証中小+R,,,,,0.00,0,0,0
2024-07-05,TWSE,00645,富邦日本,40.10,40.12,39.83,39.85,-0.19,1463188,58489856,548
2024-07-05,TWSE,00646,元大S&P500,56.20,56.25,56.00,56.20,-0.10,4075281,228847677,1725
2024-07-05,TWSE,00647L,元大S&P500正2,91.40,91.50,91.30,91.50,0.05,204499,18692957,59
2024-07-05,TWSE,00648R,元大S&P500反1,5.47,5.48,5.47,5.48,0.01,123250,674709,23
2024-07-05,TWSE,00650L,復華香港正2,10.39,10.43,10.10,10.10,-0.17,23994220,245448366,1789
2024-07-05,TWSE,00651R,復華香港反1,8.74,8.81,8.68,8.81,0.07,526800,4610732,83
2024-07-05,TWSE,00652,富邦印度,39.94,39.94,39.61,39.67,-0.29,492124,19549049,468
2024-07-05,TWSE,00653L,富邦印度正2,64.90,65.00,64.25,64.70,-0.40,186115,12031804,161
2024-07-05,TWSE,00654R,富邦印度反1,6.36,6.38,6.36,6.37,0.03,37000,235700,12
2024-07-05,TWSE,00655L,國泰中國A50正2,22.81,22.96,21.94,22.05,-0.79,6056827,134815505,1256
2024-07-05,TWSE,00656R,國泰中國A50反1,8.75,8.92,8.75,8.91,0.18,456009,4036310,58
2024-07-05,TWSE,00657,國泰日經225,47.83,47.98,47.70,47.83,0.00,46387,2219477,99
2024-07-05,TWSE,00657K,國泰日經225+U,14.71,14.71,14.71,14.71,0.04,200,2942,2
2024-07-05,TWSE,00660,元大歐洲50,36.05,36.20,36.05,36.15,0.28,17052,615701,99
2024-07-05,TWSE,00661,元大日經225,52.35,52.50,52.15,52.20,-0.10,731935,38295899,254
2024-07-05,TWSE,00662,富邦NASDAQ,84.45,84.55,84.25,84.40,-0.25,2819060,237989348,1498
2024-07-05,TWSE,00663L,國泰臺灣加權正2,241.10,241.45,241.10,241.25,0.45,13019,3140296,12
2024-07-05,TWSE,00664R,國泰臺灣加權反1,3.76,3.77,3.75,3.76,0.01,5321264,19982307,233
2024-07-05,TWSE,00665L,富邦恒生國企正2,7.03,7.10,6.83,6.85,-0.12,50653448,351666599,3304
2024-07-05,TWSE,00666R,富邦恒生國企反1,14.41,14.63,14.35,14.63,0.11,100000,1443230,35
2024-07-05,TWSE,00668,國泰美國道瓊,46.46,46.46,46.32,46.38,-0.08,40420,1875320,92
2024-07-05,TWSE,00668K,國泰美國道瓊+U,14.30,14.30,14.30,14.30,0.03,200,2860,2
2024-07-05,TWSE,00669R,國泰美國道瓊反1,7.15,7.16,7.14,7.15,-0.02,2227020,15913413,79
2024-07-05,TWSE,00670L,富邦NASDAQ正2,132.65,132.95,132.55,132.95,0.30,516461,68527720,363
2024-07-05,TWSE,00671R,富邦NASDAQ反1,3.68,3.68,3.67,3.68,0.00,2528698,9289920,120
2024-07-05,TWSE,00673R,期元大S&P原油反1,6.91,6.93,6.90,6.93,-0.03,25881724,178858851,1564
2024-07-05,TWSE,00674R,期元大S&P黃金反1,10.59,10.59,10.55,10.57,-0.02,707005,7472092,142
2024-07-05,TWSE,00675L,富邦臺灣加權正2,106.20,106.40,105.25,105.35,-0.55,2184816,231205245,2735
2024-07-05,TWSE,00676R,富邦臺灣加權反1,2.08,2.10,2.08,2.09,0.01,4360000,9107190,145
2024-07-05,TWSE,00678,群益那斯達克生技,28.76,28.77,28.70,28.77,-0.06,279357,8024215,48
2024-07-05,TWSE,00680L,元大美債20正2,8.45,8.47,8.43,8.46,0.02,26237344,221652428,2279
2024-07-05,TWSE,00681R,元大美債20反1,20.54,20.56,20.53,20.56,-0.04,179000,3675380,11
2024-07-05,TWSE,00682U,期元大美元指數,21.27,21.27,21.25,21.25,-0.06,9010,191552,7
2024-07-05,TWSE,00683L,期元大美元指正2,23.08,23.08,23.01,23.01,-0.15,93000,2142470,23
2024-07-05,TWSE,00684R,期元大美元指反1,15.30,15.30,15.30,15.30,0.00,5000,76500,3
2024-07-05,TWSE,00685L,群益臺灣加權正2,94.50,94.70,93.65,93.75,-0.55,387662,36512533,303
2024-07-05,TWSE,00686R,群益臺灣加權反1,2.24,2.25,2.23,2.24,-0.01,367153,823660,32
2024-07-05,TWSE,00688L,國泰20年美債正2,8.39,8.43,8.38,8.43,0.04,15295132,128551244,1078
2024-07-05,TWSE,00689R,國泰20年美債反1,21.29,21.29,21.29,21.29,-0.05,1000,21290,1
2024-07-05,TWSE,00690,兆豐藍籌30,36.42,36.45,36.27,36.32,-0.10,582809,21179998,402
2024-07-05,TWSE,00692,富邦公司治理,45.44,45.60,45.31,45.31,-0.12,2377372,107978876,1986
2024-07-05,TWSE,00693U,期街口S&P黃豆,23.05,23.06,22.98,23.06,0.05,130250,2998336,55
2024-07-05,TWSE,00700,富邦恒生國企,13.05,13.11,12.83,12.85,-0.16,340518,4407710,137
2024-07-05,TWSE,00701,國泰股利精選30,29.24,29.35,29.23,29.25,0.05,485119,14207891,527
2024-07-05,TWSE,00702,國泰標普低波高息,23.34,23.34,23.14,23.28,-0.02,167278,3888686,110
2024-07-05,TWSE,00703,台新MSCI中國,15.55,15.55,15.34,15.35,-0.21,58228,898117,13
2024-07-05,TWSE,00706L,期元大S&P日圓正2,5.75,5.80,5.75,5.79,0.06,3550483,20510562,534
2024-07-05,TWSE,00707R,期元大S&P日圓反1,,,,,0.00,0,0,0
2024-07-05,TWSE,00708L,期元大S&P黃金正2,34.00,34.13,33.93,34.13,0.22,1037842,35338937,193
2024-07-05,TWSE,00709,富邦歐洲,30.00,30.22,30.00,30.22,0.27,64550,1943264,121
2024-07-05,TWSE,00710B,復華彭博非投等債,19.45,19.45,19.42,19.44,-0.04,287040,5578520,76
2024-07-05,TWSE,00711B,復華彭博新興債,16.36,16.37,16.35,16.37,-0.04,160251,2620624,74
2024-07-05,TWSE,00712,復華富時不動產,9.54,9.55,9.52,9.53,-0.01,11430583,108870419,4277
2024-07-05,TWSE,00713,元大台灣高息低波,59.15,59.40,59.05,59.20,0.20,9407043,557305506,6931
2024-07-05,TWSE,00714,群益道瓊美國地產,19.62,19.62,19.56,19.59,-0.05,473354,9268379,96
2024-07-05,TWSE,00715L,期街口布蘭特正2,18.21,18.21,17.99,18.02,0.08,7456732,135019586,761
2024-07-05,TWSE,00717,富邦美國特別股,16.07,16.07,16.03,16.05,-0.03,179391,2877774,101
2024-07-05,TWSE,00728,第一金工業30,33.50,33.61,33.49,33.52,0.07,660028,22137614,267
2024-07-05,TWSE,00730,富邦臺灣優質高息,23.61,23.70,23.51,23.52,-0.05,158117,3724408,198
2024-07-05,TWSE,00731,復華富時高息低波,79.20,79.35,79.00,79.20,0.25,779396,61705110,406
2024-07-05,TWSE,00733,富邦臺灣中小,60.85,61.15,60.85,61.00,0.30,2474566,151060308,1704
2024-07-05,TWSE,00735,國泰臺韓科技,39.83,44.18,39.81,43.95,4.49,3954627,163864477,1967
2024-07-05,TWSE,00736,國泰新興市場,23.17,23.17,23.07,23.07,-0.10,121115,2800273,8
2024-07-05,TWSE,00737,國泰AI機器人,30.63,30.63,30.59,30.60,-0.03,61361,1877784,111
2024-07-05,TWSE,00738U,期元大道瓊白銀,27.92,27.98,27.80,27.96,0.17,704835,19671770,183
2024-07-05,TWSE,00739,元大MSCI A股,20.31,20.31,20.07,20.15,-0.29,89032,1793284,95
2024-07-05,TWSE,00752,中信中國50,18.71,18.80,18.50,18.52,-0.19,3175720,59000216,952
2024-07-05,TWSE,00753L,中信中國50正2,7.99,7.99,7.76,7.77,-0.09,14143036,111238717,1757
2024-07-05,TWSE,00757,統一FANG+,93.85,94.10,93.60,94.10,0.20,4260675,399699573,3880
2024-07-05,TWSE,00762,元大全球AI,64.70,64.75,64.50,64.55,-0.15,247486,15972221,501
2024-07-05,TWSE,00763U,期街口道瓊銅,27.98,28.09,27.98,28.08,0.27,861110,24134572,164
2024-07-05,TWSE,00770,國泰北美科技,48.55,48.58,48.37,48.46,-0.05,931299,45102310,492
2024-07-05,TWSE,00771,元大US高息特別股,17.55,17.55,17.46,17.53,-0.01,138577,2423985,38
2024-07-05,TWSE,00775B,台新投等債15+,34.39,34.45,34.39,34.45,-0.03,806000,27734430,14
2024-07-05,TWSE,00783,富邦中証500,16.75,16.75,16.60,16.67,-0.16,162339,2700466,27
2024-07-05,TWSE,00830,國泰費城半導體,51.60,51.70,51.40,51.65,0.00,10207080,525840871,3594
2024-07-05,TWSE,00850,元大臺灣ESG永續,47.03,47.20,46.94,46.96,-0.04,1128443,53077071,1152
2024-07-05,TWSE,00851,台新全球AI,48.27,48.44,48.27,48.44,0.19,20877,1009839,103
2024-07-05,TWSE,00852L,國泰美國道瓊正2,24.09,24.12,24.08,24.12,0.02,295138,7111552,42
2024-07-05,TWSE,00861,元大全球未來通訊,44.37,44.56,44.20,44.56,0.21,942744,41844785,296
2024-07-05,TWSE,00865B,國泰US短期公債,45.66,45.70,45.59,45.68,-0.10,111003,5071235,109
2024-07-05,TWSE,00875,國泰網路資安,32.72,32.72,32.67,32.68,-0.07,43050,1407339,92
2024-07-05,TWSE,00876,元大全球5G,42.34,42.46,42.30,42.46,-0.13,1036370,43907072,316
2024-07-05,TWSE,00878,國泰永續高股息,24.14,24.25,24.14,24.20,0.10,33165792,802956410,18901
2024-07-05,TWSE,00881,國泰台灣科技龍頭,26.12,26.19,26.05,26.05,-0.05,18765537,489805318,4828
2024-07-05,TWSE,00882,中信中國高股息,12.01,12.03,11.87,11.92,-0.09,16573955,198104012,4053
2024-07-05,TWSE,00885,富邦越南,12.06,12.08,11.98,11.99,-0.07,4955029,59513728,1799
2024-07-05,TWSE,00891,中信關鍵半導體,20.09,20.15,19.99,20.03,-0.06,5781725,115842330,2502
2024-07-05,TWSE,00892,富邦台灣半導體,18.05,18.10,17.96,18.07,0.09,3642353,65673346,949
2024-07-05,TWSE,00893,國泰智能電動車,23.35,23.43,23.30,23.40,0.05,11863941,277016667,1268
2024-07-05,TWSE,00894,中信小資高價30,22.29,22.43,22.20,22.24,-0.01,714036,15911675,268
2024-07-05,TWSE,00895,富邦未來車,29.55,29.63,29.51,29.62,0.01,3169303,93745956,1422
2024-07-05,TWSE,00896,中信綠能及電動車,18.82,18.83,18.71,18.72,-0.08,1104998,20734943,604
2024-07-05,TWSE,00897,富邦基因免疫生技,7.90,7.90,7.88,7.89,-0.01,420457,3317087,184
2024-07-05,TWSE,00898,國泰基因免疫革命,6.99,7.00,6.97,6.98,-0.01,850174,5936723,269
2024-07-05,TWSE,00899,FT潔淨能源,16.72,16.79,16.72,16.79,0.07,172090,2884556,135
2024-07-05,TWSE,00900,富邦特選高股息30,16.98,17.03,16.90,16.93,-0.02,6406806,108620739,1320
2024-07-05,TWSE,00901,永豐智能車供應鏈,21.90,21.91,21.79,21.82,-0.07,418414,9138862,213
2024-07-05,TWSE,00902,中信電池及儲能,9.46,9.46,9.40,9.41,-0.05,2401303,22621037,628
2024-07-05,TWSE,00903,富邦元宇宙,14.75,14.78,14.72,14.77,0.01,1607541,23703579,282
2024-07-05,TWSE,00904,台新臺灣半導體30,19.75,19.75,19.58,19.63,-0.05,1200099,23549586,403
2024-07-05,TWSE,00905,FT臺灣Smart,14.53,14.56,14.46,14.48,0.00,5486047,79551652,1911
2024-07-05,TWSE,00907,永豐優息存股,16.68,16.72,16.58,16.61,-0.04,1792633,29807757,739
2024-07-05,TWSE,00908,富邦入息REITs+,12.51,12.53,12.50,12.52,0.01,324527,4062050,74
2024-07-05,TWSE,00909,國泰數位支付服務,26.96,26.96,26.49,26.53,-0.43,7183046,191671696,3082
2024-07-05,TWSE,00910,第一金太空衛星,18.39,18.49,18.39,18.49,0.04,163831,3021486,21
2024-07-05,TWSE,00911,兆豐洲際半導體,31.33,31.34,31.21,31.26,-0.06,870428,27199424,456
2024-07-05,TWSE,00912,中信臺灣智慧50,20.16,20.23,20.10,20.17,0.01,1108614,22331336,227
2024-07-05,TWSE,00913,兆豐台灣晶圓製造,23.20,23.22,23.18,23.19,0.01,99990,2319146,28
2024-07-05,TWSE,00915,凱基優選高股息30,27.27,27.35,27.22,27.26,0.03,10690117,291598487,3019
2024-07-05,TWSE,00916,國泰全球品牌50,23.17,23.20,23.13,23.16,0.00,221626,5133917,321
2024-07-05,TWSE,00917,中信特選金融,19.88,19.89,19.84,19.88,-0.01,1315527,26136975,534
2024-07-05,TWSE,00918,大華優利高填息30,25.41,25.53,25.35,25.36,0.02,17523848,445155336,3501
2024-07-05,TWSE,00919,群益台灣精選高息,26.04,26.14,26.03,26.04,0.01,44514101,1160487930,17059
2024-07-05,TWSE,00920,富邦ESG綠色電力,14.88,14.88,14.86,14.87,0.01,156547,2327334,100
2024-07-05,TWSE,00921,兆豐龍頭等權重,19.36,19.45,19.33,19.34,-0.01,2186355,42337808,661
2024-07-05,TWSE,00922,國泰台灣領袖50,22.50,22.55,22.41,22.44,-0.04,2241960,50367005,1711
2024-07-05,TWSE,00923,群益台ESG低碳50,23.46,23.50,23.36,23.40,0.00,3405393,79702822,2554
2024-07-05,TWSE,00924,復華S&P500成長,23.39,23.41,23.35,23.41,0.02,2116774,49483264,661
2024-07-05,TWSE,00925,新光標普電動車,16.85,16.85,16.72,16.75,-0.03,251383,4207318,27
2024-07-05,TWSE,00926,凱基全球菁英55,23.01,23.01,22.95,22.99,0.00,678814,15596502,199
2024-07-05,TWSE,00927,群益半導體收益,21.57,21.57,21.43,21.51,0.07,12013742,258080486,3295
2024-07-05,TWSE,00929,復華台灣科技優息,20.90,20.96,20.88,20.91,0.04,63083134,1319321666,20551
2024-07-05,TWSE,00930,永豐ESG低碳高息,21.30,21.30,21.17,21.19,-0.03,1828902,38810538,890
2024-07-05,TWSE,00932,兆豐永續高息等權,18.22,18.28,18.21,18.26,0.08,1893637,34565120,616
2024-07-05,TWSE,00934,中信成長高股息,20.55,20.64,20.50,20.52,0.04,74891244,1538128288,14092
2024-07-05,TWSE,00935,野村臺灣新科技50,23.29,23.35,23.19,23.23,-0.03,5210707,121124531,2327
2024-07-05,TWSE,00936,台新永續高息中小,18.56,18.58,18.48,18.49,0.01,25070915,464072344,8559
2024-07-05,TWSE,00939,統一台灣高息動能,15.01,15.06,14.99,15.02,0.02,83276108,1252485142,10093
2024-07-05,TWSE,00940,元大台灣價值高息,10.25,10.29,10.23,10.24,0.01,115002237,1178620488,16988
2024-07-05,TWSE,00941,中信上游半導體,15.90,15.91,15.86,15.88,-0.01,9988687,158666123,2179
2024-07-05,TWSE,00943,兆豐電子高息等權,15.87,15.89,15.84,15.86,0.01,851585,13510813,199
2024-07-05,TWSE,00944,野村趨勢動能高息,15.58,15.65,15.58,15.60,0.03,5838660,91211407,1082
2024-07-05,TWSE,00945B,凱基美國非投等債,15.33,15.35,15.31,15.31,-0.02,12934894,198300960,1440
2024-07-05,TWSE,00946,群益科技高息成長,10.85,10.88,10.82,10.85,0.05,20487237,222325272,3807
2024-07-05,TWSE,00947,台新臺灣IC設計,15.66,15.71,15.55,15.58,-0.03,6900123,107672437,3961
2024-07-05,TWSE,00949,復華日本龍頭,15.50,15.50,15.43,15.47,-0.01,18202673,281635986,4066
2024-07-05,TWSE,01001T,土銀富邦R1,14.30,14.30,14.29,14.30,0.00,55000,786450,3
2024-07-05,TWSE,01002T,土銀國泰R1,16.80,16.80,16.80,16.80,0.00,404020,6787527,14
2024-07-05,TWSE,01004T,土銀富邦R2,12.54,12.54,12.52,12.53,-0.01,3852030,48290803,35
2024-07-05,TWSE,01007T,兆豐國泰R2,16.80,16.80,16.80,16.80,0.10,22045,370370,4
2024-07-05,TWSE,01009T,王道圓滿R1,7.91,7.91,7.80,7.81,-0.01,10000,78250,6
2024-07-05,TWSE,01010T,京城樂富R1,10.01,10.02,10.01,10.02,0.00,27000,270280,12
2024-07-05,TWSE,020000,富邦特選蘋果N,,,,,0.00,0,0,0
2024-07-05,TWSE,020011,統一微波高息20N,,,,,0.00,0,0,0
2024-07-05,TWSE,020012,富邦行動通訊N,10.42,10.42,10.42,10.42,0.00,5000,52100,1
2024-07-05,TWSE,020015,統一MSCI美低波N,,,,,0.00,0,0,0
2024-07-05,TWSE,020016,統一MSCI美科技N,,,,,0.00,0,0,0
2024-07-05,TWSE,020018,統一價值成長30N,,,,,0.00,0,0,0
2024-07-05,TWSE,020019,統一特選台灣5GN,20.30,20.30,20.30,20.30,0.03,2000,40600,1
2024-07-05,TWSE,02001L,富邦蘋果正二N,31.88,31.93,31.73,31.80,0.23,110000,3501030,34
2024-07-05,TWSE,02001R,富邦蘋果反一N,1.39,1.40,1.39,1.40,-0.01,4000,5590,3
2024-07-05,TWSE,02001S,策元大加權策略N,7.53,7.53,7.53,7.53,0.02,66000,496980,1
2024-07-05,TWSE,020020,元大台股領航N,12.09,12.15,12.05,12.11,0.02,55000,666000,22
2024-07-05,TWSE,020028,元大特選電動車N,9.88,9.88,9.84,9.85,0.00,28000,276070,13
2024-07-05,TWSE,020029,元大ESG高股息N,9.35,9.35,9.28,9.28,-0.07,27000,251380,11
2024-07-05,TWSE,020030,統一智慧電動車N,6.63,6.65,6.63,6.65,0.05,100000,664180,7
2024-07-05,TWSE,020031,統一IC設計臺灣N,6.46,6.46,6.39,6.39,-0.06,28000,179470,11
2024-07-05,TWSE,020032,元大綠能N,6.75,6.75,6.69,6.71,-0.04,85000,571340,16
2024-07-05,TWSE,020034,元大IC設計N,8.59,8.59,8.50,8.52,-0.07,44000,375040,16
2024-07-05,TWSE,020036,元大金融配息N,6.72,6.72,6.72,6.72,0.02,1000,6720,1
2024-07-05,TWSE,020037,元大金融高股息N,6.90,6.90,6.88,6.88,0.02,38000,261580,5
2024-07-05,TWSE,020038,元大ESG配息N,8.08,8.08,8.00,8.01,-0.07,60000,480510,16
2024-07-05,TWSE,020039,元大加權N,7.13,7.15,7.12,7.13,0.00,74000,527610,16
2024-07-05,TWSE,1101,台泥,34.20,34.50,34.10,34.45,0.30,16451159,565109024,7431
2024-07-05,TWSE,1101B,台泥乙特,47.00,47.05,47.00,47.05,0.05,6742,317054,10
2024-07-05,TWSE,1102,亞泥,45.70,45.75,44.75,44.75,-1.20,8263910,372165960,8089
2024-07-05,TWSE,1103,嘉泥,18.65,18.75,18.60,18.75,0.10,517317,9661615,457
2024-07-05,TWSE,1104,環泥,36.90,37.15,36.70,36.75,-0.15,1220519,45052110,817
2024-07-05,TWSE,1108,幸福,17.00,17.05,16.90,17.00,0.00,523258,8888058,273
2024-07-05,TWSE,1109,信大,19.85,19.95,19.85,19.90,0.10,489579,9744117,253
2024-07-05,TWSE,1110,東泥,21.50,21.60,21.35,21.45,0.10,312967,6713436,214
2024-07-05,TWSE,1201,味全,18.65,18.80,18.65,18.75,0.10,660725,12372276,529
2024-07-05,TWSE,1203,味王,,,,,0.00,231,12205,10
2024-07-05,TWSE,1210,大成,57.80,57.90,57.60,57.70,0.00,1226622,70841938,1137
2024-07-05,TWSE,1213,大飲,7.37,7.48,7.31,7.47,0.00,52335,387446,26
2024-07-05,TWSE,1215,卜蜂,105.00,105.00,104.00,104.00,-1.00,299017,31173199,538
2024-07-05,TWSE,1216,統一,84.50,85.10,83.50,84.20,0.00,5806806,489616746,6651
2024-07-05,TWSE,1217,愛之味,12.90,13.40,12.90,13.25,0.40,6367281,83952708,2362
2024-07-05,TWSE,1218,泰山,21.90,21.90,21.70,21.85,0.05,991255,21604226,656
2024-07-05,TWSE,1219,福壽,18.50,18.65,18.50,18.60,0.10,364505,6762069,255
2024-07-05,TWSE,1220,台榮,15.70,15.80,15.65,15.75,0.10,212398,3335518,114
2024-07-05,TWSE,1225,福懋油,123.00,130.00,123.00,127.50,4.00,190613,24312817,707
2024-07-05,TWSE,1227,佳格,42.25,42.40,42.10,42.20,0.00,390018,16474909,374
2024-07-05,TWSE,1229,聯華,70.30,71.50,70.30,70.40,0.60,2621284,185719041,4521
2024-07-05,TWSE,1231,聯華食,115.00,116.00,113.50,114.50,-0.50,104820,12019575,336
2024-07-05,TWSE,1232,大統益,147.00,148.50,146.50,147.50,0.50,116498,17164517,223
2024-07-05,TWSE,1233,天仁,34.10,34.15,34.10,34.15,-0.05,8081,275057,23
2024-07-05,TWSE,1234,黑松,43.90,44.20,43.65,44.10,0.20,196648,8629623,192
2024-07-05,TWSE,1235,興泰,99.00,100.00,98.60,99.90,1.20,17343,1727078,37
2024-07-05,TWSE,1236,宏亞,25.50,25.55,25.50,25.55,0.05,13912,354976,70
2024-07-05,TWSE,1256,鮮活果汁-KY,200.50,200.50,197.00,197.50,-3.00,50161,9947264,255
2024-07-05,TWSE,1301,台塑,58.00,58.00,57.20,57.30,-0.30,5663855,325350801,4131
2024-07-05,TWSE,1303,南亞,49.45,49.45,48.80,48.80,-0.65,8126571,397501725,5077
2024-07-05,TWSE,1304,台聚,15.65,16.30,15.55,16.05,0.60,9550120,153037553,3650
2024-07-05,TWSE,1305,華夏,16.75,17.10,16.65,16.90,0.20,1680352,28393152,866
2024-07-05,TWSE,1307,三芳,32.05,32.20,31.45,31.50,-0.35,591263,18780177,470
2024-07-05,TWSE,1308,亞聚,17.60,18.35,17.55,18.05,0.55,2854114,51628687,1584
2024-07-05,TWSE,1309,台達化,17.75,18.05,17.55,17.85,0.10,2198210,39158558,1129
2024-07-05,TWSE,1310,台苯,13.40,13.70,13.40,13.60,0.25,1973228,26748172,885
2024-07-05,TWSE,1312,國喬,14.40,14.60,14.20,14.45,0.15,4611370,66698559,1635
2024-07-05,TWSE,1312A,國喬特,23.65,23.65,23.65,23.65,0.00,9000,212850,3
2024-07-05,TWSE,1313,聯成,12.50,12.65,12.30,12.50,0.10,1595932,19936246,1087
2024-07-05,TWSE,1314,中石化,11.05,11.10,10.85,10.95,-0.05,25385655,277702411,5529
2024-07-05,TWSE,1315,達新,72.10,72.20,71.90,72.00,-0.10,18620,1340895,24
2024-07-05,TWSE,1316,上曜,19.10,19.25,18.90,18.90,-0.05,4081060,77701226,1704
2024-07-05,TWSE,1319,東陽,111.00,111.00,109.50,109.50,-1.00,1257857,138353246,1232
2024-07-05,TWSE,1321,大洋,37.30,37.40,36.95,37.15,0.15,200010,7407225,111
2024-07-05,TWSE,1323,永裕,30.25,30.50,30.20,30.25,0.00,56554,1710448,51
2024-07-05,TWSE,1324,地球,14.15,14.50,14.05,14.50,0.40,220439,3158277,157
2024-07-05,TWSE,1325,恆大,35.70,35.70,34.75,34.95,0.50,938284,32885191,648
2024-07-05,TWSE,1326,台化,49.45,49.50,48.85,49.20,-0.20,7855079,384964506,5131
2024-07-05,TWSE,1337,再生-KY,7.46,7.65,7.43,7.55,0.15,1403843,10628770,725
2024-07-05,TWSE,1338,廣華-KY,32.50,32.75,32.45,32.45,0.05,100529,3276799,122
2024-07-05,TWSE,1339,昭輝,67.60,67.80,66.40,66.50,-0.50,211848,14173477,206
2024-07-05,TWSE,1340,勝悅-KY,10.10,11.05,10.10,11.05,1.00,1292358,14072407,684
2024-07-05,TWSE,1341,富林-KY,66.50,66.70,66.10,66.50,0.10,17062,1133509,17
2024-07-05,TWSE,1342,八貫,118.50,119.00,117.00,119.00,1.00,475553,56251398,428
2024-07-05,TWSE,1402,遠東新,38.00,38.20,37.25,37.25,-0.75,9742735,367062111,4962
2024-07-05,TWSE,1409,新纖,17.30,17.85,17.20,17.75,0.25,11620998,204750516,4594
2024-07-05,TWSE,1410,南染,36.55,36.60,36.40,36.60,0.00,26261,959316,24
2024-07-05,TWSE,1413,宏洲,10.45,10.55,10.35,10.50,0.00,116826,1221243,85
2024-07-05,TWSE,1414,東和,24.50,24.70,24.00,24.30,-0.25,649813,15786551,464
2024-07-05,TWSE,1416,廣豐,12.25,12.25,12.10,12.20,0.00,472824,5761990,271
2024-07-05,TWSE,1417,嘉裕,11.40,11.55,11.35,11.55,0.15,578984,6628572,349
2024-07-05,TWSE,1418,東華,36.05,39.40,36.05,39.15,3.30,1072934,41223914,886
2024-07-05,TWSE,1419,新紡,49.30,49.30,48.80,49.15,0.00,26315,1290004,32
2024-07-05,TWSE,1423,利華,45.85,46.40,44.95,45.50,0.00,242162,10942491,257
2024-07-05,TWSE,1432,大魯閣,18.55,18.75,18.25,18.45,-0.10,382138,7046388,524
2024-07-05,TWSE,1434,福懋,22.80,22.85,22.60,22.75,0.05,874050,19896512,796
2024-07-05,TWSE,1435,中福,47.80,48.00,47.80,48.00,-1.40,6676,319091,151
2024-07-05,TWSE,1436,華友聯,168.00,177.50,168.00,177.00,8.50,987026,172571466,1548
2024-07-05,TWSE,1437,勤益控,37.65,38.00,37.50,37.65,-0.10,153116,5768916,181
2024-07-05,TWSE,1438,三地開發,61.70,62.40,61.00,62.40,1.20,180281,11069973,120
2024-07-05,TWSE,1439,雋揚,29.40,29.40,28.90,29.00,-0.20,33256,969426,39
2024-07-05,TWSE,1440,南紡,17.80,17.85,17.60,17.70,-0.10,1602528,28327328,844
2024-07-05,TWSE,1441,大東,15.55,16.30,14.65,16.00,0.10,718646,11331243,559
2024-07-05,TWSE,1442,名軒,62.60,62.60,61.10,62.00,-0.20,843603,52008124,1144
2024-07-05,TWSE,1443,立益物流,31.65,31.65,31.50,31.55,0.00,11853,373628,31
2024-07-05,TWSE,1444,力麗,10.05,10.30,10.05,10.20,0.15,6319211,64242126,1811
2024-07-05,TWSE,1445,大宇,19.00,19.05,18.90,19.00,0.20,169058,3210602,151
2024-07-05,TWSE,1446,宏和,49.95,50.00,48.80,49.10,-0.55,442730,21824632,359
2024-07-05,TWSE,1447,力鵬,10.35,11.00,10.35,10.75,0.50,10753098,115169164,3033
2024-07-05,TWSE,1449,佳和,19.40,20.35,19.20,19.80,0.65,3079517,60639282,1361
2024-07-05,TWSE,1451,年興,20.00,20.20,20.00,20.05,0.05,118793,2380280,189
2024-07-05,TWSE,1452,宏益,16.85,17.30,16.85,17.00,0.05,332748,5692499,138
2024-07-05,TWSE,1453,大將,25.60,25.90,25.30,25.35,0.20,314413,8004717,377
2024-07-05,TWSE,1454,台富,18.10,19.85,18.10,19.75,1.70,2342552,45592715,1047
2024-07-05,TWSE,1455,集盛,13.65,14.30,13.55,14.15,0.55,3419955,47981277,1263
2024-07-05,TWSE,1456,怡華,20.45,20.65,20.15,20.50,0.05,149047,3049150,95
2024-07-05,TWSE,1457,宜進,21.70,21.80,21.50,21.75,0.05,418129,9051604,323
2024-07-05,TWSE,1459,聯發,10.80,11.00,10.75,11.00,0.20,234070,2552158,138
2024-07-05,TWSE,1460,宏遠,8.14,8.18,8.12,8.15,0.01,654381,5329909,287
2024-07-05,TWSE,1463,強盛新,22.70,22.70,22.40,22.40,-0.10,149668,3374837,174
2024-07-05,TWSE,1464,得力,14.10,14.20,14.10,14.15,0.00,518710,7334671,341
2024-07-05,TWSE,1465,偉全,15.45,15.50,15.40,15.45,0.10,77152,1192142,95
2024-07-05,TWSE,1466,聚隆,12.55,12.70,12.55,12.60,0.05,139309,1758359,62
2024-07-05,TWSE,1467,南緯,11.85,11.90,11.80,11.90,0.05,462317,5481376,328
2024-07-05,TWSE,1468,昶和,15.20,15.25,15.00,15.25,0.00,37002,559130,33
2024-07-05,TWSE,1470,大統新創,21.40,21.50,20.75,21.30,0.50,41018,871775,26
2024-07-05,TWSE,1471,首利,15.55,16.15,15.55,16.05,0.50,1505117,23976756,639
2024-07-05,TWSE,1472,三洋實業,70.00,70.00,69.40,69.40,-0.20,22483,1568089,28
2024-07-05,TWSE,1473,台南,44.00,44.10,43.05,43.20,-0.20,1009359,43840772,904
2024-07-05,TWSE,1474,弘裕,14.60,14.70,14.40,14.45,-0.05,751056,10903935,349
2024-07-05,TWSE,1475,業旺,60.20,62.20,60.00,61.60,1.70,329779,20136647,228
2024-07-05,TWSE,1476,儒鴻,529.00,541.00,523.00,536.00,12.00,1250053,670805517,1712
2024-07-05,TWSE,1477,聚陽,423.00,425.00,417.00,424.00,2.00,1477982,622304131,1485
2024-07-05,TWSE,1503,士電,304.00,304.00,294.00,294.50,-6.50,12412908,3690937772,26052
2024-07-05,TWSE,1504,東元,53.60,54.00,53.20,53.40,0.30,16154018,865525453,8644
2024-07-05,TWSE,1506,正道,16.95,17.40,16.90,17.25,0.40,1280279,22086098,538
2024-07-05,TWSE,1512,瑞利,8.40,8.40,8.30,8.39,-0.01,35969,301236,26
2024-07-05,TWSE,1513,中興電,203.50,209.50,197.00,203.00,2.00,58460760,11863049880,58107
2024-07-05,TWSE,1514,亞力,155.50,157.00,151.00,152.50,-2.00,28497303,4368950607,23099
2024-07-05,TWSE,1515,力山,46.50,47.40,46.20,46.90,0.80,1672084,78439022,1135
2024-07-05,TWSE,1516,川飛,24.35,24.70,24.00,24.40,0.00,443759,10841483,339
2024-07-05,TWSE,1517,利奇,16.90,17.80,16.90,17.60,0.70,1632043,28564169,912
2024-07-05,TWSE,1519,華城,1015.00,1030.00,930.00,936.00,-79.00,7139708,6911982351,19714
2024-07-05,TWSE,1521,大億,39.40,40.20,39.40,39.90,0.55,97243,3893436,85
2024-07-05,TWSE,1522,堤維西,71.40,71.70,70.40,71.40,0.00,3804421,270215568,2320
2024-07-05,TWSE,1522A,堤維西甲特,45.85,46.00,45.85,46.00,0.00,3022,138690,5
2024-07-05,TWSE,1524,耿鼎,34.80,35.50,34.60,35.30,0.55,1894978,66724189,1199
2024-07-05,TWSE,1525,江申,75.00,75.70,75.00,75.50,0.20,14614,1098747,30
2024-07-05,TWSE,1526,日馳,32.20,32.50,32.05,32.25,-0.05,125496,4042883,106
2024-07-05,TWSE,1527,鑽全,45.20,45.40,45.00,45.30,0.30,578317,26176117,487
2024-07-05,TWSE,1528,恩德,13.60,14.85,13.60,14.85,1.35,7408918,107852527,2405
2024-07-05,TWSE,1529,樂事綠能,35.50,35.70,34.95,35.15,-0.30,1894726,66730835,1875
2024-07-05,TWSE,1530,亞崴,32.10,32.45,32.05,32.40,0.35,119278,3850321,193
2024-07-05,TWSE,1531,高林股,15.05,15.05,14.85,14.95,-0.05,287950,4299415,224
2024-07-05,TWSE,1532,勤美,46.40,46.75,46.30,46.65,0.40,1605267,74733625,1067
2024-07-05,TWSE,1533,車王電,48.50,48.50,47.45,47.70,-0.15,206969,9904544,282
2024-07-05,TWSE,1535,中宇,73.50,73.50,72.30,72.90,-0.40,362775,26371428,342
2024-07-05,TWSE,1536,和大,59.00,63.50,58.30,63.50,5.70,42261516,2612247288,22636
2024-07-05,TWSE,1537,廣隆,145.50,145.50,144.00,144.50,-0.50,142642,20629114,249
2024-07-05,TWSE,1538,正峰,19.85,20.75,19.50,19.50,-0.35,7553,149376,10
2024-07-05,TWSE,1539,巨庭,24.00,24.30,23.85,24.30,0.35,236307,5698199,146
2024-07-05,TWSE,1540,喬福,22.55,24.60,22.55,24.35,1.80,4511506,107513343,2607
2024-07-05,TWSE,1541,錩泰,32.15,32.35,31.90,32.00,0.05,30144,967582,31
2024-07-05,TWSE,1558,伸興,101.00,101.50,100.50,101.00,0.00,101231,10214263,125
2024-07-05,TWSE,1560,中砂,350.00,362.50,345.00,356.50,14.50,5446192,1924801002,5558
2024-07-05,TWSE,1563,巧新,74.90,75.30,74.00,74.10,-0.70,984574,73385092,713
2024-07-05,TWSE,1568,倉佑,29.45,32.10,29.15,31.45,2.20,3077874,96185743,1771
2024-07-05,TWSE,1582,信錦,113.00,117.00,112.00,114.00,2.00,2727623,311816137,2227
2024-07-05,TWSE,1583,程泰,69.20,71.00,69.00,71.00,1.80,46344,3245693,70
2024-07-05,TWSE,1587,吉茂,65.00,65.00,60.00,61.40,-3.10,2476395,152994945,2048
2024-07-05,TWSE,1589,永冠-KY,46.10,46.95,46.00,46.65,0.65,639039,29741270,642
2024-07-05,TWSE,1590,亞德客-KY,1020.00,1020.00,1010.00,1010.00,-5.00,347386,352805737,462
2024-07-05,TWSE,1597,直得,88.00,88.70,82.80,88.70,8.00,9503557,826475473,7846
2024-07-05,TWSE,1598,岱宇,31.60,32.20,31.45,31.80,0.25,427155,13645218,338
2024-07-05,TWSE,1603,華電,46.40,46.65,45.60,45.60,-0.60,1597663,73267823,1047
2024-07-05,TWSE,1604,聲寶,29.10,29.30,28.85,29.15,0.35,821332,23932281,605
2024-07-05,TWSE,1605,華新,35.80,35.85,35.60,35.65,-0.15,8089499,288623076,3663
2024-07-05,TWSE,1608,華榮,39.45,39.85,39.10,39.35,0.60,13595382,536243125,7426
2024-07-05,TWSE,1609,大亞,55.80,56.00,54.70,55.00,-0.50,18527917,1022757678,12481
2024-07-05,TWSE,1611,中電,19.35,19.55,19.20,19.35,0.10,2387288,46284184,1259
2024-07-05,TWSE,1612,宏泰,37.80,37.80,37.10,37.50,-0.10,2256235,84325491,1774
2024-07-05,TWSE,1614,三洋電,45.55,46.25,45.55,45.80,0.00,235519,10811310,139
2024-07-05,TWSE,1615,大山,72.50,72.50,71.50,71.90,0.20,277265,19939831,486
2024-07-05,TWSE,1616,億泰,24.60,24.60,24.05,24.35,0.05,1851531,44923373,1148
2024-07-05,TWSE,1617,榮星,24.70,24.80,24.25,24.80,0.15,1432846,35158824,843
2024-07-05,TWSE,1618,合機,60.60,61.10,58.50,59.10,-1.10,9769980,583643593,6958
2024-07-05,TWSE,1626,艾美特-KY,16.05,16.05,16.00,16.00,0.05,69793,1118827,171
2024-07-05,TWSE,1701,中化,22.70,22.80,22.65,22.80,0.10,797150,18118434,478
2024-07-05,TWSE,1702,南僑,58.50,58.80,58.30,58.50,0.20,454709,26594884,381
2024-07-05,TWSE,1707,葡萄王,153.00,153.00,152.50,152.50,-0.50,140397,21431527,271
2024-07-05,TWSE,1708,東鹼,34.65,35.10,34.50,35.00,0.40,1688199,58816146,1120
2024-07-05,TWSE,1709,和益,24.15,24.35,24.00,24.05,0.15,3931065,95138714,1996
2024-07-05,TWSE,1710,東聯,17.40,17.70,17.40,17.65,0.25,2145965,37720961,936
2024-07-05,TWSE,1711,永光,19.55,20.65,19.55,20.35,0.80,7945505,160624802,3140
2024-07-05,TWSE,1712,興農,45.50,45.70,45.15,45.65,0.40,805482,36668264,920
2024-07-05,TWSE,1713,國化,58.60,60.20,58.50,58.70,0.00,991048,58787799,389
2024-07-05,TWSE,1714,和桐,10.40,10.65,10.35,10.55,0.20,6211249,65467092,1587
2024-07-05,TWSE,1717,長興,31.55,32.00,31.55,31.80,0.40,5151062,163793692,1945
2024-07-05,TWSE,1718,中纖,8.50,8.84,8.49,8.83,0.41,24064141,209260928,6679
2024-07-05,TWSE,1720,生達,73.10,73.80,72.90,73.40,0.60,399146,29297904,331
2024-07-05,TWSE,1721,國慶科技,14.70,15.45,14.65,15.10,0.40,3926874,59546963,1671
2024-07-05,TWSE,1722,台肥,64.50,65.20,64.40,64.80,0.30,1454152,94337643,869
2024-07-05,TWSE,1723,中碳,110.00,110.00,108.50,109.50,0.00,533579,59543330,383
2024-07-05,TWSE,1725,元禎,49.85,53.00,49.85,53.00,4.75,3821918,199299297,2485
2024-07-05,TWSE,1726,永記,82.80,82.80,82.10,82.50,-0.20,14583,1210167,27
2024-07-05,TWSE,1727,中華化,30.90,33.60,30.55,33.05,2.50,7574771,249651040,3865
2024-07-05,TWSE,1730,花仙子,56.40,56.50,56.20,56.20,0.00,23024,1295995,96
2024-07-05,TWSE,1731,美吾華,25.05,25.15,24.95,25.10,0.15,255194,6387540,151
2024-07-05,TWSE,1732,毛寶,30.45,30.80,30.30,30.35,0.25,379973,11603199,264
2024-07-05,TWSE,1733,五鼎,35.00,35.35,35.00,35.10,0.25,327204,11492795,217
2024-07-05,TWSE,1734,杏輝,38.30,38.60,38.20,38.25,-0.05,585340,22431784,355
2024-07-05,TWSE,1735,日勝化,18.20,18.20,18.10,18.10,0.00,34779,632768,47
2024-07-05,TWSE,1736,喬山,89.10,90.50,88.70,88.90,0.00,570539,50888714,413
2024-07-05,TWSE,1737,臺鹽,34.00,34.20,33.95,34.15,0.10,234768,7993228,211
2024-07-05,TWSE,1752,南光,51.80,52.50,51.80,52.20,0.40,362839,18903717,271
2024-07-05,TWSE,1760,寶齡富錦,99.90,100.50,99.30,100.00,-0.50,281222,28085475,305
2024-07-05,TWSE,1762,中化生,51.70,51.80,51.20,51.60,0.10,141422,7277349,235
2024-07-05,TWSE,1773,勝一,157.50,160.50,156.50,159.50,3.00,504601,79897827,526
2024-07-05,TWSE,1776,展宇,17.85,18.00,17.85,18.00,0.20,64951,1163337,54
2024-07-05,TWSE,1783,和康生,49.65,50.20,49.35,49.40,-0.15,481959,23945674,649
2024-07-05,TWSE,1786,科妍,128.50,130.50,128.00,129.00,2.00,436464,56465933,416
2024-07-05,TWSE,1789,神隆,28.60,29.10,28.55,28.90,0.30,771226,22259289,495
2024-07-05,TWSE,1795,美時,306.00,309.00,304.00,306.50,3.00,2715442,831821537,3231
2024-07-05,TWSE,1802,台玻,18.70,19.50,18.55,19.35,0.75,19876518,381009891,6040
2024-07-05,TWSE,1805,寶徠,20.20,20.35,19.95,20.05,-0.15,253939,5114894,165
2024-07-05,TWSE,1806,冠軍,12.75,12.90,12.55,12.75,0.00,3110524,39490093,1209
2024-07-05,TWSE,1808,潤隆,116.00,116.00,114.00,114.00,-1.50,1021635,117175213,1055
2024-07-05,TWSE,1809,中釉,26.65,27.25,26.05,26.50,0.05,10880383,289008814,6029
2024-07-05,TWSE,1810,和成,18.70,18.85,18.50,18.85,0.20,1022007,19139502,596
2024-07-05,TWSE,1817,凱撒衛,38.60,38.80,38.50,38.65,0.05,138167,5333030,155
2024-07-05,TWSE,1903,士紙,60.80,61.00,60.10,60.20,-0.50,182723,11027473,168
2024-07-05,TWSE,1904,正隆,28.85,28.95,28.80,28.85,0.00,1084343,31279124,642
2024-07-05,TWSE,1905,華紙,22.30,22.35,21.95,22.10,-0.20,4443594,98111212,1826
2024-07-05,TWSE,1906,寶隆,15.90,16.00,15.90,15.90,0.00,106124,1690264,149
2024-07-05,TWSE,1907,永豐餘,31.90,32.10,31.55,31.60,-0.20,1617442,51480927,1238
2024-07-05,TWSE,1909,榮成,14.10,14.10,14.00,14.05,0.00,1521801,21356861,786
2024-07-05,TWSE,2002,中鋼,23.55,23.60,23.40,23.55,0.05,13207464,310415260,6181
2024-07-05,TWSE,2002A,中鋼特,43.80,43.80,43.50,43.65,0.00,25000,1091500,15
2024-07-05,TWSE,2006,東和鋼鐵,71.40,72.00,71.10,72.00,0.80,1277412,91531135,1057
2024-07-05,TWSE,2007,燁興,11.95,12.00,11.75,11.85,-0.05,459291,5436268,303
2024-07-05,TWSE,2008,高興昌,25.70,26.20,25.70,25.80,0.05,158773,4104226,196
2024-07-05,TWSE,2009,第一銅,52.40,52.50,51.10,51.90,0.00,3301393,170576850,4045
2024-07-05,TWSE,2010,春源,19.50,19.55,19.35,19.50,0.00,627512,12212662,390
2024-07-05,TWSE,2012,春雨,24.75,25.25,24.75,25.05,0.30,103541,2596184,121
2024-07-05,TWSE,2013,中鋼構,57.90,58.00,57.20,57.20,-0.70,305263,17599152,170
2024-07-05,TWSE,2014,中鴻,22.10,22.10,21.85,21.95,-0.05,2404344,52787970,1218
2024-07-05,TWSE,2015,豐興,78.30,78.40,77.70,77.70,-0.60,81211,6336595,101
2024-07-05,TWSE,2017,官田鋼,14.80,14.80,14.55,14.65,-0.10,831840,12189810,506
2024-07-05,TWSE,2020,美亞,36.10,36.20,35.85,35.90,-0.30,816632,29398972,589
2024-07-05,TWSE,2022,聚亨,11.50,11.55,11.35,11.40,-0.05,503175,5732663,322
2024-07-05,TWSE,2023,燁輝,15.80,15.80,15.55,15.70,-0.05,1250074,19559297,693
2024-07-05,TWSE,2024,志聯,21.85,22.05,21.65,21.75,-0.10,54130,1182254,62
2024-07-05,TWSE,2025,千興,12.10,12.20,11.95,11.95,-0.15,2492692,29984616,868
2024-07-05,TWSE,2027,大成鋼,36.80,37.05,36.65,37.05,0.25,5575724,205500334,2646
2024-07-05,TWSE,2028,威致,26.40,26.45,26.10,26.30,-0.10,118592,3106052,119
2024-07-05,TWSE,2029,盛餘,27.85,28.00,27.85,27.90,-0.10,216484,6042496,143
2024-07-05,TWSE,2030,彰源,17.40,17.50,17.20,17.50,0.00,494199,8581205,315
2024-07-05,TWSE,2031,新光鋼,62.40,62.40,61.20,61.40,-0.60,1607170,98943278,1246
2024-07-05,TWSE,2032,新鋼,16.90,17.00,16.80,16.85,-0.05,86685,1462650,100
2024-07-05,TWSE,2033,佳大,15.75,16.10,15.50,16.05,0.25,342678,5423338,202
2024-07-05,TWSE,2034,允強,25.45,25.50,25.40,25.45,0.00,319021,8121844,208
2024-07-05,TWSE,2038,海光,20.00,20.05,19.70,19.80,-0.10,322245,6383003,310
2024-07-05,TWSE,2049,上銀,211.00,219.50,211.00,217.00,7.50,4214457,912214297,5548
2024-07-05,TWSE,2059,川湖,1365.00,1375.00,1340.00,1375.00,20.00,800400,1089233245,1657
2024-07-05,TWSE,2062,橋椿,28.50,28.75,28.30,28.75,0.15,457414,13050694,265
2024-07-05,TWSE,2069,運錩,16.00,16.05,15.90,16.05,0.05,200471,3206541,97
2024-07-05,TWSE,2101,南港,54.10,54.10,53.20,53.50,-0.40,3430385,183440695,1891
2024-07-05,TWSE,2102,泰豐,20.60,20.70,20.40,20.55,-0.05,1222920,25114826,473
2024-07-05,TWSE,2103,台橡,23.50,23.75,23.30,23.50,0.35,3380466,79485772,1190
2024-07-05,TWSE,2104,國際中橡,17.35,17.80,17.35,17.70,0.35,3033254,53446239,1284
2024-07-05,TWSE,2105,正新,47.90,48.25,47.65,47.80,0.00,5353503,256914046,3109
2024-07-05,TWSE,2106,建大,34.05,34.20,34.05,34.20,0.10,510468,17422873,330
2024-07-05,TWSE,2107,厚生,25.50,25.70,25.40,25.50,0.00,349421,8915958,295
2024-07-05,TWSE,2108,南帝,39.60,41.85,39.60,41.85,3.80,5612580,232698330,3106
2024-07-05,TWSE,2109,華豐,19.00,19.45,18.90,19.45,0.55,735675,14137661,484
2024-07-05,TWSE,2114,鑫永銓,102.00,103.50,101.50,102.50,0.50,45187,4626795,84
2024-07-05,TWSE,2115,六暉-KY,33.30,33.35,33.25,33.30,0.05,32639,1086623,103
2024-07-05,TWSE,2201,裕隆,66.20,66.50,65.50,66.30,0.50,2568093,169666859,2023
2024-07-05,TWSE,2204,中華,128.50,130.50,127.50,127.50,-1.00,1670604,214964439,1236
2024-07-05,TWSE,2206,三陽工業,77.90,79.50,77.00,79.50,1.60,5795541,454022819,3810
2024-07-05,TWSE,2207,和泰車,621.00,621.00,616.00,620.00,2.00,66293,41083914,281
2024-07-05,TWSE,2208,台船,17.70,17.95,17.65,17.80,0.10,2508741,44670937,1281
2024-07-05,TWSE,2211,長榮鋼,138.00,138.00,136.00,136.00,-1.50,375830,51350041,507
2024-07-05,TWSE,2227,裕日車,135.00,135.50,134.00,134.00,-0.50,19264,2599790,135
2024-07-05,TWSE,2228,劍麟,114.00,115.50,114.00,115.00,1.00,207866,23950711,222
2024-07-05,TWSE,2231,為升,122.00,122.00,119.50,119.50,-2.50,199032,23933672,243
2024-07-05,TWSE,2233,宇隆,142.00,143.00,141.50,143.00,1.50,184464,26257214,209
2024-07-05,TWSE,2236,百達-KY,92.00,97.70,91.80,97.70,8.80,2665588,257093806,1332
2024-07-05,TWSE,2239,英利-KY,52.70,53.10,52.50,52.80,0.40,66361,3504368,70
2024-07-05,TWSE,2241,艾姆勒,39.95,41.45,39.90,40.70,0.80,1985864,80921508,1422
2024-07-05,TWSE,2243,宏旭-KY,18.00,18.65,18.00,18.40,0.45,358504,6557070,213
2024-07-05,TWSE,2247,汎德永業,297.50,300.50,297.00,299.00,1.50,111144,33301862,325
2024-07-05,TWSE,2250,IKKA-KY,109.00,113.00,107.50,111.50,4.00,672695,74739809,599
2024-07-05,TWSE,2254,巨鎧精密-創,83.30,85.30,81.50,82.90,-0.70,291000,24199900,119
2024-07-05,TWSE,2258,鴻華先進-創,48.00,48.30,46.75,46.80,-0.35,433000,20345900,269
2024-07-05,TWSE,2301,光寶科,110.50,111.00,107.00,107.00,-4.50,25338532,2738916131,17985
2024-07-05,TWSE,2302,麗正,18.85,19.00,18.60,18.95,0.10,599258,11268511,314
2024-07-05,TWSE,2303,聯電,54.00,54.10,53.40,53.50,-0.50,55352341,2972540568,20706
2024-07-05,TWSE,2305,全友,22.95,23.90,22.95,23.55,0.65,711328,16730709,574
2024-07-05,TWSE,2308,台達電,385.00,392.50,384.00,387.00,5.00,11967073,4641147982,10674
2024-07-05,TWSE,2312,金寶,20.95,21.65,20.80,21.65,1.95,56955225,1220309336,9611
2024-07-05,TWSE,2313,華通,82.90,83.40,80.80,81.90,-0.40,28763504,2356867741,20969
2024-07-05,TWSE,2314,台揚,33.60,33.75,32.95,33.40,-0.05,1584431,52945232,1162
2024-07-05,TWSE,2316,楠梓電,55.40,57.40,55.30,56.00,1.00,3991434,223368589,2855
2024-07-05,TWSE,2317,鴻海,214.00,215.50,212.50,214.50,0.00,44877435,9608898174,44283
2024-07-05,TWSE,2321,東訊,15.65,16.30,15.65,16.00,0.00,31914,508523,39
2024-07-05,TWSE,2323,中環,13.85,14.60,13.80,14.15,0.40,66052941,932436070,16672
2024-07-05,TWSE,2324,仁寶,34.70,35.30,34.65,34.80,0.50,18098521,631106052,8862
2024-07-05,TWSE,2327,國巨*,763.00,764.00,751.00,754.00,1.00,2048786,1547338926,3473
2024-07-05,TWSE,2328,廣宇,40.45,41.50,40.15,40.55,0.50,11134976,454987867,5855
2024-07-05,TWSE,2329,華泰,57.70,58.00,56.10,57.90,0.70,8356688,477003877,5685
2024-07-05,TWSE,2330,台積電,1005.00,1010.00,1000.00,1005.00,0.00,21735614,21827958195,35802
2024-07-05,TWSE,2331,精英,33.45,35.15,33.45,34.95,1.70,16150517,558199838,7941
2024-07-05,TWSE,2332,友訊,19.00,19.40,18.85,19.25,0.40,5123750,98455384,2217
2024-07-05,TWSE,2337,旺宏,27.40,28.25,27.00,27.85,0.45,39433106,1090887320,16225
2024-07-05,TWSE,2338,光罩,80.80,81.60,78.90,81.00,0.80,4965317,399819705,4827
2024-07-05,TWSE,2340,台亞,44.10,44.90,43.80,44.20,0.50,3913334,173504277,2393
2024-07-05,TWSE,2342,茂矽,33.40,33.70,33.15,33.45,0.15,507142,16956192,538
2024-07-05,TWSE,2344,華邦電,26.30,26.35,25.95,25.95,-0.35,21430113,557929300,9281
2024-07-05,TWSE,2345,智邦,569.00,570.00,557.00,557.00,-14.00,1836123,1030181874,3367
2024-07-05,TWSE,2347,聯強,73.10,73.10,71.50,72.00,-0.70,11732684,842893521,8013
2024-07-05,TWSE,2348,海悅,257.00,267.50,248.00,250.00,-4.50,2518288,646432932,9124
2024-07-05,TWSE,2348A,海悅甲特,33.80,33.80,33.75,33.75,-0.05,8203,277061,8
2024-07-05,TWSE,2349,錸德,18.15,18.15,18.15,18.15,1.65,25282870,458883656,10735
2024-07-05,TWSE,2351,順德,132.00,132.00,129.00,129.50,-2.00,1133831,147391053,1125
2024-07-05,TWSE,2352,佳世達,39.45,39.45,38.75,39.15,-0.05,20751993,809807597,8384
2024-07-05,TWSE,2353,宏碁,47.30,47.80,47.20,47.30,0.20,16913474,803223133,10469
2024-07-05,TWSE,2354,鴻準,70.40,71.70,69.90,71.50,1.40,26172700,1855459377,15484
2024-07-05,TWSE,2355,敬鵬,49.50,50.80,49.50,50.30,0.90,6944038,349204937,4282
2024-07-05,TWSE,2356,英業達,56.80,58.70,56.40,56.40,0.30,65343040,3747868775,30631
2024-07-05,TWSE,2357,華碩,484.00,486.00,482.50,483.00,1.00,2396974,1160456731,2932
2024-07-05,TWSE,2359,所羅門,178.50,182.00,175.00,175.50,0.50,14750589,2617618419,12419
2024-07-05,TWSE,2360,致茂,315.50,322.00,313.00,319.00,4.00,1665431,528998146,4298
2024-07-05,TWSE,2362,藍天,55.30,55.30,54.20,54.40,0.00,2060617,112613779,1557
2024-07-05,TWSE,2363,矽統,63.50,65.20,61.60,63.90,4.50,149016555,9445159766,73536
2024-07-05,TWSE,2364,倫飛,82.60,86.00,82.60,85.60,2.50,167983,14273846,242
2024-07-05,TWSE,2365,昆盈,53.00,54.10,51.90,54.10,4.85,64474852,3440944656,27747
2024-07-05,TWSE,2367,燿華,38.10,40.70,38.00,38.65,0.95,117951552,4628083987,53518
2024-07-05,TWSE,2368,金像電,218.00,233.00,217.50,229.00,12.00,21601684,4915299900,17825
2024-07-05,TWSE,2369,菱生,24.20,24.85,23.75,24.45,0.55,8618316,210933122,3870
2024-07-05,TWSE,2371,大同,58.00,58.30,56.90,57.40,-0.10,18397486,1056681284,10027
2024-07-05,TWSE,2373,震旦行,72.90,73.00,72.40,72.50,0.00,375883,27331921,495
2024-07-05,TWSE,2374,佳能,52.90,57.50,52.70,57.50,5.20,44847382,2505399391,25348
2024-07-05,TWSE,2375,凱美,71.30,74.40,71.30,73.30,3.10,2526020,185292364,2153
2024-07-05,TWSE,2376,技嘉,304.50,304.50,301.50,301.50,-2.50,6262141,1894402935,7185
2024-07-05,TWSE,2377,微星,183.50,184.00,181.50,182.00,-1.50,4066087,743202966,2992
2024-07-05,TWSE,2379,瑞昱,551.00,554.00,540.00,554.00,4.00,4625845,2539814096,4584
2024-07-05,TWSE,2380,虹光,7.13,7.14,7.10,7.14,0.02,200280,1427288,302
2024-07-05,TWSE,2382,廣達,312.00,316.00,309.00,312.00,3.00,14386413,4491114970,15779
2024-07-05,TWSE,2383,台光電,498.00,515.00,495.50,508.00,14.00,7255222,3687485268,7755
2024-07-05,TWSE,2385,群光,170.00,170.00,165.00,166.50,-2.00,5253003,873869787,3790
2024-07-05,TWSE,2387,精元,61.00,61.10,60.20,60.50,-0.30,1444178,87478133,839
2024-07-05,TWSE,2388,威盛,119.50,124.00,119.50,122.00,3.00,6809439,830857113,4246
2024-07-05,TWSE,2390,云辰,14.15,14.50,14.00,14.40,0.30,1192131,17082272,704
2024-07-05,TWSE,2392,正崴,77.80,81.50,77.10,79.00,2.10,17614266,1393261745,10994
2024-07-05,TWSE,2393,億光,79.30,80.40,78.00,78.00,-1.30,5363463,422839002,3867
2024-07-05,TWSE,2395,研華,372.50,378.00,372.50,374.00,3.00,610835,229023265,856
2024-07-05,TWSE,2397,友通,81.20,87.00,80.10,87.00,7.90,2989011,251881528,1798
2024-07-05,TWSE,2399,映泰,22.50,22.65,22.15,22.60,0.40,1497566,33701578,903
2024-07-05,TWSE,2401,凌陽,36.90,38.65,36.85,38.35,2.05,36759510,1396331226,19060
2024-07-05,TWSE,2402,毅嘉,36.85,38.20,36.85,38.00,1.40,14179193,534417543,7422
2024-07-05,TWSE,2404,漢唐,393.00,393.00,383.00,386.00,-2.50,2194778,848953297,2873
2024-07-05,TWSE,2405,輔信,23.95,25.40,23.50,25.40,2.30,53790470,1347926766,15538
2024-07-05,TWSE,2406,國碩,27.70,28.60,27.15,27.70,0.20,21670898,604636073,10366
2024-07-05,TWSE,2408,南亞科,74.50,74.60,73.20,73.90,-0.20,9913473,731431599,8241
2024-07-05,TWSE,2409,友達,18.10,18.45,18.00,18.45,0.45,55462661,1014497126,11174
2024-07-05,TWSE,2412,中華電,119.00,120.00,119.00,120.00,1.50,17209232,2056545670,11488
2024-07-05,TWSE,2413,環科,24.35,25.00,23.95,24.95,0.60,494723,12202257,312
2024-07-05,TWSE,2414,精技,41.90,42.20,41.70,42.10,0.25,489245,20546421,502
2024-07-05,TWSE,2415,錩新,28.00,28.15,27.55,27.75,-0.25,218448,6094713,335
2024-07-05,TWSE,2417,圓剛,53.00,58.30,53.00,58.30,0.00,21912166,1243250580,11800
2024-07-05,TWSE,2419,仲琦,32.05,32.70,31.85,32.55,0.65,2109752,68377647,1105
2024-07-05,TWSE,2420,新巨,69.30,70.00,68.90,69.40,0.00,427631,29714439,911
2024-07-05,TWSE,2421,建準,109.00,112.00,108.50,111.50,2.50,4103126,454395102,2922
2024-07-05,TWSE,2423,固緯,42.35,42.45,41.80,41.85,-0.40,389062,16387630,393
2024-07-05,TWSE,2424,隴華,29.80,30.40,29.80,30.00,0.25,12121,364047,19
2024-07-05,TWSE,2425,承啟,37.30,38.20,37.30,38.00,0.70,664020,25161460,504
2024-07-05,TWSE,2426,鼎元,19.65,20.00,19.60,19.90,0.30,1739944,34525100,939
2024-07-05,TWSE,2427,三商電,32.55,35.35,32.30,35.35,3.20,40517246,1394503644,16700
2024-07-05,TWSE,2428,興勤,179.50,182.50,179.50,180.50,1.00,376733,68245130,329
2024-07-05,TWSE,2429,銘旺科,40.80,40.80,39.00,39.85,-1.55,843776,33349619,650
2024-07-05,TWSE,2430,燦坤,35.55,35.75,35.50,35.70,0.15,89741,3195950,192
2024-07-05,TWSE,2431,聯昌,13.30,13.65,13.20,13.50,0.25,1058409,14231022,476
2024-07-05,TWSE,2432,倚天酷碁-創,38.30,38.30,38.25,38.25,0.20,2000,76550,2
2024-07-05,TWSE,2433,互盛電,51.00,51.40,51.00,51.30,0.40,75751,3882578,106
2024-07-05,TWSE,2434,統懋,33.60,34.05,33.50,33.85,0.20,14115,477304,24
2024-07-05,TWSE,2436,偉詮電,62.70,63.70,62.10,63.70,1.10,1316598,83060287,1327
2024-07-05,TWSE,2438,翔耀,68.30,68.30,63.70,65.00,-3.00,891760,58355530,633
2024-07-05,TWSE,2439,美律,144.50,146.50,142.00,145.00,1.00,2713887,392581075,3285
2024-07-05,TWSE,2440,太空梭,18.95,19.05,18.25,19.05,0.20,2197123,41306186,1143
2024-07-05,TWSE,2441,超豐,62.80,62.90,62.50,62.70,0.00,341750,21414949,586
2024-07-05,TWSE,2442,新美齊,31.40,31.50,30.95,31.50,0.20,1227306,38262394,640
2024-07-05,TWSE,2444,兆勁,14.25,15.70,14.25,15.55,1.15,3154482,48204072,1419
2024-07-05,TWSE,2449,京元電子,120.00,121.00,117.50,121.00,1.50,16208085,1939840448,9830
2024-07-05,TWSE,2450,神腦,38.20,38.20,38.05,38.15,0.05,98355,3748527,140
2024-07-05,TWSE,2451,創見,118.50,120.50,117.00,119.50,2.50,2619319,313011236,2017
2024-07-05,TWSE,2453,凌群,63.70,68.80,63.60,68.20,4.80,5853016,391627775,3937
2024-07-05,TWSE,2454,聯發科,1380.00,1385.00,1335.00,1350.00,-25.00,7046623,9519975049,26077
2024-07-05,TWSE,2455,全新,179.00,192.50,177.50,188.00,12.50,14407703,2677180626,14064
2024-07-05,TWSE,2457,飛宏,49.65,51.90,49.65,51.30,1.75,6150044,313932515,4066
2024-07-05,TWSE,2458,義隆,156.50,156.50,155.00,155.50,-1.00,1060913,165091405,1101
2024-07-05,TWSE,2459,敦吉,77.70,78.60,77.70,78.10,-0.10,189795,14817886,168
2024-07-05,TWSE,2460,建通,32.80,33.95,32.80,33.45,0.65,720248,24094054,501
2024-07-05,TWSE,2461,光群雷,24.70,25.15,24.55,24.90,0.35,786359,19563436,436
2024-07-05,TWSE,2462,良得電,36.05,36.50,35.95,36.40,0.45,801192,29094258,632
2024-07-05,TWSE,2464,盟立,86.40,90.70,84.10,90.70,8.20,65192565,5724707552,36361
2024-07-05,TWSE,2465,麗臺,123.00,126.00,122.00,122.50,0.00,1516361,187362680,1342
2024-07-05,TWSE,2466,冠西電,37.20,37.20,36.90,37.00,-0.40,17001,630386,16
2024-07-05,TWSE,2467,志聖,208.50,222.50,207.50,212.00,4.50,16815560,3597919379,13736
2024-07-05,TWSE,2468,華經,27.55,27.65,27.20,27.60,0.20,484814,13305669,259
2024-07-05,TWSE,2471,資通,58.50,59.30,58.40,59.30,0.80,377168,22260198,354
2024-07-05,TWSE,2472,立隆電,86.00,87.00,84.90,85.80,0.80,3111509,267689521,2188
2024-07-05,TWSE,2474,可成,228.50,231.50,227.50,230.00,3.00,1235528,283701110,1143
2024-07-05,TWSE,2476,鉅祥,110.50,119.00,110.00,117.00,7.50,11835907,1375645970,7569
2024-07-05,TWSE,2477,美隆電,22.15,22.25,21.90,22.25,0.15,133540,2955910,119
2024-07-05,TWSE,2478,大毅,53.00,53.80,52.80,53.20,0.40,414627,22128316,351
2024-07-05,TWSE,2480,敦陽科,117.50,118.50,117.50,118.00,1.00,259566,30627230,335
2024-07-05,TWSE,2481,強茂,63.90,64.30,62.30,64.00,0.20,7987128,507576185,6724
2024-07-05,TWSE,2482,連宇,42.60,43.35,41.80,43.35,-0.25,4492440,191108188,3804
2024-07-05,TWSE,2483,百容,27.40,27.65,27.00,27.30,-0.15,526568,14351761,318
2024-07-05,TWSE,2484,希華,32.30,32.70,32.25,32.60,0.30,764164,24845727,483
2024-07-05,TWSE,2485,兆赫,21.75,22.35,21.55,22.20,0.65,3703061,81762330,1958
2024-07-05,TWSE,2486,一詮,138.00,151.50,138.00,143.50,5.50,50002146,7247448939,29441
2024-07-05,TWSE,2488,漢平,47.00,47.40,47.00,47.10,0.05,151640,7141055,117
2024-07-05,TWSE,2489,瑞軒,20.25,21.80,20.25,20.90,0.75,31742739,670857116,13181
2024-07-05,TWSE,2491,吉祥全,15.65,15.95,15.45,15.80,0.30,197249,3100258,169
2024-07-05,TWSE,2492,華新科,120.00,122.00,119.00,121.50,2.50,5091615,616218819,3980
2024-07-05,TWSE,2493,揚博,98.00,98.60,97.20,98.50,1.10,575199,56449693,529
2024-07-05,TWSE,2495,普安,35.90,39.20,35.75,38.25,2.60,37362639,1427479753,17812
2024-07-05,TWSE,2496,卓越,73.30,74.60,73.30,74.10,0.80,33366,2472774,35
2024-07-05,TWSE,2497,怡利電,60.70,61.80,60.10,61.70,1.00,777762,47764947,717
2024-07-05,TWSE,2498,宏達電,46.40,49.50,45.85,48.00,2.10,14590759,698595684,8433
2024-07-05,TWSE,2501,國建,31.25,31.25,30.65,30.90,-0.25,3651963,112692494,1978
2024-07-05,TWSE,2504,國產,46.00,46.35,45.30,45.35,-0.25,1976320,90176340,1213
2024-07-05,TWSE,2505,國揚,27.95,28.10,27.75,27.85,-0.05,318013,8854163,409
2024-07-05,TWSE,2506,太設,11.80,11.90,11.75,11.85,0.10,577572,6829427,288
2024-07-05,TWSE,2509,全坤建,23.05,23.35,23.00,23.20,0.15,320064,7426574,356
2024-07-05,TWSE,2511,太子,12.20,12.25,12.10,12.15,-0.05,1521293,18506924,577
2024-07-05,TWSE,2514,龍邦,25.20,26.30,25.15,25.75,0.70,2618950,67205495,1706
2024-07-05,TWSE,2515,中工,15.05,15.10,14.90,15.05,0.00,9194649,138014963,2725
2024-07-05,TWSE,2516,新建,13.10,13.10,12.75,12.85,-0.05,1385911,17784908,488
2024-07-05,TWSE,2520,冠德,58.00,58.10,57.10,57.70,-0.10,2025154,116581266,1472
2024-07-05,TWSE,2524,京城,55.50,55.50,54.10,54.20,-0.80,502879,27492099,458
2024-07-05,TWSE,2527,宏璟,46.30,46.30,45.70,45.80,-0.55,512781,23504205,465
2024-07-05,TWSE,2528,皇普,46.40,46.40,45.65,45.90,0.00,233122,10697760,169
2024-07-05,TWSE,2530,華建,49.95,49.95,49.05,49.25,-0.20,572797,28289295,419
2024-07-05,TWSE,2534,宏盛,26.70,27.15,26.70,26.85,0.10,2250394,60511866,801
2024-07-05,TWSE,2535,達欣工,56.20,57.60,56.20,57.00,0.80,568013,32434273,872
2024-07-05,TWSE,2536,宏普,34.40,34.40,33.90,34.05,-0.30,281737,9587236,173
2024-07-05,TWSE,2537,聯上發,21.10,21.20,20.80,20.85,-0.05,4369198,91570964,1607
2024-07-05,TWSE,2538,基泰,18.35,18.60,18.35,18.40,0.00,954786,17585560,426
2024-07-05,TWSE,2539,櫻花建,77.00,77.60,76.20,76.70,-0.50,779437,59696290,716
2024-07-05,TWSE,2540,愛山林,210.00,214.00,202.00,203.50,-3.00,1814537,377615456,6300
2024-07-05,TWSE,2542,興富發,55.80,55.80,54.90,55.30,0.10,5754266,318207931,4389
2024-07-05,TWSE,2543,皇昌,57.10,62.00,54.10,62.00,5.60,40356078,2361943760,24725
2024-07-05,TWSE,2545,皇翔,58.70,59.00,58.20,58.40,-0.30,442594,25901067,350
2024-07-05,TWSE,2546,根基,94.60,95.20,93.90,94.60,1.00,121565,11496326,206
2024-07-05,TWSE,2547,日勝生,10.75,10.90,10.70,10.75,0.05,1555450,16785070,596
2024-07-05,TWSE,2548,華固,142.00,142.00,138.50,138.50,-3.00,1617082,225417551,1759
2024-07-05,TWSE,2597,潤弘,173.50,173.50,171.50,171.50,-0.50,110547,19031608,1067
2024-07-05,TWSE,2601,益航,8.30,8.34,8.23,8.30,0.00,2499050,20713779,836
2024-07-05,TWSE,2603,長榮,189.00,189.50,184.00,184.00,-4.50,29560310,5483474596,27081
2024-07-05,TWSE,2605,新興,31.20,31.30,30.55,30.80,-0.50,5358331,165207366,2882
2024-07-05,TWSE,2606,裕民,58.70,58.70,56.80,57.00,-2.00,9627741,553191393,7191
2024-07-05,TWSE,2607,榮運,32.05,32.10,31.90,31.95,0.00,2192950,70113410,954
2024-07-05,TWSE,2608,嘉里大榮,40.70,40.95,40.65,40.85,0.15,199707,8140639,208
2024-07-05,TWSE,2609,陽明,74.30,74.40,72.20,72.30,-1.50,44895157,3268322447,27951
2024-07-05,TWSE,2610,華航,24.75,24.80,24.15,24.25,-0.45,54528454,1328721834,16238
2024-07-05,TWSE,2611,志信,29.15,29.30,28.60,28.75,-0.40,3161620,90922388,1878
2024-07-05,TWSE,2612,中航,48.60,48.60,47.65,47.95,-0.60,284202,13618108,273
2024-07-05,TWSE,2613,中櫃,40.50,40.50,39.40,39.80,-0.70,1908335,75855896,1349
2024-07-05,TWSE,2614,東森,20.70,21.35,20.55,21.35,0.75,1832421,38336914,1379
2024-07-05,TWSE,2615,萬海,86.70,86.70,82.70,83.70,-2.70,35577517,2998305904,24761
2024-07-05,TWSE,2616,山隆,24.40,24.50,24.35,24.45,0.05,283144,6916400,439
2024-07-05,TWSE,2617,台航,39.05,39.10,38.00,38.00,-0.90,2869454,109875884,1771
2024-07-05,TWSE,2618,長榮航,37.95,38.05,37.35,37.35,-0.60,119546256,4489289167,35898
2024-07-05,TWSE,2630,亞航,38.60,38.75,38.05,38.25,-0.15,1118871,42757230,680
2024-07-05,TWSE,2633,台灣高鐵,30.70,30.85,30.65,30.70,0.05,3520312,108318881,1731
2024-07-05,TWSE,2634,漢翔,53.60,54.00,53.30,54.00,0.30,6307298,339215342,3275
2024-07-05,TWSE,2636,台驊控股,98.00,98.00,96.10,96.40,-1.20,1088176,105017550,1344
2024-07-05,TWSE,2637,慧洋-KY,72.60,72.60,70.30,70.60,-2.00,4330741,307319118,4414
2024-07-05,TWSE,2642,宅配通,37.05,37.30,37.05,37.25,0.20,84726,3152491,250
2024-07-05,TWSE,2645,長榮航太,113.00,114.00,113.00,113.00,0.00,707739,80307050,569
2024-07-05,TWSE,2701,萬企,13.30,13.40,13.25,13.40,0.10,188741,2515614,116
2024-07-05,TWSE,2702,華園,19.95,20.00,19.70,19.85,-0.05,161277,3200530,307
2024-07-05,TWSE,2704,國賓,72.60,73.60,72.40,72.70,0.20,299840,21868664,236
2024-07-05,TWSE,2705,六福,20.20,20.45,20.20,20.25,0.10,505641,10273482,290
2024-07-05,TWSE,2706,第一店,15.85,15.90,15.80,15.80,-0.05,110399,1748440,149
2024-07-05,TWSE,2707,晶華,211.50,211.50,209.00,209.50,-1.00,226369,47424184,369
2024-07-05,TWSE,2712,遠雄來,30.00,30.00,29.90,29.95,-0.05,24110,722926,21
2024-07-05,TWSE,2722,夏都,56.80,56.80,55.60,55.90,0.20,123090,6879319,128
2024-07-05,TWSE,2723,美食-KY,86.10,86.50,85.80,86.50,0.40,812805,70221184,287
2024-07-05,TWSE,2727,王品,222.00,222.50,220.50,221.00,-1.00,685927,151733677,1643
2024-07-05,TWSE,2731,雄獅,150.50,152.50,150.50,151.50,2.00,768021,116382653,783
2024-07-05,TWSE,2739,寒舍,62.00,62.00,61.20,61.50,0.20,217646,13403689,290
2024-07-05,TWSE,2748,雲品,67.60,68.30,67.60,67.80,0.20,242479,16439424,250
2024-07-05,TWSE,2753,八方雲集,163.00,163.00,162.50,163.00,-0.50,47707,7776646,170
2024-07-05,TWSE,2762,世界健身-KY,90.00,90.10,89.70,90.00,-0.40,99839,8973203,254
2024-07-05,TWSE,2801,彰銀,18.75,18.80,18.70,18.80,0.05,16664419,312649498,4324
2024-07-05,TWSE,2809,京城銀,63.80,64.20,62.30,62.40,-1.30,2548060,160778882,1936
2024-07-05,TWSE,2812,台中銀,18.50,18.60,18.45,18.60,0.10,4406265,81722230,1988
2024-07-05,TWSE,2816,旺旺保,35.40,35.60,35.05,35.30,-0.10,258697,9151583,205
2024-07-05,TWSE,2820,華票,15.20,15.25,15.10,15.10,-0.10,1124544,17033760,494
2024-07-05,TWSE,2832,台產,27.50,27.55,27.40,27.55,0.00,173632,4765966,133
2024-07-05,TWSE,2834,臺企銀,18.80,19.00,18.75,19.00,0.25,24280349,459829085,5697
2024-07-05,TWSE,2836,高雄銀,12.50,12.80,12.50,12.75,0.30,9719243,123050125,1792
2024-07-05,TWSE,2836A,高雄銀甲特,21.40,21.50,21.40,21.50,0.00,6274,134558,11
2024-07-05,TWSE,2838,聯邦銀,16.55,16.65,16.35,16.40,-0.20,5516055,92561441,1003
2024-07-05,TWSE,2838A,聯邦銀甲特,51.40,51.50,51.30,51.50,0.00,230554,11849014,120
2024-07-05,TWSE,2845,遠東銀,17.25,17.30,17.15,17.20,-0.05,2878546,49605543,1114
2024-07-05,TWSE,2849,安泰銀,15.45,15.55,15.40,15.55,0.25,359017,5560494,208
2024-07-05,TWSE,2850,新產,92.50,92.90,92.00,92.10,-0.40,419395,38742479,600
2024-07-05,TWSE,2851,中再保,25.90,25.95,25.70,25.80,-0.15,2451724,63237005,955
2024-07-05,TWSE,2852,第一保,24.55,24.70,24.45,24.65,0.05,281246,6913731,173
2024-07-05,TWSE,2855,統一證,30.05,30.05,29.70,29.70,-0.35,1667927,49761830,2020
2024-07-05,TWSE,2867,三商壽,7.59,7.67,7.46,7.60,0.04,21047822,159515147,4678
2024-07-05,TWSE,2880,華南金,27.10,27.40,27.05,27.05,-0.05,17832137,485711061,6463
2024-07-05,TWSE,2881,富邦金,83.70,85.00,83.70,84.90,1.20,22021489,1864439865,11177
2024-07-05,TWSE,2881A,富邦特,63.30,63.40,63.20,63.40,0.30,170430,10799068,88
2024-07-05,TWSE,2881B,富邦金乙特,59.40,59.50,59.40,59.50,0.00,51283,3046375,41
2024-07-05,TWSE,2881C,富邦金丙特,53.50,53.60,53.40,53.50,0.10,57047,3047984,86
2024-07-05,TWSE,2882,國泰金,61.30,61.50,60.50,61.30,0.60,38281598,2334538219,11377
2024-07-05,TWSE,2882A,國泰特,60.20,60.40,60.20,60.20,0.10,143644,8654740,47
2024-07-05,TWSE,2882B,國泰金乙特,57.50,57.80,57.50,57.80,0.00,274713,15797952,41
2024-07-05,TWSE,2883,凱基金,16.05,16.30,15.90,16.00,0.00,49211965,788934142,11924
2024-07-05,TWSE,2883B,凱基金乙特,7.32,7.35,7.32,7.35,0.01,1326429,9730640,269
2024-07-05,TWSE,2884,玉山金,29.25,29.30,29.05,29.25,0.00,14060979,412899841,6916
2024-07-05,TWSE,2885,元大金,33.00,33.10,32.90,33.00,-0.10,9725455,320936057,3814
2024-07-05,TWSE,2886,兆豐金,42.00,42.40,41.90,42.10,0.15,18854552,793636602,14764
2024-07-05,TWSE,2887,台新新光金,19.30,19.35,19.25,19.25,-0.05,8548002,166771870,4639
2024-07-05,TWSE,2887E,台新新光戊特一,50.90,51.00,50.90,51.00,0.10,58690,2989039,48
2024-07-05,TWSE,2887F,台新新光戊特二,45.80,45.80,45.75,45.75,-0.05,47547,2176759,20
2024-07-05,TWSE,2887Z1,台新新光己特,16.10,16.10,16.05,16.10,0.00,159876,2573133,101
2024-07-05,TWSE,2888,新光金,10.25,10.25,9.80,10.15,-0.25,214226696,2149849888,24021
2024-07-05,TWSE,2888A,新光金甲特,30.30,30.35,30.25,30.35,0.05,47194,1429684,46
2024-07-05,TWSE,2888B,新光金乙特,30.65,30.70,30.60,30.70,0.10,58947,1806674,43
2024-07-05,TWSE,2889,國票金,16.95,17.05,16.85,16.95,0.00,7201516,121919385,2290
2024-07-05,TWSE,2890,永豐金,26.60,26.70,26.35,26.40,-0.20,7725976,204528223,3377
2024-07-05,TWSE,2891,中信金,39.95,40.20,39.70,40.05,0.30,79226637,3169912766,17147
2024-07-05,TWSE,2891B,中信金乙特,60.40,60.70,60.30,60.70,0.30,53178,3215105,65
2024-07-05,TWSE,2891C,中信金丙特,58.30,58.70,58.30,58.70,0.00,6961,407031,29
2024-07-05,TWSE,2892,第一金,28.55,28.65,28.50,28.60,0.00,6146975,175617490,3800
2024-07-05,TWSE,2897,王道銀行,10.75,10.80,10.65,10.70,-0.05,6181784,66225369,955
2024-07-05,TWSE,2897A,王道銀甲特,10.60,10.65,10.60,10.60,0.00,360591,3824785,36
2024-07-05,TWSE,2901,欣欣,27.75,27.75,27.75,27.75,-0.05,2585,71830,45
2024-07-05,TWSE,2903,遠百,35.55,35.60,34.60,34.70,-0.75,36438371,1224387261,2503
2024-07-05,TWSE,2904,匯僑,19.20,19.25,19.15,19.20,0.00,39374,755526,41
2024-07-05,TWSE,2905,三商,17.00,17.25,16.90,17.10,0.00,881821,15074168,480
2024-07-05,TWSE,2906,高林,23.80,23.95,23.20,23.35,0.05,1711642,40320889,925
2024-07-05,TWSE,2908,特力,21.05,21.05,20.75,20.75,-0.10,215280,4496770,76
2024-07-05,TWSE,2910,統領,27.40,27.45,27.40,27.45,-0.05,2000,54850,2
2024-07-05,TWSE,2911,麗嬰房,7.90,8.47,7.70,8.47,0.77,2637824,21907931,1837
2024-07-05,TWSE,2912,統一超,277.50,279.00,277.00,279.00,2.00,1025309,285332016,1456
2024-07-05,TWSE,2913,農林,23.15,23.40,23.00,23.10,0.10,9463226,219184621,4058
2024-07-05,TWSE,2915,潤泰全,71.60,71.70,70.70,70.90,-0.30,2807020,199391385,3263
2024-07-05,TWSE,2923,鼎固-KY,31.10,32.00,31.10,31.90,0.15,10717,340700,46
2024-07-05,TWSE,2929,淘帝-KY,9.54,9.72,9.47,9.64,0.27,905935,8715977,429
2024-07-05,TWSE,2939,永邑-KY,24.15,24.15,23.95,24.10,0.15,11137,268373,19
2024-07-05,TWSE,2945,三商家購,44.70,44.70,43.85,43.85,0.00,17356,768259,48
2024-07-05,TWSE,3002,歐格,16.55,17.25,16.40,17.00,0.60,905157,15310044,482
2024-07-05,TWSE,3003,健和興,75.50,76.30,75.40,76.10,1.00,261725,19889674,336
2024-07-05,TWSE,3004,豐達科,103.00,103.50,102.50,102.50,-0.50,183732,18907607,174
2024-07-05,TWSE,3005,神基,121.50,121.50,117.00,117.00,-4.00,8660894,1024345893,12844
2024-07-05,TWSE,3006,晶豪科,102.00,103.00,100.50,101.00,-0.50,2897370,294118880,2408
2024-07-05,TWSE,3008,大立光,2850.00,2970.00,2850.00,2895.00,55.00,1784339,5182647870,7213
2024-07-05,TWSE,3010,華立,149.00,157.00,147.50,148.00,2.00,6878336,1044994869,4912
2024-07-05,TWSE,3011,今皓,29.35,29.35,28.95,28.95,-0.40,511267,14832150,328
2024-07-05,TWSE,3013,晟銘電,89.10,90.00,88.00,90.00,1.00,7326079,651754944,5139
2024-07-05,TWSE,3014,聯陽,184.50,184.50,179.50,179.50,-4.50,2239896,404798906,2117
2024-07-05,TWSE,3015,全漢,61.50,62.70,60.90,62.20,1.20,760800,47235288,554
2024-07-05,TWSE,3016,嘉晶,67.60,72.50,67.60,71.70,4.10,5825452,411782502,4346
2024-07-05,TWSE,3017,奇鋐,759.00,767.00,748.00,764.00,12.00,7951054,6030438595,10116
2024-07-05,TWSE,3018,隆銘綠能,21.35,24.30,21.35,24.00,0.50,304421,6824637,528
2024-07-05,TWSE,3019,亞光,74.70,76.00,74.00,76.00,6.90,4738745,358600420,2544
2024-07-05,TWSE,3021,鴻名,26.15,27.20,26.15,26.90,0.75,818679,21979360,647
2024-07-05,TWSE,3022,威強電,83.70,85.20,83.60,84.50,0.80,1119281,94692441,1354
2024-07-05,TWSE,3023,信邦,294.00,294.00,290.00,290.50,-3.50,652152,190319813,2556
2024-07-05,TWSE,3024,憶聲,22.10,22.75,22.10,22.40,0.40,3665311,82402981,1416
2024-07-05,TWSE,3025,星通,74.20,75.90,73.00,74.00,0.60,2980267,222195745,2352
2024-07-05,TWSE,3026,禾伸堂,94.50,94.50,93.50,93.90,0.00,213857,20049967,237
2024-07-05,TWSE,3027,盛達,42.10,42.60,41.90,42.10,0.30,1060970,44784900,757
2024-07-05,TWSE,3028,增你強,35.90,35.95,35.70,35.90,0.05,533729,19134067,354
2024-07-05,TWSE,3029,零壹,104.00,106.50,102.00,106.00,2.00,1928816,202569485,1995
2024-07-05,TWSE,3030,德律,173.00,174.00,168.00,172.00,0.50,2701288,461596765,3214
2024-07-05,TWSE,3031,佰鴻,23.05,23.30,22.90,23.25,0.30,628138,14511646,375
2024-07-05,TWSE,3032,偉訓,72.50,74.00,72.50,73.60,1.30,935090,68684367,710
2024-07-05,TWSE,3033,威健,38.45,38.70,38.25,38.55,0.25,3274771,125796525,1797
2024-07-05,TWSE,3034,聯詠,620.00,622.00,616.00,618.00,-2.00,2392414,1481272523,3087
2024-07-05,TWSE,3035,智原,344.00,353.00,344.00,351.00,10.00,13149594,4591334931,12545
2024-07-05,TWSE,3036,文曄,120.50,121.50,119.00,119.50,-0.50,4240867,508715217,3076
2024-07-05,TWSE,3036A,文曄甲特,47.20,47.30,47.20,47.25,0.05,56072,2647901,32
2024-07-05,TWSE,3037,欣興,182.50,183.50,178.50,178.50,-3.00,14629696,2625056828,11914
2024-07-05,TWSE,3038,全台,30.45,31.05,30.45,30.90,0.55,685731,21177519,480
2024-07-05,TWSE,3040,遠見,34.20,34.20,33.30,33.65,-0.35,92993,3141487,382
2024-07-05,TWSE,3041,揚智,23.40,23.60,22.65,23.55,0.35,2339341,54513060,1287
2024-07-05,TWSE,3042,晶技,116.00,118.50,115.50,116.00,1.00,5503321,644976514,2950
2024-07-05,TWSE,3043,科風,37.85,37.85,36.60,37.35,0.55,554337,20622256,658
2024-07-05,TWSE,3044,健鼎,224.00,225.00,222.50,225.00,2.00,2569985,575874021,2380
2024-07-05,TWSE,3045,台灣大,111.00,116.00,109.50,116.00,5.00,51369653,5846406244,12802
2024-07-05,TWSE,3046,建碁,62.70,64.40,62.70,63.80,1.10,322334,20524359,267
2024-07-05,TWSE,3047,訊舟,36.00,39.20,35.40,39.20,3.55,66898086,2520138828,29491
2024-07-05,TWSE,3048,益登,53.80,54.60,50.90,52.50,2.80,59633384,3160206866,33045
2024-07-05,TWSE,3049,精金,9.37,9.54,9.25,9.41,0.06,5618167,53041986,2078
2024-07-05,TWSE,3050,鈺德,24.00,25.80,23.70,25.05,1.50,20476163,507302248,8484
2024-07-05,TWSE,3051,力特,31.95,32.35,31.70,32.25,0.30,667441,21415283,482
2024-07-05,TWSE,3052,夆典,13.40,13.40,13.25,13.35,0.00,524142,6984022,219
2024-07-05,TWSE,3054,立萬利,20.35,20.60,20.30,20.60,-0.05,19000,387350,11
2024-07-05,TWSE,3055,蔚華科,92.60,99.20,92.00,96.90,0.00,8126606,782046291,5472
2024-07-05,TWSE,3056,富華新,35.60,35.80,35.10,35.30,-0.40,1798880,63629978,1892
2024-07-05,TWSE,3057,喬鼎,17.35,17.90,16.80,17.40,-0.30,3143770,54438244,1654
2024-07-05,TWSE,3058,立德,20.25,20.80,20.25,20.35,0.10,2169625,44578420,1077
2024-07-05,TWSE,3059,華晶科,41.30,42.50,41.30,41.90,0.65,8060884,338982690,4838
2024-07-05,TWSE,3060,銘異,33.90,34.55,33.60,34.35,0.60,5408383,185061380,2894
2024-07-05,TWSE,3062,建漢,31.00,32.00,30.45,31.35,0.35,15835064,494919996,8272
2024-07-05,TWSE,3090,日電貿,64.20,65.50,64.20,65.10,1.00,877938,57145429,750
2024-07-05,TWSE,3092,鴻碩,33.20,33.60,33.15,33.35,0.15,253841,8478423,303
2024-07-05,TWSE,3094,聯傑,32.00,35.05,31.90,35.05,3.15,6389707,221231037,3441
2024-07-05,TWSE,3130,一零四,236.50,238.00,236.50,237.50,1.50,31519,7485562,163
2024-07-05,TWSE,3138,耀登,128.00,130.50,126.50,128.50,1.50,213259,27441841,245
2024-07-05,TWSE,3149,正達,30.90,32.70,30.85,32.00,1.50,4847997,153895755,2960
2024-07-05,TWSE,3150,鈺寶-創,40.85,42.00,40.30,41.95,1.15,103837,4248515,57
2024-07-05,TWSE,3164,景岳,23.75,23.95,23.75,23.90,0.15,40433,966523,103
2024-07-05,TWSE,3167,大量,74.50,76.60,72.60,74.10,0.50,2414017,179940394,1861
2024-07-05,TWSE,3168,眾福科,58.70,59.80,58.40,59.50,1.10,184246,10889589,126
2024-07-05,TWSE,3189,景碩,91.00,92.80,90.80,92.70,2.50,9333656,858865226,6374
2024-07-05,TWSE,3209,全科,37.00,37.65,36.95,37.65,0.70,1731682,64742455,1156
2024-07-05,TWSE,3229,晟鈦,32.15,32.15,31.10,32.15,2.90,1034400,33178121,564
2024-07-05,TWSE,3231,緯創,109.50,110.00,108.50,109.00,0.00,14833816,1614794019,9465
2024-07-05,TWSE,3257,虹冠電,60.00,61.30,60.00,61.20,1.30,294008,17910175,275
2024-07-05,TWSE,3266,昇陽,26.05,26.05,25.40,25.70,-0.25,522238,13410568,443
2024-07-05,TWSE,3296,勝德,30.10,32.85,29.75,32.05,2.15,5209929,165945399,3365
2024-07-05,TWSE,3305,昇貿,78.10,79.20,77.50,79.10,1.30,1581007,124217224,1186
2024-07-05,TWSE,3308,聯德,29.15,29.75,29.00,29.35,0.20,292806,8586652,382
2024-07-05,TWSE,3311,閎暉,40.00,40.15,39.95,40.10,0.15,126557,5067973,112
2024-07-05,TWSE,3312,弘憶股,93.40,95.80,92.50,93.10,0.90,23079483,2170321042,15467
2024-07-05,TWSE,3321,同泰,25.50,25.75,23.70,24.30,-0.55,1755937,43358217,1182
2024-07-05,TWSE,3338,泰碩,85.70,91.20,85.70,90.30,4.80,9502921,848619624,7079
2024-07-05,TWSE,3346,麗清,43.00,43.45,42.75,43.40,0.40,619120,26764587,514
2024-07-05,TWSE,3356,奇偶,73.90,74.30,73.00,73.10,-0.90,3052576,224209718,2612
2024-07-05,TWSE,3376,新日興,220.50,225.50,218.00,218.50,-0.50,4641671,1025458525,12236
2024-07-05,TWSE,3380,明泰,36.00,36.45,35.90,36.30,0.55,3329939,120595847,1854
2024-07-05,TWSE,3406,玉晶光,632.00,636.00,600.00,611.00,-21.00,5379044,3302626182,10011
2024-07-05,TWSE,3413,京鼎,392.50,403.00,384.50,397.50,10.00,3716243,1469953703,4267
2024-07-05,TWSE,3416,融程電,151.00,152.00,151.00,152.00,1.00,91867,13913628,125
2024-07-05,TWSE,3419,譁裕,19.80,20.10,19.55,19.95,0.40,1443009,28676542,746
2024-07-05,TWSE,3432,台端,29.55,29.70,28.70,29.00,0.30,411646,12055166,340
2024-07-05,TWSE,3437,榮創,28.00,29.35,28.00,28.80,0.80,1785859,51412833,1148
2024-07-05,TWSE,3443,創意,1615.00,1625.00,1590.00,1600.00,-15.00,1746637,2800069010,3199
2024-07-05,TWSE,3447,展達,34.40,34.70,34.20,34.65,0.30,75378,2593891,92
2024-07-05,TWSE,3450,聯鈞,142.00,149.00,137.50,143.50,2.50,46583758,6694011565,29199
2024-07-05,TWSE,3454,晶睿,138.00,141.00,138.00,140.00,2.00,345460,48313329,446
2024-07-05,TWSE,3481,群創,15.00,15.15,14.75,15.10,0.20,114603971,1718425322,22952
2024-07-05,TWSE,3494,誠研,7.09,7.09,7.00,7.03,-0.06,199868,1408707,68
2024-07-05,TWSE,3501,維熹,78.50,79.00,78.00,78.60,0.00,402921,31691591,300
2024-07-05,TWSE,3504,揚明光,61.50,64.40,61.50,63.40,2.50,1355104,86113882,1278
2024-07-05,TWSE,3515,華擎,234.00,234.00,228.50,229.00,-1.00,406743,93822814,469
2024-07-05,TWSE,3518,柏騰,30.50,31.40,30.50,31.20,0.75,526788,16374074,353
2024-07-05,TWSE,3528,安馳,51.20,51.20,50.30,50.90,0.50,98798,5007287,104
2024-07-05,TWSE,3530,晶相光,104.00,105.50,103.50,104.50,1.00,280845,29365190,280
2024-07-05,TWSE,3532,台勝科,182.00,186.00,180.00,185.00,5.50,2658268,487999298,2500
2024-07-05,TWSE,3533,嘉澤,1595.00,1605.00,1565.00,1580.00,15.00,794258,1255867115,1725
2024-07-05,TWSE,3535,晶彩科,58.00,59.40,56.70,59.40,5.40,22534669,1315382750,9573
2024-07-05,TWSE,3543,州巧,22.85,22.95,22.80,22.90,0.10,206405,4712059,123
2024-07-05,TWSE,3545,敦泰,87.40,88.30,86.30,87.50,1.00,1559565,136357313,1355
2024-07-05,TWSE,3550,聯穎,16.10,16.20,15.95,16.20,0.10,240834,3875963,147
2024-07-05,TWSE,3557,嘉威,75.50,76.10,75.20,75.90,0.20,131036,9921181,257
2024-07-05,TWSE,3563,牧德,410.00,417.00,399.50,403.50,-9.00,830365,337043927,1200
2024-07-05,TWSE,3576,聯合再生,15.00,15.20,14.65,14.85,-0.25,38459773,574491115,12350
2024-07-05,TWSE,3583,辛耘,411.50,451.50,408.50,451.50,41.00,12848922,5626211386,12785
2024-07-05,TWSE,3588,通嘉,90.10,94.50,89.30,93.50,3.60,1761921,163190804,1467
2024-07-05,TWSE,3591,艾笛森,32.45,33.40,31.55,31.85,-0.15,5165957,167403841,2963
2024-07-05,TWSE,3592,瑞鼎,405.00,407.50,399.00,403.50,1.50,450657,181125246,896
2024-07-05,TWSE,3593,力銘,13.55,14.90,13.40,14.90,1.35,480569,6903244,388
2024-07-05,TWSE,3596,智易,166.00,166.00,163.00,164.50,-0.50,1292323,212312611,1099
2024-07-05,TWSE,3605,宏致,48.75,50.40,48.10,49.90,1.45,1815780,89842505,1250
2024-07-05,TWSE,3607,谷崧,19.75,20.35,19.50,19.85,0.25,3233248,64609491,1456
2024-07-05,TWSE,3617,碩天,302.00,312.00,285.50,292.50,-6.50,3119729,928448136,5707
2024-07-05,TWSE,3622,洋華,77.90,79.70,76.50,77.50,0.00,3858580,299518508,3501
2024-07-05,TWSE,3645,達邁,44.90,45.85,44.70,45.65,1.20,3812307,172061897,1693
2024-07-05,TWSE,3652,精聯,51.00,51.20,48.80,49.20,-1.30,1223070,60969698,944
2024-07-05,TWSE,3653,健策,1215.00,1335.00,1215.00,1320.00,105.00,1030049,1333065310,1932
2024-07-05,TWSE,3661,世芯-KY,2615.00,2625.00,2510.00,2525.00,-90.00,2928024,7463372970,14219
2024-07-05,TWSE,3665,貿聯-KY,384.00,388.50,380.50,385.00,1.50,3937601,1513539205,2960
2024-07-05,TWSE,3669,圓展,55.30,60.50,55.30,60.50,5.50,3598555,215212542,2523
2024-07-05,TWSE,3673,TPK-KY,43.55,45.50,43.00,44.60,1.00,15677482,697435250,8330
2024-07-05,TWSE,3679,新至陞,131.00,132.00,130.50,130.50,-1.50,92504,12135920,134
2024-07-05,TWSE,3686,達能,29.65,30.90,29.00,30.05,-0.20,2424657,72102806,1862
2024-07-05,TWSE,3694,海華,50.80,52.70,50.30,52.20,1.70,1879649,97428072,1249
2024-07-05,TWSE,3701,大眾控,51.90,52.60,51.00,52.40,0.40,539755,28061863,459
2024-07-05,TWSE,3702,大聯大,93.70,93.70,91.70,92.60,-1.10,4814780,445924959,3934
2024-07-05,TWSE,3702A,大聯大甲特,48.95,49.00,48.90,48.90,-0.05,184983,9052554,68
2024-07-05,TWSE,3703,欣陸,36.05,36.20,35.70,35.75,-0.30,1961837,70310619,1474
2024-07-05,TWSE,3704,合勤控,40.00,40.20,39.80,40.15,0.00,1033717,41368046,785
2024-07-05,TWSE,3705,永信,52.00,52.30,51.80,52.30,0.30,247023,12869454,233
2024-07-05,TWSE,3706,神達,44.70,46.00,44.65,45.90,1.30,12085402,550193764,6619
2024-07-05,TWSE,3708,上緯投控,144.50,155.50,144.50,153.00,11.00,9340533,1403576622,7026
2024-07-05,TWSE,3711,日月光投控,167.50,169.00,165.00,168.50,2.50,7482565,1252512528,6137
2024-07-05,TWSE,3712,永崴投控,57.20,57.80,55.80,57.00,0.20,4057627,230789319,3148
2024-07-05,TWSE,3714,富采,45.25,46.30,44.70,46.30,1.35,5623558,257508186,3881
2024-07-05,TWSE,3715,定穎投控,64.00,65.30,63.30,64.90,1.10,5034425,324965157,3759
2024-07-05,TWSE,4104,佳醫,90.00,90.20,90.00,90.00,-0.20,99280,8941971,200
2024-07-05,TWSE,4106,雃博,29.00,29.15,28.85,29.10,0.10,249834,7255787,213
2024-07-05,TWSE,4108,懷特,20.15,20.25,20.00,20.25,0.10,571323,11496144,491
2024-07-05,TWSE,4119,旭富,92.00,92.00,90.90,91.30,0.10,194265,17741213,227
2024-07-05,TWSE,4133,亞諾法,33.90,34.15,33.70,34.05,0.25,286457,9713809,339
2024-07-05,TWSE,4137,麗豐-KY,157.00,157.50,156.00,157.50,0.50,106138,16615203,185
2024-07-05,TWSE,4142,國光生,28.65,28.65,28.40,28.45,-0.05,849482,24212212,502
2024-07-05,TWSE,4148,全宇生技-KY,49.55,50.50,48.95,50.50,1.20,42000,2093250,41
2024-07-05,TWSE,4155,訊映,25.50,25.65,25.30,25.55,0.10,336829,8564370,381
2024-07-05,TWSE,4164,承業醫,52.10,53.00,52.10,52.30,-0.10,421255,22112631,366
2024-07-05,TWSE,4190,佐登-KY,52.50,52.50,52.00,52.30,0.20,88491,4616174,87
2024-07-05,TWSE,4306,炎洲,21.65,21.85,21.45,21.65,-0.05,4554879,98598724,1819
2024-07-05,TWSE,4414,如興,2.98,2.98,2.91,2.93,0.00,1083198,3172293,197
2024-07-05,TWSE,4426,利勤,16.30,16.55,16.30,16.55,0.05,120153,1979738,107
2024-07-05,TWSE,4438,廣越,115.50,115.50,114.50,114.50,-0.50,67527,7753624,57
2024-07-05,TWSE,4439,冠星-KY,110.00,111.00,110.00,110.50,0.50,7097,783717,11
2024-07-05,TWSE,4440,宜新實業,27.40,27.40,26.80,27.25,-0.15,168788,4573799,108
2024-07-05,TWSE,4526,東台,32.90,35.65,32.90,35.65,3.20,12143969,418313909,6623
2024-07-05,TWSE,4532,瑞智,29.95,30.75,29.85,30.65,0.95,4772380,144919423,2426
2024-07-05,TWSE,4536,拓凱,200.50,201.50,199.50,199.50,-1.00,153521,30759963,2335
2024-07-05,TWSE,4540,全球傳動,36.00,38.00,35.40,37.10,2.30,5315759,195164391,4832
2024-07-05,TWSE,4545,銘鈺,60.10,66.40,59.50,66.40,6.00,3660137,233941445,2475
2024-07-05,TWSE,4551,智伸科,110.50,111.50,109.00,110.00,-1.50,139922,15390871,129
2024-07-05,TWSE,4552,力達-KY,28.30,28.55,28.30,28.50,0.20,246652,7012254,157
2024-07-05,TWSE,4555,氣立,60.90,62.50,60.40,62.00,1.00,205518,12614114,277
2024-07-05,TWSE,4557,永新-KY,115.50,116.00,113.50,114.50,0.00,150367,17242304,181
2024-07-05,TWSE,4560,強信-KY,37.20,37.50,37.05,37.20,0.00,256000,9533550,58
2024-07-05,TWSE,4562,穎漢,72.30,72.90,68.30,72.90,6.60,24001502,1705359639,11905
2024-07-05,TWSE,4564,元翎,23.75,24.40,23.75,24.40,0.70,1289883,31205800,734
2024-07-05,TWSE,4566,時碩工業,92.80,93.40,90.30,91.00,-1.30,7724216,708655268,5124
2024-07-05,TWSE,4569,六方科-KY,101.00,101.50,100.50,100.50,1.30,20203,2044104,17
2024-07-05,TWSE,4571,鈞興-KY,129.00,138.00,129.00,133.00,5.50,1390104,186813903,1293
2024-07-05,TWSE,4572,駐龍,160.00,164.50,159.00,163.00,3.50,253162,41124569,304
2024-07-05,TWSE,4576,大銀微系統,79.00,83.90,78.30,80.40,2.20,1727691,141106608,1477
2024-07-05,TWSE,4581,光隆精密-KY,63.30,63.30,63.10,63.20,0.00,10015,633048,13
2024-07-05,TWSE,4583,台灣精銳,281.50,291.50,281.00,291.50,10.00,168739,48502529,294
2024-07-05,TWSE,4588,玖鼎電力,123.50,128.00,120.00,121.50,-2.00,2008712,247987050,1676
2024-07-05,TWSE,4720,德淵,24.80,25.05,24.30,24.40,0.20,2641512,65083268,1580
2024-07-05,TWSE,4722,國精化,53.10,53.10,52.00,52.50,-0.40,272695,14299862,301
2024-07-05,TWSE,4736,泰博,169.00,169.50,168.00,168.00,-1.00,138865,23392359,251
2024-07-05,TWSE,4737,華廣,69.90,69.90,69.30,69.30,0.10,43021,2986057,39
2024-07-05,TWSE,4739,康普,71.50,73.40,71.00,72.90,1.50,1004098,72684497,1087
2024-07-05,TWSE,4746,台耀,102.00,105.00,101.50,104.50,3.00,1972824,204457139,1535
2024-07-05,TWSE,4755,三福化,145.50,147.50,145.00,146.50,2.50,524192,76849984,626
2024-07-05,TWSE,4763,材料*-KY,920.00,927.00,907.00,907.00,-11.00,1013877,927199729,4343
2024-07-05,TWSE,4764,雙鍵,44.00,44.40,43.60,44.25,0.65,49558,2181227,78
2024-07-05,TWSE,4766,南寶,350.00,351.00,346.50,348.50,0.50,319343,111465384,389
2024-07-05,TWSE,4770,上品,429.00,431.50,411.50,414.00,-15.00,444015,185595754,870
2024-07-05,TWSE,4771,望隼,282.00,283.50,276.50,279.00,-4.50,363707,101699471,608
2024-07-05,TWSE,4807,日成-KY,17.20,17.75,17.10,17.50,0.40,37254,647248,40
2024-07-05,TWSE,4904,遠傳,91.10,93.60,90.00,91.00,-0.10,22175286,2038221231,11275
2024-07-05,TWSE,4906,正文,39.60,40.95,39.35,39.80,0.45,16678298,669087689,8764
2024-07-05,TWSE,4912,聯德控股-KY,122.50,123.50,121.00,123.00,0.50,267548,32805987,214
2024-07-05,TWSE,4915,致伸,90.60,91.90,89.80,90.00,0.20,3999732,363082040,3919
2024-07-05,TWSE,4916,事欣科,30.40,31.65,30.40,31.45,1.05,1301792,40712798,864
2024-07-05,TWSE,4919,新唐,126.50,128.50,125.00,128.50,2.50,6718454,853996076,3345
2024-07-05,TWSE,4927,泰鼎-KY,38.15,39.20,38.15,39.05,0.90,1002419,38829478,635
2024-07-05,TWSE,4930,燦星網,33.70,33.90,33.55,33.75,0.05,92945,3133024,157
2024-07-05,TWSE,4934,太極,25.60,25.75,25.10,25.30,-0.15,1533320,38896407,1003
2024-07-05,TWSE,4935,茂林-KY,64.20,65.50,64.10,65.10,0.90,132956,8622617,160
2024-07-05,TWSE,4938,和碩,107.00,107.00,103.50,103.50,-3.00,7727871,807335730,4752
2024-07-05,TWSE,4942,嘉彰,47.55,47.90,47.55,47.80,0.25,284289,13579804,206
2024-07-05,TWSE,4943,康控-KY,20.45,20.85,20.25,20.70,0.20,18670,380859,42
2024-07-05,TWSE,4949,有成精密,31.95,31.95,30.30,30.95,-0.45,423206,13074318,406
2024-07-05,TWSE,4952,凌通,64.60,67.70,64.60,67.20,3.10,2172107,144360082,1771
2024-07-05,TWSE,4956,光鋐,27.50,27.85,27.10,27.15,-0.30,2538130,69592248,1478
2024-07-05,TWSE,4958,臻鼎-KY,139.00,142.50,137.00,141.00,2.00,21557495,3005711564,10849
2024-07-05,TWSE,4960,誠美材,14.55,16.00,14.55,15.90,1.35,32768729,515390110,8877
2024-07-05,TWSE,4961,天鈺,277.50,278.50,267.00,267.00,-10.50,3488917,941583297,11402
2024-07-05,TWSE,4967,十銓,150.00,155.50,148.00,150.50,8.00,29896939,4539459356,19033
2024-07-05,TWSE,4968,立積,242.00,249.00,234.00,243.00,12.50,17743708,4304504706,16502
2024-07-05,TWSE,4976,佳凌,53.50,57.90,53.30,57.90,5.20,9417511,532843271,4838
2024-07-05,TWSE,4977,眾達-KY,80.30,83.40,80.30,82.20,2.00,2060789,169886667,1573
2024-07-05,TWSE,4989,榮科,25.05,25.35,25.05,25.30,0.30,163669,4124410,129
2024-07-05,TWSE,4994,傳奇,118.00,118.00,115.00,115.00,-2.00,181608,21121359,234
2024-07-05,TWSE,4999,鑫禾,35.50,35.70,35.50,35.70,0.20,56654,2018076,140
2024-07-05,TWSE,5007,三星,57.00,57.00,56.80,57.00,0.30,49135,2795536,44
2024-07-05,TWSE,5203,訊連,106.50,111.00,106.50,110.00,4.00,925139,101534070,839
2024-07-05,TWSE,5215,科嘉-KY,54.60,54.60,53.50,53.50,0.10,146753,7881368,122
2024-07-05,TWSE,5222,全訊,161.50,162.00,160.50,160.50,-1.00,399038,64187832,485
2024-07-05,TWSE,5225,東科-KY,116.00,118.00,114.00,118.00,2.00,1298282,151120822,951
2024-07-05,TWSE,5234,達興材料,145.00,152.00,145.00,151.00,7.00,1829209,273858538,1538
2024-07-05,TWSE,5243,乙盛-KY,69.60,71.00,69.30,69.50,0.00,5009505,349867514,5439
2024-07-05,TWSE,5244,弘凱,48.50,50.40,48.50,49.90,1.45,433620,21593047,284
2024-07-05,TWSE,5258,虹堡,132.00,134.00,132.00,134.00,2.50,1365539,181787793,1413
2024-07-05,TWSE,5269,祥碩,1995.00,2015.00,1975.00,1975.00,-25.00,998498,1987759340,2399
2024-07-05,TWSE,5283,禾聯碩,106.00,106.00,104.50,105.50,-0.50,402041,42279121,499
2024-07-05,TWSE,5284,jpp-KY,132.00,133.00,130.50,132.00,1.50,585305,77073896,424
2024-07-05,TWSE,5285,界霖,69.80,69.80,69.10,69.60,0.20,112046,7790569,106
2024-07-05,TWSE,5288,豐祥-KY,205.00,206.50,205.00,205.00,0.00,23001,4724706,22
2024-07-05,TWSE,5292,華懋,178.00,182.00,176.50,182.00,4.50,417669,75114913,407
2024-07-05,TWSE,5306,桂盟,138.50,140.50,137.00,139.50,0.50,269287,37504717,207
2024-07-05,TWSE,5388,中磊,119.00,121.00,118.50,119.00,0.50,3892432,464896155,2705
2024-07-05,TWSE,5434,崇越,275.00,276.00,270.00,271.00,-3.50,625098,169979070,1046
2024-07-05,TWSE,5469,瀚宇博,57.00,57.10,55.60,56.10,-0.90,12526189,701517150,6597
2024-07-05,TWSE,5471,松翰,52.30,53.20,52.20,53.20,1.10,643651,34022033,486
2024-07-05,TWSE,5484,慧友,117.00,118.50,108.00,118.50,10.50,10626465,1226980690,9466
2024-07-05,TWSE,5515,建國,23.50,23.60,23.10,23.45,0.00,790459,18444067,425
2024-07-05,TWSE,5519,隆大,47.90,48.30,47.45,48.25,0.75,932859,44571024,641
2024-07-05,TWSE,5521,工信,12.65,12.70,12.45,12.50,-0.10,4000425,50102945,934
2024-07-05,TWSE,5522,遠雄,86.50,86.50,84.70,84.90,-1.00,815399,69758178,1179
2024-07-05,TWSE,5525,順天,38.20,38.20,37.50,37.60,-0.65,147522,5567714,278
2024-07-05,TWSE,5531,鄉林,11.20,11.25,10.90,10.95,-0.15,1827841,20098903,665
2024-07-05,TWSE,5533,皇鼎,24.05,24.30,24.05,24.30,0.30,1211120,29262854,457
2024-07-05,TWSE,5534,長虹,116.50,116.50,114.50,116.50,0.50,832043,96210053,762
2024-07-05,TWSE,5538,東明-KY,31.60,31.80,31.25,31.25,-0.65,39116,1224391,53
2024-07-05,TWSE,5546,永固-KY,30.50,30.90,30.50,30.75,0.25,9000,276850,9
2024-07-05,TWSE,5607,遠雄港,59.10,59.70,58.90,59.50,0.50,1296167,77019958,1385
2024-07-05,TWSE,5608,四維航,21.60,21.80,21.20,21.35,-0.25,3130432,66739732,1627
2024-07-05,TWSE,5706,鳳凰,69.80,71.10,69.00,70.60,0.00,1619782,113657100,1492
2024-07-05,TWSE,5871,中租-KY,158.50,159.00,156.50,157.00,-1.00,5190062,816125209,4768
2024-07-05,TWSE,5871A,中租-KY甲特,97.70,97.70,97.60,97.60,-0.10,105174,10268998,28
2024-07-05,TWSE,5876,上海商銀,46.30,46.35,45.90,46.15,-0.15,4500150,207235454,2445
2024-07-05,TWSE,5880,合庫金,26.50,26.60,26.50,26.55,0.00,7286595,193424125,4611
2024-07-05,TWSE,5906,台南-KY,64.20,64.20,63.40,64.20,0.00,58046,3686851,32
2024-07-05,TWSE,5907,大洋-KY,9.85,9.91,9.80,9.85,0.00,152379,1501053,82
2024-07-05,TWSE,6005,群益證,25.35,25.40,25.10,25.10,-0.20,7297955,183635710,3212
2024-07-05,TWSE,6024,群益期,58.60,58.60,57.30,57.80,-0.90,670612,38722617,635
2024-07-05,TWSE,6108,競國,20.50,20.75,20.40,20.60,0.20,634828,13078872,272
2024-07-05,TWSE,6112,邁達特,67.90,68.80,67.30,68.60,0.80,1552970,106132396,1173
2024-07-05,TWSE,6115,鎰勝,56.50,56.60,55.50,55.50,0.00,1102911,61985702,786
2024-07-05,TWSE,6116,彩晶,10.05,10.15,9.97,10.10,0.10,12693998,127842260,3103
2024-07-05,TWSE,6117,迎廣,120.00,121.50,118.50,118.50,-1.50,2654689,317030804,2286
2024-07-05,TWSE,6120,達運,16.10,16.85,16.00,16.40,0.40,11172814,184274398,3550
2024-07-05,TWSE,6128,上福,38.35,38.70,38.35,38.55,0.05,164689,6343574,181
2024-07-05,TWSE,6133,金橋,19.50,20.10,18.40,20.10,1.80,7461962,146061523,3033
2024-07-05,TWSE,6136,富爾特,24.05,24.40,23.95,24.30,0.35,1394891,33656219,648
2024-07-05,TWSE,6139,亞翔,269.00,272.00,263.00,263.00,-3.00,8058403,2148193769,14877
2024-07-05,TWSE,6141,柏承,17.70,18.30,17.50,17.90,0.50,852009,15248620,486
2024-07-05,TWSE,6142,友勁,11.90,12.15,11.45,12.15,-0.05,4443564,52168128,1818
2024-07-05,TWSE,6152,百一,16.30,17.85,16.30,17.85,1.60,8276306,143856544,3296
2024-07-05,TWSE,6153,嘉聯益,21.80,23.95,21.80,23.95,2.15,22978172,540958501,8719
2024-07-05,TWSE,6155,鈞寶,29.75,30.25,29.65,30.10,0.75,848046,25487528,476
2024-07-05,TWSE,6164,華興,17.05,17.50,17.05,17.30,0.25,2016598,34879487,1017
2024-07-05,TWSE,6165,浪凡,39.00,39.45,38.95,39.20,0.35,428917,16771436,233
2024-07-05,TWSE,6166,凌華,83.90,87.90,82.00,84.30,0.60,4648473,395473198,3457
2024-07-05,TWSE,6168,宏齊,24.10,24.70,24.10,24.65,0.55,2366440,57993905,828
2024-07-05,TWSE,6176,瑞儀,189.50,190.00,185.00,186.50,-1.50,2282005,425195027,2163
2024-07-05,TWSE,6177,達麗,62.30,62.30,60.60,61.40,-0.40,2128999,130736341,1688
2024-07-05,TWSE,6183,關貿,74.90,74.90,74.50,74.80,-0.10,17098,1276905,73
2024-07-05,TWSE,6184,大豐電,53.40,53.50,53.30,53.50,0.10,12131,648600,33
2024-07-05,TWSE,6189,豐藝,111.50,113.50,102.00,103.00,-8.00,16345838,1745987029,19519
2024-07-05,TWSE,6191,精成科,76.90,77.00,74.60,74.80,-2.00,5332229,401897138,6390
2024-07-05,TWSE,6192,巨路,126.00,130.00,125.50,129.00,3.50,391942,50311537,470
2024-07-05,TWSE,6196,帆宣,175.00,177.00,174.50,177.00,2.50,1825974,321419841,2714
2024-07-05,TWSE,6197,佳必琪,190.50,193.00,185.50,186.00,-3.00,3809695,716799501,3531
2024-07-05,TWSE,6201,亞弘電,64.00,64.50,64.00,64.20,-0.30,28299,1819899,71
2024-07-05,TWSE,6202,盛群,60.60,64.20,60.30,63.80,3.40,7022797,442904993,4628
2024-07-05,TWSE,6205,詮欣,81.50,81.50,78.20,78.90,-1.80,804650,63643057,741
2024-07-05,TWSE,6206,飛捷,99.90,102.00,99.90,101.50,2.00,713390,72083732,1217
2024-07-05,TWSE,6209,今國光,31.45,33.35,31.10,32.50,1.70,11055505,360468807,6031
2024-07-05,TWSE,6213,聯茂,126.00,137.00,126.00,135.00,8.00,22074893,2922491346,13087
2024-07-05,TWSE,6214,精誠,122.50,123.00,122.00,122.50,0.50,400973,49148130,493
2024-07-05,TWSE,6215,和椿,65.20,68.60,64.70,66.20,1.60,21648703,1448476906,13482
2024-07-05,TWSE,6216,居易,49.50,51.00,49.45,51.00,1.65,2302873,115877993,1588
2024-07-05,TWSE,6224,聚鼎,53.60,54.80,53.40,54.70,0.90,294971,16028480,266
2024-07-05,TWSE,6225,天瀚,16.25,16.25,15.55,16.05,0.00,17333,272104,11
2024-07-05,TWSE,6226,光鼎,11.80,11.80,11.60,11.70,0.00,998718,11686151,435
2024-07-05,TWSE,6230,尼得科超眾,331.00,336.00,323.50,324.00,0.00,932771,306630966,2971
2024-07-05,TWSE,6235,華孚,94.40,94.40,92.50,92.50,-1.90,1635280,152509909,2133
2024-07-05,TWSE,6239,力成,187.00,196.50,186.50,195.50,7.50,6266423,1211324451,5532
2024-07-05,TWSE,6243,迅杰,60.00,60.70,59.30,60.60,0.50,333641,20057660,413
2024-07-05,TWSE,6257,矽格,77.50,79.50,77.20,78.40,0.50,6872246,538970146,3786
2024-07-05,TWSE,6269,台郡,92.30,94.00,90.90,92.00,-1.60,6751195,624897799,6915
2024-07-05,TWSE,6271,同欣電,150.50,155.00,149.00,155.00,5.50,3499300,535777182,2848
2024-07-05,TWSE,6277,宏正,82.80,82.80,82.40,82.50,-0.30,81837,6755956,92
2024-07-05,TWSE,6278,台表科,134.00,140.00,133.50,136.00,2.50,13142875,1810595877,6623
2024-07-05,TWSE,6281,全國電,84.10,84.40,84.00,84.10,-0.10,65987,5550164,80
2024-07-05,TWSE,6282,康舒,39.95,41.15,39.60,40.25,0.35,20915360,846412829,12066
2024-07-05,TWSE,6283,淳安,30.40,31.10,30.30,30.80,0.40,555324,17031618,389
2024-07-05,TWSE,6285,啟碁,149.00,149.50,147.50,147.50,-0.50,2935010,434758400,2414
2024-07-05,TWSE,6288,聯嘉,31.50,31.85,31.15,31.55,0.35,2476874,78176704,1179
2024-07-05,TWSE,6405,悅城,26.10,28.70,26.10,28.40,2.30,3328531,94387768,1551
2024-07-05,TWSE,6409,旭隼,1870.00,1870.00,1810.00,1810.00,-20.00,38650,70651930,235
2024-07-05,TWSE,6412,群電,139.50,144.00,139.00,142.50,5.00,1304013,185276708,1171
2024-07-05,TWSE,6414,樺漢,349.00,358.00,340.00,342.00,0.00,4586373,1594577796,5222
2024-07-05,TWSE,6415,矽力*-KY,433.00,435.00,423.00,429.50,0.50,2434284,1041671408,2873
2024-07-05,TWSE,6416,瑞祺電通,147.50,154.50,144.50,146.50,2.50,2910668,435194247,2269
2024-07-05,TWSE,6423,億而得-創,105.00,106.50,104.00,104.50,1.00,91262,9574878,69
2024-07-05,TWSE,6426,統新,66.90,68.50,66.50,67.70,1.50,248118,16736849,199
2024-07-05,TWSE,6431,光麗-KY,17.30,17.30,16.80,16.85,-0.35,149066,2534781,94
2024-07-05,TWSE,6438,迅得,133.00,133.50,126.50,129.00,0.00,5426507,704752603,7058
2024-07-05,TWSE,6442,光聖,423.00,438.50,410.00,438.50,39.50,5907334,2532379474,5715
2024-07-05,TWSE,6443,元晶,31.90,32.75,31.10,32.60,0.95,42253846,1356974660,20236
2024-07-05,TWSE,6446,藥華藥,560.00,577.00,559.00,567.00,13.00,3039398,1726645361,4267
2024-07-05,TWSE,6449,鈺邦,160.00,161.50,152.00,158.00,-1.50,4030321,628794573,3376
2024-07-05,TWSE,6451,訊芯-KY,274.00,276.00,248.50,254.50,-20.50,9616998,2471628677,13553
2024-07-05,TWSE,6456,GIS-KY,67.40,69.50,67.00,69.30,2.00,1792912,123127208,1693
2024-07-05,TWSE,6464,台數科,84.60,85.00,84.60,84.60,-0.30,13591,1150399,22
2024-07-05,TWSE,6472,保瑞,866.00,884.00,863.00,876.00,14.00,1589699,1388204024,2692
2024-07-05,TWSE,6477,安集,46.00,48.50,45.90,46.45,0.65,8784980,413148136,5475
2024-07-05,TWSE,6491,晶碩,448.50,453.00,429.00,431.00,-17.00,1338752,586088895,3411
2024-07-05,TWSE,6504,南六,72.80,74.20,72.80,73.80,0.60,44614,3290782,48
2024-07-05,TWSE,6505,台塑化,66.10,66.10,65.20,65.40,-0.60,3303411,216271615,2629
2024-07-05,TWSE,6515,穎崴,1035.00,1120.00,1025.00,1095.00,65.00,996523,1068354930,1497
2024-07-05,TWSE,6525,捷敏-KY,69.90,69.90,68.10,68.90,-0.40,219541,15143059,334
2024-07-05,TWSE,6526,達發,747.00,750.00,732.00,738.00,-2.00,1034939,763238188,2960
2024-07-05,TWSE,6531,愛普*,412.00,412.00,394.00,394.50,-7.50,6198254,2481419058,7582
2024-07-05,TWSE,6533,晶心科,431.00,436.00,429.00,431.50,2.50,507205,219393575,790
2024-07-05,TWSE,6534,正瀚-創,84.10,84.50,83.80,84.10,0.10,24000,2016600,22
2024-07-05,TWSE,6541,泰福-KY,73.30,73.30,65.10,67.60,0.90,4030781,283444728,2605
2024-07-05,TWSE,6550,北極星藥業-KY,73.60,74.20,73.10,73.20,-0.40,913708,67081402,728
2024-07-05,TWSE,6552,易華電,57.60,57.80,55.80,55.80,-3.10,2101164,119230776,1629
2024-07-05,TWSE,6558,興能高,26.85,27.05,26.60,26.60,-0.20,341304,9160056,197
2024-07-05,TWSE,6573,虹揚-KY,14.40,14.55,14.40,14.50,0.10,153048,2216089,69
2024-07-05,TWSE,6579,研揚,186.00,191.50,186.00,188.50,2.50,809062,153633623,2577
2024-07-05,TWSE,6581,鋼聯,111.50,111.50,108.50,109.00,2.00,406077,44568270,471
2024-07-05,TWSE,6582,申豐,66.20,71.30,65.20,71.30,6.40,1678886,116214103,1802
2024-07-05,TWSE,6585,鼎基,185.00,186.50,181.00,182.50,-1.00,382140,70351859,390
2024-07-05,TWSE,6591,動力-KY,59.20,59.80,58.70,59.00,0.00,518195,30620127,460
2024-07-05,TWSE,6592,和潤企業,118.00,118.00,116.50,117.50,-0.50,570641,66954946,517
2024-07-05,TWSE,6592A,和潤企業甲特,99.40,99.40,99.40,99.40,0.10,1354,134551,5
2024-07-05,TWSE,6592B,和潤企業乙特,96.00,96.00,95.80,95.80,-0.20,17311,1658795,20
2024-07-05,TWSE,6598,ABC-KY,28.50,30.40,28.25,30.00,1.20,533831,15782259,429
2024-07-05,TWSE,6605,帝寶,254.00,254.50,247.00,251.00,-2.50,468161,117206886,780
2024-07-05,TWSE,6606,建德工業,27.30,27.70,27.30,27.45,0.15,233181,6422971,114
2024-07-05,TWSE,6625,必應,102.00,102.00,100.00,101.50,0.50,354570,35876627,467
2024-07-05,TWSE,6641,基士德-KY,40.85,41.45,40.85,41.30,0.30,27200,1119225,23
2024-07-05,TWSE,6645,金萬林-創,37.00,37.50,37.00,37.00,-0.15,66170,2453540,41
2024-07-05,TWSE,6655,科定,135.00,135.00,126.50,129.50,6.50,113781,15111723,131
2024-07-05,TWSE,6657,華安,56.40,58.00,56.00,56.80,0.70,169576,9620553,111
2024-07-05,TWSE,6658,聯策,85.50,85.50,77.00,80.00,2.10,2847523,229925673,2140
2024-07-05,TWSE,6666,羅麗芬-KY,62.60,62.90,62.30,62.50,-0.10,30100,1882959,28
2024-07-05,TWSE,6668,中揚光,60.40,62.70,60.00,62.00,2.50,1472940,91022070,1209
2024-07-05,TWSE,6669,緯穎,2800.00,2800.00,2715.00,2725.00,-5.00,985755,2710413585,2617
2024-07-05,TWSE,6670,復盛應用,276.00,277.00,271.50,272.50,-3.50,416261,113775777,836
2024-07-05,TWSE,6671,三能-KY,46.15,46.30,46.00,46.15,-0.30,24598,1133804,86
2024-07-05,TWSE,6672,騰輝電子-KY,80.70,80.90,80.00,80.20,-1.10,564705,45409154,623
2024-07-05,TWSE,6674,鋐寶科技,27.00,27.50,26.80,27.20,0.20,67112,1813224,60
2024-07-05,TWSE,6689,伊雲谷,103.00,104.00,101.50,103.50,1.00,434934,44914041,416
2024-07-05,TWSE,6691,洋基工程,445.00,458.50,440.00,447.00,13.00,615988,277839863,1921
2024-07-05,TWSE,6695,芯鼎,74.80,75.00,73.00,73.00,-1.50,2443074,179588263,2246
2024-07-05,TWSE,6698,旭暉應材,55.10,55.30,53.20,54.00,-1.90,7067449,381558439,4671
2024-07-05,TWSE,6706,惠特,122.50,128.50,119.00,128.50,11.50,12025734,1496940837,7977
2024-07-05,TWSE,6715,嘉基,193.50,202.50,192.00,200.00,8.50,822952,162844387,776
2024-07-05,TWSE,6719,力智,284.00,285.50,281.00,285.00,2.50,661042,187394045,769
2024-07-05,TWSE,6742,澤米,72.90,74.10,72.90,74.10,1.20,340274,24950916,624
2024-07-05,TWSE,6743,安普新,64.00,65.30,63.60,64.00,0.20,335298,21573670,390
2024-07-05,TWSE,6753,龍德造船,145.00,146.50,137.50,138.50,-7.50,6226594,877166519,6009
2024-07-05,TWSE,6754,匯僑設計,64.80,64.80,64.50,64.50,-0.10,39005,2519084,50
2024-07-05,TWSE,6756,威鋒電子,201.50,203.00,200.00,203.00,2.50,157580,31808939,228
2024-07-05,TWSE,6757,台灣虎航,65.50,67.00,65.20,66.60,1.40,1358386,89849582,686
2024-07-05,TWSE,6768,志強-KY,82.60,84.50,82.60,84.00,1.40,399708,33385987,383
2024-07-05,TWSE,6770,力積電,26.95,27.20,26.65,26.80,-0.15,11665887,312599002,6302
2024-07-05,TWSE,6771,平和環保-創,70.00,70.20,67.60,68.00,-2.00,87010,6046599,48
2024-07-05,TWSE,6776,展碁國際,61.80,62.50,61.20,61.90,1.10,243235,15072894,192
2024-07-05,TWSE,6781,AES-KY,623.00,623.00,614.00,615.00,-1.00,104176,64271499,235
2024-07-05,TWSE,6782,視陽,281.50,291.50,281.50,290.50,7.50,1124625,324416463,1293
2024-07-05,TWSE,6789,采鈺,352.00,370.00,352.00,366.00,13.00,4665327,1692171008,5208
2024-07-05,TWSE,6790,永豐實,54.70,56.00,54.70,55.80,1.00,329385,18235432,551
2024-07-05,TWSE,6792,詠業,78.50,78.50,78.20,78.40,0.20,22297,1747081,35
2024-07-05,TWSE,6794,向榮生技,82.80,82.80,80.30,81.70,-0.20,13000,1058400,13
2024-07-05,TWSE,6796,晉弘,97.90,97.90,94.40,94.90,-1.70,203985,19471318,236
2024-07-05,TWSE,6799,來頡,153.00,155.50,152.50,155.50,3.00,543353,83879572,483
2024-07-05,TWSE,6805,富世達,790.00,799.00,779.00,784.00,20.00,2346275,1853672612,3432
2024-07-05,TWSE,6806,森崴能源,159.00,161.50,157.50,158.50,-1.00,4805425,764355090,4573
2024-07-05,TWSE,6807,峰源-KY,59.70,60.70,59.60,60.50,0.80,102080,6157411,139
2024-07-05,TWSE,6830,汎銓,147.50,149.00,146.00,148.00,1.50,370648,54696783,319
2024-07-05,TWSE,6834,天二科技,46.40,48.45,46.40,46.70,0.25,1981253,93613092,1341
2024-07-05,TWSE,6835,圓裕,51.80,52.40,51.70,52.40,0.60,128342,6677210,134
2024-07-05,TWSE,6854,錼創科技-KY創,73.70,74.00,73.50,73.90,0.20,58271,4304918,39
2024-07-05,TWSE,6861,睿生光電,83.10,83.10,81.90,82.00,-1.10,120628,9926341,911
2024-07-05,TWSE,6863,永道-KY,252.00,265.00,250.00,253.00,4.00,1022214,263033653,2224
2024-07-05,TWSE,6869,雲豹能源,259.00,259.50,251.50,256.50,0.00,1119493,287402045,1584
2024-07-05,TWSE,6873,泓德能源,212.00,232.00,212.00,221.00,9.00,1166854,261075734,759
2024-07-05,TWSE,6890,來億-KY,300.50,306.00,292.50,302.50,3.50,692298,207708460,977
2024-07-05,TWSE,6901,鑽石投資,44.50,45.55,44.50,44.85,0.55,4062876,182984948,1897
2024-07-05,TWSE,6902,GOGOLOOK,155.00,155.50,152.00,155.50,1.00,5000,769000,5
2024-07-05,TWSE,6906,現觀科,152.50,155.50,151.50,155.50,2.50,66613,10264147,263
2024-07-05,TWSE,6914,阜爾運通,162.50,164.00,162.50,163.00,-0.50,127857,20863315,192
2024-07-05,TWSE,6916,華凌,28.35,28.75,28.35,28.60,0.10,107050,3054331,58
2024-07-05,TWSE,6928,攸泰科技,87.20,88.60,87.20,87.80,0.70,285087,25072426,309
2024-07-05,TWSE,6933,AMAX-KY,334.00,348.00,334.00,342.00,9.50,441935,150793545,641
2024-07-05,TWSE,6937,天虹,266.00,281.50,263.50,272.50,16.50,4106242,1124096214,3796
2024-07-05,TWSE,6949,沛爾生醫*-創,131.00,132.00,130.00,130.00,-2.00,23000,3008500,18
2024-07-05,TWSE,6951,青新-創,55.50,55.50,54.20,54.30,-0.60,87405,4783475,71
2024-07-05,TWSE,6952,大武山,51.30,51.30,50.90,50.90,-0.40,49392,2519309,73
2024-07-05,TWSE,6957,裕慶-KY,250.50,250.50,225.50,238.50,-12.00,1087443,254700474,1272
2024-07-05,TWSE,8011,台通,25.10,26.00,25.05,25.95,1.05,6118672,157028961,2943
2024-07-05,TWSE,8016,矽創,255.50,257.00,253.00,255.50,1.50,821138,209033913,1044
2024-07-05,TWSE,8021,尖點,32.90,33.60,32.35,33.20,0.15,3930005,129595099,1840
2024-07-05,TWSE,8028,昇陽半導體,116.00,121.50,114.00,121.50,11.00,55115165,6504619784,36581
2024-07-05,TWSE,8033,雷虎,69.00,69.30,67.90,68.60,0.00,1375343,94252141,1156
2024-07-05,TWSE,8039,台虹,59.80,64.50,59.80,62.50,3.40,9516019,594093295,6443
2024-07-05,TWSE,8046,南電,185.00,186.00,183.00,183.50,0.00,1437791,264586739,1745
2024-07-05,TWSE,8070,長華*,45.00,45.80,44.80,45.35,0.70,3825682,173750163,2268
2024-07-05,TWSE,8072,陞泰,31.60,33.25,31.50,32.55,1.05,680688,22060183,493
2024-07-05,TWSE,8081,致新,284.50,285.50,280.50,285.50,1.50,886003,251457427,2262
2024-07-05,TWSE,8101,華冠,3.48,3.48,3.45,3.45,0.00,48427,167700,32
2024-07-05,TWSE,8103,瀚荃,62.40,62.60,61.30,61.30,-0.60,1560243,96489625,1352
2024-07-05,TWSE,8104,錸寶,59.10,61.90,57.20,57.90,1.60,22018050,1317734229,13274
2024-07-05,TWSE,8105,凌巨,16.60,17.15,16.45,17.10,0.55,8222300,139002056,3131
2024-07-05,TWSE,8110,華東,20.95,22.30,20.70,22.10,1.35,15252579,331029996,6365
2024-07-05,TWSE,8112,至上,83.20,84.20,81.70,82.40,2.00,12534529,1032502235,8433
2024-07-05,TWSE,8112A,至上甲特,41.85,41.85,41.80,41.80,0.00,6070,253600,19
2024-07-05,TWSE,8114,振樺電,189.50,190.00,184.00,188.00,-1.50,601393,112230176,600
2024-07-05,TWSE,8131,福懋科,39.30,39.40,39.10,39.20,-0.10,229855,9014765,248
2024-07-05,TWSE,8150,南茂,43.00,43.30,42.60,43.30,0.45,2420340,104060067,1345
2024-07-05,TWSE,8162,微矽電子-創,38.65,38.65,38.40,38.40,-0.25,18000,693500,16
2024-07-05,TWSE,8163,達方,61.80,61.90,59.40,60.10,-1.40,4100039,248211416,3840
2024-07-05,TWSE,8201,無敵,18.60,19.20,18.60,18.85,0.30,238323,4511084,153
2024-07-05,TWSE,8210,勤誠,293.50,302.00,291.50,302.00,9.00,2298812,685124089,2573
2024-07-05,TWSE,8213,志超,38.90,39.15,38.75,39.00,0.05,531705,20719387,354
2024-07-05,TWSE,8215,明基材,34.50,34.75,34.05,34.75,0.60,2032063,70203307,1241
2024-07-05,TWSE,8222,寶一,44.70,44.75,44.25,44.55,-0.15,411947,18331236,361
2024-07-05,TWSE,8249,菱光,29.80,29.95,29.10,29.55,0.00,749732,22166104,409
2024-07-05,TWSE,8261,富鼎,87.50,89.00,87.50,88.90,1.50,1084024,96051331,1035
2024-07-05,TWSE,8271,宇瞻,65.80,66.40,64.70,64.80,0.10,847918,55382622,868
2024-07-05,TWSE,8341,日友,98.30,98.70,98.20,98.20,-0.30,66026,6496486,171
2024-07-05,TWSE,8367,建新國際,50.60,51.20,49.50,51.00,0.80,326242,16499283,218
2024-07-05,TWSE,8374,羅昇,125.50,131.00,125.00,131.00,11.50,9520978,1224065935,6066
2024-07-05,TWSE,8404,百和興業-KY,20.40,20.55,20.35,20.55,0.15,337552,6903224,202
2024-07-05,TWSE,8411,福貞-KY,14.50,14.85,14.50,14.75,0.25,235641,3463456,198
2024-07-05,TWSE,8422,可寧衛*,183.50,184.00,183.00,184.00,0.50,228051,41836652,346
2024-07-05,TWSE,8429,金麗-KY,10.05,10.65,10.00,10.60,0.55,2451810,25731959,2931
2024-07-05,TWSE,8438,昶昕,42.45,43.10,41.95,42.40,0.05,858826,36535295,706
2024-07-05,TWSE,8442,威宏-KY,111.50,111.50,109.00,109.00,-3.00,317211,34779672,272
2024-07-05,TWSE,8443,阿瘦,12.15,12.20,12.10,12.20,0.10,127783,1556498,193
2024-07-05,TWSE,8454,富邦媒,415.00,416.00,410.00,412.00,-2.00,539548,222291302,2915
2024-07-05,TWSE,8462,柏文,117.00,118.00,116.50,117.00,0.00,80288,9389272,128
2024-07-05,TWSE,8463,潤泰材,30.15,30.15,29.35,29.45,-0.35,210755,6241723,207
2024-07-05,TWSE,8464,億豐,395.00,403.00,388.00,391.00,-4.00,732835,289401954,815
2024-07-05,TWSE,8466,美吉吉-KY,61.00,61.50,59.80,59.90,-1.10,214161,12915063,139
2024-07-05,TWSE,8467,波力-KY,180.00,194.00,180.00,186.50,7.00,960271,180809604,860
2024-07-05,TWSE,8473,山林水,46.35,49.40,46.05,48.80,2.50,6747705,324765117,4341
2024-07-05,TWSE,8476,台境*,64.10,64.90,63.90,64.30,0.20,149155,9581005,242
2024-07-05,TWSE,8478,東哥遊艇,398.50,415.00,398.00,398.50,1.00,1113866,452196169,1608
2024-07-05,TWSE,8481,政伸,51.90,52.10,51.80,52.00,-0.20,19390,1007380,25
2024-07-05,TWSE,8482,商億-KY,64.90,64.90,64.90,64.90,0.40,2016,130816,6
2024-07-05,TWSE,8487,愛爾達-創,84.80,84.80,83.60,84.00,-0.80,27100,2280780,24
2024-07-05,TWSE,8488,吉源-KY,16.30,16.60,16.25,16.25,0.15,99098,1621245,60
2024-07-05,TWSE,8499,鼎炫-KY,120.50,121.50,120.50,121.00,0.00,43933,5318969,81
2024-07-05,TWSE,8926,台汽電,46.30,46.80,46.05,46.05,-0.15,1864439,86390008,1731
2024-07-05,TWSE,8940,新天地,26.20,26.70,26.20,26.65,0.95,489343,12960308,316
2024-07-05,TWSE,8996,高力,485.00,494.00,478.00,490.00,7.50,2898993,1407628747,6645
2024-07-05,TWSE,9103,美德醫療-DR,7.90,8.30,7.85,8.02,0.24,5153067,41906084,1760
2024-07-05,TWSE,910322,康師傅-DR,20.40,21.75,20.40,21.15,0.75,228950,4855938,139
2024-07-05,TWSE,9105,泰金寶-DR,6.12,6.60,6.08,6.60,0.60,73022046,466484573,10840
2024-07-05,TWSE,910861,神州-DR,6.63,6.69,6.58,6.62,-0.01,47308,313733,37
2024-07-05,TWSE,9110,越南控-DR,7.25,7.33,7.25,7.33,-0.06,88000,639270,29
2024-07-05,TWSE,911608,明輝-DR,4.53,4.75,4.39,4.69,0.36,771947,3598960,324
2024-07-05,TWSE,911622,泰聚亨-DR,5.71,5.86,5.61,5.77,0.06,371291,2123062,96
2024-07-05,TWSE,911868,同方友友-DR,1.83,1.92,1.77,1.90,0.15,2207281,4115594,630
2024-07-05,TWSE,912000,晨訊科-DR,4.07,4.32,3.99,4.23,0.21,10810414,45186481,2062
2024-07-05,TWSE,9136,巨騰-DR,8.02,8.22,7.96,7.97,0.06,2042785,16474948,622
2024-07-05,TWSE,9802,鈺齊-KY,118.00,119.50,117.50,117.50,-0.50,180484,21299883,222
2024-07-05,TWSE,9902,台火,16.50,16.70,16.35,16.70,0.30,316495,5219373,219
2024-07-05,TWSE,9904,寶成,35.60,35.75,35.15,35.20,-0.40,4555989,160737322,2379
2024-07-05,TWSE,9905,大華,24.60,24.60,24.55,24.60,0.10,207960,5113484,118
2024-07-05,TWSE,9906,欣巴巴,99.00,108.50,98.60,107.00,8.00,1242453,129306491,1268
2024-07-05,TWSE,9907,統一實,15.40,15.65,15.40,15.55,0.15,2401830,37316852,946
2024-07-05,TWSE,9908,大台北,32.40,32.60,32.40,32.55,0.00,61231,1991257,62
2024-07-05,TWSE,9910,豐泰,142.50,142.50,141.00,142.00,0.00,810195,114888979,1050
2024-07-05,TWSE,9911,櫻花,88.60,89.60,88.50,89.30,0.70,184795,16478866,297
2024-07-05,TWSE,9912,偉聯,13.40,14.60,13.30,14.20,0.80,569745,7829323,357
2024-07-05,TWSE,9914,美利達,217.50,220.50,214.50,217.50,1.00,738424,160911004,825
2024-07-05,TWSE,9917,中保科,132.50,133.00,131.50,131.50,-1.00,220567,29157478,253
2024-07-05,TWSE,9918,欣天然,41.80,41.80,41.75,41.75,0.05,2193,91631,13
2024-07-05,TWSE,9919,康那香,22.90,23.05,22.85,23.00,0.25,1060098,24357003,599
2024-07-05,TWSE,9921,巨大,209.00,213.00,208.50,212.00,3.00,1370143,289774405,1065
2024-07-05,TWSE,9924,福興,53.10,53.20,52.90,53.00,-0.10,154030,8164906,251
2024-07-05,TWSE,9925,新保,42.50,42.50,42.25,42.40,-0.10,85819,3637917,103
2024-07-05,TWSE,9926,新海,54.70,54.70,54.60,54.60,-0.40,3064,167420,6
2024-07-05,TWSE,9927,泰銘,77.70,78.20,77.60,78.00,0.40,138112,10764050,161
2024-07-05,TWSE,9928,中視,25.30,26.15,24.40,25.30,1.40,2811765,71096837,2056
2024-07-05,TWSE,9929,秋雨,,,,,0.00,547,8696,3
2024-07-05,TWSE,9930,中聯資源,66.20,66.30,65.90,66.00,-0.20,151759,10024578,134
2024-07-05,TWSE,9931,欣高,36.15,36.20,35.90,35.90,-0.30,37008,1334546,48
2024-07-05,TWSE,9933,中鼎,54.20,55.20,53.60,54.60,1.00,5813489,318553422,3856
2024-07-05,TWSE,9934,成霖,18.00,18.40,18.00,18.30,0.35,1796756,32769369,719
2024-07-05,TWSE,9935,慶豐富,27.00,27.10,26.55,26.60,-0.40,477205,12754814,387
2024-07-05,TWSE,9937,全國,67.20,67.40,67.20,67.40,0.00,5102,343571,7
2024-07-05,TWSE,9938,百和,62.00,62.50,61.20,62.50,0.80,1661760,102687849,1243
2024-07-05,TWSE,9939,宏全,169.00,170.00,165.50,165.50,-2.00,1392049,232807655,1753
2024-07-05,TWSE,9940,信義,33.00,33.05,32.70,32.85,-0.15,419830,13769157,527
2024-07-05,TWSE,9941,裕融,147.50,149.00,147.00,149.00,2.00,916647,135921328,1461
2024-07-05,TWSE,9941A,裕融甲特,51.20,51.20,51.20,51.20,0.10,74000,3788800,17
2024-07-05,TWSE,9942,茂順,129.50,131.50,129.50,131.00,1.50,269978,35273622,282
2024-07-05,TWSE,9943,好樂迪,85.60,85.60,84.90,85.60,0.00,191568,16323106,319
2024-07-05,TWSE,9944,新麗,22.55,22.80,22.45,22.65,0.10,231963,5230205,141
2024-07-05,TWSE,9945,潤泰新,45.30,45.40,44.55,44.65,-0.50,5676017,254485958,3389
2024-07-05,TWSE,9946,三發地產,42.40,43.00,42.15,42.15,-0.40,1078814,45883254,1083
2024-07-05,TWSE,9955,佳龍,34.55,35.65,34.55,35.30,0.55,2445512,86170036,1805
2024-07-05,TWSE,9958,世紀鋼,297.00,304.50,295.00,295.00,1.00,7835027,2342750957,7468
2024-07-05,TPEx,006201,元大富櫃50,24.03,24.49,24.03,24.49,+0.23,60652,1474203,53
2024-07-05,TPEx,00679B,元大美債20年,29.63,29.63,29.49,29.54,-0.06,50635681,1495283010,11865
2024-07-05,TPEx,00687B,國泰20年美債,30.75,30.76,30.66,30.74,-0.03,49916684,1532916634,8987
2024-07-05,TPEx,00694B,富邦美債1-3,41.66,41.79,41.63,41.70,-0.09,867652,36172620,125
2024-07-05,TPEx,00695B,富邦美債7-10,35.70,35.70,35.59,35.64,-0.07,227448,8105449,32
2024-07-05,TPEx,00696B,富邦美債20年,31.77,31.81,31.72,31.81,-0.02,4543167,144295714,492
2024-07-05,TPEx,00697B,元大美債7-10,36.04,36.04,35.94,35.98,-0.09,618473,22253788,211
2024-07-05,TPEx,00718B,富邦中國政策債,20.66,20.75,20.66,20.70,+0.01,222000,4595290,9
2024-07-05,TPEx,00719B,元大美債1-3,32.01,32.01,31.95,32.01,-0.05,2128215,68056631,530
2024-07-05,TPEx,00720B,元大投資級公司債,35.61,35.61,35.53,35.58,-0.04,10275038,365451718,3149
2024-07-05,TPEx,00721B,元大中國債3-5,47.40,47.40,47.37,47.37,-0.07,55093,2610771,7
2024-07-05,TPEx,00722B,群益投資級電信債,39.11,39.14,39.03,39.12,-0.01,3785026,147972756,427
2024-07-05,TPEx,00723B,群益投資級科技債,34.25,34.27,34.25,34.26,-0.03,102000,3495010,6
2024-07-05,TPEx,00724B,群益投資級金融債,35.37,35.39,35.31,35.37,-0.04,6325580,223585846,387
2024-07-05,TPEx,00725B,國泰投資級公司債,38.04,38.04,37.98,38.02,-0.05,22468830,854206334,2921
2024-07-05,TPEx,00726B,國泰5Y+新興債,34.65,34.67,34.54,34.61,-0.05,263161,9106572,67
2024-07-05,TPEx,00727B,國泰1-5Y非投等債,40.56,40.56,40.44,40.53,-0.02,127687,5173953,18
2024-07-05,TPEx,00734B,台新JPM新興債,15.80,15.84,15.80,15.84,-0.01,506253,8014310,27
2024-07-05,TPEx,00740B,富邦全球投等債,41.04,41.08,40.94,40.99,-0.05,6624147,271465220,381
2024-07-05,TPEx,00741B,富邦全球非投等債,39.10,39.15,39.10,39.15,-0.10,405655,15866266,19
2024-07-05,TPEx,00746B,富邦A級公司債,37.15,37.17,37.11,37.16,-0.06,1773417,65849814,86
2024-07-05,TPEx,00749B,凱基新興債10+,32.39,32.39,32.37,32.37,-0.11,102015,3304226,6
2024-07-05,TPEx,00750B,凱基科技債10+,35.69,35.69,35.69,35.69,-0.10,100000,3569000,4
2024-07-05,TPEx,00751B,元大AAA至A公司債,34.35,34.35,34.28,34.32,-0.03,8235596,282526326,2207
2024-07-05,TPEx,00754B,群益AAA-AA公司債,36.62,36.66,36.62,36.64,-0.02,114211,4185468,14
2024-07-05,TPEx,00755B,群益投資級公用債,34.43,34.48,34.40,34.45,0.00,146065,5031564,93
2024-07-05,TPEx,00756B,群益投等新興公債,33.17,33.19,33.10,33.19,+0.02,488715,16197493,120
2024-07-05,TPEx,00758B,復華能源債,53.45,53.45,53.45,53.45,0.00,100000,5345000,2
2024-07-05,TPEx,00759B,復華製藥債,57.30,57.30,57.30,57.30,0.00,100000,5730000,2
2024-07-05,TPEx,00760B,復華新興企業債,55.05,55.15,55.05,55.10,-0.05,206341,11370155,39
2024-07-05,TPEx,00761B,國泰A級公司債,37.04,37.04,36.89,36.98,0.00,438184,16182000,122
2024-07-05,TPEx,00764B,群益25年美債,30.82,30.87,30.79,30.86,-0.01,15033930,463696068,473
2024-07-05,TPEx,00768B,復華20年美債,54.90,55.05,54.85,54.95,-0.05,349247,19207661,65
2024-07-05,TPEx,00772B,中信高評級公司債,35.72,35.72,35.63,35.70,-0.02,6114322,218129337,1234
2024-07-05,TPEx,00773B,中信優先金融債,37.24,37.25,37.17,37.25,-0.04,4023975,149740050,428
2024-07-05,TPEx,00777B,凱基AAA至A公司債,35.11,35.12,35.11,35.12,-0.09,101042,3547590,5
2024-07-05,TPEx,00778B,凱基金融債20+,36.60,36.60,36.58,36.59,-0.06,105000,3840960,4
2024-07-05,TPEx,00779B,凱基美債25+,30.98,31.00,30.91,31.00,-0.01,977263,30229163,36
2024-07-05,TPEx,00780B,國泰A級金融債,37.65,37.65,37.64,37.64,-0.08,101506,3821674,6
2024-07-05,TPEx,00781B,國泰A級科技債,32.57,32.59,32.57,32.59,-0.02,101000,3291570,3
2024-07-05,TPEx,00782B,國泰A級公用債,32.82,32.83,32.76,32.81,-0.02,168121,5515282,19
2024-07-05,TPEx,00784B,富邦中國投等債,38.72,38.72,38.72,38.72,-0.12,100000,3872000,2
2024-07-05,TPEx,00785B,富邦金融投等債,36.33,36.34,36.32,36.34,-0.08,104000,3777330,6
2024-07-05,TPEx,00786B,元大10年IG銀行債,34.35,34.36,34.31,34.36,-0.04,103415,3552548,56
2024-07-05,TPEx,00787B,元大10年IG醫療債,34.48,34.50,34.42,34.46,-0.06,69782,2404539,29
2024-07-05,TPEx,00788B,元大10年IG電能債,31.85,31.94,31.85,31.94,+0.03,345322,11013546,84
2024-07-05,TPEx,00789B,復華公司債A3,52.50,52.50,52.50,52.50,0.00,104000,5460000,3
2024-07-05,TPEx,00790B,復華次順位金融債,55.75,55.75,55.75,55.75,-0.15,100000,5575000,4
2024-07-05,TPEx,00791B,復華信用債1-5,56.75,56.75,56.75,56.75,-0.20,100010,5675567,11
2024-07-05,TPEx,00792B,群益A級公司債,33.80,33.90,33.80,33.87,-0.03,112912,3821947,60
2024-07-05,TPEx,00793B,群益AAA-A醫療債,32.77,32.77,32.74,32.75,-0.09,105260,3448859,13
2024-07-05,TPEx,00794B,群益7+中國政金債,41.49,41.49,41.41,41.41,-0.17,102000,4225980,5
2024-07-05,TPEx,00795B,中信美國公債20年,30.10,30.10,29.99,30.06,-0.05,9710522,291529592,1701
2024-07-05,TPEx,00799B,國泰A級醫療債,32.84,32.84,32.80,32.80,-0.05,144098,4730984,10
2024-07-05,TPEx,00831B,新光美債1-3,41.09,41.09,41.09,41.09,-0.14,2000,82180,2
2024-07-05,TPEx,00834B,第一金金融債10+,35.33,35.42,35.29,35.36,-0.01,131001,4628377,72
2024-07-05,TPEx,00836B,永豐10年A公司債,30.94,30.94,30.94,30.94,0.00,100044,3095361,3
2024-07-05,TPEx,00840B,凱基IG精選15+,31.98,32.01,31.98,32.01,-0.09,102021,3265632,6
2024-07-05,TPEx,00841B,凱基AAA-AA公司債,31.75,31.77,31.75,31.77,-0.08,105050,3337331,6
2024-07-05,TPEx,00842B,台新美元銀行債,33.51,33.53,33.51,33.53,-0.07,111000,3721720,10
2024-07-05,TPEx,00844B,新光15年IG金融債,33.55,33.55,33.55,33.55,-0.03,2001,67133,3
2024-07-05,TPEx,00845B,富邦新興投等債,33.46,33.49,33.46,33.49,-0.10,116521,3901833,6
2024-07-05,TPEx,00846B,富邦歐洲銀行債,36.11,36.11,36.08,36.09,-0.08,103001,3716336,6
2024-07-05,TPEx,00847B,中信美國市政債,27.74,27.76,27.73,27.76,-0.07,309117,8579475,16
2024-07-05,TPEx,00848B,中信新興亞洲債,35.59,35.61,35.58,35.61,-0.13,359500,12800180,30
2024-07-05,TPEx,00849B,中信EM主權債0-5,37.57,37.63,37.57,37.63,-0.07,310213,11672077,16
2024-07-05,TPEx,00853B,統一美債10年Aa-A,29.35,29.37,29.30,29.37,+0.02,1043305,30620787,134
2024-07-05,TPEx,00856B,永豐1-3年美公債,38.62,38.71,38.62,38.67,-0.09,303260,11720562,19
2024-07-05,TPEx,00857B,永豐20年美公債,25.56,25.57,25.51,25.56,-0.01,3284679,83859670,793
2024-07-05,TPEx,00858,永豐美國500大,33.70,33.72,33.52,33.63,+0.02,1188831,40001992,493
2024-07-05,TPEx,00859B,群益0-1年美債,42.48,42.48,42.31,42.37,-0.11,148000,6268560,13
2024-07-05,TPEx,00860B,群益1-5Y投資級債,38.88,38.89,38.83,38.87,-0.09,120598,4686272,18
2024-07-05,TPEx,00862B,中信投資級公司債,33.14,33.19,33.11,33.17,-0.03,711055,23567269,106
2024-07-05,TPEx,00863B,中信全球電信債,34.00,34.03,33.97,34.03,-0.03,350001,11905653,21
2024-07-05,TPEx,00864B,中信美國公債0-1,46.05,46.05,45.88,45.91,-0.15,3670502,168493677,194
2024-07-05,TPEx,00867B,新光A-BBB電信債,33.46,33.46,33.46,33.46,-0.02,200001,6692033,3
2024-07-05,TPEx,00870B,元大15年EM主權債,30.05,30.05,30.05,30.05,-0.08,2001,60129,2
2024-07-05,TPEx,00877,復華中國5G,11.38,11.38,11.11,11.20,-0.18,2168510,24261824,360
2024-07-05,TPEx,00883B,中信ESG投資級債,32.43,32.50,32.43,32.50,-0.04,306179,9939437,68
2024-07-05,TPEx,00884B,中信低碳新興債,31.04,31.10,31.04,31.10,-0.03,438101,13612909,46
2024-07-05,TPEx,00886,永豐美國科技,34.13,34.13,34.07,34.09,-0.21,5769,196769,14
2024-07-05,TPEx,00887,永豐中國科技50大,9.90,9.92,9.72,9.80,-0.13,2145312,20970897,393
2024-07-05,TPEx,00888,永豐台灣ESG,17.74,17.79,17.71,17.73,-0.01,3970095,70496403,896
2024-07-05,TPEx,00890B,凱基ESG BBB債15+,34.50,34.51,34.47,34.51,-0.03,525449,18117910,26
2024-07-05,TPEx,00928,中信上櫃ESG 30,19.08,19.11,18.95,19.09,+0.17,2935420,55933572,979
2024-07-05,TPEx,00931B,統一美債20年,14.82,14.82,14.77,14.80,-0.02,8462945,125151010,1527
2024-07-05,TPEx,00933B,國泰10Y+金融債,16.87,16.87,16.82,16.86,0.00,20555920,346134197,5092
2024-07-05,TPEx,00937B,群益ESG投等債20+,15.87,15.88,15.85,15.88,0.00,60335614,957305609,11722
2024-07-05,TPEx,00942B,台新美A公司債20+,15.50,15.52,15.48,15.50,-0.02,16238037,251618900,1478
2024-07-05,TPEx,00948B,中信優息投資級債,10.01,10.01,9.99,10.00,-0.01,21084672,210789202,3310
2024-07-05,TPEx,020001,富邦存股雙十N,12.90,12.90,12.87,12.87,-0.11,12000,154620,4
2024-07-05,TPEx,02001B,統一美國政府債N,8.10,8.10,8.10,8.10,0.00,5000,40500,1
2024-07-05,TPEx,020023,元大櫃買半導體N,6.78,6.81,6.78,6.79,+0.01,37000,251650,9
2024-07-05,TPEx,020025,統一亞洲半導體N,11.75,11.82,11.75,11.80,+0.06,103000,1213700,16
2024-07-05,TPEx,020027,元大上櫃ESG成長N,6.42,6.42,6.35,6.36,+0.02,97000,619050,25
2024-07-05,TPEx,020033,統一恒生科期N,3.10,3.10,3.10,3.10,-0.05,52000,161200,2
2024-07-05,TPEx,020035,元大上櫃ESG高息N,,,,,,0,0,0
2024-07-05,TPEx,020040,元大上櫃ESG龍頭N,5.78,5.78,5.77,5.78,+0.03,14000,80870,3
2024-07-05,TPEx,020041,兆豐半導體氣候N,,,,,,0,0,0
2024-07-05,TPEx,1240,茂生農經,54.70,54.90,54.30,54.80,+0.70,19680,1075934,47
2024-07-05,TPEx,1259,安心,71.90,72.00,71.90,71.90,0.00,3004,216084,7
2024-07-05,TPEx,1264,德麥,316.50,316.50,316.00,316.50,0.00,10998,3484100,142
2024-07-05,TPEx,1268,漢來美食,170.50,171.00,170.00,170.50,0.00,41958,7143165,48
2024-07-05,TPEx,1336,台翰,20.80,21.45,20.80,21.45,+0.70,274575,5816061,187
2024-07-05,TPEx,1565,精華,187.50,187.50,185.50,186.00,0.00,150272,27922377,213
2024-07-05,TPEx,1569,濱川,25.50,26.10,25.50,25.90,+0.65,2263347,58555260,1269
2024-07-05,TPEx,1570,力肯,30.00,31.05,29.85,30.95,+0.95,1051945,31883522,684
2024-07-05,TPEx,1580,新麥,154.00,154.00,153.00,154.00,0.00,83273,12795495,172
2024-07-05,TPEx,1584,精剛,33.20,33.55,33.05,33.30,+0.10,906529,30188548,567
2024-07-05,TPEx,1586,和勤,32.75,33.60,32.70,33.50,+0.75,517556,17170952,348
2024-07-05,TPEx,1591,駿吉-KY,67.80,68.60,67.80,67.90,+0.40,362741,24716612,364
2024-07-05,TPEx,1593,祺驊,39.80,39.85,39.40,39.75,+0.15,111839,4431907,87
2024-07-05,TPEx,1595,川寶,40.45,42.30,40.45,42.05,+2.05,764522,31702884,599
2024-07-05,TPEx,1599,宏佳騰,31.95,32.15,31.95,32.10,+0.15,81910,2627342,256
2024-07-05,TPEx,1742,台蠟,17.70,17.85,17.65,17.85,+0.25,43067,763040,44
2024-07-05,TPEx,1777,生泰,93.60,95.10,93.20,95.10,+1.90,168116,15855853,171
2024-07-05,TPEx,1781,合世,20.05,20.40,19.80,20.35,+0.20,721817,14510064,373
2024-07-05,TPEx,1784,訊聯,134.50,137.50,132.50,133.00,-2.50,907794,122448862,991
2024-07-05,TPEx,1785,光洋科,68.90,75.30,68.10,75.30,+6.80,98777495,7116804910,52761
2024-07-05,TPEx,1788,杏昌,137.50,138.00,137.50,137.50,0.00,32154,4424448,89
2024-07-05,TPEx,1796,金穎生技,64.60,65.10,64.50,65.10,0.00,18561,1203400,24
2024-07-05,TPEx,1799,易威,126.00,129.50,126.00,127.50,+1.50,271071,34613177,270
2024-07-05,TPEx,1813,寶利徠,21.25,21.40,21.10,21.35,+0.10,194929,4149298,246
2024-07-05,TPEx,1815,富喬,25.85,26.50,25.85,26.15,+0.40,27198961,713612542,10698
2024-07-05,TPEx,2035,唐榮,32.10,32.45,32.10,32.45,+0.05,7004,226328,10
2024-07-05,TPEx,2061,風青,24.25,24.45,23.75,24.20,+0.25,416136,10028735,329
2024-07-05,TPEx,2063,世鎧,49.95,50.00,49.70,49.80,+0.10,44697,2225973,43
2024-07-05,TPEx,2064,晉椿,15.15,15.15,15.00,15.10,+0.05,19111,288126,34
2024-07-05,TPEx,2065,世豐,62.50,62.60,62.30,62.60,+0.10,75777,4729083,167
2024-07-05,TPEx,2066,世德,132.00,134.00,129.50,133.00,+1.00,167686,22115451,151
2024-07-05,TPEx,2067,嘉鋼,11.20,11.30,11.10,11.20,0.00,43595,486640,37
2024-07-05,TPEx,2070,精湛,52.60,52.60,52.60,52.60,+4.75,387115,20362242,180
2024-07-05,TPEx,2073,雄順,31.00,31.10,30.95,31.10,+0.20,62000,1926050,19
2024-07-05,TPEx,2221,大甲,31.50,31.70,31.50,31.70,0.00,21137,667776,20
2024-07-05,TPEx,2230,泰茂,167.00,169.00,165.50,166.00,-1.00,651879,108706606,963
2024-07-05,TPEx,2235,謚源,51.30,52.10,51.30,52.10,+0.80,21001,1081151,13
2024-07-05,TPEx,2596,綠意,40.70,40.70,40.00,40.35,0.00,64974,2620787,55
2024-07-05,TPEx,2640,大車隊,121.00,122.00,121.00,121.50,+0.50,34708,4222878,58
2024-07-05,TPEx,2641,正德,22.45,22.50,22.00,22.25,-0.15,5698979,126313494,3119
2024-07-05,TPEx,2643,捷迅,79.20,79.30,78.70,78.80,-0.60,80649,6375389,81
2024-07-05,TPEx,2718,晶悅,107.50,108.50,106.50,108.00,-0.50,36454,3922618,36
2024-07-05,TPEx,2719,燦星旅,59.30,59.30,58.70,58.70,0.00,24065,1417266,25
2024-07-05,TPEx,2724,藝舍-KY,32.50,32.50,31.80,32.20,-0.25,33004,1061824,10
2024-07-05,TPEx,2726,雅茗-KY,31.25,31.40,31.00,31.30,-0.05,66647,2078106,85
2024-07-05,TPEx,2729,瓦城,241.00,241.00,239.50,240.50,-0.50,84571,20309022,560
2024-07-05,TPEx,2732,六角,115.00,115.00,112.50,114.00,0.00,203677,23206549,252
2024-07-05,TPEx,2734,易飛網,36.05,36.95,36.00,36.60,+0.50,158504,5796685,141
2024-07-05,TPEx,2736,富野,25.20,25.35,25.10,25.10,+0.05,262856,6632902,194
2024-07-05,TPEx,2740,天蔥,31.95,31.95,29.20,30.35,-0.70,18893,568610,52
2024-07-05,TPEx,2743,山富,150.50,153.00,150.50,153.00,+2.50,390473,59437777,371
2024-07-05,TPEx,2745,五福,119.50,123.00,119.50,122.50,+3.00,399235,48675253,346
2024-07-05,TPEx,2752,豆府,266.00,274.00,266.00,272.00,+5.00,3205,867353,17
2024-07-05,TPEx,2754,亞洲藏壽司,107.50,110.00,107.00,109.50,+2.00,99685,10817563,167
2024-07-05,TPEx,2755,揚秦,98.00,98.40,97.80,98.20,+0.50,15558,1526916,50
2024-07-05,TPEx,2756,聯發國際,108.00,110.00,104.00,110.00,+10.00,557683,60331977,774
2024-07-05,TPEx,2916,滿心,55.70,56.60,55.50,56.30,+0.80,94956,5309918,133
2024-07-05,TPEx,2924,宏太-KY,24.50,24.50,24.50,24.50,-0.50,1000,24500,1
2024-07-05,TPEx,2926,誠品生活,60.00,60.30,59.50,59.60,-0.70,59601,3563132,46
2024-07-05,TPEx,2937,集雅社,35.00,35.00,34.70,35.00,-0.10,62103,2162888,26
2024-07-05,TPEx,2941,米斯特,,,,,,0,0,0
2024-07-05,TPEx,2947,振宇五金,90.00,91.00,90.00,91.00,-0.80,6070,550270,20
2024-07-05,TPEx,2948,寶陞,64.20,64.50,64.10,64.50,+0.60,9000,578000,8
2024-07-05,TPEx,2949,欣新網,94.70,94.80,94.70,94.80,-0.20,2033,192640,4
2024-07-05,TPEx,3064,泰偉,96.60,98.90,92.80,93.50,-5.50,34312,3279164,67
2024-07-05,TPEx,3066,李洲,24.15,24.50,23.60,24.40,+0.25,555398,13401004,516
2024-07-05,TPEx,3067,全域,32.80,34.35,32.80,34.35,-0.55,6500,214638,11
2024-07-05,TPEx,3071,協禧,38.70,41.95,38.65,41.60,+3.15,5074753,209486998,3093
2024-07-05,TPEx,3073,天方能源,65.40,65.40,65.40,65.40,+5.90,113976,7454020,88
2024-07-05,TPEx,3078,僑威,76.80,77.60,76.60,77.30,+0.70,1496803,115512325,923
2024-07-05,TPEx,3081,聯亞,163.50,169.00,163.00,166.00,+3.50,2607283,433788768,2401
2024-07-05,TPEx,3083,網龍,55.60,56.70,54.90,55.70,+0.80,909208,50877885,789
2024-07-05,TPEx,3085,新零售,13.75,14.10,13.75,14.10,+0.35,4010,55484,5
2024-07-05,TPEx,3086,華義,184.00,184.00,172.00,174.50,-10.00,1205800,213614341,1250
2024-07-05,TPEx,3088,艾訊,106.00,106.00,103.50,104.50,0.00,997022,104124193,954
2024-07-05,TPEx,3093,港建*,30.55,30.85,30.50,30.65,+0.05,288141,8836100,199
2024-07-05,TPEx,3095,及成,46.00,52.30,46.00,52.30,+4.75,510859,26215307,500
2024-07-05,TPEx,3105,穩懋,175.50,183.00,175.50,180.50,+7.00,13524878,2430969268,10680
2024-07-05,TPEx,3114,好德,29.40,29.45,29.35,29.40,0.00,166429,4892178,136
2024-07-05,TPEx,3115,富榮綱,10.10,10.15,10.10,10.10,0.00,15000,151600,5
2024-07-05,TPEx,3118,進階,34.90,34.90,34.30,34.70,-0.10,108842,3749849,144
2024-07-05,TPEx,3122,笙泉,50.10,51.50,50.00,50.30,+0.30,1367137,69090072,1056
2024-07-05,TPEx,3128,昇銳,31.60,31.90,31.30,31.80,+0.40,336993,10670569,232
2024-07-05,TPEx,3131,弘塑,1415.00,1565.00,1415.00,1565.00,+140.00,811640,1232139755,1651
2024-07-05,TPEx,3141,晶宏,101.00,101.50,98.20,99.40,-0.60,871832,87094213,774
2024-07-05,TPEx,3147,大綜,127.50,133.50,127.50,132.00,+5.50,726265,95115829,653
2024-07-05,TPEx,3152,璟德,206.50,207.50,203.50,207.50,+3.50,157272,32390404,189
2024-07-05,TPEx,3162,精確,33.55,33.55,32.75,33.00,-0.35,475332,15713576,506
2024-07-05,TPEx,3163,波若威,135.50,146.00,133.50,140.50,+5.50,19738844,2782308291,12929
2024-07-05,TPEx,3169,亞信,127.50,129.50,127.00,129.00,+2.50,330552,42485616,332
2024-07-05,TPEx,3171,新洲,30.20,30.40,30.10,30.20,+0.25,186492,5639898,174
2024-07-05,TPEx,3176,基亞,44.40,45.25,44.40,44.80,+0.45,220960,9912314,188
2024-07-05,TPEx,3178,公準,109.00,113.50,107.50,112.00,+4.50,837633,93069367,656
2024-07-05,TPEx,3188,鑫龍騰,33.05,34.00,32.75,33.80,+1.05,1361843,45527566,760
2024-07-05,TPEx,3191,雲嘉南,20.95,20.95,20.00,20.60,+0.25,37001,754196,25
2024-07-05,TPEx,3202,樺晟,18.60,19.20,18.35,18.55,+0.25,3806336,71460359,1658
2024-07-05,TPEx,3205,佰研,48.95,48.95,47.00,47.30,-0.25,407467,19446756,352
2024-07-05,TPEx,3206,志豐,51.70,51.90,50.70,50.90,-0.10,222115,11351014,168
2024-07-05,TPEx,3207,耀勝,147.00,148.50,144.50,145.00,-1.50,636408,93144996,424
2024-07-05,TPEx,3211,順達,105.50,106.50,104.00,105.50,+0.50,1765742,185709240,2730
2024-07-05,TPEx,3213,茂訊,105.00,105.00,102.50,104.00,-3.50,1237981,128564519,1014
2024-07-05,TPEx,3217,優群,167.50,168.50,165.00,165.50,-2.00,946928,157051849,1012
2024-07-05,TPEx,3218,大學光,251.50,252.50,250.00,252.50,+1.00,211059,53068291,529
2024-07-05,TPEx,3219,倚強科,76.00,76.00,68.90,68.90,-7.60,2677188,189132353,2241
2024-07-05,TPEx,3221,台嘉碩,31.25,31.65,30.95,31.35,+0.10,1047745,32902797,780
2024-07-05,TPEx,3224,三顧,49.40,50.30,49.25,49.40,0.00,452414,22507536,361
2024-07-05,TPEx,3226,至寶電,57.70,58.30,57.70,57.90,+0.40,57100,3300579,31
2024-07-05,TPEx,3227,原相,177.00,189.00,175.00,188.00,+15.00,12224622,2225717476,9573
2024-07-05,TPEx,3228,金麗科,403.50,406.00,396.00,396.00,-7.50,581589,232260601,1125
2024-07-05,TPEx,3230,錦明,16.00,17.30,16.00,17.20,+1.35,2736168,46097193,1231
2024-07-05,TPEx,3232,昱捷,28.35,29.60,28.30,28.75,+0.55,413071,12007606,285
2024-07-05,TPEx,3234,光環,46.80,49.45,46.15,49.15,+2.85,3389971,164382966,2392
2024-07-05,TPEx,3236,千如,22.20,22.85,22.20,22.75,+0.50,374507,8472065,318
2024-07-05,TPEx,3252,海灣,22.10,22.20,22.05,22.10,0.00,108000,2387100,38
2024-07-05,TPEx,3259,鑫創,37.05,41.10,37.05,38.60,-1.05,1012093,38794723,760
2024-07-05,TPEx,3260,威剛,111.00,112.00,110.00,110.00,-0.50,4577099,506991665,2917
2024-07-05,TPEx,3264,欣銓,69.40,69.80,68.80,68.90,-0.30,3390144,234538457,2663
2024-07-05,TPEx,3265,台星科,142.00,142.50,136.50,136.50,-5.00,3572899,495314305,3283
2024-07-05,TPEx,3268,海德威,28.80,30.15,28.65,29.85,+1.15,575356,17063565,397
2024-07-05,TPEx,3272,東碩,29.75,30.25,29.50,30.20,+0.65,178259,5331634,161
2024-07-05,TPEx,3276,宇環,17.95,18.80,17.95,18.80,+0.90,859773,15869246,444
2024-07-05,TPEx,3284,太普高,39.85,41.50,38.95,41.00,+1.15,820438,33426048,578
2024-07-05,TPEx,3285,微端,32.80,35.35,32.65,34.30,+1.75,765154,26371705,565
2024-07-05,TPEx,3287,廣寰科,50.20,50.40,49.55,50.20,+0.10,600790,30035983,460
2024-07-05,TPEx,3288,點晶,29.65,30.00,29.65,30.00,-0.15,43854,1308446,67
2024-07-05,TPEx,3289,宜特,148.50,157.00,147.00,154.00,+6.00,2717995,413297177,2772
2024-07-05,TPEx,3290,東浦,28.80,29.00,28.75,29.00,+0.20,860569,24878888,558
2024-07-05,TPEx,3293,鈊象,1305.00,1305.00,1275.00,1290.00,-10.00,1009385,1301522075,4640
2024-07-05,TPEx,3294,英濟,36.00,36.60,35.70,36.45,+0.65,1199239,43566820,909
2024-07-05,TPEx,3297,杭特,40.10,41.00,37.00,39.60,+0.15,1488254,57764439,1295
2024-07-05,TPEx,3303,岱稜,45.00,46.25,44.60,46.20,+1.65,1174273,53380829,747
2024-07-05,TPEx,3306,鼎天,64.50,65.50,63.00,65.00,+2.00,2664221,171257631,2021
2024-07-05,TPEx,3310,佳穎,101.50,106.00,101.00,106.00,+4.50,110615,11535380,163
2024-07-05,TPEx,3313,斐成,23.25,24.50,22.55,24.35,+2.00,9625756,226394549,6489
2024-07-05,TPEx,3317,尼克森,56.50,57.10,56.20,56.70,+0.50,255420,14486374,428
2024-07-05,TPEx,3322,建舜電,24.05,24.65,24.00,24.05,0.00,2160196,52453504,978
2024-07-05,TPEx,3323,加百裕,32.40,32.70,31.55,32.70,+0.50,2875151,92447363,1958
2024-07-05,TPEx,3324,雙鴻,881.00,891.00,866.00,890.00,+15.00,5768086,5087626225,12263
2024-07-05,TPEx,3325,旭品,29.60,30.60,29.60,30.45,+0.90,807001,24358892,621
2024-07-05,TPEx,3332,幸康,,,,,,0,0,0
2024-07-05,TPEx,3339,泰谷,46.90,47.70,44.80,46.70,-0.10,1452874,67556527,894
2024-07-05,TPEx,3349,寶德,23.60,23.80,23.60,23.80,0.00,9082,215210,13
2024-07-05,TPEx,3354,律勝,24.20,24.80,24.20,24.40,+0.45,348681,8559213,230
2024-07-05,TPEx,3357,臺慶科,139.00,141.50,137.50,139.00,+1.50,420723,58653449,608
2024-07-05,TPEx,3360,尚立,16.75,17.70,16.75,17.50,+0.95,2232175,38640494,1120
2024-07-05,TPEx,3362,先進光,265.00,277.50,264.00,273.00,+10.50,3932441,1067426786,6871
2024-07-05,TPEx,3363,上詮,165.00,165.50,162.50,165.50,+2.00,1266980,208288705,927
2024-07-05,TPEx,3372,典範,23.70,24.15,23.20,23.85,+0.35,5715156,136169994,2925
2024-07-05,TPEx,3373,熱映,26.30,26.80,26.10,26.30,+0.20,279885,7431761,190
2024-07-05,TPEx,3374,精材,192.50,199.00,188.00,199.00,+4.00,20564603,3973930026,15395
2024-07-05,TPEx,3379,彬台,36.90,37.25,36.20,37.25,+3.35,2151021,79825254,836
2024-07-05,TPEx,3388,崇越電,74.90,75.50,74.90,75.30,+0.40,48507,3650945,52
2024-07-05,TPEx,3390,旭軟,33.65,35.45,33.65,34.90,+1.80,3879837,135214140,2352
2024-07-05,TPEx,3402,漢科,130.00,134.00,126.50,130.00,+2.00,6878577,894001832,6465
2024-07-05,TPEx,3426,台興,43.35,43.40,43.35,43.40,0.00,5100,221378,10
2024-07-05,TPEx,3430,奇鈦科,59.50,59.50,58.20,58.80,-0.50,267549,15793166,215
2024-07-05,TPEx,3434,哲固,32.45,34.80,32.45,34.00,+1.75,797011,26979645,807
2024-07-05,TPEx,3438,類比科,83.30,83.30,81.20,81.40,+0.90,489517,40188029,515
2024-07-05,TPEx,3441,聯一光,40.60,41.80,40.15,40.70,+0.70,1307710,53629274,894
2024-07-05,TPEx,3444,利機,117.50,122.00,117.50,118.00,+0.50,877868,105035411,814
2024-07-05,TPEx,3455,由田,134.00,135.50,127.50,129.00,-4.50,8096401,1063906456,6280
2024-07-05,TPEx,3465,進泰電子,68.90,70.50,68.00,70.10,+2.30,30328,2095438,53
2024-07-05,TPEx,3466,德晉,88.60,91.50,86.70,87.10,-1.10,1610408,142684579,1372
2024-07-05,TPEx,3479,安勤,112.50,112.50,111.00,111.50,-0.50,434779,48554290,397
2024-07-05,TPEx,3483,力致,198.00,200.00,195.00,195.00,-3.00,4188598,823511384,3989
2024-07-05,TPEx,3484,崧騰,57.20,57.20,56.50,56.90,-0.10,242417,13775384,453
2024-07-05,TPEx,3489,森寶,27.00,27.40,27.00,27.30,+0.25,134002,3637157,81
2024-07-05,TPEx,3490,單井,41.30,45.20,41.25,45.00,+3.90,8694622,380249725,5467
2024-07-05,TPEx,3491,昇達科,300.50,305.50,295.50,300.00,+3.50,1392885,418483284,5046
2024-07-05,TPEx,3492,長盛,32.20,34.00,31.45,31.50,+0.55,7123638,233751605,4432
2024-07-05,TPEx,3498,陽程,62.50,63.20,57.70,63.20,+5.70,16874096,1027944709,9536
2024-07-05,TPEx,3499,環天科,23.30,24.15,22.90,24.00,+0.80,1194645,28444941,627
2024-07-05,TPEx,3508,位速,31.30,32.65,31.05,32.00,+0.90,1153544,36737279,677
2024-07-05,TPEx,3511,矽瑪,28.10,28.70,27.05,27.90,+0.90,1594195,44381163,1182
2024-07-05,TPEx,3512,皇龍,38.05,38.05,37.35,37.45,-0.60,690580,25964222,522
2024-07-05,TPEx,3516,亞帝歐,27.80,28.30,27.55,27.70,0.00,239026,6645527,241
2024-07-05,TPEx,3520,華盈,25.85,26.20,25.10,25.25,-0.60,5170553,132394649,2997
2024-07-05,TPEx,3521,鴻翊,20.80,21.00,20.20,20.50,-0.10,303675,6220030,175
2024-07-05,TPEx,3522,御頂,16.00,16.50,15.85,16.25,0.00,216611,3483758,125
2024-07-05,TPEx,3523,迎輝,17.65,17.65,17.05,17.10,-0.60,39377,675246,38
2024-07-05,TPEx,3526,凡甲,247.50,249.00,245.50,248.00,+0.50,136303,33700987,499
2024-07-05,TPEx,3527,聚積,90.90,92.30,90.80,91.90,+1.00,121863,11175977,219
2024-07-05,TPEx,3529,力旺,2695.00,2730.00,2570.00,2580.00,-40.00,240951,635793135,710
2024-07-05,TPEx,3531,先益,33.80,33.85,33.70,33.70,+0.10,13933,471373,72
2024-07-05,TPEx,3537,堡達,65.00,70.40,64.90,70.40,+6.40,8187508,560328649,5980
2024-07-05,TPEx,3540,曜越,48.80,49.90,48.05,49.70,+1.60,1981571,97509645,1573
2024-07-05,TPEx,3541,西柏,31.75,32.35,31.50,32.00,+0.20,131402,4185931,129
2024-07-05,TPEx,3546,宇峻,94.00,94.40,93.00,93.50,0.00,242053,22580669,631
2024-07-05,TPEx,3548,兆利,188.50,193.00,188.50,192.00,+4.00,1197601,228830421,1204
2024-07-05,TPEx,3551,世禾,118.00,118.00,115.00,116.00,0.00,734534,85194497,563
2024-07-05,TPEx,3552,同致,108.00,110.50,107.50,110.50,+2.00,288650,31577555,318
2024-07-05,TPEx,3555,博士旺,36.60,36.70,36.05,36.50,-0.15,40393,1468438,40
2024-07-05,TPEx,3556,禾瑞亞,51.30,52.00,51.30,51.70,+0.50,98594,5098229,207
2024-07-05,TPEx,3558,神準,184.50,186.00,181.50,186.00,+3.00,194703,35928216,980
2024-07-05,TPEx,3564,其陽,102.50,104.50,101.50,102.00,,772950,79482034,765
2024-07-05,TPEx,3567,逸昌,43.00,43.40,42.95,43.20,+0.20,396013,17090391,280
2024-07-05,TPEx,3570,大塚,158.50,158.50,157.00,158.00,-1.00,75592,11907137,134
2024-07-05,TPEx,3577,泓格,56.10,57.00,55.20,55.30,-0.70,151600,8447518,203
2024-07-05,TPEx,3580,友威科,94.00,98.00,90.10,93.20,+3.60,26436538,2486637668,17407
2024-07-05,TPEx,3581,博磊,51.90,55.90,49.50,55.80,+4.80,1842354,97978352,1657
2024-07-05,TPEx,3587,閎康,289.00,297.00,288.50,296.50,+12.50,1920765,564097058,2279
2024-07-05,TPEx,3594,磐儀,43.25,47.05,42.60,46.45,+3.50,1843595,84802671,1250
2024-07-05,TPEx,3597,映興,24.30,24.90,24.10,24.30,+0.05,38282,933943,37
2024-07-05,TPEx,3609,三一東林,46.30,48.45,46.30,48.05,+1.75,592194,28297362,303
2024-07-05,TPEx,3611,鼎翰,232.50,233.00,230.50,232.00,+1.00,48981,11354483,140
2024-07-05,TPEx,3615,安可,35.05,37.70,34.50,36.25,+0.90,15496180,562403705,9016
2024-07-05,TPEx,3623,富晶通,31.05,32.60,30.70,31.80,+0.70,692119,21944269,487
2024-07-05,TPEx,3624,光頡,55.10,56.40,54.50,55.70,+1.20,901293,50288302,719
2024-07-05,TPEx,3625,西勝,12.80,12.80,12.65,12.80,0.00,321402,4088171,268
2024-07-05,TPEx,3628,盈正,52.30,52.60,51.70,52.00,0.00,264202,13746787,232
2024-07-05,TPEx,3629,地心引力,27.10,27.35,27.10,27.20,-0.20,4000,109000,4
2024-07-05,TPEx,3630,新鉅科,31.20,31.95,31.20,31.80,+0.60,1009060,32028307,611
2024-07-05,TPEx,3631,晟楠,41.20,41.45,40.75,41.10,+0.25,83169,3415195,77
2024-07-05,TPEx,3632,研勤,15.60,15.70,15.50,15.55,+0.10,41423,647115,156
2024-07-05,TPEx,3646,艾恩特,30.20,30.40,30.20,30.35,+0.10,36087,1091979,33
2024-07-05,TPEx,3663,鑫科,63.00,66.00,62.20,63.70,+0.70,11190461,718050397,7394
2024-07-05,TPEx,3664,安瑞-KY,28.50,30.50,28.50,30.05,+1.70,501812,14997056,375
2024-07-05,TPEx,3666,光耀,38.10,39.15,37.85,38.60,+0.75,670001,25852313,524
2024-07-05,TPEx,3672,康聯訊,23.35,23.40,23.10,23.10,-0.30,39028,910450,37
2024-07-05,TPEx,3675,德微,375.00,382.50,371.50,381.00,+9.00,853611,323065988,868
2024-07-05,TPEx,3680,家登,481.50,524.00,481.50,514.00,+31.50,5871474,2970416494,8539
2024-07-05,TPEx,3684,榮昌,48.80,48.85,48.50,48.85,+0.05,22603,1101819,29
2024-07-05,TPEx,3685,元創精密,18.30,18.50,18.25,18.50,+0.20,81003,1486104,52
2024-07-05,TPEx,3687,歐買尬,108.00,110.00,106.50,107.00,+0.50,279113,30123425,283
2024-07-05,TPEx,3689,湧德,83.30,83.90,81.20,82.30,+0.80,7858121,647653953,5747
2024-07-05,TPEx,3691,碩禾,148.00,154.00,146.00,152.00,+6.00,2282226,345492387,2090
2024-07-05,TPEx,3693,營邦,421.50,431.50,415.50,427.50,+8.00,1240726,526966105,1889
2024-07-05,TPEx,3707,漢磊,62.10,65.40,61.80,64.10,+2.60,7648331,489290891,5488
2024-07-05,TPEx,3709,鑫聯大投控,27.80,28.15,27.45,28.10,+0.70,328257,9139897,214
2024-07-05,TPEx,3710,連展投控,10.40,10.80,10.30,10.75,+0.35,3457624,36741219,946
2024-07-05,TPEx,3713,新晶投控,33.70,34.00,32.35,32.90,-0.60,414970,13647143,300
2024-07-05,TPEx,4102,永日,36.65,36.85,36.50,36.55,-0.10,92801,3393428,71
2024-07-05,TPEx,4105,東洋,76.80,76.90,76.50,76.70,+0.10,498190,38218351,417
2024-07-05,TPEx,4107,邦特,133.00,134.50,133.00,133.50,+1.00,151376,20243268,176
2024-07-05,TPEx,4109,加捷生醫,29.20,30.80,29.00,30.50,+1.30,7530382,226653078,4675
2024-07-05,TPEx,4111,濟生,29.90,30.25,29.80,30.20,+0.35,358399,10787105,323
2024-07-05,TPEx,4113,聯上,51.30,51.30,49.10,49.65,-0.95,1430017,71015258,986
2024-07-05,TPEx,4114,健喬,40.35,40.35,39.85,40.00,-0.75,3107254,124513014,2032
2024-07-05,TPEx,4116,明基醫,56.30,56.50,55.90,56.40,+0.30,78043,4384279,155
2024-07-05,TPEx,4120,友華,53.40,53.40,50.90,51.30,-1.20,520367,26760052,490
2024-07-05,TPEx,4121,優盛,22.45,22.60,22.40,22.55,+0.15,188760,4244247,149
2024-07-05,TPEx,4123,晟德,58.40,58.90,57.50,57.60,-0.50,5774840,336111900,3668
2024-07-05,TPEx,4126,太醫,88.80,90.00,88.80,89.70,+1.10,98538,8813845,137
2024-07-05,TPEx,4127,天良,37.60,38.80,37.50,38.50,+0.90,332509,12717146,229
2024-07-05,TPEx,4128,中天,40.50,41.20,40.50,40.95,+0.50,1388257,56891632,1035
2024-07-05,TPEx,4129,聯合,107.50,109.00,107.00,108.00,+1.00,370782,40066557,588
2024-07-05,TPEx,4130,健亞,24.80,24.85,24.55,24.75,+0.15,211062,5214102,207
2024-07-05,TPEx,4131,浩泰,35.50,35.55,34.60,34.90,-0.70,153904,5397728,116
2024-07-05,TPEx,4138,曜亞,107.50,108.00,107.00,108.00,0.00,66344,7142968,112
2024-07-05,TPEx,4139,馬光-KY,29.80,29.80,29.65,29.80,+0.20,7014,208467,8
2024-07-05,TPEx,4147,中裕,87.20,87.70,86.80,86.80,-0.10,692583,60316333,475
2024-07-05,TPEx,4153,鈺緯,44.05,46.50,44.05,45.25,+1.30,458546,20869967,420
2024-07-05,TPEx,4154,樂威科-KY,14.50,14.60,14.20,14.45,-0.05,44030,635868,22
2024-07-05,TPEx,4157,太景*-KY,15.05,15.20,15.05,15.10,+0.05,1768853,26703202,689
2024-07-05,TPEx,4160,訊聯基因,116.00,120.00,115.50,116.50,-0.50,964161,113165107,987
2024-07-05,TPEx,4161,聿新科,35.70,35.70,34.30,35.20,-0.90,492906,17218993,423
2024-07-05,TPEx,4162,智擎,96.30,97.50,96.30,97.50,+1.50,482935,46910805,432
2024-07-05,TPEx,4163,鐿鈦,123.50,124.50,123.50,124.50,+1.00,109088,13550037,126
2024-07-05,TPEx,4167,松瑞藥,25.40,26.05,25.40,25.70,+0.40,5930603,153230738,3186
2024-07-05,TPEx,4168,醣聯,29.30,31.20,29.30,31.00,+1.75,2019867,61780586,1461
2024-07-05,TPEx,4171,瑞基,36.70,36.70,35.90,36.20,-0.60,324713,11757470,552
2024-07-05,TPEx,4173,久裕,21.60,21.75,21.60,21.70,+0.10,119946,2601272,116
2024-07-05,TPEx,4174,浩鼎,61.10,62.70,61.00,62.70,+1.70,810416,50053787,577
2024-07-05,TPEx,4175,杏一,72.90,73.00,72.60,72.70,-0.20,61263,4454750,224
2024-07-05,TPEx,4183,福永生技,26.40,27.30,26.40,27.00,+0.60,147481,3966564,109
2024-07-05,TPEx,4188,安克,26.70,27.05,26.70,26.95,+0.15,102012,2742324,62
2024-07-05,TPEx,4192,杏國,45.20,45.65,45.20,45.65,+0.15,13831,629105,29
2024-07-05,TPEx,4198,欣大健康,43.35,43.35,41.05,42.50,-0.60,35390,1489341,72
2024-07-05,TPEx,4205,中華食,93.60,94.00,93.50,93.60,0.00,24439,2291437,160
2024-07-05,TPEx,4207,環泰,18.05,18.10,17.95,18.10,+0.15,165952,2990968,131
2024-07-05,TPEx,4303,信立,44.10,44.25,43.45,43.55,-0.20,1411869,61820035,1469
2024-07-05,TPEx,4304,勝昱,10.70,10.70,9.63,9.63,-1.07,354396,3436694,150
2024-07-05,TPEx,4305,世坤,46.90,47.00,46.65,46.85,+0.65,45109,2111338,46
2024-07-05,TPEx,4401,東隆興,25.20,25.20,24.90,25.05,+0.05,90458,2261593,66
2024-07-05,TPEx,4402,福大,35.20,36.20,34.90,35.95,+0.50,424231,15122768,305
2024-07-05,TPEx,4406,新昕纖,11.10,11.25,11.00,11.05,-0.05,67072,741599,30
2024-07-05,TPEx,4413,飛寶企業,18.75,19.20,18.55,19.00,+0.40,53428,1006339,46
2024-07-05,TPEx,4416,三圓,98.10,98.10,97.80,97.80,0.00,8000,782900,8
2024-07-05,TPEx,4417,金洲,39.20,39.25,39.15,39.25,+0.05,120210,4710450,80
2024-07-05,TPEx,4419,皇家美食,62.80,65.90,62.80,65.90,+1.10,43437,2753792,54
2024-07-05,TPEx,4420,光明,57.50,60.50,57.50,59.40,+1.50,326656,19288284,326
2024-07-05,TPEx,4430,耀億,22.10,22.10,21.80,22.05,+0.05,30220,665070,86
2024-07-05,TPEx,4432,銘旺實,22.85,22.95,22.75,22.85,+0.05,36749,839261,62
2024-07-05,TPEx,4433,興采,29.20,29.25,29.10,29.15,-0.05,55839,1630760,268
2024-07-05,TPEx,4442,竣邦-KY,29.75,29.75,29.40,29.60,+0.05,28090,828933,15
2024-07-05,TPEx,4502,健信,29.15,30.50,29.15,30.45,+1.00,68321,2047752,74
2024-07-05,TPEx,4503,金雨,65.20,67.20,64.20,65.20,+1.00,3676570,241386354,2557
2024-07-05,TPEx,4506,崇友,109.00,109.00,107.50,108.50,-0.50,143999,15596451,350
2024-07-05,TPEx,4510,高鋒,21.50,21.50,21.50,21.50,+1.95,4158805,89414292,1035
2024-07-05,TPEx,4513,福裕,40.10,40.65,39.80,40.60,+0.75,611460,24561970,308
2024-07-05,TPEx,4523,永彰,50.20,50.30,49.85,50.30,+0.20,25534,1276453,35
2024-07-05,TPEx,4527,方土霖,45.60,45.90,45.50,45.50,0.00,49630,2266309,45
2024-07-05,TPEx,4528,江興鍛,29.15,30.25,29.15,29.75,+0.65,92603,2756716,287
2024-07-05,TPEx,4529,淳紳,12.15,12.35,12.15,12.15,0.00,57289,697175,36
2024-07-05,TPEx,4530,宏易,7.74,7.74,7.33,7.55,+0.04,18000,133970,13
2024-07-05,TPEx,4533,協易機,47.75,48.50,47.10,48.25,+0.45,6124802,293562073,3160
2024-07-05,TPEx,4534,慶騰,30.70,30.85,28.40,30.35,+2.30,12867431,388806320,6899
2024-07-05,TPEx,4535,至興,33.40,33.65,33.40,33.60,+0.20,82698,2775867,80
2024-07-05,TPEx,4538,大詠城,20.40,20.45,20.20,20.30,-0.05,107942,2190766,56
2024-07-05,TPEx,4541,晟田,29.15,29.40,28.95,29.40,+0.30,284552,8305059,173
2024-07-05,TPEx,4542,科嶠,78.70,86.00,78.70,85.60,+7.40,3833171,325700245,2368
2024-07-05,TPEx,4543,萬在,60.80,65.50,60.40,65.50,+5.90,5451333,350127137,3313
2024-07-05,TPEx,4549,桓達,136.00,149.00,136.00,149.00,+13.50,1845758,266799183,1747
2024-07-05,TPEx,4550,長佳,37.50,37.60,37.40,37.45,-0.10,45949,1721847,53
2024-07-05,TPEx,4554,橙的,33.00,33.15,32.65,32.85,+0.15,114001,3751172,92
2024-07-05,TPEx,4556,旭然,34.95,35.00,34.50,34.55,-0.30,33432,1160908,37
2024-07-05,TPEx,4558,寶緯,29.40,29.95,29.40,29.50,+0.15,21067,623410,19
2024-07-05,TPEx,4561,健椿,58.00,59.70,57.90,57.90,-6.40,7816137,456849413,5402
2024-07-05,TPEx,4563,百德,64.10,66.20,62.80,64.80,+1.10,1202674,78232673,860
2024-07-05,TPEx,4568,科際精密,57.40,58.40,57.40,57.60,+0.70,64829,3745676,71
2024-07-05,TPEx,4577,達航科技,21.95,21.95,21.40,21.60,-0.10,24000,517300,19
2024-07-05,TPEx,4580,捷流閥業,108.50,109.00,107.50,108.50,0.00,76136,8254066,79
2024-07-05,TPEx,4584,君帆,74.90,75.50,70.00,72.60,-3.00,221890,16238848,283
2024-07-05,TPEx,4609,唐鋒,9.60,9.60,9.60,9.60,0.00,10000,96000,3
2024-07-05,TPEx,4702,中美實,13.50,13.75,13.45,13.55,0.00,170496,2315376,331
2024-07-05,TPEx,4706,大恭,31.90,32.15,30.40,30.50,+0.25,32856,1015299,46
2024-07-05,TPEx,4707,磐亞,15.70,16.10,15.60,16.05,+0.40,1876061,29922632,904
2024-07-05,TPEx,4711,永純,17.10,17.10,16.90,16.90,0.00,38189,648628,64
2024-07-05,TPEx,4714,永捷,21.50,22.20,21.45,21.95,+0.65,4763507,103907832,2074
2024-07-05,TPEx,4716,大立,21.35,21.85,20.75,20.95,+0.10,1985306,42201262,1313
2024-07-05,TPEx,4721,美琪瑪,84.20,86.60,83.70,86.00,+0.80,1125595,96039453,1672
2024-07-05,TPEx,4726,永昕,58.50,59.20,57.10,57.10,-1.00,2726418,158195794,1928
2024-07-05,TPEx,4728,雙美,344.00,345.00,341.00,342.00,+3.50,45624,15653773,77
2024-07-05,TPEx,4729,熒茂,17.75,17.80,17.45,17.75,-0.05,146029,2579389,127
2024-07-05,TPEx,4735,豪展,37.25,37.50,37.20,37.50,+0.25,37072,1386181,49
2024-07-05,TPEx,4741,泓瀚,39.00,39.80,39.00,39.60,+0.40,11072,435676,20
2024-07-05,TPEx,4743,合一,158.50,160.50,158.50,159.00,+1.50,1535073,244519883,1386
2024-07-05,TPEx,4744,皇將,25.60,25.90,25.00,25.15,-0.40,335037,8462836,399
2024-07-05,TPEx,4745,合富-KY,23.65,23.65,23.40,23.50,+0.10,55305,1296885,43
2024-07-05,TPEx,4747,強生,72.70,72.70,71.00,71.20,0.00,44451,3161381,78
2024-07-05,TPEx,4754,國碳科,44.20,44.60,43.95,44.15,-0.20,76484,3376267,82
2024-07-05,TPEx,4760,勤凱,139.00,143.00,139.00,142.00,+3.50,494937,69915233,553
2024-07-05,TPEx,4767,誠泰科技,30.70,30.80,30.70,30.80,+0.30,9139,280908,14
2024-07-05,TPEx,4768,晶呈科技,265.00,271.50,256.00,264.50,+3.50,2294016,605536185,2336
2024-07-05,TPEx,4804,大略-KY,4.06,4.10,4.06,4.08,+0.02,51147,209117,59
2024-07-05,TPEx,4806,昇華,12.00,12.05,11.90,12.05,+0.05,34723,416583,29
2024-07-05,TPEx,4903,聯光通,23.90,24.85,23.30,24.35,+1.00,1069811,25740435,784
2024-07-05,TPEx,4905,台聯電,100.50,101.50,100.00,100.50,0.00,34322,3450285,41
2024-07-05,TPEx,4907,富宇,73.50,76.70,73.00,76.00,+3.20,209980,15661768,167
2024-07-05,TPEx,4908,前鼎,109.00,117.50,108.50,114.50,+7.00,7986153,908352080,5794
2024-07-05,TPEx,4909,新復興,106.00,109.50,106.00,108.00,+1.00,4879569,525794896,3415
2024-07-05,TPEx,4911,德英,61.00,61.00,60.60,61.00,-0.50,35611,2166069,47
2024-07-05,TPEx,4923,力士,45.20,46.00,45.15,45.90,+0.50,110733,5061440,105
2024-07-05,TPEx,4924,欣厚-KY,27.00,28.15,26.10,28.05,+0.35,419434,11355549,284
2024-07-05,TPEx,4931,新盛力,30.15,30.80,30.15,30.65,+0.45,464983,14225520,309
2024-07-05,TPEx,4933,友輝,64.50,65.00,64.20,64.70,+0.20,141084,9108141,176
2024-07-05,TPEx,4939,亞電,21.85,22.30,21.85,22.20,+0.35,504844,11162988,271
2024-07-05,TPEx,4945,陞達科技,98.10,100.50,97.50,99.90,+2.00,240360,23882394,365
2024-07-05,TPEx,4946,辣椒,46.00,47.00,45.20,47.00,+0.70,40777,1858159,46
2024-07-05,TPEx,4951,精拓科,85.20,85.60,84.20,84.40,-0.40,139671,11828931,114
2024-07-05,TPEx,4953,緯軟,137.00,137.00,135.00,135.50,-1.00,525406,71345580,566
2024-07-05,TPEx,4966,譜瑞-KY,855.00,864.00,840.00,862.00,+27.00,2340200,1995368356,4559
2024-07-05,TPEx,4971,IET-KY,60.00,61.60,59.90,61.40,+1.70,127678,7772007,114
2024-07-05,TPEx,4972,湯石照明,28.00,28.20,28.00,28.10,+0.05,61674,1736069,316
2024-07-05,TPEx,4973,廣穎,45.20,45.75,44.90,45.30,+0.60,767734,34748139,518
2024-07-05,TPEx,4974,亞泰,73.60,74.20,73.10,73.60,+0.60,320220,23573866,367
2024-07-05,TPEx,4979,華星光,124.00,131.00,124.00,128.50,+4.50,4647323,594993336,3725
2024-07-05,TPEx,4987,科誠,62.20,62.60,62.20,62.60,0.00,15778,985457,20
2024-07-05,TPEx,4991,環宇-KY,45.50,46.05,45.05,46.00,+0.45,153787,6992348,150
2024-07-05,TPEx,4995,晶達,75.00,77.70,73.00,73.30,-2.70,400555,29920885,972
2024-07-05,TPEx,5009,榮剛,49.30,49.35,48.85,49.15,-0.25,2823421,138594584,1751
2024-07-05,TPEx,5011,久陽,26.00,26.50,25.75,26.15,+0.35,1445232,37910883,742
2024-07-05,TPEx,5013,強新,34.50,34.50,33.70,34.00,-0.15,540754,16790815,37
2024-07-05,TPEx,5014,建錩,17.05,17.20,17.00,17.05,0.00,552031,9428545,226
2024-07-05,TPEx,5015,華祺,44.65,45.20,44.45,45.10,,234371,10505347,277
2024-07-05,TPEx,5016,松和,27.85,28.00,27.80,28.00,+0.10,15754,440454,23
2024-07-05,TPEx,5201,凱衛,28.75,29.00,28.70,28.90,+0.20,71528,2069703,61
2024-07-05,TPEx,5202,力新,23.20,25.00,22.65,25.00,+2.00,16285864,389537478,4638
2024-07-05,TPEx,5205,中茂,34.25,36.70,34.25,35.35,-1.45,40500,1440647,44
2024-07-05,TPEx,5206,坤悅,42.00,42.00,41.90,42.00,+0.10,44700,1875728,39
2024-07-05,TPEx,5209,新鼎,189.00,191.50,189.00,189.50,+0.50,36685,6954171,145
2024-07-05,TPEx,5210,寶碩,30.55,30.75,29.60,29.95,-0.60,359325,10751882,349
2024-07-05,TPEx,5211,蒙恬,29.45,29.60,29.40,29.40,0.00,122525,3608772,95
2024-07-05,TPEx,5212,凌網,59.30,59.30,59.20,59.20,0.00,12274,728255,55
2024-07-05,TPEx,5213,亞昕,40.30,40.60,40.05,40.50,+0.15,491942,19850008,269
2024-07-05,TPEx,5220,萬達光電,27.20,27.35,27.10,27.25,+0.05,40004,1088508,29
2024-07-05,TPEx,5223,安力-KY,38.05,38.05,37.80,37.85,0.00,62473,2367274,47
2024-07-05,TPEx,5227,立凱-KY,37.70,38.90,37.45,38.60,+1.15,207595,7950447,379
2024-07-05,TPEx,5228,鈺鎧,22.80,23.00,22.80,22.80,0.00,19002,433896,13
2024-07-05,TPEx,5230,雷笛克光學,40.80,42.20,40.50,41.15,+0.90,3099367,128902179,2159
2024-07-05,TPEx,5236,凌陽創新,156.00,167.00,155.00,164.50,+9.00,1398584,226379625,1243
2024-07-05,TPEx,5245,智晶,35.75,37.50,35.75,37.00,+1.25,159834,5873507,194
2024-07-05,TPEx,5251,天鉞電,41.30,42.40,39.95,42.30,+2.20,1994129,82477673,1585
2024-07-05,TPEx,5263,智崴,162.00,163.50,159.00,162.50,+1.00,560069,90508257,440
2024-07-05,TPEx,5272,笙科,31.80,34.90,31.70,34.40,+2.65,3160591,108613992,1766
2024-07-05,TPEx,5274,信驊,4415.00,4540.00,4385.00,4495.00,+105.00,413357,1848778215,1285
2024-07-05,TPEx,5276,達輝-KY,19.50,21.45,19.50,21.45,+1.95,444364,9381906,232
2024-07-05,TPEx,5278,尚凡,267.50,268.50,267.00,268.50,0.00,7005,1877476,107
2024-07-05,TPEx,5287,數字,200.50,201.00,200.00,201.00,0.00,34354,6897355,165
2024-07-05,TPEx,5289,宜鼎,330.00,335.50,326.00,328.00,-1.50,1347161,443869800,2960
2024-07-05,TPEx,5291,邑昇,28.75,29.00,28.70,28.95,+0.10,47090,1359195,22
2024-07-05,TPEx,5299,杰力,118.00,121.50,117.00,119.50,+2.50,351706,41941085,408
2024-07-05,TPEx,5301,寶得利,9.65,9.65,9.50,9.50,-0.35,82100,786172,33
2024-07-05,TPEx,5302,太欣,13.25,14.00,13.20,13.65,+0.50,1456728,19770279,688
2024-07-05,TPEx,5309,系統電,36.45,37.30,36.30,37.00,+0.55,3194461,117857621,2110
2024-07-05,TPEx,5310,天剛,39.15,39.25,38.80,39.15,-0.10,52129,2031632,39
2024-07-05,TPEx,5312,寶島科,101.50,101.50,99.90,99.90,-0.60,62455,6255598,125
2024-07-05,TPEx,5314,世紀,205.00,206.00,203.00,204.50,0.00,123147,25193182,652
2024-07-05,TPEx,5315,光聯,18.30,18.50,18.15,18.45,+0.20,236524,4330938,151
2024-07-05,TPEx,5321,美而快,70.60,71.50,70.30,70.90,+0.50,86463,6122913,123
2024-07-05,TPEx,5324,士開,13.60,13.90,13.45,13.75,+0.20,497538,6801739,199
2024-07-05,TPEx,5328,華容,16.45,17.60,16.40,17.15,+0.85,8976169,153794299,3400
2024-07-05,TPEx,5340,建榮,53.00,53.90,52.30,52.90,+0.20,1008343,53468978,653
2024-07-05,TPEx,5344,立衛,21.30,21.70,21.00,21.50,+0.20,242724,5167136,149
2024-07-05,TPEx,5345,天揚,34.10,34.10,28.80,33.20,+2.20,244086,7988821,249
2024-07-05,TPEx,5347,世界,123.00,128.00,122.50,124.50,+4.00,31837017,4000632762,17605
2024-07-05,TPEx,5348,正能量智能,12.30,12.60,12.30,12.60,+0.30,12200,150400,12
2024-07-05,TPEx,5351,鈺創,49.45,50.70,49.45,50.20,+1.10,3313507,166323006,2168
2024-07-05,TPEx,5353,台林,35.00,35.75,34.65,35.35,+0.55,400323,14107045,274
2024-07-05,TPEx,5355,佳總,14.45,14.50,13.85,13.95,-0.25,1186962,16683891,635
2024-07-05,TPEx,5356,協益,39.20,39.50,39.00,39.20,0.00,477942,18718957,454
2024-07-05,TPEx,5364,力麗店,19.00,19.50,18.95,19.50,+0.20,468808,9024294,305
2024-07-05,TPEx,5371,中光電,91.30,92.60,90.20,92.50,+1.60,7769866,712817615,5190
2024-07-05,TPEx,5381,合正,33.90,34.15,33.60,33.65,+0.05,573959,19368805,482
2024-07-05,TPEx,5386,青雲,74.00,74.60,73.20,73.60,-0.40,370231,27322945,533
2024-07-05,TPEx,5392,能率,40.95,44.00,40.50,42.60,+2.55,34276779,1449652338,21229
2024-07-05,TPEx,5398,慕康生醫,18.85,18.90,18.55,18.55,-0.20,151754,2836255,94
2024-07-05,TPEx,5403,中菲,120.00,121.50,120.00,121.00,+1.50,153447,18522444,240
2024-07-05,TPEx,5410,國眾,39.70,40.20,39.70,40.10,+0.40,476230,19051055,410
2024-07-05,TPEx,5425,台半,77.90,78.30,77.00,78.30,+0.80,1837337,143116163,1741
2024-07-05,TPEx,5426,振發,35.00,35.45,34.40,34.50,-0.40,2071251,71724508,1305
2024-07-05,TPEx,5432,新門,300.00,311.00,294.00,303.00,+3.00,1463592,444882747,2295
2024-07-05,TPEx,5438,東友,18.05,18.25,18.00,18.15,+0.15,100594,1821544,65
2024-07-05,TPEx,5439,高技,98.20,99.00,97.50,98.40,+1.20,1130954,111322323,888
2024-07-05,TPEx,5443,均豪,101.50,109.00,99.50,109.00,+9.80,30560360,3216696089,18135
2024-07-05,TPEx,5450,南良,21.05,21.20,20.85,21.05,+0.15,215731,4529995,172
2024-07-05,TPEx,5452,佶優,43.15,43.15,43.15,43.15,+3.90,2925388,126230428,980
2024-07-05,TPEx,5455,昇益,60.40,60.50,59.70,60.10,+1.60,24469,1473618,19
2024-07-05,TPEx,5457,宣德,58.80,59.70,58.30,58.80,0.00,712876,42134197,541
2024-07-05,TPEx,5460,同協,14.25,14.50,14.25,14.50,+0.25,82521,1185970,94
2024-07-05,TPEx,5464,霖宏,31.70,32.00,31.70,31.90,+0.20,83595,2663192,58
2024-07-05,TPEx,5465,富驊,40.80,40.80,40.35,40.70,+0.35,245461,9960600,164
2024-07-05,TPEx,5468,凱鈺,28.40,30.80,27.95,29.55,+0.20,741938,21525533,558
2024-07-05,TPEx,5474,聰泰,195.00,205.00,192.50,198.00,+8.00,3419550,681533708,3072
2024-07-05,TPEx,5475,德宏,14.20,15.60,14.20,15.60,+1.40,3561484,54472611,1318
2024-07-05,TPEx,5478,智冠,145.00,146.00,142.50,142.50,-2.50,314347,45178424,478
2024-07-05,TPEx,5481,新華,15.50,15.65,15.30,15.55,+0.10,186275,2879777,130
2024-07-05,TPEx,5483,中美晶,222.50,224.00,218.00,224.00,+2.00,3986335,883676257,5837
2024-07-05,TPEx,5487,通泰,36.60,38.50,36.60,37.35,+0.95,88714,3348960,77
2024-07-05,TPEx,5488,松普,13.85,14.00,13.65,13.90,+0.15,731418,10152404,377
2024-07-05,TPEx,5489,彩富,47.20,47.40,46.50,46.75,+0.40,61297,2866521,78
2024-07-05,TPEx,5490,同亨,35.70,37.55,35.60,36.85,+1.35,3061660,112595005,1906
2024-07-05,TPEx,5493,三聯,109.00,115.00,107.00,112.00,+5.00,1593740,177923918,1347
2024-07-05,TPEx,5498,凱崴,16.60,16.85,16.35,16.70,+0.30,3313281,55192877,1491
2024-07-05,TPEx,5508,永信建,236.50,236.50,225.00,227.00,-7.00,1881623,430757227,3157
2024-07-05,TPEx,5511,德昌,71.50,72.10,71.40,71.40,-0.10,1162395,83321905,711
2024-07-05,TPEx,5512,力麒,12.75,13.00,12.65,12.85,+0.25,7301867,93753819,2363
2024-07-05,TPEx,5514,三豐,21.70,21.75,21.60,21.65,+0.05,32003,694063,21
2024-07-05,TPEx,5516,雙喜,21.40,21.40,20.80,21.30,-0.25,110573,2333851,80
2024-07-05,TPEx,5520,力泰,82.40,82.40,82.10,82.10,-0.10,4000,328700,4
2024-07-05,TPEx,5523,豐謙,30.15,30.30,30.00,30.30,-0.05,87036,2624323,89
2024-07-05,TPEx,5529,鉅陞,32.45,33.15,32.45,33.05,+0.40,224869,7391847,169
2024-07-05,TPEx,5530,龍巖,56.90,57.80,56.10,56.90,-0.50,2627177,149611919,1639
2024-07-05,TPEx,5536,聖暉*,257.50,267.00,257.00,265.50,+8.00,520241,136958491,734
2024-07-05,TPEx,5543,桓鼎-KY,46.00,46.00,45.50,45.65,+0.05,20092,918182,22
2024-07-05,TPEx,5548,安倉,35.50,35.50,35.20,35.35,-0.15,23355,824717,30
2024-07-05,TPEx,5601,台聯櫃,,,,,,0,0,0
2024-07-05,TPEx,5603,陸海,28.00,28.05,27.50,27.55,-0.15,674971,18716811,438
2024-07-05,TPEx,5604,中連,43.55,43.55,43.10,43.15,-0.35,26443,1144474,43
2024-07-05,TPEx,5609,中菲行,91.90,92.10,91.50,91.60,-0.30,202962,18619115,798
2024-07-05,TPEx,5701,劍湖山,5.70,5.75,5.62,5.70,-0.02,108900,618952,48
2024-07-05,TPEx,5703,亞都,22.40,22.40,21.85,22.00,0.00,14000,308000,13
2024-07-05,TPEx,5704,老爺知,44.50,45.10,44.50,44.85,-0.05,12105,542897,16
2024-07-05,TPEx,5864,致和證,21.00,21.20,20.85,20.90,+0.50,3246577,68143631,1024
2024-07-05,TPEx,5878,台名,47.25,47.30,47.20,47.30,-0.10,10023,473690,11
2024-07-05,TPEx,5902,德記,37.75,37.90,37.60,37.80,+0.10,67621,2554491,77
2024-07-05,TPEx,5903,全家,191.00,191.50,190.50,190.50,0.00,74850,14271653,229
2024-07-05,TPEx,5904,寶雅,500.00,506.00,498.00,506.00,+6.00,212934,107133406,499
2024-07-05,TPEx,5905,南仁湖,14.75,14.80,14.60,14.65,-0.10,1142972,16813541,425
2024-07-05,TPEx,6015,宏遠證,13.15,13.25,13.10,13.15,0.00,2567686,33768219,700
2024-07-05,TPEx,6016,康和證,16.90,17.00,16.85,16.95,+0.10,3193517,54047520,712
2024-07-05,TPEx,6020,大展證,19.05,19.10,19.00,19.00,0.00,33226,633094,18
2024-07-05,TPEx,6021,美好證,27.40,27.50,27.05,27.05,0.00,150799,4104718,70
2024-07-05,TPEx,6023,元大期,93.70,93.70,91.10,92.10,-1.00,476032,43700073,2573
2024-07-05,TPEx,6026,福邦證,16.15,16.25,16.05,16.10,-0.05,2034157,32809222,817
2024-07-05,TPEx,6101,寬魚國際,44.50,44.85,44.25,44.60,+0.10,149496,6654752,162
2024-07-05,TPEx,6103,合邦,,,,,,0,0,0
2024-07-05,TPEx,6104,創惟,100.00,103.00,99.30,102.00,+2.80,1341540,136414727,1063
2024-07-05,TPEx,6109,亞元,14.30,14.45,14.30,14.45,+0.15,267565,3839383,168
2024-07-05,TPEx,6111,大宇資,71.90,72.60,71.50,72.20,+0.50,890694,64098003,930
2024-07-05,TPEx,6113,亞矽,30.30,31.15,30.30,31.00,+0.80,554404,17103240,427
2024-07-05,TPEx,6114,久威,34.25,35.00,33.90,34.80,+0.60,114185,3931704,111
2024-07-05,TPEx,6118,建達,24.15,24.85,24.00,24.35,+0.45,299154,7324609,237
2024-07-05,TPEx,6121,新普,394.50,396.50,393.00,396.50,+4.00,751035,297108683,1006
2024-07-05,TPEx,6122,擎邦,58.20,58.70,57.90,58.40,+0.50,372721,21729494,328
2024-07-05,TPEx,6123,上奇,68.00,68.90,67.90,68.50,+0.50,163414,11134511,93
2024-07-05,TPEx,6124,業強,34.95,35.85,34.60,35.35,+0.75,1349877,45310838,180
2024-07-05,TPEx,6125,廣運,110.00,110.50,107.00,110.00,0.00,11661082,1265415657,7863
2024-07-05,TPEx,6126,信音,35.25,37.55,35.25,37.55,+2.60,12352240,455724550,6232
2024-07-05,TPEx,6127,九豪,34.45,35.70,33.70,35.00,+0.55,15993287,553388539,9264
2024-07-05,TPEx,6129,普誠,25.30,26.20,25.20,26.20,+0.90,1503229,38787891,893
2024-07-05,TPEx,6130,上亞科技,33.10,34.75,33.10,34.40,+0.10,164274,5570188,129
2024-07-05,TPEx,6134,萬旭,24.00,24.00,23.35,23.55,+0.55,182604,4316575,122
2024-07-05,TPEx,6138,茂達,200.50,203.00,200.50,203.00,+2.50,413456,83499104,476
2024-07-05,TPEx,6140,訊達,34.10,34.70,33.80,34.30,+0.55,681373,23429503,550
2024-07-05,TPEx,6143,振曜,127.00,129.00,124.50,128.00,+2.50,1940235,245505152,1392
2024-07-05,TPEx,6144,得利影,43.00,43.15,42.00,42.50,+0.85,25404,1078338,20
2024-07-05,TPEx,6146,耕興,226.50,236.50,226.50,235.50,+9.50,1142913,266337818,1440
2024-07-05,TPEx,6147,頎邦,67.00,68.20,67.00,68.20,+1.40,5406262,366314871,3180
2024-07-05,TPEx,6148,驊宏資,28.10,29.30,27.95,29.00,+1.05,338828,9701407,279
2024-07-05,TPEx,6150,撼訊,76.00,77.70,75.60,77.70,+2.10,360649,27769103,387
2024-07-05,TPEx,6151,晉倫,27.90,28.15,27.80,27.90,+0.20,189563,5292184,125
2024-07-05,TPEx,6154,順發,16.85,17.00,16.80,16.90,+0.20,63631,1075463,81
2024-07-05,TPEx,6156,松上,26.25,26.65,25.95,26.65,+0.60,1910144,50419242,967
2024-07-05,TPEx,6158,禾昌,30.35,30.60,30.35,30.50,+0.15,221741,6751713,134
2024-07-05,TPEx,6160,欣技,32.00,34.95,31.45,34.95,+3.15,12544865,422419107,6588
2024-07-05,TPEx,6161,捷波,60.90,62.90,60.20,62.40,+2.90,1658138,102273640,1272
2024-07-05,TPEx,6163,華電網,24.90,25.30,24.25,24.85,+0.30,3311557,82406423,1507
2024-07-05,TPEx,6167,久正,16.20,16.35,15.90,16.15,+0.05,1431710,23151072,498
2024-07-05,TPEx,6169,昱泉,25.00,25.90,25.00,25.90,+0.90,217290,5516322,154
2024-07-05,TPEx,6170,統振,57.50,58.50,57.50,58.30,+0.80,753993,43787835,496
2024-07-05,TPEx,6171,大城地產,44.25,44.80,44.00,44.65,+0.20,148521,6589590,74
2024-07-05,TPEx,6173,信昌電,53.10,54.50,52.90,54.20,+1.00,3049102,164863832,1966
2024-07-05,TPEx,6174,安碁,23.30,23.50,23.15,23.30,0.00,69274,1610849,55
2024-07-05,TPEx,6175,立敦,42.75,42.90,42.55,42.65,+0.10,917034,39181922,562
2024-07-05,TPEx,6179,亞通,35.00,35.75,34.00,35.35,+0.10,14587906,510561876,8778
2024-07-05,TPEx,6180,橘子,80.80,81.40,80.20,81.40,+0.60,1008398,81620204,831
2024-07-05,TPEx,6182,合晶,40.55,41.95,40.20,41.85,+1.40,14333604,593160847,8320
2024-07-05,TPEx,6185,幃翔,16.90,17.05,16.90,17.00,+0.05,279040,4733110,212
2024-07-05,TPEx,6186,新潤,98.20,99.20,97.70,98.00,-0.20,251072,24675045,314
2024-07-05,TPEx,6187,萬潤,310.00,330.00,305.00,330.00,+30.00,11370131,3677470898,8373
2024-07-05,TPEx,6188,廣明,116.50,118.50,114.50,118.00,+3.50,15318147,1784914653,11057
2024-07-05,TPEx,6190,萬泰科,41.45,41.55,40.85,41.35,+0.15,1645070,67928058,1088
2024-07-05,TPEx,6194,育富,38.55,38.95,38.55,38.95,+0.40,142503,5526258,88
2024-07-05,TPEx,6195,詩肯,41.30,41.35,41.20,41.35,+0.05,30859,1274828,231
2024-07-05,TPEx,6198,瑞築,60.10,61.00,60.10,60.10,-0.90,67935,4108740,67
2024-07-05,TPEx,6199,天品,26.50,26.55,26.05,26.35,+0.30,19748,517900,32
2024-07-05,TPEx,6203,海韻電,87.10,87.90,86.90,87.80,+1.10,235196,20589510,226
2024-07-05,TPEx,6204,艾華,148.50,153.00,147.00,149.50,+2.00,971570,145621320,996
2024-07-05,TPEx,6207,雷科,87.00,89.30,84.40,86.00,+3.70,32792241,2847811509,21127
2024-07-05,TPEx,6208,日揚,56.10,56.70,55.80,56.70,+0.60,280916,15777811,240
2024-07-05,TPEx,6210,慶生,23.75,23.80,23.70,23.80,+0.05,18001,427873,14
2024-07-05,TPEx,6212,理銘,75.90,77.90,75.90,77.40,+1.30,13962,1079392,18
2024-07-05,TPEx,6217,中探針,52.20,55.20,51.80,55.20,+5.00,20742819,1125276912,9287
2024-07-05,TPEx,6218,豪勉,30.40,30.55,30.05,30.55,+2.75,3536218,107852175,1360
2024-07-05,TPEx,6219,富旺,41.55,41.65,40.80,41.30,+0.10,594625,24472934,451
2024-07-05,TPEx,6220,岳豐,23.75,24.10,23.75,24.05,+0.25,166803,3987609,109
2024-07-05,TPEx,6221,晉泰,85.60,86.80,85.60,86.50,+0.50,24187,2087334,51
2024-07-05,TPEx,6222,上揚,34.45,34.45,33.70,34.45,+3.10,649959,22329947,588
2024-07-05,TPEx,6223,旺矽,539.00,588.00,538.00,582.00,+47.00,4124230,2324938002,5227
2024-07-05,TPEx,6227,茂綸,82.40,84.30,81.50,81.90,+0.40,1911840,158168793,1463
2024-07-05,TPEx,6228,全譜,42.90,44.20,41.75,41.75,-0.15,111179,4761671,108
2024-07-05,TPEx,6229,研通,41.85,43.75,41.50,42.85,+1.00,998732,43068241,601
2024-07-05,TPEx,6231,系微,396.50,436.00,396.00,436.00,+39.50,2949071,1251590193,3378
2024-07-05,TPEx,6233,旺玖,36.95,37.90,36.75,37.55,+0.70,1455148,54637028,904
2024-07-05,TPEx,6234,高僑,32.00,34.20,31.50,33.20,+1.65,4890917,162020739,2776
2024-07-05,TPEx,6236,中湛,30.40,31.30,30.40,31.30,+0.90,8025,248078,7
2024-07-05,TPEx,6237,驊訊,52.80,55.20,52.00,54.70,+2.70,998541,53911252,835
2024-07-05,TPEx,6240,松崗,23.85,24.85,23.70,24.20,+0.55,147970,3577396,117
2024-07-05,TPEx,6241,易通展,14.70,14.90,14.60,14.90,+0.20,119519,1770979,71
2024-07-05,TPEx,6242,立康,49.80,50.00,49.75,50.00,+0.15,28844,1436799,37
2024-07-05,TPEx,6244,茂迪,34.25,35.10,33.70,34.70,+0.45,20468342,705339939,10542
2024-07-05,TPEx,6245,立端,98.60,99.40,98.00,98.70,+0.20,760024,75086757,1327
2024-07-05,TPEx,6246,臺龍,15.75,15.75,15.60,15.60,0.00,8272,129424,15
2024-07-05,TPEx,6248,沛波,31.00,31.00,30.75,30.85,-0.15,251927,7770714,272
2024-07-05,TPEx,6259,百徽,23.10,23.20,22.65,23.10,+0.15,98373,2256705,54
2024-07-05,TPEx,6261,久元,83.60,84.40,83.10,84.00,+0.70,1132793,95088788,919
2024-07-05,TPEx,6263,普萊德,191.50,195.50,186.50,187.00,+2.50,1950324,370981573,1918
2024-07-05,TPEx,6264,富裔,14.20,14.35,13.80,13.85,-0.35,465856,6517545,317
2024-07-05,TPEx,6265,方土昶,14.45,15.20,14.35,14.75,+0.55,3052375,45377548,1265
2024-07-05,TPEx,6266,泰詠,31.95,32.65,31.95,32.50,+0.55,321305,10390100,246
2024-07-05,TPEx,6270,倍微,31.80,32.95,31.75,32.20,+0.50,2504596,81229728,1486
2024-07-05,TPEx,6274,台燿,170.00,178.00,168.50,176.00,+7.00,13806260,2400773830,17851
2024-07-05,TPEx,6275,元山,59.10,60.90,59.10,60.70,+1.60,1100741,66375864,848
2024-07-05,TPEx,6276,安鈦克,58.10,59.30,57.70,58.90,+0.70,105606,6177138,235
2024-07-05,TPEx,6279,胡連,165.50,166.00,165.00,165.00,-0.50,233575,38652443,989
2024-07-05,TPEx,6284,佳邦,98.00,103.50,96.40,100.00,+4.50,6510103,652849359,5785
2024-07-05,TPEx,6287,元隆,12.45,13.75,12.45,13.60,+1.00,22393,294199,30
2024-07-05,TPEx,6290,良維,91.90,93.30,91.20,92.10,+0.50,4619799,426787948,2853
2024-07-05,TPEx,6291,沛亨,144.50,146.50,144.50,144.50,-1.50,81612,11870348,201
2024-07-05,TPEx,6292,迅德,79.00,79.80,78.10,78.40,+0.30,187677,14768918,179
2024-07-05,TPEx,6294,智基,102.50,102.50,101.00,102.00,-0.50,31701,3224265,85
2024-07-05,TPEx,6411,晶焱,99.80,101.50,99.00,101.00,+1.40,472260,47573747,770
2024-07-05,TPEx,6417,韋僑,116.00,123.00,114.50,118.00,+2.00,936863,111552329,852
2024-07-05,TPEx,6418,詠昇,24.50,25.50,24.45,25.05,+0.65,683526,17147181,363
2024-07-05,TPEx,6419,京晨科,136.00,144.00,131.00,140.00,+5.50,555053,75433599,684
2024-07-05,TPEx,6425,易發,71.90,75.00,71.50,73.20,+2.80,2709378,199085001,2387
2024-07-05,TPEx,6432,今展科,36.10,37.10,36.10,36.80,+0.70,380871,13987622,275
2024-07-05,TPEx,6435,大中,116.50,118.00,115.50,115.50,+0.50,420259,49090486,362
2024-07-05,TPEx,6441,廣錠,46.85,47.50,46.35,46.55,+0.20,275822,12901989,271
2024-07-05,TPEx,6457,紘康,65.00,65.80,63.00,65.80,+2.30,801340,51941537,659
2024-07-05,TPEx,6461,益得,30.35,30.80,30.30,30.70,+0.35,289076,8832966,290
2024-07-05,TPEx,6462,神盾,262.00,263.00,253.50,254.00,-5.50,2128773,545634346,3273
2024-07-05,TPEx,6465,威潤,24.80,26.40,24.80,26.30,+1.50,75810,1960276,70
2024-07-05,TPEx,6469,大樹,236.00,244.50,235.00,244.00,+8.00,439725,105839833,1545
2024-07-05,TPEx,6470,宇智,56.30,57.00,56.30,56.60,+0.20,200191,11338277,225
2024-07-05,TPEx,6482,弘煜科,55.10,56.30,55.10,55.10,-0.20,42171,2338075,43
2024-07-05,TPEx,6485,點序,80.30,82.40,79.50,80.80,+1.20,300386,24285731,326
2024-07-05,TPEx,6486,互動,99.10,99.50,98.10,98.20,-0.70,201998,19878986,219
2024-07-05,TPEx,6488,環球晶,587.00,588.00,576.00,582.00,+1.00,1330323,773121563,2233
2024-07-05,TPEx,6492,生華科,45.40,45.65,44.70,45.65,+0.80,274404,12378433,193
2024-07-05,TPEx,6494,九齊,69.00,69.90,68.50,69.70,+0.50,130011,9046427,137
2024-07-05,TPEx,6496,科懋,35.05,35.05,34.30,34.35,-0.70,123459,4264525,192
2024-07-05,TPEx,6499,益安,52.80,52.80,51.00,51.50,-0.80,257653,13259257,482
2024-07-05,TPEx,6506,雙邦,18.35,18.50,18.30,18.30,0.00,263539,4838850,220
2024-07-05,TPEx,6508,惠光,33.25,33.35,33.20,33.35,+0.10,79782,2660003,147
2024-07-05,TPEx,6509,聚和,44.75,45.20,44.35,45.05,+0.45,1956183,87938317,1279
2024-07-05,TPEx,6510,精測,482.00,483.00,471.50,478.00,+3.00,195122,93523309,379
2024-07-05,TPEx,6512,啟發電,27.10,27.55,27.10,27.30,+0.05,82487,2241925,107
2024-07-05,TPEx,6514,芮特-KY,53.40,53.40,53.10,53.30,-0.10,41038,2185528,32
2024-07-05,TPEx,6516,勤崴國際,78.50,78.50,77.90,78.40,+0.20,37776,2951894,62
2024-07-05,TPEx,6517,保勝光學,74.00,80.90,74.00,77.90,+4.00,1523795,119032254,1208
2024-07-05,TPEx,6523,達爾膚,170.50,170.50,169.00,169.00,-2.00,102687,17414628,290
2024-07-05,TPEx,6527,明達醫,88.00,88.00,86.50,87.90,-0.10,63273,5529923,357
2024-07-05,TPEx,6530,創威,49.70,52.30,49.40,51.10,+1.55,1700104,86739903,1320
2024-07-05,TPEx,6532,瑞耘,77.40,82.80,77.00,78.10,+0.10,2158901,171802838,2367
2024-07-05,TPEx,6535,順藥,235.50,237.00,216.00,217.00,-23.00,3110282,690943263,7986
2024-07-05,TPEx,6538,倉和,176.50,178.50,171.00,171.00,-6.50,3361801,584442544,5375
2024-07-05,TPEx,6542,隆中,58.80,58.90,58.80,58.90,0.00,5002,294516,7
2024-07-05,TPEx,6546,正基,142.50,143.00,140.00,141.50,+0.50,959330,135766954,882
2024-07-05,TPEx,6547,高端疫苗,53.20,53.80,53.20,53.50,+0.30,795940,42612914,740
2024-07-05,TPEx,6548,長科*,39.00,39.50,38.70,39.30,+0.50,2045586,80334290,1026
2024-07-05,TPEx,6556,勝品,119.00,125.00,118.50,124.00,+5.00,150030,18226736,144
2024-07-05,TPEx,6560,欣普羅,49.00,49.50,48.00,48.60,+0.60,303510,14743219,312
2024-07-05,TPEx,6561,是方,359.00,363.00,358.00,360.50,+2.00,71302,25639318,176
2024-07-05,TPEx,6568,宏觀,136.50,138.00,135.00,135.50,-1.50,223501,30358462,247
2024-07-05,TPEx,6569,醫揚,216.50,232.50,216.00,231.00,+19.50,1284261,294842089,1345
2024-07-05,TPEx,6570,維田,54.60,55.10,54.50,54.90,+0.30,111884,6134715,80
2024-07-05,TPEx,6574,霈方,50.40,50.40,50.10,50.40,-0.20,18046,907144,19
2024-07-05,TPEx,6576,逸達,84.60,85.80,84.30,84.70,+0.70,405505,34531490,318
2024-07-05,TPEx,6577,勁豐,158.00,165.50,158.00,165.50,+6.50,431745,70389738,499
2024-07-05,TPEx,6578,達邦蛋白,29.45,30.30,29.45,29.85,+0.50,859254,25811301,548
2024-07-05,TPEx,6584,南俊國際,209.00,211.50,207.00,208.00,+0.50,315991,65902625,514
2024-07-05,TPEx,6588,東典光電,34.20,35.00,34.15,35.00,+0.85,54220,1891107,50
2024-07-05,TPEx,6589,台康生技,94.20,95.40,92.70,93.00,-0.90,1195661,111898820,1343
2024-07-05,TPEx,6590,普鴻,76.50,77.00,76.50,77.00,+0.10,10713,822832,47
2024-07-05,TPEx,6593,台灣銘板,105.00,105.50,102.50,103.00,-1.50,105883,10924771,432
2024-07-05,TPEx,6596,寬宏藝術,73.80,73.80,73.30,73.50,-0.30,102863,7561787,127
2024-07-05,TPEx,6603,富強鑫,17.95,18.20,17.80,18.00,+0.15,2340801,42288801,1070
2024-07-05,TPEx,6609,瀧澤科,45.70,50.20,45.70,50.20,+4.50,2547312,125358935,1285
2024-07-05,TPEx,6612,奈米醫材,176.00,178.50,170.00,172.00,-0.50,422916,73990341,478
2024-07-05,TPEx,6613,朋億*,194.00,195.00,193.50,194.50,+1.00,90592,17607542,136
2024-07-05,TPEx,6615,慧智,72.20,73.40,71.30,71.70,+0.20,227133,16397889,216
2024-07-05,TPEx,6616,特昇-KY,14.95,14.95,14.70,14.80,+0.05,116291,1721664,79
2024-07-05,TPEx,6617,共信-KY,140.00,141.00,138.00,139.50,-0.50,320586,44665560,440
2024-07-05,TPEx,6624,萬年清,41.00,41.30,40.45,41.00,-0.35,20156,822201,28
2024-07-05,TPEx,6629,泰金-KY,120.00,123.00,120.00,123.00,+2.50,28010,3400724,29
2024-07-05,TPEx,6637,醫影,120.50,127.50,120.50,123.00,+4.00,478655,59332145,529
2024-07-05,TPEx,6640,均華,721.00,793.00,721.00,793.00,+72.00,1410520,1068639383,2229
2024-07-05,TPEx,6642,富致,66.90,68.80,66.90,68.50,+1.60,141490,9645422,143
2024-07-05,TPEx,6643,M31,1355.00,1395.00,1295.00,1305.00,-25.00,2950370,3964464025,4771
2024-07-05,TPEx,6649,台生材,31.25,31.25,30.70,30.80,-0.20,35363,1090579,40
2024-07-05,TPEx,6651,全宇昕,74.10,74.10,73.60,73.60,-0.50,70250,5177750,57
2024-07-05,TPEx,6654,天正國際,50.90,53.00,50.00,51.50,+1.60,82662,4231649,76
2024-07-05,TPEx,6661,威健生技,32.40,33.95,32.40,33.00,-0.05,151923,5024340,152
2024-07-05,TPEx,6662,樂斯科,38.50,39.50,37.80,39.40,+0.70,14256,554323,18
2024-07-05,TPEx,6664,群翊,305.00,315.00,305.00,315.00,+28.50,1255175,390790512,1294
2024-07-05,TPEx,6667,信紘科,221.00,236.50,220.50,228.00,+10.00,4784861,1093664324,4513
2024-07-05,TPEx,6679,鈺太,408.50,414.50,389.00,392.00,-15.00,1183879,467899559,1955
2024-07-05,TPEx,6680,鑫創電子,88.00,89.00,88.00,88.00,-0.50,21104,1865118,57
2024-07-05,TPEx,6683,雍智科技,419.50,439.00,408.00,431.00,+12.50,1456201,613767826,1757
2024-07-05,TPEx,6684,安格,91.80,92.30,89.60,90.40,-0.80,1433606,130526767,1156
2024-07-05,TPEx,6690,安碁資訊,205.00,207.50,203.50,204.00,+2.00,220977,45378243,4838
2024-07-05,TPEx,6692,進能服,39.75,39.85,38.20,38.70,-0.50,290863,11247895,269
2024-07-05,TPEx,6693,廣閎科,76.00,76.20,73.50,73.80,-0.30,126884,9428852,215
2024-07-05,TPEx,6697,東捷資訊,49.50,50.30,49.35,50.10,+0.60,61355,3052885,79
2024-07-05,TPEx,6703,軒郁,292.00,299.50,292.00,298.00,+7.50,237652,70562510,400
2024-07-05,TPEx,6708,天擎,45.50,46.35,45.50,45.50,0.00,21091,966653,19
2024-07-05,TPEx,6712,長聖,200.50,202.00,197.00,198.00,0.00,729556,145581270,5596
2024-07-05,TPEx,6716,應廣,121.00,123.00,119.50,122.50,+2.50,75001,9132512,79
2024-07-05,TPEx,6721,信實,52.80,53.20,52.80,53.20,+0.30,34527,1828616,36
2024-07-05,TPEx,6727,亞泰金屬,66.10,68.50,66.10,68.20,+2.10,336919,22838133,364
2024-07-05,TPEx,6728,上洋,132.00,133.00,131.50,132.00,0.00,12821,1696093,36
2024-07-05,TPEx,6732,昇佳電子,353.50,362.00,353.50,361.00,+8.00,217233,77785042,350
2024-07-05,TPEx,6733,博晟生醫,39.00,39.50,38.75,38.95,-0.20,539241,21039453,288
2024-07-05,TPEx,6735,美達科技,91.00,96.80,90.70,94.90,+4.10,370031,34754626,390
2024-07-05,TPEx,6741,91APP*-KY,98.80,98.80,97.40,97.60,-1.20,340960,33316271,634
2024-07-05,TPEx,6747,亨泰光,174.50,175.50,174.50,175.50,+2.00,17313,3035219,49
2024-07-05,TPEx,6751,智聯服務,70.20,71.30,69.30,71.30,+0.70,17356,1218112,31
2024-07-05,TPEx,6752,叡揚,116.50,116.50,114.00,115.50,+0.50,46704,5383429,71
2024-07-05,TPEx,6761,穩得,115.50,121.00,115.00,117.50,+5.00,1430122,169110100,1312
2024-07-05,TPEx,6762,達亞,293.00,293.00,291.50,291.50,+0.50,5358,1567848,8
2024-07-05,TPEx,6763,綠界科技,426.00,431.00,426.00,428.00,+2.00,7866,3373130,72
2024-07-05,TPEx,6767,台微醫,35.10,35.10,34.90,35.00,-0.10,46001,1607834,36
2024-07-05,TPEx,6785,昱展新藥,247.00,250.00,245.00,245.00,-2.00,243662,60068768,558
2024-07-05,TPEx,6788,華景電,205.00,219.50,204.00,215.00,+12.00,2338211,498229841,6296
2024-07-05,TPEx,6791,虎門科技,84.30,86.90,84.30,86.90,+1.50,12105,1040169,17
2024-07-05,TPEx,6803,崑鼎,300.00,301.00,299.00,299.50,-0.50,156987,47102338,674
2024-07-05,TPEx,6804,明係,45.20,46.30,45.00,45.05,-0.15,79726,3621852,137
2024-07-05,TPEx,6811,宏碁資訊,290.50,293.00,283.00,283.00,+2.00,490697,141277290,618
2024-07-05,TPEx,6821,聯寶,38.40,38.50,38.00,38.20,-0.20,65050,2481261,58
2024-07-05,TPEx,6823,濾能,69.00,71.40,68.70,71.00,+2.10,125378,8659028,44
2024-07-05,TPEx,6829,千附精密,118.00,119.50,116.50,119.00,+2.00,515226,61098111,504
2024-07-05,TPEx,6840,東研信超,80.00,83.90,80.00,82.60,+3.10,118963,9772845,143
2024-07-05,TPEx,6841,長佳智能,113.00,116.50,113.00,114.00,+1.00,1360301,156362915,2126
2024-07-05,TPEx,6843,進典,54.30,54.90,54.00,54.70,+0.20,37000,2009300,23
2024-07-05,TPEx,6844,諾貝兒,157.00,158.00,155.50,158.00,+1.00,22521,3524587,87
2024-07-05,TPEx,6846,綠茵,79.60,79.90,79.50,79.50,+0.40,27128,2163000,38
2024-07-05,TPEx,6855,數泓科,141.00,141.00,138.00,138.00,-3.50,64546,8961616,84
2024-07-05,TPEx,6856,鑫傳,62.70,63.00,62.70,63.00,-0.20,5006,314179,5
2024-07-05,TPEx,6859,伯特光,128.50,130.50,128.00,130.50,+0.50,52131,6736115,46
2024-07-05,TPEx,6865,偉康科技,57.20,57.20,56.00,56.10,-1.10,22521,1274019,39
2024-07-05,TPEx,6870,騰雲,231.50,240.50,230.00,234.00,+2.50,157486,37017733,824
2024-07-05,TPEx,6874,倍力,111.00,112.50,109.50,111.50,+0.50,81703,9045197,91
2024-07-05,TPEx,6875,國邑*,68.40,69.90,67.80,68.00,-0.40,207361,14182584,291
2024-07-05,TPEx,6877,鏵友益,63.00,67.90,63.00,67.00,+3.30,1455582,96015337,1242
2024-07-05,TPEx,6881,潤德,235.00,235.00,235.00,235.00,+8.00,3000,705000,3
2024-07-05,TPEx,6894,衛司特,218.50,231.00,218.50,228.00,+9.00,179761,40472108,243
2024-07-05,TPEx,6895,宏碩系統,263.00,263.00,257.50,258.50,-2.50,159992,41413839,177
2024-07-05,TPEx,6899,創為精密,63.10,63.10,62.80,63.00,+0.10,53498,3367295,46
2024-07-05,TPEx,6903,巨漢,185.50,190.00,184.00,190.00,+5.50,506100,94957047,541
2024-07-05,TPEx,6904,伯鑫,161.00,164.50,161.00,164.50,+3.50,2155,350345,16
2024-07-05,TPEx,6922,宸曜,204.00,204.00,196.50,204.00,+18.50,1087055,220370041,969
2024-07-05,TPEx,6929,佑全,68.30,69.30,68.30,69.10,+0.70,24129,1661081,27
2024-07-05,TPEx,6953,家碩,285.00,309.00,284.00,304.00,+23.00,1117366,334256098,2692
2024-07-05,TPEx,7402,邑錡,103.50,106.00,103.50,103.50,0.00,216069,22566752,228
2024-07-05,TPEx,7556,意德士,142.00,147.00,142.00,144.00,+2.00,85506,12410853,127
2024-07-05,TPEx,8024,佑華,21.25,21.25,21.05,21.15,+0.05,61024,1290113,51
2024-07-05,TPEx,8027,鈦昇,135.50,140.50,134.00,135.00,-2.00,8580391,1171065246,6376
2024-07-05,TPEx,8032,光菱,29.20,29.55,29.20,29.25,-0.15,12374,362462,26
2024-07-05,TPEx,8034,榮群,22.95,23.30,22.85,23.20,+0.20,562330,12988110,330
2024-07-05,TPEx,8038,長園科,30.50,31.00,30.10,30.90,+0.40,485303,14875383,383
2024-07-05,TPEx,8040,九暘,88.20,88.40,87.00,87.30,-0.70,760677,66622025,799
2024-07-05,TPEx,8042,金山電,37.80,37.80,36.00,36.10,+0.10,58678,2128301,198
2024-07-05,TPEx,8043,蜜望實,26.10,26.10,25.50,25.60,+0.30,328193,8456464,214
2024-07-05,TPEx,8044,網家,35.25,35.70,34.65,35.60,+0.55,594657,21044321,533
2024-07-05,TPEx,8047,星雲,15.50,16.20,15.50,16.05,+0.65,408930,6520429,286
2024-07-05,TPEx,8048,德勝,68.30,69.40,68.10,69.00,+0.70,459539,31707613,339
2024-07-05,TPEx,8049,晶采,39.05,39.55,39.05,39.50,+0.50,424527,16696036,303
2024-07-05,TPEx,8050,廣積,88.80,89.70,87.80,89.40,+0.80,4015838,357728132,4161
2024-07-05,TPEx,8054,安國,165.50,166.00,160.50,161.00,-2.00,2044063,332025933,1911
2024-07-05,TPEx,8059,凱碩,32.45,34.50,32.30,34.50,+3.10,2038273,69908713,981
2024-07-05,TPEx,8064,東捷,54.70,59.80,54.50,59.80,+5.40,37266413,2139609172,20041
2024-07-05,TPEx,8066,來思達,30.00,30.30,30.00,30.20,0.00,32349,978489,145
2024-07-05,TPEx,8067,志旭,19.50,20.55,19.20,20.55,+1.85,192055,3863116,142
2024-07-05,TPEx,8068,全達,34.00,35.30,33.75,35.10,+1.45,651338,22640013,422
2024-07-05,TPEx,8069,元太,274.50,280.50,268.50,271.00,-4.00,6265918,1708228265,22655
2024-07-05,TPEx,8071,能率網通,22.30,24.20,22.30,24.20,+2.20,16809429,398357708,7079
2024-07-05,TPEx,8074,鉅橡,21.20,21.30,21.15,21.25,+0.10,149295,3167429,68
2024-07-05,TPEx,8076,伍豐,35.65,37.80,35.35,37.05,+1.80,12623236,466595289,7520
2024-07-05,TPEx,8077,洛碁,63.40,63.40,63.00,63.00,-1.00,4101,259152,8
2024-07-05,TPEx,8080,印鉐,16.20,17.65,16.20,16.85,+0.65,135343,2297551,127
2024-07-05,TPEx,8083,瑞穎,168.50,169.50,167.50,169.50,+1.00,59407,10020100,46
2024-07-05,TPEx,8084,巨虹,109.50,110.00,106.50,110.00,+1.00,525822,57160638,491
2024-07-05,TPEx,8085,福華,68.70,68.80,66.70,67.70,-0.80,7456226,503101238,4006
2024-07-05,TPEx,8086,宏捷科,138.50,144.00,138.50,142.50,+4.00,5287257,749936784,4311
2024-07-05,TPEx,8087,華鎂鑫,56.50,57.30,56.30,56.60,0.00,170678,9702641,122
2024-07-05,TPEx,8088,品安,44.60,44.70,44.20,44.40,-0.30,542138,24052046,389
2024-07-05,TPEx,8089,康全電訊,123.00,123.50,120.00,123.00,+3.00,538256,65708523,386
2024-07-05,TPEx,8091,翔名,163.50,176.50,163.00,172.00,+9.50,960022,163610759,1133
2024-07-05,TPEx,8092,建暐,28.40,30.70,28.40,30.70,+2.75,4823281,146629804,2131
2024-07-05,TPEx,8093,保銳,27.40,27.40,26.45,26.90,-0.40,368433,9917546,262
2024-07-05,TPEx,8096,擎亞,41.10,42.75,41.10,41.70,+0.95,8346308,349125737,4746
2024-07-05,TPEx,8097,常珵,65.30,68.60,65.30,68.10,+3.00,602509,40876892,472
2024-07-05,TPEx,8099,大世科,115.00,122.50,115.00,122.00,,2556677,307342093,1852
2024-07-05,TPEx,8107,大億金茂,23.95,24.45,23.35,23.50,+0.05,1260726,30107278,811
2024-07-05,TPEx,8109,博大,93.00,93.50,92.60,93.30,+0.20,143014,13299303,152
2024-07-05,TPEx,8111,立碁,23.55,24.00,23.45,23.75,+0.50,813788,19298607,477
2024-07-05,TPEx,8121,越峰,42.85,45.90,42.70,43.90,+1.90,2846233,126644208,1906
2024-07-05,TPEx,8147,正淩,124.00,127.00,124.00,127.00,+4.00,748939,94345337,590
2024-07-05,TPEx,8155,博智,142.00,144.00,141.50,143.50,+2.00,244860,35073230,281
2024-07-05,TPEx,8171,天宇,38.60,39.05,38.25,38.70,+0.65,598814,23209859,426
2024-07-05,TPEx,8176,智捷,16.85,17.20,16.30,16.55,+0.15,1204183,20154850,717
2024-07-05,TPEx,8182,加高,37.60,37.65,37.20,37.60,+0.15,193547,7260710,167
2024-07-05,TPEx,8183,精星,43.65,44.10,43.65,44.10,+0.45,407033,17897876,320
2024-07-05,TPEx,8227,巨有科技,251.00,252.50,243.50,244.50,-4.50,764780,188811373,2730
2024-07-05,TPEx,8234,新漢,63.60,68.90,61.70,65.60,+2.00,21985478,1430479714,17299
2024-07-05,TPEx,8240,華宏,36.05,36.30,35.80,36.30,+0.20,37473,1351571,49
2024-07-05,TPEx,8255,朋程,226.50,226.50,222.00,223.00,-1.00,475723,106366934,638
2024-07-05,TPEx,8277,商丞,16.55,17.75,16.40,17.60,+0.95,3529133,60358955,1741
2024-07-05,TPEx,8279,生展,160.00,160.00,157.00,157.50,-2.50,19380,3073302,25
2024-07-05,TPEx,8284,三竹,66.60,67.50,66.20,66.60,+0.10,54316,3635680,78
2024-07-05,TPEx,8289,泰藝,31.40,32.20,31.30,31.85,+0.30,190685,6065865,132
2024-07-05,TPEx,8291,尚茂,10.20,10.25,10.00,10.00,-0.90,36661,372287,37
2024-07-05,TPEx,8299,群聯,627.00,627.00,611.00,618.00,-10.00,2956492,1832549285,4631
2024-07-05,TPEx,8342,益張,82.30,83.50,82.20,83.50,+0.80,17369,1436737,19
2024-07-05,TPEx,8349,恒耀,68.00,70.10,68.00,69.80,+2.20,269834,18687966,224
2024-07-05,TPEx,8349A,恒耀甲特,,,,,,0,0,0
2024-07-05,TPEx,8354,冠好,16.40,16.60,16.30,16.50,+0.15,284634,4673802,231
2024-07-05,TPEx,8358,金居,70.70,72.40,70.50,71.60,+1.10,9320022,667467506,5614
2024-07-05,TPEx,8383,千附,47.70,51.00,47.20,49.40,+2.00,7277085,361832945,4872
2024-07-05,TPEx,8390,金益鼎,77.70,82.00,76.50,78.80,+3.90,4285644,340589640,8387
2024-07-05,TPEx,8401,白紗科,28.10,28.35,28.10,28.15,+0.10,102400,2891846,79
2024-07-05,TPEx,8403,盛弘,33.30,33.50,33.10,33.30,+0.10,257395,8550691,246
2024-07-05,TPEx,8409,商之器,24.05,24.50,23.60,24.05,+0.25,192032,4615431,189
2024-07-05,TPEx,8410,森田,87.30,87.50,81.60,81.80,-2.90,405323,33747474,396
2024-07-05,TPEx,8415,大國鋼,34.55,34.60,34.45,34.60,+0.05,131857,4551904,102
2024-07-05,TPEx,8416,實威,175.00,175.50,172.50,173.50,0.00,55945,9720962,213
2024-07-05,TPEx,8420,明揚,42.50,42.85,42.45,42.85,+0.40,18005,765862,15
2024-07-05,TPEx,8421,旭源,14.80,14.85,14.55,14.85,+0.15,292193,4295765,175
2024-07-05,TPEx,8423,保綠-KY,25.00,25.25,24.75,24.95,+0.20,110090,2744065,155
2024-07-05,TPEx,8424,惠普,68.90,69.10,68.90,69.10,0.00,11191,772334,16
2024-07-05,TPEx,8426,紅木-KY,53.80,53.80,52.70,52.80,0.00,72731,3859940,88
2024-07-05,TPEx,8431,匯鑽科,58.40,58.40,57.40,57.90,+0.10,228061,13190915,133
2024-07-05,TPEx,8432,東生華,67.50,68.70,67.50,67.50,-0.30,100160,6807260,73
2024-07-05,TPEx,8433,弘帆,91.30,91.80,90.90,91.80,+0.60,92135,8400258,102
2024-07-05,TPEx,8435,鉅邁,70.50,70.60,70.20,70.50,0.00,36306,2556510,86
2024-07-05,TPEx,8436,大江,162.50,162.50,160.00,161.00,-0.50,438878,70606571,418
2024-07-05,TPEx,8437,大地-KY,29.05,29.05,28.45,28.50,+0.15,32314,921001,116
2024-07-05,TPEx,8440,綠電,58.50,58.50,56.30,57.90,-0.60,1303979,74559319,866
2024-07-05,TPEx,8444,綠河-KY,38.85,39.00,38.50,38.50,-0.30,47004,1824754,26
2024-07-05,TPEx,8446,華研,106.50,108.00,106.50,107.50,+1.50,250431,26866778,296
2024-07-05,TPEx,8450,霹靂,26.65,29.25,26.65,29.25,+2.65,2540924,72714637,1720
2024-07-05,TPEx,8455,大拓-KY,34.50,35.90,34.05,35.90,+1.90,54665,1897425,102
2024-07-05,TPEx,8472,夠麻吉,28.00,28.15,26.00,27.90,+0.80,44028,1155234,17
2024-07-05,TPEx,8477,創業家,20.30,20.85,20.20,20.60,+0.30,99058,2022238,80
2024-07-05,TPEx,8489,三貝德,27.10,27.35,27.00,27.30,+0.30,19858,538852,27
2024-07-05,TPEx,8905,裕國,32.00,32.10,31.95,32.00,+0.05,65076,2082802,100
2024-07-05,TPEx,8906,花王,57.10,60.50,57.10,59.40,+2.30,1097327,64704607,737
2024-07-05,TPEx,8908,欣雄,53.90,54.20,53.70,54.20,+0.20,34805,1878859,88
2024-07-05,TPEx,8916,光隆,63.90,64.40,63.40,63.50,-0.40,215122,13703446,310
2024-07-05,TPEx,8917,欣泰,61.30,62.00,60.60,60.60,-0.10,28484,1735278,50
2024-07-05,TPEx,8921,沈氏,19.15,20.00,19.15,20.00,+0.30,42000,836350,15
2024-07-05,TPEx,8923,時報,19.80,19.80,19.75,19.75,+0.15,6695,132534,18
2024-07-05,TPEx,8924,大田,90.70,92.00,90.70,91.40,+2.20,339334,31024009,317
2024-07-05,TPEx,8927,北基,61.80,61.80,61.10,61.30,+0.10,178250,10924254,118
2024-07-05,TPEx,8928,鉅明,34.55,35.35,34.55,35.30,+0.75,138075,4843032,113
2024-07-05,TPEx,8929,富堡,24.70,24.90,24.60,24.70,-0.20,109034,2690781,243
2024-07-05,TPEx,8930,青鋼,37.75,38.10,37.75,38.10,+0.35,264900,10048970,184
2024-07-05,TPEx,8931,大汽電,53.80,54.60,53.50,53.70,+0.20,106067,5715924,131
2024-07-05,TPEx,8932,智通,158.50,165.00,158.50,163.00,+4.50,374608,61015746,302
2024-07-05,TPEx,8933,愛地雅,9.73,9.94,9.70,9.82,+0.09,709258,6955487,752
2024-07-05,TPEx,8935,邦泰,15.05,16.30,15.05,16.30,+1.45,3197206,51779114,1290
2024-07-05,TPEx,8936,國統,78.40,78.70,77.50,78.20,+0.80,4140125,323278182,3502
2024-07-05,TPEx,8937,合騏,23.80,25.85,23.80,25.85,+2.35,1029013,26541472,330
2024-07-05,TPEx,8938,明安,80.80,81.50,80.60,81.50,+0.70,176493,14318988,666
2024-07-05,TPEx,8941,關中,77.00,77.00,76.60,76.60,-0.50,29288,2244185,29
2024-07-05,TPEx,8942,森鉅,66.40,67.10,66.20,66.90,+0.50,507279,33773884,425
2024-07-05,TPEx,9949,琉園,22.55,23.00,22.50,23.00,+0.35,10123,229521,42
2024-07-05,TPEx,9950,萬國通,16.40,16.45,16.20,16.40,0.00,157266,2568876,101
2024-07-05,TPEx,9951,皇田,72.40,73.10,72.00,72.90,+0.50,83844,6090649,88
2024-07-05,TPEx,9960,邁達康,27.35,27.50,27.35,27.50,+0.15,62693,1719778,71
2024-07-05,TPEx,9962,有益,16.40,16.50,16.40,16.45,-0.05,121214,1995562,127
