date,market,code,name,open,high,low,close,change,volume,value,transactions
2024-01-29,TWSE,0050,元大台灣50,135.65,136.65,135.60,136.50,0.85,27291722,3720069370,14077
2024-01-29,TWSE,0051,元大中型100,72.55,73.35,72.55,73.35,0.95,58317,4263253,216
2024-01-29,TWSE,0052,富邦科技,134.80,135.40,134.60,135.40,0.60,317921,42885469,642
2024-01-29,TWSE,0053,元大電子,73.40,73.90,73.40,73.70,0.15,19707,1450237,88
2024-01-29,TWSE,0055,元大MSCI金融,23.60,23.68,23.58,23.61,0.01,133018,3144561,352
2024-01-29,TWSE,0056,元大高股息,36.07,36.31,36.02,36.28,0.21,22427662,812631564,11481
2024-01-29,TWSE,0057,富邦摩台,102.45,102.45,102.45,102.45,0.45,5069,517882,77
2024-01-29,TWSE,0061,元大寶滬深,16.00,16.05,15.80,15.92,-0.04,651436,10359573,307
2024-01-29,TWSE,006203,元大MSCI台灣,65.50,65.70,65.50,65.70,0.15,23309,1529575,83
2024-01-29,TWSE,006204,永豐臺灣加權,89.80,90.30,89.80,90.30,0.50,19269,1737059,89
2024-01-29,TWSE,006205,富邦上証,27.49,27.59,27.24,27.26,-0.10,4895601,134242866,1658
2024-01-29,TWSE,006206,元大上證50,26.50,26.65,26.39,26.47,0.07,460629,12208045,207
2024-01-29,TWSE,006207,復華滬深,20.77,20.88,20.63,20.63,-0.06,319947,6653912,104
2024-01-29,TWSE,006208,富邦台50,79.10,79.60,79.10,79.60,0.50,3397320,269994000,5088
2024-01-29,TWSE,00625K,富邦上証+R,,,,,0.00,0,0,0
2024-01-29,TWSE,00631L,元大台灣50正2,153.05,155.70,153.05,155.70,2.60,1829829,283403665,2202
2024-01-29,TWSE,00632R,元大台灣50反1,4.45,4.46,4.41,4.41,-0.05,98442580,435582845,5822
2024-01-29,TWSE,00633L,富邦上証正2,28.54,28.86,28.38,28.39,0.15,14918909,427121541,2903
2024-01-29,TWSE,00634R,富邦上証反1,5.00,5.04,5.00,5.04,0.00,894400,4481514,22
2024-01-29,TWSE,00635U,期元大S&P黃金,24.32,24.38,24.32,24.36,0.04,207010,5039740,79
2024-01-29,TWSE,00636,國泰中國A50,18.52,18.65,18.48,18.49,0.02,2649623,49214270,667
2024-01-29,TWSE,00636K,國泰中國A50+U,5.97,5.97,5.97,5.97,0.06,200,1194,2
2024-01-29,TWSE,00637L,元大滬深300正2,11.32,11.42,11.22,11.25,0.09,101331140,1148012673,10254
2024-01-29,TWSE,00638R,元大滬深300反1,10.53,10.59,10.49,10.59,-0.04,2408001,25345090,78
2024-01-29,TWSE,00639,富邦深100,9.54,9.62,9.42,9.42,-0.12,1625872,15451083,821
2024-01-29,TWSE,00640L,富邦日本正2,48.03,48.70,48.02,48.42,1.04,395676,19158280,242
2024-01-29,TWSE,00641R,富邦日本反1,7.13,7.14,7.09,7.11,-0.09,782609,5564965,126
2024-01-29,TWSE,00642U,期元大S&P石油,17.00,17.10,17.00,17.06,0.33,10441016,177989632,2325
2024-01-29,TWSE,00643,群益深証中小,10.66,10.71,10.42,10.44,-0.21,2137398,22443806,375
2024-01-29,TWSE,00643K,群益深証中小+R,,,,,0.00,0,0,0
2024-01-29,TWSE,00645,富邦日本,34.48,34.66,34.44,34.55,0.31,980658,33882832,444
2024-01-29,TWSE,00646,元大S&P500,47.31,47.38,47.23,47.25,-0.04,6997145,330869987,1704
2024-01-29,TWSE,00647L,元大S&P500正2,72.70,72.90,72.70,72.90,0.30,65552,4773074,28
2024-01-29,TWSE,00648R,元大S&P500反1,6.08,6.08,6.07,6.08,-0.02,221650,1347508,36
2024-01-29,TWSE,00650L,復華香港正2,8.31,8.40,8.18,8.20,-0.06,18225944,150944732,1825
2024-01-29,TWSE,00651R,復華香港反1,9.94,9.95,9.81,9.94,0.02,937000,9252190,77
2024-01-29,TWSE,00652,富邦印度,34.84,35.27,34.84,35.27,0.43,458024,16052033,484
2024-01-29,TWSE,00653L,富邦印度正2,54.25,55.45,54.25,55.45,1.45,490246,26880650,120
2024-01-29,TWSE,00654R,富邦印度反1,7.01,7.02,6.95,6.95,-0.10,102379,715696,26
2024-01-29,TWSE,00655L,國泰中國A50正2,19.90,20.04,19.71,19.75,0.16,6502784,129249804,1338
2024-01-29,TWSE,00656R,國泰中國A50反1,9.44,9.48,9.41,9.48,-0.05,1199000,11316300,30
2024-01-29,TWSE,00657,國泰日經225,42.15,42.42,42.15,42.25,0.33,148617,6285341,109
2024-01-29,TWSE,00657K,國泰日經225+U,13.55,13.55,13.55,13.55,0.13,200,2710,2
2024-01-29,TWSE,00660,元大歐洲50,33.33,33.44,33.25,33.44,0.25,5718,190054,71
2024-01-29,TWSE,00661,元大日經225,45.79,46.22,45.79,46.06,0.38,310543,14321495,125
2024-01-29,TWSE,00662,富邦NASDAQ,70.00,70.20,70.00,70.00,0.05,2785448,195336183,1732
2024-01-29,TWSE,00663L,國泰臺灣加權正2,142.50,143.30,142.50,143.30,1.30,3000,428800,3
2024-01-29,TWSE,00664R,國泰臺灣加權反1,5.02,5.02,4.98,4.98,-0.04,4702252,23468007,406
2024-01-29,TWSE,00665L,富邦恒生國企正2,4.92,5.06,4.92,4.92,-0.02,49291111,245543318,3293
2024-01-29,TWSE,00666R,富邦恒生國企反1,17.48,17.50,17.23,17.50,0.01,433400,7534834,81
2024-01-29,TWSE,00668,國泰美國道瓊,43.17,43.17,43.11,43.11,0.08,63942,2757660,46
2024-01-29,TWSE,00668K,國泰美國道瓊+U,13.77,13.77,13.77,13.77,0.00,200,2754,2
2024-01-29,TWSE,00669R,國泰美國道瓊反1,7.19,7.20,7.18,7.19,-0.03,2695734,19380892,111
2024-01-29,TWSE,00670L,富邦NASDAQ正2,104.70,105.30,104.70,105.15,0.30,932573,97960988,413
2024-01-29,TWSE,00671R,富邦NASDAQ反1,4.22,4.23,4.21,4.22,-0.01,11817306,49857003,211
2024-01-29,TWSE,00673R,期元大S&P原油反1,7.72,7.73,7.67,7.70,-0.16,44866533,345597771,4370
2024-01-29,TWSE,00674R,期元大S&P黃金反1,12.10,12.10,12.08,12.08,-0.05,786584,9508700,50
2024-01-29,TWSE,00675L,富邦臺灣加權正2,61.75,62.80,61.75,62.75,1.00,1273088,79521443,932
2024-01-29,TWSE,00676R,富邦臺灣加權反1,2.78,2.78,2.75,2.75,-0.03,4857346,13428890,368
2024-01-29,TWSE,00678,群益那斯達克生技,27.38,27.39,27.36,27.37,0.02,212206,5806040,82
2024-01-29,TWSE,00680L,元大美債20正2,8.94,8.95,8.89,8.93,-0.06,33933646,302996164,3836
2024-01-29,TWSE,00681R,元大美債20反1,20.07,20.07,20.04,20.05,0.07,385061,7720194,15
2024-01-29,TWSE,00682U,期元大美元指數,20.85,20.85,20.82,20.82,0.00,5000,104160,3
2024-01-29,TWSE,00683L,期元大美元指正2,22.13,22.13,22.08,22.13,0.00,149220,3299596,28
2024-01-29,TWSE,00684R,期元大美元指反1,,,,,0.00,0,0,0
2024-01-29,TWSE,00685L,群益臺灣加權正2,55.05,55.95,55.00,55.95,0.85,90647,5040709,58
2024-01-29,TWSE,00686R,群益臺灣加權反1,2.99,2.99,2.97,2.98,-0.01,413100,1229319,27
2024-01-29,TWSE,00688L,國泰20年美債正2,8.88,8.90,8.84,8.88,-0.07,23026663,204418602,2432
2024-01-29,TWSE,00689R,國泰20年美債反1,20.79,20.79,20.79,20.79,0.09,1000,20790,1
2024-01-29,TWSE,00690,兆豐藍籌30,29.02,29.19,29.02,29.15,0.15,424905,12379045,261
2024-01-29,TWSE,00692,富邦公司治理,33.06,33.28,33.06,33.27,0.22,3759586,124907870,2070
2024-01-29,TWSE,00693U,期街口S&P黃豆,24.58,24.62,24.56,24.57,-0.35,252203,6197678,108
2024-01-29,TWSE,00700,富邦恒生國企,10.53,10.58,10.45,10.47,-0.06,422705,4441782,209
2024-01-29,TWSE,00701,國泰股利精選30,25.10,25.23,25.08,25.20,0.10,478455,12043868,530
2024-01-29,TWSE,00702,國泰標普低波高息,21.27,21.27,21.25,21.27,0.05,103006,2188663,89
2024-01-29,TWSE,00703,台新MSCI中國,13.20,13.23,12.93,13.14,-0.10,220548,2908075,84
2024-01-29,TWSE,00706L,期元大S&P日圓正2,7.16,7.18,7.15,7.18,-0.03,6546296,46900150,748
2024-01-29,TWSE,00707R,期元大S&P日圓反1,27.63,27.75,27.63,27.75,0.00,3000,83010,2
2024-01-29,TWSE,00708L,期元大S&P黃金正2,26.39,26.49,26.37,26.45,0.08,708880,18736865,73
2024-01-29,TWSE,00709,富邦歐洲,26.63,26.68,26.62,26.62,0.01,29545,786983,123
2024-01-29,TWSE,00710B,復華彭博非投等債,18.72,18.74,18.70,18.71,-0.01,176060,3294577,70
2024-01-29,TWSE,00711B,復華彭博新興債,15.88,15.88,15.86,15.86,0.01,141241,2240388,79
2024-01-29,TWSE,00712,復華富時不動產,9.89,9.90,9.87,9.89,0.02,7107172,70265654,2717
2024-01-29,TWSE,00713,元大台灣高息低波,49.78,50.10,49.75,50.10,0.32,4798533,239867168,4522
2024-01-29,TWSE,00714,群益道瓊美國地產,19.11,19.11,19.07,19.07,-0.05,273975,5228811,133
2024-01-29,TWSE,00715L,期街口布蘭特正2,15.14,15.25,15.08,15.18,0.65,69462039,1052658648,7044
2024-01-29,TWSE,00717,富邦美國特別股,15.33,15.38,15.32,15.34,0.01,574342,8821346,311
2024-01-29,TWSE,00728,第一金工業30,26.42,26.59,26.42,26.57,0.16,748489,19851095,299
2024-01-29,TWSE,00730,富邦臺灣優質高息,19.97,20.17,19.97,20.17,0.20,503514,10132433,558
2024-01-29,TWSE,00731,復華富時高息低波,68.80,69.25,68.80,69.25,0.55,553353,38284623,251
2024-01-29,TWSE,00733,富邦臺灣中小,56.85,57.60,56.85,57.60,0.75,1122563,64378622,1168
2024-01-29,TWSE,00735,國泰臺韓科技,29.70,29.81,29.70,29.81,0.16,114189,3400776,127
2024-01-29,TWSE,00736,國泰新興市場,19.92,20.02,19.92,20.02,0.07,104040,2079532,79
2024-01-29,TWSE,00737,國泰AI機器人,30.36,30.40,30.33,30.40,0.00,113306,3442419,99
2024-01-29,TWSE,00738U,期元大道瓊白銀,21.46,21.49,21.43,21.47,0.00,292291,6274680,95
2024-01-29,TWSE,00739,元大MSCI A股,19.30,19.49,19.20,19.24,-0.05,222081,4277587,115
2024-01-29,TWSE,00752,中信中國50,15.63,15.80,15.54,15.54,-0.16,4264678,66740149,1124
2024-01-29,TWSE,00753L,中信中國50正2,6.38,6.48,6.28,6.30,-0.06,35365251,225308522,3544
2024-01-29,TWSE,00757,統一FANG+,69.05,69.50,69.05,69.50,0.35,1502596,104319142,1342
2024-01-29,TWSE,00762,元大全球AI,53.40,53.40,53.15,53.30,0.15,203166,10820420,486
2024-01-29,TWSE,00763U,期街口道瓊銅,23.78,23.79,23.70,23.70,-0.10,36000,854030,14
2024-01-29,TWSE,00770,國泰北美科技,38.28,38.28,38.17,38.17,-0.11,2627094,100376304,1400
2024-01-29,TWSE,00771,元大US高息特別股,17.13,17.13,17.10,17.10,-0.01,28147,481685,80
2024-01-29,TWSE,00775B,台新投等債15+,34.32,34.32,34.23,34.23,-0.19,4826,165023,80
2024-01-29,TWSE,00783,富邦中証500,16.97,16.97,16.60,16.60,-0.27,162409,2713820,49
2024-01-29,TWSE,00830,國泰費城半導體,38.00,38.18,37.99,38.17,-0.11,6302467,240339624,2822
2024-01-29,TWSE,00850,元大臺灣ESG永續,35.40,35.69,35.37,35.69,0.29,4399497,156526344,2086
2024-01-29,TWSE,00851,台新全球AI,39.44,39.44,39.36,39.37,-0.07,84215,3319190,111
2024-01-29,TWSE,00852L,國泰美國道瓊正2,22.97,22.99,22.96,22.99,0.12,58015,1332708,17
2024-01-29,TWSE,00861,元大全球未來通訊,35.83,35.88,35.80,35.87,-0.16,210687,7555330,154
2024-01-29,TWSE,00865B,國泰US短期公債,43.16,43.23,43.16,43.18,0.02,131106,5661331,69
2024-01-29,TWSE,00875,國泰網路資安,32.24,32.27,32.24,32.26,0.11,265286,8557590,125
2024-01-29,TWSE,00876,元大全球5G,33.47,33.61,33.47,33.55,-0.14,472295,15850489,236
2024-01-29,TWSE,00878,國泰永續高股息,21.52,21.70,21.49,21.67,0.15,35435831,766707352,13952
2024-01-29,TWSE,00881,國泰台灣科技龍頭,17.96,18.06,17.92,18.06,0.12,14471016,260884578,4804
2024-01-29,TWSE,00882,中信中國高股息,10.01,10.03,9.92,9.95,-0.03,27014913,269678531,6038
2024-01-29,TWSE,00885,富邦越南,11.80,11.82,11.76,11.78,-0.02,4815625,56711975,1985
2024-01-29,TWSE,00891,中信關鍵半導體,16.39,16.46,16.36,16.43,0.04,6598541,108307179,2339
2024-01-29,TWSE,00892,富邦台灣半導體,14.05,14.11,14.02,14.10,0.03,2999191,42232224,901
2024-01-29,TWSE,00893,國泰智能電動車,17.71,17.78,17.71,17.73,0.12,4921063,87347790,1405
2024-01-29,TWSE,00894,中信小資高價30,16.24,16.43,16.24,16.43,0.21,2667991,43667547,550
2024-01-29,TWSE,00895,富邦未來車,20.31,20.40,20.31,20.35,0.11,1887881,38418738,725
2024-01-29,TWSE,00896,中信綠能及電動車,15.68,15.83,15.67,15.82,0.16,2009767,31675139,594
2024-01-29,TWSE,00897,富邦基因免疫生技,7.42,7.42,7.40,7.40,-0.03,1130476,8377699,219
2024-01-29,TWSE,00898,國泰基因免疫革命,7.05,7.05,7.04,7.04,-0.01,277328,1952840,140
2024-01-29,TWSE,00899,FT潔淨能源,17.08,17.08,16.94,16.99,-0.10,109582,1859618,127
2024-01-29,TWSE,00900,富邦特選高股息30,13.78,13.90,13.77,13.90,0.12,13153302,182416115,3645
2024-01-29,TWSE,00901,永豐智能車供應鏈,15.35,15.44,15.32,15.43,0.11,1285741,19805144,387
2024-01-29,TWSE,00902,中信電池及儲能,8.90,8.94,8.77,8.78,-0.12,5321529,46934720,1998
2024-01-29,TWSE,00903,富邦元宇宙,12.56,12.56,12.54,12.54,-0.05,704466,8841381,231
2024-01-29,TWSE,00904,台新臺灣半導體30,15.10,15.14,15.06,15.12,0.04,2344605,35422370,638
2024-01-29,TWSE,00905,FT臺灣Smart,10.61,10.70,10.61,10.70,0.09,1738289,18549736,600
2024-01-29,TWSE,00907,永豐優息存股,14.49,14.56,14.47,14.55,0.05,1381006,20064209,578
2024-01-29,TWSE,00908,富邦入息REITs+,12.19,12.20,12.18,12.19,-0.02,417198,5085166,143
2024-01-29,TWSE,00909,國泰數位支付服務,21.42,21.42,21.35,21.38,0.45,230503,4924680,122
2024-01-29,TWSE,00910,第一金太空衛星,16.03,16.03,16.01,16.03,0.03,102687,1644050,14
2024-01-29,TWSE,00911,兆豐洲際半導體,23.57,23.59,23.33,23.52,-0.20,522609,12276639,163
2024-01-29,TWSE,00912,中信臺灣智慧50,15.55,15.59,15.50,15.59,0.09,1306744,20330154,235
2024-01-29,TWSE,00913,兆豐台灣晶圓製造,18.30,18.36,18.25,18.33,0.04,300792,5513280,94
2024-01-29,TWSE,00915,凱基優選高股息30,22.15,22.34,22.14,22.33,0.17,4471497,99531062,1235
2024-01-29,TWSE,00916,國泰全球品牌50,19.93,19.95,19.93,19.93,0.08,429333,8560622,421
2024-01-29,TWSE,00917,中信特選金融,17.20,17.20,17.18,17.18,-0.02,687625,11823708,96
2024-01-29,TWSE,00918,大華優利高填息30,21.41,21.59,21.39,21.56,0.13,4196005,90310029,1210
2024-01-29,TWSE,00919,群益台灣精選高息,22.10,22.26,22.05,22.25,0.15,36492902,809447876,12468
2024-01-29,TWSE,00920,富邦ESG綠色電力,13.71,13.73,13.70,13.71,-0.04,111635,1530331,142
2024-01-29,TWSE,00921,兆豐龍頭等權重,17.44,17.60,17.44,17.60,0.16,910478,15985111,565
2024-01-29,TWSE,00922,國泰台灣領袖50,16.95,17.03,16.89,17.00,0.12,6063383,103028923,2268
2024-01-29,TWSE,00923,群益台ESG低碳50,17.43,17.54,17.41,17.52,0.10,5798250,101411531,2345
2024-01-29,TWSE,00924,復華S&P500成長,18.54,18.57,18.53,18.56,0.02,513301,9521368,427
2024-01-29,TWSE,00925,新光標普電動車,15.05,15.07,15.05,15.05,0.08,261133,3930107,16
2024-01-29,TWSE,00926,凱基全球菁英55,17.83,17.83,17.80,17.80,0.11,55666,991630,67
2024-01-29,TWSE,00927,群益半導體收益,16.86,16.94,16.82,16.94,0.06,5126274,86602785,1649
2024-01-29,TWSE,00929,復華台灣科技優息,18.59,18.72,18.56,18.72,0.13,51463496,960451859,14610
2024-01-29,TWSE,00930,永豐ESG低碳高息,17.80,17.95,17.78,17.95,0.13,2786073,49763519,510
2024-01-29,TWSE,00932,兆豐永續高息等權,16.14,16.30,16.14,16.30,0.16,2568613,41721925,529
2024-01-29,TWSE,00934,中信成長高股息,16.86,16.96,16.82,16.96,0.10,6050763,102305655,1712
2024-01-29,TWSE,00935,野村臺灣新科技50,17.15,17.27,17.14,17.26,0.11,4740701,81625976,1575
2024-01-29,TWSE,00936,台新永續高息中小,15.83,16.02,15.83,16.02,0.22,7815489,124840639,1247
2024-01-29,TWSE,01001T,土銀富邦R1,14.74,14.74,14.74,14.74,0.00,2001,29496,3
2024-01-29,TWSE,01002T,土銀國泰R1,17.53,17.53,17.53,17.53,0.00,10000,175300,5
2024-01-29,TWSE,01004T,土銀富邦R2,13.25,13.26,13.25,13.26,0.01,21004,278363,8
2024-01-29,TWSE,01007T,兆豐國泰R2,16.95,16.95,16.95,16.95,0.01,10000,169500,1
2024-01-29,TWSE,01009T,王道圓滿R1,8.26,8.26,8.12,8.16,-0.09,6000,49090,4
2024-01-29,TWSE,01010T,京城樂富R1,10.02,10.03,10.02,10.03,0.00,19099,191400,4
2024-01-29,TWSE,020000,富邦特選蘋果N,,,,,0.00,0,0,0
2024-01-29,TWSE,020002,元富新中國N,,,,,0.00,0,0,0
2024-01-29,TWSE,020007,凱基臺灣500N,,,,,0.00,0,0,0
2024-01-29,TWSE,020011,統一微波高息20N,,,,,0.00,0,0,0
2024-01-29,TWSE,020012,富邦行動通訊N,,,,,0.00,0,0,0
2024-01-29,TWSE,020015,統一MSCI美低波N,,,,,0.00,0,0,0
2024-01-29,TWSE,020016,統一MSCI美科技N,,,,,0.00,0,0,0
2024-01-29,TWSE,020018,統一價值成長30N,19.84,19.84,19.84,19.84,0.00,1000,19840,1
2024-01-29,TWSE,020019,統一特選台灣5GN,15.28,15.30,15.28,15.30,0.00,14000,213940,2
2024-01-29,TWSE,02001L,富邦蘋果正二N,18.59,19.01,18.59,18.91,0.41,57000,1073240,22
2024-01-29,TWSE,02001R,富邦蘋果反一N,1.88,1.88,1.88,1.88,-0.01,15000,28200,3
2024-01-29,TWSE,02001S,策元大加權策略N,6.04,6.04,6.04,6.04,0.02,4000,24160,2
2024-01-29,TWSE,020020,元大台股領航N,8.73,8.75,8.73,8.75,0.06,50000,437240,20
2024-01-29,TWSE,020028,元大特選電動車N,7.31,7.48,7.31,7.47,0.07,91000,679070,19
2024-01-29,TWSE,020029,元大ESG高股息N,7.46,7.53,7.46,7.52,0.07,104000,780990,29
2024-01-29,TWSE,020030,統一智慧電動車N,5.03,5.08,5.03,5.08,0.05,249000,1262190,43
2024-01-29,TWSE,020031,統一IC設計臺灣N,5.92,5.93,5.92,5.92,0.05,13000,77040,4
2024-01-29,TWSE,020032,元大綠能N,5.32,5.32,5.31,5.32,0.04,20000,106350,6
2024-01-29,TWSE,020034,元大IC設計N,7.42,7.47,7.40,7.46,0.06,85000,632940,23
2024-01-29,TWSE,020036,元大金融配息N,5.41,5.41,5.41,5.41,0.02,1000,5410,1
2024-01-29,TWSE,020037,元大金融高股息N,5.57,5.57,5.57,5.57,0.00,6000,33420,3
2024-01-29,TWSE,020038,元大ESG配息N,6.42,6.50,6.42,6.49,0.07,125000,808340,32
2024-01-29,TWSE,020039,元大加權N,5.38,5.41,5.38,5.40,0.04,317000,1710810,56
2024-01-29,TWSE,1101,台泥,32.55,32.60,32.35,32.35,-0.25,13852487,449193124,6691
2024-01-29,TWSE,1101B,台泥乙特,49.15,49.20,49.15,49.20,0.05,2282,112119,6
2024-01-29,TWSE,1102,亞泥,39.90,40.10,39.80,39.95,-0.15,1666589,66648032,1230
2024-01-29,TWSE,1103,嘉泥,18.05,18.20,18.05,18.15,0.00,73058,1325489,142
2024-01-29,TWSE,1104,環泥,29.15,29.25,28.90,29.20,0.35,670256,19529501,477
2024-01-29,TWSE,1108,幸福,15.30,15.40,15.30,15.40,0.10,128120,1964913,75
2024-01-29,TWSE,1109,信大,17.85,17.85,17.75,17.85,0.00,168384,3002951,105
2024-01-29,TWSE,1110,東泥,18.30,18.35,18.15,18.35,0.05,200251,3648268,37
2024-01-29,TWSE,1201,味全,18.70,18.85,18.65,18.75,-0.10,300207,5623250,381
2024-01-29,TWSE,1203,味王,55.80,56.90,55.50,55.50,-0.30,14696,824299,59
2024-01-29,TWSE,1210,大成,58.10,58.40,58.10,58.30,0.10,753611,43885291,821
2024-01-29,TWSE,1213,大飲,7.13,7.13,7.00,7.11,0.04,51300,361788,14
2024-01-29,TWSE,1215,卜蜂,96.30,96.80,96.10,96.80,0.00,244383,23565138,549
2024-01-29,TWSE,1216,統一,71.20,71.70,71.10,71.50,0.00,3413888,244079944,2317
2024-01-29,TWSE,1217,愛之味,11.75,11.85,11.70,11.85,0.10,927741,10946099,454
2024-01-29,TWSE,1218,泰山,21.30,21.30,21.00,21.10,0.00,352129,7430235,317
2024-01-29,TWSE,1219,福壽,19.10,19.15,19.05,19.10,0.00,260410,4966867,188
2024-01-29,TWSE,1220,台榮,14.05,14.05,13.90,13.95,0.00,175138,2444562,99
2024-01-29,TWSE,1225,福懋油,,,,,0.00,162,8480,4
2024-01-29,TWSE,1227,佳格,37.65,37.85,37.60,37.75,0.00,226503,8546862,240
2024-01-29,TWSE,1229,聯華,65.60,66.00,65.30,65.40,-0.60,662081,43462087,1346
2024-01-29,TWSE,1231,聯華食,85.90,87.00,85.90,87.00,0.50,76750,6648727,263
2024-01-29,TWSE,1232,大統益,142.00,142.00,141.50,141.50,-0.50,22707,3217791,131
2024-01-29,TWSE,1233,天仁,34.50,34.65,34.50,34.65,0.15,4101,141699,31
2024-01-29,TWSE,1234,黑松,39.90,40.30,39.80,40.05,0.05,109672,4394272,137
2024-01-29,TWSE,1235,興泰,82.90,82.90,82.20,82.70,0.00,9180,758386,10
2024-01-29,TWSE,1236,宏亞,23.55,23.75,23.50,23.70,0.10,29828,704812,61
2024-01-29,TWSE,1256,鮮活果汁-KY,230.00,230.00,230.00,230.00,0.00,2094,483276,51
2024-01-29,TWSE,1301,台塑,72.90,73.70,72.80,73.60,0.90,5958717,437623526,4684
2024-01-29,TWSE,1303,南亞,61.10,62.50,61.10,62.30,0.80,3735867,232525152,3559
2024-01-29,TWSE,1304,台聚,18.55,18.90,18.55,18.75,0.25,886943,16666355,591
2024-01-29,TWSE,1305,華夏,20.80,21.15,20.80,20.85,0.05,882637,18493484,623
2024-01-29,TWSE,1307,三芳,25.60,26.70,25.60,26.25,0.95,1377834,36123897,946
2024-01-29,TWSE,1308,亞聚,22.55,22.80,22.50,22.75,0.20,521346,11833534,427
2024-01-29,TWSE,1309,台達化,16.10,17.45,16.10,16.90,0.85,2988314,50449398,1776
2024-01-29,TWSE,1310,台苯,14.45,14.60,14.40,14.55,0.10,393601,5724825,471
2024-01-29,TWSE,1312,國喬,14.50,14.85,14.50,14.75,0.25,2810220,41333486,1307
2024-01-29,TWSE,1312A,國喬特,25.60,25.70,25.60,25.70,0.00,2000,51300,2
2024-01-29,TWSE,1313,聯成,14.90,15.10,14.80,15.10,0.40,3089469,46390876,1226
2024-01-29,TWSE,1314,中石化,9.51,9.59,9.49,9.57,0.05,3953864,37816963,1429
2024-01-29,TWSE,1315,達新,71.80,72.00,71.80,71.80,0.00,36213,2601523,37
2024-01-29,TWSE,1316,上曜,13.10,13.95,13.10,13.90,0.80,8359817,113817228,2728
2024-01-29,TWSE,1319,東陽,86.70,87.70,85.20,86.70,0.40,7566458,654590902,6192
2024-01-29,TWSE,1321,大洋,36.45,36.55,36.35,36.55,0.10,63000,2299400,35
2024-01-29,TWSE,1323,永裕,31.10,31.10,31.05,31.10,-0.05,63584,1976464,66
2024-01-29,TWSE,1324,地球,16.65,16.85,16.55,16.75,0.05,138629,2311910,155
2024-01-29,TWSE,1325,恆大,38.15,38.40,37.55,37.65,0.10,1216432,46031434,904
2024-01-29,TWSE,1326,台化,57.80,58.40,57.80,57.90,0.20,4211287,244308199,2792
2024-01-29,TWSE,1337,再生-KY,7.40,7.46,7.36,7.39,0.03,258699,1914449,292
2024-01-29,TWSE,1338,廣華-KY,39.00,39.70,38.80,39.60,0.25,112349,4411898,116
2024-01-29,TWSE,1339,昭輝,60.80,61.50,60.40,60.80,0.10,96358,5870191,94
2024-01-29,TWSE,1340,勝悅-KY,11.15,11.20,11.00,11.05,-0.10,86138,954904,265
2024-01-29,TWSE,1341,富林-KY,61.50,62.00,61.10,62.00,0.10,15290,941403,30
2024-01-29,TWSE,1342,八貫,117.00,118.00,116.00,117.50,1.00,175615,20555245,166
2024-01-29,TWSE,1402,遠東新,30.80,31.15,30.80,31.15,0.20,2336747,72584380,1134
2024-01-29,TWSE,1409,新纖,15.15,15.15,15.00,15.00,0.00,909524,13717077,567
2024-01-29,TWSE,1410,南染,37.35,37.75,37.25,37.25,-0.05,48552,1810962,109
2024-01-29,TWSE,1413,宏洲,9.34,9.34,9.16,9.22,0.02,57700,533704,34
2024-01-29,TWSE,1414,東和,17.65,17.80,17.65,17.80,0.05,28081,498091,48
2024-01-29,TWSE,1416,廣豐,11.70,11.75,11.65,11.70,0.10,180886,2115798,160
2024-01-29,TWSE,1417,嘉裕,12.05,12.10,12.05,12.10,0.15,113765,1374305,228
2024-01-29,TWSE,1418,東華,23.30,25.10,23.30,25.10,2.25,278871,6976277,180
2024-01-29,TWSE,1419,新紡,45.00,45.80,45.00,45.45,0.10,22053,1000499,28
2024-01-29,TWSE,1423,利華,30.80,31.00,30.80,30.95,0.15,73327,2263984,96
2024-01-29,TWSE,1432,大魯閣,20.40,21.10,20.20,21.00,0.65,1628636,33767804,1276
2024-01-29,TWSE,1434,福懋,24.20,24.25,24.10,24.20,-0.05,517962,12535280,639
2024-01-29,TWSE,1435,中福,,,,,0.00,58,3202,12
2024-01-29,TWSE,1436,華友聯,84.40,84.50,84.10,84.50,0.10,40191,3386209,61
2024-01-29,TWSE,1437,勤益控,30.50,30.60,30.45,30.55,0.05,44074,1345011,49
2024-01-29,TWSE,1438,三地開發,41.25,41.95,41.25,41.90,0.85,502130,20960615,414
2024-01-29,TWSE,1439,雋揚,24.65,25.00,24.45,24.75,0.30,15101,373199,13
2024-01-29,TWSE,1440,南紡,15.10,15.25,15.10,15.10,-0.05,424056,6425550,312
2024-01-29,TWSE,1441,大東,13.40,13.55,13.35,13.55,-0.10,50045,675243,240
2024-01-29,TWSE,1442,名軒,36.75,36.85,36.65,36.70,-0.05,69762,2562170,63
2024-01-29,TWSE,1443,立益物流,28.75,28.75,28.70,28.75,0.00,20235,581355,39
2024-01-29,TWSE,1444,力麗,10.05,10.10,10.00,10.00,-0.05,1120698,11252483,706
2024-01-29,TWSE,1445,大宇,21.00,21.00,20.90,20.90,0.00,87003,1822111,47
2024-01-29,TWSE,1446,宏和,35.60,35.70,35.50,35.70,0.20,54828,1950323,57
2024-01-29,TWSE,1447,力鵬,7.82,7.82,7.78,7.82,0.00,630903,4922547,253
2024-01-29,TWSE,1449,佳和,18.55,18.85,18.55,18.85,0.35,306531,5741750,267
2024-01-29,TWSE,1451,年興,19.20,19.35,19.15,19.25,0.05,55718,1071700,91
2024-01-29,TWSE,1452,宏益,16.90,17.10,16.85,17.00,0.10,130704,2225326,75
2024-01-29,TWSE,1453,大將,14.60,14.75,14.50,14.60,0.05,44943,658327,202
2024-01-29,TWSE,1454,台富,15.95,15.95,15.90,15.90,0.10,5410,86064,15
2024-01-29,TWSE,1455,集盛,10.30,10.40,10.25,10.30,-0.05,313406,3229631,226
2024-01-29,TWSE,1456,怡華,16.50,16.75,16.50,16.70,0.00,39014,645482,28
2024-01-29,TWSE,1457,宜進,18.25,18.50,18.25,18.45,0.20,73265,1350687,78
2024-01-29,TWSE,1459,聯發,9.40,9.50,9.40,9.50,0.10,44410,419353,67
2024-01-29,TWSE,1460,宏遠,7.12,7.17,7.12,7.17,0.06,433246,3097275,144
2024-01-29,TWSE,1463,強盛新,17.25,17.40,17.25,17.30,0.05,20538,355405,30
2024-01-29,TWSE,1464,得力,13.15,13.25,13.10,13.10,-0.05,100625,1323734,218
2024-01-29,TWSE,1465,偉全,13.90,14.00,13.90,14.00,0.10,28782,401573,130
2024-01-29,TWSE,1466,聚隆,13.35,13.55,13.35,13.45,0.10,195225,2627747,109
2024-01-29,TWSE,1467,南緯,10.95,11.00,10.90,10.95,-0.05,199949,2190794,339
2024-01-29,TWSE,1468,昶和,13.40,13.60,13.30,13.55,0.00,32000,429850,28
2024-01-29,TWSE,1470,大統新創,19.25,19.45,19.25,19.45,-0.05,3000,58150,3
2024-01-29,TWSE,1471,首利,15.90,16.25,15.90,16.15,0.30,667282,10736938,395
2024-01-29,TWSE,1472,三洋實業,60.40,61.00,59.70,60.70,0.40,53022,3206702,59
2024-01-29,TWSE,1473,台南,28.40,28.40,27.80,28.00,-0.30,298131,8353454,210
2024-01-29,TWSE,1474,弘裕,11.85,11.85,11.75,11.75,-0.05,44359,523945,94
2024-01-29,TWSE,1475,業旺,52.30,52.40,50.80,51.60,0.80,212414,10910277,170
2024-01-29,TWSE,1476,儒鴻,547.00,550.00,545.00,548.00,-2.00,333620,182946053,436
2024-01-29,TWSE,1477,聚陽,347.50,355.00,347.50,355.00,7.50,944800,333734894,936
2024-01-29,TWSE,1503,士電,118.00,122.00,118.00,121.00,2.50,3204555,386723291,2444
2024-01-29,TWSE,1504,東元,45.15,46.25,45.15,46.20,1.00,7624126,349864261,4592
2024-01-29,TWSE,1506,正道,16.05,16.50,16.05,16.50,0.05,34950,567484,52
2024-01-29,TWSE,1512,瑞利,11.05,11.95,11.05,11.80,0.05,25188,289780,55
2024-01-29,TWSE,1513,中興電,119.00,121.00,118.50,120.50,1.50,6129575,735944550,3193
2024-01-29,TWSE,1514,亞力,83.10,85.20,83.00,85.10,2.10,9839202,832464512,6829
2024-01-29,TWSE,1515,力山,44.90,45.25,44.75,45.10,0.20,464270,20892654,399
2024-01-29,TWSE,1516,川飛,17.45,17.55,17.30,17.50,-0.20,35740,623465,75
2024-01-29,TWSE,1517,利奇,15.15,15.25,15.10,15.15,0.00,445230,6749409,449
2024-01-29,TWSE,1519,華城,381.00,396.00,380.00,395.50,15.00,13285277,5196351731,11709
2024-01-29,TWSE,1521,大億,41.20,42.00,41.10,41.85,0.55,53964,2243444,83
2024-01-29,TWSE,1522,堤維西,39.00,39.40,38.60,39.25,0.25,1212740,47459143,764
2024-01-29,TWSE,1522A,堤維西甲特,45.10,45.20,45.10,45.20,0.35,8014,362027,4
2024-01-29,TWSE,1524,耿鼎,30.80,31.50,30.75,31.40,0.50,2320642,72505167,1338
2024-01-29,TWSE,1525,江申,74.60,75.60,74.20,74.20,-0.40,44473,3326933,62
2024-01-29,TWSE,1526,日馳,31.60,31.60,31.50,31.50,-0.05,69386,2187758,93
2024-01-29,TWSE,1527,鑽全,40.05,40.10,39.90,40.00,0.10,82396,3297195,115
2024-01-29,TWSE,1528,恩德,13.20,13.60,13.20,13.45,0.40,3743213,50280370,1591
2024-01-29,TWSE,1529,樂事綠能,32.50,33.00,32.50,32.90,0.40,555028,18198892,518
2024-01-29,TWSE,1530,亞崴,31.15,31.90,31.15,31.85,0.25,13069,415193,81
2024-01-29,TWSE,1531,高林股,13.10,13.20,13.10,13.20,0.05,118838,1564227,138
2024-01-29,TWSE,1532,勤美,39.30,39.50,39.25,39.45,0.10,639759,25183770,389
2024-01-29,TWSE,1533,車王電,53.40,53.40,52.80,52.80,0.10,36903,1957612,49
2024-01-29,TWSE,1535,中宇,58.90,59.70,58.80,59.50,0.40,106709,6338149,186
2024-01-29,TWSE,1536,和大,53.60,53.60,52.50,53.10,-0.60,919742,48784169,823
2024-01-29,TWSE,1537,廣隆,131.00,131.00,130.50,131.00,0.00,60001,7849729,72
2024-01-29,TWSE,1538,正峰,22.70,23.00,22.70,22.70,-0.20,34107,777133,46
2024-01-29,TWSE,1539,巨庭,25.15,25.15,24.40,24.50,-0.10,203967,5023981,200
2024-01-29,TWSE,1540,喬福,17.70,17.75,17.65,17.75,0.05,109598,1940150,140
2024-01-29,TWSE,1541,錩泰,31.60,32.65,31.50,32.45,0.80,76000,2440450,47
2024-01-29,TWSE,1558,伸興,102.00,102.00,101.00,101.50,0.00,46068,4679529,83
2024-01-29,TWSE,1560,中砂,190.50,197.50,190.00,195.50,6.50,4831093,941177540,4035
2024-01-29,TWSE,1568,倉佑,29.10,29.75,29.00,29.70,0.60,303903,8956446,241
2024-01-29,TWSE,1582,信錦,75.60,77.90,75.10,77.30,2.20,2308529,177609134,2017
2024-01-29,TWSE,1583,程泰,66.30,66.30,66.30,66.30,0.30,6028,399648,5
2024-01-29,TWSE,1587,吉茂,23.35,23.80,23.10,23.25,0.50,578451,13576048,327
2024-01-29,TWSE,1589,永冠-KY,50.80,51.40,50.80,51.00,0.20,256381,13105882,443
2024-01-29,TWSE,1590,亞德客-KY,958.00,985.00,958.00,983.00,25.00,414230,405794209,471
2024-01-29,TWSE,1597,直得,63.70,64.90,62.60,64.10,0.00,132617,8493569,242
2024-01-29,TWSE,1598,岱宇,32.90,33.30,32.85,33.10,0.25,81474,2696341,62
2024-01-29,TWSE,1603,華電,34.05,34.50,34.05,34.45,0.25,408732,14042555,235
2024-01-29,TWSE,1604,聲寶,28.40,28.55,28.40,28.45,-0.05,158341,4509453,181
2024-01-29,TWSE,1605,華新,36.10,36.50,35.85,36.35,0.15,5574008,202288908,2763
2024-01-29,TWSE,1608,華榮,20.70,20.85,20.65,20.85,0.05,482929,10027718,309
2024-01-29,TWSE,1609,大亞,34.55,34.90,34.40,34.80,0.20,2891082,100434430,1728
2024-01-29,TWSE,1611,中電,16.65,16.90,16.65,16.80,0.05,463732,7796230,283
2024-01-29,TWSE,1612,宏泰,27.20,27.25,27.00,27.25,0.15,542331,14733871,366
2024-01-29,TWSE,1614,三洋電,38.20,38.25,38.10,38.25,0.05,28050,1071800,14
2024-01-29,TWSE,1615,大山,46.00,47.30,45.30,46.85,0.85,291084,13501520,367
2024-01-29,TWSE,1616,億泰,13.15,13.50,13.15,13.40,0.25,511398,6830474,223
2024-01-29,TWSE,1617,榮星,16.35,16.45,16.35,16.40,-0.05,12976,212635,45
2024-01-29,TWSE,1618,合機,29.75,30.55,29.65,30.40,0.75,1374045,41533600,832
2024-01-29,TWSE,1626,艾美特-KY,16.20,16.25,16.15,16.15,-0.05,81750,1324575,76
2024-01-29,TWSE,1701,中化,23.50,23.65,23.45,23.55,0.10,322547,7581468,267
2024-01-29,TWSE,1702,南僑,51.70,51.80,51.30,51.60,0.00,390937,20156833,483
2024-01-29,TWSE,1707,葡萄王,155.50,155.50,154.00,154.50,-0.50,229194,35416187,370
2024-01-29,TWSE,1708,東鹼,32.40,32.95,32.20,32.90,0.70,1009680,33023904,773
2024-01-29,TWSE,1709,和益,20.55,20.85,20.55,20.80,0.15,290797,6030542,209
2024-01-29,TWSE,1710,東聯,18.80,19.05,18.80,18.90,0.05,359392,6797417,188
2024-01-29,TWSE,1711,永光,19.10,19.15,19.00,19.10,0.00,306119,5833463,338
2024-01-29,TWSE,1712,興農,38.90,38.90,38.50,38.80,-0.05,467906,18159684,530
2024-01-29,TWSE,1713,國化,46.55,47.10,46.00,46.90,0.50,354270,16503779,294
2024-01-29,TWSE,1714,和桐,8.97,9.00,8.96,8.99,0.02,492785,4427600,210
2024-01-29,TWSE,1717,長興,28.50,28.85,28.50,28.75,0.20,753242,21643057,587
2024-01-29,TWSE,1718,中纖,7.89,7.92,7.86,7.90,0.01,1244135,9811020,679
2024-01-29,TWSE,1720,生達,64.10,64.80,63.90,64.80,0.90,312854,20120598,325
2024-01-29,TWSE,1721,國慶科技,14.60,14.70,14.50,14.60,0.05,354998,5192296,293
2024-01-29,TWSE,1722,台肥,66.50,69.00,65.80,68.70,3.70,5894547,400393433,3833
2024-01-29,TWSE,1723,中碳,115.00,116.00,115.00,116.00,0.50,147673,17047876,207
2024-01-29,TWSE,1725,元禎,21.00,21.00,20.85,20.90,-0.05,14230,298431,16
2024-01-29,TWSE,1726,永記,74.70,74.70,74.70,74.70,-0.20,1338,100055,88
2024-01-29,TWSE,1727,中華化,27.35,27.75,27.35,27.55,0.10,174721,4813169,164
2024-01-29,TWSE,1730,花仙子,56.70,56.70,56.70,56.70,0.10,6471,366924,30
2024-01-29,TWSE,1731,美吾華,22.15,22.25,22.10,22.15,0.00,124479,2758620,57
2024-01-29,TWSE,1732,毛寶,31.15,31.30,30.90,31.10,0.20,274421,8535308,234
2024-01-29,TWSE,1733,五鼎,32.80,32.80,32.35,32.50,-0.15,484163,15725888,577
2024-01-29,TWSE,1734,杏輝,33.00,33.05,32.80,32.80,-0.20,204541,6718088,204
2024-01-29,TWSE,1735,日勝化,17.00,17.20,17.00,17.15,0.25,11360,194329,15
2024-01-29,TWSE,1736,喬山,66.60,67.10,66.30,66.60,0.00,235043,15721516,136
2024-01-29,TWSE,1737,臺鹽,33.95,34.30,33.95,34.05,0.10,291478,9931869,176
2024-01-29,TWSE,1752,南光,48.80,48.95,48.60,48.80,-0.10,97041,4734488,94
2024-01-29,TWSE,1760,寶齡富錦,105.00,105.00,103.00,103.00,-1.00,299252,30985002,318
2024-01-29,TWSE,1762,中化生,51.90,52.30,51.90,52.10,-0.20,135202,7036372,413
2024-01-29,TWSE,1773,勝一,135.50,136.50,135.00,135.50,0.50,101736,13821901,144
2024-01-29,TWSE,1776,展宇,16.50,16.65,16.30,16.60,-0.10,17761,292767,28
2024-01-29,TWSE,1783,和康生,45.10,45.40,45.05,45.35,0.25,60791,2743766,98
2024-01-29,TWSE,1786,科妍,75.10,75.40,74.70,75.10,0.00,92602,6943665,146
2024-01-29,TWSE,1789,神隆,25.40,25.45,25.30,25.35,-0.05,269867,6844022,189
2024-01-29,TWSE,1795,美時,275.00,277.50,273.00,277.00,3.50,1687135,464457799,2087
2024-01-29,TWSE,1802,台玻,18.25,18.45,18.25,18.45,0.10,1247640,22947652,691
2024-01-29,TWSE,1805,寶徠,16.50,16.90,16.25,16.30,-0.10,149596,2462548,122
2024-01-29,TWSE,1806,冠軍,11.10,11.10,10.85,10.95,-0.05,732228,8000253,353
2024-01-29,TWSE,1808,潤隆,102.50,104.00,102.50,104.00,0.50,344801,35661375,219
2024-01-29,TWSE,1809,中釉,17.50,18.30,17.35,17.80,0.70,5329930,95341140,2605
2024-01-29,TWSE,1810,和成,17.05,17.35,17.05,17.20,0.05,337882,5808034,188
2024-01-29,TWSE,1817,凱撒衛,36.40,36.70,36.35,36.55,0.05,13230,484164,12
2024-01-29,TWSE,1903,士紙,53.50,54.40,53.50,53.70,0.30,111661,6018619,95
2024-01-29,TWSE,1904,正隆,28.85,29.10,28.85,29.05,0.20,314835,9137464,414
2024-01-29,TWSE,1905,華紙,22.60,22.75,22.40,22.75,0.15,1063748,24011559,697
2024-01-29,TWSE,1906,寶隆,15.20,15.30,15.10,15.25,0.05,51404,784298,265
2024-01-29,TWSE,1907,永豐餘,30.20,30.50,30.15,30.35,0.10,524305,15911446,502
2024-01-29,TWSE,1909,榮成,13.90,14.10,13.85,13.90,-0.10,1087002,15178038,454
2024-01-29,TWSE,2002,中鋼,25.25,25.60,25.25,25.45,0.20,10633222,270766857,5403
2024-01-29,TWSE,2002A,中鋼特,43.85,43.90,43.70,43.70,-0.15,7045,305502,25
2024-01-29,TWSE,2006,東和鋼鐵,72.10,73.30,72.00,73.30,0.30,1516566,110661498,1166
2024-01-29,TWSE,2007,燁興,10.90,11.05,10.75,11.00,0.20,1815228,19808613,662
2024-01-29,TWSE,2008,高興昌,21.90,21.90,21.75,21.80,0.05,17903,390396,23
2024-01-29,TWSE,2009,第一銅,31.50,31.70,31.05,31.50,0.35,656091,20645602,432
2024-01-29,TWSE,2010,春源,17.85,18.05,17.85,17.95,0.05,363301,6519241,209
2024-01-29,TWSE,2012,春雨,22.95,23.40,22.85,22.95,-0.05,48527,1117973,61
2024-01-29,TWSE,2013,中鋼構,52.60,53.10,52.60,52.90,-0.20,27502,1455685,75
2024-01-29,TWSE,2014,中鴻,24.20,24.45,24.00,24.40,0.25,2989855,72528340,1478
2024-01-29,TWSE,2015,豐興,67.70,68.40,67.50,68.40,-0.10,105853,7209816,100
2024-01-29,TWSE,2017,官田鋼,14.75,15.70,14.75,15.55,0.75,2650557,40433810,1029
2024-01-29,TWSE,2020,美亞,32.50,33.00,32.50,33.00,0.50,928553,30437911,537
2024-01-29,TWSE,2022,聚亨,11.55,11.65,11.40,11.55,0.05,417384,4796388,334
2024-01-29,TWSE,2023,燁輝,15.60,15.85,15.50,15.75,0.00,994513,15643170,583
2024-01-29,TWSE,2024,志聯,20.65,20.65,20.65,20.65,0.00,14710,303760,33
2024-01-29,TWSE,2025,千興,7.47,7.62,7.47,7.53,0.07,1268317,9555859,421
2024-01-29,TWSE,2027,大成鋼,37.15,37.45,37.15,37.40,0.10,1532372,57207900,1058
2024-01-29,TWSE,2028,威致,24.20,24.45,24.15,24.25,-0.05,75425,1832652,92
2024-01-29,TWSE,2029,盛餘,28.75,28.75,28.35,28.55,0.05,154562,4409169,127
2024-01-29,TWSE,2030,彰源,18.95,19.00,18.85,19.00,0.05,195951,3707979,189
2024-01-29,TWSE,2031,新光鋼,55.50,56.40,55.30,56.30,0.80,1258785,70500729,892
2024-01-29,TWSE,2032,新鋼,17.00,17.30,16.95,17.25,0.30,225792,3864297,135
2024-01-29,TWSE,2033,佳大,16.35,17.00,16.35,16.75,0.40,149952,2511730,126
2024-01-29,TWSE,2034,允強,26.40,26.45,26.35,26.40,-0.05,146925,3878991,142
2024-01-29,TWSE,2038,海光,20.45,20.60,20.25,20.50,0.15,442220,9046641,305
2024-01-29,TWSE,2049,上銀,216.00,221.50,213.00,220.00,3.50,930664,204088018,992
2024-01-29,TWSE,2059,川湖,1005.00,1035.00,996.00,1020.00,20.00,1099187,1114479831,1632
2024-01-29,TWSE,2062,橋椿,25.70,25.95,25.35,25.70,0.10,198205,5091188,143
2024-01-29,TWSE,2069,運錩,16.25,16.45,16.25,16.45,0.20,92409,1505818,65
2024-01-29,TWSE,2101,南港,42.45,42.80,42.25,42.40,0.05,1654435,70322810,779
2024-01-29,TWSE,2102,泰豐,18.10,18.25,18.10,18.20,-0.15,208562,3792117,288
2024-01-29,TWSE,2103,台橡,22.40,22.65,22.40,22.50,0.10,929936,20911456,566
2024-01-29,TWSE,2104,國際中橡,18.35,18.50,18.35,18.45,0.10,685167,12638780,405
2024-01-29,TWSE,2105,正新,44.90,45.30,44.75,45.20,0.30,2918722,131705546,1970
2024-01-29,TWSE,2106,建大,29.90,30.20,29.90,30.15,0.30,368207,11060684,258
2024-01-29,TWSE,2107,厚生,23.65,23.85,23.65,23.80,0.10,150606,3576146,191
2024-01-29,TWSE,2108,南帝,35.85,36.45,35.85,36.35,0.15,130512,4728795,172
2024-01-29,TWSE,2109,華豐,14.35,14.45,14.35,14.45,0.05,122064,1760112,75
2024-01-29,TWSE,2114,鑫永銓,105.50,106.00,105.50,105.50,0.00,7798,822959,29
2024-01-29,TWSE,2115,六暉-KY,29.05,29.10,28.85,29.05,0.00,57926,1679868,61
2024-01-29,TWSE,2201,裕隆,69.90,70.60,69.70,69.80,0.00,3385074,236962905,2021
2024-01-29,TWSE,2204,中華,113.50,116.00,113.50,115.00,2.00,3135419,360197015,2643
2024-01-29,TWSE,2206,三陽工業,71.60,72.10,71.60,72.00,0.20,966421,69476141,961
2024-01-29,TWSE,2207,和泰車,639.00,648.00,639.00,647.00,7.00,173942,112400199,474
2024-01-29,TWSE,2208,台船,18.35,18.40,18.20,18.25,-0.15,2385194,43643886,1313
2024-01-29,TWSE,2211,長榮鋼,106.50,114.50,106.50,114.50,8.00,3495314,391686749,3058
2024-01-29,TWSE,2227,裕日車,175.00,175.00,172.50,174.00,-1.00,14714,2558149,118
2024-01-29,TWSE,2228,劍麟,88.00,89.30,88.00,89.00,1.10,83901,7458609,78
2024-01-29,TWSE,2231,為升,130.50,132.50,129.50,129.50,0.00,874544,114216712,389
2024-01-29,TWSE,2233,宇隆,126.00,130.00,126.00,129.00,3.00,333241,42850254,320
2024-01-29,TWSE,2236,百達-KY,66.80,67.50,66.00,67.00,0.10,166855,11123680,133
2024-01-29,TWSE,2239,英利-KY,56.10,56.50,56.10,56.30,0.00,23164,1302984,21
2024-01-29,TWSE,2241,艾姆勒,30.20,30.75,30.10,30.55,0.40,302761,9233032,186
2024-01-29,TWSE,2243,宏旭-KY,19.60,19.80,19.30,19.55,0.05,280304,5477855,202
2024-01-29,TWSE,2247,汎德永業,293.50,295.00,293.50,294.00,1.00,35119,10326532,72
2024-01-29,TWSE,2250,IKKA-KY,91.20,91.20,88.80,90.50,-0.30,128937,11563991,183
2024-01-29,TWSE,2254,巨鎧精密-創,82.50,82.70,80.00,82.70,0.00,110000,8945000,64
2024-01-29,TWSE,2258,鴻華先進-創,43.45,43.70,42.80,42.85,-0.70,637106,27465796,284
2024-01-29,TWSE,2301,光寶科,107.50,111.00,107.50,109.50,2.00,11186933,1226990042,6322
2024-01-29,TWSE,2302,麗正,18.10,18.10,17.85,17.90,-0.10,235175,4223509,143
2024-01-29,TWSE,2303,聯電,49.65,49.90,49.40,49.45,-0.35,59931420,2970250877,25854
2024-01-29,TWSE,2305,全友,22.50,22.75,22.35,22.75,0.25,131840,2981240,125
2024-01-29,TWSE,2308,台達電,289.50,293.00,288.00,293.00,5.50,5073517,1480444153,5491
2024-01-29,TWSE,2312,金寶,15.60,15.80,15.60,15.60,0.00,2634007,41238232,1085
2024-01-29,TWSE,2313,華通,69.40,71.10,68.40,71.00,2.00,14973149,1052536490,8163
2024-01-29,TWSE,2314,台揚,34.35,34.50,33.65,34.05,-0.30,1503964,51059555,1180
2024-01-29,TWSE,2316,楠梓電,34.50,35.30,34.40,35.25,0.70,1189133,41658428,853
2024-01-29,TWSE,2317,鴻海,102.50,103.00,102.00,102.50,0.00,16486936,1692279578,8333
2024-01-29,TWSE,2321,東訊,14.45,15.25,14.45,15.00,-0.20,7873,116389,23
2024-01-29,TWSE,2323,中環,10.85,11.05,10.80,11.00,0.15,2890237,31631276,920
2024-01-29,TWSE,2324,仁寶,35.40,36.40,35.10,36.35,0.85,19093353,688773019,9072
2024-01-29,TWSE,2327,國巨*,553.00,560.00,552.00,558.00,6.00,1127136,628265156,1186
2024-01-29,TWSE,2328,廣宇,33.75,33.95,33.65,33.80,0.00,603407,20365585,374
2024-01-29,TWSE,2329,華泰,59.90,61.40,59.40,61.20,0.70,15299832,927114033,8295
2024-01-29,TWSE,2330,台積電,646.00,648.00,644.00,648.00,4.00,29828008,19268444564,32347
2024-01-29,TWSE,2331,精英,30.95,31.25,30.70,31.15,0.25,2304287,71314757,1201
2024-01-29,TWSE,2332,友訊,19.35,19.50,19.30,19.50,0.15,1179857,22940077,544
2024-01-29,TWSE,2337,旺宏,30.55,30.55,29.50,29.50,-1.05,15806504,469914304,7642
2024-01-29,TWSE,2338,光罩,67.80,68.30,67.70,68.20,0.30,289320,19690985,280
2024-01-29,TWSE,2340,台亞,43.90,44.30,43.70,44.05,0.10,709895,31248585,513
2024-01-29,TWSE,2342,茂矽,31.85,31.85,31.50,31.65,-0.10,307820,9740773,306
2024-01-29,TWSE,2344,華邦電,28.00,28.00,27.60,27.90,-0.10,14660480,407380774,6306
2024-01-29,TWSE,2345,智邦,510.00,524.00,508.00,519.00,9.00,1299603,673579270,1414
2024-01-29,TWSE,2347,聯強,72.30,72.80,72.00,72.70,0.00,1054947,76571812,1043
2024-01-29,TWSE,2348,海悅,95.80,95.90,95.50,95.60,-0.40,63848,6105373,278
2024-01-29,TWSE,2348A,海悅甲特,32.85,32.85,32.65,32.70,-0.15,54000,1767250,27
2024-01-29,TWSE,2349,錸德,7.86,7.90,7.83,7.86,-0.04,657003,5165811,407
2024-01-29,TWSE,2351,順德,104.50,105.50,104.00,105.00,1.50,170810,17888463,154
2024-01-29,TWSE,2352,佳世達,45.55,47.45,45.45,47.00,1.40,14440371,678616011,8123
2024-01-29,TWSE,2353,宏碁,45.25,46.80,45.25,46.80,1.10,31733765,1468243424,13771
2024-01-29,TWSE,2354,鴻準,50.20,50.70,50.20,50.70,0.20,1061637,53651399,942
2024-01-29,TWSE,2355,敬鵬,44.05,45.85,43.45,44.60,0.85,9421057,423606559,5603
2024-01-29,TWSE,2356,英業達,55.60,56.30,55.40,55.80,0.40,46735151,2607989176,22943
2024-01-29,TWSE,2357,華碩,436.00,445.00,436.00,444.00,5.00,1900426,840655061,2308
2024-01-29,TWSE,2358,廷鑫,8.09,8.17,8.09,8.14,0.03,565963,4601576,279
2024-01-29,TWSE,2359,所羅門,40.05,40.15,39.50,39.55,-0.30,1527937,60711390,1010
2024-01-29,TWSE,2360,致茂,201.50,205.50,199.50,205.50,4.00,994560,202413615,848
2024-01-29,TWSE,2362,藍天,41.40,41.80,41.20,41.70,0.25,2148399,89210104,1379
2024-01-29,TWSE,2363,矽統,42.10,42.40,41.65,42.30,0.15,5545034,233394827,3374
2024-01-29,TWSE,2364,倫飛,91.10,93.00,90.50,92.90,1.80,250351,23047059,327
2024-01-29,TWSE,2365,昆盈,15.90,16.00,15.40,15.45,-0.45,15251045,237369244,6154
2024-01-29,TWSE,2367,燿華,19.20,19.55,19.15,19.30,0.10,2785691,53791473,997
2024-01-29,TWSE,2368,金像電,216.50,225.00,216.50,224.50,8.00,6018216,1339140856,4817
2024-01-29,TWSE,2369,菱生,22.95,23.00,22.60,22.70,0.00,3859319,87855207,2176
2024-01-29,TWSE,2371,大同,43.05,43.90,43.05,43.70,0.45,6127340,267399831,2743
2024-01-29,TWSE,2373,震旦行,73.40,73.70,73.40,73.60,0.00,29643,2179043,54
2024-01-29,TWSE,2374,佳能,25.00,25.30,24.60,24.75,0.40,2679998,66846061,1405
2024-01-29,TWSE,2375,凱美,64.20,64.90,64.20,64.90,0.50,144007,9315114,195
2024-01-29,TWSE,2376,技嘉,284.00,295.50,284.00,295.00,11.00,12985891,3790410856,16472
2024-01-29,TWSE,2377,微星,181.00,185.00,180.50,183.50,4.00,2288615,419078558,2223
2024-01-29,TWSE,2379,瑞昱,451.50,458.00,449.00,455.50,2.00,1304987,594202370,1783
2024-01-29,TWSE,2380,虹光,6.57,6.66,6.45,6.45,-0.13,253542,1655998,206
2024-01-29,TWSE,2382,廣達,242.00,247.50,241.00,245.50,3.50,22949669,5610270915,18564
2024-01-29,TWSE,2383,台光電,418.50,434.00,418.50,431.50,17.00,4513008,1932744717,4759
2024-01-29,TWSE,2385,群光,168.00,169.50,167.50,168.50,1.00,2065776,347818004,1749
2024-01-29,TWSE,2387,精元,56.20,57.20,56.20,56.80,0.20,584955,33223698,441
2024-01-29,TWSE,2388,威盛,140.50,142.00,138.50,141.50,1.50,5930114,833587496,3740
2024-01-29,TWSE,2390,云辰,14.60,14.80,14.40,14.70,0.20,1371346,20049563,667
2024-01-29,TWSE,2392,正崴,44.85,45.00,44.40,44.80,0.10,597085,26726536,413
2024-01-29,TWSE,2393,億光,49.10,49.10,48.40,48.50,-0.70,1529888,74405039,1252
2024-01-29,TWSE,2395,研華,335.00,340.00,333.50,338.00,1.00,497719,168184829,783
2024-01-29,TWSE,2397,友通,65.70,65.70,64.70,64.80,0.10,24046,1557266,15
2024-01-29,TWSE,2399,映泰,23.10,23.35,23.05,23.15,0.00,723078,16739939,520
2024-01-29,TWSE,2401,凌陽,32.45,32.70,31.90,32.65,0.60,2261574,73089508,1380
2024-01-29,TWSE,2402,毅嘉,33.60,34.70,33.50,34.60,1.15,3619888,124428398,1899
2024-01-29,TWSE,2404,漢唐,274.50,281.00,274.00,281.00,6.50,1048177,292523928,1633
2024-01-29,TWSE,2405,輔信,17.40,17.55,17.20,17.50,0.05,3112552,54174679,1284
2024-01-29,TWSE,2406,國碩,17.60,17.70,17.50,17.60,0.05,722045,12699884,508
2024-01-29,TWSE,2408,南亞科,70.90,71.50,69.90,70.80,-0.20,6754958,477888679,3316
2024-01-29,TWSE,2409,友達,19.10,19.10,18.65,18.90,-0.10,37683182,710255832,9774
2024-01-29,TWSE,2412,中華電,119.50,120.50,119.50,120.00,0.50,5194149,623696847,3342
2024-01-29,TWSE,2413,環科,28.45,29.00,28.45,28.80,0.30,203945,5877387,140
2024-01-29,TWSE,2414,精技,33.60,33.60,33.55,33.60,0.10,31913,1072126,35
2024-01-29,TWSE,2415,錩新,28.15,28.70,28.15,28.25,-0.50,89565,2541515,75
2024-01-29,TWSE,2417,圓剛,34.50,34.55,33.55,34.20,-0.05,1804231,61349683,1303
2024-01-29,TWSE,2419,仲琦,33.25,33.65,33.10,33.55,0.25,454554,15200958,399
2024-01-29,TWSE,2420,新巨,48.50,48.50,47.75,47.85,-0.20,121779,5856758,176
2024-01-29,TWSE,2421,建準,109.50,119.00,109.00,117.00,8.00,38548183,4470558113,24893
2024-01-29,TWSE,2423,固緯,40.80,41.30,40.05,41.15,0.35,465606,18937757,436
2024-01-29,TWSE,2424,隴華,30.65,30.70,30.65,30.70,-0.05,6000,184100,5
2024-01-29,TWSE,2425,承啟,44.50,44.95,44.20,44.60,0.30,585131,26124865,345
2024-01-29,TWSE,2426,鼎元,19.10,19.15,19.00,19.00,-0.05,352638,6719328,318
2024-01-29,TWSE,2427,三商電,23.70,24.05,23.70,24.05,0.30,413516,9883149,319
2024-01-29,TWSE,2428,興勤,160.50,161.00,159.00,159.50,-2.50,302682,48382890,336
2024-01-29,TWSE,2429,銘旺科,19.85,19.85,19.10,19.10,-0.75,55282,1071193,61
2024-01-29,TWSE,2430,燦坤,39.15,39.20,39.15,39.20,0.05,17752,694849,125
2024-01-29,TWSE,2431,聯昌,12.55,12.60,12.10,12.55,0.00,1834008,22644383,882
2024-01-29,TWSE,2432,倚天酷碁-創,38.20,40.05,38.20,40.05,1.45,51000,2009850,37
2024-01-29,TWSE,2433,互盛電,51.70,51.80,51.60,51.70,0.10,30109,1556195,24
2024-01-29,TWSE,2434,統懋,34.45,36.35,34.30,34.50,0.00,80606,2837220,340
2024-01-29,TWSE,2436,偉詮電,66.50,66.80,65.80,66.80,0.60,693600,46058405,561
2024-01-29,TWSE,2438,翔耀,23.95,23.95,23.70,23.85,0.25,159745,3807927,127
2024-01-29,TWSE,2439,美律,103.00,103.00,101.50,101.50,-1.00,623519,63618229,625
2024-01-29,TWSE,2440,太空梭,13.55,13.85,13.20,13.30,-0.60,1915014,25716828,969
2024-01-29,TWSE,2441,超豐,60.00,60.00,59.20,59.20,-0.40,232571,13834386,611
2024-01-29,TWSE,2442,新美齊,25.00,25.40,24.85,25.20,0.40,1785756,44957724,992
2024-01-29,TWSE,2443,昶虹,6.15,6.15,5.72,5.72,-0.63,1596310,9222623,517
2024-01-29,TWSE,2444,兆勁,12.50,12.70,12.45,12.55,0.05,218719,2747695,126
2024-01-29,TWSE,2449,京元電子,82.90,83.80,82.20,83.80,0.90,5784943,481451314,3561
2024-01-29,TWSE,2450,神腦,37.90,38.15,37.65,38.00,-0.10,182392,6904978,197
2024-01-29,TWSE,2451,創見,79.50,80.00,78.80,79.70,0.40,395765,31457079,525
2024-01-29,TWSE,2453,凌群,57.40,59.40,57.10,59.30,2.30,2385834,140291619,1661
2024-01-29,TWSE,2454,聯發科,945.00,945.00,926.00,938.00,2.00,7208528,6734392277,10747
2024-01-29,TWSE,2455,全新,127.50,132.00,126.00,131.50,5.00,5454186,709526692,3677
2024-01-29,TWSE,2457,飛宏,56.90,58.90,56.80,58.80,1.90,5750263,335707825,3591
2024-01-29,TWSE,2458,義隆,152.00,152.00,148.50,149.00,-2.00,1938954,289293994,1964
2024-01-29,TWSE,2459,敦吉,63.40,64.10,63.20,63.90,0.20,76492,4872118,93
2024-01-29,TWSE,2460,建通,32.00,32.15,31.15,31.15,-0.65,1196719,37819430,805
2024-01-29,TWSE,2461,光群雷,23.80,23.80,23.40,23.65,-0.10,566594,13350164,511
2024-01-29,TWSE,2462,良得電,35.65,35.85,35.30,35.85,0.45,266065,9478415,238
2024-01-29,TWSE,2464,盟立,36.55,36.60,36.30,36.40,0.00,161369,5877435,224
2024-01-29,TWSE,2465,麗臺,66.70,68.20,66.00,66.30,-0.40,1509320,100974414,1734
2024-01-29,TWSE,2466,冠西電,35.45,35.90,35.45,35.80,0.10,76003,2720806,12
2024-01-29,TWSE,2467,志聖,76.50,83.00,75.80,83.00,7.50,8134841,658140220,5304
2024-01-29,TWSE,2468,華經,27.15,27.65,27.15,27.55,0.40,224000,6156150,152
2024-01-29,TWSE,2471,資通,58.10,58.80,57.70,58.70,1.10,470715,27533239,476
2024-01-29,TWSE,2472,立隆電,68.60,68.80,67.80,68.80,0.80,321878,22037065,250
2024-01-29,TWSE,2474,可成,195.50,197.00,194.00,196.50,1.00,949591,186280964,1150
2024-01-29,TWSE,2476,鉅祥,70.90,71.90,70.70,71.70,0.00,1800992,128383519,952
2024-01-29,TWSE,2477,美隆電,20.10,20.10,19.90,19.95,-0.15,85979,1719430,61
2024-01-29,TWSE,2478,大毅,45.60,45.70,45.45,45.55,-0.05,52832,2406934,106
2024-01-29,TWSE,2480,敦陽科,120.50,123.00,120.50,121.50,1.00,309146,37698883,355
2024-01-29,TWSE,2481,強茂,63.10,63.60,63.00,63.40,0.10,634610,40204290,477
2024-01-29,TWSE,2482,連宇,34.70,35.70,34.70,35.45,0.75,354502,12509566,304
2024-01-29,TWSE,2483,百容,24.00,24.00,23.80,23.85,0.15,72066,1721023,52
2024-01-29,TWSE,2484,希華,33.55,33.80,33.20,33.40,-0.15,782167,26210961,684
2024-01-29,TWSE,2485,兆赫,21.40,21.55,21.25,21.55,0.15,882800,18947425,585
2024-01-29,TWSE,2486,一詮,47.85,49.00,47.80,49.00,0.75,6391431,309945098,3864
2024-01-29,TWSE,2488,漢平,40.70,40.70,40.35,40.40,-0.10,117769,4768895,147
2024-01-29,TWSE,2489,瑞軒,13.55,13.55,13.35,13.40,-0.15,1770359,23717405,723
2024-01-29,TWSE,2491,吉祥全,14.25,14.25,13.75,14.00,0.15,182107,2573921,81
2024-01-29,TWSE,2492,華新科,108.00,111.00,107.00,110.50,2.50,1869563,205768671,1574
2024-01-29,TWSE,2493,揚博,81.20,84.50,81.00,84.00,2.80,790533,65705942,741
2024-01-29,TWSE,2495,普安,20.40,20.60,20.35,20.50,0.10,271781,5557319,178
2024-01-29,TWSE,2496,卓越,59.40,59.40,58.90,59.30,-0.70,59514,3517185,64
2024-01-29,TWSE,2497,怡利電,60.20,60.40,59.70,59.90,-0.30,209931,12618322,169
2024-01-29,TWSE,2498,宏達電,50.00,50.60,49.70,50.50,0.50,3703679,186186235,1963
2024-01-29,TWSE,2501,國建,18.70,19.25,18.65,19.20,0.50,4128202,78652729,1926
2024-01-29,TWSE,2504,國產,29.25,29.25,29.05,29.25,0.00,2555179,74561338,1051
2024-01-29,TWSE,2505,國揚,22.05,22.15,21.80,22.05,-0.15,237128,5219949,416
2024-01-29,TWSE,2506,太設,10.00,10.20,10.00,10.10,0.10,1040518,10511106,446
2024-01-29,TWSE,2509,全坤建,17.45,17.70,17.45,17.60,0.05,111897,1967062,118
2024-01-29,TWSE,2511,太子,10.60,10.65,10.55,10.65,0.05,638922,6773045,274
2024-01-29,TWSE,2514,龍邦,15.45,15.65,15.45,15.50,0.05,290986,4528308,330
2024-01-29,TWSE,2515,中工,12.40,12.60,12.35,12.50,0.15,6957460,87087453,1757
2024-01-29,TWSE,2516,新建,11.90,12.00,11.70,11.95,0.15,658611,7825120,337
2024-01-29,TWSE,2520,冠德,40.05,40.05,39.20,39.55,-0.40,1677440,66268093,1440
2024-01-29,TWSE,2524,京城,31.55,31.55,30.95,31.30,-0.25,435520,13551506,192
2024-01-29,TWSE,2527,宏璟,29.45,29.90,29.25,29.80,0.50,775122,22986451,532
2024-01-29,TWSE,2528,皇普,36.25,36.90,35.95,36.70,0.70,482678,17639711,197
2024-01-29,TWSE,2530,華建,37.25,38.10,37.10,37.85,0.55,1294451,48868189,664
2024-01-29,TWSE,2534,宏盛,20.05,20.05,19.80,19.95,-0.10,869490,17279812,369
2024-01-29,TWSE,2535,達欣工,46.50,46.50,46.45,46.50,0.05,293748,13654728,377
2024-01-29,TWSE,2536,宏普,29.70,29.80,29.65,29.65,-0.15,116703,3469201,155
2024-01-29,TWSE,2537,聯上發,9.33,9.51,9.28,9.48,0.16,1918781,18112830,666
2024-01-29,TWSE,2538,基泰,15.60,15.65,15.50,15.65,0.05,278812,4344276,181
2024-01-29,TWSE,2539,櫻花建,48.15,48.50,48.00,48.15,-0.20,134421,6483565,170
2024-01-29,TWSE,2540,愛山林,88.40,89.60,88.10,89.30,0.80,709357,63302843,426
2024-01-29,TWSE,2542,興富發,39.55,39.80,39.50,39.80,0.20,1104073,43854300,905
2024-01-29,TWSE,2543,皇昌,26.80,28.70,26.70,27.60,0.80,6674255,185791642,3805
2024-01-29,TWSE,2545,皇翔,43.25,43.50,42.90,43.00,-0.25,554247,23934681,338
2024-01-29,TWSE,2546,根基,76.50,77.60,76.50,76.80,0.30,37443,2874403,108
2024-01-29,TWSE,2547,日勝生,9.71,9.71,9.63,9.65,-0.02,367998,3553454,210
2024-01-29,TWSE,2548,華固,95.50,95.80,95.50,95.60,-0.10,169970,16255423,334
2024-01-29,TWSE,2597,潤弘,117.50,118.50,117.50,118.00,0.50,101335,11948299,103
2024-01-29,TWSE,2601,益航,8.36,8.41,8.32,8.41,0.05,949541,7939172,373
2024-01-29,TWSE,2603,長榮,150.50,152.00,150.00,151.50,0.50,12295556,1854130001,8180
2024-01-29,TWSE,2605,新興,23.25,23.80,23.25,23.70,0.55,3659396,86170903,1588
2024-01-29,TWSE,2606,裕民,48.35,49.30,48.35,49.30,1.10,3033847,148799764,2094
2024-01-29,TWSE,2607,榮運,34.00,34.40,33.55,33.95,0.00,2179885,73799427,1716
2024-01-29,TWSE,2608,嘉里大榮,37.40,37.60,37.35,37.55,0.00,53372,2001614,84
2024-01-29,TWSE,2609,陽明,48.80,49.20,48.60,48.80,-0.10,19215398,938795007,10226
2024-01-29,TWSE,2610,華航,20.95,21.15,20.70,20.70,0.00,38703967,807057506,10734
2024-01-29,TWSE,2611,志信,16.60,16.75,16.35,16.60,0.10,561011,9284297,352
2024-01-29,TWSE,2612,中航,44.70,45.45,44.60,45.45,0.95,298280,13473827,264
2024-01-29,TWSE,2613,中櫃,22.05,22.40,22.05,22.40,0.25,34095,758716,68
2024-01-29,TWSE,2614,東森,21.20,21.25,21.00,21.20,0.20,350725,7420516,524
2024-01-29,TWSE,2615,萬海,49.75,50.20,49.55,50.00,0.25,2181294,108988861,1565
2024-01-29,TWSE,2616,山隆,29.70,29.80,29.70,29.75,0.05,57322,1706827,193
2024-01-29,TWSE,2617,台航,32.25,32.55,32.10,32.50,0.40,1558718,50362250,662
2024-01-29,TWSE,2618,長榮航,31.95,32.20,31.80,31.90,1.50,127163457,4069544094,35586
2024-01-29,TWSE,2630,亞航,35.25,35.90,35.20,35.70,0.50,727047,25860135,486
2024-01-29,TWSE,2633,台灣高鐵,29.70,29.85,29.65,29.80,-0.05,1513699,45044293,1121
2024-01-29,TWSE,2634,漢翔,50.00,50.40,49.95,50.20,0.30,2612412,130962388,1915
2024-01-29,TWSE,2636,台驊控股,90.50,92.00,90.20,92.00,1.60,647704,59107168,997
2024-01-29,TWSE,2637,慧洋-KY,51.60,52.30,51.10,52.30,0.70,1288432,66933790,985
2024-01-29,TWSE,2642,宅配通,39.95,39.95,39.35,39.55,0.30,85100,3377745,478
2024-01-29,TWSE,2645,長榮航太,101.50,104.50,101.00,103.50,1.50,738682,75947779,556
2024-01-29,TWSE,2701,萬企,12.60,12.75,12.60,12.75,0.05,71901,911339,59
2024-01-29,TWSE,2702,華園,20.70,21.15,20.50,20.50,0.05,105098,2178735,108
2024-01-29,TWSE,2704,國賓,45.45,46.15,45.45,46.05,0.60,77152,3537201,99
2024-01-29,TWSE,2705,六福,17.70,18.15,17.70,17.95,0.35,948627,17026373,622
2024-01-29,TWSE,2706,第一店,15.25,15.35,15.25,15.30,0.05,150096,2298966,143
2024-01-29,TWSE,2707,晶華,213.50,215.00,212.00,213.50,1.00,154456,33015138,236
2024-01-29,TWSE,2712,遠雄來,34.95,35.35,34.50,34.75,0.25,27337,953216,47
2024-01-29,TWSE,2722,夏都,56.20,58.00,56.10,56.40,1.00,547305,31063489,442
2024-01-29,TWSE,2723,美食-KY,97.30,98.20,97.30,97.80,0.50,472651,46217073,351
2024-01-29,TWSE,2727,王品,251.50,255.50,250.50,251.50,0.50,882401,222818054,4950
2024-01-29,TWSE,2731,雄獅,131.00,135.00,130.00,132.00,4.50,1988274,262175316,1614
2024-01-29,TWSE,2739,寒舍,57.50,59.50,57.50,58.10,1.20,2171803,126461317,1673
2024-01-29,TWSE,2748,雲品,79.00,81.60,79.00,81.30,3.70,3974022,320845266,3076
2024-01-29,TWSE,2753,八方雲集,164.00,164.50,163.00,164.00,0.00,165358,27090335,237
2024-01-29,TWSE,2762,世界健身-KY,106.00,107.50,103.50,106.00,0.00,658511,69393093,951
2024-01-29,TWSE,2801,彰銀,17.40,17.60,17.40,17.50,0.00,3575995,62651871,1663
2024-01-29,TWSE,2809,京城銀,41.00,41.00,40.65,40.75,-0.45,687233,28055187,1196
2024-01-29,TWSE,2812,台中銀,16.00,16.00,15.90,15.95,-0.05,1870530,29849860,1393
2024-01-29,TWSE,2816,旺旺保,33.65,33.85,33.50,33.85,0.25,268896,9049212,228
2024-01-29,TWSE,2820,華票,14.75,14.80,14.70,14.75,-0.05,410712,6049061,290
2024-01-29,TWSE,2832,台產,26.30,26.30,25.95,26.00,-0.30,636299,16575389,348
2024-01-29,TWSE,2834,臺企銀,13.35,13.45,13.30,13.45,0.10,5486208,73505289,2142
2024-01-29,TWSE,2836,高雄銀,12.25,12.45,12.25,12.45,0.30,2870182,35432646,641
2024-01-29,TWSE,2836A,高雄銀甲特,21.25,21.30,21.25,21.30,0.10,25566,544285,14
2024-01-29,TWSE,2838,聯邦銀,14.20,14.40,14.20,14.30,0.10,1644391,23518145,663
2024-01-29,TWSE,2838A,聯邦銀甲特,52.00,52.10,52.00,52.10,0.00,27060,1408428,12
2024-01-29,TWSE,2845,遠東銀,12.15,12.20,12.10,12.20,0.00,1476924,17966144,587
2024-01-29,TWSE,2849,安泰銀,13.80,14.00,13.80,13.90,-0.05,52872,737509,40
2024-01-29,TWSE,2850,新產,69.00,69.20,68.80,69.00,-0.20,250443,17286434,511
2024-01-29,TWSE,2851,中再保,22.50,22.90,22.50,22.65,0.05,335398,7611542,179
2024-01-29,TWSE,2852,第一保,18.50,18.60,18.50,18.55,0.00,149023,2764084,116
2024-01-29,TWSE,2855,統一證,19.00,19.15,19.00,19.05,-0.05,236733,4511294,226
2024-01-29,TWSE,2867,三商壽,4.94,4.94,4.89,4.89,-0.05,13789634,67624336,3140
2024-01-29,TWSE,2880,華南金,21.60,21.80,21.55,21.75,0.10,4755904,103278443,1851
2024-01-29,TWSE,2881,富邦金,64.60,64.90,64.60,64.80,0.00,8404036,543910141,4404
2024-01-29,TWSE,2881A,富邦特,61.40,61.50,61.40,61.50,0.10,57208,3514365,34
2024-01-29,TWSE,2881B,富邦金乙特,60.00,60.10,60.00,60.10,0.00,66040,3962500,11
2024-01-29,TWSE,2881C,富邦金丙特,54.80,54.90,54.80,54.90,0.10,10726,587792,40
2024-01-29,TWSE,2882,國泰金,44.30,44.50,44.25,44.40,-0.10,10282934,456264172,4466
2024-01-29,TWSE,2882A,國泰特,60.00,60.00,59.90,60.00,0.00,138030,8281215,42
2024-01-29,TWSE,2882B,國泰金乙特,59.80,60.00,59.80,60.00,0.00,19136,1144491,33
2024-01-29,TWSE,2883,凱基金,12.20,12.30,12.15,12.25,0.10,18556102,227152860,4436
2024-01-29,TWSE,2883B,凱基金乙特,7.11,7.16,7.11,7.16,0.05,1136138,8104854,257
2024-01-29,TWSE,2884,玉山金,24.75,25.00,24.75,25.00,0.15,9154795,228192966,4977
2024-01-29,TWSE,2885,元大金,26.85,27.10,26.80,27.10,0.15,10518098,284158713,3663
2024-01-29,TWSE,2886,兆豐金,38.25,38.55,38.20,38.35,0.00,8123724,311893072,4193
2024-01-29,TWSE,2887,台新新光金,17.35,17.45,17.30,17.35,-0.05,7807245,135625352,4048
2024-01-29,TWSE,2887E,台新新光戊特一,51.60,51.80,51.50,51.80,0.10,140384,7246884,48
2024-01-29,TWSE,2887F,台新新光戊特二,45.95,46.15,45.95,46.00,0.05,23218,1068068,16
2024-01-29,TWSE,2887Z1,台新新光己特,16.85,16.95,16.80,16.95,0.10,26008,438932,14
2024-01-29,TWSE,2888,新光金,8.62,8.66,8.60,8.65,0.03,23904764,206615287,3582
2024-01-29,TWSE,2888A,新光金甲特,27.85,27.90,27.80,27.90,0.00,27555,767745,29
2024-01-29,TWSE,2888B,新光金乙特,28.00,28.15,28.00,28.15,0.00,47216,1325023,35
2024-01-29,TWSE,2889,國票金,11.90,12.00,11.90,11.95,0.00,2202678,26377004,655
2024-01-29,TWSE,2890,永豐金,19.15,19.30,19.15,19.25,0.10,9633525,185216776,3531
2024-01-29,TWSE,2891,中信金,28.40,28.55,28.35,28.50,0.00,22969203,654373004,6260
2024-01-29,TWSE,2891B,中信金乙特,60.20,60.30,60.00,60.30,0.00,39077,2352327,14
2024-01-29,TWSE,2891C,中信金丙特,59.20,59.30,59.20,59.30,0.00,5011,296632,18
2024-01-29,TWSE,2892,第一金,26.80,26.95,26.75,26.80,-0.05,7441990,199825457,4092
2024-01-29,TWSE,2897,王道銀行,9.47,9.50,9.46,9.47,-0.03,1565388,14834745,567
2024-01-29,TWSE,2897A,王道銀甲特,10.30,10.30,10.30,10.30,-0.10,2000,20600,1
2024-01-29,TWSE,2901,欣欣,26.70,27.00,26.60,26.70,0.25,5486,146671,39
2024-01-29,TWSE,2903,遠百,24.50,24.80,24.50,24.75,0.10,2027815,50036855,600
2024-01-29,TWSE,2904,匯僑,18.80,18.85,18.75,18.85,0.10,13362,251354,25
2024-01-29,TWSE,2905,三商,12.50,12.70,12.45,12.60,0.10,811287,10230750,352
2024-01-29,TWSE,2906,高林,20.25,20.45,19.30,20.05,0.05,3155133,63064809,1270
2024-01-29,TWSE,2908,特力,20.45,20.55,20.35,20.50,0.00,231265,4731883,82
2024-01-29,TWSE,2910,統領,27.35,27.45,27.10,27.45,0.10,30093,822412,30
2024-01-29,TWSE,2911,麗嬰房,6.20,6.45,6.15,6.25,0.08,85919,535744,228
2024-01-29,TWSE,2912,統一超,264.50,266.00,264.00,264.50,-0.50,832233,220323980,1204
2024-01-29,TWSE,2913,農林,20.35,20.50,20.30,20.45,0.05,738790,15073365,564
2024-01-29,TWSE,2915,潤泰全,61.10,61.50,61.00,61.30,0.20,1158178,71028107,1074
2024-01-29,TWSE,2923,鼎固-KY,23.10,23.50,22.80,23.30,-0.15,37800,876823,148
2024-01-29,TWSE,2929,淘帝-KY,11.65,11.80,11.60,11.65,0.10,319587,3745655,190
2024-01-29,TWSE,2939,永邑-KY,29.40,29.80,29.40,29.50,-0.20,31000,917750,20
2024-01-29,TWSE,2945,三商家購,43.20,44.00,43.20,44.00,0.00,15245,669989,37
2024-01-29,TWSE,3002,歐格,14.50,14.90,14.35,14.60,0.25,1250379,18320395,527
2024-01-29,TWSE,3003,健和興,69.60,69.60,69.00,69.30,-0.30,156114,10808770,145
2024-01-29,TWSE,3004,豐達科,90.80,92.50,90.80,92.50,1.40,72904,6697837,106
2024-01-29,TWSE,3005,神基,105.00,108.50,104.50,107.50,2.50,4418641,471866824,2845
2024-01-29,TWSE,3006,晶豪科,93.50,93.50,92.20,92.80,0.00,3198086,296687222,2189
2024-01-29,TWSE,3008,大立光,2495.00,2555.00,2490.00,2535.00,45.00,514383,1302138920,1703
2024-01-29,TWSE,3010,華立,97.50,97.60,97.00,97.60,0.20,89822,8751027,132
2024-01-29,TWSE,3011,今皓,32.55,32.75,32.05,32.20,-0.40,423257,13653213,278
2024-01-29,TWSE,3013,晟銘電,42.20,42.85,42.10,42.50,0.00,1320140,55978204,969
2024-01-29,TWSE,3014,聯陽,148.50,151.50,147.50,151.50,4.50,1159971,173998645,1023
2024-01-29,TWSE,3015,全漢,51.90,51.90,51.30,51.80,-0.10,188086,9692651,146
2024-01-29,TWSE,3016,嘉晶,57.20,57.40,56.90,57.10,-0.10,250016,14305589,199
2024-01-29,TWSE,3017,奇鋐,383.50,393.00,382.00,390.50,4.50,7186464,2790394983,6613
2024-01-29,TWSE,3018,隆銘綠能,15.45,15.45,15.30,15.30,0.00,17272,265807,169
2024-01-29,TWSE,3019,亞光,67.60,67.90,67.10,67.80,0.40,377820,25529246,437
2024-01-29,TWSE,3021,鴻名,21.90,22.40,21.70,21.70,0.05,308005,6757109,174
2024-01-29,TWSE,3022,威強電,78.00,78.90,78.00,78.70,0.50,254934,20051424,230
2024-01-29,TWSE,3023,信邦,262.00,266.00,261.50,262.50,-0.50,530458,139777266,1024
2024-01-29,TWSE,3024,憶聲,18.55,18.85,18.25,18.30,-0.40,1473291,27221856,945
2024-01-29,TWSE,3025,星通,61.10,62.30,60.80,61.00,0.50,4283950,262834999,4055
2024-01-29,TWSE,3026,禾伸堂,95.00,95.00,94.40,94.70,-0.30,57633,5457783,129
2024-01-29,TWSE,3027,盛達,38.50,38.85,38.25,38.75,0.50,246123,9501891,213
2024-01-29,TWSE,3028,增你強,33.65,33.70,33.50,33.65,-0.05,209630,7052522,237
2024-01-29,TWSE,3029,零壹,68.20,68.90,67.90,68.80,0.90,838425,57383553,724
2024-01-29,TWSE,3030,德律,69.70,69.80,68.70,69.10,0.00,483820,33440879,808
2024-01-29,TWSE,3031,佰鴻,19.65,19.65,19.25,19.25,-0.25,229812,4444622,188
2024-01-29,TWSE,3032,偉訓,75.00,77.20,74.70,76.50,2.00,3064251,234025368,2146
2024-01-29,TWSE,3033,威健,30.80,30.95,30.35,30.55,-0.10,1869374,57310124,1371
2024-01-29,TWSE,3034,聯詠,516.00,521.00,513.00,520.00,0.00,1672460,867326209,2028
2024-01-29,TWSE,3035,智原,418.00,426.00,416.00,420.50,-1.50,11458699,4821172443,10555
2024-01-29,TWSE,3036,文曄,150.50,158.00,149.50,151.50,2.00,15063730,2311444742,10176
2024-01-29,TWSE,3036A,文曄甲特,46.50,46.55,46.50,46.55,0.15,70078,3260158,35
2024-01-29,TWSE,3037,欣興,172.00,178.50,171.50,178.00,6.50,21122300,3738463145,15082
2024-01-29,TWSE,3038,全台,31.50,32.45,30.80,31.90,0.40,3221129,102332107,1916
2024-01-29,TWSE,3040,遠見,31.05,31.10,31.00,31.00,-0.05,56541,1757957,507
2024-01-29,TWSE,3041,揚智,26.40,27.10,25.25,26.45,-0.65,6514715,172142339,3412
2024-01-29,TWSE,3042,晶技,96.50,96.60,95.80,96.20,-0.30,592989,57015473,697
2024-01-29,TWSE,3043,科風,35.40,35.40,35.05,35.20,-0.40,100134,3527673,267
2024-01-29,TWSE,3044,健鼎,181.00,184.00,180.00,183.50,4.00,1657812,302601448,1306
2024-01-29,TWSE,3045,台灣大,98.00,98.60,97.80,98.60,0.20,1169383,114920178,1001
2024-01-29,TWSE,3046,建碁,66.40,67.40,65.20,66.60,0.90,243753,16146336,248
2024-01-29,TWSE,3047,訊舟,16.15,16.95,16.00,16.55,0.45,14466716,241774160,4665
2024-01-29,TWSE,3048,益登,23.70,23.70,23.55,23.60,-0.15,148417,3506527,413
2024-01-29,TWSE,3049,精金,9.54,9.54,9.38,9.40,-0.05,1224425,11590085,524
2024-01-29,TWSE,3050,鈺德,17.75,18.30,17.60,17.60,-0.10,6115192,110031743,1539
2024-01-29,TWSE,3051,力特,32.85,33.55,32.80,33.50,1.00,2011821,67043691,1225
2024-01-29,TWSE,3052,夆典,12.15,12.55,12.15,12.50,0.40,2014042,24997242,721
2024-01-29,TWSE,3054,立萬利,20.45,20.80,20.45,20.80,0.30,29000,594050,7
2024-01-29,TWSE,3055,蔚華科,53.40,55.40,52.40,55.00,2.40,10024218,544178951,6944
2024-01-29,TWSE,3056,富華新,28.35,28.50,28.35,28.45,0.05,463238,13179113,446
2024-01-29,TWSE,3057,喬鼎,12.65,13.00,12.65,13.00,0.25,167097,2155819,200
2024-01-29,TWSE,3058,立德,19.95,20.85,19.95,20.45,0.50,842787,17286981,443
2024-01-29,TWSE,3059,華晶科,36.60,38.10,36.55,37.40,0.95,5959026,223881669,3440
2024-01-29,TWSE,3060,銘異,20.45,20.55,20.15,20.30,-0.05,147824,3009809,249
2024-01-29,TWSE,3062,建漢,20.85,21.10,20.75,21.10,0.15,557482,11675740,360
2024-01-29,TWSE,3090,日電貿,57.40,57.70,56.70,56.80,0.10,231868,13221262,223
2024-01-29,TWSE,3092,鴻碩,34.50,34.75,34.40,34.50,0.00,52886,1825201,93
2024-01-29,TWSE,3094,聯傑,36.15,36.55,35.90,36.50,0.55,312616,11350035,283
2024-01-29,TWSE,3130,一零四,218.50,220.00,218.50,220.00,1.50,13195,2889930,60
2024-01-29,TWSE,3138,耀登,137.00,142.50,135.50,139.50,-8.00,1237372,171478598,1548
2024-01-29,TWSE,3149,正達,30.55,30.55,28.70,30.05,0.05,1567735,46399748,1228
2024-01-29,TWSE,3164,景岳,23.60,23.85,23.60,23.70,0.10,23954,570057,65
2024-01-29,TWSE,3167,大量,51.90,54.20,51.30,54.20,2.50,261746,13980091,238
2024-01-29,TWSE,3189,景碩,101.00,103.00,101.00,101.50,1.50,3311358,337570361,2392
2024-01-29,TWSE,3209,全科,35.20,35.30,35.05,35.20,0.10,223019,7841230,213
2024-01-29,TWSE,3229,晟鈦,15.50,15.50,15.40,15.50,0.15,11357,175237,27
2024-01-29,TWSE,3231,緯創,113.50,117.50,113.00,116.50,3.50,78687856,9123812424,41830
2024-01-29,TWSE,3257,虹冠電,72.70,73.80,72.10,73.50,0.80,253644,18432746,219
2024-01-29,TWSE,3266,昇陽,18.70,18.70,18.30,18.50,0.20,149051,2760709,83
2024-01-29,TWSE,3296,勝德,23.60,24.25,22.15,22.30,-1.30,2590407,60045739,1579
2024-01-29,TWSE,3305,昇貿,66.30,67.30,66.30,67.30,1.00,312430,20922406,267
2024-01-29,TWSE,3308,聯德,33.10,33.25,32.80,33.15,0.50,156800,5172124,153
2024-01-29,TWSE,3311,閎暉,40.00,40.90,39.95,40.40,0.55,171311,6935394,169
2024-01-29,TWSE,3312,弘憶股,23.90,24.25,23.40,24.00,0.10,2645168,63009796,1252
2024-01-29,TWSE,3321,同泰,13.70,14.00,13.70,13.85,0.15,386475,5357417,262
2024-01-29,TWSE,3338,泰碩,61.00,63.70,61.00,63.10,2.10,1560496,98140409,1241
2024-01-29,TWSE,3346,麗清,48.30,49.60,48.30,49.10,0.60,559440,27464978,503
2024-01-29,TWSE,3356,奇偶,44.00,45.40,43.20,44.15,0.90,3026522,133445672,2568
2024-01-29,TWSE,3376,新日興,138.50,148.00,136.00,145.00,8.00,20158697,2871744794,12657
2024-01-29,TWSE,3380,明泰,38.95,38.95,38.55,38.80,-0.30,2500280,96898038,1971
2024-01-29,TWSE,3406,玉晶光,401.50,404.50,400.00,401.00,-1.50,953174,382311361,1274
2024-01-29,TWSE,3413,京鼎,213.50,215.50,211.50,214.00,0.50,418188,89459786,358
2024-01-29,TWSE,3416,融程電,145.00,145.00,138.00,139.00,-3.00,575635,81327383,857
2024-01-29,TWSE,3419,譁裕,17.55,17.70,17.35,17.55,0.00,90569,1586656,98
2024-01-29,TWSE,3432,台端,16.50,17.15,16.50,16.70,-0.10,130093,2183932,158
2024-01-29,TWSE,3437,榮創,28.55,30.25,28.40,30.05,1.55,6258230,186462190,3237
2024-01-29,TWSE,3443,創意,1565.00,1595.00,1545.00,1560.00,15.00,2953422,4634479825,7327
2024-01-29,TWSE,3447,展達,36.90,37.95,36.90,37.95,0.75,57198,2137480,60
2024-01-29,TWSE,3450,聯鈞,59.10,62.10,58.70,61.70,2.20,3445223,210593836,2269
2024-01-29,TWSE,3454,晶睿,157.00,158.00,154.00,154.50,-0.50,313293,48954688,368
2024-01-29,TWSE,3481,群創,17.15,17.20,16.75,16.95,-0.05,128872054,2193243655,23039
2024-01-29,TWSE,3494,誠研,5.91,6.20,5.91,6.04,0.13,92029,556785,76
2024-01-29,TWSE,3501,維熹,50.90,51.10,50.80,51.00,0.10,173978,8853872,106
2024-01-29,TWSE,3504,揚明光,70.40,71.90,69.50,69.60,-0.30,1817002,128359506,1753
2024-01-29,TWSE,3515,華擎,236.50,239.50,230.00,233.50,-2.50,1187734,277484696,1108
2024-01-29,TWSE,3518,柏騰,34.35,34.50,33.80,33.85,-0.45,228532,7788987,143
2024-01-29,TWSE,3528,安馳,50.10,50.20,49.65,50.20,0.10,130543,6523890,60
2024-01-29,TWSE,3530,晶相光,105.00,109.50,104.50,109.00,4.00,856991,92707847,784
2024-01-29,TWSE,3532,台勝科,162.50,165.00,162.00,165.00,2.00,538084,88272162,512
2024-01-29,TWSE,3533,嘉澤,967.00,973.00,955.00,973.00,-3.00,738748,714124160,1142
2024-01-29,TWSE,3535,晶彩科,23.50,24.30,22.90,22.90,-0.15,16431993,386490593,7539
2024-01-29,TWSE,3543,州巧,27.45,28.00,27.10,27.55,0.20,631941,17499864,441
2024-01-29,TWSE,3545,敦泰,99.80,101.50,98.50,101.00,1.20,2394737,239633778,1933
2024-01-29,TWSE,3550,聯穎,14.60,14.75,14.60,14.75,0.05,41385,608392,67
2024-01-29,TWSE,3557,嘉威,60.40,61.20,60.40,61.00,0.50,52731,3211424,111
2024-01-29,TWSE,3563,牧德,261.00,278.00,257.50,269.50,9.00,1766224,474684899,2847
2024-01-29,TWSE,3576,聯合再生,13.15,13.25,13.05,13.10,-0.05,2544445,33398987,1394
2024-01-29,TWSE,3583,辛耘,211.50,218.50,210.00,218.50,8.00,1716387,370050798,1995
2024-01-29,TWSE,3588,通嘉,85.80,86.80,83.70,86.60,1.40,1646335,140529133,1455
2024-01-29,TWSE,3591,艾笛森,25.65,25.65,25.00,25.10,-0.30,788935,20018122,324
2024-01-29,TWSE,3592,瑞鼎,374.00,379.50,374.00,378.00,1.00,185027,69739182,324
2024-01-29,TWSE,3593,力銘,10.15,10.20,10.05,10.20,0.05,24884,251298,64
2024-01-29,TWSE,3596,智易,171.00,173.00,170.00,173.00,2.50,498484,85822773,521
2024-01-29,TWSE,3605,宏致,38.20,39.75,37.10,38.70,1.70,13607749,527451412,7943
2024-01-29,TWSE,3607,谷崧,17.75,17.90,17.35,17.35,0.00,1026933,18034623,533
2024-01-29,TWSE,3617,碩天,188.50,191.00,186.50,190.00,1.00,338005,63935844,355
2024-01-29,TWSE,3622,洋華,55.70,58.30,54.40,55.10,-0.20,10234218,574474204,6484
2024-01-29,TWSE,3645,達邁,41.85,41.90,41.20,41.50,-0.50,805908,33352718,779
2024-01-29,TWSE,3652,精聯,30.20,30.80,29.70,29.70,0.20,196622,5918594,252
2024-01-29,TWSE,3653,健策,727.00,733.00,712.00,716.00,-13.00,742303,534120399,1451
2024-01-29,TWSE,3661,世芯-KY,3915.00,3920.00,3800.00,3800.00,-95.00,1579504,6062625100,5201
2024-01-29,TWSE,3665,貿聯-KY,235.00,237.00,233.00,235.50,3.00,920589,216726829,931
2024-01-29,TWSE,3669,圓展,45.45,46.10,45.45,45.95,0.50,93854,4302098,82
2024-01-29,TWSE,3673,TPK-KY,36.60,37.00,36.10,36.90,0.55,1593015,58520149,1203
2024-01-29,TWSE,3679,新至陞,104.00,105.00,104.00,104.50,0.50,24216,2524217,32
2024-01-29,TWSE,3686,達能,13.35,13.40,13.30,13.30,-0.05,145835,1944817,134
2024-01-29,TWSE,3694,海華,55.30,56.90,54.60,56.50,1.10,20120240,1120075614,10243
2024-01-29,TWSE,3701,大眾控,58.00,58.00,56.90,57.50,-0.20,626467,35938421,684
2024-01-29,TWSE,3702,大聯大,88.50,89.90,87.90,89.80,0.80,2701197,241535146,2370
2024-01-29,TWSE,3702A,大聯大甲特,47.00,47.00,46.95,47.00,0.00,328122,15421184,95
2024-01-29,TWSE,3703,欣陸,27.10,27.30,27.10,27.30,0.15,339305,9231206,243
2024-01-29,TWSE,3704,合勤控,48.00,48.90,47.85,48.90,0.90,1046132,50817460,744
2024-01-29,TWSE,3705,永信,46.45,46.90,46.45,46.65,0.10,161343,7528188,157
2024-01-29,TWSE,3706,神達,44.55,45.60,44.50,45.30,0.80,7936625,358488163,4662
2024-01-29,TWSE,3708,上緯投控,97.00,98.70,97.00,98.30,2.00,622516,61054403,610
2024-01-29,TWSE,3711,日月光投控,137.00,137.50,136.50,137.00,0.00,3413937,467449120,2560
2024-01-29,TWSE,3712,永崴投控,42.60,42.90,42.25,42.40,0.10,1976349,84093338,1283
2024-01-29,TWSE,3714,富采,42.95,42.95,42.30,42.60,-0.35,971215,41372441,1171
2024-01-29,TWSE,3715,定穎投控,78.50,85.80,78.30,84.20,5.60,19368872,1621265336,13225
2024-01-29,TWSE,4104,佳醫,87.20,87.50,87.10,87.20,0.00,76880,6706467,214
2024-01-29,TWSE,4106,雃博,27.70,27.90,27.65,27.85,0.20,71839,1997737,80
2024-01-29,TWSE,4108,懷特,21.55,21.80,21.50,21.70,0.20,150334,3255077,215
2024-01-29,TWSE,4119,旭富,94.30,94.90,94.10,94.70,0.10,79272,7487717,119
2024-01-29,TWSE,4133,亞諾法,33.75,34.05,33.70,33.75,0.25,106104,3589263,116
2024-01-29,TWSE,4137,麗豐-KY,189.50,190.50,189.00,189.50,0.00,21476,4072881,50
2024-01-29,TWSE,4142,國光生,31.10,31.40,31.00,31.10,0.00,641567,20033835,394
2024-01-29,TWSE,4148,全宇生技-KY,47.70,49.65,47.65,48.55,1.25,109920,5336771,113
2024-01-29,TWSE,4155,訊映,24.85,24.90,24.70,24.75,-0.05,183293,4537790,215
2024-01-29,TWSE,4164,承業醫,56.70,57.60,56.60,57.30,0.50,445512,25423924,271
2024-01-29,TWSE,4190,佐登-KY,57.00,57.40,56.60,56.60,-0.50,22209,1264906,26
2024-01-29,TWSE,4306,炎洲,16.85,17.20,16.85,17.10,0.25,1583340,27015743,540
2024-01-29,TWSE,4414,如興,3.50,3.50,3.44,3.46,-0.02,927335,3205369,133
2024-01-29,TWSE,4426,利勤,19.85,19.90,19.80,19.90,0.10,75821,1504003,51
2024-01-29,TWSE,4438,廣越,110.00,110.50,110.00,110.50,0.50,16483,1820427,32
2024-01-29,TWSE,4439,冠星-KY,124.50,124.50,123.50,123.50,-0.50,11042,1369186,12
2024-01-29,TWSE,4440,宜新實業,25.30,25.30,25.05,25.05,-0.25,136723,3430038,124
2024-01-29,TWSE,4526,東台,18.40,19.00,18.25,18.65,0.30,805861,15051101,440
2024-01-29,TWSE,4532,瑞智,21.50,22.35,21.40,22.30,1.20,4401674,96452647,2255
2024-01-29,TWSE,4536,拓凱,180.00,183.00,180.00,182.50,2.50,121887,22146807,335
2024-01-29,TWSE,4540,全球傳動,32.50,32.65,32.15,32.40,0.20,40145,1297473,45
2024-01-29,TWSE,4545,銘鈺,29.65,29.95,29.15,29.70,-0.15,86101,2544751,141
2024-01-29,TWSE,4551,智伸科,106.50,107.50,105.50,106.00,0.00,172604,18352236,189
2024-01-29,TWSE,4552,力達-KY,32.05,32.25,31.95,32.15,0.05,148493,4772767,107
2024-01-29,TWSE,4555,氣立,63.30,63.90,63.10,63.90,0.80,120247,7640113,100
2024-01-29,TWSE,4557,永新-KY,115.00,115.00,113.00,114.50,0.50,23314,2667428,65
2024-01-29,TWSE,4560,強信-KY,35.80,36.00,35.70,36.00,0.00,93000,3328350,44
2024-01-29,TWSE,4562,穎漢,15.00,15.10,15.00,15.05,0.05,19000,285200,16
2024-01-29,TWSE,4564,元翎,23.20,23.40,23.20,23.25,0.05,266197,6193660,291
2024-01-29,TWSE,4566,時碩工業,51.30,51.80,51.10,51.60,0.10,150595,7751602,151
2024-01-29,TWSE,4569,六方科-KY,88.80,89.50,88.80,89.40,0.00,12010,1072590,11
2024-01-29,TWSE,4571,鈞興-KY,83.00,83.00,81.40,82.00,-0.10,117085,9617676,69
2024-01-29,TWSE,4572,駐龍,152.00,152.50,149.50,152.00,0.00,181778,27491767,211
2024-01-29,TWSE,4576,大銀微系統,62.40,63.00,62.20,63.00,0.80,32262,2020059,44
2024-01-29,TWSE,4581,光隆精密-KY,63.60,63.80,63.00,63.50,-0.30,39000,2468900,27
2024-01-29,TWSE,4583,台灣精銳,203.00,205.00,203.00,203.50,-0.50,20158,4098970,29
2024-01-29,TWSE,4588,玖鼎電力,72.00,73.20,69.20,73.10,0.00,2042748,145993839,1572
2024-01-29,TWSE,4720,德淵,15.50,15.75,15.45,15.75,0.25,377241,5895062,209
2024-01-29,TWSE,4722,國精化,37.15,37.60,37.15,37.50,0.15,21077,787538,23
2024-01-29,TWSE,4736,泰博,163.00,163.50,161.50,163.00,0.00,138593,22540913,129
2024-01-29,TWSE,4737,華廣,69.90,70.30,69.60,70.30,-0.10,103048,7214727,72
2024-01-29,TWSE,4739,康普,69.90,70.90,69.50,70.60,0.70,257308,18150121,278
2024-01-29,TWSE,4746,台耀,117.50,119.00,114.50,115.50,-1.50,4034891,468526677,2902
2024-01-29,TWSE,4755,三福化,129.00,132.00,129.00,131.00,2.00,279155,36437928,371
2024-01-29,TWSE,4763,材料*-KY,838.00,865.00,831.00,865.00,31.00,2675781,2285757426,4149
2024-01-29,TWSE,4764,雙鍵,38.20,38.90,38.20,38.90,0.00,18263,703424,12
2024-01-29,TWSE,4766,南寶,284.50,291.00,281.00,289.00,5.00,204507,58724158,223
2024-01-29,TWSE,4770,上品,334.50,334.50,329.00,331.00,-3.50,162012,53760044,269
2024-01-29,TWSE,4807,日成-KY,16.60,16.60,16.30,16.40,-0.05,14009,230212,16
2024-01-29,TWSE,4904,遠傳,79.50,79.90,79.50,79.60,-0.20,1940272,154529021,1153
2024-01-29,TWSE,4906,正文,35.15,35.90,34.80,35.80,0.80,6017829,214452306,2977
2024-01-29,TWSE,4912,聯德控股-KY,86.50,86.50,85.10,85.80,-0.90,118579,10149291,191
2024-01-29,TWSE,4915,致伸,65.80,66.70,65.30,66.70,0.90,2298966,152299894,1707
2024-01-29,TWSE,4916,事欣科,33.80,34.20,33.80,34.10,0.30,250766,8520974,184
2024-01-29,TWSE,4919,新唐,131.00,131.00,129.00,130.50,1.00,965989,125535981,900
2024-01-29,TWSE,4927,泰鼎-KY,48.20,49.05,48.00,48.60,0.25,136024,6621923,163
2024-01-29,TWSE,4930,燦星網,33.50,33.50,33.05,33.20,-0.30,142854,4750679,190
2024-01-29,TWSE,4934,太極,25.80,25.85,25.20,25.60,-0.25,506547,12983150,399
2024-01-29,TWSE,4935,茂林-KY,49.85,49.85,49.55,49.65,-0.25,49209,2447900,23
2024-01-29,TWSE,4938,和碩,83.20,84.70,82.90,84.20,0.90,4444860,373807216,2667
2024-01-29,TWSE,4942,嘉彰,42.80,42.80,42.65,42.80,0.05,56016,2394804,54
2024-01-29,TWSE,4943,康控-KY,15.05,15.05,14.60,14.75,-0.35,30353,446554,67
2024-01-29,TWSE,4952,凌通,52.00,52.50,52.00,52.10,0.10,49337,2573471,53
2024-01-29,TWSE,4956,光鋐,22.35,22.90,22.15,22.30,-0.30,3702784,83202614,2040
2024-01-29,TWSE,4958,臻鼎-KY,101.50,101.50,100.50,101.50,-0.50,1768607,178931621,896
2024-01-29,TWSE,4960,誠美材,13.05,13.50,12.90,13.50,0.50,12515938,165917467,2611
2024-01-29,TWSE,4961,天鈺,234.00,238.00,232.50,237.50,2.50,380487,89742880,511
2024-01-29,TWSE,4967,十銓,77.90,79.80,77.20,79.80,1.20,1909669,149713823,1400
2024-01-29,TWSE,4968,立積,179.00,189.50,175.00,175.50,-0.50,12776074,2303535287,12204
2024-01-29,TWSE,4976,佳凌,39.25,41.70,39.25,40.50,1.65,1534898,62699814,1113
2024-01-29,TWSE,4977,眾達-KY,72.00,72.90,71.90,72.90,1.30,254683,18465185,262
2024-01-29,TWSE,4989,榮科,25.80,26.20,25.80,26.00,0.20,69317,1802782,68
2024-01-29,TWSE,4994,傳奇,62.00,63.00,61.80,62.00,0.20,98960,6163739,99
2024-01-29,TWSE,4999,鑫禾,34.40,34.75,34.40,34.55,0.00,68290,2360033,250
2024-01-29,TWSE,5007,三星,55.30,55.30,54.60,54.60,-0.90,95658,5251989,134
2024-01-29,TWSE,5203,訊連,93.20,93.50,92.30,92.50,-0.70,197692,18324981,288
2024-01-29,TWSE,5215,科嘉-KY,55.50,56.30,55.50,56.30,0.80,118387,6627219,127
2024-01-29,TWSE,5222,全訊,158.50,160.50,158.50,159.50,0.50,197375,31445203,433
2024-01-29,TWSE,5225,東科-KY,73.20,73.90,72.20,73.40,0.80,647543,47302389,909
2024-01-29,TWSE,5234,達興材料,110.50,112.00,107.00,109.50,1.50,2640524,288316427,1933
2024-01-29,TWSE,5243,乙盛-KY,55.80,56.30,55.40,56.30,0.00,667560,37286617,551
2024-01-29,TWSE,5244,弘凱,53.30,53.90,52.70,53.60,0.90,687280,36634814,657
2024-01-29,TWSE,5258,虹堡,117.00,120.00,116.50,119.50,2.00,1486504,176539109,1280
2024-01-29,TWSE,5269,祥碩,1815.00,1850.00,1810.00,1835.00,25.00,812232,1487112650,1252
2024-01-29,TWSE,5283,禾聯碩,113.00,113.00,112.50,113.00,0.00,22116,2496434,73
2024-01-29,TWSE,5284,jpp-KY,131.00,131.00,127.00,127.50,-4.00,1373581,176301928,1623
2024-01-29,TWSE,5285,界霖,67.30,67.30,66.40,66.50,-0.80,134451,8949229,154
2024-01-29,TWSE,5288,豐祥-KY,176.00,176.00,172.00,175.00,2.00,34653,6016743,103
2024-01-29,TWSE,5292,華懋,129.00,130.00,127.00,127.50,-1.50,153878,19702796,1271
2024-01-29,TWSE,5306,桂盟,127.00,129.50,127.00,129.00,1.50,115354,14845703,186
2024-01-29,TWSE,5388,中磊,128.50,129.50,128.00,128.50,0.00,2092863,269149258,1503
2024-01-29,TWSE,5434,崇越,186.00,189.00,185.50,188.50,2.50,454600,85330150,709
2024-01-29,TWSE,5469,瀚宇博,57.60,58.50,57.20,57.80,0.80,11088213,640718879,8062
2024-01-29,TWSE,5471,松翰,54.20,54.40,53.70,53.80,-0.70,215491,11632170,321
2024-01-29,TWSE,5484,慧友,27.15,29.50,27.15,29.50,2.60,962619,27878791,741
2024-01-29,TWSE,5515,建國,17.35,17.45,17.25,17.45,0.15,566189,9832016,380
2024-01-29,TWSE,5519,隆大,30.55,31.30,30.55,31.20,0.80,1367674,42438408,768
2024-01-29,TWSE,5521,工信,12.85,13.05,12.70,12.80,-0.15,6617564,84867697,1785
2024-01-29,TWSE,5522,遠雄,57.50,57.90,57.50,57.90,0.20,238244,13761106,298
2024-01-29,TWSE,5525,順天,27.55,28.15,27.55,27.95,0.00,180628,5053511,108
2024-01-29,TWSE,5531,鄉林,10.45,10.50,10.35,10.45,0.00,235975,2456153,136
2024-01-29,TWSE,5533,皇鼎,23.20,23.30,23.05,23.10,-0.10,152316,3530323,154
2024-01-29,TWSE,5534,長虹,75.70,76.50,75.70,76.40,0.50,183463,13964402,208
2024-01-29,TWSE,5538,東明-KY,33.45,33.45,33.40,33.40,-0.35,4041,135123,6
2024-01-29,TWSE,5546,永固-KY,29.25,30.00,29.25,29.80,-0.15,54100,1606450,38
2024-01-29,TWSE,5607,遠雄港,55.50,56.40,55.50,56.30,0.80,418886,23458678,336
2024-01-29,TWSE,5608,四維航,19.40,19.70,19.35,19.65,0.30,843554,16486533,524
2024-01-29,TWSE,5706,鳳凰,69.00,70.80,68.80,68.90,1.30,1410699,98020452,1146
2024-01-29,TWSE,5871,中租-KY,177.50,180.00,177.00,179.00,1.50,3797753,679573401,2799
2024-01-29,TWSE,5871A,中租-KY甲特,97.60,97.70,97.60,97.60,0.10,43027,4201310,41
2024-01-29,TWSE,5876,上海商銀,44.60,45.00,44.60,45.00,0.30,2344909,105269751,1145
2024-01-29,TWSE,5880,合庫金,25.50,25.80,25.50,25.75,0.05,6050313,155646345,2862
2024-01-29,TWSE,5906,台南-KY,65.00,65.60,61.60,62.70,0.00,68801,4341312,75
2024-01-29,TWSE,5907,大洋-KY,11.10,11.15,10.95,11.05,0.00,140739,1554826,68
2024-01-29,TWSE,6005,群益證,16.20,16.20,16.10,16.20,0.05,1714122,27707112,969
2024-01-29,TWSE,6024,群益期,50.20,50.20,49.80,50.10,-0.10,160325,8012914,192
2024-01-29,TWSE,6108,競國,22.60,22.70,22.10,22.60,0.15,837574,18792063,555
2024-01-29,TWSE,6112,邁達特,70.20,72.60,70.00,71.80,2.30,1844041,132404798,1609
2024-01-29,TWSE,6115,鎰勝,46.30,46.40,46.20,46.30,0.05,53389,2470312,58
2024-01-29,TWSE,6116,彩晶,12.25,12.30,12.00,12.00,-0.20,10759515,129893843,2590
2024-01-29,TWSE,6117,迎廣,72.00,73.00,71.00,72.90,0.30,3579424,258353187,2931
2024-01-29,TWSE,6120,達運,15.70,16.05,15.50,15.85,0.05,5450879,86215324,2205
2024-01-29,TWSE,6128,上福,34.00,34.10,33.60,33.95,-0.05,73515,2484860,62
2024-01-29,TWSE,6133,金橋,15.00,15.20,14.95,15.10,0.05,266062,4005791,189
2024-01-29,TWSE,6136,富爾特,21.90,22.00,21.85,21.85,-0.05,119119,2608655,133
2024-01-29,TWSE,6139,亞翔,161.00,161.50,158.00,159.00,-1.50,3094931,492030373,2570
2024-01-29,TWSE,6141,柏承,16.65,16.65,16.45,16.60,-0.05,97815,1613894,110
2024-01-29,TWSE,6142,友勁,10.00,10.00,9.97,10.00,-0.05,212553,2124731,135
2024-01-29,TWSE,6152,百一,11.15,11.15,11.00,11.05,-0.05,510470,5633583,264
2024-01-29,TWSE,6153,嘉聯益,20.60,20.90,20.60,20.80,0.10,573850,11939767,424
2024-01-29,TWSE,6155,鈞寶,27.10,27.30,26.40,27.05,0.00,439912,11889298,367
2024-01-29,TWSE,6164,華興,13.25,13.70,13.25,13.70,0.55,1604036,21740121,666
2024-01-29,TWSE,6165,浪凡,41.15,41.15,41.15,41.15,3.70,1564963,64398211,522
2024-01-29,TWSE,6166,凌華,62.50,62.80,61.90,62.30,0.00,159206,9925082,123
2024-01-29,TWSE,6168,宏齊,25.95,25.95,25.65,25.80,-0.10,511357,13199800,316
2024-01-29,TWSE,6176,瑞儀,139.50,140.00,139.00,140.00,0.50,748375,104583392,954
2024-01-29,TWSE,6177,達麗,34.00,34.25,34.00,34.15,0.15,230224,7851319,153
2024-01-29,TWSE,6183,關貿,66.90,67.00,66.70,67.00,0.30,16846,1127517,135
2024-01-29,TWSE,6184,大豐電,51.20,51.70,51.20,51.70,0.10,18313,944754,28
2024-01-29,TWSE,6189,豐藝,59.20,59.70,58.50,59.60,1.00,598233,35467954,548
2024-01-29,TWSE,6191,精成科,65.40,65.60,64.80,65.50,0.70,2078416,135709623,1385
2024-01-29,TWSE,6192,巨路,90.20,90.40,89.60,89.90,-0.20,64255,5783175,90
2024-01-29,TWSE,6196,帆宣,147.50,148.50,145.00,145.00,-1.50,3091986,452130832,2422
2024-01-29,TWSE,6197,佳必琪,79.20,80.90,79.00,80.80,1.50,314499,25258270,325
2024-01-29,TWSE,6201,亞弘電,59.30,59.70,58.90,59.20,-0.10,103223,6117614,249
2024-01-29,TWSE,6202,盛群,61.30,62.00,61.00,61.80,0.50,378123,23280349,414
2024-01-29,TWSE,6205,詮欣,83.80,85.30,83.30,85.10,2.10,2637752,222671553,1723
2024-01-29,TWSE,6206,飛捷,67.70,68.40,67.70,68.10,0.10,100937,6870855,135
2024-01-29,TWSE,6209,今國光,26.00,26.20,25.90,26.00,0.00,170181,4437503,153
2024-01-29,TWSE,6213,聯茂,82.40,84.10,82.40,83.90,1.10,657342,54931299,508
2024-01-29,TWSE,6214,精誠,113.00,114.00,112.50,114.00,1.00,397009,44962753,376
2024-01-29,TWSE,6215,和椿,25.95,26.70,25.85,26.40,0.65,328241,8613590,256
2024-01-29,TWSE,6216,居易,30.10,30.30,29.95,30.30,0.20,133407,4017947,127
2024-01-29,TWSE,6224,聚鼎,53.20,53.40,53.10,53.30,0.10,53850,2866867,88
2024-01-29,TWSE,6225,天瀚,14.05,14.05,13.15,13.35,-0.25,12164,161083,18
2024-01-29,TWSE,6226,光鼎,11.00,11.15,10.85,10.90,-0.05,413691,4542582,198
2024-01-29,TWSE,6230,尼得科超眾,131.50,134.00,131.50,133.50,3.00,33045,4404905,53
2024-01-29,TWSE,6235,華孚,99.60,105.50,99.20,105.00,5.00,7284247,753860211,5570
2024-01-29,TWSE,6239,力成,146.00,149.50,144.50,149.50,4.50,8086811,1191288349,4862
2024-01-29,TWSE,6243,迅杰,73.90,75.90,73.10,75.00,1.00,4281265,319807403,3081
2024-01-29,TWSE,6257,矽格,67.20,67.80,67.00,67.40,0.20,1283384,86519844,1554
2024-01-29,TWSE,6269,台郡,85.60,86.30,85.20,86.00,0.40,506601,43424515,556
2024-01-29,TWSE,6271,同欣電,150.00,150.00,147.00,148.50,1.00,2871852,426598697,2259
2024-01-29,TWSE,6277,宏正,79.60,79.80,79.50,79.60,0.00,140337,11173418,108
2024-01-29,TWSE,6278,台表科,93.50,93.80,92.70,93.70,0.60,750217,69963314,687
2024-01-29,TWSE,6281,全國電,85.20,85.20,85.00,85.00,-0.10,22594,1921929,42
2024-01-29,TWSE,6282,康舒,39.05,41.40,39.05,40.65,1.75,13664388,553020980,7867
2024-01-29,TWSE,6283,淳安,25.90,25.90,25.50,25.85,0.05,341838,8776211,211
2024-01-29,TWSE,6285,啟碁,145.00,147.00,144.50,146.00,1.50,1925593,281075026,1698
2024-01-29,TWSE,6288,聯嘉,30.90,31.10,30.75,31.10,0.40,481412,14914281,336
2024-01-29,TWSE,6405,悅城,24.40,26.70,24.10,25.60,1.20,1928676,49248028,1099
2024-01-29,TWSE,6409,旭隼,1340.00,1355.00,1330.00,1350.00,0.00,120336,162045445,389
2024-01-29,TWSE,6412,群電,151.00,152.50,149.00,149.00,-2.50,344919,51956037,434
2024-01-29,TWSE,6414,樺漢,272.00,272.00,270.50,272.00,1.50,969347,263228368,2043
2024-01-29,TWSE,6415,矽力*-KY,399.50,401.50,396.00,396.50,-5.50,1840105,732374120,2286
2024-01-29,TWSE,6416,瑞祺電通,108.50,109.00,107.50,108.00,-0.50,394919,42743454,318
2024-01-29,TWSE,6426,統新,68.50,69.50,68.00,69.50,1.50,73018,5035876,85
2024-01-29,TWSE,6431,光麗-KY,16.00,16.05,15.80,16.00,-0.30,44039,700460,61
2024-01-29,TWSE,6438,迅得,104.50,105.00,104.00,104.50,1.00,236452,24681912,242
2024-01-29,TWSE,6442,光聖,75.30,82.00,73.70,82.00,7.40,5715380,453720331,3908
2024-01-29,TWSE,6443,元晶,28.15,28.30,27.85,28.25,0.15,1589005,44750661,972
2024-01-29,TWSE,6446,藥華藥,319.00,321.50,316.50,319.00,0.00,663196,211388200,1399
2024-01-29,TWSE,6449,鈺邦,67.50,68.50,67.50,68.50,1.10,83891,5724601,136
2024-01-29,TWSE,6451,訊芯-KY,173.00,185.00,171.00,182.00,9.00,3650401,661901414,3035
2024-01-29,TWSE,6456,GIS-KY,64.10,64.40,63.70,64.10,-0.10,458914,29391879,541
2024-01-29,TWSE,6464,台數科,86.50,86.50,86.00,86.10,-0.10,20040,1724656,12
2024-01-29,TWSE,6472,保瑞,669.00,671.00,661.00,665.00,-9.00,988699,657706732,2161
2024-01-29,TWSE,6477,安集,37.65,37.80,37.40,37.50,-0.15,166641,6261403,213
2024-01-29,TWSE,6491,晶碩,373.50,377.50,373.00,377.00,4.00,205525,77245134,332
2024-01-29,TWSE,6504,南六,72.20,72.90,72.20,72.50,0.30,79558,5768915,82
2024-01-29,TWSE,6505,台塑化,73.90,75.40,73.90,75.10,1.10,2051692,153567069,1601
2024-01-29,TWSE,6515,穎崴,764.00,788.00,764.00,785.00,10.00,520043,404380742,978
2024-01-29,TWSE,6525,捷敏-KY,66.00,66.40,66.00,66.20,0.50,61266,4056454,67
2024-01-29,TWSE,6526,達發,575.00,575.00,559.00,568.00,-4.00,793379,449591573,9532
2024-01-29,TWSE,6531,愛普*,491.50,520.00,486.00,519.00,28.50,6455164,3275338050,7058
2024-01-29,TWSE,6533,晶心科,473.50,493.50,469.50,492.50,20.50,1643723,797861755,2161
2024-01-29,TWSE,6534,正瀚-創,82.20,82.50,82.00,82.50,0.30,45100,3704290,34
2024-01-29,TWSE,6541,泰福-KY,65.00,65.00,64.10,64.30,-0.90,235206,15139363,300
2024-01-29,TWSE,6550,北極星藥業-KY,70.70,70.90,70.00,70.60,0.10,1246629,87638768,883
2024-01-29,TWSE,6552,易華電,34.45,34.45,34.00,34.10,-0.30,38130,1301640,54
2024-01-29,TWSE,6558,興能高,25.55,25.65,25.35,25.55,0.00,46156,1178695,87
2024-01-29,TWSE,6573,虹揚-KY,13.85,13.85,13.60,13.85,0.00,28204,385699,26
2024-01-29,TWSE,6579,研揚,159.00,160.50,158.00,158.50,-0.50,216554,34498345,255
2024-01-29,TWSE,6581,鋼聯,89.50,89.50,89.10,89.10,-0.90,7000,624900,4
2024-01-29,TWSE,6582,申豐,52.70,53.40,52.70,53.10,-0.10,29015,1539290,44
2024-01-29,TWSE,6585,鼎基,131.00,135.50,131.00,135.50,4.50,588577,78970185,512
2024-01-29,TWSE,6591,動力-KY,48.90,49.40,48.90,49.20,0.15,37853,1862722,85
2024-01-29,TWSE,6592,和潤企業,120.50,121.50,120.00,121.50,1.00,397813,48138448,521
2024-01-29,TWSE,6592A,和潤企業甲特,96.70,96.90,96.70,96.80,0.00,6724,650757,14
2024-01-29,TWSE,6592B,和潤企業乙特,94.40,94.60,94.40,94.50,-0.10,12222,1154988,16
2024-01-29,TWSE,6598,ABC-KY,22.90,23.00,22.90,22.95,0.05,12260,281380,72
2024-01-29,TWSE,6605,帝寶,147.00,149.50,146.50,149.00,2.00,454843,67646249,926
2024-01-29,TWSE,6606,建德工業,23.45,23.50,23.45,23.45,-0.25,35057,823498,27
2024-01-29,TWSE,6625,必應,96.10,97.00,96.00,97.00,1.00,209222,20166680,241
2024-01-29,TWSE,6641,基士德-KY,44.40,44.75,44.40,44.75,0.40,6147,274082,11
2024-01-29,TWSE,6645,金萬林-創,37.35,37.40,36.70,37.20,0.05,128534,4767508,61
2024-01-29,TWSE,6655,科定,115.50,115.50,115.50,115.50,0.00,1000,115500,1
2024-01-29,TWSE,6657,華安,62.50,62.50,61.20,61.40,-1.00,140069,8644960,99
2024-01-29,TWSE,6658,聯策,44.50,44.75,44.15,44.15,-0.45,33131,1471879,25
2024-01-29,TWSE,6666,羅麗芬-KY,63.40,63.40,62.50,62.60,-0.20,15612,979010,73
2024-01-29,TWSE,6668,中揚光,48.00,50.40,47.80,49.05,1.35,1816291,89492768,1364
2024-01-29,TWSE,6669,緯穎,2100.00,2225.00,2095.00,2190.00,110.00,3519709,7680194320,5846
2024-01-29,TWSE,6670,復盛應用,222.00,225.00,222.00,225.00,4.00,338753,75964006,496
2024-01-29,TWSE,6671,三能-KY,40.30,40.45,40.10,40.45,0.15,17000,683100,13
2024-01-29,TWSE,6672,騰輝電子-KY,89.60,90.70,89.30,90.20,0.60,310571,27935494,396
2024-01-29,TWSE,6674,鋐寶科技,27.20,27.75,26.95,27.20,0.20,12013,326505,13
2024-01-29,TWSE,6689,伊雲谷,121.00,123.00,120.00,122.50,2.00,127919,15542273,174
2024-01-29,TWSE,6691,洋基工程,321.00,330.00,320.00,330.00,7.00,257462,84164014,481
2024-01-29,TWSE,6695,芯鼎,84.00,88.20,82.50,86.50,1.90,14445447,1243957872,10898
2024-01-29,TWSE,6698,旭暉應材,34.90,36.50,34.90,35.25,0.45,624797,22398959,507
2024-01-29,TWSE,6706,惠特,66.10,66.10,65.10,65.90,0.20,137676,9031041,191
2024-01-29,TWSE,6715,嘉基,154.00,159.50,154.00,159.00,4.50,363158,57310431,357
2024-01-29,TWSE,6719,力智,263.50,265.50,260.50,261.50,-1.50,1022148,268001543,1825
2024-01-29,TWSE,6742,澤米,59.70,59.70,58.40,58.50,-0.20,146660,8637197,215
2024-01-29,TWSE,6743,安普新,49.45,51.10,49.45,50.50,0.70,191146,9653352,121
2024-01-29,TWSE,6753,龍德造船,82.30,83.00,82.20,82.70,0.00,128039,10575651,193
2024-01-29,TWSE,6754,匯僑設計,58.20,58.20,56.90,57.50,0.10,85527,4901337,79
2024-01-29,TWSE,6756,威鋒電子,258.50,261.50,256.50,258.50,1.50,310298,80216101,476
2024-01-29,TWSE,6757,台灣虎航,32.35,32.55,32.20,32.25,-0.05,233600,7551598,101
2024-01-29,TWSE,6768,志強-KY,65.30,66.80,65.30,66.60,1.30,165060,10924936,125
2024-01-29,TWSE,6770,力積電,28.05,28.05,27.65,27.70,-0.25,9137263,253805933,3981
2024-01-29,TWSE,6776,展碁國際,57.80,58.20,57.60,57.60,-0.20,92677,5354258,142
2024-01-29,TWSE,6781,AES-KY,656.00,672.00,656.00,667.00,7.00,288701,193005558,460
2024-01-29,TWSE,6782,視陽,243.00,246.00,240.00,242.00,-1.50,189116,45806737,1319
2024-01-29,TWSE,6789,采鈺,275.00,289.00,275.00,288.00,14.00,3004161,857109297,3006
2024-01-29,TWSE,6790,永豐實,42.30,42.40,42.10,42.20,-0.10,127635,5388352,102
2024-01-29,TWSE,6792,詠業,83.00,83.30,82.70,83.10,0.20,46451,3854112,47
2024-01-29,TWSE,6796,晉弘,103.00,105.50,103.00,104.00,0.50,102282,10649642,106
2024-01-29,TWSE,6799,來頡,181.00,186.00,180.50,183.00,1.00,1259643,230176064,3171
2024-01-29,TWSE,6805,富世達,495.00,501.00,487.50,498.00,2.50,665545,329733239,946
2024-01-29,TWSE,6806,森崴能源,110.50,111.50,110.00,111.00,1.00,1109365,123032490,1071
2024-01-29,TWSE,6807,峰源-KY,34.50,35.45,34.50,35.45,0.00,40300,1410658,30
2024-01-29,TWSE,6830,汎銓,141.50,141.50,139.50,141.00,-0.50,202894,28530345,202
2024-01-29,TWSE,6834,天二科技,24.70,24.70,24.45,24.45,0.00,6155,151630,9
2024-01-29,TWSE,6835,圓裕,47.75,48.50,47.35,47.65,0.10,1051768,50293023,545
2024-01-29,TWSE,6854,錼創科技-KY創,91.40,94.00,91.40,92.00,0.60,32050,2953840,29
2024-01-29,TWSE,6861,睿生光電,81.60,82.20,81.60,81.60,-0.10,23123,1890769,53
2024-01-29,TWSE,6863,永道-KY,153.00,156.00,152.00,152.00,-1.00,249782,38322112,277
2024-01-29,TWSE,6869,雲豹能源,121.00,121.50,117.50,118.00,-3.00,307185,36675237,182
2024-01-29,TWSE,6873,泓德能源,157.50,158.00,153.50,156.00,-2.00,480627,74962812,310
2024-01-29,TWSE,6901,鑽石投資,44.00,44.35,43.60,43.60,-0.50,664882,29165524,590
2024-01-29,TWSE,6902,GOGOLOOK,173.00,173.00,168.50,168.50,0.00,5000,852000,5
2024-01-29,TWSE,6906,現觀科,210.00,230.50,210.00,227.00,16.00,808684,178274302,1442
2024-01-29,TWSE,6916,華凌,28.75,29.20,28.65,28.90,0.15,80248,2315890,50
2024-01-29,TWSE,6933,AMAX-KY,236.00,243.00,228.00,230.00,-6.00,465738,108523741,716
2024-01-29,TWSE,6937,天虹,201.50,203.00,199.00,202.00,3.50,113503,22795626,129
2024-01-29,TWSE,8011,台通,22.90,23.65,22.85,23.65,1.10,4840707,112613067,2600
2024-01-29,TWSE,8016,矽創,274.00,279.00,271.00,279.00,5.50,559115,154573366,692
2024-01-29,TWSE,8021,尖點,28.00,28.25,28.00,28.15,-0.10,204803,5751761,322
2024-01-29,TWSE,8028,昇陽半導體,51.00,51.60,50.80,51.50,0.40,546608,28063676,427
2024-01-29,TWSE,8033,雷虎,53.00,53.20,52.10,52.40,0.30,496546,26078738,549
2024-01-29,TWSE,8039,台虹,48.10,48.10,47.50,47.80,0.00,369852,17651376,375
2024-01-29,TWSE,8046,南電,225.00,229.00,224.50,228.00,3.00,2346619,534446986,2293
2024-01-29,TWSE,8070,長華*,34.60,34.75,34.40,34.60,0.00,427544,14777940,242
2024-01-29,TWSE,8072,陞泰,26.90,27.30,26.60,27.00,0.50,230771,6204205,257
2024-01-29,TWSE,8081,致新,243.00,244.50,242.00,243.50,-1.50,430064,104771502,539
2024-01-29,TWSE,8101,華冠,3.86,3.86,3.86,3.86,-0.03,6048,23681,34
2024-01-29,TWSE,8103,瀚荃,43.90,43.90,43.05,43.55,-0.45,367221,15919808,362
2024-01-29,TWSE,8104,錸寶,35.65,35.65,35.00,35.20,-0.45,121802,4293027,181
2024-01-29,TWSE,8105,凌巨,13.90,13.90,13.55,13.80,-0.05,2123898,29218215,864
2024-01-29,TWSE,8110,華東,16.30,16.50,15.90,16.20,0.00,7857105,127169937,2976
2024-01-29,TWSE,8112,至上,60.30,61.10,60.10,60.90,0.60,2449614,148689563,1770
2024-01-29,TWSE,8112A,至上甲特,42.10,42.10,42.05,42.10,0.00,13565,570997,9
2024-01-29,TWSE,8114,振樺電,118.00,120.50,118.00,118.50,0.50,67828,8094902,69
2024-01-29,TWSE,8131,福懋科,38.15,38.35,38.15,38.15,-0.15,127306,4866752,139
2024-01-29,TWSE,8150,南茂,42.95,42.95,41.80,42.25,-0.35,1144878,48293402,930
2024-01-29,TWSE,8163,達方,51.70,52.30,51.50,51.70,0.00,495423,25576154,468
2024-01-29,TWSE,8201,無敵,19.90,20.40,19.60,20.30,0.35,478023,9645818,328
2024-01-29,TWSE,8210,勤誠,281.00,291.50,280.50,286.50,0.00,6104245,1741849221,5763
2024-01-29,TWSE,8213,志超,41.10,41.40,40.95,41.30,0.20,231454,9551824,194
2024-01-29,TWSE,8215,明基材,36.10,36.65,35.40,35.45,-0.65,3483277,125305397,2546
2024-01-29,TWSE,8222,寶一,45.50,45.75,45.15,45.25,-0.15,600426,27202940,507
2024-01-29,TWSE,8249,菱光,29.10,29.25,29.10,29.15,0.05,36089,1053542,46
2024-01-29,TWSE,8261,富鼎,91.20,91.40,89.10,90.20,-0.30,772694,69668457,775
2024-01-29,TWSE,8271,宇瞻,56.50,57.20,56.50,57.20,0.40,126743,7225423,166
2024-01-29,TWSE,8341,日友,107.50,109.00,107.50,108.50,0.50,55069,5965461,191
2024-01-29,TWSE,8367,建新國際,44.00,44.25,43.80,44.25,-0.10,28103,1234382,28
2024-01-29,TWSE,8374,羅昇,27.75,27.75,27.75,27.75,-0.05,3695,102565,8
2024-01-29,TWSE,8404,百和興業-KY,18.20,18.25,18.10,18.15,-0.20,475163,8641336,363
2024-01-29,TWSE,8411,福貞-KY,14.40,14.45,14.35,14.40,-0.05,42955,618799,90
2024-01-29,TWSE,8422,可寧衛*,179.50,180.00,179.00,179.50,0.00,88250,15854557,167
2024-01-29,TWSE,8429,金麗-KY,10.85,10.85,10.65,10.75,0.00,222736,2388033,280
2024-01-29,TWSE,8438,昶昕,25.85,25.95,25.75,25.95,0.00,5000,129250,5
2024-01-29,TWSE,8442,威宏-KY,103.00,103.50,102.00,103.00,0.00,143105,14684261,106
2024-01-29,TWSE,8443,阿瘦,11.85,11.90,11.80,11.85,0.00,16048,190298,72
2024-01-29,TWSE,8454,富邦媒,450.00,452.00,448.00,449.50,-1.00,736121,331334038,1651
2024-01-29,TWSE,8462,柏文,116.50,116.50,114.00,115.00,-1.00,79227,9111613,162
2024-01-29,TWSE,8463,潤泰材,23.90,23.90,23.85,23.85,-0.05,17001,405673,11
2024-01-29,TWSE,8464,億豐,339.50,349.50,339.50,348.00,8.00,676352,234247434,554
2024-01-29,TWSE,8466,美吉吉-KY,45.90,46.90,45.45,46.90,0.20,57011,2623465,43
2024-01-29,TWSE,8467,波力-KY,173.00,177.00,168.50,171.00,-3.50,440495,75504478,472
2024-01-29,TWSE,8473,山林水,29.40,29.60,29.40,29.50,0.30,92474,2730568,77
2024-01-29,TWSE,8476,台境*,53.60,53.60,52.80,53.30,1.40,91644,4874136,85
2024-01-29,TWSE,8478,東哥遊艇,343.00,348.00,343.00,348.00,5.00,103674,35892812,421
2024-01-29,TWSE,8481,政伸,51.10,51.10,51.00,51.00,0.00,2200,112325,5
2024-01-29,TWSE,8482,商億-KY,,,,,0.00,20,1322,3
2024-01-29,TWSE,8488,吉源-KY,15.80,15.80,15.70,15.80,0.10,18262,287840,22
2024-01-29,TWSE,8499,鼎炫-KY,127.50,127.50,127.00,127.50,-0.50,32557,4142797,52
2024-01-29,TWSE,8926,台汽電,39.85,40.00,39.80,39.95,0.10,296622,11837915,319
2024-01-29,TWSE,8940,新天地,30.55,31.10,30.55,30.80,0.35,580964,17946510,370
2024-01-29,TWSE,8996,高力,224.00,235.00,223.50,232.50,8.50,3769723,874917993,3975
2024-01-29,TWSE,9103,美德醫療-DR,7.18,7.18,7.14,7.16,0.02,335400,2402470,91
2024-01-29,TWSE,910322,康師傅-DR,15.30,15.55,15.25,15.45,0.20,282911,4350090,467
2024-01-29,TWSE,9105,泰金寶-DR,3.88,4.00,3.73,3.79,0.00,27829380,107592665,5951
2024-01-29,TWSE,910861,神州-DR,4.34,4.34,4.20,4.32,0.06,97996,418323,51
2024-01-29,TWSE,9110,越南控-DR,7.41,7.41,7.21,7.40,-0.01,35000,254230,18
2024-01-29,TWSE,911608,明輝-DR,2.82,2.82,2.80,2.81,0.00,5000,14050,5
2024-01-29,TWSE,911622,泰聚亨-DR,5.05,5.06,5.05,5.06,0.01,14000,70790,5
2024-01-29,TWSE,911868,同方友友-DR,1.17,1.19,1.17,1.18,0.00,43001,50791,20
2024-01-29,TWSE,912000,晨訊科-DR,2.21,2.23,2.21,2.21,0.00,89334,198224,33
2024-01-29,TWSE,9136,巨騰-DR,6.59,6.64,6.54,6.60,0.04,194800,1285993,60
2024-01-29,TWSE,9802,鈺齊-KY,123.50,126.50,123.50,126.00,3.00,457385,57357939,465
2024-01-29,TWSE,9902,台火,12.90,13.05,12.90,12.90,-0.05,116298,1504849,86
2024-01-29,TWSE,9904,寶成,31.15,31.35,31.10,31.35,0.15,3349596,104808331,1454
2024-01-29,TWSE,9905,大華,23.90,24.05,23.85,23.90,-0.05,140960,3369443,108
2024-01-29,TWSE,9906,欣巴巴,61.00,61.60,60.00,61.30,0.60,282215,17217998,192
2024-01-29,TWSE,9907,統一實,15.10,15.40,15.10,15.30,0.15,1537931,23482267,726
2024-01-29,TWSE,9908,大台北,32.40,32.60,32.35,32.50,-0.05,62927,2041667,83
2024-01-29,TWSE,9910,豐泰,164.00,165.50,162.50,162.50,-2.00,631353,103364903,784
2024-01-29,TWSE,9911,櫻花,69.80,70.30,69.80,70.10,0.00,91582,6419370,175
2024-01-29,TWSE,9912,偉聯,11.90,11.90,11.50,11.80,0.10,136906,1598056,134
2024-01-29,TWSE,9914,美利達,170.00,175.50,170.00,175.00,5.00,726794,126397620,808
2024-01-29,TWSE,9917,中保科,117.00,117.50,116.50,117.00,-0.50,199142,23290706,402
2024-01-29,TWSE,9918,欣天然,40.25,40.30,40.25,40.30,0.25,3328,134464,10
2024-01-29,TWSE,9919,康那香,25.95,26.15,25.60,25.65,-0.20,2669679,68892578,1233
2024-01-29,TWSE,9921,巨大,180.00,181.50,180.00,181.50,2.50,875538,158387652,1126
2024-01-29,TWSE,9924,福興,48.80,49.10,48.80,49.05,0.25,139110,6813167,100
2024-01-29,TWSE,9925,新保,40.15,40.20,40.10,40.10,-0.05,174102,6985941,124
2024-01-29,TWSE,9926,新海,54.00,54.10,54.00,54.00,0.00,3678,198488,17
2024-01-29,TWSE,9927,泰銘,66.80,67.80,66.70,67.30,0.60,320423,21559817,265
2024-01-29,TWSE,9928,中視,18.05,18.45,18.05,18.35,0.10,119926,2190392,97
2024-01-29,TWSE,9929,秋雨,16.90,17.10,16.90,17.10,0.20,37208,634646,27
2024-01-29,TWSE,9930,中聯資源,55.90,56.20,55.70,55.90,-0.10,64767,3621914,97
2024-01-29,TWSE,9931,欣高,37.65,38.00,37.65,37.95,0.05,11006,417477,12
2024-01-29,TWSE,9933,中鼎,42.30,42.50,42.20,42.25,-0.05,632080,26756128,530
2024-01-29,TWSE,9934,成霖,15.40,15.55,15.35,15.45,0.05,500009,7710920,238
2024-01-29,TWSE,9935,慶豐富,20.70,20.85,20.50,20.70,0.00,122230,2534038,138
2024-01-29,TWSE,9937,全國,66.40,67.40,66.40,67.40,0.60,17454,1168223,44
2024-01-29,TWSE,9938,百和,53.40,54.20,53.40,54.00,0.60,435635,23479587,450
2024-01-29,TWSE,9939,宏全,131.50,138.00,131.50,137.50,6.00,1652411,224412204,1642
2024-01-29,TWSE,9940,信義,29.00,29.25,29.00,29.20,0.10,67604,1969370,132
2024-01-29,TWSE,9941,裕融,177.00,178.50,177.00,177.50,0.50,356907,63456325,938
2024-01-29,TWSE,9941A,裕融甲特,50.00,50.00,50.00,50.00,0.00,77291,3864550,28
2024-01-29,TWSE,9942,茂順,128.50,129.50,128.50,128.50,0.50,84754,10921767,140
2024-01-29,TWSE,9943,好樂迪,89.00,90.00,89.00,89.90,1.10,76362,6853193,163
2024-01-29,TWSE,9944,新麗,20.35,20.40,20.30,20.40,0.00,89097,1814073,141
2024-01-29,TWSE,9945,潤泰新,36.30,36.50,36.15,36.35,0.00,1827000,66378953,1997
2024-01-29,TWSE,9946,三發地產,21.25,22.00,21.25,22.00,0.75,969902,21090603,531
2024-01-29,TWSE,9955,佳龍,23.40,23.60,23.05,23.50,0.30,108589,2536620,89
2024-01-29,TWSE,9958,世紀鋼,219.00,228.00,216.50,225.00,5.50,6736369,1513365174,8434
2024-01-29,TPEx,006201,元大富櫃50,20.30,20.35,20.23,20.32,+0.11,126727,2573036,34
2024-01-29,TPEx,00679B,元大美債20年,29.45,29.45,29.36,29.41,-0.07,48859742,1436956313,14321
2024-01-29,TPEx,00687B,國泰20年美債,30.51,30.54,30.40,30.46,-0.12,67247311,2048411570,19476
2024-01-29,TPEx,00694B,富邦美債1-3,39.91,39.91,39.89,39.89,-0.02,105205,4196688,13
2024-01-29,TPEx,00695B,富邦美債7-10,34.64,34.64,34.51,34.54,-0.06,175882,6073371,31
2024-01-29,TPEx,00696B,富邦美債20年,31.08,31.12,30.96,31.02,-0.12,6106066,189351696,703
2024-01-29,TPEx,00697B,元大美債7-10,35.30,35.30,35.16,35.20,-0.12,604878,21306406,91
2024-01-29,TPEx,00718B,富邦中國政策債,20.00,20.00,19.98,19.98,-0.06,101865,2037103,11
2024-01-29,TPEx,00719B,元大美債1-3,30.81,30.81,30.75,30.76,-0.05,1258859,38735360,328
2024-01-29,TPEx,00720B,元大投資級公司債,35.17,35.19,35.09,35.13,-0.10,14478765,508789102,5070
2024-01-29,TPEx,00721B,元大中國債3-5,44.63,44.63,44.63,44.63,0.00,51836,2312605,30
2024-01-29,TPEx,00722B,群益投資級電信債,38.29,38.30,38.17,38.23,-0.06,5414563,206995578,805
2024-01-29,TPEx,00723B,群益投資級科技債,33.93,34.01,33.93,33.99,-0.05,111000,3771310,7
2024-01-29,TPEx,00724B,群益投資級金融債,34.39,34.39,34.26,34.33,-0.10,1851378,63552949,420
2024-01-29,TPEx,00725B,國泰投資級公司債,37.34,37.37,37.24,37.30,-0.08,5149588,192077498,1519
2024-01-29,TPEx,00726B,國泰5Y+新興債,33.27,33.29,33.24,33.27,+0.03,258820,8609401,77
2024-01-29,TPEx,00727B,國泰1-5Y非投等債,38.62,38.68,38.62,38.64,0.00,127092,4910972,17
2024-01-29,TPEx,00734B,台新JPM新興債,15.32,15.32,15.30,15.31,0.00,522944,8007990,46
2024-01-29,TPEx,00740B,富邦全球投等債,40.18,40.20,40.01,40.07,-0.13,8920486,357394389,394
2024-01-29,TPEx,00741B,富邦全球非投等債,37.15,37.24,37.15,37.20,-0.10,104428,3888654,10
2024-01-29,TPEx,00746B,富邦A級公司債,36.71,36.71,36.61,36.65,-0.13,3207931,117561122,74
2024-01-29,TPEx,00749B,凱基新興債10+,30.87,30.95,30.87,30.93,+0.02,585000,18062830,24
2024-01-29,TPEx,00750B,凱基科技債10+,35.20,35.20,35.20,35.20,-0.13,100000,3520000,10
2024-01-29,TPEx,00751B,元大AAA至A公司債,34.73,34.75,34.62,34.67,-0.10,12295799,426377029,3724
2024-01-29,TPEx,00754B,群益AAA-AA公司債,36.78,36.78,36.67,36.70,-0.08,125000,4587520,16
2024-01-29,TPEx,00755B,群益投資級公用債,34.35,34.35,34.26,34.31,-0.04,149977,5145388,85
2024-01-29,TPEx,00756B,群益投等新興公債,32.51,32.55,32.50,32.52,-0.04,381057,12391233,182
2024-01-29,TPEx,00758B,復華能源債,53.15,53.15,53.15,53.15,-0.10,100110,5320932,8
2024-01-29,TPEx,00759B,復華製藥債,57.25,57.25,57.15,57.15,-0.10,101040,5774632,5
2024-01-29,TPEx,00760B,復華新興企業債,53.05,53.05,53.00,53.05,-0.05,133847,7099796,59
2024-01-29,TPEx,00761B,國泰A級公司債,37.27,37.27,37.10,37.15,-0.09,581856,21619228,181
2024-01-29,TPEx,00764B,群益25年美債,30.45,30.45,30.31,30.37,-0.11,14919936,453052956,1625
2024-01-29,TPEx,00768B,復華20年美債,53.30,53.30,53.20,53.25,-0.20,3585502,191048218,60
2024-01-29,TPEx,00772B,中信高評級公司債,35.74,35.74,35.61,35.65,-0.09,5716708,203866371,2871
2024-01-29,TPEx,00773B,中信優先金融債,36.88,36.88,36.76,36.81,-0.11,1426092,52497116,654
2024-01-29,TPEx,00777B,凱基AAA至A公司債,35.17,35.17,35.17,35.17,-0.16,100084,3519971,6
2024-01-29,TPEx,00778B,凱基金融債20+,36.32,36.32,36.28,36.28,-0.06,104038,3774715,14
2024-01-29,TPEx,00779B,凱基美債25+,30.62,30.64,30.58,30.63,-0.05,581242,17776595,33
2024-01-29,TPEx,00780B,國泰A級金融債,36.30,36.31,36.28,36.31,-0.11,118386,4297722,24
2024-01-29,TPEx,00781B,國泰A級科技債,32.98,33.00,32.96,32.97,-0.11,200000,6595340,8
2024-01-29,TPEx,00782B,國泰A級公用債,32.45,32.48,32.44,32.48,-0.03,127934,4150494,15
2024-01-29,TPEx,00784B,富邦中國投等債,36.95,36.96,36.83,36.83,-0.12,151000,5580330,5
2024-01-29,TPEx,00785B,富邦金融投等債,35.50,35.50,35.50,35.50,-0.10,150000,5325000,4
2024-01-29,TPEx,00786B,元大10年IG銀行債,34.37,34.39,34.32,34.35,-0.05,103117,3543573,47
2024-01-29,TPEx,00787B,元大10年IG醫療債,34.68,34.68,34.62,34.65,-0.06,23184,803285,15
2024-01-29,TPEx,00788B,元大10年IG電能債,31.50,31.51,31.45,31.49,-0.05,74647,2350466,57
2024-01-29,TPEx,00789B,復華公司債A3,52.25,52.25,52.20,52.25,-0.25,435135,22731427,19
2024-01-29,TPEx,00790B,復華次順位金融債,53.95,53.95,53.95,53.95,-0.20,100000,5395000,2
2024-01-29,TPEx,00791B,復華信用債1-5,54.25,54.25,54.25,54.25,0.00,100000,5425000,10
2024-01-29,TPEx,00792B,群益A級公司債,33.98,34.00,33.98,33.99,-0.12,102249,3474850,73
2024-01-29,TPEx,00793B,群益AAA-A醫療債,32.95,32.96,32.94,32.94,-0.02,104240,3434693,8
2024-01-29,TPEx,00794B,群益7+中國政金債,39.47,39.47,39.44,39.44,-0.03,107050,4222632,8
2024-01-29,TPEx,00795B,中信美國公債20年,29.93,29.93,29.80,29.85,-0.13,8145995,243175018,2578
2024-01-29,TPEx,00799B,國泰A級醫療債,32.79,32.84,32.79,32.83,-0.01,120327,3947975,18
2024-01-29,TPEx,00831B,新光美債1-3,38.60,38.60,38.60,38.60,-0.05,2000,77200,2
2024-01-29,TPEx,00834B,第一金金融債10+,34.61,34.63,34.54,34.60,-0.10,534023,18474630,72
2024-01-29,TPEx,00836B,永豐10年A公司債,30.96,30.96,30.93,30.95,-0.05,162980,5040962,28
2024-01-29,TPEx,00840B,凱基IG精選15+,32.04,32.09,32.04,32.09,-0.07,101000,3236090,3
2024-01-29,TPEx,00841B,凱基AAA-AA公司債,31.72,31.72,31.72,31.72,-0.03,100000,3172000,4
2024-01-29,TPEx,00842B,台新美元銀行債,32.96,32.97,32.95,32.97,-0.08,104256,3437273,10
2024-01-29,TPEx,00844B,新光15年IG金融債,33.11,33.15,33.11,33.15,-0.05,201000,6661710,5
2024-01-29,TPEx,00845B,富邦新興投等債,32.20,32.20,32.20,32.20,-0.04,100010,3220322,3
2024-01-29,TPEx,00846B,富邦歐洲銀行債,34.61,34.61,34.57,34.57,-0.07,101000,3495570,5
2024-01-29,TPEx,00847B,中信美國市政債,27.34,27.35,27.30,27.32,-0.03,305300,8347831,14
2024-01-29,TPEx,00848B,中信新興亞洲債,34.05,34.09,34.05,34.08,+0.07,301000,10260050,7
2024-01-29,TPEx,00849B,中信EM主權債0-5,36.10,36.14,36.10,36.13,-0.04,304692,11008508,10
2024-01-29,TPEx,00853B,統一美債10年Aa-A,29.56,29.56,29.44,29.49,-0.07,1129163,33272947,177
2024-01-29,TPEx,00856B,永豐1-3年美公債,37.79,37.79,37.74,37.76,-0.04,111650,4213434,18
2024-01-29,TPEx,00857B,永豐20年美公債,25.38,25.38,25.27,25.32,-0.10,3485880,88255006,1115
2024-01-29,TPEx,00858,永豐美國500大,28.21,28.27,28.21,28.25,+0.04,238229,6731464,174
2024-01-29,TPEx,00859B,群益0-1年美債,40.83,40.83,40.72,40.72,-0.07,112007,4562734,8
2024-01-29,TPEx,00860B,群益1-5Y投資級債,37.92,37.92,37.80,37.84,-0.08,105333,3986657,14
2024-01-29,TPEx,00862B,中信投資級公司債,33.01,33.01,32.89,32.91,-0.08,482075,15867955,107
2024-01-29,TPEx,00863B,中信全球電信債,33.58,33.59,33.53,33.59,-0.03,303150,10182726,10
2024-01-29,TPEx,00864B,中信美國公債0-1,43.33,43.35,43.29,43.34,-0.02,2627000,113813420,93
2024-01-29,TPEx,00867B,新光A-BBB電信債,32.92,32.93,32.87,32.88,-0.04,341031,11212158,20
2024-01-29,TPEx,00870B,元大15年EM主權債,28.99,28.99,28.99,28.99,0.00,1000,28990,1
2024-01-29,TPEx,00877,復華中國5G,8.96,8.96,8.52,8.52,-0.44,10033163,86689946,2242
2024-01-29,TPEx,00883B,中信ESG投資級債,32.54,32.55,32.49,32.54,-0.05,338499,11013969,76
2024-01-29,TPEx,00884B,中信低碳新興債,29.83,29.83,29.79,29.80,-0.01,305300,9099398,16
2024-01-29,TPEx,00886,永豐美國科技,29.00,29.00,28.95,28.96,0.00,17275,500454,23
2024-01-29,TPEx,00887,永豐中國科技50大,10.52,10.52,10.11,10.22,-0.34,381059,3901254,281
2024-01-29,TPEx,00888,永豐台灣ESG,14.30,14.34,14.26,14.30,0.00,6968299,99670698,1593
2024-01-29,TPEx,00890B,凱基ESG BBB債15+,34.37,34.37,34.25,34.28,-0.08,783435,26865082,98
2024-01-29,TPEx,00928,中信上櫃ESG 30,15.97,16.03,15.94,16.03,+0.06,783255,12524099,314
2024-01-29,TPEx,00931B,統一美債20年,14.51,14.51,14.44,14.47,-0.06,18342634,265439161,3908
2024-01-29,TPEx,00933B,國泰10Y+金融債,16.77,16.78,16.72,16.75,-0.05,71398256,1195701069,6744
2024-01-29,TPEx,00937B,群益ESG投等債20+,15.71,15.72,15.68,15.69,-0.03,99792947,1566635876,21192
2024-01-29,TPEx,020001,富邦存股雙十N,9.79,9.80,9.79,9.80,+0.08,5000,48970,2
2024-01-29,TPEx,02001B,統一美國政府債N,8.18,8.18,8.18,8.18,-0.01,1000,8180,1
2024-01-29,TPEx,020023,元大櫃買半導體N,6.05,6.06,6.04,6.06,+0.02,15000,90810,8
2024-01-29,TPEx,020025,統一亞洲半導體N,8.87,8.87,8.84,8.85,-0.05,29000,256790,7
2024-01-29,TPEx,020026,兆豐上櫃ESG電菁N,,,,,,0,0,0
2024-01-29,TPEx,020027,元大上櫃ESG成長N,5.43,5.45,5.43,5.44,+0.01,354000,1928650,20
2024-01-29,TPEx,020033,統一恒生科期N,2.85,2.86,2.81,2.81,-0.05,113000,320200,10
2024-01-29,TPEx,020035,元大上櫃ESG高息N,6.82,6.85,6.82,6.84,+0.02,11000,75090,7
2024-01-29,TPEx,020040,元大上櫃ESG龍頭N,4.80,4.80,4.80,4.80,+0.02,6000,28800,2
2024-01-29,TPEx,020041,兆豐半導體氣候N,5.24,5.26,5.24,5.26,+0.04,3000,15760,2
2024-01-29,TPEx,1240,茂生農經,48.25,48.60,48.25,48.60,+0.60,113947,5516033,79
2024-01-29,TPEx,1259,安心,75.90,76.00,75.30,75.50,+0.10,23243,1760281,33
2024-01-29,TPEx,1264,德麥,297.50,297.50,294.00,294.00,+0.50,9512,2804217,164
2024-01-29,TPEx,1268,漢來美食,156.00,156.00,154.50,155.50,+1.50,42564,6599864,280
2024-01-29,TPEx,1336,台翰,21.25,21.50,21.20,21.35,+0.05,58163,1242722,52
2024-01-29,TPEx,1565,精華,195.00,195.00,193.50,194.50,-0.50,83026,16134624,354
2024-01-29,TPEx,1569,濱川,24.50,24.55,24.30,24.35,-0.35,218269,5322303,149
2024-01-29,TPEx,1570,力肯,22.75,23.00,22.70,22.90,+0.20,41030,937631,47
2024-01-29,TPEx,1580,新麥,148.00,148.00,147.50,148.00,0.00,30340,4489198,61
2024-01-29,TPEx,1584,精剛,34.05,34.40,34.05,34.25,+0.35,654416,22406967,498
2024-01-29,TPEx,1586,和勤,31.75,31.90,31.50,31.70,+0.35,65074,2062003,60
2024-01-29,TPEx,1591,駿吉-KY,48.35,49.50,48.35,49.50,+1.35,379187,18680825,233
2024-01-29,TPEx,1593,祺驊,50.00,50.30,50.00,50.00,0.00,23653,1183494,35
2024-01-29,TPEx,1595,川寶,36.60,36.60,36.35,36.50,-0.10,19048,696104,16
2024-01-29,TPEx,1599,宏佳騰,34.70,34.75,34.40,34.45,-0.20,54171,1869939,192
2024-01-29,TPEx,1742,台蠟,16.75,16.75,16.40,16.60,-0.15,78700,1303517,59
2024-01-29,TPEx,1777,生泰,83.50,84.50,83.50,84.10,+0.20,20223,1695254,25
2024-01-29,TPEx,1781,合世,15.40,15.50,15.20,15.20,-0.20,147487,2257083,97
2024-01-29,TPEx,1784,訊聯,59.20,59.20,58.60,58.60,-0.50,126650,7438614,250
2024-01-29,TPEx,1785,光洋科,40.90,40.95,39.95,40.05,-0.15,4290281,173484047,2639
2024-01-29,TPEx,1788,杏昌,133.50,138.00,133.50,136.00,+2.50,64761,8818999,124
2024-01-29,TPEx,1796,金穎生技,69.10,69.10,68.50,68.60,-0.40,42599,2928077,55
2024-01-29,TPEx,1799,易威,40.05,40.40,40.00,40.10,+0.10,51066,2051731,55
2024-01-29,TPEx,1813,寶利徠,20.00,20.00,19.85,19.90,0.00,42354,844312,282
2024-01-29,TPEx,1815,富喬,14.50,14.90,14.45,14.85,+0.45,3456574,51076695,1442
2024-01-29,TPEx,2035,唐榮,32.40,32.85,32.40,32.85,+0.15,9079,297028,32
2024-01-29,TPEx,2061,風青,15.75,15.80,15.50,15.80,-0.10,39142,614619,50
2024-01-29,TPEx,2063,世鎧,53.10,53.10,53.10,53.10,0.00,3402,180790,14
2024-01-29,TPEx,2064,晉椿,16.25,16.35,16.20,16.20,-0.10,22187,360087,26
2024-01-29,TPEx,2065,世豐,61.10,61.40,61.00,61.20,+0.10,78168,4784371,145
2024-01-29,TPEx,2066,世德,86.00,86.90,86.00,86.30,0.00,57077,4930059,57
2024-01-29,TPEx,2067,嘉鋼,12.90,12.90,12.90,12.90,+0.10,23000,296700,6
2024-01-29,TPEx,2070,精湛,33.75,33.85,33.65,33.70,-0.50,8140,274746,11
2024-01-29,TPEx,2073,雄順,29.95,29.95,29.95,29.95,-0.10,23001,688883,12
2024-01-29,TPEx,2221,大甲,35.80,36.15,35.80,36.05,+0.25,45288,1630900,24
2024-01-29,TPEx,2230,泰茂,159.00,166.00,159.00,164.00,+5.50,1030797,167618122,838
2024-01-29,TPEx,2235,謚源,45.50,46.40,45.40,45.40,+0.05,5134,234896,9
2024-01-29,TPEx,2596,綠意,31.05,31.15,30.95,31.05,+0.05,185868,5770232,135
2024-01-29,TPEx,2640,大車隊,107.00,108.00,106.50,108.00,+1.00,19182,2061275,59
2024-01-29,TPEx,2641,正德,19.90,20.05,19.85,20.05,+0.15,1893076,37812451,901
2024-01-29,TPEx,2643,捷迅,76.50,76.50,75.60,76.00,+0.10,37558,2848568,85
2024-01-29,TPEx,2718,晶悅,53.30,53.60,53.30,53.60,+0.30,30000,1604400,23
2024-01-29,TPEx,2719,燦星旅,62.00,62.00,59.60,59.60,+1.00,34860,2110060,45
2024-01-29,TPEx,2724,藝舍-KY,,,,,,0,0,0
2024-01-29,TPEx,2726,雅茗-KY,27.10,27.40,27.10,27.20,+0.10,8048,218724,22
2024-01-29,TPEx,2729,瓦城,239.00,243.50,239.00,239.50,+0.50,129043,31093591,1123
2024-01-29,TPEx,2732,六角,132.50,135.50,132.50,135.00,+2.50,304645,40897913,271
2024-01-29,TPEx,2734,易飛網,41.75,42.15,41.10,41.20,+0.50,73040,3031859,82
2024-01-29,TPEx,2736,富野,29.80,30.80,29.35,29.60,+0.35,2335843,69728434,1523
2024-01-29,TPEx,2740,天蔥,37.55,37.55,37.55,37.55,-0.05,1017,38247,18
2024-01-29,TPEx,2743,山富,128.00,130.50,125.00,126.00,+2.50,1014209,129259855,848
2024-01-29,TPEx,2745,五福,86.50,89.00,85.80,87.00,+2.30,363533,31594521,312
2024-01-29,TPEx,2752,豆府,271.00,272.00,271.00,272.00,0.00,3359,910987,36
2024-01-29,TPEx,2754,亞洲藏壽司,119.00,120.50,118.50,120.50,+1.50,71581,8569079,87
2024-01-29,TPEx,2755,揚秦,109.00,109.50,109.00,109.00,0.00,9760,1065614,45
2024-01-29,TPEx,2756,聯發國際,84.80,84.90,84.50,84.80,0.00,5575,472523,14
2024-01-29,TPEx,2916,滿心,51.80,51.80,50.70,51.00,-0.50,34413,1761463,56
2024-01-29,TPEx,2924,宏太-KY,,,,,,0,0,0
2024-01-29,TPEx,2926,誠品生活,64.60,64.60,64.60,64.60,+0.40,1151,74299,11
2024-01-29,TPEx,2937,集雅社,33.00,33.00,32.95,32.95,-0.05,2100,69250,15
2024-01-29,TPEx,2947,振宇五金,79.50,79.50,79.50,79.50,+0.30,3175,252998,27
2024-01-29,TPEx,2948,寶陞,63.90,63.90,63.30,63.70,-0.20,17631,1122003,33
2024-01-29,TPEx,2949,欣新網,108.00,108.00,104.50,104.50,-2.50,49390,5222692,84
2024-01-29,TPEx,3066,李洲,28.50,30.50,28.50,29.65,+0.65,4545933,135130277,2711
2024-01-29,TPEx,3067,全域,35.55,35.55,34.55,35.00,-2.00,15069,548727,26
2024-01-29,TPEx,3071,協禧,32.10,33.15,31.95,32.65,+0.40,234066,7627476,174
2024-01-29,TPEx,3073,天方能源,27.25,27.90,27.15,27.90,+0.65,26649,739429,23
2024-01-29,TPEx,3078,僑威,78.20,79.90,78.20,79.70,+1.60,1462846,116206751,1206
2024-01-29,TPEx,3081,聯亞,103.50,104.50,102.50,103.50,+0.50,484069,49991411,602
2024-01-29,TPEx,3083,網龍,44.70,44.70,43.80,44.10,-0.40,258189,11391757,228
2024-01-29,TPEx,3085,新零售,11.10,11.55,11.10,11.55,+0.05,11318,127021,15
2024-01-29,TPEx,3086,華義,147.00,148.00,137.50,138.00,-11.00,792841,112007439,931
2024-01-29,TPEx,3088,艾訊,83.20,84.30,83.20,84.10,+1.00,171738,14398332,178
2024-01-29,TPEx,3093,港建*,30.65,30.65,30.35,30.40,-0.25,97433,2971519,81
2024-01-29,TPEx,3095,及成,29.35,29.35,28.80,29.30,+0.30,5227,152375,36
2024-01-29,TPEx,3105,穩懋,155.00,158.00,154.00,155.50,+1.00,3255820,508492382,2942
2024-01-29,TPEx,3114,好德,28.20,28.25,27.80,28.00,-0.05,192250,5385436,189
2024-01-29,TPEx,3115,富榮綱,10.50,10.70,10.50,10.70,+0.20,8000,84200,3
2024-01-29,TPEx,3118,進階,30.00,30.05,29.90,30.00,0.00,36239,1086944,90
2024-01-29,TPEx,3122,笙泉,40.00,41.20,39.85,41.00,+0.60,320342,13057779,299
2024-01-29,TPEx,3128,昇銳,32.00,33.95,31.15,33.00,+2.05,6229496,202708084,3903
2024-01-29,TPEx,3131,弘塑,645.00,648.00,636.00,636.00,-13.00,472651,302764044,1978
2024-01-29,TPEx,3141,晶宏,91.90,92.90,91.30,92.40,+0.50,333110,30737712,367
2024-01-29,TPEx,3147,大綜,95.40,96.60,94.50,96.20,+0.40,206227,19653946,192
2024-01-29,TPEx,3152,璟德,214.50,220.50,214.50,218.00,+2.00,45769,9992499,73
2024-01-29,TPEx,3162,精確,43.55,44.75,43.30,44.40,+0.40,652680,28654562,548
2024-01-29,TPEx,3163,波若威,89.00,90.40,88.60,89.90,+1.30,1224783,109891998,980
2024-01-29,TPEx,3169,亞信,125.00,126.50,123.00,126.50,+1.50,281428,35203951,310
2024-01-29,TPEx,3171,新洲,21.45,21.50,21.25,21.35,+0.05,118526,2531540,95
2024-01-29,TPEx,3176,基亞,40.20,40.80,39.70,40.75,+0.55,251822,10110506,239
2024-01-29,TPEx,3178,公準,106.50,109.00,104.50,105.00,-1.00,941702,100153268,777
2024-01-29,TPEx,3188,鑫龍騰,18.50,18.60,18.40,18.55,+0.10,533153,9863630,262
2024-01-29,TPEx,3191,和進,10.45,10.45,10.45,10.45,0.00,324554,3391473,117
2024-01-29,TPEx,3202,樺晟,14.25,14.30,14.10,14.30,-0.05,171139,2428268,98
2024-01-29,TPEx,3205,佰研,45.25,45.30,44.90,45.00,-0.10,64184,2894965,69
2024-01-29,TPEx,3206,志豐,44.25,44.60,44.25,44.40,+0.05,53729,2387774,64
2024-01-29,TPEx,3207,耀勝,84.50,85.40,83.60,84.90,+0.50,569645,48243738,354
2024-01-29,TPEx,3211,順達,85.00,85.10,84.00,84.90,-0.70,965368,81620844,865
2024-01-29,TPEx,3213,茂訊,81.40,81.90,81.30,81.50,+0.10,206083,16805951,245
2024-01-29,TPEx,3217,優群,170.50,175.00,170.00,175.00,+4.50,1154132,199772375,1023
2024-01-29,TPEx,3218,大學光,290.50,295.00,286.50,288.00,-1.50,881350,255520048,1548
2024-01-29,TPEx,3219,倚強科,45.10,45.10,44.50,44.60,-0.50,29440,1314603,33
2024-01-29,TPEx,3221,台嘉碩,26.55,26.65,26.15,26.40,-0.10,170615,4490413,148
2024-01-29,TPEx,3224,三顧,39.00,39.45,38.80,39.45,+0.40,34152,1336284,36
2024-01-29,TPEx,3226,至寶電,60.00,60.00,59.50,59.50,-0.20,8000,479100,8
2024-01-29,TPEx,3227,原相,157.50,159.50,156.00,158.50,+1.00,1000993,158091476,948
2024-01-29,TPEx,3228,金麗科,430.00,445.00,428.50,445.00,+25.50,1359697,597798256,2378
2024-01-29,TPEx,3230,錦明,10.50,11.00,10.20,11.00,+1.00,1317785,14138085,441
2024-01-29,TPEx,3232,昱捷,26.00,27.50,25.55,26.30,+1.00,3266333,87129312,2039
2024-01-29,TPEx,3234,光環,26.55,26.95,26.20,26.85,+0.30,243817,6500923,177
2024-01-29,TPEx,3236,千如,22.30,22.30,22.10,22.15,-0.15,90287,2004719,130
2024-01-29,TPEx,3252,海灣,21.05,21.75,20.95,21.15,+0.30,234130,4968395,134
2024-01-29,TPEx,3259,鑫創,31.60,31.60,31.60,31.60,0.00,1456,45964,6
2024-01-29,TPEx,3260,威剛,94.50,96.80,94.00,96.80,+2.30,4124587,395446641,2912
2024-01-29,TPEx,3264,欣銓,73.50,74.40,73.40,74.40,+0.70,1906394,141128733,1440
2024-01-29,TPEx,3265,台星科,117.00,122.00,116.00,121.00,+3.00,4086536,489170533,3090
2024-01-29,TPEx,3268,海德威,24.80,25.60,24.80,25.40,+0.60,67173,1703000,106
2024-01-29,TPEx,3272,東碩,32.50,32.60,32.30,32.30,0.00,33408,1081866,42
2024-01-29,TPEx,3276,宇環,23.60,23.70,23.15,23.30,-0.25,581412,13617154,423
2024-01-29,TPEx,3284,太普高,19.20,20.10,19.15,19.80,+0.65,589629,11594962,291
2024-01-29,TPEx,3285,微端,26.00,26.30,25.95,26.30,+0.65,15716,409487,23
2024-01-29,TPEx,3287,廣寰科,42.15,42.50,40.90,41.70,+0.45,2239638,93533354,1418
2024-01-29,TPEx,3288,點晶,29.15,30.15,29.15,30.00,-0.10,41264,1227124,62
2024-01-29,TPEx,3289,宜特,94.70,97.70,94.60,97.50,+3.20,1047561,101566824,911
2024-01-29,TPEx,3290,東浦,25.15,25.35,25.10,25.20,0.00,206856,5211194,180
2024-01-29,TPEx,3293,鈊象,800.00,825.00,800.00,825.00,+26.00,717471,587246222,2130
2024-01-29,TPEx,3294,英濟,23.90,23.90,23.90,23.90,+2.15,1210456,28929880,549
2024-01-29,TPEx,3297,杭特,20.50,21.15,19.95,21.15,+1.90,2809438,58628933,1138
2024-01-29,TPEx,3303,岱稜,29.00,29.00,28.65,28.90,+0.10,59176,1706123,64
2024-01-29,TPEx,3306,鼎天,51.50,52.50,51.30,52.20,+0.70,405450,21106645,311
2024-01-29,TPEx,3310,佳穎,102.00,103.50,102.00,103.50,0.00,10494,1083233,99
2024-01-29,TPEx,3313,斐成,11.55,11.65,11.40,11.55,0.00,79827,922152,189
2024-01-29,TPEx,3317,尼克森,55.70,56.00,55.20,56.00,+0.40,212148,11808486,299
2024-01-29,TPEx,3322,建舜電,22.05,22.30,22.05,22.25,+0.20,497055,11013302,257
2024-01-29,TPEx,3323,加百裕,28.05,28.15,28.00,28.15,+0.10,81899,2298404,99
2024-01-29,TPEx,3324,雙鴻,356.00,379.50,356.00,374.00,+18.00,7276090,2714080679,5928
2024-01-29,TPEx,3325,旭品,35.75,36.80,35.60,36.80,+1.05,1039076,37788111,708
2024-01-29,TPEx,3332,幸康,43.25,45.00,43.20,44.10,-0.10,54051,2394403,29
2024-01-29,TPEx,3339,泰谷,22.50,22.50,21.00,22.00,-0.65,3067809,66036192,1646
2024-01-29,TPEx,3349,寶德,21.90,23.30,21.90,22.90,+0.10,65251,1471625,46
2024-01-29,TPEx,3354,律勝,25.50,25.60,24.00,24.60,-0.40,3811308,94321086,2378
2024-01-29,TPEx,3357,臺慶科,113.00,113.50,112.50,113.00,+1.00,142590,16097996,129
2024-01-29,TPEx,3360,尚立,17.70,19.20,17.30,18.50,+1.00,35434791,652003513,14983
2024-01-29,TPEx,3362,先進光,180.00,189.00,180.00,184.50,+4.50,3690399,682211048,3258
2024-01-29,TPEx,3363,上詮,69.60,74.00,69.60,73.40,+3.50,7623054,555998681,5012
2024-01-29,TPEx,3372,典範,14.35,14.40,14.25,14.30,+0.10,233439,3343524,169
2024-01-29,TPEx,3373,熱映,26.45,27.60,26.30,27.15,+0.75,262053,7090869,249
2024-01-29,TPEx,3374,精材,126.00,127.50,125.50,126.50,+0.50,1043964,132318153,798
2024-01-29,TPEx,3379,彬台,15.75,15.95,15.65,15.75,+0.05,36249,569254,53
2024-01-29,TPEx,3388,崇越電,69.70,69.90,69.70,69.90,+0.10,15243,1067812,48
2024-01-29,TPEx,3390,旭軟,26.65,27.10,26.35,26.85,+0.10,818773,21950337,503
2024-01-29,TPEx,3402,漢科,79.70,79.70,75.50,77.60,-1.60,2456533,190128394,2700
2024-01-29,TPEx,3426,台興,39.00,39.00,39.00,39.00,-0.10,4000,156000,4
2024-01-29,TPEx,3430,奇鈦科,47.20,47.20,47.05,47.10,-0.10,41061,1936638,88
2024-01-29,TPEx,3434,哲固,33.00,33.95,32.45,33.95,+3.05,3633706,121873222,1887
2024-01-29,TPEx,3438,類比科,77.50,78.80,76.20,78.00,+0.90,1665291,128687659,1545
2024-01-29,TPEx,3441,聯一光,37.50,37.50,37.10,37.15,+0.15,41965,1564266,56
2024-01-29,TPEx,3444,利機,95.50,96.60,94.90,95.40,0.00,264927,25364277,361
2024-01-29,TPEx,3455,由田,74.50,76.20,74.50,76.20,+1.80,337265,25551205,285
2024-01-29,TPEx,3465,進泰電子,79.90,79.90,79.60,79.60,0.00,16026,1278867,13
2024-01-29,TPEx,3466,德晉,23.60,23.80,23.35,23.35,-0.35,46460,1092230,55
2024-01-29,TPEx,3479,安勤,119.00,120.00,117.50,119.00,0.00,848900,100772297,757
2024-01-29,TPEx,3483,力致,156.50,163.00,155.50,161.50,+5.00,3806246,610387309,3016
2024-01-29,TPEx,3484,崧騰,44.15,44.15,43.80,43.90,-0.30,47094,2070318,199
2024-01-29,TPEx,3489,森寶,19.10,19.50,18.90,19.50,+0.30,490001,9400981,254
2024-01-29,TPEx,3490,單井,28.65,29.75,27.60,27.60,-1.30,1957952,55543135,1230
2024-01-29,TPEx,3491,昇達科,160.00,160.00,157.50,159.00,+1.00,303146,48091433,311
2024-01-29,TPEx,3492,長盛,20.00,20.60,20.00,20.15,+0.20,303010,6132804,174
2024-01-29,TPEx,3498,陽程,31.30,32.05,31.00,31.85,+0.50,197000,6248407,259
2024-01-29,TPEx,3499,環天科,23.45,23.45,22.55,22.75,-0.35,717314,16346745,499
2024-01-29,TPEx,3508,位速,27.20,27.35,27.20,27.20,0.00,98406,2679645,110
2024-01-29,TPEx,3511,矽瑪,27.25,27.70,27.20,27.30,-0.10,45304,1237283,46
2024-01-29,TPEx,3512,皇龍,32.80,33.10,32.65,32.75,0.00,90286,2962728,56
2024-01-29,TPEx,3516,亞帝歐,18.30,18.80,18.30,18.55,+0.25,49699,917897,42
2024-01-29,TPEx,3520,華盈,20.25,20.35,19.50,19.65,-0.70,2086219,41181447,1298
2024-01-29,TPEx,3521,鴻翊,23.20,23.35,22.85,22.85,-0.35,850843,19618341,375
2024-01-29,TPEx,3522,御頂,18.95,19.05,18.85,19.00,0.00,259972,4926200,198
2024-01-29,TPEx,3523,迎輝,17.70,18.00,17.30,18.00,+0.35,42409,753399,34
2024-01-29,TPEx,3526,凡甲,191.50,193.50,188.50,192.50,+1.50,363388,69415363,846
2024-01-29,TPEx,3527,聚積,101.50,103.50,101.50,103.00,+1.50,53117,5462392,80
2024-01-29,TPEx,3529,力旺,2695.00,2695.00,2590.00,2605.00,-55.00,342894,900541445,747
2024-01-29,TPEx,3531,先益,30.85,31.35,30.50,31.35,+0.50,51118,1578738,41
2024-01-29,TPEx,3537,堡達,39.00,39.90,39.00,39.20,+0.05,54043,2116510,97
2024-01-29,TPEx,3540,曜越,41.65,42.15,41.55,42.00,+0.45,155904,6524544,208
2024-01-29,TPEx,3541,西柏,38.20,38.55,38.00,38.45,+0.15,68196,2601573,82
2024-01-29,TPEx,3546,宇峻,77.40,77.40,76.60,76.90,-0.10,76260,5865925,122
2024-01-29,TPEx,3548,兆利,202.50,212.50,199.50,207.50,+4.00,4952399,1025064154,3895
2024-01-29,TPEx,3551,世禾,92.00,92.40,88.80,89.40,-0.60,252884,22913037,420
2024-01-29,TPEx,3552,同致,130.50,133.00,130.00,133.00,+2.50,160486,21233706,231
2024-01-29,TPEx,3555,博士旺,34.70,34.70,34.00,34.65,+0.75,11356,388725,34
2024-01-29,TPEx,3556,禾瑞亞,58.90,59.10,58.90,59.00,+0.10,58032,3424680,144
2024-01-29,TPEx,3558,神準,251.00,251.00,244.00,247.00,-1.00,894106,220084332,2916
2024-01-29,TPEx,3564,其陽,47.20,48.40,47.20,47.75,+0.45,48564,2322252,56
2024-01-29,TPEx,3567,逸昌,41.00,41.25,40.85,40.90,+0.30,70562,2892630,100
2024-01-29,TPEx,3570,大塚,155.50,157.00,153.50,157.00,+1.50,75706,11786559,135
2024-01-29,TPEx,3577,泓格,77.50,77.50,77.00,77.20,0.00,7944,613244,105
2024-01-29,TPEx,3580,友威科,55.90,58.30,55.90,58.20,+2.40,1639018,94433752,1258
2024-01-29,TPEx,3581,博磊,28.55,28.90,28.10,28.55,-0.05,659712,18788169,471
2024-01-29,TPEx,3587,閎康,251.00,258.50,248.00,258.50,+10.50,1791542,457573461,2327
2024-01-29,TPEx,3594,磐儀,42.20,43.60,41.40,43.35,+1.15,166023,7089807,154
2024-01-29,TPEx,3597,映興,22.35,22.65,22.10,22.40,+0.05,45055,1006656,40
2024-01-29,TPEx,3609,三一東林,33.20,33.20,32.80,32.80,-0.50,15149,499153,16
2024-01-29,TPEx,3611,鼎翰,231.50,231.50,230.00,231.00,+1.00,22438,5170146,45
2024-01-29,TPEx,3615,安可,31.05,31.50,30.00,31.25,+0.30,14408504,445489406,6132
2024-01-29,TPEx,3623,富晶通,44.25,45.80,42.80,45.20,+0.90,5765579,254753043,3849
2024-01-29,TPEx,3624,光頡,51.70,53.00,51.70,52.40,+0.40,243571,12730473,201
2024-01-29,TPEx,3625,西勝,15.80,15.95,15.60,15.75,-0.05,125031,1971983,154
2024-01-29,TPEx,3628,盈正,43.45,43.90,43.40,43.80,+0.35,46888,2039855,69
2024-01-29,TPEx,3629,地心引力,27.70,27.70,25.00,25.00,-1.00,17007,431691,16
2024-01-29,TPEx,3630,新鉅科,33.10,33.60,33.10,33.50,+0.40,178863,5974453,164
2024-01-29,TPEx,3631,晟楠,30.95,31.30,30.95,31.25,+0.25,53000,1645350,29
2024-01-29,TPEx,3632,研勤,13.50,13.50,13.50,13.50,0.00,7246,98351,69
2024-01-29,TPEx,3646,艾恩特,30.40,30.95,30.20,30.80,+0.60,231000,7069007,197
2024-01-29,TPEx,3663,鑫科,37.00,37.15,37.00,37.10,+0.10,132295,4902273,208
2024-01-29,TPEx,3664,安瑞-KY,25.00,25.00,24.40,24.95,-0.35,143037,3556288,130
2024-01-29,TPEx,3666,光耀,25.20,25.45,24.90,25.15,+0.05,146141,3666797,114
2024-01-29,TPEx,3672,康聯訊,25.60,25.60,24.55,24.70,-1.30,310366,7747591,240
2024-01-29,TPEx,3675,德微,252.00,255.50,252.00,254.50,0.00,140352,35623004,184
2024-01-29,TPEx,3680,家登,387.00,398.00,381.50,395.50,+9.00,1462206,574779654,2278
2024-01-29,TPEx,3684,榮昌,46.50,46.60,46.50,46.50,0.00,9339,435355,76
2024-01-29,TPEx,3685,元創精密,20.65,20.65,20.45,20.45,-0.20,17001,348870,16
2024-01-29,TPEx,3687,歐買尬,111.50,112.50,103.00,107.50,0.00,3621117,385750243,3163
2024-01-29,TPEx,3689,湧德,56.70,57.20,56.40,57.20,+0.50,370708,21122131,258
2024-01-29,TPEx,3691,碩禾,97.30,101.50,97.10,100.50,+3.20,283832,28211447,264
2024-01-29,TPEx,3693,營邦,433.00,435.50,427.50,433.00,+1.00,773672,333642248,1021
2024-01-29,TPEx,3707,漢磊,64.40,65.20,64.00,64.40,0.00,472039,30480346,479
2024-01-29,TPEx,3709,鑫聯大投控,25.95,26.75,25.95,26.70,+0.80,96329,2554661,83
2024-01-29,TPEx,3710,連展投控,10.30,10.60,10.30,10.60,+0.30,1162160,12195837,420
2024-01-29,TPEx,3713,新晶投控,25.20,25.55,24.50,25.35,+0.15,18090,452382,15
2024-01-29,TPEx,4102,永日,37.65,38.25,37.65,38.15,+0.50,224561,8512478,314
2024-01-29,TPEx,4105,東洋,77.10,78.00,77.10,77.90,-0.20,497843,38633772,510
2024-01-29,TPEx,4107,邦特,113.00,114.00,113.00,113.00,0.00,154964,17567189,119
2024-01-29,TPEx,4109,加捷生醫,19.75,20.80,19.60,20.20,+0.55,2714931,55024176,1451
2024-01-29,TPEx,4111,濟生,26.15,26.15,25.75,26.05,+0.15,29767,771583,50
2024-01-29,TPEx,4113,聯上,31.50,32.70,31.30,32.55,+1.25,2630947,84813794,831
2024-01-29,TPEx,4114,健喬,37.80,37.90,37.65,37.80,+0.05,565173,21342969,561
2024-01-29,TPEx,4116,明基醫,60.90,61.50,60.90,61.20,+0.10,62629,3831713,66
2024-01-29,TPEx,4120,友華,37.90,38.20,37.90,38.15,+0.25,11932,454738,84
2024-01-29,TPEx,4121,優盛,23.95,24.05,23.85,23.90,+0.10,103740,2482952,129
2024-01-29,TPEx,4123,晟德,46.50,46.75,46.10,46.35,+0.15,1444048,67070926,1594
2024-01-29,TPEx,4126,太醫,85.80,86.30,85.30,85.90,+0.40,361424,31041990,113
2024-01-29,TPEx,4127,天良,14.05,14.35,14.05,14.10,+0.05,35018,496507,35
2024-01-29,TPEx,4128,中天,48.05,48.50,47.65,47.65,-0.75,1010336,48318963,935
2024-01-29,TPEx,4129,聯合,101.00,101.50,98.40,100.50,0.00,1463790,146652097,1225
2024-01-29,TPEx,4130,健亞,25.45,25.55,25.40,25.40,-0.05,122014,3105436,155
2024-01-29,TPEx,4131,浩泰,,,,,,511,12775,4
2024-01-29,TPEx,4138,曜亞,100.50,100.50,99.20,99.80,+0.10,48460,4834232,91
2024-01-29,TPEx,4139,馬光-KY,38.15,38.80,37.80,38.50,+0.40,74010,2834731,66
2024-01-29,TPEx,4147,中裕,86.90,87.90,86.80,87.00,0.00,422489,36842184,337
2024-01-29,TPEx,4153,鈺緯,35.60,36.00,35.60,35.65,+0.35,11971,427053,22
2024-01-29,TPEx,4154,樂威科-KY,14.50,14.80,14.50,14.60,+0.10,19000,278300,12
2024-01-29,TPEx,4157,太景*-KY,15.05,15.15,15.00,15.00,-0.05,564473,8497627,365
2024-01-29,TPEx,4160,訊聯基因,41.60,41.60,41.45,41.50,-0.10,25045,1039383,113
2024-01-29,TPEx,4161,聿新科,31.95,34.90,31.95,34.90,+3.15,964797,32976867,636
2024-01-29,TPEx,4162,智擎,109.00,110.00,105.50,106.00,-2.50,3801046,407077346,3283
2024-01-29,TPEx,4163,鐿鈦,125.00,126.00,122.50,123.00,-1.50,119948,14853325,117
2024-01-29,TPEx,4167,松瑞藥,20.15,20.40,20.10,20.35,+0.30,1464029,29636785,762
2024-01-29,TPEx,4168,醣聯,27.55,27.80,27.00,27.10,-0.15,361566,9845983,268
2024-01-29,TPEx,4171,瑞基,37.15,37.40,37.15,37.35,+0.25,66793,2491697,120
2024-01-29,TPEx,4173,久裕,21.50,21.65,21.50,21.65,+0.20,85816,1852887,64
2024-01-29,TPEx,4174,浩鼎,67.70,68.40,67.40,67.70,0.00,218149,14809568,203
2024-01-29,TPEx,4175,杏一,88.10,89.00,87.70,87.80,-0.30,22192,1955980,46
2024-01-29,TPEx,4183,福永生技,22.60,23.30,22.50,22.60,0.00,54250,1228961,35
2024-01-29,TPEx,4188,安克,32.60,33.15,31.65,32.75,+0.15,564720,18262492,568
2024-01-29,TPEx,4192,杏國,36.70,36.70,36.65,36.65,+0.05,3000,110050,3
2024-01-29,TPEx,4198,欣大健康,26.40,26.50,26.10,26.50,+0.10,18052,475622,17
2024-01-29,TPEx,4205,中華食,99.30,99.30,99.00,99.00,-0.50,13746,1363196,127
2024-01-29,TPEx,4207,環泰,16.50,16.60,16.40,16.50,-0.05,76900,1265787,91
2024-01-29,TPEx,4303,信立,21.00,22.40,21.00,22.20,+1.20,578701,12611425,304
2024-01-29,TPEx,4304,勝昱,8.17,8.17,7.80,8.03,+0.29,26335,213155,27
2024-01-29,TPEx,4305,世坤,38.90,38.90,38.90,38.90,+0.05,2012,78265,4
2024-01-29,TPEx,4401,東隆興,23.00,23.00,22.05,22.30,+0.10,211590,4742939,175
2024-01-29,TPEx,4402,福大,15.05,16.05,14.55,15.90,+0.65,676724,10588192,412
2024-01-29,TPEx,4406,新昕纖,9.95,10.00,9.95,10.00,+0.05,22005,219408,12
2024-01-29,TPEx,4413,飛寶企業,20.35,20.80,20.00,20.00,-0.50,234418,4785667,193
2024-01-29,TPEx,4416,三圓,96.80,96.80,96.80,96.80,-0.10,1207,116672,6
2024-01-29,TPEx,4417,金洲,38.95,39.05,38.90,38.90,-0.05,29659,1156031,37
2024-01-29,TPEx,4419,元勝,38.15,38.15,38.15,38.15,+0.20,13321,508124,32
2024-01-29,TPEx,4420,光明,52.00,52.40,51.00,51.30,-0.30,120613,6220908,123
2024-01-29,TPEx,4430,耀億,21.25,21.30,21.25,21.30,-0.10,5690,121750,105
2024-01-29,TPEx,4432,銘旺實,24.85,24.85,24.60,24.75,-0.10,24067,594299,28
2024-01-29,TPEx,4433,興采,31.00,31.00,30.70,30.80,-0.20,30709,948567,43
2024-01-29,TPEx,4442,竣邦-KY,24.50,24.85,24.50,24.50,0.00,16251,399585,14
2024-01-29,TPEx,4502,健信,36.40,36.60,36.40,36.60,0.00,17152,625794,14
2024-01-29,TPEx,4503,金雨,51.80,51.80,51.30,51.70,+0.50,44455,2289723,38
2024-01-29,TPEx,4506,崇友,82.90,82.90,82.10,82.60,+0.30,52806,4358296,126
2024-01-29,TPEx,4510,高鋒,15.45,15.45,15.05,15.15,-0.05,148188,2244797,112
2024-01-29,TPEx,4513,福裕,18.70,18.80,18.60,18.75,+0.05,76039,1420531,76
2024-01-29,TPEx,4523,永彰,36.70,39.30,36.70,37.90,+1.20,71132,2699795,100
2024-01-29,TPEx,4527,方土霖,38.30,38.95,38.25,38.40,+0.15,88664,3421011,66
2024-01-29,TPEx,4528,江興鍛,30.55,30.55,30.30,30.50,-0.15,173151,5281025,493
2024-01-29,TPEx,4529,淳紳,15.00,16.30,14.90,16.30,+1.45,1721052,27281259,875
2024-01-29,TPEx,4530,宏易,7.23,7.31,6.85,7.31,+0.66,286426,2064286,130
2024-01-29,TPEx,4533,協易機,23.75,24.25,23.70,24.20,+0.45,500109,12035001,314
2024-01-29,TPEx,4534,慶騰,9.85,9.88,9.74,9.88,-0.02,42682,417869,133
2024-01-29,TPEx,4535,至興,34.10,34.30,33.90,34.30,+0.15,71384,2430109,36
2024-01-29,TPEx,4538,大詠城,18.00,18.20,18.00,18.20,+0.20,25306,457664,19
2024-01-29,TPEx,4541,晟田,29.80,30.30,29.80,30.25,+0.55,72293,2173672,90
2024-01-29,TPEx,4542,科嶠,52.30,57.00,52.30,57.00,+5.10,593783,33297803,460
2024-01-29,TPEx,4543,萬在,42.60,46.50,42.60,46.10,+3.50,1602366,72265527,1049
2024-01-29,TPEx,4549,桓達,93.40,93.90,93.40,93.60,0.00,8319,779710,132
2024-01-29,TPEx,4550,長佳,39.50,39.50,38.20,38.20,-0.50,370632,14348036,327
2024-01-29,TPEx,4554,橙的,28.90,29.20,28.90,28.95,+0.05,6181,179016,9
2024-01-29,TPEx,4556,旭然,28.90,28.90,28.85,28.85,+0.20,7000,202000,5
2024-01-29,TPEx,4558,寶緯,,,,,,30,768,3
2024-01-29,TPEx,4561,健椿,32.00,32.00,31.60,32.00,+0.20,107716,3426516,125
2024-01-29,TPEx,4563,百德,49.00,49.00,48.35,48.45,-0.55,137580,6678654,133
2024-01-29,TPEx,4568,科際精密,55.20,55.20,55.20,55.20,+0.30,1009,55695,2
2024-01-29,TPEx,4577,達航科技,22.30,22.50,22.30,22.35,+0.10,22000,493250,16
2024-01-29,TPEx,4580,捷流閥業,91.10,91.30,90.90,91.10,-0.20,42578,3876416,38
2024-01-29,TPEx,4584,君帆,51.10,51.80,51.10,51.80,+0.20,8000,411300,7
2024-01-29,TPEx,4609,唐鋒,6.54,6.75,6.49,6.49,-0.05,7000,45740,3
2024-01-29,TPEx,4702,中美實,13.55,13.90,13.50,13.80,+0.30,108001,1482134,173
2024-01-29,TPEx,4706,大恭,30.80,31.00,29.85,30.20,-0.60,139355,4246736,118
2024-01-29,TPEx,4707,磐亞,12.70,12.70,12.65,12.65,0.00,157792,1998722,133
2024-01-29,TPEx,4711,永純,16.40,16.45,16.35,16.45,+0.10,26160,428948,179
2024-01-29,TPEx,4712,南璋,3.25,3.25,3.16,3.16,-0.13,62268,199475,56
2024-01-29,TPEx,4714,永捷,13.70,13.75,13.50,13.60,+0.05,800032,10872449,327
2024-01-29,TPEx,4716,大立,12.90,12.95,12.80,12.90,+0.05,214357,2768791,323
2024-01-29,TPEx,4721,美琪瑪,80.00,80.70,79.70,80.70,+0.70,98460,7886576,167
2024-01-29,TPEx,4726,永昕,38.60,38.65,38.20,38.25,-0.05,281285,10797110,247
2024-01-29,TPEx,4728,雙美,205.00,212.00,203.50,204.00,+2.50,76432,15924543,76
2024-01-29,TPEx,4729,熒茂,18.25,20.10,18.15,20.10,+1.80,4422168,87997510,1953
2024-01-29,TPEx,4735,豪展,40.05,40.65,40.05,40.55,+0.50,43528,1761910,87
2024-01-29,TPEx,4741,泓瀚,36.50,36.50,36.35,36.35,+0.05,7000,255050,7
2024-01-29,TPEx,4743,合一,176.00,176.00,174.00,175.50,-1.00,940722,164508249,1135
2024-01-29,TPEx,4744,皇將,26.85,27.10,26.85,26.90,+0.05,145281,3912321,132
2024-01-29,TPEx,4745,合富-KY,25.25,25.30,25.10,25.15,-0.10,44100,1110509,22
2024-01-29,TPEx,4747,強生,90.40,90.40,88.00,89.00,+0.80,325642,29148386,206
2024-01-29,TPEx,4754,國碳科,42.00,42.10,42.00,42.10,+0.40,22623,950688,28
2024-01-29,TPEx,4760,勤凱,68.00,68.10,67.70,67.70,-0.10,58081,3939740,58
2024-01-29,TPEx,4767,誠泰科技,27.70,27.90,27.65,27.90,+0.10,6000,166250,4
2024-01-29,TPEx,4768,晶呈科技,179.00,182.00,178.00,181.00,+2.00,235599,42237757,442
2024-01-29,TPEx,4804,大略-KY,4.39,4.75,4.39,4.75,+0.43,311742,1464603,103
2024-01-29,TPEx,4806,昇華,13.30,13.30,13.00,13.00,+0.35,14341,193221,102
2024-01-29,TPEx,4903,聯光通,17.15,17.15,16.90,17.15,0.00,91549,1559602,139
2024-01-29,TPEx,4905,台聯電,75.00,75.00,74.60,74.60,-0.10,6000,449000,6
2024-01-29,TPEx,4907,富宇,48.65,49.00,48.50,49.00,+0.65,85584,4181638,56
2024-01-29,TPEx,4908,前鼎,89.90,97.90,88.20,97.90,+8.90,20044881,1921743920,11729
2024-01-29,TPEx,4909,新復興,47.90,48.25,46.30,47.90,+0.60,12277395,578390101,6495
2024-01-29,TPEx,4911,德英,57.60,57.60,57.10,57.60,0.00,23000,1320400,22
2024-01-29,TPEx,4923,力士,48.00,48.30,48.00,48.25,-0.30,20813,1003788,272
2024-01-29,TPEx,4924,欣厚-KY,14.75,14.75,14.75,14.75,+0.05,3100,45720,3
2024-01-29,TPEx,4931,新盛力,29.40,30.30,29.40,30.25,+0.90,359834,10832132,258
2024-01-29,TPEx,4933,友輝,58.30,60.50,58.20,59.60,+1.50,1038865,61952768,897
2024-01-29,TPEx,4939,亞電,21.25,21.60,21.20,21.40,+0.10,683758,14611493,388
2024-01-29,TPEx,4945,陞達科技,82.90,84.70,82.90,83.50,+0.10,188153,15738708,160
2024-01-29,TPEx,4946,辣椒,54.70,54.70,53.10,53.10,-0.10,12483,667702,44
2024-01-29,TPEx,4951,精拓科,68.30,69.10,67.90,68.70,+0.30,36272,2485762,32
2024-01-29,TPEx,4953,緯軟,138.00,140.50,137.00,140.50,+2.50,895019,124216229,887
2024-01-29,TPEx,4966,譜瑞-KY,1120.00,1135.00,1110.00,1125.00,+15.00,623949,701660830,776
2024-01-29,TPEx,4971,IET-KY,58.80,58.80,57.40,57.70,-0.70,22073,1278806,39
2024-01-29,TPEx,4972,湯石照明,28.95,28.95,28.85,28.85,+0.15,25453,735106,71
2024-01-29,TPEx,4973,廣穎,35.00,35.35,34.85,35.00,-0.10,271254,9489370,238
2024-01-29,TPEx,4974,亞泰,66.00,66.00,65.50,65.70,-0.10,53101,3489063,105
2024-01-29,TPEx,4979,華星光,141.00,143.00,139.00,141.50,+1.50,2894612,409530683,2434
2024-01-29,TPEx,4987,科誠,59.40,59.80,59.30,59.80,+0.10,9001,535759,10
2024-01-29,TPEx,4991,環宇-KY,30.40,31.00,30.40,30.55,-0.05,31505,963155,32
2024-01-29,TPEx,4995,晶達,47.10,47.20,47.00,47.15,-0.20,18053,849609,16
2024-01-29,TPEx,5009,榮剛,46.85,47.60,46.80,47.50,+0.75,2626701,124458452,1566
2024-01-29,TPEx,5011,久陽,24.35,24.45,24.20,24.35,+0.10,244293,5946225,150
2024-01-29,TPEx,5013,強新,34.60,35.20,34.50,34.80,+0.20,74356,2568037,12
2024-01-29,TPEx,5014,建錩,13.70,13.80,13.65,13.80,0.00,88546,1215963,88
2024-01-29,TPEx,5015,華祺,44.10,45.00,44.00,44.35,+0.30,26705,1182749,46
2024-01-29,TPEx,5016,松和,28.10,28.25,28.10,28.15,+0.05,12163,343178,15
2024-01-29,TPEx,5201,凱衛,31.40,31.50,31.20,31.40,0.00,11022,346394,14
2024-01-29,TPEx,5202,力新,16.40,16.80,16.40,16.75,+0.20,175020,2912621,111
2024-01-29,TPEx,5205,中茂,27.55,27.65,27.55,27.65,-0.55,2001,55227,3
2024-01-29,TPEx,5206,坤悅,30.35,30.35,29.75,29.80,-0.05,212798,6378817,107
2024-01-29,TPEx,5209,新鼎,174.50,176.00,174.00,175.00,0.00,28629,5014105,69
2024-01-29,TPEx,5210,寶碩,50.40,52.50,50.40,52.10,+1.40,977757,50679545,793
2024-01-29,TPEx,5211,蒙恬,25.40,25.70,24.85,25.30,-0.15,330551,8330257,346
2024-01-29,TPEx,5212,凌網,51.70,52.00,51.70,52.00,+0.60,5048,261904,21
2024-01-29,TPEx,5213,亞昕,34.00,34.35,34.00,34.30,+0.30,465084,15901263,230
2024-01-29,TPEx,5220,萬達光電,26.55,27.00,26.40,26.45,+0.15,49000,1307100,40
2024-01-29,TPEx,5223,安力-KY,44.30,47.60,43.10,45.90,+1.90,2364841,109430831,1670
2024-01-29,TPEx,5227,立凱-KY,45.50,46.00,45.40,45.50,0.00,108978,4965731,454
2024-01-29,TPEx,5228,鈺鎧,22.45,22.80,22.45,22.70,+0.25,51000,1151400,34
2024-01-29,TPEx,5230,雷笛克光學,24.35,24.55,24.25,24.25,-0.05,75408,1837477,86
2024-01-29,TPEx,5236,凌陽創新,161.50,163.50,159.00,162.50,+2.50,919350,147817792,556
2024-01-29,TPEx,5245,智晶,38.90,38.95,38.70,38.80,-0.15,18000,699750,11
2024-01-29,TPEx,5251,天鉞電,21.85,23.10,21.55,23.10,+2.10,2280290,51329163,1197
2024-01-29,TPEx,5263,智崴,112.00,113.00,112.00,112.00,0.00,89821,10076293,141
2024-01-29,TPEx,5272,笙科,34.10,34.55,33.70,34.00,-0.10,608201,20785111,378
2024-01-29,TPEx,5274,信驊,2950.00,3040.00,2920.00,3025.00,+120.00,421797,1265926155,1100
2024-01-29,TPEx,5276,達輝-KY,13.50,13.50,13.45,13.50,-0.15,15000,202400,13
2024-01-29,TPEx,5278,尚凡,223.00,225.00,222.50,225.00,+2.00,10492,2346421,281
2024-01-29,TPEx,5287,數字,201.00,202.00,201.00,201.50,0.00,27834,5605139,117
2024-01-29,TPEx,5289,宜鼎,309.50,313.00,305.50,309.50,-1.50,403413,124766733,2331
2024-01-29,TPEx,5291,邑昇,26.20,26.20,26.05,26.05,-0.20,36010,939320,24
2024-01-29,TPEx,5299,杰力,123.50,125.00,123.50,124.50,+1.00,63998,7968444,88
2024-01-29,TPEx,5301,寶得利,9.95,10.00,9.91,9.91,-0.29,50016,497184,53
2024-01-29,TPEx,5302,太欣,10.85,10.95,10.80,10.85,-0.05,94946,1031383,50
2024-01-29,TPEx,5309,系統電,35.10,35.40,34.85,34.90,+0.05,782032,27403391,573
2024-01-29,TPEx,5310,天剛,22.15,22.15,21.50,21.80,-0.35,7292,159582,14
2024-01-29,TPEx,5312,寶島科,86.10,86.10,85.70,85.80,-0.30,49005,4208042,170
2024-01-29,TPEx,5314,世紀,147.50,160.50,147.50,160.00,+13.00,125412,19605759,224
2024-01-29,TPEx,5315,光聯,18.40,18.40,18.20,18.20,-0.20,224183,4103701,182
2024-01-29,TPEx,5321,美而快,89.50,91.80,89.10,90.50,+1.90,676346,61312775,573
2024-01-29,TPEx,5324,士開,10.90,10.90,10.70,10.80,-0.05,201883,2180581,114
2024-01-29,TPEx,5328,華容,15.05,15.30,14.75,15.25,+0.20,999134,15058620,510
2024-01-29,TPEx,5340,建榮,56.60,58.60,56.20,58.20,+1.50,408347,23569955,303
2024-01-29,TPEx,5344,立衛,20.95,21.15,20.80,20.90,-0.40,79122,1657330,61
2024-01-29,TPEx,5345,天揚,10.55,10.60,10.45,10.60,+0.20,9012,94920,18
2024-01-29,TPEx,5347,世界,74.50,74.80,73.50,74.70,-0.10,4162659,309696961,2948
2024-01-29,TPEx,5348,正能量智能,19.90,20.15,19.90,20.15,+0.15,17100,341948,22
2024-01-29,TPEx,5351,鈺創,51.30,52.20,51.10,51.90,+0.60,2250721,116413060,1658
2024-01-29,TPEx,5353,台林,34.50,34.90,34.40,34.50,0.00,49369,1705400,50
2024-01-29,TPEx,5355,佳總,11.00,11.00,10.80,10.95,-0.05,626901,6830863,281
2024-01-29,TPEx,5356,協益,30.25,30.40,30.15,30.30,0.00,174670,5285313,112
2024-01-29,TPEx,5364,力麗店,19.00,19.15,17.80,19.15,-0.15,1071097,19797239,734
2024-01-29,TPEx,5371,中光電,72.90,73.40,72.60,72.60,+0.10,384967,28067565,347
2024-01-29,TPEx,5381,合正,28.05,28.60,28.00,28.00,-0.05,436068,12254204,342
2024-01-29,TPEx,5383,金利,31.30,31.50,30.85,30.90,-0.60,96796,3016702,90
2024-01-29,TPEx,5386,青雲,50.90,51.20,50.70,51.20,+0.30,74705,3804311,97
2024-01-29,TPEx,5392,能率,23.95,24.35,23.85,23.85,0.00,426042,10269671,293
2024-01-29,TPEx,5398,慕康生醫,18.30,18.30,17.55,17.70,-0.60,564003,10007970,458
2024-01-29,TPEx,5403,中菲,125.00,127.00,124.00,125.00,+0.50,93916,11752235,171
2024-01-29,TPEx,5410,國眾,33.60,33.90,33.25,33.60,0.00,350274,11746074,517
2024-01-29,TPEx,5425,台半,80.70,81.80,80.40,81.60,+0.90,1212697,98407133,1004
2024-01-29,TPEx,5426,振發,42.30,43.55,41.10,41.85,-0.05,40044548,1682949621,21021
2024-01-29,TPEx,5432,新門,126.00,128.50,123.00,127.00,+1.00,523951,65912349,490
2024-01-29,TPEx,5438,東友,18.25,18.40,17.90,17.90,+0.10,44833,810860,51
2024-01-29,TPEx,5439,高技,105.50,111.00,105.00,110.50,+4.50,2923480,318360746,1974
2024-01-29,TPEx,5443,均豪,34.45,36.05,34.10,35.55,+0.95,4085862,145090672,2493
2024-01-29,TPEx,5450,南良,21.15,21.30,20.90,21.00,-0.25,168709,3546665,125
2024-01-29,TPEx,5452,佶優,22.65,22.85,22.55,22.70,0.00,389433,8828911,266
2024-01-29,TPEx,5455,昇益,39.50,39.50,38.00,39.15,-0.65,13000,499350,13
2024-01-29,TPEx,5457,宣德,59.30,61.00,59.20,61.00,+1.70,2955927,178495036,1658
2024-01-29,TPEx,5460,同協,14.50,14.60,14.45,14.50,0.00,119737,1737130,99
2024-01-29,TPEx,5464,霖宏,30.80,31.25,30.80,31.10,+0.20,32063,996254,28
2024-01-29,TPEx,5465,富驊,43.50,43.85,43.15,43.70,+0.55,178976,7806105,142
2024-01-29,TPEx,5468,凱鈺,17.10,17.10,16.80,16.80,-0.35,48031,808976,35
2024-01-29,TPEx,5474,聰泰,123.50,127.50,122.50,123.00,+0.50,393800,48947161,396
2024-01-29,TPEx,5475,德宏,12.15,12.35,12.15,12.25,+0.05,272455,3347288,150
2024-01-29,TPEx,5478,智冠,150.00,151.50,147.50,149.00,-1.50,930176,138719618,1049
2024-01-29,TPEx,5481,新華,13.75,13.75,13.50,13.70,0.00,89058,1210346,167
2024-01-29,TPEx,5483,中美晶,192.50,194.50,191.50,194.00,+1.50,3317276,641312280,2666
2024-01-29,TPEx,5487,通泰,29.55,31.40,28.50,28.50,-1.05,159581,4695478,138
2024-01-29,TPEx,5488,松普,12.55,12.85,12.35,12.50,+0.05,2784266,35173452,928
2024-01-29,TPEx,5489,彩富,35.40,35.80,35.10,35.15,-0.40,59012,2087367,55
2024-01-29,TPEx,5490,同亨,24.30,24.40,23.85,23.90,-0.25,141137,3385172,250
2024-01-29,TPEx,5493,三聯,58.20,58.40,58.00,58.30,+0.20,29398,1708334,60
2024-01-29,TPEx,5498,凱崴,11.60,11.75,11.55,11.70,+0.15,1362731,15913393,509
2024-01-29,TPEx,5508,永信建,93.30,93.60,93.00,93.30,+0.30,244486,22829794,443
2024-01-29,TPEx,5511,德昌,71.00,71.40,70.60,71.00,0.00,131536,9329499,151
2024-01-29,TPEx,5512,力麒,9.53,9.54,9.49,9.53,+0.04,233048,2217359,224
2024-01-29,TPEx,5514,三豐,19.60,19.80,19.60,19.80,+0.10,4293,84595,8
2024-01-29,TPEx,5516,雙喜,20.50,20.70,20.25,20.65,+0.20,48986,1003924,60
2024-01-29,TPEx,5520,力泰,74.60,74.60,74.60,74.60,0.00,2003,149424,2
2024-01-29,TPEx,5523,豐謙,27.90,27.90,27.25,27.30,+0.10,17882,489342,30
2024-01-29,TPEx,5529,鉅陞,19.90,20.35,19.85,20.20,+0.40,121504,2435357,126
2024-01-29,TPEx,5530,龍巖,38.85,38.90,38.70,38.80,-0.05,109843,4263675,81
2024-01-29,TPEx,5536,聖暉*,182.00,185.50,181.00,181.00,-0.50,427874,78215968,1257
2024-01-29,TPEx,5543,桓鼎-KY,39.75,39.75,39.55,39.55,-0.60,14001,555989,8
2024-01-29,TPEx,5601,台聯櫃,35.80,35.80,35.80,35.80,0.00,1224,43594,3
2024-01-29,TPEx,5603,陸海,22.80,22.80,22.45,22.50,-0.15,180709,4078870,203
2024-01-29,TPEx,5604,中連,43.50,43.55,43.50,43.50,-0.05,23051,1003397,30
2024-01-29,TPEx,5609,中菲行,86.80,88.00,86.80,87.80,+0.60,373811,32710203,393
2024-01-29,TPEx,5701,劍湖山,6.74,6.75,6.65,6.75,+0.01,46091,310175,94
2024-01-29,TPEx,5703,亞都,24.55,25.25,24.55,24.90,+0.35,66162,1640150,61
2024-01-29,TPEx,5704,老爺知,51.10,52.80,51.10,51.10,+0.30,173081,8946172,157
2024-01-29,TPEx,5864,致和證,17.15,17.40,17.10,17.35,+0.20,974066,16825397,360
2024-01-29,TPEx,5878,台名,47.80,47.80,47.50,47.80,0.00,12000,571750,12
2024-01-29,TPEx,5902,德記,34.00,34.00,33.00,33.40,-0.65,116582,3883797,107
2024-01-29,TPEx,5903,全家,188.00,188.50,188.00,188.50,+0.50,16093,3030985,141
2024-01-29,TPEx,5904,寶雅,523.00,524.00,517.00,519.00,-2.00,98742,51397425,562
2024-01-29,TPEx,5905,南仁湖,12.30,12.40,12.15,12.20,0.00,847912,10357750,264
2024-01-29,TPEx,6015,宏遠證,10.40,10.45,10.30,10.40,0.00,385198,3999399,174
2024-01-29,TPEx,6016,康和證,13.20,13.25,13.15,13.20,0.00,719494,9500384,224
2024-01-29,TPEx,6020,大展證,18.80,18.80,18.80,18.80,0.00,15001,282018,6
2024-01-29,TPEx,6021,美好證,15.00,15.00,14.95,14.95,-0.05,2492,36639,6
2024-01-29,TPEx,6023,元大期,61.00,61.00,60.50,60.80,-0.20,64687,3936716,66
2024-01-29,TPEx,6026,福邦證,13.15,13.15,13.00,13.05,+0.05,620668,8105116,249
2024-01-29,TPEx,6101,寬魚國際,42.00,42.40,41.50,41.80,+0.10,163239,6828171,123
2024-01-29,TPEx,6103,合邦,,,,,,1,34,1
2024-01-29,TPEx,6104,創惟,106.50,107.50,105.00,107.50,+1.50,705554,75200782,645
2024-01-29,TPEx,6109,亞元,15.10,15.30,15.10,15.25,+0.15,183534,2789430,108
2024-01-29,TPEx,6111,大宇資,78.00,78.00,75.80,77.60,+0.10,1840120,141166028,1648
2024-01-29,TPEx,6113,亞矽,34.05,37.65,34.05,37.65,+3.40,13570188,499875545,6197
2024-01-29,TPEx,6114,久威,31.65,32.15,31.55,32.10,+0.30,47564,1514901,46
2024-01-29,TPEx,6118,建達,25.95,26.45,25.95,25.95,+0.05,63492,1653986,58
2024-01-29,TPEx,6121,新普,399.50,407.00,396.00,404.00,+4.50,665526,266762419,961
2024-01-29,TPEx,6122,擎邦,61.40,62.20,60.70,61.70,+0.60,918899,56612845,801
2024-01-29,TPEx,6123,上奇,67.80,68.10,67.80,68.10,+0.30,28094,1910907,52
2024-01-29,TPEx,6124,業強,36.70,36.90,35.90,35.95,-1.25,345372,12522871,465
2024-01-29,TPEx,6125,廣運,58.40,59.60,57.80,59.50,+1.20,1781306,104803350,1334
2024-01-29,TPEx,6126,信音,31.70,31.70,31.10,31.30,-0.05,580068,18169262,378
2024-01-29,TPEx,6127,九豪,27.95,27.95,27.60,27.90,+0.25,552684,15373392,405
2024-01-29,TPEx,6129,普誠,29.25,29.60,29.00,29.40,+0.35,824850,24169192,676
2024-01-29,TPEx,6130,上亞科技,28.00,28.80,27.80,28.65,+0.55,16078,452128,59
2024-01-29,TPEx,6134,萬旭,20.30,20.30,19.70,20.10,0.00,127803,2545660,103
2024-01-29,TPEx,6138,茂達,209.00,214.00,206.50,214.00,+5.00,1096961,231704423,1157
2024-01-29,TPEx,6140,訊達,48.20,48.70,45.85,46.00,-2.25,6831620,321662271,4509
2024-01-29,TPEx,6143,振曜,88.20,91.00,88.10,89.30,+0.40,2162208,194135890,2660
2024-01-29,TPEx,6144,得利影,13.35,13.65,13.35,13.45,+0.50,3000,40450,3
2024-01-29,TPEx,6146,耕興,228.50,233.50,228.00,228.00,+0.50,407974,94076378,565
2024-01-29,TPEx,6147,頎邦,73.00,73.00,72.40,72.60,-0.60,1561463,113424254,1339
2024-01-29,TPEx,6148,驊宏資,33.50,34.40,33.50,34.40,+0.90,171322,5848385,172
2024-01-29,TPEx,6150,撼訊,85.20,86.00,84.60,84.80,-0.30,225313,19175334,406
2024-01-29,TPEx,6151,晉倫,27.00,27.35,26.95,27.10,+0.10,73684,1998379,72
2024-01-29,TPEx,6154,順發,16.65,16.75,16.60,16.65,0.00,30969,517213,70
2024-01-29,TPEx,6156,松上,24.45,24.50,24.25,24.50,+0.15,241682,5895526,180
2024-01-29,TPEx,6158,禾昌,31.15,31.25,30.85,31.00,-0.15,79673,2472237,90
2024-01-29,TPEx,6160,欣技,21.25,21.45,21.15,21.30,+0.05,149254,3173923,128
2024-01-29,TPEx,6161,捷波,42.25,42.50,41.80,41.85,-0.75,441158,18571712,515
2024-01-29,TPEx,6163,華電網,19.45,19.75,19.10,19.75,+0.50,779244,15163511,463
2024-01-29,TPEx,6167,久正,16.55,16.75,16.30,16.35,-0.25,1403234,23127660,741
2024-01-29,TPEx,6169,昱泉,23.40,23.40,22.60,22.80,-0.05,26334,602198,83
2024-01-29,TPEx,6170,統振,53.30,54.20,53.10,53.30,+0.10,426507,22818721,295
2024-01-29,TPEx,6171,大城地產,27.90,28.00,27.90,27.95,+0.05,45473,1270088,44
2024-01-29,TPEx,6173,信昌電,45.70,46.15,45.50,46.15,+0.45,228369,10497300,182
2024-01-29,TPEx,6174,安碁,22.40,22.60,22.35,22.40,0.00,23104,520038,25
2024-01-29,TPEx,6175,立敦,35.20,35.20,35.05,35.10,-0.10,71432,2508942,57
2024-01-29,TPEx,6179,亞通,33.20,34.20,33.00,33.45,+0.80,7073233,238469577,4175
2024-01-29,TPEx,6180,橘子,73.70,73.90,72.80,73.40,-0.10,567724,41636832,487
2024-01-29,TPEx,6182,合晶,41.25,41.35,40.90,41.30,-0.05,1341211,55256018,1028
2024-01-29,TPEx,6185,幃翔,17.90,18.35,17.90,18.15,+0.25,733821,13358502,338
2024-01-29,TPEx,6186,新潤,58.60,59.40,58.50,58.70,+0.10,413661,24386495,310
2024-01-29,TPEx,6187,萬潤,178.00,181.00,178.00,181.00,+3.00,1440395,258228698,1366
2024-01-29,TPEx,6188,廣明,78.90,79.90,78.50,79.10,0.00,1472859,116373261,1360
2024-01-29,TPEx,6190,萬泰科,31.20,31.20,30.70,30.95,+0.35,293957,9103129,242
2024-01-29,TPEx,6194,育富,36.55,37.50,36.55,37.40,+0.15,166764,6212437,105
2024-01-29,TPEx,6195,詩肯,41.50,41.60,41.45,41.50,-0.10,31398,1304744,128
2024-01-29,TPEx,6198,瑞築,27.50,30.00,27.50,30.00,+2.70,741197,21708746,421
2024-01-29,TPEx,6199,天品,27.70,28.50,27.70,28.30,-0.30,11000,308450,8
2024-01-29,TPEx,6203,海韻電,92.30,93.20,92.30,92.70,+0.40,107155,9939423,125
2024-01-29,TPEx,6204,艾華,121.50,124.50,121.00,122.50,+1.50,221498,27178396,238
2024-01-29,TPEx,6207,雷科,34.00,34.40,33.85,34.10,+0.45,577193,19715470,451
2024-01-29,TPEx,6208,日揚,50.30,51.30,50.10,51.00,+1.00,147390,7443669,144
2024-01-29,TPEx,6210,慶生,28.85,29.05,28.80,28.85,0.00,30231,873069,62
2024-01-29,TPEx,6212,理銘,53.80,53.80,53.10,53.30,+0.10,9094,486619,10
2024-01-29,TPEx,6217,中探針,40.55,40.75,40.20,40.75,+0.35,208046,8412044,228
2024-01-29,TPEx,6218,豪勉,24.60,26.30,24.60,25.40,+1.00,1305825,33291945,876
2024-01-29,TPEx,6219,富旺,33.30,34.00,33.30,34.00,+0.80,2386731,80382959,1048
2024-01-29,TPEx,6220,岳豐,25.40,25.40,25.10,25.30,+0.10,154141,3889083,114
2024-01-29,TPEx,6221,晉泰,65.50,65.80,65.50,65.60,+0.10,16430,1078275,73
2024-01-29,TPEx,6222,上揚,35.10,35.15,34.00,34.60,-0.65,89109,3065335,74
2024-01-29,TPEx,6223,旺矽,261.50,266.00,260.00,265.50,+5.00,1787882,471297858,2249
2024-01-29,TPEx,6227,茂綸,41.70,41.95,41.55,41.55,-0.15,48913,2036269,200
2024-01-29,TPEx,6228,全譜,25.50,26.20,24.95,25.50,+0.25,40605,1034639,41
2024-01-29,TPEx,6229,研通,37.85,38.60,36.30,37.55,+0.15,25714410,964319035,13108
2024-01-29,TPEx,6231,系微,245.50,254.00,243.50,250.50,+5.00,872413,216927477,1626
2024-01-29,TPEx,6233,旺玖,40.25,40.50,39.00,39.65,-0.45,4148943,164921508,2600
2024-01-29,TPEx,6234,高僑,25.55,25.85,25.55,25.80,+0.25,108955,2803685,162
2024-01-29,TPEx,6236,中湛,,,,,,0,0,0
2024-01-29,TPEx,6237,驊訊,66.30,67.80,65.50,67.00,+1.30,5633338,376472635,4286
2024-01-29,TPEx,6240,松崗,23.65,24.00,23.65,23.70,-0.15,58021,1384098,45
2024-01-29,TPEx,6241,易通展,13.70,13.80,13.30,13.30,-0.30,109154,1466005,118
2024-01-29,TPEx,6242,立康,54.40,55.00,54.40,54.90,-0.40,44771,2445689,40
2024-01-29,TPEx,6244,茂迪,26.25,26.35,26.00,26.20,+0.05,1157745,30250269,592
2024-01-29,TPEx,6245,立端,113.50,116.50,112.50,115.50,+2.00,1849723,212253165,1516
2024-01-29,TPEx,6246,臺龍,15.85,15.85,15.40,15.55,+0.15,60819,949889,146
2024-01-29,TPEx,6248,沛波,28.15,28.15,27.95,28.10,-0.05,114607,3221341,216
2024-01-29,TPEx,6259,百徽,23.60,23.95,23.45,23.60,-0.05,47678,1126600,53
2024-01-29,TPEx,6261,久元,64.70,65.20,64.70,65.10,+0.50,109583,7121248,168
2024-01-29,TPEx,6263,普萊德,147.50,155.00,145.00,147.50,+4.50,1130678,168822980,1147
2024-01-29,TPEx,6264,富裔,7.84,7.99,7.84,7.96,+0.12,125720,999046,48
2024-01-29,TPEx,6265,方土昶,12.30,13.25,12.25,12.35,-0.15,4953030,62691047,2200
2024-01-29,TPEx,6266,泰詠,32.60,32.85,32.55,32.85,+0.30,164949,5385777,182
2024-01-29,TPEx,6270,倍微,27.50,28.35,26.90,28.25,+0.75,5282831,146451926,2870
2024-01-29,TPEx,6274,台燿,126.50,131.00,126.00,130.00,+3.50,6028304,779083784,4161
2024-01-29,TPEx,6275,元山,41.35,42.00,40.70,41.40,+0.50,485505,20108503,383
2024-01-29,TPEx,6276,安鈦克,84.60,85.90,81.50,84.00,+0.30,1658344,138371789,1548
2024-01-29,TPEx,6279,胡連,151.50,153.00,151.50,152.00,+0.50,145496,22138607,217
2024-01-29,TPEx,6284,佳邦,75.30,76.60,75.20,75.90,+0.30,690002,52483603,606
2024-01-29,TPEx,6287,元隆,15.45,15.45,15.45,15.45,-0.05,3000,46350,2
2024-01-29,TPEx,6290,良維,64.40,65.20,64.20,65.00,+0.70,1997162,129574726,1435
2024-01-29,TPEx,6291,沛亨,204.00,205.00,203.00,205.00,+1.00,81953,16696660,95
2024-01-29,TPEx,6292,迅德,65.00,65.00,63.60,64.20,+0.40,203829,13052264,256
2024-01-29,TPEx,6294,智基,110.50,110.50,110.00,110.00,-0.50,25969,2867354,49
2024-01-29,TPEx,6411,晶焱,111.00,112.50,111.00,112.50,+1.50,181760,20327034,253
2024-01-29,TPEx,6417,韋僑,102.00,103.50,102.00,103.00,0.00,55165,5663442,97
2024-01-29,TPEx,6418,詠昇,22.90,23.10,22.70,23.00,+0.10,101131,2318263,67
2024-01-29,TPEx,6419,京晨科,42.00,43.50,41.40,43.30,+1.35,78308,3357302,74
2024-01-29,TPEx,6425,易發,37.50,39.90,36.85,39.80,+3.30,1840375,71454273,1155
2024-01-29,TPEx,6432,今展科,34.95,35.05,34.95,35.05,+0.10,15083,527924,53
2024-01-29,TPEx,6435,大中,107.00,111.00,105.50,110.00,+3.00,305854,33292687,304
2024-01-29,TPEx,6441,廣錠,48.30,48.50,48.05,48.15,-0.10,43804,2111477,84
2024-01-29,TPEx,6457,紘康,60.60,61.50,60.30,61.30,+0.40,76105,4634822,115
2024-01-29,TPEx,6461,益得,28.65,28.80,28.60,28.65,+0.05,42883,1229679,44
2024-01-29,TPEx,6462,神盾,210.00,226.00,206.50,226.00,+20.50,27646761,6016676352,20339
2024-01-29,TPEx,6465,威潤,24.55,24.55,23.85,24.55,+2.20,837693,20559195,277
2024-01-29,TPEx,6469,大樹,338.00,340.50,330.00,339.50,+1.00,607572,204235807,2382
2024-01-29,TPEx,6470,宇智,61.80,62.60,61.70,62.40,+0.40,58726,3653157,95
2024-01-29,TPEx,6482,弘煜科,61.00,61.00,59.00,60.40,-0.60,129660,7768120,160
2024-01-29,TPEx,6485,點序,94.30,96.20,94.10,95.90,+1.60,345835,32910292,337
2024-01-29,TPEx,6486,互動,75.00,75.40,74.90,75.30,+0.10,55413,4162654,63
2024-01-29,TPEx,6488,環球晶,582.00,590.00,580.00,588.00,+4.00,492425,288848558,915
2024-01-29,TPEx,6492,生華科,47.70,48.00,46.70,47.45,+0.90,129261,6156209,162
2024-01-29,TPEx,6494,九齊,73.50,80.40,73.50,80.20,+6.40,813718,63648049,732
2024-01-29,TPEx,6496,科懋,28.40,28.45,28.25,28.25,-0.25,26268,745555,160
2024-01-29,TPEx,6499,益安,46.00,46.00,45.50,45.55,-0.45,58396,2670892,46
2024-01-29,TPEx,6506,雙邦,17.25,17.30,17.25,17.30,0.00,10120,174976,10
2024-01-29,TPEx,6508,惠光,34.05,34.20,34.00,34.10,+0.05,74271,2529401,128
2024-01-29,TPEx,6509,聚和,38.35,38.75,38.35,38.60,+0.15,407666,15709802,425
2024-01-29,TPEx,6510,精測,534.00,540.00,532.00,533.00,+1.00,75529,40477383,126
2024-01-29,TPEx,6512,啟發電,20.80,21.00,20.80,21.00,+0.20,9257,193696,41
2024-01-29,TPEx,6514,芮特-KY,49.40,49.40,49.05,49.05,+0.05,5000,246300,3
2024-01-29,TPEx,6516,勤崴國際,79.20,79.60,77.60,79.60,-0.10,61779,4848177,116
2024-01-29,TPEx,6517,保勝光學,78.50,80.80,78.20,79.70,+1.20,200368,16029173,163
2024-01-29,TPEx,6523,達爾膚,146.50,149.50,146.50,148.00,+1.50,103297,15327783,122
2024-01-29,TPEx,6527,明達醫,86.20,86.50,86.00,86.20,0.00,24722,2130759,39
2024-01-29,TPEx,6530,創威,43.30,47.40,42.75,45.70,+2.40,4196670,191310216,3277
2024-01-29,TPEx,6532,瑞耘,59.40,60.10,59.00,59.80,+0.40,116907,6980516,217
2024-01-29,TPEx,6535,順藥,124.00,130.00,123.00,127.50,+5.00,1287680,162299064,921
2024-01-29,TPEx,6538,倉和,138.00,141.00,137.00,139.00,+1.50,420801,58508279,428
2024-01-29,TPEx,6542,隆中,49.55,51.30,49.55,51.30,+1.90,7000,355050,6
2024-01-29,TPEx,6546,正基,129.50,141.00,125.00,135.00,+5.50,9728136,1314912362,6643
2024-01-29,TPEx,6547,高端疫苗,60.90,61.70,60.10,61.30,+0.40,1042332,63463443,1206
2024-01-29,TPEx,6548,長科*,33.30,33.50,33.25,33.30,0.00,250751,8358096,164
2024-01-29,TPEx,6556,勝品,84.90,88.50,84.90,86.80,+2.00,43878,3798423,59
2024-01-29,TPEx,6560,欣普羅,30.10,30.85,30.05,30.80,+0.75,76071,2309232,52
2024-01-29,TPEx,6561,是方,322.00,323.50,321.50,322.00,0.00,17604,5671439,80
2024-01-29,TPEx,6568,宏觀,145.00,145.50,144.50,144.50,0.00,58241,8440748,130
2024-01-29,TPEx,6569,醫揚,160.00,160.00,159.00,160.00,0.00,17248,2757227,31
2024-01-29,TPEx,6570,維田,50.80,51.20,50.80,51.10,+0.40,48440,2470772,59
2024-01-29,TPEx,6574,霈方,,,,,,267,13202,3
2024-01-29,TPEx,6576,逸達,93.90,94.60,93.10,94.00,+0.40,95462,8973119,172
2024-01-29,TPEx,6577,勁豐,91.90,92.00,91.50,92.00,-0.10,56502,5182193,58
2024-01-29,TPEx,6578,達邦蛋白,20.75,21.15,20.75,21.05,+0.10,133910,2813066,103
2024-01-29,TPEx,6584,南俊國際,96.60,101.00,94.70,97.00,-0.50,743146,72976832,828
2024-01-29,TPEx,6588,東典光電,32.45,32.65,32.30,32.65,+0.20,29054,940708,64
2024-01-29,TPEx,6589,台康生技,86.40,96.40,86.40,95.50,-0.50,4890299,443345983,3452
2024-01-29,TPEx,6590,普鴻,97.10,97.10,96.40,96.60,+0.40,35180,3403200,275
2024-01-29,TPEx,6593,台灣銘板,158.50,165.00,157.50,165.00,+6.50,789370,127865909,816
2024-01-29,TPEx,6596,寬宏藝術,53.40,53.80,52.80,53.70,+1.20,139925,7470296,165
2024-01-29,TPEx,6603,富強鑫,15.95,16.10,15.95,16.00,+0.05,109570,1753052,100
2024-01-29,TPEx,6609,瀧澤科,31.90,31.90,31.45,31.55,+0.05,41773,1318778,50
2024-01-29,TPEx,6612,奈米醫材,118.00,120.00,117.00,120.00,+1.00,48297,5755903,85
2024-01-29,TPEx,6613,朋億*,138.00,140.00,138.00,139.00,+1.00,297138,41317111,290
2024-01-29,TPEx,6615,慧智,45.15,45.40,44.90,45.40,-0.25,45089,2031559,38
2024-01-29,TPEx,6616,特昇-KY,14.25,14.25,13.95,14.15,+0.05,60000,844200,41
2024-01-29,TPEx,6624,萬年清,44.60,44.60,44.00,44.05,,17020,750270,13
2024-01-29,TPEx,6629,泰金-KY,57.00,57.50,57.00,57.50,+0.90,18050,1034629,17
2024-01-29,TPEx,6640,均華,171.00,187.00,171.00,187.00,+17.00,380085,69638259,638
2024-01-29,TPEx,6642,富致,45.40,45.40,45.30,45.30,+0.20,10370,470316,14
2024-01-29,TPEx,6643,M31,1525.00,1610.00,1490.00,1610.00,+75.00,1778881,2727728960,2687
2024-01-29,TPEx,6649,台生材,29.50,29.85,29.30,29.75,-0.15,23036,680652,55
2024-01-29,TPEx,6651,全宇昕,78.90,79.60,78.60,79.30,+0.40,40722,3218455,60
2024-01-29,TPEx,6654,天正國際,43.50,43.60,43.45,43.60,-0.40,9010,391742,17
2024-01-29,TPEx,6661,威健生技,22.20,22.25,22.00,22.25,-0.50,6000,133050,6
2024-01-29,TPEx,6662,樂斯科,35.65,35.75,34.65,34.90,-1.35,107602,3784823,84
2024-01-29,TPEx,6664,群翊,151.50,153.50,151.50,153.00,+2.00,109892,16779070,151
2024-01-29,TPEx,6667,信紘科,115.00,116.00,111.00,115.00,+0.50,2198584,250088567,1860
2024-01-29,TPEx,6679,鈺太,462.00,463.50,442.00,447.50,-1.50,1053295,475234411,1046
2024-01-29,TPEx,6680,鑫創電子,,,,,,0,0,0
2024-01-29,TPEx,6683,雍智科技,271.00,272.50,267.00,271.00,-1.00,256735,69459275,364
2024-01-29,TPEx,6684,安格,90.80,92.80,88.80,92.30,+1.20,3483042,317879848,2912
2024-01-29,TPEx,6690,安碁資訊,181.00,184.50,181.00,182.50,+1.00,25203,4609824,53
2024-01-29,TPEx,6693,廣閎科,70.30,71.50,69.00,71.00,+0.50,167453,11724495,186
2024-01-29,TPEx,6697,東捷資訊,49.80,49.80,48.95,49.50,+0.55,32309,1589596,31
2024-01-29,TPEx,6703,軒郁,284.00,286.50,282.00,284.50,+2.00,138566,39383996,388
2024-01-29,TPEx,6708,天擎,48.60,48.60,47.80,47.90,+0.40,16100,774577,16
2024-01-29,TPEx,6712,長聖,199.50,199.50,197.00,197.50,-1.00,180670,35787440,1094
2024-01-29,TPEx,6716,應廣,113.50,114.50,111.50,113.50,+1.50,46890,5299889,66
2024-01-29,TPEx,6721,信實,,,,,,0,0,0
2024-01-29,TPEx,6727,亞泰金屬,56.40,56.60,56.30,56.50,-0.20,13868,783078,61
2024-01-29,TPEx,6728,上洋,140.00,140.50,139.00,139.50,-0.50,12504,1743454,34
2024-01-29,TPEx,6732,昇佳電子,436.00,445.00,426.00,434.00,+9.50,1566893,684762401,1841
2024-01-29,TPEx,6733,博晟生醫,39.50,39.80,39.05,39.50,+0.15,275176,10868631,219
2024-01-29,TPEx,6735,美達科技,65.50,69.80,65.50,66.30,+2.30,128407,8679099,172
2024-01-29,TPEx,6741,91APP*-KY,98.00,99.90,98.00,99.40,+1.40,205097,20297575,198
2024-01-29,TPEx,6747,亨泰光,182.00,182.50,182.00,182.50,-0.50,2748,501760,33
2024-01-29,TPEx,6751,智聯服務,79.50,81.10,79.50,79.60,+0.10,14317,1153147,51
2024-01-29,TPEx,6752,叡揚,130.50,132.00,130.50,131.50,+1.00,49683,6523625,65
2024-01-29,TPEx,6761,穩得,72.00,72.00,71.30,71.40,-0.70,29500,2111669,34
2024-01-29,TPEx,6762,達亞,255.00,256.00,253.00,256.00,+1.00,4000,1017000,4
2024-01-29,TPEx,6763,綠界科技,536.00,536.00,480.00,486.00,-2.00,380709,195213905,2511
2024-01-29,TPEx,6767,台微醫,35.50,35.50,35.10,35.10,-0.40,13000,460950,11
2024-01-29,TPEx,6785,昱展新藥,259.00,265.50,251.50,257.00,+7.50,2231769,576487874,2392
2024-01-29,TPEx,6788,華景電,127.50,132.50,127.50,132.50,+4.50,351312,46016372,303
2024-01-29,TPEx,6791,虎門科技,86.50,86.50,86.50,86.50,+1.00,3500,302000,11
2024-01-29,TPEx,6803,崑鼎,300.00,300.00,298.50,299.00,-1.00,21444,6421777,471
2024-01-29,TPEx,6804,明係,53.20,53.20,52.90,52.90,-0.30,49399,2620200,44
2024-01-29,TPEx,6811,宏碁資訊,272.50,276.50,271.00,275.50,+5.00,132640,36383661,232
2024-01-29,TPEx,6821,聯寶,45.65,45.65,45.10,45.40,-0.05,15095,684346,18
2024-01-29,TPEx,6823,濾能,64.50,69.90,64.00,69.90,+6.30,108325,7496146,115
2024-01-29,TPEx,6829,千附精密,103.00,104.00,102.00,103.50,+1.00,178309,18362030,144
2024-01-29,TPEx,6840,東研信超,71.60,71.60,71.40,71.40,-0.40,8000,572400,7
2024-01-29,TPEx,6841,長佳智能,90.10,91.10,90.10,90.50,0.00,174820,15834014,206
2024-01-29,TPEx,6843,進典,63.50,63.50,62.50,62.70,0.00,7000,440800,6
2024-01-29,TPEx,6846,綠茵,75.60,76.00,75.30,76.00,0.00,19830,1499624,27
2024-01-29,TPEx,6855,數泓科,93.60,93.70,93.60,93.70,+0.10,7081,663074,7
2024-01-29,TPEx,6856,鑫傳,66.50,66.70,66.50,66.50,0.00,7000,465900,6
2024-01-29,TPEx,6859,伯特光,117.50,120.00,117.50,118.00,+0.50,9206,1092314,501
2024-01-29,TPEx,6865,偉康科技,66.60,67.60,66.60,67.60,+1.00,29115,1956868,31
2024-01-29,TPEx,6870,騰雲,146.50,148.00,145.50,145.50,0.00,22050,3239480,18
2024-01-29,TPEx,6874,倍力,119.50,120.00,118.50,119.00,-0.50,79753,9492235,98
2024-01-29,TPEx,6877,鏵友益,35.95,36.20,35.50,35.60,-0.15,38091,1360376,48
2024-01-29,TPEx,6894,衛司特,181.00,181.50,180.00,180.50,0.00,66120,11953803,318
2024-01-29,TPEx,6895,宏碩系統,106.50,107.50,106.50,107.50,+1.00,56081,6008169,49
2024-01-29,TPEx,6904,伯鑫,153.00,156.50,153.00,156.50,-0.50,5251,813405,8
2024-01-29,TPEx,6922,宸曜,107.50,108.50,107.50,108.50,+0.50,7110,767959,29
2024-01-29,TPEx,7402,邑錡,76.20,77.60,75.50,76.70,+0.50,203787,15643457,176
2024-01-29,TPEx,7556,意德士,123.50,124.50,123.00,123.00,-0.50,24451,3017623,34
2024-01-29,TPEx,8024,佑華,22.20,22.80,21.50,21.50,-0.25,607153,13501160,411
2024-01-29,TPEx,8027,鈦昇,87.10,88.30,86.50,87.70,+0.70,2459161,215584837,2155
2024-01-29,TPEx,8032,光菱,30.55,30.60,30.15,30.15,-0.50,46241,1399562,73
2024-01-29,TPEx,8034,榮群,28.75,29.50,28.30,28.95,+0.40,4050957,117467098,2172
2024-01-29,TPEx,8038,長園科,33.85,33.95,33.70,33.70,+0.10,66252,2238819,139
2024-01-29,TPEx,8040,九暘,49.20,54.10,48.70,53.80,+4.60,5564319,295765150,3447
2024-01-29,TPEx,8042,金山電,36.85,36.85,36.30,36.35,-0.05,23948,873555,180
2024-01-29,TPEx,8043,蜜望實,27.85,27.85,27.50,27.65,+0.10,59011,1630355,50
2024-01-29,TPEx,8044,網家,43.70,44.40,43.45,44.20,+0.55,1411202,62016709,1130
2024-01-29,TPEx,8047,星雲,12.00,12.10,11.95,12.05,+0.05,18211,219054,12
2024-01-29,TPEx,8048,德勝,65.20,66.20,64.00,66.20,+1.80,276467,18106056,328
2024-01-29,TPEx,8049,晶采,37.70,37.90,37.70,37.75,+0.15,140934,5328917,141
2024-01-29,TPEx,8050,廣積,87.50,88.20,86.80,87.00,-0.70,2927635,255707686,2574
2024-01-29,TPEx,8054,安國,140.00,150.00,134.00,150.00,+9.00,31286014,4470487902,20921
2024-01-29,TPEx,8059,凱碩,27.80,28.30,25.30,27.10,-0.60,9459020,252313071,4149
2024-01-29,TPEx,8064,東捷,21.00,21.55,20.80,21.40,+0.95,15466286,328168823,6765
2024-01-29,TPEx,8066,來思達,31.00,31.10,30.65,31.05,-0.05,22511,696557,89
2024-01-29,TPEx,8067,志旭,13.85,13.85,13.35,13.35,-0.50,4019,54265,21
2024-01-29,TPEx,8068,全達,38.10,38.65,37.70,38.10,+0.05,915648,34884189,683
2024-01-29,TPEx,8069,元太,218.50,218.50,211.00,216.00,-1.00,15884100,3400174395,28903
2024-01-29,TPEx,8071,能率網通,14.75,15.85,14.75,15.25,+0.80,7820262,121456452,2496
2024-01-29,TPEx,8074,鉅橡,20.10,20.10,20.00,20.00,-0.05,73074,1463167,145
2024-01-29,TPEx,8076,伍豐,30.10,30.25,30.10,30.10,-0.05,290651,8762947,241
2024-01-29,TPEx,8077,洛碁,49.00,49.00,49.00,49.00,+0.10,1000,49000,1
2024-01-29,TPEx,8080,印鉐,11.95,11.95,11.95,11.95,+1.05,36687,438388,46
2024-01-29,TPEx,8083,瑞穎,146.00,146.50,145.50,146.50,+0.50,79500,11597215,71
2024-01-29,TPEx,8084,巨虹,96.60,106.00,95.50,104.50,+7.90,1402988,146031296,853
2024-01-29,TPEx,8085,福華,57.60,62.80,56.80,61.50,+4.40,15466997,941704178,7501
2024-01-29,TPEx,8086,宏捷科,117.00,119.50,116.50,117.00,0.00,2519228,296951356,1873
2024-01-29,TPEx,8087,華鎂鑫,48.10,48.90,48.00,48.20,+0.05,55506,2679742,45
2024-01-29,TPEx,8088,品安,42.70,43.80,42.65,43.70,+0.70,697165,30199712,524
2024-01-29,TPEx,8089,康全電訊,58.60,61.80,58.60,59.40,+0.80,1866284,112379058,1280
2024-01-29,TPEx,8091,翔名,94.50,94.50,93.30,93.90,+0.60,78771,7382413,600
2024-01-29,TPEx,8092,建暐,14.25,14.30,13.90,14.30,+0.05,159410,2254491,99
2024-01-29,TPEx,8093,保銳,16.35,16.50,16.15,16.20,-0.55,172551,2814172,173
2024-01-29,TPEx,8096,擎亞,24.45,26.15,24.25,25.35,+0.70,43081829,1096962348,18530
2024-01-29,TPEx,8097,常珵,63.60,65.20,63.60,64.70,+1.20,613862,39609644,487
2024-01-29,TPEx,8099,大世科,51.00,51.60,50.60,51.40,+0.20,80248,4117339,53
2024-01-29,TPEx,8107,大億金茂,16.65,16.90,16.15,16.30,-0.25,197250,3262952,155
2024-01-29,TPEx,8109,博大,95.80,97.20,95.80,97.00,+1.20,112444,10837770,198
2024-01-29,TPEx,8111,立碁,21.10,21.15,20.70,20.75,-0.30,953557,19904470,702
2024-01-29,TPEx,8121,越峰,23.65,23.75,23.60,23.65,-0.10,152182,3599172,123
2024-01-29,TPEx,8147,正淩,80.30,83.40,80.30,82.50,+3.10,1094246,89681923,953
2024-01-29,TPEx,8155,博智,146.50,148.00,145.00,146.50,0.00,867060,126731245,864
2024-01-29,TPEx,8171,天宇,38.80,39.40,38.65,39.30,+0.50,136559,5321632,156
2024-01-29,TPEx,8176,智捷,14.00,14.10,13.85,14.00,+0.05,234072,3272256,196
2024-01-29,TPEx,8182,加高,31.85,31.85,31.55,31.65,0.00,21033,665394,17
2024-01-29,TPEx,8183,精星,48.80,49.05,48.65,49.00,+0.35,189500,9255097,171
2024-01-29,TPEx,8227,巨有科技,388.00,411.50,380.00,411.50,+37.00,8401996,3344028913,8932
2024-01-29,TPEx,8234,新漢,45.10,46.65,45.10,46.45,+1.20,380745,17531633,242
2024-01-29,TPEx,8240,華宏,35.05,35.25,34.80,35.20,+0.40,150679,5273779,107
2024-01-29,TPEx,8255,朋程,168.00,169.50,167.00,168.50,+0.50,260894,43983641,265
2024-01-29,TPEx,8277,商丞,11.75,11.80,11.75,11.75,-0.05,106398,1254205,76
2024-01-29,TPEx,8279,生展,151.00,152.00,151.00,152.00,+1.00,11929,1812183,23
2024-01-29,TPEx,8284,三竹,61.10,61.30,61.00,61.30,+0.30,15670,957735,21
2024-01-29,TPEx,8289,泰藝,31.40,32.05,31.40,32.00,+0.60,53889,1701606,70
2024-01-29,TPEx,8291,尚茂,7.09,7.09,7.05,7.08,+0.63,104159,736532,46
2024-01-29,TPEx,8299,群聯,528.00,530.00,520.00,526.00,+5.00,1021264,535878977,1346
2024-01-29,TPEx,8342,益張,69.00,69.50,69.00,69.00,-0.20,21000,1450700,9
2024-01-29,TPEx,8349,恒耀,60.10,62.00,59.80,61.80,+1.90,220763,13502650,310
2024-01-29,TPEx,8349A,恒耀甲特,43.30,43.30,43.30,43.30,+0.10,11000,476300,7
2024-01-29,TPEx,8354,冠好,15.60,15.70,15.45,15.60,+0.10,84700,1318864,89
2024-01-29,TPEx,8358,金居,59.50,59.90,59.30,59.80,+0.20,553168,32988764,587
2024-01-29,TPEx,8383,千附,37.80,37.80,37.40,37.45,-0.15,52960,1987242,103
2024-01-29,TPEx,8390,金益鼎,50.20,50.60,50.10,50.20,0.00,241844,12163264,223
2024-01-29,TPEx,8401,白紗科,20.85,20.85,20.75,20.75,-0.05,25636,533586,42
2024-01-29,TPEx,8403,盛弘,32.90,32.90,32.70,32.75,-0.15,101721,3335259,173
2024-01-29,TPEx,8409,商之器,24.00,24.00,23.85,23.90,-0.10,57040,1366363,48
2024-01-29,TPEx,8410,森田,73.80,73.90,72.10,72.80,-0.50,220603,16069851,200
2024-01-29,TPEx,8415,大國鋼,33.85,33.95,33.00,33.80,0.00,333750,11176254,243
2024-01-29,TPEx,8416,實威,143.50,143.50,142.00,143.00,+0.50,12255,1749194,32
2024-01-29,TPEx,8420,明揚,59.30,59.50,58.80,59.00,-0.60,38879,2297867,37
2024-01-29,TPEx,8421,旭源,13.70,13.80,13.70,13.80,+0.05,45575,626424,56
2024-01-29,TPEx,8423,保綠-KY,22.50,22.50,21.00,22.00,,48433,1064261,212
2024-01-29,TPEx,8424,惠普,66.70,66.70,66.60,66.60,-0.10,12131,808575,21
2024-01-29,TPEx,8426,紅木-KY,71.20,73.30,70.70,72.50,+1.70,477636,34523749,764
2024-01-29,TPEx,8431,匯鑽科,61.20,61.30,60.30,60.60,-0.60,297043,18046274,420
2024-01-29,TPEx,8432,東生華,50.60,50.60,49.80,50.00,0.00,57127,2856628,49
2024-01-29,TPEx,8433,弘帆,89.60,90.10,88.90,89.30,-0.60,67393,6019050,65
2024-01-29,TPEx,8435,鉅邁,63.50,63.60,63.40,63.50,+0.10,22603,1435119,74
2024-01-29,TPEx,8436,大江,171.50,174.00,171.00,172.50,+1.00,228884,39536293,277
2024-01-29,TPEx,8437,大地-KY,40.05,40.05,39.70,39.80,-0.20,50254,2005674,123
2024-01-29,TPEx,8440,綠電,35.60,36.10,35.60,35.95,0.00,62242,2237278,270
2024-01-29,TPEx,8444,綠河-KY,35.80,37.15,35.80,36.60,+0.70,55019,2021923,76
2024-01-29,TPEx,8446,華研,109.00,109.50,108.50,109.50,+1.50,109254,11917633,164
2024-01-29,TPEx,8450,霹靂,23.50,23.65,23.05,23.35,+0.35,81525,1910561,433
2024-01-29,TPEx,8455,大拓-KY,,,,,,1,23,1
2024-01-29,TPEx,8472,夠麻吉,35.25,35.25,34.00,34.05,-0.45,6021,207590,8
2024-01-29,TPEx,8477,創業家,18.50,19.20,18.50,19.20,+0.90,134483,2540253,168
2024-01-29,TPEx,8489,三貝德,27.75,30.30,27.60,29.15,+1.45,766029,22236722,528
2024-01-29,TPEx,8905,裕國,30.15,30.15,30.15,30.15,0.00,17208,518892,38
2024-01-29,TPEx,8906,花王,16.45,16.50,16.40,16.50,+0.05,14030,230793,13
2024-01-29,TPEx,8908,欣雄,56.30,56.30,56.10,56.20,-0.10,21950,1233957,62
2024-01-29,TPEx,8916,光隆,57.40,58.10,57.40,57.80,+0.50,287712,16650597,257
2024-01-29,TPEx,8917,欣泰,61.90,62.10,61.90,62.00,-0.50,10235,635151,16
2024-01-29,TPEx,8921,沈氏,14.55,14.55,14.55,14.55,0.00,2022,29418,5
2024-01-29,TPEx,8923,時報,19.95,19.95,19.90,19.90,-0.05,15003,298809,7
2024-01-29,TPEx,8924,大田,89.40,89.40,88.60,89.10,0.00,35644,3176038,52
2024-01-29,TPEx,8927,北基,50.80,51.00,50.50,50.90,+0.10,301997,15339351,202
2024-01-29,TPEx,8928,鉅明,30.50,30.80,30.50,30.55,0.00,15190,464146,22
2024-01-29,TPEx,8929,富堡,20.30,20.30,20.10,20.15,-0.10,18346,370577,136
2024-01-29,TPEx,8930,青鋼,39.35,39.40,38.35,38.80,-0.75,944655,36770579,637
2024-01-29,TPEx,8931,大汽電,49.15,49.15,48.65,48.80,-0.05,61968,3026239,56
2024-01-29,TPEx,8932,智通,102.50,105.50,100.00,100.00,-1.50,948513,96621370,954
2024-01-29,TPEx,8933,愛地雅,9.80,9.85,9.79,9.82,+0.03,182773,1796751,225
2024-01-29,TPEx,8935,邦泰,11.10,11.15,11.00,11.15,-0.05,98115,1083278,91
2024-01-29,TPEx,8936,國統,49.90,51.50,49.90,51.30,+1.20,11202555,569097527,6192
2024-01-29,TPEx,8937,合騏,20.95,21.70,20.70,20.75,-0.15,58012,1220803,38
2024-01-29,TPEx,8938,明安,71.70,72.30,71.70,71.90,0.00,148485,10672156,324
2024-01-29,TPEx,8941,關中,63.30,63.30,62.10,62.10,0.00,29696,1856362,55
2024-01-29,TPEx,8942,森鉅,73.00,73.00,72.60,72.80,0.00,96817,7049104,117
2024-01-29,TPEx,9949,琉園,17.00,17.05,16.35,17.00,+0.30,103957,1728672,79
2024-01-29,TPEx,9950,萬國通,20.45,20.80,20.35,20.70,+0.40,245104,5030938,156
2024-01-29,TPEx,9951,皇田,70.80,70.90,70.40,70.60,-0.20,110473,7795920,100
2024-01-29,TPEx,9960,邁達康,26.95,26.95,26.80,26.95,+0.10,16123,434021,14
2024-01-29,TPEx,9962,有益,18.05,18.20,18.05,18.10,0.00,119087,2157555,92
