date,market,code,name,open,high,low,close,change,volume,value,transactions
2024-11-14,TWSE,0050,元大台灣50,192.30,192.50,190.10,191.00,-1.75,13318035,2545708981,27052
2024-11-14,TWSE,0051,元大中型100,80.50,80.50,79.55,79.80,-0.65,164929,13188206,452
2024-11-14,TWSE,0052,富邦科技,190.35,190.35,188.05,189.25,-1.30,941978,177996495,2137
2024-11-14,TWSE,0053,元大電子,103.15,103.15,102.45,103.15,-1.35,11111,1141551,139
2024-11-14,TWSE,0055,元大MSCI金融,29.15,29.15,28.75,28.80,-0.23,443002,12800041,488
2024-11-14,TWSE,0056,元大高股息,37.45,37.46,36.99,37.08,-0.41,70953656,2634000614,59884
2024-11-14,TWSE,0057,富邦摩台,140.70,140.95,140.30,140.95,-1.60,13966,1963653,109
2024-11-14,TWSE,0061,元大寶滬深,20.22,20.35,20.17,20.17,-0.01,1403850,28436191,330
2024-11-14,TWSE,006203,元大MSCI台灣,89.90,90.35,89.90,90.35,-1.10,6793,612007,91
2024-11-14,TWSE,006204,永豐臺灣加權,114.00,114.25,113.75,114.25,-1.10,5135,584475,125
2024-11-14,TWSE,006205,富邦上証,34.12,34.45,34.12,34.21,0.09,1099982,37720111,299
2024-11-14,TWSE,006206,元大上證50,32.12,32.40,32.11,32.17,0.07,219346,7074458,136
2024-11-14,TWSE,006207,復華滬深,26.21,26.48,26.21,26.35,0.16,290099,7652356,95
2024-11-14,TWSE,006208,富邦台50,112.70,112.70,111.60,112.05,-0.90,16632102,1863951564,42029
2024-11-14,TWSE,00625K,富邦上証+R,,,,,0.00,0,0,0
2024-11-14,TWSE,00631L,元大台灣50正2,238.35,238.35,232.50,234.10,-4.40,8640329,2033748817,11665
2024-11-14,TWSE,00632R,元大台灣50反1,3.31,3.35,3.30,3.32,0.02,157534665,523628679,5362
2024-11-14,TWSE,00633L,富邦上証正2,41.83,42.64,41.71,42.04,0.33,10008814,421568941,1853
2024-11-14,TWSE,00634R,富邦上証反1,3.96,3.97,3.94,3.97,0.00,146000,576080,25
2024-11-14,TWSE,00635U,期元大S&P黃金,29.54,29.54,29.40,29.40,-0.56,1423049,41907730,986
2024-11-14,TWSE,00636,國泰中國A50,23.42,23.72,23.42,23.51,0.08,2940344,69342616,536
2024-11-14,TWSE,00636K,國泰中國A50+U,7.30,7.30,7.30,7.30,0.05,200,1460,2
2024-11-14,TWSE,00637L,元大滬深300正2,16.88,17.20,16.83,16.95,0.13,102283907,1739958173,10370
2024-11-14,TWSE,00638R,元大滬深300反1,8.38,8.38,8.31,8.37,0.00,3304008,27578136,113
2024-11-14,TWSE,00639,富邦深100,12.87,12.98,12.80,12.80,0.00,3751469,48371835,535
2024-11-14,TWSE,00640L,富邦日本正2,53.15,53.15,52.25,52.35,0.25,315034,16646823,110
2024-11-14,TWSE,00641R,富邦日本反1,6.13,6.18,6.11,6.17,-0.01,1052847,6467014,118
2024-11-14,TWSE,00642U,期元大S&P石油,16.19,16.19,16.11,16.11,-0.06,3240618,52331406,515
2024-11-14,TWSE,00643,群益深証中小,14.10,14.19,14.01,14.01,0.00,16028495,225928583,593
2024-11-14,TWSE,00643K,群益深証中小+R,,,,,0.00,0,0,0
2024-11-14,TWSE,00645,富邦日本,37.56,37.83,37.56,37.66,0.30,6034154,227561213,349
2024-11-14,TWSE,00646,元大S&P500,60.70,61.05,60.70,60.90,0.20,5164506,314596375,1135
2024-11-14,TWSE,00647L,元大S&P500正2,102.45,102.65,102.45,102.45,0.40,156083,16009132,112
2024-11-14,TWSE,00648R,元大S&P500反1,5.11,5.11,5.10,5.11,0.00,469206,2395863,65
2024-11-14,TWSE,00650L,復華香港正2,11.79,12.02,11.61,11.65,-0.11,28173849,332287372,2640
2024-11-14,TWSE,00651R,復華香港反1,7.62,7.69,7.57,7.68,0.04,936120,7140794,96
2024-11-14,TWSE,00652,富邦印度,37.55,37.77,37.55,37.65,-0.24,470802,17724261,373
2024-11-14,TWSE,00653L,富邦印度正2,58.30,58.30,57.70,57.70,-0.95,335538,19413969,307
2024-11-14,TWSE,00654R,富邦印度反1,6.66,6.68,6.64,6.67,0.03,225045,1499569,58
2024-11-14,TWSE,00655L,國泰中國A50正2,28.48,28.95,28.32,28.50,0.15,5043458,144326259,876
2024-11-14,TWSE,00656R,國泰中國A50反1,7.41,7.41,7.34,7.38,-0.03,150000,1104700,23
2024-11-14,TWSE,00657,國泰日經225,45.44,45.50,45.20,45.33,0.06,16614,753618,101
2024-11-14,TWSE,00657K,國泰日經225+U,13.98,13.98,13.98,13.98,-0.15,200,2796,2
2024-11-14,TWSE,00660,元大歐洲50,34.45,34.45,34.28,34.28,0.03,12083,414671,112
2024-11-14,TWSE,00661,元大日經225,49.82,49.82,49.33,49.33,-0.05,85688,4237549,118
2024-11-14,TWSE,00662,富邦NASDAQ,88.00,88.20,87.95,87.95,0.15,3598117,316753101,918
2024-11-14,TWSE,00663L,國泰臺灣加權正2,217.40,217.40,213.00,214.10,-3.80,108290,23396442,46
2024-11-14,TWSE,00664R,國泰臺灣加權反1,3.74,3.79,3.73,3.77,0.03,11349000,42640900,518
2024-11-14,TWSE,00665L,富邦恒生國企正2,7.96,8.12,7.83,7.86,-0.07,65125465,519197348,5479
2024-11-14,TWSE,00666R,富邦恒生國企反1,12.61,12.70,12.47,12.68,0.12,376025,4729396,49
2024-11-14,TWSE,00668,國泰美國道瓊,51.75,52.05,51.75,52.05,0.30,121996,6340032,137
2024-11-14,TWSE,00668K,國泰美國道瓊+U,15.96,15.96,15.96,15.96,0.02,200,3192,2
2024-11-14,TWSE,00669R,國泰美國道瓊反1,6.44,6.46,6.43,6.46,0.00,1050588,6774753,117
2024-11-14,TWSE,00670L,富邦NASDAQ正2,135.75,135.75,135.15,135.25,-0.20,887378,120227009,494
2024-11-14,TWSE,00671R,富邦NASDAQ反1,3.52,3.53,3.51,3.53,0.01,3448000,12132400,186
2024-11-14,TWSE,00673R,期元大S&P原油反1,7.64,7.70,7.64,7.70,0.05,9364702,71814627,481
2024-11-14,TWSE,00674R,期元大S&P黃金反1,9.83,9.88,9.83,9.87,0.18,1856007,18297671,341
2024-11-14,TWSE,00675L,富邦臺灣加權正2,95.35,95.40,92.95,93.80,-1.60,7259398,682651620,7351
2024-11-14,TWSE,00676R,富邦臺灣加權反1,2.08,2.11,2.08,2.09,0.01,11234308,23521157,340
2024-11-14,TWSE,00678,群益那斯達克生技,30.27,30.30,30.24,30.25,-0.15,461588,13979678,77
2024-11-14,TWSE,00680L,元大美債20正2,7.88,7.91,7.86,7.90,-0.20,92528123,729351217,10178
2024-11-14,TWSE,00681R,元大美債20反1,21.11,21.11,21.05,21.06,0.28,34000,716580,16
2024-11-14,TWSE,00682U,期元大美元指數,21.65,21.70,21.65,21.70,0.16,147666,3199841,14
2024-11-14,TWSE,00683L,期元大美元指正2,23.83,24.03,23.83,24.02,0.32,360135,8630912,81
2024-11-14,TWSE,00684R,期元大美元指反1,15.00,15.00,14.91,14.91,-0.11,94153,1406376,36
2024-11-14,TWSE,00685L,群益臺灣加權正2,85.00,85.00,82.85,83.70,-1.40,1485812,124671453,1272
2024-11-14,TWSE,00686R,群益臺灣加權反1,2.26,2.29,2.26,2.28,0.02,736700,1674857,61
2024-11-14,TWSE,00688L,國泰20年美債正2,7.83,7.86,7.81,7.84,-0.20,49339879,386348459,5157
2024-11-14,TWSE,00689R,國泰20年美債反1,21.83,21.85,21.80,21.84,0.31,243050,5304751,15
2024-11-14,TWSE,00690,兆豐藍籌30,34.95,34.95,34.48,34.57,-0.39,1890731,65522872,1366
2024-11-14,TWSE,00692,富邦公司治理,44.97,45.00,44.53,44.82,-0.36,4660921,208553868,3546
2024-11-14,TWSE,00693U,期街口S&P黃豆,20.33,20.42,20.32,20.38,0.16,316394,6449495,67
2024-11-14,TWSE,00700,富邦恒生國企,14.69,14.86,14.60,14.62,-0.08,438618,6455471,151
2024-11-14,TWSE,00701,國泰股利精選30,29.08,29.13,28.90,28.94,-0.27,928504,26951273,252
2024-11-14,TWSE,00702,國泰標普低波高息,25.79,25.79,25.77,25.79,-0.03,13196,340250,50
2024-11-14,TWSE,00703,台新MSCI中國,16.80,17.21,16.80,16.97,-0.03,401035,6851271,123
2024-11-14,TWSE,00706L,期元大S&P日圓正2,5.88,5.89,5.84,5.85,-0.10,18445888,108126237,2124
2024-11-14,TWSE,00707R,期元大S&P日圓反1,30.24,30.24,30.24,30.24,0.00,1000,30240,1
2024-11-14,TWSE,00708L,期元大S&P黃金正2,38.24,38.30,37.85,37.88,-1.44,3167171,120502444,1084
2024-11-14,TWSE,00709,富邦歐洲,28.76,28.76,28.71,28.71,-0.08,52604,1511054,120
2024-11-14,TWSE,00710B,復華彭博非投等債,19.92,19.94,19.91,19.93,0.04,405419,8073999,76
2024-11-14,TWSE,00711B,復華彭博新興債,16.43,16.48,16.43,16.48,-0.02,135869,2237697,88
2024-11-14,TWSE,00712,復華富時不動產,9.64,9.67,9.62,9.63,-0.01,10083838,97184101,2213
2024-11-14,TWSE,00713,元大台灣高息低波,55.85,55.90,55.50,55.50,-0.35,18019939,1002174542,28265
2024-11-14,TWSE,00714,群益道瓊美國地產,21.98,22.01,21.98,22.01,0.22,253828,5582886,138
2024-11-14,TWSE,00715L,期街口布蘭特正2,12.72,12.74,12.63,12.65,-0.06,23767803,301672335,2616
2024-11-14,TWSE,00717,富邦美國特別股,16.44,16.46,16.43,16.45,0.01,132810,2184189,105
2024-11-14,TWSE,00728,第一金工業30,32.44,32.44,32.10,32.14,-0.35,200658,6464221,141
2024-11-14,TWSE,00730,富邦臺灣優質高息,21.90,21.90,21.65,21.67,-0.23,302791,6580319,461
2024-11-14,TWSE,00731,復華富時高息低波,72.40,72.40,71.40,71.60,-0.75,3244860,232919872,2764
2024-11-14,TWSE,00733,富邦臺灣中小,54.45,54.45,53.20,53.50,-0.60,949033,50855385,2090
2024-11-14,TWSE,00735,國泰臺韓科技,32.65,32.65,32.29,32.36,-0.29,238521,7738279,201
2024-11-14,TWSE,00736,國泰新興市場,23.53,23.53,23.53,23.53,0.03,100911,2374303,77
2024-11-14,TWSE,00737,國泰AI機器人,32.35,33.33,32.35,33.31,-0.04,86857,2884190,106
2024-11-14,TWSE,00738U,期元大道瓊白銀,27.17,27.17,26.88,26.96,-0.72,1231134,33259133,598
2024-11-14,TWSE,00739,元大MSCI A股,23.62,23.82,23.62,23.79,0.21,55931,1328315,90
2024-11-14,TWSE,00752,中信中國50,20.71,20.91,20.58,20.60,-0.08,4524356,93672501,748
2024-11-14,TWSE,00753L,中信中國50正2,8.81,9.05,8.75,8.79,0.00,42957762,381429237,5164
2024-11-14,TWSE,00757,統一FANG+,97.55,98.05,97.55,97.90,0.35,3838721,375512752,2660
2024-11-14,TWSE,00762,元大全球AI,68.10,68.35,68.10,68.25,-0.30,112949,7707088,258
2024-11-14,TWSE,00763U,期街口道瓊銅,24.89,24.90,24.56,24.60,-0.61,303019,7490775,192
2024-11-14,TWSE,00770,國泰北美科技,51.05,51.05,50.80,50.80,-0.25,383193,19483832,405
2024-11-14,TWSE,00771,元大US高息特別股,18.22,18.24,18.22,18.22,0.00,5176,94166,101
2024-11-14,TWSE,00775B,台新投等債15+,34.28,34.37,34.28,34.37,-0.30,23813,816737,104
2024-11-14,TWSE,00783,富邦中証500,21.60,21.60,21.17,21.17,-0.17,140847,3009750,103
2024-11-14,TWSE,00830,國泰費城半導體,46.16,46.16,45.93,46.10,-0.63,9885611,455183447,3915
2024-11-14,TWSE,00850,元大臺灣ESG永續,46.07,46.07,45.55,45.71,-0.36,1307290,59856447,2001
2024-11-14,TWSE,00851,台新全球AI,50.10,50.20,49.87,49.98,-0.17,16547,827497,130
2024-11-14,TWSE,00852L,國泰美國道瓊正2,28.95,29.03,28.95,28.96,0.11,911576,26429227,131
2024-11-14,TWSE,00861,元大全球未來通訊,41.97,41.97,41.80,41.86,-0.19,90008,3767705,91
2024-11-14,TWSE,00865B,國泰US短期公債,46.60,46.62,46.59,46.61,0.25,192955,8990626,122
2024-11-14,TWSE,00875,國泰網路資安,36.32,36.50,36.32,36.44,0.12,63935,2331546,106
2024-11-14,TWSE,00876,元大全球5G,37.67,37.67,37.26,37.26,-0.54,225246,8410346,139
2024-11-14,TWSE,00878,國泰永續高股息,22.95,22.95,22.72,22.74,-0.18,298445099,6804975679,130455
2024-11-14,TWSE,00881,國泰台灣科技龍頭,24.70,24.70,24.33,24.40,-0.32,10778570,263634968,5990
2024-11-14,TWSE,00882,中信中國高股息,12.76,12.85,12.65,12.67,-0.05,15510906,197528095,3586
2024-11-14,TWSE,00885,富邦越南,11.65,11.73,11.64,11.68,0.03,3838990,44868062,735
2024-11-14,TWSE,00891,中信關鍵半導體,18.06,18.06,17.82,17.87,-0.23,18383185,329299836,6619
2024-11-14,TWSE,00892,富邦台灣半導體,17.31,17.31,17.09,17.14,-0.19,1858152,31914881,1364
2024-11-14,TWSE,00893,國泰智能電動車,24.77,24.85,24.73,24.79,0.03,2309354,57280508,805
2024-11-14,TWSE,00894,中信小資高價30,21.32,21.32,21.03,21.10,-0.16,1853071,39212074,716
2024-11-14,TWSE,00895,富邦未來車,31.48,31.48,31.33,31.43,-0.07,2271766,71297719,932
2024-11-14,TWSE,00896,中信綠能及電動車,17.97,17.97,17.68,17.73,-0.24,489438,8714318,357
2024-11-14,TWSE,00897,富邦基因免疫生技,8.46,8.46,8.37,8.37,-0.09,825387,6913776,140
2024-11-14,TWSE,00898,國泰基因免疫革命,7.40,7.41,7.40,7.41,0.01,425583,3151771,106
2024-11-14,TWSE,00899,FT潔淨能源,14.32,14.33,14.23,14.23,-0.08,133023,1900180,128
2024-11-14,TWSE,00900,富邦特選高股息30,14.45,14.45,14.30,14.30,-0.15,7198498,103285197,3570
2024-11-14,TWSE,00901,永豐智能車供應鏈,21.59,21.59,21.28,21.30,-0.29,887812,19007621,487
2024-11-14,TWSE,00902,中信電池及儲能,10.70,10.82,10.65,10.65,0.06,3243481,34855132,566
2024-11-14,TWSE,00903,富邦元宇宙,14.90,14.92,14.88,14.88,-0.08,653675,9731903,171
2024-11-14,TWSE,00904,台新臺灣半導體30,17.67,17.68,17.45,17.50,-0.23,753071,13202672,404
2024-11-14,TWSE,00905,FT臺灣Smart,13.73,13.74,13.57,13.61,-0.14,9311930,126892414,4504
2024-11-14,TWSE,00907,永豐優息存股,15.74,15.82,15.68,15.70,-0.04,1471866,23165126,722
2024-11-14,TWSE,00908,富邦入息REITs+,12.80,12.80,12.73,12.74,-0.11,463177,5904719,94
2024-11-14,TWSE,00909,國泰數位支付服務,33.87,33.87,33.50,33.55,-0.61,3515522,118190036,2067
2024-11-14,TWSE,00910,第一金太空衛星,26.50,26.50,26.38,26.43,0.05,370553,9797781,126
2024-11-14,TWSE,00911,兆豐洲際半導體,25.99,25.99,25.79,25.81,-0.43,341236,8812471,329
2024-11-14,TWSE,00912,中信臺灣智慧50,19.03,19.03,18.84,18.90,-0.14,1254742,23738358,882
2024-11-14,TWSE,00913,兆豐台灣晶圓製造,20.33,20.33,20.02,20.07,-0.26,384945,7743012,653
2024-11-14,TWSE,00915,凱基優選高股息30,26.07,26.07,25.80,25.80,-0.24,26191895,677937673,23245
2024-11-14,TWSE,00916,國泰全球品牌50,24.35,24.57,24.35,24.54,0.18,355950,8723453,431
2024-11-14,TWSE,00917,中信特選金融,23.59,23.64,23.59,23.61,0.06,197052,4653150,171
2024-11-14,TWSE,00918,大華優利高填息30,24.39,24.42,24.23,24.27,-0.12,12440059,302576466,3798
2024-11-14,TWSE,00919,群益台灣精選高息,23.20,23.21,23.07,23.07,-0.09,63484605,1467251593,36910
2024-11-14,TWSE,00920,富邦ESG綠色電力,13.26,13.26,13.25,13.25,0.00,117911,1563165,90
2024-11-14,TWSE,00921,兆豐龍頭等權重,17.93,17.93,17.78,17.79,-0.14,1811950,32309720,1220
2024-11-14,TWSE,00922,國泰台灣領袖50,21.52,21.52,21.23,21.34,-0.18,18456987,394146037,8689
2024-11-14,TWSE,00923,群益台ESG低碳50,21.45,21.47,21.25,21.31,-0.21,4920254,105056493,3030
2024-11-14,TWSE,00924,復華S&P500成長,24.80,24.94,24.80,24.88,0.09,2844681,70812135,922
2024-11-14,TWSE,00925,新光標普電動車,17.56,17.88,17.56,17.75,0.40,1455805,25803527,77
2024-11-14,TWSE,00926,凱基全球菁英55,23.50,23.51,23.47,23.47,0.00,963519,22626822,179
2024-11-14,TWSE,00927,群益半導體收益,18.03,18.03,17.80,17.81,-0.27,10361709,185286672,7834
2024-11-14,TWSE,00929,復華台灣科技優息,18.28,18.29,18.07,18.07,-0.21,141726021,2573932035,50677
2024-11-14,TWSE,00930,永豐ESG低碳高息,18.59,18.60,18.37,18.37,-0.22,12638989,233115211,5898
2024-11-14,TWSE,00932,兆豐永續高息等權,16.44,16.44,16.15,16.20,-0.20,17480401,283763640,6529
2024-11-14,TWSE,00934,中信成長高股息,18.52,18.52,18.31,18.34,-0.19,7868331,144706833,3966
2024-11-14,TWSE,00935,野村臺灣新科技50,21.98,21.99,21.69,21.77,-0.25,7123098,155192517,2749
2024-11-14,TWSE,00936,台新永續高息中小,15.79,15.81,15.67,15.67,-0.11,6529115,102706957,2182
2024-11-14,TWSE,00938,凱基優選30,14.75,14.75,14.55,14.61,-0.12,6925437,101526457,1144
2024-11-14,TWSE,00939,統一台灣高息動能,14.37,14.37,14.25,14.26,-0.13,8884733,126970803,2139
2024-11-14,TWSE,00940,元大台灣價值高息,9.47,9.50,9.42,9.42,-0.07,43172658,407774516,12222
2024-11-14,TWSE,00941,中信上游半導體,13.70,13.70,13.62,13.62,-0.14,6732380,91905089,2251
2024-11-14,TWSE,00943,兆豐電子高息等權,15.03,15.07,14.88,14.91,-0.11,18832937,281112196,4619
2024-11-14,TWSE,00944,野村趨勢動能高息,14.57,14.57,14.44,14.44,-0.13,1901568,27538353,962
2024-11-14,TWSE,00945B,凱基美國非投等債,15.37,15.44,15.37,15.43,0.06,15659481,241509352,1744
2024-11-14,TWSE,00946,群益科技高息成長,9.24,9.24,9.14,9.15,-0.09,14667626,134531996,6077
2024-11-14,TWSE,00947,台新臺灣IC設計,13.71,13.75,13.46,13.46,-0.25,3397703,46004950,1195
2024-11-14,TWSE,00949,復華日本龍頭,14.80,14.93,14.80,14.82,0.12,1982876,29486551,336
2024-11-14,TWSE,00951,台新日本半導體,8.30,8.31,8.14,8.14,-0.26,8961730,73553886,2161
2024-11-14,TWSE,00952,凱基台灣AI50,9.87,9.89,9.72,9.74,-0.13,6471828,63243969,1346
2024-11-14,TWSE,00953B,群益優選非投等債,10.23,10.29,10.22,10.28,0.04,14632925,150242516,1208
2024-11-14,TWSE,00954,中信日本半導體,8.76,8.76,8.57,8.58,-0.29,3986534,34505312,861
2024-11-14,TWSE,00956,中信日經高股息,9.64,9.64,9.58,9.59,-0.02,1089034,10457154,126
2024-11-14,TWSE,00960,野村全球航運龍頭,14.87,14.94,14.75,14.80,0.07,5046183,75032863,1303
2024-11-14,TWSE,00961,FT臺灣永續高息,9.65,9.65,9.56,9.56,-0.09,1769330,16964534,476
2024-11-14,TWSE,00963,中信全球高股息,10.00,10.01,9.98,9.98,-0.02,19488306,194815156,1758
2024-11-14,TWSE,00964,中信亞太高股息,10.01,10.02,9.98,9.99,-0.03,9333048,93353992,633
2024-11-14,TWSE,01001T,土銀富邦R1,,,,,0.00,0,0,0
2024-11-14,TWSE,01002T,土銀國泰R1,15.86,15.86,15.86,15.86,0.00,15000,237900,4
2024-11-14,TWSE,01004T,土銀富邦R2,11.95,11.95,11.80,11.93,-0.02,75009,890987,12
2024-11-14,TWSE,01007T,兆豐國泰R2,15.90,15.90,15.90,15.90,0.00,1109,17619,3
2024-11-14,TWSE,01009T,王道圓滿R1,7.20,7.38,7.20,7.25,-0.18,4150,30300,5
2024-11-14,TWSE,01010T,京城樂富R1,9.99,10.00,9.99,10.00,0.00,2000,19990,2
2024-11-14,TWSE,020000,富邦特選蘋果N,,,,,0.00,0,0,0
2024-11-14,TWSE,020011,統一微波高息20N,,,,,0.00,0,0,0
2024-11-14,TWSE,020012,富邦行動通訊N,,,,,0.00,0,0,0
2024-11-14,TWSE,020015,統一MSCI美低波N,,,,,0.00,0,0,0
2024-11-14,TWSE,020016,統一MSCI美科技N,,,,,0.00,0,0,0
2024-11-14,TWSE,020018,統一價值成長30N,,,,,0.00,0,0,0
2024-11-14,TWSE,020019,統一特選台灣5GN,18.99,18.99,18.99,18.99,0.00,1000,18990,1
2024-11-14,TWSE,02001L,富邦蘋果正二N,28.48,28.48,27.70,28.05,-1.05,61000,1708910,26
2024-11-14,TWSE,02001R,富邦蘋果反一N,,,,,0.00,0,0,0
2024-11-14,TWSE,02001S,策元大加權策略N,7.57,7.57,7.53,7.53,-0.06,363000,2743070,4
2024-11-14,TWSE,020020,元大台股領航N,12.17,12.17,12.00,12.06,-0.11,15000,181020,12
2024-11-14,TWSE,020028,元大特選電動車N,9.60,9.60,9.49,9.49,-0.16,19000,180960,6
2024-11-14,TWSE,020029,元大ESG高股息N,9.06,9.06,9.00,9.02,-0.05,9000,81210,7
2024-11-14,TWSE,020030,統一智慧電動車N,6.29,6.29,6.28,6.28,-0.06,109000,684530,4
2024-11-14,TWSE,020031,統一IC設計臺灣N,5.55,5.55,5.52,5.52,-0.06,51000,283020,2
2024-11-14,TWSE,020032,元大綠能N,5.77,5.77,5.77,5.77,-0.05,3000,17310,1
2024-11-14,TWSE,020034,元大IC設計N,7.52,7.52,7.41,7.41,-0.11,22000,163570,9
2024-11-14,TWSE,020036,元大金融配息N,,,,,0.00,0,0,0
2024-11-14,TWSE,020037,元大金融高股息N,6.92,6.92,6.92,6.92,0.00,1000,6920,1
2024-11-14,TWSE,020038,元大ESG配息N,,,,,0.00,0,0,0
2024-11-14,TWSE,020039,元大加權N,6.99,6.99,6.92,6.95,-0.08,829000,5754640,54
2024-11-14,TWSE,1101,台泥,32.45,32.65,32.30,32.35,-0.10,16628243,540191091,6504
2024-11-14,TWSE,1101B,台泥乙特,46.50,46.60,46.40,46.60,0.00,85021,3949574,32
2024-11-14,TWSE,1102,亞泥,45.60,45.95,45.15,45.60,-0.15,6437058,292796212,3975
2024-11-14,TWSE,1103,嘉泥,17.80,17.90,17.65,17.65,-0.20,236597,4203170,232
2024-11-14,TWSE,1104,環泥,29.10,29.25,29.00,29.00,-0.30,553106,16076430,509
2024-11-14,TWSE,1108,幸福,14.50,14.55,14.40,14.40,-0.05,328338,4742505,144
2024-11-14,TWSE,1109,信大,18.35,18.50,18.20,18.25,-0.10,303483,5558917,544
2024-11-14,TWSE,1110,東泥,20.75,21.00,20.50,20.50,-0.25,320513,6650026,233
2024-11-14,TWSE,1201,味全,17.95,18.10,17.90,17.90,-0.05,418274,7515083,248
2024-11-14,TWSE,1203,味王,44.00,44.40,43.50,43.70,-1.25,30608,1347511,75
2024-11-14,TWSE,1210,大成,51.20,51.60,51.10,51.30,0.10,613387,31479084,554
2024-11-14,TWSE,1213,大飲,12.50,12.60,12.05,12.50,0.00,101021,1228912,32
2024-11-14,TWSE,1215,卜蜂,96.70,96.70,96.10,96.10,-0.50,266726,25682052,570
2024-11-14,TWSE,1216,統一,86.10,87.00,85.80,86.00,-0.90,8460538,730376475,3569
2024-11-14,TWSE,1217,愛之味,11.90,12.00,11.85,11.85,-0.05,681977,8115156,336
2024-11-14,TWSE,1218,泰山,20.45,20.50,20.25,20.35,-0.10,657687,13386618,411
2024-11-14,TWSE,1219,福壽,16.85,16.95,16.65,16.70,-0.20,594942,9971133,434
2024-11-14,TWSE,1220,台榮,16.80,17.20,16.80,17.10,0.30,748128,12727595,347
2024-11-14,TWSE,1225,福懋油,77.80,77.80,72.90,72.90,-4.90,65055,4839500,732
2024-11-14,TWSE,1227,佳格,37.20,37.45,37.20,37.20,-0.05,479804,17884719,435
2024-11-14,TWSE,1229,聯華,58.50,58.60,57.70,58.10,-0.70,2037129,118205875,3546
2024-11-14,TWSE,1231,聯華食,117.00,117.00,115.50,116.00,0.00,171310,19906126,393
2024-11-14,TWSE,1232,大統益,146.00,146.50,144.00,144.00,-2.00,197501,28655470,476
2024-11-14,TWSE,1233,天仁,31.85,31.85,31.80,31.80,-0.25,5540,176453,16
2024-11-14,TWSE,1234,黑松,41.25,41.35,41.00,41.10,-0.25,156829,6448417,166
2024-11-14,TWSE,1235,興泰,145.00,146.00,140.00,145.00,-1.50,33010,4726399,57
2024-11-14,TWSE,1236,宏亞,23.10,23.10,22.90,22.90,-0.25,13398,308520,78
2024-11-14,TWSE,1256,鮮活果汁-KY,136.00,137.00,133.50,133.50,-2.50,36432,4902394,175
2024-11-14,TWSE,1301,台塑,44.60,44.70,43.20,43.30,-1.50,21313789,931344734,15710
2024-11-14,TWSE,1303,南亞,40.50,40.50,39.35,39.60,-0.95,12634846,501546450,7411
2024-11-14,TWSE,1304,台聚,13.50,13.50,13.15,13.20,-0.30,2180861,28922751,1673
2024-11-14,TWSE,1305,華夏,15.15,15.20,14.85,14.85,-0.35,1027670,15358903,649
2024-11-14,TWSE,1307,三芳,43.65,44.20,43.10,43.45,0.00,3240582,141342600,1995
2024-11-14,TWSE,1308,亞聚,17.35,17.50,16.90,16.90,-0.65,2528721,43279584,1728
2024-11-14,TWSE,1309,台達化,16.95,17.05,16.45,16.45,-0.45,1346206,22386293,955
2024-11-14,TWSE,1310,台苯,11.40,11.45,11.35,11.35,-0.10,723039,8241330,659
2024-11-14,TWSE,1312,國喬,11.55,11.65,11.30,11.30,-0.25,4198742,48067767,2025
2024-11-14,TWSE,1312A,國喬特,23.20,23.20,23.20,23.20,-0.05,1000,23200,1
2024-11-14,TWSE,1313,聯成,10.60,10.70,10.40,10.45,-0.15,2474986,25959518,2156
2024-11-14,TWSE,1314,中石化,7.93,7.93,7.70,7.71,-0.19,24048872,186921269,8786
2024-11-14,TWSE,1315,達新,70.00,70.00,69.50,69.50,-0.50,22719,1586016,178
2024-11-14,TWSE,1316,上曜,15.15,15.15,14.60,14.65,-0.35,1868919,27618046,944
2024-11-14,TWSE,1319,東陽,108.50,113.00,108.00,109.50,3.50,8078366,893518499,6085
2024-11-14,TWSE,1321,大洋,33.65,33.65,33.00,33.00,-0.60,993101,32999419,458
2024-11-14,TWSE,1323,永裕,26.00,26.00,25.55,25.60,-0.45,49074,1264576,139
2024-11-14,TWSE,1324,地球,12.80,12.90,12.60,12.70,-0.10,60655,770560,82
2024-11-14,TWSE,1325,恆大,27.40,27.50,27.05,27.10,-0.25,167912,4564509,147
2024-11-14,TWSE,1326,台化,35.45,35.60,34.65,34.80,-0.75,11498766,401581904,6286
2024-11-14,TWSE,1337,再生-KY,6.95,6.95,6.87,6.87,-0.08,195484,1348475,226
2024-11-14,TWSE,1338,廣華-KY,30.15,30.25,29.40,29.40,-0.70,278340,8313441,310
2024-11-14,TWSE,1339,昭輝,53.70,54.20,52.80,53.10,-0.60,121412,6487660,160
2024-11-14,TWSE,1340,勝悅-KY,10.05,10.05,9.95,10.00,-0.05,108776,1087161,157
2024-11-14,TWSE,1341,富林-KY,68.00,68.00,67.80,67.80,-0.20,7359,498938,15
2024-11-14,TWSE,1342,八貫,99.30,100.50,99.00,100.00,1.50,499073,49805835,531
2024-11-14,TWSE,1402,遠東新,35.20,35.65,35.15,35.20,-0.25,13658853,483209923,4171
2024-11-14,TWSE,1409,新纖,15.15,15.20,15.00,15.05,-0.10,1426071,21484677,813
2024-11-14,TWSE,1410,南染,36.45,36.70,36.40,36.50,-0.05,30898,1127422,37
2024-11-14,TWSE,1413,宏洲,9.65,9.67,9.58,9.60,-0.01,92140,884177,36
2024-11-14,TWSE,1414,東和,22.60,22.75,21.50,21.75,-0.80,919668,20116389,490
2024-11-14,TWSE,1416,廣豐,13.00,13.10,12.55,12.55,-0.40,1056184,13466685,338
2024-11-14,TWSE,1417,嘉裕,10.00,10.00,9.92,9.93,-0.06,189400,1885109,392
2024-11-14,TWSE,1418,東華,28.10,28.80,28.10,28.40,-0.80,30158,857765,46
2024-11-14,TWSE,1419,新紡,45.05,45.05,44.70,44.75,-0.40,44478,1993315,96
2024-11-14,TWSE,1423,利華,38.15,38.35,37.60,37.75,0.00,27445,1034883,21
2024-11-14,TWSE,1432,大魯閣,19.55,19.60,19.30,19.30,-0.10,295896,5743301,330
2024-11-14,TWSE,1434,福懋,19.90,20.40,19.75,20.10,0.20,2988441,59994103,1446
2024-11-14,TWSE,1435,中福,40.65,41.60,40.65,41.60,-0.25,10746,443235,22
2024-11-14,TWSE,1436,華友聯,119.00,120.00,116.50,116.50,-2.50,267647,31443561,388
2024-11-14,TWSE,1437,勤益控,34.00,34.30,33.95,33.95,-0.05,114176,3884844,97
2024-11-14,TWSE,1438,三地開發,54.70,54.70,52.10,52.30,-1.90,178462,9443609,331
2024-11-14,TWSE,1439,雋揚,30.45,30.45,30.10,30.10,-0.20,20102,606382,18
2024-11-14,TWSE,1440,南紡,15.00,15.10,14.85,14.85,-0.20,1245533,18587931,729
2024-11-14,TWSE,1441,大東,14.45,14.45,14.00,14.05,-0.40,70591,1002273,184
2024-11-14,TWSE,1442,名軒,65.00,65.40,64.30,65.00,0.00,333276,21635898,328
2024-11-14,TWSE,1443,立益物流,33.15,33.25,32.35,32.50,-1.00,26363,862474,34
2024-11-14,TWSE,1444,力麗,9.12,9.15,9.03,9.03,-0.12,796383,7215539,538
2024-11-14,TWSE,1445,大宇,16.75,17.00,16.65,16.65,-0.15,111750,1870033,81
2024-11-14,TWSE,1446,宏和,45.25,45.90,44.80,45.80,1.35,2018010,91845140,1309
2024-11-14,TWSE,1447,力鵬,7.90,7.94,7.73,7.75,-0.26,4085435,31880438,1568
2024-11-14,TWSE,1449,佳和,25.55,25.55,23.60,23.85,-1.70,12535956,308370622,6382
2024-11-14,TWSE,1451,年興,21.05,21.05,20.70,20.75,-0.20,388738,8095037,290
2024-11-14,TWSE,1452,宏益,16.15,16.15,15.75,15.80,-0.40,509976,8121528,192
2024-11-14,TWSE,1453,大將,15.65,15.80,15.35,15.50,-0.05,198887,3096672,343
2024-11-14,TWSE,1454,台富,16.15,16.25,16.05,16.15,-0.05,90431,1462382,67
2024-11-14,TWSE,1455,集盛,10.05,10.05,9.86,9.87,-0.18,1118674,11113994,830
2024-11-14,TWSE,1456,怡華,18.20,18.40,17.90,18.30,-0.10,72080,1309798,60
2024-11-14,TWSE,1457,宜進,19.15,19.30,19.10,19.10,-0.25,120236,2308245,107
2024-11-14,TWSE,1459,聯發,9.86,9.89,9.49,9.60,-0.34,135036,1316062,205
2024-11-14,TWSE,1460,宏遠,7.02,7.03,6.99,6.99,-0.03,706828,4952171,213
2024-11-14,TWSE,1463,強盛新,24.25,24.35,23.85,23.90,-0.55,252730,6095488,109
2024-11-14,TWSE,1464,得力,16.40,16.45,14.90,15.00,-1.50,5616285,87613323,2686
2024-11-14,TWSE,1465,偉全,14.50,14.50,14.30,14.30,-0.20,46056,663579,65
2024-11-14,TWSE,1466,聚隆,14.55,15.15,14.30,14.30,-0.15,971156,14277725,552
2024-11-14,TWSE,1467,南緯,10.95,10.95,10.75,10.75,-0.20,379380,4117175,149
2024-11-14,TWSE,1468,昶和,14.65,14.65,14.40,14.50,-0.15,43001,624014,36
2024-11-14,TWSE,1470,大統新創,19.40,19.75,19.35,19.40,-0.45,24041,467495,17
2024-11-14,TWSE,1471,首利,14.85,15.30,14.35,15.10,0.40,6224876,93217427,2575
2024-11-14,TWSE,1472,三洋實業,58.80,59.10,58.50,58.70,-0.50,33171,1945119,24
2024-11-14,TWSE,1473,台南,35.05,35.40,34.90,34.90,-0.30,298731,10477464,374
2024-11-14,TWSE,1474,弘裕,14.10,14.10,13.40,13.40,-0.70,387619,5282076,265
2024-11-14,TWSE,1475,業旺,60.00,60.90,58.00,58.00,-4.50,541573,32089375,450
2024-11-14,TWSE,1476,儒鴻,546.00,552.00,540.00,543.00,-6.00,383854,209389961,771
2024-11-14,TWSE,1477,聚陽,333.50,340.00,332.00,332.00,-3.00,672966,225399388,848
2024-11-14,TWSE,1503,士電,205.00,209.00,203.00,204.00,-0.50,997179,204599177,1188
2024-11-14,TWSE,1504,東元,50.50,51.70,50.50,51.50,0.90,8029678,411900394,5530
2024-11-14,TWSE,1506,正道,13.40,13.40,13.00,13.00,-0.40,186200,2447110,109
2024-11-14,TWSE,1512,瑞利,7.16,7.30,7.00,7.30,0.14,22625,160297,26
2024-11-14,TWSE,1513,中興電,163.00,166.00,159.00,160.50,-2.50,5848774,946764246,5839
2024-11-14,TWSE,1514,亞力,113.00,115.00,108.00,108.50,-5.50,3868315,426739257,4055
2024-11-14,TWSE,1515,力山,32.00,32.10,31.00,31.00,-1.00,600456,18844092,449
2024-11-14,TWSE,1516,川飛,17.70,17.70,16.80,17.05,-0.55,265436,4529774,179
2024-11-14,TWSE,1517,利奇,14.50,14.60,14.30,14.30,-0.30,291146,4185379,519
2024-11-14,TWSE,1519,華城,640.00,655.00,630.00,630.00,-4.00,4854657,3119991359,5521
2024-11-14,TWSE,1521,大億,36.70,36.70,36.20,36.20,-0.45,18016,657333,17
2024-11-14,TWSE,1522,堤維西,62.10,62.70,61.30,61.30,-0.50,2247080,139194128,1792
2024-11-14,TWSE,1522A,堤維西甲特,,,,,0.00,431,20019,1
2024-11-14,TWSE,1524,耿鼎,38.40,38.40,37.35,37.70,-0.70,14756933,558787299,9438
2024-11-14,TWSE,1525,江申,64.10,64.10,63.70,63.70,-0.90,21371,1364226,32
2024-11-14,TWSE,1526,日馳,25.55,25.70,24.45,24.45,-1.10,178302,4414700,181
2024-11-14,TWSE,1527,鑽全,43.00,43.15,42.20,42.25,-0.85,647650,27538709,528
2024-11-14,TWSE,1528,恩德,18.10,18.95,17.90,18.00,0.10,15284970,279824968,6155
2024-11-14,TWSE,1529,樂事綠能,26.80,27.30,26.50,26.50,-0.55,256012,6853665,300
2024-11-14,TWSE,1530,亞崴,31.20,31.30,30.70,30.70,-0.50,163091,5035444,262
2024-11-14,TWSE,1531,高林股,15.25,16.70,15.25,16.70,1.50,2888592,46670535,1387
2024-11-14,TWSE,1532,勤美,36.00,36.00,33.80,33.95,-2.65,9084815,315021517,4454
2024-11-14,TWSE,1533,車王電,45.45,45.45,43.10,43.30,-0.90,95503,4185977,200
2024-11-14,TWSE,1535,中宇,60.50,60.90,59.30,59.90,-1.10,109346,6584182,287
2024-11-14,TWSE,1536,和大,57.40,59.50,57.40,57.40,-0.20,2672739,155890405,2047
2024-11-14,TWSE,1537,廣隆,148.00,149.00,147.50,147.50,0.50,459993,68168578,435
2024-11-14,TWSE,1538,正峰,18.20,18.20,18.00,18.00,0.10,5186,93903,10
2024-11-14,TWSE,1539,巨庭,26.00,26.00,25.00,25.00,-0.60,326638,8247600,238
2024-11-14,TWSE,1540,喬福,38.30,39.20,38.15,38.20,-0.40,1698870,65390802,1087
2024-11-14,TWSE,1541,錩泰,28.25,28.75,27.25,27.25,-1.20,118405,3296255,99
2024-11-14,TWSE,1558,伸興,103.50,103.50,102.50,102.50,-1.00,89032,9157650,126
2024-11-14,TWSE,1560,中砂,315.00,323.00,312.00,315.50,7.00,6203247,1971604929,6183
2024-11-14,TWSE,1563,巧新,56.40,57.00,56.10,56.20,-0.30,279462,15757167,205
2024-11-14,TWSE,1568,倉佑,28.25,28.60,27.85,27.90,-0.30,238821,6689889,185
2024-11-14,TWSE,1582,信錦,95.10,95.90,93.50,93.50,-1.60,832271,78579549,871
2024-11-14,TWSE,1583,程泰,59.60,59.60,57.90,57.90,-1.60,143222,8375855,155
2024-11-14,TWSE,1587,吉茂,43.00,46.90,43.00,46.90,4.25,4098923,189309887,1939
2024-11-14,TWSE,1589,永冠-KY,38.80,38.95,38.00,38.10,-0.80,439651,16839005,581
2024-11-14,TWSE,1590,亞德客-KY,870.00,887.00,853.00,859.00,-11.00,533640,460572570,1049
2024-11-14,TWSE,1597,直得,92.60,93.10,90.10,90.50,-1.40,920378,83962046,955
2024-11-14,TWSE,1598,岱宇,27.80,27.85,27.10,27.25,-0.75,311480,8550007,195
2024-11-14,TWSE,1603,華電,37.40,37.45,36.45,37.00,-0.20,3042788,112466203,1404
2024-11-14,TWSE,1604,聲寶,28.25,28.40,28.15,28.20,-0.25,170695,4818068,176
2024-11-14,TWSE,1605,華新,27.60,27.75,27.25,27.25,-0.35,10213829,280547596,5240
2024-11-14,TWSE,1608,華榮,29.45,29.75,28.60,28.60,-0.80,1423616,41182921,1064
2024-11-14,TWSE,1609,大亞,44.85,45.35,44.40,44.60,-0.20,3169512,141651014,2231
2024-11-14,TWSE,1611,中電,17.40,18.15,17.15,17.95,0.85,15609823,277539701,5281
2024-11-14,TWSE,1612,宏泰,34.75,34.80,33.50,33.50,-0.95,1061598,36038857,717
2024-11-14,TWSE,1614,三洋電,39.50,40.00,39.35,39.35,-0.30,75092,2966428,62
2024-11-14,TWSE,1615,大山,58.60,58.70,57.50,57.70,-1.20,117752,6835855,140
2024-11-14,TWSE,1616,億泰,21.85,22.15,21.65,21.65,-0.15,917089,20030970,465
2024-11-14,TWSE,1617,榮星,19.20,19.20,18.45,18.45,-0.55,392300,7324255,315
2024-11-14,TWSE,1618,合機,45.70,49.30,44.20,49.30,4.45,25673547,1188325999,13471
2024-11-14,TWSE,1626,艾美特-KY,14.70,14.70,14.60,14.60,-0.10,23996,351768,69
2024-11-14,TWSE,1702,南僑,53.50,53.70,53.00,53.00,-0.40,511801,27241288,545
2024-11-14,TWSE,1707,葡萄王,152.00,153.00,150.50,151.00,-1.50,210001,31849525,322
2024-11-14,TWSE,1708,東鹼,42.35,42.95,41.80,42.15,-0.20,4396146,185806529,3118
2024-11-14,TWSE,1709,和益,21.85,21.90,21.65,21.80,0.05,626856,13651383,427
2024-11-14,TWSE,1710,東聯,16.70,16.85,16.50,16.65,-0.15,981226,16327293,699
2024-11-14,TWSE,1711,永光,23.35,23.60,22.70,22.70,-0.55,2420887,55771726,1469
2024-11-14,TWSE,1712,興農,43.15,43.85,43.15,43.70,0.55,642305,27945213,656
2024-11-14,TWSE,1713,國化,49.75,49.75,48.65,48.65,-1.10,269296,13218985,150
2024-11-14,TWSE,1714,和桐,8.43,8.43,8.34,8.36,-0.05,1386641,11603997,501
2024-11-14,TWSE,1717,長興,29.25,29.60,29.05,29.05,-0.25,1730666,50499054,1131
2024-11-14,TWSE,1718,中纖,8.05,8.09,7.92,7.93,-0.07,2710101,21615686,1000
2024-11-14,TWSE,1720,生達,63.60,63.80,63.10,63.30,-0.30,315838,20018854,300
2024-11-14,TWSE,1721,國慶科技,19.10,19.20,18.20,18.25,-0.65,3106945,57582076,1706
2024-11-14,TWSE,1722,台肥,54.50,55.10,54.40,55.10,0.30,1012558,55446949,857
2024-11-14,TWSE,1723,中碳,95.70,96.00,95.00,95.00,-0.70,284799,27135968,497
2024-11-14,TWSE,1725,元禎,41.40,41.40,39.20,39.20,-0.25,162775,6517658,145
2024-11-14,TWSE,1726,永記,76.30,76.30,76.00,76.00,-0.30,28458,2164515,35
2024-11-14,TWSE,1727,中華化,36.05,36.45,34.60,34.70,-1.30,1524452,53677282,1054
2024-11-14,TWSE,1730,花仙子,52.90,52.90,52.90,52.90,0.00,17297,915114,23
2024-11-14,TWSE,1731,美吾華,22.95,23.00,22.80,22.80,-0.15,162048,3708839,138
2024-11-14,TWSE,1732,毛寶,28.20,28.20,27.60,27.65,-0.25,111434,3106110,123
2024-11-14,TWSE,1733,五鼎,28.45,28.50,27.90,28.10,-0.40,201363,5660090,183
2024-11-14,TWSE,1734,杏輝,30.50,30.60,30.40,30.45,-0.05,124075,3785299,248
2024-11-14,TWSE,1735,日勝化,21.20,21.20,20.50,20.50,-0.55,203317,4206476,134
2024-11-14,TWSE,1736,喬山,140.50,146.00,140.00,140.00,-0.50,1113973,158546285,916
2024-11-14,TWSE,1737,臺鹽,32.95,32.95,32.35,32.35,-0.55,623802,20284093,565
2024-11-14,TWSE,1752,南光,42.95,43.00,42.55,42.55,-0.50,105425,4499110,127
2024-11-14,TWSE,1760,寶齡富錦,93.70,93.70,90.60,90.60,-2.10,205653,18820310,309
2024-11-14,TWSE,1762,中化生,40.80,40.80,38.50,38.50,-2.40,519977,20483141,1170
2024-11-14,TWSE,1773,勝一,163.00,164.50,161.50,164.00,1.00,199579,32527668,228
2024-11-14,TWSE,1776,展宇,19.15,19.15,18.75,18.85,-0.20,69058,1303632,66
2024-11-14,TWSE,1783,和康生,42.60,42.60,41.80,41.85,-1.05,68624,2890483,115
2024-11-14,TWSE,1786,科妍,100.50,101.50,93.70,93.70,-6.30,2051201,197995568,2293
2024-11-14,TWSE,1789,神隆,23.15,23.40,23.00,23.00,-0.30,502306,11613129,385
2024-11-14,TWSE,1795,美時,281.50,294.50,281.00,282.00,0.50,6888465,1978507244,8426
2024-11-14,TWSE,1802,台玻,18.15,18.40,17.75,17.90,-0.35,7005420,126091961,2415
2024-11-14,TWSE,1805,寶徠,18.55,18.55,18.40,18.40,-0.15,144658,2673015,80
2024-11-14,TWSE,1806,冠軍,10.10,10.20,9.94,9.96,-0.04,734540,7356223,378
2024-11-14,TWSE,1808,潤隆,41.05,41.20,40.55,40.55,-0.65,3462367,141255665,2635
2024-11-14,TWSE,1809,中釉,19.70,19.80,19.45,19.50,0.00,460605,9034348,329
2024-11-14,TWSE,1810,和成,16.90,17.00,16.70,16.70,-0.20,399970,6726121,234
2024-11-14,TWSE,1817,凱撒衛,42.65,42.80,42.20,42.20,-0.30,272844,11571822,323
2024-11-14,TWSE,1903,士紙,53.10,53.20,52.30,52.30,-0.80,194387,10221965,154
2024-11-14,TWSE,1904,正隆,22.10,22.25,21.90,22.05,-0.15,1645182,36259590,1356
2024-11-14,TWSE,1905,華紙,18.00,18.05,17.55,17.55,-0.35,1193707,21151836,940
2024-11-14,TWSE,1906,寶隆,15.00,15.25,14.90,14.90,-0.20,37494,561155,52
2024-11-14,TWSE,1907,永豐餘,29.70,29.90,29.40,29.80,0.10,1754559,52054135,1002
2024-11-14,TWSE,1909,榮成,12.60,12.70,12.25,12.30,-0.40,3076743,38103830,1439
2024-11-14,TWSE,2002,中鋼,22.35,22.40,22.10,22.25,-0.20,14872731,330334099,6239
2024-11-14,TWSE,2002A,中鋼特,41.95,41.95,41.85,41.85,-0.10,21270,890709,22
2024-11-14,TWSE,2006,東和鋼鐵,73.10,73.80,72.70,73.50,0.20,1017764,74427601,2965
2024-11-14,TWSE,2007,燁興,10.35,10.40,10.00,10.00,-0.40,1750285,17684930,543
2024-11-14,TWSE,2008,高興昌,31.80,31.80,31.55,31.55,-0.10,53561,1693371,32
2024-11-14,TWSE,2009,第一銅,40.00,40.40,38.80,39.20,-0.80,1387201,54703549,1192
2024-11-14,TWSE,2010,春源,18.10,18.10,17.70,17.70,-0.40,1732994,30949266,1346
2024-11-14,TWSE,2012,春雨,24.35,24.45,24.25,24.30,-0.05,111747,2717643,134
2024-11-14,TWSE,2013,中鋼構,52.80,53.00,52.50,52.50,-0.30,49308,2598111,204
2024-11-14,TWSE,2014,中鴻,20.40,20.55,19.90,19.90,-0.40,5158594,103582885,2499
2024-11-14,TWSE,2015,豐興,75.90,76.90,75.90,76.60,0.00,245781,18759998,478
2024-11-14,TWSE,2017,官田鋼,11.90,12.15,11.30,11.85,-0.15,2429933,28325796,1259
2024-11-14,TWSE,2020,美亞,28.10,28.25,27.95,28.00,-0.10,535591,15030634,631
2024-11-14,TWSE,2022,聚亨,9.50,9.64,9.30,9.30,-0.20,677098,6339651,474
2024-11-14,TWSE,2023,燁輝,15.15,15.25,15.05,15.15,-0.10,2579270,39045103,596
2024-11-14,TWSE,2024,志聯,20.70,20.70,19.80,19.80,-1.05,9970,199587,30
2024-11-14,TWSE,2025,千興,11.10,11.20,10.90,10.90,-0.15,399450,4405393,192
2024-11-14,TWSE,2027,大成鋼,33.20,33.30,32.55,32.65,-0.65,8311890,273003765,4437
2024-11-14,TWSE,2028,威致,22.90,22.90,22.35,22.50,-0.50,230834,5211393,188
2024-11-14,TWSE,2029,盛餘,25.05,25.05,24.55,24.70,-0.35,412834,10208035,235
2024-11-14,TWSE,2030,彰源,18.90,18.95,18.05,18.05,-0.75,704593,12872708,525
2024-11-14,TWSE,2031,新光鋼,50.00,50.00,48.80,49.10,-0.75,1251248,61544120,1053
2024-11-14,TWSE,2032,新鋼,15.05,15.20,14.90,14.90,-0.25,154045,2313930,102
2024-11-14,TWSE,2033,佳大,25.35,26.85,24.80,26.85,2.05,2724467,71101203,1378
2024-11-14,TWSE,2034,允強,19.90,20.05,19.35,19.35,-0.55,2334100,45828093,1587
2024-11-14,TWSE,2038,海光,18.20,18.20,17.10,17.10,-0.95,1574064,27792843,723
2024-11-14,TWSE,2049,上銀,237.00,239.50,230.50,231.00,-7.00,2896199,675554691,2964
2024-11-14,TWSE,2059,川湖,1370.00,1435.00,1365.00,1385.00,20.00,1738268,2437379160,2245
2024-11-14,TWSE,2062,橋椿,32.40,32.45,31.60,31.60,-0.55,1467726,46902086,872
2024-11-14,TWSE,2069,運錩,19.05,19.20,18.70,18.70,-0.40,548257,10368253,364
2024-11-14,TWSE,2101,南港,48.00,48.00,44.50,45.40,-2.55,12193485,555809684,6488
2024-11-14,TWSE,2102,泰豐,21.60,21.85,21.15,21.40,-0.30,1687366,36227114,495
2024-11-14,TWSE,2103,台橡,23.55,23.65,22.95,23.10,-0.55,2852159,66079232,1182
2024-11-14,TWSE,2104,國際中橡,14.95,15.05,14.85,15.00,-0.05,1594144,23803577,697
2024-11-14,TWSE,2105,正新,45.30,46.35,45.20,45.35,0.00,7345876,336173119,3310
2024-11-14,TWSE,2106,建大,28.55,28.80,28.30,28.50,-0.10,1130702,32241234,850
2024-11-14,TWSE,2107,厚生,25.70,25.75,25.45,25.50,-0.25,380253,9728569,597
2024-11-14,TWSE,2108,南帝,34.55,34.60,34.05,34.15,-0.40,428409,14672062,354
2024-11-14,TWSE,2109,華豐,17.70,18.00,17.60,17.60,0.00,463135,8239617,290
2024-11-14,TWSE,2114,鑫永銓,94.60,95.00,94.00,94.00,-0.80,55222,5215677,30
2024-11-14,TWSE,2115,六暉-KY,31.00,31.10,30.80,30.80,-0.20,82249,2543628,65
2024-11-14,TWSE,2201,裕隆,56.30,57.00,54.10,54.10,-1.70,4509587,248700071,3247
2024-11-14,TWSE,2204,中華,74.00,74.10,72.30,72.40,-1.30,5114771,373548999,4128
2024-11-14,TWSE,2206,三陽工業,68.70,69.30,68.60,68.80,0.00,3292496,226558790,1923
2024-11-14,TWSE,2207,和泰車,618.00,629.00,615.00,627.00,8.00,230962,143828056,417
2024-11-14,TWSE,2208,台船,17.30,17.35,16.85,16.85,-0.45,3865643,65981643,2169
2024-11-14,TWSE,2211,長榮鋼,106.00,106.00,102.50,102.50,-3.00,584910,60938412,527
2024-11-14,TWSE,2227,裕日車,90.90,91.20,89.00,89.00,-1.90,145898,13065808,405
2024-11-14,TWSE,2228,劍麟,106.00,106.00,103.00,103.00,-2.00,490415,51180712,516
2024-11-14,TWSE,2231,為升,106.00,108.00,104.00,104.00,-2.00,540633,56967326,538
2024-11-14,TWSE,2233,宇隆,164.00,165.50,160.00,160.00,-3.50,385817,62563687,514
2024-11-14,TWSE,2236,百達-KY,117.00,121.50,115.50,116.00,-1.00,846837,100421333,633
2024-11-14,TWSE,2239,英利-KY,39.60,39.85,36.85,38.60,-1.75,274050,10533992,253
2024-11-14,TWSE,2241,艾姆勒,31.40,31.40,30.00,30.15,-0.85,660648,20094609,460
2024-11-14,TWSE,2243,宏旭-KY,19.50,20.05,19.40,19.45,0.10,679003,13382069,514
2024-11-14,TWSE,2247,汎德永業,290.00,291.50,289.50,290.00,-0.50,57227,16604321,118
2024-11-14,TWSE,2250,IKKA-KY,96.60,97.50,95.30,95.40,-0.90,263141,25293716,427
2024-11-14,TWSE,2254,巨鎧精密-創,80.10,85.20,78.30,85.20,3.50,360000,29197500,116
2024-11-14,TWSE,2258,鴻華先進-創,40.05,40.55,39.90,39.95,-0.25,231290,9267385,151
2024-11-14,TWSE,2301,光寶科,107.00,107.50,105.00,105.00,-2.00,8411285,892267806,5153
2024-11-14,TWSE,2302,麗正,18.45,18.60,18.15,18.20,-0.45,894873,16410458,403
2024-11-14,TWSE,2303,聯電,45.60,45.60,45.00,45.00,-0.80,79049126,3572529777,38267
2024-11-14,TWSE,2305,全友,17.25,17.50,17.00,17.00,-0.20,284041,4877940,212
2024-11-14,TWSE,2308,台達電,395.00,395.50,386.00,389.00,-4.50,7491836,2917167487,9970
2024-11-14,TWSE,2312,金寶,26.95,27.05,25.85,26.70,-0.25,59679919,1583447600,22427
2024-11-14,TWSE,2313,華通,62.70,63.20,61.60,62.10,-0.70,8548517,532094172,5152
2024-11-14,TWSE,2314,台揚,32.50,32.55,30.80,30.95,-1.25,2260380,70969569,1583
2024-11-14,TWSE,2316,楠梓電,54.60,55.00,53.50,53.90,-0.60,2216640,120133148,2127
2024-11-14,TWSE,2317,鴻海,215.00,215.50,209.00,211.50,-3.00,72322171,15335395727,55336
2024-11-14,TWSE,2321,東訊,15.15,16.70,15.15,16.70,0.30,19857,313445,23
2024-11-14,TWSE,2323,中環,11.70,11.90,11.60,11.60,-0.05,4410717,51561678,1388
2024-11-14,TWSE,2324,仁寶,38.20,38.65,37.65,38.10,0.25,54927332,2096502461,20996
2024-11-14,TWSE,2327,國巨*,552.00,555.00,534.00,534.00,-17.00,3067921,1657767921,5276
2024-11-14,TWSE,2328,廣宇,38.55,39.30,37.95,38.20,-0.25,4838487,186064051,3836
2024-11-14,TWSE,2329,華泰,35.90,36.20,34.50,34.60,-1.25,4785121,167820883,3272
2024-11-14,TWSE,2330,台積電,1030.00,1040.00,1025.00,1035.00,0.00,49328914,50864201443,62545
2024-11-14,TWSE,2331,精英,23.40,23.50,22.85,22.90,-0.35,1896699,43708091,982
2024-11-14,TWSE,2332,友訊,19.50,20.50,19.50,19.65,0.45,10652188,213275115,4154
2024-11-14,TWSE,2337,旺宏,22.05,22.05,21.00,21.00,-1.00,14719073,313337335,7486
2024-11-14,TWSE,2338,光罩,55.80,55.90,55.10,55.20,-0.80,675350,37415263,791
2024-11-14,TWSE,2340,台亞,32.05,32.20,31.20,31.20,-0.85,1384201,43734779,1059
2024-11-14,TWSE,2342,茂矽,34.10,34.10,33.00,33.05,-1.05,581530,19419842,614
2024-11-14,TWSE,2344,華邦電,18.35,18.35,17.70,17.70,-0.65,28467962,511165261,14452
2024-11-14,TWSE,2345,智邦,608.00,622.00,593.00,594.00,-14.00,4974241,3024217484,5161
2024-11-14,TWSE,2347,聯強,73.60,74.20,73.10,73.50,-0.30,4073681,299997898,2620
2024-11-14,TWSE,2348,海悅,158.50,160.50,155.50,157.00,0.50,1111980,175415089,1250
2024-11-14,TWSE,2348A,海悅甲特,35.25,35.25,35.10,35.10,-0.05,3100,108935,4
2024-11-14,TWSE,2349,錸德,14.80,15.15,14.60,14.95,0.30,28713711,428201829,9313
2024-11-14,TWSE,2351,順德,99.00,99.40,97.00,97.00,-1.40,2298993,224725376,2210
2024-11-14,TWSE,2352,佳世達,36.50,36.55,35.95,36.15,-0.30,3393795,122748585,1933
2024-11-14,TWSE,2353,宏碁,38.20,38.45,37.50,37.55,-0.70,18381574,695387933,9936
2024-11-14,TWSE,2354,鴻準,93.60,95.50,91.50,92.00,-1.60,70322763,6546643830,35895
2024-11-14,TWSE,2355,敬鵬,39.20,39.40,38.45,38.55,-0.65,1433983,55537705,1088
2024-11-14,TWSE,2356,英業達,50.80,51.10,49.50,50.00,-1.00,32359882,1623853292,16690
2024-11-14,TWSE,2357,華碩,615.00,631.00,613.00,623.00,12.00,6514720,4064904944,6207
2024-11-14,TWSE,2359,所羅門,138.50,139.50,136.00,136.00,-2.50,2160726,296345706,2115
2024-11-14,TWSE,2360,致茂,437.50,440.00,416.00,420.00,-19.50,4633932,1972973666,4739
2024-11-14,TWSE,2362,藍天,55.40,56.00,54.00,54.10,-1.00,2373916,130367052,1921
2024-11-14,TWSE,2363,矽統,72.50,73.50,72.00,72.30,0.10,6147051,446825655,4092
2024-11-14,TWSE,2364,倫飛,87.40,87.40,82.50,82.50,-2.90,384244,32213624,2242
2024-11-14,TWSE,2365,昆盈,46.45,46.50,43.35,43.55,-2.10,4798764,215512355,3243
2024-11-14,TWSE,2367,燿華,30.65,30.90,30.20,30.20,-0.45,3958693,120260038,2181
2024-11-14,TWSE,2368,金像電,176.00,180.50,173.00,180.00,2.50,6944584,1232689913,5823
2024-11-14,TWSE,2369,菱生,18.95,19.00,18.20,18.20,-0.65,2341683,43068039,1348
2024-11-14,TWSE,2371,大同,45.10,45.55,44.65,45.00,-0.15,3456328,155422390,2054
2024-11-14,TWSE,2373,震旦行,66.40,67.10,66.20,66.20,-0.40,67373,4478476,165
2024-11-14,TWSE,2374,佳能,46.95,48.70,46.95,47.10,0.20,4574842,218431472,3370
2024-11-14,TWSE,2375,凱美,64.30,64.40,63.00,63.00,-1.40,342696,21721662,320
2024-11-14,TWSE,2376,技嘉,301.50,302.50,291.00,291.00,-9.50,10360833,3060735627,27556
2024-11-14,TWSE,2377,微星,172.00,174.00,170.50,171.00,-1.00,5201000,894780814,3594
2024-11-14,TWSE,2379,瑞昱,494.00,495.50,485.00,487.00,-8.00,2395173,1173853243,2447
2024-11-14,TWSE,2380,虹光,6.20,6.23,6.00,6.20,0.00,329181,2021268,568
2024-11-14,TWSE,2382,廣達,319.00,320.50,310.00,314.50,-7.50,27530632,8668073711,44423
2024-11-14,TWSE,2383,台光電,439.00,445.00,436.00,441.50,3.00,4295829,1900052559,5042
2024-11-14,TWSE,2385,群光,155.00,156.50,154.00,154.50,-1.50,2160625,334998645,1736
2024-11-14,TWSE,2387,精元,60.40,61.30,59.50,61.10,0.80,3017141,182688470,1876
2024-11-14,TWSE,2388,威盛,107.00,108.00,105.00,105.00,-1.50,6094704,647354374,4084
2024-11-14,TWSE,2390,云辰,13.60,13.75,12.90,12.90,-0.80,1291188,17044610,1034
2024-11-14,TWSE,2392,正崴,75.60,75.90,71.60,72.00,-3.10,31289790,2304167887,23326
2024-11-14,TWSE,2393,億光,76.50,78.70,75.20,77.60,1.60,3353777,259033395,2800
2024-11-14,TWSE,2395,研華,324.00,329.50,324.00,328.00,3.00,1678896,549430412,1426
2024-11-14,TWSE,2397,友通,72.60,73.30,70.90,71.10,-1.90,599467,43070229,595
2024-11-14,TWSE,2399,映泰,33.30,33.45,32.15,32.60,-0.60,7331098,239746540,3795
2024-11-14,TWSE,2401,凌陽,28.50,28.70,27.85,27.85,-0.75,3309039,92965403,2072
2024-11-14,TWSE,2402,毅嘉,40.60,41.70,39.85,40.15,-0.85,4603948,186065817,3204
2024-11-14,TWSE,2404,漢唐,380.50,383.00,373.00,378.00,0.00,2925810,1107126720,3717
2024-11-14,TWSE,2405,輔信,20.45,21.40,20.45,21.10,0.70,13051201,275815345,5149
2024-11-14,TWSE,2406,國碩,17.30,17.35,16.70,16.70,-0.60,1939587,32818575,1285
2024-11-14,TWSE,2408,南亞科,38.05,38.10,36.85,36.85,-1.30,17259366,642779365,9142
2024-11-14,TWSE,2409,友達,15.85,15.95,15.55,15.55,-0.30,22602812,354131606,6360
2024-11-14,TWSE,2412,中華電,123.00,123.50,122.50,122.50,-1.00,6013364,738764749,2748
2024-11-14,TWSE,2413,環科,26.75,28.50,26.75,26.90,0.25,4934874,136694392,3366
2024-11-14,TWSE,2414,精技,38.65,39.65,38.50,39.50,0.85,684510,26771962,543
2024-11-14,TWSE,2415,錩新,26.60,26.65,25.75,25.75,-0.50,208760,5434040,153
2024-11-14,TWSE,2417,圓剛,39.60,39.70,38.80,38.80,-0.80,455088,17778657,454
2024-11-14,TWSE,2419,仲琦,32.20,32.55,31.70,31.75,-0.75,1202274,38416436,920
2024-11-14,TWSE,2420,新巨,67.30,68.00,66.20,66.40,-0.80,371608,24769964,355
2024-11-14,TWSE,2421,建準,99.40,106.00,99.30,102.00,3.60,12320356,1271006619,9150
2024-11-14,TWSE,2423,固緯,42.05,43.05,42.00,42.20,-0.15,139901,5939866,300
2024-11-14,TWSE,2424,隴華,80.60,80.60,80.40,80.40,-0.20,47488,3823931,33
2024-11-14,TWSE,2425,承啟,42.65,43.10,41.50,41.50,-1.55,1254026,52649448,1010
2024-11-14,TWSE,2426,鼎元,20.25,20.55,20.10,20.10,-0.30,1773488,35898854,989
2024-11-14,TWSE,2427,三商電,26.05,26.10,25.50,25.70,-0.40,700256,18019958,494
2024-11-14,TWSE,2428,興勤,163.50,165.00,161.00,161.00,-3.00,234070,37936983,377
2024-11-14,TWSE,2429,銘旺科,30.65,30.80,30.00,30.20,-0.45,639177,19445016,303
2024-11-14,TWSE,2430,燦坤,31.75,32.00,31.70,31.80,-0.10,67458,2148106,104
2024-11-14,TWSE,2431,聯昌,17.10,17.35,15.85,15.85,-1.35,7480161,122588933,2963
2024-11-14,TWSE,2432,倚天酷碁-創,33.60,33.80,33.10,33.15,-0.60,19015,633795,19
2024-11-14,TWSE,2433,互盛電,50.10,50.20,50.00,50.10,0.00,39139,1959884,39
2024-11-14,TWSE,2434,統懋,31.80,32.20,31.80,31.95,0.05,10036,321996,7
2024-11-14,TWSE,2436,偉詮電,53.70,54.00,52.00,52.00,-1.80,894026,47153496,938
2024-11-14,TWSE,2438,翔耀,43.20,43.90,42.45,42.45,-1.45,145034,6241084,160
2024-11-14,TWSE,2439,美律,104.50,105.00,102.00,103.00,-1.50,2205362,227205248,1682
2024-11-14,TWSE,2440,太空梭,14.10,14.15,13.50,13.55,-0.55,339962,4666484,233
2024-11-14,TWSE,2441,超豐,56.30,56.30,55.40,55.40,-0.90,1335070,74316491,1224
2024-11-14,TWSE,2442,新美齊,24.80,24.80,24.15,24.20,-0.55,855952,20923301,540
2024-11-14,TWSE,2444,兆勁,15.05,15.40,14.90,15.00,-0.65,2008594,30360974,808
2024-11-14,TWSE,2449,京元電子,129.00,131.00,124.00,126.00,-2.50,21978767,2777734987,14864
2024-11-14,TWSE,2450,神腦,34.55,34.55,34.45,34.50,-0.10,96048,3312874,137
2024-11-14,TWSE,2451,創見,92.50,93.00,90.80,91.70,-1.20,1003835,91776254,1007
2024-11-14,TWSE,2453,凌群,53.70,54.10,52.20,52.20,-1.50,567197,30080757,606
2024-11-14,TWSE,2454,聯發科,1260.00,1265.00,1230.00,1235.00,-20.00,4605044,5717344476,11474
2024-11-14,TWSE,2455,全新,158.50,160.00,150.50,151.00,-5.50,9741148,1505211414,8637
2024-11-14,TWSE,2457,飛宏,41.00,41.30,40.00,40.00,-1.10,1494483,60346143,1501
2024-11-14,TWSE,2458,義隆,152.50,152.50,147.00,148.00,-4.50,2333321,346456744,1931
2024-11-14,TWSE,2459,敦吉,70.60,71.10,70.40,70.50,-0.30,50049,3532888,50
2024-11-14,TWSE,2460,建通,23.50,23.95,23.10,23.25,-0.35,243550,5689258,238
2024-11-14,TWSE,2461,光群雷,21.20,21.20,20.55,20.55,-0.55,729289,15119443,454
2024-11-14,TWSE,2462,良得電,27.10,27.15,26.50,26.50,-0.55,374229,9990183,305
2024-11-14,TWSE,2464,盟立,76.00,76.60,74.70,75.00,-1.00,2053578,154614958,1981
2024-11-14,TWSE,2465,麗臺,73.40,73.90,68.70,69.20,-4.10,1033593,72247879,1173
2024-11-14,TWSE,2466,冠西電,33.80,34.10,32.90,32.90,-1.05,13001,433683,14
2024-11-14,TWSE,2467,志聖,216.50,220.50,206.50,207.50,-9.00,4223500,886033504,5642
2024-11-14,TWSE,2468,華經,22.55,22.60,22.05,22.05,-0.20,118323,2624669,96
2024-11-14,TWSE,2471,資通,47.35,47.35,46.50,46.50,-0.80,98532,4602896,128
2024-11-14,TWSE,2472,立隆電,74.10,77.10,74.00,76.30,2.40,2154633,163907782,1629
2024-11-14,TWSE,2474,可成,218.50,221.00,214.00,214.00,-3.50,2709732,590177317,2088
2024-11-14,TWSE,2476,鉅祥,94.40,95.20,89.50,89.50,-2.60,9311712,860774645,7144
2024-11-14,TWSE,2477,美隆電,33.60,34.05,32.05,33.80,0.40,6536294,216662753,4061
2024-11-14,TWSE,2478,大毅,46.05,46.30,45.65,46.00,-0.05,164310,7543388,160
2024-11-14,TWSE,2480,敦陽科,126.50,127.00,125.50,127.00,0.00,146582,18525788,292
2024-11-14,TWSE,2481,強茂,53.60,54.10,51.90,51.90,-1.30,1778094,93472851,1581
2024-11-14,TWSE,2482,連宇,28.55,28.75,27.70,27.70,-0.85,363991,10267674,342
2024-11-14,TWSE,2483,百容,22.70,22.70,22.40,22.40,-0.40,96563,2177371,77
2024-11-14,TWSE,2484,希華,27.45,27.60,26.50,26.90,-0.55,392327,10631534,347
2024-11-14,TWSE,2485,兆赫,17.00,17.15,16.75,16.75,-0.30,518304,8767061,479
2024-11-14,TWSE,2486,一詮,116.50,119.00,114.00,115.00,-0.50,11786578,1368232949,6646
2024-11-14,TWSE,2488,漢平,52.00,52.20,50.70,51.40,-0.60,799087,41122982,686
2024-11-14,TWSE,2489,瑞軒,20.00,20.20,19.80,19.85,-0.05,4169120,83154031,3133
2024-11-14,TWSE,2491,吉祥全,13.15,13.15,12.75,12.85,-0.30,79234,1020191,61
2024-11-14,TWSE,2492,華新科,98.70,99.20,95.50,95.50,-3.10,2811938,271661571,2527
2024-11-14,TWSE,2493,揚博,113.50,114.50,109.00,109.00,-4.00,2001284,221795276,1705
2024-11-14,TWSE,2495,普安,38.80,38.80,36.30,36.65,-1.90,7644387,285923884,5228
2024-11-14,TWSE,2496,卓越,77.50,77.80,77.00,77.30,-0.20,88574,6853358,95
2024-11-14,TWSE,2497,怡利電,69.60,69.80,67.90,68.70,-0.50,1666588,114335995,1406
2024-11-14,TWSE,2498,宏達電,43.95,44.15,42.25,42.50,-1.40,6107997,261904232,3954
2024-11-14,TWSE,2501,國建,24.55,24.65,24.15,24.25,-0.15,1373283,33428800,739
2024-11-14,TWSE,2504,國產,53.50,55.50,52.30,55.50,1.20,6007636,324358290,4644
2024-11-14,TWSE,2505,國揚,21.20,21.20,20.80,20.80,-0.50,333084,6960005,216
2024-11-14,TWSE,2506,太設,11.85,11.85,11.45,11.50,-0.35,804597,9365208,388
2024-11-14,TWSE,2509,全坤建,17.50,17.85,16.80,16.80,-0.70,470887,8045260,494
2024-11-14,TWSE,2511,太子,10.50,10.60,10.40,10.40,-0.10,880101,9220409,383
2024-11-14,TWSE,2514,龍邦,20.65,21.05,20.55,20.55,-0.05,396154,8195559,256
2024-11-14,TWSE,2515,中工,10.60,10.65,10.40,10.40,-0.30,8244623,86477494,2990
2024-11-14,TWSE,2516,新建,13.05,13.30,13.00,13.00,-0.10,590181,7766606,300
2024-11-14,TWSE,2520,冠德,50.20,51.90,50.20,51.70,1.30,4832879,248100694,3299
2024-11-14,TWSE,2524,京城,78.30,79.10,77.20,77.30,-0.70,714887,55619391,980
2024-11-14,TWSE,2527,宏璟,34.20,35.95,34.00,35.30,1.15,1417812,49771392,1254
2024-11-14,TWSE,2528,皇普,37.05,37.05,36.20,36.20,-0.30,272560,9943042,192
2024-11-14,TWSE,2530,華建,39.15,40.40,39.15,39.35,0.10,427025,16980626,323
2024-11-14,TWSE,2534,宏盛,25.85,26.00,25.00,25.00,-1.20,1282670,32608735,927
2024-11-14,TWSE,2535,達欣工,49.00,49.15,48.60,48.60,-0.40,361003,17624469,370
2024-11-14,TWSE,2536,宏普,28.85,29.05,28.55,28.60,-0.40,148478,4264079,103
2024-11-14,TWSE,2537,聯上發,14.10,14.10,13.60,13.65,-0.30,1183641,16319179,609
2024-11-14,TWSE,2538,基泰,15.95,16.05,15.85,15.85,-0.25,334303,5316670,166
2024-11-14,TWSE,2539,櫻花建,50.00,50.10,49.60,49.95,-0.05,474034,23636264,413
2024-11-14,TWSE,2540,愛山林,85.30,86.30,84.50,86.10,0.40,1480716,126481967,894
2024-11-14,TWSE,2542,興富發,42.95,42.95,42.20,42.55,-0.25,3459090,147069430,2910
2024-11-14,TWSE,2543,皇昌,81.70,86.70,81.40,84.00,2.40,9881314,830964383,6766
2024-11-14,TWSE,2545,皇翔,66.90,68.70,66.50,67.40,0.70,1136803,76401675,1304
2024-11-14,TWSE,2546,根基,73.10,73.50,72.70,73.30,-0.40,97201,7103773,204
2024-11-14,TWSE,2547,日勝生,9.55,9.62,9.45,9.45,-0.12,1225868,11644426,541
2024-11-14,TWSE,2548,華固,123.50,124.50,122.00,123.50,0.00,1019508,125857403,981
2024-11-14,TWSE,2597,潤弘,144.00,145.50,141.50,142.00,-1.00,374168,53643508,1014
2024-11-14,TWSE,2601,益航,7.91,7.95,7.73,7.73,-0.18,2513959,19719671,1010
2024-11-14,TWSE,2603,長榮,221.00,223.00,218.00,220.00,0.50,36843757,8125675406,22051
2024-11-14,TWSE,2605,新興,28.30,28.60,27.85,27.90,-0.35,8257913,232714410,4177
2024-11-14,TWSE,2606,裕民,59.70,60.50,59.30,60.50,1.00,9790657,589317700,6271
2024-11-14,TWSE,2607,榮運,30.60,30.60,30.20,30.45,0.05,1154507,35153821,627
2024-11-14,TWSE,2608,嘉里大榮,39.25,39.35,39.00,39.00,-0.35,204949,8021048,188
2024-11-14,TWSE,2609,陽明,71.50,72.20,70.60,70.80,-0.50,42829838,3056398053,21291
2024-11-14,TWSE,2610,華航,23.45,23.75,23.30,23.45,0.10,36223396,852551626,10889
2024-11-14,TWSE,2611,志信,23.25,23.45,22.70,22.70,-0.90,1460347,33518243,942
2024-11-14,TWSE,2612,中航,45.65,46.15,45.25,45.25,-0.50,528475,24124603,381
2024-11-14,TWSE,2613,中櫃,34.90,35.60,33.70,33.70,-1.00,3340255,115450948,2442
2024-11-14,TWSE,2614,東森,18.20,18.30,17.90,18.15,0.00,765276,13809160,541
2024-11-14,TWSE,2615,萬海,91.00,91.50,89.40,89.80,-0.80,24944404,2257015430,15278
2024-11-14,TWSE,2616,山隆,20.20,20.25,20.05,20.05,-0.15,144075,2897767,207
2024-11-14,TWSE,2617,台航,32.55,32.65,32.10,32.15,-0.35,944751,30571045,574
2024-11-14,TWSE,2618,長榮航,39.95,40.90,39.75,40.50,0.65,97044089,3930501569,35636
2024-11-14,TWSE,2630,亞航,31.10,31.20,30.60,30.60,-0.50,397050,12208627,318
2024-11-14,TWSE,2633,台灣高鐵,28.50,28.65,28.40,28.40,-0.10,2883277,82127591,1809
2024-11-14,TWSE,2634,漢翔,44.85,45.10,43.50,43.50,-1.40,5423164,238147612,3990
2024-11-14,TWSE,2636,台驊控股,86.80,86.80,83.00,83.80,-2.20,1224385,103520382,1515
2024-11-14,TWSE,2637,慧洋-KY,80.30,81.00,79.30,80.20,0.30,5990567,481070863,4272
2024-11-14,TWSE,2642,宅配通,38.20,38.65,37.50,37.50,-0.90,267555,10134774,482
2024-11-14,TWSE,2645,長榮航太,93.10,93.30,91.70,91.80,-1.80,736582,67916300,997
2024-11-14,TWSE,2646,星宇航空,28.35,28.45,27.90,27.95,-0.35,12233255,344069213,7203
2024-11-14,TWSE,2701,萬企,12.70,12.75,12.65,12.70,-0.05,97420,1236699,53
2024-11-14,TWSE,2702,華園,17.10,17.20,17.00,17.05,-0.05,65424,1115361,75
2024-11-14,TWSE,2704,國賓,56.50,57.00,55.50,55.70,-1.10,110713,6206770,118
2024-11-14,TWSE,2705,六福,17.85,17.95,17.60,17.60,-0.25,308196,5488124,267
2024-11-14,TWSE,2706,第一店,14.95,15.05,14.85,14.85,-0.10,106795,1592577,123
2024-11-14,TWSE,2707,晶華,197.50,198.00,196.00,196.00,-1.50,141687,27894892,283
2024-11-14,TWSE,2712,遠雄來,24.80,24.80,24.50,24.70,0.15,10019,246234,7
2024-11-14,TWSE,2722,夏都,38.90,39.05,37.45,38.90,0.00,182565,7014888,172
2024-11-14,TWSE,2723,美食-KY,90.60,90.90,89.10,89.20,-1.30,406942,36535068,492
2024-11-14,TWSE,2727,王品,237.00,237.50,231.50,231.50,-6.50,457737,107071729,4385
2024-11-14,TWSE,2731,雄獅,123.50,123.50,119.00,119.00,-3.00,1115077,134018348,1587
2024-11-14,TWSE,2739,寒舍,52.20,52.50,50.60,50.80,-1.20,338304,17331612,326
2024-11-14,TWSE,2748,雲品,57.10,57.70,56.70,56.70,-0.60,136403,7773270,151
2024-11-14,TWSE,2753,八方雲集,148.00,148.00,145.50,146.00,-2.00,396404,58069103,748
2024-11-14,TWSE,2762,世界健身-KY,96.00,96.20,93.80,94.90,-0.40,348449,33023699,477
2024-11-14,TWSE,2801,彰銀,17.50,17.65,17.50,17.55,0.05,14546962,255399396,3300
2024-11-14,TWSE,2809,京城銀,47.95,48.40,47.60,47.90,-0.25,2662247,127746305,1740
2024-11-14,TWSE,2812,台中銀,17.65,17.70,17.65,17.65,-0.05,3003907,53074660,1947
2024-11-14,TWSE,2816,旺旺保,31.65,31.70,31.10,31.20,-0.45,300965,9433175,187
2024-11-14,TWSE,2820,華票,14.90,14.95,14.85,14.90,0.00,775028,11560574,508
2024-11-14,TWSE,2832,台產,28.20,28.30,28.10,28.20,0.05,178978,5043404,148
2024-11-14,TWSE,2834,臺企銀,14.70,14.90,14.70,14.75,0.05,12038033,177930902,5564
2024-11-14,TWSE,2836,高雄銀,11.55,11.60,11.45,11.50,-0.10,1545045,17808128,863
2024-11-14,TWSE,2836A,高雄銀甲特,21.55,21.60,21.55,21.60,0.05,10000,215600,5
2024-11-14,TWSE,2838,聯邦銀,15.05,15.15,15.00,15.00,-0.10,1591711,23976390,807
2024-11-14,TWSE,2838A,聯邦銀甲特,52.70,53.00,52.60,52.90,0.00,130100,6857060,40
2024-11-14,TWSE,2845,遠東銀,13.15,13.20,13.05,13.10,-0.10,4195491,54919466,1815
2024-11-14,TWSE,2849,安泰銀,14.05,14.10,14.00,14.00,-0.10,161150,2261107,78
2024-11-14,TWSE,2850,新產,97.80,98.60,96.50,98.30,0.30,367701,35812684,494
2024-11-14,TWSE,2851,中再保,25.40,25.45,25.20,25.30,-0.20,2802122,70844109,1419
2024-11-14,TWSE,2852,第一保,24.00,24.20,23.95,24.05,0.00,449484,10821467,268
2024-11-14,TWSE,2855,統一證,26.55,26.65,26.35,26.55,0.00,1404462,37200434,924
2024-11-14,TWSE,2867,三商壽,6.98,7.04,6.93,6.95,-0.05,8978728,62640501,2211
2024-11-14,TWSE,2880,華南金,25.30,25.40,25.10,25.25,-0.20,12018523,303529673,6158
2024-11-14,TWSE,2881,富邦金,90.60,91.40,90.00,90.30,-0.70,18182110,1643024159,10746
2024-11-14,TWSE,2881A,富邦特,62.70,62.80,62.60,62.80,0.10,55852,3500680,32
2024-11-14,TWSE,2881B,富邦金乙特,59.80,60.00,59.70,60.00,0.10,40162,2402189,33
2024-11-14,TWSE,2881C,富邦金丙特,52.70,52.90,52.70,52.80,0.10,95557,5045026,95
2024-11-14,TWSE,2882,國泰金,66.50,67.10,66.10,66.20,-0.60,26753611,1778216787,9514
2024-11-14,TWSE,2882A,國泰特,60.60,60.60,60.50,60.60,0.00,56204,3405539,23
2024-11-14,TWSE,2882B,國泰金乙特,58.90,59.00,58.90,58.90,0.00,122425,7210865,88
2024-11-14,TWSE,2883,凱基金,16.90,17.00,16.75,16.85,-0.05,39490818,665175365,7391
2024-11-14,TWSE,2883B,凱基金乙特,7.90,7.91,7.83,7.87,-0.05,2163835,16995463,480
2024-11-14,TWSE,2884,玉山金,27.00,27.10,26.70,26.70,-0.40,39180544,1050295675,14652
2024-11-14,TWSE,2885,元大金,32.65,32.85,32.35,32.70,0.05,21353966,697286313,6535
2024-11-14,TWSE,2886,兆豐金,38.95,39.35,38.90,39.00,-0.30,19672134,769072546,10083
2024-11-14,TWSE,2887,台新新光金,17.00,17.05,16.80,16.85,-0.20,47514401,804563075,11626
2024-11-14,TWSE,2887E,台新新光戊特一,50.90,51.00,50.90,51.00,0.00,41059,2093196,23
2024-11-14,TWSE,2887F,台新新光戊特二,45.60,45.70,45.60,45.70,0.10,3056,139439,5
2024-11-14,TWSE,2887Z1,台新新光己特,16.10,16.10,16.05,16.05,-0.05,13488,216656,5
2024-11-14,TWSE,2888,新光金,11.25,11.30,11.15,11.20,-0.05,58406741,654406255,5922
2024-11-14,TWSE,2888A,新光金甲特,35.45,35.45,35.45,35.45,0.00,5056,179225,8
2024-11-14,TWSE,2888B,新光金乙特,35.40,35.40,35.20,35.20,-0.20,113689,4018151,53
2024-11-14,TWSE,2889,國票金,14.20,14.40,14.10,14.20,-0.05,6058189,86210470,2010
2024-11-14,TWSE,2890,永豐金,22.75,23.00,22.60,22.70,-0.15,28763095,655335978,7027
2024-11-14,TWSE,2891,中信金,36.45,36.90,36.45,36.65,0.10,52753086,1934419498,13506
2024-11-14,TWSE,2891B,中信金乙特,60.50,60.70,60.50,60.70,0.00,24286,1473403,16
2024-11-14,TWSE,2891C,中信金丙特,55.80,56.00,55.70,56.00,0.10,96395,5381924,28
2024-11-14,TWSE,2892,第一金,26.50,26.60,26.20,26.20,-0.40,33662022,886668436,13827
2024-11-14,TWSE,2897,王道銀行,9.77,9.80,9.71,9.73,-0.06,3501952,34127966,1069
2024-11-14,TWSE,2897B,王道銀乙特,11.65,11.65,11.65,11.65,-0.05,120969,1409337,33
2024-11-14,TWSE,2901,欣欣,28.10,28.50,27.80,27.80,-0.30,31281,876672,55
2024-11-14,TWSE,2903,遠百,25.55,25.70,25.45,25.60,-0.10,1293711,33057067,1035
2024-11-14,TWSE,2904,匯僑,18.05,18.30,18.00,18.15,0.10,96343,1754692,47
2024-11-14,TWSE,2905,三商,16.80,16.90,15.95,16.30,-0.45,2552425,41806051,1297
2024-11-14,TWSE,2906,高林,17.90,17.90,17.50,17.70,-0.25,630629,11160940,1178
2024-11-14,TWSE,2908,特力,20.10,20.15,19.95,20.10,-0.05,423971,8500246,164
2024-11-14,TWSE,2910,統領,24.35,25.00,24.35,24.60,0.10,46000,1134650,26
2024-11-14,TWSE,2911,麗嬰房,9.10,9.10,8.95,8.95,-0.20,127354,1150147,187
2024-11-14,TWSE,2912,統一超,269.00,270.50,268.00,268.00,-1.00,1575468,422907928,2569
2024-11-14,TWSE,2913,農林,20.50,20.50,20.05,20.10,-0.25,1669460,33714096,787
2024-11-14,TWSE,2915,潤泰全,78.00,78.20,75.80,76.20,-1.80,5308229,406172399,4169
2024-11-14,TWSE,2923,鼎固-KY,28.25,28.25,26.60,27.20,-1.35,231464,6326556,210
2024-11-14,TWSE,2929,淘帝-KY,13.10,13.75,12.95,13.30,0.50,4789474,64051590,2469
2024-11-14,TWSE,2939,永邑-KY,34.50,34.50,34.00,34.25,0.30,59003,2023002,39
2024-11-14,TWSE,2945,三商家購,42.00,42.00,41.40,41.45,-0.15,17205,714935,21
2024-11-14,TWSE,3002,歐格,15.40,15.40,15.10,15.15,-0.15,107504,1634364,70
2024-11-14,TWSE,3003,健和興,82.00,82.30,77.30,78.00,-4.00,6752618,534314618,6283
2024-11-14,TWSE,3004,豐達科,88.50,88.80,87.60,87.60,-0.90,84673,7448029,334
2024-11-14,TWSE,3005,神基,114.00,116.00,112.50,113.50,-1.00,1689844,192338776,1421
2024-11-14,TWSE,3006,晶豪科,69.00,69.00,66.60,66.80,-1.70,2748635,184512624,2236
2024-11-14,TWSE,3008,大立光,2355.00,2370.00,2310.00,2315.00,-40.00,588871,1374475190,2506
2024-11-14,TWSE,3010,華立,121.00,122.00,119.00,119.00,-2.00,1030326,123643111,927
2024-11-14,TWSE,3011,今皓,25.50,26.30,25.25,25.95,0.30,1038666,26715502,824
2024-11-14,TWSE,3013,晟銘電,168.00,172.00,162.00,162.00,-2.50,32983848,5493178597,21559
2024-11-14,TWSE,3014,聯陽,145.00,145.50,141.00,142.00,-2.50,1160734,165289641,1230
2024-11-14,TWSE,3015,全漢,69.70,70.30,64.10,65.00,-1.70,17072005,1136661532,11423
2024-11-14,TWSE,3016,嘉晶,55.10,55.60,53.80,53.80,-1.30,368122,19997697,331
2024-11-14,TWSE,3017,奇鋐,680.00,694.00,670.00,685.00,24.00,10804194,7359676864,12409
2024-11-14,TWSE,3018,隆銘綠能,32.60,35.50,32.60,32.70,0.10,306571,10239954,275
2024-11-14,TWSE,3019,亞光,106.50,107.00,103.00,104.00,-2.50,4573009,477556985,3317
2024-11-14,TWSE,3021,鴻名,31.10,31.95,30.10,31.25,1.25,1496218,46499553,1093
2024-11-14,TWSE,3022,威強電,74.00,74.80,73.40,73.40,-0.60,622639,46027810,461
2024-11-14,TWSE,3023,信邦,254.00,257.00,251.00,251.00,-2.50,1686749,428308705,1686
2024-11-14,TWSE,3024,憶聲,19.90,20.40,19.55,19.65,-0.40,9910111,198783856,2068
2024-11-14,TWSE,3025,星通,79.20,80.80,76.80,76.80,-2.40,3837296,301403943,2912
2024-11-14,TWSE,3026,禾伸堂,89.80,90.00,89.20,90.00,-0.10,95640,8564470,135
2024-11-14,TWSE,3027,盛達,34.40,36.00,33.95,34.15,0.05,1252160,43390475,882
2024-11-14,TWSE,3028,增你強,31.75,31.95,31.30,31.80,0.05,487447,15370971,381
2024-11-14,TWSE,3029,零壹,100.50,100.50,98.50,99.90,0.30,1107731,110211206,1045
2024-11-14,TWSE,3030,德律,140.00,141.00,134.00,134.50,-4.50,1190949,162282389,1184
2024-11-14,TWSE,3031,佰鴻,20.70,21.00,20.50,20.50,-0.20,650787,13473446,414
2024-11-14,TWSE,3032,偉訓,66.00,66.20,62.40,63.40,-2.40,1669682,106307870,1333
2024-11-14,TWSE,3033,威健,34.30,34.30,33.70,34.00,-0.25,1979406,67235324,1397
2024-11-14,TWSE,3034,聯詠,490.00,490.00,478.00,478.50,-12.50,4704450,2264663878,6523
2024-11-14,TWSE,3035,智原,224.00,226.50,218.50,220.00,-2.00,4478229,991407464,4246
2024-11-14,TWSE,3036,文曄,109.50,110.50,108.00,110.00,1.00,2972968,324893554,2132
2024-11-14,TWSE,3036A,文曄甲特,49.30,49.35,49.25,49.35,0.05,313332,15450044,131
2024-11-14,TWSE,3037,欣興,168.50,170.00,164.00,166.00,-3.50,14952350,2489731673,11281
2024-11-14,TWSE,3038,全台,26.60,26.90,26.60,26.70,0.00,343613,9191439,294
2024-11-14,TWSE,3040,遠見,44.20,44.30,43.50,43.90,-0.25,213734,9374984,189
2024-11-14,TWSE,3041,揚智,28.40,28.50,27.50,27.50,-1.15,612978,17073848,3430
2024-11-14,TWSE,3042,晶技,113.50,113.50,110.00,111.50,-1.50,1781537,198095319,1594
2024-11-14,TWSE,3043,科風,32.65,33.65,30.90,30.90,-1.20,1444469,46995472,1150
2024-11-14,TWSE,3044,健鼎,188.50,190.00,187.00,187.00,-1.50,1736499,326541768,1438
2024-11-14,TWSE,3045,台灣大,114.50,115.50,114.00,114.00,-0.50,5800064,664482355,2246
2024-11-14,TWSE,3046,建碁,55.40,55.40,54.30,54.30,-0.90,157391,8619062,229
2024-11-14,TWSE,3047,訊舟,36.25,36.65,35.00,35.10,-1.25,5574577,198740955,3528
2024-11-14,TWSE,3048,益登,33.30,34.15,32.70,32.70,-3.60,7419708,245340114,5115
2024-11-14,TWSE,3049,精金,11.00,11.45,10.90,10.90,-0.30,8570315,94969535,2850
2024-11-14,TWSE,3050,鈺德,19.60,19.60,18.80,18.85,-0.55,3739249,71609413,1759
2024-11-14,TWSE,3051,力特,32.05,32.10,31.30,31.35,-0.45,548145,17285348,535
2024-11-14,TWSE,3052,夆典,11.85,12.00,11.80,11.80,0.05,310201,3684668,235
2024-11-14,TWSE,3054,立萬利,21.75,22.20,21.75,22.10,-0.20,7415,162971,19
2024-11-14,TWSE,3055,蔚華科,68.80,69.50,67.70,67.90,-0.80,432377,29478518,479
2024-11-14,TWSE,3056,富華新,33.25,33.35,32.30,32.30,-0.95,1528652,50193571,2152
2024-11-14,TWSE,3057,喬鼎,12.50,12.50,12.05,12.20,-0.30,138215,1692246,176
2024-11-14,TWSE,3058,立德,17.25,17.30,17.00,17.05,-0.20,426520,7290181,277
2024-11-14,TWSE,3059,華晶科,33.00,33.15,32.15,32.25,-0.80,944600,30708410,919
2024-11-14,TWSE,3060,銘異,24.35,24.35,23.50,23.50,-0.55,1139010,27070944,747
2024-11-14,TWSE,3062,建漢,34.40,35.80,33.85,34.15,-0.15,25805759,894341333,13300
2024-11-14,TWSE,3090,日電貿,63.70,68.70,63.70,68.70,6.20,16182407,1098404456,8491
2024-11-14,TWSE,3092,鴻碩,31.05,31.15,29.55,29.95,-1.05,1013348,30441627,740
2024-11-14,TWSE,3094,聯傑,30.30,30.40,29.70,29.80,-0.50,391064,11735989,222
2024-11-14,TWSE,3130,一零四,218.00,218.50,217.50,218.00,0.50,19116,4167385,146
2024-11-14,TWSE,3138,耀登,105.50,106.50,101.00,102.00,-4.00,241336,24918530,371
2024-11-14,TWSE,3149,正達,35.65,37.50,35.05,36.30,0.60,16916276,613577993,9343
2024-11-14,TWSE,3150,鈺寶-創,32.35,32.35,30.90,30.90,-1.75,66028,2081714,54
2024-11-14,TWSE,3164,景岳,20.65,21.20,20.35,20.35,-0.35,176473,3627016,757
2024-11-14,TWSE,3167,大量,134.50,136.00,131.00,132.50,-0.50,6597450,879620649,4722
2024-11-14,TWSE,3168,眾福科,48.30,48.50,47.75,47.75,-0.55,37080,1780370,28
2024-11-14,TWSE,3189,景碩,99.70,100.50,97.00,97.20,-1.90,7981479,783215314,6954
2024-11-14,TWSE,3209,全科,39.65,39.75,38.75,39.25,-0.15,1161186,45435460,926
2024-11-14,TWSE,3229,晟鈦,19.75,19.75,19.30,19.60,-0.05,31175,608412,78
2024-11-14,TWSE,3231,緯創,121.50,121.50,118.00,118.50,-2.50,36216914,4325836023,19573
2024-11-14,TWSE,3257,虹冠電,63.60,64.80,61.00,61.00,-2.90,612652,38223973,858
2024-11-14,TWSE,3266,昇陽,18.95,18.95,18.35,18.35,-0.60,236356,4395507,153
2024-11-14,TWSE,3296,勝德,26.45,26.65,26.05,26.35,-0.20,234204,6160911,182
2024-11-14,TWSE,3305,昇貿,66.00,66.40,64.50,64.80,-1.20,591105,38560594,568
2024-11-14,TWSE,3308,聯德,24.10,24.10,23.45,23.50,-0.10,111192,2626938,188
2024-11-14,TWSE,3311,閎暉,36.70,36.70,36.00,36.05,-0.10,70925,2562227,133
2024-11-14,TWSE,3312,弘憶股,65.20,65.90,62.70,62.80,-2.60,2072052,133060457,1915
2024-11-14,TWSE,3321,同泰,16.20,16.20,15.85,15.90,-0.30,139176,2218942,80
2024-11-14,TWSE,3338,泰碩,69.70,69.70,69.70,69.70,6.30,1918468,133717185,1032
2024-11-14,TWSE,3346,麗清,37.15,37.20,36.05,36.10,-1.00,458681,16717457,353
2024-11-14,TWSE,3356,奇偶,61.90,62.00,60.70,60.70,-1.50,609333,37277384,2264
2024-11-14,TWSE,3376,新日興,192.00,192.50,182.50,185.00,0.00,11662120,2183382770,8739
2024-11-14,TWSE,3380,明泰,35.35,35.75,34.80,34.85,-0.50,1026152,36069740,990
2024-11-14,TWSE,3406,玉晶光,450.00,451.00,440.50,441.00,-7.00,772663,343015867,1261
2024-11-14,TWSE,3413,京鼎,323.00,323.00,309.00,309.50,-11.50,2527247,788254020,4965
2024-11-14,TWSE,3416,融程電,149.00,149.50,144.50,146.00,-2.50,271287,39730994,382
2024-11-14,TWSE,3419,譁裕,18.25,18.65,18.00,18.25,-0.25,1883679,34357779,1022
2024-11-14,TWSE,3432,台端,19.60,20.00,18.90,19.85,0.70,139443,2747320,100
2024-11-14,TWSE,3437,榮創,24.30,24.30,23.10,23.20,-0.85,734204,17225961,512
2024-11-14,TWSE,3443,創意,1200.00,1240.00,1185.00,1230.00,35.00,1705021,2069661105,2475
2024-11-14,TWSE,3447,展達,97.00,98.60,90.00,90.00,-10.00,2262809,212190018,2200
2024-11-14,TWSE,3450,聯鈞,244.50,248.50,238.50,239.50,-4.50,16771159,4081406471,12171
2024-11-14,TWSE,3454,晶睿,137.00,141.00,132.00,135.50,0.00,1167598,159600304,1101
2024-11-14,TWSE,3481,群創,15.25,15.30,14.85,14.85,-0.40,68197370,1023975465,17620
2024-11-14,TWSE,3501,維熹,62.40,62.90,61.30,61.30,-0.40,559816,34547361,529
2024-11-14,TWSE,3504,揚明光,61.10,61.10,59.50,59.50,-1.70,302806,18192817,488
2024-11-14,TWSE,3515,華擎,233.50,238.00,230.00,235.00,-2.00,1379825,323551607,2592
2024-11-14,TWSE,3518,柏騰,30.85,31.25,29.70,29.75,-1.10,1205499,36364158,844
2024-11-14,TWSE,3528,安馳,50.50,50.60,50.20,50.20,-0.20,74280,3744615,70
2024-11-14,TWSE,3530,晶相光,94.30,94.80,90.80,91.50,-3.10,273783,25323963,317
2024-11-14,TWSE,3532,台勝科,118.50,119.50,115.50,116.00,-3.00,582105,67965059,741
2024-11-14,TWSE,3533,嘉澤,1750.00,1780.00,1690.00,1695.00,-45.00,1041294,1792090245,1640
2024-11-14,TWSE,3535,晶彩科,52.00,55.90,52.00,53.90,1.70,5280889,284352441,3696
2024-11-14,TWSE,3543,州巧,22.15,22.20,21.40,21.50,-0.65,186864,4044179,136
2024-11-14,TWSE,3545,敦泰,86.20,87.00,84.70,85.00,-1.30,1177682,100575914,1523
2024-11-14,TWSE,3550,聯穎,20.70,20.75,20.00,20.30,-0.30,1373757,27901416,908
2024-11-14,TWSE,3557,嘉威,73.10,73.10,71.50,71.50,-1.20,188145,13616396,313
2024-11-14,TWSE,3563,牧德,376.00,377.50,359.00,367.00,-3.00,469735,171888696,948
2024-11-14,TWSE,3576,聯合再生,10.30,10.45,10.00,10.00,-0.30,5839185,59056265,2768
2024-11-14,TWSE,3583,辛耘,452.00,456.00,443.00,443.50,-6.50,2785211,1246170559,3744
2024-11-14,TWSE,3588,通嘉,74.80,74.80,72.10,72.10,-2.10,351800,25734455,373
2024-11-14,TWSE,3591,艾笛森,24.45,25.30,24.25,24.55,0.35,1777063,43890630,1073
2024-11-14,TWSE,3592,瑞鼎,342.00,345.00,335.00,338.00,-4.00,372953,126114757,674
2024-11-14,TWSE,3593,力銘,12.95,13.05,11.80,11.90,-1.20,718274,8873742,426
2024-11-14,TWSE,3596,智易,181.50,183.00,179.50,182.00,0.50,1060768,192222526,1494
2024-11-14,TWSE,3605,宏致,51.10,51.10,49.30,49.35,-1.05,1316746,65549118,1103
2024-11-14,TWSE,3607,谷崧,19.50,19.50,18.50,18.75,-0.25,1256611,23646649,755
2024-11-14,TWSE,3617,碩天,322.00,324.50,312.00,314.00,-5.00,717080,227047104,1186
2024-11-14,TWSE,3622,洋華,70.20,72.80,69.40,69.90,-0.20,3998341,284095506,3638
2024-11-14,TWSE,3645,達邁,42.90,42.90,41.55,41.55,-0.95,604952,25408236,621
2024-11-14,TWSE,3652,精聯,40.00,40.05,39.20,39.50,-0.60,159436,6302314,240
2024-11-14,TWSE,3653,健策,1500.00,1550.00,1490.00,1550.00,55.00,814480,1243814405,1258
2024-11-14,TWSE,3661,世芯-KY,2310.00,2360.00,2260.00,2305.00,15.00,2155263,4971544595,5646
2024-11-14,TWSE,3665,貿聯-KY,574.00,579.00,568.00,574.00,8.00,3273030,1875231465,3361
2024-11-14,TWSE,3669,圓展,41.90,41.95,41.25,41.25,-0.35,148174,6136357,123
2024-11-14,TWSE,3673,TPK-KY,40.40,41.30,39.80,40.20,0.05,1903567,76833930,1567
2024-11-14,TWSE,3679,新至陞,130.50,130.50,128.00,128.00,-2.50,237092,30543080,186
2024-11-14,TWSE,3686,達能,21.90,21.95,21.10,21.10,-0.45,280388,5993949,265
2024-11-14,TWSE,3694,海華,42.00,42.20,41.05,41.05,-1.25,555245,23020123,466
2024-11-14,TWSE,3701,大眾控,43.30,43.40,41.60,41.60,-1.35,1125619,47641477,770
2024-11-14,TWSE,3702,大聯大,75.90,77.30,74.30,75.90,-0.40,7771232,590555175,4792
2024-11-14,TWSE,3702A,大聯大甲特,51.10,51.20,51.10,51.20,0.10,269317,13767108,180
2024-11-14,TWSE,3703,欣陸,29.40,29.55,29.05,29.05,-0.55,2378586,69587318,1737
2024-11-14,TWSE,3704,合勤控,40.60,41.35,40.55,40.60,0.05,1430573,58460457,1124
2024-11-14,TWSE,3705,永信,54.20,54.30,53.40,53.50,-0.80,495187,26629985,459
2024-11-14,TWSE,3706,神達,63.50,69.80,62.50,69.80,6.30,225452576,14915817421,99051
2024-11-14,TWSE,3708,上緯投控,101.50,102.00,100.00,100.50,0.00,493035,49601542,807
2024-11-14,TWSE,3711,日月光投控,156.00,156.50,152.00,154.00,-3.00,20519971,3159969655,14641
2024-11-14,TWSE,3712,永崴投控,61.00,62.90,59.60,61.50,2.80,19990724,1223906615,13660
2024-11-14,TWSE,3714,富采,44.40,44.75,44.15,44.65,0.35,1651919,73483199,1204
2024-11-14,TWSE,3715,定穎投控,65.40,66.10,63.30,63.40,-2.00,5486746,351576822,4205
2024-11-14,TWSE,3716,中化控股,37.45,37.45,37.15,37.15,-0.30,154125,5746806,196
2024-11-14,TWSE,4104,佳醫,86.60,86.70,86.30,86.30,-0.40,191177,16532117,410
2024-11-14,TWSE,4106,雃博,24.60,24.60,24.35,24.35,-0.30,135151,3304368,388
2024-11-14,TWSE,4108,懷特,16.60,16.60,15.90,15.90,-0.70,488191,7848188,960
2024-11-14,TWSE,4119,旭富,96.50,96.50,94.00,94.90,-1.10,538671,51161167,2035
2024-11-14,TWSE,4133,亞諾法,29.30,29.40,28.80,28.80,-0.65,131846,3823709,305
2024-11-14,TWSE,4137,麗豐-KY,124.50,125.00,118.50,118.50,-6.00,462011,55650566,664
2024-11-14,TWSE,4142,國光生,22.20,22.65,22.00,22.00,-0.15,1243093,27567922,765
2024-11-14,TWSE,4148,全宇生技-KY,54.90,55.00,53.20,53.50,-0.40,95077,5138604,97
2024-11-14,TWSE,4155,訊映,22.50,22.65,22.15,22.20,-0.30,490747,10962693,698
2024-11-14,TWSE,4164,承業醫,39.95,40.15,39.30,39.75,0.00,515295,20434904,714
2024-11-14,TWSE,4190,佐登-KY,48.20,48.60,48.05,48.60,0.00,37458,1807852,169
2024-11-14,TWSE,4306,炎洲,18.15,18.20,17.85,17.90,-0.30,2732310,49189425,1430
2024-11-14,TWSE,4414,如興,3.06,3.09,3.00,3.09,0.00,525086,1590242,200
2024-11-14,TWSE,4426,利勤,13.50,13.50,13.00,13.00,-0.25,186409,2455249,113
2024-11-14,TWSE,4438,廣越,95.00,95.70,93.50,93.60,-1.60,216982,20583181,295
2024-11-14,TWSE,4439,冠星-KY,89.00,90.60,89.00,89.50,-0.30,47006,4213140,30
2024-11-14,TWSE,4440,宜新實業,25.00,25.15,24.90,25.00,-0.15,90629,2266217,106
2024-11-14,TWSE,4526,東台,32.30,33.80,32.05,32.25,0.45,8090404,264597090,4884
2024-11-14,TWSE,4532,瑞智,26.50,26.80,25.90,26.00,-0.55,2200754,57696349,1772
2024-11-14,TWSE,4536,拓凱,205.50,205.50,196.50,197.50,-7.00,694210,138907381,791
2024-11-14,TWSE,4540,全球傳動,40.50,41.40,40.15,40.70,0.25,836950,34186780,764
2024-11-14,TWSE,4545,銘鈺,55.40,56.00,53.90,54.20,-0.70,461161,25098986,372
2024-11-14,TWSE,4551,智伸科,131.00,131.00,123.50,123.50,-5.50,473950,59441860,462
2024-11-14,TWSE,4552,力達-KY,25.15,25.15,24.70,24.75,-0.60,173828,4328364,154
2024-11-14,TWSE,4555,氣立,37.90,38.10,37.20,37.20,-0.70,312772,11756051,287
2024-11-14,TWSE,4557,永新-KY,138.00,138.00,134.50,137.00,-1.00,153374,20825503,171
2024-11-14,TWSE,4560,強信-KY,32.55,33.15,32.40,33.00,0.45,142000,4650300,128
2024-11-14,TWSE,4562,穎漢,64.20,65.50,63.30,63.70,-1.40,1177772,75645467,1022
2024-11-14,TWSE,4564,元翎,22.70,22.85,21.80,21.85,-0.85,841859,18724261,871
2024-11-14,TWSE,4566,時碩工業,80.30,81.10,78.20,78.40,-1.60,1951085,154284310,1801
2024-11-14,TWSE,4569,六方科-KY,236.00,241.00,219.50,230.00,-9.50,1770724,406076500,1888
2024-11-14,TWSE,4571,鈞興-KY,176.00,176.50,169.00,171.50,-7.00,1753431,302007882,2054
2024-11-14,TWSE,4572,駐龍,154.00,154.00,151.00,151.50,-2.00,90846,13792956,108
2024-11-14,TWSE,4576,大銀微系統,123.00,127.50,123.00,125.00,1.00,1248683,155613041,1048
2024-11-14,TWSE,4581,光隆精密-KY,53.30,53.30,52.80,52.80,-0.20,25150,1331150,29
2024-11-14,TWSE,4583,台灣精銳,763.00,792.00,763.00,782.00,23.00,1009648,786663842,1340
2024-11-14,TWSE,4588,玖鼎電力,81.50,81.50,77.30,77.30,-3.70,195637,15475917,217
2024-11-14,TWSE,4720,德淵,20.65,20.65,19.95,19.95,-0.70,443860,8960444,257
2024-11-14,TWSE,4722,國精化,43.05,43.15,42.90,42.90,-0.40,92456,3973183,63
2024-11-14,TWSE,4736,泰博,150.00,151.00,148.50,148.50,-3.50,325195,48653392,536
2024-11-14,TWSE,4737,華廣,67.00,67.10,66.80,66.80,-0.20,14115,945460,16
2024-11-14,TWSE,4739,康普,60.90,64.50,60.90,61.50,1.50,1504968,94100466,1619
2024-11-14,TWSE,4746,台耀,91.10,92.20,89.10,89.30,-1.70,542180,49049422,688
2024-11-14,TWSE,4755,三福化,121.00,121.50,119.00,119.00,-2.00,263148,31512420,347
2024-11-14,TWSE,4763,材料*-KY,830.00,855.00,801.00,851.00,-26.00,4064563,3434346104,8188
2024-11-14,TWSE,4764,雙鍵,44.10,44.30,44.10,44.20,-0.70,16000,707050,11
2024-11-14,TWSE,4766,南寶,294.50,297.50,291.00,292.50,-2.50,356679,104548968,2153
2024-11-14,TWSE,4770,上品,329.00,330.50,312.00,316.00,-14.50,808807,257384502,1553
2024-11-14,TWSE,4771,望隼,195.00,195.00,186.50,187.50,-6.00,130489,24688156,590
2024-11-14,TWSE,4807,日成-KY,34.15,35.30,32.70,33.15,-0.55,1036320,35212657,721
2024-11-14,TWSE,4904,遠傳,88.90,90.50,88.80,88.90,-0.70,6213767,555342203,3941
2024-11-14,TWSE,4906,正文,36.20,36.20,35.50,35.50,-0.45,2141288,76647818,1454
2024-11-14,TWSE,4912,聯德控股-KY,110.00,111.00,108.50,108.50,-1.50,106401,11648018,90
2024-11-14,TWSE,4915,致伸,79.90,80.00,78.30,79.60,0.30,1581466,125581660,1297
2024-11-14,TWSE,4916,事欣科,31.55,32.15,30.30,30.30,-1.25,1406061,43417233,1319
2024-11-14,TWSE,4919,新唐,96.20,100.50,95.20,98.50,2.60,26551541,2620682683,19270
2024-11-14,TWSE,4927,泰鼎-KY,39.65,39.80,38.40,38.45,-1.20,2097733,81336772,1346
2024-11-14,TWSE,4930,燦星網,30.75,30.80,30.50,30.65,-0.10,81119,2486191,125
2024-11-14,TWSE,4934,太極,14.15,14.15,13.50,13.60,-0.35,618218,8445443,399
2024-11-14,TWSE,4935,茂林-KY,64.70,65.10,63.50,63.50,-0.90,272339,17471141,266
2024-11-14,TWSE,4938,和碩,98.50,99.10,93.50,94.40,-4.30,17490525,1660471553,10885
2024-11-14,TWSE,4942,嘉彰,41.05,41.30,40.50,40.60,-1.80,1041410,42450334,543
2024-11-14,TWSE,4943,康控-KY,16.20,16.50,16.00,16.50,0.15,23294,380240,26
2024-11-14,TWSE,4949,有成精密,24.35,24.50,23.85,23.85,-0.55,162878,3952071,142
2024-11-14,TWSE,4952,凌通,51.80,52.10,50.90,50.90,-0.90,303444,15554685,321
2024-11-14,TWSE,4956,光鋐,34.90,35.65,34.00,34.00,-0.90,3105320,107841529,1953
2024-11-14,TWSE,4958,臻鼎-KY,119.00,120.00,115.50,115.50,-4.50,9349297,1092068230,6729
2024-11-14,TWSE,4960,誠美材,12.75,12.80,12.60,12.75,0.00,1294938,16457423,495
2024-11-14,TWSE,4961,天鈺,244.50,246.50,239.50,246.50,0.50,1056971,257140812,1112
2024-11-14,TWSE,4967,十銓,94.00,94.00,90.60,90.80,-2.00,1627149,149154370,1396
2024-11-14,TWSE,4968,立積,191.50,195.50,179.50,181.50,-5.50,13526735,2534940777,11212
2024-11-14,TWSE,4976,佳凌,37.95,38.15,37.05,37.05,-0.90,463466,17268723,395
2024-11-14,TWSE,4977,眾達-KY,117.00,119.50,115.50,117.00,0.00,10847711,1275534905,6882
2024-11-14,TWSE,4989,榮科,20.70,20.70,19.55,19.55,-0.35,173550,3456727,126
2024-11-14,TWSE,4994,傳奇,104.00,105.00,102.50,103.50,1.00,66067,6857497,71
2024-11-14,TWSE,4999,鑫禾,33.40,33.40,33.10,33.10,-0.30,65723,2187059,152
2024-11-14,TWSE,5007,三星,55.00,55.00,54.70,54.70,-0.40,48477,2658223,44
2024-11-14,TWSE,5203,訊連,85.70,86.20,85.10,85.10,-0.60,218280,18671373,209
2024-11-14,TWSE,5215,科嘉-KY,47.65,47.65,45.90,46.05,-1.60,87143,4032814,106
2024-11-14,TWSE,5222,全訊,134.00,134.50,132.00,132.00,-2.50,251610,33439917,413
2024-11-14,TWSE,5225,東科-KY,131.50,131.50,124.00,126.50,-4.00,2270034,287964575,1892
2024-11-14,TWSE,5234,達興材料,236.00,241.00,228.50,229.50,-5.00,1827885,427434825,1754
2024-11-14,TWSE,5243,乙盛-KY,69.00,70.60,68.10,69.20,0.70,5621826,389691300,4590
2024-11-14,TWSE,5244,弘凱,40.65,40.85,40.20,40.20,-0.40,53000,2144100,46
2024-11-14,TWSE,5258,虹堡,93.40,94.00,90.40,91.10,-2.20,1171234,107138772,1265
2024-11-14,TWSE,5269,祥碩,1710.00,1735.00,1620.00,1650.00,-60.00,1382242,2292646655,2924
2024-11-14,TWSE,5283,禾聯碩,103.50,105.00,103.00,103.50,0.00,83251,8651139,86
2024-11-14,TWSE,5284,jpp-KY,162.50,162.50,152.50,152.50,0.00,1299582,203997193,1011
2024-11-14,TWSE,5285,界霖,56.90,56.90,55.60,55.60,-0.90,222823,12479848,214
2024-11-14,TWSE,5288,豐祥-KY,195.00,195.50,192.50,194.00,-1.00,49505,9600466,62
2024-11-14,TWSE,5292,華懋,165.00,165.50,162.50,163.00,-1.00,102087,16720842,162
2024-11-14,TWSE,5306,桂盟,124.50,127.50,124.00,125.50,1.50,297592,37579847,369
2024-11-14,TWSE,5388,中磊,111.50,111.50,108.00,109.00,-2.00,1461803,159327972,1337
2024-11-14,TWSE,5434,崇越,305.50,308.50,302.00,308.50,3.00,760509,232358496,2439
2024-11-14,TWSE,5469,瀚宇博,52.20,52.60,51.40,51.40,-1.00,1608719,83273547,1851
2024-11-14,TWSE,5471,松翰,45.10,45.70,44.20,45.05,-0.25,423426,18995653,370
2024-11-14,TWSE,5484,慧友,55.10,56.60,54.00,54.00,-1.10,430518,23379757,425
2024-11-14,TWSE,5515,建國,26.60,27.20,26.20,26.20,-0.95,771082,20476478,1210
2024-11-14,TWSE,5519,隆大,34.50,35.05,34.25,34.25,-0.75,494873,17117110,447
2024-11-14,TWSE,5521,工信,11.10,11.20,10.80,11.00,-0.05,2051091,22633404,692
2024-11-14,TWSE,5522,遠雄,64.90,65.10,63.30,63.80,-1.30,1720975,110482252,1345
2024-11-14,TWSE,5525,順天,33.75,34.55,32.50,32.50,-1.25,147474,4877965,147
2024-11-14,TWSE,5531,鄉林,10.35,10.40,9.80,10.15,-0.25,891534,9038160,388
2024-11-14,TWSE,5533,皇鼎,20.65,20.70,20.30,20.30,-0.40,309243,6332776,184
2024-11-14,TWSE,5534,長虹,83.30,83.90,80.10,80.10,-3.10,2402451,195556647,2174
2024-11-14,TWSE,5538,東明-KY,32.20,33.00,32.20,32.25,-0.80,69148,2252587,59
2024-11-14,TWSE,5546,永固-KY,29.20,29.85,29.05,29.05,-0.15,20452,603647,22
2024-11-14,TWSE,5607,遠雄港,43.55,43.60,42.50,42.50,-1.05,695980,29916005,976
2024-11-14,TWSE,5608,四維航,19.00,19.15,18.55,18.55,-0.25,1902283,35852144,1000
2024-11-14,TWSE,5706,鳳凰,61.80,62.10,60.50,60.50,-1.00,234846,14367772,573
2024-11-14,TWSE,5871,中租-KY,128.00,128.00,123.50,123.50,-3.50,19545595,2446824027,19673
2024-11-14,TWSE,5871A,中租-KY甲特,96.30,96.50,96.00,96.50,0.00,165619,15952576,87
2024-11-14,TWSE,5876,上海商銀,39.05,39.70,39.00,39.70,0.40,11927808,470455539,3522
2024-11-14,TWSE,5880,合庫金,25.05,25.10,24.90,25.10,0.00,15837401,396181118,8235
2024-11-14,TWSE,5906,台南-KY,55.50,57.30,55.10,55.30,-1.70,53003,2972066,27
2024-11-14,TWSE,5907,大洋-KY,11.35,11.85,11.30,11.60,0.05,1283961,14800374,631
2024-11-14,TWSE,6005,群益證,21.90,22.00,21.65,21.80,-0.25,3857054,83983674,2251
2024-11-14,TWSE,6024,群益期,58.10,58.10,56.90,57.30,-0.80,420706,24131007,384
2024-11-14,TWSE,6108,競國,16.55,16.55,15.80,16.20,-0.35,963610,15517559,427
2024-11-14,TWSE,6112,邁達特,45.30,46.05,44.85,44.85,-0.50,296546,13417707,331
2024-11-14,TWSE,6115,鎰勝,52.90,53.20,52.70,52.70,-0.50,87585,4626489,130
2024-11-14,TWSE,6116,彩晶,9.05,9.05,8.81,8.81,-0.13,5257835,46791290,1769
2024-11-14,TWSE,6117,迎廣,95.40,96.90,94.00,94.30,-0.70,792726,75381862,739
2024-11-14,TWSE,6120,達運,13.25,13.25,12.95,12.95,-0.20,914923,11938993,528
2024-11-14,TWSE,6128,上福,35.40,35.50,35.25,35.35,-0.10,133590,4724580,104
2024-11-14,TWSE,6133,金橋,23.20,23.30,22.50,22.50,-0.35,1892935,43168966,1098
2024-11-14,TWSE,6136,富爾特,22.40,22.85,22.35,22.65,0.10,252270,5709355,185
2024-11-14,TWSE,6139,亞翔,221.50,222.00,218.00,220.00,1.00,1024996,225327790,1894
2024-11-14,TWSE,6141,柏承,12.90,12.95,12.70,12.85,-0.15,93116,1193849,61
2024-11-14,TWSE,6142,友勁,11.25,11.35,11.00,11.05,-0.20,968085,10804588,424
2024-11-14,TWSE,6152,百一,15.05,15.35,14.80,14.80,-0.45,1958812,29345939,944
2024-11-14,TWSE,6153,嘉聯益,17.40,17.50,17.00,17.15,-0.25,3105036,53452831,1673
2024-11-14,TWSE,6155,鈞寶,26.90,26.90,26.35,26.35,-0.45,232110,6167744,127
2024-11-14,TWSE,6164,華興,15.70,15.80,15.10,15.10,-0.60,1037053,16036913,728
2024-11-14,TWSE,6165,浪凡,46.35,46.35,44.30,44.90,-1.30,1360144,61429818,763
2024-11-14,TWSE,6166,凌華,69.50,70.20,68.30,68.40,-1.40,222236,15329975,434
2024-11-14,TWSE,6168,宏齊,22.40,22.50,21.65,21.65,-0.75,740015,16319681,478
2024-11-14,TWSE,6176,瑞儀,200.00,200.50,195.00,196.00,-5.00,1796513,352961194,1648
2024-11-14,TWSE,6177,達麗,41.40,41.70,40.85,40.85,-0.70,1785749,73692348,1467
2024-11-14,TWSE,6183,關貿,79.30,80.10,79.20,79.20,-1.00,30944,2458224,62
2024-11-14,TWSE,6184,大豐電,51.30,51.40,51.10,51.20,-0.20,54900,2812110,117
2024-11-14,TWSE,6189,豐藝,85.50,86.00,83.50,84.70,-0.70,841088,71054560,769
2024-11-14,TWSE,6191,精成科,55.70,56.00,54.10,54.10,-1.50,3630122,198313110,2476
2024-11-14,TWSE,6192,巨路,110.00,110.50,108.00,108.00,-2.00,165920,18083199,259
2024-11-14,TWSE,6196,帆宣,150.00,151.00,147.50,151.00,1.00,942958,140699236,870
2024-11-14,TWSE,6197,佳必琪,160.50,161.50,155.00,155.50,-4.50,2725436,428702885,2931
2024-11-14,TWSE,6201,亞弘電,56.30,57.10,56.00,56.00,-0.50,16244,916919,18
2024-11-14,TWSE,6202,盛群,52.50,52.50,49.70,49.85,-2.25,1488428,75756429,1379
2024-11-14,TWSE,6205,詮欣,69.70,69.70,68.10,68.10,-1.00,117480,8046798,213
2024-11-14,TWSE,6206,飛捷,82.10,82.50,80.50,80.80,-1.30,529828,43179053,672
2024-11-14,TWSE,6209,今國光,25.15,25.30,24.80,24.80,-0.25,197562,4933086,171
2024-11-14,TWSE,6213,聯茂,75.80,76.30,74.30,74.50,-1.30,2256687,169381490,1924
2024-11-14,TWSE,6214,精誠,135.50,135.50,131.00,134.00,-1.00,783877,104461377,794
2024-11-14,TWSE,6215,和椿,61.20,61.40,60.20,60.30,-0.40,1649020,99925494,1001
2024-11-14,TWSE,6216,居易,40.60,41.15,40.35,40.60,0.30,1083837,44158913,842
2024-11-14,TWSE,6224,聚鼎,61.30,62.60,60.80,62.00,0.70,351699,21729442,645
2024-11-14,TWSE,6225,天瀚,,,,,0.00,97,1341,3
2024-11-14,TWSE,6226,光鼎,9.66,9.75,9.65,9.65,-0.10,139031,1346420,88
2024-11-14,TWSE,6230,尼得科超眾,207.50,217.00,204.00,204.00,-0.50,270877,57006484,333
2024-11-14,TWSE,6235,華孚,70.70,70.90,68.00,68.00,-2.10,1982758,136658196,1788
2024-11-14,TWSE,6239,力成,125.00,127.00,124.00,124.00,-1.00,2483155,310683443,1842
2024-11-14,TWSE,6243,迅杰,50.00,50.00,48.05,48.05,-1.55,152736,7401249,192
2024-11-14,TWSE,6257,矽格,74.10,74.10,72.20,72.90,-1.10,3532186,257141906,2569
2024-11-14,TWSE,6269,台郡,66.80,67.10,66.10,66.60,-0.20,1213846,80653390,1080
2024-11-14,TWSE,6271,同欣電,126.50,127.50,122.00,122.00,-3.50,1207552,149396405,1358
2024-11-14,TWSE,6277,宏正,77.90,78.00,77.60,77.80,-0.30,52662,4095339,146
2024-11-14,TWSE,6278,台表科,104.00,104.00,101.00,104.00,-1.00,3844545,393886455,2116
2024-11-14,TWSE,6281,全國電,83.40,83.40,83.10,83.10,-0.30,24398,2031929,31
2024-11-14,TWSE,6282,康舒,33.70,33.70,32.00,32.05,-1.65,14029963,459679543,8977
2024-11-14,TWSE,6283,淳安,32.50,32.70,31.15,31.15,-0.55,1838463,58438535,1391
2024-11-14,TWSE,6285,啟碁,122.00,124.50,121.00,121.00,-1.00,3573852,438152155,2908
2024-11-14,TWSE,6288,聯嘉,31.55,31.80,30.00,30.20,-1.35,6354322,194721956,3742
2024-11-14,TWSE,6405,悅城,45.40,49.40,44.35,49.40,4.45,16678056,807949965,8470
2024-11-14,TWSE,6409,旭隼,1995.00,1995.00,1885.00,1885.00,-70.00,169622,323118955,622
2024-11-14,TWSE,6412,群電,120.00,122.00,118.50,118.50,-2.00,603685,72107498,564
2024-11-14,TWSE,6414,樺漢,313.00,316.00,305.50,306.00,-6.50,980540,302641462,4530
2024-11-14,TWSE,6415,矽力*-KY,468.50,474.00,447.00,449.00,-17.50,3411065,1558253504,3761
2024-11-14,TWSE,6416,瑞祺電通,143.50,145.50,137.50,138.50,-4.50,1194034,167485271,1528
2024-11-14,TWSE,6423,億而得-創,86.60,88.00,86.50,88.00,1.40,16378,1423464,17
2024-11-14,TWSE,6426,統新,69.70,70.00,68.30,68.80,-0.80,212702,14687331,284
2024-11-14,TWSE,6431,光麗-KY,17.00,17.05,16.60,16.60,-0.45,103305,1739314,76
2024-11-14,TWSE,6438,迅得,222.50,226.00,211.50,215.50,-5.00,5259646,1143262328,6691
2024-11-14,TWSE,6442,光聖,515.00,528.00,515.00,515.00,5.00,576668,300731258,992
2024-11-14,TWSE,6443,元晶,19.05,19.15,18.40,18.40,-0.60,6394803,119263422,3142
2024-11-14,TWSE,6446,藥華藥,626.00,634.00,622.00,622.00,-4.00,714657,447246164,1237
2024-11-14,TWSE,6449,鈺邦,150.00,150.00,145.00,146.00,-3.50,789849,115664501,712
2024-11-14,TWSE,6451,訊芯-KY,231.50,237.50,224.50,225.00,-10.00,4715375,1079788978,6301
2024-11-14,TWSE,6456,GIS-KY,53.60,54.00,53.20,53.40,-0.40,1111968,59531652,970
2024-11-14,TWSE,6464,台數科,80.00,80.30,79.80,80.20,-0.30,23415,1874677,33
2024-11-14,TWSE,6472,保瑞,799.00,818.00,775.00,775.00,-2.00,4453711,3531636512,7573
2024-11-14,TWSE,6477,安集,29.10,29.20,28.50,28.50,-0.50,423061,12182027,445
2024-11-14,TWSE,6491,晶碩,375.00,375.00,369.00,369.00,-5.00,284335,105843634,487
2024-11-14,TWSE,6504,南六,69.50,70.00,69.20,69.20,-0.50,25089,1744049,29
2024-11-14,TWSE,6505,台塑化,44.10,44.45,43.20,43.45,-0.65,7215213,314181861,5618
2024-11-14,TWSE,6515,穎崴,1355.00,1370.00,1325.00,1330.00,-25.00,419681,563472580,752
2024-11-14,TWSE,6525,捷敏-KY,71.00,71.30,70.10,71.00,0.00,373023,26356933,342
2024-11-14,TWSE,6526,達發,605.00,607.00,584.00,584.00,-19.00,638749,376947275,2423
2024-11-14,TWSE,6531,愛普*,310.00,313.00,300.00,300.00,-10.00,1397995,425924355,2277
2024-11-14,TWSE,6533,晶心科,380.00,393.00,380.00,385.50,5.50,385909,149274316,587
2024-11-14,TWSE,6534,正瀚-創,81.50,81.80,81.00,81.00,-0.50,53006,4304580,34
2024-11-14,TWSE,6541,泰福-KY,64.30,64.90,63.20,63.30,-0.70,136079,8705369,178
2024-11-14,TWSE,6550,北極星藥業-KY,51.30,51.60,50.50,51.20,-0.20,863780,43969537,475
2024-11-14,TWSE,6552,易華電,40.00,40.00,38.40,38.55,-0.70,130508,5069379,171
2024-11-14,TWSE,6558,興能高,25.50,25.70,25.10,25.70,2.30,1103985,28284434,531
2024-11-14,TWSE,6573,虹揚-KY,15.60,15.95,15.30,15.40,-0.20,55070,854192,45
2024-11-14,TWSE,6579,研揚,117.00,118.50,116.00,117.50,0.00,120041,14112415,167
2024-11-14,TWSE,6581,鋼聯,115.00,115.50,113.00,113.50,-1.00,190776,21868795,139
2024-11-14,TWSE,6582,申豐,62.00,62.00,60.60,60.80,-0.70,111933,6844867,113
2024-11-14,TWSE,6585,鼎基,132.00,133.00,128.00,128.50,-2.00,318131,41107692,473
2024-11-14,TWSE,6591,動力-KY,50.60,52.20,50.50,50.90,0.40,320731,16467283,261
2024-11-14,TWSE,6592,和潤企業,85.00,85.50,83.40,83.60,-1.40,850612,71330469,1214
2024-11-14,TWSE,6592A,和潤企業甲特,94.90,94.90,94.90,94.90,0.10,31077,2949176,22
2024-11-14,TWSE,6592B,和潤企業乙特,95.40,95.50,95.40,95.40,-0.10,126021,12025101,52
2024-11-14,TWSE,6598,ABC-KY,23.90,23.90,23.20,23.20,-0.70,208757,4890473,179
2024-11-14,TWSE,6605,帝寶,226.50,228.00,220.00,220.00,-4.00,667489,148872427,1102
2024-11-14,TWSE,6606,建德工業,28.05,28.60,28.05,28.45,0.30,204385,5796542,139
2024-11-14,TWSE,6625,必應,82.40,82.80,81.50,82.00,-0.20,78431,6431673,152
2024-11-14,TWSE,6641,基士德-KY,39.05,39.95,38.10,38.10,-0.90,7519,291608,61
2024-11-14,TWSE,6645,金萬林-創,27.80,28.00,27.00,27.00,-0.95,38212,1039974,25
2024-11-14,TWSE,6655,科定,129.00,129.00,126.00,126.50,-1.00,11100,1417708,14
2024-11-14,TWSE,6657,華安,50.00,50.00,49.10,49.30,-0.80,34125,1694797,29
2024-11-14,TWSE,6658,聯策,97.10,97.40,92.50,93.90,-2.20,1849351,174227530,1797
2024-11-14,TWSE,6666,羅麗芬-KY,56.70,57.20,56.50,56.80,-0.40,34195,1944827,37
2024-11-14,TWSE,6668,中揚光,49.20,49.80,47.30,47.40,-1.70,289359,13977316,306
2024-11-14,TWSE,6669,緯穎,2200.00,2310.00,2175.00,2260.00,120.00,5056455,11407041765,10887
2024-11-14,TWSE,6670,復盛應用,297.00,298.00,291.50,296.50,-0.50,387665,114195461,5090
2024-11-14,TWSE,6671,三能-KY,42.05,42.05,41.75,41.75,-0.20,33190,1390711,16
2024-11-14,TWSE,6672,騰輝電子-KY,69.20,70.50,68.80,69.90,0.70,163371,11330028,180
2024-11-14,TWSE,6674,鋐寶科技,24.30,26.25,24.30,26.25,2.35,240790,6288235,155
2024-11-14,TWSE,6689,伊雲谷,91.10,91.40,89.20,89.90,-1.20,219960,19802601,297
2024-11-14,TWSE,6691,洋基工程,299.00,301.50,297.50,299.00,-0.50,197812,59138483,406
2024-11-14,TWSE,6695,芯鼎,59.70,60.80,58.30,58.30,-1.40,1325044,78696989,1136
2024-11-14,TWSE,6698,旭暉應材,39.90,40.40,39.00,39.00,-0.75,273608,10790397,342
2024-11-14,TWSE,6706,惠特,171.00,171.50,166.00,166.00,-3.50,3075200,517602485,2375
2024-11-14,TWSE,6715,嘉基,172.00,175.50,170.00,172.00,-0.50,156158,26975890,164
2024-11-14,TWSE,6719,力智,226.50,228.00,220.00,220.50,-6.00,423623,94225811,648
2024-11-14,TWSE,6742,澤米,64.20,64.80,62.60,62.60,-1.30,736832,46771501,796
2024-11-14,TWSE,6743,安普新,48.00,50.30,47.65,47.70,0.30,1323228,64530494,1064
2024-11-14,TWSE,6753,龍德造船,113.00,115.50,111.00,111.00,-2.00,772957,86924558,848
2024-11-14,TWSE,6754,匯僑設計,71.70,71.70,68.20,68.20,-6.40,622253,43118361,873
2024-11-14,TWSE,6756,威鋒電子,140.00,141.00,138.00,138.00,-2.00,165144,22966013,221
2024-11-14,TWSE,6757,台灣虎航,66.50,72.70,66.10,72.70,6.60,8794762,622113881,2805
2024-11-14,TWSE,6768,志強-KY,148.50,154.50,144.00,147.00,0.00,5919025,880252206,4319
2024-11-14,TWSE,6770,力積電,17.80,17.90,17.45,17.45,-0.35,13661523,240023020,5290
2024-11-14,TWSE,6771,平和環保-創,56.00,56.00,55.50,55.90,1.60,18128,1010940,20
2024-11-14,TWSE,6776,展碁國際,57.90,58.00,57.30,57.60,-0.30,58428,3367134,74
2024-11-14,TWSE,6781,AES-KY,763.00,763.00,733.00,749.00,-12.00,726604,542278329,1498
2024-11-14,TWSE,6782,視陽,210.50,212.50,207.00,208.00,-2.00,298745,62402436,347
2024-11-14,TWSE,6789,采鈺,280.00,283.00,270.00,270.50,-9.50,1580788,432591566,2371
2024-11-14,TWSE,6790,永豐實,46.70,46.75,45.70,46.65,-0.05,455293,21025102,452
2024-11-14,TWSE,6792,詠業,60.40,60.40,59.80,59.80,-0.60,61712,3705688,65
2024-11-14,TWSE,6794,向榮生技,72.90,73.40,70.20,72.30,0.40,23000,1661000,21
2024-11-14,TWSE,6796,晉弘,88.00,88.00,86.50,86.70,-0.90,30491,2653573,82
2024-11-14,TWSE,6799,來頡,102.00,102.00,98.50,99.50,-2.50,367881,36743823,404
2024-11-14,TWSE,6805,富世達,824.00,835.00,805.00,805.00,-15.00,953200,777173031,2023
2024-11-14,TWSE,6806,森崴能源,128.50,129.50,124.00,124.00,-2.50,1831503,232002282,1598
2024-11-14,TWSE,6807,峰源-KY,97.00,97.80,88.50,91.00,-5.60,673407,61999820,612
2024-11-14,TWSE,6830,汎銓,179.00,184.00,177.50,181.50,2.50,1184994,214194464,1211
2024-11-14,TWSE,6834,天二科技,33.80,33.80,31.60,31.60,-1.40,459329,14713046,328
2024-11-14,TWSE,6835,圓裕,45.20,45.20,44.25,44.50,-0.70,232006,10358265,205
2024-11-14,TWSE,6838,台新藥,42.75,42.95,41.25,41.25,-1.35,289593,12188412,283
2024-11-14,TWSE,6854,錼創科技-KY創,155.00,155.00,139.50,139.50,-15.50,889222,128066080,558
2024-11-14,TWSE,6861,睿生光電,61.20,61.90,61.00,61.00,-0.60,31365,1922061,40
2024-11-14,TWSE,6862,三集瑞-KY,168.00,171.00,160.00,160.50,-5.50,167439,27305556,276
2024-11-14,TWSE,6863,永道-KY,227.00,229.50,220.00,220.00,-8.00,458510,102293210,693
2024-11-14,TWSE,6869,雲豹能源,178.50,183.50,173.50,173.50,-7.00,2323329,412627307,3396
2024-11-14,TWSE,6873,泓德能源,197.50,199.50,192.00,193.00,-4.50,1332956,259667463,1465
2024-11-14,TWSE,6890,來億-KY,405.00,405.00,385.00,387.00,-9.00,996066,392826100,1066
2024-11-14,TWSE,6901,鑽石投資,32.20,32.70,31.10,31.30,-1.15,1555760,49289332,1190
2024-11-14,TWSE,6902,GOGOLOOK,140.00,140.00,140.00,140.00,-3.50,1000,140000,1
2024-11-14,TWSE,6906,現觀科,176.00,176.00,169.00,170.50,-3.50,301298,51649425,332
2024-11-14,TWSE,6914,阜爾運通,125.50,126.00,121.50,121.50,-4.00,102532,12597745,345
2024-11-14,TWSE,6916,華凌,25.20,26.00,25.20,25.45,0.25,83056,2150344,31
2024-11-14,TWSE,6919,康霈*,529.00,529.00,511.00,511.00,-19.00,303750,157208505,850
2024-11-14,TWSE,6923,中台,89.60,89.60,86.80,87.70,1.10,91342,8002539,85
2024-11-14,TWSE,6928,攸泰科技,58.60,58.60,58.00,58.00,-1.50,50529,2945973,72
2024-11-14,TWSE,6933,AMAX-KY,260.00,274.50,255.50,257.50,4.00,670684,177387769,1025
2024-11-14,TWSE,6937,天虹,340.00,352.00,328.00,333.00,-10.00,2335612,788466350,2870
2024-11-14,TWSE,6949,沛爾生醫*-創,87.50,87.60,87.00,87.00,-1.50,10000,873500,9
2024-11-14,TWSE,6951,青新-創,71.80,71.80,70.70,71.20,-0.60,55495,3945045,53
2024-11-14,TWSE,6952,大武山,45.00,45.00,44.00,44.00,-1.00,81445,3630860,93
2024-11-14,TWSE,6957,裕慶-KY,204.00,205.00,199.00,199.00,-5.00,157928,31731527,450
2024-11-14,TWSE,6958,日盛台駿,28.30,28.40,28.05,28.05,-0.25,90071,2535320,87
2024-11-14,TWSE,6969,成信實業*-創,50.00,51.00,49.65,50.10,0.40,60000,2997000,48
2024-11-14,TWSE,6988,威力暘-創,23.10,23.50,22.80,23.00,-0.55,67000,1540300,27
2024-11-14,TWSE,8011,台通,30.00,30.55,27.55,28.05,-1.95,11966860,344938320,7712
2024-11-14,TWSE,8016,矽創,221.00,222.00,217.00,219.00,-3.00,489523,107359576,542
2024-11-14,TWSE,8021,尖點,35.15,35.40,34.50,34.50,-0.45,1414996,49299041,974
2024-11-14,TWSE,8028,昇陽半導體,138.50,140.00,134.50,135.50,-2.00,5571396,760176982,5224
2024-11-14,TWSE,8033,雷虎,56.60,56.70,55.30,55.30,-1.30,720139,40308072,695
2024-11-14,TWSE,8039,台虹,49.35,49.50,48.10,48.10,-1.05,1538317,74739608,1339
2024-11-14,TWSE,8046,南電,124.00,125.00,120.50,121.00,-3.00,1824684,222026311,2289
2024-11-14,TWSE,8070,長華*,50.60,51.60,50.30,51.00,0.50,3056086,155644981,2186
2024-11-14,TWSE,8072,陞泰,27.55,27.55,26.90,26.90,-0.60,72562,1966920,109
2024-11-14,TWSE,8081,致新,228.00,228.00,220.00,221.00,-7.00,593607,131754063,926
2024-11-14,TWSE,8103,瀚荃,50.10,50.70,49.45,49.45,-0.85,693917,34534973,655
2024-11-14,TWSE,8104,錸寶,42.90,46.00,42.35,45.50,2.75,3018706,134909398,1955
2024-11-14,TWSE,8105,凌巨,16.25,16.25,15.85,15.90,-0.20,1125855,17980824,633
2024-11-14,TWSE,8110,華東,16.10,16.10,15.55,15.65,-0.45,2222365,34999727,1155
2024-11-14,TWSE,8112,至上,63.50,63.70,62.60,62.70,-0.90,2404728,151549174,2280
2024-11-14,TWSE,8112A,至上甲特,42.90,43.00,42.90,43.00,0.10,39874,1711431,31
2024-11-14,TWSE,8114,振樺電,246.00,264.00,243.00,262.00,19.00,3640747,937238035,3186
2024-11-14,TWSE,8131,福懋科,31.85,31.85,31.30,31.45,-0.50,583494,18389514,545
2024-11-14,TWSE,8150,南茂,31.70,32.20,31.70,32.00,0.35,3239034,103456538,2163
2024-11-14,TWSE,8162,微矽電子-創,38.65,39.50,38.15,38.15,-0.45,21000,810900,14
2024-11-14,TWSE,8163,達方,45.70,45.95,45.60,45.80,-0.10,447546,20493949,603
2024-11-14,TWSE,8201,無敵,17.85,17.85,15.90,17.10,-0.25,206558,3495475,100
2024-11-14,TWSE,8210,勤誠,312.00,315.50,306.00,306.50,-6.00,2033789,629812972,9418
2024-11-14,TWSE,8213,志超,37.75,37.75,35.85,37.20,-0.35,2029733,75304192,613
2024-11-14,TWSE,8215,明基材,33.30,33.70,32.85,33.60,0.30,869084,28935104,807
2024-11-14,TWSE,8222,寶一,38.75,38.75,37.55,37.55,-1.35,274859,10438606,379
2024-11-14,TWSE,8249,菱光,67.70,68.90,64.90,65.00,-2.70,5601794,371751254,5545
2024-11-14,TWSE,8261,富鼎,95.00,98.50,94.90,96.30,1.50,5207075,504141388,5151
2024-11-14,TWSE,8271,宇瞻,47.00,47.00,46.05,46.20,-0.80,278626,12926594,472
2024-11-14,TWSE,8341,日友,92.50,96.80,92.50,93.00,0.00,307730,28996282,574
2024-11-14,TWSE,8367,建新國際,47.85,48.95,47.85,47.95,0.10,54397,2618451,113
2024-11-14,TWSE,8374,羅昇,130.00,131.00,127.00,127.50,-2.50,1026758,132055445,1028
2024-11-14,TWSE,8404,百和興業-KY,28.55,29.00,27.50,28.10,-0.40,2866976,80732791,1832
2024-11-14,TWSE,8411,福貞-KY,13.45,13.50,13.35,13.35,-0.15,72888,979615,76
2024-11-14,TWSE,8422,可寧衛*,182.00,183.00,181.50,181.50,-0.50,91492,16645213,200
2024-11-14,TWSE,8429,金麗-KY,10.65,10.90,10.55,10.55,0.05,1093897,11703903,545
2024-11-14,TWSE,8438,昶昕,36.35,36.35,34.70,34.85,-1.10,197940,6990392,183
2024-11-14,TWSE,8442,威宏-KY,103.00,106.50,103.00,105.50,2.00,124751,13079454,97
2024-11-14,TWSE,8443,阿瘦,11.70,11.75,11.70,11.70,-0.05,18642,218427,77
2024-11-14,TWSE,8454,富邦媒,369.00,369.50,365.50,366.00,-1.00,267541,98135476,985
2024-11-14,TWSE,8462,柏文,113.50,113.50,112.50,112.50,-1.00,83240,9393970,109
2024-11-14,TWSE,8463,潤泰材,26.50,27.10,26.35,26.35,-0.15,92071,2443194,60
2024-11-14,TWSE,8464,億豐,417.00,424.50,403.50,409.00,-9.50,1918196,783649733,1826
2024-11-14,TWSE,8466,美吉吉-KY,46.00,46.50,44.70,44.70,-1.75,304724,13818630,196
2024-11-14,TWSE,8467,波力-KY,251.50,257.00,249.00,251.50,0.00,164698,41612183,419
2024-11-14,TWSE,8473,山林水,37.80,37.80,36.45,36.45,-1.35,480507,17810036,409
2024-11-14,TWSE,8476,台境*,29.40,30.40,29.10,29.10,-0.20,341130,10120438,502
2024-11-14,TWSE,8478,東哥遊艇,253.50,256.00,248.00,248.00,-5.00,441818,110741913,857
2024-11-14,TWSE,8481,政伸,51.30,51.30,51.10,51.10,-0.20,16204,830042,20
2024-11-14,TWSE,8482,商億-KY,62.20,62.30,62.00,62.00,-0.70,9010,559627,10
2024-11-14,TWSE,8487,愛爾達-創,68.00,68.60,67.20,67.20,-0.80,47000,3200300,24
2024-11-14,TWSE,8488,吉源-KY,15.05,15.50,15.05,15.50,0.35,10010,153050,11
2024-11-14,TWSE,8499,鼎炫-KY,119.00,119.00,115.00,115.00,0.00,21736,2525972,35
2024-11-14,TWSE,8926,台汽電,42.75,42.75,42.00,42.05,-1.00,1567095,66182702,1386
2024-11-14,TWSE,8940,新天地,22.35,22.40,22.10,22.10,-0.10,27458,610437,101
2024-11-14,TWSE,8996,高力,306.50,313.50,292.50,294.50,-14.00,4264225,1287696191,5879
2024-11-14,TWSE,9103,美德醫療-DR,6.30,6.31,6.22,6.23,-0.06,358440,2244317,195
2024-11-14,TWSE,910322,康師傅-DR,22.50,22.55,22.45,22.55,0.05,47299,1064502,41
2024-11-14,TWSE,9105,泰金寶-DR,6.63,7.00,6.43,6.89,0.26,99361781,672913071,16008
2024-11-14,TWSE,910861,神州-DR,6.25,6.74,6.22,6.73,0.60,952393,6348441,254
2024-11-14,TWSE,9110,越南控-DR,6.99,7.07,6.99,7.07,-0.03,5000,35030,4
2024-11-14,TWSE,911608,明輝-DR,3.15,3.17,3.14,3.17,0.00,10000,31510,8
2024-11-14,TWSE,911622,泰聚亨-DR,4.84,4.89,4.75,4.84,-0.02,106050,509782,41
2024-11-14,TWSE,911868,同方友友-DR,1.49,1.52,1.46,1.47,0.00,342230,504235,92
2024-11-14,TWSE,912000,晨訊科-DR,3.05,3.06,3.00,3.04,0.01,635402,1928647,181
2024-11-14,TWSE,9136,巨騰-DR,6.23,6.28,6.17,6.18,-0.05,234100,1455020,103
2024-11-14,TWSE,9802,鈺齊-KY,114.00,114.50,111.00,111.00,-2.50,376666,42298877,349
2024-11-14,TWSE,9902,台火,17.50,17.70,17.45,17.45,-0.05,131427,2302790,107
2024-11-14,TWSE,9904,寶成,41.00,44.00,40.80,43.10,1.95,46927316,2012597603,23145
2024-11-14,TWSE,9905,大華,23.00,23.25,22.90,22.90,-0.20,177109,4080414,98
2024-11-14,TWSE,9906,欣巴巴,117.00,117.50,112.50,114.00,-2.50,340717,39091848,394
2024-11-14,TWSE,9907,統一實,15.80,15.95,15.75,15.80,0.00,1794803,28431229,935
2024-11-14,TWSE,9908,大台北,30.05,30.20,30.05,30.05,-0.15,152849,4596663,207
2024-11-14,TWSE,9910,豐泰,135.00,136.50,134.50,135.50,-1.00,907120,122841376,908
2024-11-14,TWSE,9911,櫻花,83.70,83.90,83.10,83.20,-0.70,428624,35737988,688
2024-11-14,TWSE,9912,偉聯,12.40,12.60,12.00,12.00,-0.35,80943,986445,93
2024-11-14,TWSE,9914,美利達,160.50,161.00,154.50,155.50,-5.00,2359516,369392989,2430
2024-11-14,TWSE,9917,中保科,136.00,137.00,135.00,135.50,-0.50,428899,58305148,791
2024-11-14,TWSE,9918,欣天然,40.30,40.60,40.10,40.60,0.30,10180,409158,23
2024-11-14,TWSE,9919,康那香,18.75,18.85,18.30,18.30,-0.50,492802,9152431,324
2024-11-14,TWSE,9921,巨大,158.50,159.50,153.50,155.50,-2.50,4507005,700986997,4740
2024-11-14,TWSE,9924,福興,53.60,54.60,53.60,53.70,0.30,352202,19033501,338
2024-11-14,TWSE,9925,新保,40.75,40.95,40.75,40.80,0.05,175586,7164813,190
2024-11-14,TWSE,9926,新海,52.00,52.00,51.70,51.80,-0.10,20828,1079565,40
2024-11-14,TWSE,9927,泰銘,66.60,66.70,65.00,65.00,-1.60,727887,47645398,785
2024-11-14,TWSE,9928,中視,18.55,19.15,18.55,19.05,0.55,159829,3010038,142
2024-11-14,TWSE,9929,秋雨,15.50,15.80,15.30,15.80,0.05,17640,273639,20
2024-11-14,TWSE,9930,中聯資源,66.20,66.40,65.70,65.70,-0.90,135522,8947481,184
2024-11-14,TWSE,9931,欣高,33.85,33.85,33.85,33.85,-0.15,12148,411266,30
2024-11-14,TWSE,9933,中鼎,41.00,41.50,40.80,41.00,-0.35,1888784,77659604,1621
2024-11-14,TWSE,9934,成霖,14.75,14.75,14.15,14.30,-0.30,2700594,38851475,1226
2024-11-14,TWSE,9935,慶豐富,33.05,33.55,32.45,32.50,-0.50,1614850,53012735,1216
2024-11-14,TWSE,9937,全國,65.30,65.90,65.00,65.50,-0.40,40120,2629245,45
2024-11-14,TWSE,9938,百和,76.10,76.60,74.30,75.80,-0.30,1847443,139340710,2383
2024-11-14,TWSE,9939,宏全,152.50,155.50,152.00,153.00,0.50,927443,142130000,1038
2024-11-14,TWSE,9940,信義,29.00,29.15,28.85,28.85,-0.25,450184,13035001,450
2024-11-14,TWSE,9941,裕融,118.00,118.50,116.50,117.00,-1.00,1152657,135167075,2076
2024-11-14,TWSE,9941A,裕融甲特,51.50,51.50,51.50,51.50,0.00,15382,791982,12
2024-11-14,TWSE,9942,茂順,116.00,116.00,114.50,114.50,-1.00,52164,5988987,114
2024-11-14,TWSE,9943,好樂迪,79.60,79.60,78.30,78.50,-1.10,293866,23084704,332
2024-11-14,TWSE,9944,新麗,20.40,20.60,20.10,20.45,-0.20,354030,7202894,415
2024-11-14,TWSE,9945,潤泰新,46.80,46.85,45.80,45.80,-1.05,8304159,383336335,4963
2024-11-14,TWSE,9946,三發地產,23.35,23.35,22.40,22.45,-0.90,856147,19522656,472
2024-11-14,TWSE,9955,佳龍,31.90,31.90,30.45,30.45,-1.60,975092,30203632,900
2024-11-14,TWSE,9958,世紀鋼,184.00,184.50,175.50,176.50,-7.50,8307733,1481246085,6446
2024-11-14,TPEx,006201,元大富櫃50,23.45,23.45,23.17,23.17,-0.28,99462,2311753,65
2024-11-14,TPEx,00679B,元大美債20年,28.97,29.04,28.93,29.03,-0.27,67890282,1968483660,15477
2024-11-14,TPEx,00687B,國泰20年美債,30.10,30.18,30.05,30.18,-0.26,45529126,1371238991,11333
2024-11-14,TPEx,00694B,富邦美債1-3,41.96,42.05,41.96,42.04,+0.15,657963,27640421,288
2024-11-14,TPEx,00695B,富邦美債7-10,35.37,35.47,35.37,35.47,+0.01,219094,7766026,18
2024-11-14,TPEx,00696B,富邦美債20年,31.05,31.05,30.90,31.04,-0.28,3801814,117841442,490
2024-11-14,TPEx,00697B,元大美債7-10,36.01,36.04,35.94,36.02,0.00,240696,8667274,90
2024-11-14,TPEx,00718B,富邦中國政策債,20.78,20.78,20.78,20.78,+0.03,100000,2078000,2
2024-11-14,TPEx,00719B,元大美債1-3,31.81,31.90,31.76,31.89,+0.12,2543505,81048645,555
2024-11-14,TPEx,00720B,元大投資級公司債,35.36,35.39,35.29,35.39,-0.31,9195763,324949674,2919
2024-11-14,TPEx,00722B,群益投資級電信債,38.49,38.69,38.48,38.68,-0.35,4517933,174616435,463
2024-11-14,TPEx,00723B,群益投資級科技債,33.99,33.99,33.57,33.69,-0.28,185205,6233209,43
2024-11-14,TPEx,00724B,群益投資級金融債,35.31,35.39,35.23,35.39,-0.15,7286173,257639987,286
2024-11-14,TPEx,00725B,國泰投資級公司債,37.61,37.66,37.56,37.66,-0.26,7023133,264242066,1705
2024-11-14,TPEx,00726B,國泰新興投等債,34.14,34.24,34.14,34.21,-0.15,126104,4313606,35
2024-11-14,TPEx,00727B,國泰優選非投等債,41.01,41.10,41.01,41.02,+0.02,131610,5407075,18
2024-11-14,TPEx,00734B,台新JPM新興債,15.72,15.76,15.72,15.73,-0.01,501180,7883499,14
2024-11-14,TPEx,00740B,富邦全球投等債,40.80,40.86,40.73,40.85,-0.23,4624822,188736782,579
2024-11-14,TPEx,00741B,富邦全球非投等債,39.69,39.84,39.61,39.83,+0.14,627881,24957624,100
2024-11-14,TPEx,00746B,富邦A級公司債,36.93,37.01,36.84,37.00,-0.21,1116082,41251870,94
2024-11-14,TPEx,00749B,凱基新興債10+,31.98,31.98,31.98,31.98,-0.06,100000,3198000,4
2024-11-14,TPEx,00750B,凱基科技債10+,35.41,35.41,35.41,35.41,-0.22,100000,3541000,4
2024-11-14,TPEx,00751B,元大AAA至A公司債,34.20,34.35,34.20,34.32,-0.35,8181386,280559042,2440
2024-11-14,TPEx,00754B,群益AAA-AA公司債,36.65,36.72,36.58,36.72,-0.29,148067,5433513,12
2024-11-14,TPEx,00755B,群益投資級公用債,35.25,35.25,35.02,35.15,-0.25,71725,2518167,71
2024-11-14,TPEx,00756B,群益投等新興公債,33.00,33.01,32.82,32.95,-0.12,308314,10161890,161
2024-11-14,TPEx,00758B,復華能源債,53.80,53.80,53.80,53.80,-0.45,100000,5380000,2
2024-11-14,TPEx,00759B,復華製藥債,57.55,57.55,57.55,57.55,-0.55,100008,5755473,5
2024-11-14,TPEx,00760B,復華新興企業債,56.25,56.35,56.15,56.25,-0.15,182382,10261050,49
2024-11-14,TPEx,00761B,國泰A級公司債,37.08,37.08,36.90,37.02,-0.28,919433,33991604,192
2024-11-14,TPEx,00764B,群益25年美債,30.39,30.39,30.24,30.38,-0.27,10198396,309501380,476
2024-11-14,TPEx,00768B,復華20年美債,54.60,54.70,54.50,54.70,-0.50,335258,18314232,31
2024-11-14,TPEx,00772B,中信高評級公司債,35.74,35.74,35.55,35.68,-0.26,3281183,116979123,1090
2024-11-14,TPEx,00773B,中信優先金融債,37.73,37.73,37.44,37.58,-0.25,4313596,162000466,346
2024-11-14,TPEx,00777B,凱基AAA至A公司債,35.28,35.28,35.20,35.20,-0.34,134030,4725875,6
2024-11-14,TPEx,00778B,凱基金融債20+,36.94,37.04,36.94,37.04,-0.30,112038,4148837,11
2024-11-14,TPEx,00779B,凱基美債25+,30.41,30.49,30.36,30.49,-0.30,745757,22723491,31
2024-11-14,TPEx,00780B,國泰A級金融債,38.20,38.30,38.20,38.30,-0.03,110010,4212733,8
2024-11-14,TPEx,00781B,國泰A級科技債,32.00,32.05,31.97,32.05,-0.27,120001,3845001,6
2024-11-14,TPEx,00782B,國泰A級公用債,33.05,33.05,32.93,32.96,-0.29,128000,4217560,9
2024-11-14,TPEx,00784B,富邦中國投等債,38.98,38.98,38.98,38.98,+0.05,100000,3898000,2
2024-11-14,TPEx,00785B,富邦金融投等債,36.48,36.48,36.43,36.43,-0.24,101012,3684868,4
2024-11-14,TPEx,00786B,元大10年IG銀行債,34.59,34.63,34.55,34.63,-0.20,99890,3455817,53
2024-11-14,TPEx,00787B,元大10年IG醫療債,34.42,34.47,34.36,34.47,-0.23,61088,2099596,17
2024-11-14,TPEx,00788B,元大10年IG電能債,31.87,31.91,31.81,31.91,-0.18,33025,1051807,20
2024-11-14,TPEx,00789B,復華公司債A3,51.90,52.00,51.85,52.00,-0.45,108018,5615785,10
2024-11-14,TPEx,00790B,復華次順位金融債,56.50,56.50,56.50,56.50,0.00,100000,5650000,4
2024-11-14,TPEx,00791B,復華信用債1-5,57.15,57.45,57.15,57.35,+0.20,101000,5797150,5
2024-11-14,TPEx,00792B,群益A級公司債,33.90,34.07,33.90,34.07,-0.25,116030,3950369,8
2024-11-14,TPEx,00793B,群益AAA-A醫療債,32.76,32.88,32.76,32.85,-0.26,101130,3323534,9
2024-11-14,TPEx,00794B,群益7+中國政金債,41.84,41.91,41.84,41.91,+0.01,55050,2306800,4
2024-11-14,TPEx,00795B,中信美國公債20年,29.45,29.54,29.42,29.53,-0.26,16150285,476230885,3219
2024-11-14,TPEx,00799B,國泰A級醫療債,32.83,32.94,32.83,32.94,-0.27,163257,5372346,35
2024-11-14,TPEx,00834B,第一金金融債10+,35.43,35.56,35.43,35.54,-0.15,352000,12516970,8
2024-11-14,TPEx,00836B,永豐10年A公司債,30.83,30.84,30.83,30.84,-0.28,110022,3392977,5
2024-11-14,TPEx,00840B,凱基IG精選15+,32.37,32.37,32.37,32.37,-0.22,100000,3237000,4
2024-11-14,TPEx,00841B,凱基AAA-AA公司債,31.77,31.92,31.77,31.92,-0.15,101000,3223770,5
2024-11-14,TPEx,00842B,台新美元銀行債,33.66,33.66,33.66,33.66,-0.16,100000,3366000,2
2024-11-14,TPEx,00844B,新光15年IG金融債,33.75,33.75,33.50,33.67,-0.25,1261486,42394260,175
2024-11-14,TPEx,00845B,富邦新興投等債,34.07,34.07,34.07,34.07,-0.01,100016,3407544,3
2024-11-14,TPEx,00846B,富邦歐洲銀行債,36.69,36.81,36.69,36.79,+0.06,107002,3938101,6
2024-11-14,TPEx,00847B,中信美國市政債,27.75,27.80,27.75,27.80,-0.13,316000,8781510,13
2024-11-14,TPEx,00848B,中信新興亞洲債,35.59,35.65,35.59,35.64,-0.07,306000,10903550,8
2024-11-14,TPEx,00849B,中信EM主權債0-5,37.86,37.86,37.85,37.85,+0.14,305978,11581271,10
2024-11-14,TPEx,00853B,統一美債10年Aa-A,29.31,29.39,29.27,29.39,-0.23,1203432,35333142,105
2024-11-14,TPEx,00856B,永豐1-3年美公債,39.11,39.15,39.11,39.14,+0.12,128152,5015589,25
2024-11-14,TPEx,00857B,永豐20年美公債,25.06,25.13,25.02,25.13,-0.20,2954700,74103098,788
2024-11-14,TPEx,00858,永豐美國500大,33.87,34.02,33.87,34.02,+0.16,709310,24096391,345
2024-11-14,TPEx,00859B,群益0-1年美債,42.80,42.93,42.80,42.92,+0.14,131010,5621688,15
2024-11-14,TPEx,00860B,群益1-5Y投資級債,39.43,39.57,39.43,39.57,+0.20,185956,7353874,22
2024-11-14,TPEx,00862B,中信投資級公司債,33.68,33.68,33.50,33.64,-0.30,720861,24209306,130
2024-11-14,TPEx,00863B,中信全球電信債,34.14,34.20,34.14,34.19,-0.27,306011,10463267,10
2024-11-14,TPEx,00864B,中信美國公債0-1,46.75,46.92,46.73,46.88,+0.18,836355,39197697,114
2024-11-14,TPEx,00867B,新光A-BBB電信債,33.48,33.58,33.48,33.58,-0.27,240019,8047999,7
2024-11-14,TPEx,00870B,元大15年EM主權債,29.66,29.68,29.66,29.68,-0.05,2000,59340,2
2024-11-14,TPEx,00877,復華中國5G,13.85,13.88,13.54,13.55,-0.17,2432876,33343017,403
2024-11-14,TPEx,00883B,中信ESG投資級債,32.86,32.91,32.86,32.91,-0.25,307494,10108197,66
2024-11-14,TPEx,00884B,中信低碳新興債,30.69,30.81,30.69,30.80,-0.06,361344,11127430,16
2024-11-14,TPEx,00886,永豐美國科技,36.16,36.23,36.16,36.22,+0.06,35543,1287174,19
2024-11-14,TPEx,00887,永豐中國科技50大,9.36,9.42,9.22,9.24,-0.02,20596935,192157788,3260
2024-11-14,TPEx,00888,永豐台灣ESG,16.60,16.60,16.42,16.49,-0.17,1193667,19691899,588
2024-11-14,TPEx,00890B,凱基ESG BBB債15+,34.89,34.96,34.88,34.96,-0.24,508104,17762872,13
2024-11-14,TPEx,00928,中信上櫃ESG 30,16.20,16.20,15.87,15.88,-0.32,627274,10035346,625
2024-11-14,TPEx,00931B,統一美債20年,14.39,14.45,14.37,14.44,-0.12,9513325,137146896,1406
2024-11-14,TPEx,00933B,國泰10Y+金融債,17.01,17.01,16.94,16.99,-0.07,26255471,445643718,4035
2024-11-14,TPEx,00937B,群益ESG投等債20+,15.92,15.98,15.92,15.96,-0.13,109626391,1748226863,14953
2024-11-14,TPEx,00942B,台新美A公司債20+,15.38,15.39,15.33,15.37,-0.16,8692666,133563395,787
2024-11-14,TPEx,00948B,中信優息投資級債,10.11,10.14,10.10,10.13,-0.07,22902638,231727924,2535
2024-11-14,TPEx,00950B,凱基A級公司債,15.00,15.02,14.97,15.01,-0.09,5392181,80885355,642
2024-11-14,TPEx,00955,中信日本商社,9.68,9.69,9.59,9.60,+0.06,2647196,25506296,192
2024-11-14,TPEx,00957B,兆豐US優選投等債,14.54,14.54,14.48,14.52,-0.14,7773826,112922480,332
2024-11-14,TPEx,00958B,永豐ESG銀行債15+,9.70,9.70,9.66,9.68,-0.05,1913080,18513625,234
2024-11-14,TPEx,00959B,大華投等美債15Y+,9.90,9.90,9.85,9.89,-0.06,8062803,79638442,964
2024-11-14,TPEx,020001,富邦存股雙十N,,,,,,0,0,0
2024-11-14,TPEx,02001B,統一美國政府債N,8.19,8.19,8.18,8.18,-0.03,8000,65480,2
2024-11-14,TPEx,020023,元大櫃買半導體N,5.82,5.82,5.81,5.81,-0.10,11000,63960,6
2024-11-14,TPEx,020025,統一亞洲半導體N,9.56,9.56,9.50,9.52,-0.18,9000,85600,5
2024-11-14,TPEx,020027,元大上櫃ESG成長N,5.80,5.80,5.71,5.71,-0.14,6000,34620,3
2024-11-14,TPEx,020033,統一恒生科期N,3.65,3.68,3.65,3.66,-0.01,38000,139160,10
2024-11-14,TPEx,020035,元大上櫃ESG高息N,6.91,6.91,6.83,6.83,-0.14,2000,13740,2
2024-11-14,TPEx,020040,元大上櫃ESG龍頭N,5.05,5.06,5.05,5.05,-0.09,31000,156600,6
2024-11-14,TPEx,020041,兆豐半導體氣候N,,,,,,0,0,0
2024-11-14,TPEx,1240,茂生農經,51.40,51.60,51.40,51.50,+0.10,22922,1179337,33
2024-11-14,TPEx,1259,安心,65.50,65.50,65.00,65.00,-0.70,11031,718465,17
2024-11-14,TPEx,1264,德麥,302.00,302.00,301.00,301.00,-1.00,19690,5942830,296
2024-11-14,TPEx,1268,漢來美食,153.00,153.00,151.00,151.00,-1.00,27471,4161771,66
2024-11-14,TPEx,1294,漢田生技,91.00,91.40,88.50,90.00,-1.00,52118,4646406,62
2024-11-14,TPEx,1336,台翰,26.70,27.85,26.20,26.55,+0.35,3640212,97967955,2179
2024-11-14,TPEx,1565,精華,235.00,240.00,230.50,231.00,-2.00,691749,162388400,4808
2024-11-14,TPEx,1569,濱川,44.15,45.35,42.75,44.70,+0.75,11274175,498259129,5752
2024-11-14,TPEx,1570,力肯,27.75,28.70,27.75,28.05,+0.30,591324,16709831,427
2024-11-14,TPEx,1580,新麥,147.50,148.00,146.50,146.50,-1.50,40585,5960756,111
2024-11-14,TPEx,1584,精剛,32.00,32.05,31.00,31.10,-0.80,3109675,97455999,1793
2024-11-14,TPEx,1586,和勤,31.30,31.75,30.90,31.00,-0.10,273557,8557728,224
2024-11-14,TPEx,1591,駿吉-KY,55.60,56.00,50.50,52.40,-2.80,1215583,64118434,816
2024-11-14,TPEx,1593,祺驊,37.35,38.05,37.10,37.10,-1.00,18853,706036,114
2024-11-14,TPEx,1595,川寶,57.20,61.30,56.00,56.50,-1.80,5826189,341987287,4596
2024-11-14,TPEx,1599,宏佳騰,31.95,31.95,31.80,31.90,-0.05,19077,608387,100
2024-11-14,TPEx,1742,台蠟,17.55,17.55,17.05,17.05,-0.35,62538,1074326,52
2024-11-14,TPEx,1777,生泰,98.00,99.00,95.70,96.00,-2.00,197265,19069892,292
2024-11-14,TPEx,1781,合世,16.45,16.45,16.15,16.30,-0.15,39016,634811,34
2024-11-14,TPEx,1784,訊聯,89.90,91.10,88.40,88.40,-1.10,260425,23250211,332
2024-11-14,TPEx,1785,光洋科,62.80,63.00,60.80,60.90,-1.60,8821896,544020351,5649
2024-11-14,TPEx,1788,杏昌,138.50,139.00,138.00,138.50,0.00,14007,1940818,65
2024-11-14,TPEx,1796,金穎生技,46.10,47.65,46.05,47.65,+0.10,13169,617405,12
2024-11-14,TPEx,1799,易威,63.80,69.80,63.50,69.00,+5.00,1371047,91219624,1207
2024-11-14,TPEx,1813,寶利徠,19.15,19.15,19.10,19.15,0.00,14524,278208,130
2024-11-14,TPEx,1815,富喬,23.30,24.40,23.00,23.15,-0.20,20641708,489415140,8106
2024-11-14,TPEx,2035,唐榮,32.60,32.80,32.60,32.80,+0.05,27008,883607,24
2024-11-14,TPEx,2061,風青,20.25,20.45,19.75,19.90,-0.35,650259,13167791,282
2024-11-14,TPEx,2063,世鎧,36.50,36.50,33.80,33.90,-2.60,418439,14415136,354
2024-11-14,TPEx,2064,晉椿,15.75,15.75,14.30,14.30,-1.55,253905,3807073,140
2024-11-14,TPEx,2065,世豐,52.30,52.30,48.65,48.80,-3.50,546767,27226422,624
2024-11-14,TPEx,2066,世德,103.00,103.00,98.90,99.80,-2.70,480054,47989455,432
2024-11-14,TPEx,2067,嘉鋼,11.70,11.70,11.45,11.45,-0.10,50051,580193,24
2024-11-14,TPEx,2070,精湛,76.50,76.60,73.50,74.00,-1.10,489167,36399782,561
2024-11-14,TPEx,2073,雄順,29.00,29.00,29.00,29.00,-0.05,5000,145000,4
2024-11-14,TPEx,2221,大甲,28.75,28.80,28.70,28.75,0.00,18040,519050,14
2024-11-14,TPEx,2230,泰茂,167.00,168.00,164.00,164.00,-2.00,613525,101441251,521
2024-11-14,TPEx,2235,謚源,46.80,46.80,46.80,46.80,-0.70,1030,48247,2
2024-11-14,TPEx,2596,綠意,36.75,37.55,36.60,36.60,-0.60,170264,6273974,69
2024-11-14,TPEx,2640,大車隊,117.50,121.50,117.50,121.50,+5.00,299411,36001359,341
2024-11-14,TPEx,2641,正德,20.10,20.20,19.80,19.90,-0.10,3833153,76548661,1765
2024-11-14,TPEx,2643,捷迅,73.40,73.50,72.70,73.50,+0.20,46416,3389141,53
2024-11-14,TPEx,2718,晶悅,90.00,90.10,88.50,88.60,-1.20,182926,16352927,199
2024-11-14,TPEx,2719,燦星旅,45.00,45.00,44.00,44.00,-1.00,41335,1822595,41
2024-11-14,TPEx,2724,藝舍-KY,35.20,35.55,35.00,35.00,-0.35,69552,2440660,47
2024-11-14,TPEx,2726,雅茗-KY,26.95,26.95,26.60,26.60,-0.30,8100,217009,10
2024-11-14,TPEx,2729,瓦城,202.50,203.00,201.50,202.00,-1.00,29312,5924107,358
2024-11-14,TPEx,2732,六角,101.00,101.50,100.00,100.50,-0.50,64949,6531628,76
2024-11-14,TPEx,2734,易飛網,33.55,34.50,33.00,33.50,-0.40,342243,11509530,383
2024-11-14,TPEx,2736,富野,18.70,18.70,18.55,18.55,-0.15,54311,1011478,58
2024-11-14,TPEx,2740,天蔥,,,,,,17,429,3
2024-11-14,TPEx,2743,山富,100.00,100.50,95.40,95.50,-5.50,744942,72384858,839
2024-11-14,TPEx,2745,五福,100.50,100.50,96.60,96.60,-3.10,412570,40390617,460
2024-11-14,TPEx,2751,王座,68.90,68.90,68.00,68.00,-0.90,12245,838508,18
2024-11-14,TPEx,2752,豆府,244.00,244.00,233.50,235.00,-9.00,39712,9384772,179
2024-11-14,TPEx,2754,亞洲藏壽司,86.00,86.20,81.80,82.20,-4.10,182007,15182718,438
2024-11-14,TPEx,2755,揚秦,98.20,100.50,98.00,99.20,-0.80,38105,3760510,40
2024-11-14,TPEx,2756,聯發國際,83.00,83.00,81.70,81.80,0.00,11011,904929,10
2024-11-14,TPEx,2916,滿心,48.15,48.25,48.05,48.20,+0.10,37859,1822531,44
2024-11-14,TPEx,2924,宏太-KY,36.45,36.80,36.20,36.60,+0.15,20005,729982,20
2024-11-14,TPEx,2926,誠品生活,52.70,52.70,52.20,52.70,0.00,4210,221239,25
2024-11-14,TPEx,2937,集雅社,35.65,35.65,35.40,35.40,-0.25,2000,71050,2
2024-11-14,TPEx,2941,米斯特,,,,,,50,3610,1
2024-11-14,TPEx,2947,振宇五金,84.90,84.90,83.40,83.40,-0.10,10056,841141,10
2024-11-14,TPEx,2948,寶陞,53.30,53.40,53.20,53.20,-0.20,7071,376663,7
2024-11-14,TPEx,2949,欣新網,87.10,89.20,86.80,89.20,+0.70,21407,1899615,29
2024-11-14,TPEx,3064,泰偉,76.90,76.90,76.90,76.90,+1.90,1001,76975,2
2024-11-14,TPEx,3066,李洲,27.60,27.60,26.80,27.00,-0.05,253694,6900258,173
2024-11-14,TPEx,3067,全域,30.95,30.95,30.95,30.95,+1.00,3703,111972,11
2024-11-14,TPEx,3071,協禧,29.70,30.30,29.25,29.35,+0.10,306061,9084488,239
2024-11-14,TPEx,3073,天方能源,63.40,64.30,61.00,61.20,-1.40,124590,7787495,163
2024-11-14,TPEx,3078,僑威,60.10,60.40,59.10,59.70,-0.40,642276,38301390,504
2024-11-14,TPEx,3081,聯亞,336.50,336.50,319.00,333.50,-4.00,1065318,347704081,1158
2024-11-14,TPEx,3083,網龍,44.90,44.90,44.30,44.60,-0.05,156820,6975870,141
2024-11-14,TPEx,3085,新零售,21.50,21.80,21.10,21.80,+1.95,53860,1167928,53
2024-11-14,TPEx,3086,華義,180.50,181.50,173.00,173.00,-4.50,199633,35351754,277
2024-11-14,TPEx,3088,艾訊,99.60,101.00,99.40,100.00,+0.70,452895,45300172,690
2024-11-14,TPEx,3093,港建*,27.95,28.35,27.55,27.55,-0.40,177264,4928286,198
2024-11-14,TPEx,3095,及成,42.40,42.40,40.00,40.25,-2.90,45799,1862965,62
2024-11-14,TPEx,3105,穩懋,119.00,120.00,116.00,116.00,-3.00,1905881,223855503,1734
2024-11-14,TPEx,3114,好德,26.60,26.80,26.05,26.05,-0.60,123211,3240599,157
2024-11-14,TPEx,3115,富榮綱,8.98,8.98,8.98,8.98,-0.22,1003,9010,2
2024-11-14,TPEx,3118,進階,31.95,32.25,31.95,32.25,+0.20,18466,591692,55
2024-11-14,TPEx,3122,笙泉,31.90,33.00,31.10,31.70,-0.15,366547,11697444,221
2024-11-14,TPEx,3128,昇銳,28.10,28.10,27.20,27.50,-0.10,56074,1554903,49
2024-11-14,TPEx,3131,弘塑,1850.00,1860.00,1770.00,1775.00,-55.00,726710,1309501890,1595
2024-11-14,TPEx,3141,晶宏,86.30,86.30,83.30,84.10,-1.70,1104248,93135310,710
2024-11-14,TPEx,3147,大綜,135.00,136.00,129.50,130.50,-5.00,319166,42135340,399
2024-11-14,TPEx,3152,璟德,171.00,184.50,167.00,167.00,-4.50,982774,171118366,1050
2024-11-14,TPEx,3162,精確,38.65,39.90,37.65,38.00,-0.95,1329418,51092510,1058
2024-11-14,TPEx,3163,波若威,135.50,138.00,131.00,131.00,-5.00,1924076,256324006,1957
2024-11-14,TPEx,3169,亞信,100.00,100.00,96.00,96.90,-3.10,267749,26236986,302
2024-11-14,TPEx,3171,炎洲流通,38.30,38.30,37.80,37.80,-0.70,57908,2197398,234
2024-11-14,TPEx,3176,基亞,35.20,35.20,34.05,34.40,-0.80,321470,11053681,238
2024-11-14,TPEx,3178,公準,71.50,72.20,70.30,70.30,-1.70,85203,6051785,106
2024-11-14,TPEx,3188,鑫龍騰,27.20,27.20,26.10,26.30,-0.45,347749,9185990,271
2024-11-14,TPEx,3191,雲嘉南,19.00,19.00,18.85,18.95,-0.05,18009,341565,18
2024-11-14,TPEx,3202,樺晟,13.65,13.70,13.20,13.20,-0.40,717273,9594162,392
2024-11-14,TPEx,3205,佰研,35.30,35.50,34.50,34.70,-0.60,37844,1321724,92
2024-11-14,TPEx,3206,志豐,42.60,42.70,42.10,42.15,-0.60,78615,3324797,104
2024-11-14,TPEx,3207,耀勝,110.50,113.50,110.00,111.00,+0.50,423182,47333138,309
2024-11-14,TPEx,3211,順達,157.00,157.00,147.50,150.50,-7.00,46464236,7035775174,25345
2024-11-14,TPEx,3213,茂訊,87.70,87.90,85.50,85.50,-2.20,382004,32998423,389
2024-11-14,TPEx,3217,優群,151.50,151.50,143.00,146.00,-3.50,1376050,201120806,1403
2024-11-14,TPEx,3218,大學光,217.50,224.00,215.50,215.50,-1.50,361990,78931218,618
2024-11-14,TPEx,3219,倚強科,57.80,58.20,53.10,53.10,-3.90,670156,37140329,616
2024-11-14,TPEx,3221,台嘉碩,25.35,25.40,25.00,25.00,-0.50,194026,4888364,146
2024-11-14,TPEx,3224,三顧,48.00,48.85,47.95,47.95,+0.40,126405,6121907,140
2024-11-14,TPEx,3226,至寶電,49.90,50.00,49.85,49.85,-0.15,12032,600799,11
2024-11-14,TPEx,3227,原相,224.50,226.50,206.00,209.00,-17.00,6815106,1445096458,6502
2024-11-14,TPEx,3228,金麗科,230.50,233.00,225.00,225.00,-5.00,639307,145567574,1431
2024-11-14,TPEx,3230,錦明,52.50,53.20,50.60,51.20,-1.30,1112729,57258987,990
2024-11-14,TPEx,3232,昱捷,26.45,26.60,26.10,26.10,-0.35,48009,1259586,37
2024-11-14,TPEx,3234,光環,51.00,52.70,48.00,49.35,-2.65,5260775,262892783,3175
2024-11-14,TPEx,3236,千如,22.50,22.90,22.20,22.85,+0.40,543415,12253646,332
2024-11-14,TPEx,3252,海灣,20.40,20.55,20.00,20.20,+0.10,6100,123954,9
2024-11-14,TPEx,3259,鑫創,26.65,27.00,26.15,27.00,+0.25,9328,247757,15
2024-11-14,TPEx,3260,威剛,90.00,90.20,88.60,88.90,-1.00,1506052,133995061,2327
2024-11-14,TPEx,3264,欣銓,56.00,56.00,54.50,54.80,-1.10,1342195,73859016,1107
2024-11-14,TPEx,3265,台星科,105.00,106.00,103.00,103.50,-2.50,300808,31278406,391
2024-11-14,TPEx,3268,海德威,25.15,25.40,24.70,24.70,-0.75,52294,1307390,82
2024-11-14,TPEx,3272,東碩,31.50,31.50,29.70,29.75,-1.05,248012,7447942,216
2024-11-14,TPEx,3276,宇環,16.00,16.15,15.95,15.95,-0.05,42325,676907,62
2024-11-14,TPEx,3284,太普高,33.40,33.40,32.40,32.45,-0.60,211923,6926044,379
2024-11-14,TPEx,3285,微端,28.55,28.85,28.10,28.65,-0.10,78506,2232623,64
2024-11-14,TPEx,3287,廣寰科,36.70,36.70,35.05,35.05,-1.35,203667,7274365,178
2024-11-14,TPEx,3288,點晶,24.45,24.75,24.20,24.20,-1.40,28440,694783,34
2024-11-14,TPEx,3289,宜特,153.00,154.50,146.50,147.00,-5.00,1358245,202471753,1302
2024-11-14,TPEx,3290,東浦,35.00,35.75,34.55,34.70,-0.10,1599359,56045768,970
2024-11-14,TPEx,3293,鈊象,1030.00,1040.00,1020.00,1030.00,0.00,1649413,1697318250,4806
2024-11-14,TPEx,3294,英濟,29.80,29.80,28.40,28.40,-0.65,380034,10915120,320
2024-11-14,TPEx,3297,杭特,23.10,23.15,22.15,22.15,-0.95,112519,2539865,150
2024-11-14,TPEx,3303,岱稜,60.70,61.10,57.40,57.40,-2.90,4050623,238221349,3133
2024-11-14,TPEx,3306,鼎天,55.40,55.40,53.90,54.10,-0.40,92478,5013665,163
2024-11-14,TPEx,3310,佳穎,88.50,90.00,86.80,87.60,+0.20,17100,1504009,19
2024-11-14,TPEx,3313,斐成,15.90,15.90,15.25,15.40,-0.60,72868,1128400,152
2024-11-14,TPEx,3317,尼克森,51.50,52.10,51.10,51.30,-0.10,728781,37518873,644
2024-11-14,TPEx,3322,建舜電,18.60,18.60,17.85,17.90,-0.45,331798,5991880,246
2024-11-14,TPEx,3323,加百裕,30.70,30.70,30.70,30.70,+2.75,1964399,60306983,1120
2024-11-14,TPEx,3324,雙鴻,687.00,700.00,670.00,700.00,+63.00,12192552,8360359793,15112
2024-11-14,TPEx,3325,旭品,22.30,22.40,21.75,21.80,-0.50,425505,9336022,295
2024-11-14,TPEx,3332,幸康,,,,,,0,0,0
2024-11-14,TPEx,3339,泰谷,40.30,40.50,39.70,40.00,-0.35,329510,13184017,265
2024-11-14,TPEx,3349,寶德,24.50,24.70,24.00,24.70,+0.10,6660,163036,71
2024-11-14,TPEx,3354,律勝,24.85,24.85,23.65,24.40,-0.10,437487,10558189,318
2024-11-14,TPEx,3357,臺慶科,121.00,121.00,117.50,118.50,-2.00,225006,26717919,189
2024-11-14,TPEx,3360,尚立,17.75,17.75,16.65,16.65,-1.05,1677459,28501433,918
2024-11-14,TPEx,3362,先進光,208.50,210.00,201.00,203.00,-5.00,838909,171314450,1455
2024-11-14,TPEx,3363,上詮,212.00,213.00,207.00,209.00,+1.00,272756,57022785,312
2024-11-14,TPEx,3372,典範,17.25,17.30,17.00,17.00,-0.20,331965,5670290,239
2024-11-14,TPEx,3373,熱映,21.80,22.10,21.60,21.65,-0.15,28671,621896,48
2024-11-14,TPEx,3374,精材,211.50,213.50,210.50,211.00,-0.50,2547038,539171513,2130
2024-11-14,TPEx,3379,彬台,32.20,32.50,31.80,31.80,-0.10,179577,5749289,126
2024-11-14,TPEx,3388,崇越電,71.00,71.00,70.70,70.70,-0.10,25077,1776036,33
2024-11-14,TPEx,3390,旭軟,28.50,28.55,27.65,27.65,-0.55,389246,10875955,283
2024-11-14,TPEx,3402,漢科,104.00,104.50,101.00,101.00,-2.50,441428,45047431,522
2024-11-14,TPEx,3426,台興,47.90,49.70,47.85,48.35,-0.40,11316,551334,13
2024-11-14,TPEx,3430,奇鈦科,66.90,67.20,64.50,64.50,-2.10,433010,28354809,640
2024-11-14,TPEx,3434,哲固,27.35,27.90,27.25,27.90,+0.50,14130,387661,15
2024-11-14,TPEx,3438,類比科,72.10,72.40,69.90,69.90,-2.10,281144,19889971,229
2024-11-14,TPEx,3441,聯一光,38.15,38.15,36.90,36.90,-0.85,203310,7574194,203
2024-11-14,TPEx,3444,利機,80.90,81.80,78.10,80.10,-0.30,235874,18944703,271
2024-11-14,TPEx,3455,由田,129.50,130.00,126.50,127.00,-2.00,861724,110198336,903
2024-11-14,TPEx,3465,進泰電子,53.90,54.50,53.90,54.00,0.00,9004,486608,6
2024-11-14,TPEx,3466,德晉,58.60,59.40,56.40,56.60,-2.60,531434,30575792,413
2024-11-14,TPEx,3479,安勤,98.00,98.10,94.00,94.20,-3.70,490192,46536463,455
2024-11-14,TPEx,3483,力致,151.50,155.00,148.00,148.00,-2.00,2103079,317811851,1731
2024-11-14,TPEx,3484,崧騰,54.70,55.20,52.60,52.60,-2.10,398394,21413060,396
2024-11-14,TPEx,3489,森寶,23.60,23.85,23.15,23.55,-0.05,44691,1054834,62
2024-11-14,TPEx,3490,單井,36.00,36.40,34.95,34.95,-0.75,1338495,47674205,1055
2024-11-14,TPEx,3491,昇達科,298.50,312.00,296.50,302.00,+4.00,1076617,328803984,1201
2024-11-14,TPEx,3492,長盛,28.05,28.30,27.50,27.80,-0.40,174807,4878143,139
2024-11-14,TPEx,3498,陽程,60.50,61.50,58.60,58.70,-1.10,1570185,94057086,1381
2024-11-14,TPEx,3499,環天科,22.85,23.85,22.40,23.30,+0.75,921024,21225586,596
2024-11-14,TPEx,3508,位速,26.75,27.45,26.00,26.20,-0.55,128305,3372193,110
2024-11-14,TPEx,3511,矽瑪,36.05,37.50,35.45,36.70,+0.65,3588910,130927433,2560
2024-11-14,TPEx,3512,皇龍,31.05,31.05,30.10,30.30,-0.85,132603,4029658,126
2024-11-14,TPEx,3516,亞帝歐,26.75,27.10,26.50,26.50,-0.25,119542,3190145,81
2024-11-14,TPEx,3520,華盈,24.15,24.75,22.60,22.60,-2.50,6005400,141037770,3480
2024-11-14,TPEx,3521,鴻翊,17.40,17.60,17.20,17.35,-0.25,124127,2161224,153
2024-11-14,TPEx,3522,御嵿,22.00,22.05,21.55,21.75,-0.20,246291,5357980,152
2024-11-14,TPEx,3523,迎輝,22.60,23.15,22.45,22.45,-1.00,29738,671580,39
2024-11-14,TPEx,3526,凡甲,283.00,285.00,278.00,281.00,-2.00,393735,110765826,1217
2024-11-14,TPEx,3527,聚積,74.70,74.70,73.50,73.50,-1.40,73361,5427443,123
2024-11-14,TPEx,3529,力旺,2985.00,3045.00,2945.00,2980.00,-5.00,879947,2628435980,1564
2024-11-14,TPEx,3531,先益,27.35,27.70,27.35,27.60,+0.15,17001,466927,11
2024-11-14,TPEx,3537,堡達,55.90,56.30,55.00,55.00,-0.50,224408,12414813,231
2024-11-14,TPEx,3540,曜越,37.65,37.65,36.85,36.85,-0.65,124638,4612750,139
2024-11-14,TPEx,3541,西柏,29.60,29.60,28.75,28.75,-0.40,52529,1532084,83
2024-11-14,TPEx,3546,宇峻,79.00,79.30,78.30,78.30,-0.80,108812,8563580,1003
2024-11-14,TPEx,3548,兆利,152.50,164.00,152.50,162.00,+11.50,3184761,506249331,2855
2024-11-14,TPEx,3551,世禾,143.00,145.00,139.50,142.50,-1.50,2733824,387926971,2296
2024-11-14,TPEx,3552,同致,99.10,103.00,97.40,98.50,0.00,1211231,120782953,1206
2024-11-14,TPEx,3555,博士旺,32.00,34.20,32.00,32.30,+0.30,12185,408477,21
2024-11-14,TPEx,3556,禾瑞亞,48.50,48.65,48.00,48.35,-0.15,67854,3279824,163
2024-11-14,TPEx,3558,神準,189.00,193.00,184.00,189.50,+2.50,3241501,610533823,4963
2024-11-14,TPEx,3564,其陽,81.30,81.30,78.40,79.00,-1.10,193494,15356359,262
2024-11-14,TPEx,3567,逸昌,33.15,33.20,32.65,33.15,-0.05,26214,862879,24
2024-11-14,TPEx,3570,大塚,168.50,168.50,164.00,164.00,-3.50,106343,17631759,1152
2024-11-14,TPEx,3577,泓格,62.90,62.90,60.80,60.80,-0.80,81161,4976237,52
2024-11-14,TPEx,3580,友威科,103.00,107.50,102.50,107.50,+9.60,4425615,471606567,2789
2024-11-14,TPEx,3581,博磊,62.70,65.30,62.00,62.00,-0.40,1607197,101616957,1158
2024-11-14,TPEx,3587,閎康,258.00,263.50,251.50,258.50,+0.50,888721,227985226,1178
2024-11-14,TPEx,3594,磐儀,42.60,43.40,42.40,43.00,+0.40,435043,18684107,411
2024-11-14,TPEx,3597,映興,38.50,38.70,34.85,35.00,-3.25,5006069,183509865,3029
2024-11-14,TPEx,3609,三一東林,36.00,37.70,35.30,36.70,-0.10,163002,5867123,121
2024-11-14,TPEx,3611,鼎翰,215.50,215.50,209.50,213.00,-4.00,116620,24732778,2599
2024-11-14,TPEx,3615,安可,32.80,36.15,32.80,35.60,+2.70,8557580,299702755,5627
2024-11-14,TPEx,3623,富晶通,26.95,27.00,26.55,26.55,-0.30,83330,2226657,74
2024-11-14,TPEx,3624,光頡,47.20,47.75,46.10,46.15,-1.05,334546,15626701,340
2024-11-14,TPEx,3625,西勝,13.00,13.10,12.55,13.10,+1.15,1424503,18602920,542
2024-11-14,TPEx,3628,盈正,47.40,49.00,45.00,45.10,+0.50,1645556,76406679,1140
2024-11-14,TPEx,3629,地心引力,21.65,21.65,21.60,21.60,-0.95,3000,64900,3
2024-11-14,TPEx,3630,新鉅科,26.95,26.95,26.35,26.35,-0.35,162886,4320346,106
2024-11-14,TPEx,3631,晟楠,43.80,44.00,39.65,40.55,-3.20,596605,24587819,373
2024-11-14,TPEx,3632,研勤,14.25,14.25,14.25,14.25,-0.20,31005,442195,97
2024-11-14,TPEx,3646,艾恩特,30.10,30.15,29.80,30.05,+0.05,32011,957974,37
2024-11-14,TPEx,3663,鑫科,85.30,90.70,85.30,87.90,+3.50,7534567,664603252,5503
2024-11-14,TPEx,3664,安瑞-KY,23.30,23.90,22.95,23.90,0.00,102480,2373986,118
2024-11-14,TPEx,3666,光耀,30.30,31.30,30.05,30.25,-1.15,122433,3721853,87
2024-11-14,TPEx,3672,康聯訊,22.00,22.15,21.15,21.20,-1.70,74114,1596057,75
2024-11-14,TPEx,3675,德微,267.00,268.00,261.50,262.50,-2.00,468116,123340904,1156
2024-11-14,TPEx,3680,家登,504.00,510.00,502.00,503.00,-1.00,369339,186707306,784
2024-11-14,TPEx,3684,榮昌,45.00,45.40,44.70,45.10,-0.20,36687,1654328,350
2024-11-14,TPEx,3685,元創精密,17.00,17.10,17.00,17.05,+0.10,51000,869400,34
2024-11-14,TPEx,3687,歐買尬,104.50,104.50,101.00,101.00,-2.00,315529,32226936,316
2024-11-14,TPEx,3689,湧德,91.00,92.40,89.30,89.60,-1.20,4305217,389846411,3248
2024-11-14,TPEx,3691,碩禾,87.50,88.80,85.60,86.10,-1.90,302345,26129851,329
2024-11-14,TPEx,3693,營邦,374.00,381.00,361.50,368.00,-2.00,2829180,1045056818,3104
2024-11-14,TPEx,3707,漢磊,54.10,54.50,52.50,52.50,-1.50,838537,44499281,768
2024-11-14,TPEx,3709,鑫聯大投控,30.95,31.15,30.15,30.15,-0.60,244996,7506494,227
2024-11-14,TPEx,3710,連展投控,12.35,12.35,12.00,12.10,-0.20,2137811,25941643,957
2024-11-14,TPEx,3713,新晶投控,22.55,22.60,22.25,22.60,-0.15,20078,451554,12
2024-11-14,TPEx,4102,永日,32.05,32.15,31.10,31.35,-0.70,136527,4301142,190
2024-11-14,TPEx,4105,東洋,74.00,74.00,73.00,73.00,-0.80,468600,34379803,379
2024-11-14,TPEx,4107,邦特,125.50,127.00,124.50,125.50,0.00,142608,17896162,100
2024-11-14,TPEx,4109,加捷生醫,25.90,26.00,25.10,25.10,-0.60,620261,15751143,428
2024-11-14,TPEx,4111,濟生,26.30,26.60,26.25,26.35,-0.15,44694,1177716,67
2024-11-14,TPEx,4113,聯上,28.65,28.70,27.95,28.05,-0.50,459397,12965289,412
2024-11-14,TPEx,4114,健喬,36.50,36.50,35.15,35.30,-1.40,2659341,94799357,2513
2024-11-14,TPEx,4116,明基醫,49.15,49.15,48.00,48.70,-0.80,35351,1719760,44
2024-11-14,TPEx,4120,友華,49.70,50.80,49.20,49.60,-0.10,41461,2048707,97
2024-11-14,TPEx,4121,優盛,17.20,17.20,16.90,16.90,-0.30,81308,1386727,122
2024-11-14,TPEx,4123,晟德,49.15,49.90,48.30,48.30,-0.70,1965431,95778788,1523
2024-11-14,TPEx,4126,太醫,88.90,89.00,88.90,88.90,+0.10,79481,7067605,131
2024-11-14,TPEx,4127,天良,34.60,35.65,34.25,34.25,-0.35,95507,3318761,85
2024-11-14,TPEx,4128,中天,36.20,36.55,35.05,35.20,-1.00,1670961,59391352,1541
2024-11-14,TPEx,4129,聯合,100.00,100.00,98.80,99.30,-0.40,154851,15406122,138
2024-11-14,TPEx,4130,健亞,22.25,22.25,21.90,21.90,-0.30,148485,3277904,189
2024-11-14,TPEx,4131,浩泰,28.80,29.00,28.00,28.05,-1.35,32109,912096,26
2024-11-14,TPEx,4138,曜亞,94.80,95.10,93.10,94.30,+1.00,69504,6562331,234
2024-11-14,TPEx,4139,馬光-KY,30.85,31.15,30.35,30.45,+0.40,71325,2199370,39
2024-11-14,TPEx,4147,中裕,82.00,82.50,80.80,81.00,-0.70,335027,27260495,593
2024-11-14,TPEx,4153,鈺緯,39.40,40.35,39.35,40.10,+0.15,21074,842198,29
2024-11-14,TPEx,4154,樂威科-KY,18.00,18.00,18.00,18.00,-0.20,9002,162035,6
2024-11-14,TPEx,4157,太景*-KY,13.00,13.00,12.10,12.20,-0.90,4234933,53137351,4120
2024-11-14,TPEx,4160,訊聯基因,84.40,84.60,81.70,82.00,-1.60,77151,6399826,726
2024-11-14,TPEx,4161,聿新科,33.95,34.00,32.35,33.05,-0.60,167354,5529060,134
2024-11-14,TPEx,4162,智擎,106.50,107.50,101.50,101.50,-5.00,1744024,181864569,1387
2024-11-14,TPEx,4163,鐿鈦,112.50,113.00,112.50,113.00,0.00,17008,1920906,16
2024-11-14,TPEx,4167,松瑞藥,20.90,20.95,20.35,20.35,-0.50,1064251,21840584,661
2024-11-14,TPEx,4168,醣聯,25.85,25.85,24.70,24.70,-0.85,265711,6669046,202
2024-11-14,TPEx,4171,瑞基,29.00,29.15,28.45,28.50,-0.50,80096,2305908,143
2024-11-14,TPEx,4173,久裕,20.40,20.45,20.25,20.35,-0.15,84022,1708688,73
2024-11-14,TPEx,4174,浩鼎,63.00,63.20,61.00,61.30,-1.40,1176248,72694576,990
2024-11-14,TPEx,4175,杏一,69.70,69.70,69.30,69.30,-0.50,44184,3071631,260
2024-11-14,TPEx,4183,福永生技,24.00,24.00,24.00,24.00,-0.35,1152,27548,4
2024-11-14,TPEx,4188,安克,21.75,21.75,21.05,21.05,-0.30,17102,363220,20
2024-11-14,TPEx,4192,杏國,37.00,37.05,36.00,36.65,-0.35,29739,1085205,42
2024-11-14,TPEx,4198,欣大健康,31.00,32.05,30.40,32.05,+0.55,7373,228321,10
2024-11-14,TPEx,4205,中華食,89.00,89.00,88.00,88.90,-0.10,15841,1404699,149
2024-11-14,TPEx,4207,環泰,16.50,16.50,16.20,16.30,-0.25,358657,5850651,301
2024-11-14,TPEx,4303,信立,47.45,47.80,46.15,46.25,-1.00,2248526,104794058,1692
2024-11-14,TPEx,4304,勝昱,,,,,,4,44,1
2024-11-14,TPEx,4305,世坤,44.05,44.05,43.70,43.70,-0.30,10000,438050,9
2024-11-14,TPEx,4401,東隆興,23.05,23.10,22.20,22.50,-0.30,105043,2370081,82
2024-11-14,TPEx,4402,郡都開發,24.00,24.00,23.00,23.25,-0.80,149693,3504940,151
2024-11-14,TPEx,4406,新昕纖,10.80,10.80,10.70,10.80,-0.05,18001,193660,8
2024-11-14,TPEx,4413,飛寶企業,18.35,18.35,18.00,18.10,-0.50,12001,217868,7
2024-11-14,TPEx,4416,三圓,80.80,80.80,77.40,79.40,+0.80,12354,968359,18
2024-11-14,TPEx,4417,金洲,39.75,39.75,38.90,39.05,-0.70,359280,14103237,367
2024-11-14,TPEx,4419,皇家美食,48.00,48.05,47.10,47.20,-0.80,10029,476742,11
2024-11-14,TPEx,4420,光明,54.30,54.30,52.90,52.90,-0.30,130310,6940453,143
2024-11-14,TPEx,4430,耀億,23.85,23.90,22.10,22.15,-1.25,209082,4735450,274
2024-11-14,TPEx,4432,銘旺實,22.60,22.90,21.75,21.75,-0.85,79189,1753086,73
2024-11-14,TPEx,4433,興采,28.30,28.30,27.55,27.90,-0.40,29142,815468,139
2024-11-14,TPEx,4442,竣邦-KY,36.90,36.90,35.30,35.30,-1.50,52016,1867576,33
2024-11-14,TPEx,4502,健信,25.60,27.25,25.25,25.80,+0.75,327365,8522769,262
2024-11-14,TPEx,4503,金雨,51.10,51.10,49.75,50.00,-0.30,62560,3129763,59
2024-11-14,TPEx,4506,崇友,101.00,102.00,101.00,101.00,-0.50,24619,2498281,91
2024-11-14,TPEx,4510,高鋒,42.40,43.30,41.55,41.55,-0.85,2623487,110309607,1793
2024-11-14,TPEx,4513,福裕,37.15,37.20,36.20,36.30,-0.65,1025114,37407577,1006
2024-11-14,TPEx,4523,永彰,39.45,39.45,37.10,37.10,-3.00,774093,29484435,768
2024-11-14,TPEx,4527,方土霖,53.10,53.10,49.50,49.50,-2.20,483705,24339831,403
2024-11-14,TPEx,4528,江興鍛,28.60,28.70,28.30,28.30,-0.30,16315,464733,77
2024-11-14,TPEx,4529,淳紳,7.12,7.12,6.90,6.90,-0.30,45000,313760,23
2024-11-14,TPEx,4530,宏易,11.80,12.10,11.80,12.05,+0.10,65052,780626,17
2024-11-14,TPEx,4533,協易機,38.75,38.75,37.90,38.00,-0.50,1156449,44149483,933
2024-11-14,TPEx,4534,慶騰,21.30,21.30,20.10,20.10,-0.70,308459,6346877,238
2024-11-14,TPEx,4535,至興,34.00,34.15,33.90,34.00,-0.20,34603,1177093,42
2024-11-14,TPEx,4538,大詠城,20.25,20.25,19.75,19.75,-0.45,58008,1160556,37
2024-11-14,TPEx,4541,晟田,31.75,31.85,30.30,30.35,-1.40,483245,14844686,396
2024-11-14,TPEx,4542,科嶠,101.00,103.00,98.10,98.10,-2.40,550041,54833424,509
2024-11-14,TPEx,4543,萬在,45.30,46.15,44.90,44.90,-0.05,336831,15332799,306
2024-11-14,TPEx,4549,桓達,139.00,139.50,136.00,136.50,-1.00,110941,15172691,172
2024-11-14,TPEx,4550,長佳,26.20,28.40,26.05,27.55,+1.35,267875,7346469,248
2024-11-14,TPEx,4554,橙的,29.10,29.10,28.60,28.60,-0.50,15191,438661,31
2024-11-14,TPEx,4556,旭然,32.10,33.10,32.10,32.55,+0.45,7060,229590,12
2024-11-14,TPEx,4558,寶緯,37.50,38.00,35.05,35.10,-3.80,859033,30927074,643
2024-11-14,TPEx,4561,健椿,69.80,69.80,67.00,67.00,-2.10,422187,28690390,520
2024-11-14,TPEx,4563,百德,105.50,110.50,104.50,106.00,-0.50,1848550,198622290,1557
2024-11-14,TPEx,4568,科際精密,51.30,51.50,50.80,50.80,-1.60,19041,973236,17
2024-11-14,TPEx,4577,達航科技,26.30,27.45,26.30,26.60,+0.40,198969,5339596,189
2024-11-14,TPEx,4580,捷流閥業,95.20,95.80,95.20,95.60,-0.20,35072,3346331,67
2024-11-14,TPEx,4584,君帆,62.20,64.00,62.20,64.00,0.00,10080,630720,6
2024-11-14,TPEx,4609,唐鋒,8.64,8.64,7.71,7.90,-0.66,115007,894484,39
2024-11-14,TPEx,4702,中美實,12.75,12.85,12.55,12.65,0.00,28853,365380,60
2024-11-14,TPEx,4706,大恭,31.10,31.85,30.00,31.80,+0.30,45417,1404226,61
2024-11-14,TPEx,4707,磐亞,14.40,14.45,14.20,14.20,-0.20,762046,10878339,584
2024-11-14,TPEx,4711,永純,16.25,16.30,15.85,15.85,-0.35,272501,4366090,500
2024-11-14,TPEx,4714,永捷,19.10,19.10,18.55,18.55,-0.40,1302417,24453961,805
2024-11-14,TPEx,4716,大立,24.35,24.65,24.05,24.05,-0.20,1008826,24479051,609
2024-11-14,TPEx,4721,美琪瑪,72.60,75.50,70.00,70.00,-1.40,1383566,101365906,1426
2024-11-14,TPEx,4726,永昕,47.95,48.30,47.10,47.10,-0.95,482000,22874431,350
2024-11-14,TPEx,4728,雙美,276.50,278.00,270.00,276.50,-0.50,38271,10548133,48
2024-11-14,TPEx,4729,熒茂,29.50,32.35,29.45,32.35,+2.90,4047478,129411753,1778
2024-11-14,TPEx,4735,豪展,38.50,38.60,38.40,38.55,-0.40,9152,352041,39
2024-11-14,TPEx,4741,泓瀚,41.55,41.55,39.50,39.50,-0.50,11217,449017,24
2024-11-14,TPEx,4743,合一,110.50,111.00,104.50,106.50,-4.00,9424113,1007964607,7651
2024-11-14,TPEx,4744,皇將,20.10,21.75,19.95,20.70,+0.90,661490,13945859,494
2024-11-14,TPEx,4745,合富-KY,21.45,21.45,20.65,20.80,-0.65,130308,2726053,78
2024-11-14,TPEx,4747,強生,74.80,74.80,72.80,73.20,-0.10,36276,2659175,37
2024-11-14,TPEx,4754,國碳科,42.25,42.25,41.05,41.15,-0.20,24847,1038072,39
2024-11-14,TPEx,4760,勤凱,122.50,122.50,117.50,117.50,-4.50,262949,31284595,265
2024-11-14,TPEx,4767,誠泰科技,34.35,34.40,34.00,34.05,-0.40,36040,1231610,32
2024-11-14,TPEx,4768,晶呈科技,206.50,209.00,197.00,198.00,-7.00,720698,146144771,859
2024-11-14,TPEx,4772,台特化,171.50,172.00,168.00,168.50,-2.50,494669,83817387,654
2024-11-14,TPEx,4806,桂田文創,13.35,13.35,12.30,13.35,+0.40,6005,78919,14
2024-11-14,TPEx,4903,聯光通,45.05,46.90,44.40,44.50,-1.20,7060785,320488009,4183
2024-11-14,TPEx,4905,台聯電,91.20,91.40,86.90,87.30,-3.20,110009,9658311,100
2024-11-14,TPEx,4907,富宇,64.20,65.00,63.60,63.80,-1.20,80642,5169159,159
2024-11-14,TPEx,4908,前鼎,92.00,93.20,88.30,89.00,-3.00,1251221,112858096,1261
2024-11-14,TPEx,4909,新復興,117.00,119.50,114.50,114.50,-2.50,5969788,696266692,6526
2024-11-14,TPEx,4911,德英,56.00,56.00,55.50,55.50,-0.80,28114,1562533,27
2024-11-14,TPEx,4923,力士,33.55,33.55,32.50,33.35,-0.40,58161,1915542,65
2024-11-14,TPEx,4924,欣厚-KY,17.85,17.85,17.80,17.80,-0.20,3075,54811,6
2024-11-14,TPEx,4931,新盛力,49.55,51.90,47.55,48.50,+1.30,119247845,5867751628,61284
2024-11-14,TPEx,4933,友輝,65.80,65.80,63.30,63.40,-1.60,563930,36005259,414
2024-11-14,TPEx,4939,亞電,20.35,20.35,20.10,20.15,-0.20,196421,3967770,109
2024-11-14,TPEx,4945,陞達科技,76.40,76.40,73.40,73.60,-1.00,48491,3599050,130
2024-11-14,TPEx,4946,辣椒,37.80,38.20,37.50,38.00,-0.35,11415,431008,23
2024-11-14,TPEx,4950,牧東,14.95,14.95,14.85,14.95,-0.05,44154,659075,29
2024-11-14,TPEx,4951,精拓科,69.90,69.90,67.10,67.30,-2.40,155567,10589250,157
2024-11-14,TPEx,4953,緯軟,116.50,116.50,115.00,115.00,-1.50,137021,15854245,193
2024-11-14,TPEx,4966,譜瑞-KY,679.00,683.00,663.00,669.00,-8.00,348660,234117684,969
2024-11-14,TPEx,4971,IET-KY,83.50,83.90,81.30,82.00,-1.10,826898,68188614,954
2024-11-14,TPEx,4972,湯石照明,25.70,25.70,25.60,25.60,-0.15,51012,1309579,267
2024-11-14,TPEx,4973,廣穎,31.95,32.10,31.50,31.50,-0.60,162719,5159759,120
2024-11-14,TPEx,4974,亞泰,92.00,92.80,91.00,91.30,-0.70,540019,49530550,477
2024-11-14,TPEx,4979,華星光,151.50,156.50,151.00,152.00,+2.50,16155831,2486181753,10960
2024-11-14,TPEx,4987,科誠,85.10,90.50,83.00,85.60,+1.60,727901,62639634,1043
2024-11-14,TPEx,4991,環宇-KY,88.50,89.00,85.50,88.00,-0.50,1489664,129725988,843
2024-11-14,TPEx,4995,晶達,73.10,73.10,73.00,73.00,-0.50,6120,446960,9
2024-11-14,TPEx,5009,榮剛,49.20,49.35,48.25,48.25,-1.25,4639724,225326889,2818
2024-11-14,TPEx,5011,久陽,20.60,20.65,20.20,20.20,-0.40,284802,5791507,145
2024-11-14,TPEx,5013,強新,33.05,33.35,33.05,33.35,0.00,5426,179481,9
2024-11-14,TPEx,5014,建錩,16.10,16.25,15.45,15.45,-0.65,1984686,31224809,1147
2024-11-14,TPEx,5015,華祺,40.70,40.75,40.00,40.45,-0.25,46794,1886325,129
2024-11-14,TPEx,5016,松和,27.85,27.85,27.50,27.50,-0.20,5000,138150,5
2024-11-14,TPEx,5201,凱衛,27.00,27.30,26.95,27.05,0.00,23061,625692,22
2024-11-14,TPEx,5202,力新,26.55,26.55,25.70,25.75,-0.75,1308658,34049778,931
2024-11-14,TPEx,5205,中茂,35.05,35.05,35.05,35.05,0.00,4001,140233,4
2024-11-14,TPEx,5206,坤悅,36.80,36.80,36.15,36.20,-0.55,140395,5103621,93
2024-11-14,TPEx,5209,新鼎,178.50,178.50,175.00,175.50,-1.00,39626,6964390,97
2024-11-14,TPEx,5210,寶碩,32.05,32.05,29.60,31.25,-0.55,763716,23390558,367
2024-11-14,TPEx,5211,蒙恬,26.70,26.95,26.50,26.95,+0.15,14425,383502,39
2024-11-14,TPEx,5212,凌網,57.80,57.80,57.70,57.80,+0.30,5022,290169,7
2024-11-14,TPEx,5213,亞昕,30.60,30.60,30.00,30.20,-0.35,520982,15721863,396
2024-11-14,TPEx,5220,萬達光電,24.35,24.40,24.00,24.00,-0.65,68821,1656179,48
2024-11-14,TPEx,5223,安力-KY,30.15,30.80,29.75,29.95,-0.60,47157,1420483,55
2024-11-14,TPEx,5227,立凱-KY,41.20,42.50,40.20,42.50,+3.85,1817517,77034507,1518
2024-11-14,TPEx,5228,鈺鎧,20.95,20.95,20.35,20.75,+0.25,5215,107657,6
2024-11-14,TPEx,5230,雷笛克光學,32.80,32.80,31.10,31.60,-0.75,556511,17533603,459
2024-11-14,TPEx,5236,凌陽創新,159.50,160.00,152.50,152.50,-7.00,648366,100643153,947
2024-11-14,TPEx,5245,智晶,36.30,36.30,33.60,34.65,-0.50,66299,2276659,123
2024-11-14,TPEx,5251,天鉞電,26.95,26.95,26.35,26.35,-0.65,37868,1006384,65
2024-11-14,TPEx,5263,智崴,173.50,173.50,155.50,155.50,-17.00,3714360,593273663,3185
2024-11-14,TPEx,5272,笙科,31.00,31.00,29.80,29.80,-0.90,154182,4645364,160
2024-11-14,TPEx,5274,信驊,4130.00,4130.00,4005.00,4020.00,-45.00,455170,1841455850,1821
2024-11-14,TPEx,5276,達輝-KY,20.00,21.10,19.70,20.35,-0.20,103662,2103945,80
2024-11-14,TPEx,5278,尚凡,306.50,306.50,301.00,301.00,-9.00,11460,3476571,43
2024-11-14,TPEx,5287,數字,185.50,185.50,184.00,184.00,-1.00,36209,6681834,815
2024-11-14,TPEx,5289,宜鼎,241.50,242.00,227.00,228.00,-13.00,943671,218854578,1752
2024-11-14,TPEx,5291,邑昇,25.35,25.40,24.95,25.10,-0.45,89005,2232176,50
2024-11-14,TPEx,5299,杰力,94.20,94.30,92.30,92.30,-1.90,93785,8715597,130
2024-11-14,TPEx,5301,寶得利,9.85,9.99,9.84,9.84,-0.07,51000,503400,18
2024-11-14,TPEx,5302,太欣,10.80,10.80,10.25,10.45,-0.35,350365,3657091,164
2024-11-14,TPEx,5309,系統電,40.00,41.00,39.00,40.50,+0.30,18372391,733386062,12333
2024-11-14,TPEx,5310,天剛,48.60,48.60,47.60,47.90,+0.40,37455,1794462,21
2024-11-14,TPEx,5312,寶島科,108.50,108.50,105.00,106.50,-1.00,88605,9372234,97
2024-11-14,TPEx,5314,世紀,276.50,282.50,268.00,268.00,-5.00,396043,109019813,490
2024-11-14,TPEx,5315,光聯,21.65,21.65,20.70,20.75,-0.95,1837337,38871476,1113
2024-11-14,TPEx,5321,美而快,57.40,57.40,53.50,54.20,-3.20,86776,4876944,118
2024-11-14,TPEx,5324,士開,12.05,12.25,11.90,12.00,-0.05,383452,4635826,140
2024-11-14,TPEx,5328,華容,15.05,15.15,14.80,14.80,-0.15,407228,6073058,218
2024-11-14,TPEx,5340,建榮,40.15,40.35,39.35,39.40,-0.65,417837,16605299,287
2024-11-14,TPEx,5344,立衛,18.20,18.20,18.05,18.10,-0.20,12113,219350,13
2024-11-14,TPEx,5345,天揚,30.35,30.35,28.60,29.70,-0.80,20813,600691,23
2024-11-14,TPEx,5347,世界,92.10,93.00,89.90,89.90,-2.50,8273889,756647732,5946
2024-11-14,TPEx,5348,正能量智能,26.20,26.20,26.20,26.20,+0.60,1030,26965,2
2024-11-14,TPEx,5351,鈺創,36.60,36.65,34.50,34.55,-1.95,2447876,86439008,2013
2024-11-14,TPEx,5353,台林,32.15,32.20,31.55,31.75,+0.10,40067,1276508,39
2024-11-14,TPEx,5355,佳總,11.00,11.00,10.75,11.00,-0.10,86010,937815,64
2024-11-14,TPEx,5356,協益,34.20,34.20,33.55,33.55,-0.75,551775,18661693,370
2024-11-14,TPEx,5364,力麗店,32.00,32.00,29.50,29.60,-3.00,258633,7785301,210
2024-11-14,TPEx,5371,中光電,69.20,69.20,67.60,68.00,-1.10,1212704,82662181,1264
2024-11-14,TPEx,5381,合正,27.00,27.25,26.40,26.40,-0.60,303445,8148462,262
2024-11-14,TPEx,5386,青雲,89.00,90.30,86.60,86.60,-1.70,1677844,147598621,1537
2024-11-14,TPEx,5392,能率,28.80,29.00,27.45,27.70,-1.00,1821743,50961169,1151
2024-11-14,TPEx,5398,慕康生醫,24.55,25.90,24.20,25.90,+2.35,14160077,358320286,7059
2024-11-14,TPEx,5403,中菲,112.00,113.00,110.50,110.50,-2.00,115796,12898342,214
2024-11-14,TPEx,5410,國眾,32.55,32.95,31.80,32.40,-0.30,138926,4480350,182
2024-11-14,TPEx,5425,台半,61.80,62.10,61.20,61.40,-0.20,593354,36545809,677
2024-11-14,TPEx,5426,振發,37.00,37.80,35.20,35.25,-1.70,9760383,353097499,6416
2024-11-14,TPEx,5432,新門,201.50,201.50,186.50,186.50,-9.50,368672,70722121,525
2024-11-14,TPEx,5438,東友,38.65,39.40,37.20,37.30,-1.80,3511096,133671739,2427
2024-11-14,TPEx,5439,高技,89.30,89.50,88.10,88.80,-0.30,314649,27913267,236
2024-11-14,TPEx,5443,均豪,131.00,133.00,128.00,128.50,-2.00,4115997,535507603,3240
2024-11-14,TPEx,5450,南良,18.65,18.70,18.25,18.25,-0.35,131329,2432960,99
2024-11-14,TPEx,5452,佶優,35.05,36.00,34.55,34.55,-0.50,2138311,75055340,1502
2024-11-14,TPEx,5455,昇益,56.90,57.70,56.60,56.90,0.00,9000,512600,9
2024-11-14,TPEx,5457,宣德,57.00,57.40,53.60,54.20,-2.30,2491423,138485136,1883
2024-11-14,TPEx,5460,同協,17.75,18.70,17.75,18.05,+0.45,1225316,22248404,871
2024-11-14,TPEx,5464,霖宏,24.90,24.90,24.00,24.20,-0.70,105267,2550211,113
2024-11-14,TPEx,5465,富驊,33.75,34.40,33.30,33.30,+0.05,94344,3180994,66
2024-11-14,TPEx,5468,凱鈺,22.60,22.80,22.55,22.55,0.00,26000,587550,14
2024-11-14,TPEx,5474,聰泰,150.00,151.00,147.50,148.00,-2.00,130872,19468460,202
2024-11-14,TPEx,5475,德宏,13.45,13.60,13.20,13.45,+0.30,415605,5605666,206
2024-11-14,TPEx,5478,智冠,133.50,134.00,132.00,134.00,+1.50,117131,15552970,178
2024-11-14,TPEx,5481,新華,26.50,26.85,26.20,26.30,-0.05,427963,11314026,259
2024-11-14,TPEx,5483,中美晶,158.00,160.50,158.00,159.00,+1.00,2459299,391431786,1879
2024-11-14,TPEx,5487,通泰,38.05,38.80,37.85,38.25,+0.20,41700,1598157,57
2024-11-14,TPEx,5488,松普,15.30,15.65,14.95,15.20,-0.05,3266220,49710335,1490
2024-11-14,TPEx,5489,彩富,39.15,39.20,39.10,39.10,-0.25,13024,500325,637
2024-11-14,TPEx,5490,同亨,27.00,27.05,26.45,26.50,-0.40,216789,5784686,192
2024-11-14,TPEx,5493,三聯,85.70,88.50,82.70,82.70,-5.60,450786,38328398,2231
2024-11-14,TPEx,5498,凱崴,12.75,12.90,12.45,12.45,-0.10,506061,6377460,352
2024-11-14,TPEx,5508,永信建,191.00,191.50,189.00,190.00,-1.00,404002,76762912,450
2024-11-14,TPEx,5511,德昌,63.30,63.60,61.90,62.20,-1.20,291675,18348873,601
2024-11-14,TPEx,5512,力麒,9.99,10.00,9.75,9.75,-0.23,1644827,16175122,951
2024-11-14,TPEx,5514,三豐,20.30,20.60,20.25,20.60,+0.30,7927,162014,10
2024-11-14,TPEx,5516,雙喜,17.55,17.80,17.50,17.80,+0.20,18630,329309,41
2024-11-14,TPEx,5520,力泰,80.40,80.40,80.40,80.40,-0.20,1000,80400,1
2024-11-14,TPEx,5523,豐謙,30.35,30.40,30.00,30.40,-0.05,40646,1230394,53
2024-11-14,TPEx,5529,鉅陞,24.90,25.00,24.80,24.85,-0.25,36142,899592,37
2024-11-14,TPEx,5530,龍巖,49.85,50.40,49.60,49.95,+0.05,329545,16491908,280
2024-11-14,TPEx,5536,聖暉*,310.50,323.50,309.50,315.00,+5.00,1247907,396519155,1466
2024-11-14,TPEx,5543,桓鼎-KY,25.70,25.70,25.70,25.70,-2.05,5000,128500,1
2024-11-14,TPEx,5548,安倉,35.50,35.65,35.40,35.40,0.00,72812,2585802,54
2024-11-14,TPEx,5601,台聯櫃,,,,,,499,18562,2
2024-11-14,TPEx,5603,陸海,28.30,29.60,28.05,29.00,+0.70,2917926,84595336,910
2024-11-14,TPEx,5604,中連,42.40,42.40,42.15,42.15,-0.15,13125,554901,17
2024-11-14,TPEx,5609,中菲行,84.00,84.00,82.80,82.80,-1.20,405593,33729689,613
2024-11-14,TPEx,5701,劍湖山,4.70,4.74,4.70,4.72,+0.02,61534,289312,22
2024-11-14,TPEx,5703,亞都,18.25,18.25,17.70,17.70,-0.55,11020,199156,12
2024-11-14,TPEx,5704,老爺知,37.70,38.55,37.00,37.40,-0.35,18938,711302,59
2024-11-14,TPEx,5864,致和證,16.80,16.80,16.55,16.75,-0.10,664669,11071211,256
2024-11-14,TPEx,5878,台名,47.00,47.00,46.55,46.70,-0.30,4110,192113,9
2024-11-14,TPEx,5902,德記,39.15,39.15,38.70,38.95,-0.10,33561,1306892,39
2024-11-14,TPEx,5903,全家,192.50,192.50,190.00,190.00,-2.00,71618,13677056,211
2024-11-14,TPEx,5904,寶雅,481.50,483.00,479.00,480.00,-4.50,187435,89952458,772
2024-11-14,TPEx,5905,南仁湖,15.00,15.15,14.75,14.85,-0.15,1969626,29295459,835
2024-11-14,TPEx,6015,宏遠證,12.20,12.20,11.95,12.00,-0.20,1331384,15992179,307
2024-11-14,TPEx,6016,康和證,13.90,13.95,13.80,13.80,-0.10,1286177,17803708,345
2024-11-14,TPEx,6020,大展證,19.00,19.05,19.00,19.05,+0.05,4000,76100,3
2024-11-14,TPEx,6021,美好證,24.60,24.60,24.50,24.55,+0.05,132074,3244456,32
2024-11-14,TPEx,6023,元大期,88.70,89.00,88.30,88.90,+0.20,47710,4227466,117
2024-11-14,TPEx,6026,福邦證,13.00,13.00,12.85,12.85,-0.10,462506,5959342,227
2024-11-14,TPEx,6101,寬魚國際,38.30,38.30,36.75,37.60,-0.20,144404,5398303,164
2024-11-14,TPEx,6103,合邦,48.15,48.15,48.15,48.15,+0.95,1000,48150,1
2024-11-14,TPEx,6104,創惟,142.00,142.00,136.50,136.50,-4.50,2498426,346209826,2273
2024-11-14,TPEx,6109,亞元,14.00,14.10,13.85,13.85,-0.15,288905,4021179,136
2024-11-14,TPEx,6111,大宇資,63.20,64.00,62.70,62.70,-1.20,377748,23807005,380
2024-11-14,TPEx,6113,亞矽,24.40,24.40,23.00,23.10,-0.60,87401,2050277,111
2024-11-14,TPEx,6114,久威,38.00,38.00,36.25,36.25,-1.55,140056,5160045,122
2024-11-14,TPEx,6118,建達,22.05,22.10,21.35,21.40,-0.45,129259,2808117,106
2024-11-14,TPEx,6121,新普,367.50,367.50,354.50,355.50,-12.00,1386199,497145152,1796
2024-11-14,TPEx,6122,擎邦,49.30,49.30,48.05,48.05,-0.60,251689,12150737,312
2024-11-14,TPEx,6123,上奇,57.60,57.60,57.40,57.40,-0.20,44864,2582094,88
2024-11-14,TPEx,6124,業強,36.45,36.55,34.70,34.70,-1.50,143576,5095164,158
2024-11-14,TPEx,6125,廣運,85.20,86.30,81.00,83.10,-1.90,3564614,295121805,3103
2024-11-14,TPEx,6126,信音,31.25,33.45,31.25,32.15,+1.50,5440776,177146402,3523
2024-11-14,TPEx,6127,九豪,27.90,27.90,26.70,26.75,-0.95,653558,17716448,519
2024-11-14,TPEx,6129,普誠,19.15,19.30,18.90,19.00,-0.15,330792,6312729,201
2024-11-14,TPEx,6130,上亞科技,26.80,27.25,26.30,27.00,+0.80,37123,998979,55
2024-11-14,TPEx,6134,萬旭,34.05,34.70,33.30,33.30,-0.25,1117299,37762118,1008
2024-11-14,TPEx,6138,茂達,181.00,181.00,173.00,174.00,-5.00,1177323,206500561,1187
2024-11-14,TPEx,6140,訊達,24.15,24.15,22.40,22.75,-1.40,547143,12597517,449
2024-11-14,TPEx,6143,振曜,119.00,119.00,115.00,115.00,-3.00,1010809,117867764,965
2024-11-14,TPEx,6144,得利影,38.05,38.05,35.65,35.65,-3.95,62573,2279836,102
2024-11-14,TPEx,6146,耕興,213.50,213.50,210.00,210.00,-3.50,106941,22564882,1211
2024-11-14,TPEx,6147,頎邦,61.80,61.90,60.70,61.00,-0.90,4392230,268341473,2992
2024-11-14,TPEx,6148,驊宏資,26.00,26.00,25.10,25.10,-0.85,179553,4557429,180
2024-11-14,TPEx,6150,撼訊,79.50,80.70,77.10,77.30,-0.70,1722757,135015695,1412
2024-11-14,TPEx,6151,晉倫,53.70,58.00,52.50,52.90,-0.10,7680450,418585340,5606
2024-11-14,TPEx,6154,順發,16.05,16.05,16.05,16.05,0.00,4164,66987,29
2024-11-14,TPEx,6156,松上,28.65,28.70,27.50,27.50,-0.90,2326720,64865250,1400
2024-11-14,TPEx,6158,禾昌,30.50,30.50,29.80,29.95,-0.25,181194,5432128,160
2024-11-14,TPEx,6160,欣技,25.10,25.70,25.10,25.15,+0.10,229371,5794547,225
2024-11-14,TPEx,6161,捷波,50.80,51.10,49.35,49.80,-0.80,290914,14578172,445
2024-11-14,TPEx,6163,華電網,25.55,25.85,24.20,24.25,-1.30,2796195,69548407,1655
2024-11-14,TPEx,6167,久正,15.20,15.35,15.00,15.25,+0.10,295529,4463693,194
2024-11-14,TPEx,6169,昱泉,22.20,22.20,21.40,22.00,+0.45,13205,285177,38
2024-11-14,TPEx,6170,統振,48.40,48.50,47.75,47.75,-0.50,199146,9557818,129
2024-11-14,TPEx,6171,大城地產,40.55,40.55,39.95,39.95,-0.60,40333,1620439,35
2024-11-14,TPEx,6173,信昌電,43.80,44.00,42.50,42.75,-1.05,374430,16085693,365
2024-11-14,TPEx,6174,安碁,21.90,22.70,21.75,22.70,+2.05,342648,7707307,213
2024-11-14,TPEx,6175,立敦,37.35,38.75,37.15,38.30,+0.70,1108552,42307603,950
2024-11-14,TPEx,6179,亞通,31.10,31.15,29.90,29.90,-1.20,1566476,47437478,1036
2024-11-14,TPEx,6180,橘子,82.40,84.20,82.20,84.00,+2.00,4077092,340022296,3134
2024-11-14,TPEx,6182,合晶,31.95,32.00,30.45,30.50,-1.45,4289522,132838185,2360
2024-11-14,TPEx,6185,幃翔,15.45,15.65,15.25,15.30,-0.05,89513,1372009,83
2024-11-14,TPEx,6186,新潤,59.00,59.00,56.10,56.40,-2.50,1386919,79106820,1361
2024-11-14,TPEx,6187,萬潤,458.00,467.50,456.50,460.00,+5.00,3289146,1518862783,3519
2024-11-14,TPEx,6188,廣明,98.00,98.70,95.50,95.70,-2.30,1125339,108575611,1383
2024-11-14,TPEx,6190,萬泰科,35.85,35.95,34.85,34.85,-1.00,1256372,44200656,1334
2024-11-14,TPEx,6194,育富,39.85,40.00,39.45,39.45,-0.40,147671,5849613,118
2024-11-14,TPEx,6195,詩肯,37.20,37.20,37.00,37.05,-0.15,54074,2005638,467
2024-11-14,TPEx,6198,瑞築,40.30,40.85,39.50,39.50,-0.30,12042,482966,13
2024-11-14,TPEx,6199,天品,73.70,81.20,73.70,81.00,+7.00,369431,29113383,874
2024-11-14,TPEx,6203,海韻電,62.50,62.50,60.70,60.80,-1.30,167963,10261204,273
2024-11-14,TPEx,6204,艾華,85.30,85.30,80.00,80.00,-5.30,222954,18075810,358
2024-11-14,TPEx,6207,雷科,62.80,63.40,61.00,61.30,-1.50,1128196,69676133,1079
2024-11-14,TPEx,6208,日揚,56.00,57.20,56.00,56.40,+0.10,95934,5425092,338
2024-11-14,TPEx,6210,慶生,24.45,24.50,24.25,24.50,-0.10,20097,489274,31
2024-11-14,TPEx,6212,理銘,58.20,58.20,56.40,56.40,-1.50,26001,1478156,19
2024-11-14,TPEx,6217,中探針,45.30,45.50,44.25,44.45,-0.55,416176,18549789,345
2024-11-14,TPEx,6218,豪勉,30.25,30.50,29.00,29.30,-0.85,679385,20100928,544
2024-11-14,TPEx,6219,富旺,36.90,37.20,36.05,36.25,-0.65,387563,14204222,270
2024-11-14,TPEx,6220,岳豐,28.70,28.70,27.95,28.40,+0.10,1669495,47416735,756
2024-11-14,TPEx,6221,晉泰,66.10,66.30,66.00,66.20,+0.10,42316,2798727,219
2024-11-14,TPEx,6222,上揚,28.50,28.80,28.50,28.55,-0.05,21000,601350,13
2024-11-14,TPEx,6223,旺矽,802.00,810.00,788.00,797.00,-17.00,2479422,1983097910,3428
2024-11-14,TPEx,6227,茂綸,77.30,78.50,75.70,76.00,-0.50,585383,45031194,828
2024-11-14,TPEx,6228,全譜,41.35,41.35,39.65,39.65,0.00,21305,864619,20
2024-11-14,TPEx,6229,研通,32.20,32.90,31.40,31.50,-0.65,332268,10530268,285
2024-11-14,TPEx,6231,系微,508.00,512.00,500.00,500.00,-5.00,714323,361445009,1033
2024-11-14,TPEx,6233,旺玖,30.25,30.35,29.55,29.60,-0.65,239026,7126299,185
2024-11-14,TPEx,6234,高僑,26.10,26.20,25.50,25.80,-0.15,181575,4682773,240
2024-11-14,TPEx,6236,中湛,29.35,29.40,29.35,29.40,+0.05,4000,117450,4
2024-11-14,TPEx,6237,驊訊,49.85,50.40,48.70,48.80,-1.00,278036,13674689,287
2024-11-14,TPEx,6240,松崗,22.60,22.60,21.60,21.60,-1.05,80178,1767446,59
2024-11-14,TPEx,6241,易通展,16.95,17.20,16.50,16.55,-0.50,680291,11458509,356
2024-11-14,TPEx,6242,立康,43.05,43.05,43.00,43.05,-0.45,7261,312509,27
2024-11-14,TPEx,6244,茂迪,23.30,23.45,23.00,23.00,-0.25,1122831,25988942,806
2024-11-14,TPEx,6245,立端,89.90,89.90,87.60,88.00,-1.40,394603,34831704,567
2024-11-14,TPEx,6246,臺龍,20.20,20.20,19.35,19.55,-0.20,339358,6664122,242
2024-11-14,TPEx,6248,沛波,28.45,28.75,28.35,28.50,+0.05,469994,13413844,316
2024-11-14,TPEx,6259,百徽,20.20,20.35,19.75,19.80,-0.35,29722,593390,32
2024-11-14,TPEx,6261,久元,66.40,67.50,66.30,66.50,-1.00,434296,28947819,419
2024-11-14,TPEx,6263,普萊德,166.00,167.50,163.00,163.00,-3.00,81792,13429451,320
2024-11-14,TPEx,6264,富裔,9.31,9.31,9.03,9.03,-0.32,124660,1137954,85
2024-11-14,TPEx,6265,方土昶,11.75,11.75,11.30,11.30,-0.25,260500,2979401,181
2024-11-14,TPEx,6266,泰詠,33.20,33.75,33.00,33.00,0.00,758730,25291856,822
2024-11-14,TPEx,6270,倍微,27.00,27.10,26.35,26.35,-0.75,267284,7117700,207
2024-11-14,TPEx,6274,台燿,158.00,159.00,154.00,154.50,-3.50,3739010,580743747,3522
2024-11-14,TPEx,6275,元山,50.50,51.20,49.20,49.50,-0.05,302161,15184213,269
2024-11-14,TPEx,6276,安鈦克,39.65,39.65,36.90,37.25,-1.45,118759,4448715,143
2024-11-14,TPEx,6279,胡連,178.00,178.50,171.00,171.00,-7.00,2302701,399097379,2364
2024-11-14,TPEx,6284,佳邦,78.50,80.70,77.00,79.50,+1.00,1680329,132541896,1270
2024-11-14,TPEx,6287,元隆,,,,,,0,0,0
2024-11-14,TPEx,6290,良維,73.40,73.40,71.20,71.20,-1.80,1919529,137960337,1509
2024-11-14,TPEx,6291,沛亨,92.10,93.00,88.00,92.50,-0.20,137370,12345331,170
2024-11-14,TPEx,6292,迅德,59.50,60.00,58.80,58.80,-1.20,172533,10240395,196
2024-11-14,TPEx,6294,智基,76.50,76.50,69.70,69.70,-7.70,601746,43153574,1114
2024-11-14,TPEx,6411,晶焱,94.60,94.70,91.80,91.80,-2.50,221494,20545809,300
2024-11-14,TPEx,6417,韋僑,108.00,108.50,105.00,107.00,-1.00,83070,8862894,47
2024-11-14,TPEx,6418,詠昇,19.90,20.05,19.60,19.90,-0.10,30203,599018,41
2024-11-14,TPEx,6419,京晨科,110.00,110.00,107.00,109.50,0.00,42472,4607335,153
2024-11-14,TPEx,6425,易發,80.50,82.00,78.50,79.40,-0.60,1332245,106772926,1164
2024-11-14,TPEx,6432,今展科,29.50,29.50,28.75,29.00,-0.80,118333,3438633,92
2024-11-14,TPEx,6435,大中,100.50,101.50,99.40,99.40,-0.60,78757,7896418,103
2024-11-14,TPEx,6441,廣錠,38.30,38.90,38.30,38.40,-0.55,82073,3168100,185
2024-11-14,TPEx,6457,紘康,62.00,62.80,61.70,61.70,-0.20,78535,4883823,91
2024-11-14,TPEx,6461,益得,27.80,27.95,27.70,27.70,-0.50,76256,2121286,59
2024-11-14,TPEx,6462,神盾,183.50,189.00,180.50,180.50,-4.50,1239155,227568598,1403
2024-11-14,TPEx,6465,威潤,22.30,22.65,22.30,22.55,+0.25,28047,632211,19
2024-11-14,TPEx,6469,大樹,176.00,176.50,170.00,173.00,-2.50,227840,39253565,1033
2024-11-14,TPEx,6470,宇智,49.20,49.20,48.30,48.30,-0.90,51299,2494594,95
2024-11-14,TPEx,6482,弘煜科,50.90,50.90,49.50,49.50,-0.50,13000,648200,13
2024-11-14,TPEx,6485,點序,54.80,54.80,53.30,53.50,-1.20,81650,4398874,143
2024-11-14,TPEx,6486,互動,85.80,85.80,84.90,85.20,-0.10,77711,6618595,79
2024-11-14,TPEx,6488,環球晶,436.50,438.00,422.00,424.00,-16.00,2649135,1130642057,4162
2024-11-14,TPEx,6492,生華科,47.25,47.40,46.20,46.45,-0.75,343791,16036935,315
2024-11-14,TPEx,6494,九齊,53.30,53.30,51.70,51.70,-0.70,46174,2412568,129
2024-11-14,TPEx,6496,科懋,29.50,29.55,29.45,29.55,-0.55,10533,311127,51
2024-11-14,TPEx,6499,益安,45.50,45.55,44.50,44.70,-0.80,21634,973815,46
2024-11-14,TPEx,6506,雙邦,17.90,18.35,17.85,18.20,+0.30,311457,5647480,218
2024-11-14,TPEx,6508,惠光,30.25,30.25,30.05,30.05,-0.20,62440,1881911,160
2024-11-14,TPEx,6509,聚和,44.10,44.50,43.05,43.10,-0.50,1168772,50892886,2152
2024-11-14,TPEx,6510,精測,734.00,738.00,720.00,720.00,-14.00,935444,678820972,1298
2024-11-14,TPEx,6512,啟發電,22.60,22.65,22.60,22.65,+0.05,7414,167879,19
2024-11-14,TPEx,6516,勤崴國際,67.30,67.50,66.50,67.40,-0.70,60902,4088812,75
2024-11-14,TPEx,6517,保勝光學,74.30,74.30,70.90,70.90,-3.30,287253,20724304,352
2024-11-14,TPEx,6523,達爾膚,159.00,159.00,157.00,157.00,-2.50,82587,13020734,166
2024-11-14,TPEx,6527,明達醫,89.60,90.30,88.50,90.30,+0.50,24261,2174169,28
2024-11-14,TPEx,6530,創威,79.20,81.80,77.80,77.90,-1.30,6159971,489397903,4325
2024-11-14,TPEx,6532,瑞耘,74.60,74.60,72.20,72.20,-0.80,277961,20289701,260
2024-11-14,TPEx,6535,順藥,330.00,336.00,328.50,330.00,0.00,461148,152911424,1779
2024-11-14,TPEx,6538,倉和,113.00,113.00,109.00,109.50,-4.00,240689,26596200,358
2024-11-14,TPEx,6542,隆中,55.60,57.70,55.60,56.20,+0.40,9964,549673,1208
2024-11-14,TPEx,6546,正基,123.50,124.50,117.50,118.00,-6.00,2152079,257816905,2232
2024-11-14,TPEx,6547,高端疫苗,38.95,38.95,37.20,37.30,-1.30,1414003,53308656,1289
2024-11-14,TPEx,6548,長科*,35.20,35.20,34.15,34.30,-0.60,1832773,63293891,1036
2024-11-14,TPEx,6556,勝品,92.00,92.00,89.90,92.00,+0.40,55627,5037967,82
2024-11-14,TPEx,6560,欣普羅,30.50,30.50,30.20,30.20,-0.35,20543,622583,50
2024-11-14,TPEx,6561,是方,514.00,523.00,508.00,508.00,-6.00,137712,71080778,337
2024-11-14,TPEx,6568,宏觀,125.50,125.50,122.00,122.50,-3.00,86824,10699041,147
2024-11-14,TPEx,6569,醫揚,151.50,152.50,147.00,148.00,-5.00,103501,15472829,695
2024-11-14,TPEx,6570,維田,50.90,50.90,49.95,50.10,-0.60,144445,7246674,212
2024-11-14,TPEx,6574,霈方,54.00,54.00,54.00,54.00,+0.50,2338,126157,35
2024-11-14,TPEx,6576,逸達,77.50,77.80,75.80,75.80,-0.30,118179,9026429,107
2024-11-14,TPEx,6577,勁豐,92.00,92.00,90.30,91.00,-0.30,49332,4488637,219
2024-11-14,TPEx,6578,達邦蛋白,18.85,18.85,18.15,18.25,-0.60,565992,10506267,255
2024-11-14,TPEx,6584,南俊國際,162.00,164.50,156.00,158.50,-4.00,275897,43829872,291
2024-11-14,TPEx,6588,東典光電,37.85,37.85,36.80,36.95,-1.05,75054,2779470,72
2024-11-14,TPEx,6589,台康生技,90.50,92.50,89.00,89.00,-0.50,738445,66789705,673
2024-11-14,TPEx,6590,普鴻,70.60,70.60,70.50,70.50,-0.10,3098,218651,7
2024-11-14,TPEx,6593,台灣銘板,85.00,86.20,79.70,79.80,-5.10,429682,35000606,589
2024-11-14,TPEx,6596,寬宏藝術,73.20,74.70,71.00,72.10,-0.90,240691,17572802,336
2024-11-14,TPEx,6603,富強鑫,18.50,18.60,18.15,18.20,-0.30,935112,17105887,432
2024-11-14,TPEx,6609,瀧澤科,91.40,97.10,90.20,91.00,-0.30,13203433,1225698023,13116
2024-11-14,TPEx,6612,奈米醫材,132.00,132.00,126.50,127.00,-5.00,182282,23344902,312
2024-11-14,TPEx,6613,朋億*,190.00,193.00,188.00,191.00,+2.00,346952,66196988,343
2024-11-14,TPEx,6615,慧智,42.50,42.50,40.00,40.50,-2.00,89056,3599481,207
2024-11-14,TPEx,6616,特昇-KY,12.60,12.75,12.25,12.25,-0.30,33815,419291,35
2024-11-14,TPEx,6617,共信-KY,109.00,109.50,107.00,109.00,+0.50,78679,8514224,112
2024-11-14,TPEx,6624,萬年清,37.50,37.50,37.10,37.10,-0.20,10027,373805,11
2024-11-14,TPEx,6629,泰金-KY,130.00,131.00,128.50,128.50,0.00,160438,20807504,137
2024-11-14,TPEx,6637,醫影,105.00,106.00,101.50,102.50,-6.00,335897,34534493,325
2024-11-14,TPEx,6640,均華,785.00,815.00,777.00,813.00,+27.00,1242090,997943311,1981
2024-11-14,TPEx,6642,富致,63.40,63.40,62.40,62.80,-0.10,94237,5916369,216
2024-11-14,TPEx,6643,M31,719.00,737.00,714.00,715.00,-1.00,945649,684678111,1941
2024-11-14,TPEx,6649,台生材,35.70,35.75,35.20,35.20,-0.55,25142,893288,36
2024-11-14,TPEx,6651,全宇昕,100.50,100.50,96.70,96.70,-2.80,243575,23852153,246
2024-11-14,TPEx,6654,天正國際,44.00,45.50,44.00,44.90,+0.75,3005,134620,4
2024-11-14,TPEx,6661,威健生技,25.30,25.60,24.80,24.85,-0.45,19042,479680,23
2024-11-14,TPEx,6662,樂斯科,36.00,36.00,35.80,35.80,-0.40,2108,75670,16
2024-11-14,TPEx,6664,群翊,281.00,281.00,258.50,262.50,-15.00,1202085,319235180,1746
2024-11-14,TPEx,6667,信紘科,208.00,208.00,197.00,197.00,-9.00,1089975,219036981,2171
2024-11-14,TPEx,6679,鈺太,353.50,354.50,343.00,343.00,-9.00,179256,62143577,297
2024-11-14,TPEx,6680,鑫創電子,84.00,84.10,84.00,84.00,-2.50,7262,610585,18
2024-11-14,TPEx,6683,雍智科技,355.00,357.00,342.00,343.00,-11.00,422331,146643357,752
2024-11-14,TPEx,6684,安格,60.50,60.90,58.10,58.10,-1.90,129271,7698652,376
2024-11-14,TPEx,6690,安碁資訊,212.50,212.50,209.50,209.50,-2.50,25320,5348619,100
2024-11-14,TPEx,6692,進能服,38.45,38.45,37.35,37.35,-0.40,41213,1564892,39
2024-11-14,TPEx,6693,廣閎科,77.60,78.00,77.00,77.00,-0.50,95071,7358274,106
2024-11-14,TPEx,6697,東捷資訊,45.00,45.50,43.35,44.90,-0.45,108052,4762851,154
2024-11-14,TPEx,6703,軒郁,164.00,164.00,156.00,158.00,-5.00,400698,64227779,1917
2024-11-14,TPEx,6708,天擎,43.85,43.85,42.00,42.50,-2.10,60351,2570698,60
2024-11-14,TPEx,6712,長聖,178.00,178.00,173.00,174.50,-3.00,580694,101305997,663
2024-11-14,TPEx,6716,應廣,90.50,90.50,87.20,87.50,-2.60,52989,4662772,187
2024-11-14,TPEx,6721,信實,58.00,58.40,58.00,58.40,+1.10,69073,4011983,72
2024-11-14,TPEx,6727,亞泰金屬,78.10,82.50,78.10,81.70,+4.70,561585,45304119,513
2024-11-14,TPEx,6728,上洋,126.50,126.50,125.00,125.00,-1.50,39691,4989133,67
2024-11-14,TPEx,6732,昇佳電子,270.00,270.00,263.50,270.00,-0.50,91351,24392068,821
2024-11-14,TPEx,6733,博晟生醫,38.55,38.55,36.60,36.80,-0.55,266226,9817744,280
2024-11-14,TPEx,6735,美達科技,70.80,70.80,68.30,68.30,-0.30,12037,830646,17
2024-11-14,TPEx,6739,竹陞科技,202.00,221.50,202.00,221.50,+20.00,2095535,456836431,1733
2024-11-14,TPEx,6741,91APP*-KY,93.80,94.60,90.50,91.30,-1.50,381964,35121516,565
2024-11-14,TPEx,6747,亨泰光,138.00,138.50,136.50,136.50,-2.50,22372,3074071,422
2024-11-14,TPEx,6751,智聯服務,59.00,59.00,57.20,57.40,-2.20,24349,1404232,30
2024-11-14,TPEx,6752,叡揚,120.00,120.00,115.50,116.00,-3.50,66476,7774665,97
2024-11-14,TPEx,6761,穩得,95.50,95.80,94.00,94.40,-1.10,95285,9046901,88
2024-11-14,TPEx,6762,達亞,272.00,272.00,272.00,272.00,+3.00,1150,312950,2
2024-11-14,TPEx,6763,綠界科技*,72.00,72.50,65.50,67.50,-2.60,8600000,584117138,7535
2024-11-14,TPEx,6767,台微醫,32.05,32.05,31.40,31.95,-0.05,33032,1048465,34
2024-11-14,TPEx,6785,昱展新藥,148.50,150.00,143.00,145.50,-3.00,271474,39652807,373
2024-11-14,TPEx,6788,華景電,251.00,253.00,236.00,240.00,-10.50,1521673,366849432,2482
2024-11-14,TPEx,6791,虎門科技,132.50,134.50,122.50,122.50,-13.50,467070,58501387,622
2024-11-14,TPEx,6803,崑鼎,281.00,281.00,275.00,277.00,-1.50,185299,51325118,1280
2024-11-14,TPEx,6804,明係,31.70,31.75,31.35,31.55,-0.15,28280,893281,27
2024-11-14,TPEx,6811,宏碁資訊,244.00,244.00,236.00,239.00,-5.00,214219,51180514,799
2024-11-14,TPEx,6821,聯寶,49.50,50.70,46.10,47.00,-2.45,783580,37783663,640
2024-11-14,TPEx,6823,濾能,63.30,67.20,63.00,64.50,+1.50,24594,1592694,31
2024-11-14,TPEx,6829,千附精密,116.00,120.50,116.00,117.50,+1.50,414667,49282459,400
2024-11-14,TPEx,6840,東研信超,52.10,52.10,46.90,47.40,-4.70,276095,13414633,244
2024-11-14,TPEx,6841,長佳智能,77.70,77.70,74.80,74.90,-2.70,566032,42914819,757
2024-11-14,TPEx,6843,進典,50.90,50.90,49.05,50.90,+0.90,20014,997563,21
2024-11-14,TPEx,6844,諾貝兒,162.50,162.50,155.00,155.00,-14.50,87694,13796709,295
2024-11-14,TPEx,6846,綠茵,,,,,,25,1947,1
2024-11-14,TPEx,6855,數泓科,139.00,141.50,136.50,140.00,-3.00,49296,6887665,66
2024-11-14,TPEx,6856,鑫傳,64.10,64.10,63.10,63.20,-0.90,6268,397150,16
2024-11-14,TPEx,6859,伯特光,198.50,198.50,187.00,195.00,+0.50,3361355,647296886,2967
2024-11-14,TPEx,6865,偉康科技,62.10,62.10,58.80,60.20,-0.80,51524,3114682,50
2024-11-14,TPEx,6870,騰雲,230.50,243.50,230.50,237.50,+7.50,100926,24104805,130
2024-11-14,TPEx,6874,倍力,94.00,94.00,91.50,91.90,-0.60,57538,5298559,159
2024-11-14,TPEx,6875,國邑*,63.40,64.50,62.90,63.00,-0.20,297343,18899703,198
2024-11-14,TPEx,6877,鏵友益,83.10,83.70,78.10,78.20,-5.30,2152930,172545256,2035
2024-11-14,TPEx,6881,潤德,,,,,,602,139363,3
2024-11-14,TPEx,6894,衛司特,,,,,,321,60599,19
2024-11-14,TPEx,6895,宏碩系統,191.50,191.50,183.00,184.50,-3.50,122324,22765041,967
2024-11-14,TPEx,6899,創為精密,55.70,56.00,55.50,55.50,-0.20,20000,1114000,11
2024-11-14,TPEx,6903,巨漢,134.00,134.00,128.00,131.50,-2.50,196944,25752876,278
2024-11-14,TPEx,6904,伯鑫,140.50,140.50,140.50,140.50,-3.00,1019,143236,2
2024-11-14,TPEx,6913,鴻呈,123.50,123.50,118.50,119.00,-3.50,128986,15449912,117
2024-11-14,TPEx,6922,宸曜,142.50,143.00,140.00,142.00,-0.50,26914,3799529,52
2024-11-14,TPEx,6929,佑全,41.15,41.15,40.70,40.70,-0.70,33168,1355888,27
2024-11-14,TPEx,6953,家碩,251.00,251.00,247.00,247.00,-4.00,33857,8412489,72
2024-11-14,TPEx,6967,汎瑋材料,51.50,51.60,51.30,51.30,-1.00,36276,1864949,41
2024-11-14,TPEx,6968,萬達寵物,69.50,70.20,68.30,68.30,-1.50,62545,4299986,106
2024-11-14,TPEx,7402,邑錡,71.70,71.70,69.00,69.00,-2.00,161377,11282635,187
2024-11-14,TPEx,7556,意德士,134.50,136.50,134.00,135.50,+1.50,44587,6040148,49
2024-11-14,TPEx,7584,樂意,78.80,80.60,78.30,79.00,+0.90,101586,8057514,113
2024-11-14,TPEx,7703,銳澤,150.00,156.50,148.50,150.00,-10.00,460592,69883864,658
2024-11-14,TPEx,8024,佑華,19.15,19.60,18.50,18.95,-0.25,84670,1596811,53
2024-11-14,TPEx,8027,鈦昇,106.00,107.00,100.00,100.50,-5.00,3153915,324036308,2805
2024-11-14,TPEx,8032,光菱,84.70,87.00,79.10,81.40,-3.40,6449745,539452863,4796
2024-11-14,TPEx,8034,榮群,20.70,20.70,20.00,20.00,-0.70,298344,6057303,229
2024-11-14,TPEx,8038,長園科,27.65,27.65,26.75,26.80,-0.35,179444,4890039,192
2024-11-14,TPEx,8040,九暘,75.00,76.00,73.50,73.90,-0.50,243024,18115895,229
2024-11-14,TPEx,8042,金山電,34.70,35.85,34.50,34.60,+0.05,23543,821867,70
2024-11-14,TPEx,8043,蜜望實,37.35,37.40,35.30,35.35,-1.60,1612534,57782014,1161
2024-11-14,TPEx,8044,網家,53.00,53.50,49.30,50.50,-3.80,4849772,246817482,3679
2024-11-14,TPEx,8047,星雲,23.90,23.90,22.05,23.05,-0.40,501095,11475294,379
2024-11-14,TPEx,8048,德勝,52.30,53.40,51.50,52.00,-0.30,92521,4805285,143
2024-11-14,TPEx,8049,晶采,35.00,35.05,34.65,34.75,-0.20,158261,5505521,152
2024-11-14,TPEx,8050,廣積,74.20,74.20,72.10,72.10,-2.00,554057,40393528,580
2024-11-14,TPEx,8054,安國,128.00,130.00,125.00,125.00,-3.00,830115,104979716,890
2024-11-14,TPEx,8059,凱碩,32.05,32.45,31.70,32.30,+0.25,66210,2116327,75
2024-11-14,TPEx,8064,東捷,61.50,66.20,61.00,61.50,+0.40,19324999,1223591680,10990
2024-11-14,TPEx,8066,來思達,28.20,29.05,28.20,28.20,-0.15,67695,1915301,378
2024-11-14,TPEx,8067,志旭,18.10,18.50,18.10,18.50,+0.20,14000,255400,10
2024-11-14,TPEx,8068,全達,30.00,30.55,29.15,29.35,-0.25,196205,5814311,157
2024-11-14,TPEx,8069,元太,287.00,288.00,273.00,275.00,-12.00,9630104,2675678482,11000
2024-11-14,TPEx,8071,能率網通,19.30,19.40,18.75,18.75,-0.50,516925,9776309,323
2024-11-14,TPEx,8074,鉅橡,24.70,25.10,24.45,24.75,-0.20,259538,6418235,188
2024-11-14,TPEx,8076,伍豐,32.00,32.55,31.95,32.30,+0.20,720222,23231885,617
2024-11-14,TPEx,8077,洛碁,,,,,,17,818,1
2024-11-14,TPEx,8080,印鉐,30.80,31.50,30.75,30.75,-0.20,61462,1900467,47
2024-11-14,TPEx,8083,瑞穎,157.00,158.50,155.50,157.00,0.00,117640,18469590,86
2024-11-14,TPEx,8084,巨虹,66.50,66.80,63.80,64.80,-1.70,157424,10257147,151
2024-11-14,TPEx,8085,福華,35.95,36.10,34.00,34.00,-1.90,703650,24542350,573
2024-11-14,TPEx,8086,宏捷科,97.60,99.10,94.60,94.60,-3.70,2269678,217999287,2449
2024-11-14,TPEx,8087,麗升能源,45.80,45.80,44.20,44.20,-0.30,22032,982882,20
2024-11-14,TPEx,8088,品安,20.95,20.95,20.25,20.25,-0.40,500871,10252038,339
2024-11-14,TPEx,8089,康全電訊,111.50,119.50,111.00,115.50,+4.50,12409134,1426157027,9183
2024-11-14,TPEx,8091,翔名,135.50,136.50,130.50,132.00,-3.50,412615,54677704,443
2024-11-14,TPEx,8092,建暐,22.65,22.65,22.15,22.15,-0.50,97320,2181052,93
2024-11-14,TPEx,8093,保銳,21.30,21.70,21.05,21.40,+0.10,42171,900780,39
2024-11-14,TPEx,8096,擎亞,39.15,39.45,38.35,38.35,-0.80,2442373,94479814,1682
2024-11-14,TPEx,8097,常珵,81.00,83.20,79.60,80.40,+1.70,2814420,228103704,2308
2024-11-14,TPEx,8099,大世科,86.00,86.00,82.00,82.10,-3.00,119847,9942516,186
2024-11-14,TPEx,8107,大億金茂,23.05,23.60,22.90,23.20,+0.65,1608198,37449760,1108
2024-11-14,TPEx,8109,博大,87.40,88.00,86.90,87.10,-0.20,93648,8165275,85
2024-11-14,TPEx,8111,立碁,38.35,38.70,36.20,36.35,-1.80,5512925,204700268,2966
2024-11-14,TPEx,8121,越峰,31.70,31.80,30.50,30.50,-0.75,625433,19340712,416
2024-11-14,TPEx,8147,正淩,107.00,107.00,102.00,102.50,-4.00,393278,40719224,370
2024-11-14,TPEx,8155,博智,126.00,126.50,123.50,124.00,-1.00,254011,31634443,254
2024-11-14,TPEx,8171,天宇,33.45,34.25,32.60,32.60,-0.45,289955,9712888,292
2024-11-14,TPEx,8176,智捷,15.45,15.90,15.15,15.15,-0.45,473845,7305355,294
2024-11-14,TPEx,8182,加高,34.00,34.10,33.75,33.80,-0.05,107711,3651208,125
2024-11-14,TPEx,8183,精星,42.40,42.40,41.00,41.00,-0.50,638829,26482479,545
2024-11-14,TPEx,8227,巨有科技,169.00,170.00,152.50,152.50,-16.50,1523440,238643281,2056
2024-11-14,TPEx,8234,新漢,49.65,50.00,48.75,48.80,-0.85,248909,12245116,295
2024-11-14,TPEx,8240,華宏,48.10,49.50,47.50,48.45,+0.40,3078933,149247275,2163
2024-11-14,TPEx,8255,朋程,169.00,169.00,165.00,165.00,-3.50,271001,45016441,367
2024-11-14,TPEx,8272,全景軟體,106.00,107.00,104.00,104.00,-3.50,93557,9835379,191
2024-11-14,TPEx,8277,商丞,14.90,15.10,14.50,14.55,-0.50,480269,7099150,289
2024-11-14,TPEx,8279,生展,,,,,,43,5756,3
2024-11-14,TPEx,8284,三竹,65.20,65.20,64.50,64.50,-0.30,19778,1282872,29
2024-11-14,TPEx,8289,泰藝,25.20,25.20,24.30,24.40,-0.75,171637,4226115,142
2024-11-14,TPEx,8291,尚茂,7.19,7.19,7.10,7.10,+0.41,2129,15238,3
2024-11-14,TPEx,8299,群聯,416.00,418.00,403.00,404.00,-11.50,3525296,1436812989,6258
2024-11-14,TPEx,8342,益張,88.50,88.50,86.90,88.20,+0.20,14578,1272961,27
2024-11-14,TPEx,8349,恒耀,64.90,64.90,63.60,63.80,-1.00,239248,15317585,260
2024-11-14,TPEx,8349A,恒耀甲特,48.70,48.70,48.70,48.70,0.00,2000,97400,2
2024-11-14,TPEx,8354,冠好,16.55,16.80,16.00,16.25,-0.20,273473,4451156,287
2024-11-14,TPEx,8358,金居,58.00,58.30,56.80,57.00,-0.80,1619622,92739788,1207
2024-11-14,TPEx,8383,千附,43.90,44.20,43.30,43.30,-0.75,318946,13891049,354
2024-11-14,TPEx,8390,金益鼎,72.10,72.30,70.30,70.30,-1.50,775000,55043692,718
2024-11-14,TPEx,8401,白紗科,28.05,28.05,27.40,27.50,-0.45,144148,3991726,210
2024-11-14,TPEx,8403,盛弘,29.45,29.50,28.80,28.80,-0.60,310521,8994034,471
2024-11-14,TPEx,8409,商之器,22.75,22.75,22.05,22.25,-0.45,56067,1258470,53
2024-11-14,TPEx,8410,森田,78.60,79.80,77.40,78.60,-0.50,109060,8503781,91
2024-11-14,TPEx,8415,大國鋼,34.00,34.00,33.40,33.50,-0.35,81553,2739907,101
2024-11-14,TPEx,8416,實威,152.00,154.50,150.50,154.50,-0.50,10882,1655901,26
2024-11-14,TPEx,8420,明揚,41.85,41.85,41.60,41.60,-0.30,19549,816937,15
2024-11-14,TPEx,8421,旭源,14.90,14.90,14.35,14.45,-0.15,406873,5938900,277
2024-11-14,TPEx,8423,保綠-KY,21.00,21.00,20.85,20.85,-0.05,29390,616172,102
2024-11-14,TPEx,8424,惠普,68.60,68.60,68.60,68.60,-0.30,3383,232225,13
2024-11-14,TPEx,8426,紅木-KY,47.15,47.15,46.75,47.15,-0.15,29794,1399781,35
2024-11-14,TPEx,8431,匯鑽科,60.90,60.90,59.30,60.00,-1.00,426210,25527130,332
2024-11-14,TPEx,8432,東生華,63.40,63.90,61.20,61.20,-2.20,196614,12199794,306
2024-11-14,TPEx,8433,弘帆,86.50,86.50,84.60,84.60,-2.10,111890,9533796,252
2024-11-14,TPEx,8435,鉅邁,73.50,73.70,73.10,73.10,-0.40,26775,1960694,372
2024-11-14,TPEx,8436,大江,130.50,131.00,126.50,127.50,-3.00,413827,53140001,556
2024-11-14,TPEx,8437,大地-KY,30.00,30.00,28.95,28.95,-0.20,40597,1179391,122
2024-11-14,TPEx,8440,綠電,43.35,43.35,42.00,42.00,-0.65,144299,6095270,167
2024-11-14,TPEx,8444,綠河-KY,31.15,31.20,30.05,31.00,-0.55,46644,1425698,98
2024-11-14,TPEx,8446,華研,131.00,131.50,128.00,128.00,-2.00,261899,33747439,328
2024-11-14,TPEx,8450,霹靂,24.10,24.45,23.85,24.15,+0.10,32027,771636,86
2024-11-14,TPEx,8455,大拓-KY,28.25,28.25,28.10,28.10,-0.35,5066,142873,14
2024-11-14,TPEx,8472,夠麻吉,25.70,26.25,25.70,26.25,+0.50,3000,77650,3
2024-11-14,TPEx,8477,創業家,12.10,12.35,11.65,11.90,-0.50,23000,274700,13
2024-11-14,TPEx,8489,三貝德,28.50,28.50,28.30,28.35,+0.05,47927,1363461,253
2024-11-14,TPEx,8905,裕國,29.85,30.20,29.10,29.10,-0.75,25474,759761,26
2024-11-14,TPEx,8906,花王,32.35,32.65,32.05,32.05,-0.80,19480,630035,23
2024-11-14,TPEx,8908,欣雄,48.90,48.95,48.80,48.95,0.00,14471,707417,40
2024-11-14,TPEx,8916,光隆,56.60,57.00,56.50,56.60,0.00,78307,4439937,118
2024-11-14,TPEx,8917,欣泰,63.60,63.60,62.00,62.00,-0.30,11056,692388,8
2024-11-14,TPEx,8921,沈氏,,,,,,6,141,3
2024-11-14,TPEx,8923,時報,18.95,18.95,18.50,18.50,-0.05,16001,297668,8
2024-11-14,TPEx,8924,大田,82.00,82.00,80.50,80.70,-0.90,134894,10927176,229
2024-11-14,TPEx,8927,北基,54.50,54.50,52.50,52.50,-1.90,1926606,102440537,973
2024-11-14,TPEx,8928,鉅明,32.30,32.30,31.90,31.90,-0.10,36010,1154419,25
2024-11-14,TPEx,8929,富堡,25.85,26.85,24.65,24.65,-1.50,1531343,39428704,1244
2024-11-14,TPEx,8930,青鋼,32.70,32.70,32.45,32.45,-0.15,107191,3483912,95
2024-11-14,TPEx,8931,大汽電,48.95,48.95,48.25,48.45,-0.45,53361,2599671,48
2024-11-14,TPEx,8932,智通*,94.40,95.00,91.20,91.40,-2.70,890150,82628085,671
2024-11-14,TPEx,8933,愛地雅,8.66,8.71,8.60,8.60,-0.06,194296,1674737,228
2024-11-14,TPEx,8935,邦泰,20.60,21.10,20.60,21.10,+0.15,569607,11939451,207
2024-11-14,TPEx,8936,國統,54.20,54.80,52.20,52.60,-1.80,1848478,98549543,1724
2024-11-14,TPEx,8937,合騏,130.00,130.00,125.00,128.00,-2.00,503007,63477565,297
2024-11-14,TPEx,8938,明安,78.40,78.40,76.60,76.90,-1.30,300714,23265873,234
2024-11-14,TPEx,8941,關中,66.50,66.50,66.50,66.50,0.00,2425,161266,102
2024-11-14,TPEx,8942,森鉅,57.40,57.40,56.30,56.30,-1.10,576219,32700625,705
2024-11-14,TPEx,9949,琉園,25.50,25.60,25.45,25.50,0.00,26961,687459,22
2024-11-14,TPEx,9950,萬國通,13.55,13.65,13.35,13.50,-0.10,62100,837474,35
2024-11-14,TPEx,9951,皇田,61.70,61.80,61.20,61.30,-0.40,33682,2066601,53
2024-11-14,TPEx,9960,邁達康,26.10,26.10,25.75,25.75,-0.50,48116,1245053,33
2024-11-14,TPEx,9962,有益,15.50,15.50,15.20,15.20,-0.30,68936,1056217,74
