date,market,code,name,open,high,low,close,change,volume,value,transactions
2024-10-18,TWSE,0050,元大台灣50,199.30,200.20,197.25,198.10,4.80,33596096,6693832518,28236
2024-10-18,TWSE,0051,元大中型100,81.85,82.65,81.25,81.35,-0.50,225770,18451007,450
2024-10-18,TWSE,0052,富邦科技,199.40,199.40,195.00,195.00,4.00,2233354,440407026,2936
2024-10-18,TWSE,0053,元大電子,106.00,107.30,105.90,106.45,3.05,39988,4269884,155
2024-10-18,TWSE,0055,元大MSCI金融,29.62,30.00,29.62,29.91,0.36,272850,8160941,347
2024-10-18,TWSE,0056,元大高股息,38.33,38.35,38.00,38.06,-0.06,59252057,2259651492,38979
2024-10-18,TWSE,0057,富邦摩台,146.30,146.80,145.85,145.85,3.60,18712,2737745,94
2024-10-18,TWSE,0061,元大寶滬深,19.16,19.56,19.01,19.45,0.08,3468991,66414955,1373
2024-10-18,TWSE,006203,元大MSCI台灣,93.70,94.00,93.15,93.15,1.75,14913,1397316,96
2024-10-18,TWSE,006204,永豐臺灣加權,118.60,118.85,118.10,118.55,2.30,14073,1668508,151
2024-10-18,TWSE,006205,富邦上証,32.70,33.35,32.33,33.11,0.16,2516218,82346861,1030
2024-10-18,TWSE,006206,元大上證50,31.50,31.80,30.91,31.63,-0.03,1384605,43186643,410
2024-10-18,TWSE,006207,復華滬深,24.49,25.33,24.30,25.13,0.25,594490,14721290,243
2024-10-18,TWSE,006208,富邦台50,116.75,117.20,115.45,115.90,2.70,17517219,2041576161,18827
2024-10-18,TWSE,00625K,富邦上証+R,7.28,7.28,7.28,7.28,0.00,2000,14560,2
2024-10-18,TWSE,00631L,元大台灣50正2,257.05,258.45,252.45,253.90,8.80,12207340,3127320154,10594
2024-10-18,TWSE,00632R,元大台灣50反1,3.20,3.22,3.18,3.21,-0.06,322619761,1032345054,12043
2024-10-18,TWSE,00633L,富邦上証正2,38.77,41.40,38.69,40.70,0.52,18576095,737109854,4580
2024-10-18,TWSE,00634R,富邦上証反1,4.12,4.14,4.02,4.05,-0.02,1508253,6171612,135
2024-10-18,TWSE,00635U,期元大S&P黃金,31.12,31.35,31.09,31.34,0.35,939712,29390116,496
2024-10-18,TWSE,00636,國泰中國A50,22.87,23.47,22.67,23.25,0.11,7009846,160954820,1555
2024-10-18,TWSE,00636K,國泰中國A50+U,7.17,7.17,7.17,7.17,-0.02,200,1434,2
2024-10-18,TWSE,00637L,元大滬深300正2,15.63,16.65,15.50,16.41,0.29,205300432,3277995464,24551
2024-10-18,TWSE,00638R,元大滬深300反1,8.60,8.68,8.38,8.43,-0.08,1514680,12914640,266
2024-10-18,TWSE,00639,富邦深100,11.72,12.30,11.61,12.20,0.34,8567148,101993112,1682
2024-10-18,TWSE,00640L,富邦日本正2,51.80,51.95,51.45,51.60,0.05,354879,18358316,189
2024-10-18,TWSE,00641R,富邦日本反1,6.19,6.22,6.17,6.20,-0.02,523670,3241693,64
2024-10-18,TWSE,00642U,期元大S&P石油,16.57,16.61,16.53,16.58,0.06,2442822,40461122,489
2024-10-18,TWSE,00643,群益深証中小,12.53,13.03,12.44,12.94,0.24,10617866,134981654,698
2024-10-18,TWSE,00643K,群益深証中小+R,,,,,0.00,0,0,0
2024-10-18,TWSE,00645,富邦日本,37.09,37.18,36.96,37.02,0.01,669724,24852909,259
2024-10-18,TWSE,00646,元大S&P500,58.70,58.80,58.65,58.70,0.05,1339554,78672779,1149
2024-10-18,TWSE,00647L,元大S&P500正2,97.65,97.75,97.65,97.75,0.10,13518,1321069,42
2024-10-18,TWSE,00648R,元大S&P500反1,5.23,5.23,5.21,5.22,-0.01,234109,1221137,39
2024-10-18,TWSE,00650L,復華香港正2,12.36,13.03,12.30,12.89,0.07,32217816,406055498,4023
2024-10-18,TWSE,00651R,復華香港反1,7.44,7.49,7.28,7.32,-0.04,2216748,16369598,185
2024-10-18,TWSE,00652,富邦印度,39.50,39.50,39.10,39.36,-0.25,884884,34716968,682
2024-10-18,TWSE,00653L,富邦印度正2,64.30,64.50,63.60,64.40,-0.55,779810,49855780,384
2024-10-18,TWSE,00654R,富邦印度反1,6.32,6.34,6.30,6.30,0.00,747000,4720640,108
2024-10-18,TWSE,00655L,國泰中國A50正2,26.41,28.22,26.33,27.79,0.41,10554304,285459195,2185
2024-10-18,TWSE,00656R,國泰中國A50反1,7.69,7.71,7.44,7.51,-0.05,1107239,8423358,177
2024-10-18,TWSE,00657,國泰日經225,45.77,45.88,45.68,45.75,-0.01,71264,3266342,97
2024-10-18,TWSE,00657K,國泰日經225+U,14.33,14.33,14.33,14.33,0.04,200,2866,2
2024-10-18,TWSE,00660,元大歐洲50,35.79,35.79,35.78,35.78,0.00,4153,148633,7
2024-10-18,TWSE,00661,元大日經225,49.91,49.99,49.74,49.84,0.00,160704,8002618,172
2024-10-18,TWSE,00662,富邦NASDAQ,83.60,83.80,83.45,83.75,0.25,1719342,143840617,1248
2024-10-18,TWSE,00663L,國泰臺灣加權正2,234.95,235.80,232.50,232.50,8.40,17198,4036896,17
2024-10-18,TWSE,00664R,國泰臺灣加權反1,3.61,3.65,3.60,3.64,-0.05,22514578,81399698,1048
2024-10-18,TWSE,00665L,富邦恒生國企正2,8.31,8.78,8.25,8.69,0.07,86761198,733268690,7650
2024-10-18,TWSE,00666R,富邦恒生國企反1,12.40,12.42,12.17,12.17,0.01,272000,3341130,70
2024-10-18,TWSE,00668,國泰美國道瓊,50.50,50.50,50.40,50.45,0.05,25653,1294487,89
2024-10-18,TWSE,00668K,國泰美國道瓊+U,15.71,15.71,15.71,15.71,0.06,200,3142,2
2024-10-18,TWSE,00669R,國泰美國道瓊反1,6.54,6.54,6.52,6.54,-0.03,2685162,17530262,221
2024-10-18,TWSE,00670L,富邦NASDAQ正2,126.15,126.60,126.10,126.45,0.80,545616,68949218,359
2024-10-18,TWSE,00671R,富邦NASDAQ反1,3.66,3.67,3.66,3.67,0.00,2963181,10860642,154
2024-10-18,TWSE,00673R,期元大S&P原油反1,7.49,7.50,7.45,7.46,-0.03,7419158,55444148,543
2024-10-18,TWSE,00674R,期元大S&P黃金反1,9.37,9.37,9.30,9.31,-0.11,1784559,16634490,305
2024-10-18,TWSE,00675L,富邦臺灣加權正2,102.75,103.15,100.80,101.35,3.40,10050101,1028086995,5987
2024-10-18,TWSE,00676R,富邦臺灣加權反1,2.01,2.03,2.00,2.03,-0.02,10557509,21246290,589
2024-10-18,TWSE,00678,群益那斯達克生技,30.43,30.45,30.41,30.42,-0.15,410374,12489680,102
2024-10-18,TWSE,00680L,元大美債20正2,8.66,8.66,8.62,8.64,-0.24,90352134,780684092,9443
2024-10-18,TWSE,00681R,元大美債20反1,20.04,20.13,20.04,20.13,0.28,1476000,29677010,42
2024-10-18,TWSE,00682U,期元大美元指數,21.01,21.03,21.00,21.03,0.02,54683,1149403,11
2024-10-18,TWSE,00683L,期元大美元指正2,22.60,22.60,22.57,22.60,0.05,57132,1290580,14
2024-10-18,TWSE,00684R,期元大美元指反1,15.37,15.39,15.37,15.39,-0.02,68000,1045750,14
2024-10-18,TWSE,00685L,群益臺灣加權正2,91.55,92.15,90.05,90.50,3.10,1675239,153068673,1016
2024-10-18,TWSE,00686R,群益臺灣加權反1,2.19,2.21,2.18,2.21,-0.03,1126597,2466805,76
2024-10-18,TWSE,00688L,國泰20年美債正2,8.60,8.62,8.58,8.60,-0.22,49946313,429348362,4847
2024-10-18,TWSE,00689R,國泰20年美債反1,20.83,20.83,20.83,20.83,0.25,1000,20830,1
2024-10-18,TWSE,00690,兆豐藍籌30,36.01,36.01,35.68,35.76,0.55,1777703,63791213,647
2024-10-18,TWSE,00692,富邦公司治理,46.91,46.91,46.09,46.20,0.98,4661594,216730844,3359
2024-10-18,TWSE,00693U,期街口S&P黃豆,20.15,20.19,20.09,20.12,0.16,249161,5015871,98
2024-10-18,TWSE,00700,富邦恒生國企,15.00,15.21,14.70,15.14,-0.01,1256739,18747917,440
2024-10-18,TWSE,00701,國泰股利精選30,29.52,29.86,29.52,29.77,0.25,782239,23292972,523
2024-10-18,TWSE,00702,國泰標普低波高息,25.90,25.93,25.90,25.92,-0.08,29300,758719,92
2024-10-18,TWSE,00703,台新MSCI中國,17.35,17.69,17.21,17.64,-0.02,437158,7590998,176
2024-10-18,TWSE,00706L,期元大S&P日圓正2,6.38,6.40,6.36,6.40,-0.03,8575558,54707923,1159
2024-10-18,TWSE,00707R,期元大S&P日圓反1,,,,,0.00,0,0,0
2024-10-18,TWSE,00708L,期元大S&P黃金正2,42.38,42.91,42.32,42.89,0.86,1388602,59260664,392
2024-10-18,TWSE,00709,富邦歐洲,,,,,0.00,1213,36277,101
2024-10-18,TWSE,00710B,復華彭博非投等債,19.69,19.69,19.63,19.63,-0.06,72848,1431072,66
2024-10-18,TWSE,00711B,復華彭博新興債,16.75,16.76,16.74,16.74,-0.14,192980,3232368,78
2024-10-18,TWSE,00712,復華富時不動產,9.89,9.89,9.85,9.87,-0.04,8763093,86452937,3279
2024-10-18,TWSE,00713,元大台灣高息低波,57.50,57.65,57.35,57.40,0.20,9113124,524368986,6639
2024-10-18,TWSE,00714,群益道瓊美國地產,22.63,22.63,22.43,22.49,-0.12,607086,13648959,130
2024-10-18,TWSE,00715L,期街口布蘭特正2,13.44,13.53,13.38,13.48,0.06,19206842,258172916,2005
2024-10-18,TWSE,00717,富邦美國特別股,16.61,16.62,16.60,16.61,-0.06,159728,2651941,145
2024-10-18,TWSE,00728,第一金工業30,33.88,33.88,33.42,33.44,0.20,327094,11036863,190
2024-10-18,TWSE,00730,富邦臺灣優質高息,22.69,22.85,22.56,22.56,-0.13,2303149,52194270,1154
2024-10-18,TWSE,00731,復華富時高息低波,74.45,74.75,74.20,74.25,0.05,1159660,86369608,771
2024-10-18,TWSE,00733,富邦臺灣中小,55.45,55.50,54.20,54.40,-0.70,1917134,104776523,3731
2024-10-18,TWSE,00735,國泰臺韓科技,34.56,34.56,33.81,33.90,0.21,384068,13086304,262
2024-10-18,TWSE,00736,國泰新興市場,24.28,24.39,24.28,24.29,-0.11,111386,2714422,16
2024-10-18,TWSE,00737,國泰AI機器人,31.08,31.13,30.99,31.02,-0.06,97812,3033943,109
2024-10-18,TWSE,00738U,期元大道瓊白銀,28.46,28.80,28.45,28.68,0.37,1064094,30458717,346
2024-10-18,TWSE,00739,元大MSCI A股,22.10,22.65,21.80,22.52,0.21,224635,4973254,131
2024-10-18,TWSE,00752,中信中國50,21.20,21.74,21.01,21.57,0.00,5478716,116709706,1758
2024-10-18,TWSE,00753L,中信中國50正2,9.29,9.77,9.18,9.65,0.09,82890577,776792886,11433
2024-10-18,TWSE,00757,統一FANG+,90.40,90.75,90.40,90.40,0.35,1864206,168726044,1466
2024-10-18,TWSE,00762,元大全球AI,64.05,64.05,63.85,63.85,0.10,105048,6714416,266
2024-10-18,TWSE,00763U,期街口道瓊銅,26.22,26.50,26.22,26.43,0.10,167263,4413520,59
2024-10-18,TWSE,00770,國泰北美科技,48.47,48.47,48.31,48.33,0.07,233816,11305182,274
2024-10-18,TWSE,00771,元大US高息特別股,18.59,18.59,18.42,18.42,-0.07,28928,534468,129
2024-10-18,TWSE,00775B,台新投等債15+,35.17,35.17,35.14,35.16,-0.44,4014,141127,6
2024-10-18,TWSE,00783,富邦中証500,19.12,19.50,18.75,19.45,0.32,1346684,25737665,320
2024-10-18,TWSE,00830,國泰費城半導體,47.05,47.05,46.88,46.94,0.17,4325689,203140189,2537
2024-10-18,TWSE,00850,元大臺灣ESG永續,47.17,47.35,46.81,46.93,0.68,1699480,80122645,1767
2024-10-18,TWSE,00851,台新全球AI,46.85,46.97,46.85,46.95,0.15,9829,463027,94
2024-10-18,TWSE,00852L,國泰美國道瓊正2,28.11,28.11,28.06,28.07,0.21,96505,2709640,28
2024-10-18,TWSE,00861,元大全球未來通訊,42.98,42.98,42.83,42.83,0.20,121599,5216774,110
2024-10-18,TWSE,00865B,國泰US短期公債,45.82,45.87,45.79,45.86,0.04,218959,10041393,138
2024-10-18,TWSE,00875,國泰網路資安,34.58,34.64,34.58,34.61,0.01,18133,627563,89
2024-10-18,TWSE,00876,元大全球5G,37.70,37.74,37.52,37.63,0.08,641275,24126210,233
2024-10-18,TWSE,00878,國泰永續高股息,23.20,23.27,23.10,23.12,0.08,52039861,1207917051,19561
2024-10-18,TWSE,00881,國泰台灣科技龍頭,25.10,25.11,24.75,24.82,0.34,23700318,592563243,8284
2024-10-18,TWSE,00882,中信中國高股息,12.84,13.05,12.71,13.01,0.01,39768586,511012479,8175
2024-10-18,TWSE,00885,富邦越南,12.05,12.11,12.01,12.02,0.02,3274798,39482811,1028
2024-10-18,TWSE,00891,中信關鍵半導體,18.97,19.05,18.58,18.60,0.02,10405808,195842288,3036
2024-10-18,TWSE,00892,富邦台灣半導體,18.32,18.35,17.77,17.83,-0.02,4275550,77170352,1358
2024-10-18,TWSE,00893,國泰智能電動車,22.83,22.94,22.78,22.92,0.13,3206650,73291128,1628
2024-10-18,TWSE,00894,中信小資高價30,22.01,22.01,21.66,21.75,0.24,1153241,25221988,466
2024-10-18,TWSE,00895,富邦未來車,29.48,29.52,29.40,29.43,0.18,2522673,74286969,740
2024-10-18,TWSE,00896,中信綠能及電動車,18.17,18.32,18.14,18.15,0.12,961886,17558600,563
2024-10-18,TWSE,00897,富邦基因免疫生技,8.32,8.32,8.27,8.28,-0.07,863690,7154015,144
2024-10-18,TWSE,00898,國泰基因免疫革命,7.44,7.47,7.43,7.47,-0.06,189812,1415440,94
2024-10-18,TWSE,00899,FT潔淨能源,15.98,15.98,15.90,15.93,-0.05,176298,2806167,169
2024-10-18,TWSE,00900,富邦特選高股息30,15.07,15.14,15.04,15.04,0.01,8593120,129751110,2977
2024-10-18,TWSE,00901,永豐智能車供應鏈,21.93,22.00,21.76,21.79,0.31,806246,17689698,260
2024-10-18,TWSE,00902,中信電池及儲能,10.04,10.11,9.94,10.10,0.00,2206081,22092811,659
2024-10-18,TWSE,00903,富邦元宇宙,14.34,14.34,14.28,14.30,-0.04,338402,4840762,167
2024-10-18,TWSE,00904,台新臺灣半導體30,18.86,18.97,18.50,18.57,0.13,1968025,36888695,584
2024-10-18,TWSE,00905,FT臺灣Smart,14.42,14.45,14.31,14.35,0.25,22894825,329630358,5102
2024-10-18,TWSE,00907,永豐優息存股,16.18,16.28,16.18,16.25,0.11,4085002,66346284,1385
2024-10-18,TWSE,00908,富邦入息REITs+,13.74,13.74,13.69,13.72,-0.08,446617,6124935,82
2024-10-18,TWSE,00909,國泰數位支付服務,29.02,29.04,28.93,29.03,-0.02,984662,28551997,729
2024-10-18,TWSE,00910,第一金太空衛星,24.32,24.40,24.32,24.34,0.06,287493,7003837,83
2024-10-18,TWSE,00911,兆豐洲際半導體,26.85,26.85,26.56,26.62,0.12,233905,6228293,174
2024-10-18,TWSE,00912,中信臺灣智慧50,19.61,19.68,19.51,19.63,0.32,5664907,111090936,1364
2024-10-18,TWSE,00913,兆豐台灣晶圓製造,21.59,21.59,21.26,21.26,0.07,313744,6749915,101
2024-10-18,TWSE,00915,凱基優選高股息30,26.95,26.95,26.79,26.86,0.12,12450172,334805450,6740
2024-10-18,TWSE,00916,國泰全球品牌50,23.45,23.45,23.34,23.38,0.00,281089,6570843,243
2024-10-18,TWSE,00917,中信特選金融,22.40,22.44,22.40,22.44,0.05,159722,3581451,157
2024-10-18,TWSE,00918,大華優利高填息30,24.37,24.45,24.26,24.28,0.00,19036755,463962722,4858
2024-10-18,TWSE,00919,群益台灣精選高息,23.87,23.91,23.72,23.73,-0.01,43909576,1045640543,22434
2024-10-18,TWSE,00920,富邦ESG綠色電力,14.50,14.50,14.42,14.44,-0.07,333495,4811502,113
2024-10-18,TWSE,00921,兆豐龍頭等權重,18.50,18.62,18.46,18.48,0.01,1079792,20021379,695
2024-10-18,TWSE,00922,國泰台灣領袖50,22.07,22.10,21.85,21.92,0.31,32105045,706620058,9502
2024-10-18,TWSE,00923,群益台ESG低碳50,22.23,22.30,21.97,22.01,0.26,13102375,290485386,3832
2024-10-18,TWSE,00924,復華S&P500成長,23.50,23.55,23.48,23.53,0.07,434586,10220070,376
2024-10-18,TWSE,00925,新光標普電動車,16.26,16.26,16.22,16.22,-0.16,216050,3504821,8
2024-10-18,TWSE,00926,凱基全球菁英55,23.15,23.15,23.09,23.14,-0.01,195269,4514204,150
2024-10-18,TWSE,00927,群益半導體收益,19.63,19.68,19.31,19.35,0.02,14156686,275463592,4578
2024-10-18,TWSE,00929,復華台灣科技優息,19.22,19.27,19.07,19.11,-0.01,76748530,1470825398,23090
2024-10-18,TWSE,00930,永豐ESG低碳高息,19.28,19.37,19.24,19.26,0.08,3415313,65921904,997
2024-10-18,TWSE,00932,兆豐永續高息等權,17.04,17.04,16.84,16.86,-0.04,3615613,61157188,1279
2024-10-18,TWSE,00934,中信成長高股息,19.40,19.47,19.30,19.31,-0.04,8491190,164629080,2699
2024-10-18,TWSE,00935,野村臺灣新科技50,22.82,22.88,22.46,22.54,0.29,9135654,207409773,2938
2024-10-18,TWSE,00936,台新永續高息中小,16.30,16.35,16.19,16.21,-0.03,10073389,164125612,3028
2024-10-18,TWSE,00939,統一台灣高息動能,14.73,14.76,14.62,14.65,-0.02,12531269,184195463,2859
2024-10-18,TWSE,00940,元大台灣價值高息,9.76,9.79,9.70,9.71,0.00,101395242,989989714,13576
2024-10-18,TWSE,00941,中信上游半導體,14.15,14.16,14.07,14.09,-0.07,7476542,105401548,3468
2024-10-18,TWSE,00943,兆豐電子高息等權,15.10,15.13,15.00,15.03,-0.01,4798572,72255197,1251
2024-10-18,TWSE,00944,野村趨勢動能高息,15.00,15.02,14.92,14.93,-0.01,2103468,31512816,563
2024-10-18,TWSE,00945B,凱基美國非投等債,15.27,15.28,15.25,15.26,-0.03,16543941,252444892,2266
2024-10-18,TWSE,00946,群益科技高息成長,9.68,9.71,9.60,9.61,-0.02,9501016,91726549,3322
2024-10-18,TWSE,00947,台新臺灣IC設計,14.25,14.34,14.01,14.07,-0.08,3224414,45648115,1031
2024-10-18,TWSE,00949,復華日本龍頭,15.20,15.21,15.13,15.16,-0.08,2222849,33732394,1161
2024-10-18,TWSE,00951,台新日本半導體,8.46,8.50,8.38,8.47,-0.01,6528526,55109271,1376
2024-10-18,TWSE,00952,凱基台灣AI50,10.03,10.03,9.88,9.88,-0.02,5780563,57669785,1150
2024-10-18,TWSE,00953B,群益優選非投等債,10.13,10.14,10.12,10.13,-0.02,7151058,72457058,723
2024-10-18,TWSE,00954,中信日本半導體,8.88,8.95,8.84,8.95,0.03,4006167,35561374,1675
2024-10-18,TWSE,00956,中信日經高股息,9.81,9.83,9.80,9.81,-0.02,993311,9749916,217
2024-10-18,TWSE,00960,野村全球航運龍頭,14.93,14.94,14.88,14.89,-0.04,4084951,60875061,2081
2024-10-18,TWSE,00961,FT臺灣永續高息,10.03,10.08,10.02,10.03,0.03,15998822,160726127,1346
2024-10-18,TWSE,01001T,土銀富邦R1,13.74,13.74,13.73,13.73,0.00,4000,54930,4
2024-10-18,TWSE,01002T,土銀國泰R1,16.04,16.04,16.02,16.04,0.00,701000,11244020,27
2024-10-18,TWSE,01004T,土銀富邦R2,12.00,12.03,11.97,12.02,-0.01,24001,288473,5
2024-10-18,TWSE,01007T,兆豐國泰R2,16.09,16.10,16.09,16.09,0.09,100000,1609100,14
2024-10-18,TWSE,01009T,王道圓滿R1,7.33,7.33,7.31,7.31,-0.02,21000,153750,8
2024-10-18,TWSE,01010T,京城樂富R1,10.00,10.00,9.99,10.00,0.00,1331000,13309580,15
2024-10-18,TWSE,020000,富邦特選蘋果N,12.74,12.74,12.59,12.59,0.03,96000,1212150,6
2024-10-18,TWSE,020011,統一微波高息20N,,,,,0.00,0,0,0
2024-10-18,TWSE,020012,富邦行動通訊N,10.01,10.01,10.01,10.01,0.00,1000,10010,1
2024-10-18,TWSE,020015,統一MSCI美低波N,,,,,0.00,0,0,0
2024-10-18,TWSE,020016,統一MSCI美科技N,,,,,0.00,0,0,0
2024-10-18,TWSE,020018,統一價值成長30N,24.63,24.63,24.56,24.57,0.00,18000,442730,3
2024-10-18,TWSE,020019,統一特選台灣5GN,19.86,19.90,19.86,19.90,0.00,3000,59620,2
2024-10-18,TWSE,02001L,富邦蘋果正二N,29.54,29.73,28.80,28.90,0.21,125000,3668240,22
2024-10-18,TWSE,02001R,富邦蘋果反一N,1.35,1.35,1.35,1.35,-0.04,14000,18900,1
2024-10-18,TWSE,02001S,策元大加權策略N,,,,,0.00,0,0,0
2024-10-18,TWSE,020020,元大台股領航N,12.30,12.45,12.30,12.35,0.25,160000,1980360,30
2024-10-18,TWSE,020028,元大特選電動車N,9.60,9.62,9.55,9.55,0.00,43000,411480,14
2024-10-18,TWSE,020029,元大ESG高股息N,9.20,9.25,9.16,9.16,0.01,119000,1097780,27
2024-10-18,TWSE,020030,統一智慧電動車N,6.41,6.43,6.41,6.41,0.06,27000,173240,7
2024-10-18,TWSE,020031,統一IC設計臺灣N,5.70,5.70,5.63,5.63,-0.05,62000,353180,7
2024-10-18,TWSE,020032,元大綠能N,6.16,6.19,6.15,6.16,0.04,34000,209400,8
2024-10-18,TWSE,020034,元大IC設計N,7.86,7.86,7.71,7.71,-0.08,25000,194960,9
2024-10-18,TWSE,020036,元大金融配息N,,,,,0.00,0,0,0
2024-10-18,TWSE,020037,元大金融高股息N,7.11,7.13,7.11,7.13,0.00,5000,35630,5
2024-10-18,TWSE,020038,元大ESG配息N,7.90,7.98,7.90,7.91,0.03,47000,373560,15
2024-10-18,TWSE,020039,元大加權N,7.15,7.26,7.15,7.20,0.13,39000,281190,18
2024-10-18,TWSE,1101,台泥,32.60,32.75,32.20,32.75,0.25,10399259,339352425,4767
2024-10-18,TWSE,1101B,台泥乙特,46.55,46.75,46.55,46.75,-0.05,27173,1265365,14
2024-10-18,TWSE,1102,亞泥,46.90,47.60,46.65,47.60,0.60,6462343,305673800,4044
2024-10-18,TWSE,1103,嘉泥,17.75,17.90,17.70,17.80,0.20,184477,3282949,218
2024-10-18,TWSE,1104,環泥,30.85,30.95,30.65,30.65,-0.20,280874,8647226,337
2024-10-18,TWSE,1108,幸福,14.40,14.65,14.40,14.55,0.15,507827,7372779,227
2024-10-18,TWSE,1109,信大,18.40,18.50,18.35,18.40,0.00,96598,1778508,96
2024-10-18,TWSE,1110,東泥,22.30,22.50,22.05,22.25,0.05,212421,4734527,208
2024-10-18,TWSE,1201,味全,18.15,18.15,18.05,18.10,-0.05,220061,3982893,216
2024-10-18,TWSE,1203,味王,49.35,49.70,49.00,49.55,0.90,28956,1431287,41
2024-10-18,TWSE,1210,大成,51.40,51.60,51.10,51.50,0.30,566019,29094416,615
2024-10-18,TWSE,1213,大飲,12.50,12.50,12.50,12.50,-0.15,11128,139025,16
2024-10-18,TWSE,1215,卜蜂,98.70,99.30,98.40,98.40,-0.30,338937,33489079,510
2024-10-18,TWSE,1216,統一,90.00,90.40,89.30,89.70,0.00,6941762,623306945,6337
2024-10-18,TWSE,1217,愛之味,12.00,12.05,11.95,11.95,-0.05,550389,6600400,306
2024-10-18,TWSE,1218,泰山,20.45,20.50,20.30,20.40,-0.05,415655,8481483,322
2024-10-18,TWSE,1219,福壽,17.20,17.25,17.15,17.25,0.00,128702,2215215,132
2024-10-18,TWSE,1220,台榮,16.30,16.35,16.25,16.30,0.00,219241,3574054,83
2024-10-18,TWSE,1225,福懋油,99.40,105.00,99.40,100.00,0.70,220314,22355927,1347
2024-10-18,TWSE,1227,佳格,37.95,38.20,37.70,38.00,0.10,530008,20148626,586
2024-10-18,TWSE,1229,聯華,60.90,61.50,60.60,61.30,0.70,919367,56241371,956
2024-10-18,TWSE,1231,聯華食,113.00,113.00,112.00,112.50,0.00,232302,26146877,335
2024-10-18,TWSE,1232,大統益,152.50,155.00,152.00,154.00,1.50,225367,34649346,417
2024-10-18,TWSE,1233,天仁,32.45,32.75,32.40,32.75,-0.10,5002,163118,7
2024-10-18,TWSE,1234,黑松,41.65,42.20,41.60,41.65,-0.05,77515,3234526,122
2024-10-18,TWSE,1235,興泰,147.50,155.00,147.50,153.00,4.00,35153,5383262,53
2024-10-18,TWSE,1236,宏亞,23.75,23.80,23.60,23.60,-0.15,29217,692465,122
2024-10-18,TWSE,1256,鮮活果汁-KY,152.50,154.50,151.00,152.50,0.00,33200,5069149,99
2024-10-18,TWSE,1301,台塑,48.75,49.05,48.10,48.20,-0.20,8557399,414809588,5079
2024-10-18,TWSE,1303,南亞,43.25,43.60,42.75,43.25,0.35,6190617,267625304,3851
2024-10-18,TWSE,1304,台聚,14.65,14.75,14.50,14.60,-0.05,1119605,16361795,815
2024-10-18,TWSE,1305,華夏,16.65,16.70,16.45,16.50,-0.20,486429,8055897,451
2024-10-18,TWSE,1307,三芳,37.70,40.65,37.45,39.00,1.40,3796117,149594121,2377
2024-10-18,TWSE,1308,亞聚,16.90,17.05,16.80,16.90,0.00,575835,9728996,473
2024-10-18,TWSE,1309,台達化,18.65,19.00,18.40,18.85,0.20,2139307,40110467,1129
2024-10-18,TWSE,1310,台苯,12.50,12.60,12.40,12.50,0.00,342120,4283649,293
2024-10-18,TWSE,1312,國喬,12.80,12.85,12.65,12.70,-0.05,1168470,14886257,715
2024-10-18,TWSE,1312A,國喬特,24.00,24.00,23.70,23.70,0.40,6000,143700,4
2024-10-18,TWSE,1313,聯成,11.75,11.75,11.60,11.70,0.00,715679,8360065,492
2024-10-18,TWSE,1314,中石化,8.18,8.18,8.03,8.09,-0.14,25383160,205666435,7380
2024-10-18,TWSE,1315,達新,71.10,71.40,71.00,71.40,0.80,8795,624891,20
2024-10-18,TWSE,1316,上曜,15.80,15.80,15.40,15.50,-0.25,1737868,27019949,936
2024-10-18,TWSE,1319,東陽,106.00,107.50,103.50,104.00,-1.00,3137126,328431629,2141
2024-10-18,TWSE,1321,大洋,35.55,35.65,35.00,35.20,-0.45,623878,21997807,319
2024-10-18,TWSE,1323,永裕,24.80,24.90,24.65,24.85,0.05,16573,411327,28
2024-10-18,TWSE,1324,地球,13.15,13.30,13.00,13.15,0.00,70783,926145,77
2024-10-18,TWSE,1325,恆大,28.10,28.10,27.60,27.80,-0.15,143631,3991658,260
2024-10-18,TWSE,1326,台化,40.10,40.50,39.90,40.10,-0.20,5305713,213101557,3137
2024-10-18,TWSE,1337,再生-KY,7.28,7.28,7.11,7.16,-0.09,430637,3084603,309
2024-10-18,TWSE,1338,廣華-KY,32.70,32.95,32.45,32.70,0.05,58782,1921845,61
2024-10-18,TWSE,1339,昭輝,60.50,60.60,59.50,59.50,-1.00,92881,5556784,90
2024-10-18,TWSE,1340,勝悅-KY,10.25,10.25,10.15,10.25,0.00,69613,712047,110
2024-10-18,TWSE,1341,富林-KY,68.10,68.50,68.10,68.50,0.00,14076,963394,14
2024-10-18,TWSE,1342,八貫,101.00,101.00,98.30,98.30,-3.20,341092,33769629,506
2024-10-18,TWSE,1402,遠東新,37.15,37.25,36.65,37.10,0.05,6781418,250512120,3536
2024-10-18,TWSE,1409,新纖,15.75,15.85,15.65,15.70,-0.05,1427424,22485941,611
2024-10-18,TWSE,1410,南染,36.65,36.90,36.60,36.75,0.15,30537,1118892,24
2024-10-18,TWSE,1413,宏洲,9.80,9.80,9.70,9.79,0.00,19152,186657,28
2024-10-18,TWSE,1414,東和,22.70,22.70,22.00,22.45,0.00,631167,14013220,343
2024-10-18,TWSE,1416,廣豐,13.60,13.70,13.35,13.40,-0.10,629405,8513628,277
2024-10-18,TWSE,1417,嘉裕,10.35,10.35,10.20,10.20,-0.10,118427,1215142,229
2024-10-18,TWSE,1418,東華,32.60,32.60,32.00,32.30,-0.30,15169,507310,283
2024-10-18,TWSE,1419,新紡,47.55,48.30,47.55,47.90,0.60,51680,2476463,58
2024-10-18,TWSE,1423,利華,40.50,40.50,39.80,39.95,0.10,35896,1432015,33
2024-10-18,TWSE,1432,大魯閣,18.65,18.80,18.55,18.65,-0.05,275013,5130408,287
2024-10-18,TWSE,1434,福懋,20.00,20.15,19.90,20.00,0.00,594975,11908046,564
2024-10-18,TWSE,1435,中福,44.30,46.40,44.30,46.40,3.20,6111,279847,30
2024-10-18,TWSE,1436,華友聯,135.50,136.50,133.50,135.00,0.00,163474,22020105,352
2024-10-18,TWSE,1437,勤益控,34.45,34.45,34.15,34.20,-0.05,61007,2087279,59
2024-10-18,TWSE,1438,三地開發,66.90,66.90,65.80,65.80,-1.00,133374,8798157,150
2024-10-18,TWSE,1439,雋揚,31.10,31.25,30.70,30.95,0.05,61431,1899804,37
2024-10-18,TWSE,1440,南紡,15.60,15.75,15.55,15.55,-0.05,868693,13578163,504
2024-10-18,TWSE,1441,大東,16.05,16.15,15.80,15.90,-0.25,44933,717302,200
2024-10-18,TWSE,1442,名軒,65.40,67.10,65.00,65.50,0.10,538498,35296004,442
2024-10-18,TWSE,1443,立益物流,33.50,33.50,32.65,32.95,0.45,9297,306290,23
2024-10-18,TWSE,1444,力麗,9.22,9.23,9.15,9.17,0.00,577169,5296198,328
2024-10-18,TWSE,1445,大宇,18.50,19.00,18.40,18.45,0.00,84554,1579378,101
2024-10-18,TWSE,1446,宏和,43.60,43.70,42.90,42.90,-0.20,486367,20989403,313
2024-10-18,TWSE,1447,力鵬,8.20,8.20,8.11,8.13,-0.02,1077135,8769912,451
2024-10-18,TWSE,1449,佳和,17.05,18.30,17.05,17.20,0.25,1631179,28627757,1099
2024-10-18,TWSE,1451,年興,20.05,20.05,19.85,19.90,0.00,73577,1468812,80
2024-10-18,TWSE,1452,宏益,16.95,16.95,16.80,16.85,0.05,75527,1276696,50
2024-10-18,TWSE,1453,大將,17.55,17.60,17.15,17.15,-0.40,194522,3354282,173
2024-10-18,TWSE,1454,台富,18.10,18.10,17.70,17.85,-0.05,37063,661568,43
2024-10-18,TWSE,1455,集盛,10.55,10.60,10.40,10.45,-0.10,653604,6855141,483
2024-10-18,TWSE,1456,怡華,16.75,16.85,16.50,16.60,-0.15,54729,914934,78
2024-10-18,TWSE,1457,宜進,19.55,19.60,19.45,19.60,0.10,169251,3304620,161
2024-10-18,TWSE,1459,聯發,10.10,10.10,10.00,10.10,0.11,74410,747034,65
2024-10-18,TWSE,1460,宏遠,7.17,7.22,7.14,7.14,-0.03,239141,1713476,127
2024-10-18,TWSE,1463,強盛新,23.45,23.65,23.30,23.30,-0.10,79772,1870901,62
2024-10-18,TWSE,1464,得力,16.10,16.15,15.55,15.65,-0.35,1849092,29096968,1273
2024-10-18,TWSE,1465,偉全,15.05,15.60,15.05,15.35,0.25,257022,3942025,205
2024-10-18,TWSE,1466,聚隆,12.90,13.00,12.70,12.80,-0.10,120033,1537196,91
2024-10-18,TWSE,1467,南緯,11.00,11.05,10.95,10.95,-0.05,140602,1545269,80
2024-10-18,TWSE,1468,昶和,14.25,14.80,14.25,14.45,0.15,49000,709000,39
2024-10-18,TWSE,1470,大統新創,20.80,20.80,20.30,20.50,0.25,7024,144186,8
2024-10-18,TWSE,1471,首利,13.00,13.05,12.80,12.85,-0.20,399320,5149079,238
2024-10-18,TWSE,1472,三洋實業,60.00,60.10,60.00,60.00,-0.10,19132,1148817,21
2024-10-18,TWSE,1473,台南,38.90,39.50,38.80,38.90,0.00,846235,33102562,1191
2024-10-18,TWSE,1474,弘裕,14.50,14.55,14.20,14.30,0.00,243665,3501631,185
2024-10-18,TWSE,1475,業旺,62.70,62.70,61.50,62.00,-0.20,67589,4190594,153
2024-10-18,TWSE,1476,儒鴻,553.00,558.00,552.00,558.00,5.00,305248,169642394,398
2024-10-18,TWSE,1477,聚陽,364.00,367.50,362.00,366.00,4.50,531489,194182913,810
2024-10-18,TWSE,1503,士電,217.50,220.00,214.00,215.50,-1.00,1547918,336185031,1853
2024-10-18,TWSE,1504,東元,49.35,50.30,49.30,49.60,0.25,5253918,262077895,3373
2024-10-18,TWSE,1506,正道,14.00,14.15,13.90,14.00,-0.05,311208,4359227,147
2024-10-18,TWSE,1512,瑞利,7.20,7.30,7.20,7.20,-0.25,33861,244181,22
2024-10-18,TWSE,1513,中興電,165.00,165.50,162.50,163.00,-1.50,4352872,712645841,4050
2024-10-18,TWSE,1514,亞力,116.50,116.50,114.00,114.50,-1.50,1771178,204070982,2175
2024-10-18,TWSE,1515,力山,35.40,35.60,34.90,34.90,-0.50,232936,8177937,196
2024-10-18,TWSE,1516,川飛,18.70,18.80,18.45,18.55,0.10,68797,1279423,78
2024-10-18,TWSE,1517,利奇,15.45,15.45,15.25,15.30,-0.05,158985,2434896,228
2024-10-18,TWSE,1519,華城,617.00,620.00,606.00,618.00,5.00,2977312,1829964911,4123
2024-10-18,TWSE,1521,大億,37.25,37.25,37.00,37.20,0.20,8175,303425,20
2024-10-18,TWSE,1522,堤維西,61.10,61.10,59.80,60.00,-0.70,1516264,91373027,1188
2024-10-18,TWSE,1522A,堤維西甲特,46.00,46.00,46.00,46.00,0.00,1000,46000,1
2024-10-18,TWSE,1524,耿鼎,35.65,35.70,34.70,34.75,-0.80,2131988,74910012,1517
2024-10-18,TWSE,1525,江申,71.70,71.70,69.30,69.60,-1.30,24311,1702023,31
2024-10-18,TWSE,1526,日馳,28.00,28.00,27.60,27.70,-0.10,21694,601252,47
2024-10-18,TWSE,1527,鑽全,44.25,44.75,44.15,44.40,0.15,290323,12905476,275
2024-10-18,TWSE,1528,恩德,16.85,17.25,16.05,16.50,-0.25,23575329,392602814,9536
2024-10-18,TWSE,1529,樂事綠能,28.15,28.15,27.85,27.85,-0.15,409595,11445256,397
2024-10-18,TWSE,1530,亞崴,33.00,33.40,32.60,32.90,0.30,165212,5447063,161
2024-10-18,TWSE,1531,高林股,14.90,14.90,14.55,14.60,-0.15,100056,1467459,134
2024-10-18,TWSE,1532,勤美,38.00,38.00,37.30,37.50,0.15,1493002,56187903,682
2024-10-18,TWSE,1533,車王電,44.20,45.25,43.40,43.40,-0.70,141154,6171896,280
2024-10-18,TWSE,1535,中宇,62.10,63.00,62.10,62.50,0.40,123506,7740969,166
2024-10-18,TWSE,1536,和大,60.30,60.40,56.80,57.70,-0.90,14404598,841993477,10035
2024-10-18,TWSE,1537,廣隆,151.50,151.50,148.50,149.50,-0.50,161998,24274914,193
2024-10-18,TWSE,1538,正峰,18.55,18.55,17.30,17.80,-0.15,15482,274139,41
2024-10-18,TWSE,1539,巨庭,29.60,29.80,28.90,29.00,-0.60,1240763,36326200,959
2024-10-18,TWSE,1540,喬福,46.55,48.50,44.80,45.20,-0.60,71897012,3371619198,38493
2024-10-18,TWSE,1541,錩泰,31.65,31.65,31.40,31.40,0.00,6060,190849,6
2024-10-18,TWSE,1558,伸興,110.50,110.50,109.00,109.00,-1.50,62807,6882501,743
2024-10-18,TWSE,1560,中砂,386.00,398.00,361.50,363.50,-11.00,13959672,5299690957,13628
2024-10-18,TWSE,1563,巧新,59.50,59.50,58.10,58.20,-0.90,350150,20464923,357
2024-10-18,TWSE,1568,倉佑,28.70,28.80,28.30,28.50,-0.20,101985,2909134,133
2024-10-18,TWSE,1582,信錦,99.20,99.60,98.50,99.20,0.40,895931,88745322,794
2024-10-18,TWSE,1583,程泰,61.30,61.60,61.10,61.50,0.40,37393,2293175,42
2024-10-18,TWSE,1587,吉茂,44.25,44.25,42.80,42.80,-1.10,412593,17865390,497
2024-10-18,TWSE,1589,永冠-KY,41.40,41.75,41.05,41.50,-0.55,228807,9481411,379
2024-10-18,TWSE,1590,亞德客-KY,930.00,942.00,901.00,910.00,-3.00,511064,466728070,923
2024-10-18,TWSE,1597,直得,106.50,108.00,101.50,101.50,-3.50,11950173,1246947386,8333
2024-10-18,TWSE,1598,岱宇,28.40,28.40,27.65,27.95,-0.30,176990,4940081,241
2024-10-18,TWSE,1603,華電,35.65,36.00,35.05,35.05,-0.55,889341,31574501,548
2024-10-18,TWSE,1604,聲寶,28.50,28.60,28.35,28.45,-0.20,121477,3460243,137
2024-10-18,TWSE,1605,華新,32.35,32.35,31.80,31.80,-0.25,8076968,258255884,4746
2024-10-18,TWSE,1608,華榮,30.80,30.80,30.15,30.20,-0.50,1292487,39276217,861
2024-10-18,TWSE,1609,大亞,47.80,47.80,47.00,47.00,-0.45,3733594,176290417,3261
2024-10-18,TWSE,1611,中電,16.90,16.95,16.70,16.70,-0.15,442249,7411657,288
2024-10-18,TWSE,1612,宏泰,34.25,34.30,33.90,33.90,-0.25,428461,14584730,419
2024-10-18,TWSE,1614,三洋電,40.35,40.85,40.20,40.45,0.40,62357,2525311,64
2024-10-18,TWSE,1615,大山,60.70,60.70,60.00,60.10,-0.10,98724,5950996,128
2024-10-18,TWSE,1616,億泰,23.50,23.50,22.05,22.05,-0.30,857855,19470678,474
2024-10-18,TWSE,1617,榮星,20.70,20.70,20.10,20.15,-0.20,221307,4480683,160
2024-10-18,TWSE,1618,合機,42.50,42.70,41.40,41.40,-0.80,744363,31167028,829
2024-10-18,TWSE,1626,艾美特-KY,16.05,16.20,15.95,16.00,-0.05,59091,947473,92
2024-10-18,TWSE,1702,南僑,57.10,57.30,56.20,56.70,-0.30,934564,53059904,1135
2024-10-18,TWSE,1707,葡萄王,153.00,153.00,151.00,152.00,0.00,253148,38488177,550
2024-10-18,TWSE,1708,東鹼,39.35,39.35,38.70,39.30,0.10,1242287,48557318,935
2024-10-18,TWSE,1709,和益,23.15,23.25,22.90,23.00,-0.15,575844,13273996,460
2024-10-18,TWSE,1710,東聯,18.20,18.20,17.90,18.05,-0.10,604519,10910857,443
2024-10-18,TWSE,1711,永光,25.60,26.45,25.15,25.65,0.45,24859573,641019429,11655
2024-10-18,TWSE,1712,興農,41.50,42.35,41.50,42.10,-0.10,326925,13741504,312
2024-10-18,TWSE,1713,國化,50.50,50.80,50.00,50.30,-0.20,42383,2134064,45
2024-10-18,TWSE,1714,和桐,8.57,8.61,8.52,8.53,-0.04,1116865,9554922,567
2024-10-18,TWSE,1717,長興,32.50,32.70,32.15,32.15,-0.05,2491190,80561182,1244
2024-10-18,TWSE,1718,中纖,7.91,7.94,7.85,7.91,0.00,1317176,10401360,836
2024-10-18,TWSE,1720,生達,65.50,65.50,64.80,64.90,-0.60,306042,19914433,284
2024-10-18,TWSE,1721,國慶科技,21.85,23.10,21.30,22.15,0.35,22310298,497445617,10874
2024-10-18,TWSE,1722,台肥,58.60,58.90,57.90,58.50,-0.10,1236343,72228661,912
2024-10-18,TWSE,1723,中碳,99.30,99.40,98.50,98.80,0.30,184514,18255361,452
2024-10-18,TWSE,1725,元禎,41.45,41.45,40.10,40.10,-0.15,66310,2681176,72
2024-10-18,TWSE,1726,永記,79.00,79.00,78.30,78.30,0.20,14090,1109662,25
2024-10-18,TWSE,1727,中華化,38.70,40.70,38.20,40.05,1.80,9075082,361390001,5351
2024-10-18,TWSE,1730,花仙子,53.20,53.30,53.10,53.10,0.00,25046,1332099,42
2024-10-18,TWSE,1731,美吾華,23.60,23.80,23.60,23.75,0.15,57851,1372903,52
2024-10-18,TWSE,1732,毛寶,28.25,28.25,27.55,27.55,-0.45,146552,4067065,116
2024-10-18,TWSE,1733,五鼎,29.35,29.55,29.35,29.40,-0.05,65588,1930855,72
2024-10-18,TWSE,1734,杏輝,31.00,31.00,30.75,30.80,-0.10,280647,8662785,354
2024-10-18,TWSE,1735,日勝化,21.40,23.25,21.25,23.25,2.10,814689,18197716,516
2024-10-18,TWSE,1736,喬山,148.50,151.00,146.50,150.50,2.00,556977,83137790,513
2024-10-18,TWSE,1737,臺鹽,33.95,34.15,33.85,33.90,-0.05,187553,6369408,186
2024-10-18,TWSE,1752,南光,43.50,43.55,43.20,43.40,0.10,62797,2721005,66
2024-10-18,TWSE,1760,寶齡富錦,87.40,87.40,86.00,86.50,-0.60,166926,14448423,261
2024-10-18,TWSE,1762,中化生,42.90,43.15,42.75,42.75,-0.25,53799,2313362,129
2024-10-18,TWSE,1773,勝一,171.00,174.00,170.50,170.50,2.00,421321,72562472,562
2024-10-18,TWSE,1776,展宇,21.80,22.25,21.20,21.70,-0.05,611616,13302074,479
2024-10-18,TWSE,1783,和康生,42.60,42.80,41.90,41.90,-0.65,58719,2483060,176
2024-10-18,TWSE,1786,科妍,106.00,106.00,103.50,103.50,-1.50,507853,53047068,619
2024-10-18,TWSE,1789,神隆,24.70,24.80,24.55,24.65,-0.05,220157,5429031,208
2024-10-18,TWSE,1795,美時,260.50,262.50,258.00,259.00,-1.00,791762,205795477,3616
2024-10-18,TWSE,1802,台玻,17.60,17.60,17.20,17.40,-0.20,5023665,87167305,2053
2024-10-18,TWSE,1805,寶徠,19.50,19.75,19.05,19.15,-0.20,157173,3020292,125
2024-10-18,TWSE,1806,冠軍,11.95,12.10,11.70,11.70,-0.20,722882,8563200,284
2024-10-18,TWSE,1808,潤隆,49.60,49.60,48.65,49.35,0.05,1277957,62810963,1245
2024-10-18,TWSE,1809,中釉,21.25,21.30,20.75,20.90,-0.35,699258,14641306,523
2024-10-18,TWSE,1810,和成,18.30,18.30,17.90,18.10,-0.05,630496,11393040,434
2024-10-18,TWSE,1817,凱撒衛,41.45,41.50,41.00,41.00,-0.45,245731,10103532,387
2024-10-18,TWSE,1903,士紙,56.90,56.90,56.20,56.30,-0.60,85490,4825585,107
2024-10-18,TWSE,1904,正隆,24.25,24.50,24.10,24.35,0.20,812769,19777829,684
2024-10-18,TWSE,1905,華紙,19.25,19.35,19.10,19.25,0.00,800535,15399001,582
2024-10-18,TWSE,1906,寶隆,15.40,15.50,15.20,15.20,-0.15,80093,1229522,105
2024-10-18,TWSE,1907,永豐餘,31.75,32.05,31.60,31.80,0.05,658852,20979514,441
2024-10-18,TWSE,1909,榮成,13.90,14.00,13.65,13.70,-0.20,1231906,17001729,640
2024-10-18,TWSE,2002,中鋼,22.60,23.00,22.45,22.95,0.50,25826375,589781851,8888
2024-10-18,TWSE,2002A,中鋼特,42.20,42.75,42.15,42.15,-0.05,24000,1013750,18
2024-10-18,TWSE,2006,東和鋼鐵,77.30,77.60,76.00,76.00,-1.20,839339,64258381,5718
2024-10-18,TWSE,2007,燁興,11.35,11.40,10.95,11.30,-0.10,1274388,14321376,576
2024-10-18,TWSE,2008,高興昌,31.90,32.95,31.90,31.90,0.00,55323,1791079,59
2024-10-18,TWSE,2009,第一銅,42.90,42.90,42.05,42.25,-0.60,1222841,51832508,1067
2024-10-18,TWSE,2010,春源,18.90,19.15,18.75,19.00,0.35,2000643,38029461,1083
2024-10-18,TWSE,2012,春雨,26.70,26.70,26.25,26.65,0.45,236740,6288476,198
2024-10-18,TWSE,2013,中鋼構,52.90,54.00,52.90,53.60,0.70,57446,3072365,63
2024-10-18,TWSE,2014,中鴻,21.25,21.70,21.00,21.25,-0.15,7553843,161363111,3554
2024-10-18,TWSE,2015,豐興,84.50,87.20,84.50,86.30,0.80,320806,27747687,265
2024-10-18,TWSE,2017,官田鋼,12.60,12.70,12.50,12.50,-0.10,313729,3943328,289
2024-10-18,TWSE,2020,美亞,28.95,29.00,28.20,28.40,-0.50,982217,27988651,1011
2024-10-18,TWSE,2022,聚亨,10.15,10.15,9.98,10.10,0.00,628104,6337736,269
2024-10-18,TWSE,2023,燁輝,15.50,15.65,15.20,15.35,0.00,2525742,38985841,967
2024-10-18,TWSE,2024,志聯,21.05,21.80,20.85,20.95,0.20,17346,367404,76
2024-10-18,TWSE,2025,千興,11.15,11.25,11.05,11.05,-0.10,777251,8657720,273
2024-10-18,TWSE,2027,大成鋼,33.90,34.00,33.50,33.50,-0.40,3078953,103776321,3571
2024-10-18,TWSE,2028,威致,25.30,25.45,25.05,25.05,-0.15,160422,4046141,129
2024-10-18,TWSE,2029,盛餘,26.60,26.85,26.60,26.75,0.10,444287,11879361,230
2024-10-18,TWSE,2030,彰源,18.65,18.65,18.30,18.30,-0.30,272057,5019546,293
2024-10-18,TWSE,2031,新光鋼,58.50,59.00,58.20,58.30,-0.30,644759,37785333,431
2024-10-18,TWSE,2032,新鋼,16.20,16.20,15.80,15.85,-0.15,125210,2001642,91
2024-10-18,TWSE,2033,佳大,24.00,25.70,23.75,24.20,0.20,1484561,36707464,1112
2024-10-18,TWSE,2034,允強,22.95,23.20,22.85,23.05,0.10,263087,6063038,214
2024-10-18,TWSE,2038,海光,19.35,19.40,18.90,19.00,-0.35,800926,15327807,455
2024-10-18,TWSE,2049,上銀,250.00,252.50,236.50,241.50,-7.50,9448857,2303951594,37448
2024-10-18,TWSE,2059,川湖,1125.00,1140.00,1075.00,1080.00,-35.00,1036917,1150568825,1901
2024-10-18,TWSE,2062,橋椿,37.90,37.90,37.10,37.45,-0.20,1911963,71453533,1296
2024-10-18,TWSE,2069,運錩,17.45,17.45,17.15,17.30,0.05,192884,3336392,144
2024-10-18,TWSE,2101,南港,49.00,49.00,47.90,48.05,-0.80,2225420,107183560,1511
2024-10-18,TWSE,2102,泰豐,21.80,22.20,21.80,21.95,0.00,344651,7564346,222
2024-10-18,TWSE,2103,台橡,24.40,24.55,24.30,24.50,0.05,757061,18498814,497
2024-10-18,TWSE,2104,國際中橡,15.75,15.85,15.65,15.75,0.00,533864,8396367,426
2024-10-18,TWSE,2105,正新,48.30,48.30,47.55,47.85,-0.20,4723222,225786823,2893
2024-10-18,TWSE,2106,建大,30.40,30.80,30.35,30.75,0.35,582798,17878859,405
2024-10-18,TWSE,2107,厚生,25.65,25.85,25.65,25.85,0.20,222407,5727991,153
2024-10-18,TWSE,2108,南帝,36.45,36.70,36.10,36.20,-0.25,351693,12783749,302
2024-10-18,TWSE,2109,華豐,18.40,18.55,18.40,18.45,0.05,128108,2364405,99
2024-10-18,TWSE,2114,鑫永銓,95.60,95.60,94.70,94.70,0.20,22775,2163875,37
2024-10-18,TWSE,2115,六暉-KY,31.40,31.50,31.20,31.40,0.05,96889,3043104,62
2024-10-18,TWSE,2201,裕隆,57.40,57.50,56.40,56.50,-0.40,1620384,92058851,1283
2024-10-18,TWSE,2204,中華,70.50,70.70,69.70,69.90,-0.30,1280437,89729417,1403
2024-10-18,TWSE,2206,三陽工業,71.10,71.30,70.20,70.20,-0.70,1593321,112379225,1574
2024-10-18,TWSE,2207,和泰車,663.00,670.00,655.00,666.00,14.00,291352,193926627,635
2024-10-18,TWSE,2208,台船,17.40,17.50,17.25,17.25,-0.10,1066953,18478352,641
2024-10-18,TWSE,2211,長榮鋼,108.00,109.50,106.50,106.50,-1.00,781008,83994978,843
2024-10-18,TWSE,2227,裕日車,115.00,117.00,114.50,115.00,2.00,37181,4318130,124
2024-10-18,TWSE,2228,劍麟,123.00,124.00,121.00,122.50,1.00,1196455,146359104,1209
2024-10-18,TWSE,2231,為升,98.20,99.20,97.00,97.00,-0.90,501913,49221349,457
2024-10-18,TWSE,2233,宇隆,158.00,158.00,152.00,152.50,-4.50,338209,52124127,438
2024-10-18,TWSE,2236,百達-KY,126.00,129.50,124.00,128.00,4.00,1127361,144193041,717
2024-10-18,TWSE,2239,英利-KY,43.35,44.70,43.35,43.55,-0.35,108084,4744218,70
2024-10-18,TWSE,2241,艾姆勒,36.50,36.95,35.20,35.40,-0.95,3717335,134238653,2276
2024-10-18,TWSE,2243,宏旭-KY,23.90,23.90,23.15,23.30,-0.15,722326,16862262,505
2024-10-18,TWSE,2247,汎德永業,291.50,291.50,289.00,290.00,0.00,23169,6732672,89
2024-10-18,TWSE,2250,IKKA-KY,96.30,96.30,93.70,93.70,-2.90,163074,15440737,235
2024-10-18,TWSE,2254,巨鎧精密-創,77.80,79.00,77.40,79.00,2.90,143000,11255800,28
2024-10-18,TWSE,2258,鴻華先進-創,42.30,44.60,42.30,43.60,1.45,687200,30001318,271
2024-10-18,TWSE,2301,光寶科,106.00,107.00,104.00,104.50,0.00,11023918,1162185712,6754
2024-10-18,TWSE,2302,麗正,17.45,17.45,17.10,17.15,0.05,121070,2088245,100
2024-10-18,TWSE,2303,聯電,51.50,51.70,50.50,50.50,-1.20,79201330,4033204117,36277
2024-10-18,TWSE,2305,全友,20.40,20.40,19.35,19.40,-0.60,817490,16162554,550
2024-10-18,TWSE,2308,台達電,397.00,405.00,395.00,402.00,10.00,13313219,5337898325,13790
2024-10-18,TWSE,2312,金寶,26.25,26.70,25.40,26.15,0.45,94467231,2461403247,34594
2024-10-18,TWSE,2313,華通,64.70,64.70,62.00,62.10,-2.40,20379809,1283489547,12625
2024-10-18,TWSE,2314,台揚,29.80,29.85,29.20,29.50,-0.30,463838,13676476,396
2024-10-18,TWSE,2316,楠梓電,52.90,56.00,51.70,54.30,2.10,6596689,358470482,5385
2024-10-18,TWSE,2317,鴻海,210.00,211.00,207.00,207.50,-1.00,107497437,22496182726,63732
2024-10-18,TWSE,2321,東訊,14.35,14.35,13.85,14.10,0.25,6252,88673,11
2024-10-18,TWSE,2323,中環,12.40,12.45,12.20,12.25,-0.05,3153682,38771857,1008
2024-10-18,TWSE,2324,仁寶,35.60,35.95,35.50,35.50,0.00,15570199,555991234,7475
2024-10-18,TWSE,2327,國巨*,624.00,627.00,619.00,624.00,5.00,2299320,1434506635,3052
2024-10-18,TWSE,2328,廣宇,35.60,36.35,35.25,35.35,-0.05,2039164,73092832,1654
2024-10-18,TWSE,2329,華泰,39.10,39.15,38.00,38.05,-0.65,2013478,77108911,1861
2024-10-18,TWSE,2330,台積電,1095.00,1100.00,1075.00,1085.00,50.00,91036335,99230303460,132797
2024-10-18,TWSE,2331,精英,24.80,24.80,24.20,24.20,-0.40,1245956,30373055,833
2024-10-18,TWSE,2332,友訊,19.35,20.05,19.15,19.75,0.50,10745794,212257446,4490
2024-10-18,TWSE,2337,旺宏,26.20,26.35,26.00,26.00,-0.25,3598088,93884310,2071
2024-10-18,TWSE,2338,光罩,59.10,59.10,57.30,57.30,-0.70,928675,53673778,786
2024-10-18,TWSE,2340,台亞,37.65,37.65,36.60,36.65,-0.45,1286160,47494453,1493
2024-10-18,TWSE,2342,茂矽,34.90,35.30,34.25,34.40,-0.50,594292,20524912,1177
2024-10-18,TWSE,2344,華邦電,20.35,20.40,20.00,20.10,-0.15,15031649,302765284,5724
2024-10-18,TWSE,2345,智邦,553.00,576.00,553.00,569.00,26.00,5449083,3093041776,5475
2024-10-18,TWSE,2347,聯強,73.60,73.80,73.00,73.20,0.20,2054534,150740579,1710
2024-10-18,TWSE,2348,海悅,164.00,164.00,160.50,160.50,-3.50,422220,68215340,733
2024-10-18,TWSE,2348A,海悅甲特,34.90,34.90,34.80,34.90,0.00,19000,662600,8
2024-10-18,TWSE,2349,錸德,15.70,15.80,15.20,15.25,-0.35,6801876,104557533,2668
2024-10-18,TWSE,2351,順德,132.50,132.50,129.00,130.00,-1.00,1066055,139135768,900
2024-10-18,TWSE,2352,佳世達,38.50,39.00,38.20,38.40,0.15,9948030,383696503,5689
2024-10-18,TWSE,2353,宏碁,42.60,42.70,41.85,41.85,-0.50,12420872,523802449,7082
2024-10-18,TWSE,2354,鴻準,68.20,68.20,66.70,67.00,-0.70,4778933,321866297,4344
2024-10-18,TWSE,2355,敬鵬,39.85,39.85,39.00,39.00,-0.75,2410657,94576983,1845
2024-10-18,TWSE,2356,英業達,46.20,46.60,45.15,45.50,0.00,30372167,1392273763,16406
2024-10-18,TWSE,2357,華碩,602.00,613.00,596.00,596.00,0.00,5108185,3087058588,6439
2024-10-18,TWSE,2359,所羅門,149.50,153.00,145.50,153.00,5.50,9386450,1406083152,7135
2024-10-18,TWSE,2360,致茂,420.50,426.00,412.50,416.00,0.00,3419782,1434957459,3205
2024-10-18,TWSE,2362,藍天,59.40,60.70,58.10,58.80,-0.40,5191731,307188913,3513
2024-10-18,TWSE,2363,矽統,78.10,82.20,76.40,80.40,3.10,47578129,3793304431,28878
2024-10-18,TWSE,2364,倫飛,98.00,98.00,94.00,94.00,-2.40,846927,80368751,1099
2024-10-18,TWSE,2365,昆盈,50.70,51.20,48.40,49.35,-1.05,13677069,679468635,8465
2024-10-18,TWSE,2367,燿華,32.45,32.45,30.60,30.60,-1.85,20702796,645249096,11412
2024-10-18,TWSE,2368,金像電,196.00,196.50,189.00,191.50,-1.50,3906445,752522993,3256
2024-10-18,TWSE,2369,菱生,18.60,18.65,18.15,18.15,-0.30,659438,12068302,527
2024-10-18,TWSE,2371,大同,46.30,46.35,45.35,45.40,-0.75,5015944,229058701,3598
2024-10-18,TWSE,2373,震旦行,67.40,68.30,67.40,68.20,0.80,36757,2499477,58
2024-10-18,TWSE,2374,佳能,50.40,52.20,48.35,48.65,-1.95,30735185,1540455283,16689
2024-10-18,TWSE,2375,凱美,68.50,68.50,67.30,67.30,-0.60,175848,11894825,215
2024-10-18,TWSE,2376,技嘉,274.50,277.00,266.50,267.50,-3.00,8592258,2329327582,19648
2024-10-18,TWSE,2377,微星,179.00,181.50,178.00,179.00,1.50,3232400,580755231,3183
2024-10-18,TWSE,2379,瑞昱,473.00,478.00,464.00,465.00,-2.00,3346055,1567787183,3460
2024-10-18,TWSE,2380,虹光,6.31,6.55,6.19,6.55,0.25,585257,3726972,645
2024-10-18,TWSE,2382,廣達,310.50,316.00,302.50,307.00,6.50,57479547,17829337666,70432
2024-10-18,TWSE,2383,台光電,434.50,434.50,419.50,420.00,-11.50,7115043,3017825056,8251
2024-10-18,TWSE,2385,群光,167.50,167.50,164.00,164.50,-1.00,1246722,205713611,1518
2024-10-18,TWSE,2387,精元,57.50,57.50,56.30,56.40,-0.60,510419,28996705,537
2024-10-18,TWSE,2388,威盛,128.00,128.00,123.50,123.50,-2.50,9972058,1248042280,6422
2024-10-18,TWSE,2390,云辰,13.40,13.40,13.10,13.20,0.00,382228,5050777,311
2024-10-18,TWSE,2392,正崴,62.30,62.30,60.70,60.70,-0.90,2046307,125551603,1611
2024-10-18,TWSE,2393,億光,77.60,78.10,76.70,78.00,0.90,1568894,121940336,1306
2024-10-18,TWSE,2395,研華,329.00,331.00,323.50,324.50,-0.50,689596,224897145,899
2024-10-18,TWSE,2397,友通,82.60,82.60,80.00,80.30,-1.70,659003,53513703,842
2024-10-18,TWSE,2399,映泰,42.10,43.15,41.00,41.05,-0.75,55711879,2335860528,26722
2024-10-18,TWSE,2401,凌陽,30.90,30.95,29.85,30.00,-0.50,2705935,81791196,1651
2024-10-18,TWSE,2402,毅嘉,46.30,46.45,43.80,43.85,-2.25,29161347,1306347906,20358
2024-10-18,TWSE,2404,漢唐,336.00,340.00,336.00,338.00,3.50,494830,167402463,793
2024-10-18,TWSE,2405,輔信,19.80,19.85,19.20,19.20,-0.45,2098904,40702113,1294
2024-10-18,TWSE,2406,國碩,19.00,19.10,18.70,18.90,0.00,1034514,19501537,709
2024-10-18,TWSE,2408,南亞科,44.50,44.85,43.85,43.85,-0.45,9185302,407134471,5045
2024-10-18,TWSE,2409,友達,17.10,17.40,17.00,17.15,0.10,30405309,523973494,7794
2024-10-18,TWSE,2412,中華電,123.00,124.00,122.50,124.00,1.50,8827539,1088825297,3929
2024-10-18,TWSE,2413,環科,21.65,21.65,21.30,21.30,0.00,133140,2853822,83
2024-10-18,TWSE,2414,精技,35.80,35.85,35.55,35.60,0.05,66744,2378823,62
2024-10-18,TWSE,2415,錩新,26.55,26.55,25.40,25.40,-0.45,303052,7822808,238
2024-10-18,TWSE,2417,圓剛,43.70,43.75,42.10,42.10,-1.30,1062619,45468607,912
2024-10-18,TWSE,2419,仲琦,33.50,33.50,32.70,33.10,-0.05,1951507,64734181,1474
2024-10-18,TWSE,2420,新巨,70.20,70.40,69.20,69.30,-0.50,771809,53802746,600
2024-10-18,TWSE,2421,建準,111.00,114.00,108.00,108.50,0.00,20681894,2289788337,13944
2024-10-18,TWSE,2423,固緯,39.30,39.90,39.30,39.30,0.10,215628,8538446,267
2024-10-18,TWSE,2424,隴華,80.60,84.80,80.50,80.50,0.40,112271,9219083,141
2024-10-18,TWSE,2425,承啟,45.40,45.40,43.20,43.20,-1.30,2219732,97585661,1548
2024-10-18,TWSE,2426,鼎元,25.35,25.70,24.75,24.80,-0.40,6277874,157402870,3510
2024-10-18,TWSE,2427,三商電,27.40,27.40,26.80,26.85,-0.35,626763,16937896,481
2024-10-18,TWSE,2428,興勤,176.00,176.00,172.00,172.00,-3.00,185202,32148677,215
2024-10-18,TWSE,2429,銘旺科,26.65,26.85,25.40,25.40,-1.10,440496,11431400,338
2024-10-18,TWSE,2430,燦坤,33.35,33.40,33.25,33.25,0.00,21858,728409,54
2024-10-18,TWSE,2431,聯昌,14.05,14.30,13.85,13.90,-0.15,888821,12512124,424
2024-10-18,TWSE,2432,倚天酷碁-創,35.00,35.45,35.00,35.40,0.30,7015,247131,8
2024-10-18,TWSE,2433,互盛電,50.80,50.90,50.50,50.60,0.00,26482,1342971,39
2024-10-18,TWSE,2434,統懋,32.20,32.25,32.00,32.00,0.00,18738,603176,14
2024-10-18,TWSE,2436,偉詮電,60.30,60.40,58.40,58.80,-1.30,2069788,122366849,1749
2024-10-18,TWSE,2438,翔耀,46.15,48.40,45.50,47.70,1.50,987356,46328828,645
2024-10-18,TWSE,2439,美律,112.50,113.00,110.00,111.00,-1.00,3176357,352736300,2356
2024-10-18,TWSE,2440,太空梭,14.00,14.10,13.75,13.80,-0.30,209543,2908410,172
2024-10-18,TWSE,2441,超豐,58.40,58.80,58.10,58.20,-0.10,448867,26194268,475
2024-10-18,TWSE,2442,新美齊,23.75,23.90,23.35,23.40,-0.40,1356052,31913199,883
2024-10-18,TWSE,2444,兆勁,13.80,14.35,13.70,13.90,0.15,343393,4812577,200
2024-10-18,TWSE,2449,京元電子,136.00,136.50,125.00,127.50,-7.00,52015123,6709674606,36027
2024-10-18,TWSE,2450,神腦,35.40,35.50,35.00,35.00,-0.30,113035,3979119,112
2024-10-18,TWSE,2451,創見,103.50,103.50,101.00,101.00,-2.00,1209485,123071854,928
2024-10-18,TWSE,2453,凌群,56.00,56.00,54.70,55.70,-0.10,495242,27418850,870
2024-10-18,TWSE,2454,聯發科,1300.00,1330.00,1295.00,1305.00,30.00,8916104,11696603095,16167
2024-10-18,TWSE,2455,全新,165.00,166.00,161.00,163.00,-2.50,4072708,664927907,3829
2024-10-18,TWSE,2457,飛宏,38.95,39.20,37.70,38.00,-0.75,1110397,42413783,1204
2024-10-18,TWSE,2458,義隆,146.50,147.00,145.00,146.00,0.50,1066977,155869769,1011
2024-10-18,TWSE,2459,敦吉,70.50,70.90,70.30,70.50,0.10,21413,1509828,94
2024-10-18,TWSE,2460,建通,28.85,28.85,28.20,28.65,-0.05,180740,5126482,148
2024-10-18,TWSE,2461,光群雷,22.15,22.15,21.85,21.90,-0.20,274096,6011840,191
2024-10-18,TWSE,2462,良得電,31.00,31.25,30.70,30.90,-0.10,225362,6973925,149
2024-10-18,TWSE,2464,盟立,83.80,84.20,79.80,81.60,-0.60,15450155,1264030016,19730
2024-10-18,TWSE,2465,麗臺,87.00,87.80,86.00,86.20,-0.80,257844,22366271,352
2024-10-18,TWSE,2466,冠西電,35.00,36.15,35.00,36.05,0.90,12477,445715,17
2024-10-18,TWSE,2467,志聖,235.00,237.50,217.00,222.50,-9.00,5978040,1343779317,8151
2024-10-18,TWSE,2468,華經,24.05,24.15,23.60,23.70,-0.20,115683,2756418,103
2024-10-18,TWSE,2471,資通,49.55,49.80,49.00,49.10,-0.40,81740,4040365,301
2024-10-18,TWSE,2472,立隆電,76.30,76.30,75.40,75.40,-0.90,726521,55064309,564
2024-10-18,TWSE,2474,可成,242.00,246.50,241.00,244.50,4.00,1887973,461471975,2015
2024-10-18,TWSE,2476,鉅祥,91.90,92.90,90.90,90.90,-0.60,1020323,93601651,875
2024-10-18,TWSE,2477,美隆電,28.70,28.75,28.05,28.20,-0.50,639311,18106370,532
2024-10-18,TWSE,2478,大毅,50.10,50.10,49.30,49.45,-0.35,131825,6539112,199
2024-10-18,TWSE,2480,敦陽科,131.00,131.00,129.00,129.00,-0.50,153714,19901136,316
2024-10-18,TWSE,2481,強茂,58.00,58.00,56.40,56.50,-1.00,1317450,75065539,1314
2024-10-18,TWSE,2482,連宇,32.25,32.25,30.85,31.30,-0.60,469070,14720393,432
2024-10-18,TWSE,2483,百容,23.30,23.50,23.15,23.40,0.10,63000,1474850,40
2024-10-18,TWSE,2484,希華,29.00,29.00,28.55,28.60,-0.25,137655,3951957,175
2024-10-18,TWSE,2485,兆赫,18.20,18.35,17.95,18.00,-0.20,516590,9353553,371
2024-10-18,TWSE,2486,一詮,124.50,125.00,121.00,123.00,0.00,16264787,2002787764,11611
2024-10-18,TWSE,2488,漢平,46.90,46.95,46.50,46.55,-0.35,246062,11484161,248
2024-10-18,TWSE,2489,瑞軒,22.00,22.15,21.40,21.40,0.00,7005134,152055338,5443
2024-10-18,TWSE,2491,吉祥全,14.25,14.30,14.05,14.20,0.05,65300,924754,57
2024-10-18,TWSE,2492,華新科,107.00,107.50,105.00,105.00,-1.00,780360,82675877,665
2024-10-18,TWSE,2493,揚博,110.00,111.50,105.50,105.50,-4.00,1498326,160467957,1386
2024-10-18,TWSE,2495,普安,32.90,34.80,32.50,33.50,0.70,14293978,478073921,8135
2024-10-18,TWSE,2496,卓越,74.30,74.70,74.10,74.70,0.40,28688,2128971,26
2024-10-18,TWSE,2497,怡利電,75.40,75.40,73.80,74.00,-0.50,1869160,139141177,1604
2024-10-18,TWSE,2498,宏達電,49.00,49.80,48.15,48.40,-0.25,11250037,549547389,5992
2024-10-18,TWSE,2501,國建,25.55,25.70,25.20,25.50,0.05,1345532,34336009,1153
2024-10-18,TWSE,2504,國產,53.20,54.40,53.20,53.30,0.10,3398057,182455072,2837
2024-10-18,TWSE,2505,國揚,22.55,22.60,22.20,22.45,-0.05,150399,3368511,185
2024-10-18,TWSE,2506,太設,10.70,10.85,10.65,10.65,-0.05,270759,2903934,155
2024-10-18,TWSE,2509,全坤建,19.15,19.20,18.90,19.00,-0.15,194612,3698607,173
2024-10-18,TWSE,2511,太子,10.65,10.75,10.60,10.70,0.00,806415,8628978,350
2024-10-18,TWSE,2514,龍邦,22.70,22.70,22.25,22.40,-0.20,558839,12501848,292
2024-10-18,TWSE,2515,中工,11.35,11.35,11.15,11.20,-0.05,6937896,77652159,2505
2024-10-18,TWSE,2516,新建,11.80,12.15,11.70,12.15,0.35,886006,10615417,287
2024-10-18,TWSE,2520,冠德,47.75,47.75,46.85,46.85,-0.30,2355160,111044361,1596
2024-10-18,TWSE,2524,京城,85.00,85.00,82.10,82.70,-2.20,926889,77288093,957
2024-10-18,TWSE,2527,宏璟,35.95,35.95,34.10,34.15,-1.85,815827,28222531,694
2024-10-18,TWSE,2528,皇普,39.85,39.85,38.90,39.20,-0.45,364375,14273877,245
2024-10-18,TWSE,2530,華建,40.40,40.55,39.10,39.40,-0.85,912870,36302577,749
2024-10-18,TWSE,2534,宏盛,26.55,27.00,26.55,26.65,0.10,564301,15078973,345
2024-10-18,TWSE,2535,達欣工,49.75,50.10,49.65,49.70,0.05,182692,9113535,278
2024-10-18,TWSE,2536,宏普,30.15,30.35,30.00,30.05,-0.05,198232,5961633,141
2024-10-18,TWSE,2537,聯上發,16.30,16.30,15.70,15.75,-0.45,1604321,25543729,975
2024-10-18,TWSE,2538,基泰,16.80,16.85,16.65,16.70,-0.10,240737,4030173,169
2024-10-18,TWSE,2539,櫻花建,49.70,49.90,49.25,49.70,0.40,594903,29468029,572
2024-10-18,TWSE,2540,愛山林,99.00,100.50,97.30,98.10,-2.40,2270079,223868475,2334
2024-10-18,TWSE,2542,興富發,43.60,43.70,42.80,43.05,-0.55,4318279,185809516,3390
2024-10-18,TWSE,2543,皇昌,92.10,93.90,91.00,93.00,1.70,7984648,738329554,6381
2024-10-18,TWSE,2545,皇翔,61.10,61.10,59.70,60.00,-0.70,552135,33157411,503
2024-10-18,TWSE,2546,根基,74.50,74.50,73.10,73.10,-0.80,71489,5267012,196
2024-10-18,TWSE,2547,日勝生,10.00,10.05,9.96,9.99,-0.01,710796,7104035,312
2024-10-18,TWSE,2548,華固,128.50,129.50,125.00,126.50,-2.00,1619848,204914818,1450
2024-10-18,TWSE,2597,潤弘,140.00,140.50,138.00,140.50,0.50,247853,34593357,393
2024-10-18,TWSE,2601,益航,8.01,8.01,7.73,7.89,-0.06,6544001,51380993,2233
2024-10-18,TWSE,2603,長榮,196.50,198.00,195.00,196.50,0.00,9859248,1936645904,7641
2024-10-18,TWSE,2605,新興,27.10,27.20,26.70,26.85,-0.20,4536110,122238867,2460
2024-10-18,TWSE,2606,裕民,54.50,54.50,53.40,54.30,-0.30,3092604,167042472,2001
2024-10-18,TWSE,2607,榮運,30.55,30.80,30.40,30.65,0.25,801167,24546920,476
2024-10-18,TWSE,2608,嘉里大榮,39.30,39.75,39.30,39.40,0.05,99097,3919480,128
2024-10-18,TWSE,2609,陽明,66.50,66.50,65.30,65.90,0.40,32258893,2125194241,19185
2024-10-18,TWSE,2610,華航,21.75,21.95,21.60,21.70,0.15,22992327,500336579,7610
2024-10-18,TWSE,2611,志信,23.25,23.30,23.10,23.15,-0.10,307508,7131008,268
2024-10-18,TWSE,2612,中航,44.20,44.20,43.30,43.85,-0.25,234309,10233273,309
2024-10-18,TWSE,2613,中櫃,31.20,31.20,30.20,30.50,-0.60,1605429,49030283,1094
2024-10-18,TWSE,2614,東森,18.45,18.45,18.20,18.20,-0.10,292550,5349341,404
2024-10-18,TWSE,2615,萬海,86.50,87.40,85.00,85.30,-1.10,24677473,2116666587,17264
2024-10-18,TWSE,2616,山隆,20.60,20.90,20.60,20.75,0.10,46952,973783,144
2024-10-18,TWSE,2617,台航,32.00,32.00,31.65,31.65,-0.25,647456,20566140,484
2024-10-18,TWSE,2618,長榮航,37.25,37.65,37.20,37.30,0.30,44684607,1673028496,15390
2024-10-18,TWSE,2630,亞航,33.20,33.20,32.80,32.80,-0.20,309944,10201497,237
2024-10-18,TWSE,2633,台灣高鐵,29.25,29.35,29.10,29.35,0.30,3221025,94329912,1735
2024-10-18,TWSE,2634,漢翔,46.10,46.40,45.60,45.70,-0.30,2787587,128150963,2253
2024-10-18,TWSE,2636,台驊控股,87.50,87.70,86.50,86.60,-0.90,256824,22358930,431
2024-10-18,TWSE,2637,慧洋-KY,72.20,72.40,70.50,71.90,-0.30,4155202,297028681,2734
2024-10-18,TWSE,2642,宅配通,34.25,34.30,34.00,34.00,-0.20,48225,1647147,197
2024-10-18,TWSE,2645,長榮航太,97.00,97.00,95.00,95.50,-1.50,1466776,140360570,1454
2024-10-18,TWSE,2701,萬企,12.60,12.60,12.50,12.55,0.00,79982,1004249,61
2024-10-18,TWSE,2702,華園,17.70,17.80,17.60,17.60,-0.05,56474,998402,107
2024-10-18,TWSE,2704,國賓,61.10,62.70,61.10,61.20,-0.10,144471,8930366,194
2024-10-18,TWSE,2705,六福,17.30,17.35,17.20,17.30,0.00,88418,1527332,193
2024-10-18,TWSE,2706,第一店,14.90,15.00,14.80,14.85,0.00,72197,1075038,100
2024-10-18,TWSE,2707,晶華,203.00,203.50,202.00,203.00,0.00,112187,22758998,184
2024-10-18,TWSE,2712,遠雄來,26.20,26.20,25.65,26.00,0.05,12431,324185,47
2024-10-18,TWSE,2722,夏都,41.40,42.40,40.80,40.90,-0.95,99039,4105798,114
2024-10-18,TWSE,2723,美食-KY,88.30,89.30,87.90,88.30,-0.70,407278,35978577,385
2024-10-18,TWSE,2727,王品,237.00,237.00,235.00,236.50,0.00,339687,80151700,1207
2024-10-18,TWSE,2731,雄獅,134.50,136.50,133.50,134.50,0.00,722227,97722521,864
2024-10-18,TWSE,2739,寒舍,57.80,58.30,57.10,57.60,0.40,357110,20635260,289
2024-10-18,TWSE,2748,雲品,61.50,62.50,60.60,61.30,-0.80,324348,19988731,524
2024-10-18,TWSE,2753,八方雲集,163.00,163.00,158.50,158.50,-4.50,312559,50010779,540
2024-10-18,TWSE,2762,世界健身-KY,94.30,94.50,93.20,93.40,-0.40,114196,10719872,127
2024-10-18,TWSE,2801,彰銀,17.80,17.90,17.70,17.90,0.15,15493651,276143027,4714
2024-10-18,TWSE,2809,京城銀,54.60,55.40,54.00,54.30,0.10,1678595,91603981,1254
2024-10-18,TWSE,2812,台中銀,18.15,18.30,18.10,18.25,0.15,4441236,81021894,2082
2024-10-18,TWSE,2816,旺旺保,33.60,33.60,33.20,33.25,0.00,165498,5527066,140
2024-10-18,TWSE,2820,華票,14.95,15.00,14.90,14.95,0.00,741954,11100262,325
2024-10-18,TWSE,2832,台產,28.40,28.60,28.35,28.40,0.05,313887,8935575,253
2024-10-18,TWSE,2834,臺企銀,15.80,15.95,15.75,15.90,0.15,20039966,318267006,6191
2024-10-18,TWSE,2836,高雄銀,11.85,11.95,11.80,11.85,0.00,1660362,19748997,649
2024-10-18,TWSE,2836A,高雄銀甲特,,,,,0.00,132,2772,3
2024-10-18,TWSE,2838,聯邦銀,15.35,15.55,15.35,15.50,0.15,2218318,34364183,861
2024-10-18,TWSE,2838A,聯邦銀甲特,52.40,52.60,52.40,52.60,0.10,118274,6199889,32
2024-10-18,TWSE,2845,遠東銀,13.30,13.45,13.25,13.30,0.00,9795393,130801007,2871
2024-10-18,TWSE,2849,安泰銀,14.80,15.20,14.80,15.15,0.40,217840,3281169,172
2024-10-18,TWSE,2850,新產,100.50,101.50,99.90,101.50,0.50,303867,30704103,364
2024-10-18,TWSE,2851,中再保,26.70,27.35,26.65,27.20,0.45,3507339,95284883,1531
2024-10-18,TWSE,2852,第一保,22.65,22.90,22.65,22.85,0.20,374887,8540810,222
2024-10-18,TWSE,2855,統一證,26.50,26.80,26.50,26.65,0.30,3329088,88724726,1082
2024-10-18,TWSE,2867,三商壽,7.27,7.28,7.03,7.11,-0.31,47866300,340995688,9713
2024-10-18,TWSE,2880,華南金,25.80,26.05,25.70,26.00,0.35,14545988,377570009,4633
2024-10-18,TWSE,2881,富邦金,92.20,93.40,91.80,93.20,1.60,39194821,3643426026,19684
2024-10-18,TWSE,2881A,富邦特,62.20,62.30,62.20,62.30,0.00,65851,4098478,38
2024-10-18,TWSE,2881B,富邦金乙特,59.90,60.10,59.90,60.00,-0.10,35035,2101763,28
2024-10-18,TWSE,2881C,富邦金丙特,52.70,52.80,52.60,52.70,0.10,49447,2604344,101
2024-10-18,TWSE,2882,國泰金,68.80,69.90,68.50,69.80,1.20,42902080,2984565489,16264
2024-10-18,TWSE,2882A,國泰特,61.20,61.30,61.20,61.30,0.00,23642,1446968,26
2024-10-18,TWSE,2882B,國泰金乙特,59.00,59.20,58.90,59.10,-0.10,171606,10119831,177
2024-10-18,TWSE,2883,凱基金,17.75,17.85,17.55,17.75,0.15,64360684,1141254864,11902
2024-10-18,TWSE,2883B,凱基金乙特,7.54,7.55,7.53,7.55,0.01,2255058,17015270,350
2024-10-18,TWSE,2884,玉山金,28.40,28.85,28.30,28.80,0.55,32775423,940951803,11507
2024-10-18,TWSE,2885,元大金,32.75,33.50,32.65,33.50,0.85,28618335,952057387,12067
2024-10-18,TWSE,2886,兆豐金,39.60,39.80,39.45,39.80,0.35,19084482,756754790,8176
2024-10-18,TWSE,2887,台新新光金,17.60,17.65,17.45,17.55,0.10,49159239,861143144,7915
2024-10-18,TWSE,2887E,台新新光戊特一,51.20,51.20,51.10,51.20,0.00,72043,3686209,35
2024-10-18,TWSE,2887F,台新新光戊特二,46.00,46.00,45.90,45.95,-0.05,16181,743603,26
2024-10-18,TWSE,2887Z1,台新新光己特,16.05,16.10,16.05,16.10,0.05,183924,2952271,43
2024-10-18,TWSE,2888,新光金,11.55,11.60,11.50,11.60,0.00,85163441,984769145,8117
2024-10-18,TWSE,2888A,新光金甲特,36.00,36.00,35.65,35.70,-0.30,300076,10741762,79
2024-10-18,TWSE,2888B,新光金乙特,35.90,35.90,35.55,35.65,-0.30,201641,7213742,103
2024-10-18,TWSE,2889,國票金,15.70,15.70,15.50,15.55,-0.10,5006543,78071116,2133
2024-10-18,TWSE,2890,永豐金,23.65,24.10,23.60,24.00,0.45,24449514,584285687,8671
2024-10-18,TWSE,2891,中信金,36.55,37.30,36.50,36.90,0.40,74548261,2760483066,25016
2024-10-18,TWSE,2891B,中信金乙特,60.70,60.70,60.60,60.60,-0.10,23120,1402123,25
2024-10-18,TWSE,2891C,中信金丙特,,,,,0.00,120,6773,7
2024-10-18,TWSE,2892,第一金,27.25,27.60,27.20,27.60,0.45,25197651,691988924,7689
2024-10-18,TWSE,2897,王道銀行,9.98,10.05,9.96,9.99,0.01,4170062,41694118,657
2024-10-18,TWSE,2897B,王道銀乙特,11.55,11.60,11.55,11.60,0.05,125235,1447825,48
2024-10-18,TWSE,2901,欣欣,27.55,27.55,27.25,27.40,0.05,8359,229048,45
2024-10-18,TWSE,2903,遠百,27.25,27.30,27.00,27.05,-0.10,883920,23956822,622
2024-10-18,TWSE,2904,匯僑,18.35,18.40,18.30,18.35,0.05,49237,904152,47
2024-10-18,TWSE,2905,三商,16.95,17.00,16.75,16.80,-0.55,1922668,32440368,1384
2024-10-18,TWSE,2906,高林,18.20,18.50,18.20,18.25,-0.05,199424,3650216,128
2024-10-18,TWSE,2908,特力,20.35,20.60,20.25,20.35,0.10,532604,10867887,151
2024-10-18,TWSE,2910,統領,26.00,26.00,25.25,25.25,-0.15,84526,2156951,48
2024-10-18,TWSE,2911,麗嬰房,10.15,10.15,9.79,9.91,-0.04,151584,1500508,234
2024-10-18,TWSE,2912,統一超,297.50,297.50,294.50,297.00,0.50,941615,279156066,2196
2024-10-18,TWSE,2913,農林,21.20,21.20,20.85,20.90,-0.30,1244939,26161257,685
2024-10-18,TWSE,2915,潤泰全,75.70,76.80,75.10,75.50,-0.20,3321990,251781293,3482
2024-10-18,TWSE,2923,鼎固-KY,30.30,33.25,30.25,33.20,2.75,296743,9639756,313
2024-10-18,TWSE,2929,淘帝-KY,12.85,12.85,12.50,12.85,0.30,684938,8729291,439
2024-10-18,TWSE,2939,永邑-KY,34.00,35.00,34.00,34.75,0.75,278008,9648123,139
2024-10-18,TWSE,2945,三商家購,40.80,41.20,40.50,41.20,0.40,19234,787277,28
2024-10-18,TWSE,3002,歐格,15.15,15.25,15.05,15.05,-0.15,39300,594025,28
2024-10-18,TWSE,3003,健和興,80.80,81.70,79.90,80.70,0.50,688890,55620683,468
2024-10-18,TWSE,3004,豐達科,93.70,93.90,92.00,92.00,-1.30,75796,7025465,82
2024-10-18,TWSE,3005,神基,110.50,111.50,109.50,110.00,-1.50,2767452,304754332,2111
2024-10-18,TWSE,3006,晶豪科,71.50,71.50,69.10,69.40,-1.50,1974908,137941088,2248
2024-10-18,TWSE,3008,大立光,2395.00,2400.00,2305.00,2325.00,-220.00,3305875,7731966859,21404
2024-10-18,TWSE,3010,華立,126.00,127.00,124.00,124.00,-0.50,850229,106693620,843
2024-10-18,TWSE,3011,今皓,30.00,31.80,29.35,31.15,1.55,21642291,661053336,8947
2024-10-18,TWSE,3013,晟銘電,156.50,161.50,152.50,159.00,5.50,70360620,11092843398,46994
2024-10-18,TWSE,3014,聯陽,141.00,142.50,138.50,138.50,-1.50,601005,83933213,637
2024-10-18,TWSE,3015,全漢,60.20,60.20,58.90,59.10,-0.60,177852,10574903,311
2024-10-18,TWSE,3016,嘉晶,58.90,59.30,58.00,58.20,-0.40,242755,14193789,234
2024-10-18,TWSE,3017,奇鋐,691.00,699.00,676.00,681.00,2.00,12884187,8851424285,14918
2024-10-18,TWSE,3018,隆銘綠能,29.70,29.85,29.50,29.85,-0.05,31810,941775,28
2024-10-18,TWSE,3019,亞光,104.50,104.50,102.00,102.50,-1.00,3802248,391674380,2913
2024-10-18,TWSE,3021,鴻名,27.80,28.20,27.80,28.15,0.35,232661,6523492,159
2024-10-18,TWSE,3022,威強電,77.50,78.30,76.90,77.00,-0.50,583416,45318310,714
2024-10-18,TWSE,3023,信邦,297.00,299.00,290.50,291.50,-4.00,739934,218022624,892
2024-10-18,TWSE,3024,憶聲,17.95,18.20,17.65,17.85,0.05,1058343,19019686,495
2024-10-18,TWSE,3025,星通,80.00,85.00,79.40,79.40,1.40,18752478,1530008298,12897
2024-10-18,TWSE,3026,禾伸堂,91.20,91.60,90.80,91.00,-0.20,88912,8106446,149
2024-10-18,TWSE,3027,盛達,35.50,35.70,34.60,34.75,-0.70,440781,15427779,401
2024-10-18,TWSE,3028,增你強,32.65,32.65,32.00,32.05,-0.65,409931,13189083,595
2024-10-18,TWSE,3029,零壹,105.00,105.00,101.50,102.50,-1.50,2311982,237820956,4112
2024-10-18,TWSE,3030,德律,150.00,151.50,137.00,139.00,-8.50,4296172,605045244,4138
2024-10-18,TWSE,3031,佰鴻,25.90,26.20,23.65,23.95,-1.65,18819741,465477179,8442
2024-10-18,TWSE,3032,偉訓,66.20,66.40,65.60,65.80,-0.40,447450,29513524,304
2024-10-18,TWSE,3033,威健,36.20,36.40,35.60,35.60,-0.30,4876354,175809830,2650
2024-10-18,TWSE,3034,聯詠,525.00,528.00,520.00,523.00,0.00,2712086,1418791548,3301
2024-10-18,TWSE,3035,智原,271.00,271.50,260.00,260.00,-7.50,3122991,824847957,4138
2024-10-18,TWSE,3036,文曄,114.50,114.50,111.50,112.50,-0.50,3912140,441523501,3083
2024-10-18,TWSE,3036A,文曄甲特,48.40,48.45,48.35,48.45,0.05,65243,3156436,45
2024-10-18,TWSE,3037,欣興,149.50,150.00,143.50,144.50,-2.50,16944153,2479524876,11832
2024-10-18,TWSE,3038,全台,25.45,25.50,25.05,25.10,-0.25,296850,7489122,259
2024-10-18,TWSE,3040,遠見,46.45,46.60,45.85,45.95,-0.50,317527,14650473,242
2024-10-18,TWSE,3041,揚智,21.50,21.50,20.50,20.50,-0.70,1481195,30753072,1249
2024-10-18,TWSE,3042,晶技,113.50,115.00,111.50,112.00,-0.50,2419511,273008566,1821
2024-10-18,TWSE,3043,科風,31.15,31.40,30.55,30.70,-0.25,98873,3055825,115
2024-10-18,TWSE,3044,健鼎,194.50,194.50,191.50,192.00,-1.00,1326618,255847260,1272
2024-10-18,TWSE,3045,台灣大,114.00,115.00,114.00,114.50,0.50,3993942,456891875,1709
2024-10-18,TWSE,3046,建碁,57.30,57.30,56.00,56.20,-1.10,197641,11154170,229
2024-10-18,TWSE,3047,訊舟,36.35,37.15,35.25,35.25,-0.65,7699728,277458364,4738
2024-10-18,TWSE,3048,益登,40.50,40.65,39.40,39.45,-0.70,1644438,65406421,1448
2024-10-18,TWSE,3049,精金,11.85,12.10,11.60,11.60,-0.10,14890560,175230791,4317
2024-10-18,TWSE,3050,鈺德,19.95,19.95,19.25,19.30,-0.45,581377,11341285,425
2024-10-18,TWSE,3051,力特,31.55,32.50,30.70,30.70,0.35,1548729,48388377,1052
2024-10-18,TWSE,3052,夆典,12.10,12.15,12.05,12.05,0.00,329087,3979551,190
2024-10-18,TWSE,3054,立萬利,22.60,22.70,22.00,22.55,-0.25,33295,739493,27
2024-10-18,TWSE,3055,蔚華科,66.50,66.80,65.10,65.30,-0.70,295366,19382278,276
2024-10-18,TWSE,3056,富華新,32.20,32.55,31.85,31.85,-0.25,890086,28521794,858
2024-10-18,TWSE,3057,喬鼎,12.50,12.60,12.40,12.55,0.20,243315,3048759,202
2024-10-18,TWSE,3058,立德,17.90,17.90,17.40,17.40,-0.25,578837,10153562,321
2024-10-18,TWSE,3059,華晶科,35.00,35.05,34.30,34.30,-0.50,615753,21282941,762
2024-10-18,TWSE,3060,銘異,28.65,28.70,27.90,27.90,-0.75,2245960,63243890,1642
2024-10-18,TWSE,3062,建漢,37.15,37.25,34.90,35.05,-1.90,30765280,1097688386,16515
2024-10-18,TWSE,3090,日電貿,62.50,62.60,61.60,61.60,-0.70,300835,18670140,306
2024-10-18,TWSE,3092,鴻碩,30.40,30.95,30.15,30.35,0.05,132548,4026361,161
2024-10-18,TWSE,3094,聯傑,32.50,32.50,31.50,31.50,-0.70,313575,9962601,252
2024-10-18,TWSE,3130,一零四,225.50,225.50,224.00,224.00,-1.50,17351,3899335,1047
2024-10-18,TWSE,3138,耀登,117.50,117.50,115.00,115.00,-2.50,95778,11096209,145
2024-10-18,TWSE,3149,正達,46.60,46.70,42.10,43.15,-2.85,29884681,1318531869,17850
2024-10-18,TWSE,3150,鈺寶-創,37.25,37.60,37.10,37.60,0.50,19000,710700,14
2024-10-18,TWSE,3164,景岳,22.50,22.50,22.15,22.30,0.00,39582,883084,185
2024-10-18,TWSE,3167,大量,149.00,155.00,139.00,141.50,-5.50,14983571,2183868367,11014
2024-10-18,TWSE,3168,眾福科,54.90,54.90,53.80,54.40,0.20,13000,707100,13
2024-10-18,TWSE,3189,景碩,107.00,107.50,104.50,105.00,-0.50,6168738,651657489,4468
2024-10-18,TWSE,3209,全科,41.50,44.00,40.85,41.20,0.40,22168416,941252957,13922
2024-10-18,TWSE,3229,晟鈦,20.80,21.40,20.40,20.40,-0.40,118026,2452791,95
2024-10-18,TWSE,3231,緯創,112.50,113.00,109.00,109.00,-1.50,38007366,4221891899,20357
2024-10-18,TWSE,3257,虹冠電,67.90,68.20,66.00,67.80,0.80,1622561,109413350,1175
2024-10-18,TWSE,3266,昇陽,19.55,19.60,19.30,19.30,-0.05,69052,1340868,60
2024-10-18,TWSE,3296,勝德,27.30,27.40,26.55,26.80,-0.45,646215,17324121,458
2024-10-18,TWSE,3305,昇貿,71.80,71.80,70.10,70.30,-0.80,608177,42982905,670
2024-10-18,TWSE,3308,聯德,23.60,23.60,23.40,23.40,-0.05,33888,796009,214
2024-10-18,TWSE,3311,閎暉,38.10,38.10,37.85,38.05,-0.05,42187,1601996,58
2024-10-18,TWSE,3312,弘憶股,74.30,76.20,72.30,74.10,2.00,16776444,1250406153,12456
2024-10-18,TWSE,3321,同泰,18.60,18.60,17.95,17.95,-0.30,246058,4443675,276
2024-10-18,TWSE,3338,泰碩,69.90,70.40,68.20,68.20,-1.00,629866,43565333,833
2024-10-18,TWSE,3346,麗清,39.00,39.40,38.20,38.30,-0.40,355661,13723401,268
2024-10-18,TWSE,3356,奇偶,64.50,66.30,63.60,64.20,1.20,2516649,163301615,2861
2024-10-18,TWSE,3376,新日興,184.50,185.50,180.00,185.50,2.00,3456293,632830549,3721
2024-10-18,TWSE,3380,明泰,36.30,37.00,35.80,36.25,-0.25,4661511,169440590,3238
2024-10-18,TWSE,3406,玉晶光,472.00,472.00,461.00,462.00,-13.50,2909115,1353521983,5080
2024-10-18,TWSE,3413,京鼎,352.50,354.00,343.00,344.00,-2.00,1394773,484705209,1837
2024-10-18,TWSE,3416,融程電,138.00,139.50,137.00,137.00,-1.00,66530,9191734,94
2024-10-18,TWSE,3419,譁裕,18.00,18.00,17.40,17.40,-0.30,386331,6779705,214
2024-10-18,TWSE,3432,台端,20.00,20.40,20.00,20.30,-0.10,62540,1266661,44
2024-10-18,TWSE,3437,榮創,27.85,28.05,27.10,27.20,-0.80,1875126,51578794,1283
2024-10-18,TWSE,3443,創意,1240.00,1245.00,1200.00,1200.00,-15.00,1470440,1795579070,3853
2024-10-18,TWSE,3447,展達,51.10,51.40,48.50,49.95,-0.95,903365,45199809,836
2024-10-18,TWSE,3450,聯鈞,247.50,251.50,232.00,232.00,-15.00,43981639,10599246958,34627
2024-10-18,TWSE,3454,晶睿,122.00,124.00,121.50,122.00,-0.50,91719,11241710,218
2024-10-18,TWSE,3481,群創,16.15,16.85,15.95,16.30,0.20,168628040,2778583630,34372
2024-10-18,TWSE,3494,誠研,8.39,8.39,8.20,8.30,0.06,265364,2194408,96
2024-10-18,TWSE,3501,維熹,63.50,63.70,63.00,63.00,-0.40,152063,9623065,174
2024-10-18,TWSE,3504,揚明光,56.60,56.70,55.60,55.70,-0.90,126954,7115904,170
2024-10-18,TWSE,3515,華擎,205.00,207.00,203.50,203.50,1.00,281596,57620828,370
2024-10-18,TWSE,3518,柏騰,32.30,32.30,30.95,30.95,-0.75,898375,28314082,658
2024-10-18,TWSE,3528,安馳,51.70,52.40,51.70,52.20,0.30,88166,4597481,83
2024-10-18,TWSE,3530,晶相光,99.40,99.50,96.50,96.50,-2.30,245922,23936730,256
2024-10-18,TWSE,3532,台勝科,135.50,135.50,130.50,130.50,-3.00,698355,92274295,801
2024-10-18,TWSE,3533,嘉澤,1670.00,1685.00,1625.00,1650.00,10.00,1074407,1774183970,3281
2024-10-18,TWSE,3535,晶彩科,54.00,54.90,52.70,53.00,-1.00,2544743,136637770,2345
2024-10-18,TWSE,3543,州巧,23.00,23.20,22.85,23.10,0.00,51042,1172813,45
2024-10-18,TWSE,3545,敦泰,87.50,88.50,85.50,85.70,-0.60,1513954,130760795,1250
2024-10-18,TWSE,3550,聯穎,24.80,25.05,23.80,23.95,-0.85,2792036,67705927,1920
2024-10-18,TWSE,3557,嘉威,73.00,73.20,72.20,72.90,0.10,117277,8541965,119
2024-10-18,TWSE,3563,牧德,364.50,376.00,348.00,351.00,-12.00,757231,273419719,1054
2024-10-18,TWSE,3576,聯合再生,11.30,11.30,11.05,11.05,-0.15,3808662,42411598,1728
2024-10-18,TWSE,3583,辛耘,499.50,509.00,480.00,480.50,-12.00,8478965,4161617043,9258
2024-10-18,TWSE,3588,通嘉,88.80,88.80,85.50,85.80,-2.60,1626181,141543146,2135
2024-10-18,TWSE,3591,艾笛森,28.30,28.35,26.55,26.90,-1.20,6534111,177942706,3886
2024-10-18,TWSE,3592,瑞鼎,361.00,363.00,355.00,356.00,-4.00,288906,103669147,498
2024-10-18,TWSE,3593,力銘,14.25,14.25,13.80,13.80,-0.45,281418,3922877,214
2024-10-18,TWSE,3596,智易,156.50,156.50,153.50,154.50,-1.50,784000,121466682,942
2024-10-18,TWSE,3605,宏致,59.10,59.20,58.00,58.40,-0.40,3532619,206587943,3016
2024-10-18,TWSE,3607,谷崧,20.85,20.90,20.40,20.75,0.05,697797,14422287,362
2024-10-18,TWSE,3617,碩天,298.00,302.50,293.00,298.00,3.50,529070,158014883,1709
2024-10-18,TWSE,3622,洋華,62.90,63.10,61.80,62.40,-0.30,633441,39456593,532
2024-10-18,TWSE,3645,達邁,46.10,46.10,45.35,45.55,0.10,689505,31438332,482
2024-10-18,TWSE,3652,精聯,44.50,44.55,42.10,43.15,-0.15,3970235,171523250,2572
2024-10-18,TWSE,3653,健策,1495.00,1555.00,1485.00,1485.00,-5.00,903184,1361902820,1180
2024-10-18,TWSE,3661,世芯-KY,1930.00,1930.00,1875.00,1880.00,-30.00,1732199,3283270475,9735
2024-10-18,TWSE,3665,貿聯-KY,470.00,484.50,460.50,471.00,6.00,3462236,1644458680,3687
2024-10-18,TWSE,3669,圓展,45.00,45.45,44.80,44.90,-0.55,76598,3446828,116
2024-10-18,TWSE,3673,TPK-KY,43.10,43.10,41.75,41.75,-1.05,2826287,119507675,2662
2024-10-18,TWSE,3679,新至陞,132.50,134.00,132.50,133.50,0.50,32444,4322669,45
2024-10-18,TWSE,3686,達能,22.20,22.20,21.15,21.25,-0.55,409788,8792009,282
2024-10-18,TWSE,3694,海華,44.70,44.70,43.25,43.25,-1.05,319568,13953557,481
2024-10-18,TWSE,3701,大眾控,39.75,39.75,38.40,38.60,-0.45,186072,7224532,178
2024-10-18,TWSE,3702,大聯大,78.60,80.90,78.00,78.00,0.50,5499913,435019432,4470
2024-10-18,TWSE,3702A,大聯大甲特,50.80,50.90,50.80,50.90,0.10,159898,8128063,54
2024-10-18,TWSE,3703,欣陸,29.00,29.10,28.60,28.60,-0.40,2653643,76206883,1763
2024-10-18,TWSE,3704,合勤控,36.50,36.60,35.70,35.75,-0.55,537037,19346307,782
2024-10-18,TWSE,3705,永信,57.30,57.30,56.50,56.70,-0.10,335362,19074835,277
2024-10-18,TWSE,3706,神達,47.65,47.65,46.40,46.75,-0.35,6266582,294095587,4836
2024-10-18,TWSE,3708,上緯投控,114.00,114.00,112.50,113.00,-1.00,393939,44551160,421
2024-10-18,TWSE,3711,日月光投控,173.00,173.00,161.00,163.50,-2.00,35763630,5939126513,21378
2024-10-18,TWSE,3712,永崴投控,52.30,52.40,51.10,51.10,-0.90,863113,44588321,613
2024-10-18,TWSE,3714,富采,46.85,48.40,46.25,47.35,0.70,8324735,395353612,5661
2024-10-18,TWSE,3715,定穎投控,71.50,71.70,69.50,69.50,-1.60,5536411,388218377,5074
2024-10-18,TWSE,3716,中化控股,38.80,39.00,38.45,38.65,-0.10,195584,7567042,242
2024-10-18,TWSE,4104,佳醫,88.00,88.30,87.80,87.80,-0.20,126242,11110191,266
2024-10-18,TWSE,4106,雃博,25.30,25.45,25.20,25.45,0.15,56180,1423039,232
2024-10-18,TWSE,4108,懷特,17.70,17.75,17.65,17.75,0.15,106589,1884031,142
2024-10-18,TWSE,4119,旭富,90.20,90.20,89.20,89.70,-0.50,88841,7954353,296
2024-10-18,TWSE,4133,亞諾法,29.95,30.00,29.85,29.85,-0.05,55781,1670225,92
2024-10-18,TWSE,4137,麗豐-KY,146.50,150.00,144.50,148.00,1.50,307915,45482807,341
2024-10-18,TWSE,4142,國光生,25.70,25.80,25.55,25.65,0.00,339102,8703321,253
2024-10-18,TWSE,4148,全宇生技-KY,44.70,45.20,44.70,45.05,0.35,16000,719900,14
2024-10-18,TWSE,4155,訊映,24.90,24.95,24.65,24.80,0.00,153292,3793922,190
2024-10-18,TWSE,4164,承業醫,46.55,46.70,45.15,45.35,-1.10,396213,18129278,545
2024-10-18,TWSE,4190,佐登-KY,53.50,57.30,52.40,56.20,4.10,1402186,78144595,1067
2024-10-18,TWSE,4306,炎洲,18.95,19.10,18.75,18.80,-0.05,1304404,24703470,807
2024-10-18,TWSE,4414,如興,3.04,3.04,3.00,3.01,-0.03,574759,1730448,134
2024-10-18,TWSE,4426,利勤,13.40,13.40,13.15,13.30,0.00,135025,1789607,75
2024-10-18,TWSE,4438,廣越,105.50,105.50,104.50,104.50,0.50,30157,3166969,39
2024-10-18,TWSE,4439,冠星-KY,90.80,90.90,90.60,90.70,0.10,7458,676515,25
2024-10-18,TWSE,4440,宜新實業,27.75,27.75,27.25,27.30,-0.45,177086,4860635,188
2024-10-18,TWSE,4526,東台,33.15,33.75,32.05,33.75,0.70,6649937,218648529,4152
2024-10-18,TWSE,4532,瑞智,28.30,28.30,27.65,28.00,0.05,1074710,29970544,886
2024-10-18,TWSE,4536,拓凱,210.00,215.00,210.00,214.50,3.00,157899,33667955,309
2024-10-18,TWSE,4540,全球傳動,45.80,45.90,42.80,44.85,2.10,10822369,477239445,7666
2024-10-18,TWSE,4545,銘鈺,60.00,61.10,58.60,59.20,-1.40,2231067,133386938,1717
2024-10-18,TWSE,4551,智伸科,140.00,141.00,137.50,138.50,0.50,555089,77391736,552
2024-10-18,TWSE,4552,力達-KY,27.65,27.90,27.55,27.75,0.10,177921,4928319,150
2024-10-18,TWSE,4555,氣立,45.10,45.50,43.55,43.65,-1.10,792832,35092778,785
2024-10-18,TWSE,4557,永新-KY,130.00,130.00,127.00,127.50,-1.00,165428,21229878,214
2024-10-18,TWSE,4560,強信-KY,32.95,32.95,32.60,32.80,-0.10,71000,2327550,30
2024-10-18,TWSE,4562,穎漢,73.50,78.00,68.50,69.80,-2.00,62988493,4657041751,35581
2024-10-18,TWSE,4564,元翎,23.30,23.30,22.95,23.00,-0.25,305803,7070064,394
2024-10-18,TWSE,4566,時碩工業,95.50,99.60,91.50,92.60,-2.30,34794710,3325040104,23730
2024-10-18,TWSE,4569,六方科-KY,222.50,222.50,208.50,213.00,-6.00,318871,68535444,634
2024-10-18,TWSE,4571,鈞興-KY,161.00,173.50,158.50,167.50,7.00,2025294,337306173,1805
2024-10-18,TWSE,4572,駐龍,155.00,155.00,151.50,151.50,-2.50,70896,10792243,95
2024-10-18,TWSE,4576,大銀微系統,123.50,135.50,120.50,135.50,12.00,18889015,2467841626,11829
2024-10-18,TWSE,4581,光隆精密-KY,53.50,53.50,51.10,53.20,-1.20,131422,6876155,81
2024-10-18,TWSE,4583,台灣精銳,791.00,822.00,768.00,822.00,45.00,2780088,2218592934,4811
2024-10-18,TWSE,4588,玖鼎電力,86.40,86.70,85.10,85.10,-1.20,75364,6457025,129
2024-10-18,TWSE,4720,德淵,20.25,20.35,20.10,20.20,0.00,562680,11393740,223
2024-10-18,TWSE,4722,國精化,43.25,43.50,43.10,43.10,-0.10,86695,3750717,97
2024-10-18,TWSE,4736,泰博,159.50,162.00,158.50,161.50,3.00,346129,55679836,390
2024-10-18,TWSE,4737,華廣,68.00,69.20,68.00,69.00,1.30,68550,4715948,59
2024-10-18,TWSE,4739,康普,58.60,58.60,57.20,57.20,-0.80,234949,13541870,342
2024-10-18,TWSE,4746,台耀,92.20,92.60,91.20,91.30,-0.80,334765,30711489,322
2024-10-18,TWSE,4755,三福化,128.00,129.00,126.00,126.00,0.50,286935,36603387,341
2024-10-18,TWSE,4763,材料*-KY,878.00,884.00,863.00,864.00,-16.00,1864574,1617715800,8992
2024-10-18,TWSE,4764,雙鍵,46.95,48.10,46.90,47.70,0.75,49703,2362433,58
2024-10-18,TWSE,4766,南寶,300.00,302.00,296.50,296.50,-3.50,277127,82588711,470
2024-10-18,TWSE,4770,上品,344.50,345.50,330.50,332.00,-10.00,317119,106559929,599
2024-10-18,TWSE,4771,望隼,216.00,218.50,214.00,214.50,-1.50,68233,14702374,118
2024-10-18,TWSE,4807,日成-KY,29.65,29.65,28.00,28.85,-0.85,563082,16182642,441
2024-10-18,TWSE,4904,遠傳,88.50,89.70,88.10,89.20,1.10,3729843,332366830,2731
2024-10-18,TWSE,4906,正文,36.75,36.75,36.20,36.35,-0.35,2706693,98528298,1882
2024-10-18,TWSE,4912,聯德控股-KY,99.40,100.00,97.80,98.30,-0.40,117268,11554329,149
2024-10-18,TWSE,4915,致伸,92.60,93.40,91.90,92.50,0.00,1102842,102110877,1040
2024-10-18,TWSE,4916,事欣科,28.40,28.65,28.20,28.25,-0.15,318566,9029918,210
2024-10-18,TWSE,4919,新唐,86.10,86.40,83.00,83.20,-2.40,2299328,193627552,2231
2024-10-18,TWSE,4927,泰鼎-KY,52.00,52.20,49.95,51.10,-0.60,1755404,89201517,1031
2024-10-18,TWSE,4930,燦星網,34.45,34.70,34.30,34.40,-0.05,77185,2658720,102
2024-10-18,TWSE,4934,太極,16.65,16.65,16.25,16.35,-0.25,381888,6266206,277
2024-10-18,TWSE,4935,茂林-KY,73.40,73.50,71.10,71.10,-1.80,561992,40459379,588
2024-10-18,TWSE,4938,和碩,105.00,106.00,104.00,104.00,-1.00,4251837,444691330,2472
2024-10-18,TWSE,4942,嘉彰,42.85,43.20,42.85,43.00,0.00,78112,3355633,60
2024-10-18,TWSE,4943,康控-KY,17.60,17.60,16.25,16.80,0.05,14444,241513,24
2024-10-18,TWSE,4949,有成精密,23.15,23.30,23.00,23.10,0.05,77303,1787196,51
2024-10-18,TWSE,4952,凌通,53.70,53.70,52.70,52.70,-0.60,249308,13250792,265
2024-10-18,TWSE,4956,光鋐,41.75,42.80,40.85,42.80,1.15,6008530,251175225,3811
2024-10-18,TWSE,4958,臻鼎-KY,114.00,114.50,112.00,112.00,-1.50,7259340,820009549,4590
2024-10-18,TWSE,4960,誠美材,13.10,13.20,12.85,12.95,-0.15,1792899,23224911,778
2024-10-18,TWSE,4961,天鈺,279.00,279.50,272.00,272.50,-4.50,761797,209828398,3553
2024-10-18,TWSE,4967,十銓,94.00,94.00,90.90,91.10,-1.80,1498055,137797202,1410
2024-10-18,TWSE,4968,立積,193.00,194.50,178.50,179.50,-13.50,3772296,694924295,4408
2024-10-18,TWSE,4976,佳凌,42.10,42.20,40.45,40.60,-1.25,634302,26051650,519
2024-10-18,TWSE,4977,眾達-KY,123.00,123.00,112.00,113.00,-8.00,12768897,1478124891,9176
2024-10-18,TWSE,4989,榮科,21.80,21.80,21.45,21.70,0.15,118454,2563653,94
2024-10-18,TWSE,4994,傳奇,104.00,105.00,99.50,101.00,-2.00,60437,6173711,353
2024-10-18,TWSE,4999,鑫禾,34.60,35.20,34.55,35.20,0.75,152136,5309412,154
2024-10-18,TWSE,5007,三星,56.10,56.50,55.90,56.20,0.50,42061,2364036,64
2024-10-18,TWSE,5203,訊連,95.70,95.70,92.70,93.40,-0.90,195791,18410620,392
2024-10-18,TWSE,5215,科嘉-KY,49.50,49.50,48.20,48.85,-0.40,49366,2408151,50
2024-10-18,TWSE,5222,全訊,138.00,138.50,137.00,137.50,0.00,151271,20867871,204
2024-10-18,TWSE,5225,東科-KY,125.00,125.00,121.00,122.00,-2.50,990389,121344834,860
2024-10-18,TWSE,5234,達興材料,233.50,234.50,224.00,230.50,-2.00,2590590,596078061,7161
2024-10-18,TWSE,5243,乙盛-KY,64.00,64.00,61.70,61.90,-1.10,821460,51482110,651
2024-10-18,TWSE,5244,弘凱,42.10,43.25,41.50,42.15,-0.30,73222,3080911,54
2024-10-18,TWSE,5258,虹堡,123.00,123.50,120.00,120.00,-2.50,494659,60029538,448
2024-10-18,TWSE,5269,祥碩,1590.00,1635.00,1500.00,1505.00,-80.00,1358720,2113608785,3388
2024-10-18,TWSE,5283,禾聯碩,104.50,107.00,104.50,106.00,1.50,187040,19812716,236
2024-10-18,TWSE,5284,jpp-KY,129.00,129.50,127.00,128.00,0.00,199270,25492532,190
2024-10-18,TWSE,5285,界霖,65.40,65.40,64.20,64.40,-1.00,134147,8700296,311
2024-10-18,TWSE,5288,豐祥-KY,232.00,233.00,225.00,228.00,-2.50,116925,26754759,163
2024-10-18,TWSE,5292,華懋,173.50,175.00,169.00,170.50,0.00,258429,44342838,292
2024-10-18,TWSE,5306,桂盟,140.00,140.00,137.50,138.00,-0.50,110273,15300257,225
2024-10-18,TWSE,5388,中磊,111.50,112.00,110.00,111.00,0.00,833711,92395694,913
2024-10-18,TWSE,5434,崇越,295.00,300.00,292.00,293.00,1.00,1092340,322793041,1285
2024-10-18,TWSE,5471,松翰,44.55,44.55,43.90,43.90,-0.55,269658,11929792,242
2024-10-18,TWSE,5484,慧友,68.40,68.40,64.50,65.00,0.50,2495755,165263377,2037
2024-10-18,TWSE,5515,建國,22.45,22.75,22.35,22.60,0.20,551588,12476548,388
2024-10-18,TWSE,5519,隆大,38.35,38.35,37.60,37.60,-0.75,445037,16882365,413
2024-10-18,TWSE,5521,工信,12.15,12.45,12.10,12.35,0.10,1213515,14883222,512
2024-10-18,TWSE,5522,遠雄,72.80,73.00,70.70,70.90,-1.30,813275,58062159,848
2024-10-18,TWSE,5525,順天,32.80,33.00,32.45,32.45,-0.30,140395,4585828,236
2024-10-18,TWSE,5531,鄉林,10.45,10.50,10.30,10.40,0.00,428439,4456364,196
2024-10-18,TWSE,5533,皇鼎,21.35,21.35,21.10,21.15,-0.20,166994,3543451,114
2024-10-18,TWSE,5534,長虹,99.40,99.40,94.80,95.10,-3.50,2391637,229285776,2491
2024-10-18,TWSE,5538,東明-KY,36.30,37.25,36.30,36.90,-0.10,25755,952464,30
2024-10-18,TWSE,5546,永固-KY,29.15,29.60,29.15,29.45,0.25,33339,979398,23
2024-10-18,TWSE,5607,遠雄港,45.75,46.15,45.40,45.80,0.05,265505,12173710,269
2024-10-18,TWSE,5608,四維航,18.15,18.15,17.85,17.90,-0.20,661355,11867787,593
2024-10-18,TWSE,5706,鳳凰,61.10,61.70,60.50,61.00,0.60,401112,24530687,621
2024-10-18,TWSE,5871,中租-KY,157.00,158.00,155.50,156.50,1.50,4953478,775387444,4642
2024-10-18,TWSE,5871A,中租-KY甲特,95.10,95.10,95.00,95.10,0.00,36025,3425677,23
2024-10-18,TWSE,5876,上海商銀,39.15,39.65,39.10,39.65,0.65,7949411,313859343,3983
2024-10-18,TWSE,5880,合庫金,25.70,25.90,25.65,25.90,0.20,12259951,316762526,4696
2024-10-18,TWSE,5906,台南-KY,58.40,58.50,57.50,58.50,0.90,5050,294285,6
2024-10-18,TWSE,5907,大洋-KY,11.50,12.45,11.35,12.45,0.90,1118538,13429395,621
2024-10-18,TWSE,6005,群益證,22.50,22.55,22.30,22.40,0.10,2226771,49953103,1131
2024-10-18,TWSE,6024,群益期,56.70,57.10,56.50,57.00,0.60,325153,18499487,315
2024-10-18,TWSE,6108,競國,16.15,16.15,15.80,15.80,-0.35,1092344,17378342,519
2024-10-18,TWSE,6112,邁達特,48.00,48.00,47.45,47.95,0.05,361879,17250634,554
2024-10-18,TWSE,6115,鎰勝,52.70,53.50,52.70,53.00,0.30,171922,9137362,136
2024-10-18,TWSE,6116,彩晶,9.30,9.45,9.25,9.29,-0.01,5531538,51739639,1923
2024-10-18,TWSE,6117,迎廣,111.50,113.00,107.50,111.00,0.50,2954481,325222380,2596
2024-10-18,TWSE,6120,達運,14.10,14.15,13.80,13.85,-0.15,739302,10328748,400
2024-10-18,TWSE,6128,上福,36.90,37.20,36.70,36.90,0.15,214837,7940720,140
2024-10-18,TWSE,6133,金橋,22.25,22.55,21.15,21.30,-0.45,2407649,52223997,1406
2024-10-18,TWSE,6136,富爾特,22.70,23.80,22.45,22.75,0.25,902271,20831258,326
2024-10-18,TWSE,6139,亞翔,229.00,229.50,224.00,224.50,-2.00,1387786,313624347,2742
2024-10-18,TWSE,6141,柏承,13.15,13.15,12.90,13.15,-0.05,186695,2433118,117
2024-10-18,TWSE,6142,友勁,12.00,12.00,11.25,11.65,-0.25,2277557,26445133,792
2024-10-18,TWSE,6152,百一,15.90,16.00,15.50,16.00,0.20,1665757,26232703,784
2024-10-18,TWSE,6153,嘉聯益,20.50,20.50,20.15,20.15,-0.20,677915,13723220,543
2024-10-18,TWSE,6155,鈞寶,28.15,28.60,27.90,28.55,0.60,302856,8582802,210
2024-10-18,TWSE,6165,浪凡,40.95,42.80,40.95,42.35,2.30,2835643,118850371,1756
2024-10-18,TWSE,6166,凌華,70.50,70.80,69.60,70.30,0.20,254943,17944161,404
2024-10-18,TWSE,6168,宏齊,23.75,23.75,23.10,23.15,-0.25,1101771,25678223,652
2024-10-18,TWSE,6176,瑞儀,197.50,199.50,196.00,198.50,2.00,1702290,337284053,1763
2024-10-18,TWSE,6177,達麗,46.25,46.25,45.15,45.25,-0.95,1935104,87899619,1715
2024-10-18,TWSE,6183,關貿,77.60,78.50,76.80,78.40,1.10,72106,5624783,100
2024-10-18,TWSE,6184,大豐電,51.50,51.70,51.40,51.50,0.00,70610,3637566,72
2024-10-18,TWSE,6189,豐藝,86.00,86.20,85.00,85.00,-1.00,552029,47132767,1341
2024-10-18,TWSE,6191,精成科,60.80,61.30,60.30,60.30,0.10,2625288,159460354,1694
2024-10-18,TWSE,6192,巨路,113.50,114.00,112.50,112.50,-0.50,62992,7130649,101
2024-10-18,TWSE,6196,帆宣,159.00,161.50,156.00,156.00,0.00,1073690,170097320,1095
2024-10-18,TWSE,6197,佳必琪,164.50,165.00,160.00,160.00,-3.00,1599668,258739127,2039
2024-10-18,TWSE,6201,亞弘電,55.60,56.40,55.30,55.50,-0.10,17361,965139,40
2024-10-18,TWSE,6202,盛群,55.20,55.30,53.80,53.80,-1.20,637212,34680965,836
2024-10-18,TWSE,6205,詮欣,70.40,70.40,68.50,68.80,-0.40,151406,10448455,103
2024-10-18,TWSE,6206,飛捷,88.90,89.20,87.90,88.10,-0.30,230531,20398545,809
2024-10-18,TWSE,6209,今國光,26.05,26.10,25.45,25.45,-0.45,323904,8305286,217
2024-10-18,TWSE,6213,聯茂,76.40,76.40,72.60,72.80,-3.20,9006404,665240301,6588
2024-10-18,TWSE,6214,精誠,130.00,130.00,127.00,128.00,0.00,470507,60299301,617
2024-10-18,TWSE,6215,和椿,68.60,69.00,67.00,67.80,-0.20,6476927,439785179,5785
2024-10-18,TWSE,6216,居易,44.75,45.10,44.00,44.05,-0.70,749713,33305981,562
2024-10-18,TWSE,6224,聚鼎,75.20,75.50,73.60,73.80,-1.60,1017157,75562276,1075
2024-10-18,TWSE,6225,天瀚,,,,,0.00,1340,20655,8
2024-10-18,TWSE,6226,光鼎,10.30,10.50,10.30,10.30,-0.20,320253,3322043,164
2024-10-18,TWSE,6230,尼得科超眾,222.00,224.00,217.00,217.50,-3.50,77645,17066006,572
2024-10-18,TWSE,6235,華孚,70.70,70.70,68.80,68.80,0.00,832496,57805952,870
2024-10-18,TWSE,6239,力成,138.50,138.50,134.00,134.00,-3.00,2607041,353490844,2471
2024-10-18,TWSE,6243,迅杰,51.80,51.80,50.30,50.30,-1.40,183542,9332309,300
2024-10-18,TWSE,6257,矽格,79.20,79.30,77.10,77.10,-1.60,4046037,314499823,2952
2024-10-18,TWSE,6269,台郡,77.10,77.50,76.40,76.50,-0.10,1149820,88349997,1048
2024-10-18,TWSE,6271,同欣電,140.00,140.00,137.00,138.00,-1.00,561883,77692203,687
2024-10-18,TWSE,6277,宏正,78.70,78.70,78.40,78.50,-0.10,36313,2851807,95
2024-10-18,TWSE,6278,台表科,110.50,111.00,109.00,110.00,0.50,1068741,117608806,722
2024-10-18,TWSE,6281,全國電,83.30,83.40,83.30,83.40,0.10,34057,2838950,65
2024-10-18,TWSE,6282,康舒,34.30,34.50,33.75,33.85,-0.45,1667030,56622125,1451
2024-10-18,TWSE,6283,淳安,29.40,29.65,28.95,28.95,-0.35,224289,6556151,135
2024-10-18,TWSE,6285,啟碁,116.00,117.00,114.50,115.00,-1.00,1144196,132110460,1111
2024-10-18,TWSE,6288,聯嘉,28.50,28.50,27.65,27.65,-0.55,1013925,28287550,816
2024-10-18,TWSE,6405,悅城,40.00,42.30,38.30,40.15,1.15,7203910,294198547,4825
2024-10-18,TWSE,6409,旭隼,2095.00,2095.00,1990.00,2010.00,-105.00,156053,316715740,593
2024-10-18,TWSE,6412,群電,129.00,130.00,127.00,128.50,0.00,413855,53154659,485
2024-10-18,TWSE,6414,樺漢,300.00,306.00,300.00,300.00,0.50,988827,299489684,1929
2024-10-18,TWSE,6415,矽力*-KY,517.00,524.00,504.00,508.00,-7.00,2038218,1040743479,1943
2024-10-18,TWSE,6416,瑞祺電通,159.50,162.50,158.00,161.50,2.50,589334,94680371,989
2024-10-18,TWSE,6423,億而得-創,90.70,91.30,90.40,91.30,0.50,28300,2567390,23
2024-10-18,TWSE,6426,統新,80.20,80.50,78.50,78.50,-1.60,701378,55485106,802
2024-10-18,TWSE,6431,光麗-KY,18.20,18.30,17.90,18.20,0.00,153012,2765124,72
2024-10-18,TWSE,6438,迅得,198.00,213.00,196.00,213.00,19.00,13220806,2728839128,13599
2024-10-18,TWSE,6442,光聖,435.00,449.50,428.50,440.50,8.50,5142010,2259487620,5158
2024-10-18,TWSE,6443,元晶,23.05,23.05,22.35,22.35,-0.50,3933280,88431130,1674
2024-10-18,TWSE,6446,藥華藥,622.00,639.00,620.00,624.00,10.00,1665240,1048095926,2398
2024-10-18,TWSE,6449,鈺邦,164.00,164.00,159.00,160.50,-2.00,914828,147175845,960
2024-10-18,TWSE,6451,訊芯-KY,242.50,250.00,233.00,240.50,1.50,14661166,3567918940,19327
2024-10-18,TWSE,6456,GIS-KY,57.30,57.40,56.70,57.00,-0.30,492053,28066690,571
2024-10-18,TWSE,6464,台數科,79.20,79.50,78.80,79.20,0.00,30601,2421509,39
2024-10-18,TWSE,6472,保瑞,745.00,751.00,738.00,741.00,-3.00,409543,304447556,1268
2024-10-18,TWSE,6477,安集,34.20,34.20,33.30,33.40,-0.55,262624,8838267,284
2024-10-18,TWSE,6491,晶碩,417.00,417.00,401.00,403.50,-9.50,639222,259116772,1464
2024-10-18,TWSE,6504,南六,70.70,70.70,69.80,70.00,-0.20,39220,2751450,59
2024-10-18,TWSE,6505,台塑化,49.65,50.80,49.60,50.40,0.75,5136779,258936317,3027
2024-10-18,TWSE,6515,穎崴,1265.00,1275.00,1210.00,1215.00,-35.00,958548,1190873150,1479
2024-10-18,TWSE,6525,捷敏-KY,73.70,74.30,71.50,71.60,-1.70,693283,50319193,1011
2024-10-18,TWSE,6526,達發,636.00,642.00,626.00,630.00,-2.00,306262,193963437,760
2024-10-18,TWSE,6531,愛普*,312.00,312.50,300.00,300.00,-8.50,1616778,491089717,2412
2024-10-18,TWSE,6533,晶心科,402.00,404.00,390.00,392.00,-6.00,505204,199275007,852
2024-10-18,TWSE,6534,正瀚-創,81.40,81.40,80.30,80.40,0.40,13000,1048000,13
2024-10-18,TWSE,6541,泰福-KY,67.50,68.20,67.20,68.20,0.60,52018,3530060,115
2024-10-18,TWSE,6550,北極星藥業-KY,51.20,51.20,50.10,50.30,-0.70,498418,25173339,445
2024-10-18,TWSE,6552,易華電,46.20,46.20,44.40,44.90,-1.25,223543,10100233,291
2024-10-18,TWSE,6558,興能高,22.20,22.30,21.90,21.90,-0.40,203856,4487734,156
2024-10-18,TWSE,6573,虹揚-KY,16.80,16.80,16.40,16.75,0.00,213107,3537154,170
2024-10-18,TWSE,6579,研揚,149.50,149.50,146.00,146.00,-2.00,121879,17979712,416
2024-10-18,TWSE,6581,鋼聯,119.50,121.00,119.00,119.50,1.00,56940,6839088,86
2024-10-18,TWSE,6582,申豐,63.30,63.30,61.80,61.90,-1.20,107782,6729059,151
2024-10-18,TWSE,6585,鼎基,149.00,150.00,148.00,148.00,-0.50,141254,20988263,175
2024-10-18,TWSE,6591,動力-KY,50.70,50.90,49.95,49.95,-0.45,143919,7258942,197
2024-10-18,TWSE,6592,和潤企業,93.80,94.70,93.70,94.30,0.70,356964,33647403,390
2024-10-18,TWSE,6592A,和潤企業甲特,94.90,95.00,94.90,95.00,0.00,2077,197191,4
2024-10-18,TWSE,6592B,和潤企業乙特,95.50,95.50,95.40,95.50,0.10,38129,3638606,22
2024-10-18,TWSE,6598,ABC-KY,22.80,23.15,22.30,22.40,-0.35,240911,5459724,238
2024-10-18,TWSE,6605,帝寶,247.50,248.00,243.50,244.00,-3.50,496925,121990079,922
2024-10-18,TWSE,6606,建德工業,28.30,28.35,27.70,27.75,-0.65,159288,4457838,153
2024-10-18,TWSE,6625,必應,91.80,93.90,90.50,92.30,0.60,310429,28697444,607
2024-10-18,TWSE,6641,基士德-KY,40.60,40.75,40.60,40.75,-0.55,17628,717447,26
2024-10-18,TWSE,6645,金萬林-創,27.10,27.25,26.50,26.80,0.15,24676,660195,31
2024-10-18,TWSE,6655,科定,132.00,132.50,131.50,131.50,-0.50,10021,1320772,22
2024-10-18,TWSE,6657,華安,52.80,52.90,52.00,52.30,-0.40,35825,1874265,36
2024-10-18,TWSE,6658,聯策,96.90,97.10,91.50,93.50,-1.80,7579223,715587629,5653
2024-10-18,TWSE,6666,羅麗芬-KY,62.00,62.10,61.20,61.70,-0.40,41028,2531523,57
2024-10-18,TWSE,6668,中揚光,50.60,50.70,48.80,48.80,-1.30,551692,27232107,604
2024-10-18,TWSE,6669,緯穎,1980.00,1995.00,1920.00,1935.00,-15.00,1498688,2932509860,3827
2024-10-18,TWSE,6670,復盛應用,282.00,294.50,281.00,294.00,12.00,854644,247549966,1295
2024-10-18,TWSE,6671,三能-KY,43.00,43.05,43.00,43.00,-0.10,44120,1897416,24
2024-10-18,TWSE,6672,騰輝電子-KY,70.50,70.60,69.40,69.50,-1.00,95368,6670248,177
2024-10-18,TWSE,6674,鋐寶科技,24.60,24.60,24.45,24.45,-0.30,5000,122500,5
2024-10-18,TWSE,6689,伊雲谷,96.80,97.00,94.90,95.10,-1.40,212196,20300525,277
2024-10-18,TWSE,6691,洋基工程,319.50,321.00,311.50,314.00,-4.00,355179,112061002,592
2024-10-18,TWSE,6695,芯鼎,59.30,59.30,56.30,56.30,-2.20,600410,34338836,589
2024-10-18,TWSE,6698,旭暉應材,41.50,43.50,40.65,41.30,0.10,1301489,54716692,1221
2024-10-18,TWSE,6706,惠特,171.50,175.00,164.00,168.00,-2.00,6141177,1041226259,5927
2024-10-18,TWSE,6715,嘉基,192.00,195.50,188.00,188.50,-5.50,477737,91272570,679
2024-10-18,TWSE,6719,力智,257.00,257.50,250.00,250.50,-6.00,476649,120531610,863
2024-10-18,TWSE,6742,澤米,76.70,78.00,75.00,75.80,-1.20,3492475,266867673,3345
2024-10-18,TWSE,6743,安普新,53.70,53.90,52.30,52.30,-0.50,557110,29508876,427
2024-10-18,TWSE,6753,龍德造船,117.00,117.00,115.00,115.50,-1.00,451012,52231622,589
2024-10-18,TWSE,6754,匯僑設計,69.30,69.70,68.40,68.60,-0.10,72111,4973070,121
2024-10-18,TWSE,6756,威鋒電子,168.00,168.00,163.50,164.00,-3.00,104717,17307485,395
2024-10-18,TWSE,6757,台灣虎航,57.80,58.40,57.10,57.30,-0.80,877765,50564605,516
2024-10-18,TWSE,6768,志強-KY,111.50,115.50,106.50,112.50,0.00,1588599,178869933,1284
2024-10-18,TWSE,6770,力積電,20.40,20.40,19.90,19.90,-0.40,11260228,225506483,6472
2024-10-18,TWSE,6771,平和環保-創,63.30,63.40,63.00,63.00,-0.40,12050,760550,13
2024-10-18,TWSE,6776,展碁國際,56.70,56.90,56.10,56.30,-0.50,75109,4247204,80
2024-10-18,TWSE,6781,AES-KY,545.00,547.00,530.00,530.00,-9.00,91830,49596171,213
2024-10-18,TWSE,6782,視陽,223.00,224.50,217.00,218.00,-4.50,805267,176120569,1524
2024-10-18,TWSE,6789,采鈺,304.50,307.50,291.00,291.00,-7.50,1509199,449946705,2042
2024-10-18,TWSE,6790,永豐實,48.00,48.45,47.85,48.25,0.50,115525,5560805,120
2024-10-18,TWSE,6792,詠業,65.40,65.40,65.00,65.00,-0.20,23003,1500296,23
2024-10-18,TWSE,6794,向榮生技,76.80,76.80,74.60,76.40,-0.30,11130,843532,12
2024-10-18,TWSE,6796,晉弘,81.70,83.40,81.70,83.00,1.40,32663,2696897,77
2024-10-18,TWSE,6799,來頡,115.00,118.00,108.50,108.50,-5.50,511125,57030562,552
2024-10-18,TWSE,6805,富世達,887.00,912.00,874.00,892.00,7.00,2125675,1901803259,4550
2024-10-18,TWSE,6806,森崴能源,126.50,127.50,123.00,124.00,-1.50,851367,105884078,1252
2024-10-18,TWSE,6807,峰源-KY,75.40,76.70,75.40,76.30,1.00,56268,4281960,73
2024-10-18,TWSE,6830,汎銓,219.00,220.00,209.00,211.50,-1.50,4304192,924485708,3561
2024-10-18,TWSE,6834,天二科技,37.25,37.45,36.60,36.60,-0.60,224702,8286703,191
2024-10-18,TWSE,6835,圓裕,53.10,53.10,51.20,51.40,-1.70,233604,12209643,286
2024-10-18,TWSE,6838,台新藥,44.55,44.60,43.85,44.10,-0.40,358357,15827230,273
2024-10-18,TWSE,6854,錼創科技-KY創,141.50,151.00,139.00,148.50,7.00,740339,107951333,490
2024-10-18,TWSE,6861,睿生光電,64.30,65.00,64.20,64.60,0.30,57489,3716636,89
2024-10-18,TWSE,6863,永道-KY,281.50,281.50,271.00,273.50,-6.50,1062282,291834519,1431
2024-10-18,TWSE,6869,雲豹能源,222.50,222.50,217.00,217.00,-4.00,1392032,303838499,1890
2024-10-18,TWSE,6873,泓德能源,247.00,247.50,238.00,238.50,-4.50,1010553,243181440,1224
2024-10-18,TWSE,6890,來億-KY,395.00,422.50,392.50,407.00,15.50,2336766,953706466,3554
2024-10-18,TWSE,6901,鑽石投資,38.30,38.65,38.05,38.40,0.20,281890,10802074,240
2024-10-18,TWSE,6902,GOGOLOOK,164.00,170.00,161.50,164.00,0.00,29720,4955420,30
2024-10-18,TWSE,6906,現觀科,183.00,183.50,179.00,180.50,0.50,573628,103836665,1014
2024-10-18,TWSE,6914,阜爾運通,137.50,138.50,137.50,138.00,0.50,15181,2094731,58
2024-10-18,TWSE,6916,華凌,25.60,26.05,25.50,25.60,0.05,75000,1922400,29
2024-10-18,TWSE,6919,康霈*,485.00,493.00,475.00,485.00,0.00,353359,171159707,897
2024-10-18,TWSE,6923,中台,87.00,87.10,86.20,87.00,-0.10,127497,11064645,114
2024-10-18,TWSE,6928,攸泰科技,62.00,63.80,61.20,61.50,-0.50,57390,3563682,90
2024-10-18,TWSE,6933,AMAX-KY,278.50,283.50,265.00,268.50,-5.50,574005,156460464,1628
2024-10-18,TWSE,6937,天虹,345.00,361.00,340.00,343.00,6.00,4319729,1516473203,4676
2024-10-18,TWSE,6949,沛爾生醫*-創,92.80,94.50,92.80,94.10,0.40,27029,2528228,17
2024-10-18,TWSE,6951,青新-創,61.70,62.20,61.70,62.10,0.80,110555,6855286,70
2024-10-18,TWSE,6952,大武山,48.60,48.60,47.45,47.90,-0.30,68134,3266766,86
2024-10-18,TWSE,6957,裕慶-KY,247.50,248.50,242.50,244.00,-3.50,102282,25015017,537
2024-10-18,TWSE,6958,日盛台駿,30.25,30.75,30.20,30.45,-0.05,209065,6347503,143
2024-10-18,TWSE,6969,成信實業*-創,67.60,67.70,62.80,63.00,-2.00,112000,7236000,72
2024-10-18,TWSE,8011,台通,27.45,27.55,26.70,26.70,-0.55,2128871,57331457,1359
2024-10-18,TWSE,8016,矽創,236.00,236.00,232.00,232.00,-2.50,272113,63646179,875
2024-10-18,TWSE,8021,尖點,37.25,37.30,36.70,37.00,-0.20,1848914,68357371,1454
2024-10-18,TWSE,8028,昇陽半導體,144.50,153.00,134.50,134.50,-5.50,75004592,10805657120,48444
2024-10-18,TWSE,8033,雷虎,58.30,58.40,57.20,57.20,-1.00,1048191,60323060,934
2024-10-18,TWSE,8039,台虹,55.80,55.80,54.50,54.60,-0.90,2155993,118401215,1752
2024-10-18,TWSE,8046,南電,138.00,138.00,133.00,133.50,-3.00,1247196,168826879,1730
2024-10-18,TWSE,8070,長華*,59.90,60.00,58.20,58.70,-0.70,4046651,238564411,2706
2024-10-18,TWSE,8072,陞泰,26.85,27.20,26.70,26.80,-0.05,64313,1734036,100
2024-10-18,TWSE,8081,致新,234.50,234.50,231.00,231.00,-2.50,284928,66329737,548
2024-10-18,TWSE,8103,瀚荃,56.10,56.60,55.30,56.40,0.30,1108749,62149498,881
2024-10-18,TWSE,8104,錸寶,46.70,46.75,45.10,45.25,-1.00,835127,37973680,906
2024-10-18,TWSE,8105,凌巨,17.45,17.45,17.05,17.10,-0.25,1962871,33810402,1014
2024-10-18,TWSE,8110,華東,16.75,16.75,16.25,16.30,-0.35,2008351,33038284,1013
2024-10-18,TWSE,8112,至上,69.00,69.10,67.80,68.10,-0.30,1746634,119644333,1586
2024-10-18,TWSE,8112A,至上甲特,42.85,42.95,42.85,42.90,0.05,29213,1253283,23
2024-10-18,TWSE,8114,振樺電,215.00,215.00,209.50,209.50,-1.00,258105,54594885,1176
2024-10-18,TWSE,8131,福懋科,34.80,34.95,34.60,34.65,0.15,217290,7559407,207
2024-10-18,TWSE,8150,南茂,36.65,36.65,36.20,36.30,-0.15,1081955,39379579,879
2024-10-18,TWSE,8162,微矽電子-創,34.50,34.50,34.30,34.50,0.40,24000,826600,14
2024-10-18,TWSE,8163,達方,50.40,50.40,49.55,49.55,-0.85,405606,20214536,415
2024-10-18,TWSE,8201,無敵,18.50,18.60,18.40,18.55,-0.05,64877,1201649,66
2024-10-18,TWSE,8210,勤誠,298.00,302.00,288.00,291.50,-3.00,3087282,912844493,13532
2024-10-18,TWSE,8213,志超,37.55,38.00,37.50,38.00,0.45,287032,10851854,257
2024-10-18,TWSE,8215,明基材,32.80,32.90,32.25,32.25,-0.65,690399,22452958,744
2024-10-18,TWSE,8222,寶一,38.35,38.40,37.85,37.85,-0.45,164621,6279762,357
2024-10-18,TWSE,8261,富鼎,78.40,78.40,77.00,77.00,-0.80,250530,19327870,258
2024-10-18,TWSE,8271,宇瞻,52.70,52.70,52.10,52.30,-0.10,245357,12851981,248
2024-10-18,TWSE,8341,日友,95.80,102.00,95.70,99.50,3.10,899897,89847776,1263
2024-10-18,TWSE,8367,建新國際,50.20,50.50,50.10,50.10,-0.10,35339,1775818,41
2024-10-18,TWSE,8374,羅昇,145.00,148.00,137.00,142.50,1.00,13001336,1860151240,9265
2024-10-18,TWSE,8404,百和興業-KY,32.15,32.25,31.30,31.85,0.00,2576836,82054113,1803
2024-10-18,TWSE,8411,福貞-KY,14.10,14.10,13.90,13.90,-0.20,70064,978386,157
2024-10-18,TWSE,8422,可寧衛*,186.00,187.00,184.50,184.50,-1.50,124928,23195247,388
2024-10-18,TWSE,8429,金麗-KY,10.20,10.25,10.00,10.10,-0.10,1178141,11934684,661
2024-10-18,TWSE,8438,昶昕,40.50,40.50,39.70,39.75,-0.50,161783,6458324,151
2024-10-18,TWSE,8442,威宏-KY,111.50,111.50,109.50,110.00,0.00,62136,6856980,53
2024-10-18,TWSE,8443,阿瘦,11.95,11.95,11.85,11.85,0.05,10603,126225,91
2024-10-18,TWSE,8454,富邦媒,382.00,382.00,378.00,378.00,-1.00,277237,105154751,1180
2024-10-18,TWSE,8462,柏文,118.50,120.00,117.50,117.50,-1.00,86942,10321944,150
2024-10-18,TWSE,8463,潤泰材,28.35,28.75,28.30,28.40,0.15,63166,1803416,52
2024-10-18,TWSE,8464,億豐,507.00,515.00,502.00,514.00,7.00,603121,308462031,611
2024-10-18,TWSE,8466,美吉吉-KY,56.20,56.30,53.90,54.70,-1.30,487077,26690836,282
2024-10-18,TWSE,8467,波力-KY,244.00,246.50,239.00,241.00,-3.50,99828,24256983,117
2024-10-18,TWSE,8473,山林水,42.30,42.55,42.05,42.45,0.20,411112,17378139,350
2024-10-18,TWSE,8476,台境*,54.00,54.40,53.80,54.10,0.10,39306,2124006,41
2024-10-18,TWSE,8478,東哥遊艇,290.00,292.00,288.00,288.50,-1.50,84905,24587284,238
2024-10-18,TWSE,8481,政伸,50.80,51.40,50.80,50.80,0.00,13280,677034,16
2024-10-18,TWSE,8482,商億-KY,65.00,66.70,65.00,66.30,1.50,7000,462400,7
2024-10-18,TWSE,8487,愛爾達-創,69.50,69.50,67.50,68.50,-1.00,56051,3827088,37
2024-10-18,TWSE,8488,吉源-KY,15.65,15.80,15.65,15.65,-0.20,9000,141400,8
2024-10-18,TWSE,8499,鼎炫-KY,115.50,115.50,115.00,115.50,0.50,12297,1418155,23
2024-10-18,TWSE,8926,台汽電,44.90,45.05,44.25,44.50,-0.40,604520,26938206,664
2024-10-18,TWSE,8940,新天地,24.60,24.70,24.20,24.40,-0.20,60043,1463869,99
2024-10-18,TWSE,8996,高力,353.00,358.00,346.00,346.00,-3.00,2004474,704382364,2420
2024-10-18,TWSE,9103,美德醫療-DR,6.56,6.56,6.47,6.51,-0.02,740434,4813032,182
2024-10-18,TWSE,910322,康師傅-DR,24.50,24.75,24.40,24.55,-0.40,39716,977654,39
2024-10-18,TWSE,9105,泰金寶-DR,6.34,6.34,6.10,6.15,-0.03,45510137,283494626,7780
2024-10-18,TWSE,910861,神州-DR,5.83,5.85,5.74,5.85,-0.03,202150,1172623,69
2024-10-18,TWSE,9110,越南控-DR,7.08,7.18,7.08,7.17,0.02,59100,420520,14
2024-10-18,TWSE,911608,明輝-DR,3.50,3.50,3.40,3.42,0.00,55010,188557,17
2024-10-18,TWSE,911622,泰聚亨-DR,5.18,5.23,4.99,5.03,-0.17,497490,2521751,133
2024-10-18,TWSE,911868,同方友友-DR,1.58,1.58,1.52,1.53,-0.03,524391,807322,149
2024-10-18,TWSE,912000,晨訊科-DR,3.13,3.17,3.10,3.11,0.00,821422,2572552,224
2024-10-18,TWSE,9136,巨騰-DR,6.36,6.39,6.30,6.36,-0.01,176475,1116517,92
2024-10-18,TWSE,9802,鈺齊-KY,118.50,118.50,114.50,116.00,-2.50,478341,55714875,476
2024-10-18,TWSE,9902,台火,17.60,17.70,17.25,17.25,-0.35,348928,6091045,267
2024-10-18,TWSE,9904,寶成,37.25,37.30,36.65,36.85,-0.20,7566737,279478921,3550
2024-10-18,TWSE,9905,大華,23.00,23.05,22.90,22.95,0.00,62477,1435184,65
2024-10-18,TWSE,9906,欣巴巴,133.50,133.50,129.50,131.50,-2.00,1464289,191408576,1247
2024-10-18,TWSE,9907,統一實,16.95,17.05,16.70,16.75,-0.20,1889908,31832886,1024
2024-10-18,TWSE,9908,大台北,30.25,30.35,30.15,30.30,0.05,144411,4367518,138
2024-10-18,TWSE,9910,豐泰,140.50,141.00,139.00,140.00,-1.50,998939,139757972,1181
2024-10-18,TWSE,9911,櫻花,86.70,87.20,86.10,86.40,-0.30,412769,35705080,668
2024-10-18,TWSE,9912,偉聯,12.65,13.20,12.35,12.95,0.35,277431,3572221,217
2024-10-18,TWSE,9914,美利達,192.00,192.00,186.50,189.50,0.50,1262515,238222016,1198
2024-10-18,TWSE,9917,中保科,137.00,138.00,136.00,137.50,1.50,207101,28410394,262
2024-10-18,TWSE,9918,欣天然,41.25,41.30,41.20,41.20,0.65,10274,423625,50
2024-10-18,TWSE,9919,康那香,19.35,19.35,19.10,19.10,-0.20,215190,4134451,173
2024-10-18,TWSE,9921,巨大,189.50,189.50,186.00,187.00,-0.50,1546440,289449063,1898
2024-10-18,TWSE,9924,福興,56.00,56.30,54.50,54.50,-1.50,340915,18814708,351
2024-10-18,TWSE,9925,新保,41.45,41.60,41.40,41.55,0.10,122791,5094593,116
2024-10-18,TWSE,9926,新海,54.10,54.10,53.50,54.00,0.30,15330,826842,21
2024-10-18,TWSE,9927,泰銘,68.60,68.60,67.60,67.70,-0.40,353212,23986056,348
2024-10-18,TWSE,9928,中視,20.60,21.30,20.55,20.55,-0.15,74505,1550972,74
2024-10-18,TWSE,9929,秋雨,16.35,16.35,16.00,16.05,-0.10,4101,66284,10
2024-10-18,TWSE,9930,中聯資源,67.30,68.10,67.20,67.40,0.10,115439,7814079,185
2024-10-18,TWSE,9931,欣高,34.65,34.75,34.30,34.50,0.05,15283,525695,24
2024-10-18,TWSE,9933,中鼎,45.85,46.25,45.35,45.35,-0.45,1393457,63637604,1405
2024-10-18,TWSE,9934,成霖,17.15,17.15,16.85,16.95,-0.15,691037,11722077,323
2024-10-18,TWSE,9935,慶豐富,33.60,33.80,32.85,32.85,-0.90,1493106,49551626,952
2024-10-18,TWSE,9937,全國,64.80,65.70,64.40,65.60,1.60,33447,2182823,45
2024-10-18,TWSE,9938,百和,80.10,80.90,78.00,79.00,-1.10,8865769,701873013,12312
2024-10-18,TWSE,9939,宏全,157.00,157.50,154.50,155.50,-1.50,816648,127218892,1206
2024-10-18,TWSE,9940,信義,30.80,31.20,30.70,30.75,-0.20,504409,15607153,460
2024-10-18,TWSE,9941,裕融,141.50,142.50,141.00,141.50,0.00,501376,71034946,704
2024-10-18,TWSE,9941A,裕融甲特,51.00,51.00,51.00,51.00,0.00,9069,462516,9
2024-10-18,TWSE,9942,茂順,118.00,119.00,117.00,117.50,-0.50,67909,7988177,249
2024-10-18,TWSE,9943,好樂迪,81.80,82.80,81.80,82.00,0.40,41994,3455813,71
2024-10-18,TWSE,9944,新麗,20.45,20.65,20.45,20.65,0.15,87085,1786070,122
2024-10-18,TWSE,9945,潤泰新,48.20,48.65,47.85,48.30,0.10,6272534,303159290,4011
2024-10-18,TWSE,9946,三發地產,25.15,25.15,24.30,24.70,-0.50,1051719,25803403,629
2024-10-18,TWSE,9955,佳龍,35.00,35.40,34.30,35.00,0.65,1943511,67789157,1286
2024-10-18,TWSE,9958,世紀鋼,231.00,240.00,228.00,233.00,2.50,11867250,2775720203,19976
2024-10-18,TPEx,006201,元大富櫃50,24.97,24.97,24.43,24.51,-0.28,92636,2276072,65
2024-10-18,TPEx,00679B,元大美債20年,29.87,29.92,29.86,29.90,-0.42,120618536,3605858701,32612
2024-10-18,TPEx,00687B,國泰20年美債,31.05,31.06,31.02,31.03,-0.44,98863894,3068478095,32360
2024-10-18,TPEx,00694B,富邦美債1-3,41.64,41.65,41.61,41.61,-0.08,73175,3046884,20
2024-10-18,TPEx,00695B,富邦美債7-10,35.97,35.97,35.88,35.94,-0.18,197889,7110034,77
2024-10-18,TPEx,00696B,富邦美債20年,31.97,31.97,31.87,31.89,-0.46,6343704,202319362,1193
2024-10-18,TPEx,00697B,元大美債7-10,36.61,36.61,36.52,36.54,-0.19,400701,14644451,216
2024-10-18,TPEx,00718B,富邦中國政策債,20.85,20.85,20.82,20.82,-0.03,101000,2102850,3
2024-10-18,TPEx,00719B,元大美債1-3,31.60,31.62,31.57,31.61,-0.03,1599052,50532774,456
2024-10-18,TPEx,00720B,元大投資級公司債,36.08,36.08,35.98,36.00,-0.39,16701122,601287726,6737
2024-10-18,TPEx,00722B,群益投資級電信債,40.20,40.34,40.02,40.02,-0.50,3970940,158999158,1033
2024-10-18,TPEx,00723B,群益投資級科技債,34.99,34.99,34.90,34.91,-0.42,130632,4560094,38
2024-10-18,TPEx,00724B,群益投資級金融債,36.45,36.45,36.40,36.43,-0.31,9372242,341273777,723
2024-10-18,TPEx,00725B,國泰投資級公司債,38.06,38.06,38.01,38.04,-0.34,15742557,598695230,5595
2024-10-18,TPEx,00726B,國泰新興投等債,34.85,34.85,34.55,34.63,-0.22,555865,19287644,173
2024-10-18,TPEx,00727B,國泰優選非投等債,40.32,40.39,40.32,40.37,-0.06,108036,4361288,14
2024-10-18,TPEx,00734B,台新JPM新興債,16.20,16.20,16.15,16.20,0.00,504248,8163445,27
2024-10-18,TPEx,00740B,富邦全球投等債,41.24,41.32,41.21,41.25,-0.36,5030755,207472315,1027
2024-10-18,TPEx,00741B,富邦全球非投等債,39.03,39.08,39.03,39.05,-0.05,38178,1491659,48
2024-10-18,TPEx,00746B,富邦A級公司債,37.97,37.97,37.70,37.72,-0.39,750905,28326020,81
2024-10-18,TPEx,00749B,凱基新興債10+,33.15,33.15,33.07,33.12,-0.28,119000,3940140,15
2024-10-18,TPEx,00750B,凱基科技債10+,36.55,36.55,36.47,36.50,-0.45,106106,3873072,10
2024-10-18,TPEx,00751B,元大AAA至A公司債,35.28,35.30,35.18,35.20,-0.45,18671913,657344717,5263
2024-10-18,TPEx,00754B,群益AAA-AA公司債,37.63,37.67,37.63,37.66,-0.50,127730,4810454,34
2024-10-18,TPEx,00755B,群益投資級公用債,35.86,35.88,35.82,35.85,-0.39,477921,17136460,175
2024-10-18,TPEx,00756B,群益投等新興公債,33.80,33.81,33.70,33.71,-0.36,685724,23133764,275
2024-10-18,TPEx,00758B,復華能源債,54.75,54.75,54.75,54.75,-0.50,100001,5475053,3
2024-10-18,TPEx,00759B,復華製藥債,58.85,58.90,58.85,58.90,-0.70,229083,13485760,20
2024-10-18,TPEx,00760B,復華新興企業債,56.90,56.95,56.70,56.70,-0.45,194484,11042945,67
2024-10-18,TPEx,00761B,國泰A級公司債,37.97,37.97,37.85,37.86,-0.43,1246544,47209698,283
2024-10-18,TPEx,00764B,群益25年美債,31.23,31.24,31.18,31.19,-0.46,12760987,398125545,1014
2024-10-18,TPEx,00768B,復華20年美債,56.25,56.30,56.20,56.25,-0.85,595299,33487509,141
2024-10-18,TPEx,00772B,中信高評級公司債,36.63,36.63,36.46,36.49,-0.38,11150716,406966141,3562
2024-10-18,TPEx,00773B,中信優先金融債,38.46,38.46,38.25,38.26,-0.38,9002919,344700056,693
2024-10-18,TPEx,00777B,凱基AAA至A公司債,36.00,36.03,36.00,36.03,-0.49,105000,3783000,7
2024-10-18,TPEx,00778B,凱基金融債20+,37.80,37.80,37.79,37.79,-0.45,101027,3818821,8
2024-10-18,TPEx,00779B,凱基美債25+,31.46,31.46,31.34,31.36,-0.47,1518164,47620030,120
2024-10-18,TPEx,00780B,國泰A級金融債,38.64,38.64,38.53,38.57,-0.20,104584,4033896,18
2024-10-18,TPEx,00781B,國泰A級科技債,32.91,32.91,32.91,32.91,-0.45,101000,3323910,3
2024-10-18,TPEx,00782B,國泰A級公用債,33.93,33.93,33.65,33.67,-0.38,175649,5915312,44
2024-10-18,TPEx,00784B,富邦中國投等債,38.73,38.73,38.73,38.73,+0.04,1081,41852,6
2024-10-18,TPEx,00785B,富邦金融投等債,37.28,37.28,37.04,37.04,-0.37,14108,524963,6
2024-10-18,TPEx,00786B,元大10年IG銀行債,35.28,35.30,35.27,35.29,-0.32,211592,7465564,106
2024-10-18,TPEx,00787B,元大10年IG醫療債,35.30,35.30,35.20,35.23,-0.40,136262,4800976,67
2024-10-18,TPEx,00788B,元大10年IG電能債,32.67,32.67,32.52,32.53,-0.40,230477,7501906,108
2024-10-18,TPEx,00789B,復華公司債A3,54.00,54.00,53.95,53.95,-0.65,111366,6008359,19
2024-10-18,TPEx,00790B,復華次順位金融債,57.85,57.85,57.85,57.85,-0.45,100001,5785057,5
2024-10-18,TPEx,00791B,復華信用債1-5,57.30,57.30,57.30,57.30,-0.10,100149,5738529,7
2024-10-18,TPEx,00792B,群益A級公司債,34.78,34.78,34.75,34.77,-0.41,146593,5095668,77
2024-10-18,TPEx,00793B,群益AAA-A醫療債,33.79,33.79,33.70,33.70,-0.39,108416,3653734,14
2024-10-18,TPEx,00794B,群益7+中國政金債,42.06,42.21,42.00,42.00,-0.07,118000,4964720,9
2024-10-18,TPEx,00795B,中信美國公債20年,30.42,30.43,30.34,30.35,-0.45,25573418,776542380,7350
2024-10-18,TPEx,00799B,國泰A級醫療債,33.69,33.69,33.60,33.60,-0.44,125199,4210150,24
2024-10-18,TPEx,00834B,第一金金融債10+,36.59,36.65,36.59,36.63,-0.33,108090,3958153,10
2024-10-18,TPEx,00836B,永豐10年A公司債,31.70,31.70,31.57,31.57,-0.45,188274,5946836,21
2024-10-18,TPEx,00840B,凱基IG精選15+,33.06,33.06,33.04,33.04,-0.45,101000,3337060,5
2024-10-18,TPEx,00841B,凱基AAA-AA公司債,32.63,32.68,32.62,32.62,-0.43,103001,3365902,7
2024-10-18,TPEx,00842B,台新美元銀行債,34.79,34.79,34.62,34.67,-0.33,116884,4053313,23
2024-10-18,TPEx,00844B,新光15年IG金融債,34.43,34.46,34.43,34.46,-0.34,3001,103354,4
2024-10-18,TPEx,00845B,富邦新興投等債,34.33,34.33,34.33,34.33,-0.18,100357,3445138,4
2024-10-18,TPEx,00846B,富邦歐洲銀行債,37.07,37.08,37.07,37.07,-0.12,102029,3782568,12
2024-10-18,TPEx,00847B,中信美國市政債,28.28,28.28,28.24,28.27,-0.29,309001,8735358,16
2024-10-18,TPEx,00848B,中信新興亞洲債,35.99,35.99,35.94,35.94,-0.30,412001,14813115,23
2024-10-18,TPEx,00849B,中信EM主權債0-5,37.45,37.50,37.45,37.49,-0.06,311654,11682649,17
2024-10-18,TPEx,00853B,統一美債10年Aa-A,30.24,30.24,30.05,30.07,-0.36,981837,29521152,137
2024-10-18,TPEx,00856B,永豐1-3年美公債,38.63,38.68,38.63,38.68,-0.06,154075,5956972,6
2024-10-18,TPEx,00857B,永豐20年美公債,25.87,25.87,25.80,25.81,-0.37,4706184,121523962,1935
2024-10-18,TPEx,00858,永豐美國500大,32.79,32.79,32.72,32.73,+0.04,275894,9030003,193
2024-10-18,TPEx,00859B,群益0-1年美債,42.25,42.25,42.25,42.25,-0.03,104047,4396001,8
2024-10-18,TPEx,00860B,群益1-5Y投資級債,39.07,39.14,39.07,39.14,-0.03,104331,4083301,8
2024-10-18,TPEx,00862B,中信投資級公司債,34.10,34.10,34.02,34.03,-0.41,641164,21819965,122
2024-10-18,TPEx,00863B,中信全球電信債,34.89,34.89,34.87,34.89,-0.40,308000,10744080,12
2024-10-18,TPEx,00864B,中信美國公債0-1,46.19,46.19,46.11,46.14,-0.10,454418,20969484,59
2024-10-18,TPEx,00867B,新光A-BBB電信債,34.30,34.30,34.25,34.25,-0.47,239103,8192631,12
2024-10-18,TPEx,00870B,元大15年EM主權債,30.30,30.30,30.27,30.29,-0.20,95001,2876850,13
2024-10-18,TPEx,00877,復華中國5G,12.40,13.20,12.22,13.06,+0.56,5763001,73418770,1098
2024-10-18,TPEx,00883B,中信ESG投資級債,33.23,33.26,33.22,33.25,-0.32,309890,10301743,95
2024-10-18,TPEx,00884B,中信低碳新興債,31.58,31.58,31.48,31.50,-0.30,458794,14458348,42
2024-10-18,TPEx,00886,永豐美國科技,34.39,34.39,34.14,34.14,-0.01,5816,198652,16
2024-10-18,TPEx,00887,永豐中國科技50大,8.08,8.43,8.00,8.37,+0.16,60794069,493313567,14515
2024-10-18,TPEx,00888,永豐台灣ESG,17.78,17.79,17.51,17.54,+0.13,2462570,43482500,838
2024-10-18,TPEx,00890B,凱基ESG BBB債15+,35.33,35.36,35.31,35.34,-0.40,595676,21050543,49
2024-10-18,TPEx,00928,中信上櫃ESG 30,17.21,17.24,16.94,16.97,-0.17,352784,6010553,424
2024-10-18,TPEx,00931B,統一美債20年,14.92,14.92,14.84,14.85,,26471820,393391687,5880
2024-10-18,TPEx,00933B,國泰10Y+金融債,17.25,17.27,17.23,17.25,-0.15,22054990,380590370,6799
2024-10-18,TPEx,00937B,群益ESG投等債20+,16.27,16.28,16.25,16.26,-0.14,141569266,2301931331,22639
2024-10-18,TPEx,00942B,台新美A公司債20+,15.84,15.86,15.80,15.81,-0.21,16531376,261404737,1794
2024-10-18,TPEx,00948B,中信優息投資級債,10.23,10.23,10.21,10.22,-0.09,175412113,1792796838,9920
2024-10-18,TPEx,00950B,凱基A級公司債,15.42,15.42,15.36,15.38,-0.14,9816239,150937956,1085
2024-10-18,TPEx,00955,中信日本商社,9.84,9.88,9.82,9.84,-0.07,1335162,13148568,580
2024-10-18,TPEx,00957B,兆豐US優選投等債,14.80,14.80,14.77,14.77,-0.16,25600103,378492124,2218
2024-10-18,TPEx,00958B,永豐ESG銀行債15+,9.82,9.82,9.79,9.80,-0.08,5613532,55023636,750
2024-10-18,TPEx,00959B,大華投等美債15Y+,10.11,10.11,10.07,10.09,-0.06,10775562,108599346,1483
2024-10-18,TPEx,020001,富邦存股雙十N,12.19,12.19,12.19,12.19,+0.04,1000,12190,1
2024-10-18,TPEx,02001B,統一美國政府債N,8.41,8.41,8.41,8.41,-0.03,6000,50460,3
2024-10-18,TPEx,020023,元大櫃買半導體N,6.30,6.30,6.12,6.12,-0.16,62000,385920,19
2024-10-18,TPEx,020025,統一亞洲半導體N,10.20,10.20,10.10,10.11,+0.01,43000,435400,12
2024-10-18,TPEx,020027,元大上櫃ESG成長N,6.28,6.28,6.16,6.16,-0.09,235000,1461270,53
2024-10-18,TPEx,020033,統一恒生科期N,3.66,3.81,3.64,3.81,+0.05,701000,2566100,16
2024-10-18,TPEx,020035,元大上櫃ESG高息N,7.21,7.21,7.19,7.19,-0.09,6000,43200,3
2024-10-18,TPEx,020040,元大上櫃ESG龍頭N,5.43,5.43,5.41,5.41,-0.06,23000,124800,5
2024-10-18,TPEx,020041,兆豐半導體氣候N,6.09,6.09,6.09,6.09,-0.05,1000,6090,1
2024-10-18,TPEx,1240,茂生農經,52.40,52.40,52.10,52.30,+0.20,17937,937514,25
2024-10-18,TPEx,1259,安心,68.00,68.00,67.80,67.90,-0.10,6632,450435,20
2024-10-18,TPEx,1264,德麥,314.00,314.00,313.50,314.00,0.00,14891,4671295,315
2024-10-18,TPEx,1268,漢來美食,155.00,156.00,154.00,154.50,-0.50,44146,6859791,99
2024-10-18,TPEx,1294,漢田生技,96.80,97.50,95.60,96.80,-0.20,57614,5544796,81
2024-10-18,TPEx,1336,台翰,25.55,25.55,24.60,24.60,-0.65,425162,10617424,270
2024-10-18,TPEx,1565,精華,213.00,214.50,209.00,212.00,+2.00,486590,102943238,3261
2024-10-18,TPEx,1569,濱川,39.05,40.00,38.20,38.75,-0.10,3563023,138719468,2013
2024-10-18,TPEx,1570,力肯,28.95,29.10,28.30,28.40,-0.40,259549,7423385,177
2024-10-18,TPEx,1580,新麥,146.00,146.00,143.50,144.50,-1.50,110633,15982763,217
2024-10-18,TPEx,1584,精剛,35.00,35.00,34.05,34.10,-0.65,2642060,90813083,1483
2024-10-18,TPEx,1586,和勤,32.60,32.70,32.00,32.15,+0.05,302688,9762312,264
2024-10-18,TPEx,1591,駿吉-KY,46.10,47.80,45.80,45.80,-0.30,238998,11136701,210
2024-10-18,TPEx,1593,祺驊,39.40,39.50,39.00,39.05,-0.25,40671,1596943,43
2024-10-18,TPEx,1595,川寶,70.90,74.20,70.00,74.20,+6.70,10989842,799696045,4576
2024-10-18,TPEx,1599,宏佳騰,32.35,32.35,32.00,32.00,0.00,10103,324957,76
2024-10-18,TPEx,1742,台蠟,17.85,18.75,17.80,18.50,+0.70,378493,6947333,210
2024-10-18,TPEx,1777,生泰,95.40,95.40,94.90,95.40,-0.10,31116,2960927,39
2024-10-18,TPEx,1781,合世,16.60,16.60,16.05,16.15,-0.25,52105,851004,43
2024-10-18,TPEx,1784,訊聯,94.70,95.30,93.00,93.10,-1.10,268776,25206163,322
2024-10-18,TPEx,1785,光洋科,66.70,67.20,64.10,64.20,-1.90,19406364,1273123707,15365
2024-10-18,TPEx,1788,杏昌,139.00,139.00,138.50,138.50,0.00,8630,1198625,55
2024-10-18,TPEx,1796,金穎生技,53.80,53.80,51.50,51.50,-0.40,30662,1595173,36
2024-10-18,TPEx,1799,易威,120.00,120.00,110.00,110.00,-12.00,851990,96961679,922
2024-10-18,TPEx,1813,寶利徠,19.35,19.40,19.25,19.40,+0.05,31778,615662,99
2024-10-18,TPEx,1815,富喬,22.10,22.15,21.45,21.50,-0.40,5252900,113703088,2655
2024-10-18,TPEx,2035,唐榮,33.00,33.00,32.65,32.95,-0.05,19006,625798,19
2024-10-18,TPEx,2061,風青,23.65,23.65,22.05,22.60,-1.15,367827,8368862,240
2024-10-18,TPEx,2063,世鎧,39.45,39.45,39.00,39.05,-0.35,41571,1627125,47
2024-10-18,TPEx,2064,晉椿,15.80,16.00,15.70,15.80,0.00,38000,598700,15
2024-10-18,TPEx,2065,世豐,58.50,58.50,58.30,58.40,-0.20,81217,4742076,182
2024-10-18,TPEx,2066,世德,106.50,106.50,104.50,104.50,-2.00,65277,6873980,64
2024-10-18,TPEx,2067,嘉鋼,10.15,10.40,10.15,10.15,-0.25,38653,396432,31
2024-10-18,TPEx,2070,精湛,99.50,101.50,96.20,97.50,+0.50,5200379,512649479,4878
2024-10-18,TPEx,2073,雄順,,,,,,30,885,3
2024-10-18,TPEx,2221,大甲,28.65,28.65,28.55,28.55,-0.05,16058,459468,16
2024-10-18,TPEx,2230,泰茂,164.00,164.00,161.50,164.00,+1.00,539019,87752624,393
2024-10-18,TPEx,2235,謚源,48.90,48.90,48.90,48.90,+0.30,3050,149120,13
2024-10-18,TPEx,2596,綠意,36.75,36.90,36.30,36.30,-0.60,73654,2693424,125
2024-10-18,TPEx,2640,大車隊,114.00,114.00,113.50,113.50,-0.50,24780,2818986,65
2024-10-18,TPEx,2641,正德,19.00,19.00,18.75,18.75,-0.25,1236692,23323627,647
2024-10-18,TPEx,2643,捷迅,73.50,73.60,72.20,73.60,+0.20,61182,4461868,84
2024-10-18,TPEx,2718,晶悅,97.50,97.50,91.00,91.30,-6.00,157524,14714703,249
2024-10-18,TPEx,2719,燦星旅,47.60,48.00,47.45,47.50,-0.05,22002,1049044,21
2024-10-18,TPEx,2724,藝舍-KY,34.90,35.80,33.50,35.80,-0.20,8000,273850,8
2024-10-18,TPEx,2726,雅茗-KY,29.00,29.20,28.00,28.60,-0.70,14210,409050,34
2024-10-18,TPEx,2729,瓦城,203.00,204.00,203.00,203.50,0.00,14200,2888314,238
2024-10-18,TPEx,2732,六角,105.00,105.50,103.50,103.50,-1.50,60405,6295154,107
2024-10-18,TPEx,2734,易飛網,27.20,27.40,27.15,27.20,0.00,48692,1325279,52
2024-10-18,TPEx,2736,富野,19.30,19.30,19.05,19.05,-0.15,52697,1008004,70
2024-10-18,TPEx,2740,天蔥,,,,,,0,0,0
2024-10-18,TPEx,2743,山富,105.00,108.50,105.00,106.00,+1.00,351130,37480790,356
2024-10-18,TPEx,2745,五福,93.00,98.80,92.70,94.70,+2.00,722379,69305134,695
2024-10-18,TPEx,2751,王座,68.50,68.70,67.50,67.50,-1.10,40521,2759157,81
2024-10-18,TPEx,2752,豆府,253.00,253.00,252.00,252.00,-1.00,5622,1420738,21
2024-10-18,TPEx,2754,亞洲藏壽司,94.50,94.50,93.10,93.70,0.00,20507,1921758,46
2024-10-18,TPEx,2755,揚秦,98.00,98.00,97.70,97.90,-0.30,5019,490860,27
2024-10-18,TPEx,2756,聯發國際,82.70,83.00,82.50,82.80,0.00,35843,2924290,309
2024-10-18,TPEx,2916,滿心,49.40,49.50,49.25,49.35,-0.25,39677,1959482,59
2024-10-18,TPEx,2924,宏太-KY,35.00,35.00,35.00,35.00,0.00,3000,105000,3
2024-10-18,TPEx,2926,誠品生活,53.30,53.50,53.00,53.20,-0.60,12018,639172,12
2024-10-18,TPEx,2937,集雅社,36.75,36.75,35.10,36.45,0.00,32076,1141872,23
2024-10-18,TPEx,2941,米斯特,77.50,77.50,77.50,77.50,0.00,1100,85249,3
2024-10-18,TPEx,2947,振宇五金,85.30,85.30,84.10,84.10,-0.30,4677,396238,23
2024-10-18,TPEx,2948,寶陞,57.00,57.00,56.50,56.50,-1.10,2019,114584,3
2024-10-18,TPEx,2949,欣新網,,,,,,0,0,0
2024-10-18,TPEx,3064,泰偉,75.20,80.90,75.10,80.90,-0.30,4112,317031,13
2024-10-18,TPEx,3066,李洲,32.15,32.65,31.10,31.20,-1.50,2598025,82029514,1795
2024-10-18,TPEx,3067,全域,31.00,32.00,31.00,32.00,+0.70,4500,145599,10
2024-10-18,TPEx,3071,協禧,33.90,33.95,32.50,32.50,-1.05,988841,32808020,797
2024-10-18,TPEx,3073,天方能源,72.90,72.90,68.50,69.20,-2.50,225992,15833276,290
2024-10-18,TPEx,3078,僑威,64.60,64.60,63.10,63.10,-0.90,475591,30242613,531
2024-10-18,TPEx,3081,聯亞,340.00,340.00,333.00,339.50,+3.00,617878,208464207,749
2024-10-18,TPEx,3083,網龍,44.55,44.55,43.55,43.85,-0.05,276337,12133370,206
2024-10-18,TPEx,3085,新零售,20.55,21.50,20.55,21.20,+0.10,22005,465747,10
2024-10-18,TPEx,3086,華義,212.50,212.50,199.00,202.00,-5.50,259663,52829903,337
2024-10-18,TPEx,3088,艾訊,97.80,98.70,96.80,97.20,+0.10,515227,50309654,997
2024-10-18,TPEx,3093,港建*,31.20,31.30,30.15,30.35,-0.50,312230,9558170,279
2024-10-18,TPEx,3095,及成,52.80,53.00,50.80,52.40,+0.50,43503,2254876,82
2024-10-18,TPEx,3105,穩懋,133.00,133.50,129.00,129.50,-1.50,2122422,276363585,2263
2024-10-18,TPEx,3114,好德,26.25,26.30,25.75,25.75,-0.15,98274,2541080,63
2024-10-18,TPEx,3115,富榮綱,9.55,9.55,9.54,9.54,+0.27,2002,19108,4
2024-10-18,TPEx,3118,進階,32.10,32.25,32.00,32.20,+0.05,23428,752414,40
2024-10-18,TPEx,3122,笙泉,37.05,37.20,35.65,35.75,-0.85,257441,9290223,305
2024-10-18,TPEx,3128,昇銳,28.90,28.90,28.30,28.45,-0.35,82525,2353797,81
2024-10-18,TPEx,3131,弘塑,1750.00,1795.00,1620.00,1640.00,-70.00,1435586,2425958240,4323
2024-10-18,TPEx,3141,晶宏,88.40,89.00,86.10,86.50,-1.30,661320,57566796,858
2024-10-18,TPEx,3147,大綜,149.50,151.00,143.50,143.50,-4.50,408284,59617530,422
2024-10-18,TPEx,3152,璟德,175.50,175.50,171.00,171.00,-5.00,90202,15569521,701
2024-10-18,TPEx,3162,精確,43.60,43.65,40.20,40.80,-1.65,7794636,323274604,4267
2024-10-18,TPEx,3163,波若威,164.00,165.00,158.00,158.00,-4.50,5734940,917294801,5242
2024-10-18,TPEx,3169,亞信,109.50,109.50,106.00,106.50,-2.00,148506,15948881,157
2024-10-18,TPEx,3171,炎洲流通,41.40,41.40,41.00,41.00,-0.35,38728,1595541,39
2024-10-18,TPEx,3176,基亞,38.05,38.05,37.05,37.15,-0.55,163479,6108302,146
2024-10-18,TPEx,3178,公準,82.00,82.00,79.00,79.00,-1.70,62921,5038218,99
2024-10-18,TPEx,3188,鑫龍騰,31.50,31.50,30.15,30.20,-0.75,536653,16353798,361
2024-10-18,TPEx,3191,雲嘉南,18.40,18.55,18.35,18.55,+0.10,9835,180376,78
2024-10-18,TPEx,3202,樺晟,16.00,16.00,15.55,15.55,-0.25,316045,4955681,214
2024-10-18,TPEx,3205,佰研,37.75,37.95,37.50,37.50,-0.25,23526,886594,42
2024-10-18,TPEx,3206,志豐,47.60,47.70,47.05,47.55,-0.05,52292,2474850,57
2024-10-18,TPEx,3207,耀勝,137.00,137.50,135.50,135.50,-1.50,356756,48537753,292
2024-10-18,TPEx,3211,順達,105.00,105.00,103.50,104.50,0.00,422478,44021068,440
2024-10-18,TPEx,3213,茂訊,96.50,96.50,95.10,95.30,-1.00,377171,36072911,376
2024-10-18,TPEx,3217,優群,151.00,151.00,147.50,148.00,-1.50,454218,67714405,586
2024-10-18,TPEx,3218,大學光,226.50,227.50,223.50,224.00,-2.50,220358,49549796,938
2024-10-18,TPEx,3219,倚強科,54.50,55.10,50.60,50.90,-3.40,181865,9486425,248
2024-10-18,TPEx,3221,台嘉碩,26.95,27.10,26.55,26.65,-0.15,188417,5052682,164
2024-10-18,TPEx,3224,三顧,49.25,49.70,48.70,48.70,-0.70,110309,5408988,84
2024-10-18,TPEx,3226,至寶電,51.90,51.90,51.30,51.50,-0.30,10436,536866,9
2024-10-18,TPEx,3227,原相,252.50,253.00,245.00,247.00,-2.50,2371762,588884432,3794
2024-10-18,TPEx,3228,金麗科,235.00,237.00,226.00,226.00,-6.00,856050,196014350,1174
2024-10-18,TPEx,3230,錦明,61.70,62.30,56.40,57.00,-4.70,4394545,257392395,3056
2024-10-18,TPEx,3232,昱捷,28.95,28.95,28.10,28.20,-0.75,217261,6159699,171
2024-10-18,TPEx,3234,光環,53.30,53.30,51.00,52.00,-0.80,1217010,63356722,1036
2024-10-18,TPEx,3236,千如,21.20,21.25,20.80,21.15,+0.05,158199,3333878,148
2024-10-18,TPEx,3252,海灣,20.00,20.05,19.95,19.95,-0.10,29254,584928,34
2024-10-18,TPEx,3259,鑫創,27.60,27.70,27.50,27.60,-0.65,6026,166264,9
2024-10-18,TPEx,3260,威剛,89.00,89.00,88.00,88.50,0.00,1511784,133623636,1253
2024-10-18,TPEx,3264,欣銓,58.10,58.30,57.10,57.10,-0.30,2028158,116814966,1586
2024-10-18,TPEx,3265,台星科,121.00,121.00,116.00,116.00,-3.50,1333313,156357515,1265
2024-10-18,TPEx,3268,海德威,28.00,29.35,27.60,27.60,-0.10,459470,12979433,409
2024-10-18,TPEx,3272,東碩,29.60,29.60,29.40,29.40,-0.20,24414,720020,24
2024-10-18,TPEx,3276,宇環,15.90,16.05,15.65,15.70,-0.10,85821,1360826,72
2024-10-18,TPEx,3284,太普高,38.05,38.05,37.20,37.55,-0.55,443072,16633062,550
2024-10-18,TPEx,3285,微端,29.80,29.80,28.50,28.50,-1.15,134990,3915738,285
2024-10-18,TPEx,3287,廣寰科,35.75,39.15,35.75,38.50,+2.90,1630795,62647995,1212
2024-10-18,TPEx,3288,點晶,25.85,26.20,25.15,25.60,-0.05,31679,816929,33
2024-10-18,TPEx,3289,宜特,188.00,190.00,184.00,187.00,+1.50,2927345,548581822,3313
2024-10-18,TPEx,3290,東浦,36.30,37.80,35.20,37.00,+1.20,11537704,427885227,5557
2024-10-18,TPEx,3293,鈊象,1090.00,1105.00,1065.00,1080.00,0.00,3058139,3307424760,8774
2024-10-18,TPEx,3294,英濟,31.55,31.80,31.00,31.00,-0.40,504723,15787870,414
2024-10-18,TPEx,3297,杭特,27.30,27.45,25.60,25.60,-0.95,214165,5595288,223
2024-10-18,TPEx,3303,岱稜,57.30,57.80,56.50,57.40,+0.10,1187544,67922113,903
2024-10-18,TPEx,3306,鼎天,59.00,59.70,57.30,57.80,-0.70,540233,31428326,632
2024-10-18,TPEx,3310,佳穎,82.50,83.40,82.50,83.40,+0.90,9000,749000,9
2024-10-18,TPEx,3313,斐成,16.45,16.45,15.90,15.95,-0.45,178649,2872355,251
2024-10-18,TPEx,3317,尼克森,48.15,48.45,46.80,47.05,-0.80,188961,8938463,811
2024-10-18,TPEx,3322,建舜電,19.30,19.30,18.85,18.90,-0.30,484842,9221344,277
2024-10-18,TPEx,3323,加百裕,24.35,24.35,23.90,23.90,-0.45,109100,2624640,171
2024-10-18,TPEx,3324,雙鴻,743.00,758.00,734.00,740.00,+5.00,4723182,3526991631,7605
2024-10-18,TPEx,3325,旭品,23.95,23.95,23.10,23.10,-0.60,299248,6986924,232
2024-10-18,TPEx,3332,幸康,40.35,42.20,40.35,41.70,+1.00,80018,3304983,31
2024-10-18,TPEx,3339,泰谷,43.30,43.75,42.70,43.05,-0.85,1407525,60665385,1113
2024-10-18,TPEx,3349,寶德,26.00,26.00,26.00,26.00,0.00,11040,287043,9
2024-10-18,TPEx,3354,律勝,28.05,30.90,27.55,30.10,+2.00,5974089,180464023,3164
2024-10-18,TPEx,3357,臺慶科,130.50,131.50,128.00,128.00,-2.50,305315,39440959,244
2024-10-18,TPEx,3360,尚立,17.80,18.00,17.40,17.70,-0.10,560498,9870331,347
2024-10-18,TPEx,3362,先進光,239.00,239.00,231.50,232.50,-5.50,1127864,263490833,1478
2024-10-18,TPEx,3363,上詮,237.50,238.00,231.50,231.50,-3.50,1394488,326930367,1614
2024-10-18,TPEx,3372,典範,17.85,17.85,17.10,17.15,-0.50,459339,7958646,398
2024-10-18,TPEx,3373,熱映,23.65,23.70,23.50,23.50,-0.10,33188,782431,42
2024-10-18,TPEx,3374,精材,242.00,246.00,226.50,226.50,-8.00,17001549,3999103881,33205
2024-10-18,TPEx,3379,彬台,39.35,40.15,37.75,38.25,-1.35,2689824,104659606,1752
2024-10-18,TPEx,3388,崇越電,72.20,72.30,72.10,72.10,+0.40,24717,1783372,33
2024-10-18,TPEx,3390,旭軟,30.00,30.00,29.35,29.40,-0.35,569450,16874214,354
2024-10-18,TPEx,3402,漢科,104.50,106.00,102.50,102.50,-1.00,409101,42550629,410
2024-10-18,TPEx,3426,台興,52.40,52.70,52.30,52.70,-0.10,13456,706813,26
2024-10-18,TPEx,3430,奇鈦科,77.90,81.40,75.30,80.40,+3.20,2990867,238670981,2644
2024-10-18,TPEx,3434,哲固,28.00,28.00,27.60,28.00,+0.15,46449,1291228,53
2024-10-18,TPEx,3438,類比科,75.20,75.20,73.40,74.00,-0.60,167214,12410669,174
2024-10-18,TPEx,3441,聯一光,40.35,40.40,39.05,39.05,-0.80,683023,27108818,780
2024-10-18,TPEx,3444,利機,91.80,91.90,88.00,88.20,-2.60,314674,28327429,342
2024-10-18,TPEx,3455,由田,135.50,137.50,133.00,133.50,+0.50,1080618,146076995,1068
2024-10-18,TPEx,3465,進泰電子,61.50,63.10,61.50,63.10,+1.00,4001,249561,5
2024-10-18,TPEx,3466,德晉,82.50,82.50,80.20,81.50,+1.20,1402437,113979832,1792
2024-10-18,TPEx,3479,安勤,107.00,108.00,104.50,104.50,-2.00,123180,13132347,113
2024-10-18,TPEx,3483,力致,175.00,175.00,168.50,169.50,-3.00,1948724,334237522,2606
2024-10-18,TPEx,3484,崧騰,55.80,55.80,54.10,54.50,-0.60,337853,18446588,350
2024-10-18,TPEx,3489,森寶,24.60,25.10,22.85,23.20,-1.60,481562,11547952,305
2024-10-18,TPEx,3490,單井,33.15,34.20,32.40,32.45,-0.20,660706,22010882,572
2024-10-18,TPEx,3491,昇達科,313.50,314.00,301.00,306.50,-7.00,2229245,679154159,2821
2024-10-18,TPEx,3492,長盛,27.70,27.90,27.15,27.35,-0.05,308477,8453383,206
2024-10-18,TPEx,3498,陽程,73.80,75.60,68.70,69.70,-3.60,12292848,877317858,8379
2024-10-18,TPEx,3499,環天科,21.95,21.95,21.10,21.40,-0.35,428707,9137962,291
2024-10-18,TPEx,3508,位速,26.90,27.30,26.05,26.05,-0.85,224906,5967170,210
2024-10-18,TPEx,3511,矽瑪,36.05,36.05,34.70,34.80,-1.25,1422013,50163346,1121
2024-10-18,TPEx,3512,皇龍,33.45,34.00,33.00,33.20,-0.15,111323,3710134,96
2024-10-18,TPEx,3516,亞帝歐,27.40,27.40,27.05,27.05,-0.35,98960,2693361,152
2024-10-18,TPEx,3520,華盈,21.00,21.00,20.65,20.75,-0.15,267133,5555647,223
2024-10-18,TPEx,3521,鴻翊,18.75,18.75,18.00,18.00,-0.40,94902,1726367,221
2024-10-18,TPEx,3522,御嵿,25.60,25.80,24.70,24.95,-0.50,862586,21722326,618
2024-10-18,TPEx,3523,迎輝,23.95,24.50,23.90,24.35,+0.40,35215,851970,28
2024-10-18,TPEx,3526,凡甲,285.00,285.00,277.50,277.50,-6.00,521373,145437209,765
2024-10-18,TPEx,3527,聚積,80.50,80.50,79.00,79.00,-1.30,49045,3914355,61
2024-10-18,TPEx,3529,力旺,3190.00,3215.00,3005.00,3045.00,-145.00,840242,2582318585,1998
2024-10-18,TPEx,3531,先益,30.00,30.00,29.85,29.85,-0.15,4000,119550,4
2024-10-18,TPEx,3537,堡達,64.00,64.00,61.50,61.60,-1.30,636226,39510194,1599
2024-10-18,TPEx,3540,曜越,38.90,38.90,37.70,37.70,-0.80,225767,8584161,410
2024-10-18,TPEx,3541,西柏,29.20,29.20,29.05,29.05,-0.10,10317,300632,21
2024-10-18,TPEx,3546,宇峻,78.60,79.00,78.40,78.50,-0.10,70272,5528602,152
2024-10-18,TPEx,3548,兆利,166.00,167.00,161.00,161.00,-4.50,839840,136850105,1082
2024-10-18,TPEx,3551,世禾,121.50,126.50,117.50,123.50,+5.00,8465019,1041698190,6921
2024-10-18,TPEx,3552,同致,83.90,83.90,81.30,81.60,-1.90,244184,20059197,444
2024-10-18,TPEx,3555,博士旺,30.80,30.80,29.45,29.90,-1.40,32672,975121,112
2024-10-18,TPEx,3556,禾瑞亞,48.40,48.40,48.00,48.05,-0.25,49978,2409882,222
2024-10-18,TPEx,3558,神準,157.00,157.00,149.50,150.00,-5.50,263623,39868519,441
2024-10-18,TPEx,3564,其陽,98.30,98.30,93.90,93.90,-3.40,1194378,114392493,1299
2024-10-18,TPEx,3567,逸昌,33.00,33.00,32.60,32.60,-0.40,25688,843295,40
2024-10-18,TPEx,3570,大塚,146.00,147.00,144.00,144.00,-1.50,28505,4143729,116
2024-10-18,TPEx,3577,泓格,68.80,68.80,65.50,65.50,-1.80,112367,7443310,306
2024-10-18,TPEx,3580,友威科,97.80,99.00,92.20,92.20,-5.30,4119578,390663724,4428
2024-10-18,TPEx,3581,博磊,59.50,64.00,58.20,63.50,+5.30,8591445,536900090,6303
2024-10-18,TPEx,3587,閎康,278.00,280.00,276.00,277.00,+3.00,631784,175468123,1387
2024-10-18,TPEx,3594,磐儀,41.40,41.40,40.20,40.25,-0.80,259986,10557189,229
2024-10-18,TPEx,3597,映興,31.65,31.85,30.50,31.00,-0.65,467771,14550674,338
2024-10-18,TPEx,3609,三一東林,36.15,36.60,36.00,36.15,+0.15,63104,2288105,35
2024-10-18,TPEx,3611,鼎翰,219.50,219.50,218.00,218.50,-1.00,27309,5974666,508
2024-10-18,TPEx,3615,安可,34.70,37.40,33.70,36.35,+1.45,28880571,1044085803,16064
2024-10-18,TPEx,3623,富晶通,28.60,28.60,27.50,27.50,-0.50,124549,3477985,146
2024-10-18,TPEx,3624,光頡,51.00,51.00,50.00,50.00,-0.70,246901,12413170,364
2024-10-18,TPEx,3625,西勝,12.00,12.05,11.90,11.90,-0.20,70963,846749,60
2024-10-18,TPEx,3628,盈正,42.50,42.85,42.50,42.80,+0.15,34700,1477807,149
2024-10-18,TPEx,3629,地心引力,,,,,,0,0,0
2024-10-18,TPEx,3630,新鉅科,26.65,26.70,26.15,26.50,-0.10,201679,5328555,120
2024-10-18,TPEx,3631,晟楠,44.00,44.90,43.80,44.20,+0.30,194000,8571350,116
2024-10-18,TPEx,3632,研勤,14.30,14.30,14.30,14.30,0.00,19804,283262,39
2024-10-18,TPEx,3646,艾恩特,30.05,30.05,29.85,30.05,+0.15,26007,779106,27
2024-10-18,TPEx,3663,鑫科,85.30,86.50,81.40,83.30,-1.20,3703848,310419544,3899
2024-10-18,TPEx,3664,安瑞-KY,23.55,24.60,23.50,23.65,-0.25,73129,1734111,57
2024-10-18,TPEx,3666,光耀,29.50,30.20,29.50,29.50,+0.10,60711,1805218,125
2024-10-18,TPEx,3672,康聯訊,20.00,20.00,19.90,19.95,0.00,16021,319380,20
2024-10-18,TPEx,3675,德微,301.50,316.00,297.50,309.00,+13.00,1916014,591558021,3981
2024-10-18,TPEx,3680,家登,575.00,581.00,563.00,565.00,0.00,1077454,613854132,1587
2024-10-18,TPEx,3684,榮昌,45.25,45.95,44.50,44.50,-0.60,25936,1169094,230
2024-10-18,TPEx,3685,元創精密,17.65,17.85,17.50,17.75,-0.10,55156,971176,43
2024-10-18,TPEx,3687,歐買尬,103.00,103.50,99.10,99.10,-2.40,365473,36851047,670
2024-10-18,TPEx,3689,湧德,92.40,93.10,89.50,89.50,-2.40,2623752,238850561,2473
2024-10-18,TPEx,3691,碩禾,103.50,103.50,97.90,98.20,-5.30,876010,86837647,1018
2024-10-18,TPEx,3693,營邦,330.00,330.00,320.00,320.50,-4.50,208230,67497523,449
2024-10-18,TPEx,3707,漢磊,53.30,53.80,52.10,52.10,-0.80,1204649,63336679,1030
2024-10-18,TPEx,3709,鑫聯大投控,32.25,34.50,30.55,30.85,-1.35,1168219,37883826,888
2024-10-18,TPEx,3710,連展投控,15.95,15.95,15.05,15.10,-0.75,8281824,126336384,3301
2024-10-18,TPEx,3713,新晶投控,22.35,22.55,22.25,22.45,+0.10,24076,539551,24
2024-10-18,TPEx,4102,永日,37.45,37.45,36.85,37.25,+0.20,55573,2058469,63
2024-10-18,TPEx,4105,東洋,74.20,74.20,73.70,73.70,-0.30,306322,22617423,314
2024-10-18,TPEx,4107,邦特,125.00,126.50,125.00,125.50,+0.50,70148,8819728,111
2024-10-18,TPEx,4109,加捷生醫,26.05,26.05,25.65,25.70,-0.35,542131,14003033,356
2024-10-18,TPEx,4111,濟生,26.05,26.05,25.95,26.00,-0.05,36764,955959,65
2024-10-18,TPEx,4113,聯上,32.70,32.70,31.00,31.10,-1.40,960271,30246797,847
2024-10-18,TPEx,4114,健喬,36.95,36.95,36.65,36.75,-0.10,781667,28733532,757
2024-10-18,TPEx,4116,明基醫,52.00,52.00,51.20,51.60,-0.50,41375,2139953,50
2024-10-18,TPEx,4120,友華,48.80,48.80,47.55,48.55,+0.45,29828,1432581,96
2024-10-18,TPEx,4121,優盛,18.30,18.30,18.00,18.05,-0.15,79769,1442650,82
2024-10-18,TPEx,4123,晟德,47.95,48.00,47.20,47.30,-0.40,977132,46510209,975
2024-10-18,TPEx,4126,太醫,89.90,89.90,88.60,89.00,-0.90,39860,3548690,124
2024-10-18,TPEx,4127,天良,34.30,34.60,34.10,34.50,-0.10,78129,2688607,77
2024-10-18,TPEx,4128,中天,39.55,39.80,39.25,39.35,+0.10,555333,21893894,584
2024-10-18,TPEx,4129,聯合,95.70,96.70,95.20,95.30,-0.70,149439,14324432,192
2024-10-18,TPEx,4130,健亞,22.45,22.45,22.20,22.25,-0.05,77889,1737913,89
2024-10-18,TPEx,4131,浩泰,29.25,29.50,29.25,29.30,-2.30,6711,197029,11
2024-10-18,TPEx,4138,曜亞,89.40,89.50,89.20,89.20,-0.10,25900,2314402,77
2024-10-18,TPEx,4139,馬光-KY,30.50,30.65,30.50,30.65,+0.40,24000,732700,16
2024-10-18,TPEx,4147,中裕,75.00,75.50,73.40,73.60,-1.40,329616,24455563,620
2024-10-18,TPEx,4153,鈺緯,44.80,45.25,43.80,43.85,-0.75,126990,5613954,138
2024-10-18,TPEx,4154,樂威科-KY,18.55,18.65,18.50,18.65,+0.05,8690,161515,8
2024-10-18,TPEx,4157,太景*-KY,14.35,14.35,14.15,14.20,-0.15,558402,7953432,406
2024-10-18,TPEx,4160,訊聯基因,88.50,89.20,86.00,87.20,-1.30,115789,10097962,195
2024-10-18,TPEx,4161,聿新科,36.60,36.65,35.85,36.15,-0.25,216508,7824490,195
2024-10-18,TPEx,4162,智擎,88.30,88.80,86.80,86.80,-1.50,318725,27925302,317
2024-10-18,TPEx,4163,鐿鈦,113.00,114.00,113.00,113.50,0.00,10754,1220473,30
2024-10-18,TPEx,4167,松瑞藥,21.50,21.50,21.10,21.15,-0.35,692134,14727347,542
2024-10-18,TPEx,4168,醣聯,25.80,25.85,25.65,25.70,-0.05,91356,2352267,84
2024-10-18,TPEx,4171,瑞基,29.10,29.10,28.25,28.70,-0.35,128999,3692205,228
2024-10-18,TPEx,4173,久裕,21.00,21.00,20.85,20.90,-0.10,41817,874414,45
2024-10-18,TPEx,4174,浩鼎,68.20,69.80,66.80,66.80,-0.20,1802171,122911836,2022
2024-10-18,TPEx,4175,杏一,70.80,70.80,70.50,70.60,-0.10,39387,2784994,314
2024-10-18,TPEx,4183,福永生技,23.70,23.70,23.50,23.50,-0.70,43872,1034284,22
2024-10-18,TPEx,4188,安克,22.45,22.45,22.05,22.05,-0.15,16050,355702,15
2024-10-18,TPEx,4192,杏國,37.30,37.30,37.20,37.30,+0.10,15267,568380,16
2024-10-18,TPEx,4198,欣大健康,31.40,32.15,31.40,32.15,-0.15,3144,99631,21
2024-10-18,TPEx,4205,中華食,89.50,89.50,89.00,89.10,-0.50,28898,2576971,179
2024-10-18,TPEx,4207,環泰,16.75,16.90,16.70,16.85,+0.10,125280,2103098,113
2024-10-18,TPEx,4303,信立,49.00,49.60,48.00,48.65,-0.20,3044588,148244235,1848
2024-10-18,TPEx,4304,勝昱,9.80,9.90,9.80,9.90,0.00,6000,59100,4
2024-10-18,TPEx,4305,世坤,46.10,46.50,46.00,46.00,0.00,10067,464032,11
2024-10-18,TPEx,4401,東隆興,23.35,23.35,23.15,23.25,+0.10,49748,1157626,46
2024-10-18,TPEx,4402,郡都開發,28.55,29.25,28.15,28.75,-0.75,259950,7420037,214
2024-10-18,TPEx,4406,新昕纖,10.85,11.05,10.85,11.00,+0.10,31000,340750,14
2024-10-18,TPEx,4413,飛寶企業,18.40,18.40,18.05,18.10,-0.40,32000,581100,13
2024-10-18,TPEx,4416,三圓,91.00,91.90,89.50,89.60,-3.00,61146,5518575,125
2024-10-18,TPEx,4417,金洲,39.70,39.80,39.70,39.70,0.00,43443,1726449,184
2024-10-18,TPEx,4419,皇家美食,50.30,50.40,50.30,50.40,-1.00,4041,203384,10
2024-10-18,TPEx,4420,光明,51.70,51.90,51.10,51.70,0.00,132847,6830591,350
2024-10-18,TPEx,4430,耀億,21.80,21.85,21.80,21.80,-0.05,15554,339612,64
2024-10-18,TPEx,4432,銘旺實,23.85,23.90,23.55,23.90,+0.10,40220,956829,25
2024-10-18,TPEx,4433,興采,29.05,29.10,28.90,28.90,-0.15,21501,623772,78
2024-10-18,TPEx,4442,竣邦-KY,35.00,35.35,34.00,34.00,-1.70,106266,3646826,49
2024-10-18,TPEx,4502,健信,25.70,25.80,25.60,25.60,0.00,45268,1160107,62
2024-10-18,TPEx,4503,金雨,51.00,51.00,49.50,49.70,-0.80,83647,4173045,87
2024-10-18,TPEx,4506,崇友,101.00,101.00,99.60,99.60,-1.40,68110,6819797,127
2024-10-18,TPEx,4510,高鋒,48.00,49.00,45.70,47.70,+1.50,55451930,2626616012,31111
2024-10-18,TPEx,4513,福裕,44.10,44.70,42.40,42.70,-1.45,2820725,121904841,2459
2024-10-18,TPEx,4523,永彰,40.80,40.90,39.70,39.90,-0.80,344679,13838620,298
2024-10-18,TPEx,4527,方土霖,55.50,56.50,54.20,54.20,-2.00,328356,18153414,257
2024-10-18,TPEx,4528,江興鍛,29.45,29.45,29.20,29.20,-0.20,9102,266873,84
2024-10-18,TPEx,4529,淳紳,8.10,8.10,7.41,7.51,-0.19,80552,630956,47
2024-10-18,TPEx,4530,宏易,10.50,10.50,10.30,10.50,0.00,61094,638369,29
2024-10-18,TPEx,4533,協易機,42.10,42.70,41.00,41.10,-0.30,8689259,363077103,5178
2024-10-18,TPEx,4534,慶騰,24.30,24.30,23.05,23.15,-1.15,1016845,23891317,733
2024-10-18,TPEx,4535,至興,34.80,34.80,34.40,34.45,0.00,5678,196462,78
2024-10-18,TPEx,4538,大詠城,21.00,21.00,20.50,20.60,-0.30,114211,2361422,76
2024-10-18,TPEx,4541,晟田,30.80,30.80,29.85,30.20,0.00,572587,17377460,390
2024-10-18,TPEx,4542,科嶠,116.00,120.00,105.50,106.50,-7.00,17575776,1976255044,12034
2024-10-18,TPEx,4543,萬在,50.60,51.10,48.80,48.80,-0.90,314532,15640125,352
2024-10-18,TPEx,4549,桓達,162.50,162.50,157.50,161.00,+0.50,394798,62731569,414
2024-10-18,TPEx,4550,長佳,25.85,25.90,25.65,25.80,-0.05,36650,944051,41
2024-10-18,TPEx,4554,橙的,29.00,29.00,28.80,28.95,+0.15,5243,151403,18
2024-10-18,TPEx,4556,旭然,35.30,35.30,34.15,34.20,-0.90,27385,950731,41
2024-10-18,TPEx,4558,寶緯,27.30,28.35,27.25,27.70,+0.45,105500,2923512,68
2024-10-18,TPEx,4561,健椿,75.00,78.70,74.80,78.70,+7.10,9026265,697756944,5779
2024-10-18,TPEx,4563,百德,112.50,113.00,105.50,105.50,-5.50,2595307,281197350,2026
2024-10-18,TPEx,4568,科際精密,53.10,53.10,52.80,52.90,-0.20,12422,657663,16
2024-10-18,TPEx,4577,達航科技,22.50,22.75,21.30,21.30,-1.00,201864,4427912,167
2024-10-18,TPEx,4580,捷流閥業,96.30,96.40,96.10,96.10,-0.20,31354,3018853,57
2024-10-18,TPEx,4584,君帆,64.20,64.60,64.20,64.30,-2.10,6120,394356,8
2024-10-18,TPEx,4609,唐鋒,8.30,8.30,7.47,7.47,-0.83,169218,1289029,71
2024-10-18,TPEx,4702,中美實,12.90,12.90,12.75,12.80,-0.05,23828,305634,105
2024-10-18,TPEx,4706,大恭,29.85,29.85,29.80,29.80,-0.25,4132,123226,7
2024-10-18,TPEx,4707,磐亞,14.90,14.90,14.70,14.70,-0.15,433382,6406335,302
2024-10-18,TPEx,4711,永純,17.50,18.10,17.35,17.70,+0.25,401150,7091460,293
2024-10-18,TPEx,4714,永捷,19.60,19.65,19.20,19.25,-0.30,1053351,20385916,757
2024-10-18,TPEx,4716,大立,28.85,28.85,27.30,27.60,-0.80,4051032,113137305,2610
2024-10-18,TPEx,4721,美琪瑪,70.70,70.70,68.80,69.00,-1.30,223112,15468612,301
2024-10-18,TPEx,4726,永昕,49.90,50.00,48.95,49.00,-0.70,832826,41207764,738
2024-10-18,TPEx,4728,雙美,262.00,267.00,261.00,262.50,-1.00,8076,2122351,21
2024-10-18,TPEx,4729,熒茂,29.25,32.05,29.15,32.05,+2.90,19903721,630459533,7802
2024-10-18,TPEx,4735,豪展,42.25,42.25,42.20,42.20,-0.05,3085,130285,16
2024-10-18,TPEx,4741,泓瀚,41.70,42.30,41.35,41.60,+0.40,18002,753232,19
2024-10-18,TPEx,4743,合一,141.00,141.00,138.50,139.00,-1.00,593645,82886811,1074
2024-10-18,TPEx,4744,皇將,21.85,21.90,21.65,21.65,-0.25,88847,1931030,125
2024-10-18,TPEx,4745,合富-KY,23.25,23.25,22.50,22.80,-0.25,55415,1265437,64
2024-10-18,TPEx,4747,強生,69.70,69.70,68.50,69.50,+0.10,37252,2579083,68
2024-10-18,TPEx,4754,國碳科,41.55,41.55,41.05,41.05,-0.40,14893,614865,78
2024-10-18,TPEx,4760,勤凱,143.50,146.50,137.50,138.00,-6.00,644791,91201097,861
2024-10-18,TPEx,4767,誠泰科技,35.95,35.95,35.90,35.90,-0.05,16000,574450,11
2024-10-18,TPEx,4768,晶呈科技,239.50,239.50,225.50,226.00,-6.00,677734,156018108,2276
2024-10-18,TPEx,4772,台特化,172.00,176.50,170.00,172.50,+4.50,1574748,273259679,1731
2024-10-18,TPEx,4806,桂田文創,13.40,13.70,13.40,13.70,+0.30,8711,116765,13
2024-10-18,TPEx,4903,聯光通,53.90,54.30,51.10,51.10,-2.60,11447302,599050507,8061
2024-10-18,TPEx,4905,台聯電,90.50,90.50,89.80,89.80,-0.70,20565,1853514,53
2024-10-18,TPEx,4907,富宇,68.90,68.90,65.50,66.30,-2.40,189609,12732511,232
2024-10-18,TPEx,4908,前鼎,112.00,114.00,104.00,107.50,-3.00,6444681,700912580,4712
2024-10-18,TPEx,4909,新復興,154.50,155.00,140.50,145.50,-9.00,15092619,2207977406,10837
2024-10-18,TPEx,4911,德英,60.00,60.70,59.50,60.10,0.00,42049,2523177,64
2024-10-18,TPEx,4923,力士,38.45,38.65,38.15,38.30,-0.35,19749,758180,84
2024-10-18,TPEx,4924,欣厚-KY,19.80,20.15,19.15,19.70,-0.10,91000,1784600,51
2024-10-18,TPEx,4931,新盛力,35.50,35.75,34.60,35.20,-0.30,420130,14828827,395
2024-10-18,TPEx,4933,友輝,69.30,69.30,67.90,68.40,-0.90,492841,33704070,551
2024-10-18,TPEx,4939,亞電,21.70,21.85,21.25,21.35,-0.35,326163,6980087,200
2024-10-18,TPEx,4945,陞達科技,85.10,85.10,83.00,83.20,-1.60,102047,8555670,111
2024-10-18,TPEx,4946,辣椒,38.80,38.80,37.35,37.95,-0.05,14397,549110,70
2024-10-18,TPEx,4950,牧東,12.80,13.00,12.55,13.00,0.00,129007,1640443,59
2024-10-18,TPEx,4951,精拓科,72.60,72.60,70.50,70.60,-2.00,294907,21045753,207
2024-10-18,TPEx,4953,緯軟,120.00,120.00,118.00,118.00,-2.00,181307,21560364,321
2024-10-18,TPEx,4966,譜瑞-KY,745.00,752.00,717.00,718.00,-24.00,866204,631841476,2012
2024-10-18,TPEx,4971,IET-KY,81.40,84.20,79.50,81.50,+0.80,1636297,133227892,1319
2024-10-18,TPEx,4972,湯石照明,26.20,26.20,26.00,26.10,-0.15,72987,1906946,250
2024-10-18,TPEx,4973,廣穎,31.70,31.70,31.25,31.25,-0.35,132032,4153069,107
2024-10-18,TPEx,4974,亞泰,97.90,97.90,95.50,95.50,-1.70,662902,63673777,588
2024-10-18,TPEx,4979,華星光,152.50,155.00,140.00,145.00,-9.00,28049603,4106491793,18841
2024-10-18,TPEx,4987,科誠,70.90,71.40,70.50,71.00,+0.10,12563,889960,40
2024-10-18,TPEx,4991,環宇-KY,65.90,67.00,62.50,63.90,-1.10,2055972,133268485,1400
2024-10-18,TPEx,4995,晶達,79.00,79.50,79.00,79.00,0.00,11255,891337,16
2024-10-18,TPEx,5009,榮剛,46.25,46.25,45.55,45.55,-0.20,2142955,97980380,1266
2024-10-18,TPEx,5011,久陽,23.15,23.25,22.90,23.00,-0.10,363223,8376819,231
2024-10-18,TPEx,5013,強新,34.35,34.35,34.00,34.10,-0.25,29728,1018269,26
2024-10-18,TPEx,5014,建錩,18.30,18.50,18.00,18.50,+0.10,2009114,36792043,1072
2024-10-18,TPEx,5015,華祺,40.90,41.00,40.85,41.00,-0.10,20197,826679,35
2024-10-18,TPEx,5016,松和,,,,,,0,0,0
2024-10-18,TPEx,5201,凱衛,27.20,27.20,27.05,27.10,-0.25,15442,418528,21
2024-10-18,TPEx,5202,力新,25.85,26.70,25.10,25.90,-0.30,3558799,91910045,2114
2024-10-18,TPEx,5205,中茂,,,,,,0,0,0
2024-10-18,TPEx,5206,坤悅,40.00,40.00,38.30,38.30,-0.95,67550,2639854,101
2024-10-18,TPEx,5209,新鼎,177.00,177.00,176.50,176.50,-0.50,6981,1235238,652
2024-10-18,TPEx,5210,寶碩,31.80,32.30,30.95,31.50,-0.20,293529,9274078,190
2024-10-18,TPEx,5211,蒙恬,25.75,27.60,25.75,26.25,+1.15,1091013,29480823,800
2024-10-18,TPEx,5212,凌網,60.00,60.10,60.00,60.10,+0.20,15698,941857,47
2024-10-18,TPEx,5213,亞昕,31.85,31.90,31.45,31.45,-0.40,543875,17178757,483
2024-10-18,TPEx,5220,萬達光電,26.60,26.60,26.05,26.05,-0.55,22038,576749,20
2024-10-18,TPEx,5223,安力-KY,32.00,32.45,31.55,31.75,-0.40,14012,447131,13
2024-10-18,TPEx,5227,立凱-KY,32.90,32.90,32.50,32.65,-0.30,36533,1192991,360
2024-10-18,TPEx,5228,鈺鎧,21.65,21.70,21.65,21.70,0.00,4000,86700,4
2024-10-18,TPEx,5230,雷笛克光學,38.15,38.20,36.80,37.30,-1.05,4069444,151781666,2749
2024-10-18,TPEx,5236,凌陽創新,191.50,192.50,184.50,187.50,-3.00,1341879,252354603,1853
2024-10-18,TPEx,5245,智晶,36.60,37.15,36.20,37.15,+0.60,29095,1061212,34
2024-10-18,TPEx,5251,天鉞電,29.35,29.85,28.55,28.55,-0.75,128628,3724557,150
2024-10-18,TPEx,5263,智崴,190.00,192.00,186.00,191.00,-1.00,930168,176045359,916
2024-10-18,TPEx,5272,笙科,33.50,33.65,32.75,32.75,-0.65,472211,15622510,300
2024-10-18,TPEx,5274,信驊,4445.00,4500.00,4250.00,4275.00,-60.00,447128,1945489720,1851
2024-10-18,TPEx,5276,達輝-KY,18.60,19.20,18.50,18.50,-0.35,66293,1241910,54
2024-10-18,TPEx,5278,尚凡,271.00,286.50,271.00,281.00,+11.00,72757,20429155,701
2024-10-18,TPEx,5287,數字,186.50,187.00,186.00,186.50,0.00,24075,4488249,123
2024-10-18,TPEx,5289,宜鼎,272.50,273.00,267.00,268.50,-1.50,256641,69134958,626
2024-10-18,TPEx,5291,邑昇,28.10,28.10,27.50,27.95,+0.15,28143,782525,25
2024-10-18,TPEx,5299,杰力,101.00,101.00,99.10,99.10,-1.90,121349,12081250,155
2024-10-18,TPEx,5301,寶得利,8.30,8.43,8.30,8.43,-0.04,17006,142248,16
2024-10-18,TPEx,5302,太欣,11.30,11.40,11.05,11.15,-0.10,206723,2318600,98
2024-10-18,TPEx,5309,系統電,37.00,37.00,35.70,35.80,-0.60,930701,33791746,785
2024-10-18,TPEx,5310,天剛,48.80,48.80,48.20,48.20,-0.60,39010,1893263,29
2024-10-18,TPEx,5312,寶島科,101.50,101.50,100.50,100.50,0.00,20755,2092221,39
2024-10-18,TPEx,5314,世紀,229.00,230.50,218.50,222.50,-5.50,265592,59087665,885
2024-10-18,TPEx,5315,光聯,18.95,18.95,18.85,18.90,0.00,140474,2652893,142
2024-10-18,TPEx,5321,美而快,63.90,64.60,63.40,63.50,-0.10,45361,2885653,203
2024-10-18,TPEx,5324,士開,12.20,12.40,12.00,12.00,-0.15,225453,2727325,123
2024-10-18,TPEx,5328,華容,15.90,15.90,15.45,15.50,-0.30,459328,7187753,279
2024-10-18,TPEx,5340,建榮,45.35,45.65,44.15,44.15,-1.10,630288,28207342,504
2024-10-18,TPEx,5344,立衛,20.00,20.50,19.65,19.85,0.00,67657,1348125,93
2024-10-18,TPEx,5345,天揚,26.50,27.00,26.35,27.00,+0.30,11637,308952,18
2024-10-18,TPEx,5347,世界,104.50,105.00,98.20,98.20,-4.80,18264899,1827558789,15778
2024-10-18,TPEx,5348,正能量智能,26.50,26.80,26.35,26.50,0.00,8183,216513,17
2024-10-18,TPEx,5351,鈺創,40.05,40.05,38.55,38.75,-1.00,2525801,98834633,1951
2024-10-18,TPEx,5353,台林,31.95,32.00,31.50,31.55,-0.45,65543,2076087,78
2024-10-18,TPEx,5355,佳總,11.70,11.75,11.55,11.75,-0.05,142119,1657630,90
2024-10-18,TPEx,5356,協益,36.55,36.80,36.50,36.65,0.00,122459,4484261,141
2024-10-18,TPEx,5364,力麗店,37.60,40.65,37.60,39.55,+2.00,298736,11746718,261
2024-10-18,TPEx,5371,中光電,75.20,75.30,73.20,73.20,-1.30,1109449,81891852,1245
2024-10-18,TPEx,5381,合正,27.40,27.40,26.90,26.90,-0.40,413932,11194493,306
2024-10-18,TPEx,5386,青雲,90.30,90.60,87.50,87.50,-2.60,792211,70385948,1466
2024-10-18,TPEx,5392,能率,33.00,33.65,31.40,31.60,-1.05,7773041,252790868,4535
2024-10-18,TPEx,5398,慕康生醫,18.45,18.45,18.00,18.15,-0.25,100868,1834150,131
2024-10-18,TPEx,5403,中菲,117.50,117.50,115.50,116.00,-1.00,46468,5405450,112
2024-10-18,TPEx,5410,國眾,33.30,33.55,33.10,33.55,+0.35,139550,4661406,119
2024-10-18,TPEx,5425,台半,63.00,63.10,61.70,61.70,-0.70,570925,35484344,699
2024-10-18,TPEx,5426,振發,28.65,28.80,27.50,27.50,-1.00,897677,25083569,612
2024-10-18,TPEx,5432,新門,270.00,271.50,265.50,269.50,+1.50,388612,104468876,410
2024-10-18,TPEx,5438,東友,30.20,30.85,27.85,28.30,-1.20,8943797,260337559,4989
2024-10-18,TPEx,5439,高技,90.40,90.70,88.20,88.80,-1.20,1475981,132353958,1035
2024-10-18,TPEx,5443,均豪,135.50,137.50,130.50,131.50,-1.50,9825382,1314355519,7767
2024-10-18,TPEx,5450,南良,18.55,18.80,18.45,18.55,0.00,35304,657342,28
2024-10-18,TPEx,5452,佶優,43.00,44.05,40.60,42.50,+0.35,31731460,1341916483,18407
2024-10-18,TPEx,5455,昇益,65.90,65.90,62.50,62.50,-1.80,2229,141658,4
2024-10-18,TPEx,5457,宣德,52.30,52.30,50.60,50.80,-1.50,498093,25570917,358
2024-10-18,TPEx,5460,同協,17.60,17.65,16.95,17.00,-0.40,721742,12374427,490
2024-10-18,TPEx,5464,霖宏,27.20,27.25,26.85,26.85,-0.25,58646,1582253,56
2024-10-18,TPEx,5465,富驊,34.10,34.25,33.15,33.15,-0.85,172077,5786046,183
2024-10-18,TPEx,5468,凱鈺,23.70,23.70,23.50,23.55,+0.05,21432,504377,41
2024-10-18,TPEx,5474,聰泰,181.50,181.50,173.00,173.50,-7.50,963372,170498586,2963
2024-10-18,TPEx,5475,德宏,13.85,13.85,13.35,13.45,-0.30,453870,6148579,232
2024-10-18,TPEx,5478,智冠,131.00,132.00,130.00,130.00,-1.00,79018,10341278,351
2024-10-18,TPEx,5481,新華,28.00,28.75,27.70,28.75,+0.50,1337069,37856848,891
2024-10-18,TPEx,5483,中美晶,167.50,167.50,162.00,162.00,-4.00,3489203,573376669,4073
2024-10-18,TPEx,5487,通泰,37.70,38.35,37.70,38.35,+0.65,14011,532902,24
2024-10-18,TPEx,5488,松普,13.75,13.80,13.35,13.40,-0.25,539307,7297758,257
2024-10-18,TPEx,5489,彩富,42.00,42.75,41.40,42.25,+0.80,18000,759600,18
2024-10-18,TPEx,5490,同亨,25.60,25.60,24.95,24.95,-0.60,137241,3459171,227
2024-10-18,TPEx,5493,三聯,99.00,99.00,95.20,95.20,-1.80,275445,26751248,1107
2024-10-18,TPEx,5498,凱崴,13.65,13.65,13.30,13.30,-0.30,430127,5763237,271
2024-10-18,TPEx,5508,永信建,222.00,224.00,219.00,223.50,-1.00,1058093,234305743,1630
2024-10-18,TPEx,5511,德昌,59.40,59.80,59.20,59.50,-0.70,78254,4653714,388
2024-10-18,TPEx,5512,力麒,10.40,10.40,10.25,10.30,-0.10,1281371,13216588,637
2024-10-18,TPEx,5514,三豐,21.30,21.30,21.20,21.25,-0.15,10011,212420,17
2024-10-18,TPEx,5516,雙喜,18.25,18.25,17.45,17.50,-0.65,215219,3823690,118
2024-10-18,TPEx,5520,力泰,80.70,80.70,80.70,80.70,0.00,5118,413016,10
2024-10-18,TPEx,5523,豐謙,31.00,31.00,30.90,31.00,0.00,15340,475252,15
2024-10-18,TPEx,5529,鉅陞,25.30,25.75,25.30,25.50,-0.30,63995,1634154,46
2024-10-18,TPEx,5530,龍巖,46.65,48.95,46.65,47.00,+0.60,749712,35891919,656
2024-10-18,TPEx,5536,聖暉*,332.00,337.50,326.50,326.50,0.00,607438,201329162,1023
2024-10-18,TPEx,5543,桓鼎-KY,23.00,24.00,21.80,22.00,-0.30,119274,2704881,87
2024-10-18,TPEx,5548,安倉,33.55,33.90,33.15,33.65,+0.20,26238,880228,108
2024-10-18,TPEx,5601,台聯櫃,,,,,,227,7831,1
2024-10-18,TPEx,5603,陸海,30.85,31.10,30.10,30.80,+0.10,1153666,35447175,647
2024-10-18,TPEx,5604,中連,42.20,42.30,41.70,42.05,-0.15,33231,1398688,35
2024-10-18,TPEx,5609,中菲行,85.40,86.40,83.30,83.30,-2.30,793205,66662992,547
2024-10-18,TPEx,5701,劍湖山,4.87,4.87,4.78,4.79,-0.07,27812,134111,42
2024-10-18,TPEx,5703,亞都,18.90,19.45,18.90,19.45,+0.45,17527,338898,40
2024-10-18,TPEx,5704,老爺知,40.80,40.80,40.25,40.25,+0.05,12280,496256,15
2024-10-18,TPEx,5864,致和證,18.00,18.10,17.95,18.10,+0.10,467978,8445482,183
2024-10-18,TPEx,5878,台名,47.00,47.00,46.95,46.95,-0.65,12134,570248,12
2024-10-18,TPEx,5902,德記,40.60,40.60,39.00,39.15,-0.05,26701,1054983,24
2024-10-18,TPEx,5903,全家,190.00,190.00,188.00,188.00,-0.50,43687,8237548,144
2024-10-18,TPEx,5904,寶雅,529.00,529.00,522.00,524.00,-4.00,170961,89672635,1027
2024-10-18,TPEx,5905,南仁湖,16.00,16.00,15.40,15.45,-0.35,3291044,51195784,1395
2024-10-18,TPEx,6015,宏遠證,11.70,11.80,11.55,11.70,+0.05,816586,9554153,258
2024-10-18,TPEx,6016,康和證,14.15,14.20,14.10,14.10,0.00,899823,12727917,495
2024-10-18,TPEx,6020,大展證,19.10,19.10,19.10,19.10,0.00,1000,19100,1
2024-10-18,TPEx,6021,美好證,25.20,25.65,25.05,25.05,+0.05,109020,2758151,56
2024-10-18,TPEx,6023,元大期,88.10,89.40,88.00,88.40,-0.50,38410,3401286,209
2024-10-18,TPEx,6026,福邦證,13.05,13.25,13.05,13.15,+0.10,808992,10641372,329
2024-10-18,TPEx,6101,寬魚國際,36.95,37.00,36.35,36.70,-0.25,187091,6869803,179
2024-10-18,TPEx,6103,合邦,52.20,52.20,52.20,52.20,+0.90,1000,52200,1
2024-10-18,TPEx,6104,創惟,145.00,145.50,138.50,143.50,0.00,6756481,961862084,4831
2024-10-18,TPEx,6109,亞元,14.30,14.35,14.15,14.15,-0.10,212341,3019952,90
2024-10-18,TPEx,6111,大宇資,62.60,62.60,60.30,60.30,-1.60,446025,27185526,578
2024-10-18,TPEx,6113,亞矽,25.95,26.80,25.60,25.60,-0.25,304935,7957347,273
2024-10-18,TPEx,6114,久威,40.35,41.90,39.05,40.50,+0.85,960594,39202436,729
2024-10-18,TPEx,6118,建達,23.85,24.25,23.40,23.40,-0.35,552875,13140437,377
2024-10-18,TPEx,6121,新普,365.00,367.00,361.00,361.00,-2.50,315562,114946706,481
2024-10-18,TPEx,6122,擎邦,51.90,51.90,51.00,51.50,+0.50,312882,16077153,313
2024-10-18,TPEx,6123,上奇,60.40,60.40,60.00,60.20,-0.10,75969,4565187,188
2024-10-18,TPEx,6124,業強,39.35,41.90,38.05,40.25,+1.05,2066036,83766578,1368
2024-10-18,TPEx,6125,廣運,95.90,96.70,92.80,93.20,-1.40,6599914,624264168,7532
2024-10-18,TPEx,6126,信音,32.65,32.75,31.80,31.85,-0.60,1200230,38605611,981
2024-10-18,TPEx,6127,九豪,29.15,29.60,28.45,28.75,-0.15,3312914,95865488,2255
2024-10-18,TPEx,6129,普誠,22.05,22.05,21.25,21.25,-0.75,607074,13107070,406
2024-10-18,TPEx,6130,上亞科技,27.50,28.70,27.50,28.70,+0.55,3113,87375,63
2024-10-18,TPEx,6134,萬旭,42.15,42.45,39.60,39.90,-1.65,4942032,201246525,3263
2024-10-18,TPEx,6138,茂達,207.50,207.50,201.00,201.50,-4.50,1439244,292065392,1390
2024-10-18,TPEx,6140,訊達,25.30,25.35,24.60,24.65,-0.65,196324,4874054,311
2024-10-18,TPEx,6143,振曜,137.00,137.00,133.00,133.00,-4.00,1925289,258763654,2078
2024-10-18,TPEx,6144,得利影,119.00,120.00,110.00,119.50,-0.50,375805,43493268,417
2024-10-18,TPEx,6146,耕興,222.00,223.00,217.00,217.00,-4.50,193546,42364661,1460
2024-10-18,TPEx,6147,頎邦,64.40,64.40,63.60,63.60,-0.30,1890213,120779260,1714
2024-10-18,TPEx,6148,驊宏資,29.65,29.95,29.00,29.80,+0.30,253019,7451053,253
2024-10-18,TPEx,6150,撼訊,71.30,71.40,69.90,70.10,-0.80,217255,15298668,258
2024-10-18,TPEx,6151,晉倫,46.25,50.60,45.80,50.60,+4.60,12420289,614383817,5683
2024-10-18,TPEx,6154,順發,16.20,16.20,16.15,16.15,+0.05,11378,184290,40
2024-10-18,TPEx,6156,松上,37.20,37.65,35.10,36.20,-1.00,7008881,252626572,3197
2024-10-18,TPEx,6158,禾昌,30.85,30.90,30.70,30.90,0.00,74089,2281350,108
2024-10-18,TPEx,6160,欣技,26.35,26.35,25.70,26.10,+0.05,326276,8496114,237
2024-10-18,TPEx,6163,華電網,24.95,24.95,24.20,24.20,-0.40,1288621,31466069,755
2024-10-18,TPEx,6167,久正,16.05,16.05,15.65,15.65,-0.25,454694,7191256,365
2024-10-18,TPEx,6169,昱泉,20.90,22.00,20.85,22.00,+2.00,191377,4184244,131
2024-10-18,TPEx,6170,統振,46.05,46.05,44.80,44.80,-0.90,410556,18549197,277
2024-10-18,TPEx,6171,大城地產,38.20,38.20,37.45,37.85,-0.75,33635,1267300,66
2024-10-18,TPEx,6173,信昌電,48.10,48.35,47.40,47.45,-0.65,262139,12525709,264
2024-10-18,TPEx,6174,安碁,22.25,22.35,21.75,21.75,-0.30,99151,2178919,88
2024-10-18,TPEx,6175,立敦,37.05,37.05,36.20,36.30,-0.60,134905,4917118,172
2024-10-18,TPEx,6179,亞通,34.35,34.70,33.70,34.00,-0.35,2041420,69604449,1756
2024-10-18,TPEx,6180,橘子,77.40,77.50,76.80,76.90,+0.10,376520,29036739,346
2024-10-18,TPEx,6182,合晶,30.30,30.35,29.90,29.90,-0.15,1491414,44698675,968
2024-10-18,TPEx,6185,幃翔,15.20,15.20,15.05,15.10,-0.05,51886,783190,66
2024-10-18,TPEx,6186,新潤,67.00,67.00,64.70,65.30,-1.30,735931,48223067,1105
2024-10-18,TPEx,6187,萬潤,471.00,471.00,434.00,450.00,-19.00,2603927,1161634759,3017
2024-10-18,TPEx,6188,廣明,104.50,105.00,100.00,101.00,-1.50,4344216,445205272,3784
2024-10-18,TPEx,6190,萬泰科,37.55,37.90,36.50,36.60,-0.95,976495,36244005,817
2024-10-18,TPEx,6194,育富,41.05,41.20,40.45,40.45,-0.65,290951,11854369,361
2024-10-18,TPEx,6195,詩肯,38.00,38.25,38.00,38.20,+0.05,34576,1320101,88
2024-10-18,TPEx,6198,瑞築,38.65,39.55,38.60,38.70,-0.60,84480,3291032,48
2024-10-18,TPEx,6199,天品,51.60,55.30,51.50,55.30,+5.00,132597,7254604,84
2024-10-18,TPEx,6203,海韻電,69.90,70.00,69.20,69.20,-0.20,90862,6307543,116
2024-10-18,TPEx,6204,艾華,90.90,90.90,87.90,88.20,-2.70,220599,19656141,386
2024-10-18,TPEx,6207,雷科,75.50,76.00,72.70,73.00,-1.40,2508154,185107199,2422
2024-10-18,TPEx,6208,日揚,62.30,62.30,60.00,60.00,-1.30,196753,11923417,1596
2024-10-18,TPEx,6210,慶生,24.70,24.70,24.55,24.60,-0.40,17387,428208,24
2024-10-18,TPEx,6212,理銘,65.50,66.90,64.80,64.80,-1.20,12081,791872,14
2024-10-18,TPEx,6217,中探針,46.00,46.15,45.20,45.45,-0.35,383603,17445517,373
2024-10-18,TPEx,6218,豪勉,32.80,35.00,32.40,32.80,+0.55,5004943,169332343,3513
2024-10-18,TPEx,6219,富旺,39.90,39.95,38.00,38.00,-1.55,656841,25335931,657
2024-10-18,TPEx,6220,岳豐,25.75,25.95,25.45,25.70,-0.05,298433,7671297,202
2024-10-18,TPEx,6221,晉泰,66.60,67.80,66.60,67.10,-0.90,38352,2570903,79
2024-10-18,TPEx,6222,上揚,29.25,29.30,28.75,28.95,-0.40,19000,554050,12
2024-10-18,TPEx,6223,旺矽,857.00,859.00,818.00,827.00,-12.00,2784546,2322742332,3962
2024-10-18,TPEx,6227,茂綸,67.90,68.90,65.70,65.70,-2.30,156602,10412861,227
2024-10-18,TPEx,6228,全譜,45.25,46.80,45.25,46.80,+0.70,27607,1280849,29
2024-10-18,TPEx,6229,研通,36.70,36.95,36.05,36.05,-0.65,282659,10290386,235
2024-10-18,TPEx,6231,系微,559.00,579.00,554.00,573.00,+8.00,1947707,1105645398,2473
2024-10-18,TPEx,6233,旺玖,33.80,33.80,32.20,32.20,-1.05,414465,13556824,441
2024-10-18,TPEx,6234,高僑,27.55,29.70,27.50,28.50,+1.20,4684745,133806044,3143
2024-10-18,TPEx,6236,中湛,,,,,,0,0,0
2024-10-18,TPEx,6237,驊訊,52.80,52.80,51.20,51.30,-0.90,469313,24288081,550
2024-10-18,TPEx,6240,松崗,22.75,22.90,22.75,22.80,+0.05,12770,291232,10
2024-10-18,TPEx,6241,易通展,22.20,22.20,21.05,21.25,-1.05,1383660,29718206,902
2024-10-18,TPEx,6242,立康,44.10,44.10,43.80,44.05,-0.05,8129,357190,30
2024-10-18,TPEx,6244,茂迪,25.10,25.35,24.45,24.45,-0.60,1526171,37819762,1359
2024-10-18,TPEx,6245,立端,92.60,92.80,91.10,91.40,-1.00,311160,28558514,428
2024-10-18,TPEx,6246,臺龍,25.80,26.60,25.70,25.90,-0.10,305360,7974163,274
2024-10-18,TPEx,6248,沛波,30.95,31.15,30.65,30.70,-0.25,774770,23861929,525
2024-10-18,TPEx,6259,百徽,20.05,21.10,20.00,20.30,+0.40,53833,1107378,74
2024-10-18,TPEx,6261,久元,67.60,67.70,67.00,67.10,-0.20,253130,17032552,219
2024-10-18,TPEx,6263,普萊德,171.00,171.00,168.00,168.00,-2.00,180823,30556856,782
2024-10-18,TPEx,6264,富裔,10.55,10.60,9.96,10.10,-0.25,117447,1190552,91
2024-10-18,TPEx,6265,方土昶,12.45,12.45,12.25,12.35,+0.10,251171,3095256,155
2024-10-18,TPEx,6266,泰詠,32.40,32.65,32.10,32.15,-0.45,260868,8425521,384
2024-10-18,TPEx,6270,倍微,28.95,29.95,28.35,28.85,+0.30,1062161,31014947,727
2024-10-18,TPEx,6274,台燿,170.00,170.50,165.00,165.00,-3.50,7257199,1214331323,6420
2024-10-18,TPEx,6275,元山,51.00,51.00,49.50,49.85,-0.55,246985,12354390,219
2024-10-18,TPEx,6276,安鈦克,42.25,42.25,40.80,41.25,-0.25,25147,1047510,88
2024-10-18,TPEx,6279,胡連,172.00,173.50,170.50,171.00,-1.00,572284,98162662,1041
2024-10-18,TPEx,6284,佳邦,91.90,92.60,89.30,89.40,-2.50,2002023,181295938,1729
2024-10-18,TPEx,6287,元隆,13.95,13.95,13.70,13.70,-0.25,15558,215742,9
2024-10-18,TPEx,6290,良維,82.10,82.30,79.90,79.90,-2.00,4359281,351472572,3549
2024-10-18,TPEx,6291,沛亨,117.50,118.00,110.00,110.50,-5.00,196970,22391870,275
2024-10-18,TPEx,6292,迅德,64.10,64.10,63.10,63.20,-0.80,104321,6623727,122
2024-10-18,TPEx,6294,智基,97.00,97.00,96.60,97.00,+0.20,14736,1427014,56
2024-10-18,TPEx,6411,晶焱,100.50,101.00,97.50,97.60,-2.40,516020,50867407,506
2024-10-18,TPEx,6417,韋僑,110.00,110.00,107.50,108.00,-2.00,80133,8688236,105
2024-10-18,TPEx,6418,詠昇,22.30,22.35,21.85,22.10,-0.05,178082,3923657,111
2024-10-18,TPEx,6419,京晨科,115.00,115.50,110.50,110.50,-2.50,131888,14810899,185
2024-10-18,TPEx,6425,易發,85.50,89.80,84.60,89.20,+5.10,9723176,851718890,7348
2024-10-18,TPEx,6432,今展科,32.45,32.50,32.20,32.50,+0.05,35296,1141347,111
2024-10-18,TPEx,6435,大中,105.50,105.50,100.50,101.00,-3.50,156336,15979931,259
2024-10-18,TPEx,6441,廣錠,46.15,46.15,45.00,45.00,-1.00,226763,10279315,201
2024-10-18,TPEx,6457,紘康,66.40,70.90,64.90,68.40,+2.20,1576924,107291555,1402
2024-10-18,TPEx,6461,益得,29.00,29.15,28.90,29.00,0.00,82766,2400591,67
2024-10-18,TPEx,6462,神盾,214.50,214.50,203.50,203.50,-9.50,2405352,498372067,2896
2024-10-18,TPEx,6465,威潤,22.55,22.55,22.35,22.35,-0.20,16073,359638,17
2024-10-18,TPEx,6469,大樹,184.50,184.50,179.00,179.50,-2.50,241588,43496257,1330
2024-10-18,TPEx,6470,宇智,52.50,52.60,51.40,51.60,-0.80,110386,5733656,112
2024-10-18,TPEx,6482,弘煜科,49.85,50.00,49.00,49.70,+0.50,11379,563268,15
2024-10-18,TPEx,6485,點序,60.60,60.60,59.00,59.20,-1.20,90618,5398985,146
2024-10-18,TPEx,6486,互動,86.80,87.40,86.40,86.80,+0.10,84868,7356604,164
2024-10-18,TPEx,6488,環球晶,442.50,442.50,429.50,430.00,-8.50,1922086,836067198,4297
2024-10-18,TPEx,6492,生華科,50.50,50.60,49.75,50.00,-0.50,232782,11667940,230
2024-10-18,TPEx,6494,九齊,59.80,59.80,58.00,58.00,-1.20,47730,2804507,67
2024-10-18,TPEx,6496,科懋,29.35,29.35,29.20,29.25,-0.05,10958,321496,47
2024-10-18,TPEx,6499,益安,44.35,44.70,44.35,44.60,-0.40,31499,1401035,38
2024-10-18,TPEx,6506,雙邦,19.45,19.45,19.00,19.05,-0.20,266549,5098397,189
2024-10-18,TPEx,6508,惠光,30.90,31.15,30.90,31.00,0.00,44499,1379769,117
2024-10-18,TPEx,6509,聚和,40.50,40.65,40.10,40.35,0.00,788597,31853772,962
2024-10-18,TPEx,6510,精測,584.00,586.00,560.00,561.00,-19.00,673931,383750115,1346
2024-10-18,TPEx,6512,啟發電,22.45,22.45,22.30,22.45,0.00,14118,316151,27
2024-10-18,TPEx,6516,勤崴國際,71.00,71.20,70.60,71.00,+0.30,43118,3055263,55
2024-10-18,TPEx,6517,保勝光學,80.50,80.60,77.60,77.60,-2.30,671989,52933779,744
2024-10-18,TPEx,6523,達爾膚,148.00,148.00,146.50,147.00,-1.00,26711,3927635,76
2024-10-18,TPEx,6527,明達醫,88.60,89.80,88.00,88.50,-0.10,33633,2977801,95
2024-10-18,TPEx,6530,創威,84.20,84.80,78.90,79.20,-4.30,10757209,872957591,7653
2024-10-18,TPEx,6532,瑞耘,72.70,78.90,72.60,77.80,+6.00,6633573,516436224,4416
2024-10-18,TPEx,6535,順藥,320.50,323.00,317.00,318.00,-1.50,416696,133288967,902
2024-10-18,TPEx,6538,倉和,130.00,130.00,127.00,127.00,-3.00,213710,27371462,299
2024-10-18,TPEx,6542,隆中,58.00,58.00,57.20,58.00,-0.40,14416,830316,14
2024-10-18,TPEx,6546,正基,162.50,163.00,153.00,153.00,-8.50,5076242,793278201,3990
2024-10-18,TPEx,6547,高端疫苗,43.25,43.50,42.05,42.20,-1.20,1192902,50839597,1276
2024-10-18,TPEx,6548,長科*,38.45,38.45,37.55,37.65,-0.45,2315044,87654268,1465
2024-10-18,TPEx,6556,勝品,95.00,95.00,94.50,94.50,+0.20,2290,216900,18
2024-10-18,TPEx,6560,欣普羅,32.65,33.00,32.60,32.90,-0.35,44371,1453177,49
2024-10-18,TPEx,6561,是方,480.00,481.00,472.50,473.00,-6.50,53678,25572092,386
2024-10-18,TPEx,6568,宏觀,139.00,139.00,132.50,133.50,-5.50,218049,29429027,330
2024-10-18,TPEx,6569,醫揚,167.00,167.00,164.00,164.00,-4.00,103898,17146191,260
2024-10-18,TPEx,6570,維田,55.60,55.70,54.20,54.30,-1.40,181964,9970012,225
2024-10-18,TPEx,6574,霈方,53.40,53.40,53.40,53.40,-0.10,4819,258050,75
2024-10-18,TPEx,6576,逸達,78.70,78.70,77.80,78.40,-0.30,110886,8676324,109
2024-10-18,TPEx,6577,勁豐,87.60,87.60,85.90,86.50,-0.50,90621,7830357,1248
2024-10-18,TPEx,6578,達邦蛋白,21.65,21.65,20.40,20.80,-0.80,620249,13001383,380
2024-10-18,TPEx,6584,南俊國際,188.00,188.50,181.00,183.50,-3.50,300860,55474356,2746
2024-10-18,TPEx,6588,東典光電,38.65,38.85,37.90,38.70,+0.10,60516,2321419,93
2024-10-18,TPEx,6589,台康生技,84.90,84.90,83.70,84.00,-0.50,329983,27745423,332
2024-10-18,TPEx,6590,普鴻,72.00,73.30,72.00,73.30,+2.30,6610,480455,27
2024-10-18,TPEx,6593,台灣銘板,77.30,77.90,74.00,74.10,-3.10,116253,8744591,649
2024-10-18,TPEx,6596,寬宏藝術,72.10,72.20,71.50,71.50,-0.60,55358,3974446,124
2024-10-18,TPEx,6603,富強鑫,18.90,18.95,18.70,18.80,0.00,814819,15327415,537
2024-10-18,TPEx,6609,瀧澤科,111.50,112.50,107.50,112.50,+1.50,6006829,662772597,4045
2024-10-18,TPEx,6612,奈米醫材,140.00,145.00,137.50,140.50,+1.00,206043,28733498,348
2024-10-18,TPEx,6613,朋億*,176.50,176.50,173.00,173.00,-2.00,117783,20572308,268
2024-10-18,TPEx,6615,慧智,47.20,47.85,47.20,47.85,+0.65,20254,964067,22
2024-10-18,TPEx,6616,特昇-KY,12.60,12.75,12.50,12.65,0.00,46110,582541,35
2024-10-18,TPEx,6617,共信-KY,109.50,112.00,107.50,109.00,-0.50,129488,14111821,239
2024-10-18,TPEx,6624,萬年清,38.00,38.20,37.90,38.20,+0.10,9050,344376,11
2024-10-18,TPEx,6629,泰金-KY,122.00,126.00,121.50,122.00,+0.50,241692,29861696,380
2024-10-18,TPEx,6637,醫影,101.50,101.50,100.00,100.00,-1.50,57592,5790369,154
2024-10-18,TPEx,6640,均華,917.00,937.00,881.00,881.00,-17.00,629775,570489381,1502
2024-10-18,TPEx,6642,富致,74.50,75.20,72.90,73.20,-1.10,373386,27598045,600
2024-10-18,TPEx,6643,M31,825.00,832.00,797.00,802.00,-14.00,938423,759535745,3014
2024-10-18,TPEx,6649,台生材,35.00,36.25,35.00,35.65,+0.55,77208,2758962,71
2024-10-18,TPEx,6651,全宇昕,100.50,100.50,98.80,99.20,-1.30,216802,21611743,204
2024-10-18,TPEx,6654,天正國際,46.10,46.25,45.10,45.30,-0.95,11040,501928,21
2024-10-18,TPEx,6661,威健生技,23.20,23.20,23.15,23.15,-0.30,3025,70143,6
2024-10-18,TPEx,6662,樂斯科,36.60,36.60,36.30,36.30,-0.30,5050,183630,15
2024-10-18,TPEx,6664,群翊,293.50,296.50,286.50,287.50,-4.50,523575,152554717,671
2024-10-18,TPEx,6667,信紘科,228.00,236.00,222.00,227.00,+4.50,3251594,745900480,3656
2024-10-18,TPEx,6679,鈺太,366.50,367.00,352.50,358.50,-4.50,467090,166880940,685
2024-10-18,TPEx,6680,鑫創電子,91.50,91.50,90.80,90.80,-2.50,2489,227819,10
2024-10-18,TPEx,6683,雍智科技,371.00,372.00,361.00,364.00,-4.00,288074,105237255,555
2024-10-18,TPEx,6684,安格,67.80,67.80,64.20,64.60,-2.60,316405,20659678,441
2024-10-18,TPEx,6690,安碁資訊,215.00,217.00,214.00,214.00,-1.50,34040,7319204,118
2024-10-18,TPEx,6692,進能服,43.15,43.40,40.50,40.80,-1.80,229976,9634337,332
2024-10-18,TPEx,6693,廣閎科,86.00,88.80,86.00,87.00,+0.10,177628,15574067,150
2024-10-18,TPEx,6697,東捷資訊,43.00,43.00,42.65,42.95,-0.05,6410,274920,9
2024-10-18,TPEx,6703,軒郁,178.00,180.00,178.00,178.50,0.00,68787,12289988,183
2024-10-18,TPEx,6708,天擎,37.60,37.60,37.45,37.60,0.00,6486,243687,57
2024-10-18,TPEx,6712,長聖,182.00,182.00,180.50,181.00,-1.00,136827,24759162,1055
2024-10-18,TPEx,6716,應廣,100.00,100.00,97.10,97.10,-1.80,62065,6087384,431
2024-10-18,TPEx,6721,信實,54.00,54.10,53.90,54.10,+0.30,10112,545951,23
2024-10-18,TPEx,6727,亞泰金屬,84.50,84.80,81.40,82.70,-1.30,430187,35713479,725
2024-10-18,TPEx,6728,上洋,123.50,124.50,123.00,124.00,+0.50,19682,2436724,33
2024-10-18,TPEx,6732,昇佳電子,289.50,289.50,279.00,281.00,-8.50,288742,81695549,707
2024-10-18,TPEx,6733,博晟生醫,37.50,37.50,36.80,37.15,-0.30,119250,4424218,110
2024-10-18,TPEx,6735,美達科技,77.30,77.30,75.30,75.60,-1.80,31023,2365268,140
2024-10-18,TPEx,6739,竹陞科技,180.00,187.00,178.50,183.50,+5.00,329220,60151408,397
2024-10-18,TPEx,6741,91APP*-KY,91.10,91.60,89.60,90.50,-0.50,207957,18845876,216
2024-10-18,TPEx,6747,亨泰光,151.50,151.50,151.50,151.50,-1.50,3635,551332,56
2024-10-18,TPEx,6751,智聯服務,53.40,53.40,52.90,52.90,-0.10,6348,337848,51
2024-10-18,TPEx,6752,叡揚,118.00,119.00,116.00,116.50,+0.50,31422,3682215,57
2024-10-18,TPEx,6761,穩得,99.00,99.00,97.70,97.70,-1.30,128319,12597914,169
2024-10-18,TPEx,6762,達亞,287.00,287.00,284.00,284.00,-1.00,6772,1924630,14
2024-10-18,TPEx,6763,綠界科技*,66.30,67.50,61.80,66.20,+4.80,28488870,1860898878,20715
2024-10-18,TPEx,6767,台微醫,32.10,33.45,32.10,33.45,+1.30,4183,136375,7
2024-10-18,TPEx,6785,昱展新藥,177.00,177.00,168.50,169.00,-4.50,166953,28453724,1056
2024-10-18,TPEx,6788,華景電,260.00,265.00,251.50,252.50,-2.50,1464191,377222252,1581
2024-10-18,TPEx,6791,虎門科技,89.70,90.00,89.70,89.80,+0.10,13105,1178550,32
2024-10-18,TPEx,6803,崑鼎,285.00,285.00,284.00,284.50,-0.50,65921,18774779,378
2024-10-18,TPEx,6804,明係,32.70,32.70,32.25,32.25,-0.05,25000,809550,17
2024-10-18,TPEx,6811,宏碁資訊,253.00,255.00,248.50,248.50,-4.00,99390,24927402,544
2024-10-18,TPEx,6821,聯寶,46.00,46.40,44.90,46.20,+0.30,407140,18609376,349
2024-10-18,TPEx,6823,濾能,79.90,80.30,77.30,77.50,-1.10,74239,5821316,85
2024-10-18,TPEx,6829,千附精密,126.50,136.00,124.50,130.50,+4.00,4135063,538885842,3354
2024-10-18,TPEx,6840,東研信超,60.20,60.60,59.50,59.50,-0.50,29911,1794232,169
2024-10-18,TPEx,6841,長佳智能,83.80,83.80,82.40,82.60,-1.20,248745,20570349,305
2024-10-18,TPEx,6843,進典,50.60,50.60,49.90,49.90,-0.70,4000,201200,4
2024-10-18,TPEx,6844,諾貝兒,169.50,169.50,169.50,169.50,0.00,36106,6120136,37
2024-10-18,TPEx,6846,綠茵,79.10,79.10,78.50,78.50,-0.60,11268,887689,36
2024-10-18,TPEx,6855,數泓科,154.50,154.50,146.50,149.50,-7.00,51803,7778664,78
2024-10-18,TPEx,6856,鑫傳,66.00,66.30,65.10,66.30,+0.30,24033,1573087,21
2024-10-18,TPEx,6859,伯特光,142.00,142.50,137.00,138.00,-2.50,94678,13097246,78
2024-10-18,TPEx,6865,偉康科技,47.10,47.10,46.65,46.65,-0.45,6106,286693,11
2024-10-18,TPEx,6870,騰雲,217.00,217.00,209.50,210.50,-1.50,27461,5815810,113
2024-10-18,TPEx,6874,倍力,96.30,96.40,95.00,96.40,-1.30,47996,4583766,67
2024-10-18,TPEx,6875,國邑*,63.20,63.50,62.00,62.00,-1.40,305608,19133405,224
2024-10-18,TPEx,6877,鏵友益,75.00,75.30,71.70,72.90,-1.10,543669,39609500,1056
2024-10-18,TPEx,6881,潤德,220.00,220.00,220.00,220.00,-3.00,1587,349771,19
2024-10-18,TPEx,6894,衛司特,197.00,197.50,196.50,197.00,+0.50,56095,11047735,285
2024-10-18,TPEx,6895,宏碩系統,187.00,198.50,183.50,198.50,+18.00,818081,159939649,712
2024-10-18,TPEx,6899,創為精密,58.30,58.80,58.00,58.00,-0.30,33650,1962100,29
2024-10-18,TPEx,6903,巨漢,143.50,143.50,142.00,142.00,-1.00,69817,9975101,120
2024-10-18,TPEx,6904,伯鑫,146.00,146.00,144.00,144.00,-2.00,4042,587132,6
2024-10-18,TPEx,6913,鴻呈,108.00,114.50,106.50,112.50,+4.50,278720,30822379,233
2024-10-18,TPEx,6922,宸曜,156.50,162.00,154.00,154.00,+0.50,120353,18964596,384
2024-10-18,TPEx,6929,佑全,44.00,45.00,44.00,44.20,+0.20,45203,2005731,52
2024-10-18,TPEx,6953,家碩,257.00,259.00,247.00,247.00,-9.00,138594,35022522,331
2024-10-18,TPEx,6967,汎瑋材料,61.30,61.80,61.00,61.00,-1.20,42015,2570049,71
2024-10-18,TPEx,6968,萬達寵物,74.50,74.50,74.00,74.10,-0.20,47748,3541656,77
2024-10-18,TPEx,7402,邑錡,76.50,76.50,73.00,73.20,-3.30,349078,25942102,401
2024-10-18,TPEx,7556,意德士,130.50,133.00,128.00,129.00,-1.00,47786,6177414,86
2024-10-18,TPEx,7584,樂意,82.80,84.40,80.30,82.20,+0.60,16050,1311150,17
2024-10-18,TPEx,8024,佑華,19.25,19.40,19.20,19.20,-0.05,86358,1666779,73
2024-10-18,TPEx,8027,鈦昇,107.00,107.50,101.00,102.00,-3.00,2549898,265830109,2342
2024-10-18,TPEx,8032,光菱,53.80,53.90,50.10,51.00,-2.40,2840395,146570674,2044
2024-10-18,TPEx,8034,榮群,23.35,23.35,22.55,22.55,-0.80,580880,13288543,547
2024-10-18,TPEx,8038,長園科,27.80,28.05,27.60,27.70,-0.10,92611,2580727,68
2024-10-18,TPEx,8040,九暘,81.10,81.50,79.30,79.90,-0.70,468029,37571951,499
2024-10-18,TPEx,8042,金山電,34.70,34.70,34.55,34.65,-0.10,37092,1285735,239
2024-10-18,TPEx,8043,蜜望實,39.00,39.15,37.95,37.95,-0.70,801408,30758501,822
2024-10-18,TPEx,8044,網家,31.35,31.50,30.95,31.00,-0.20,276661,8602248,225
2024-10-18,TPEx,8047,星雲,16.00,16.00,15.80,15.85,-0.15,33162,526570,29
2024-10-18,TPEx,8048,德勝,55.80,55.80,54.30,54.30,-0.90,101837,5575154,221
2024-10-18,TPEx,8049,晶采,35.20,35.30,35.05,35.20,+0.20,148447,5220603,122
2024-10-18,TPEx,8050,廣積,73.50,73.70,72.70,72.80,-0.60,440560,32265242,564
2024-10-18,TPEx,8054,安國,143.50,144.00,137.00,138.50,-4.00,2336229,324496288,2302
2024-10-18,TPEx,8059,凱碩,35.30,35.30,34.40,34.65,-0.10,186920,6492954,209
2024-10-18,TPEx,8064,東捷,63.30,64.50,60.50,62.40,0.00,20343264,1270407774,14821
2024-10-18,TPEx,8066,來思達,29.00,29.00,29.00,29.00,+0.15,10998,319890,118
2024-10-18,TPEx,8067,志旭,18.40,18.40,18.40,18.40,-0.10,1280,23497,9
2024-10-18,TPEx,8068,全達,29.80,29.80,28.85,28.90,-0.60,229489,6714634,189
2024-10-18,TPEx,8069,元太,310.00,319.00,306.50,319.00,+6.00,7394413,2330032276,11610
2024-10-18,TPEx,8071,能率網通,22.25,22.60,21.65,21.75,-0.45,2300471,51030196,1481
2024-10-18,TPEx,8074,鉅橡,25.50,25.90,25.25,25.35,-0.10,284853,7264633,221
2024-10-18,TPEx,8076,伍豐,33.50,33.60,33.00,33.05,-0.25,1190950,39586022,752
2024-10-18,TPEx,8077,洛碁,48.10,50.80,48.10,50.70,-0.10,6000,294850,4
2024-10-18,TPEx,8080,印鉐,32.40,33.75,32.00,33.65,+1.25,107629,3564040,94
2024-10-18,TPEx,8083,瑞穎,159.50,160.00,157.50,158.50,-0.50,61271,9716833,67
2024-10-18,TPEx,8084,巨虹,61.20,61.40,60.00,60.30,-0.70,155382,9411445,145
2024-10-18,TPEx,8085,福華,37.10,37.70,36.45,36.45,-0.55,975537,35993207,706
2024-10-18,TPEx,8086,宏捷科,104.00,104.00,101.00,101.00,-2.00,1951639,199648946,1506
2024-10-18,TPEx,8087,麗升能源,50.90,51.00,50.60,50.60,-0.10,26736,1358191,94
2024-10-18,TPEx,8088,品安,27.35,27.35,26.25,26.30,-0.70,216883,5732211,222
2024-10-18,TPEx,8089,康全電訊,86.10,86.20,82.70,82.70,-2.50,2130681,178716525,1680
2024-10-18,TPEx,8091,翔名,150.00,152.00,143.00,144.00,-4.00,1025784,149444415,1023
2024-10-18,TPEx,8092,建暐,23.20,23.65,23.00,23.20,-0.45,138535,3227283,115
2024-10-18,TPEx,8093,保銳,22.40,22.40,22.25,22.25,-0.15,41511,927470,71
2024-10-18,TPEx,8096,擎亞,43.95,44.80,43.10,43.35,-0.60,3752955,164326214,2614
2024-10-18,TPEx,8097,常珵,86.40,87.00,84.30,87.00,+2.20,3240132,277945826,2676
2024-10-18,TPEx,8099,大世科,94.10,95.70,90.00,91.80,-1.20,772233,71572005,1328
2024-10-18,TPEx,8107,大億金茂,28.35,28.50,27.50,27.50,-0.55,490238,13622181,369
2024-10-18,TPEx,8109,博大,88.10,88.40,87.60,87.60,-0.40,16507,1452107,29
2024-10-18,TPEx,8111,立碁,47.75,47.75,43.65,44.45,-1.95,16538312,749811145,9842
2024-10-18,TPEx,8121,越峰,36.75,36.95,36.10,36.85,+0.20,425710,15514326,299
2024-10-18,TPEx,8147,正淩,126.00,127.00,122.00,122.50,-3.00,443147,54804600,482
2024-10-18,TPEx,8155,博智,149.00,152.00,146.50,149.00,+1.50,2400816,360259289,2020
2024-10-18,TPEx,8171,天宇,33.80,33.80,33.20,33.30,-0.45,182344,6120991,232
2024-10-18,TPEx,8176,智捷,17.25,17.35,16.80,17.20,-0.15,530409,8997589,479
2024-10-18,TPEx,8182,加高,37.90,37.90,36.90,36.90,-0.80,210662,7840516,322
2024-10-18,TPEx,8183,精星,42.30,42.45,41.80,41.90,-0.25,195829,8224864,231
2024-10-18,TPEx,8227,巨有科技,179.00,179.00,171.50,172.50,-4.50,291982,50761082,698
2024-10-18,TPEx,8234,新漢,50.40,50.70,48.90,49.30,-0.50,431842,21563176,519
2024-10-18,TPEx,8240,華宏,43.55,47.50,43.15,44.65,+0.60,3727276,169399882,2782
2024-10-18,TPEx,8255,朋程,175.00,175.50,169.00,169.50,-4.00,721613,123685187,1811
2024-10-18,TPEx,8277,商丞,15.10,15.10,14.65,14.75,-0.25,791937,11736833,497
2024-10-18,TPEx,8279,生展,134.00,134.00,133.00,133.50,-0.50,7064,944076,10
2024-10-18,TPEx,8284,三竹,63.80,63.80,63.50,63.50,+0.10,29326,1866717,37
2024-10-18,TPEx,8289,泰藝,27.15,27.15,26.55,26.65,-0.15,41069,1096547,38
2024-10-18,TPEx,8291,尚茂,8.40,8.40,8.01,8.01,+0.01,11499,93865,17
2024-10-18,TPEx,8299,群聯,485.00,485.50,474.00,474.00,-7.00,995605,475129879,2267
2024-10-18,TPEx,8342,益張,89.40,90.00,88.50,88.90,-0.10,7000,623700,7
2024-10-18,TPEx,8349,恒耀,69.70,69.70,68.30,68.70,-1.00,189874,13040635,382
2024-10-18,TPEx,8349A,恒耀甲特,48.55,48.55,48.50,48.50,-0.05,5556,269660,10
2024-10-18,TPEx,8354,冠好,17.35,17.80,17.35,17.60,+0.30,222451,3913281,169
2024-10-18,TPEx,8358,金居,60.10,60.20,58.80,58.90,-1.00,988477,58552813,860
2024-10-18,TPEx,8383,千附,47.00,47.00,46.00,46.10,-0.85,657720,30476841,564
2024-10-18,TPEx,8390,金益鼎,75.30,75.90,74.50,75.00,+0.60,842121,63401473,708
2024-10-18,TPEx,8401,白紗科,27.00,27.05,26.75,26.75,-0.15,81214,2178218,75
2024-10-18,TPEx,8403,盛弘,30.10,30.15,30.00,30.00,-0.15,158737,4773003,234
2024-10-18,TPEx,8409,商之器,22.00,22.20,22.00,22.00,-0.05,23003,508266,14
2024-10-18,TPEx,8410,森田,78.10,79.30,77.90,78.30,0.00,48050,3764744,40
2024-10-18,TPEx,8415,大國鋼,33.30,33.50,33.15,33.50,+0.20,86070,2866838,65
2024-10-18,TPEx,8416,實威,152.00,158.50,151.00,156.00,+2.50,66031,10176779,55
2024-10-18,TPEx,8420,明揚,42.25,42.25,41.90,41.90,-0.35,32200,1355567,15
2024-10-18,TPEx,8421,旭源,14.80,14.80,14.35,14.35,-0.20,110335,1593509,73
2024-10-18,TPEx,8423,保綠-KY,22.90,22.90,22.40,22.55,-0.35,35561,803733,147
2024-10-18,TPEx,8424,惠普,69.00,69.00,68.90,68.90,0.00,8799,606702,17
2024-10-18,TPEx,8426,紅木-KY,49.70,50.20,48.65,48.65,0.00,354755,17549514,312
2024-10-18,TPEx,8431,匯鑽科,56.10,56.10,55.20,55.50,-0.40,125118,6951275,146
2024-10-18,TPEx,8432,東生華,66.40,66.40,63.80,64.50,-1.10,154717,10010770,229
2024-10-18,TPEx,8433,弘帆,92.00,92.30,91.60,91.70,-0.80,27612,2538536,71
2024-10-18,TPEx,8435,鉅邁,76.30,76.80,76.20,76.20,+0.30,46827,3584748,116
2024-10-18,TPEx,8436,大江,135.00,135.00,133.00,134.00,0.00,138082,18475057,174
2024-10-18,TPEx,8437,大地-KY,31.15,31.85,30.65,30.75,-0.70,55523,1725220,99
2024-10-18,TPEx,8440,綠電,43.45,44.15,42.90,43.00,-1.10,308339,13320138,587
2024-10-18,TPEx,8444,綠河-KY,34.00,34.00,33.25,33.25,-1.05,19034,645756,11
2024-10-18,TPEx,8446,華研,116.50,117.00,116.00,116.00,-0.50,72298,8407531,103
2024-10-18,TPEx,8450,霹靂,26.00,26.05,25.55,25.55,+0.10,76967,1987551,81
2024-10-18,TPEx,8455,大拓-KY,32.15,33.10,31.05,31.10,-1.10,31559,1000807,72
2024-10-18,TPEx,8472,夠麻吉,26.25,26.60,26.00,26.60,+0.20,19020,497670,15
2024-10-18,TPEx,8477,創業家,11.45,11.45,11.10,11.10,-0.10,3030,33983,8
2024-10-18,TPEx,8489,三貝德,29.35,29.45,28.60,28.60,-0.45,44147,1282509,191
2024-10-18,TPEx,8905,裕國,31.30,31.50,31.20,31.30,0.00,45818,1437523,84
2024-10-18,TPEx,8906,花王,37.20,37.50,36.65,37.50,+0.40,66651,2465541,82
2024-10-18,TPEx,8908,欣雄,48.80,48.80,48.50,48.55,-0.30,46558,2264148,108
2024-10-18,TPEx,8916,光隆,56.40,56.60,56.30,56.30,-0.20,49207,2774331,74
2024-10-18,TPEx,8917,欣泰,62.50,62.60,61.70,61.70,-0.80,25442,1582097,26
2024-10-18,TPEx,8921,沈氏,20.10,21.15,19.80,21.15,+1.00,40012,825447,36
2024-10-18,TPEx,8923,時報,19.05,19.25,19.00,19.25,+0.15,8261,157585,8
2024-10-18,TPEx,8924,大田,84.10,84.70,83.00,83.10,-0.40,49654,4160684,88
2024-10-18,TPEx,8927,北基,66.50,66.60,64.80,65.60,0.00,1178918,77076760,729
2024-10-18,TPEx,8928,鉅明,32.70,32.70,32.45,32.45,-0.15,52242,1698853,44
2024-10-18,TPEx,8929,富堡,23.65,23.90,23.50,23.80,+0.25,61322,1453210,58
2024-10-18,TPEx,8930,青鋼,36.45,36.45,35.60,35.60,-0.85,228807,8226150,230
2024-10-18,TPEx,8931,大汽電,49.45,49.75,49.25,49.50,-0.05,62670,3099097,52
2024-10-18,TPEx,8932,智通*,89.00,93.00,89.00,92.70,+4.70,2238792,205559499,1411
2024-10-18,TPEx,8933,愛地雅,8.89,8.90,8.85,8.85,-0.04,179183,1589603,266
2024-10-18,TPEx,8935,邦泰,17.75,17.75,17.25,17.65,+0.05,121078,2115798,65
2024-10-18,TPEx,8936,國統,65.50,65.80,64.70,64.70,-0.50,1115294,72600059,1133
2024-10-18,TPEx,8937,合騏,83.90,83.90,81.80,82.30,0.00,507878,41967559,435
2024-10-18,TPEx,8938,明安,80.80,80.80,80.20,80.60,+0.30,55879,4494434,77
2024-10-18,TPEx,8941,關中,68.90,68.90,68.90,68.90,0.00,3603,248007,14
2024-10-18,TPEx,8942,森鉅,59.90,59.90,59.60,59.60,-0.10,108399,6478019,155
2024-10-18,TPEx,9949,琉園,24.55,25.00,24.55,24.65,+0.05,13570,335271,29
2024-10-18,TPEx,9950,萬國通,13.80,13.90,13.65,13.85,0.00,58371,802507,44
2024-10-18,TPEx,9951,皇田,63.50,63.50,63.10,63.30,-0.20,62900,3980884,119
2024-10-18,TPEx,9960,邁達康,26.70,26.70,26.65,26.70,+0.05,9535,254407,19
2024-10-18,TPEx,9962,有益,15.70,15.75,15.50,15.65,+0.05,99641,1555322,105
