date,market,code,name,open,high,low,close,change,volume,value,transactions
2025-11-27,TWSE,0050,元大台灣50,61.80,62.10,61.65,61.90,0.55,53852335,3333400290,39232
2025-11-27,TWSE,0051,元大中型100,88.15,89.35,88.15,89.35,1.60,77040,6864096,254
2025-11-27,TWSE,0052,富邦科技,35.80,35.88,35.52,35.68,0.33,105493794,3770134444,56299
2025-11-27,TWSE,0053,元大電子,131.95,134.00,131.95,133.10,1.80,11652,1553316,120
2025-11-27,TWSE,0055,元大MSCI金融,29.57,29.77,29.51,29.77,0.20,58811,1744321,459
2025-11-27,TWSE,0056,元大高股息,35.84,36.13,35.76,36.13,0.44,33853276,1217365538,17255
2025-11-27,TWSE,0057,富邦摩台,182.10,182.50,181.25,181.25,1.35,4980,905000,109
2025-11-27,TWSE,0061,元大寶滬深,22.28,22.43,22.23,22.34,0.06,202094,4515500,156
2025-11-27,TWSE,006203,元大MSCI台灣,112.80,112.80,111.95,111.95,0.90,4029,452208,90
2025-11-27,TWSE,006204,永豐臺灣加權,139.00,139.55,139.00,139.55,1.95,18648,2599939,108
2025-11-27,TWSE,006205,富邦上証,37.85,38.13,37.80,38.02,0.07,406889,15438754,483
2025-11-27,TWSE,006206,元大上證50,35.63,35.70,35.49,35.64,0.01,88343,3147487,231
2025-11-27,TWSE,006207,復華滬深,29.56,29.60,29.45,29.48,-0.03,279037,8235992,114
2025-11-27,TWSE,006208,富邦台50,141.55,142.20,141.10,141.70,1.10,4002871,567484400,6354
2025-11-27,TWSE,00625K,富邦上証+R,,,,,0.00,0,0,0
2025-11-27,TWSE,00631L,元大台灣50正2,330.80,332.55,328.50,331.75,6.25,4460022,1475682663,5515
2025-11-27,TWSE,00632R,元大台灣50反1,17.31,17.35,17.25,17.27,-0.17,58851058,1017772696,9127
2025-11-27,TWSE,00633L,富邦上証正2,48.16,49.18,47.98,48.74,0.34,2661523,129544199,776
2025-11-27,TWSE,00634R,富邦上証反1,3.28,3.29,3.26,3.28,0.01,283000,926630,19
2025-11-27,TWSE,00635U,期元大S&P黃金,44.84,44.84,44.57,44.65,-0.19,3529413,157680462,2078
2025-11-27,TWSE,00636,國泰中國A50,26.21,26.42,26.10,26.35,0.07,1163406,30613320,361
2025-11-27,TWSE,00636K,國泰中國A50+U,8.43,8.43,8.43,8.43,0.03,200,1686,2
2025-11-27,TWSE,00637L,元大滬深300正2,19.70,20.13,19.63,19.97,0.11,44854785,892090306,3789
2025-11-27,TWSE,00638R,元大滬深300反1,7.00,7.00,6.92,6.95,-0.03,245028,1702755,62
2025-11-27,TWSE,00639,富邦深100,14.69,14.80,14.58,14.69,0.00,1089543,16021045,462
2025-11-27,TWSE,00640L,富邦日本正2,76.10,76.25,75.65,75.70,0.45,151327,11489466,123
2025-11-27,TWSE,00641R,富邦日本反1,4.66,4.67,4.64,4.66,-0.02,1746478,8123903,146
2025-11-27,TWSE,00642U,期元大S&P石油,15.29,15.30,15.25,15.27,0.05,926904,14149404,329
2025-11-27,TWSE,00643,群益深証中小,16.00,16.19,15.99,16.08,0.01,2443512,39288418,144
2025-11-27,TWSE,00643K,群益深証中小+R,3.67,3.67,3.67,3.67,0.05,1000,3670,1
2025-11-27,TWSE,00645,富邦日本,47.10,47.25,47.03,47.05,0.17,467101,22011893,602
2025-11-27,TWSE,00646,元大S&P500,66.75,67.00,66.75,66.95,0.25,901511,60318408,1517
2025-11-27,TWSE,00647L,元大S&P500正2,115.90,116.10,115.75,116.00,0.85,42237,4894938,279
2025-11-27,TWSE,00648R,元大S&P500反1,4.37,4.38,4.36,4.38,-0.01,1379675,6037936,85
2025-11-27,TWSE,00650L,復華香港正2,17.93,18.14,17.75,18.14,0.11,6761431,121168738,928
2025-11-27,TWSE,00651R,復華香港反1,5.29,5.30,5.25,5.25,-0.01,332849,1751654,45
2025-11-27,TWSE,00652,富邦印度,37.70,37.78,37.69,37.69,0.11,516786,19498396,648
2025-11-27,TWSE,00653L,富邦印度正2,59.70,60.10,59.60,60.00,0.70,165243,9888194,115
2025-11-27,TWSE,00654R,富邦印度反1,6.17,6.17,6.14,6.14,-0.06,23102,142148,15
2025-11-27,TWSE,00655L,國泰中國A50正2,33.47,34.30,33.43,34.08,0.24,1595945,53924015,232
2025-11-27,TWSE,00656R,國泰中國A50反1,6.17,6.18,6.11,6.14,-0.01,125900,774063,33
2025-11-27,TWSE,00657,國泰日經225,58.90,59.00,58.85,58.95,0.65,140470,8275019,77
2025-11-27,TWSE,00657K,國泰日經225+U,18.82,18.82,18.82,18.82,0.24,200,3764,2
2025-11-27,TWSE,00660,元大歐洲50,40.60,40.73,40.60,40.73,0.27,10403,422807,86
2025-11-27,TWSE,00661,元大日經225,64.65,64.75,64.50,64.60,0.65,265810,17169891,302
2025-11-27,TWSE,00662,富邦NASDAQ,101.65,101.85,101.50,101.75,0.55,1664664,169307291,2091
2025-11-27,TWSE,00663L,國泰臺灣加權正2,43.15,43.41,42.90,43.28,0.83,9325531,402681577,3813
2025-11-27,TWSE,00664R,國泰臺灣加權反1,2.80,2.81,2.79,2.80,-0.02,18137610,50772309,830
2025-11-27,TWSE,00665L,富邦恒生國企正2,11.39,11.50,11.25,11.50,0.05,27212272,309468772,2583
2025-11-27,TWSE,00666R,富邦恒生國企反1,8.66,8.71,8.61,8.63,0.01,285150,2467913,26
2025-11-27,TWSE,00668,國泰美國道瓊,54.15,54.25,54.15,54.20,0.25,15875,860165,86
2025-11-27,TWSE,00668K,國泰美國道瓊+U,17.30,17.30,17.30,17.30,0.11,200,3460,2
2025-11-27,TWSE,00669R,國泰美國道瓊反1,5.78,5.79,5.77,5.79,-0.01,1277270,7384308,100
2025-11-27,TWSE,00670L,富邦NASDAQ正2,162.45,162.70,162.20,162.60,1.65,806417,131019051,1259
2025-11-27,TWSE,00671R,富邦NASDAQ反1,2.86,2.87,2.85,2.87,-0.01,6876229,19675060,234
2025-11-27,TWSE,00673R,期元大S&P原油反1,28.23,28.32,28.22,28.30,-0.09,726850,20557923,111
2025-11-27,TWSE,00674R,期元大S&P黃金反1,6.10,6.15,6.10,6.14,0.04,322200,1975618,43
2025-11-27,TWSE,00675L,富邦臺灣加權正2,131.15,131.90,130.35,131.55,2.50,3287007,431168487,2492
2025-11-27,TWSE,00676R,富邦臺灣加權反1,9.51,9.53,9.47,9.49,-0.10,3384617,32140243,479
2025-11-27,TWSE,00678,群益那斯達克生技,35.12,35.25,35.12,35.25,0.13,313722,11042647,225
2025-11-27,TWSE,00680L,元大美債20正2,7.69,7.70,7.67,7.67,0.02,36754106,282247307,944
2025-11-27,TWSE,00681R,元大美債20反1,20.20,20.20,20.20,20.20,-0.06,2000,40400,1
2025-11-27,TWSE,00682U,期元大美元指數,20.43,20.43,20.42,20.42,0.00,5087,103909,8
2025-11-27,TWSE,00683L,期元大美元指正2,21.17,21.22,21.16,21.21,-0.04,887001,18789291,79
2025-11-27,TWSE,00684R,期元大美元指反1,15.40,15.40,15.40,15.40,0.04,2000,30800,1
2025-11-27,TWSE,00685L,群益臺灣加權正2,117.90,118.35,116.95,118.05,2.25,759773,89504043,636
2025-11-27,TWSE,00686R,群益臺灣加權反1,1.71,1.72,1.70,1.71,-0.01,2819228,4812852,153
2025-11-27,TWSE,00688L,國泰20年美債正2,7.67,7.68,7.65,7.65,0.02,7904715,60597724,419
2025-11-27,TWSE,00689R,國泰20年美債反1,20.98,20.98,20.98,20.98,-0.06,10000,209800,1
2025-11-27,TWSE,00690,兆豐藍籌30,42.32,42.72,42.32,42.54,0.44,906356,38570204,261
2025-11-27,TWSE,00692,富邦公司治理,54.70,54.85,54.40,54.60,0.40,814082,44459338,910
2025-11-27,TWSE,00693U,期街口S&P黃豆,21.76,21.80,21.76,21.78,0.10,456093,9928537,159
2025-11-27,TWSE,00700,富邦恒生國企,18.80,18.80,18.49,18.75,0.05,424435,7905645,381
2025-11-27,TWSE,00701,國泰股利精選30,27.58,27.74,27.49,27.71,0.11,1181015,32600862,792
2025-11-27,TWSE,00702,國泰標普低波高息,23.15,23.22,23.15,23.21,0.10,32744,759140,111
2025-11-27,TWSE,00703,台新MSCI中國,21.84,22.00,21.81,22.00,-0.08,48261,1058871,99
2025-11-27,TWSE,00706L,期元大S&P日圓正2,20.84,20.89,20.80,20.89,0.05,951375,19835593,214
2025-11-27,TWSE,00707R,期元大S&P日圓反1,,,,,0.00,0,0,0
2025-11-27,TWSE,00708L,期元大S&P黃金正2,84.55,84.55,83.70,84.00,-0.70,3225141,271024172,1447
2025-11-27,TWSE,00709,富邦歐洲,35.12,35.21,35.06,35.11,0.15,270844,9510673,374
2025-11-27,TWSE,00710B,復華彭博非投等債,19.03,19.07,19.03,19.06,0.04,137789,2625587,32
2025-11-27,TWSE,00711B,復華彭博新興債,16.61,16.63,16.61,16.63,0.02,103106,1714483,100
2025-11-27,TWSE,00712,復華富時不動產,9.20,9.25,9.20,9.24,0.08,47051622,434320903,5532
2025-11-27,TWSE,00713,元大台灣高息低波,50.45,50.50,50.35,50.50,0.05,4155750,209547835,4281
2025-11-27,TWSE,00714,群益道瓊美國地產,20.28,20.32,20.27,20.30,0.07,309670,6289582,74
2025-11-27,TWSE,00715L,期街口布蘭特正2,10.16,10.17,10.09,10.11,0.03,21267790,215378862,1912
2025-11-27,TWSE,00717,富邦美國特別股,14.77,14.79,14.74,14.78,0.05,369011,5449979,251
2025-11-27,TWSE,00728,第一金工業30,35.78,36.20,35.78,36.19,0.46,108553,3920537,246
2025-11-27,TWSE,00730,富邦臺灣優質高息,22.10,22.14,22.06,22.13,0.06,327462,7231787,609
2025-11-27,TWSE,00731,復華富時高息低波,66.50,66.80,66.35,66.80,0.35,1000866,66622078,228
2025-11-27,TWSE,00733,富邦臺灣中小,45.38,45.80,45.38,45.80,0.44,507106,23144967,906
2025-11-27,TWSE,00735,國泰臺韓科技,48.47,48.52,48.21,48.30,0.78,134361,6494906,163
2025-11-27,TWSE,00736,國泰新興市場,27.52,27.52,27.45,27.48,0.16,107770,2960406,68
2025-11-27,TWSE,00737,國泰AI機器人,35.13,35.36,35.13,35.32,0.19,114183,4028642,133
2025-11-27,TWSE,00738U,期元大道瓊白銀,44.14,44.21,43.74,43.95,0.75,5297207,232771845,1900
2025-11-27,TWSE,00739,元大MSCI A股,25.36,25.50,25.35,25.40,0.00,98784,2508773,101
2025-11-27,TWSE,00752,中信中國50,26.75,26.75,26.45,26.72,-0.03,1716428,45689266,866
2025-11-27,TWSE,00753L,中信中國50正2,12.77,12.80,12.60,12.73,-0.11,27817374,352903603,2946
2025-11-27,TWSE,00757,統一FANG+,123.10,123.15,122.40,122.85,-0.30,1382254,169588009,3930
2025-11-27,TWSE,00762,元大全球AI,83.10,83.55,83.10,83.50,0.70,241387,20123793,745
2025-11-27,TWSE,00763U,期街口道瓊銅,28.52,28.56,28.40,28.41,0.21,894291,25452147,407
2025-11-27,TWSE,00770,國泰北美科技,57.05,57.30,57.05,57.25,0.30,352237,20153169,942
2025-11-27,TWSE,00771,元大US高息特別股,16.05,16.07,16.05,16.05,-0.03,46502,746342,81
2025-11-27,TWSE,00775B,台新投等債15+,33.09,33.16,33.09,33.16,0.00,3291,108981,6
2025-11-27,TWSE,00783,富邦中証500,23.85,23.99,23.69,23.85,0.00,146373,3483109,140
2025-11-27,TWSE,00830,國泰費城半導體,55.75,56.15,55.75,56.10,1.25,7664703,428917655,4099
2025-11-27,TWSE,00850,元大臺灣ESG永續,52.85,53.25,52.85,53.10,0.50,831047,44067736,833
2025-11-27,TWSE,00851,台新全球AI,54.30,54.55,54.30,54.55,0.15,7786,423335,96
2025-11-27,TWSE,00852L,國泰美國道瓊正2,29.86,29.89,29.81,29.89,0.28,98764,2946988,57
2025-11-27,TWSE,00861,元大全球未來通訊,53.70,54.05,53.70,53.95,0.45,115681,6241228,569
2025-11-27,TWSE,00865B,國泰US短期公債,46.85,46.86,46.77,46.83,-0.04,1830267,85697040,462
2025-11-27,TWSE,00875,國泰網路資安,39.16,39.16,39.02,39.09,-0.29,65689,2564332,203
2025-11-27,TWSE,00876,元大全球5G,48.79,48.79,48.55,48.68,0.65,171474,8340343,878
2025-11-27,TWSE,00878,國泰永續高股息,20.80,20.93,20.75,20.92,0.17,39931784,832193035,13616
2025-11-27,TWSE,00881,國泰台灣科技龍頭,31.05,31.18,30.88,31.04,0.32,21215560,658452257,9822
2025-11-27,TWSE,00882,中信中國高股息,15.40,15.46,15.33,15.45,0.05,7849414,120918996,1515
2025-11-27,TWSE,00885,富邦越南,16.87,17.00,16.87,16.88,0.10,4979446,84269480,1734
2025-11-27,TWSE,00891,中信關鍵半導體,18.92,19.00,18.84,18.97,0.30,14420743,272945507,3883
2025-11-27,TWSE,00892,富邦台灣半導體,21.14,21.21,21.00,21.10,0.20,956168,20204914,872
2025-11-27,TWSE,00893,國泰智能電動車,31.22,31.47,31.22,31.42,0.44,987123,30978194,1862
2025-11-27,TWSE,00894,中信小資高價30,26.05,26.36,26.05,26.19,0.38,2247732,58949323,1068
2025-11-27,TWSE,00895,富邦未來車,37.49,37.68,37.49,37.66,0.30,361577,13605279,1483
2025-11-27,TWSE,00896,中信綠能及電動車,19.24,19.33,19.22,19.30,0.24,1061446,20459355,608
2025-11-27,TWSE,00897,富邦基因免疫生技,9.05,9.10,9.05,9.06,0.08,555694,5040405,288
2025-11-27,TWSE,00898,國泰基因免疫革命,7.99,7.99,7.94,7.97,0.03,806021,6413444,454
2025-11-27,TWSE,00899,FT潔淨能源,20.10,20.13,20.09,20.13,0.30,91249,1835008,232
2025-11-27,TWSE,00900,富邦特選高股息30,13.22,13.24,13.19,13.23,0.07,10490670,138586652,2574
2025-11-27,TWSE,00901,永豐智能車供應鏈,23.90,24.00,23.81,23.88,0.24,1922965,45937179,680
2025-11-27,TWSE,00902,中信電池及儲能,13.16,13.32,13.10,13.26,0.14,3127829,41380216,700
2025-11-27,TWSE,00903,富邦元宇宙,17.21,17.22,17.17,17.22,-0.03,98061,1686435,282
2025-11-27,TWSE,00904,台新臺灣半導體30,21.40,21.45,21.32,21.41,0.33,3057889,65455999,806
2025-11-27,TWSE,00905,FT臺灣Smart,16.63,16.70,16.59,16.65,0.14,1029516,17145488,917
2025-11-27,TWSE,00907,永豐優息存股,15.23,15.27,15.16,15.26,0.03,501981,7638842,220
2025-11-27,TWSE,00908,富邦入息REITs+,13.71,13.78,13.71,13.76,0.08,129340,1779580,228
2025-11-27,TWSE,00909,國泰數位支付服務,41.63,42.22,41.60,42.22,1.64,4849589,203445399,4295
2025-11-27,TWSE,00910,第一金太空衛星,37.71,37.79,37.58,37.68,0.01,1073618,40430554,2822
2025-11-27,TWSE,00911,兆豐洲際半導體,31.53,31.80,31.47,31.60,0.75,393827,12436544,780
2025-11-27,TWSE,00912,中信臺灣智慧50,20.65,20.73,20.60,20.69,0.19,203485,4209723,239
2025-11-27,TWSE,00913,兆豐台灣晶圓製造,23.59,23.68,23.52,23.65,0.28,188427,4441123,67
2025-11-27,TWSE,00915,凱基優選高股息30,22.03,22.19,21.97,22.19,0.16,2740198,60452352,1647
2025-11-27,TWSE,00916,國泰全球品牌50,26.95,27.00,26.93,26.97,0.04,286095,7710724,434
2025-11-27,TWSE,00917,中信特選金融,23.95,24.07,23.95,24.07,0.16,92110,2213745,174
2025-11-27,TWSE,00918,大華優利高填息30,22.40,22.59,22.33,22.59,0.22,9499099,213284755,3593
2025-11-27,TWSE,00919,群益台灣精選高息,21.41,21.55,21.37,21.54,0.13,47739220,1024488269,14090
2025-11-27,TWSE,00920,富邦ESG綠色電力,18.01,18.16,18.01,18.15,0.23,155081,2813896,254
2025-11-27,TWSE,00921,兆豐龍頭等權重,17.39,17.51,17.38,17.51,0.24,627495,10955994,285
2025-11-27,TWSE,00922,國泰台灣領袖50,24.61,24.70,24.52,24.62,0.23,5987281,147406390,3505
2025-11-27,TWSE,00923,群益台ESG低碳50,24.80,24.92,24.71,24.84,0.28,1837347,45628217,1285
2025-11-27,TWSE,00924,復華S&P500成長,29.01,29.05,28.97,29.05,0.12,3032752,87987463,2517
2025-11-27,TWSE,00926,凱基全球菁英55,24.40,24.46,24.40,24.45,0.19,791341,19332222,512
2025-11-27,TWSE,00927,群益半導體收益,20.57,20.64,20.49,20.62,0.41,3930458,80839989,1551
2025-11-27,TWSE,00929,復華台灣科技優息,17.70,17.77,17.66,17.75,0.13,13869267,245693906,4018
2025-11-27,TWSE,00930,永豐ESG低碳高息,17.02,17.08,16.99,17.07,0.08,1235193,21035266,438
2025-11-27,TWSE,00932,兆豐永續高息等權,14.11,14.20,14.10,14.19,0.10,509138,7197439,259
2025-11-27,TWSE,00934,中信成長高股息,20.54,20.58,20.44,20.54,0.16,1160656,23782010,509
2025-11-27,TWSE,00935,野村臺灣新科技50,28.70,28.85,28.53,28.68,0.36,2918379,83837709,1604
2025-11-27,TWSE,00936,台新永續高息中小,15.55,15.64,15.50,15.64,0.15,1030779,16051824,502
2025-11-27,TWSE,00938,凱基優選30,16.40,16.49,16.40,16.48,0.11,239480,3940917,160
2025-11-27,TWSE,00939,統一台灣高息動能,13.96,14.08,13.93,14.08,0.15,4837606,67767075,1429
2025-11-27,TWSE,00940,元大台灣價值高息,9.25,9.29,9.23,9.28,0.05,14828669,137279448,3346
2025-11-27,TWSE,00941,中信上游半導體,16.62,16.77,16.62,16.76,0.29,4262873,71356890,1248
2025-11-27,TWSE,00943,兆豐電子高息等權,14.39,14.45,14.39,14.44,0.10,73379,1057201,36
2025-11-27,TWSE,00944,野村趨勢動能高息,14.14,14.19,14.14,14.18,0.08,942630,13341853,262
2025-11-27,TWSE,00945B,凱基美國非投等債,14.41,14.46,14.41,14.46,0.03,2902288,41923969,417
2025-11-27,TWSE,00946,群益科技高息成長,9.87,9.89,9.81,9.87,0.06,2545574,25081668,919
2025-11-27,TWSE,00947,台新臺灣IC設計,17.11,17.22,17.10,17.19,0.30,838756,14406144,649
2025-11-27,TWSE,00949,復華日本龍頭,18.32,18.40,18.32,18.37,0.05,508893,9345813,512
2025-11-27,TWSE,00951,台新日本半導體,10.67,10.79,10.67,10.79,0.27,1211535,13031403,480
2025-11-27,TWSE,00952,凱基台灣AI50,11.59,11.62,11.55,11.62,0.16,1438880,16682469,429
2025-11-27,TWSE,00953B,群益優選非投等債,9.69,9.71,9.67,9.70,0.01,30483548,295457732,5066
2025-11-27,TWSE,00954,中信日本半導體,11.50,11.57,11.50,11.56,0.26,1361894,15703269,658
2025-11-27,TWSE,00956,中信日經高股息,11.00,11.04,11.00,11.01,0.01,189769,2090955,218
2025-11-27,TWSE,00960,野村全球航運龍頭,13.98,13.98,13.94,13.95,-0.03,494462,6900071,383
2025-11-27,TWSE,00961,FT臺灣永續高息,9.43,9.45,9.40,9.44,0.08,2509443,23660832,382
2025-11-27,TWSE,00962,台新AI優息動能,10.73,10.80,10.73,10.78,0.09,722741,7782371,161
2025-11-27,TWSE,00963,中信全球高股息,11.11,11.17,11.11,11.17,0.11,488600,5450582,209
2025-11-27,TWSE,00964,中信亞太高股息,11.45,11.45,11.30,11.35,0.03,548212,6211997,114
2025-11-27,TWSE,00965,元大航太防衛科技,22.18,22.27,22.18,22.21,0.03,2596120,57701824,2743
2025-11-27,TWSE,00971,野村美國研發龍頭,17.01,17.06,17.00,17.04,0.01,967062,16475473,419
2025-11-27,TWSE,00972,野村日本動能高息,17.58,17.58,17.55,17.55,0.10,52827,928672,11
2025-11-27,TWSE,009800,中信NASDAQ,10.99,11.03,10.99,11.02,0.06,3859668,42534371,790
2025-11-27,TWSE,009801,中信美國創新科技,11.16,11.19,11.15,11.18,0.02,2004207,22382845,499
2025-11-27,TWSE,009802,富邦旗艦50,10.79,10.84,10.73,10.82,0.15,4509217,48711333,812
2025-11-27,TWSE,009803,玉山市值動能50,12.60,12.62,12.53,12.59,0.13,1292513,16252458,240
2025-11-27,TWSE,009804,聯邦台精彩50,14.00,14.06,13.97,14.03,0.16,565264,7922494,251
2025-11-27,TWSE,009805,台新美國電力基建,12.61,12.65,12.60,12.64,0.11,3673370,46395688,1238
2025-11-27,TWSE,009808,華南永昌優選50,18.85,18.89,18.77,18.84,0.19,498391,9385606,85
2025-11-27,TWSE,009809,富邦淨零ESG50,10.16,10.21,10.15,10.20,0.08,1937439,19736292,293
2025-11-27,TWSE,00980A,主動野村臺灣優選,14.55,14.61,14.51,14.57,0.17,14963936,217956903,3020
2025-11-27,TWSE,009810,玉山全球藍籌100,18.44,18.45,18.43,18.45,0.11,224739,4143524,103
2025-11-27,TWSE,009811,統一美國50,11.70,11.72,11.68,11.72,0.04,5218456,61050872,1387
2025-11-27,TWSE,009812,野村日本東證,10.50,10.53,10.50,10.52,0.05,628904,6613650,190
2025-11-27,TWSE,009813,貝萊德標普卓越50,10.52,10.53,10.49,10.52,0.03,9294953,97695369,1654
2025-11-27,TWSE,00981A,主動統一台股增長,15.75,16.03,15.73,15.95,0.35,114700494,1824286190,22476
2025-11-27,TWSE,00981T,平衡凱基雙核收息,10.43,10.46,10.42,10.43,0.04,5789665,60420797,286
2025-11-27,TWSE,00982A,主動群益台灣強棒,13.52,13.69,13.50,13.68,0.29,41251252,562025398,10236
2025-11-27,TWSE,00982D,主動富邦動態入息,10.16,10.21,10.16,10.19,0.03,1854653,18908227,157
2025-11-27,TWSE,00983A,主動中信ARK創新,12.08,12.08,12.04,12.06,0.14,3494050,42143525,1219
2025-11-27,TWSE,00983D,主動富邦複合收益,10.18,10.29,10.18,10.26,0.02,2368303,24268583,160
2025-11-27,TWSE,00984A,主動安聯台灣高息,10.45,10.51,10.43,10.50,0.07,4613236,48354880,1510
2025-11-27,TWSE,00985A,主動野村台灣50,12.60,12.68,12.58,12.65,0.16,8261328,104349799,2014
2025-11-27,TWSE,00985B,群益ESG投等債0-5,10.28,10.30,10.27,10.29,0.00,6259100,64396371,455
2025-11-27,TWSE,00986A,主動台新龍頭成長,11.30,11.37,11.30,11.34,0.07,1142890,12949321,407
2025-11-27,TWSE,00988A,主動統一全球創新,9.81,9.86,9.81,9.86,0.13,11555441,113717554,2822
2025-11-27,TWSE,00989A,主動摩根美國科技,15.01,15.05,15.00,15.03,0.09,2292284,34442772,459
2025-11-27,TWSE,01001T,土銀富邦R1,11.73,11.73,11.73,11.73,0.00,64266,753848,9
2025-11-27,TWSE,01002T,土銀國泰R1,14.09,14.65,14.08,14.65,0.55,29000,409730,11
2025-11-27,TWSE,01004T,土銀富邦R2,10.86,10.87,10.86,10.86,0.00,127690,1387388,24
2025-11-27,TWSE,01007T,兆豐國泰R2,13.18,13.35,13.18,13.35,0.05,50000,664850,7
2025-11-27,TWSE,01009T,王道圓滿R1,7.05,7.05,7.05,7.05,0.06,1000,7050,1
2025-11-27,TWSE,01010T,京城樂富R1,10.03,10.03,10.02,10.03,0.00,512000,5135270,14
2025-11-27,TWSE,020000,富邦特選蘋果N,,,,,0.00,0,0,0
2025-11-27,TWSE,020011,統一微波高息20N,,,,,0.00,0,0,0
2025-11-27,TWSE,020012,富邦行動通訊N,,,,,0.00,0,0,0
2025-11-27,TWSE,02001L,富邦蘋果正二N,46.40,47.59,46.40,47.33,1.55,184000,8691000,43
2025-11-27,TWSE,02001R,富邦蘋果反一N,0.90,0.90,0.90,0.90,-0.01,503000,452700,5
2025-11-27,TWSE,02001S,策元大加權策略N,,,,,0.00,0,0,0
2025-11-27,TWSE,020020,元大台股領航N,14.95,14.99,14.93,14.93,0.11,21000,313950,6
2025-11-27,TWSE,020028,元大特選電動車N,12.81,12.81,12.78,12.78,0.11,6000,76710,2
2025-11-27,TWSE,020029,元大ESG高股息N,9.40,9.43,9.39,9.43,0.07,41000,385220,6
2025-11-27,TWSE,020030,統一智慧電動車N,8.50,8.50,8.50,8.50,0.16,7000,59500,2
2025-11-27,TWSE,020031,統一IC設計臺灣N,6.13,6.14,6.13,6.13,0.04,18000,110390,6
2025-11-27,TWSE,020032,元大綠能N,7.72,7.73,7.69,7.69,0.10,54000,415520,3
2025-11-27,TWSE,020034,元大IC設計N,7.39,7.39,7.38,7.39,0.03,19000,140380,6
2025-11-27,TWSE,020036,元大金融配息N,,,,,0.00,0,0,0
2025-11-27,TWSE,020037,元大金融高股息N,7.72,7.72,7.72,7.72,-0.04,2000,15440,1
2025-11-27,TWSE,020038,元大ESG配息N,7.80,7.81,7.79,7.79,0.06,26000,202850,6
2025-11-27,TWSE,020039,元大加權N,8.71,8.71,8.70,8.70,0.09,19000,165310,3
2025-11-27,TWSE,1101,台泥,21.85,22.15,21.75,22.10,0.15,24336287,536251108,7555
2025-11-27,TWSE,1101B,台泥乙特,45.60,45.60,45.60,45.60,0.00,1084,49410,3
2025-11-27,TWSE,1102,亞泥,37.80,38.90,37.80,38.85,0.90,8702768,335331635,4250
2025-11-27,TWSE,1103,嘉泥,13.90,14.00,13.90,13.95,0.05,278726,3880180,197
2025-11-27,TWSE,1104,環泥,31.95,32.05,31.65,31.65,-0.30,420864,13368918,342
2025-11-27,TWSE,1108,幸福,14.95,15.05,14.95,14.95,-0.10,64264,963664,56
2025-11-27,TWSE,1109,信大,15.50,15.80,15.50,15.55,-0.10,85973,1346077,82
2025-11-27,TWSE,1110,東泥,16.55,16.65,16.50,16.60,0.05,43000,712900,28
2025-11-27,TWSE,1201,味全,14.85,14.90,14.85,14.90,0.00,134577,2002834,137
2025-11-27,TWSE,1203,味王,39.25,39.60,39.25,39.60,-0.20,22268,878844,40
2025-11-27,TWSE,1210,大成,52.00,52.30,51.70,52.00,-0.30,1821406,94485932,2111
2025-11-27,TWSE,1213,大飲,10.25,10.25,10.25,10.25,0.10,2077,21249,7
2025-11-27,TWSE,1215,卜蜂,144.50,146.00,139.50,141.50,-3.50,1109174,157344576,3711
2025-11-27,TWSE,1216,統一,75.00,77.20,75.00,76.60,1.40,11703058,893840302,6351
2025-11-27,TWSE,1217,愛之味,10.40,10.50,10.35,10.35,-0.10,228157,2369440,210
2025-11-27,TWSE,1218,泰山,18.15,18.30,18.15,18.15,-0.10,179159,3257808,174
2025-11-27,TWSE,1219,福壽,13.55,13.65,13.50,13.65,0.05,82403,1118767,114
2025-11-27,TWSE,1220,台榮,12.45,12.55,12.45,12.55,0.00,48225,602937,37
2025-11-27,TWSE,1225,福懋油,30.70,30.90,30.40,30.75,-0.15,110932,3391175,200
2025-11-27,TWSE,1227,佳格,30.60,30.80,30.60,30.75,0.00,298728,9156002,370
2025-11-27,TWSE,1229,聯華,47.85,48.35,47.85,48.05,-0.10,641807,30825558,1961
2025-11-27,TWSE,1231,聯華食,100.50,101.00,100.00,100.00,-1.00,183973,18495703,455
2025-11-27,TWSE,1232,大統益,143.50,145.00,143.50,144.00,0.00,48185,6935310,141
2025-11-27,TWSE,1233,天仁,31.65,31.65,31.65,31.65,0.10,1490,47088,8
2025-11-27,TWSE,1234,黑松,37.90,38.05,37.90,37.95,-0.10,48129,1828067,119
2025-11-27,TWSE,1235,興泰,47.85,47.85,47.85,47.85,-0.70,2075,99335,5
2025-11-27,TWSE,1236,宏亞,24.60,24.95,24.25,24.65,0.00,34783,853567,96
2025-11-27,TWSE,1256,鮮活果汁-KY,137.00,137.50,136.50,137.00,0.50,8790,1203285,49
2025-11-27,TWSE,1301,台塑,39.45,41.75,39.45,41.55,2.05,29933639,1218625532,14510
2025-11-27,TWSE,1303,南亞,52.40,56.20,52.40,56.20,5.10,153271208,8423612196,61247
2025-11-27,TWSE,1304,台聚,10.50,10.85,10.50,10.75,0.30,4364360,46668106,1548
2025-11-27,TWSE,1305,華夏,10.55,10.95,10.55,10.80,0.25,1037857,11198961,469
2025-11-27,TWSE,1307,三芳,34.45,34.60,33.60,33.80,-0.55,1047435,35594668,1236
2025-11-27,TWSE,1308,亞聚,12.35,12.95,12.35,12.95,0.55,2133677,27276878,905
2025-11-27,TWSE,1309,台達化,10.70,11.20,10.70,11.00,0.30,822061,9033357,494
2025-11-27,TWSE,1310,台苯,8.66,8.94,8.65,8.73,0.12,735971,6425573,421
2025-11-27,TWSE,1312,國喬,10.50,10.80,10.50,10.80,0.30,3654927,39088189,1292
2025-11-27,TWSE,1312A,國喬特,,,,,0.00,0,0,0
2025-11-27,TWSE,1313,聯成,9.76,9.92,9.73,9.86,0.16,1272664,12503632,709
2025-11-27,TWSE,1314,中石化,8.15,8.30,8.15,8.20,0.06,25158482,206904677,5029
2025-11-27,TWSE,1315,達新,64.90,64.90,64.70,64.70,-0.20,5637,365209,15
2025-11-27,TWSE,1316,上曜,15.50,15.70,15.10,15.25,-0.20,2855260,43829221,1114
2025-11-27,TWSE,1319,東陽,97.10,100.50,96.00,99.10,1.90,4658523,460688852,5163
2025-11-27,TWSE,1321,大洋,35.85,36.00,35.85,36.00,0.00,49100,1764588,47
2025-11-27,TWSE,1323,永裕,19.65,19.65,19.50,19.60,-0.05,7235,141581,11
2025-11-27,TWSE,1324,地球,10.45,10.50,10.45,10.50,0.00,17860,187129,44
2025-11-27,TWSE,1325,恆大,31.80,32.30,31.25,32.30,0.60,473006,15135832,370
2025-11-27,TWSE,1326,台化,31.60,33.30,31.60,33.15,1.55,21585266,704996069,10424
2025-11-27,TWSE,1337,再生-KY,4.88,4.92,4.85,4.92,0.05,232390,1135096,160
2025-11-27,TWSE,1338,廣華-KY,20.40,20.50,20.30,20.40,0.05,36263,738853,53
2025-11-27,TWSE,1339,昭輝,46.00,46.70,45.40,46.20,0.00,18369,844454,24
2025-11-27,TWSE,1340,勝悅-KY,7.16,7.35,6.93,6.93,-0.23,566005,3969653,410
2025-11-27,TWSE,1341,富林-KY,,,,,0.00,11,629,2
2025-11-27,TWSE,1342,八貫,86.90,87.30,85.30,85.60,-0.90,197564,17008325,308
2025-11-27,TWSE,1402,遠東新,27.80,28.15,27.70,28.05,0.20,7185925,200587066,3461
2025-11-27,TWSE,1409,新纖,15.95,16.10,15.70,15.85,0.05,5189680,82305754,1936
2025-11-27,TWSE,1410,南染,,,,,0.00,30,990,1
2025-11-27,TWSE,1413,宏洲,,,,,0.00,448,4152,2
2025-11-27,TWSE,1414,東和,17.40,17.60,17.40,17.60,0.20,234998,4100001,400
2025-11-27,TWSE,1416,廣豐,11.70,11.75,11.70,11.75,-0.05,35467,415438,57
2025-11-27,TWSE,1417,嘉裕,8.87,8.95,8.82,8.90,0.05,181910,1613610,115
2025-11-27,TWSE,1418,東華,20.00,20.20,20.00,20.10,0.10,5009,100780,13
2025-11-27,TWSE,1419,新紡,71.20,71.40,69.70,70.80,-1.30,469467,33134166,907
2025-11-27,TWSE,1423,利華,38.20,38.70,38.20,38.70,-0.15,24017,921795,21
2025-11-27,TWSE,1432,大魯閣,17.55,17.70,17.40,17.70,0.15,149470,2618568,386
2025-11-27,TWSE,1434,福懋,15.60,15.85,15.60,15.75,0.15,772621,12144419,488
2025-11-27,TWSE,1435,中福,24.25,24.25,24.20,24.20,0.00,3151,76290,9
2025-11-27,TWSE,1436,華友聯,62.80,65.30,62.80,65.20,2.30,277806,17883447,432
2025-11-27,TWSE,1437,勤益控,32.45,32.60,32.45,32.60,0.15,123346,4013347,81
2025-11-27,TWSE,1438,三地開發,33.80,34.10,33.40,34.10,0.30,36129,1223305,38
2025-11-27,TWSE,1439,雋揚,26.80,27.65,26.80,27.05,0.05,6000,163750,6
2025-11-27,TWSE,1440,南紡,14.00,14.10,13.80,13.85,-0.20,529885,7340132,470
2025-11-27,TWSE,1441,大東,10.75,10.90,10.70,10.70,-0.05,18368,197273,72
2025-11-27,TWSE,1442,名軒,32.50,33.40,32.50,33.25,0.65,877523,29023187,751
2025-11-27,TWSE,1443,立益物流,27.10,27.60,27.05,27.35,-0.20,8202,224653,13
2025-11-27,TWSE,1444,力麗,5.99,6.04,5.99,6.01,0.01,611477,3669124,367
2025-11-27,TWSE,1445,大宇,14.05,14.05,13.90,14.00,-0.10,8439,116852,126
2025-11-27,TWSE,1446,宏和,17.90,18.00,17.85,17.90,-0.20,51828,928260,49
2025-11-27,TWSE,1447,力鵬,5.38,5.44,5.36,5.40,0.02,316717,1709494,154
2025-11-27,TWSE,1449,佳和,10.30,10.30,10.20,10.20,-0.05,187910,1926103,194
2025-11-27,TWSE,1451,年興,17.35,17.35,17.25,17.35,0.00,81689,1412691,67
2025-11-27,TWSE,1452,宏益,11.70,11.75,11.70,11.75,0.00,48650,570889,43
2025-11-27,TWSE,1453,大將,12.30,12.45,12.30,12.35,0.00,19626,242819,48
2025-11-27,TWSE,1454,台富,13.30,13.60,13.00,13.60,0.30,102542,1378401,122
2025-11-27,TWSE,1455,集盛,7.69,7.72,7.54,7.61,-0.11,650174,4935136,405
2025-11-27,TWSE,1456,怡華,13.70,13.70,13.10,13.45,-0.05,30294,405887,52
2025-11-27,TWSE,1457,宜進,16.10,16.15,16.00,16.10,-0.10,90066,1445448,54
2025-11-27,TWSE,1459,聯發,11.80,11.90,11.65,11.90,0.05,118192,1394225,72
2025-11-27,TWSE,1460,宏遠,5.64,5.80,5.64,5.80,0.10,336680,1931356,193
2025-11-27,TWSE,1463,強盛新,18.75,19.05,18.75,19.05,0.15,117170,2220784,127
2025-11-27,TWSE,1464,得力,11.10,11.45,11.10,11.40,0.30,736016,8281882,346
2025-11-27,TWSE,1465,偉全,12.75,12.85,12.65,12.70,-0.10,43703,555803,65
2025-11-27,TWSE,1466,聚隆,14.85,14.85,14.40,14.40,-0.60,206327,3000564,125
2025-11-27,TWSE,1467,南緯,6.97,7.01,6.97,6.98,0.00,596969,4168111,55
2025-11-27,TWSE,1468,昶和,11.40,11.60,11.40,11.55,0.15,38000,436600,27
2025-11-27,TWSE,1470,大統新創,,,,,0.00,87,1900,1
2025-11-27,TWSE,1471,首利,8.89,9.11,8.80,8.89,0.09,202142,1799748,134
2025-11-27,TWSE,1472,三洋實業,91.50,91.80,91.50,91.80,0.50,32376,2967178,22
2025-11-27,TWSE,1473,台南,24.70,24.70,24.25,24.50,0.00,65064,1589105,121
2025-11-27,TWSE,1474,弘裕,11.65,11.85,11.55,11.55,-0.20,40493,469992,36
2025-11-27,TWSE,1475,業旺,37.20,37.25,36.70,36.90,-0.35,22050,814596,19
2025-11-27,TWSE,1476,儒鴻,431.50,434.00,424.00,430.50,-1.00,913422,390552636,1061
2025-11-27,TWSE,1477,聚陽,321.50,324.50,316.00,318.50,-2.50,1065770,340047683,4396
2025-11-27,TWSE,1503,士電,167.00,172.00,167.00,168.50,1.50,1570925,265903604,1742
2025-11-27,TWSE,1504,東元,87.50,88.70,86.60,88.60,1.40,17538055,1543850905,14856
2025-11-27,TWSE,1506,正道,11.70,11.85,11.60,11.75,-0.05,85133,997288,46
2025-11-27,TWSE,1512,瑞利,7.70,7.77,7.70,7.72,0.02,21040,162468,35
2025-11-27,TWSE,1513,中興電,150.50,153.50,150.00,150.50,0.50,4797088,727763162,4030
2025-11-27,TWSE,1514,亞力,97.60,98.60,96.70,97.10,-0.10,2251930,219814205,3788
2025-11-27,TWSE,1515,力山,27.85,28.00,27.40,27.55,-0.45,165191,4552593,241
2025-11-27,TWSE,1516,川飛,20.10,20.65,19.80,20.25,0.15,144680,2931723,136
2025-11-27,TWSE,1517,利奇,11.80,11.80,11.55,11.65,-0.10,125259,1457128,142
2025-11-27,TWSE,1519,華城,704.00,743.00,704.00,729.00,34.00,5678126,4127699179,9735
2025-11-27,TWSE,1521,大億,24.35,24.50,24.20,24.50,0.00,8064,195988,11
2025-11-27,TWSE,1522,堤維西,48.25,49.45,48.15,49.20,0.70,1917548,93828862,1801
2025-11-27,TWSE,1522A,堤維西甲特,,,,,0.00,71,3138,1
2025-11-27,TWSE,1524,耿鼎,29.70,30.00,29.45,29.90,0.30,626294,18666696,489
2025-11-27,TWSE,1525,江申,65.10,68.00,64.90,65.40,0.30,71628,4707497,58
2025-11-27,TWSE,1526,日馳,17.00,17.10,17.00,17.10,0.00,18178,309899,34
2025-11-27,TWSE,1527,鑽全,33.05,33.20,32.95,33.15,0.10,76051,2516592,112
2025-11-27,TWSE,1528,恩德,15.10,15.15,14.80,14.90,-0.20,1708539,25478655,958
2025-11-27,TWSE,1529,樂事綠能,19.40,19.40,19.05,19.15,-0.10,205545,3946249,225
2025-11-27,TWSE,1530,亞崴,27.05,27.05,27.00,27.00,0.10,4823,130346,23
2025-11-27,TWSE,1531,高林股,11.70,11.75,11.60,11.75,0.05,30704,358633,47
2025-11-27,TWSE,1532,勤美,28.20,28.30,27.70,28.20,0.25,1049314,29394106,787
2025-11-27,TWSE,1533,車王電,31.90,31.95,31.15,31.20,-0.75,76819,2413843,80
2025-11-27,TWSE,1535,中宇,55.00,55.30,54.80,54.90,0.30,24453,1342551,30
2025-11-27,TWSE,1536,和大,60.70,60.90,58.40,58.40,-1.10,1305688,77431870,1557
2025-11-27,TWSE,1537,廣隆,125.00,126.00,124.50,124.50,-1.50,28127,3513889,83
2025-11-27,TWSE,1538,正峰,26.60,26.70,24.90,25.35,1.05,16303,427500,27
2025-11-27,TWSE,1539,巨庭,17.65,17.65,17.10,17.20,-0.15,56235,971240,56
2025-11-27,TWSE,1540,喬福,22.10,22.10,21.60,21.90,-0.20,101211,2205433,97
2025-11-27,TWSE,1541,錩泰,23.85,23.85,23.75,23.75,-0.05,2136,50854,6
2025-11-27,TWSE,1558,伸興,99.20,99.30,98.50,98.90,-0.40,28130,2776999,42
2025-11-27,TWSE,1560,中砂,323.00,323.00,317.50,318.50,0.00,1476916,471865219,2775
2025-11-27,TWSE,1563,巧新,41.50,41.80,41.00,41.20,-0.10,185605,7624164,313
2025-11-27,TWSE,1568,倉佑,21.25,21.35,21.00,21.20,-0.10,89819,1900943,89
2025-11-27,TWSE,1582,信錦,68.80,68.80,67.60,68.00,-0.50,249558,16983760,398
2025-11-27,TWSE,1583,程泰,45.80,45.80,44.60,45.15,-0.70,9119,411940,16
2025-11-27,TWSE,1587,吉茂,42.90,43.50,41.65,43.00,0.20,1020706,43382927,1154
2025-11-27,TWSE,1589,永冠-KY,17.75,17.90,17.45,17.55,-0.35,473845,8320468,411
2025-11-27,TWSE,1590,亞德客-KY,895.00,907.00,883.00,897.00,2.00,805682,721696275,1162
2025-11-27,TWSE,1597,直得,74.00,74.00,73.20,73.30,-0.60,98450,7245850,118
2025-11-27,TWSE,1598,岱宇,22.35,22.35,21.70,22.20,-0.15,196646,4327422,200
2025-11-27,TWSE,1603,華電,37.95,38.25,37.55,37.75,-0.30,270594,10202363,307
2025-11-27,TWSE,1604,聲寶,24.60,24.75,24.50,24.60,-0.10,64846,1596323,108
2025-11-27,TWSE,1605,華新,29.00,29.60,28.70,29.20,0.30,46628407,1354544279,15723
2025-11-27,TWSE,1608,華榮,34.70,35.20,34.55,34.90,0.40,3221192,112260134,1657
2025-11-27,TWSE,1609,大亞,39.30,39.60,38.60,39.00,-0.20,2128805,83059011,2391
2025-11-27,TWSE,1611,中電,12.40,12.50,12.30,12.40,0.00,195429,2423074,147
2025-11-27,TWSE,1612,宏泰,35.20,35.60,35.10,35.30,0.00,611751,21574422,442
2025-11-27,TWSE,1614,三洋電,34.15,34.20,34.10,34.10,-0.20,48399,1652473,25
2025-11-27,TWSE,1615,大山,47.65,48.60,47.65,48.30,0.65,65294,3127867,75
2025-11-27,TWSE,1616,億泰,30.20,30.35,29.80,30.00,-0.05,522745,15685970,597
2025-11-27,TWSE,1617,榮星,14.25,14.40,14.25,14.30,0.10,28288,404781,32
2025-11-27,TWSE,1618,合機,41.90,42.30,41.80,42.10,0.20,275667,11577204,271
2025-11-27,TWSE,1626,艾美特-KY,12.25,12.30,12.00,12.30,0.00,116709,1420835,85
2025-11-27,TWSE,1702,南僑,37.65,37.95,37.65,37.85,-0.15,216094,8168964,227
2025-11-27,TWSE,1707,葡萄王,128.00,129.00,128.00,129.00,0.00,45191,5805959,116
2025-11-27,TWSE,1708,東鹼,33.10,33.10,32.40,32.65,-0.20,643906,20992842,611
2025-11-27,TWSE,1709,和益,16.65,16.85,16.60,16.75,0.05,146038,2441963,135
2025-11-27,TWSE,1710,東聯,11.80,12.05,11.80,12.05,0.15,610119,7278076,385
2025-11-27,TWSE,1711,永光,18.05,18.25,17.95,18.25,0.20,898500,16267640,504
2025-11-27,TWSE,1712,興農,42.60,43.20,42.60,42.85,-0.05,226807,9724653,454
2025-11-27,TWSE,1713,國化,43.00,43.20,42.85,42.95,0.00,62795,2696938,75
2025-11-27,TWSE,1714,和桐,8.16,8.22,8.10,8.15,-0.02,711489,5787193,377
2025-11-27,TWSE,1717,長興,39.15,39.65,38.95,39.55,0.55,4713942,185634245,2229
2025-11-27,TWSE,1718,中纖,6.84,6.90,6.77,6.84,0.00,1812925,12352064,719
2025-11-27,TWSE,1720,生達,63.70,63.80,62.60,63.00,-0.80,332411,20931544,764
2025-11-27,TWSE,1721,國慶科技,11.00,11.20,11.00,11.15,0.00,155081,1721850,148
2025-11-27,TWSE,1722,台肥,46.95,47.15,46.95,47.05,-0.05,1882649,88518386,887
2025-11-27,TWSE,1723,中碳,73.90,74.20,73.00,73.80,-0.10,1000943,73606540,1030
2025-11-27,TWSE,1725,元禎,26.25,26.25,25.90,26.20,-0.15,43550,1137940,33
2025-11-27,TWSE,1726,永記,75.40,76.00,75.40,76.00,0.10,18025,1365606,19
2025-11-27,TWSE,1727,中華化,39.00,40.80,37.85,40.55,0.70,14868497,588344144,9103
2025-11-27,TWSE,1730,花仙子,53.10,53.40,52.60,52.80,-0.30,65243,3452036,77
2025-11-27,TWSE,1731,美吾華,21.85,21.90,21.75,21.80,-0.05,52639,1147934,52
2025-11-27,TWSE,1732,毛寶,29.00,29.25,28.80,29.05,0.05,129142,3749009,101
2025-11-27,TWSE,1733,五鼎,30.50,30.50,30.15,30.25,-0.40,92517,2802321,173
2025-11-27,TWSE,1734,杏輝,31.20,31.30,31.10,31.15,-0.10,117423,3662854,160
2025-11-27,TWSE,1735,日勝化,14.75,14.75,14.60,14.60,-0.05,4101,60115,28
2025-11-27,TWSE,1736,喬山,168.00,168.50,162.50,163.00,-4.00,644622,105803270,2879
2025-11-27,TWSE,1737,臺鹽,31.80,31.80,31.55,31.65,-0.20,69172,2187020,116
2025-11-27,TWSE,1752,南光,38.10,38.20,38.00,38.00,0.00,43293,1650347,44
2025-11-27,TWSE,1760,寶齡富錦,66.20,67.10,66.10,67.00,-0.20,66808,4444031,290
2025-11-27,TWSE,1762,中化生,24.70,24.85,24.60,24.80,-0.10,17969,444485,98
2025-11-27,TWSE,1773,勝一,139.00,141.00,139.00,140.00,1.50,225227,31585908,304
2025-11-27,TWSE,1776,展宇,15.10,15.10,15.05,15.10,0.05,10861,163885,19
2025-11-27,TWSE,1783,和康生,43.30,43.50,42.95,43.00,0.05,69156,2982401,56
2025-11-27,TWSE,1786,科妍,81.50,82.70,81.00,82.30,0.80,318968,26076107,306
2025-11-27,TWSE,1789,神隆,17.50,17.65,17.40,17.55,-0.05,256083,4481723,171
2025-11-27,TWSE,1795,美時,315.50,326.00,312.00,317.50,2.00,8640242,2757035243,25880
2025-11-27,TWSE,1802,台玻,31.90,33.20,31.75,33.10,1.70,87698741,2856015190,35569
2025-11-27,TWSE,1805,寶徠,12.25,12.35,12.15,12.15,0.00,76919,944211,47
2025-11-27,TWSE,1806,冠軍,9.00,9.08,9.00,9.01,-0.04,160209,1445642,221
2025-11-27,TWSE,1808,潤隆,32.60,34.20,32.55,33.05,0.30,2443073,81597779,2668
2025-11-27,TWSE,1809,中釉,18.05,18.30,17.75,18.05,0.15,381935,6864932,298
2025-11-27,TWSE,1810,和成,19.00,19.00,17.80,17.95,-0.80,7093469,129323900,3457
2025-11-27,TWSE,1817,凱撒衛,38.55,38.55,38.35,38.55,0.10,39438,1516980,34
2025-11-27,TWSE,1903,士紙,56.20,56.40,55.20,55.80,-0.40,170405,9477444,258
2025-11-27,TWSE,1904,正隆,18.30,18.60,18.20,18.25,-0.05,514098,9447487,483
2025-11-27,TWSE,1905,華紙,12.00,12.30,12.00,12.20,0.10,1298086,15793537,587
2025-11-27,TWSE,1906,寶隆,12.45,12.50,12.35,12.50,0.15,66225,823796,54
2025-11-27,TWSE,1907,永豐餘,27.00,27.30,27.00,27.30,0.15,472361,12835768,273
2025-11-27,TWSE,1909,榮成,10.20,10.60,10.20,10.60,0.35,3676463,38490627,943
2025-11-27,TWSE,2002,中鋼,18.10,18.25,18.05,18.20,0.05,17631184,320111799,7864
2025-11-27,TWSE,2002A,中鋼特,38.75,38.75,38.70,38.75,0.05,12060,467274,14
2025-11-27,TWSE,2006,東和鋼鐵,67.30,67.80,66.80,67.80,0.50,3127087,211148657,2658
2025-11-27,TWSE,2007,燁興,7.15,7.18,7.12,7.18,0.05,140638,1005814,70
2025-11-27,TWSE,2008,高興昌,29.40,29.40,29.35,29.40,0.05,11232,329992,16
2025-11-27,TWSE,2009,第一銅,40.30,41.20,38.90,39.20,-0.35,3456383,137695473,2405
2025-11-27,TWSE,2010,春源,20.35,20.50,20.30,20.40,0.15,812811,16571004,435
2025-11-27,TWSE,2012,春雨,15.45,15.55,15.20,15.40,-0.15,27165,417091,87
2025-11-27,TWSE,2013,中鋼構,41.25,42.75,41.25,42.00,1.00,224845,9485416,237
2025-11-27,TWSE,2014,中鴻,15.30,15.50,15.00,15.25,0.05,4121230,62678920,1513
2025-11-27,TWSE,2015,豐興,62.00,62.70,62.00,62.70,0.40,170161,10610992,139
2025-11-27,TWSE,2017,官田鋼,8.70,8.95,8.70,8.85,0.12,419339,3723658,281
2025-11-27,TWSE,2020,美亞,23.15,23.30,22.95,23.05,-0.10,174670,4026881,213
2025-11-27,TWSE,2022,聚亨,8.39,8.45,8.19,8.30,-0.02,477732,3955419,309
2025-11-27,TWSE,2023,燁輝,14.90,14.95,14.80,14.90,-0.05,535326,7966969,249
2025-11-27,TWSE,2024,志聯,16.25,16.25,16.10,16.10,-0.20,8568,138580,58
2025-11-27,TWSE,2025,千興,9.22,9.22,9.11,9.17,-0.05,17418,159868,36
2025-11-27,TWSE,2027,大成鋼,38.20,38.50,37.70,38.20,-0.25,10038106,383192387,5251
2025-11-27,TWSE,2028,威致,15.95,16.40,15.90,16.40,0.25,55830,901902,46
2025-11-27,TWSE,2029,盛餘,20.50,20.75,20.50,20.70,0.05,77289,1597699,75
2025-11-27,TWSE,2030,彰源,13.85,13.95,13.80,13.80,-0.05,93721,1296182,93
2025-11-27,TWSE,2031,新光鋼,39.15,39.30,38.75,39.10,0.00,510601,19953309,385
2025-11-27,TWSE,2032,新鋼,14.40,14.40,14.15,14.30,0.00,109726,1565433,96
2025-11-27,TWSE,2033,佳大,15.60,15.75,15.60,15.60,0.00,115000,1800200,62
2025-11-27,TWSE,2034,允強,20.75,20.80,20.35,20.55,-0.05,2221352,45607941,875
2025-11-27,TWSE,2038,海光,13.80,14.05,13.60,13.90,0.15,141073,1952256,112
2025-11-27,TWSE,2049,上銀,189.00,190.50,187.00,189.00,1.00,1993031,375568987,2274
2025-11-27,TWSE,2059,川湖,3450.00,3650.00,3420.00,3605.00,205.00,1633252,5788689630,5575
2025-11-27,TWSE,2062,橋椿,20.55,20.60,20.25,20.50,-0.05,157139,3207097,122
2025-11-27,TWSE,2069,運錩,15.95,16.15,15.95,16.10,0.10,161330,2594594,100
2025-11-27,TWSE,2101,南港,36.90,37.95,36.90,37.75,0.60,1078245,40600159,824
2025-11-27,TWSE,2102,泰豐,19.75,20.00,19.75,20.00,0.10,165785,3303691,159
2025-11-27,TWSE,2103,台橡,14.85,15.30,14.60,15.25,0.45,3109828,46845407,1139
2025-11-27,TWSE,2104,國際中橡,9.76,9.98,9.73,9.87,0.14,1939101,19075125,1008
2025-11-27,TWSE,2105,正新,32.15,32.15,31.60,32.00,-0.30,9546835,303803998,4086
2025-11-27,TWSE,2106,建大,20.30,20.55,20.20,20.30,-0.20,380255,7718665,273
2025-11-27,TWSE,2107,厚生,23.80,23.80,23.50,23.70,-0.10,326663,7725185,178
2025-11-27,TWSE,2108,南帝,22.90,23.40,22.85,23.30,0.40,511395,11818990,330
2025-11-27,TWSE,2109,華豐,15.20,15.25,15.00,15.20,0.00,178090,2692875,99
2025-11-27,TWSE,2114,鑫永銓,90.20,90.20,89.80,89.90,-0.40,39069,3515136,170
2025-11-27,TWSE,2115,六暉-KY,25.15,25.15,25.05,25.10,-0.20,18354,460821,17
2025-11-27,TWSE,2201,裕隆,35.65,36.45,35.60,36.00,0.40,3242817,116726463,2112
2025-11-27,TWSE,2204,中華,60.30,61.00,59.70,60.80,-0.20,1098956,66341184,1941
2025-11-27,TWSE,2206,三陽工業,62.00,62.50,62.00,62.50,0.20,442130,27567360,578
2025-11-27,TWSE,2207,和泰車,596.00,609.00,596.00,602.00,-3.00,199597,120158621,1243
2025-11-27,TWSE,2208,台船,23.55,23.75,21.45,21.80,-1.45,24946276,556068684,14974
2025-11-27,TWSE,2211,長榮鋼,119.50,120.00,116.50,118.50,-2.00,1980855,233654442,1807
2025-11-27,TWSE,2227,裕日車,55.70,57.00,55.70,56.10,-0.40,19296,1087368,29
2025-11-27,TWSE,2228,劍麟,93.50,102.00,92.50,102.00,8.90,2889146,291034187,3690
2025-11-27,TWSE,2231,為升,117.00,117.50,106.00,107.50,-4.50,7185130,797818270,5703
2025-11-27,TWSE,2233,宇隆,199.50,201.00,197.00,197.50,-1.00,353860,70313787,1443
2025-11-27,TWSE,2236,百達-KY,92.50,94.70,89.40,94.40,2.20,2530093,234404336,1095
2025-11-27,TWSE,2239,英利-KY,32.00,33.50,31.95,33.15,1.25,150707,4921416,143
2025-11-27,TWSE,2241,艾姆勒,36.15,36.20,35.45,36.20,0.45,272064,9763452,226
2025-11-27,TWSE,2243,宏旭-KY,10.95,11.00,10.85,11.00,-0.10,89374,976009,72
2025-11-27,TWSE,2247,汎德永業,295.00,295.50,294.00,295.00,1.50,48390,14268279,155
2025-11-27,TWSE,2248,華勝-KY,49.75,50.00,49.65,50.00,0.00,46301,2305200,22
2025-11-27,TWSE,2250,IKKA-KY,75.20,75.90,74.60,75.30,-0.40,32989,2476787,104
2025-11-27,TWSE,2254,巨鎧精密-創,60.20,60.20,60.20,60.20,0.20,1003,60380,3
2025-11-27,TWSE,2258,鴻華先進-創,40.30,41.60,40.25,40.65,0.10,458630,18736510,326
2025-11-27,TWSE,2301,光寶科,159.50,160.00,158.00,158.00,-0.50,9840705,1561883942,6834
2025-11-27,TWSE,2302,麗正,19.00,19.35,18.70,19.05,0.20,293429,5567662,224
2025-11-27,TWSE,2303,聯電,45.30,45.95,45.20,45.95,0.50,31977210,1457694358,13015
2025-11-27,TWSE,2305,全友,10.70,10.75,10.55,10.65,-0.10,105976,1127548,74
2025-11-27,TWSE,2308,台達電,955.00,959.00,938.00,942.00,-3.00,8820259,8357935732,19040
2025-11-27,TWSE,2312,金寶,22.70,22.75,22.40,22.50,-0.05,15117646,341221697,6003
2025-11-27,TWSE,2313,華通,83.60,85.80,83.20,85.30,3.10,15861753,1344536600,12358
2025-11-27,TWSE,2314,台揚,23.50,23.70,23.50,23.70,0.70,194991,4588095,176
2025-11-27,TWSE,2316,楠梓電,109.00,117.50,108.50,117.50,10.50,38383086,4426073139,24432
2025-11-27,TWSE,2317,鴻海,229.00,232.00,226.00,231.00,4.00,63038658,14475516970,54522
2025-11-27,TWSE,2321,東訊,16.60,17.95,16.60,17.95,0.00,12465,217282,16
2025-11-27,TWSE,2323,中環,9.36,9.44,9.34,9.39,0.04,1317564,12348323,546
2025-11-27,TWSE,2324,仁寶,29.70,29.95,29.30,29.60,0.10,23261878,686803921,9297
2025-11-27,TWSE,2327,國巨*,233.00,238.00,232.00,236.00,4.00,30143908,7094544896,26347
2025-11-27,TWSE,2328,廣宇,47.45,47.60,46.85,47.20,0.25,1816613,85677042,1403
2025-11-27,TWSE,2329,華泰,46.50,47.25,46.50,47.00,0.65,4916492,230677718,3275
2025-11-27,TWSE,2330,台積電,1450.00,1455.00,1430.00,1435.00,-5.00,24202285,34888318204,47132
2025-11-27,TWSE,2331,精英,20.60,20.95,20.50,20.90,0.45,1613186,33506777,796
2025-11-27,TWSE,2332,友訊,15.60,15.75,15.45,15.75,0.15,1258000,19635767,654
2025-11-27,TWSE,2337,旺宏,33.40,33.85,32.55,33.70,0.85,77316908,2576200338,28952
2025-11-27,TWSE,2338,光罩,35.20,35.45,35.05,35.45,0.55,480416,16947354,422
2025-11-27,TWSE,2340,台亞,24.25,25.05,24.20,24.80,0.55,1677950,41260499,1095
2025-11-27,TWSE,2342,茂矽,29.00,29.15,28.70,29.10,0.55,1114354,32264254,598
2025-11-27,TWSE,2344,華邦電,55.20,57.00,54.70,56.90,3.30,161180525,9005994366,79901
2025-11-27,TWSE,2345,智邦,1025.00,1080.00,1015.00,1030.00,31.00,8314814,8666550755,15923
2025-11-27,TWSE,2347,聯強,62.20,62.50,61.80,62.00,-0.20,4454639,276615221,2500
2025-11-27,TWSE,2348,海悅,83.80,88.00,83.40,86.50,3.90,1540032,133521701,3050
2025-11-27,TWSE,2348A,海悅甲特,36.55,36.55,36.10,36.10,-0.20,65490,2377536,19
2025-11-27,TWSE,2349,錸德,8.84,8.99,8.81,8.88,0.05,793735,7023379,454
2025-11-27,TWSE,2351,順德,80.00,80.30,78.90,79.60,-0.20,808965,64438035,677
2025-11-27,TWSE,2352,佳世達,28.15,28.50,27.80,28.20,0.30,2503799,70405644,2308
2025-11-27,TWSE,2353,宏碁,27.40,27.70,27.20,27.25,-0.05,20129616,549787270,7031
2025-11-27,TWSE,2354,鴻準,64.70,65.10,64.10,64.90,0.50,4383421,282871387,3306
2025-11-27,TWSE,2355,敬鵬,31.00,31.15,30.85,31.15,0.25,614991,19062354,642
2025-11-27,TWSE,2356,英業達,43.60,44.25,43.10,43.50,0.10,27247728,1188037380,14969
2025-11-27,TWSE,2357,華碩,612.00,619.00,610.00,611.00,-1.00,2851548,1749409365,4216
2025-11-27,TWSE,2359,所羅門,130.00,130.50,126.50,130.00,1.00,1621496,208808701,1645
2025-11-27,TWSE,2360,致茂,805.00,826.00,802.00,811.00,11.00,2599976,2109948112,4021
2025-11-27,TWSE,2362,藍天,40.45,40.95,39.90,40.95,0.55,539492,21878497,479
2025-11-27,TWSE,2363,矽統,48.45,48.95,48.40,48.75,0.45,1237081,60133227,1347
2025-11-27,TWSE,2364,倫飛,69.10,70.50,68.60,69.10,0.90,258853,17940209,510
2025-11-27,TWSE,2365,昆盈,34.50,34.50,33.45,33.60,-0.45,975524,32984268,1431
2025-11-27,TWSE,2367,燿華,24.20,24.40,24.00,24.10,0.10,1825403,44133796,1135
2025-11-27,TWSE,2368,金像電,621.00,638.00,613.00,627.00,17.00,18674852,11720346669,22870
2025-11-27,TWSE,2369,菱生,19.85,20.25,19.80,20.10,0.50,2391862,47978913,1306
2025-11-27,TWSE,2371,大同,31.90,32.80,31.70,32.70,0.90,17809613,574730346,7642
2025-11-27,TWSE,2373,震旦行,56.80,57.00,56.70,57.00,-0.10,12439,706704,23
2025-11-27,TWSE,2374,佳能,82.10,82.20,79.90,80.40,-0.80,6539816,526905949,8125
2025-11-27,TWSE,2375,凱美,92.40,94.20,91.40,93.20,1.10,4450479,413116929,3408
2025-11-27,TWSE,2376,技嘉,248.50,249.00,244.00,247.00,1.00,2619777,644447427,3094
2025-11-27,TWSE,2377,微星,108.00,108.50,106.00,107.00,-1.00,5435585,580796732,3918
2025-11-27,TWSE,2379,瑞昱,524.00,524.00,512.00,521.00,0.00,2068044,1069040495,2463
2025-11-27,TWSE,2380,虹光,4.52,4.77,4.51,4.57,0.04,25922,117657,33
2025-11-27,TWSE,2382,廣達,279.00,282.00,278.00,281.50,2.00,6596605,1849449783,7214
2025-11-27,TWSE,2383,台光電,1500.00,1515.00,1470.00,1495.00,25.00,3120888,4654389550,6593
2025-11-27,TWSE,2385,群光,118.00,119.50,117.00,119.50,1.50,2812226,333331327,2265
2025-11-27,TWSE,2387,精元,40.20,40.30,39.60,40.15,0.00,167878,6714973,244
2025-11-27,TWSE,2388,威盛,51.70,51.80,50.80,51.30,-0.20,1293999,66291926,1114
2025-11-27,TWSE,2390,云辰,9.27,9.38,9.27,9.28,-0.06,104319,970303,141
2025-11-27,TWSE,2392,正崴,39.50,39.50,38.60,39.20,-0.10,1639587,63837721,1468
2025-11-27,TWSE,2393,億光,51.60,52.10,50.50,52.10,0.90,2987955,153152217,2258
2025-11-27,TWSE,2395,研華,288.00,291.50,286.50,288.00,-1.50,2129047,613277827,2850
2025-11-27,TWSE,2397,友通,63.30,63.50,62.10,62.40,-0.70,91754,5754363,388
2025-11-27,TWSE,2399,映泰,22.65,23.30,21.95,22.45,0.35,2703087,60829818,1737
2025-11-27,TWSE,2401,凌陽,20.00,20.10,19.75,20.00,0.10,1070323,21292764,724
2025-11-27,TWSE,2402,毅嘉,49.60,49.75,48.80,49.25,0.05,1842714,90502819,1618
2025-11-27,TWSE,2404,漢唐,804.00,804.00,787.00,791.00,-8.00,1196937,952092679,3164
2025-11-27,TWSE,2405,輔信,17.15,17.15,16.90,17.10,0.15,499145,8486598,277
2025-11-27,TWSE,2406,國碩,21.20,22.00,20.70,21.60,1.15,14342127,307051467,8001
2025-11-27,TWSE,2408,南亞科,141.50,146.00,139.50,146.00,9.50,140139975,20076800905,78550
2025-11-27,TWSE,2409,友達,11.45,11.55,11.30,11.50,0.20,44063235,503436144,7288
2025-11-27,TWSE,2412,中華電,130.50,131.00,130.50,131.00,0.00,4231967,553511172,3867
2025-11-27,TWSE,2413,環科,29.00,29.25,28.00,29.25,2.65,4575659,133217032,1975
2025-11-27,TWSE,2414,精技,41.00,41.40,41.00,41.20,-0.15,54801,2258200,60
2025-11-27,TWSE,2415,錩新,26.00,26.15,25.80,26.00,-0.10,75613,1963143,49
2025-11-27,TWSE,2417,圓剛,36.70,37.10,36.20,36.40,-0.30,205917,7523011,406
2025-11-27,TWSE,2419,仲琦,22.00,22.10,21.95,22.10,0.15,248222,5466647,194
2025-11-27,TWSE,2420,新巨,49.90,50.00,49.50,49.65,-0.20,87765,4366418,113
2025-11-27,TWSE,2421,建準,171.50,171.50,164.00,166.00,-2.50,3904904,652320727,4331
2025-11-27,TWSE,2423,固緯,52.60,53.50,52.50,53.00,0.50,83675,4426105,73
2025-11-27,TWSE,2424,隴華,32.80,33.35,31.90,33.00,-0.50,44456,1439015,46
2025-11-27,TWSE,2425,承啟,28.60,29.05,28.40,28.55,0.00,159407,4589155,216
2025-11-27,TWSE,2426,鼎元,15.90,16.10,15.80,16.10,0.15,218016,3473799,173
2025-11-27,TWSE,2427,三商電,28.50,29.10,28.10,28.45,0.00,5342422,152480981,2602
2025-11-27,TWSE,2428,興勤,187.00,191.50,185.00,188.00,2.50,915787,172481884,2119
2025-11-27,TWSE,2429,銘旺科,89.00,89.40,82.30,85.90,3.70,2325634,198153366,2434
2025-11-27,TWSE,2430,燦坤,23.50,23.50,23.00,23.45,-0.20,164715,3834925,173
2025-11-27,TWSE,2431,聯昌,11.80,11.80,11.35,11.40,-0.10,232235,2674183,137
2025-11-27,TWSE,2432,倚天酷碁-創,26.60,26.60,26.40,26.60,0.00,25000,662000,11
2025-11-27,TWSE,2433,互盛電,48.00,48.00,47.65,47.85,-0.15,10910,521301,29
2025-11-27,TWSE,2434,統懋,30.40,30.95,30.40,30.80,0.45,43501,1334747,52
2025-11-27,TWSE,2436,偉詮電,45.00,45.30,44.40,44.75,-0.10,580108,25899227,642
2025-11-27,TWSE,2438,翔耀,25.50,25.50,24.00,25.45,0.05,178701,4439233,168
2025-11-27,TWSE,2439,美律,104.00,104.00,102.50,104.00,1.00,869800,89903646,753
2025-11-27,TWSE,2440,太空梭,12.40,12.55,12.35,12.55,0.10,108524,1347686,72
2025-11-27,TWSE,2441,超豐,68.80,70.40,68.80,69.80,0.80,1068876,74479259,1263
2025-11-27,TWSE,2442,新美齊,24.50,24.70,24.45,24.65,0.15,255082,6270217,294
2025-11-27,TWSE,2444,兆勁,10.80,11.15,10.80,11.15,0.35,180796,1991103,140
2025-11-27,TWSE,2449,京元電子,215.00,224.00,215.00,222.00,10.00,37184770,8183742031,33966
2025-11-27,TWSE,2450,神腦,28.80,29.00,28.80,28.90,-0.10,37329,1077198,85
2025-11-27,TWSE,2451,創見,185.00,192.00,182.00,192.00,9.00,2509825,472166483,2571
2025-11-27,TWSE,2453,凌群,53.20,53.20,52.10,52.20,-0.10,232681,12186586,203
2025-11-27,TWSE,2454,聯發科,1360.00,1370.00,1325.00,1340.00,40.00,20617533,27664800312,36441
2025-11-27,TWSE,2455,全新,144.00,144.50,138.00,138.00,-4.50,4066265,571569308,3774
2025-11-27,TWSE,2457,飛宏,28.80,29.35,28.60,29.05,0.45,1665122,48250729,1404
2025-11-27,TWSE,2458,義隆,132.00,133.00,129.50,131.00,-0.50,848315,110942043,848
2025-11-27,TWSE,2459,敦吉,66.70,67.00,66.40,66.60,-0.10,42513,2836015,55
2025-11-27,TWSE,2460,建通,15.10,16.30,15.10,16.30,1.45,1135313,18307362,1235
2025-11-27,TWSE,2461,光群雷,15.00,15.35,15.00,15.15,0.05,110202,1666537,89
2025-11-27,TWSE,2462,良得電,21.65,21.75,21.60,21.70,0.05,56120,1214810,77
2025-11-27,TWSE,2464,盟立,60.50,60.90,58.90,59.40,-0.10,719658,42799241,1081
2025-11-27,TWSE,2465,麗臺,54.50,56.00,53.80,55.80,2.00,423716,23343328,633
2025-11-27,TWSE,2466,冠西電,50.40,53.40,49.85,53.10,2.30,751545,39096253,532
2025-11-27,TWSE,2467,志聖,195.50,201.50,194.00,197.50,4.00,2415181,479421275,3570
2025-11-27,TWSE,2468,華經,44.40,45.20,43.65,43.75,-0.50,523066,23193244,588
2025-11-27,TWSE,2471,資通,50.50,50.70,49.95,50.60,0.40,72583,3647855,79
2025-11-27,TWSE,2472,立隆電,107.50,109.50,106.50,108.50,2.00,4588225,494915883,3349
2025-11-27,TWSE,2474,可成,199.00,201.50,197.00,201.50,2.00,2752087,549013116,2308
2025-11-27,TWSE,2476,鉅祥,87.90,88.50,87.00,87.10,-0.80,630229,55246132,658
2025-11-27,TWSE,2477,美隆電,23.60,24.15,23.60,23.95,0.45,174472,4150334,130
2025-11-27,TWSE,2478,大毅,60.10,62.10,59.80,61.90,1.90,1824435,111807525,2022
2025-11-27,TWSE,2480,敦陽科,149.00,151.00,149.00,150.50,1.50,68169,10229559,147
2025-11-27,TWSE,2481,強茂,89.00,89.10,84.80,85.70,-1.30,32265914,2773871569,23843
2025-11-27,TWSE,2482,連宇,17.00,17.55,17.00,17.20,0.20,107945,1864413,117
2025-11-27,TWSE,2483,百容,19.05,19.15,18.60,18.85,-0.30,107807,2037967,91
2025-11-27,TWSE,2484,希華,20.50,20.50,20.30,20.50,0.05,175323,3577327,141
2025-11-27,TWSE,2485,兆赫,19.80,21.50,19.45,21.50,1.95,30762727,640037837,13261
2025-11-27,TWSE,2486,一詮,94.00,96.80,93.40,95.50,2.20,9471008,900563983,8058
2025-11-27,TWSE,2488,漢平,45.85,45.85,45.35,45.55,0.15,65088,2966033,87
2025-11-27,TWSE,2489,瑞軒,14.85,15.00,14.70,14.95,0.15,1125510,16730109,778
2025-11-27,TWSE,2491,吉祥全,14.60,14.75,14.20,14.60,0.00,255749,3705035,177
2025-11-27,TWSE,2492,華新科,118.00,120.00,117.00,119.50,2.50,5826511,690846486,4328
2025-11-27,TWSE,2493,揚博,93.60,93.60,92.40,93.30,0.70,295279,27463409,394
2025-11-27,TWSE,2495,普安,26.60,28.95,26.50,28.85,2.50,20805638,580350829,10354
2025-11-27,TWSE,2496,卓越,68.60,68.60,68.00,68.20,-0.40,30580,2084106,27
2025-11-27,TWSE,2497,怡利電,42.70,42.75,42.05,42.20,-0.50,61762,2613750,130
2025-11-27,TWSE,2498,宏達電,49.50,49.50,48.80,49.10,0.00,4211204,206885633,2575
2025-11-27,TWSE,2501,國建,21.80,22.20,21.80,22.20,0.40,2094195,46137542,1011
2025-11-27,TWSE,2504,國產,35.70,35.70,35.25,35.40,-0.25,1200567,42535220,1217
2025-11-27,TWSE,2505,國揚,19.50,19.50,19.10,19.15,-0.10,91664,1767319,74
2025-11-27,TWSE,2506,太設,9.60,9.61,9.57,9.59,-0.01,44994,431638,43
2025-11-27,TWSE,2509,全坤建,14.50,14.80,14.50,14.75,0.15,113138,1654266,98
2025-11-27,TWSE,2511,太子,8.37,8.42,8.31,8.32,-0.08,813868,6791334,381
2025-11-27,TWSE,2514,龍邦,14.60,14.75,14.60,14.75,0.00,28553,418471,55
2025-11-27,TWSE,2515,中工,14.10,14.20,13.95,14.20,0.15,4846204,68338612,1589
2025-11-27,TWSE,2516,新建,14.45,14.45,14.20,14.40,0.05,191007,2733348,67
2025-11-27,TWSE,2520,冠德,33.00,33.10,32.65,33.00,0.00,1211973,39827418,1103
2025-11-27,TWSE,2524,京城,44.10,45.00,43.75,44.40,0.30,122921,5450457,122
2025-11-27,TWSE,2527,宏璟,27.55,28.85,27.55,28.80,1.25,1080564,30680499,759
2025-11-27,TWSE,2528,皇普,29.35,30.55,29.35,30.35,1.25,920234,27606132,643
2025-11-27,TWSE,2530,華建,28.35,28.55,28.05,28.40,0.05,774426,21888520,388
2025-11-27,TWSE,2534,宏盛,20.25,20.40,20.25,20.40,0.05,399142,8122030,189
2025-11-27,TWSE,2535,達欣工,63.20,63.70,63.00,63.00,-0.40,146499,9257358,320
2025-11-27,TWSE,2536,宏普,25.70,26.20,25.70,26.20,0.45,312791,8131973,132
2025-11-27,TWSE,2537,聯上發,10.60,10.90,10.60,10.85,0.20,535100,5767730,266
2025-11-27,TWSE,2538,基泰,11.10,11.20,11.00,11.10,-0.05,163745,1814104,86
2025-11-27,TWSE,2539,櫻花建,44.70,45.65,44.70,45.65,0.85,430594,19491456,413
2025-11-27,TWSE,2540,愛山林,47.75,48.90,47.65,48.50,0.50,660022,31935470,818
2025-11-27,TWSE,2542,興富發,37.50,38.50,37.50,38.25,0.60,4208526,160660536,2504
2025-11-27,TWSE,2543,皇昌,62.00,62.20,61.40,62.00,0.20,1001445,61931065,1515
2025-11-27,TWSE,2545,皇翔,39.25,39.50,39.15,39.35,0.10,225414,8860488,398
2025-11-27,TWSE,2546,根基,89.00,89.50,88.80,89.20,-0.30,42870,3819242,196
2025-11-27,TWSE,2547,日勝生,10.70,10.80,10.65,10.70,-0.05,289556,3096310,186
2025-11-27,TWSE,2548,華固,100.50,104.00,100.50,103.50,3.00,910221,93592589,988
2025-11-27,TWSE,2597,潤弘,168.50,170.00,165.00,168.50,-1.50,539560,90048023,4374
2025-11-27,TWSE,2601,益航,5.68,5.68,5.51,5.55,-0.07,703758,3904879,352
2025-11-27,TWSE,2603,長榮,183.00,183.50,180.50,180.50,-1.50,7030688,1272929887,7211
2025-11-27,TWSE,2605,新興,26.00,26.15,24.90,25.30,-0.55,8391473,213416483,4480
2025-11-27,TWSE,2606,裕民,62.80,62.90,59.60,60.40,-2.70,15901075,964013872,16646
2025-11-27,TWSE,2607,榮運,58.70,59.00,57.90,58.30,-0.80,1069708,62349047,714
2025-11-27,TWSE,2608,嘉里大榮,33.65,33.75,33.60,33.75,-0.15,36390,1224249,97
2025-11-27,TWSE,2609,陽明,52.50,52.80,51.60,52.10,-0.40,16654887,866044052,8420
2025-11-27,TWSE,2610,華航,19.40,19.40,19.15,19.30,-0.05,13653102,262971248,4346
2025-11-27,TWSE,2611,志信,15.10,15.15,14.90,15.05,-0.05,142764,2141694,135
2025-11-27,TWSE,2612,中航,58.50,59.70,56.80,58.20,0.60,3493524,203329534,3175
2025-11-27,TWSE,2613,中櫃,25.20,25.20,24.25,24.40,-0.45,373572,9137849,444
2025-11-27,TWSE,2614,東森,22.85,22.85,22.10,22.40,-0.20,1096889,24574749,968
2025-11-27,TWSE,2615,萬海,83.30,83.40,80.70,81.40,-1.30,14072258,1145335758,15334
2025-11-27,TWSE,2616,山隆,13.60,13.65,13.60,13.65,0.05,72283,985305,157
2025-11-27,TWSE,2617,台航,31.25,31.35,30.10,30.65,-0.35,1251988,38417708,774
2025-11-27,TWSE,2618,長榮航,34.45,34.45,33.95,34.15,-0.15,12894852,439908060,5596
2025-11-27,TWSE,2630,亞航,57.10,57.60,50.90,51.10,-3.50,20467388,1088911103,12951
2025-11-27,TWSE,2633,台灣高鐵,27.90,27.95,27.55,27.85,-0.20,4488158,124445833,2890
2025-11-27,TWSE,2634,漢翔,57.10,58.30,52.50,52.90,-2.50,68400605,3727152146,36763
2025-11-27,TWSE,2636,台驊控股,67.30,67.40,66.60,66.80,-0.50,155991,10419271,660
2025-11-27,TWSE,2637,慧洋-KY,67.70,67.70,65.20,65.70,-2.00,6848597,453006521,8369
2025-11-27,TWSE,2642,宅配通,26.85,27.15,26.60,26.85,0.00,33746,903635,223
2025-11-27,TWSE,2645,長榮航太,158.00,159.00,151.50,153.50,-2.50,7876190,1216278628,6832
2025-11-27,TWSE,2646,星宇航空,23.20,23.25,23.05,23.25,0.05,2042788,47283964,1764
2025-11-27,TWSE,2701,萬企,11.10,11.20,11.10,11.15,0.00,50949,567447,26
2025-11-27,TWSE,2702,華園,11.60,11.80,11.60,11.75,0.10,60068,702569,64
2025-11-27,TWSE,2704,國賓,43.25,43.65,43.15,43.35,-0.35,69323,3010377,47
2025-11-27,TWSE,2705,六福,16.65,16.75,16.45,16.50,-0.15,87918,1454736,121
2025-11-27,TWSE,2706,第一店,13.15,13.15,13.05,13.10,-0.05,49033,642976,58
2025-11-27,TWSE,2707,晶華,192.50,192.50,191.00,192.00,0.00,69542,13323190,127
2025-11-27,TWSE,2712,遠雄來,18.75,19.20,18.65,19.20,0.50,20002,377288,15
2025-11-27,TWSE,2722,夏都,28.90,29.00,28.60,28.60,-0.35,40132,1154798,42
2025-11-27,TWSE,2723,美食-KY,69.20,70.00,68.00,69.90,0.30,570138,39531256,1172
2025-11-27,TWSE,2727,王品,217.00,217.00,215.00,215.50,-1.50,117991,25463177,405
2025-11-27,TWSE,2731,雄獅,179.00,179.00,174.50,175.50,-3.50,848290,149203802,5255
2025-11-27,TWSE,2739,寒舍,36.40,36.40,35.80,36.30,0.10,37299,1342065,78
2025-11-27,TWSE,2748,雲品,43.55,43.75,43.25,43.45,-0.15,53030,2307015,64
2025-11-27,TWSE,2753,八方雲集,194.50,195.50,193.00,194.00,-0.50,172179,33454305,227
2025-11-27,TWSE,2762,世界健身-KY,80.20,80.20,78.50,79.10,0.00,22847,1810135,38
2025-11-27,TWSE,2801,彰銀,20.30,20.50,20.25,20.45,0.10,13935425,284551995,3325
2025-11-27,TWSE,2812,台中銀,21.05,21.20,21.00,21.05,-0.10,3946675,83187518,1853
2025-11-27,TWSE,2816,旺旺保,29.75,30.10,29.75,30.05,0.00,50484,1514438,56
2025-11-27,TWSE,2820,華票,16.55,16.65,16.55,16.65,0.05,414327,6877807,150
2025-11-27,TWSE,2832,台產,53.90,54.90,53.70,54.60,0.70,481703,26179795,671
2025-11-27,TWSE,2834,臺企銀,15.65,15.90,15.65,15.90,0.20,17897473,283055820,4951
2025-11-27,TWSE,2836,高雄銀,12.05,12.15,12.00,12.10,0.00,920483,11114948,361
2025-11-27,TWSE,2836A,高雄銀甲特,23.40,23.50,23.40,23.50,0.10,26000,609200,14
2025-11-27,TWSE,2838,聯邦銀,19.35,19.70,19.35,19.50,0.00,1184930,23172220,540
2025-11-27,TWSE,2838A,聯邦銀甲特,54.50,54.50,54.50,54.50,0.00,13000,708500,10
2025-11-27,TWSE,2845,遠東銀,12.60,12.65,12.55,12.65,0.10,4798503,60523677,1287
2025-11-27,TWSE,2849,安泰銀,13.15,13.30,13.15,13.30,0.00,39268,519409,63
2025-11-27,TWSE,2850,新產,117.00,118.50,117.00,118.50,1.00,168337,19869032,242
2025-11-27,TWSE,2851,中再保,26.35,26.60,26.25,26.40,0.00,743141,19606306,458
2025-11-27,TWSE,2852,第一保,27.70,28.10,27.70,28.05,0.15,512417,14362140,275
2025-11-27,TWSE,2855,統一證,24.55,24.90,24.45,24.75,0.25,1806627,44667929,966
2025-11-27,TWSE,2867,三商壽,7.27,7.27,7.22,7.25,0.00,5552757,40221808,1236
2025-11-27,TWSE,2880,華南金,28.95,29.30,28.90,29.10,-0.10,7933551,230980874,3499
2025-11-27,TWSE,2881,富邦金,92.70,94.50,92.10,93.90,0.70,51827067,4862619660,27037
2025-11-27,TWSE,2881A,富邦特,,,,,0.00,991,62685,12
2025-11-27,TWSE,2881B,富邦金乙特,61.80,62.00,61.80,62.00,0.20,8814,545100,15
2025-11-27,TWSE,2881C,富邦金丙特,53.80,53.90,53.70,53.80,0.10,41593,2236548,72
2025-11-27,TWSE,2882,國泰金,65.20,65.80,64.80,65.80,0.00,27551321,1801975568,12455
2025-11-27,TWSE,2882A,國泰特,60.70,60.80,60.70,60.80,0.00,851516,51687207,17
2025-11-27,TWSE,2882B,國泰金乙特,60.00,60.10,60.00,60.10,0.00,33746,2024748,10
2025-11-27,TWSE,2883,凱基金,15.85,16.00,15.75,15.90,0.05,33510034,532911119,7021
2025-11-27,TWSE,2883B,凱基金乙特,7.69,7.70,7.65,7.70,0.01,857271,6579390,184
2025-11-27,TWSE,2884,玉山金,30.40,30.50,30.30,30.40,-0.10,16615761,505157506,7481
2025-11-27,TWSE,2885,元大金,36.00,36.70,35.75,36.50,0.50,25248774,916199780,11250
2025-11-27,TWSE,2886,兆豐金,40.10,40.70,40.10,40.55,0.25,14478422,585939780,6249
2025-11-27,TWSE,2887,台新新光金,18.50,18.70,18.50,18.65,0.10,33556736,625243751,6649
2025-11-27,TWSE,2887E,台新新光戊特一,49.05,49.05,48.90,48.90,-0.15,87241,4269932,71
2025-11-27,TWSE,2887F,台新新光戊特二,46.05,46.20,45.80,46.15,0.10,17080,787385,28
2025-11-27,TWSE,2887G,台新新光庚特一,38.35,38.35,38.30,38.35,0.00,12467,477941,16
2025-11-27,TWSE,2887H,台新新光庚特二,38.05,38.10,38.00,38.00,-0.05,36065,1372140,54
2025-11-27,TWSE,2887I,台新新光辛特,9.31,9.31,9.30,9.30,-0.01,2306807,21468298,486
2025-11-27,TWSE,2887Z1,台新新光己特,16.10,16.10,16.05,16.10,0.00,185819,2990908,65
2025-11-27,TWSE,2889,國票金,16.25,16.75,16.10,16.70,0.40,10854695,178910668,3363
2025-11-27,TWSE,2890,永豐金,27.10,27.30,27.00,27.25,-0.05,14698295,399503097,6330
2025-11-27,TWSE,2891,中信金,43.40,44.00,43.25,44.00,0.60,34143739,1495555144,11697
2025-11-27,TWSE,2891B,中信金乙特,,,,,0.00,693,44001,15
2025-11-27,TWSE,2891C,中信金丙特,60.30,60.30,60.30,60.30,0.00,1549,93216,15
2025-11-27,TWSE,2892,第一金,28.00,28.05,27.85,27.85,-0.25,28157992,785463661,10388
2025-11-27,TWSE,2897,王道銀行,9.05,9.13,9.05,9.10,0.02,1744739,15862061,415
2025-11-27,TWSE,2897B,王道銀乙特,11.90,11.90,11.90,11.90,0.00,10356,123254,3
2025-11-27,TWSE,2901,欣欣,,,,,0.00,852,20962,19
2025-11-27,TWSE,2903,遠百,24.35,24.40,23.90,24.15,-0.25,2553275,61573040,1844
2025-11-27,TWSE,2904,匯僑,16.95,17.10,16.90,17.05,0.05,32156,545418,35
2025-11-27,TWSE,2905,三商,16.25,16.30,15.60,15.65,-0.55,2562986,40557116,1281
2025-11-27,TWSE,2906,高林,13.35,13.40,13.20,13.30,-0.15,126073,1670982,107
2025-11-27,TWSE,2908,特力,20.45,20.50,20.30,20.45,0.00,357804,7311543,85
2025-11-27,TWSE,2910,統領,20.95,21.15,20.95,21.15,-0.10,3326,70177,5
2025-11-27,TWSE,2911,麗嬰房,4.35,4.36,4.35,4.36,0.01,8297,36145,48
2025-11-27,TWSE,2912,統一超,235.00,239.00,235.00,239.00,3.00,1830560,434739098,2637
2025-11-27,TWSE,2913,農林,13.55,13.75,13.55,13.65,-0.05,417023,5691580,290
2025-11-27,TWSE,2915,潤泰全,54.60,55.40,54.50,55.40,0.80,1754577,96524491,1304
2025-11-27,TWSE,2923,鼎固-KY,20.60,20.95,20.25,20.25,-0.65,9471,194794,38
2025-11-27,TWSE,2929,淘帝-KY,8.16,8.27,8.13,8.24,0.09,228877,1876390,134
2025-11-27,TWSE,2939,永邑-KY,24.95,24.95,24.95,24.95,0.00,2001,49923,2
2025-11-27,TWSE,2945,三商家購,37.85,37.85,37.70,37.70,0.30,3027,114480,18
2025-11-27,TWSE,3002,歐格,23.30,24.20,23.30,23.75,0.45,1304744,30977667,918
2025-11-27,TWSE,3003,健和興,48.45,48.90,47.80,48.05,-0.25,185844,8928230,234
2025-11-27,TWSE,3004,豐達科,111.00,111.50,107.00,108.00,-2.50,393128,42611018,916
2025-11-27,TWSE,3005,神基,124.00,125.50,123.00,124.00,1.00,1505753,187061909,1849
2025-11-27,TWSE,3006,晶豪科,81.70,82.20,78.80,79.30,-0.80,6240300,498213149,5755
2025-11-27,TWSE,3008,大立光,2225.00,2225.00,2190.00,2205.00,-10.00,151018,333349325,1415
2025-11-27,TWSE,3010,華立,106.00,106.50,104.00,105.00,-1.50,641800,67323109,905
2025-11-27,TWSE,3011,今皓,12.65,12.80,12.30,12.35,-0.30,581337,7210436,266
2025-11-27,TWSE,3013,晟銘電,127.00,130.00,126.00,127.50,2.00,3812870,487081718,4113
2025-11-27,TWSE,3014,聯陽,120.50,122.00,120.50,121.00,0.50,265834,32171304,318
2025-11-27,TWSE,3015,全漢,53.20,53.40,52.40,52.80,-0.20,279453,14763791,288
2025-11-27,TWSE,3016,嘉晶,49.20,49.70,48.90,49.35,0.15,562193,27658994,503
2025-11-27,TWSE,3017,奇鋐,1400.00,1420.00,1370.00,1395.00,10.00,6696881,9337940160,13926
2025-11-27,TWSE,3018,隆銘綠能,12.00,12.00,12.00,12.00,0.00,7598,91378,48
2025-11-27,TWSE,3019,亞光,141.50,142.00,138.50,140.00,0.00,1592016,222268705,1827
2025-11-27,TWSE,3021,鴻名,17.05,17.30,17.00,17.25,0.20,29142,498117,39
2025-11-27,TWSE,3022,威強電,65.20,65.20,64.70,65.10,-0.10,173475,11260250,576
2025-11-27,TWSE,3023,信邦,220.50,222.00,215.50,222.00,1.50,1344814,293831000,4037
2025-11-27,TWSE,3024,憶聲,10.50,10.55,10.30,10.40,-0.15,458994,4787788,450
2025-11-27,TWSE,3025,星通,47.20,47.20,45.90,46.55,-0.20,309058,14375404,305
2025-11-27,TWSE,3026,禾伸堂,104.50,107.00,104.50,106.50,1.50,1967491,208197934,1366
2025-11-27,TWSE,3027,盛達,23.15,23.20,22.95,23.05,-0.25,125229,2886919,111
2025-11-27,TWSE,3028,增你強,35.65,36.35,35.65,36.35,0.65,969601,35001822,828
2025-11-27,TWSE,3029,零壹,115.50,117.00,115.00,115.50,0.00,476435,55063483,592
2025-11-27,TWSE,3030,德律,155.50,156.00,151.00,153.50,-0.50,1539939,235743067,1634
2025-11-27,TWSE,3031,佰鴻,20.20,20.20,19.45,19.55,-0.65,1365163,26885280,983
2025-11-27,TWSE,3032,偉訓,85.10,85.10,83.30,83.90,-0.40,547729,45938377,906
2025-11-27,TWSE,3033,威健,30.20,30.30,30.05,30.30,0.10,806863,24362589,580
2025-11-27,TWSE,3034,聯詠,393.50,395.50,389.50,393.50,-2.50,2962472,1160544834,3701
2025-11-27,TWSE,3035,智原,171.00,174.00,171.00,172.00,0.50,3147368,542339495,4178
2025-11-27,TWSE,3036,文曄,140.00,143.50,138.00,142.00,2.00,7910385,1122777011,4889
2025-11-27,TWSE,3036A,文曄甲特,51.30,51.40,51.30,51.40,0.10,115286,5922278,34
2025-11-27,TWSE,3037,欣興,179.00,189.50,178.00,187.00,8.50,55318867,10234037588,43710
2025-11-27,TWSE,3038,全台,20.65,20.80,20.60,20.70,0.10,72334,1497903,78
2025-11-27,TWSE,3040,遠見,53.00,56.20,53.00,56.20,3.10,285130,15665561,254
2025-11-27,TWSE,3041,揚智,25.50,25.50,25.10,25.35,0.10,284300,7195054,340
2025-11-27,TWSE,3042,晶技,84.00,84.00,82.40,84.00,0.00,2381173,197954367,1893
2025-11-27,TWSE,3043,科風,21.00,21.00,20.55,20.80,-0.10,61836,1280090,78
2025-11-27,TWSE,3044,健鼎,311.50,315.50,308.00,308.50,1.00,3093532,961631222,3243
2025-11-27,TWSE,3045,台灣大,108.50,109.00,107.50,108.50,-0.50,8336817,902822274,3989
2025-11-27,TWSE,3046,建碁,47.80,48.40,47.60,47.60,0.15,135181,6479482,116
2025-11-27,TWSE,3047,訊舟,17.50,17.70,17.25,17.50,0.15,872796,15206266,588
2025-11-27,TWSE,3048,益登,38.70,39.60,38.25,38.50,0.00,3135477,121564870,2279
2025-11-27,TWSE,3049,精金,6.70,6.76,6.60,6.73,0.04,626029,4194393,297
2025-11-27,TWSE,3050,鈺德,11.60,11.60,11.40,11.60,0.05,294328,3387603,157
2025-11-27,TWSE,3051,力特,18.75,18.90,18.50,18.60,-0.10,333182,6205163,209
2025-11-27,TWSE,3052,夆典,11.30,11.35,11.30,11.30,-0.05,321531,3638320,95
2025-11-27,TWSE,3054,立萬利,23.40,23.75,23.00,23.75,0.55,11000,255500,11
2025-11-27,TWSE,3055,蔚華科,61.60,64.80,61.60,63.90,2.80,995816,63382062,842
2025-11-27,TWSE,3056,富華新,18.80,18.80,18.45,18.70,0.10,933973,17426120,733
2025-11-27,TWSE,3057,喬鼎,13.80,15.05,13.60,15.05,1.35,293840,4245682,323
2025-11-27,TWSE,3058,立德,10.20,10.25,10.10,10.10,-0.10,261916,2663363,187
2025-11-27,TWSE,3059,華晶科,44.50,44.55,43.50,43.55,-0.50,2162564,94683968,1798
2025-11-27,TWSE,3060,銘異,26.70,28.90,26.70,28.90,2.35,15003518,419215275,6623
2025-11-27,TWSE,3062,建漢,23.95,24.15,23.70,23.85,0.10,1598488,38184403,868
2025-11-27,TWSE,3090,日電貿,86.50,90.50,85.80,88.80,3.30,6031972,530245744,6129
2025-11-27,TWSE,3092,鴻碩,15.20,15.35,14.85,14.95,-0.15,133784,2000284,129
2025-11-27,TWSE,3094,聯傑,23.40,23.85,23.35,23.85,0.15,45468,1069226,63
2025-11-27,TWSE,3130,一零四,225.00,225.50,225.00,225.00,-0.50,14444,3250992,277
2025-11-27,TWSE,3135,凌航,52.10,58.70,51.80,58.70,5.30,3400328,194504379,4617
2025-11-27,TWSE,3138,耀登,88.70,88.70,86.20,87.30,0.50,74370,6507826,358
2025-11-27,TWSE,3149,正達,35.30,35.30,33.80,34.70,-0.30,1052554,36488624,892
2025-11-27,TWSE,3150,鈺寶-創,17.80,18.25,17.80,17.85,0.30,78131,1404158,40
2025-11-27,TWSE,3164,景岳,18.60,18.60,18.45,18.60,0.00,13311,246803,50
2025-11-27,TWSE,3167,大量,197.00,197.00,192.50,196.50,3.00,3847906,750364146,3843
2025-11-27,TWSE,3168,眾福科,44.00,44.25,43.45,44.25,0.25,19000,831350,11
2025-11-27,TWSE,3189,景碩,140.50,142.00,138.00,141.00,3.00,11127046,1562282820,7655
2025-11-27,TWSE,3209,全科,33.20,33.40,33.00,33.35,0.10,384796,12785712,470
2025-11-27,TWSE,3229,晟鈦,15.35,15.50,15.15,15.20,-0.15,32103,489718,28
2025-11-27,TWSE,3231,緯創,144.00,146.00,143.00,145.50,3.00,41821585,6048655843,26969
2025-11-27,TWSE,3257,虹冠電,61.90,61.90,60.80,61.30,0.10,269350,16463572,266
2025-11-27,TWSE,3266,昇陽,13.60,13.80,13.55,13.75,0.10,72302,992497,39
2025-11-27,TWSE,3296,勝德,20.00,20.20,19.95,20.10,0.15,38353,770652,53
2025-11-27,TWSE,3305,昇貿,98.50,98.50,96.20,96.20,-0.60,1737041,168724796,2999
2025-11-27,TWSE,3308,聯德,14.75,14.75,14.50,14.65,-0.10,25198,367008,103
2025-11-27,TWSE,3311,閎暉,31.70,32.00,31.70,31.85,0.10,106137,3377704,143
2025-11-27,TWSE,3312,弘憶股,37.15,37.40,36.70,36.85,-0.20,356212,13161983,426
2025-11-27,TWSE,3321,同泰,17.85,17.85,17.10,17.55,0.05,80758,1396908,107
2025-11-27,TWSE,3338,泰碩,49.05,49.70,48.60,48.70,0.10,174825,8542238,327
2025-11-27,TWSE,3346,麗清,19.20,19.20,18.90,18.95,-0.10,116513,2216360,143
2025-11-27,TWSE,3356,奇偶,48.80,48.80,47.80,48.30,-0.10,238163,11462803,404
2025-11-27,TWSE,3376,新日興,193.00,201.50,191.00,199.50,7.50,7531733,1489382816,6511
2025-11-27,TWSE,3380,明泰,29.20,30.40,29.20,30.20,1.15,2985273,89353835,1832
2025-11-27,TWSE,3406,玉晶光,459.00,459.00,444.00,445.00,-10.00,768073,344277939,2799
2025-11-27,TWSE,3413,京鼎,301.00,304.00,297.00,298.50,0.00,795760,238951185,1269
2025-11-27,TWSE,3416,融程電,156.00,156.00,148.00,148.50,-7.00,768108,115624270,1047
2025-11-27,TWSE,3419,譁裕,12.65,12.70,12.50,12.65,0.00,97557,1225911,80
2025-11-27,TWSE,3432,台端,13.70,14.05,13.70,14.05,0.05,7405,102607,11
2025-11-27,TWSE,3437,榮創,13.90,13.90,13.70,13.75,0.10,265315,3661978,219
2025-11-27,TWSE,3443,創意,2120.00,2215.00,2120.00,2135.00,-35.00,4284476,9278334150,9524
2025-11-27,TWSE,3447,展達,51.50,52.00,51.10,51.60,0.30,173622,8951111,160
2025-11-27,TWSE,3450,聯鈞,249.00,251.00,244.50,245.00,3.00,15279988,3784120292,16612
2025-11-27,TWSE,3454,晶睿,86.50,87.20,86.10,87.20,1.50,161941,14043358,207
2025-11-27,TWSE,3481,群創,13.00,13.55,12.75,13.55,0.60,56772196,751795208,10919
2025-11-27,TWSE,3494,誠研,7.92,7.92,6.98,7.24,-0.51,721734,5152852,321
2025-11-27,TWSE,3501,維熹,47.90,47.90,47.70,47.80,-0.15,47478,2269905,74
2025-11-27,TWSE,3504,揚明光,49.70,49.70,49.00,49.20,-0.25,92757,4564586,102
2025-11-27,TWSE,3515,華擎,254.50,257.00,251.00,252.00,-0.50,406642,102813502,1376
2025-11-27,TWSE,3518,柏騰,20.00,20.60,19.80,20.40,0.35,187537,3792212,117
2025-11-27,TWSE,3528,安馳,67.70,68.10,66.80,67.10,-0.30,145926,9840293,147
2025-11-27,TWSE,3530,晶相光,60.30,61.20,59.20,59.70,-0.20,72069,4328279,162
2025-11-27,TWSE,3532,台勝科,89.90,91.50,89.90,90.50,0.30,415626,37617733,571
2025-11-27,TWSE,3533,嘉澤,1250.00,1315.00,1235.00,1305.00,75.00,2331497,3010632990,4657
2025-11-27,TWSE,3535,晶彩科,74.30,77.90,73.80,77.70,3.70,3025701,231390199,2533
2025-11-27,TWSE,3543,州巧,44.75,45.70,44.00,45.00,1.30,1774437,79726391,1173
2025-11-27,TWSE,3545,敦泰,52.90,53.20,52.10,52.60,-0.30,806937,42496583,823
2025-11-27,TWSE,3550,聯穎,12.90,13.10,12.70,13.00,0.10,168909,2187779,119
2025-11-27,TWSE,3557,嘉威,35.80,35.85,35.70,35.80,0.00,11419,408819,21
2025-11-27,TWSE,3563,牧德,485.50,492.00,481.00,485.00,3.50,720899,350481628,1136
2025-11-27,TWSE,3576,聯合再生,6.29,6.29,6.19,6.20,-0.06,3146236,19536489,1122
2025-11-27,TWSE,3583,辛耘,318.00,321.50,315.50,316.00,0.00,264114,83913043,1000
2025-11-27,TWSE,3588,通嘉,47.60,47.60,45.65,46.80,0.45,134610,6229605,211
2025-11-27,TWSE,3591,艾笛森,18.15,18.20,18.00,18.20,0.05,195230,3538379,123
2025-11-27,TWSE,3592,瑞鼎,215.00,219.00,215.00,219.00,4.50,396863,86220459,857
2025-11-27,TWSE,3593,力銘,6.79,7.25,6.79,7.25,-0.01,40879,291248,130
2025-11-27,TWSE,3596,智易,184.50,186.50,184.50,186.50,1.50,220514,40949194,281
2025-11-27,TWSE,3605,宏致,63.20,63.40,62.00,62.40,-0.10,891598,55909230,740
2025-11-27,TWSE,3607,谷崧,13.50,13.65,13.30,13.55,0.10,205145,2760232,148
2025-11-27,TWSE,3617,碩天,203.00,207.00,202.50,202.50,0.00,294538,60183084,683
2025-11-27,TWSE,3622,洋華,65.90,66.50,64.80,66.20,0.30,800087,52491125,771
2025-11-27,TWSE,3645,達邁,54.00,54.40,53.00,53.20,-0.10,872805,46775308,865
2025-11-27,TWSE,3652,精聯,28.65,29.25,28.50,29.10,0.15,68006,1954474,62
2025-11-27,TWSE,3653,健策,2665.00,2750.00,2630.00,2715.00,80.00,2036958,5479852265,4748
2025-11-27,TWSE,3661,世芯-KY,3180.00,3325.00,3150.00,3285.00,175.00,2831030,9240954245,12410
2025-11-27,TWSE,3665,貿聯-KY,1530.00,1610.00,1520.00,1540.00,40.00,4911686,7684583375,8281
2025-11-27,TWSE,3669,圓展,29.25,29.80,29.25,29.50,0.40,62301,1836160,58
2025-11-27,TWSE,3673,TPK-KY,42.40,42.40,41.25,41.45,-0.50,1656049,68878970,1367
2025-11-27,TWSE,3679,新至陞,114.50,115.50,114.50,115.50,1.00,13340,1535854,20
2025-11-27,TWSE,3686,達能,18.15,18.45,18.00,18.25,0.20,178545,3243127,167
2025-11-27,TWSE,3694,海華,66.20,66.50,65.10,65.10,-0.80,621854,40825388,888
2025-11-27,TWSE,3701,大眾控,31.25,31.65,31.05,31.30,0.25,205967,6441599,184
2025-11-27,TWSE,3702,大聯大,67.40,68.50,66.60,68.10,0.70,10108088,685837079,5772
2025-11-27,TWSE,3703,欣陸,22.90,23.10,22.60,22.80,0.00,513789,11712393,382
2025-11-27,TWSE,3704,合勤控,36.40,36.45,35.00,35.45,-1.35,5548146,196850082,5618
2025-11-27,TWSE,3705,永信,57.00,57.40,56.90,57.20,0.20,191546,10950405,144
2025-11-27,TWSE,3706,神達,90.00,91.30,89.30,90.20,1.70,21149738,1909391827,16078
2025-11-27,TWSE,3708,上緯投控,109.00,109.50,107.50,109.00,0.50,497760,54041228,511
2025-11-27,TWSE,3711,日月光投控,223.50,234.50,223.50,230.50,13.00,37855605,8683056166,25650
2025-11-27,TWSE,3712,永崴投控,27.10,27.20,26.20,26.60,-0.40,612432,16262559,599
2025-11-27,TWSE,3714,富采,31.90,32.35,31.80,32.35,0.65,1008433,32353175,840
2025-11-27,TWSE,3715,定穎投控,121.00,124.00,118.00,118.00,-0.50,39997809,4814713760,25882
2025-11-27,TWSE,3716,中化控股,34.15,34.20,33.95,34.15,0.00,43959,1496993,74
2025-11-27,TWSE,3717,聯嘉投控,17.05,17.40,17.05,17.30,0.35,261389,4521002,177
2025-11-27,TWSE,4104,佳醫,82.10,82.30,81.80,82.10,-0.20,105297,8637157,209
2025-11-27,TWSE,4106,雃博,22.00,22.10,21.95,22.00,-0.05,25507,561921,33
2025-11-27,TWSE,4108,懷特,14.05,14.25,14.05,14.25,0.10,59189,837277,56
2025-11-27,TWSE,4119,旭富,49.90,49.90,49.25,49.75,-0.05,148390,7336321,212
2025-11-27,TWSE,4133,亞諾法,22.90,23.10,22.70,23.00,0.10,53306,1219339,115
2025-11-27,TWSE,4137,麗豐-KY,100.00,100.00,99.20,99.90,-0.10,41836,4170535,56
2025-11-27,TWSE,4142,國光生,19.75,19.80,19.50,19.70,0.20,1456442,28609419,721
2025-11-27,TWSE,4148,全宇生技-KY,39.60,40.50,39.60,39.65,-0.20,8296,329895,9
2025-11-27,TWSE,4155,訊映,14.95,15.10,14.85,15.10,0.25,124780,1871245,99
2025-11-27,TWSE,4164,承業醫,39.55,39.80,39.00,39.30,-0.45,402823,15830231,355
2025-11-27,TWSE,4190,佐登-KY,30.45,30.50,30.35,30.45,0.05,21267,647553,88
2025-11-27,TWSE,4306,炎洲,13.50,13.60,13.50,13.60,0.10,437694,5934485,285
2025-11-27,TWSE,4414,如興,10.55,10.60,10.50,10.60,0.10,51192,540059,45
2025-11-27,TWSE,4426,利勤,9.93,10.00,9.93,10.00,-0.05,41756,416328,42
2025-11-27,TWSE,4438,廣越,82.20,83.50,81.30,83.30,1.00,59218,4879211,110
2025-11-27,TWSE,4439,冠星-KY,105.50,105.50,104.50,104.50,-2.00,28812,3020958,98
2025-11-27,TWSE,4440,宜新實業,18.05,18.15,18.05,18.15,-0.05,20200,365340,19
2025-11-27,TWSE,4441,振大環球,271.50,276.00,271.00,275.50,3.00,55864,15356362,307
2025-11-27,TWSE,4526,東台,32.05,32.30,31.20,31.30,-0.35,1030487,32513468,1082
2025-11-27,TWSE,4532,瑞智,23.70,23.95,23.60,23.95,0.05,943716,22476695,525
2025-11-27,TWSE,4536,拓凱,170.00,170.00,167.00,167.50,-1.50,175947,29509490,331
2025-11-27,TWSE,4540,全球傳動,35.75,36.05,34.85,35.25,-0.25,336156,11883090,374
2025-11-27,TWSE,4545,銘鈺,32.20,32.80,32.15,32.65,0.45,123084,3984255,104
2025-11-27,TWSE,4551,智伸科,116.50,117.50,114.50,115.00,-1.00,119831,13858660,138
2025-11-27,TWSE,4552,力達-KY,23.50,23.60,23.40,23.50,0.00,91500,2150132,60
2025-11-27,TWSE,4555,氣立,41.70,41.80,41.20,41.50,-0.20,59972,2486466,106
2025-11-27,TWSE,4557,永新-KY,73.80,73.80,72.40,72.60,-0.60,79101,5759360,120
2025-11-27,TWSE,4560,強信-KY,31.60,31.60,31.30,31.50,-0.05,68002,2135312,36
2025-11-27,TWSE,4562,穎漢,37.55,37.55,35.90,36.00,-0.70,160703,5841217,339
2025-11-27,TWSE,4564,元翎,17.40,17.50,16.75,16.80,-0.80,1541165,26283501,1081
2025-11-27,TWSE,4566,時碩工業,54.20,54.30,53.30,53.50,-0.40,158417,8513605,361
2025-11-27,TWSE,4569,六方科-KY,153.50,153.50,147.00,149.00,-2.00,44110,6565994,47
2025-11-27,TWSE,4571,鈞興-KY,169.00,169.00,165.00,165.50,-1.00,154565,25682936,404
2025-11-27,TWSE,4572,駐龍,154.00,156.00,152.00,154.00,2.50,117126,18025989,434
2025-11-27,TWSE,4576,大銀微系統,105.00,105.00,103.50,105.00,1.00,249378,26000326,650
2025-11-27,TWSE,4581,光隆精密-KY,54.20,54.50,53.90,53.90,0.40,18031,979077,14
2025-11-27,TWSE,4583,台灣精銳,631.00,635.00,615.00,620.00,-7.00,157005,97627517,457
2025-11-27,TWSE,4585,達明,310.00,310.00,301.00,303.00,-4.00,223749,67820839,761
2025-11-27,TWSE,4588,玖鼎電力,60.30,60.80,60.20,60.50,0.20,38520,2326156,64
2025-11-27,TWSE,4720,德淵,14.10,14.15,13.85,14.05,0.05,149230,2089580,83
2025-11-27,TWSE,4722,國精化,159.00,173.50,157.00,171.00,13.00,5354017,896163841,4813
2025-11-27,TWSE,4736,泰博,125.00,125.50,124.50,124.50,-0.50,38249,4778967,82
2025-11-27,TWSE,4737,華廣,58.50,58.60,56.00,58.60,-0.10,218317,12551898,340
2025-11-27,TWSE,4739,康普,65.40,68.30,65.40,68.30,2.90,692026,46803277,665
2025-11-27,TWSE,4746,台耀,66.30,66.60,64.90,65.60,-0.30,330004,21612907,441
2025-11-27,TWSE,4755,三福化,102.50,102.50,100.00,101.00,-1.00,82253,8301353,336
2025-11-27,TWSE,4763,材料*-KY,55.70,56.20,55.10,55.60,0.20,3016191,167199094,3091
2025-11-27,TWSE,4764,雙鍵,62.50,63.10,58.00,59.80,-1.40,1076252,65562782,973
2025-11-27,TWSE,4766,南寶,334.00,334.00,329.00,330.50,1.50,196106,64953999,488
2025-11-27,TWSE,4770,上品,213.00,215.00,210.50,214.00,2.00,156461,33349292,273
2025-11-27,TWSE,4771,望隼,182.00,182.00,179.50,181.00,-0.50,30352,5484397,255
2025-11-27,TWSE,4807,日成-KY,18.15,18.15,17.70,17.70,-0.20,12831,229192,45
2025-11-27,TWSE,4904,遠傳,88.50,89.10,88.40,88.90,-0.10,5477614,486093793,3163
2025-11-27,TWSE,4906,正文,26.60,26.95,26.35,26.65,0.35,1653896,43991535,1013
2025-11-27,TWSE,4912,聯德控股-KY,86.70,86.70,84.40,85.50,-0.60,305386,26012351,408
2025-11-27,TWSE,4915,致伸,84.00,84.00,82.80,83.50,0.00,807011,67131080,1043
2025-11-27,TWSE,4916,事欣科,52.40,52.60,47.40,47.40,-3.20,16160896,792966671,10243
2025-11-27,TWSE,4919,新唐,54.00,54.00,52.40,53.00,-0.30,725201,38381646,1054
2025-11-27,TWSE,4927,泰鼎-KY,20.85,20.90,20.50,20.60,-0.05,1453221,30025708,639
2025-11-27,TWSE,4930,燦星網,22.10,22.10,21.80,21.80,-0.10,12302,270470,60
2025-11-27,TWSE,4934,太極,12.35,12.50,12.20,12.50,0.30,270573,3348753,195
2025-11-27,TWSE,4935,茂林-KY,42.85,43.00,42.45,42.80,-0.30,32775,1401763,85
2025-11-27,TWSE,4938,和碩,70.80,71.80,70.80,71.50,0.70,5668135,404695187,2917
2025-11-27,TWSE,4942,嘉彰,38.45,38.45,37.90,38.00,-0.30,89240,3394697,66
2025-11-27,TWSE,4943,康控-KY,14.50,14.90,14.50,14.85,-0.10,22403,332318,24
2025-11-27,TWSE,4949,有成精密,38.40,38.40,37.70,38.25,-0.05,171597,6528950,227
2025-11-27,TWSE,4952,凌通,35.70,36.15,34.95,35.95,0.55,120785,4266879,127
2025-11-27,TWSE,4956,光鋐,20.70,20.70,19.25,19.40,-0.60,2780652,55101212,1678
2025-11-27,TWSE,4958,臻鼎-KY,141.50,144.50,140.50,143.00,3.00,7695250,1099026060,5834
2025-11-27,TWSE,4960,誠美材,13.35,13.35,13.10,13.15,-0.20,399645,5262658,198
2025-11-27,TWSE,4961,天鈺,138.50,143.00,138.50,143.00,5.50,829347,116969351,953
2025-11-27,TWSE,4967,十銓,126.50,130.00,124.50,128.50,4.00,3581699,457115427,3216
2025-11-27,TWSE,4968,立積,141.50,144.00,140.00,140.00,0.00,825154,116677090,1355
2025-11-27,TWSE,4976,佳凌,33.20,33.20,31.60,31.65,-0.50,518368,16670889,496
2025-11-27,TWSE,4977,眾達-KY,119.00,124.00,118.00,120.00,7.00,22467885,2753188405,13572
2025-11-27,TWSE,4989,榮科,38.60,40.50,38.60,40.05,1.80,12905948,512704574,7942
2025-11-27,TWSE,4994,傳奇,96.20,98.50,96.20,97.90,0.90,10522,1022584,55
2025-11-27,TWSE,4999,鑫禾,23.45,23.60,23.40,23.40,0.00,44521,1045391,88
2025-11-27,TWSE,5007,三星,53.60,54.00,53.60,53.90,0.00,33228,1786357,26
2025-11-27,TWSE,5203,訊連,100.50,100.50,99.40,99.50,-1.00,95511,9517144,208
2025-11-27,TWSE,5215,科嘉-KY,37.05,37.10,36.80,36.85,-0.30,26540,980234,64
2025-11-27,TWSE,5222,全訊,140.50,141.00,133.50,135.00,-3.50,1344705,183236697,1659
2025-11-27,TWSE,5225,東科-KY,108.50,110.00,107.50,109.00,1.50,649676,70713229,688
2025-11-27,TWSE,5234,達興材料,335.00,346.50,335.00,341.50,6.50,484715,165744262,744
2025-11-27,TWSE,5243,乙盛-KY,83.80,84.90,81.80,82.60,-0.30,2115903,176104009,1827
2025-11-27,TWSE,5244,弘凱,39.75,40.45,39.50,39.60,0.05,188282,7503595,220
2025-11-27,TWSE,5258,虹堡,65.60,66.00,64.40,65.20,-0.10,104312,6784057,141
2025-11-27,TWSE,5269,祥碩,1265.00,1290.00,1260.00,1270.00,5.00,597220,759539790,1508
2025-11-27,TWSE,5283,禾聯碩,61.60,61.90,61.30,61.90,0.60,37823,2327226,147
2025-11-27,TWSE,5284,jpp-KY,292.00,293.00,283.00,283.50,-8.00,2074121,595815073,7331
2025-11-27,TWSE,5285,界霖,51.20,51.50,50.20,50.80,-0.50,164949,8358083,141
2025-11-27,TWSE,5288,豐祥-KY,136.50,136.50,135.00,136.00,-0.50,32280,4389010,378
2025-11-27,TWSE,5292,華懋,146.50,147.00,144.00,146.00,0.00,29020,4223243,99
2025-11-27,TWSE,5306,桂盟,93.20,93.20,91.80,92.50,0.00,57218,5278275,286
2025-11-27,TWSE,5388,中磊,83.00,83.50,82.80,83.30,0.10,375711,31252264,661
2025-11-27,TWSE,5434,崇越,305.00,305.00,299.50,301.00,1.50,431510,129893852,589
2025-11-27,TWSE,5469,瀚宇博,99.10,106.50,97.40,106.50,9.50,36827282,3871075963,20240
2025-11-27,TWSE,5471,松翰,34.05,34.50,33.75,34.05,0.05,107801,3676056,185
2025-11-27,TWSE,5484,慧友,36.35,36.35,34.85,35.40,-0.05,104304,3667900,106
2025-11-27,TWSE,5515,建國,33.25,33.25,32.20,33.00,0.25,1048761,34561875,652
2025-11-27,TWSE,5519,隆大,32.80,33.00,32.65,32.80,0.00,567779,18638958,661
2025-11-27,TWSE,5521,工信,14.70,14.90,14.60,14.90,0.25,1262525,18628980,602
2025-11-27,TWSE,5522,遠雄,59.10,60.90,59.00,60.90,1.20,1701422,102052466,1764
2025-11-27,TWSE,5525,順天,28.20,28.50,28.20,28.50,0.05,24597,697389,28
2025-11-27,TWSE,5531,鄉林,9.03,9.10,9.03,9.07,0.00,143189,1296341,56
2025-11-27,TWSE,5533,皇鼎,14.50,14.55,14.45,14.50,-0.05,63261,918096,43
2025-11-27,TWSE,5534,長虹,75.90,77.70,75.90,77.70,1.10,663742,51154725,631
2025-11-27,TWSE,5538,東明-KY,29.20,29.20,29.10,29.10,-0.10,2000,58300,2
2025-11-27,TWSE,5546,永固-KY,22.95,22.95,22.30,22.45,-0.05,9038,203454,12
2025-11-27,TWSE,5607,遠雄港,48.15,49.15,48.15,48.90,0.55,346220,16859857,453
2025-11-27,TWSE,5608,四維航,18.35,18.35,17.80,18.15,-0.15,3602293,65227213,1624
2025-11-27,TWSE,5706,鳳凰,52.20,52.20,51.60,51.90,-0.10,101037,5232987,373
2025-11-27,TWSE,5871,中租-KY,103.00,104.00,102.00,104.00,0.50,7686987,791049304,4633
2025-11-27,TWSE,5871A,中租-KY甲特,101.00,101.50,101.00,101.00,0.00,134412,13576727,49
2025-11-27,TWSE,5876,上海商銀,39.25,39.40,39.10,39.40,0.05,9446883,370356170,5059
2025-11-27,TWSE,5880,合庫金,23.80,23.90,23.75,23.85,-0.10,8752549,208640266,4409
2025-11-27,TWSE,5906,台南-KY,50.70,51.50,50.70,51.10,0.40,6000,306100,6
2025-11-27,TWSE,5907,大洋-KY,5.51,5.88,5.51,5.68,0.15,338570,1932044,210
2025-11-27,TWSE,6005,群益證,25.25,25.40,24.95,25.25,-0.05,4729687,118869641,2425
2025-11-27,TWSE,6024,群益期,49.60,49.95,49.60,49.95,0.25,207186,10311071,237
2025-11-27,TWSE,6108,競國,12.95,12.95,12.70,12.85,-0.10,135900,1737910,120
2025-11-27,TWSE,6112,邁達特,48.20,48.45,47.95,48.20,0.35,313474,15099668,403
2025-11-27,TWSE,6115,鎰勝,46.70,46.85,46.60,46.85,0.00,30238,1411986,46
2025-11-27,TWSE,6116,彩晶,7.18,7.32,7.17,7.32,0.15,5685270,41131012,1475
2025-11-27,TWSE,6117,迎廣,81.90,83.60,80.50,82.10,-0.50,1392692,114128674,1569
2025-11-27,TWSE,6120,達運,10.50,10.55,10.45,10.55,0.00,260763,2732144,299
2025-11-27,TWSE,6128,上福,23.20,23.20,22.50,23.00,-0.20,88167,2014224,112
2025-11-27,TWSE,6133,金橋,16.30,16.65,15.80,16.40,0.40,513482,8366749,304
2025-11-27,TWSE,6136,富爾特,23.50,23.70,23.50,23.70,0.05,69433,1637849,85
2025-11-27,TWSE,6139,亞翔,455.00,456.50,442.00,447.00,-2.00,2734965,1224628019,3868
2025-11-27,TWSE,6141,柏承,10.75,11.40,10.65,11.25,0.50,211671,2314636,145
2025-11-27,TWSE,6142,友勁,9.17,9.34,9.16,9.21,-0.09,192064,1765386,87
2025-11-27,TWSE,6152,百一,8.32,8.32,8.05,8.29,-0.03,194220,1599198,121
2025-11-27,TWSE,6153,嘉聯益,15.35,15.80,15.30,15.75,0.55,5540721,86635274,2389
2025-11-27,TWSE,6155,鈞寶,33.35,36.65,33.35,36.65,3.30,1242905,43725115,996
2025-11-27,TWSE,6164,華興,9.80,9.82,9.69,9.72,0.04,80654,785778,123
2025-11-27,TWSE,6165,浪凡,50.30,50.90,48.95,49.10,-0.90,260331,12880700,335
2025-11-27,TWSE,6166,凌華,61.50,61.80,60.90,61.80,0.60,443404,27212416,438
2025-11-27,TWSE,6168,宏齊,19.50,19.60,19.15,19.20,-0.30,182891,3529693,147
2025-11-27,TWSE,6176,瑞儀,118.50,121.50,117.00,120.50,2.00,2098567,250111058,1894
2025-11-27,TWSE,6177,達麗,47.55,48.35,47.05,47.80,0.95,1146100,54580242,1430
2025-11-27,TWSE,6183,關貿,97.00,97.00,97.00,97.00,0.00,1206,116985,11
2025-11-27,TWSE,6184,大豐電,47.30,47.70,47.25,47.65,0.45,51702,2454425,72
2025-11-27,TWSE,6189,豐藝,44.65,46.60,44.65,46.55,1.55,854521,39392917,1412
2025-11-27,TWSE,6191,精成科,130.00,133.00,127.00,128.50,1.00,54977821,7125959447,37290
2025-11-27,TWSE,6192,巨路,101.50,103.00,101.50,103.00,1.00,185485,18992585,151
2025-11-27,TWSE,6196,帆宣,238.00,247.50,230.00,231.50,-3.00,2462156,585800544,4163
2025-11-27,TWSE,6197,佳必琪,144.50,145.00,142.00,142.50,-1.00,487852,69786949,785
2025-11-27,TWSE,6201,亞弘電,56.90,56.90,56.00,56.80,0.00,7217,408969,15
2025-11-27,TWSE,6202,盛群,37.45,37.70,37.10,37.30,-0.15,189255,7045706,283
2025-11-27,TWSE,6205,詮欣,38.45,39.10,38.30,38.85,0.30,60255,2332104,50
2025-11-27,TWSE,6206,飛捷,95.70,96.90,95.70,96.10,0.80,517209,49830720,561
2025-11-27,TWSE,6209,今國光,57.30,59.50,56.10,59.40,2.40,11505741,671487118,8199
2025-11-27,TWSE,6213,聯茂,109.00,110.00,108.00,109.50,1.50,5960970,649291761,4291
2025-11-27,TWSE,6214,精誠,121.50,122.50,120.50,122.00,0.00,493208,59955749,561
2025-11-27,TWSE,6215,和椿,107.50,108.00,105.00,107.00,1.00,1634853,174319275,2034
2025-11-27,TWSE,6216,居易,26.40,26.45,26.25,26.35,0.00,88095,2320604,106
2025-11-27,TWSE,6224,聚鼎,41.25,42.40,41.25,42.05,0.85,115064,4804425,156
2025-11-27,TWSE,6225,天瀚,,,,,0.00,217,3561,2
2025-11-27,TWSE,6226,光鼎,6.67,6.72,6.59,6.70,0.03,81344,539505,43
2025-11-27,TWSE,6230,尼得科超眾,113.00,113.50,111.00,113.00,1.00,59228,6649731,78
2025-11-27,TWSE,6235,華孚,61.00,61.50,59.70,59.90,-0.70,747046,45187664,1336
2025-11-27,TWSE,6239,力成,155.50,156.50,154.50,155.50,1.00,3772581,586216371,3088
2025-11-27,TWSE,6243,迅杰,28.20,28.65,28.20,28.30,0.35,91147,2588450,139
2025-11-27,TWSE,6257,矽格,96.80,99.40,96.70,98.50,2.90,3377930,331442366,3038
2025-11-27,TWSE,6269,台郡,53.70,53.70,52.30,53.30,0.40,998243,52921408,1091
2025-11-27,TWSE,6271,同欣電,123.50,125.50,123.00,123.50,0.50,891025,110450576,700
2025-11-27,TWSE,6277,宏正,62.60,63.40,62.60,63.40,1.00,144632,9123080,179
2025-11-27,TWSE,6278,台表科,101.00,102.50,101.00,102.50,1.50,1199573,122237137,935
2025-11-27,TWSE,6281,全國電,64.40,65.00,64.40,65.00,0.60,44171,2860309,72
2025-11-27,TWSE,6282,康舒,39.20,39.70,38.80,38.90,0.30,11248588,440040835,7579
2025-11-27,TWSE,6283,淳安,26.35,26.60,26.20,26.30,0.15,328769,8682263,197
2025-11-27,TWSE,6285,啟碁,101.50,102.50,101.00,102.50,1.00,2024486,206464215,1782
2025-11-27,TWSE,6405,悅城,25.05,25.15,24.90,24.95,0.05,44221,1105744,40
2025-11-27,TWSE,6409,旭隼,1170.00,1195.00,1125.00,1140.00,-15.00,1685562,1954739250,2798
2025-11-27,TWSE,6412,群電,91.30,93.00,90.50,92.40,1.20,581629,53504657,884
2025-11-27,TWSE,6414,樺漢,296.00,296.00,292.50,296.00,2.00,456158,134478620,1109
2025-11-27,TWSE,6415,矽力*-KY,204.50,204.50,197.00,197.00,-7.00,4326569,863895591,3966
2025-11-27,TWSE,6416,瑞祺電通,78.20,78.70,78.20,78.70,-0.20,55345,4340717,237
2025-11-27,TWSE,6423,億而得-創,76.30,78.50,75.80,78.00,1.40,52854,4069159,35
2025-11-27,TWSE,6426,統新,69.00,70.50,69.00,69.50,1.10,146110,10220247,175
2025-11-27,TWSE,6431,光麗-KY,21.40,21.85,21.00,21.25,-0.05,670399,14400252,348
2025-11-27,TWSE,6438,迅得,130.00,135.50,130.00,132.00,2.50,1330798,176774351,1358
2025-11-27,TWSE,6442,光聖,1345.00,1365.00,1255.00,1255.00,-60.00,5636788,7300516990,10967
2025-11-27,TWSE,6443,元晶,12.70,12.95,12.55,12.95,0.40,1730404,22135475,1062
2025-11-27,TWSE,6446,藥華藥,507.00,523.00,500.00,523.00,19.00,3727970,1922470616,6217
2025-11-27,TWSE,6449,鈺邦,166.50,181.50,166.50,177.50,12.00,2415507,426214726,2724
2025-11-27,TWSE,6451,訊芯-KY,156.00,158.00,153.00,154.50,4.50,2095211,325180060,2097
2025-11-27,TWSE,6456,GIS-KY,42.70,43.00,42.35,42.75,0.40,440499,18786832,386
2025-11-27,TWSE,6464,台數科,78.00,78.40,77.30,78.40,0.00,429040,33485328,17
2025-11-27,TWSE,6472,保瑞,558.00,558.00,547.00,548.00,-4.00,393375,217058029,1389
2025-11-27,TWSE,6477,安集,37.30,37.30,34.60,34.60,-2.70,2918907,103662709,2665
2025-11-27,TWSE,6491,晶碩,315.50,316.00,311.50,313.50,-0.50,141816,44456187,627
2025-11-27,TWSE,6504,南六,44.35,44.75,43.75,44.75,0.90,99133,4382168,70
2025-11-27,TWSE,6505,台塑化,50.30,52.00,50.10,52.00,1.80,8901702,455783951,5395
2025-11-27,TWSE,6515,穎崴,2640.00,2760.00,2630.00,2750.00,105.00,867876,2350334780,2939
2025-11-27,TWSE,6525,捷敏-KY,75.90,76.00,74.90,75.00,-0.60,108003,8137898,115
2025-11-27,TWSE,6526,達發,455.00,456.00,447.00,449.50,-1.00,233450,105304944,676
2025-11-27,TWSE,6531,愛普*,407.00,417.00,406.50,416.50,19.50,4816600,1992251504,5426
2025-11-27,TWSE,6533,晶心科,280.50,281.00,275.00,278.00,1.50,370221,102944995,2175
2025-11-27,TWSE,6534,正瀚-創,88.20,90.70,84.00,84.50,-4.50,1001523,86028550,724
2025-11-27,TWSE,6541,泰福-KY,53.50,53.90,53.00,53.70,0.20,290188,15502722,228
2025-11-27,TWSE,6550,北極星藥業-KY,30.65,31.80,30.65,31.65,1.05,645381,20274654,482
2025-11-27,TWSE,6552,易華電,24.55,24.55,24.15,24.45,-0.10,31036,754784,40
2025-11-27,TWSE,6558,興能高,36.85,37.30,36.20,36.55,-0.05,744834,27358509,728
2025-11-27,TWSE,6573,虹揚-KY,15.50,16.75,15.35,16.75,1.50,855937,14065834,523
2025-11-27,TWSE,6579,研揚,111.50,112.00,110.00,110.50,0.00,48482,5371352,76
2025-11-27,TWSE,6581,鋼聯,,,,,0.00,312,34450,8
2025-11-27,TWSE,6582,申豐,32.85,33.55,32.50,32.80,-0.30,5201,171451,37
2025-11-27,TWSE,6585,鼎基,90.60,91.20,89.50,90.10,0.50,69606,6286726,314
2025-11-27,TWSE,6589,台康生技,75.80,76.20,73.20,73.80,-1.80,877423,65164812,1182
2025-11-27,TWSE,6591,動力-KY,79.30,79.30,77.50,77.80,-1.30,352573,27566829,785
2025-11-27,TWSE,6592,和潤企業,63.00,63.50,62.70,63.50,0.10,248385,15687594,261
2025-11-27,TWSE,6592A,和潤企業甲特,97.50,97.50,97.50,97.50,0.00,2345,228396,7
2025-11-27,TWSE,6592B,和潤企業乙特,98.00,98.10,98.00,98.10,0.10,14491,1420129,14
2025-11-27,TWSE,6598,ABC-KY,21.65,22.10,21.65,21.70,0.15,117067,2557343,57
2025-11-27,TWSE,6605,帝寶,140.00,141.00,139.00,140.50,-0.50,248652,34886420,703
2025-11-27,TWSE,6606,建德工業,25.05,25.25,25.00,25.15,0.10,32268,810761,37
2025-11-27,TWSE,6614,資拓宏宇,55.30,58.10,55.00,55.00,0.00,1692775,95243546,1828
2025-11-27,TWSE,6625,必應,87.70,89.10,87.70,88.80,1.20,168565,14941374,191
2025-11-27,TWSE,6641,基士德-KY,19.50,19.65,19.25,19.25,-0.05,62700,1222769,45
2025-11-27,TWSE,6645,金萬林-創,18.80,18.80,18.25,18.25,-0.40,94041,1735446,59
2025-11-27,TWSE,6655,科定,104.00,107.50,104.00,106.00,1.00,12102,1283262,15
2025-11-27,TWSE,6657,華安,46.75,46.95,45.80,46.05,-0.70,359741,16574829,203
2025-11-27,TWSE,6658,聯策,48.60,49.20,48.60,48.80,0.15,72592,3547584,71
2025-11-27,TWSE,6666,羅麗芬-KY,45.00,45.00,44.35,44.35,-0.75,6111,271864,9
2025-11-27,TWSE,6668,中揚光,37.90,38.10,37.60,38.10,0.50,137352,5207584,109
2025-11-27,TWSE,6669,緯穎,4465.00,4525.00,4425.00,4450.00,0.00,1178962,5268454010,6589
2025-11-27,TWSE,6670,復盛應用,243.00,245.50,240.50,240.50,-4.50,186748,45224187,293
2025-11-27,TWSE,6671,三能-KY,35.60,35.80,35.55,35.55,0.05,20070,715859,13
2025-11-27,TWSE,6672,騰輝電子-KY,87.60,88.40,87.50,88.00,0.70,314982,27683722,333
2025-11-27,TWSE,6674,鋐寶科技,20.50,21.25,20.30,20.30,-0.25,47000,969650,40
2025-11-27,TWSE,6689,伊雲谷,63.90,63.90,63.10,63.70,0.20,77370,4909416,89
2025-11-27,TWSE,6691,洋基工程,486.50,491.00,482.50,486.00,-0.50,688223,335110811,1329
2025-11-27,TWSE,6695,芯鼎,43.90,44.35,43.70,43.90,-0.25,171390,7530288,164
2025-11-27,TWSE,6698,旭暉應材,30.00,30.55,30.00,30.35,-0.15,55068,1667228,108
2025-11-27,TWSE,6706,惠特,79.70,83.20,78.50,82.00,2.30,3105580,252567031,2859
2025-11-27,TWSE,6715,嘉基,89.20,89.50,89.20,89.20,0.00,12357,1102541,19
2025-11-27,TWSE,6719,力智,200.00,200.50,198.00,199.50,0.00,307293,61193734,855
2025-11-27,TWSE,6742,澤米,43.95,44.00,43.00,43.20,-0.20,136719,5929320,143
2025-11-27,TWSE,6743,安普新,29.70,29.70,29.35,29.55,-0.15,76055,2245443,62
2025-11-27,TWSE,6753,龍德造船,138.00,139.00,125.50,127.50,-3.50,8520797,1113999065,6695
2025-11-27,TWSE,6754,匯僑設計,46.55,46.60,46.50,46.60,0.05,18000,838250,17
2025-11-27,TWSE,6756,威鋒電子,76.60,76.60,74.90,76.60,0.20,128125,9703690,191
2025-11-27,TWSE,6757,台灣虎航,68.30,68.30,67.60,67.80,-0.50,738589,50141202,1548
2025-11-27,TWSE,6768,志強-KY,117.00,117.50,115.50,116.50,-0.50,281660,32769180,356
2025-11-27,TWSE,6770,力積電,32.25,33.30,32.25,33.15,1.50,136640285,4471622853,49089
2025-11-27,TWSE,6771,平和環保-創,46.05,46.40,46.00,46.40,0.35,17209,794869,31
2025-11-27,TWSE,6776,展碁國際,52.10,52.10,51.50,51.70,-0.50,102791,5313692,477
2025-11-27,TWSE,6781,AES-KY,1275.00,1305.00,1260.00,1280.00,25.00,1288731,1651902490,2471
2025-11-27,TWSE,6782,視陽,179.00,179.00,175.50,175.50,-3.50,159247,28143339,235
2025-11-27,TWSE,6789,采鈺,244.00,247.00,242.00,245.00,1.50,677786,166101768,2174
2025-11-27,TWSE,6790,永豐實,38.00,38.25,38.00,38.05,-0.15,44206,1681466,45
2025-11-27,TWSE,6792,詠業,50.60,51.40,50.60,51.40,0.00,6425,328628,16
2025-11-27,TWSE,6794,向榮生技,80.90,81.00,78.10,79.70,-1.10,69220,5471907,114
2025-11-27,TWSE,6796,晉弘,91.60,92.90,91.60,92.50,0.40,36195,3339171,81
2025-11-27,TWSE,6799,來頡,76.70,78.60,76.70,78.60,2.40,224126,17502690,334
2025-11-27,TWSE,6805,富世達,1470.00,1580.00,1440.00,1560.00,115.00,3237376,4967612545,7122
2025-11-27,TWSE,6806,森崴能源,40.35,40.75,39.40,40.40,0.05,1193144,47864486,1964
2025-11-27,TWSE,6807,峰源-KY,46.30,46.30,45.80,46.00,0.10,7020,322718,8
2025-11-27,TWSE,6830,汎銓,155.50,157.00,154.00,157.00,2.00,87316,13606091,136
2025-11-27,TWSE,6831,邁科,224.50,227.50,207.00,220.00,-9.50,2982913,644703672,6227
2025-11-27,TWSE,6834,天二科技,27.70,27.90,27.40,27.45,0.10,177277,4886621,154
2025-11-27,TWSE,6835,圓裕,39.55,40.30,39.10,39.85,0.35,73274,2914482,39
2025-11-27,TWSE,6838,台新藥,28.20,28.30,27.50,27.55,-0.50,129092,3581777,150
2025-11-27,TWSE,6854,錼創科技-KY創,131.00,131.00,128.50,130.50,0.50,330735,42917227,422
2025-11-27,TWSE,6861,睿生光電,58.40,59.40,58.00,58.80,1.50,105603,6221706,116
2025-11-27,TWSE,6862,三集瑞-KY,163.00,169.00,162.00,167.50,7.00,361488,60285594,715
2025-11-27,TWSE,6863,永道-KY,113.00,114.50,112.50,114.00,1.00,71956,8159185,114
2025-11-27,TWSE,6869,雲豹能源,97.90,98.70,96.30,96.50,-0.70,694260,67379818,1734
2025-11-27,TWSE,6873,泓德能源,100.50,102.00,99.50,101.00,1.10,517005,52030383,626
2025-11-27,TWSE,6885,全福生技,29.95,29.95,28.80,29.30,-0.20,138415,4024658,163
2025-11-27,TWSE,6887,寶綠特-KY,61.40,62.10,61.40,62.10,0.00,6122,377207,11
2025-11-27,TWSE,6890,來億-KY,288.00,288.00,280.00,280.50,-8.50,1934728,546842296,13739
2025-11-27,TWSE,6901,鑽石投資,16.80,17.05,16.65,16.70,-0.15,308363,5176606,246
2025-11-27,TWSE,6902,GOGOLOOK,80.80,81.20,80.70,81.20,0.00,23809,1927753,40
2025-11-27,TWSE,6906,現觀科,88.40,89.00,88.40,89.00,-0.20,4695,417426,13
2025-11-27,TWSE,6909,創控,34.20,34.90,34.20,34.75,0.25,97181,3358219,57
2025-11-27,TWSE,6914,阜爾運通,147.50,148.00,146.50,147.00,-0.50,25007,3680530,88
2025-11-27,TWSE,6916,華凌,17.75,17.75,17.75,17.75,-0.05,1014,18004,4
2025-11-27,TWSE,6918,愛派司,86.90,87.10,86.10,87.10,0.20,47351,4104198,44
2025-11-27,TWSE,6919,康霈*,156.00,161.00,155.00,159.00,2.50,10488032,1659536698,8553
2025-11-27,TWSE,6923,中台,101.50,102.50,101.00,102.00,0.50,182280,18521920,223
2025-11-27,TWSE,6924,榮惠-KY創,57.90,57.90,54.30,55.20,-0.80,10051,563650,23
2025-11-27,TWSE,6928,攸泰科技,59.50,59.50,52.70,52.70,-1.40,1235540,68396228,1346
2025-11-27,TWSE,6931,青松健康,61.70,67.90,60.80,67.10,5.30,2852241,187423125,1331
2025-11-27,TWSE,6933,AMAX-KY,163.00,163.00,159.50,161.50,0.00,124844,20168965,151
2025-11-27,TWSE,6936,永鴻生技,34.55,34.55,34.30,34.50,0.20,22589,777721,60
2025-11-27,TWSE,6937,天虹,220.00,221.50,215.00,217.50,-2.50,203649,44338502,358
2025-11-27,TWSE,6944,兆聯實業,543.00,546.00,528.00,529.00,-14.00,651908,347661744,2076
2025-11-27,TWSE,6949,沛爾生醫*-創,376.00,392.00,376.00,381.00,1.00,83347,32022319,80
2025-11-27,TWSE,6951,青新-創,73.70,73.70,73.00,73.00,0.00,7906,578013,21
2025-11-27,TWSE,6952,大武山,42.85,42.85,42.10,42.50,-0.15,22496,956964,26
2025-11-27,TWSE,6955,邦睿生技-創,161.00,161.00,159.00,159.00,-4.00,5101,816463,7
2025-11-27,TWSE,6957,裕慶-KY,216.50,216.50,212.00,213.00,-3.50,117684,25132229,449
2025-11-27,TWSE,6958,日盛台駿,16.40,16.40,16.00,16.20,-0.30,51491,831531,88
2025-11-27,TWSE,6962,奕力-KY,40.20,40.40,39.35,39.60,-0.55,2404892,95317272,1947
2025-11-27,TWSE,6965,中傑-KY,79.00,80.50,77.50,77.50,-0.90,44398,3472721,76
2025-11-27,TWSE,6969,成信實業*-創,33.15,35.35,33.15,35.00,2.20,89001,3105584,56
2025-11-27,TWSE,6988,威力暘-創,15.30,15.30,15.10,15.10,0.55,4150,62865,5
2025-11-27,TWSE,6994,富威電力,91.50,92.50,90.00,91.50,1.30,166659,15182166,389
2025-11-27,TWSE,7610,聯友金屬-創,100.00,103.50,99.80,103.50,3.80,158761,16047589,250
2025-11-27,TWSE,7631,聚賢研發-創,125.00,129.50,125.00,129.50,2.00,8009,1032627,9
2025-11-27,TWSE,7705,三商餐飲,40.35,40.50,40.30,40.45,0.20,22115,891930,43
2025-11-27,TWSE,7711,永擎,262.50,269.50,259.00,266.00,4.50,336190,88708577,1737
2025-11-27,TWSE,7721,微程式,46.35,49.00,46.30,49.00,1.75,65373,3120047,158
2025-11-27,TWSE,7722,LINEPAY,557.00,557.00,553.00,555.00,-1.00,12114,6730589,211
2025-11-27,TWSE,7730,暉盛-創,81.50,85.00,81.50,85.00,3.00,53000,4368300,30
2025-11-27,TWSE,7732,金興精密,39.30,39.50,39.30,39.50,0.60,15019,592696,12
2025-11-27,TWSE,7736,虎山,92.00,93.00,92.00,92.30,0.50,6020,555136,8
2025-11-27,TWSE,7740,熙特爾-創,148.00,156.00,148.00,149.00,2.50,168939,25592975,148
2025-11-27,TWSE,7749,意騰-KY,430.50,449.00,430.50,438.00,8.00,375898,165579433,666
2025-11-27,TWSE,7750,新代,747.00,747.00,717.00,731.00,-16.00,129708,94077957,588
2025-11-27,TWSE,7765,中華資安,287.50,287.50,277.50,284.00,7.50,37696,10636361,317
2025-11-27,TWSE,7769,鴻勁,2710.00,3000.00,2705.00,2940.00,0.00,4823875,13750921665,10523
2025-11-27,TWSE,7780,大研生醫*,180.50,181.00,177.50,179.00,-1.00,160325,28708445,2239
2025-11-27,TWSE,7786,東方風能,166.00,167.00,161.50,161.50,-4.50,333971,54492785,490
2025-11-27,TWSE,7788,松川精密,107.00,107.00,106.00,106.50,-0.50,20333,2166937,89
2025-11-27,TWSE,7791,皇家可口,73.80,73.80,73.30,73.80,0.10,43063,3170394,80
2025-11-27,TWSE,7799,禾榮科,550.00,550.00,530.00,537.00,-8.00,178168,95870682,533
2025-11-27,TWSE,8011,台通,21.60,21.75,21.40,21.50,-0.10,872983,18822317,391
2025-11-27,TWSE,8016,矽創,180.00,182.00,180.00,181.00,1.50,234853,42499661,327
2025-11-27,TWSE,8021,尖點,137.00,138.00,132.50,133.50,-1.00,27417263,3685119084,19815
2025-11-27,TWSE,8028,昇陽半導體,158.00,158.00,153.50,154.00,-2.50,2135138,330906086,2735
2025-11-27,TWSE,8033,雷虎,150.50,151.50,140.00,141.50,-2.00,46112904,6686887397,31162
2025-11-27,TWSE,8039,台虹,65.40,71.50,64.80,71.50,6.50,28911919,2008736891,16486
2025-11-27,TWSE,8045,達運光電,76.20,78.30,75.50,77.30,1.20,107315,8271330,210
2025-11-27,TWSE,8046,南電,261.00,264.50,258.00,260.50,3.50,11752787,3064742159,14682
2025-11-27,TWSE,8070,長華*,45.10,45.65,44.75,45.45,0.80,3817676,173045352,2743
2025-11-27,TWSE,8072,陞泰,31.60,31.60,30.60,30.95,-0.25,146972,4533139,208
2025-11-27,TWSE,8081,致新,206.00,207.50,205.00,205.50,0.00,221373,45544917,293
2025-11-27,TWSE,8101,華冠,16.00,16.20,16.00,16.20,0.55,13951,224969,15
2025-11-27,TWSE,8104,錸寶,30.25,30.25,29.45,29.50,-0.30,376115,11148287,330
2025-11-27,TWSE,8105,凌巨,10.65,10.70,10.55,10.60,0.00,235775,2494389,138
2025-11-27,TWSE,8110,華東,33.40,35.80,33.40,35.80,3.25,16727704,584487131,8721
2025-11-27,TWSE,8112,至上,66.30,67.80,65.60,67.50,2.00,10434387,696401691,7914
2025-11-27,TWSE,8112A,至上甲特,43.65,43.70,43.65,43.70,0.00,2000,87350,2
2025-11-27,TWSE,8114,振樺電,190.00,190.50,188.00,190.00,0.50,334258,63323482,408
2025-11-27,TWSE,8131,福懋科,39.00,41.30,38.85,40.95,2.70,13084326,527532023,7983
2025-11-27,TWSE,8150,南茂,42.05,43.40,41.65,43.25,1.10,16061507,684026314,11677
2025-11-27,TWSE,8162,微矽電子-創,34.85,34.85,33.80,33.90,-0.30,63170,2158526,44
2025-11-27,TWSE,8163,達方,31.10,31.55,31.05,31.55,0.45,282205,8830073,387
2025-11-27,TWSE,8201,無敵,14.40,14.65,14.30,14.60,0.20,54694,794594,49
2025-11-27,TWSE,8210,勤誠,930.00,999.00,928.00,965.00,45.00,3827647,3698926028,7400
2025-11-27,TWSE,8213,志超,33.05,33.35,33.05,33.35,0.40,187372,6219151,175
2025-11-27,TWSE,8215,明基材,19.85,20.00,19.85,19.95,-0.05,160310,3192361,179
2025-11-27,TWSE,8222,寶一,46.50,47.45,43.00,43.00,-3.30,7984301,357674523,5101
2025-11-27,TWSE,8249,菱光,52.20,52.90,52.00,52.10,0.40,430496,22478793,480
2025-11-27,TWSE,8261,富鼎,91.20,91.90,91.00,91.50,0.70,1428280,130607095,1478
2025-11-27,TWSE,8271,宇瞻,97.10,98.20,96.10,96.80,0.90,4296027,417651452,5019
2025-11-27,TWSE,8341,日友,80.20,81.00,80.00,80.80,0.30,114012,9180897,345
2025-11-27,TWSE,8367,建新國際,44.20,44.20,43.95,44.05,-0.15,10236,450710,16
2025-11-27,TWSE,8374,羅昇,80.00,80.20,77.50,77.80,-1.20,163275,12766862,325
2025-11-27,TWSE,8404,百和興業-KY,25.80,26.10,25.40,25.60,-0.20,616527,15813151,496
2025-11-27,TWSE,8411,福貞-KY,12.40,12.40,12.25,12.40,0.00,76072,938246,76
2025-11-27,TWSE,8422,可寧衛*,25.15,25.25,23.65,24.00,-0.85,33477822,812310915,14684
2025-11-27,TWSE,8429,金麗-KY,7.70,7.78,7.66,7.76,0.06,213674,1648437,102
2025-11-27,TWSE,8438,昶昕,28.50,29.00,28.40,28.45,-0.05,53069,1513666,38
2025-11-27,TWSE,8442,威宏-KY,72.40,73.00,71.30,71.50,0.00,48293,3465246,48
2025-11-27,TWSE,8443,阿瘦,10.95,11.05,10.95,11.05,0.05,4425,48775,39
2025-11-27,TWSE,8454,富邦媒,226.00,228.00,224.50,228.00,-1.00,279178,63116784,2468
2025-11-27,TWSE,8462,柏文,157.00,157.00,155.50,155.50,-1.50,43700,6819197,426
2025-11-27,TWSE,8463,潤泰材,26.10,26.25,26.10,26.10,0.00,74067,1937506,42
2025-11-27,TWSE,8464,億豐,378.50,381.50,376.00,377.00,-5.00,454067,171657004,535
2025-11-27,TWSE,8466,美吉吉-KY,22.40,23.00,22.40,23.00,0.30,67943,1553780,66
2025-11-27,TWSE,8467,波力-KY,159.00,164.50,158.50,159.00,-1.00,92252,14881962,319
2025-11-27,TWSE,8473,山林水,36.25,36.50,36.15,36.40,0.00,172013,6242816,142
2025-11-27,TWSE,8476,台境*,17.90,18.00,17.85,17.90,-0.10,31806,569726,26
2025-11-27,TWSE,8478,東哥遊艇,194.50,201.00,194.50,198.00,4.50,358269,70655145,442
2025-11-27,TWSE,8481,政伸,40.95,41.00,40.85,40.90,-0.10,11220,459570,31
2025-11-27,TWSE,8482,商億-KY,47.65,49.65,47.65,49.55,1.90,6053,295875,9
2025-11-27,TWSE,8487,愛爾達-創,76.60,77.50,76.60,77.50,0.90,5409,416061,36
2025-11-27,TWSE,8488,吉源-KY,,,,,0.00,0,0,0
2025-11-27,TWSE,8499,鼎炫-KY,247.50,260.00,247.00,258.50,15.00,114488,29024601,184
2025-11-27,TWSE,8926,台汽電,41.55,41.80,41.30,41.70,0.20,495163,20579658,706
2025-11-27,TWSE,8940,新天地,20.00,20.20,19.80,20.10,0.10,23677,474495,32
2025-11-27,TWSE,8996,高力,524.00,532.00,503.00,505.00,3.00,3736866,1928604718,4520
2025-11-27,TWSE,9103,美德醫療-DR,4.57,4.60,4.55,4.58,0.02,142226,650224,67
2025-11-27,TWSE,910322,康師傅-DR,24.05,24.05,24.00,24.05,0.00,7061,169658,9
2025-11-27,TWSE,9105,泰金寶-DR,5.90,5.90,5.83,5.87,0.00,6300194,36926647,1553
2025-11-27,TWSE,910861,神州-DR,5.73,5.76,5.73,5.76,0.12,20000,115070,18
2025-11-27,TWSE,9110,越南控-DR,2.90,3.02,2.90,3.02,0.12,18000,53060,6
2025-11-27,TWSE,911608,明輝-DR,2.71,2.75,2.71,2.75,-0.05,11000,29880,7
2025-11-27,TWSE,911622,泰聚亨-DR,3.85,3.85,3.85,3.85,-0.04,1100,4238,4
2025-11-27,TWSE,911868,同方友友-DR,1.28,1.28,1.25,1.26,-0.01,267621,336799,47
2025-11-27,TWSE,912000,晨訊科-DR,2.91,2.91,2.87,2.87,-0.01,107389,309577,55
2025-11-27,TWSE,9136,巨騰-DR,7.14,7.14,7.09,7.13,-0.01,14000,99810,8
2025-11-27,TWSE,9802,鈺齊-KY,115.00,115.00,112.50,113.00,-1.50,3920680,445436137,3387
2025-11-27,TWSE,9902,台火,17.30,17.55,17.15,17.20,-0.05,223350,3858677,156
2025-11-27,TWSE,9904,寶成,30.60,30.75,30.15,30.60,0.10,9849924,300016045,4921
2025-11-27,TWSE,9905,大華,20.00,20.15,20.00,20.15,0.00,39554,792104,34
2025-11-27,TWSE,9906,欣巴巴,48.50,49.35,47.50,49.35,1.10,111848,5432656,126
2025-11-27,TWSE,9907,統一實,18.50,18.65,18.40,18.55,0.05,1564381,29016605,784
2025-11-27,TWSE,9908,大台北,29.95,30.15,29.95,30.10,0.00,43765,1314355,60
2025-11-27,TWSE,9910,豐泰,127.50,130.00,127.50,129.00,0.00,414078,53269315,438
2025-11-27,TWSE,9911,櫻花,83.90,84.60,83.90,84.00,-0.40,105985,8917047,246
2025-11-27,TWSE,9912,偉聯,11.75,11.80,11.70,11.75,-0.05,38274,449242,73
2025-11-27,TWSE,9914,美利達,96.50,98.30,94.10,95.30,-0.70,3209760,305884813,3725
2025-11-27,TWSE,9917,中保科,108.00,108.50,107.50,108.00,-0.50,155619,16805665,253
2025-11-27,TWSE,9918,欣天然,39.30,39.80,39.30,39.80,0.10,26281,1043083,21
2025-11-27,TWSE,9919,康那香,16.85,17.00,16.75,16.95,0.05,184782,3115144,147
2025-11-27,TWSE,9921,巨大,103.00,105.00,101.00,103.50,0.50,2467100,254620140,1887
2025-11-27,TWSE,9924,福興,53.70,54.20,53.30,53.60,-0.20,107858,5797059,188
2025-11-27,TWSE,9925,新保,40.65,40.80,40.65,40.75,-0.05,57740,2349733,86
2025-11-27,TWSE,9926,新海,49.40,49.80,49.40,49.80,0.00,4177,205119,21
2025-11-27,TWSE,9927,泰銘,67.90,67.90,67.00,67.50,0.00,63949,4308214,183
2025-11-27,TWSE,9928,中視,17.80,17.80,17.60,17.75,-0.10,40501,717812,32
2025-11-27,TWSE,9929,秋雨,10.40,10.40,10.30,10.30,-0.15,9100,93884,9
2025-11-27,TWSE,9930,中聯資源,71.50,71.70,71.10,71.30,-0.40,105760,7546805,759
2025-11-27,TWSE,9931,欣高,33.90,33.90,33.50,33.85,0.05,3801,128383,6
2025-11-27,TWSE,9933,中鼎,33.55,34.00,33.00,33.60,0.05,5223804,175246736,3086
2025-11-27,TWSE,9934,成霖,9.75,9.82,9.71,9.76,0.01,182245,1775528,98
2025-11-27,TWSE,9935,慶豐富,21.00,21.15,20.90,21.00,0.00,193210,4061005,185
2025-11-27,TWSE,9937,全國,56.90,57.30,56.60,57.10,0.00,89104,5072624,79
2025-11-27,TWSE,9938,百和,57.10,57.10,56.10,56.20,-0.70,621888,35094489,817
2025-11-27,TWSE,9939,宏全,127.00,127.50,125.50,127.00,0.00,406435,51371397,492
2025-11-27,TWSE,9940,信義,22.45,23.00,22.45,22.85,-0.05,428800,9808810,290
2025-11-27,TWSE,9941,裕融,94.20,96.40,94.20,96.40,2.40,1384208,132084889,1532
2025-11-27,TWSE,9941A,裕融甲特,,,,,0.00,34,1703,2
2025-11-27,TWSE,9942,茂順,104.00,105.00,104.00,105.00,0.50,20978,2190735,55
2025-11-27,TWSE,9943,好樂迪,61.00,61.10,60.30,61.10,-0.10,14454,878520,51
2025-11-27,TWSE,9944,新麗,16.80,16.80,16.65,16.75,-0.05,16564,277631,38
2025-11-27,TWSE,9945,潤泰新,30.20,30.35,30.00,30.30,0.05,4659755,140749925,2169
2025-11-27,TWSE,9946,三發地產,17.20,17.80,17.20,17.70,0.50,196330,3445032,154
2025-11-27,TWSE,9955,佳龍,30.20,30.75,30.20,30.50,0.60,1199615,36622667,901
2025-11-27,TWSE,9958,世紀鋼,144.00,144.00,141.00,141.00,-1.50,494362,70132250,634
2025-11-27,TPEx,006201,元大富櫃50,23.48,23.58,23.40,23.48,+0.17,41181,967896,48
2025-11-27,TPEx,00679B,元大美債20年,27.80,27.86,27.78,27.83,+0.07,24773697,689398093,3788
2025-11-27,TPEx,00687B,國泰20年美債,29.14,29.25,29.14,29.19,+0.07,43236869,1262037633,3319
2025-11-27,TPEx,00687C,國泰20年美債+櫃U,9.65,9.66,9.65,9.65,+0.02,100500,970825,7
2025-11-27,TPEx,00694B,富邦美債1-3,41.37,41.46,41.33,41.45,+0.02,318845,13204892,41
2025-11-27,TPEx,00695B,富邦美債7-10,35.86,35.93,35.86,35.90,+0.04,302778,10873459,32
2025-11-27,TPEx,00696B,富邦美債20年,30.19,30.32,30.19,30.25,+0.07,3659356,110774490,237
2025-11-27,TPEx,00697B,元大美債7-10,36.50,36.53,36.47,36.51,+0.01,312375,11401855,129
2025-11-27,TPEx,00719B,元大美債1-3,30.89,30.97,30.85,30.94,0.00,1382760,42765920,850
2025-11-27,TPEx,00720B,元大投資級公司債,34.00,34.13,33.99,34.06,+0.14,6837804,232812714,1447
2025-11-27,TPEx,00722B,群益投資級電信債,37.29,37.41,37.29,37.37,+0.15,2797959,104552566,352
2025-11-27,TPEx,00723B,群益投資級科技債,32.22,32.29,32.22,32.27,+0.15,103053,3326409,7
2025-11-27,TPEx,00724B,群益投資級金融債,34.86,34.99,34.82,34.94,+0.08,4337686,151686396,207
2025-11-27,TPEx,00725B,國泰投資級公司債,35.91,36.10,35.91,36.06,+0.15,5720824,206106986,1151
2025-11-27,TPEx,00726B,國泰新興投等債,33.58,33.66,33.57,33.64,+0.04,232169,7811095,25
2025-11-27,TPEx,00727B,國泰優選非投等債,39.54,39.67,39.54,39.64,+0.10,112288,4450353,7
2025-11-27,TPEx,00734B,台新JPM新興債,15.98,16.03,15.98,16.03,+0.05,501000,8030300,7
2025-11-27,TPEx,00740B,富邦全球投等債,39.58,39.75,39.58,39.71,+0.17,8242414,327178592,700
2025-11-27,TPEx,00741B,富邦全球非投等債,37.46,37.48,37.42,37.47,-0.01,142097,5323702,19
2025-11-27,TPEx,00746B,富邦A級公司債,36.45,36.65,36.45,36.61,+0.12,651332,23832838,55
2025-11-27,TPEx,00749B,凱基新興債10+,32.27,32.33,32.27,32.33,+0.01,105261,3402798,6
2025-11-27,TPEx,00750B,凱基科技債10+,34.40,34.40,34.40,34.40,+0.16,100000,3440000,4
2025-11-27,TPEx,00751B,元大AAA至A公司債,32.97,33.12,32.97,33.07,+0.15,7877438,260439902,1366
2025-11-27,TPEx,00754B,群益AAA-AA公司債,35.01,35.06,35.01,35.04,+0.14,125240,4388657,9
2025-11-27,TPEx,00755B,群益投資級公用債,33.64,33.69,33.64,33.68,+0.13,133058,4481090,105
2025-11-27,TPEx,00756B,群益投等新興公債,32.36,32.43,32.36,32.42,+0.05,176065,5707587,87
2025-11-27,TPEx,00758B,復華能源債,52.05,52.05,52.05,52.05,+0.25,100000,5205000,2
2025-11-27,TPEx,00759B,復華製藥債,56.15,56.15,56.15,56.15,+0.30,100000,5615000,4
2025-11-27,TPEx,00760B,復華新興企業債,55.50,55.55,55.45,55.55,0.00,110071,6113879,9
2025-11-27,TPEx,00761B,國泰A級公司債,35.49,35.60,35.49,35.56,+0.14,457154,16255951,95
2025-11-27,TPEx,00764B,群益25年美債,29.18,29.26,29.17,29.22,+0.08,24203991,707460759,284
2025-11-27,TPEx,00768B,復華20年美債,52.75,52.95,52.75,52.85,+0.10,418299,22124694,114
2025-11-27,TPEx,00772B,中信高評級公司債,34.68,34.81,34.68,34.75,+0.11,2742708,95302457,740
2025-11-27,TPEx,00773B,中信優先金融債,37.01,37.16,37.01,37.12,+0.12,1813358,67293678,265
2025-11-27,TPEx,00777B,凱基AAA至A公司債,33.89,33.89,33.89,33.89,+0.17,100127,3393297,4
2025-11-27,TPEx,00778B,凱基金融債20+,35.88,35.97,35.88,35.96,+0.16,103382,3717654,7
2025-11-27,TPEx,00779B,凱基美債25+,29.60,29.61,29.60,29.60,+0.10,703047,20814707,13
2025-11-27,TPEx,00780B,國泰A級金融債,38.05,38.12,38.04,38.12,+0.10,109131,4159544,9
2025-11-27,TPEx,00781B,國泰A級科技債,30.20,30.26,30.20,30.26,+0.08,135549,4100158,18
2025-11-27,TPEx,00782B,國泰A級公用債,31.60,31.69,31.60,31.69,+0.15,116040,3674949,9
2025-11-27,TPEx,00785B,富邦金融投等債,36.06,36.14,36.06,36.14,+0.11,103000,3722280,7
2025-11-27,TPEx,00786B,元大10年IG銀行債,33.51,33.53,33.51,33.53,+0.07,18000,603380,2
2025-11-27,TPEx,00787B,元大10年IG醫療債,33.57,33.57,33.46,33.49,+0.08,151125,5060427,19
2025-11-27,TPEx,00788B,元大10年IG電能債,30.72,30.78,30.72,30.77,+0.05,22474,691354,16
2025-11-27,TPEx,00789B,復華公司債A3,50.30,50.35,50.30,50.30,+0.20,126018,6343755,13
2025-11-27,TPEx,00791B,復華信用債1-5,56.65,56.65,56.65,56.65,+0.05,100000,5665000,2
2025-11-27,TPEx,00792B,群益A級公司債,32.96,33.03,32.96,33.01,+0.12,117115,3867860,72
2025-11-27,TPEx,00793B,群益AAA-A醫療債,32.00,32.00,31.99,31.99,+0.10,100000,3199500,4
2025-11-27,TPEx,00795B,中信美國公債20年,27.97,28.06,27.95,28.01,+0.07,9014396,252420146,986
2025-11-27,TPEx,00799B,國泰A級醫療債,30.76,30.77,30.72,30.74,+0.08,304523,9364463,51
2025-11-27,TPEx,00834B,第一金金融債10+,35.22,35.28,35.22,35.28,+0.12,101000,3563220,3
2025-11-27,TPEx,00836B,永豐10年A公司債,29.84,29.93,29.84,29.93,+0.18,341023,10196884,29
2025-11-27,TPEx,00840B,凱基IG精選15+,31.16,31.16,31.16,31.16,+0.13,100000,3116000,2
2025-11-27,TPEx,00841B,凱基AAA-AA公司債,30.40,30.40,30.40,30.40,+0.12,100000,3040000,2
2025-11-27,TPEx,00842B,台新美元銀行債,32.31,32.38,32.30,32.38,+0.15,113029,3653600,15
2025-11-27,TPEx,00844B,新光15年IG金融債,32.60,32.71,32.60,32.71,+0.13,3000,97920,3
2025-11-27,TPEx,00845B,富邦新興投等債,33.90,33.90,33.90,33.90,+0.03,10000,339000,1
2025-11-27,TPEx,00846B,富邦歐洲銀行債,36.50,36.50,36.48,36.48,+0.02,2151,78484,4
2025-11-27,TPEx,00847B,中信美國市政債,26.53,26.53,26.52,26.52,+0.06,403090,10691946,11
2025-11-27,TPEx,00848B,中信新興亞洲債,35.04,35.05,35.04,35.05,+0.07,500000,17523000,10
2025-11-27,TPEx,00849B,中信EM主權債0-5,37.04,37.14,37.04,37.13,+0.02,305994,11357195,11
2025-11-27,TPEx,00853B,統一美債10年Aa-A,28.79,28.84,28.76,28.81,+0.14,1625763,46842576,133
2025-11-27,TPEx,00856B,永豐1-3年美公債,37.55,37.56,37.55,37.56,0.00,15549,584004,13
2025-11-27,TPEx,00857B,永豐20年美公債,24.20,24.29,24.20,24.25,+0.05,2002925,48592514,285
2025-11-27,TPEx,00858,永豐美國500大,33.40,33.45,33.37,33.43,+0.16,559927,18709665,540
2025-11-27,TPEx,00859B,群益0-1年美債,41.25,41.27,41.21,41.26,-0.03,2592874,107000371,92
2025-11-27,TPEx,00860B,群益1-5Y投資級債,37.96,38.00,37.96,38.00,+0.02,122032,4636637,19
2025-11-27,TPEx,00862B,中信投資級公司債,32.79,32.89,32.77,32.87,+0.18,586102,19261526,49
2025-11-27,TPEx,00863B,中信全球電信債,33.21,33.27,33.21,33.24,+0.13,415000,13802620,17
2025-11-27,TPEx,00864B,中信美國公債0-1,45.83,45.86,45.78,45.85,+0.01,955847,43812111,119
2025-11-27,TPEx,00867B,新光A-BBB電信債,,,,,,53,1703,1
2025-11-27,TPEx,00870B,元大15年EM主權債,29.57,29.57,29.57,29.57,+0.02,20000,591400,3
2025-11-27,TPEx,00877,復華中國5G,23.00,23.69,22.72,23.16,-0.01,8701483,202830247,1938
2025-11-27,TPEx,00883B,中信ESG投資級債,31.59,31.63,31.59,31.63,+0.16,409069,12935561,68
2025-11-27,TPEx,00884B,中信低碳新興債,30.71,30.72,30.71,30.72,+0.04,301337,9255002,9
2025-11-27,TPEx,00886,永豐美國科技,36.60,36.70,36.57,36.60,-0.16,28018,1025448,26
2025-11-27,TPEx,00887,永豐中國科技50大,11.54,11.72,11.42,11.53,-0.01,12224858,141718341,1502
2025-11-27,TPEx,00888,永豐台灣ESG,19.29,19.38,19.26,19.33,+0.18,645624,12469003,441
2025-11-27,TPEx,00890B,凱基ESG BBB債15+,33.30,33.33,33.26,33.29,+0.14,536028,17859738,24
2025-11-27,TPEx,00928,中信上櫃ESG 30,18.30,18.36,18.20,18.24,+0.09,533049,9752757,195
2025-11-27,TPEx,00931B,統一美債20年,14.05,14.10,14.04,14.06,+0.02,6160468,86650749,448
2025-11-27,TPEx,00933B,國泰10Y+金融債,16.56,16.62,16.56,16.59,+0.04,10395611,172522263,1594
2025-11-27,TPEx,00937B,群益ESG投等債20+,15.28,15.31,15.26,15.29,+0.07,68811075,1051833307,6063
2025-11-27,TPEx,00942B,台新美A公司債20+,14.75,14.82,14.75,14.80,+0.05,2407074,35618005,222
2025-11-27,TPEx,00948B,中信優息投資級債,9.68,9.73,9.68,9.71,+0.05,9953761,96656644,716
2025-11-27,TPEx,00950B,凱基A級公司債,14.48,14.55,14.48,14.53,+0.07,5391708,78282489,640
2025-11-27,TPEx,00955,中信日本商社,12.38,12.38,12.31,12.34,0.00,3486607,43040514,1897
2025-11-27,TPEx,00957B,兆豐US優選投等債,13.95,14.02,13.95,14.00,+0.07,1358571,19017224,96
2025-11-27,TPEx,00958B,永豐ESG銀行債15+,9.52,9.57,9.52,9.56,+0.03,1100386,10516868,128
2025-11-27,TPEx,00959B,大華投等美債15Y+,9.61,9.65,9.61,9.64,+0.03,1873438,18050361,263
2025-11-27,TPEx,00966B,統一ESG投等債15+,14.32,14.38,14.32,14.36,+0.06,2207286,31699359,189
2025-11-27,TPEx,00967B,元大優息美債,9.41,9.44,9.41,9.42,+0.02,275544,2596236,81
2025-11-27,TPEx,00968B,元大優息投等債,9.45,9.52,9.45,9.50,+0.04,3739331,35519860,253
2025-11-27,TPEx,00969B,元大零息超長美債,8.82,8.87,8.82,8.84,+0.03,744745,6592721,112
2025-11-27,TPEx,00970B,新光BBB投等債20+,9.58,9.63,9.58,9.61,+0.04,2447139,23520954,202
2025-11-27,TPEx,009806,台新標普500,11.85,11.92,11.85,11.92,+0.04,219688,2610887,37
2025-11-27,TPEx,009807,台新標普科技精選,12.74,12.78,12.73,12.78,+0.05,168008,2143678,53
2025-11-27,TPEx,00980B,台新特選IG債10+,9.68,9.73,9.68,9.72,+0.04,667631,6478735,59
2025-11-27,TPEx,00980D,主動聯博投等入息,20.97,21.02,20.97,21.00,+0.06,1084177,22756984,304
2025-11-27,TPEx,00980T,平衡凱基美國TOP,10.95,10.96,10.92,10.95,+0.03,883936,9674399,157
2025-11-27,TPEx,00981B,第一金優選非投債,9.22,9.25,9.21,9.25,+0.02,17605782,162592924,945
2025-11-27,TPEx,00981D,主動中信非投等債,10.52,10.56,10.51,10.55,+0.03,3952116,41637049,252
2025-11-27,TPEx,00982B,FT投資級債20+,10.13,10.15,10.12,10.14,+0.03,70333,712745,37
2025-11-27,TPEx,00983B,大華優利美公債20,16.50,16.53,16.50,16.50,+0.02,2289045,37806887,70
2025-11-27,TPEx,00984B,大華優利美A債15,16.97,17.01,16.97,16.99,+0.07,2095885,35639851,80
2025-11-27,TPEx,00986B,FT金融債10+,10.20,10.22,10.20,10.22,+0.02,11996,122573,16
2025-11-27,TPEx,020001,富邦存股雙十N,,,,,,0,0,0
2025-11-27,TPEx,02001B,統一美國政府債N,8.82,8.82,8.82,8.82,0.00,5000,44100,1
2025-11-27,TPEx,020023,元大櫃買半導體N,7.11,7.25,7.11,7.23,+0.12,25000,179960,11
2025-11-27,TPEx,020025,統一亞洲半導體N,16.15,16.17,16.10,16.10,+0.48,41000,661460,14
2025-11-27,TPEx,020027,元大上櫃ESG成長N,5.73,5.75,5.71,5.73,+0.06,106000,608070,22
2025-11-27,TPEx,020033,統一恒生科期N,4.53,4.53,4.53,4.53,0.00,10000,45300,2
2025-11-27,TPEx,020035,元大上櫃ESG高息N,,,,,,0,0,0
2025-11-27,TPEx,020040,元大上櫃ESG龍頭N,6.03,6.03,6.03,6.03,+0.09,1000,6030,1
2025-11-27,TPEx,020041,兆豐半導體氣候N,,,,,,0,0,0
2025-11-27,TPEx,1240,茂生農經,59.30,59.30,58.50,58.60,+0.20,18640,1094179,24
2025-11-27,TPEx,1259,安心,62.60,62.60,62.50,62.60,-0.20,7467,467167,59
2025-11-27,TPEx,1264,德麥,290.00,293.00,290.00,290.50,+0.50,8460,2459331,200
2025-11-27,TPEx,1268,漢來美食,158.00,158.00,157.50,157.50,-0.50,8179,1290782,16
2025-11-27,TPEx,1294,漢田生技,,,,,,213,15853,4
2025-11-27,TPEx,1295,生合,93.80,93.80,92.30,92.60,-0.90,67136,6236549,129
2025-11-27,TPEx,1336,台翰,15.60,15.75,15.60,15.65,+0.10,69766,1092657,54
2025-11-27,TPEx,1565,精華,127.00,127.50,126.50,127.00,0.00,32913,4185271,89
2025-11-27,TPEx,1569,濱川,56.50,56.50,55.20,55.30,-0.60,597923,33280455,716
2025-11-27,TPEx,1570,力肯,30.30,31.15,30.30,30.50,+0.70,105626,3236392,134
2025-11-27,TPEx,1580,新麥,137.50,138.00,137.50,138.00,+1.00,34812,4799494,72
2025-11-27,TPEx,1584,精剛,22.45,22.45,21.70,21.75,-0.30,725928,15930665,650
2025-11-27,TPEx,1586,和勤,26.60,27.40,26.30,27.30,+0.85,381798,10293910,224
2025-11-27,TPEx,1591,駿吉-KY,45.60,46.70,45.10,45.85,-0.35,73781,3398748,150
2025-11-27,TPEx,1593,祺驊,28.00,28.00,27.85,27.85,-0.10,5125,143200,9
2025-11-27,TPEx,1595,川寶,36.00,36.80,35.90,36.65,+0.85,96690,3504175,82
2025-11-27,TPEx,1599,宏佳騰,27.30,27.90,26.50,26.60,-0.45,25390,678453,104
2025-11-27,TPEx,1742,台蠟,13.50,13.60,13.50,13.60,+0.10,3053,41415,5
2025-11-27,TPEx,1777,生泰,77.20,77.40,77.20,77.40,-0.30,7413,573548,21
2025-11-27,TPEx,1781,合世,11.20,11.40,11.15,11.30,0.00,71032,802963,40
2025-11-27,TPEx,1784,訊聯,98.60,99.30,96.80,98.80,+2.30,343172,33674749,350
2025-11-27,TPEx,1785,光洋科,57.70,58.50,57.30,57.50,+0.30,2960927,171155327,1819
2025-11-27,TPEx,1788,杏昌,137.00,137.00,136.00,136.50,-0.50,20827,2840828,57
2025-11-27,TPEx,1796,金穎生技,46.10,46.20,46.00,46.20,+0.10,5016,231263,7
2025-11-27,TPEx,1799,易威,36.15,36.15,34.45,34.75,-0.15,65929,2288424,83
2025-11-27,TPEx,1813,寶利徠,13.05,13.15,13.00,13.15,0.00,31330,408474,86
2025-11-27,TPEx,1815,富喬,78.60,82.00,78.40,79.80,,69164363,5543760050,40741
2025-11-27,TPEx,2035,唐榮,27.60,28.30,27.45,28.30,+0.70,10043,278419,14
2025-11-27,TPEx,2061,風青,17.25,17.90,17.15,17.70,+0.45,128025,2248963,109
2025-11-27,TPEx,2063,世鎧,25.15,25.20,25.15,25.20,+0.05,3060,77054,4
2025-11-27,TPEx,2064,晉椿,11.75,12.30,11.75,11.95,-0.05,268031,3238022,23
2025-11-27,TPEx,2065,世豐,29.30,29.35,29.25,29.30,0.00,18649,546663,38
2025-11-27,TPEx,2066,世德,50.50,50.50,49.50,49.50,-0.45,45485,2277379,74
2025-11-27,TPEx,2067,嘉鋼,10.70,10.70,10.40,10.60,+0.05,74000,776950,47
2025-11-27,TPEx,2070,精湛,40.30,40.90,39.75,39.80,-0.70,186256,7461394,122
2025-11-27,TPEx,2073,雄順,,,,,,0,0,0
2025-11-27,TPEx,2221,大甲,28.05,28.05,27.95,28.00,-0.10,8231,230486,13
2025-11-27,TPEx,2230,泰茂,103.50,106.00,102.00,103.00,+0.50,525042,54712782,543
2025-11-27,TPEx,2235,謚源,,,,,,0,0,0
2025-11-27,TPEx,2596,綠意,30.20,30.50,30.20,30.40,+0.25,78500,2379674,50
2025-11-27,TPEx,2640,大車隊,127.50,128.50,127.50,128.00,+0.50,15375,1969146,27
2025-11-27,TPEx,2641,正德,21.05,21.25,20.55,20.70,-0.30,5454595,113074559,2757
2025-11-27,TPEx,2643,捷迅,71.40,72.10,71.00,72.10,+0.40,37553,2690414,46
2025-11-27,TPEx,2718,全心投控,57.20,57.50,56.60,57.20,+0.30,61972,3533198,75
2025-11-27,TPEx,2719,燦星旅,31.05,31.15,31.05,31.10,-0.35,9766,303644,43
2025-11-27,TPEx,2724,藝舍-KY,19.30,19.30,19.30,19.30,+0.65,1000,19300,1
2025-11-27,TPEx,2726,雅茗-KY,15.65,15.65,15.60,15.60,-0.05,25200,393538,20
2025-11-27,TPEx,2729,瓦城,179.00,180.50,177.50,180.50,+0.50,14384,2570971,118
2025-11-27,TPEx,2732,六角,71.90,73.50,71.10,71.60,-0.20,91354,6592380,89
2025-11-27,TPEx,2734,易飛網,19.05,19.45,19.00,19.10,-0.10,58708,1120439,85
2025-11-27,TPEx,2736,富野,15.25,15.45,15.15,15.40,+0.25,144003,2202133,79
2025-11-27,TPEx,2740,天蔥,22.95,22.95,22.95,22.95,+0.65,1290,29270,6
2025-11-27,TPEx,2743,山富,83.40,83.90,82.70,83.20,-0.30,153989,12801279,199
2025-11-27,TPEx,2745,五福,113.50,113.50,112.50,112.50,+0.50,94368,10656170,126
2025-11-27,TPEx,2751,王座,67.50,67.50,67.40,67.50,0.00,4588,309224,18
2025-11-27,TPEx,2752,豆府,213.00,214.00,212.00,213.50,-0.50,9098,1937007,86
2025-11-27,TPEx,2754,亞洲藏壽司,85.80,86.80,85.00,85.10,-2.80,38827,3316953,50
2025-11-27,TPEx,2755,揚秦,122.50,122.50,121.00,121.50,-1.00,12877,1566118,35
2025-11-27,TPEx,2756,聯發國際,88.00,88.50,88.00,88.50,+0.50,17060,1506864,9
2025-11-27,TPEx,2916,滿心,49.00,49.00,48.65,48.75,-0.10,19152,935996,41
2025-11-27,TPEx,2924,宏太-KY,,,,,,0,0,0
2025-11-27,TPEx,2926,誠品生活,40.90,41.00,40.80,40.85,+0.05,15130,618714,20
2025-11-27,TPEx,2937,集雅社,43.40,43.40,43.00,43.00,-0.10,2198,94981,13
2025-11-27,TPEx,2941,米斯特,42.50,46.80,42.50,45.60,+0.60,3011,135414,4
2025-11-27,TPEx,2947,振宇五金,81.50,81.50,81.50,81.50,-2.80,5785,471863,54
2025-11-27,TPEx,2948,寶陞,37.30,37.30,37.20,37.20,+0.20,6268,233368,9
2025-11-27,TPEx,2949,欣新網,,,,,,787,54298,5
2025-11-27,TPEx,3064,泰偉,50.30,50.30,50.30,50.30,-0.10,1000,50300,1
2025-11-27,TPEx,3066,李洲,13.10,13.25,13.05,13.15,+0.15,27833,365188,25
2025-11-27,TPEx,3067,全域,,,,,,0,0,0
2025-11-27,TPEx,3071,協禧,21.50,21.60,21.30,21.40,0.00,66696,1428030,64
2025-11-27,TPEx,3073,天方能源,32.30,33.50,32.05,32.10,-0.95,75958,2470378,88
2025-11-27,TPEx,3078,僑威,72.10,72.10,71.40,71.60,0.00,514091,36861010,515
2025-11-27,TPEx,3081,聯亞,535.00,575.00,527.00,535.00,+7.00,18572795,10210649982,21188
2025-11-27,TPEx,3083,網龍,32.90,33.75,32.80,33.20,+0.30,93240,3101522,62
2025-11-27,TPEx,3085,新零售,15.20,15.20,15.20,15.20,-0.05,1082,16350,5
2025-11-27,TPEx,3086,華義,248.50,253.00,240.00,241.50,-6.50,123799,30384725,829
2025-11-27,TPEx,3088,艾訊,78.00,78.70,76.60,76.60,-0.80,691955,53479886,1008
2025-11-27,TPEx,3093,港建*,24.70,25.20,24.40,25.00,+0.50,142592,3527328,104
2025-11-27,TPEx,3095,及成,28.90,28.90,27.50,27.80,-0.40,10274,285634,26
2025-11-27,TPEx,3105,穩懋,131.00,135.00,129.00,130.00,-1.50,10701233,1408588048,8392
2025-11-27,TPEx,3114,好德,25.50,25.50,25.40,25.50,0.00,50515,1286347,33
2025-11-27,TPEx,3115,富榮綱,10.40,10.85,10.40,10.65,+0.25,77135,821440,62
2025-11-27,TPEx,3118,進階,33.50,33.65,33.40,33.40,-0.10,3791,127203,44
2025-11-27,TPEx,3122,笙泉,21.50,22.00,21.40,21.60,+0.20,52049,1126613,63
2025-11-27,TPEx,3128,昇銳,27.60,27.60,27.00,27.00,-0.25,211453,5744421,203
2025-11-27,TPEx,3131,弘塑,1475.00,1490.00,1435.00,1435.00,-25.00,608042,888092390,2135
2025-11-27,TPEx,3141,晶宏,41.75,42.45,41.40,41.95,+0.20,74525,3107401,104
2025-11-27,TPEx,3147,大綜,179.50,181.00,177.00,179.00,+2.50,185861,33206859,822
2025-11-27,TPEx,3152,璟德,113.00,113.50,111.00,112.50,0.00,86565,9713655,192
2025-11-27,TPEx,3158,嘉實,100.00,100.00,99.20,99.90,0.00,63237,6293989,137
2025-11-27,TPEx,3162,精確,56.30,57.10,55.30,56.10,-0.10,1592096,89199944,1678
2025-11-27,TPEx,3163,波若威,288.00,296.00,282.00,289.50,+13.00,51990161,15015315638,39123
2025-11-27,TPEx,3169,亞信,87.60,89.40,87.60,88.20,-0.40,49434,4372415,73
2025-11-27,TPEx,3171,炎洲流通,47.25,47.25,47.05,47.20,-0.10,17245,813965,57
2025-11-27,TPEx,3176,基亞,29.90,30.20,29.75,30.20,+0.15,99695,2986753,96
2025-11-27,TPEx,3178,公準,48.30,48.50,47.30,47.75,-0.35,32432,1554494,40
2025-11-27,TPEx,3188,鑫龍騰,30.00,30.65,30.00,30.65,+0.65,477565,14519302,419
2025-11-27,TPEx,3191,雲嘉南,17.95,17.95,17.85,17.85,-0.10,6032,107605,14
2025-11-27,TPEx,3205,佰研,46.00,47.20,45.80,46.05,+0.65,117613,5469841,102
2025-11-27,TPEx,3206,志豐,33.75,33.75,32.85,33.00,-0.05,28101,927434,21
2025-11-27,TPEx,3207,耀勝,69.20,69.70,67.90,68.90,0.00,309213,21298935,271
2025-11-27,TPEx,3211,順達,272.50,272.50,265.00,268.00,+3.00,2630106,707908368,2710
2025-11-27,TPEx,3213,茂訊,103.50,104.00,102.00,102.50,+0.50,354318,36441017,337
2025-11-27,TPEx,3217,優群,166.50,168.50,166.50,167.50,+2.00,615956,103249566,670
2025-11-27,TPEx,3218,大學光,154.50,154.50,151.50,152.00,-1.50,78353,11919419,631
2025-11-27,TPEx,3219,倚強科,57.60,57.90,56.00,56.20,-1.00,267794,15206058,333
2025-11-27,TPEx,3221,台嘉碩,20.90,21.00,20.60,20.75,+0.10,170130,3535749,192
2025-11-27,TPEx,3224,三顧,46.50,47.90,46.45,47.90,+1.25,51001,2409295,46
2025-11-27,TPEx,3226,龍鋒,,,,,,50,2312,1
2025-11-27,TPEx,3227,原相,211.50,211.50,207.50,208.00,-0.50,693313,144763423,1834
2025-11-27,TPEx,3228,金麗科,138.00,139.00,135.50,135.50,-1.50,114267,15615248,216
2025-11-27,TPEx,3230,錦明,42.50,42.50,39.70,40.40,-0.10,601130,24548587,535
2025-11-27,TPEx,3232,昱捷,23.80,24.10,23.80,23.90,-0.10,38120,912818,29
2025-11-27,TPEx,3234,光環,42.50,43.05,41.25,42.10,+2.95,5228612,221768821,5722
2025-11-27,TPEx,3236,千如,25.85,27.95,25.55,27.30,+1.65,8891934,241042175,5667
2025-11-27,TPEx,3252,海灣,19.00,19.30,18.75,19.00,-0.05,100000,1896600,25
2025-11-27,TPEx,3259,鑫創,21.50,21.90,21.15,21.30,+0.15,36194,774564,32
2025-11-27,TPEx,3260,威剛,178.00,180.00,173.00,176.00,+1.50,8676838,1528713533,6306
2025-11-27,TPEx,3264,欣銓,89.50,93.30,89.30,91.70,+3.20,12531617,1151029135,10847
2025-11-27,TPEx,3265,台星科,96.00,98.80,96.00,96.60,+2.30,1127758,109911315,1649
2025-11-27,TPEx,3268,海德威,17.95,17.95,17.60,17.85,-0.05,35012,622567,38
2025-11-27,TPEx,3272,東碩,19.10,19.20,18.35,19.00,-0.10,90272,1694078,38
2025-11-27,TPEx,3276,宇環,14.50,14.65,14.35,14.40,-0.05,83310,1202471,96
2025-11-27,TPEx,3284,太普高,22.20,22.20,21.90,21.95,-0.15,52482,1152947,54
2025-11-27,TPEx,3285,微端,27.30,27.40,27.10,27.40,+0.10,12454,339626,18
2025-11-27,TPEx,3287,廣寰科,31.20,31.20,30.00,30.10,-0.50,54418,1649497,53
2025-11-27,TPEx,3288,點晶,15.20,15.20,15.05,15.20,+0.05,7240,109592,11
2025-11-27,TPEx,3289,宜特,104.00,104.00,102.50,103.50,+0.50,200687,20753490,257
2025-11-27,TPEx,3290,東浦,43.00,43.35,42.95,43.30,+0.40,157436,6790785,177
2025-11-27,TPEx,3293,鈊象,754.00,757.00,748.00,751.00,+1.00,1106878,831797353,3989
2025-11-27,TPEx,3294,英濟,39.90,40.10,39.20,39.80,+0.45,577875,22922768,484
2025-11-27,TPEx,3297,杭特,44.60,44.65,43.55,43.85,-0.55,534187,23452529,626
2025-11-27,TPEx,3303,岱稜,45.80,46.10,45.70,46.00,+0.20,115778,5316531,116
2025-11-27,TPEx,3306,鼎天,50.90,50.90,49.45,49.70,-0.50,162976,8113872,211
2025-11-27,TPEx,3310,佳穎,67.00,67.00,66.90,67.00,0.00,8243,571306,20
2025-11-27,TPEx,3313,斐成,13.90,14.25,13.90,14.20,+0.20,229951,3245614,185
2025-11-27,TPEx,3317,尼克森,47.80,47.80,46.90,47.10,-0.05,413924,19571418,598
2025-11-27,TPEx,3322,建舜電,12.70,12.70,12.45,12.60,+0.05,65156,818345,81
2025-11-27,TPEx,3323,加百裕,37.65,38.60,36.85,37.45,+0.40,3183257,120351217,2459
2025-11-27,TPEx,3324,雙鴻,894.00,913.00,892.00,898.00,+13.00,3085489,2780768317,6088
2025-11-27,TPEx,3325,旭品,17.30,17.70,17.25,17.40,+0.25,166205,2897089,106
2025-11-27,TPEx,3332,幸康,56.30,56.30,55.30,55.90,+0.10,50145,2797908,54
2025-11-27,TPEx,3339,泰谷,25.20,25.90,24.90,25.65,+0.75,302594,7727886,227
2025-11-27,TPEx,3349,寶德,25.30,25.50,24.90,25.30,0.00,295569,7465291,224
2025-11-27,TPEx,3354,律勝,16.30,17.35,16.20,16.75,+0.70,272541,4556853,187
2025-11-27,TPEx,3357,臺慶科,156.50,163.00,155.00,159.50,+5.00,3701957,590890193,3375
2025-11-27,TPEx,3360,尚立,12.40,12.45,12.30,12.35,0.00,94546,1171550,50
2025-11-27,TPEx,3362,先進光,92.10,93.40,91.10,92.80,+1.40,255439,23529782,756
2025-11-27,TPEx,3363,上詮,380.50,384.00,369.50,370.50,-4.50,7691057,2904809426,7753
2025-11-27,TPEx,3372,典範,17.20,17.35,17.05,17.25,+0.15,377718,6489990,251
2025-11-27,TPEx,3373,熱映,18.30,18.30,17.90,17.90,-0.20,116406,2098397,122
2025-11-27,TPEx,3374,精材,138.00,138.50,136.00,138.00,+1.00,747235,102641913,817
2025-11-27,TPEx,3379,彬台,53.40,53.50,52.30,52.80,-0.20,238117,12540967,264
2025-11-27,TPEx,3388,崇越電,61.70,61.80,61.50,61.60,0.00,34467,2123188,40
2025-11-27,TPEx,3390,旭軟,21.75,21.75,21.25,21.25,-0.30,80756,1730928,85
2025-11-27,TPEx,3402,漢科,116.50,117.00,115.00,116.50,+1.00,139535,16219952,216
2025-11-27,TPEx,3426,台興,,,,,,320,12639,5
2025-11-27,TPEx,3430,奇鈦科,57.60,57.60,56.30,56.30,-1.10,155075,8810396,184
2025-11-27,TPEx,3434,哲固,32.00,32.15,31.75,31.75,-0.35,160240,5115365,152
2025-11-27,TPEx,3438,類比科,49.70,49.70,47.80,48.10,-0.25,664218,32445999,770
2025-11-27,TPEx,3441,聯一光,36.50,37.20,35.35,35.40,-0.90,1068197,38665093,834
2025-11-27,TPEx,3444,利機,53.60,54.10,52.60,52.60,-0.70,254807,13564158,276
2025-11-27,TPEx,3455,由田,89.70,91.00,88.80,90.70,+1.80,404294,36461953,448
2025-11-27,TPEx,3465,進泰電子,43.00,43.45,42.00,43.00,-0.85,27142,1153758,31
2025-11-27,TPEx,3466,德晉,48.15,48.50,46.10,47.00,-0.90,2377924,112631819,1649
2025-11-27,TPEx,3467,台灣精材,37.50,37.50,37.00,37.20,-0.25,10510,392466,16
2025-11-27,TPEx,3479,安勤,98.00,98.00,96.90,98.00,+0.50,220746,21546634,262
2025-11-27,TPEx,3483,力致,92.60,92.90,90.80,91.10,-0.10,278412,25438425,1014
2025-11-27,TPEx,3484,崧騰,49.65,50.30,49.45,49.65,0.00,117111,5824384,235
2025-11-27,TPEx,3489,森寶,19.60,19.70,19.60,19.65,+0.15,13344,261909,15
2025-11-27,TPEx,3490,單井,23.70,23.90,23.65,23.80,+0.30,262689,6252605,111
2025-11-27,TPEx,3491,昇達科,496.50,512.00,491.50,502.00,+11.50,2222042,1117471118,3354
2025-11-27,TPEx,3492,長盛,25.35,27.80,25.35,27.80,+2.50,962367,26387651,618
2025-11-27,TPEx,3498,陽程,52.60,53.00,51.70,52.20,+0.50,688972,35985755,710
2025-11-27,TPEx,3499,環天科,13.60,13.60,13.15,13.40,-0.10,26645,353502,54
2025-11-27,TPEx,3508,位速,21.10,21.55,21.05,21.25,+0.05,76552,1625779,136
2025-11-27,TPEx,3511,矽瑪,19.45,19.45,19.15,19.45,+0.35,66081,1275915,42
2025-11-27,TPEx,3512,皇龍,20.35,20.50,20.20,20.45,+0.15,70578,1430990,47
2025-11-27,TPEx,3516,亞帝歐,19.70,19.70,19.50,19.70,0.00,9849,193037,27
2025-11-27,TPEx,3520,華盈,17.45,17.80,17.25,17.40,+0.10,264912,4621523,174
2025-11-27,TPEx,3521,鴻翊,13.70,15.00,13.70,15.00,+1.35,1314554,19284760,1296
2025-11-27,TPEx,3522,御嵿,15.95,16.15,15.90,16.00,+0.20,45505,728487,51
2025-11-27,TPEx,3523,迎輝,17.00,17.45,17.00,17.45,-0.05,2039,35118,5
2025-11-27,TPEx,3526,凡甲,242.00,244.50,241.00,241.00,+1.00,324174,78740738,449
2025-11-27,TPEx,3527,聚積,53.60,53.60,51.90,52.00,-0.20,33459,1753218,90
2025-11-27,TPEx,3529,力旺,1975.00,2010.00,1965.00,1990.00,+15.00,447013,888228540,1298
2025-11-27,TPEx,3531,先益,21.65,21.65,21.65,21.65,-0.35,3000,64950,3
2025-11-27,TPEx,3537,堡達,46.40,50.40,46.20,49.30,+3.25,1801868,87598935,2045
2025-11-27,TPEx,3540,曜越,29.80,30.00,29.70,29.85,+0.05,74087,2209966,88
2025-11-27,TPEx,3541,西柏,23.45,23.50,23.35,23.50,-0.25,19620,459186,26
2025-11-27,TPEx,3546,宇峻,81.80,82.10,80.40,81.60,+0.40,447969,36457064,1249
2025-11-27,TPEx,3548,兆利,92.10,92.10,90.20,90.70,-0.30,188335,17175714,703
2025-11-27,TPEx,3551,世禾,157.50,158.50,155.00,155.50,-2.00,240053,37599538,802
2025-11-27,TPEx,3552,同致,65.00,65.50,64.30,64.50,0.00,62139,4019144,126
2025-11-27,TPEx,3555,博士旺,74.70,76.60,71.00,71.50,+1.80,730050,53985511,801
2025-11-27,TPEx,3556,禾瑞亞,37.30,37.70,37.15,37.50,0.00,24451,914123,93
2025-11-27,TPEx,3558,神準,133.50,136.00,133.00,133.00,+0.50,112038,14999428,164
2025-11-27,TPEx,3564,其陽,47.95,48.00,47.30,47.65,-0.30,91675,4370897,114
2025-11-27,TPEx,3567,逸昌,25.75,25.85,25.55,25.70,+0.25,13022,335335,21
2025-11-27,TPEx,3570,大塚,173.00,173.00,172.00,172.50,0.00,8706,1503648,34
2025-11-27,TPEx,3577,泓格,60.90,64.20,60.90,64.20,+4.10,291427,18357886,290
2025-11-27,TPEx,3580,友威科,56.60,57.20,56.40,57.00,+0.40,89880,5116480,117
2025-11-27,TPEx,3581,博磊,67.90,72.20,67.50,72.20,+6.50,5119711,359860742,3349
2025-11-27,TPEx,3587,閎康,190.50,196.00,190.50,195.00,+5.50,367487,71139909,689
2025-11-27,TPEx,3594,磐儀,39.00,39.00,38.00,38.30,-0.45,95925,3694448,435
2025-11-27,TPEx,3597,映興,26.00,26.00,25.60,25.80,+0.05,54161,1397262,29
2025-11-27,TPEx,3609,三一東林,45.00,45.40,44.00,44.25,-0.60,170743,7605200,102
2025-11-27,TPEx,3611,鼎翰,214.50,215.50,213.00,214.50,+0.50,80583,17273480,226
2025-11-27,TPEx,3615,安可,24.05,24.45,23.95,23.95,-0.20,360699,8700197,208
2025-11-27,TPEx,3623,富晶通,20.30,20.30,19.70,19.75,-0.10,20000,396950,17
2025-11-27,TPEx,3624,光頡,47.90,52.10,47.50,50.70,+2.75,7823766,392343810,6397
2025-11-27,TPEx,3625,西勝,19.65,20.70,19.55,20.45,+0.80,1039681,20980154,636
2025-11-27,TPEx,3628,盈正,75.00,75.30,73.50,74.60,+0.10,532765,39559888,547
2025-11-27,TPEx,3629,地心引力,,,,,,2,48,2
2025-11-27,TPEx,3630,新鉅科,27.50,27.65,27.25,27.30,0.00,252452,6914546,260
2025-11-27,TPEx,3631,晟楠,23.35,23.40,22.75,23.25,+0.60,116000,2674200,94
2025-11-27,TPEx,3632,研勤,9.42,9.42,9.42,9.42,0.00,5098,48231,56
2025-11-27,TPEx,3646,艾恩特,26.50,26.60,26.15,26.55,-0.20,30364,802741,44
2025-11-27,TPEx,3663,鑫科,44.70,44.70,43.65,43.90,+0.35,168976,7436215,224
2025-11-27,TPEx,3664,安瑞-KY,15.10,16.50,15.10,16.30,+1.25,70131,1109133,63
2025-11-27,TPEx,3666,光耀,29.60,29.90,29.60,29.60,0.00,180940,5389007,81
2025-11-27,TPEx,3672,康聯訊,12.50,12.50,12.40,12.40,-0.10,11004,137048,9
2025-11-27,TPEx,3675,德微,136.00,137.00,133.50,133.50,-1.50,172170,23165831,251
2025-11-27,TPEx,3680,家登,343.00,356.00,333.00,337.00,-6.00,2898014,992415366,4082
2025-11-27,TPEx,3684,榮昌,47.40,47.90,47.40,47.90,+0.45,34805,1658495,59
2025-11-27,TPEx,3685,元創精密,33.15,34.50,33.15,33.85,+0.70,452089,15326286,276
2025-11-27,TPEx,3687,歐買尬,78.70,78.80,77.50,78.10,-0.20,92212,7215414,140
2025-11-27,TPEx,3689,湧德,103.50,104.50,102.50,104.00,+0.50,2072540,214223230,1760
2025-11-27,TPEx,3691,碩禾,71.40,72.00,70.10,71.10,+0.70,137530,9805489,140
2025-11-27,TPEx,3693,營邦,306.00,311.50,303.50,306.00,+1.00,417232,128259866,2054
2025-11-27,TPEx,3707,漢磊,48.55,49.20,48.40,48.90,+0.45,1665149,81158918,1538
2025-11-27,TPEx,3709,鑫聯大投控,52.80,55.60,52.80,54.80,+2.30,2660194,144893065,1967
2025-11-27,TPEx,3710,連展投控,6.18,6.18,5.81,5.90,-0.28,882482,5259750,278
2025-11-27,TPEx,3713,新晶投控,20.50,20.65,20.05,20.50,+0.05,95001,1923220,61
2025-11-27,TPEx,4102,永日,20.00,20.00,19.50,19.60,-0.25,202974,3989040,146
2025-11-27,TPEx,4105,東洋,81.30,82.60,81.10,81.60,+1.20,1577665,129234027,1319
2025-11-27,TPEx,4107,邦特,125.00,125.00,124.50,125.00,-1.00,25712,3210125,121
2025-11-27,TPEx,4109,加捷生醫,15.90,15.95,15.80,15.90,+0.05,73208,1161291,65
2025-11-27,TPEx,4111,濟生,29.50,29.55,29.35,29.50,-0.05,85015,2500910,92
2025-11-27,TPEx,4113,聯上,20.60,20.85,20.55,20.75,+0.15,230994,4783401,117
2025-11-27,TPEx,4114,健喬,32.10,32.20,31.95,32.00,-0.10,282152,9032192,442
2025-11-27,TPEx,4116,明基醫,45.00,45.50,44.80,45.00,+0.20,36428,1636261,25
2025-11-27,TPEx,4120,友華,45.20,46.45,44.65,46.45,+1.00,18200,821339,14
2025-11-27,TPEx,4121,優盛,15.30,15.40,15.15,15.40,+0.10,162150,2483034,108
2025-11-27,TPEx,4123,晟德,36.60,36.75,36.35,36.60,+0.10,907530,33235965,641
2025-11-27,TPEx,4126,太醫,87.30,87.30,86.70,87.30,0.00,79795,6943386,91
2025-11-27,TPEx,4127,天良,30.35,30.35,30.30,30.30,+0.15,11014,334115,12
2025-11-27,TPEx,4128,中天,21.10,21.60,20.85,21.25,+0.40,1648735,34961795,1400
2025-11-27,TPEx,4129,聯合,119.50,120.00,117.50,119.00,+0.50,125252,14882046,160
2025-11-27,TPEx,4130,健亞,23.45,23.55,23.20,23.50,+0.15,137181,3206253,132
2025-11-27,TPEx,4131,浩泰,34.20,35.00,34.20,35.00,+0.80,33129,1146299,21
2025-11-27,TPEx,4138,曜亞,63.50,63.50,63.30,63.40,-0.30,6150,389882,33
2025-11-27,TPEx,4139,馬光-KY,22.70,23.15,22.10,22.45,-0.95,54018,1219537,41
2025-11-27,TPEx,4147,中裕,67.30,67.90,66.50,67.60,+0.70,493562,33139440,562
2025-11-27,TPEx,4153,鈺緯,32.50,32.70,32.45,32.70,+0.70,28000,911200,19
2025-11-27,TPEx,4154,樂威科-KY,15.60,15.60,15.60,15.60,0.00,2000,31200,2
2025-11-27,TPEx,4157,太景*-KY,9.64,9.96,9.61,9.94,+0.35,1507611,14713341,702
2025-11-27,TPEx,4160,訊聯基因,50.00,51.20,50.00,51.20,+1.20,19455,977215,42
2025-11-27,TPEx,4161,聿新科,25.85,26.40,25.55,25.95,+0.40,210919,5466270,171
2025-11-27,TPEx,4162,智擎,73.20,73.20,72.10,72.70,-0.40,300483,21814140,618
2025-11-27,TPEx,4163,鐿鈦,98.50,99.00,98.20,98.20,-0.40,7940,783019,31
2025-11-27,TPEx,4166,友霖,24.50,24.55,24.20,24.55,+0.10,78474,1909495,57
2025-11-27,TPEx,4167,松瑞藥,18.15,18.20,18.05,18.15,+0.05,475629,8619724,211
2025-11-27,TPEx,4168,醣聯,21.35,21.50,21.10,21.45,+0.10,82810,1762867,98
2025-11-27,TPEx,4171,瑞基,19.50,19.70,19.00,19.20,-0.25,98989,1899959,99
2025-11-27,TPEx,4173,久裕,21.45,21.45,21.30,21.35,-0.05,35681,762006,87
2025-11-27,TPEx,4174,浩鼎,26.85,27.20,26.20,27.10,+0.15,982366,26205954,806
2025-11-27,TPEx,4175,杏一,57.30,58.50,57.20,58.10,+1.60,26410,1524519,42
2025-11-27,TPEx,4183,福永生技,17.10,17.10,17.05,17.05,-0.05,2000,34150,2
2025-11-27,TPEx,4188,安克,15.35,15.45,15.25,15.45,-0.10,41053,627909,39
2025-11-27,TPEx,4192,杏國,26.00,26.00,26.00,26.00,0.00,1722,44127,8
2025-11-27,TPEx,4198,欣大健康,37.90,38.90,37.90,38.90,+0.90,7000,267200,6
2025-11-27,TPEx,4205,中華食,83.00,83.50,83.00,83.50,+0.50,7713,641890,72
2025-11-27,TPEx,4207,環泰,19.65,19.65,19.35,19.40,-0.05,145141,2818158,112
2025-11-27,TPEx,4303,信立,67.20,67.30,65.70,66.00,0.00,1376024,91368396,3056
2025-11-27,TPEx,4304,勝昱,28.55,30.10,28.55,30.10,+0.45,37375,1087154,44
2025-11-27,TPEx,4305,世坤,42.35,42.35,42.05,42.05,-0.30,7014,295894,7
2025-11-27,TPEx,4401,東隆興,17.45,17.65,17.35,17.35,-0.10,24000,418850,13
2025-11-27,TPEx,4402,郡都開發,16.90,17.00,16.60,17.00,+0.20,31464,527105,44
2025-11-27,TPEx,4406,新昕纖,9.63,9.68,9.63,9.68,+0.05,6000,57850,3
2025-11-27,TPEx,4413,飛寶企業,18.35,18.35,18.35,18.35,+0.05,1000,18350,1
2025-11-27,TPEx,4416,三圓,33.30,33.40,32.35,33.20,-0.15,273233,9040868,120
2025-11-27,TPEx,4417,金洲,55.40,55.70,54.90,55.70,+0.20,134494,7440776,149
2025-11-27,TPEx,4419,皇家美食,,,,,,2,79,2
2025-11-27,TPEx,4420,光明,50.50,51.00,50.50,51.00,+0.70,43015,2181457,73
2025-11-27,TPEx,4430,耀億,17.85,17.85,17.65,17.70,+0.15,4113,73000,35
2025-11-27,TPEx,4432,銘旺實,16.45,16.85,16.45,16.85,+0.10,16788,279495,35
2025-11-27,TPEx,4433,興采,21.05,21.10,21.00,21.00,-0.10,21387,449858,28
2025-11-27,TPEx,4442,竣邦-KY,54.90,56.00,54.20,54.40,-0.10,76405,4177234,80
2025-11-27,TPEx,4502,健信,15.90,15.95,15.75,15.85,-0.15,24316,386068,21
2025-11-27,TPEx,4503,金雨,47.40,47.40,46.00,47.30,+0.70,239672,11181712,172
2025-11-27,TPEx,4506,崇友,122.00,122.00,121.00,122.00,+0.50,19997,2431439,90
2025-11-27,TPEx,4510,高鋒,39.60,39.65,37.70,38.10,-1.25,2736825,105826084,1815
2025-11-27,TPEx,4513,福裕,17.20,17.45,17.10,17.40,+0.35,173099,2992417,162
2025-11-27,TPEx,4523,永彰,29.20,29.20,28.85,28.90,-0.20,144217,4179067,121
2025-11-27,TPEx,4527,方土霖,39.25,39.25,39.15,39.20,+0.05,19069,747650,19
2025-11-27,TPEx,4528,江興鍛,16.70,16.85,16.65,16.80,-0.15,13864,232166,68
2025-11-27,TPEx,4529,淳紳,3.72,3.79,3.72,3.78,+0.06,36001,134873,19
2025-11-27,TPEx,4530,宏易,12.55,12.95,12.25,12.90,+0.35,96190,1209123,40
2025-11-27,TPEx,4533,協易機,22.55,22.80,21.40,21.65,-0.20,3729235,82230327,2236
2025-11-27,TPEx,4534,慶騰,15.20,15.20,14.70,14.75,-0.05,106568,1576792,87
2025-11-27,TPEx,4535,至興,28.40,28.40,28.40,28.40,+0.05,7125,202339,10
2025-11-27,TPEx,4538,大詠城,16.90,16.95,16.75,16.85,-0.10,31000,523350,25
2025-11-27,TPEx,4541,晟田,48.25,48.80,44.30,44.45,-3.30,11245072,519493024,7014
2025-11-27,TPEx,4542,科嶠,50.50,50.50,49.50,50.00,-0.10,30617,1531015,29
2025-11-27,TPEx,4543,萬在,25.20,25.20,23.90,24.40,+0.20,373334,9063716,428
2025-11-27,TPEx,4549,桓達,115.50,116.00,114.00,115.50,0.00,103355,11885049,149
2025-11-27,TPEx,4550,長佳,24.70,24.70,24.50,24.70,+0.20,14020,345391,13
2025-11-27,TPEx,4554,橙的,28.00,28.20,27.60,28.05,+0.05,59492,1659519,55
2025-11-27,TPEx,4556,旭然,24.05,24.05,23.70,23.85,-0.15,15374,366615,31
2025-11-27,TPEx,4558,寶緯,20.50,20.80,20.10,20.25,0.00,52000,1054600,50
2025-11-27,TPEx,4561,健椿,34.50,34.65,33.90,34.25,0.00,45320,1549282,64
2025-11-27,TPEx,4563,百德,46.25,46.25,45.40,45.50,0.00,44332,2028298,49
2025-11-27,TPEx,4568,科際精密,,,,,,351,14706,1
2025-11-27,TPEx,4577,達航科技,61.00,61.00,52.40,54.80,-2.70,10033208,555504851,7281
2025-11-27,TPEx,4580,捷流閥業,80.60,81.40,80.50,80.90,0.00,48145,3893796,56
2025-11-27,TPEx,4584,君帆,49.80,50.00,48.70,50.00,+0.20,9005,447651,6
2025-11-27,TPEx,4609,唐鋒,6.40,6.40,6.40,6.40,+0.05,1000,6400,1
2025-11-27,TPEx,4702,中美實,10.05,10.35,10.00,10.00,0.00,384309,3862149,176
2025-11-27,TPEx,4706,大恭,,,,,,0,0,0
2025-11-27,TPEx,4707,磐亞,9.60,9.66,9.60,9.63,+0.02,103273,994219,152
2025-11-27,TPEx,4711,永純,15.05,15.05,15.00,15.00,-0.05,13693,205771,55
2025-11-27,TPEx,4714,永捷,16.55,16.55,16.25,16.35,0.00,635378,10395114,477
2025-11-27,TPEx,4716,大立,16.10,16.20,15.55,15.60,-0.35,393036,6223956,519
2025-11-27,TPEx,4721,美琪瑪,68.00,68.70,67.60,68.10,+1.00,355626,24229899,367
2025-11-27,TPEx,4726,永昕,33.40,33.40,31.60,32.40,-0.40,84185,2722734,116
2025-11-27,TPEx,4728,雙美,390.50,390.50,390.00,390.00,0.00,4156,1621588,15
2025-11-27,TPEx,4729,熒茂,21.20,21.20,20.90,21.10,0.00,204347,4291989,134
2025-11-27,TPEx,4735,豪展,33.65,33.70,33.40,33.50,0.00,28385,952600,42
2025-11-27,TPEx,4741,泓瀚,21.00,21.30,21.00,21.05,-0.30,27160,573299,26
2025-11-27,TPEx,4743,合一,65.70,67.60,65.70,67.50,+2.40,3610170,241584106,2968
2025-11-27,TPEx,4744,皇將,29.30,30.95,29.00,30.00,+0.95,641046,19107432,475
2025-11-27,TPEx,4745,合富-KY,24.05,25.20,23.80,24.65,+0.60,1108163,27231738,654
2025-11-27,TPEx,4747,強生,61.10,61.10,61.00,61.00,-0.10,4000,244200,3
2025-11-27,TPEx,4749,新應材,799.00,799.00,782.00,796.00,+7.00,690243,545618694,2091
2025-11-27,TPEx,4754,國碳科,39.10,39.20,38.95,39.05,+0.05,12746,497011,42
2025-11-27,TPEx,4760,勤凱,178.50,184.50,176.50,178.00,+3.50,1202987,216325896,1858
2025-11-27,TPEx,4767,誠泰科技,27.55,27.60,26.95,27.50,-0.10,6102,166944,8
2025-11-27,TPEx,4768,晶呈科技,206.00,207.50,203.00,203.50,-2.00,324855,66577997,371
2025-11-27,TPEx,4772,台特化,304.50,304.50,297.50,301.00,0.00,1153720,347023214,3043
2025-11-27,TPEx,4804,大略-KY,7.00,7.19,7.00,7.00,-0.20,6109,42951,23
2025-11-27,TPEx,4806,桂田文創,10.20,10.45,10.15,10.45,+0.40,7024,71640,27
2025-11-27,TPEx,4903,聯光通,41.00,41.80,38.65,41.10,+1.15,26889898,1084722544,17637
2025-11-27,TPEx,4905,台聯電,62.70,64.80,62.70,64.80,-0.20,3500,223170,6
2025-11-27,TPEx,4907,富宇,42.60,42.60,42.05,42.20,+0.10,11161,471189,18
2025-11-27,TPEx,4908,前鼎,76.20,79.80,76.00,77.70,+2.70,1305131,101924935,1457
2025-11-27,TPEx,4909,新復興,42.95,43.00,42.05,42.65,+0.25,414547,17649649,492
2025-11-27,TPEx,4911,德英,47.85,48.30,47.75,47.75,-0.10,11921,570549,29
2025-11-27,TPEx,4923,力士,28.25,28.45,28.10,28.40,-0.30,41886,1183830,45
2025-11-27,TPEx,4924,欣厚-KY,11.95,13.10,11.95,12.60,+0.30,43001,538263,33
2025-11-27,TPEx,4931,新盛力,133.50,145.00,131.50,145.00,+13.00,10340561,1458164439,8100
2025-11-27,TPEx,4933,友輝,60.80,61.30,60.10,60.90,+0.40,113181,6871440,129
2025-11-27,TPEx,4939,亞電,28.50,31.00,28.30,31.00,+2.80,14469216,434259643,6428
2025-11-27,TPEx,4946,辣椒,103.50,103.50,100.50,103.00,0.00,15384,1577844,360
2025-11-27,TPEx,4950,金耘國際,20.45,20.45,19.70,19.70,-0.30,26822,534062,48
2025-11-27,TPEx,4951,精拓科,66.90,67.50,66.60,67.00,0.00,20253,1354800,23
2025-11-27,TPEx,4953,緯軟,126.00,126.50,124.50,126.00,+1.00,370769,46545325,427
2025-11-27,TPEx,4966,譜瑞-KY,657.00,676.00,655.00,659.00,+3.00,648513,430283877,1209
2025-11-27,TPEx,4971,IET-KY,178.50,194.50,177.00,194.50,+17.50,7207881,1355771221,8201
2025-11-27,TPEx,4972,湯石照明,18.25,18.30,18.20,18.25,+0.05,34599,631118,55
2025-11-27,TPEx,4973,廣穎,33.45,34.20,33.30,34.10,+1.05,790756,26725288,745
2025-11-27,TPEx,4974,亞泰,71.70,72.20,71.10,71.30,-0.40,107890,7693667,213
2025-11-27,TPEx,4979,華星光,214.50,228.50,210.50,224.00,+16.00,54480012,12146647494,40755
2025-11-27,TPEx,4987,科誠,67.90,69.30,67.70,69.00,+1.10,47934,3292530,51
2025-11-27,TPEx,4991,環宇-KY,172.00,175.50,166.00,166.50,-2.00,16262560,2780188761,12123
2025-11-27,TPEx,4995,晶達,40.60,41.60,40.60,40.80,0.00,81129,3354606,23
2025-11-27,TPEx,5009,榮剛,32.80,32.95,32.00,32.00,-0.45,1479751,47745254,1193
2025-11-27,TPEx,5011,久陽,10.20,10.40,10.20,10.30,+0.15,293490,3024426,80
2025-11-27,TPEx,5013,強新,29.30,29.30,28.85,29.20,+0.30,8260,240466,11
2025-11-27,TPEx,5014,建錩,10.15,10.20,10.05,10.05,-0.10,101488,1021977,78
2025-11-27,TPEx,5015,華祺,27.70,27.70,27.50,27.55,-0.05,19536,539447,19
2025-11-27,TPEx,5016,松和,25.00,25.00,25.00,25.00,0.00,3000,75000,2
2025-11-27,TPEx,5201,凱衛,42.30,44.40,41.75,43.20,+1.65,518539,22218306,298
2025-11-27,TPEx,5202,力新,17.40,17.50,17.15,17.15,-0.10,193409,3349790,113
2025-11-27,TPEx,5205,中茂,,,,,,0,0,0
2025-11-27,TPEx,5206,坤悅,31.90,31.90,31.55,31.70,0.00,52617,1667549,68
2025-11-27,TPEx,5209,新鼎,167.00,167.50,165.50,166.00,-1.00,20089,3348723,344
2025-11-27,TPEx,5210,寶碩,21.05,21.20,21.00,21.15,+0.05,133149,2805022,85
2025-11-27,TPEx,5211,蒙恬,27.60,28.00,27.10,27.70,+0.60,80851,2214466,105
2025-11-27,TPEx,5212,凌網,51.70,51.70,50.80,51.00,+0.10,9230,471860,22
2025-11-27,TPEx,5213,亞昕,23.80,24.20,23.80,24.20,+0.45,269618,6481060,244
2025-11-27,TPEx,5220,萬達光電,17.90,18.25,17.55,17.80,+0.15,30841,548476,41
2025-11-27,TPEx,5223,安力-KY,27.25,27.25,27.25,27.25,+0.35,1055,28747,4
2025-11-27,TPEx,5227,立凱-KY,26.95,27.20,26.95,27.10,0.00,59181,1602393,97
2025-11-27,TPEx,5228,鈺鎧,17.70,17.75,17.55,17.55,-0.05,31681,558827,29
2025-11-27,TPEx,5230,雷笛克光學,15.95,15.95,15.65,15.65,-0.30,71109,1124129,76
2025-11-27,TPEx,5236,凌陽創新,123.00,123.00,121.50,122.50,0.00,59953,7335568,107
2025-11-27,TPEx,5245,智晶,20.55,20.65,20.40,20.55,-0.25,15104,310111,18
2025-11-27,TPEx,5251,天鉞電,37.40,37.40,36.50,36.55,-0.40,133486,4897843,192
2025-11-27,TPEx,5263,智崴,89.30,89.40,87.40,88.50,-0.80,235952,20782903,225
2025-11-27,TPEx,5272,笙科,18.45,18.80,18.30,18.35,-0.10,68089,1260092,77
2025-11-27,TPEx,5274,信驊,6660.00,6735.00,6575.00,6650.00,+30.00,189165,1259838725,1061
2025-11-27,TPEx,5276,達輝-KY,14.55,14.90,14.55,14.90,0.00,3001,44066,4
2025-11-27,TPEx,5278,尚凡*,30.50,30.50,29.70,30.05,-0.20,155498,4663565,149
2025-11-27,TPEx,5287,數字,173.00,173.50,172.50,173.50,+0.50,30663,5306833,88
2025-11-27,TPEx,5289,宜鼎,493.00,503.00,485.50,489.50,+5.50,2865656,1410819449,3875
2025-11-27,TPEx,5291,邑昇,26.45,26.50,26.05,26.50,+0.10,14173,373465,18
2025-11-27,TPEx,5299,杰力,71.80,72.10,71.50,71.80,+0.50,40356,2892437,70
2025-11-27,TPEx,5301,寶得利,10.85,11.55,10.85,11.00,-0.25,11001,121661,12
2025-11-27,TPEx,5302,太欣,8.62,8.79,8.50,8.50,-0.13,130860,1120165,86
2025-11-27,TPEx,5309,系統電,56.50,59.80,56.50,58.50,+1.70,8389121,490697838,6775
2025-11-27,TPEx,5310,天剛,29.10,29.10,28.30,28.30,-0.90,4040,115136,4
2025-11-27,TPEx,5312,寶島科,97.40,98.10,97.30,97.70,+0.20,15953,1555557,33
2025-11-27,TPEx,5314,世紀*,118.50,120.00,110.50,111.00,-3.00,22552863,2572514246,15234
2025-11-27,TPEx,5315,光聯,24.25,25.25,23.95,25.15,+1.05,2728187,67491149,1495
2025-11-27,TPEx,5321,美而快,38.65,39.70,38.35,38.60,-0.15,130953,5080874,137
2025-11-27,TPEx,5324,士開,10.65,10.65,10.55,10.60,-0.05,74031,783671,27
2025-11-27,TPEx,5328,華容,20.25,21.25,20.20,20.90,+0.65,9015908,187599646,4989
2025-11-27,TPEx,5340,建榮,58.00,60.00,57.50,59.90,+3.10,1101773,65143100,871
2025-11-27,TPEx,5344,立衛,14.55,14.60,14.50,14.50,-0.05,22083,320821,41
2025-11-27,TPEx,5345,馥鴻,25.00,25.00,24.20,24.70,+0.05,7375,181457,15
2025-11-27,TPEx,5347,世界,90.50,91.10,90.20,91.10,+0.90,3729548,338086125,2386
2025-11-27,TPEx,5348,正能量智能,17.25,17.25,17.25,17.25,+0.15,1000,17250,1
2025-11-27,TPEx,5351,鈺創,38.90,39.40,38.30,39.40,+1.15,4049039,157696507,2944
2025-11-27,TPEx,5353,台林,24.40,24.55,24.40,24.50,+0.05,16150,395030,20
2025-11-27,TPEx,5355,佳總,6.35,6.35,6.01,6.03,+0.02,71721,435324,56
2025-11-27,TPEx,5356,協益,25.15,25.35,25.00,25.05,-0.10,71520,1799850,72
2025-11-27,TPEx,5364,力麗店,14.75,15.20,14.70,14.75,+0.15,59059,876130,42
2025-11-27,TPEx,5371,中光電,105.00,105.00,94.30,94.90,-5.10,61921071,6063334367,40546
2025-11-27,TPEx,5381,合正,24.10,24.65,24.00,24.20,+0.20,956735,23229204,689
2025-11-27,TPEx,5386,青雲,74.30,74.50,73.10,73.30,+0.80,606034,44659375,826
2025-11-27,TPEx,5392,能率,44.95,44.95,43.80,44.80,+0.75,1711466,75809738,1973
2025-11-27,TPEx,5398,慕康生醫,24.60,26.00,24.35,26.00,+1.55,1258550,31992477,554
2025-11-27,TPEx,5403,中菲,116.50,117.00,116.50,116.50,0.00,24573,2868204,53
2025-11-27,TPEx,5410,國眾,30.70,30.80,30.55,30.65,+0.05,112013,3433217,124
2025-11-27,TPEx,5425,台半,59.50,59.80,57.90,58.70,-0.30,6423900,376572204,4641
2025-11-27,TPEx,5426,振發,20.45,20.45,19.95,20.00,-0.10,163407,3286158,258
2025-11-27,TPEx,5432,新門,132.50,133.50,129.50,130.50,-1.00,74748,9813519,188
2025-11-27,TPEx,5438,東友,24.45,24.45,21.80,21.85,-0.40,2330218,53369761,1426
2025-11-27,TPEx,5439,高技,318.50,343.00,318.00,334.50,+19.00,12700905,4217392170,16422
2025-11-27,TPEx,5443,均豪,84.50,84.50,82.90,83.00,-0.50,727173,60734832,1127
2025-11-27,TPEx,5450,南良,13.50,13.50,13.15,13.20,+0.10,16198,215853,15
2025-11-27,TPEx,5452,佶優,21.45,21.75,21.30,21.55,+0.25,192433,4134653,159
2025-11-27,TPEx,5455,昇益,,,,,,150,4080,2
2025-11-27,TPEx,5457,宣德,41.90,42.50,41.40,42.10,+0.75,250532,10518152,207
2025-11-27,TPEx,5460,同協,14.95,14.95,14.80,14.90,-0.10,41236,612968,37
2025-11-27,TPEx,5464,霖宏,26.45,26.95,26.40,26.95,+0.10,24185,642714,20
2025-11-27,TPEx,5465,富驊,28.50,28.55,28.30,28.35,-0.35,83093,2360938,73
2025-11-27,TPEx,5468,凱鈺,19.30,19.75,19.00,19.50,+0.35,192508,3753719,155
2025-11-27,TPEx,5474,聰泰,167.00,168.50,163.00,163.00,-4.00,198802,32641823,377
2025-11-27,TPEx,5475,德宏,56.80,62.00,56.70,61.50,+5.00,4267466,258344079,5037
2025-11-27,TPEx,5478,智冠,99.00,100.00,99.00,100.00,+1.10,63410,6323361,146
2025-11-27,TPEx,5481,新華,20.65,21.45,19.80,20.50,+0.85,2546300,52277327,1412
2025-11-27,TPEx,5483,中美晶,102.50,104.00,101.50,103.00,+1.50,2214234,227679333,1776
2025-11-27,TPEx,5487,通泰,30.05,30.75,29.30,30.40,+0.35,94106,2827577,115
2025-11-27,TPEx,5488,松普,9.25,9.30,9.21,9.28,-0.04,77148,713492,48
2025-11-27,TPEx,5489,彩富,40.90,40.90,39.85,39.95,-0.25,68139,2732639,80
2025-11-27,TPEx,5490,同亨,27.50,27.60,27.35,27.55,+0.10,148339,4075074,245
2025-11-27,TPEx,5493,三聯,82.90,84.60,81.90,84.50,+2.90,178712,14909102,178
2025-11-27,TPEx,5498,凱崴,26.80,27.25,25.95,27.00,+0.40,21316814,565617352,11383
2025-11-27,TPEx,5508,永信建,75.10,76.60,75.00,76.00,+1.00,326598,24810264,463
2025-11-27,TPEx,5511,德昌,65.80,66.00,65.30,65.90,+0.10,75518,4969813,72
2025-11-27,TPEx,5512,力麒,8.00,8.01,7.94,7.96,-0.02,232264,1850480,217
2025-11-27,TPEx,5514,三豐,16.35,17.00,16.30,17.00,+0.65,20919,344453,18
2025-11-27,TPEx,5516,雙喜,13.75,13.90,13.50,13.85,-0.10,11023,150422,11
2025-11-27,TPEx,5520,力泰,91.80,91.90,91.60,91.90,+0.10,5152,472699,10
2025-11-27,TPEx,5523,豐謙,29.90,29.95,29.80,29.95,+0.05,94777,2832781,45
2025-11-27,TPEx,5529,鉅陞,26.35,26.35,25.05,25.35,-0.95,77647,2002094,165
2025-11-27,TPEx,5530,龍巖,47.80,48.05,47.40,47.75,-0.05,93776,4467601,147
2025-11-27,TPEx,5536,聖暉*,677.00,681.00,671.00,679.00,+7.00,553764,374250703,989
2025-11-27,TPEx,5543,桓鼎-KY,27.80,28.20,27.45,28.20,+0.40,21055,587402,13
2025-11-27,TPEx,5548,安倉,23.25,23.80,23.25,23.65,+0.50,45077,1058063,39
2025-11-27,TPEx,5601,台聯櫃,,,,,,0,0,0
2025-11-27,TPEx,5603,陸海,18.90,19.00,18.80,18.85,-0.15,29516,557120,64
2025-11-27,TPEx,5604,中連,37.75,37.75,37.70,37.75,-0.25,4248,160336,15
2025-11-27,TPEx,5609,中菲行,79.50,79.50,79.00,79.10,0.00,49062,3883948,242
2025-11-27,TPEx,5701,劍湖山,4.21,4.22,4.00,4.22,+0.01,53520,219814,55
2025-11-27,TPEx,5703,亞都,,,,,,0,0,0
2025-11-27,TPEx,5704,老爺知,26.35,26.35,25.85,26.30,+0.20,12190,318173,16
2025-11-27,TPEx,5864,致和證,15.05,15.30,15.05,15.20,+0.20,605435,9178347,234
2025-11-27,TPEx,5878,台名,41.20,41.20,41.05,41.05,-0.05,11010,452662,8
2025-11-27,TPEx,5902,德記,45.50,45.85,45.00,45.25,+0.30,21050,957100,12
2025-11-27,TPEx,5903,全家,191.00,192.00,191.00,192.00,+0.50,23495,4492342,339
2025-11-27,TPEx,5904,寶雅,437.50,438.50,434.50,438.50,+1.00,151648,66200340,392
2025-11-27,TPEx,5905,南仁湖,9.28,9.31,9.10,9.25,-0.01,572307,5256899,371
2025-11-27,TPEx,6015,宏遠證,10.65,10.65,10.40,10.40,-0.10,357903,3752205,143
2025-11-27,TPEx,6016,康和證,12.75,12.80,12.70,12.75,+0.05,467565,5958734,248
2025-11-27,TPEx,6020,大展證,18.50,18.55,18.50,18.55,+0.15,7011,130003,6
2025-11-27,TPEx,6021,美好證,25.45,25.60,25.35,25.60,+0.15,86130,2192449,64
2025-11-27,TPEx,6023,元大期,95.80,95.80,95.00,95.50,-0.10,104110,9934267,231
2025-11-27,TPEx,6026,福邦證,12.05,12.10,11.95,12.05,0.00,199310,2398273,111
2025-11-27,TPEx,6101,寬魚國際,37.40,37.40,37.05,37.10,-0.05,17017,632929,20
2025-11-27,TPEx,6103,合邦,,,,,,38,1350,2
2025-11-27,TPEx,6104,創惟,92.00,92.20,90.30,91.00,+0.10,518176,47189052,899
2025-11-27,TPEx,6109,亞元,12.35,12.60,12.15,12.15,-0.40,141722,1741225,158
2025-11-27,TPEx,6111,大宇資,46.50,46.85,45.45,45.65,-0.80,615740,28316087,630
2025-11-27,TPEx,6113,亞矽,19.20,19.40,19.10,19.35,+0.15,60686,1169133,117
2025-11-27,TPEx,6114,久威,30.30,32.55,30.30,31.30,+1.70,692093,22193125,584
2025-11-27,TPEx,6118,建達,18.30,18.30,17.80,18.00,-0.05,82642,1486578,58
2025-11-27,TPEx,6121,新普,342.00,344.50,341.00,344.50,+5.00,420409,144132208,634
2025-11-27,TPEx,6122,擎邦,45.50,45.70,45.25,45.60,+0.20,55090,2504310,141
2025-11-27,TPEx,6123,上奇,51.90,51.90,50.40,50.70,+0.40,19263,975001,32
2025-11-27,TPEx,6124,業強,25.00,25.05,24.95,24.95,-0.55,12302,308189,69
2025-11-27,TPEx,6125,廣運,63.40,63.80,62.50,62.70,-0.30,460485,28963588,735
2025-11-27,TPEx,6126,信音,29.95,29.95,28.80,29.20,-0.10,358826,10468576,456
2025-11-27,TPEx,6127,九豪,26.25,28.15,26.05,27.60,+1.45,3155719,86419859,2478
2025-11-27,TPEx,6129,普誠,13.70,13.90,13.60,13.85,+0.15,130762,1800856,103
2025-11-27,TPEx,6130,上亞科技,38.65,38.65,38.20,38.60,+0.15,19016,732018,28
2025-11-27,TPEx,6134,萬旭,22.75,22.75,22.20,22.55,+0.20,92384,2073611,69
2025-11-27,TPEx,6138,茂達,237.00,240.00,236.00,240.00,+5.00,379595,90339269,463
2025-11-27,TPEx,6140,訊達,29.50,29.50,28.80,29.00,-0.20,140057,4060939,153
2025-11-27,TPEx,6143,振曜,132.50,132.50,130.00,131.00,0.00,414393,54348532,432
2025-11-27,TPEx,6144,得利影,19.40,20.10,19.40,19.70,+0.10,15000,297350,12
2025-11-27,TPEx,6146,耕興,160.00,160.50,159.00,160.50,+0.50,196381,31420110,284
2025-11-27,TPEx,6147,頎邦,52.50,53.10,52.10,52.40,+0.20,2986417,156476109,1450
2025-11-27,TPEx,6148,驊宏資,39.95,40.10,39.30,39.60,-0.10,135884,5375833,211
2025-11-27,TPEx,6150,撼訊,67.30,67.40,66.80,66.80,+0.20,152231,10203566,145
2025-11-27,TPEx,6151,晉倫,27.80,27.90,27.65,27.75,+0.15,39704,1102229,65
2025-11-27,TPEx,6154,順發,13.35,13.35,13.35,13.35,0.00,2815,37673,19
2025-11-27,TPEx,6156,松上,19.95,19.95,19.70,19.85,0.00,92200,1822445,94
2025-11-27,TPEx,6158,禾昌,22.45,22.45,21.95,22.10,-0.15,21457,472586,44
2025-11-27,TPEx,6160,欣技,17.55,17.55,17.25,17.30,-0.15,75288,1306825,69
2025-11-27,TPEx,6161,捷波,45.60,45.85,45.50,45.60,+0.10,77989,3558390,122
2025-11-27,TPEx,6163,華電網,32.65,33.40,31.40,33.20,+0.55,8373582,271908222,4806
2025-11-27,TPEx,6167,久正,11.60,11.75,11.30,11.40,0.00,90941,1037793,106
2025-11-27,TPEx,6169,昱泉,19.35,19.35,19.20,19.35,+0.05,11016,212557,25
2025-11-27,TPEx,6170,統振,51.40,51.60,51.10,51.30,+0.10,129877,6657717,263
2025-11-27,TPEx,6171,大城地產,27.85,27.85,27.85,27.85,+0.05,1050,29325,2
2025-11-27,TPEx,6173,信昌電,64.90,66.90,63.70,66.80,+2.40,11871275,780396954,9196
2025-11-27,TPEx,6174,安碁,21.40,21.60,21.30,21.60,+0.20,43015,921623,35
2025-11-27,TPEx,6175,立敦,46.55,47.25,45.60,46.70,+1.15,1860332,86611855,1840
2025-11-27,TPEx,6179,亞通,30.50,30.50,30.25,30.50,+2.75,5997070,182899275,1200
2025-11-27,TPEx,6180,橘子,53.10,53.90,53.10,53.70,+0.60,186575,9973601,200
2025-11-27,TPEx,6182,合晶,28.65,28.95,28.50,28.65,+0.10,1657772,47504890,1024
2025-11-27,TPEx,6185,幃翔,15.00,15.05,14.85,14.90,+0.05,145843,2174950,108
2025-11-27,TPEx,6186,新潤,57.60,58.20,57.50,58.10,+0.80,199382,11537910,238
2025-11-27,TPEx,6187,萬潤,353.00,353.00,345.50,348.50,0.00,665600,232243118,990
2025-11-27,TPEx,6188,廣明,106.00,106.50,103.50,105.50,+1.00,3192935,334572154,2717
2025-11-27,TPEx,6190,萬泰科,40.95,40.95,40.30,40.30,-0.35,797545,32297505,889
2025-11-27,TPEx,6194,育富,37.45,38.10,37.45,37.85,+0.45,180232,6812603,126
2025-11-27,TPEx,6195,詩肯,25.90,26.00,25.90,25.95,+0.05,11408,296501,32
2025-11-27,TPEx,6198,瑞築,26.10,27.00,26.10,27.00,-0.05,11702,311997,19
2025-11-27,TPEx,6199,天品,89.90,89.90,88.30,89.00,-0.70,58010,5163489,59
2025-11-27,TPEx,6203,海韻電,87.60,87.70,84.50,85.30,-1.60,1079136,92437579,4007
2025-11-27,TPEx,6204,艾華,73.90,78.00,73.60,77.70,+4.10,324351,24880078,358
2025-11-27,TPEx,6207,雷科,48.95,48.95,47.65,48.05,-0.30,281387,13576759,529
2025-11-27,TPEx,6208,日揚,42.40,42.50,41.70,41.75,-0.20,11934,499799,23
2025-11-27,TPEx,6210,慶生,19.30,19.50,19.20,19.50,+0.10,12000,232450,9
2025-11-27,TPEx,6212,理銘,40.20,40.20,40.20,40.20,-0.10,1000,40200,1
2025-11-27,TPEx,6217,中探針,50.90,51.60,49.10,49.55,-1.25,4425383,221951750,3652
2025-11-27,TPEx,6218,豪勉,18.25,18.25,17.90,18.00,-0.05,54114,975138,117
2025-11-27,TPEx,6219,富旺,19.15,19.70,19.15,19.65,+0.50,154941,3027841,120
2025-11-27,TPEx,6220,岳豐,24.75,25.10,24.20,24.60,0.00,473589,11640049,254
2025-11-27,TPEx,6221,晉泰,32.60,32.60,32.05,32.20,-0.30,128018,4125882,138
2025-11-27,TPEx,6222,立軒,20.60,20.60,20.05,20.55,+0.10,30000,608550,23
2025-11-27,TPEx,6223,旺矽,2100.00,2165.00,2080.00,2145.00,+45.00,1013677,2165134120,3127
2025-11-27,TPEx,6227,茂綸,84.30,85.00,83.60,84.70,+0.40,130556,11012984,137
2025-11-27,TPEx,6228,全譜,23.65,24.50,23.35,24.45,+0.85,15298,368896,24
2025-11-27,TPEx,6229,研通,22.25,22.25,22.05,22.05,-0.05,36112,797316,31
2025-11-27,TPEx,6231,系微,213.50,214.00,210.50,210.50,-0.50,180849,38295942,727
2025-11-27,TPEx,6233,旺玖,18.85,19.00,18.65,19.00,+0.15,76573,1441231,107
2025-11-27,TPEx,6234,高僑,21.50,21.50,21.05,21.30,+0.05,236996,5031890,221
2025-11-27,TPEx,6236,中湛,,,,,,0,0,0
2025-11-27,TPEx,6237,驊訊,40.35,40.75,40.15,40.30,+0.05,115939,4677999,129
2025-11-27,TPEx,6240,松崗,18.80,19.55,18.65,18.80,0.00,18000,343400,13
2025-11-27,TPEx,6241,易通展,11.20,11.35,11.15,11.25,+0.10,36032,405358,52
2025-11-27,TPEx,6242,立康,38.50,39.10,38.50,39.10,+0.70,6096,235444,10
2025-11-27,TPEx,6244,茂迪,15.90,15.95,15.70,15.90,+0.25,750063,11900756,485
2025-11-27,TPEx,6245,立端,75.30,76.80,73.30,73.60,-1.70,1875619,140362475,2430
2025-11-27,TPEx,6246,臺龍,13.35,13.50,13.10,13.35,0.00,17554,232606,55
2025-11-27,TPEx,6248,沛波,18.90,18.90,18.75,18.90,+0.05,32962,621818,69
2025-11-27,TPEx,6259,百徽,15.70,15.70,15.70,15.70,-0.25,5007,78608,6
2025-11-27,TPEx,6261,久元,60.80,60.80,60.10,60.20,+0.20,114317,6902929,200
2025-11-27,TPEx,6263,普萊德,130.00,132.00,130.00,131.00,+2.00,26859,3518563,72
2025-11-27,TPEx,6264,富裔,7.23,7.28,7.10,7.26,+0.03,48675,348950,34
2025-11-27,TPEx,6265,方土昶,17.35,18.90,17.35,18.90,+1.70,2803918,51416055,1603
2025-11-27,TPEx,6266,泰詠,28.75,28.75,28.40,28.65,+0.10,57068,1629310,97
2025-11-27,TPEx,6270,倍微,21.70,21.80,21.65,21.70,-0.10,42155,915169,50
2025-11-27,TPEx,6274,台燿,440.00,443.00,427.00,432.00,+2.00,17088000,7430217038,21466
2025-11-27,TPEx,6275,元山,43.70,44.40,43.70,43.70,-0.05,86484,3802423,133
2025-11-27,TPEx,6276,安鈦克,38.65,40.40,36.35,36.35,-0.90,297412,11305057,458
2025-11-27,TPEx,6279,胡連,128.50,129.00,128.00,128.50,0.00,182641,23490866,248
2025-11-27,TPEx,6284,佳邦,80.30,81.50,79.80,81.30,+1.60,814516,65909361,734
2025-11-27,TPEx,6290,良維,188.00,188.00,183.00,184.00,-0.50,4843281,896183091,4293
2025-11-27,TPEx,6291,沛亨,173.50,182.00,168.00,170.00,-4.00,1794259,310543390,1969
2025-11-27,TPEx,6292,迅德,41.25,41.45,40.60,41.20,-0.05,13347,549693,19
2025-11-27,TPEx,6294,智基,44.20,44.55,44.20,44.45,+0.40,9204,408209,49
2025-11-27,TPEx,6411,晶焱,81.60,81.90,79.20,79.60,-1.40,311456,25002336,540
2025-11-27,TPEx,6417,韋僑,102.00,105.50,100.00,105.00,+2.50,210612,21738204,178
2025-11-27,TPEx,6418,詠昇,45.80,49.50,44.80,46.85,+1.85,1485941,70698530,1356
2025-11-27,TPEx,6419,京晨科,55.50,60.00,54.80,59.80,+4.20,162301,9446164,316
2025-11-27,TPEx,6425,易發,77.20,81.00,77.10,79.50,+3.30,2687158,213766399,2577
2025-11-27,TPEx,6432,今展科,32.00,32.85,31.80,32.50,+0.65,423260,13702595,362
2025-11-27,TPEx,6435,大中,113.50,114.00,112.50,113.50,+1.00,227182,25728933,224
2025-11-27,TPEx,6441,廣錠,22.80,22.95,22.70,22.90,0.00,47031,1071170,69
2025-11-27,TPEx,6461,益得,14.75,14.80,14.50,14.70,-0.05,42566,623398,82
2025-11-27,TPEx,6462,神盾,124.00,125.50,123.50,124.00,+0.50,857628,106649303,903
2025-11-27,TPEx,6465,威潤,25.10,25.10,22.90,24.50,+1.65,919452,22457065,929
2025-11-27,TPEx,6469,大樹,103.50,105.00,102.00,104.00,+0.50,254365,26329081,574
2025-11-27,TPEx,6470,宇智,42.50,43.30,42.50,42.85,+0.25,92846,3960039,80
2025-11-27,TPEx,6474,華豫寧,36.80,36.90,36.10,36.80,+0.30,267012,9735225,233
2025-11-27,TPEx,6482,弘煜科,38.60,38.60,38.50,38.55,-0.20,19353,745818,26
2025-11-27,TPEx,6485,點序,66.80,68.30,66.40,68.30,+2.40,348307,23460397,348
2025-11-27,TPEx,6486,互動,76.70,77.00,76.20,76.80,+0.40,49556,3798522,99
2025-11-27,TPEx,6488,環球晶,382.00,387.50,375.50,381.50,+1.00,2576546,979841084,4249
2025-11-27,TPEx,6492,生華科,41.50,42.00,41.45,41.65,+0.15,162123,6755279,154
2025-11-27,TPEx,6494,九齊,36.05,36.20,36.00,36.10,+0.10,25429,917504,56
2025-11-27,TPEx,6496,科懋,29.00,29.85,29.00,29.20,+0.10,28149,825075,32
2025-11-27,TPEx,6498,久禾光,92.30,93.00,91.70,92.00,-0.30,33102,3055084,39
2025-11-27,TPEx,6499,益安,94.50,94.90,93.50,94.30,+0.30,383703,36062083,349
2025-11-27,TPEx,6506,雙邦,15.40,15.45,15.35,15.45,+0.05,8430,129897,13
2025-11-27,TPEx,6508,惠光,23.65,23.90,23.60,23.80,-0.15,23100,549380,83
2025-11-27,TPEx,6509,聚和,35.25,35.25,34.75,35.20,+0.25,576800,20238983,430
2025-11-27,TPEx,6510,精測,1810.00,1845.00,1770.00,1800.00,+15.00,928631,1683762425,2388
2025-11-27,TPEx,6512,啟發電,20.65,20.65,20.65,20.65,-0.20,6942,143471,22
2025-11-27,TPEx,6516,勤崴國際,59.50,59.80,59.50,59.70,0.00,3191,190437,10
2025-11-27,TPEx,6517,保勝光學,62.00,62.80,58.50,58.50,-0.80,265323,15956361,589
2025-11-27,TPEx,6523,達爾膚,124.00,124.50,124.00,124.50,+0.50,23508,2922597,122
2025-11-27,TPEx,6527,明達醫,79.30,79.30,79.30,79.30,-0.20,6188,490717,38
2025-11-27,TPEx,6530,創威,61.60,63.80,60.20,61.10,0.00,5065731,315281250,4635
2025-11-27,TPEx,6532,瑞耘,51.30,52.20,51.10,51.50,+0.20,60207,3096612,71
2025-11-27,TPEx,6535,順藥,196.00,198.00,191.00,198.00,+3.50,212018,41202140,451
2025-11-27,TPEx,6538,倉和,63.60,63.80,62.50,63.70,0.00,63207,3986859,131
2025-11-27,TPEx,6542,隆中,44.00,44.00,44.00,44.00,+0.60,1000,44000,1
2025-11-27,TPEx,6546,正基,62.00,62.00,61.00,61.70,0.00,135271,8327848,191
2025-11-27,TPEx,6547,高端疫苗,40.65,41.40,40.05,40.70,+0.40,2391215,97677859,1965
2025-11-27,TPEx,6548,長科*,41.40,43.15,41.30,43.05,+1.95,8855402,375636384,6346
2025-11-27,TPEx,6556,勝品,68.40,68.90,68.10,68.80,+0.20,14000,958200,12
2025-11-27,TPEx,6560,欣普羅,38.00,38.20,37.70,38.00,0.00,43175,1636932,53
2025-11-27,TPEx,6561,是方,360.00,362.00,358.50,358.50,-1.50,63604,22899492,271
2025-11-27,TPEx,6568,宏觀,100.00,100.50,98.80,99.20,-1.30,45617,4540206,104
2025-11-27,TPEx,6569,醫揚,113.00,113.00,111.00,111.50,+1.00,6345,709230,15
2025-11-27,TPEx,6570,維田,38.10,38.20,38.10,38.15,+0.05,21088,804452,20
2025-11-27,TPEx,6574,霈方,,,,,,141,9957,7
2025-11-27,TPEx,6576,逸達,74.90,79.00,74.50,79.00,+4.60,332215,25466969,255
2025-11-27,TPEx,6577,勁豐,70.30,70.30,69.70,70.20,+0.10,8553,599058,15
2025-11-27,TPEx,6578,達邦蛋白,19.50,19.70,19.45,19.45,+0.05,24119,471063,31
2025-11-27,TPEx,6584,南俊國際,353.00,359.00,345.00,359.00,+8.50,328998,116292291,662
2025-11-27,TPEx,6588,東典光電,29.15,29.80,28.80,29.00,-0.10,24265,711284,52
2025-11-27,TPEx,6590,普鴻,75.00,75.20,74.50,74.90,-0.10,4505,337475,14
2025-11-27,TPEx,6593,台灣銘板,39.95,42.90,39.80,41.05,+2.05,460098,19070588,467
2025-11-27,TPEx,6596,寬宏藝術,143.50,143.50,140.50,140.50,-2.00,266380,37744348,750
2025-11-27,TPEx,6597,立誠,64.00,64.00,62.50,62.50,-1.50,18014,1133947,14
2025-11-27,TPEx,6603,富強鑫,20.25,21.30,20.20,21.00,+0.75,2733854,57237725,1389
2025-11-27,TPEx,6609,瀧澤科,34.80,35.15,34.40,34.65,+0.05,99758,3456221,189
2025-11-27,TPEx,6612,奈米醫材,86.20,86.20,85.00,85.00,-0.30,3487,297059,75
2025-11-27,TPEx,6613,朋億*,175.50,177.00,174.50,175.50,+1.00,133963,23534617,154
2025-11-27,TPEx,6615,慧智,30.60,30.80,30.60,30.80,-0.10,15097,464518,10
2025-11-27,TPEx,6616,特昇-KY,9.70,9.70,9.70,9.70,-0.02,2000,19374,5
2025-11-27,TPEx,6617,共信-KY,82.40,84.00,80.80,82.00,+0.60,162915,13432358,751
2025-11-27,TPEx,6624,萬年清,42.75,45.40,42.75,45.35,+4.05,329800,14759063,680
2025-11-27,TPEx,6629,泰金-KY,130.00,135.50,129.50,134.00,+4.50,40337,5356941,80
2025-11-27,TPEx,6637,醫影,79.70,80.90,79.60,80.80,+1.30,43481,3492472,60
2025-11-27,TPEx,6640,均華,542.00,544.00,533.00,544.00,+4.00,87207,47137440,287
2025-11-27,TPEx,6642,富致,53.40,53.70,52.60,53.20,-0.30,105260,5600080,102
2025-11-27,TPEx,6643,M31,438.00,447.00,434.00,436.50,+1.50,431281,189307148,952
2025-11-27,TPEx,6649,台生材,50.00,50.10,49.45,49.80,-0.05,59243,2953585,66
2025-11-27,TPEx,6651,全宇昕,74.40,75.20,74.30,74.80,+0.60,44279,3303119,42
2025-11-27,TPEx,6654,天正國際,85.80,85.80,85.00,85.00,0.00,5051,430894,8
2025-11-27,TPEx,6661,威健生技,18.70,18.70,18.65,18.65,-0.45,4160,77650,6
2025-11-27,TPEx,6662,樂斯科,30.80,30.80,30.75,30.75,+0.20,2300,71250,4
2025-11-27,TPEx,6664,群翊,258.50,258.50,254.00,255.50,+0.50,181265,46413282,475
2025-11-27,TPEx,6667,信紘科,237.00,237.50,235.00,237.50,+2.50,149710,35430701,704
2025-11-27,TPEx,6679,鈺太,187.00,187.00,183.50,184.50,-1.00,114070,21078287,301
2025-11-27,TPEx,6680,鑫創電子,70.80,70.80,70.80,70.80,+2.30,1340,94570,12
2025-11-27,TPEx,6683,雍智科技,393.50,396.00,388.00,389.00,-2.00,153066,60076735,417
2025-11-27,TPEx,6684,安格,53.60,53.60,52.50,52.50,-0.30,127993,6764901,171
2025-11-27,TPEx,6690,安碁資訊,168.00,173.00,167.50,168.50,+2.50,41706,7054952,75
2025-11-27,TPEx,6692,進能服,30.50,30.75,30.50,30.60,-0.40,23582,721345,28
2025-11-27,TPEx,6693,廣閎科,78.90,82.00,77.90,78.80,+1.20,495999,39384895,523
2025-11-27,TPEx,6697,東捷資訊,48.25,48.25,48.25,48.25,+0.05,4000,193000,4
2025-11-27,TPEx,6703,軒郁,104.50,105.00,103.00,104.50,+0.50,21631,2255144,101
2025-11-27,TPEx,6708,天擎,37.30,37.30,37.00,37.00,-1.35,10858,402884,19
2025-11-27,TPEx,6712,長聖,172.00,172.00,169.00,170.50,+1.00,133682,22703093,1622
2025-11-27,TPEx,6716,應廣,49.05,49.50,49.00,49.00,+0.20,20062,987188,23
2025-11-27,TPEx,6720,久昌,124.00,124.00,123.00,124.00,-1.00,22044,2732628,37
2025-11-27,TPEx,6721,信實,61.60,61.60,61.60,61.60,+0.40,8009,493355,10
2025-11-27,TPEx,6727,亞泰金屬,165.00,168.50,163.00,168.00,+4.00,306161,50809477,455
2025-11-27,TPEx,6728,上洋,129.00,131.00,129.00,131.00,0.00,7086,916295,12
2025-11-27,TPEx,6732,昇佳電子,187.00,187.50,178.50,179.00,-5.50,137483,24973727,352
2025-11-27,TPEx,6733,博晟生醫,38.60,38.85,38.30,38.45,-0.30,172765,6641781,126
2025-11-27,TPEx,6735,美達科技,55.80,60.00,55.80,58.20,+2.40,72250,4199366,103
2025-11-27,TPEx,6739,竹陞科技,651.00,658.00,638.00,638.00,-2.00,246857,159302241,659
2025-11-27,TPEx,6741,91APP*-KY,73.20,73.20,71.90,72.70,-0.60,146223,10586643,172
2025-11-27,TPEx,6751,智聯服務,55.00,56.80,54.60,56.50,+1.00,75597,4231605,69
2025-11-27,TPEx,6752,叡揚,121.00,122.50,120.50,120.50,+1.00,40850,4950352,54
2025-11-27,TPEx,6761,穩得,123.00,124.00,121.50,122.50,+0.50,216325,26531215,446
2025-11-27,TPEx,6762,達亞,194.00,195.00,194.00,195.00,+5.50,2600,503004,10
2025-11-27,TPEx,6763,綠界科技*,58.60,58.60,57.80,58.00,-0.20,385184,22368808,633
2025-11-27,TPEx,6767,台微醫,28.95,28.95,28.70,28.70,-0.05,6000,172450,3
2025-11-27,TPEx,6785,昱展新藥,240.00,261.50,238.00,258.00,+20.00,217695,54835481,846
2025-11-27,TPEx,6788,華景電,221.50,222.00,217.50,218.00,-1.00,177517,38851399,411
2025-11-27,TPEx,6791,虎門科技,108.00,108.00,105.00,106.50,-1.50,28646,3050959,89
2025-11-27,TPEx,6803,崑鼎,295.00,295.50,293.00,295.00,-1.00,35085,10334728,211
2025-11-27,TPEx,6804,明係,18.10,18.55,18.10,18.30,-0.40,13776,253455,23
2025-11-27,TPEx,6811,宏碁資訊,216.50,217.50,212.00,213.00,-0.50,50940,10891787,595
2025-11-27,TPEx,6821,聯寶,38.45,38.45,37.20,38.10,+0.30,41523,1562656,87
2025-11-27,TPEx,6823,濾能,66.10,67.50,66.00,66.90,0.00,42511,2835831,38
2025-11-27,TPEx,6829,千附精密,116.00,116.50,112.00,113.00,-1.50,407944,46283805,541
2025-11-27,TPEx,6840,東研信超,54.30,55.10,54.30,55.10,-0.10,9463,517635,23
2025-11-27,TPEx,6841,長佳智能,66.50,66.80,66.00,66.30,+0.20,125516,8342291,120
2025-11-27,TPEx,6843,進典,56.30,57.60,56.30,56.40,-0.10,11342,640912,6
2025-11-27,TPEx,6844,諾貝兒,75.20,77.30,75.20,76.90,-0.20,6000,458500,6
2025-11-27,TPEx,6846,綠茵,,,,,,15,1080,1
2025-11-27,TPEx,6855,數泓科,112.00,112.00,112.00,112.00,-1.00,5160,578030,5
2025-11-27,TPEx,6856,鑫傳,55.00,56.60,55.00,56.60,-0.20,2249,125171,11
2025-11-27,TPEx,6859,伯特光,99.30,99.80,97.40,97.40,-1.00,14943,1466951,37
2025-11-27,TPEx,6865,偉康科技,43.85,43.85,42.50,43.00,+0.05,20497,878827,26
2025-11-27,TPEx,6870,騰雲,189.50,190.00,185.00,185.00,-2.00,52027,9790118,302
2025-11-27,TPEx,6872,浩宇生醫,20.85,20.95,20.45,20.80,-0.05,78360,1620349,40
2025-11-27,TPEx,6874,倍力,73.40,74.40,73.10,74.30,-0.10,33102,2448328,31
2025-11-27,TPEx,6875,國邑*,47.50,48.00,47.15,47.40,+0.10,41344,1965287,51
2025-11-27,TPEx,6877,鏵友益,84.10,84.30,83.00,84.20,+0.70,108369,9067187,253
2025-11-27,TPEx,6881,潤德,228.50,228.50,228.50,228.50,+0.50,3146,718934,8
2025-11-27,TPEx,6894,衛司特,202.50,203.00,201.50,203.00,+2.00,5810,1175150,127
2025-11-27,TPEx,6895,宏碩系統,239.50,240.50,230.00,230.00,-3.50,212045,49631585,924
2025-11-27,TPEx,6899,創為精密,,,,,,0,0,0
2025-11-27,TPEx,6903,巨漢,163.50,167.00,162.50,165.50,+3.00,167461,27494716,710
2025-11-27,TPEx,6904,伯鑫,120.50,124.00,120.50,124.00,+0.50,4028,494444,5
2025-11-27,TPEx,6913,鴻呈,120.00,120.00,118.00,119.00,0.00,236406,28166623,318
2025-11-27,TPEx,6922,宸曜,186.00,188.50,185.50,186.00,-1.00,61684,11511002,153
2025-11-27,TPEx,6925,意藍,100.00,100.00,97.00,97.30,-1.20,46595,4553763,277
2025-11-27,TPEx,6929,佑全,33.50,33.50,32.65,33.20,+0.55,9442,310954,13
2025-11-27,TPEx,6953,家碩,184.00,186.50,184.00,186.50,+4.50,2786,514965,58
2025-11-27,TPEx,6967,汎瑋材料,57.10,58.00,57.00,57.30,+0.20,39000,2234600,27
2025-11-27,TPEx,6968,萬達寵物,54.70,54.70,54.20,54.50,+0.40,13400,728824,32
2025-11-27,TPEx,6971,惠民實業,32.00,32.10,31.95,31.95,0.00,70189,2244098,23
2025-11-27,TPEx,6982,大井泵浦,64.20,65.10,64.00,64.10,-0.50,32298,2080475,168
2025-11-27,TPEx,6996,力領科技,151.00,155.00,151.00,151.50,0.00,116085,17767337,197
2025-11-27,TPEx,6997,博弘,92.80,93.20,92.50,92.50,-4.00,17024,1580166,30
2025-11-27,TPEx,7402,邑錡,130.00,140.00,121.00,138.00,+8.00,10035025,1313776651,7736
2025-11-27,TPEx,7547,碩網,70.00,70.00,68.10,70.00,0.00,25699,1777840,36
2025-11-27,TPEx,7556,意德士,164.00,164.00,157.50,163.00,+0.50,25787,4188636,40
2025-11-27,TPEx,7584,樂意,38.50,38.60,37.40,38.40,+0.15,35276,1334420,29
2025-11-27,TPEx,7642,昶瑞機電,90.30,90.40,87.40,87.60,-1.40,60778,5365415,285
2025-11-27,TPEx,7703,銳澤,198.00,198.50,192.50,194.00,-0.50,32671,6355659,62
2025-11-27,TPEx,7704,明遠精密,43.00,44.50,43.00,44.20,+2.00,55525,2438921,79
2025-11-27,TPEx,7708,全家餐飲,97.60,97.80,97.60,97.80,-0.20,2397,234369,13
2025-11-27,TPEx,7709,榮田,38.00,38.00,38.00,38.00,+1.55,5040,191528,6
2025-11-27,TPEx,7712,博盛半導體,95.40,99.60,85.80,86.30,-4.70,2461371,221231292,11701
2025-11-27,TPEx,7713,威力德生醫,74.50,74.50,73.50,73.80,-0.40,3134,231859,7
2025-11-27,TPEx,7714,創泓科技,157.00,157.00,142.50,146.50,-10.00,691561,102405028,1219
2025-11-27,TPEx,7715,裕山,30.20,30.60,29.95,30.30,+0.35,49256,1487453,47
2025-11-27,TPEx,7716,昱臺國際,,,,,,0,0,0
2025-11-27,TPEx,7717,萊德光電-KY,229.50,257.00,222.50,257.00,+23.00,706027,170949851,1531
2025-11-27,TPEx,7718,友鋮,44.90,45.00,44.90,45.00,0.00,6036,271470,7
2025-11-27,TPEx,7723,築間,33.80,33.90,33.10,33.20,-0.75,150019,4995325,134
2025-11-27,TPEx,7728,光焱科技,319.00,319.00,305.00,306.50,-4.50,54833,16940886,258
2025-11-27,TPEx,7734,印能科技,894.00,895.00,861.00,873.00,-4.00,49316,43290690,486
2025-11-27,TPEx,7738,東聯互動,214.00,214.00,210.50,210.50,-4.50,58694,12470821,521
2025-11-27,TPEx,7743,金利食安,22.20,22.30,22.20,22.30,-0.30,9703,215998,19
2025-11-27,TPEx,7744,崴寶,286.00,291.50,280.00,283.50,+3.50,878881,250308762,1030
2025-11-27,TPEx,7747,昕奇雲端,127.00,128.50,126.00,128.50,+1.50,17500,2224500,67
2025-11-27,TPEx,7751,竑騰,454.00,454.00,440.50,442.00,-2.50,50066,22293684,114
2025-11-27,TPEx,7753,星亞,41.65,41.90,41.50,41.90,+0.20,24030,1001454,18
2025-11-27,TPEx,7757,金色三麥,121.00,121.50,120.50,121.00,0.00,17359,2102133,33
2025-11-27,TPEx,7782,光速火箭,29.30,29.80,29.25,29.50,-0.25,15182,445285,18
2025-11-27,TPEx,8024,佑華,12.35,12.50,12.35,12.50,-0.05,6004,74300,9
2025-11-27,TPEx,8027,鈦昇,93.50,96.80,93.20,95.90,+3.40,3203017,307348928,2828
2025-11-27,TPEx,8032,光菱,37.00,37.20,36.20,36.55,-0.25,40505,1483031,66
2025-11-27,TPEx,8034,榮群,25.75,26.35,25.20,25.50,+0.20,2425788,62578632,1797
2025-11-27,TPEx,8038,長園科,39.00,40.20,39.00,39.60,+0.85,487036,19351470,457
2025-11-27,TPEx,8040,九暘,48.95,48.95,47.80,48.10,-0.70,132267,6395178,248
2025-11-27,TPEx,8042,金山電,50.70,52.00,48.70,52.00,+1.30,12055556,608964178,8306
2025-11-27,TPEx,8043,蜜望實,74.50,77.00,74.50,75.60,+0.40,1366850,103413838,1081
2025-11-27,TPEx,8044,網家,29.95,29.95,29.50,29.85,+0.15,203742,6046429,207
2025-11-27,TPEx,8047,星雲,47.80,50.20,46.20,50.20,+4.55,1567734,78054944,863
2025-11-27,TPEx,8048,德勝,66.10,67.70,65.30,67.70,+2.50,5150237,342244275,4554
2025-11-27,TPEx,8049,晶采,25.00,25.60,25.00,25.60,+0.60,121573,3072262,110
2025-11-27,TPEx,8050,廣積,46.55,46.55,45.70,45.95,-0.60,217451,10012081,370
2025-11-27,TPEx,8054,安國,139.50,143.00,135.00,142.00,+4.50,8392315,1175420858,6774
2025-11-27,TPEx,8059,凱碩,20.10,20.10,19.45,19.70,-0.50,206640,4058236,193
2025-11-27,TPEx,8064,東捷,41.75,42.25,41.55,41.95,+0.60,1013372,42415421,853
2025-11-27,TPEx,8066,來思達,19.50,20.05,19.20,19.20,+0.20,26308,509937,54
2025-11-27,TPEx,8067,志旭,14.30,14.35,14.30,14.30,-0.90,5202,74447,8
2025-11-27,TPEx,8068,全達,18.40,18.65,18.00,18.10,-0.15,92101,1675150,82
2025-11-27,TPEx,8069,元太,195.00,196.00,190.50,193.50,-1.00,3910651,756083831,3472
2025-11-27,TPEx,8071,能率網通,17.90,18.15,17.85,18.00,+0.20,243327,4372879,162
2025-11-27,TPEx,8074,鉅橡,35.55,38.00,34.05,36.95,+1.45,9113103,331228199,7177
2025-11-27,TPEx,8076,伍豐,23.10,23.10,22.70,23.10,+0.15,363012,8309959,264
2025-11-27,TPEx,8077,洛碁,,,,,,0,0,0
2025-11-27,TPEx,8080,泰霖,28.50,28.50,28.50,28.50,-0.05,5363,152796,8
2025-11-27,TPEx,8083,瑞穎,154.50,154.50,153.50,154.00,-0.50,20570,3165979,28
2025-11-27,TPEx,8084,巨虹,50.00,51.00,49.90,50.00,+0.70,44074,2220280,64
2025-11-27,TPEx,8085,福華,17.65,17.75,17.35,17.45,-0.10,139934,2451965,130
2025-11-27,TPEx,8086,宏捷科,101.00,101.00,98.00,98.00,-2.50,1729735,171614330,2591
2025-11-27,TPEx,8087,麗升能源,37.00,37.80,36.95,37.80,+0.35,36002,1347774,24
2025-11-27,TPEx,8088,品安,39.90,40.75,39.60,40.75,+1.55,2140637,85929993,1721
2025-11-27,TPEx,8089,康全電訊,29.80,29.80,28.55,28.75,-0.25,205859,5949796,182
2025-11-27,TPEx,8091,翔名,114.00,115.50,114.00,115.00,+2.00,97951,11261290,256
2025-11-27,TPEx,8092,建暐,14.40,14.40,14.20,14.25,+0.15,19487,279244,26
2025-11-27,TPEx,8093,保銳,12.95,13.50,12.95,13.50,+0.50,25074,332065,22
2025-11-27,TPEx,8096,擎亞,46.25,47.00,46.05,46.80,+1.25,2182914,101531815,1954
2025-11-27,TPEx,8097,常珵,60.30,61.30,60.30,61.20,+0.90,45123,2752093,47
2025-11-27,TPEx,8099,大世科,74.50,74.50,73.50,74.20,+0.20,67927,5021272,85
2025-11-27,TPEx,8107,大億金茂,14.50,14.50,14.00,14.20,0.00,47894,676760,78
2025-11-27,TPEx,8109,博大,106.50,106.50,101.50,103.00,-1.50,378428,39397964,736
2025-11-27,TPEx,8111,立碁,70.00,72.60,68.50,70.10,+2.10,26273103,1854042883,19894
2025-11-27,TPEx,8121,越峰,25.80,26.05,25.45,26.00,+0.55,306497,7876016,256
2025-11-27,TPEx,8147,正淩,99.20,99.80,99.10,99.80,+1.00,48315,4803665,50
2025-11-27,TPEx,8155,博智,168.50,183.00,168.50,180.50,+9.50,6687562,1189759926,8107
2025-11-27,TPEx,8171,天宇,23.15,23.30,22.95,23.10,0.00,140940,3262924,91
2025-11-27,TPEx,8176,智捷,10.35,10.40,10.25,10.35,-0.15,98516,1017223,111
2025-11-27,TPEx,8182,加高,25.95,25.95,25.55,25.60,-0.05,15050,386580,14
2025-11-27,TPEx,8183,精星,32.75,33.70,32.75,33.35,+0.65,344195,11452716,282
2025-11-27,TPEx,8227,巨有科技,148.50,150.50,145.50,146.50,-0.50,280062,41446659,582
2025-11-27,TPEx,8234,新漢,75.00,75.00,72.30,73.50,-0.50,965316,70969739,1029
2025-11-27,TPEx,8240,華宏,33.40,33.45,32.85,32.90,-0.50,85939,2854621,224
2025-11-27,TPEx,8255,朋程,126.00,126.50,124.50,124.50,-1.50,87012,10877011,284
2025-11-27,TPEx,8272,全景軟體,80.60,82.30,80.50,82.30,-0.40,3402,276366,9
2025-11-27,TPEx,8277,商丞,8.10,8.10,7.65,8.10,-0.23,1646277,12913790,674
2025-11-27,TPEx,8279,生展,129.00,129.50,128.50,129.00,-1.00,13176,1700820,18
2025-11-27,TPEx,8284,三竹,62.00,62.40,62.00,62.40,+0.10,4100,255438,6
2025-11-27,TPEx,8289,泰藝,20.10,20.10,20.00,20.00,-0.10,61326,1227394,45
2025-11-27,TPEx,8299,群聯,1055.00,1070.00,1035.00,1055.00,+40.00,5900353,6237104345,10421
2025-11-27,TPEx,8342,益張,83.00,84.60,83.00,84.60,+1.60,8030,675939,5
2025-11-27,TPEx,8349,恒耀,46.75,46.75,46.20,46.20,-0.25,55150,2566795,122
2025-11-27,TPEx,8349A,恒耀甲特,45.25,45.25,45.20,45.20,0.00,8008,362311,6
2025-11-27,TPEx,8354,冠好,15.30,15.30,15.20,15.25,+0.05,22439,341918,20
2025-11-27,TPEx,8358,金居,223.00,228.00,223.00,228.00,+9.00,1790395,405765395,1718
2025-11-27,TPEx,8383,千附,42.20,42.20,40.80,40.80,-0.70,412924,17010338,853
2025-11-27,TPEx,8390,金益鼎,87.00,89.90,85.10,88.60,+2.70,3034256,266898899,3066
2025-11-27,TPEx,8401,白紗科,28.60,28.65,28.60,28.65,+0.05,17683,505919,33
2025-11-27,TPEx,8403,盛弘,24.00,24.00,23.70,23.75,+0.05,48651,1156124,96
2025-11-27,TPEx,8409,商之器,21.50,21.50,21.40,21.45,+0.25,10145,217488,25
2025-11-27,TPEx,8410,森田,37.00,37.15,37.00,37.10,+0.05,31245,1157669,27
2025-11-27,TPEx,8415,大國鋼,34.50,34.55,34.25,34.30,-0.10,156886,5393084,121
2025-11-27,TPEx,8416,實威,173.00,173.00,173.00,173.00,0.00,4277,739857,12
2025-11-27,TPEx,8421,旭源,12.60,12.65,12.55,12.65,-0.05,28130,354388,17
2025-11-27,TPEx,8423,保綠-KY,17.60,17.60,17.35,17.55,+0.05,16762,292725,27
2025-11-27,TPEx,8424,惠普,73.30,75.80,73.30,73.90,+0.50,15164,1122932,13
2025-11-27,TPEx,8426,紅木-KY,28.10,28.40,28.00,28.00,-0.10,24199,680922,33
2025-11-27,TPEx,8431,匯鑽科,45.70,45.70,44.45,44.45,-0.65,123234,5545673,290
2025-11-27,TPEx,8432,東生華,54.00,54.30,53.50,53.80,+0.30,28200,1519439,27
2025-11-27,TPEx,8433,弘帆,52.00,52.40,51.30,52.00,-0.70,20091,1038843,25
2025-11-27,TPEx,8435,鉅邁,53.50,53.50,53.20,53.40,-0.10,6368,339774,22
2025-11-27,TPEx,8436,大江,117.00,117.00,116.00,116.00,-1.00,159959,18592228,214
2025-11-27,TPEx,8437,大地-KY,16.75,16.85,16.60,16.80,+0.10,45513,761690,55
2025-11-27,TPEx,8440,綠電,25.15,25.15,24.70,24.90,+0.40,51339,1280094,136
2025-11-27,TPEx,8444,綠河-KY,9.70,9.88,9.70,9.88,-0.03,2001,19590,3
2025-11-27,TPEx,8446,華研,95.60,96.20,95.40,96.00,+0.90,41731,4002809,94
2025-11-27,TPEx,8450,霹靂,17.40,17.40,16.90,17.20,-0.05,9507,162837,32
2025-11-27,TPEx,8455,大拓-KY,21.25,21.25,20.90,20.90,-1.90,3100,65500,4
2025-11-27,TPEx,8472,夠麻吉,75.00,75.00,73.50,73.50,-1.30,23748,1767716,40
2025-11-27,TPEx,8477,創業家,11.50,11.60,11.30,11.60,+0.10,13000,149200,8
2025-11-27,TPEx,8489,三貝德,41.50,42.20,41.50,41.90,+0.40,45870,1917536,58
2025-11-27,TPEx,8905,裕國,,,,,,8,247,8
2025-11-27,TPEx,8906,花王,28.65,31.45,28.65,30.50,+1.90,132054,4058368,113
2025-11-27,TPEx,8908,欣雄,43.05,43.15,43.05,43.15,+0.05,27840,1201635,42
2025-11-27,TPEx,8916,光隆,49.05,49.10,48.80,49.10,0.00,24493,1199138,62
2025-11-27,TPEx,8917,欣泰,58.10,58.10,58.10,58.10,+0.10,1003,58280,3
2025-11-27,TPEx,8921,沈氏,17.35,17.35,17.35,17.35,-0.10,1000,17350,1
2025-11-27,TPEx,8923,時報,,,,,,0,0,0
2025-11-27,TPEx,8924,大田,72.00,73.20,72.00,72.70,+0.30,29689,2144537,108
2025-11-27,TPEx,8927,北基,24.35,25.25,24.00,25.20,+1.05,825898,20472292,517
2025-11-27,TPEx,8928,鉅明,25.55,25.70,25.50,25.55,0.00,14154,361953,23
2025-11-27,TPEx,8929,富堡,16.50,16.50,16.25,16.30,-0.20,25101,411034,114
2025-11-27,TPEx,8930,青鋼,32.00,32.00,31.85,31.95,-0.05,35001,1117959,48
2025-11-27,TPEx,8931,大汽電,45.70,46.10,45.60,46.10,+0.45,22000,1005700,6
2025-11-27,TPEx,8932,智通*,176.00,181.50,174.00,175.50,+3.50,1742475,310332506,7482
2025-11-27,TPEx,8933,愛地雅,5.88,6.00,5.81,5.90,+0.04,164857,971605,165
2025-11-27,TPEx,8935,邦泰,20.10,20.35,18.40,18.70,-0.80,1033358,19893773,719
2025-11-27,TPEx,8936,國統,57.50,57.70,56.90,57.60,+0.80,948222,54328664,774
2025-11-27,TPEx,8937,合騏,157.00,157.00,153.50,155.00,-0.50,64589,10000487,66
2025-11-27,TPEx,8938,明安,69.40,69.40,67.40,68.20,-0.50,157033,10705249,420
2025-11-27,TPEx,8941,關中,44.25,44.25,44.25,44.25,+0.20,1115,49315,3
2025-11-27,TPEx,8942,森鉅,37.20,37.85,36.85,36.90,-0.20,63739,2359489,96
2025-11-27,TPEx,9949,琉園,24.65,27.05,24.65,25.30,+0.70,1304359,33341360,1340
2025-11-27,TPEx,9950,萬國通,10.70,10.70,10.55,10.65,+0.15,17001,180110,11
2025-11-27,TPEx,9951,皇田,57.10,57.20,57.00,57.20,+0.30,26113,1491541,30
2025-11-27,TPEx,9960,邁達康,20.80,20.90,20.80,20.80,+0.05,13076,272287,14
2025-11-27,TPEx,9962,有益,10.25,10.25,10.00,10.15,0.00,22809,229944,30
