date,market,code,name,open,high,low,close,change,volume,value,transactions
2025-12-12,TWSE,0050,元大台灣50,63.55,63.80,63.30,63.45,0.10,60240146,3825611936,49189
2025-12-12,TWSE,0051,元大中型100,90.55,91.65,90.55,91.65,1.25,77748,7102250,445
2025-12-12,TWSE,0052,富邦科技,36.71,36.73,36.45,36.64,0.09,42671777,1560985133,20662
2025-12-12,TWSE,0053,元大電子,137.00,137.65,136.35,137.65,0.85,12916,1770220,123
2025-12-12,TWSE,0055,元大MSCI金融,30.51,31.07,30.51,31.00,0.55,2238070,69179520,526
2025-12-12,TWSE,0056,元大高股息,36.44,36.56,36.40,36.46,0.13,18404514,671130408,12956
2025-12-12,TWSE,0057,富邦摩台,186.55,186.55,185.45,185.65,0.55,16941,3144598,98
2025-12-12,TWSE,0061,元大寶滬深,22.50,22.60,22.36,22.60,0.10,268632,6040054,127
2025-12-12,TWSE,006203,元大MSCI台灣,115.85,115.85,115.50,115.50,0.00,3007,346613,103
2025-12-12,TWSE,006204,永豐臺灣加權,142.85,142.85,142.65,142.65,0.65,15110,2157843,72
2025-12-12,TWSE,006205,富邦上証,38.16,38.34,38.05,38.34,0.18,248985,9515004,190
2025-12-12,TWSE,006206,元大上證50,35.75,35.90,35.34,35.89,0.14,77493,2770073,131
2025-12-12,TWSE,006207,復華滬深,30.64,30.64,29.67,29.89,0.05,172844,5160029,128
2025-12-12,TWSE,006208,富邦台50,145.45,145.80,144.75,145.50,0.80,2142057,311169537,6653
2025-12-12,TWSE,00625K,富邦上証+R,,,,,0.00,0,0,0
2025-12-12,TWSE,00631L,元大台灣50正2,347.80,349.10,345.15,347.85,4.85,2181019,757477367,3539
2025-12-12,TWSE,00632R,元大台灣50反1,16.81,16.89,16.78,16.82,-0.13,78898525,1328219843,4690
2025-12-12,TWSE,00633L,富邦上証正2,49.00,49.16,48.35,49.08,0.30,8694549,424653456,846
2025-12-12,TWSE,00634R,富邦上証反1,3.25,3.27,3.25,3.25,0.00,111000,362660,9
2025-12-12,TWSE,00635U,期元大S&P黃金,45.84,45.92,45.79,45.90,0.70,6132689,281243495,3084
2025-12-12,TWSE,00636,國泰中國A50,26.50,26.50,26.26,26.42,0.02,1794772,47362650,216
2025-12-12,TWSE,00636K,國泰中國A50+U,8.49,8.49,8.49,8.49,-0.03,200,1698,2
2025-12-12,TWSE,00637L,元大滬深300正2,20.12,20.13,19.80,20.09,0.11,55727956,1115402575,3663
2025-12-12,TWSE,00638R,元大滬深300反1,6.92,6.96,6.88,6.89,-0.02,114300,789451,25
2025-12-12,TWSE,00639,富邦深100,15.03,15.03,14.83,14.99,-0.04,1062930,15890088,283
2025-12-12,TWSE,00640L,富邦日本正2,77.70,77.75,77.05,77.60,2.30,355434,27566364,209
2025-12-12,TWSE,00641R,富邦日本反1,4.59,4.60,4.57,4.59,-0.07,2904473,13329934,160
2025-12-12,TWSE,00642U,期元大S&P石油,15.18,15.23,15.17,15.23,-0.06,6470170,98291095,1292
2025-12-12,TWSE,00643,群益深証中小,16.26,16.38,16.12,16.36,0.12,3051876,49811804,136
2025-12-12,TWSE,00643K,群益深証中小+R,,,,,0.00,0,0,0
2025-12-12,TWSE,00645,富邦日本,47.74,47.74,47.51,47.69,0.69,498099,23723862,315
2025-12-12,TWSE,00646,元大S&P500,67.35,67.65,67.30,67.60,0.75,1087084,73403606,1433
2025-12-12,TWSE,00647L,元大S&P500正2,118.10,118.30,118.00,118.05,2.45,137421,16229025,150
2025-12-12,TWSE,00648R,元大S&P500反1,4.32,4.33,4.31,4.32,-0.05,504930,2181310,58
2025-12-12,TWSE,00650L,復華香港正2,17.61,17.91,17.60,17.91,0.60,7960416,141653586,1156
2025-12-12,TWSE,00651R,復華香港反1,5.27,5.31,5.26,5.26,-0.10,291800,1538692,51
2025-12-12,TWSE,00652,富邦印度,37.11,37.15,36.95,37.04,0.14,191302,7093682,237
2025-12-12,TWSE,00653L,富邦印度正2,57.90,58.35,57.90,58.00,0.65,194578,11328128,92
2025-12-12,TWSE,00654R,富邦印度反1,6.22,6.26,6.22,6.26,-0.03,8300,51799,6
2025-12-12,TWSE,00655L,國泰中國A50正2,34.21,34.26,33.66,34.22,0.18,1620391,55195347,349
2025-12-12,TWSE,00656R,國泰中國A50反1,6.10,6.14,6.09,6.09,-0.03,549000,3347420,24
2025-12-12,TWSE,00657,國泰日經225,59.80,59.80,59.40,59.55,0.65,97624,5810791,79
2025-12-12,TWSE,00657K,國泰日經225+U,19.04,19.04,19.04,19.04,0.15,200,3808,2
2025-12-12,TWSE,00660,元大歐洲50,41.80,41.88,41.80,41.86,0.44,10855,453449,102
2025-12-12,TWSE,00661,元大日經225,65.35,65.35,64.90,65.05,0.60,611302,39734429,159
2025-12-12,TWSE,00662,富邦NASDAQ,102.95,103.15,102.85,102.95,0.65,1665061,171437632,2273
2025-12-12,TWSE,00663L,國泰臺灣加權正2,45.40,45.58,45.05,45.41,0.64,5901237,267672817,2426
2025-12-12,TWSE,00664R,國泰臺灣加權反1,2.72,2.74,2.71,2.73,-0.02,7491899,20417479,403
2025-12-12,TWSE,00665L,富邦恒生國企正2,10.97,11.10,10.92,11.10,0.33,21934577,241958024,2300
2025-12-12,TWSE,00666R,富邦恒生國企反1,8.79,8.81,8.74,8.74,-0.14,78800,690244,24
2025-12-12,TWSE,00668,國泰美國道瓊,55.40,55.65,55.40,55.60,1.10,905777,50364245,229
2025-12-12,TWSE,00668K,國泰美國道瓊+U,17.79,17.79,17.79,17.79,0.24,200,3558,2
2025-12-12,TWSE,00669R,國泰美國道瓊反1,5.63,5.63,5.61,5.63,-0.11,4126039,23193079,360
2025-12-12,TWSE,00670L,富邦NASDAQ正2,166.60,167.45,166.60,167.05,2.30,693928,115848019,1268
2025-12-12,TWSE,00671R,富邦NASDAQ反1,2.83,2.83,2.81,2.82,-0.03,3202359,9038337,403
2025-12-12,TWSE,00673R,期元大S&P原油反1,28.37,28.39,28.26,28.30,0.13,2732037,77457935,347
2025-12-12,TWSE,00674R,期元大S&P黃金反1,5.97,5.97,5.95,5.96,-0.10,1528559,9112083,255
2025-12-12,TWSE,00675L,富邦臺灣加權正2,138.25,138.60,137.00,138.00,1.90,1789586,246876388,1479
2025-12-12,TWSE,00676R,富邦臺灣加權反1,9.25,9.29,9.23,9.25,-0.07,1219741,11288648,156
2025-12-12,TWSE,00678,群益那斯達克生技,34.41,34.77,34.41,34.77,0.61,514055,17845445,479
2025-12-12,TWSE,00680L,元大美債20正2,7.33,7.33,7.28,7.29,-0.10,28733930,209667207,1651
2025-12-12,TWSE,00681R,元大美債20反1,20.70,20.70,20.70,20.70,0.15,2000,41400,1
2025-12-12,TWSE,00682U,期元大美元指數,20.14,20.18,20.14,20.18,-0.02,6083,122618,9
2025-12-12,TWSE,00683L,期元大美元指正2,20.61,20.75,20.61,20.70,-0.13,160568,3326209,27
2025-12-12,TWSE,00684R,期元大美元指反1,15.63,15.65,15.63,15.64,0.03,48000,750370,6
2025-12-12,TWSE,00685L,群益臺灣加權正2,123.85,124.30,122.90,123.90,1.80,529936,65557055,444
2025-12-12,TWSE,00686R,群益臺灣加權反1,1.66,1.67,1.65,1.66,-0.02,677670,1124862,81
2025-12-12,TWSE,00688L,國泰20年美債正2,7.31,7.31,7.25,7.28,-0.09,7765693,56507280,711
2025-12-12,TWSE,00689R,國泰20年美債反1,21.50,21.50,21.50,21.50,0.16,5000,107500,3
2025-12-12,TWSE,00690,兆豐藍籌30,43.64,43.65,43.35,43.54,0.19,505325,21971695,205
2025-12-12,TWSE,00692,富邦公司治理,55.95,56.05,55.50,55.85,0.15,3980364,221635208,1208
2025-12-12,TWSE,00693U,期街口S&P黃豆,21.02,21.03,20.96,21.00,0.03,693240,14558736,214
2025-12-12,TWSE,00700,富邦恒生國企,18.15,18.37,18.15,18.37,0.27,806575,14739810,208
2025-12-12,TWSE,00701,國泰股利精選30,28.26,28.44,28.22,28.37,0.28,1444134,40927696,733
2025-12-12,TWSE,00702,國泰標普低波高息,22.98,23.00,22.96,22.99,0.21,31856,731596,74
2025-12-12,TWSE,00703,台新MSCI中國,21.42,21.70,21.42,21.70,0.28,244857,5292979,91
2025-12-12,TWSE,00706L,期元大S&P日圓正2,20.83,20.88,20.82,20.84,0.02,1125675,23466163,247
2025-12-12,TWSE,00707R,期元大S&P日圓反1,31.06,31.06,31.06,31.06,0.00,1000,31060,1
2025-12-12,TWSE,00708L,期元大S&P黃金正2,88.55,88.90,88.35,88.75,2.70,5202376,460826216,2192
2025-12-12,TWSE,00709,富邦歐洲,35.92,36.12,35.92,36.12,0.52,105323,3797055,160
2025-12-12,TWSE,00710B,復華彭博非投等債,19.08,19.11,19.07,19.09,0.01,136894,2612976,37
2025-12-12,TWSE,00711B,復華彭博新興債,16.38,16.42,16.38,16.41,-0.01,105830,1736634,10
2025-12-12,TWSE,00712,復華富時不動產,9.19,9.19,9.16,9.18,-0.01,10098661,92715568,2595
2025-12-12,TWSE,00713,元大台灣高息低波,50.80,50.95,50.70,50.85,0.20,14947575,759794469,4701
2025-12-12,TWSE,00714,群益道瓊美國地產,19.87,19.95,19.87,19.95,0.09,22693,452242,78
2025-12-12,TWSE,00715L,期街口布蘭特正2,19.74,19.94,19.74,19.93,-0.17,29293593,581280522,4647
2025-12-12,TWSE,00717,富邦美國特別股,14.96,14.97,14.94,14.94,0.07,182206,2723962,177
2025-12-12,TWSE,00728,第一金工業30,36.81,36.88,36.66,36.81,0.33,94559,3479150,233
2025-12-12,TWSE,00730,富邦臺灣優質高息,23.05,23.33,23.04,23.26,0.55,533727,12388862,428
2025-12-12,TWSE,00731,復華富時高息低波,67.45,67.90,67.45,67.70,0.50,781844,52941359,283
2025-12-12,TWSE,00733,富邦臺灣中小,46.00,46.41,46.00,46.19,0.45,804289,37211005,632
2025-12-12,TWSE,00735,國泰臺韓科技,49.76,49.76,49.32,49.55,0.04,325348,16108559,149
2025-12-12,TWSE,00736,國泰新興市場,27.33,27.53,27.33,27.47,0.14,114573,3140944,92
2025-12-12,TWSE,00737,國泰AI機器人,36.73,36.73,36.61,36.67,0.32,477926,17519449,129
2025-12-12,TWSE,00738U,期元大道瓊白銀,52.50,52.95,52.05,52.65,1.60,7464257,391902658,3399
2025-12-12,TWSE,00739,元大MSCI A股,25.57,25.70,25.54,25.70,0.07,41609,1065654,90
2025-12-12,TWSE,00752,中信中國50,26.10,26.45,26.10,26.45,0.43,3064399,80659446,730
2025-12-12,TWSE,00753L,中信中國50正2,12.38,12.51,12.32,12.51,0.26,13345366,165882073,1626
2025-12-12,TWSE,00757,統一FANG+,121.90,122.05,121.70,121.85,0.45,1862568,226938226,2325
2025-12-12,TWSE,00762,元大全球AI,85.35,85.35,84.85,84.95,0.60,250807,21310314,540
2025-12-12,TWSE,00763U,期街口道瓊銅,30.00,30.08,29.90,30.02,0.64,1496220,44891162,666
2025-12-12,TWSE,00770,國泰北美科技,58.65,58.85,58.65,58.65,0.15,289997,17024746,790
2025-12-12,TWSE,00771,元大US高息特別股,16.00,16.05,16.00,16.05,0.07,12754,204172,16
2025-12-12,TWSE,00775B,台新投等債15+,,,,,0.00,0,0,0
2025-12-12,TWSE,00783,富邦中証500,23.98,24.33,23.98,24.21,0.06,164588,3985339,80
2025-12-12,TWSE,00830,國泰費城半導體,59.40,59.60,59.25,59.50,0.50,7546320,448401783,5429
2025-12-12,TWSE,00850,元大臺灣ESG永續,54.15,54.40,54.05,54.20,0.20,359101,19464260,785
2025-12-12,TWSE,00851,台新全球AI,56.25,56.25,56.15,56.20,0.45,8628,484618,77
2025-12-12,TWSE,00852L,國泰美國道瓊正2,31.37,31.45,31.34,31.42,1.27,352590,11067193,94
2025-12-12,TWSE,00861,元大全球未來通訊,55.70,55.70,55.50,55.55,0.15,356953,19819014,606
2025-12-12,TWSE,00865B,國泰US短期公債,46.75,46.80,46.72,46.75,0.00,1140998,53349273,322
2025-12-12,TWSE,00875,國泰網路資安,39.94,40.06,39.94,40.01,0.24,32535,1300985,132
2025-12-12,TWSE,00876,元大全球5G,51.10,51.40,51.10,51.40,0.30,189980,9743425,739
2025-12-12,TWSE,00878,國泰永續高股息,21.22,21.28,21.20,21.25,0.12,37795376,802739488,16537
2025-12-12,TWSE,00881,國泰台灣科技龍頭,31.88,31.93,31.67,31.84,0.13,8147110,259039860,3290
2025-12-12,TWSE,00882,中信中國高股息,15.13,15.22,15.13,15.21,0.10,7105908,107936917,1368
2025-12-12,TWSE,00885,富邦越南,16.81,16.88,16.66,16.68,-0.17,5268044,88226793,1647
2025-12-12,TWSE,00891,中信關鍵半導體,19.63,19.65,19.50,19.62,0.09,4413170,86341601,2191
2025-12-12,TWSE,00892,富邦台灣半導體,21.77,21.84,21.67,21.76,0.15,815581,17749898,548
2025-12-12,TWSE,00893,國泰智能電動車,32.30,32.42,32.30,32.39,0.32,1417967,45890933,1845
2025-12-12,TWSE,00894,中信小資高價30,26.92,26.97,26.73,26.90,0.20,1626291,43641820,1117
2025-12-12,TWSE,00895,富邦未來車,38.73,38.73,38.63,38.70,0.29,665678,25736642,1277
2025-12-12,TWSE,00896,中信綠能及電動車,19.60,19.62,19.49,19.56,0.08,10057675,196680009,2530
2025-12-12,TWSE,00897,富邦基因免疫生技,8.81,8.81,8.78,8.80,0.12,484951,4266355,227
2025-12-12,TWSE,00898,國泰基因免疫革命,7.80,7.86,7.80,7.85,0.07,624161,4892294,206
2025-12-12,TWSE,00899,FT潔淨能源,20.40,20.47,20.40,20.41,0.34,445008,9093301,192
2025-12-12,TWSE,00900,富邦特選高股息30,13.47,13.57,13.47,13.52,0.14,45450655,614295060,5407
2025-12-12,TWSE,00901,永豐智能車供應鏈,24.49,24.50,24.35,24.43,0.05,396103,9670862,245
2025-12-12,TWSE,00902,中信電池及儲能,13.36,13.38,13.18,13.26,-0.02,1869629,24790533,508
2025-12-12,TWSE,00903,富邦元宇宙,17.71,17.84,17.71,17.81,0.21,695665,12388246,162
2025-12-12,TWSE,00904,台新臺灣半導體30,22.24,22.35,22.18,22.29,0.18,1969216,43862192,524
2025-12-12,TWSE,00905,FT臺灣Smart,16.95,17.02,16.93,17.00,0.13,1310942,22246012,545
2025-12-12,TWSE,00907,永豐優息存股,15.21,15.34,15.21,15.29,0.18,1062735,16260595,382
2025-12-12,TWSE,00908,富邦入息REITs+,13.53,13.53,13.50,13.52,0.04,98022,1325206,69
2025-12-12,TWSE,00909,國泰數位支付服務,42.18,42.54,42.18,42.53,0.93,3002757,127299633,4079
2025-12-12,TWSE,00910,第一金太空衛星,43.10,43.40,42.93,43.36,2.08,8299848,359279071,6141
2025-12-12,TWSE,00911,兆豐洲際半導體,33.95,33.99,33.71,33.71,0.14,180953,6109718,496
2025-12-12,TWSE,00912,中信臺灣智慧50,21.16,21.26,21.11,21.16,0.01,377555,8008269,185
2025-12-12,TWSE,00913,兆豐台灣晶圓製造,24.43,24.48,24.39,24.43,0.19,128449,3143413,41
2025-12-12,TWSE,00915,凱基優選高股息30,22.56,22.68,22.53,22.62,0.17,5175547,117047776,1946
2025-12-12,TWSE,00916,國泰全球品牌50,27.08,27.20,27.08,27.18,0.33,266731,7247434,239
2025-12-12,TWSE,00917,中信特選金融,24.82,25.00,24.82,24.98,0.46,99329,2480687,181
2025-12-12,TWSE,00918,大華優利高填息30,22.82,22.92,22.82,22.87,0.16,18538445,423983564,5263
2025-12-12,TWSE,00919,群益台灣精選高息,22.05,22.25,22.04,22.17,0.21,139207533,3082055750,33273
2025-12-12,TWSE,00920,富邦ESG綠色電力,18.40,18.59,18.40,18.54,0.18,281227,5212660,166
2025-12-12,TWSE,00921,兆豐龍頭等權重,17.73,17.80,17.69,17.76,0.17,594118,10541720,317
2025-12-12,TWSE,00922,國泰台灣領袖50,25.27,25.30,25.14,25.22,0.09,5325420,134325931,2404
2025-12-12,TWSE,00923,群益台ESG低碳50,25.37,25.40,25.25,25.34,0.05,1312537,33232935,871
2025-12-12,TWSE,00924,復華S&P500成長,29.07,29.15,29.07,29.13,0.27,1490093,43374614,1091
2025-12-12,TWSE,00926,凱基全球菁英55,24.66,24.72,24.64,24.70,0.25,3044745,75125671,896
2025-12-12,TWSE,00927,群益半導體收益,21.14,21.18,21.05,21.15,0.12,2778961,58689468,791
2025-12-12,TWSE,00929,復華台灣科技優息,17.81,17.84,17.72,17.74,0.02,10306263,183299305,3689
2025-12-12,TWSE,00930,永豐ESG低碳高息,17.02,17.13,17.02,17.08,0.08,872831,14918499,299
2025-12-12,TWSE,00932,兆豐永續高息等權,14.18,14.29,14.18,14.21,0.06,860555,12249098,309
2025-12-12,TWSE,00934,中信成長高股息,20.62,20.67,20.55,20.60,0.09,1266318,26101129,653
2025-12-12,TWSE,00935,野村臺灣新科技50,29.57,29.65,29.40,29.55,0.11,2221058,65472912,1069
2025-12-12,TWSE,00936,台新永續高息中小,15.86,15.97,15.86,15.89,0.15,3300394,52500349,820
2025-12-12,TWSE,00938,凱基優選30,16.84,16.93,16.84,16.89,0.14,475789,8039104,222
2025-12-12,TWSE,00939,統一台灣高息動能,14.34,14.45,14.34,14.40,0.17,16665158,239791510,3278
2025-12-12,TWSE,00940,元大台灣價值高息,9.22,9.26,9.21,9.23,0.03,17931200,165582976,3154
2025-12-12,TWSE,00941,中信上游半導體,17.28,17.39,17.28,17.35,0.22,2912121,50519533,1083
2025-12-12,TWSE,00943,兆豐電子高息等權,14.58,14.61,14.50,14.50,0.00,185484,2705844,82
2025-12-12,TWSE,00944,野村趨勢動能高息,14.54,14.57,14.52,14.54,0.11,1691680,24611816,319
2025-12-12,TWSE,00945B,凱基美國非投等債,14.45,14.45,14.42,14.44,0.02,5397276,77915019,496
2025-12-12,TWSE,00946,群益科技高息成長,9.69,9.71,9.65,9.66,-0.01,5417277,52456780,1257
2025-12-12,TWSE,00947,台新臺灣IC設計,17.80,18.00,17.72,17.93,0.23,862201,15421671,516
2025-12-12,TWSE,00949,復華日本龍頭,18.51,18.51,18.40,18.47,0.34,2202334,40631717,449
2025-12-12,TWSE,00951,台新日本半導體,11.28,11.28,11.18,11.23,-0.03,1344459,15087323,444
2025-12-12,TWSE,00952,凱基台灣AI50,11.79,11.83,11.72,11.76,0.04,757406,8907077,349
2025-12-12,TWSE,00953B,群益優選非投等債,9.63,9.65,9.62,9.63,0.00,20278230,195376788,3832
2025-12-12,TWSE,00954,中信日本半導體,12.07,12.07,11.97,12.03,-0.04,1011481,12150875,455
2025-12-12,TWSE,00956,中信日經高股息,11.25,11.36,11.25,11.34,0.16,431032,4887060,162
2025-12-12,TWSE,00960,野村全球航運龍頭,14.23,14.30,14.23,14.29,0.18,1288177,18396617,459
2025-12-12,TWSE,00961,FT臺灣永續高息,9.37,9.42,9.36,9.36,0.02,4285944,40253835,512
2025-12-12,TWSE,00962,台新AI優息動能,10.82,10.92,10.79,10.82,0.06,569074,6178462,199
2025-12-12,TWSE,00963,中信全球高股息,11.22,11.26,11.22,11.26,0.11,327441,3685755,236
2025-12-12,TWSE,00964,中信亞太高股息,11.37,11.39,11.35,11.38,0.12,1724845,19607644,217
2025-12-12,TWSE,00965,元大航太防衛科技,22.69,22.85,22.69,22.84,0.40,5222781,119054346,2531
2025-12-12,TWSE,00971,野村美國研發龍頭,17.04,17.06,17.00,17.05,0.12,1749520,29806657,652
2025-12-12,TWSE,00972,野村日本動能高息,17.90,17.90,17.83,17.90,0.26,553180,9883372,100
2025-12-12,TWSE,009800,中信NASDAQ,11.13,11.17,11.13,11.14,0.07,1146142,12770339,510
2025-12-12,TWSE,009801,中信美國創新科技,11.24,11.28,11.24,11.25,0.04,1541234,17348859,341
2025-12-12,TWSE,009802,富邦旗艦50,11.06,11.09,11.03,11.08,0.09,2459079,27196249,529
2025-12-12,TWSE,009803,玉山市值動能50,12.90,12.90,12.81,12.85,0.04,3830712,49225290,850
2025-12-12,TWSE,009804,聯邦台精彩50,14.31,14.34,14.27,14.31,0.05,641713,9189063,142
2025-12-12,TWSE,009805,台新美國電力基建,12.77,12.80,12.77,12.79,0.13,5508430,70433363,1429
2025-12-12,TWSE,009808,華南永昌優選50,19.22,19.26,19.15,19.21,0.05,815978,15686201,68
2025-12-12,TWSE,009809,富邦淨零ESG50,10.45,10.45,10.38,10.43,0.04,858930,8946777,102
2025-12-12,TWSE,00980A,主動野村臺灣優選,14.94,15.01,14.90,14.99,0.19,12172643,182147003,2654
2025-12-12,TWSE,009810,玉山全球藍籌100,18.54,18.54,18.49,18.50,0.14,59679,1104532,78
2025-12-12,TWSE,009811,統一美國50,11.71,11.74,11.70,11.72,0.09,2592562,30382945,983
2025-12-12,TWSE,009812,野村日本東證,10.61,10.66,10.61,10.66,0.19,1517209,16143108,276
2025-12-12,TWSE,009813,貝萊德標普卓越50,10.51,10.55,10.51,10.53,0.09,5462645,57486869,1024
2025-12-12,TWSE,00981A,主動統一台股增長,16.51,16.55,16.35,16.43,0.10,78431267,1288129112,15214
2025-12-12,TWSE,00981T,平衡凱基雙核收息,10.46,10.48,10.45,10.47,0.01,1074601,11256939,129
2025-12-12,TWSE,00982A,主動群益台灣強棒,14.18,14.22,14.10,14.16,0.12,38322117,542200093,7716
2025-12-12,TWSE,00982D,主動富邦動態入息,10.12,10.13,10.11,10.11,-0.02,3888676,39338305,158
2025-12-12,TWSE,00983A,主動中信ARK創新,12.28,12.35,12.28,12.32,0.04,2195480,27058673,706
2025-12-12,TWSE,00983D,主動富邦複合收益,10.21,10.21,10.18,10.18,-0.03,1425038,14522392,169
2025-12-12,TWSE,00984A,主動安聯台灣高息,10.68,10.75,10.68,10.74,0.10,4226969,45341388,1265
2025-12-12,TWSE,00985A,主動野村台灣50,13.06,13.08,12.99,13.08,0.12,10123679,132009319,2014
2025-12-12,TWSE,00985B,群益ESG投等債0-5,10.22,10.23,10.20,10.22,0.01,5512785,56301476,342
2025-12-12,TWSE,00986A,主動台新龍頭成長,11.55,11.62,11.54,11.59,0.10,1490640,17275765,215
2025-12-12,TWSE,00988A,主動統一全球創新,10.20,10.23,10.20,10.21,0.06,11399037,116375645,1906
2025-12-12,TWSE,00989A,主動摩根美國科技,15.30,15.37,15.30,15.34,0.13,1527222,23432727,327
2025-12-12,TWSE,01001T,土銀富邦R1,11.55,11.56,11.51,11.53,-0.07,219000,2524310,36
2025-12-12,TWSE,01002T,土銀國泰R1,14.51,14.51,14.49,14.49,-0.01,16000,232020,6
2025-12-12,TWSE,01004T,土銀富邦R2,10.75,10.75,10.75,10.75,0.00,82002,881522,10
2025-12-12,TWSE,01007T,兆豐國泰R2,13.38,13.38,13.36,13.36,-0.02,60000,801950,9
2025-12-12,TWSE,01009T,王道圓滿R1,6.91,6.92,6.90,6.91,-0.04,81000,559420,14
2025-12-12,TWSE,01010T,京城樂富R1,10.01,10.02,10.00,10.02,0.00,36000,360450,8
2025-12-12,TWSE,020000,富邦特選蘋果N,,,,,0.00,0,0,0
2025-12-12,TWSE,020011,統一微波高息20N,,,,,0.00,0,0,0
2025-12-12,TWSE,020012,富邦行動通訊N,,,,,0.00,0,0,0
2025-12-12,TWSE,02001L,富邦蘋果正二N,48.00,48.00,47.00,47.53,0.11,53000,2504760,24
2025-12-12,TWSE,02001R,富邦蘋果反一N,0.81,0.89,0.81,0.89,0.00,104000,92450,3
2025-12-12,TWSE,020020,元大台股領航N,15.22,15.25,15.20,15.25,0.05,13000,197750,4
2025-12-12,TWSE,020028,元大特選電動車N,,,,,0.00,0,0,0
2025-12-12,TWSE,020029,元大ESG高股息N,9.61,9.61,9.61,9.61,0.08,2000,19220,1
2025-12-12,TWSE,020030,統一智慧電動車N,8.68,8.68,8.68,8.68,0.00,1000,8680,1
2025-12-12,TWSE,020031,統一IC設計臺灣N,6.05,6.05,6.05,6.05,-0.15,1000,6050,1
2025-12-12,TWSE,020032,元大綠能N,,,,,0.00,0,0,0
2025-12-12,TWSE,020034,元大IC設計N,7.54,7.54,7.45,7.45,-0.09,23000,171940,10
2025-12-12,TWSE,020036,元大金融配息N,7.26,7.30,7.26,7.30,0.11,23000,167300,4
2025-12-12,TWSE,020037,元大金融高股息N,8.07,8.14,8.07,8.14,0.15,9000,72950,4
2025-12-12,TWSE,020038,元大ESG配息N,7.41,7.44,7.41,7.44,0.07,2000,14850,2
2025-12-12,TWSE,020039,元大加權N,8.90,8.90,8.90,8.90,0.04,35000,311500,1
2025-12-12,TWSE,1101,台泥,22.60,22.75,22.30,22.35,0.00,16845074,378957035,6076
2025-12-12,TWSE,1101B,台泥乙特,45.50,45.55,45.45,45.45,-0.15,5027,228677,6
2025-12-12,TWSE,1102,亞泥,38.50,38.65,37.70,37.70,-0.50,3560405,135154967,2596
2025-12-12,TWSE,1103,嘉泥,14.05,14.15,13.95,14.00,0.00,152046,2137049,156
2025-12-12,TWSE,1104,環泥,30.60,30.65,30.25,30.25,-0.15,450422,13694056,728
2025-12-12,TWSE,1108,幸福,15.00,15.00,14.95,14.95,0.00,86258,1292133,54
2025-12-12,TWSE,1109,信大,15.55,15.60,15.50,15.55,0.00,43242,672213,58
2025-12-12,TWSE,1110,東泥,16.55,16.60,16.25,16.30,-0.25,203101,3335666,99
2025-12-12,TWSE,1201,味全,14.70,14.85,14.70,14.75,0.05,172051,2542522,160
2025-12-12,TWSE,1203,味王,39.80,39.95,39.80,39.80,0.15,4096,163250,34
2025-12-12,TWSE,1210,大成,51.90,51.90,51.50,51.50,0.00,957537,49463329,841
2025-12-12,TWSE,1213,大飲,10.05,10.85,10.05,10.30,0.34,27330,283213,19
2025-12-12,TWSE,1215,卜蜂,145.00,146.00,143.50,144.00,0.00,709170,102281969,976
2025-12-12,TWSE,1216,統一,75.20,75.40,74.90,74.90,0.20,2946891,221320749,2040
2025-12-12,TWSE,1217,愛之味,10.55,10.55,10.45,10.45,0.00,397343,4168879,225
2025-12-12,TWSE,1218,泰山,18.15,18.45,18.15,18.20,0.15,664986,12168462,367
2025-12-12,TWSE,1219,福壽,13.65,13.65,13.50,13.55,-0.05,178834,2424950,128
2025-12-12,TWSE,1220,台榮,12.50,12.50,12.20,12.50,0.00,75489,938947,74
2025-12-12,TWSE,1225,福懋油,30.05,30.25,30.05,30.05,0.00,94630,2848645,119
2025-12-12,TWSE,1227,佳格,30.70,30.80,30.65,30.70,0.10,233947,7192307,242
2025-12-12,TWSE,1229,聯華,47.50,47.60,47.15,47.15,0.10,738023,34984544,1210
2025-12-12,TWSE,1231,聯華食,98.20,99.70,98.20,98.50,0.80,183443,18194766,404
2025-12-12,TWSE,1232,大統益,145.50,146.00,145.00,145.00,0.00,24035,3490546,58
2025-12-12,TWSE,1233,天仁,32.20,32.20,32.05,32.10,0.20,5301,170251,8
2025-12-12,TWSE,1234,黑松,38.40,38.40,37.95,38.00,0.05,72836,2773147,76
2025-12-12,TWSE,1235,興泰,48.25,48.25,47.35,47.35,0.20,10670,509459,17
2025-12-12,TWSE,1236,宏亞,25.05,25.20,24.80,24.90,-0.40,101245,2529655,189
2025-12-12,TWSE,1256,鮮活果汁-KY,140.00,143.00,136.50,142.00,5.50,90035,12663842,158
2025-12-12,TWSE,1301,台塑,40.25,40.40,39.70,39.90,0.05,14108850,563757379,6008
2025-12-12,TWSE,1303,南亞,60.70,61.10,59.80,61.10,1.20,38711443,2343041084,23650
2025-12-12,TWSE,1304,台聚,11.85,11.90,11.45,11.50,-0.20,2871621,33327082,1148
2025-12-12,TWSE,1305,華夏,11.45,11.75,11.25,11.25,-0.05,1046812,11976474,536
2025-12-12,TWSE,1307,三芳,32.30,32.80,32.30,32.50,0.40,440788,14330989,309
2025-12-12,TWSE,1308,亞聚,14.00,14.20,13.45,13.50,-0.40,1587237,21751654,934
2025-12-12,TWSE,1309,台達化,11.70,12.00,11.50,11.50,-0.10,1298368,15230655,779
2025-12-12,TWSE,1310,台苯,8.91,8.99,8.75,8.77,-0.08,919501,8124103,503
2025-12-12,TWSE,1312,國喬,11.90,11.90,11.40,11.60,-0.15,4515587,52314619,1629
2025-12-12,TWSE,1312A,國喬特,21.90,21.90,21.75,21.75,0.05,133000,2908000,6
2025-12-12,TWSE,1313,聯成,10.95,11.20,10.65,10.65,-0.20,1904815,20756844,825
2025-12-12,TWSE,1314,中石化,7.88,7.94,7.74,7.78,-0.03,17788126,139414116,4400
2025-12-12,TWSE,1315,達新,65.10,65.10,64.10,64.30,0.00,37098,2390148,14
2025-12-12,TWSE,1316,上曜,15.60,15.60,15.10,15.15,-0.35,1955712,29847026,1002
2025-12-12,TWSE,1319,東陽,89.30,91.70,89.30,89.90,2.00,3322284,301105080,2700
2025-12-12,TWSE,1321,大洋,35.10,35.35,35.00,35.05,-0.15,132316,4641289,93
2025-12-12,TWSE,1323,永裕,19.50,19.55,19.50,19.55,0.05,25131,490905,21
2025-12-12,TWSE,1324,地球,10.50,10.55,10.50,10.55,0.10,14593,153595,66
2025-12-12,TWSE,1325,恆大,31.85,32.10,31.25,31.35,-0.15,381477,12069783,297
2025-12-12,TWSE,1326,台化,31.95,32.45,31.70,31.90,0.20,8882188,283948128,3766
2025-12-12,TWSE,1337,再生-KY,4.92,4.92,4.88,4.89,0.02,554310,2715542,153
2025-12-12,TWSE,1338,廣華-KY,20.40,20.40,20.05,20.25,-0.10,58678,1187094,92
2025-12-12,TWSE,1339,昭輝,44.00,44.90,44.00,44.60,0.40,22206,987302,34
2025-12-12,TWSE,1340,勝悅-KY,7.19,7.35,7.07,7.07,-0.13,311192,2228078,301
2025-12-12,TWSE,1341,富林-KY,58.00,58.00,58.00,58.00,0.10,6251,362505,9
2025-12-12,TWSE,1342,八貫,87.70,87.70,86.40,86.50,-0.20,57215,4958288,217
2025-12-12,TWSE,1402,遠東新,28.45,28.55,28.05,28.15,0.00,4868970,137536922,2111
2025-12-12,TWSE,1409,新纖,14.90,15.10,14.80,14.85,0.10,2801189,41823434,1001
2025-12-12,TWSE,1410,南染,34.20,34.50,34.20,34.50,0.05,3552,121753,7
2025-12-12,TWSE,1413,宏洲,10.00,10.00,9.86,10.00,-0.05,13000,129360,6
2025-12-12,TWSE,1414,東和,17.30,17.30,16.80,16.95,-0.25,295903,5014228,550
2025-12-12,TWSE,1416,廣豐,11.65,11.75,11.60,11.75,0.10,78057,910835,83
2025-12-12,TWSE,1417,嘉裕,9.00,9.06,8.95,9.03,0.07,188303,1698688,103
2025-12-12,TWSE,1418,東華,19.75,19.80,19.60,19.80,-0.10,19776,390694,35
2025-12-12,TWSE,1419,新紡,70.80,71.80,70.50,71.00,0.40,216331,15385299,292
2025-12-12,TWSE,1423,利華,38.05,38.40,38.00,38.00,-0.45,34157,1301398,34
2025-12-12,TWSE,1432,大魯閣,18.35,18.50,18.30,18.30,-0.15,137049,2514501,220
2025-12-12,TWSE,1434,福懋,16.15,16.20,15.90,15.95,-0.05,799800,12794163,580
2025-12-12,TWSE,1435,中福,25.30,25.50,24.30,24.70,-1.70,52943,1321616,87
2025-12-12,TWSE,1436,華友聯,63.10,63.80,63.10,63.20,0.20,154285,9794827,320
2025-12-12,TWSE,1437,勤益控,34.50,34.70,34.40,34.50,-0.10,195419,6759229,169
2025-12-12,TWSE,1438,三地開發,33.80,33.80,33.50,33.70,0.00,4046,136055,8
2025-12-12,TWSE,1439,雋揚,27.30,27.75,27.25,27.40,0.35,10250,281200,10
2025-12-12,TWSE,1440,南紡,13.80,13.90,13.50,13.80,0.15,1751453,24008134,837
2025-12-12,TWSE,1441,大東,10.55,10.55,10.50,10.50,-0.05,11354,119791,52
2025-12-12,TWSE,1442,名軒,32.65,32.90,31.80,31.80,-0.45,484712,15608572,403
2025-12-12,TWSE,1443,立益物流,27.00,27.00,26.95,27.00,0.20,9001,242827,9
2025-12-12,TWSE,1444,力麗,6.04,6.11,6.04,6.08,0.04,675896,4107868,280
2025-12-12,TWSE,1445,大宇,14.15,14.20,13.85,14.00,0.15,47643,672941,40
2025-12-12,TWSE,1446,宏和,18.05,18.10,17.95,17.95,-0.05,62320,1124050,52
2025-12-12,TWSE,1447,力鵬,5.65,5.69,5.62,5.65,0.01,245171,1388367,149
2025-12-12,TWSE,1449,佳和,10.65,11.10,10.60,10.95,0.30,1032628,11166858,536
2025-12-12,TWSE,1451,年興,17.25,17.40,17.25,17.30,0.00,176447,3057329,89
2025-12-12,TWSE,1452,宏益,12.10,12.10,11.90,11.90,-0.05,36670,437082,55
2025-12-12,TWSE,1453,大將,12.15,12.20,12.15,12.15,0.00,56173,683388,50
2025-12-12,TWSE,1454,台富,13.30,13.40,13.25,13.35,-0.40,50677,675531,165
2025-12-12,TWSE,1455,集盛,7.62,7.75,7.62,7.66,0.00,241706,1861771,132
2025-12-12,TWSE,1456,怡華,13.25,13.25,12.95,13.20,0.10,9264,121172,13
2025-12-12,TWSE,1457,宜進,15.95,15.95,15.80,15.90,-0.05,42354,672796,84
2025-12-12,TWSE,1459,聯發,11.80,11.85,11.70,11.75,0.00,255878,3020071,52
2025-12-12,TWSE,1460,宏遠,6.19,6.28,6.19,6.28,0.09,913239,5693819,235
2025-12-12,TWSE,1463,強盛新,19.50,19.70,19.50,19.60,0.15,44163,867017,58
2025-12-12,TWSE,1464,得力,11.30,11.45,11.25,11.30,0.10,526618,5957096,252
2025-12-12,TWSE,1465,偉全,13.00,13.10,12.95,13.05,0.05,36828,479047,38
2025-12-12,TWSE,1466,聚隆,14.15,14.50,14.15,14.40,0.30,98484,1413156,86
2025-12-12,TWSE,1467,南緯,7.08,7.08,7.03,7.04,0.00,121557,857416,89
2025-12-12,TWSE,1468,昶和,11.95,12.10,11.90,12.00,0.05,34005,407458,22
2025-12-12,TWSE,1470,大統新創,22.60,23.90,22.60,23.10,0.00,21147,495684,20
2025-12-12,TWSE,1471,首利,8.44,8.68,8.44,8.51,0.07,262934,2257668,194
2025-12-12,TWSE,1472,三洋實業,90.20,90.30,90.00,90.10,-0.10,42084,3791849,31
2025-12-12,TWSE,1473,台南,24.20,24.50,24.20,24.40,0.20,47861,1165752,93
2025-12-12,TWSE,1474,弘裕,11.10,11.10,11.00,11.00,-0.10,56703,626607,112
2025-12-12,TWSE,1475,業旺,31.60,32.25,31.05,31.55,-0.05,117937,3721262,130
2025-12-12,TWSE,1476,儒鴻,395.00,400.00,393.00,394.00,5.00,652418,257884151,1004
2025-12-12,TWSE,1477,聚陽,294.50,301.00,294.50,298.50,4.00,776773,232359554,843
2025-12-12,TWSE,1503,士電,171.50,175.00,171.50,174.00,3.50,1699036,295184663,3490
2025-12-12,TWSE,1504,東元,85.60,92.00,85.50,87.70,2.70,51517305,4576257545,32724
2025-12-12,TWSE,1506,正道,11.75,11.75,11.65,11.70,-0.05,52250,612199,40
2025-12-12,TWSE,1512,瑞利,7.60,7.72,7.60,7.61,-0.05,38512,295529,35
2025-12-12,TWSE,1513,中興電,150.50,153.50,150.00,152.50,3.00,4404703,670751889,3839
2025-12-12,TWSE,1514,亞力,99.40,102.50,99.30,101.00,2.30,4411013,447003716,3655
2025-12-12,TWSE,1515,力山,28.90,29.50,28.50,28.65,-0.15,347257,10056359,266
2025-12-12,TWSE,1516,川飛,20.05,20.25,20.00,20.05,-0.10,49484,993171,64
2025-12-12,TWSE,1517,利奇,11.30,11.30,11.20,11.20,0.00,118990,1339403,87
2025-12-12,TWSE,1519,華城,767.00,808.00,767.00,807.00,46.00,11957030,9487332245,22975
2025-12-12,TWSE,1521,大億,24.80,24.80,24.05,24.05,-0.05,5127,124073,18
2025-12-12,TWSE,1522,堤維西,46.95,47.70,46.90,47.00,0.50,1118856,52934100,850
2025-12-12,TWSE,1522A,堤維西甲特,49.10,49.10,49.10,49.10,0.00,1028,50472,2
2025-12-12,TWSE,1524,耿鼎,28.00,28.60,28.00,28.05,0.05,736497,20796236,492
2025-12-12,TWSE,1525,江申,65.50,65.50,64.30,65.00,0.50,28014,1820814,20
2025-12-12,TWSE,1526,日馳,17.10,17.10,16.90,16.95,-0.15,58179,988456,67
2025-12-12,TWSE,1527,鑽全,33.45,34.20,33.40,33.40,-0.05,514009,17316698,352
2025-12-12,TWSE,1528,恩德,15.60,15.70,15.20,15.35,-0.25,2581055,39806907,1502
2025-12-12,TWSE,1529,樂事綠能,18.70,19.10,18.60,18.80,0.20,374282,7044983,314
2025-12-12,TWSE,1530,亞崴,26.80,27.00,26.80,27.00,0.20,9467,255382,34
2025-12-12,TWSE,1531,高林股,11.90,11.95,11.90,11.90,-0.05,23493,279916,39
2025-12-12,TWSE,1532,勤美,27.05,27.25,26.80,26.90,-0.05,410098,11079924,508
2025-12-12,TWSE,1533,車王電,32.50,32.80,32.20,32.40,0.15,124802,4055994,112
2025-12-12,TWSE,1535,中宇,53.40,53.40,53.10,53.20,0.10,21117,1124925,25
2025-12-12,TWSE,1536,和大,58.70,60.30,58.50,59.70,1.20,1586511,94678971,1325
2025-12-12,TWSE,1537,廣隆,125.50,126.00,124.00,125.00,0.00,40963,5126082,75
2025-12-12,TWSE,1538,正峰,27.70,27.70,27.70,27.70,0.45,1520,41972,13
2025-12-12,TWSE,1539,巨庭,17.05,17.15,17.05,17.15,0.10,15032,256899,17
2025-12-12,TWSE,1540,喬福,23.40,23.40,23.00,23.15,-0.15,361840,8380697,288
2025-12-12,TWSE,1541,錩泰,23.65,23.75,23.65,23.75,0.00,3026,71666,4
2025-12-12,TWSE,1558,伸興,100.00,101.50,99.60,99.70,-0.30,32445,3265693,51
2025-12-12,TWSE,1560,中砂,358.50,379.50,358.50,369.00,10.50,6546003,2437746581,7713
2025-12-12,TWSE,1563,巧新,40.40,40.80,40.30,40.60,0.30,164923,6689846,148
2025-12-12,TWSE,1568,倉佑,21.95,22.00,21.70,21.80,-0.10,62807,1373268,77
2025-12-12,TWSE,1582,信錦,66.40,66.40,65.50,65.60,-0.40,232023,15259770,280
2025-12-12,TWSE,1583,程泰,,,,,0.00,203,9499,26
2025-12-12,TWSE,1587,吉茂,44.00,44.25,43.30,43.55,-0.25,416283,18210237,454
2025-12-12,TWSE,1589,永冠-KY,17.30,17.65,17.25,17.45,0.20,503465,8809749,337
2025-12-12,TWSE,1590,亞德客-KY,925.00,980.00,925.00,973.00,56.00,1306442,1248894248,2046
2025-12-12,TWSE,1597,直得,72.20,74.10,72.20,72.40,-0.30,177882,13005032,327
2025-12-12,TWSE,1598,岱宇,21.10,21.85,21.10,21.40,0.40,232837,5004124,157
2025-12-12,TWSE,1603,華電,38.40,38.95,38.10,38.15,0.00,466313,17982327,522
2025-12-12,TWSE,1604,聲寶,24.60,24.65,24.55,24.60,0.05,55113,1356379,88
2025-12-12,TWSE,1605,華新,29.80,32.00,29.80,31.85,2.35,130253713,4076140051,51446
2025-12-12,TWSE,1608,華榮,37.55,39.75,37.45,38.35,1.40,23268722,902585058,13628
2025-12-12,TWSE,1609,大亞,38.50,39.55,38.50,39.05,0.90,6317114,247400863,3950
2025-12-12,TWSE,1611,中電,12.25,12.40,12.15,12.20,0.05,486644,5975712,253
2025-12-12,TWSE,1612,宏泰,34.45,35.05,34.45,34.60,0.30,671839,23339109,527
2025-12-12,TWSE,1614,三洋電,34.30,34.40,34.10,34.30,0.00,46500,1593450,41
2025-12-12,TWSE,1615,大山,49.50,50.00,49.40,49.45,0.15,153169,7601784,233
2025-12-12,TWSE,1616,億泰,28.05,29.20,28.05,28.55,0.65,1400635,40287416,1045
2025-12-12,TWSE,1617,榮星,14.45,14.60,14.35,14.40,0.10,141061,2043336,126
2025-12-12,TWSE,1618,合機,42.45,43.20,42.30,42.35,0.20,868414,37134212,580
2025-12-12,TWSE,1626,艾美特-KY,11.75,11.85,11.75,11.85,0.05,44172,521505,58
2025-12-12,TWSE,1702,南僑,37.75,38.15,37.75,37.90,0.15,302280,11492406,405
2025-12-12,TWSE,1707,葡萄王,127.50,128.00,126.50,127.50,0.50,39507,5035916,132
2025-12-12,TWSE,1708,東鹼,33.10,33.15,32.65,32.80,-0.05,616587,20316264,538
2025-12-12,TWSE,1709,和益,16.85,16.85,16.65,16.75,0.05,175037,2928607,122
2025-12-12,TWSE,1710,東聯,12.40,12.70,12.30,12.35,0.15,1191503,14826632,510
2025-12-12,TWSE,1711,永光,18.25,18.35,18.05,18.10,0.05,841618,15289286,562
2025-12-12,TWSE,1712,興農,43.45,43.80,43.40,43.50,0.15,318153,13867371,288
2025-12-12,TWSE,1713,國化,43.00,43.20,42.90,42.90,0.05,85490,3673470,74
2025-12-12,TWSE,1714,和桐,8.42,8.45,8.35,8.35,-0.02,1658907,13940863,700
2025-12-12,TWSE,1717,長興,41.55,41.55,40.15,40.15,-1.00,8388781,341391128,4969
2025-12-12,TWSE,1718,中纖,6.92,7.01,6.91,6.91,0.01,1969255,13700990,692
2025-12-12,TWSE,1720,生達,61.60,61.60,60.30,60.30,-0.60,304246,18444528,1325
2025-12-12,TWSE,1721,國慶科技,11.40,11.40,11.15,11.20,-0.05,476574,5382540,295
2025-12-12,TWSE,1722,台肥,47.25,47.30,47.00,47.05,0.00,1305658,61519900,802
2025-12-12,TWSE,1723,中碳,69.50,70.20,69.00,69.50,0.20,342577,23830580,443
2025-12-12,TWSE,1725,元禎,25.60,25.90,25.60,25.70,-0.05,34232,882827,24
2025-12-12,TWSE,1726,永記,76.60,76.80,76.10,76.30,0.00,6524,499386,22
2025-12-12,TWSE,1727,中華化,39.85,39.85,38.40,38.50,-0.70,3783878,147233495,4235
2025-12-12,TWSE,1730,花仙子,53.10,53.40,53.10,53.40,0.30,22168,1179085,50
2025-12-12,TWSE,1731,美吾華,21.90,21.90,21.80,21.85,0.00,51155,1117540,42
2025-12-12,TWSE,1732,毛寶,29.45,29.50,28.85,28.85,-0.45,105118,3063189,93
2025-12-12,TWSE,1733,五鼎,30.75,31.20,30.75,30.80,0.05,156142,4832907,109
2025-12-12,TWSE,1734,杏輝,30.70,30.80,30.60,30.70,0.20,88455,2714328,169
2025-12-12,TWSE,1735,日勝化,14.80,14.80,14.60,14.65,-0.10,29512,434989,60
2025-12-12,TWSE,1736,喬山,160.50,163.00,158.00,158.00,-2.00,262515,41974274,475
2025-12-12,TWSE,1737,臺鹽,31.75,31.80,31.50,31.55,0.00,97936,3089800,187
2025-12-12,TWSE,1752,南光,38.10,38.10,37.85,37.90,-0.10,50621,1922434,122
2025-12-12,TWSE,1760,寶齡富錦,65.90,66.00,65.00,65.50,0.00,95071,6229793,112
2025-12-12,TWSE,1762,中化生,24.85,24.95,24.70,24.85,-0.05,26815,666369,133
2025-12-12,TWSE,1773,勝一,139.00,140.00,138.00,138.50,0.50,315134,43803673,467
2025-12-12,TWSE,1776,展宇,14.95,14.95,14.90,14.90,-0.05,10360,154824,13
2025-12-12,TWSE,1783,和康生,43.35,43.50,42.75,42.90,-0.40,82648,3568237,185
2025-12-12,TWSE,1786,科妍,76.00,76.70,74.60,74.60,-1.30,395229,29740198,426
2025-12-12,TWSE,1789,神隆,17.35,17.35,17.05,17.05,-0.15,619432,10624169,332
2025-12-12,TWSE,1795,美時,285.00,286.00,276.50,277.50,-5.50,2662090,744737055,4302
2025-12-12,TWSE,1802,台玻,37.40,37.90,37.00,37.30,-0.10,63442900,2371008995,27591
2025-12-12,TWSE,1805,寶徠,11.50,11.50,11.25,11.25,-0.25,56081,635331,31
2025-12-12,TWSE,1806,冠軍,9.03,9.14,8.98,8.98,-0.03,229172,2067735,240
2025-12-12,TWSE,1808,潤隆,32.10,32.45,31.70,32.35,0.65,1694136,54444195,1376
2025-12-12,TWSE,1809,中釉,17.45,17.65,17.30,17.60,0.15,387720,6783518,242
2025-12-12,TWSE,1810,和成,16.95,17.05,16.85,16.85,0.05,576198,9775559,343
2025-12-12,TWSE,1817,凱撒衛,38.80,38.80,38.45,38.60,0.05,22539,869065,25
2025-12-12,TWSE,1903,士紙,55.50,56.30,55.50,56.10,0.70,142445,7964368,143
2025-12-12,TWSE,1904,正隆,18.10,18.35,18.05,18.05,0.15,680721,12388962,542
2025-12-12,TWSE,1905,華紙,12.00,12.20,11.90,11.90,-0.05,1348291,16209431,541
2025-12-12,TWSE,1906,寶隆,12.40,12.40,12.25,12.25,-0.10,23498,288778,144
2025-12-12,TWSE,1907,永豐餘,26.70,27.10,26.50,26.50,0.15,850203,22695458,518
2025-12-12,TWSE,1909,榮成,10.90,11.20,10.75,10.95,0.25,2141835,23652055,865
2025-12-12,TWSE,2002,中鋼,18.45,18.80,18.45,18.75,0.40,27705052,517643482,9560
2025-12-12,TWSE,2002A,中鋼特,38.80,38.80,38.75,38.75,-0.05,9627,373376,13
2025-12-12,TWSE,2006,東和鋼鐵,70.80,71.20,70.10,70.80,0.00,1012966,71518558,1322
2025-12-12,TWSE,2007,燁興,7.38,7.38,7.23,7.31,0.09,117890,859161,73
2025-12-12,TWSE,2008,高興昌,30.30,30.30,29.55,29.55,0.00,9140,270943,16
2025-12-12,TWSE,2009,第一銅,44.85,47.20,44.65,44.75,1.35,17638794,809271379,10362
2025-12-12,TWSE,2010,春源,20.55,20.60,20.40,20.45,0.00,452612,9277177,275
2025-12-12,TWSE,2012,春雨,15.00,15.00,14.90,14.90,0.00,39531,591741,44
2025-12-12,TWSE,2013,中鋼構,42.25,42.45,42.00,42.05,0.20,19174,810771,43
2025-12-12,TWSE,2014,中鴻,14.85,15.45,14.85,15.20,0.50,5321259,81100149,2249
2025-12-12,TWSE,2015,豐興,64.00,64.20,63.10,63.20,-0.10,137343,8729089,131
2025-12-12,TWSE,2017,官田鋼,8.42,8.52,8.36,8.40,0.06,246108,2079754,224
2025-12-12,TWSE,2020,美亞,23.05,23.30,23.05,23.25,0.25,171707,3986128,145
2025-12-12,TWSE,2022,聚亨,8.24,8.25,8.21,8.22,0.01,246759,2030537,163
2025-12-12,TWSE,2023,燁輝,15.10,15.15,14.95,15.00,0.00,1156870,17372053,424
2025-12-12,TWSE,2024,志聯,15.60,15.60,15.60,15.60,0.00,3046,47500,33
2025-12-12,TWSE,2025,千興,9.59,9.68,9.59,9.60,0.05,93018,896049,101
2025-12-12,TWSE,2027,大成鋼,37.10,37.50,36.85,37.15,0.30,11068989,412199540,4508
2025-12-12,TWSE,2028,威致,16.30,16.35,16.20,16.35,0.15,12771,207754,24
2025-12-12,TWSE,2029,盛餘,20.50,20.70,20.50,20.50,0.05,88468,1821663,61
2025-12-12,TWSE,2030,彰源,13.75,13.90,13.75,13.80,0.15,151202,2087607,103
2025-12-12,TWSE,2031,新光鋼,37.80,38.10,37.55,37.55,0.10,287321,10861174,245
2025-12-12,TWSE,2032,新鋼,14.35,14.50,14.10,14.10,0.00,331741,4714457,142
2025-12-12,TWSE,2033,佳大,15.70,15.80,15.70,15.75,0.10,93263,1467004,57
2025-12-12,TWSE,2034,允強,19.95,20.35,19.95,20.10,0.30,1214399,24507525,527
2025-12-12,TWSE,2038,海光,14.25,14.40,14.05,14.15,0.20,285601,4062168,164
2025-12-12,TWSE,2049,上銀,201.50,205.50,201.00,203.50,3.50,2919702,595066265,2990
2025-12-12,TWSE,2059,川湖,3815.00,3930.00,3705.00,3740.00,-85.00,1057586,4007702285,6276
2025-12-12,TWSE,2062,橋椿,21.20,21.50,21.20,21.20,0.00,171643,3664615,142
2025-12-12,TWSE,2069,運錩,16.55,16.55,16.40,16.45,0.00,157140,2584871,72
2025-12-12,TWSE,2101,南港,38.80,39.00,38.30,38.45,0.00,1399168,54075389,989
2025-12-12,TWSE,2102,泰豐,20.15,20.55,20.00,20.00,-0.15,561094,11381915,281
2025-12-12,TWSE,2103,台橡,16.10,16.15,15.70,16.00,0.00,2456541,39103954,669
2025-12-12,TWSE,2104,國際中橡,11.70,11.85,11.15,11.35,-0.35,4977602,57046249,1910
2025-12-12,TWSE,2105,正新,30.90,31.50,30.85,30.85,0.05,6907031,214602778,3414
2025-12-12,TWSE,2106,建大,20.90,21.25,20.65,20.65,-0.25,932203,19546075,560
2025-12-12,TWSE,2107,厚生,24.55,24.75,24.45,24.65,0.10,271944,6682793,293
2025-12-12,TWSE,2108,南帝,23.15,23.30,22.90,22.90,0.00,263902,6100731,193
2025-12-12,TWSE,2109,華豐,15.05,15.20,15.05,15.10,0.00,61472,927325,70
2025-12-12,TWSE,2114,鑫永銓,89.80,89.90,89.70,89.80,0.10,16915,1518345,40
2025-12-12,TWSE,2115,六暉-KY,25.40,25.40,24.70,24.75,0.00,65896,1631129,34
2025-12-12,TWSE,2201,裕隆,33.40,33.80,33.15,33.25,0.20,3731202,124967349,2238
2025-12-12,TWSE,2204,中華,60.10,60.60,59.10,59.50,-0.50,699058,41908662,821
2025-12-12,TWSE,2206,三陽工業,61.60,61.80,61.00,61.10,-0.10,459011,28114964,416
2025-12-12,TWSE,2207,和泰車,598.00,607.00,595.00,595.00,3.00,218877,131464810,562
2025-12-12,TWSE,2208,台船,20.25,20.35,20.05,20.05,0.00,1516435,30551106,1135
2025-12-12,TWSE,2211,長榮鋼,113.50,114.50,111.00,113.00,0.50,944127,106299997,2110
2025-12-12,TWSE,2227,裕日車,56.10,56.50,55.40,55.80,0.60,21896,1217275,42
2025-12-12,TWSE,2228,劍麟,105.00,109.00,104.50,108.00,2.50,2428724,260120048,1685
2025-12-12,TWSE,2231,為升,94.50,94.80,93.00,93.00,-0.50,309953,29013550,408
2025-12-12,TWSE,2233,宇隆,189.50,190.50,186.50,187.50,0.00,287382,54175759,369
2025-12-12,TWSE,2236,百達-KY,113.50,118.00,112.50,116.50,2.00,653543,75935013,598
2025-12-12,TWSE,2239,英利-KY,37.70,38.90,37.70,38.60,0.80,191615,7395632,136
2025-12-12,TWSE,2241,艾姆勒,37.75,38.35,37.30,38.00,0.30,794188,30048140,501
2025-12-12,TWSE,2243,宏旭-KY,11.85,12.30,11.70,11.85,0.30,409947,4910804,218
2025-12-12,TWSE,2247,汎德永業,293.50,295.00,292.50,292.50,0.50,33894,9940197,118
2025-12-12,TWSE,2248,華勝-KY,51.20,51.80,49.75,49.75,0.25,36200,1831066,68
2025-12-12,TWSE,2250,IKKA-KY,71.00,71.60,70.20,71.10,1.30,107101,7616668,131
2025-12-12,TWSE,2254,巨鎧精密-創,59.30,59.30,59.30,59.30,-0.10,1001,59359,2
2025-12-12,TWSE,2258,鴻華先進-創,39.25,39.70,38.85,38.85,0.00,302673,11909988,230
2025-12-12,TWSE,2301,光寶科,154.50,155.50,152.50,153.50,0.00,9256813,1422131166,7780
2025-12-12,TWSE,2302,麗正,17.75,17.90,17.50,17.70,0.00,654380,11563494,302
2025-12-12,TWSE,2303,聯電,48.65,48.90,48.30,48.80,0.15,41378535,2009988622,18772
2025-12-12,TWSE,2305,全友,10.70,10.80,10.60,10.70,0.10,463861,4967640,250
2025-12-12,TWSE,2308,台達電,945.00,948.00,929.00,938.00,-7.00,9967630,9349553877,36821
2025-12-12,TWSE,2312,金寶,22.30,23.45,22.25,23.15,0.60,31521470,723361145,11589
2025-12-12,TWSE,2313,華通,84.00,85.40,83.40,85.40,2.40,12493431,1058556798,9268
2025-12-12,TWSE,2314,台揚,23.70,23.70,22.95,23.00,0.50,92644,2140247,135
2025-12-12,TWSE,2316,楠梓電,109.50,110.00,105.50,107.00,-1.50,3202225,343689886,2784
2025-12-12,TWSE,2317,鴻海,227.00,228.50,225.00,227.00,1.00,29684376,6726641967,31448
2025-12-12,TWSE,2321,東訊,17.25,17.25,16.70,16.70,-0.45,3801,64193,10
2025-12-12,TWSE,2323,中環,11.10,11.65,10.90,11.00,0.15,63261812,711162130,15762
2025-12-12,TWSE,2324,仁寶,30.00,30.15,29.85,30.05,0.20,9910283,297057181,4615
2025-12-12,TWSE,2327,國巨*,237.50,238.50,233.50,237.50,1.50,17471097,4116168528,19874
2025-12-12,TWSE,2328,廣宇,47.55,47.90,47.25,47.35,0.00,1786040,84828967,1376
2025-12-12,TWSE,2329,華泰,47.15,50.90,47.10,50.90,4.55,35578073,1769773557,19001
2025-12-12,TWSE,2330,台積電,1475.00,1485.00,1470.00,1480.00,10.00,24025183,35489107425,41662
2025-12-12,TWSE,2331,精英,23.10,25.15,22.70,25.15,2.25,34254392,830031730,12585
2025-12-12,TWSE,2332,友訊,15.75,16.15,15.70,15.95,0.30,4017567,63930987,1189
2025-12-12,TWSE,2337,旺宏,36.40,39.20,36.30,38.10,1.70,159282606,6045227257,63411
2025-12-12,TWSE,2338,光罩,35.95,35.95,35.20,35.25,-0.20,417704,14803248,476
2025-12-12,TWSE,2340,台亞,28.05,28.30,27.35,27.70,0.15,3690638,102777713,2642
2025-12-12,TWSE,2342,茂矽,29.00,29.60,28.90,29.15,0.35,941894,27590333,786
2025-12-12,TWSE,2344,華邦電,69.20,75.20,68.50,74.60,6.20,543798403,39822052994,216661
2025-12-12,TWSE,2345,智邦,1160.00,1160.00,1120.00,1155.00,20.00,5584329,6373395570,9521
2025-12-12,TWSE,2347,聯強,60.90,60.90,59.90,60.00,0.00,2335979,140466234,1853
2025-12-12,TWSE,2348,海悅,80.00,83.40,80.00,82.80,3.00,487937,40193350,565
2025-12-12,TWSE,2348A,海悅甲特,36.50,36.50,36.50,36.50,0.00,5000,182500,3
2025-12-12,TWSE,2349,錸德,13.40,14.05,13.20,14.05,1.25,27024552,374607790,7338
2025-12-12,TWSE,2351,順德,79.60,79.60,78.30,78.40,-0.60,434300,34163205,416
2025-12-12,TWSE,2352,佳世達,27.15,27.50,26.85,26.95,0.20,3891124,105692914,2764
2025-12-12,TWSE,2353,宏碁,26.55,26.85,26.40,26.60,0.10,16842505,448981178,7538
2025-12-12,TWSE,2354,鴻準,63.90,64.40,63.70,63.70,0.10,3537033,226128876,2515
2025-12-12,TWSE,2355,敬鵬,31.60,32.20,31.60,31.95,0.60,1012676,32270511,650
2025-12-12,TWSE,2356,英業達,44.35,44.40,43.60,43.65,-0.40,7545260,330802432,5162
2025-12-12,TWSE,2357,華碩,596.00,599.00,588.00,588.00,-4.00,2342889,1385804417,4027
2025-12-12,TWSE,2359,所羅門,129.50,130.50,128.00,128.50,0.00,800316,103273960,1075
2025-12-12,TWSE,2360,致茂,808.00,814.00,786.00,805.00,9.00,2680694,2144859057,3961
2025-12-12,TWSE,2362,藍天,40.70,41.00,40.40,40.65,0.25,287944,11729318,276
2025-12-12,TWSE,2363,矽統,48.65,48.80,47.85,47.95,-0.35,1438662,69442228,2437
2025-12-12,TWSE,2364,倫飛,67.20,67.90,66.80,67.30,0.40,182509,12280975,298
2025-12-12,TWSE,2365,昆盈,36.40,36.45,35.75,35.85,0.30,1379057,49758572,1143
2025-12-12,TWSE,2367,燿華,25.40,26.10,25.35,25.50,0.15,6754325,172971031,3699
2025-12-12,TWSE,2368,金像電,609.00,620.00,607.00,618.00,15.00,7432286,4565692151,9617
2025-12-12,TWSE,2369,菱生,22.90,23.60,22.85,23.45,0.60,13739750,321359146,6547
2025-12-12,TWSE,2371,大同,34.05,36.45,33.80,35.10,1.10,59082998,2083873391,32355
2025-12-12,TWSE,2373,震旦行,57.20,57.20,56.90,57.00,0.20,7038,401668,11
2025-12-12,TWSE,2374,佳能,80.00,81.40,79.70,80.30,0.70,3866629,310868581,3739
2025-12-12,TWSE,2375,凱美,94.10,95.30,92.60,93.20,-1.20,2436460,227926227,2194
2025-12-12,TWSE,2376,技嘉,244.50,245.50,238.50,239.00,-4.50,3464323,834416369,5733
2025-12-12,TWSE,2377,微星,99.80,102.50,99.10,99.30,0.00,6244412,626525997,5462
2025-12-12,TWSE,2379,瑞昱,536.00,537.00,525.00,528.00,-4.00,944446,498633202,1394
2025-12-12,TWSE,2380,虹光,4.91,5.00,4.91,5.00,0.07,170165,850149,136
2025-12-12,TWSE,2382,廣達,290.00,290.50,285.50,286.50,-1.50,6348791,1823823397,8395
2025-12-12,TWSE,2383,台光電,1605.00,1635.00,1575.00,1605.00,10.00,2675966,4290050620,4960
2025-12-12,TWSE,2385,群光,115.50,116.50,114.00,114.00,-1.00,1751482,201541108,1937
2025-12-12,TWSE,2387,精元,39.15,39.70,39.15,39.25,0.25,348402,13725123,266
2025-12-12,TWSE,2388,威盛,66.60,67.10,62.10,64.10,-2.50,18459484,1185347616,11441
2025-12-12,TWSE,2390,云辰,9.53,9.79,9.45,9.73,0.30,398059,3850025,355
2025-12-12,TWSE,2392,正崴,38.20,38.40,37.70,37.70,-0.20,880725,33460759,1016
2025-12-12,TWSE,2393,億光,50.80,51.00,50.30,50.50,0.10,1587498,80365222,1376
2025-12-12,TWSE,2395,研華,284.00,284.00,279.00,280.00,-1.50,1627436,456582383,2609
2025-12-12,TWSE,2397,友通,61.00,62.40,60.70,61.50,0.80,77880,4803397,87
2025-12-12,TWSE,2399,映泰,25.40,25.40,24.40,24.40,-1.00,6302840,156586418,3586
2025-12-12,TWSE,2401,凌陽,20.65,20.75,20.40,20.50,0.10,1062707,21859401,629
2025-12-12,TWSE,2402,毅嘉,63.50,65.40,59.20,63.80,1.00,46475330,2894471655,26529
2025-12-12,TWSE,2404,漢唐,915.00,960.00,915.00,946.00,49.00,7238461,6847860590,16335
2025-12-12,TWSE,2405,輔信,18.45,18.55,18.25,18.45,0.15,2078589,38293662,912
2025-12-12,TWSE,2406,國碩,26.65,27.30,25.05,27.00,2.05,71622467,1896864451,29150
2025-12-12,TWSE,2408,南亞科,158.00,162.00,158.00,162.00,6.00,26669665,4283683150,22986
2025-12-12,TWSE,2409,友達,11.45,11.55,11.35,11.35,-0.05,33361059,381408987,5748
2025-12-12,TWSE,2412,中華電,130.50,130.50,130.00,130.50,0.50,2748568,358358170,2411
2025-12-12,TWSE,2413,環科,29.60,31.60,29.50,30.25,0.65,10668518,328718161,6478
2025-12-12,TWSE,2414,精技,41.75,41.75,41.20,41.25,0.15,54252,2243930,58
2025-12-12,TWSE,2415,錩新,26.75,26.75,26.15,26.55,-0.20,282615,7477232,252
2025-12-12,TWSE,2417,圓剛,37.00,37.60,36.95,37.35,0.40,532943,19919323,670
2025-12-12,TWSE,2419,仲琦,23.50,24.20,23.45,23.95,0.65,1283310,30623754,865
2025-12-12,TWSE,2420,新巨,51.10,51.20,50.60,50.60,-0.20,88890,4528709,110
2025-12-12,TWSE,2421,建準,161.50,163.00,157.50,157.50,-1.00,2208769,352791219,2144
2025-12-12,TWSE,2423,固緯,54.50,55.20,54.10,54.70,0.40,66186,3630852,107
2025-12-12,TWSE,2424,隴華,43.35,45.90,41.40,44.20,1.55,443060,19250132,392
2025-12-12,TWSE,2425,承啟,30.35,31.20,30.25,30.90,0.40,733589,22499094,837
2025-12-12,TWSE,2426,鼎元,17.15,17.15,16.60,16.75,-0.15,426807,7176360,348
2025-12-12,TWSE,2427,三商電,27.10,27.45,27.10,27.10,0.10,453126,12333542,365
2025-12-12,TWSE,2428,興勤,182.50,183.00,180.00,180.50,-1.00,369258,66832180,1167
2025-12-12,TWSE,2429,銘旺科,88.40,88.40,80.00,80.60,-6.20,1425656,117675269,2734
2025-12-12,TWSE,2430,燦坤,23.10,23.10,23.00,23.10,-0.05,129199,2973614,121
2025-12-12,TWSE,2431,聯昌,11.25,11.35,11.00,11.20,0.05,354564,3961201,221
2025-12-12,TWSE,2432,倚天酷碁-創,26.20,26.45,26.20,26.40,0.20,9000,237450,7
2025-12-12,TWSE,2433,互盛電,47.80,47.85,47.80,47.85,0.05,2229,106624,7
2025-12-12,TWSE,2434,統懋,32.80,33.20,32.10,32.10,-0.65,56663,1853302,111
2025-12-12,TWSE,2436,偉詮電,48.55,48.90,48.10,48.70,0.60,941454,45818664,739
2025-12-12,TWSE,2438,翔耀,22.80,23.00,22.70,22.70,-0.20,51187,1167708,46
2025-12-12,TWSE,2439,美律,99.70,101.00,99.70,99.70,0.10,955133,95703113,778
2025-12-12,TWSE,2440,太空梭,12.25,13.00,12.20,13.00,0.75,241188,3032529,123
2025-12-12,TWSE,2441,超豐,84.40,84.90,80.30,80.80,-3.00,13338783,1096879523,16475
2025-12-12,TWSE,2442,新美齊,25.30,26.20,25.25,26.05,1.10,1539326,39951388,988
2025-12-12,TWSE,2444,兆勁,10.75,11.00,10.75,10.80,-0.15,183757,1992166,104
2025-12-12,TWSE,2449,京元電子,224.00,230.50,222.00,230.00,8.50,19094010,4331284575,14637
2025-12-12,TWSE,2450,神腦,29.10,29.15,28.95,28.95,0.00,98028,2844658,103
2025-12-12,TWSE,2451,創見,175.00,184.00,175.00,181.50,7.50,4430866,800221221,6356
2025-12-12,TWSE,2453,凌群,53.10,53.60,52.90,53.20,0.30,166594,8870933,185
2025-12-12,TWSE,2454,聯發科,1390.00,1415.00,1380.00,1405.00,10.00,5427610,7567549810,19612
2025-12-12,TWSE,2455,全新,142.00,143.50,138.00,139.00,-2.00,4059599,569537594,2699
2025-12-12,TWSE,2457,飛宏,29.90,31.15,29.90,30.20,0.50,4986980,151978632,3389
2025-12-12,TWSE,2458,義隆,128.50,128.50,125.50,125.50,-2.50,923742,116694429,1172
2025-12-12,TWSE,2459,敦吉,66.50,66.70,66.30,66.60,0.20,48667,3240604,89
2025-12-12,TWSE,2460,建通,19.70,20.15,19.60,20.05,0.10,376661,7482464,417
2025-12-12,TWSE,2461,光群雷,15.15,15.40,15.15,15.25,0.05,169768,2584993,132
2025-12-12,TWSE,2462,良得電,22.40,22.55,22.20,22.40,0.20,116786,2612305,155
2025-12-12,TWSE,2464,盟立,59.50,60.80,59.50,60.10,1.10,777468,46772908,783
2025-12-12,TWSE,2465,麗臺,55.00,59.70,54.90,59.70,4.70,824028,47553894,967
2025-12-12,TWSE,2466,冠西電,64.00,65.80,63.50,65.40,-1.00,1344598,86613767,1219
2025-12-12,TWSE,2467,志聖,240.00,245.50,236.00,244.50,1.50,7541087,1824229626,46108
2025-12-12,TWSE,2468,華經,42.05,42.40,41.50,41.50,-0.55,230428,9647275,243
2025-12-12,TWSE,2471,資通,49.75,50.10,49.60,49.65,-0.10,69450,3464686,77
2025-12-12,TWSE,2472,立隆電,110.00,110.50,106.00,107.00,-2.00,2871174,308927052,2573
2025-12-12,TWSE,2474,可成,190.50,191.00,187.00,187.00,-2.00,1369159,257793983,1911
2025-12-12,TWSE,2476,鉅祥,90.20,90.30,88.80,88.80,-0.60,1085855,97061166,2081
2025-12-12,TWSE,2477,美隆電,23.85,24.30,23.85,24.00,0.15,120317,2892098,100
2025-12-12,TWSE,2478,大毅,59.40,59.50,57.50,58.30,-0.60,1306253,75988188,1870
2025-12-12,TWSE,2480,敦陽科,152.00,152.00,150.50,150.50,0.00,45230,6829054,119
2025-12-12,TWSE,2481,強茂,86.80,87.50,83.40,83.80,-2.20,20695048,1758149029,15454
2025-12-12,TWSE,2482,連宇,16.85,17.20,16.85,17.10,0.25,99121,1690672,101
2025-12-12,TWSE,2483,百容,18.60,18.95,18.50,18.50,-0.10,207126,3850541,84
2025-12-12,TWSE,2484,希華,20.70,20.90,20.65,20.75,0.05,121642,2527407,112
2025-12-12,TWSE,2485,兆赫,26.60,28.50,26.40,27.30,0.65,65573677,1800078724,31792
2025-12-12,TWSE,2486,一詮,94.90,99.00,93.80,95.40,1.30,12112358,1166013666,7147
2025-12-12,TWSE,2488,漢平,45.40,45.95,45.40,45.50,0.10,84512,3849911,82
2025-12-12,TWSE,2489,瑞軒,14.75,14.90,14.35,14.40,-0.25,3124359,45690662,2147
2025-12-12,TWSE,2491,吉祥全,20.05,20.20,19.70,20.20,0.45,480351,9579313,313
2025-12-12,TWSE,2492,華新科,122.00,122.50,119.00,120.00,-1.00,6250754,751883724,4566
2025-12-12,TWSE,2493,揚博,105.00,105.50,102.50,103.50,0.50,1295144,134137782,1222
2025-12-12,TWSE,2495,普安,28.50,29.25,28.05,28.95,0.45,12126400,348251743,6656
2025-12-12,TWSE,2496,卓越,68.80,68.80,68.40,68.60,-0.30,8514,583482,79
2025-12-12,TWSE,2497,怡利電,44.50,45.40,44.30,45.35,1.65,223890,10086937,228
2025-12-12,TWSE,2498,宏達電,52.50,52.80,50.50,51.00,-1.00,16550342,852127658,10092
2025-12-12,TWSE,2501,國建,22.25,22.35,22.10,22.10,-0.05,879737,19544877,404
2025-12-12,TWSE,2504,國產,35.65,36.10,35.60,35.65,0.15,1587379,56881215,1098
2025-12-12,TWSE,2505,國揚,19.25,19.30,19.05,19.15,0.05,217777,4191202,104
2025-12-12,TWSE,2506,太設,9.49,9.52,9.44,9.44,0.00,104870,992336,72
2025-12-12,TWSE,2509,全坤建,14.70,14.90,14.65,14.90,0.25,61279,908594,63
2025-12-12,TWSE,2511,太子,8.12,8.22,8.10,8.10,0.03,1130929,9212212,412
2025-12-12,TWSE,2514,龍邦,14.60,14.65,14.50,14.55,0.05,348511,5076951,101
2025-12-12,TWSE,2515,中工,12.90,13.05,12.80,12.80,0.05,6820045,87832245,2037
2025-12-12,TWSE,2516,新建,15.05,15.20,14.95,15.10,0.05,223054,3362169,144
2025-12-12,TWSE,2520,冠德,32.55,32.90,32.25,32.50,0.05,1718324,56041814,1224
2025-12-12,TWSE,2524,京城,41.65,42.20,41.40,41.40,0.30,56279,2349004,64
2025-12-12,TWSE,2527,宏璟,29.05,29.30,28.85,28.90,-0.05,105041,3048191,98
2025-12-12,TWSE,2528,皇普,30.05,30.45,30.00,30.15,0.20,469841,14190060,325
2025-12-12,TWSE,2530,華建,27.75,27.95,27.55,27.70,0.15,253769,7037435,187
2025-12-12,TWSE,2534,宏盛,20.20,20.55,20.20,20.30,0.25,466784,9501929,288
2025-12-12,TWSE,2535,達欣工,63.30,63.40,62.70,62.90,0.10,95815,6029958,519
2025-12-12,TWSE,2536,宏普,26.70,26.90,26.65,26.75,0.05,226270,6054369,129
2025-12-12,TWSE,2537,聯上發,10.60,10.60,10.45,10.55,0.15,593364,6266289,253
2025-12-12,TWSE,2538,基泰,11.30,11.35,11.15,11.15,-0.05,208995,2344699,96
2025-12-12,TWSE,2539,櫻花建,48.05,48.10,47.55,47.80,-0.05,336744,16100917,366
2025-12-12,TWSE,2540,愛山林,45.85,47.55,45.35,46.55,0.95,777838,36263710,775
2025-12-12,TWSE,2542,興富發,37.55,37.75,37.35,37.35,-0.05,4411531,165437553,2481
2025-12-12,TWSE,2543,皇昌,62.50,63.40,61.50,62.30,1.00,2583851,161259490,3607
2025-12-12,TWSE,2545,皇翔,37.80,38.00,37.00,37.05,-0.45,686053,25626112,623
2025-12-12,TWSE,2546,根基,86.60,87.70,86.50,87.50,1.00,50198,4378176,129
2025-12-12,TWSE,2547,日勝生,10.60,10.80,10.60,10.65,0.05,630835,6750453,313
2025-12-12,TWSE,2548,華固,104.00,104.50,103.50,103.50,-0.50,244558,25371017,342
2025-12-12,TWSE,2597,潤弘,165.00,167.00,165.00,165.00,1.00,274952,45661308,331
2025-12-12,TWSE,2601,益航,5.62,5.64,5.60,5.63,0.02,724337,4069258,261
2025-12-12,TWSE,2603,長榮,182.00,183.50,181.50,183.00,2.50,9439439,1725202057,7583
2025-12-12,TWSE,2605,新興,26.10,26.15,25.35,25.50,-0.90,17685206,453077172,9481
2025-12-12,TWSE,2606,裕民,60.40,60.40,58.80,59.10,-2.10,12535489,746273541,10174
2025-12-12,TWSE,2607,榮運,58.30,58.30,57.10,57.20,-0.60,617618,35516609,675
2025-12-12,TWSE,2608,嘉里大榮,33.70,33.80,33.45,33.45,0.00,82426,2764274,98
2025-12-12,TWSE,2609,陽明,50.90,51.30,50.80,50.80,0.10,10308788,525523711,5452
2025-12-12,TWSE,2610,華航,19.45,19.55,19.30,19.45,0.05,27142549,526679277,7387
2025-12-12,TWSE,2611,志信,15.00,15.00,14.80,14.85,-0.15,292919,4360208,299
2025-12-12,TWSE,2612,中航,62.70,62.70,61.40,62.10,-0.80,2655670,164325932,3106
2025-12-12,TWSE,2613,中櫃,23.95,24.00,23.50,23.65,-0.05,333903,7903943,233
2025-12-12,TWSE,2614,東森,21.65,23.70,21.65,23.15,1.60,10482334,244296109,5451
2025-12-12,TWSE,2615,萬海,79.30,79.30,78.20,78.20,-0.20,5827722,458132714,4143
2025-12-12,TWSE,2616,山隆,13.90,13.95,13.85,13.85,-0.05,56746,788984,153
2025-12-12,TWSE,2617,台航,31.00,31.05,30.35,30.45,-0.50,912104,27848082,776
2025-12-12,TWSE,2618,長榮航,35.75,35.80,35.30,35.30,-0.25,16444001,583619659,7552
2025-12-12,TWSE,2630,亞航,50.90,51.80,50.20,50.40,0.00,1808119,91992809,1581
2025-12-12,TWSE,2633,台灣高鐵,27.80,27.80,27.60,27.70,0.00,3413127,94581426,1641
2025-12-12,TWSE,2634,漢翔,50.80,51.80,50.40,50.50,0.30,4703915,239672160,3251
2025-12-12,TWSE,2636,台驊控股,65.00,65.30,64.70,64.80,0.10,254177,16510727,245
2025-12-12,TWSE,2637,慧洋-KY,66.40,66.50,64.60,64.80,-1.90,6798521,443837911,5180
2025-12-12,TWSE,2642,宅配通,26.35,26.60,26.35,26.50,0.15,38595,1022232,70
2025-12-12,TWSE,2645,長榮航太,142.50,145.00,140.50,140.50,-1.00,1375643,195240417,1851
2025-12-12,TWSE,2646,星宇航空,23.60,23.65,23.35,23.40,-0.20,2375292,55803282,2598
2025-12-12,TWSE,2701,萬企,11.10,11.15,11.10,11.10,0.05,13798,153346,21
2025-12-12,TWSE,2702,華園,11.80,11.95,11.80,11.95,0.30,41484,492515,51
2025-12-12,TWSE,2704,國賓,43.85,43.85,43.40,43.55,0.25,20426,890572,52
2025-12-12,TWSE,2705,六福,16.65,16.70,16.55,16.55,0.00,44690,742297,103
2025-12-12,TWSE,2706,第一店,13.00,13.10,13.00,13.05,0.00,75867,987993,85
2025-12-12,TWSE,2707,晶華,192.00,192.00,190.00,190.00,0.50,176818,33786270,259
2025-12-12,TWSE,2712,遠雄來,18.60,18.60,18.20,18.40,-0.25,25129,459566,22
2025-12-12,TWSE,2722,夏都,27.35,27.40,27.15,27.25,0.15,17227,469898,22
2025-12-12,TWSE,2723,美食-KY,68.40,68.50,66.70,66.70,-0.20,285773,19277002,281
2025-12-12,TWSE,2727,王品,211.00,212.50,210.50,211.50,1.50,190188,40257920,518
2025-12-12,TWSE,2731,雄獅,162.00,164.50,162.00,164.50,3.00,652996,106979195,760
2025-12-12,TWSE,2739,寒舍,35.40,35.80,35.25,35.60,0.45,45227,1608939,41
2025-12-12,TWSE,2748,雲品,42.95,43.35,42.95,43.15,0.40,44893,1937776,54
2025-12-12,TWSE,2753,八方雲集,192.50,199.50,191.50,196.50,5.00,512166,99906348,705
2025-12-12,TWSE,2762,世界健身-KY,78.30,78.30,77.60,77.70,-0.30,11319,882193,16
2025-12-12,TWSE,2801,彰銀,20.60,20.75,20.55,20.70,0.15,17505798,361731024,3533
2025-12-12,TWSE,2812,台中銀,21.35,21.50,21.20,21.25,0.00,11416633,243797102,3467
2025-12-12,TWSE,2816,旺旺保,29.20,29.20,29.00,29.15,-0.05,120960,3521621,84
2025-12-12,TWSE,2820,華票,16.90,16.95,16.85,16.85,0.00,616419,10413214,329
2025-12-12,TWSE,2832,台產,52.80,52.80,52.00,52.40,-0.30,229553,12057501,1031
2025-12-12,TWSE,2834,臺企銀,15.90,15.95,15.80,15.80,-0.05,10423595,165341098,3508
2025-12-12,TWSE,2836,高雄銀,12.30,12.40,12.30,12.30,0.00,2478203,30572684,529
2025-12-12,TWSE,2836A,高雄銀甲特,23.75,23.80,23.75,23.80,0.05,8000,190050,6
2025-12-12,TWSE,2838,聯邦銀,19.40,19.45,19.25,19.30,0.15,721075,13962887,438
2025-12-12,TWSE,2838A,聯邦銀甲特,54.40,54.60,54.40,54.60,0.00,16089,876652,10
2025-12-12,TWSE,2845,遠東銀,12.75,12.80,12.70,12.70,-0.05,4759415,60756477,1115
2025-12-12,TWSE,2849,安泰銀,13.45,13.50,13.40,13.40,0.00,82760,1112688,58
2025-12-12,TWSE,2850,新產,119.50,119.50,118.50,119.00,0.50,202504,24105053,318
2025-12-12,TWSE,2851,中再保,26.10,26.25,26.00,26.05,0.00,1012256,26412494,629
2025-12-12,TWSE,2852,第一保,28.10,28.20,28.00,28.10,0.15,292119,8214053,181
2025-12-12,TWSE,2855,統一證,24.35,24.45,24.30,24.35,0.15,1190522,29026494,580
2025-12-12,TWSE,2867,三商壽,7.70,7.83,7.69,7.78,0.11,25987128,202157699,4433
2025-12-12,TWSE,2880,華南金,31.00,31.10,30.70,30.95,0.20,10368718,321255651,4717
2025-12-12,TWSE,2881,富邦金,95.80,97.20,95.50,96.80,1.70,22347129,2151457971,15207
2025-12-12,TWSE,2881A,富邦特,63.50,63.50,63.30,63.50,0.00,11479,727847,16
2025-12-12,TWSE,2881B,富邦金乙特,61.70,61.80,61.70,61.80,0.00,3687,227687,9
2025-12-12,TWSE,2881C,富邦金丙特,53.70,54.00,53.70,53.70,0.00,10725,577625,35
2025-12-12,TWSE,2882,國泰金,69.70,70.40,69.50,70.10,0.90,34367172,2406538074,12949
2025-12-12,TWSE,2882A,國泰特,60.70,60.80,60.70,60.80,0.10,1388278,84137883,31
2025-12-12,TWSE,2882B,國泰金乙特,60.00,60.10,59.90,60.00,0.00,74575,4471910,25
2025-12-12,TWSE,2883,凱基金,17.00,17.15,16.90,17.05,0.10,55022025,938955221,14565
2025-12-12,TWSE,2883B,凱基金乙特,7.81,7.84,7.81,7.84,0.03,889996,6962187,208
2025-12-12,TWSE,2884,玉山金,32.55,33.15,32.50,32.80,0.45,40549399,1333240719,16342
2025-12-12,TWSE,2885,元大金,37.65,38.20,37.60,38.05,0.50,18703134,710207532,7291
2025-12-12,TWSE,2886,兆豐金,40.95,41.45,40.85,41.15,0.25,16862690,694510000,6392
2025-12-12,TWSE,2887,台新新光金,19.30,19.50,19.25,19.40,0.15,96605558,1850792240,12270
2025-12-12,TWSE,2887E,台新新光戊特一,49.90,50.20,49.65,49.75,0.15,190449,9514004,72
2025-12-12,TWSE,2887F,台新新光戊特二,46.05,46.05,46.00,46.00,0.00,145117,6675481,21
2025-12-12,TWSE,2887G,台新新光庚特一,39.25,39.25,39.15,39.20,0.05,60340,2364017,27
2025-12-12,TWSE,2887H,台新新光庚特二,38.70,39.05,38.70,38.80,0.05,158163,6149721,56
2025-12-12,TWSE,2887I,台新新光辛特,9.42,9.43,9.42,9.42,0.00,1263740,11908685,410
2025-12-12,TWSE,2887Z1,台新新光己特,16.40,16.40,16.35,16.35,-0.05,227960,3734793,58
2025-12-12,TWSE,2889,國票金,16.05,16.15,16.00,16.10,0.15,2875680,46247341,1092
2025-12-12,TWSE,2890,永豐金,27.45,27.65,27.40,27.60,0.20,23260920,640621315,8393
2025-12-12,TWSE,2891,中信金,45.30,46.50,45.25,46.50,1.45,53225115,2453690616,19083
2025-12-12,TWSE,2891B,中信金乙特,63.70,63.80,63.70,63.80,0.00,2091,133282,5
2025-12-12,TWSE,2891C,中信金丙特,,,,,0.00,53,3173,4
2025-12-12,TWSE,2892,第一金,28.35,28.55,28.25,28.35,0.15,29417106,835650473,7214
2025-12-12,TWSE,2897,王道銀行,9.15,9.20,9.14,9.16,0.04,2838152,26026909,739
2025-12-12,TWSE,2897B,王道銀乙特,11.95,11.95,11.90,11.90,0.00,13144,156813,6
2025-12-12,TWSE,2901,欣欣,25.00,25.30,24.65,25.30,0.50,34152,852569,46
2025-12-12,TWSE,2903,遠百,23.20,23.30,22.85,22.90,-0.10,2422718,55754318,1650
2025-12-12,TWSE,2904,匯僑,17.30,17.30,17.10,17.20,0.10,48298,826945,25
2025-12-12,TWSE,2905,三商,16.40,16.65,16.35,16.60,0.40,1248033,20579195,553
2025-12-12,TWSE,2906,高林,13.00,13.10,12.95,13.00,0.00,63502,825437,69
2025-12-12,TWSE,2908,特力,20.40,20.50,20.30,20.40,0.00,298808,6102202,94
2025-12-12,TWSE,2910,統領,21.70,21.70,21.00,21.05,0.00,5263,111401,6
2025-12-12,TWSE,2911,麗嬰房,4.57,4.57,4.53,4.53,-0.17,47241,214570,109
2025-12-12,TWSE,2912,統一超,230.00,230.50,227.00,228.00,0.00,1734459,396442399,3456
2025-12-12,TWSE,2913,農林,13.70,14.20,13.70,13.95,0.30,1988293,27850676,773
2025-12-12,TWSE,2915,潤泰全,54.80,54.90,54.40,54.70,0.60,1231927,67357894,785
2025-12-12,TWSE,2923,鼎固-KY,22.15,22.30,21.95,21.95,0.05,12174,269735,15
2025-12-12,TWSE,2929,淘帝-KY,7.84,7.95,7.80,7.86,0.03,203597,1608953,147
2025-12-12,TWSE,2939,永邑-KY,24.65,24.65,24.35,24.35,-0.30,13001,318124,13
2025-12-12,TWSE,2945,三商家購,38.00,38.20,37.80,38.10,0.05,13078,497633,17
2025-12-12,TWSE,3002,歐格,27.50,28.60,27.35,27.55,0.25,2756332,76782633,2018
2025-12-12,TWSE,3003,健和興,47.60,48.10,47.55,47.60,0.00,124442,5942868,99
2025-12-12,TWSE,3004,豐達科,98.90,99.60,96.00,97.00,-0.90,613459,59596193,564
2025-12-12,TWSE,3005,神基,121.00,121.50,119.00,120.00,-1.00,1608682,193453057,1622
2025-12-12,TWSE,3006,晶豪科,81.50,83.90,81.50,82.60,1.50,4676234,386800376,4306
2025-12-12,TWSE,3008,大立光,2095.00,2095.00,2060.00,2060.00,-20.00,350229,726849020,2527
2025-12-12,TWSE,3010,華立,117.50,119.00,116.50,119.00,2.00,1875896,221557400,1685
2025-12-12,TWSE,3011,今皓,13.70,13.80,13.30,13.30,-0.40,432808,5853631,276
2025-12-12,TWSE,3013,晟銘電,137.00,141.50,136.00,139.00,3.50,6395366,889581149,6915
2025-12-12,TWSE,3014,聯陽,117.00,117.50,116.50,117.00,0.50,319351,37386680,333
2025-12-12,TWSE,3015,全漢,55.80,56.70,55.30,55.50,-0.10,526752,29589841,717
2025-12-12,TWSE,3016,嘉晶,51.50,51.80,50.60,50.90,0.10,594588,30437876,710
2025-12-12,TWSE,3017,奇鋐,1460.00,1485.00,1425.00,1425.00,-5.00,5865475,8510179035,10942
2025-12-12,TWSE,3018,隆銘綠能,11.40,11.50,11.40,11.40,-0.10,140867,1610852,559
2025-12-12,TWSE,3019,亞光,137.50,139.50,137.00,138.00,1.00,1421630,196316910,1521
2025-12-12,TWSE,3021,鴻名,17.80,17.90,17.65,17.80,0.00,60846,1080171,44
2025-12-12,TWSE,3022,威強電,66.80,67.30,65.60,66.00,-0.70,393093,26032093,744
2025-12-12,TWSE,3023,信邦,217.00,220.00,216.50,218.50,1.50,603372,131872780,1244
2025-12-12,TWSE,3024,憶聲,10.70,10.90,10.70,10.90,0.20,776996,8391752,336
2025-12-12,TWSE,3025,星通,59.70,63.80,59.70,62.00,3.20,6349641,393400129,5782
2025-12-12,TWSE,3026,禾伸堂,105.50,106.00,101.50,103.00,-1.50,1588671,164632953,1181
2025-12-12,TWSE,3027,盛達,22.85,23.15,22.85,23.00,0.30,216914,4985573,156
2025-12-12,TWSE,3028,增你強,39.00,39.50,38.20,38.35,-0.35,2532678,98347767,3456
2025-12-12,TWSE,3029,零壹,110.00,111.50,110.00,110.50,0.00,479203,53136436,625
2025-12-12,TWSE,3030,德律,170.00,170.00,165.50,166.00,-2.00,2192992,366638031,2074
2025-12-12,TWSE,3031,佰鴻,19.70,20.05,19.65,19.75,0.20,388261,7699266,221
2025-12-12,TWSE,3032,偉訓,79.50,80.40,78.50,78.80,-0.50,495750,39304873,529
2025-12-12,TWSE,3033,威健,30.70,30.75,30.40,30.60,-0.15,820233,25055652,710
2025-12-12,TWSE,3034,聯詠,379.50,379.50,371.50,373.00,-4.50,2057020,767582421,5131
2025-12-12,TWSE,3035,智原,171.50,172.50,170.50,170.50,0.00,1293977,221532440,1556
2025-12-12,TWSE,3036,文曄,152.00,153.50,149.50,151.00,0.50,4517187,683965005,3166
2025-12-12,TWSE,3036A,文曄甲特,51.40,51.40,51.30,51.40,0.00,71035,3650700,23
2025-12-12,TWSE,3037,欣興,228.00,229.50,222.00,225.00,0.00,19839313,4448099543,18650
2025-12-12,TWSE,3038,全台,21.60,22.35,21.60,22.35,2.00,1245252,27674893,638
2025-12-12,TWSE,3040,遠見,56.60,56.70,55.60,56.70,0.00,211741,11882608,456
2025-12-12,TWSE,3041,揚智,25.00,25.40,24.95,25.20,0.25,332991,8386820,255
2025-12-12,TWSE,3042,晶技,86.50,86.60,85.60,86.00,-0.20,686136,58977639,1985
2025-12-12,TWSE,3043,科風,21.80,22.00,21.00,21.55,-0.15,96544,2087226,93
2025-12-12,TWSE,3044,健鼎,308.50,310.00,305.00,309.00,3.50,1567038,482679269,1737
2025-12-12,TWSE,3045,台灣大,106.50,106.50,105.50,105.50,-0.50,6163528,651657075,2667
2025-12-12,TWSE,3046,建碁,55.00,55.00,52.70,53.00,-0.90,2160858,115955757,2361
2025-12-12,TWSE,3047,訊舟,17.75,18.30,17.65,17.85,0.30,1623097,29230851,922
2025-12-12,TWSE,3048,益登,40.70,41.50,40.10,40.40,-0.15,4770591,194254766,4891
2025-12-12,TWSE,3049,精金,6.73,7.03,6.73,7.02,0.32,1966308,13652953,879
2025-12-12,TWSE,3050,鈺德,12.70,13.10,12.55,12.75,0.20,2469372,31555010,1158
2025-12-12,TWSE,3051,力特,18.45,18.60,18.15,18.35,0.00,310877,5714442,214
2025-12-12,TWSE,3052,夆典,11.50,11.55,11.45,11.45,0.05,612343,7041345,170
2025-12-12,TWSE,3054,立萬利,25.00,25.45,24.85,25.10,0.25,67735,1695092,57
2025-12-12,TWSE,3055,蔚華科,76.00,80.00,74.00,79.50,4.80,2207822,171977642,4201
2025-12-12,TWSE,3056,富華新,17.75,18.05,17.75,17.90,0.15,1241466,22267409,798
2025-12-12,TWSE,3057,喬鼎,15.90,15.90,15.35,15.60,-0.20,200181,3123573,391
2025-12-12,TWSE,3058,立德,10.25,10.75,10.25,10.75,0.50,1409441,14933520,618
2025-12-12,TWSE,3059,華晶科,41.95,42.40,41.65,41.65,0.00,1322762,55507589,1050
2025-12-12,TWSE,3060,銘異,29.75,32.75,29.65,32.75,2.95,27071300,854027468,14901
2025-12-12,TWSE,3062,建漢,23.30,24.35,23.30,24.10,0.85,4593856,110536196,2452
2025-12-12,TWSE,3090,日電貿,109.00,110.00,103.00,104.50,-1.50,24892289,2655136115,20477
2025-12-12,TWSE,3092,鴻碩,16.10,16.10,15.80,15.80,-0.30,365893,5830035,262
2025-12-12,TWSE,3094,聯傑,24.25,24.55,24.15,24.20,-0.05,79616,1936122,79
2025-12-12,TWSE,3130,一零四,225.00,225.00,225.00,225.00,0.00,9187,2066612,87
2025-12-12,TWSE,3135,凌航,66.00,67.60,65.40,65.80,-0.30,1507910,100160928,1329
2025-12-12,TWSE,3138,耀登,89.50,91.50,89.50,90.00,0.90,175534,15894432,212
2025-12-12,TWSE,3149,正達,34.10,34.65,33.90,34.40,0.55,1066101,36590086,729
2025-12-12,TWSE,3150,鈺寶-創,18.75,19.20,18.75,19.20,0.50,18000,340900,9
2025-12-12,TWSE,3164,景岳,18.30,18.40,18.15,18.25,-0.10,48637,887074,76
2025-12-12,TWSE,3167,大量,234.00,234.00,226.50,233.00,1.00,7467299,1721072161,38453
2025-12-12,TWSE,3168,眾福科,43.20,43.50,43.20,43.50,0.15,8007,347258,9
2025-12-12,TWSE,3189,景碩,153.50,157.00,150.00,151.50,0.00,10509773,1606081919,7704
2025-12-12,TWSE,3209,全科,31.85,32.10,31.70,31.80,-0.05,272647,8681016,275
2025-12-12,TWSE,3229,晟鈦,22.00,24.00,22.00,24.00,2.15,1554284,36760791,1959
2025-12-12,TWSE,3231,緯創,145.00,146.00,142.50,143.50,-0.50,24583084,3540780182,22750
2025-12-12,TWSE,3257,虹冠電,64.70,65.40,64.10,64.40,0.90,636515,41182637,512
2025-12-12,TWSE,3266,昇陽,13.85,14.00,13.70,13.85,0.15,35396,491104,31
2025-12-12,TWSE,3296,勝德,23.90,24.10,23.05,23.30,0.10,605853,14225021,318
2025-12-12,TWSE,3305,昇貿,97.50,98.70,95.70,96.60,-0.40,2096199,203022322,3688
2025-12-12,TWSE,3308,聯德,15.45,15.45,15.30,15.30,0.20,14295,219643,35
2025-12-12,TWSE,3311,閎暉,31.35,31.45,30.90,30.90,0.00,196105,6097164,181
2025-12-12,TWSE,3312,弘憶股,35.70,36.55,35.70,36.20,0.40,338324,12218383,358
2025-12-12,TWSE,3321,同泰,19.90,19.90,19.15,19.25,-0.65,234585,4524282,230
2025-12-12,TWSE,3338,泰碩,49.65,49.90,48.70,48.70,-0.80,332876,16351100,312
2025-12-12,TWSE,3346,麗清,19.05,19.40,19.00,19.05,0.00,151209,2903183,117
2025-12-12,TWSE,3356,奇偶,45.40,46.20,45.40,45.70,0.10,118271,5428207,181
2025-12-12,TWSE,3376,新日興,216.50,219.00,210.00,210.50,-5.00,3664492,780876405,17753
2025-12-12,TWSE,3380,明泰,32.25,33.20,31.95,32.15,0.15,3605815,116828616,2049
2025-12-12,TWSE,3406,玉晶光,416.00,418.00,412.50,413.50,1.50,487758,202552970,975
2025-12-12,TWSE,3413,京鼎,302.00,308.50,296.50,296.50,-3.50,1447009,435585715,5057
2025-12-12,TWSE,3416,融程電,151.50,151.50,149.00,150.00,-0.50,111327,16675214,236
2025-12-12,TWSE,3419,譁裕,12.95,13.25,12.90,13.10,0.00,83272,1087049,58
2025-12-12,TWSE,3432,台端,14.10,14.20,14.00,14.20,0.10,27176,383327,32
2025-12-12,TWSE,3437,榮創,14.30,14.60,14.30,14.35,0.10,303027,4377817,147
2025-12-12,TWSE,3443,創意,2210.00,2330.00,2190.00,2275.00,90.00,3942560,8925187090,9119
2025-12-12,TWSE,3447,展達,48.85,49.10,48.05,48.20,0.00,169045,8188603,163
2025-12-12,TWSE,3450,聯鈞,270.00,272.50,264.00,269.00,-1.00,12477875,3342271569,20852
2025-12-12,TWSE,3454,晶睿,98.70,98.80,98.60,98.70,0.10,338469,33407675,271
2025-12-12,TWSE,3481,群創,13.65,13.70,13.35,13.35,-0.15,50334961,676614630,9836
2025-12-12,TWSE,3494,誠研,8.70,8.79,8.61,8.61,-0.09,108901,944887,96
2025-12-12,TWSE,3501,維熹,47.90,48.30,47.60,48.05,0.25,115217,5532898,157
2025-12-12,TWSE,3504,揚明光,51.90,52.50,51.70,52.30,0.90,99923,5201982,106
2025-12-12,TWSE,3515,華擎,271.00,271.00,249.00,252.50,-16.00,4009203,1027531470,4572
2025-12-12,TWSE,3518,柏騰,20.60,21.10,20.60,20.95,0.00,47442,989151,58
2025-12-12,TWSE,3528,安馳,70.00,70.70,69.60,69.60,-0.40,89230,6240047,376
2025-12-12,TWSE,3530,晶相光,73.00,73.50,71.10,71.30,0.20,343390,24771190,1091
2025-12-12,TWSE,3532,台勝科,98.00,98.60,96.60,96.60,-0.50,483639,46973816,718
2025-12-12,TWSE,3533,嘉澤,1330.00,1350.00,1300.00,1300.00,-25.00,808366,1068024050,1621
2025-12-12,TWSE,3535,晶彩科,86.10,88.00,84.70,86.80,1.30,3211844,277490081,4092
2025-12-12,TWSE,3543,州巧,46.20,46.40,44.40,44.90,-1.30,1684003,75863874,1777
2025-12-12,TWSE,3545,敦泰,51.20,51.60,50.70,50.90,-0.20,556630,28435919,462
2025-12-12,TWSE,3550,聯穎,12.65,12.65,12.35,12.40,-0.40,1491170,18604931,1133
2025-12-12,TWSE,3557,嘉威,36.00,36.00,35.60,35.80,0.00,31305,1120585,44
2025-12-12,TWSE,3563,牧德,511.00,544.00,511.00,527.00,22.00,3188594,1694428466,5133
2025-12-12,TWSE,3576,聯合再生,6.49,7.04,6.48,7.04,0.64,24883116,173122412,6808
2025-12-12,TWSE,3583,辛耘,337.00,342.00,334.00,337.00,0.50,591551,199790124,982
2025-12-12,TWSE,3588,通嘉,49.35,49.60,48.25,48.50,-0.90,192304,9410219,275
2025-12-12,TWSE,3591,艾笛森,18.30,18.80,18.30,18.60,0.30,505725,9414129,281
2025-12-12,TWSE,3592,瑞鼎,221.00,221.00,217.00,219.00,-2.50,723425,158077198,1120
2025-12-12,TWSE,3596,智易,183.50,184.50,181.50,182.50,0.00,313778,57443158,385
2025-12-12,TWSE,3605,宏致,62.10,62.70,61.80,61.90,0.30,615027,38223321,749
2025-12-12,TWSE,3607,谷崧,13.80,14.15,13.75,13.95,0.15,229355,3200991,169
2025-12-12,TWSE,3617,碩天,203.50,204.00,199.00,199.00,-3.00,211422,42332306,692
2025-12-12,TWSE,3622,洋華,63.80,63.80,62.50,62.70,-0.60,397712,25021761,865
2025-12-12,TWSE,3645,達邁,54.70,54.90,53.10,53.20,-0.90,854825,45993196,1018
2025-12-12,TWSE,3652,精聯,28.90,28.95,28.85,28.95,-0.05,17001,491429,12
2025-12-12,TWSE,3653,健策,2970.00,3050.00,2935.00,2995.00,65.00,1312102,3933283600,3566
2025-12-12,TWSE,3661,世芯-KY,3315.00,3325.00,3205.00,3220.00,-75.00,1414910,4589530840,11120
2025-12-12,TWSE,3665,貿聯-KY,1550.00,1580.00,1530.00,1535.00,0.00,1858161,2868137585,4170
2025-12-12,TWSE,3669,圓展,28.20,28.95,28.20,28.95,0.45,22000,626400,18
2025-12-12,TWSE,3673,TPK-KY,43.35,43.40,41.75,42.20,-0.60,2664050,112710396,2034
2025-12-12,TWSE,3679,新至陞,113.50,113.50,113.00,113.00,-1.00,8949,1014066,38
2025-12-12,TWSE,3686,達能,18.60,19.40,18.40,18.90,0.40,337679,6393045,298
2025-12-12,TWSE,3694,海華,58.00,58.90,57.70,58.20,0.40,1484999,86286088,1216
2025-12-12,TWSE,3701,大眾控,35.00,37.75,34.35,37.75,3.40,4596945,167122074,2955
2025-12-12,TWSE,3702,大聯大,63.70,64.00,63.20,63.60,0.40,3050261,193970918,2033
2025-12-12,TWSE,3703,欣陸,22.60,22.90,22.60,22.70,0.25,737431,16794059,386
2025-12-12,TWSE,3704,合勤控,32.85,33.80,32.85,33.30,0.60,2796345,93299576,1775
2025-12-12,TWSE,3705,永信,56.50,56.80,55.90,56.10,-0.40,269666,15196506,267
2025-12-12,TWSE,3706,神達,86.70,87.20,83.80,84.00,-2.50,31000288,2639222304,32929
2025-12-12,TWSE,3708,上緯投控,107.00,107.50,103.50,104.00,-4.00,1403157,147302125,1616
2025-12-12,TWSE,3711,日月光投控,245.50,248.00,241.50,243.50,-1.00,13651605,3326840639,23163
2025-12-12,TWSE,3712,永崴投控,25.05,25.45,24.95,24.95,-0.10,462457,11621113,374
2025-12-12,TWSE,3714,富采,34.30,34.85,34.05,34.55,0.35,5715424,197207634,4075
2025-12-12,TWSE,3715,定穎投控,123.00,123.50,117.50,120.00,-1.50,30661769,3681614553,22037
2025-12-12,TWSE,3716,中化控股,34.05,34.05,33.70,33.85,-0.10,79618,2690916,217
2025-12-12,TWSE,3717,聯嘉投控,17.20,17.70,17.20,17.55,0.40,390120,6812409,230
2025-12-12,TWSE,4104,佳醫,81.50,81.50,81.30,81.50,0.20,64359,5239773,179
2025-12-12,TWSE,4106,雃博,22.20,22.20,22.10,22.10,0.00,82180,1822389,53
2025-12-12,TWSE,4108,懷特,13.85,14.00,13.80,13.85,-0.05,142502,1979110,140
2025-12-12,TWSE,4119,旭富,48.15,48.80,48.10,48.55,0.45,73782,3571370,114
2025-12-12,TWSE,4133,亞諾法,23.10,23.10,22.85,22.85,0.10,19744,453869,71
2025-12-12,TWSE,4137,麗豐-KY,99.10,99.10,98.00,98.30,0.10,101677,10015676,140
2025-12-12,TWSE,4142,國光生,19.80,19.85,19.25,19.25,-0.30,1787787,34748209,977
2025-12-12,TWSE,4148,全宇生技-KY,39.95,39.95,39.70,39.85,-0.50,17166,683440,15
2025-12-12,TWSE,4155,訊映,15.05,15.10,14.90,15.00,0.00,69335,1038920,82
2025-12-12,TWSE,4164,承業醫,37.40,39.40,37.25,38.50,1.30,2190099,84697476,1413
2025-12-12,TWSE,4190,佐登-KY,30.00,30.15,29.95,30.00,0.00,31015,931594,99
2025-12-12,TWSE,4306,炎洲,14.05,14.30,14.05,14.10,0.05,1276193,18124214,729
2025-12-12,TWSE,4414,如興,10.50,11.00,10.40,10.75,0.55,1152341,12415193,641
2025-12-12,TWSE,4426,利勤,9.90,9.91,9.81,9.83,-0.04,76171,750727,55
2025-12-12,TWSE,4438,廣越,78.50,80.00,78.50,79.10,0.90,46557,3695015,119
2025-12-12,TWSE,4439,冠星-KY,103.00,103.50,102.50,103.50,0.00,8085,831255,10
2025-12-12,TWSE,4440,宜新實業,18.05,18.15,17.75,18.10,0.05,85630,1543700,55
2025-12-12,TWSE,4441,振大環球,248.00,250.00,245.00,246.50,-1.50,53003,13078278,168
2025-12-12,TWSE,4526,東台,29.35,29.70,28.95,29.15,-0.20,1729940,50595720,1278
2025-12-12,TWSE,4532,瑞智,24.25,24.40,24.15,24.35,0.15,609239,14791159,404
2025-12-12,TWSE,4536,拓凱,160.00,163.00,160.00,161.50,1.50,212987,34487821,301
2025-12-12,TWSE,4540,全球傳動,35.50,35.85,35.10,35.35,0.05,477322,16935105,422
2025-12-12,TWSE,4545,銘鈺,32.55,34.30,32.55,34.25,1.75,341774,11508422,293
2025-12-12,TWSE,4551,智伸科,118.00,119.00,117.00,118.50,2.50,159598,18855031,191
2025-12-12,TWSE,4552,力達-KY,23.20,23.40,23.20,23.40,0.15,63195,1477854,35
2025-12-12,TWSE,4555,氣立,39.90,40.40,39.55,39.65,-0.25,96338,3833777,93
2025-12-12,TWSE,4557,永新-KY,79.10,79.50,77.50,77.70,-1.30,131701,10269205,482
2025-12-12,TWSE,4560,強信-KY,32.75,32.80,32.55,32.80,0.10,92000,3002150,24
2025-12-12,TWSE,4562,穎漢,36.95,36.95,35.70,36.05,-0.50,433071,15713178,377
2025-12-12,TWSE,4564,元翎,17.20,17.50,17.20,17.25,0.05,597973,10375873,537
2025-12-12,TWSE,4566,時碩工業,57.70,59.80,57.10,58.70,1.00,3646444,213208672,2735
2025-12-12,TWSE,4569,六方科-KY,146.00,148.50,145.50,148.00,3.50,39034,5739432,39
2025-12-12,TWSE,4571,鈞興-KY,163.00,165.00,163.00,163.00,0.50,119714,19605605,204
2025-12-12,TWSE,4572,駐龍,153.00,156.00,153.00,154.50,2.00,31892,4944229,39
2025-12-12,TWSE,4576,大銀微系統,110.00,111.00,108.50,109.50,1.50,384562,42194993,413
2025-12-12,TWSE,4581,光隆精密-KY,52.60,52.60,52.40,52.40,0.40,2000,105000,2
2025-12-12,TWSE,4583,台灣精銳,679.00,692.00,662.00,674.00,-2.00,252086,170063022,536
2025-12-12,TWSE,4585,達明,328.50,333.00,326.00,326.00,-7.00,254437,83570677,1071
2025-12-12,TWSE,4588,玖鼎電力,62.40,64.30,62.40,63.20,0.10,19655,1247446,37
2025-12-12,TWSE,4720,德淵,14.20,14.25,14.10,14.20,0.00,133088,1888668,57
2025-12-12,TWSE,4722,國精化,159.50,172.00,159.50,169.50,12.00,5724095,946969209,10742
2025-12-12,TWSE,4736,泰博,123.00,125.00,123.00,124.50,2.00,109787,13615100,132
2025-12-12,TWSE,4737,華廣,56.60,56.80,54.60,55.00,-1.80,259593,14447449,454
2025-12-12,TWSE,4739,康普,72.00,72.00,67.70,68.50,-3.50,1867922,130056834,2349
2025-12-12,TWSE,4746,台耀,61.70,61.70,60.40,60.50,-1.30,609666,37001887,640
2025-12-12,TWSE,4755,三福化,104.00,104.00,101.00,102.50,0.50,110969,11361728,144
2025-12-12,TWSE,4763,材料*-KY,50.20,50.80,49.05,49.15,-0.85,6911541,343062476,5346
2025-12-12,TWSE,4764,雙鍵,92.20,101.00,90.40,99.50,7.30,4184853,399917554,4450
2025-12-12,TWSE,4766,南寶,326.00,326.50,321.50,321.50,-0.50,200103,64705557,1009
2025-12-12,TWSE,4770,上品,238.00,240.00,232.00,233.00,-5.00,333772,78322444,523
2025-12-12,TWSE,4771,望隼,179.50,179.50,177.00,179.00,1.50,22596,4037496,57
2025-12-12,TWSE,4807,日成-KY,18.00,18.00,17.55,17.60,-0.10,33075,584256,209
2025-12-12,TWSE,4904,遠傳,87.70,87.90,86.60,86.80,-0.30,4729929,411738964,2846
2025-12-12,TWSE,4906,正文,28.00,29.75,27.90,27.90,0.80,21859573,627072232,10708
2025-12-12,TWSE,4912,聯德控股-KY,88.00,88.50,85.50,86.30,-2.20,273103,23638933,1293
2025-12-12,TWSE,4915,致伸,77.80,79.60,77.80,78.90,1.10,2191653,173045521,1862
2025-12-12,TWSE,4916,事欣科,53.30,57.20,52.60,56.00,3.80,20328836,1126842924,13808
2025-12-12,TWSE,4919,新唐,53.00,53.10,52.50,53.10,0.10,1720516,90933159,1243
2025-12-12,TWSE,4927,泰鼎-KY,27.90,29.30,27.65,29.15,1.40,20859520,594370438,10993
2025-12-12,TWSE,4930,燦星網,21.85,22.30,21.85,22.20,0.45,85400,1887984,72
2025-12-12,TWSE,4934,太極,13.85,14.30,13.65,14.20,0.65,1587826,22372716,769
2025-12-12,TWSE,4935,茂林-KY,40.50,40.75,40.35,40.70,0.15,28001,1135340,18
2025-12-12,TWSE,4938,和碩,69.60,69.80,68.90,68.90,-0.60,6664399,460850760,4633
2025-12-12,TWSE,4942,嘉彰,38.95,39.45,38.95,39.30,0.35,124308,4873605,111
2025-12-12,TWSE,4943,康控-KY,14.60,14.60,13.85,14.10,0.15,15447,217243,18
2025-12-12,TWSE,4949,有成精密,36.70,37.55,36.05,36.05,-0.60,399167,14696248,339
2025-12-12,TWSE,4952,凌通,37.30,37.30,36.30,36.50,0.20,76628,2815031,119
2025-12-12,TWSE,4956,光鋐,20.40,20.85,20.35,20.40,0.10,581035,11919084,389
2025-12-12,TWSE,4958,臻鼎-KY,147.50,147.50,142.00,143.00,-3.00,5593990,804137009,5306
2025-12-12,TWSE,4960,誠美材,13.85,14.00,13.75,13.80,0.10,632970,8802633,314
2025-12-12,TWSE,4961,天鈺,139.50,140.00,136.50,137.00,-2.50,510455,70287645,734
2025-12-12,TWSE,4967,十銓,137.00,141.00,136.50,136.50,0.00,5475300,757681852,4430
2025-12-12,TWSE,4968,立積,135.50,137.50,133.00,133.50,-1.50,628947,84525053,717
2025-12-12,TWSE,4976,佳凌,30.70,31.20,30.55,30.85,0.25,292977,9053546,257
2025-12-12,TWSE,4977,眾達-KY,141.50,147.00,136.50,147.00,9.00,17891517,2526992525,14983
2025-12-12,TWSE,4989,榮科,43.70,44.85,43.00,43.75,-0.15,8663042,379246560,6040
2025-12-12,TWSE,4994,傳奇,97.00,97.00,96.30,96.60,0.10,31197,3012650,20
2025-12-12,TWSE,4999,鑫禾,23.20,23.25,23.10,23.20,0.00,31221,723894,104
2025-12-12,TWSE,5007,三星,55.70,55.70,55.30,55.70,0.00,1046954,56603439,63
2025-12-12,TWSE,5203,訊連,92.70,92.70,91.20,91.50,-0.50,130413,11977342,192
2025-12-12,TWSE,5215,科嘉-KY,35.50,35.80,35.50,35.50,-0.30,18495,657793,27
2025-12-12,TWSE,5222,全訊,128.00,129.50,127.50,128.00,0.00,234904,30202783,319
2025-12-12,TWSE,5225,東科-KY,100.00,100.50,99.50,99.70,-0.30,187887,18769221,228
2025-12-12,TWSE,5234,達興材料,332.00,355.00,332.00,345.00,19.00,1467541,505253548,2366
2025-12-12,TWSE,5243,乙盛-KY,83.10,83.20,79.20,80.90,-1.80,3139987,252109049,2524
2025-12-12,TWSE,5244,弘凱,42.50,42.50,41.70,41.70,-0.20,98219,4112786,105
2025-12-12,TWSE,5258,虹堡,73.40,73.90,72.30,73.70,1.50,187360,13775948,337
2025-12-12,TWSE,5269,祥碩,1240.00,1245.00,1200.00,1200.00,-30.00,509579,617812485,2673
2025-12-12,TWSE,5283,禾聯碩,63.60,63.70,62.80,63.40,0.00,64098,4050959,92
2025-12-12,TWSE,5284,jpp-KY,308.50,312.50,304.50,307.00,0.50,1098972,337926924,13325
2025-12-12,TWSE,5285,界霖,51.20,51.50,50.40,50.90,-0.40,86906,4419351,100
2025-12-12,TWSE,5288,豐祥-KY,134.50,135.00,132.00,132.50,-0.50,52456,6981263,109
2025-12-12,TWSE,5292,華懋,147.00,148.00,146.50,147.50,0.50,16065,2362025,178
2025-12-12,TWSE,5306,桂盟,90.40,90.70,89.70,89.90,0.20,31649,2852521,64
2025-12-12,TWSE,5388,中磊,82.90,84.50,82.20,82.20,-0.20,1040443,86502371,1585
2025-12-12,TWSE,5434,崇越,305.50,307.00,303.50,305.50,2.00,237617,72407719,383
2025-12-12,TWSE,5469,瀚宇博,99.00,99.10,96.10,97.50,-0.50,9129367,885952803,7240
2025-12-12,TWSE,5471,松翰,33.80,33.85,33.45,33.50,-0.05,84400,2836480,106
2025-12-12,TWSE,5484,慧友,39.50,39.50,39.00,39.00,-0.05,155471,6082924,222
2025-12-12,TWSE,5515,建國,32.65,34.55,32.60,34.00,1.40,2107697,71360550,1993
2025-12-12,TWSE,5519,隆大,31.80,32.35,31.80,32.25,0.55,430354,13862262,360
2025-12-12,TWSE,5521,工信,17.20,18.60,17.05,18.60,1.65,29812555,546169409,9247
2025-12-12,TWSE,5522,遠雄,60.90,61.80,60.30,61.40,0.90,1169651,71734821,955
2025-12-12,TWSE,5525,順天,28.30,29.00,28.30,28.75,0.45,158482,4540478,111
2025-12-12,TWSE,5531,鄉林,9.11,9.18,9.10,9.15,0.04,397122,3628437,205
2025-12-12,TWSE,5533,皇鼎,14.40,14.40,14.35,14.35,0.00,29000,417550,13
2025-12-12,TWSE,5534,長虹,78.40,80.40,78.40,79.90,1.80,1258335,100416826,1337
2025-12-12,TWSE,5538,東明-KY,30.00,30.00,29.10,29.40,0.00,30024,886058,10
2025-12-12,TWSE,5546,永固-KY,22.75,23.05,22.55,22.95,0.10,10904,248477,16
2025-12-12,TWSE,5607,遠雄港,48.75,49.00,47.80,48.50,0.05,377438,18190758,912
2025-12-12,TWSE,5608,四維航,18.10,18.10,17.50,17.80,-0.30,2090862,37305391,1229
2025-12-12,TWSE,5706,鳳凰,49.60,50.20,49.60,50.10,0.55,112335,5616949,145
2025-12-12,TWSE,5871,中租-KY,102.00,103.50,101.50,102.00,0.50,7853331,806746938,4907
2025-12-12,TWSE,5871A,中租-KY甲特,101.00,101.50,101.00,101.50,0.00,204000,20604500,36
2025-12-12,TWSE,5876,上海商銀,40.05,40.40,39.95,40.05,0.20,6726013,270094197,3160
2025-12-12,TWSE,5880,合庫金,24.35,24.65,24.35,24.45,0.10,16913514,414483271,5668
2025-12-12,TWSE,5906,台南-KY,,,,,0.00,0,0,0
2025-12-12,TWSE,5907,大洋-KY,5.79,5.83,5.78,5.78,-0.01,151103,876725,56
2025-12-12,TWSE,6005,群益證,24.95,25.05,24.80,24.80,-0.05,2142022,53367378,1298
2025-12-12,TWSE,6024,群益期,50.50,51.50,50.50,51.30,0.90,759590,38788932,672
2025-12-12,TWSE,6108,競國,14.20,14.45,14.15,14.45,0.25,142132,2032720,110
2025-12-12,TWSE,6112,邁達特,45.85,46.35,45.60,45.85,0.00,428932,19699259,531
2025-12-12,TWSE,6115,鎰勝,47.60,47.60,47.25,47.35,0.00,34746,1646028,38
2025-12-12,TWSE,6116,彩晶,7.28,7.34,7.24,7.27,0.05,2985966,21770138,1121
2025-12-12,TWSE,6117,迎廣,82.00,83.50,81.60,81.70,0.50,592290,48880335,573
2025-12-12,TWSE,6120,達運,13.65,13.75,13.20,13.20,-0.65,5928526,79398641,2887
2025-12-12,TWSE,6128,上福,22.70,22.85,22.60,22.75,0.05,59120,1347035,36
2025-12-12,TWSE,6133,金橋,21.20,21.65,19.70,20.20,0.15,12533699,257032846,5973
2025-12-12,TWSE,6136,富爾特,23.95,24.00,23.90,24.00,0.00,125695,3011298,106
2025-12-12,TWSE,6139,亞翔,543.00,572.00,539.00,559.00,31.00,9752054,5475085836,12509
2025-12-12,TWSE,6141,柏承,10.75,11.10,10.75,10.90,0.10,124406,1359946,78
2025-12-12,TWSE,6142,友勁,9.26,9.44,9.20,9.29,0.03,213836,1983009,158
2025-12-12,TWSE,6152,百一,9.00,9.06,8.90,9.03,0.10,602362,5426094,306
2025-12-12,TWSE,6153,嘉聯益,15.20,15.65,15.00,15.50,0.45,2953413,45409525,1236
2025-12-12,TWSE,6155,鈞寶,43.00,43.10,41.00,41.45,-1.55,4186639,175641096,2930
2025-12-12,TWSE,6164,華興,10.10,10.15,10.00,10.00,0.00,164674,1658438,113
2025-12-12,TWSE,6165,浪凡,49.00,49.15,47.05,47.10,-1.50,613985,29419400,456
2025-12-12,TWSE,6166,凌華,67.40,68.30,66.40,66.40,-0.30,839440,56605795,2118
2025-12-12,TWSE,6168,宏齊,19.95,20.15,19.65,19.70,-0.10,195810,3884933,142
2025-12-12,TWSE,6176,瑞儀,116.00,116.50,115.00,115.00,0.00,1110178,128224900,1196
2025-12-12,TWSE,6177,達麗,47.70,48.10,47.25,47.60,0.10,643953,30740273,814
2025-12-12,TWSE,6183,關貿,95.10,95.70,95.00,95.10,0.00,30105,2865731,42
2025-12-12,TWSE,6184,大豐電,48.80,49.30,48.80,49.10,0.30,62067,3045413,70
2025-12-12,TWSE,6189,豐藝,44.80,45.35,44.45,44.55,-0.20,391328,17531182,496
2025-12-12,TWSE,6191,精成科,121.50,122.00,117.50,118.00,-2.50,10896120,1295212860,9362
2025-12-12,TWSE,6192,巨路,104.50,104.50,103.00,103.50,0.00,133509,13875116,180
2025-12-12,TWSE,6196,帆宣,247.00,258.00,245.50,257.00,12.00,4305719,1097402995,14293
2025-12-12,TWSE,6197,佳必琪,131.50,132.00,130.00,130.00,0.00,510279,66892042,571
2025-12-12,TWSE,6201,亞弘電,56.00,56.80,56.00,56.00,0.10,7137,400912,11
2025-12-12,TWSE,6202,盛群,38.45,38.70,38.05,38.15,-0.05,425846,16350853,372
2025-12-12,TWSE,6205,詮欣,37.20,37.45,37.10,37.10,0.10,74300,2764275,52
2025-12-12,TWSE,6206,飛捷,90.30,91.20,89.80,89.80,-0.20,370675,33437064,473
2025-12-12,TWSE,6209,今國光,60.40,65.30,60.30,65.30,5.90,20846819,1330988197,9984
2025-12-12,TWSE,6213,聯茂,115.50,116.00,112.50,113.50,-1.00,4651287,529356278,4220
2025-12-12,TWSE,6214,精誠,122.00,122.50,120.50,121.50,1.00,535038,64993489,594
2025-12-12,TWSE,6215,和椿,106.00,107.50,105.00,105.50,-1.00,620274,65749184,709
2025-12-12,TWSE,6216,居易,26.70,26.95,26.50,26.60,0.00,41655,1110539,54
2025-12-12,TWSE,6224,聚鼎,41.80,42.40,41.70,42.30,0.65,90772,3811021,113
2025-12-12,TWSE,6225,天瀚,,,,,0.00,175,2991,3
2025-12-12,TWSE,6226,光鼎,6.67,6.83,6.63,6.67,-0.07,48643,325756,52
2025-12-12,TWSE,6230,尼得科超眾,121.50,121.50,116.00,116.50,-1.50,47595,5621895,246
2025-12-12,TWSE,6235,華孚,59.40,59.70,58.60,58.70,-0.10,352632,20846369,636
2025-12-12,TWSE,6239,力成,162.50,167.00,161.50,162.00,0.00,7978882,1307519743,6763
2025-12-12,TWSE,6243,迅杰,33.55,33.55,33.50,33.55,3.05,921675,30922122,485
2025-12-12,TWSE,6257,矽格,103.00,103.50,100.50,102.50,-0.50,8911716,908131447,6739
2025-12-12,TWSE,6269,台郡,58.90,59.10,57.40,57.90,-0.80,1243526,72044839,2843
2025-12-12,TWSE,6271,同欣電,122.00,129.00,121.50,126.00,3.50,3327158,418412735,2596
2025-12-12,TWSE,6277,宏正,62.70,62.70,62.00,62.10,0.00,61907,3853664,63
2025-12-12,TWSE,6278,台表科,99.80,100.00,98.50,98.80,-0.70,774392,76742241,965
2025-12-12,TWSE,6281,全國電,62.00,62.50,61.90,62.10,0.00,75138,4674868,131
2025-12-12,TWSE,6282,康舒,42.20,45.00,42.00,42.50,1.15,83777373,3625879893,43542
2025-12-12,TWSE,6283,淳安,25.20,25.35,24.85,25.00,0.00,130676,3277803,103
2025-12-12,TWSE,6285,啟碁,101.00,102.00,100.00,100.50,0.50,1703013,171769251,1560
2025-12-12,TWSE,6405,悅城,25.15,26.00,25.15,25.60,0.10,148213,3793935,116
2025-12-12,TWSE,6409,旭隼,1030.00,1035.00,1000.00,1000.00,-25.00,488066,492903890,1947
2025-12-12,TWSE,6412,群電,89.30,89.40,88.00,88.10,-0.60,253695,22459548,372
2025-12-12,TWSE,6414,樺漢,295.00,297.00,291.00,294.50,2.00,694499,204618502,1448
2025-12-12,TWSE,6415,矽力*-KY,201.00,202.50,195.00,195.00,-5.00,2273528,448925873,2557
2025-12-12,TWSE,6416,瑞祺電通,85.00,85.90,83.90,84.00,-0.10,251103,21367391,722
2025-12-12,TWSE,6423,億而得-創,75.30,75.30,74.80,74.80,0.30,34140,2562080,22
2025-12-12,TWSE,6426,統新,92.70,97.50,87.40,97.50,8.80,7939263,743039217,5517
2025-12-12,TWSE,6431,光麗-KY,31.50,31.50,30.00,30.50,-0.70,919157,27948464,702
2025-12-12,TWSE,6438,迅得,143.50,143.50,137.50,137.50,-4.50,715093,99733545,1155
2025-12-12,TWSE,6442,光聖,1285.00,1340.00,1260.00,1340.00,80.00,1033561,1346020535,3713
2025-12-12,TWSE,6443,元晶,17.90,19.25,17.60,19.25,1.75,89382554,1692624542,28185
2025-12-12,TWSE,6446,藥華藥,510.00,512.00,501.00,502.00,-7.00,1354962,683460953,3063
2025-12-12,TWSE,6449,鈺邦,170.00,171.00,164.00,165.00,-3.50,722579,120280715,1033
2025-12-12,TWSE,6451,訊芯-KY,173.50,176.00,169.00,176.00,3.50,2316097,399818147,2227
2025-12-12,TWSE,6456,GIS-KY,45.30,45.60,44.05,45.60,0.85,1928842,86466140,1589
2025-12-12,TWSE,6464,台數科,78.50,78.60,78.20,78.20,-0.40,438474,34202754,35
2025-12-12,TWSE,6472,保瑞,508.00,510.00,497.50,499.00,-7.00,627612,314438104,2918
2025-12-12,TWSE,6477,安集,34.55,36.55,34.40,35.70,1.50,2783616,99728957,1766
2025-12-12,TWSE,6491,晶碩,290.50,293.00,287.00,288.00,-1.50,224295,64856132,542
2025-12-12,TWSE,6504,南六,43.50,43.90,42.30,42.60,0.10,40335,1717818,56
2025-12-12,TWSE,6505,台塑化,49.10,49.30,48.50,48.80,0.15,3311606,161708956,2285
2025-12-12,TWSE,6515,穎崴,2720.00,2880.00,2645.00,2800.00,135.00,1584809,4389861470,3804
2025-12-12,TWSE,6525,捷敏-KY,77.50,77.50,76.30,76.30,-0.50,77196,5928117,268
2025-12-12,TWSE,6526,達發,455.00,455.00,447.00,448.50,0.00,154062,69170657,518
2025-12-12,TWSE,6531,愛普*,406.50,407.00,394.50,396.00,-9.00,2671395,1064695773,4096
2025-12-12,TWSE,6533,晶心科,264.00,265.00,259.00,259.50,-2.00,261071,68142197,827
2025-12-12,TWSE,6534,正瀚-創,93.20,93.20,91.60,91.80,-0.70,31064,2863686,33
2025-12-12,TWSE,6541,泰福-KY,58.30,59.90,57.60,59.20,1.60,797598,47100593,670
2025-12-12,TWSE,6550,北極星藥業-KY,32.60,32.60,29.95,30.00,-1.55,1354888,41677290,1045
2025-12-12,TWSE,6552,易華電,25.45,25.50,25.00,25.00,-0.15,99784,2514373,59
2025-12-12,TWSE,6558,興能高,38.50,38.60,37.75,38.15,0.05,537639,20540792,500
2025-12-12,TWSE,6573,虹揚-KY,15.70,15.75,15.45,15.55,-0.30,282621,4400009,174
2025-12-12,TWSE,6579,研揚,110.50,110.50,109.00,109.00,-0.50,51315,5627662,78
2025-12-12,TWSE,6581,鋼聯,106.00,107.50,106.00,107.50,1.50,2213,236183,8
2025-12-12,TWSE,6582,申豐,33.85,34.10,33.85,33.90,0.30,11652,395968,35
2025-12-12,TWSE,6585,鼎基,90.40,93.50,90.40,93.50,2.60,27459,2523778,41
2025-12-12,TWSE,6589,台康生技,67.20,68.00,67.20,67.20,-7.40,5038944,338802943,3091
2025-12-12,TWSE,6591,動力-KY,78.10,78.10,76.30,76.70,-0.40,379555,29207898,443
2025-12-12,TWSE,6592,和潤企業,61.30,62.10,61.00,61.10,0.40,253522,15607118,629
2025-12-12,TWSE,6592A,和潤企業甲特,97.00,97.00,97.00,97.00,-0.10,8613,835499,24
2025-12-12,TWSE,6592B,和潤企業乙特,98.10,98.10,98.10,98.10,-0.10,5710,559900,9
2025-12-12,TWSE,6598,ABC-KY,21.20,21.30,21.10,21.10,-0.30,86332,1827256,61
2025-12-12,TWSE,6605,帝寶,136.50,141.50,136.50,139.00,3.50,531231,74116359,1095
2025-12-12,TWSE,6606,建德工業,25.40,25.40,25.05,25.10,0.10,34011,854075,31
2025-12-12,TWSE,6614,資拓宏宇,49.35,49.70,49.00,49.30,-0.05,210312,10351360,195
2025-12-12,TWSE,6625,必應,81.00,81.60,79.60,80.20,-0.80,379841,30544178,678
2025-12-12,TWSE,6641,基士德-KY,19.15,19.20,19.10,19.20,0.10,11000,210500,10
2025-12-12,TWSE,6645,金萬林-創,18.60,18.60,18.25,18.25,-0.15,16249,299995,21
2025-12-12,TWSE,6655,科定,119.50,120.00,116.00,119.00,1.00,44001,5191120,18
2025-12-12,TWSE,6657,華安,42.10,42.30,41.60,41.70,-0.40,171536,7194617,111
2025-12-12,TWSE,6658,聯策,49.45,50.00,48.00,48.50,-1.00,112873,5548084,111
2025-12-12,TWSE,6666,羅麗芬-KY,46.35,46.35,46.00,46.00,-0.50,4118,189933,10
2025-12-12,TWSE,6668,中揚光,37.70,38.45,37.70,38.05,0.45,224701,8590442,242
2025-12-12,TWSE,6669,緯穎,4555.00,4565.00,4380.00,4405.00,-115.00,1943338,8609973065,19296
2025-12-12,TWSE,6670,復盛應用,260.00,264.50,258.00,261.50,4.50,386871,101207253,1339
2025-12-12,TWSE,6671,三能-KY,35.75,36.00,35.75,36.00,0.25,4000,143250,4
2025-12-12,TWSE,6672,騰輝電子-KY,89.90,89.90,86.70,87.40,-1.60,577705,50702806,859
2025-12-12,TWSE,6674,鋐寶科技,20.45,20.45,20.10,20.15,-0.05,16005,323251,17
2025-12-12,TWSE,6689,伊雲谷,64.20,64.50,62.40,62.40,-1.40,154649,9827653,348
2025-12-12,TWSE,6691,洋基工程,600.00,621.00,599.00,613.00,48.00,3682728,2265365611,9220
2025-12-12,TWSE,6695,芯鼎,45.00,45.90,45.00,45.65,0.75,255984,11655716,279
2025-12-12,TWSE,6698,旭暉應材,29.95,29.95,28.80,29.00,-1.00,247520,7214150,442
2025-12-12,TWSE,6706,惠特,109.00,118.50,106.50,118.50,10.50,11255963,1292600746,7417
2025-12-12,TWSE,6715,嘉基,100.00,103.00,95.80,103.00,4.80,169377,16994371,213
2025-12-12,TWSE,6719,力智,196.50,198.50,195.00,195.50,-2.00,108463,21312138,166
2025-12-12,TWSE,6742,澤米,47.50,47.50,46.40,46.40,-0.55,163159,7666984,263
2025-12-12,TWSE,6743,安普新,28.20,28.30,27.80,27.90,-0.30,165147,4621495,96
2025-12-12,TWSE,6753,龍德造船,124.50,126.00,123.00,123.50,-0.50,605657,75115035,1579
2025-12-12,TWSE,6754,匯僑設計,47.00,47.35,47.00,47.35,0.70,15831,747410,28
2025-12-12,TWSE,6756,威鋒電子,83.20,84.20,82.20,83.40,1.50,138017,11464407,322
2025-12-12,TWSE,6757,台灣虎航,68.30,68.30,67.00,67.10,-0.50,1139207,76733123,1346
2025-12-12,TWSE,6768,志強-KY,116.00,117.00,115.50,116.00,0.50,221727,25746875,333
2025-12-12,TWSE,6770,力積電,34.00,35.80,34.00,35.10,1.30,222708400,7811461742,74678
2025-12-12,TWSE,6771,平和環保-創,45.45,45.60,45.20,45.20,-0.80,52202,2370873,55
2025-12-12,TWSE,6776,展碁國際,49.40,49.80,49.25,49.30,-0.05,94369,4661606,112
2025-12-12,TWSE,6781,AES-KY,1335.00,1340.00,1295.00,1310.00,-10.00,1715793,2254714390,4189
2025-12-12,TWSE,6782,視陽,177.00,178.00,175.00,176.00,0.50,62928,11096352,114
2025-12-12,TWSE,6789,采鈺,271.00,271.50,266.50,266.50,-3.50,1247389,334966434,4792
2025-12-12,TWSE,6790,永豐實,38.30,38.65,38.30,38.45,0.25,117959,4527502,86
2025-12-12,TWSE,6792,詠業,49.70,50.00,49.60,49.80,0.10,11713,583050,18
2025-12-12,TWSE,6794,向榮生技,82.90,82.90,81.00,81.60,0.20,29205,2374937,84
2025-12-12,TWSE,6796,晉弘,97.40,98.10,97.00,97.40,0.00,74858,7298268,377
2025-12-12,TWSE,6799,來頡,83.30,86.00,83.30,83.90,0.80,226320,19171995,435
2025-12-12,TWSE,6805,富世達,1605.00,1615.00,1560.00,1605.00,15.00,2174407,3461437735,4155
2025-12-12,TWSE,6806,森崴能源,38.00,39.20,37.80,38.25,0.65,1015123,39141714,928
2025-12-12,TWSE,6807,峰源-KY,45.80,45.80,45.80,45.80,-0.10,5000,229000,4
2025-12-12,TWSE,6830,汎銓,171.00,171.00,166.00,167.00,-2.00,174905,29264620,374
2025-12-12,TWSE,6831,邁科,238.00,254.50,238.00,250.00,13.50,2631468,648812774,3737
2025-12-12,TWSE,6834,天二科技,28.15,28.45,27.95,28.10,0.35,90214,2540323,82
2025-12-12,TWSE,6835,圓裕,39.45,39.50,39.05,39.05,-0.05,31102,1220416,42
2025-12-12,TWSE,6838,台新藥,27.60,28.00,27.25,27.40,-0.20,130381,3583156,326
2025-12-12,TWSE,6854,錼創科技-KY創,136.50,136.50,131.00,132.00,-6.00,343606,45825547,693
2025-12-12,TWSE,6861,睿生光電,57.70,58.40,57.40,57.40,-0.30,49096,2831536,52
2025-12-12,TWSE,6862,三集瑞-KY,167.00,168.00,162.50,165.00,-0.50,219241,36020585,217
2025-12-12,TWSE,6863,永道-KY,114.50,115.00,113.50,114.50,0.00,60984,6974594,89
2025-12-12,TWSE,6869,雲豹能源,92.60,93.70,91.90,92.40,0.70,392900,36401668,479
2025-12-12,TWSE,6873,泓德能源,96.30,96.80,94.70,95.50,-0.50,491284,46910206,588
2025-12-12,TWSE,6885,全福生技,29.65,30.50,29.60,29.75,0.15,302130,9044666,223
2025-12-12,TWSE,6887,寶綠特-KY,,,,,0.00,51,3097,4
2025-12-12,TWSE,6890,來億-KY,271.00,271.00,261.00,263.50,-3.50,1093544,289989800,1862
2025-12-12,TWSE,6901,鑽石投資,16.85,17.35,16.75,17.15,0.40,973403,16604497,581
2025-12-12,TWSE,6902,GOGOLOOK,79.70,80.00,78.80,80.00,0.20,23264,1851962,36
2025-12-12,TWSE,6906,現觀科,83.40,83.40,82.00,82.00,-1.20,30458,2514128,93
2025-12-12,TWSE,6909,創控,36.95,36.95,35.50,35.75,-0.60,106334,3839086,125
2025-12-12,TWSE,6914,阜爾運通,144.50,145.00,143.50,145.00,0.50,59469,8579312,142
2025-12-12,TWSE,6916,華凌,17.65,18.00,17.55,17.55,0.05,30007,531670,25
2025-12-12,TWSE,6918,愛派司,88.80,89.30,87.80,89.30,0.10,35777,3168214,54
2025-12-12,TWSE,6919,康霈*,167.00,167.50,162.00,166.50,2.50,4865996,801562229,4081
2025-12-12,TWSE,6923,中台,100.50,104.50,100.50,103.50,3.50,514487,53006088,326
2025-12-12,TWSE,6924,榮惠-KY創,65.00,65.00,63.80,64.80,0.80,26149,1685015,21
2025-12-12,TWSE,6928,攸泰科技,50.80,52.20,50.80,51.00,0.30,87240,4487780,95
2025-12-12,TWSE,6931,青松健康,65.80,65.90,63.50,63.50,-2.30,183903,11873983,230
2025-12-12,TWSE,6933,AMAX-KY,156.00,158.50,154.00,154.00,-1.50,79544,12385339,171
2025-12-12,TWSE,6936,永鴻生技,35.35,36.30,35.30,35.90,0.75,218127,7808922,218
2025-12-12,TWSE,6937,天虹,223.00,224.50,218.50,219.50,-2.50,110458,24427055,218
2025-12-12,TWSE,6944,兆聯實業,643.00,655.00,630.00,636.00,9.00,1174874,755195245,6527
2025-12-12,TWSE,6949,沛爾生醫*-創,380.00,389.00,373.50,385.00,8.00,212377,81562943,207
2025-12-12,TWSE,6951,青新-創,72.90,72.90,71.70,72.00,0.00,47043,3389232,101
2025-12-12,TWSE,6952,大武山,44.15,44.90,44.10,44.10,0.00,12578,559260,60
2025-12-12,TWSE,6955,邦睿生技-創,150.00,153.00,150.00,153.00,0.00,3289,497639,9
2025-12-12,TWSE,6957,裕慶-KY,196.50,199.50,195.50,198.00,3.00,108436,21483200,106
2025-12-12,TWSE,6958,日盛台駿,15.65,15.80,15.65,15.80,0.10,26948,425162,36
2025-12-12,TWSE,6962,奕力-KY,39.60,40.30,39.60,40.00,0.40,1653080,66079571,1084
2025-12-12,TWSE,6965,中傑-KY,83.10,86.70,82.50,86.00,2.90,88373,7535859,94
2025-12-12,TWSE,6969,成信實業*-創,31.30,31.30,30.75,31.10,-0.20,24196,748932,44
2025-12-12,TWSE,6988,威力暘-創,14.15,14.15,13.85,13.95,-0.25,88000,1226450,28
2025-12-12,TWSE,6994,富威電力,96.50,99.20,96.10,99.00,2.50,151246,14726141,179
2025-12-12,TWSE,7610,聯友金屬-創,118.50,123.50,118.00,119.50,3.50,933375,112709685,1460
2025-12-12,TWSE,7631,聚賢研發-創,127.00,127.50,124.50,126.00,-1.50,37104,4672300,28
2025-12-12,TWSE,7705,三商餐飲,40.00,40.20,39.95,40.20,0.20,48634,1948692,53
2025-12-12,TWSE,7711,永擎,293.00,293.00,276.00,279.50,-15.00,1042398,294128306,10012
2025-12-12,TWSE,7721,微程式,50.10,54.40,50.10,54.40,4.90,223516,12012974,233
2025-12-12,TWSE,7722,LINEPAY,582.00,587.00,574.00,582.00,6.00,43285,25180816,367
2025-12-12,TWSE,7730,暉盛-創,82.50,83.00,82.00,83.00,1.00,9092,750005,13
2025-12-12,TWSE,7732,金興精密,41.00,41.40,40.95,41.30,0.30,26000,1070350,19
2025-12-12,TWSE,7736,虎山,90.70,91.90,90.70,91.30,0.30,18000,1641900,15
2025-12-12,TWSE,7740,熙特爾-創,162.50,162.50,148.00,153.00,-8.50,92278,14141525,134
2025-12-12,TWSE,7749,意騰-KY,430.00,433.00,422.50,423.00,-7.00,117531,50192217,282
2025-12-12,TWSE,7750,新代,834.00,872.00,833.00,862.00,21.00,356549,305638335,1521
2025-12-12,TWSE,7765,中華資安,278.50,278.50,272.50,277.00,-1.00,40968,11263629,1535
2025-12-12,TWSE,7769,鴻勁,3165.00,3215.00,3140.00,3195.00,50.00,688931,2194751980,3242
2025-12-12,TWSE,7780,大研生醫*,175.00,176.00,171.00,171.50,-3.50,233909,40457405,574
2025-12-12,TWSE,7786,東方風能,159.00,159.00,155.00,156.50,-2.50,242270,37955047,324
2025-12-12,TWSE,7788,松川精密,130.00,132.00,128.00,129.00,0.50,157906,20384354,267
2025-12-12,TWSE,7791,皇家可口,71.50,72.50,71.50,71.80,-0.60,53090,3819673,48
2025-12-12,TWSE,7799,禾榮科,610.00,617.00,599.00,601.00,-14.00,348378,210986865,1387
2025-12-12,TWSE,8011,台通,22.70,23.10,22.55,22.75,0.25,1715853,39126780,914
2025-12-12,TWSE,8016,矽創,184.50,185.00,182.50,182.50,-0.50,368882,67729447,507
2025-12-12,TWSE,8021,尖點,167.50,171.00,162.00,162.50,-4.00,100720253,16754018857,61403
2025-12-12,TWSE,8028,昇陽半導體,174.50,176.50,171.50,173.50,2.00,15005222,2611529938,17516
2025-12-12,TWSE,8033,雷虎,138.00,139.50,138.00,138.50,2.00,1226790,170184224,1423
2025-12-12,TWSE,8039,台虹,96.80,105.50,96.80,103.50,6.80,42951698,4328364185,28233
2025-12-12,TWSE,8045,達運光電,81.50,82.20,80.00,81.50,0.00,73753,5995575,77
2025-12-12,TWSE,8046,南電,280.50,282.50,271.00,271.50,-6.50,8862520,2427873962,26419
2025-12-12,TWSE,8070,長華*,45.65,46.95,45.05,46.20,0.80,5874150,270979997,4109
2025-12-12,TWSE,8072,陞泰,30.20,30.55,29.55,29.70,-0.45,166744,4967839,238
2025-12-12,TWSE,8081,致新,210.00,210.00,205.50,205.50,-2.50,240213,49780737,473
2025-12-12,TWSE,8101,華冠,16.50,16.50,16.50,16.50,0.00,2021,33088,15
2025-12-12,TWSE,8103,瀚荃,89.20,97.70,89.20,94.30,5.40,9998397,942048743,11183
2025-12-12,TWSE,8104,錸寶,32.25,33.60,31.80,32.50,0.25,4092477,134577258,3122
2025-12-12,TWSE,8105,凌巨,11.00,11.10,10.90,10.95,0.05,595299,6543520,257
2025-12-12,TWSE,8110,華東,56.00,59.50,54.50,54.60,0.50,314670878,17700204279,143365
2025-12-12,TWSE,8112,至上,73.00,75.30,72.40,73.40,1.00,24060022,1782759104,22997
2025-12-12,TWSE,8112A,至上甲特,43.90,43.90,43.80,43.80,0.00,3514,153700,22
2025-12-12,TWSE,8114,振樺電,176.00,177.00,173.00,173.00,-2.00,362772,63301155,460
2025-12-12,TWSE,8131,福懋科,47.50,50.30,47.45,48.10,0.75,20653828,1006506700,12719
2025-12-12,TWSE,8150,南茂,45.90,47.60,45.70,46.45,0.80,26433642,1233175882,16120
2025-12-12,TWSE,8162,微矽電子-創,35.30,35.30,34.55,34.65,-0.15,54240,1893671,43
2025-12-12,TWSE,8163,達方,30.75,31.00,30.50,30.55,-0.10,495419,15204605,580
2025-12-12,TWSE,8201,無敵,14.55,14.65,14.35,14.35,-0.20,18941,275788,39
2025-12-12,TWSE,8210,勤誠,920.00,931.00,906.00,915.00,11.00,1709326,1571667505,4246
2025-12-12,TWSE,8213,志超,33.25,33.45,32.95,33.00,0.00,192689,6391437,161
2025-12-12,TWSE,8215,明基材,18.90,19.20,18.90,19.10,0.30,482571,9210425,293
2025-12-12,TWSE,8222,寶一,41.30,41.80,40.90,41.00,0.05,244651,10099946,275
2025-12-12,TWSE,8249,菱光,50.80,51.80,50.80,51.10,0.50,530327,27216288,523
2025-12-12,TWSE,8261,富鼎,89.00,89.60,88.30,88.70,0.10,543120,48171300,630
2025-12-12,TWSE,8271,宇瞻,92.10,94.50,91.50,93.00,1.20,3433827,319325525,4741
2025-12-12,TWSE,8341,日友,78.50,79.00,78.00,78.10,-0.10,63577,4989958,120
2025-12-12,TWSE,8367,建新國際,44.10,44.25,44.10,44.20,0.10,22281,984668,16
2025-12-12,TWSE,8374,羅昇,80.40,80.40,79.10,79.30,0.10,199102,15851577,258
2025-12-12,TWSE,8404,百和興業-KY,24.70,25.10,24.60,24.60,0.20,627798,15603251,404
2025-12-12,TWSE,8411,福貞-KY,12.20,12.30,12.15,12.25,0.00,27739,339233,38
2025-12-12,TWSE,8422,可寧衛*,22.40,23.00,22.30,22.70,0.55,11382388,258321926,4750
2025-12-12,TWSE,8429,金麗-KY,7.55,7.63,7.55,7.56,0.01,114632,870427,148
2025-12-12,TWSE,8438,昶昕,29.30,29.95,29.30,29.65,0.40,70161,2076921,59
2025-12-12,TWSE,8442,威宏-KY,70.00,70.80,69.00,69.00,-1.70,77871,5435859,205
2025-12-12,TWSE,8443,阿瘦,11.10,11.10,11.10,11.10,0.00,2305,25581,35
2025-12-12,TWSE,8454,富邦媒,214.00,217.50,214.00,215.00,1.50,372060,80360333,769
2025-12-12,TWSE,8462,柏文,151.00,152.50,151.00,152.50,2.50,44321,6737489,83
2025-12-12,TWSE,8463,潤泰材,27.30,27.55,27.10,27.15,-0.05,109467,2981870,80
2025-12-12,TWSE,8464,億豐,389.50,390.00,380.50,385.50,-1.00,734211,281554940,742
2025-12-12,TWSE,8466,美吉吉-KY,22.25,22.35,22.10,22.35,0.10,21756,483383,27
2025-12-12,TWSE,8467,波力-KY,146.00,148.50,142.50,144.50,-1.00,126342,18315530,176
2025-12-12,TWSE,8473,山林水,36.20,36.30,35.30,35.35,-0.45,295194,10500712,264
2025-12-12,TWSE,8476,台境*,17.45,17.45,17.35,17.45,0.05,26749,465819,30
2025-12-12,TWSE,8478,東哥遊艇,194.00,199.50,193.50,195.00,-1.00,191669,37621054,462
2025-12-12,TWSE,8481,政伸,40.50,40.50,40.25,40.45,0.05,51020,2059320,33
2025-12-12,TWSE,8482,商億-KY,,,,,0.00,0,0,0
2025-12-12,TWSE,8487,愛爾達-創,78.30,78.40,78.00,78.00,1.10,11913,931912,29
2025-12-12,TWSE,8488,吉源-KY,10.10,10.35,10.05,10.35,0.25,3000,30500,3
2025-12-12,TWSE,8499,鼎炫-KY,390.00,396.00,384.00,395.50,-0.50,419365,163643266,727
2025-12-12,TWSE,8926,台汽電,41.05,41.20,40.75,40.90,-0.20,941364,38572784,906
2025-12-12,TWSE,8940,新天地,20.30,20.40,20.10,20.40,0.20,61097,1235973,34
2025-12-12,TWSE,8996,高力,500.00,515.00,500.00,515.00,18.00,412208,210735762,712
2025-12-12,TWSE,9103,美德醫療-DR,4.55,4.69,4.55,4.61,0.06,342514,1580602,141
2025-12-12,TWSE,910322,康師傅-DR,23.05,23.20,23.05,23.05,-0.15,17693,408624,37
2025-12-12,TWSE,9105,泰金寶-DR,5.75,5.91,5.73,5.82,0.10,10642178,62011935,2153
2025-12-12,TWSE,910861,神州-DR,5.42,5.43,5.40,5.40,-0.02,24156,130925,19
2025-12-12,TWSE,9110,越南控-DR,3.20,3.20,3.00,3.02,-0.20,6000,18620,6
2025-12-12,TWSE,911608,明輝-DR,2.83,2.83,2.78,2.78,-0.05,7000,19590,5
2025-12-12,TWSE,911622,泰聚亨-DR,3.90,3.94,3.75,3.94,0.04,88056,335868,29
2025-12-12,TWSE,911868,同方友友-DR,1.34,1.35,1.33,1.35,0.00,520200,694378,67
2025-12-12,TWSE,912000,晨訊科-DR,2.72,2.75,2.71,2.71,0.00,260020,708884,89
2025-12-12,TWSE,9136,巨騰-DR,6.99,7.00,6.93,6.97,-0.01,59659,414754,22
2025-12-12,TWSE,9802,鈺齊-KY,110.00,110.00,107.50,109.00,0.50,578792,62995803,439
2025-12-12,TWSE,9902,台火,17.30,17.45,17.10,17.45,0.30,239369,4131589,178
2025-12-12,TWSE,9904,寶成,31.20,31.65,31.15,31.25,0.25,8651304,271682522,3794
2025-12-12,TWSE,9905,大華,20.10,20.10,19.95,19.95,-0.05,46392,928126,41
2025-12-12,TWSE,9906,欣巴巴,49.35,52.80,49.35,51.60,2.20,159334,8141542,221
2025-12-12,TWSE,9907,統一實,18.15,18.35,18.15,18.20,0.00,1019988,18605065,515
2025-12-12,TWSE,9908,大台北,30.20,30.25,29.95,30.00,-0.05,155827,4691670,65
2025-12-12,TWSE,9910,豐泰,121.50,125.00,121.50,123.00,3.50,787941,97316473,791
2025-12-12,TWSE,9911,櫻花,84.50,84.50,83.90,84.10,0.20,90365,7603281,149
2025-12-12,TWSE,9912,偉聯,12.20,12.30,12.15,12.30,0.15,113157,1383419,108
2025-12-12,TWSE,9914,美利達,88.70,89.70,87.80,88.10,0.00,1407339,124583786,1292
2025-12-12,TWSE,9917,中保科,108.50,108.50,107.50,107.50,0.00,214042,23082147,300
2025-12-12,TWSE,9918,欣天然,39.30,39.65,39.30,39.65,0.00,2010,79341,11
2025-12-12,TWSE,9919,康那香,16.55,16.70,16.50,16.65,0.10,114209,1898466,110
2025-12-12,TWSE,9921,巨大,96.60,97.60,96.20,96.20,0.00,585957,56773691,994
2025-12-12,TWSE,9924,福興,54.60,55.50,54.60,55.30,0.80,203091,11189542,235
2025-12-12,TWSE,9925,新保,40.75,40.85,40.75,40.75,0.00,149615,6102439,71
2025-12-12,TWSE,9926,新海,49.55,50.00,49.55,50.00,0.00,5503,274005,9
2025-12-12,TWSE,9927,泰銘,68.30,69.00,68.30,69.00,1.20,81692,5611030,126
2025-12-12,TWSE,9928,中視,18.00,18.80,17.85,18.40,0.55,200934,3662231,140
2025-12-12,TWSE,9929,秋雨,10.65,10.65,10.50,10.50,0.05,4130,43797,6
2025-12-12,TWSE,9930,中聯資源,71.80,71.80,70.90,70.90,-0.20,67973,4835467,93
2025-12-12,TWSE,9931,欣高,34.50,34.50,34.50,34.50,0.00,4282,147451,10
2025-12-12,TWSE,9933,中鼎,32.45,32.80,31.75,31.85,-0.15,3162148,101855346,2667
2025-12-12,TWSE,9934,成霖,9.99,10.05,9.95,9.97,0.05,167649,1676140,89
2025-12-12,TWSE,9935,慶豐富,20.95,20.95,20.80,20.85,0.15,207777,4336597,158
2025-12-12,TWSE,9937,全國,59.10,59.80,58.90,59.10,0.40,49159,2918081,34
2025-12-12,TWSE,9938,百和,53.10,53.90,53.00,53.00,0.30,1007028,53829968,833
2025-12-12,TWSE,9939,宏全,117.00,117.50,115.50,116.00,-1.00,765070,88986428,1203
2025-12-12,TWSE,9940,信義,23.20,23.40,23.05,23.05,-0.15,312177,7261947,269
2025-12-12,TWSE,9941,裕融,91.70,93.60,91.70,92.80,1.60,1031014,95838848,1994
2025-12-12,TWSE,9941A,裕融甲特,,,,,0.00,486,24456,4
2025-12-12,TWSE,9942,茂順,106.00,106.00,105.00,105.00,-0.50,58452,6159911,67
2025-12-12,TWSE,9943,好樂迪,61.50,62.40,60.60,62.20,0.50,54429,3366186,74
2025-12-12,TWSE,9944,新麗,16.75,16.90,16.60,16.85,0.05,124787,2097329,82
2025-12-12,TWSE,9945,潤泰新,29.75,30.10,29.75,29.90,0.35,4475793,133957359,2362
2025-12-12,TWSE,9946,三發地產,17.70,18.60,17.70,18.40,0.75,542651,9934170,252
2025-12-12,TWSE,9955,佳龍,31.65,32.30,30.80,30.80,-0.40,1122353,35436463,1059
2025-12-12,TWSE,9958,世紀鋼,140.00,140.50,138.00,138.50,-0.50,387167,53941732,570
2025-12-12,TPEx,006201,元大富櫃50,23.99,24.35,23.99,24.28,+0.29,49920,1214290,33
2025-12-12,TPEx,00679B,元大美債20年,27.11,27.13,27.04,27.06,-0.18,38323606,1046650494,5442
2025-12-12,TPEx,00687B,國泰20年美債,28.44,28.46,28.37,28.39,-0.20,24134386,685806244,3989
2025-12-12,TPEx,00687C,國泰20年美債+櫃U,9.43,9.43,9.41,9.41,-0.07,51500,484627,6
2025-12-12,TPEx,00694B,富邦美債1-3,41.30,41.32,41.28,41.28,-0.02,302325,12488014,45
2025-12-12,TPEx,00695B,富邦美債7-10,35.38,35.45,35.37,35.41,-0.08,380515,13467655,37
2025-12-12,TPEx,00696B,富邦美債20年,29.50,29.50,29.41,29.41,-0.20,3313129,97520031,215
2025-12-12,TPEx,00697B,元大美債7-10,36.12,36.12,35.99,36.03,-0.07,435038,15674796,141
2025-12-12,TPEx,00719B,元大美債1-3,30.88,30.90,30.84,30.86,-0.02,3507130,108269458,543
2025-12-12,TPEx,00720B,元大投資級公司債,33.66,33.66,33.53,33.54,-0.21,2183183,73266517,1123
2025-12-12,TPEx,00722B,群益投資級電信債,36.81,36.81,36.65,36.67,-0.23,9012718,330501187,357
2025-12-12,TPEx,00723B,群益投資級科技債,31.66,31.66,31.56,31.56,-0.35,153245,4840440,30
2025-12-12,TPEx,00724B,群益投資級金融債,34.62,34.62,34.50,34.52,-0.10,3779382,130429539,197
2025-12-12,TPEx,00725B,國泰投資級公司債,35.65,35.65,35.52,35.54,-0.20,5420021,192714888,1149
2025-12-12,TPEx,00726B,國泰新興投等債,33.45,33.45,33.37,33.38,-0.11,255184,8521334,40
2025-12-12,TPEx,00727B,國泰優選非投等債,39.58,39.68,39.56,39.65,+0.06,143497,5686971,14
2025-12-12,TPEx,00734B,台新JPM新興債,15.86,15.86,15.86,15.86,+0.02,500000,7930000,4
2025-12-12,TPEx,00740B,富邦全球投等債,39.27,39.27,39.12,39.15,-0.23,3047181,119293269,260
2025-12-12,TPEx,00741B,富邦全球非投等債,37.41,37.49,37.37,37.48,+0.04,209824,7863619,25
2025-12-12,TPEx,00746B,富邦A級公司債,36.02,36.08,36.02,36.03,-0.17,499962,18021629,87
2025-12-12,TPEx,00749B,凱基新興債10+,31.99,31.99,31.99,31.99,-0.07,100000,3199000,2
2025-12-12,TPEx,00750B,凱基科技債10+,33.72,33.72,33.72,33.72,-0.35,100024,3372814,6
2025-12-12,TPEx,00751B,元大AAA至A公司債,32.51,32.51,32.42,32.44,-0.20,3259451,105803778,1294
2025-12-12,TPEx,00754B,群益AAA-AA公司債,34.34,34.34,34.25,34.26,-0.24,190000,6514080,19
2025-12-12,TPEx,00755B,群益投資級公用債,33.18,33.18,33.07,33.07,-0.16,107990,3572682,107
2025-12-12,TPEx,00756B,群益投等新興公債,31.81,31.88,31.81,31.83,+0.02,136206,4335393,92
2025-12-12,TPEx,00758B,復華能源債,51.25,51.25,51.25,51.25,-0.35,100000,5125000,2
2025-12-12,TPEx,00759B,復華製藥債,55.00,55.00,55.00,55.00,-0.30,100002,5500110,5
2025-12-12,TPEx,00760B,復華新興企業債,54.85,54.90,54.85,54.90,-0.15,124917,6857666,19
2025-12-12,TPEx,00761B,國泰A級公司債,35.05,35.05,34.88,34.88,-0.21,291179,10167341,103
2025-12-12,TPEx,00764B,群益25年美債,28.51,28.51,28.41,28.42,-0.19,10402197,295673476,259
2025-12-12,TPEx,00768B,復華20年美債,51.55,51.55,51.35,51.40,-0.35,740892,38100533,188
2025-12-12,TPEx,00772B,中信高評級公司債,34.30,34.30,34.16,34.17,-0.16,2409825,82370866,648
2025-12-12,TPEx,00773B,中信優先金融債,36.75,36.75,36.59,36.60,-0.15,342529,12547648,196
2025-12-12,TPEx,00777B,凱基AAA至A公司債,33.24,33.24,33.22,33.24,-0.18,103332,3432805,8
2025-12-12,TPEx,00778B,凱基金融債20+,35.33,35.35,35.33,35.35,-0.18,101117,3572505,5
2025-12-12,TPEx,00779B,凱基美債25+,28.74,28.80,28.74,28.76,-0.22,353133,10155487,20
2025-12-12,TPEx,00780B,國泰A級金融債,37.78,37.78,37.71,37.72,-0.06,113111,4266808,16
2025-12-12,TPEx,00781B,國泰A級科技債,29.89,29.89,29.78,29.82,-0.15,267267,7964184,55
2025-12-12,TPEx,00782B,國泰A級公用債,31.22,31.22,31.10,31.12,-0.15,159541,4964769,38
2025-12-12,TPEx,00785B,富邦金融投等債,35.71,35.71,35.64,35.64,-0.17,126000,4496390,6
2025-12-12,TPEx,00786B,元大10年IG銀行債,33.05,33.05,32.93,32.94,-0.15,5060,166814,8
2025-12-12,TPEx,00787B,元大10年IG醫療債,33.02,33.04,33.02,33.04,+0.03,27134,896088,13
2025-12-12,TPEx,00788B,元大10年IG電能債,30.24,30.24,30.21,30.21,-0.10,12032,363739,14
2025-12-12,TPEx,00789B,復華公司債A3,49.31,49.31,49.31,49.31,-0.38,100099,4935911,6
2025-12-12,TPEx,00791B,復華信用債1-5,56.50,56.50,56.50,56.50,+0.05,100000,5650000,2
2025-12-12,TPEx,00792B,群益A級公司債,32.49,32.49,32.42,32.42,-0.16,218992,7105618,91
2025-12-12,TPEx,00793B,群益AAA-A醫療債,31.43,31.43,31.42,31.42,-0.09,100000,3142500,4
2025-12-12,TPEx,00795B,中信美國公債20年,27.32,27.32,27.22,27.23,-0.20,7584699,206761479,1363
2025-12-12,TPEx,00799B,國泰A級醫療債,30.22,30.29,30.19,30.21,-0.16,301690,9115289,89
2025-12-12,TPEx,00834B,第一金金融債10+,34.78,34.78,34.78,34.78,-0.17,100000,3478000,2
2025-12-12,TPEx,00836B,永豐10年A公司債,29.50,29.52,29.43,29.46,-0.13,213201,6278365,10
2025-12-12,TPEx,00840B,凱基IG精選15+,30.58,30.58,30.58,30.58,-0.19,100002,3058062,3
2025-12-12,TPEx,00841B,凱基AAA-AA公司債,29.73,29.73,29.73,29.73,-0.20,100000,2973000,2
2025-12-12,TPEx,00842B,台新美元銀行債,32.07,32.07,31.91,31.95,-0.15,136250,4352304,13
2025-12-12,TPEx,00844B,新光15年IG金融債,,,,,,0,0,0
2025-12-12,TPEx,00845B,富邦新興投等債,33.70,33.70,33.69,33.69,-0.07,101000,3402700,3
2025-12-12,TPEx,00846B,富邦歐洲銀行債,36.30,36.31,36.30,36.31,+0.06,107001,3885186,6
2025-12-12,TPEx,00847B,中信美國市政債,25.94,25.94,25.93,25.94,-0.07,302303,7840769,15
2025-12-12,TPEx,00848B,中信新興亞洲債,34.73,34.76,34.73,34.76,-0.06,330104,11473517,15
2025-12-12,TPEx,00849B,中信EM主權債0-5,36.95,37.04,36.95,36.99,-0.02,304837,11279921,10
2025-12-12,TPEx,00853B,統一美債10年Aa-A,28.33,28.34,28.28,28.28,-0.15,1533009,43359322,107
2025-12-12,TPEx,00856B,永豐1-3年美公債,37.44,37.49,37.43,37.49,+0.08,14559,545559,13
2025-12-12,TPEx,00857B,永豐20年美公債,23.62,23.64,23.58,23.59,-0.16,3617694,85432902,319
2025-12-12,TPEx,00858,永豐美國500大,33.72,33.80,33.68,33.77,+0.36,555342,18741275,422
2025-12-12,TPEx,00859B,群益0-1年美債,41.22,41.24,41.17,41.21,+0.01,2957842,121852896,129
2025-12-12,TPEx,00860B,群益1-5Y投資級債,37.86,37.91,37.81,37.86,+0.03,157932,5976909,19
2025-12-12,TPEx,00862B,中信投資級公司債,32.31,32.35,32.28,32.28,-0.24,429694,13882767,58
2025-12-12,TPEx,00863B,中信全球電信債,32.66,32.69,32.63,32.67,-0.18,355128,11597521,20
2025-12-12,TPEx,00864B,中信美國公債0-1,45.74,45.81,45.73,45.75,-0.02,832326,38087749,190
2025-12-12,TPEx,00867B,新光A-BBB電信債,,,,,,0,0,0
2025-12-12,TPEx,00870B,元大15年EM主權債,29.12,29.12,29.12,29.12,+0.07,1000,29120,1
2025-12-12,TPEx,00877,復華中國5G,25.01,25.13,24.42,24.92,-0.11,8856054,219719958,1985
2025-12-12,TPEx,00883B,中信ESG投資級債,31.07,31.07,31.04,31.07,-0.16,312258,9697638,69
2025-12-12,TPEx,00884B,中信低碳新興債,30.27,30.27,30.25,30.25,-0.04,302505,9152800,10
2025-12-12,TPEx,00886,永豐美國科技,37.04,37.54,37.04,37.54,+0.50,527670,19726367,42
2025-12-12,TPEx,00887,永豐中國科技50大,11.94,11.97,11.78,11.88,-0.03,10133134,120321156,1472
2025-12-12,TPEx,00888,永豐台灣ESG,19.78,19.78,19.63,19.67,-0.01,3074973,60543006,662
2025-12-12,TPEx,00890B,凱基ESG BBB債15+,32.84,32.84,32.73,32.78,-0.23,319100,10453990,19
2025-12-12,TPEx,00928,中信上櫃ESG 30,18.92,19.00,18.88,18.92,+0.20,658118,12472632,235
2025-12-12,TPEx,00931B,統一美債20年,13.74,13.74,13.68,13.68,-0.10,1472876,20174042,468
2025-12-12,TPEx,00933B,國泰10Y+金融債,16.44,16.44,16.38,16.39,-0.07,9960853,163323400,1893
2025-12-12,TPEx,00937B,群益ESG投等債20+,15.12,15.12,15.07,15.08,-0.09,68239405,1030021621,8641
2025-12-12,TPEx,00942B,台新美A公司債20+,14.62,14.62,14.54,14.55,-0.08,1159455,16879475,253
2025-12-12,TPEx,00948B,中信優息投資級債,9.61,9.61,9.57,9.57,-0.06,4074012,39027840,639
2025-12-12,TPEx,00950B,凱基A級公司債,14.29,14.29,14.23,14.23,-0.08,2511882,35780599,505
2025-12-12,TPEx,00955,中信日本商社,13.18,13.22,13.14,13.21,+0.31,5226982,68931767,1745
2025-12-12,TPEx,00957B,兆豐US優選投等債,13.83,13.83,13.77,13.78,-0.08,2401558,33100210,397
2025-12-12,TPEx,00958B,永豐ESG銀行債15+,9.47,9.47,9.45,9.45,-0.04,441309,4173007,43
2025-12-12,TPEx,00959B,大華投等美債15Y+,9.50,9.50,9.48,9.48,-0.04,1260316,11956775,224
2025-12-12,TPEx,00966B,統一ESG投等債15+,14.11,14.11,14.09,14.09,-0.11,630839,8896868,151
2025-12-12,TPEx,00967B,元大優息美債,9.26,9.26,9.23,9.23,-0.05,1017664,9402704,90
2025-12-12,TPEx,00968B,元大優息投等債,9.43,9.43,9.39,9.39,-0.04,1332118,12520918,184
2025-12-12,TPEx,00969B,元大零息超長美債,8.52,8.52,8.48,8.49,-0.07,1515814,12881710,129
2025-12-12,TPEx,00970B,新光BBB投等債20+,9.49,9.49,9.44,9.45,-0.05,1968603,18618233,122
2025-12-12,TPEx,009806,台新標普500,11.99,12.04,11.99,12.02,+0.11,84654,1016959,40
2025-12-12,TPEx,009807,台新標普科技精選,13.20,13.24,13.20,13.21,+0.08,268337,3547001,47
2025-12-12,TPEx,00980B,台新特選IG債10+,9.63,9.63,9.58,9.60,-0.04,893850,8583722,119
2025-12-12,TPEx,00980D,主動聯博投等入息,20.90,20.90,20.86,20.89,-0.03,1522537,31791570,213
2025-12-12,TPEx,00980T,平衡凱基美國TOP,10.86,10.92,10.86,10.89,+0.03,573813,6256214,144
2025-12-12,TPEx,00981B,第一金優選非投債,9.31,9.31,9.29,9.30,0.00,16372170,152334115,991
2025-12-12,TPEx,00981D,主動中信非投等債,10.53,10.55,10.52,10.54,+0.01,10025563,105625119,797
2025-12-12,TPEx,00982B,FT投資級債20+,10.04,10.04,9.99,9.99,-0.05,127009,1270457,26
2025-12-12,TPEx,00983B,大華優利美公債20,16.09,16.09,16.04,16.04,-0.12,2341309,37620284,60
2025-12-12,TPEx,00984B,大華優利美A債15,16.77,16.77,16.72,16.72,-0.10,2170769,36340315,60
2025-12-12,TPEx,00986B,FT金融債10+,10.10,10.10,10.07,10.08,-0.05,436352,4404094,61
2025-12-12,TPEx,020001,富邦存股雙十N,,,,,,0,0,0
2025-12-12,TPEx,02001B,統一美國政府債N,8.73,8.73,8.73,8.73,0.00,7000,61110,3
2025-12-12,TPEx,020025,統一亞洲半導體N,16.57,16.57,16.53,16.53,-0.07,64000,1057990,5
2025-12-12,TPEx,020027,元大上櫃ESG成長N,5.90,5.91,5.85,5.85,-0.05,43000,253800,10
2025-12-12,TPEx,020033,統一恒生科期N,4.45,4.53,4.45,4.51,+0.06,61000,272140,10
2025-12-12,TPEx,020035,元大上櫃ESG高息N,8.30,8.30,8.25,8.25,-0.08,7000,57900,2
2025-12-12,TPEx,020040,元大上櫃ESG龍頭N,,,,,,0,0,0
2025-12-12,TPEx,020041,兆豐半導體氣候N,,,,,,0,0,0
2025-12-12,TPEx,1240,茂生農經,58.80,58.80,58.80,58.80,+0.10,1339,78725,10
2025-12-12,TPEx,1259,安心,,,,,,96,5966,9
2025-12-12,TPEx,1264,德麥,281.50,282.50,281.00,282.00,0.00,38963,10964850,338
2025-12-12,TPEx,1268,漢來美食,159.50,159.50,157.50,158.00,-0.50,41676,6611801,47
2025-12-12,TPEx,1294,漢田生技,78.60,79.60,77.60,78.50,-0.90,40803,3200214,37
2025-12-12,TPEx,1295,生合,91.00,91.50,89.60,89.60,-1.00,131837,11949867,133
2025-12-12,TPEx,1336,台翰,15.90,16.00,15.90,16.00,+0.10,20152,321677,20
2025-12-12,TPEx,1565,精華,119.00,120.00,118.00,120.00,+1.50,105686,12585051,169
2025-12-12,TPEx,1569,濱川,54.90,56.80,54.90,55.90,+1.40,1110900,62290528,849
2025-12-12,TPEx,1570,力肯,31.50,31.80,31.50,31.75,+0.20,69604,2201614,69
2025-12-12,TPEx,1580,新麥,135.50,136.00,135.50,136.00,0.00,10039,1364187,56
2025-12-12,TPEx,1584,精剛,21.65,21.75,21.55,21.65,+0.05,251088,5434940,192
2025-12-12,TPEx,1586,和勤,26.65,27.35,26.65,26.85,+0.35,629742,16981959,408
2025-12-12,TPEx,1591,駿吉-KY,49.45,50.00,48.25,48.50,-1.40,183576,8978094,320
2025-12-12,TPEx,1593,祺驊,30.55,30.95,29.55,30.10,-0.40,80764,2457631,109
2025-12-12,TPEx,1595,川寶,37.40,38.45,37.20,37.20,+0.20,92809,3493714,91
2025-12-12,TPEx,1599,宏佳騰,25.55,25.90,25.50,25.70,+0.20,9587,246184,37
2025-12-12,TPEx,1742,台蠟,13.55,13.55,13.35,13.35,0.00,3150,42400,7
2025-12-12,TPEx,1777,生泰,74.70,75.00,74.20,74.60,-0.10,24033,1793077,29
2025-12-12,TPEx,1781,合世,11.20,11.20,11.20,11.20,0.00,11013,123343,23
2025-12-12,TPEx,1784,訊聯,100.00,106.00,99.90,101.50,+1.90,750893,77347205,950
2025-12-12,TPEx,1785,光洋科,64.00,66.40,62.70,64.70,+1.20,29965529,1946982956,23114
2025-12-12,TPEx,1788,杏昌,137.00,137.00,137.00,137.00,0.00,6754,925206,52
2025-12-12,TPEx,1796,金穎生技,47.95,48.40,47.95,48.00,+1.50,20365,977969,17
2025-12-12,TPEx,1799,易威,34.50,36.80,34.05,34.30,+0.55,476330,16687370,343
2025-12-12,TPEx,1813,寶利徠,12.85,12.85,12.75,12.80,-0.10,25332,324563,113
2025-12-12,TPEx,1815,富喬,86.50,87.80,84.00,84.40,-1.10,55731982,4774194184,46557
2025-12-12,TPEx,2035,唐榮,27.80,28.30,27.75,28.30,0.00,4005,111741,9
2025-12-12,TPEx,2061,風青,18.70,20.25,18.70,19.10,+0.65,892787,17587934,531
2025-12-12,TPEx,2063,世鎧,25.10,25.10,25.10,25.10,-0.20,3000,75300,2
2025-12-12,TPEx,2064,晉椿,11.65,11.65,11.30,11.35,+0.25,18000,207400,14
2025-12-12,TPEx,2065,世豐,29.05,29.10,28.95,29.00,+0.05,47279,1371578,64
2025-12-12,TPEx,2066,世德,49.80,50.00,49.50,49.60,-0.20,10517,523218,16
2025-12-12,TPEx,2067,嘉鋼,10.15,10.15,10.00,10.10,0.00,68117,685076,46
2025-12-12,TPEx,2070,精湛,39.75,39.85,39.70,39.85,+0.20,22300,886387,24
2025-12-12,TPEx,2073,雄順,,,,,,0,0,0
2025-12-12,TPEx,2221,大甲,28.20,28.20,28.00,28.10,-0.10,7116,200161,10
2025-12-12,TPEx,2230,泰茂,103.50,105.00,100.00,100.00,-3.00,449204,45525945,1436
2025-12-12,TPEx,2235,謚源,33.95,33.95,33.95,33.95,+0.25,1009,34253,3
2025-12-12,TPEx,2596,綠意,33.80,34.50,33.70,34.35,+0.45,136888,4667095,78
2025-12-12,TPEx,2640,大車隊,130.00,130.50,130.00,130.50,0.00,21303,2774551,19
2025-12-12,TPEx,2641,正德,21.00,21.00,20.50,20.60,-0.35,4666028,96489755,2134
2025-12-12,TPEx,2643,捷迅,75.90,76.20,75.80,75.90,0.00,39576,3005032,67
2025-12-12,TPEx,2718,全心投控,53.40,53.60,53.10,53.30,-0.10,31706,1691417,51
2025-12-12,TPEx,2719,燦星旅,31.00,31.60,31.00,31.20,+0.15,8519,266011,19
2025-12-12,TPEx,2724,藝舍-KY,18.00,18.95,18.00,18.95,-0.30,4012,73779,5
2025-12-12,TPEx,2726,雅茗-KY,14.30,14.55,14.15,14.15,0.00,104966,1503323,69
2025-12-12,TPEx,2729,瓦城,177.00,177.00,177.00,177.00,0.00,7271,1287988,308
2025-12-12,TPEx,2732,六角,72.00,72.30,71.90,72.30,-0.20,9057,652197,51
2025-12-12,TPEx,2734,易飛網,18.65,18.65,18.45,18.50,0.00,38650,715017,81
2025-12-12,TPEx,2736,富野,15.00,15.00,14.75,14.85,-0.10,141400,2101995,100
2025-12-12,TPEx,2740,天蔥,27.50,30.05,27.50,29.90,+2.55,66479,1964351,98
2025-12-12,TPEx,2743,山富,79.10,79.70,78.50,78.60,-0.40,127961,10100851,375
2025-12-12,TPEx,2745,五福,107.00,108.00,106.50,106.50,0.00,69793,7486899,100
2025-12-12,TPEx,2751,王座,65.70,65.70,64.80,64.80,+0.20,14100,918900,12
2025-12-12,TPEx,2752,豆府,209.00,209.50,209.00,209.50,+2.00,13105,2741522,103
2025-12-12,TPEx,2754,亞洲藏壽司,84.30,84.30,83.00,83.00,0.00,11203,935415,22
2025-12-12,TPEx,2755,揚秦,125.00,125.00,123.50,123.50,+0.50,21812,2706301,65
2025-12-12,TPEx,2756,聯發國際,93.00,93.00,90.00,91.50,-1.50,29467,2697049,56
2025-12-12,TPEx,2916,滿心,49.40,49.50,49.40,49.40,-0.20,18087,893883,10
2025-12-12,TPEx,2924,宏太-KY,,,,,,0,0,0
2025-12-12,TPEx,2926,誠品生活,39.90,39.90,39.80,39.80,-0.10,8269,329690,18
2025-12-12,TPEx,2937,集雅社,43.00,43.70,43.00,43.40,+1.00,7353,318379,10
2025-12-12,TPEx,2941,米斯特,46.00,46.00,46.00,46.00,0.00,3124,143704,3
2025-12-12,TPEx,2947,振宇五金,84.00,84.00,83.80,83.80,-1.10,7632,640990,26
2025-12-12,TPEx,2948,寶陞,37.60,37.60,37.60,37.60,-0.20,1004,37754,2
2025-12-12,TPEx,2949,欣新網,69.30,69.30,69.30,69.30,-0.10,1200,83219,4
2025-12-12,TPEx,3064,泰偉,49.45,49.45,49.45,49.45,+1.05,2673,128043,8
2025-12-12,TPEx,3066,李洲,13.80,14.00,13.70,13.75,+0.05,73021,1011391,45
2025-12-12,TPEx,3067,全域,18.15,18.90,18.15,18.90,+0.20,21000,394400,15
2025-12-12,TPEx,3071,協禧,22.60,22.90,22.15,22.25,-0.20,175333,3928120,135
2025-12-12,TPEx,3073,天方能源,30.85,31.90,30.60,30.60,-0.25,24756,767184,74
2025-12-12,TPEx,3078,僑威,70.20,70.20,68.70,69.00,-0.60,1326210,91780993,1320
2025-12-12,TPEx,3081,聯亞,577.00,612.00,573.00,612.00,+47.00,857539,512311457,1508
2025-12-12,TPEx,3083,網龍,34.60,34.95,34.25,34.70,+0.40,82019,2844610,62
2025-12-12,TPEx,3085,新零售,13.80,14.25,13.80,14.25,-0.05,2823,39721,8
2025-12-12,TPEx,3086,華義,212.50,222.00,209.00,215.00,+2.50,147759,32055541,372
2025-12-12,TPEx,3088,艾訊,75.90,76.90,75.90,76.80,+1.00,141407,10830365,193
2025-12-12,TPEx,3093,港建*,24.90,25.40,24.90,25.25,+0.35,94327,2371055,67
2025-12-12,TPEx,3095,及成,27.80,27.80,27.40,27.40,-0.25,7098,195458,18
2025-12-12,TPEx,3105,穩懋,179.00,183.50,174.00,182.00,+8.50,31586750,5683971045,30035
2025-12-12,TPEx,3114,好德,25.20,25.20,24.95,25.15,+0.15,34463,862047,30
2025-12-12,TPEx,3115,富榮綱,10.50,10.60,10.50,10.50,+0.15,13522,142128,43
2025-12-12,TPEx,3118,進階,32.65,32.80,32.35,32.50,0.00,16386,534604,71
2025-12-12,TPEx,3122,笙泉,21.10,21.50,21.10,21.10,0.00,110424,2334545,94
2025-12-12,TPEx,3128,昇銳,26.50,26.50,26.30,26.35,-0.05,95018,2504761,140
2025-12-12,TPEx,3131,弘塑,1515.00,1520.00,1480.00,1515.00,+5.00,623547,935705970,1967
2025-12-12,TPEx,3141,晶宏,52.10,52.80,51.70,52.70,+1.00,518682,27141332,503
2025-12-12,TPEx,3147,大綜,170.50,171.50,169.50,170.00,-0.50,139078,23697039,246
2025-12-12,TPEx,3152,璟德,112.50,122.00,111.50,122.00,+11.00,511478,61205332,602
2025-12-12,TPEx,3158,嘉實,93.30,93.60,92.00,93.20,0.00,63340,5855056,89
2025-12-12,TPEx,3162,精確,63.90,64.70,61.00,61.60,-0.90,6587779,413836390,5028
2025-12-12,TPEx,3163,波若威,384.00,399.00,381.50,399.00,+19.50,21434003,8396177025,19961
2025-12-12,TPEx,3169,亞信,96.40,97.70,94.20,94.40,+1.30,234264,22461510,233
2025-12-12,TPEx,3171,炎洲流通,48.65,48.65,47.60,47.60,-0.35,31081,1494822,33
2025-12-12,TPEx,3176,基亞,30.40,30.80,30.15,30.75,+0.65,202962,6203003,174
2025-12-12,TPEx,3178,公準,47.65,47.90,47.15,47.55,-0.25,36676,1745200,133
2025-12-12,TPEx,3188,鑫龍騰,30.80,31.40,30.80,31.35,+0.55,383464,11955777,270
2025-12-12,TPEx,3191,雲嘉南,18.80,19.00,18.80,19.00,+0.20,26663,505664,27
2025-12-12,TPEx,3205,佰研,49.00,51.70,49.00,51.00,+2.65,315182,15914513,351
2025-12-12,TPEx,3206,志豐,33.00,33.00,32.80,32.80,0.00,6004,197931,8
2025-12-12,TPEx,3207,耀勝,68.20,68.90,67.20,67.20,-1.00,159386,10785175,308
2025-12-12,TPEx,3211,順達,294.50,294.50,279.00,283.00,-7.00,10459790,2974621748,24921
2025-12-12,TPEx,3213,茂訊,97.90,99.00,97.50,98.50,+1.10,107335,10548400,169
2025-12-12,TPEx,3217,優群,164.50,164.50,162.00,163.00,-1.00,411046,67072222,484
2025-12-12,TPEx,3218,大學光,140.50,142.00,140.00,141.00,+0.50,99820,14066692,263
2025-12-12,TPEx,3219,倚強科,65.00,65.60,60.60,60.70,-2.50,2405587,150324173,1962
2025-12-12,TPEx,3221,台嘉碩,20.80,20.80,20.35,20.60,-0.05,161755,3333223,155
2025-12-12,TPEx,3224,三顧,45.80,45.80,43.85,43.85,0.00,37022,1634255,39
2025-12-12,TPEx,3226,龍鋒,43.05,47.45,43.05,45.70,+1.30,19129,859513,25
2025-12-12,TPEx,3227,原相,205.50,206.00,203.00,203.50,-1.00,572561,116961185,1418
2025-12-12,TPEx,3228,金麗科,135.50,135.50,133.00,133.00,-1.50,116762,15620843,264
2025-12-12,TPEx,3230,錦明,40.30,40.30,39.20,39.55,-0.65,216281,8583123,218
2025-12-12,TPEx,3232,昱捷,23.50,23.50,23.40,23.40,+0.05,23178,542900,30
2025-12-12,TPEx,3234,光環,44.70,45.50,43.50,44.95,+0.35,1446557,64480628,1502
2025-12-12,TPEx,3236,千如,27.10,27.60,26.80,27.15,-0.05,2261120,61332620,1608
2025-12-12,TPEx,3252,海灣,19.90,20.00,19.70,19.85,-0.05,44010,877296,26
2025-12-12,TPEx,3259,鑫創,22.80,24.65,22.80,23.10,-0.45,177384,4196942,175
2025-12-12,TPEx,3260,威剛,183.50,191.00,183.50,185.50,+3.50,22311372,4183700064,16126
2025-12-12,TPEx,3264,欣銓,96.20,96.40,93.40,94.40,-0.30,6758428,640182832,9269
2025-12-12,TPEx,3265,台星科,115.50,116.00,106.00,108.00,-4.50,10376581,1144570917,9040
2025-12-12,TPEx,3268,海德威,17.80,18.20,17.75,17.85,+0.05,28028,500720,42
2025-12-12,TPEx,3272,東碩,19.00,19.20,18.80,19.20,+0.15,67637,1286488,64
2025-12-12,TPEx,3276,宇環,14.75,14.90,14.60,14.75,0.00,84767,1247788,90
2025-12-12,TPEx,3284,太普高,21.45,21.55,21.25,21.25,0.00,64238,1370016,61
2025-12-12,TPEx,3285,微端,,,,,,45,1260,6
2025-12-12,TPEx,3287,廣寰科,29.15,29.80,29.05,29.20,+0.15,50501,1473585,53
2025-12-12,TPEx,3288,點晶,17.20,17.65,17.20,17.65,+0.45,32737,566948,31
2025-12-12,TPEx,3289,宜特,106.00,106.50,105.00,106.00,+0.50,219700,23280998,305
2025-12-12,TPEx,3290,東浦,44.60,44.90,43.75,43.80,-0.50,265992,11769055,367
2025-12-12,TPEx,3293,鈊象,721.00,724.00,715.00,717.00,-2.00,1100436,789599134,7097
2025-12-12,TPEx,3294,英濟,42.30,42.40,40.70,40.85,-0.55,1258714,52020724,1293
2025-12-12,TPEx,3297,杭特,42.55,42.55,41.80,42.05,-0.20,146094,6145624,190
2025-12-12,TPEx,3303,岱稜,44.80,45.30,44.75,45.30,+0.60,142826,6422766,89
2025-12-12,TPEx,3306,鼎天,50.00,51.00,49.85,50.00,+0.25,145822,7346038,132
2025-12-12,TPEx,3310,佳穎,71.00,74.50,70.60,74.50,+2.70,184418,13542831,120
2025-12-12,TPEx,3313,斐成,16.15,16.15,15.20,15.50,-0.95,1420807,22093895,860
2025-12-12,TPEx,3317,尼克森,46.00,46.10,45.40,45.40,-0.35,210141,9600638,348
2025-12-12,TPEx,3322,建舜電,13.45,13.85,13.25,13.80,+0.60,814818,11057416,400
2025-12-12,TPEx,3323,加百裕,40.35,40.70,39.50,39.55,-0.35,2335479,93209473,2059
2025-12-12,TPEx,3324,雙鴻,975.00,977.00,912.00,918.00,-7.00,8711383,8175033971,14046
2025-12-12,TPEx,3325,旭品,18.00,18.00,17.80,17.90,-0.15,99914,1787636,84
2025-12-12,TPEx,3332,幸康,57.40,57.90,55.60,55.60,-1.80,90109,5073846,124
2025-12-12,TPEx,3339,泰谷,24.00,24.60,23.70,23.90,-0.05,240746,5808513,193
2025-12-12,TPEx,3349,寶德,29.20,29.20,28.60,28.95,-0.10,404710,11709328,213
2025-12-12,TPEx,3354,律勝,21.45,21.60,20.55,21.15,+0.35,627894,13136627,422
2025-12-12,TPEx,3357,臺慶科,155.00,155.50,151.00,153.00,-1.00,899004,137431152,1068
2025-12-12,TPEx,3360,尚立,13.65,13.70,13.30,13.35,-0.10,211647,2841514,145
2025-12-12,TPEx,3362,先進光,92.00,96.00,91.10,92.90,+1.80,654276,61263152,1105
2025-12-12,TPEx,3363,上詮,412.00,422.00,410.00,420.50,+12.50,1255669,524281280,2271
2025-12-12,TPEx,3372,典範,19.15,20.40,19.10,19.50,+0.65,3249635,63995084,2055
2025-12-12,TPEx,3373,熱映,18.10,18.15,17.95,18.00,-0.05,37784,682096,61
2025-12-12,TPEx,3374,精材,137.00,137.50,135.00,136.00,0.00,1348252,183325854,1242
2025-12-12,TPEx,3379,彬台,51.70,51.90,50.70,50.80,-0.40,266921,13648734,247
2025-12-12,TPEx,3388,崇越電,61.40,62.20,61.40,62.10,+0.70,77630,4788974,75
2025-12-12,TPEx,3390,旭軟,22.25,22.40,22.20,22.35,-0.05,83925,1871304,81
2025-12-12,TPEx,3402,漢科,122.50,128.00,122.50,127.00,+5.50,1346463,169739827,1415
2025-12-12,TPEx,3426,台興,40.50,40.50,40.50,40.50,+0.50,1000,40500,1
2025-12-12,TPEx,3430,奇鈦科,66.00,67.50,61.00,61.40,-2.50,3720817,237427857,3262
2025-12-12,TPEx,3434,哲固,30.65,31.30,30.65,30.70,+0.10,50817,1567518,172
2025-12-12,TPEx,3438,類比科,54.00,55.00,53.30,53.40,-0.10,130012,7008285,151
2025-12-12,TPEx,3441,聯一光,39.50,42.20,39.50,40.85,+1.40,1905360,78428129,1436
2025-12-12,TPEx,3444,利機,52.60,53.00,52.10,52.40,+0.10,98742,5170834,126
2025-12-12,TPEx,3455,由田,93.50,94.30,92.40,92.60,-0.50,469434,43704944,1070
2025-12-12,TPEx,3465,進泰電子,46.45,46.60,45.50,45.50,0.00,28075,1288993,16
2025-12-12,TPEx,3466,德晉,46.75,47.00,44.20,45.25,+0.05,591106,26894865,451
2025-12-12,TPEx,3467,台灣精材,37.20,37.80,37.20,37.60,+0.40,24035,902656,22
2025-12-12,TPEx,3479,安勤,93.00,94.30,92.70,92.80,+0.10,213472,19934268,599
2025-12-12,TPEx,3483,力致,94.30,94.80,93.10,93.40,-0.30,251963,23641342,672
2025-12-12,TPEx,3484,崧騰,48.75,48.90,48.30,48.45,+0.25,87895,4274976,118
2025-12-12,TPEx,3489,森寶,22.70,22.85,22.60,22.60,+0.05,40108,909990,47
2025-12-12,TPEx,3490,單井,24.90,25.50,24.70,25.05,-0.05,280447,7043605,201
2025-12-12,TPEx,3491,昇達科,593.00,623.00,586.00,618.00,+36.00,4884851,2966858589,6128
2025-12-12,TPEx,3492,長盛,26.25,26.25,25.85,26.00,+0.25,83655,2181965,63
2025-12-12,TPEx,3498,陽程,48.55,49.15,48.30,48.35,+0.55,695047,33878462,741
2025-12-12,TPEx,3499,環天科,14.55,14.65,14.15,14.50,-0.05,58180,842299,73
2025-12-12,TPEx,3508,位速,22.35,22.55,22.05,22.30,-0.05,68873,1532102,113
2025-12-12,TPEx,3511,矽瑪,19.65,19.90,19.65,19.85,+0.15,60425,1194338,45
2025-12-12,TPEx,3512,皇龍,21.70,21.85,21.60,21.85,+0.25,72420,1572148,48
2025-12-12,TPEx,3516,亞帝歐,19.50,20.30,19.50,20.05,+0.80,40761,810984,49
2025-12-12,TPEx,3520,華盈,17.60,17.60,17.00,17.25,-0.30,287041,4955757,207
2025-12-12,TPEx,3521,鴻翊,16.35,16.45,15.60,16.05,+0.60,683117,10921259,414
2025-12-12,TPEx,3522,御嵿,15.50,15.60,14.60,15.55,+0.50,96810,1472786,98
2025-12-12,TPEx,3523,迎輝,17.30,17.40,17.30,17.40,-0.10,2001,34717,3
2025-12-12,TPEx,3526,凡甲,244.50,245.00,241.00,242.00,-2.50,183088,44365811,1893
2025-12-12,TPEx,3527,聚積,57.80,59.70,56.90,56.90,-0.90,187297,10866464,223
2025-12-12,TPEx,3529,力旺,1910.00,1935.00,1855.00,1890.00,0.00,677768,1284620640,2836
2025-12-12,TPEx,3531,先益,21.20,22.30,21.15,22.30,+1.10,7000,149450,3
2025-12-12,TPEx,3537,堡達,52.80,53.20,50.80,50.80,-1.20,1441207,74655096,1468
2025-12-12,TPEx,3540,曜越,30.05,30.45,29.70,29.70,-0.20,226933,6824029,220
2025-12-12,TPEx,3541,西柏,24.00,24.00,24.00,24.00,0.00,19024,456603,29
2025-12-12,TPEx,3546,宇峻,79.90,81.40,79.50,81.20,+1.70,211074,16978324,343
2025-12-12,TPEx,3548,兆利,90.00,90.50,88.90,88.90,-0.10,153849,13764891,216
2025-12-12,TPEx,3551,世禾,217.00,217.50,206.00,217.00,+3.00,3632024,774906545,5363
2025-12-12,TPEx,3552,同致,65.00,65.90,64.60,65.00,+0.40,111475,7247907,160
2025-12-12,TPEx,3555,博士旺,82.70,85.50,82.10,83.90,+2.70,366883,30947758,641
2025-12-12,TPEx,3556,禾瑞亞,36.95,37.05,36.90,36.95,0.00,42433,1569959,99
2025-12-12,TPEx,3558,神準,133.50,136.00,133.00,133.00,-1.00,165871,22257079,239
2025-12-12,TPEx,3564,其陽,48.20,49.00,47.60,48.10,+0.50,121931,5904512,121
2025-12-12,TPEx,3567,逸昌,25.60,26.45,25.55,25.70,-0.15,24070,622176,31
2025-12-12,TPEx,3570,大塚,167.00,168.50,166.50,168.00,+2.50,29861,4999421,80
2025-12-12,TPEx,3577,泓格,63.20,63.20,62.60,62.80,-0.20,38340,2413438,74
2025-12-12,TPEx,3580,友威科,58.70,59.00,57.80,58.40,-0.30,125289,7307427,205
2025-12-12,TPEx,3581,博磊,61.90,62.60,61.30,62.40,+1.20,655103,40666614,625
2025-12-12,TPEx,3587,閎康,208.00,208.50,202.00,204.50,-2.00,250921,51313127,2403
2025-12-12,TPEx,3594,磐儀,38.90,39.50,38.65,38.75,+0.35,106578,4146903,114
2025-12-12,TPEx,3597,映興,25.80,26.10,25.35,25.85,+0.25,39412,1016968,42
2025-12-12,TPEx,3609,三一東林,44.65,45.05,43.25,43.90,-0.10,158574,6971854,148
2025-12-12,TPEx,3611,鼎翰,206.00,207.00,205.50,205.50,0.00,27846,5726319,325
2025-12-12,TPEx,3615,安可,23.00,23.40,23.00,23.00,+0.10,223578,5181658,202
2025-12-12,TPEx,3623,富晶通,21.00,21.50,20.70,20.95,+0.40,63000,1326300,45
2025-12-12,TPEx,3624,光頡,54.00,55.50,52.80,53.50,+1.50,14965680,810338932,11443
2025-12-12,TPEx,3625,西勝,20.85,20.85,20.05,20.15,-0.45,676693,13712609,495
2025-12-12,TPEx,3628,盈正,77.20,77.60,73.90,74.00,-3.20,891419,67198243,1359
2025-12-12,TPEx,3629,地心引力,,,,,,0,0,0
2025-12-12,TPEx,3630,新鉅科,28.35,29.95,28.30,29.35,+1.20,1931392,56848838,1392
2025-12-12,TPEx,3631,晟楠,24.60,24.60,23.65,23.90,-0.45,70220,1684984,63
2025-12-12,TPEx,3632,研勤,9.35,9.35,9.35,9.35,0.00,6703,62910,40
2025-12-12,TPEx,3646,艾恩特,25.15,25.60,25.15,25.40,+0.25,121284,3059113,69
2025-12-12,TPEx,3663,鑫科,45.60,45.65,44.85,45.00,-0.15,122615,5547372,233
2025-12-12,TPEx,3664,安瑞-KY,16.30,16.30,16.10,16.10,-0.20,20070,324441,22
2025-12-12,TPEx,3666,光耀,32.85,32.85,32.50,32.75,-0.05,110240,3599196,199
2025-12-12,TPEx,3672,康聯訊,13.00,14.05,13.00,13.50,+0.60,89506,1214122,99
2025-12-12,TPEx,3675,德微,131.50,131.50,129.50,129.50,-1.50,146359,19068285,243
2025-12-12,TPEx,3680,家登,346.00,355.50,345.00,348.50,+4.50,1714909,601971158,2585
2025-12-12,TPEx,3684,榮昌,48.00,48.25,48.00,48.25,-0.15,10717,514698,50
2025-12-12,TPEx,3685,元創精密,40.30,41.20,40.30,40.50,+0.40,415153,16968977,274
2025-12-12,TPEx,3687,歐買尬,79.80,79.80,79.00,79.10,-0.10,40403,3197590,95
2025-12-12,TPEx,3689,湧德,103.00,105.00,101.50,102.00,0.00,1783157,184309427,1365
2025-12-12,TPEx,3691,碩禾,75.00,79.50,75.00,78.80,+3.80,864069,67089824,1005
2025-12-12,TPEx,3693,營邦,267.50,267.50,261.00,262.00,-5.00,301189,79323674,999
2025-12-12,TPEx,3707,漢磊,49.70,49.85,49.05,49.10,+0.05,1129067,55747721,1306
2025-12-12,TPEx,3709,鑫聯大投控,56.40,57.20,56.00,56.60,+0.80,1821243,103163449,1114
2025-12-12,TPEx,3710,連展投控,6.15,6.15,5.84,5.86,-0.26,539451,3198299,210
2025-12-12,TPEx,3713,新晶投控,23.30,23.70,22.75,23.20,-0.20,124313,2872620,88
2025-12-12,TPEx,4102,永日,20.70,20.75,20.60,20.75,+0.05,126502,2614224,48
2025-12-12,TPEx,4105,東洋,83.40,83.40,82.10,82.20,-0.70,727789,60051585,2369
2025-12-12,TPEx,4107,邦特,119.50,121.50,119.50,121.00,+1.00,14361,1736491,26
2025-12-12,TPEx,4109,加捷生醫,15.25,15.40,15.25,15.25,0.00,142824,2183022,82
2025-12-12,TPEx,4111,濟生,29.90,30.10,29.90,30.00,+0.10,46102,1382280,77
2025-12-12,TPEx,4113,聯上,22.00,22.00,21.25,21.95,+0.05,100393,2192739,78
2025-12-12,TPEx,4114,健喬,31.50,31.75,31.45,31.50,0.00,506885,15996733,518
2025-12-12,TPEx,4116,明基醫,44.20,44.20,44.05,44.20,-0.10,18019,794641,15
2025-12-12,TPEx,4120,友華,44.00,44.60,43.55,44.15,+0.15,24325,1068659,37
2025-12-12,TPEx,4121,優盛,15.00,15.10,15.00,15.00,0.00,106546,1601577,88
2025-12-12,TPEx,4123,晟德,37.10,37.75,37.10,37.45,+0.40,1260372,47139022,1103
2025-12-12,TPEx,4126,太醫,85.70,86.50,85.70,86.10,+0.30,16453,1412849,35
2025-12-12,TPEx,4127,天良,30.35,30.50,30.15,30.15,-0.20,67095,2031926,33
2025-12-12,TPEx,4128,中天,19.20,19.30,18.90,19.00,-0.20,1175429,22368850,936
2025-12-12,TPEx,4129,聯合,120.00,123.50,119.50,122.00,+3.00,218943,26685858,345
2025-12-12,TPEx,4130,健亞,24.55,25.50,24.55,24.95,+0.40,602822,15087308,414
2025-12-12,TPEx,4131,浩泰,40.00,41.50,38.85,41.50,+1.60,135861,5456010,98
2025-12-12,TPEx,4138,曜亞,61.70,62.50,61.70,62.50,+1.30,33656,2084112,46
2025-12-12,TPEx,4139,馬光-KY,25.45,25.50,24.50,24.50,-0.70,32031,802856,25
2025-12-12,TPEx,4147,中裕,65.60,66.00,64.10,64.10,-1.40,566483,36599248,535
2025-12-12,TPEx,4153,鈺緯,36.40,36.40,34.90,35.45,+0.25,28500,1005893,35
2025-12-12,TPEx,4154,樂威科-KY,15.90,15.90,15.90,15.90,0.00,2380,37746,4
2025-12-12,TPEx,4157,太景*-KY,12.65,12.65,12.65,12.65,+1.15,9908881,125347300,1327
2025-12-12,TPEx,4160,訊聯基因,51.00,52.20,49.55,49.55,-0.45,47439,2396588,69
2025-12-12,TPEx,4161,聿新科,26.30,26.50,26.00,26.30,0.00,48796,1279660,35
2025-12-12,TPEx,4162,智擎,73.10,73.10,70.30,70.40,-1.90,836000,59400972,876
2025-12-12,TPEx,4163,鐿鈦,90.20,90.90,89.70,90.40,-0.70,48018,4326264,86
2025-12-12,TPEx,4166,友霖,24.75,24.75,24.50,24.55,-0.10,86008,2117398,50
2025-12-12,TPEx,4167,松瑞藥,17.65,17.75,17.50,17.50,0.00,237044,4168909,165
2025-12-12,TPEx,4168,醣聯,21.50,21.90,21.40,21.50,0.00,112949,2441501,128
2025-12-12,TPEx,4171,瑞基,21.00,21.50,20.80,21.00,-0.10,173559,3678029,165
2025-12-12,TPEx,4173,久裕,21.50,21.65,21.30,21.40,+0.05,121589,2607202,119
2025-12-12,TPEx,4174,浩鼎,29.35,29.80,28.25,28.55,-0.35,1327105,38799748,1351
2025-12-12,TPEx,4175,杏一,58.50,59.40,57.90,58.80,+0.30,11589,678449,40
2025-12-12,TPEx,4183,福永生技,17.00,17.00,17.00,17.00,0.00,5000,85000,3
2025-12-12,TPEx,4188,安克,15.05,15.30,15.00,15.05,-0.20,16362,247367,21
2025-12-12,TPEx,4192,杏國,,,,,,1583,40423,6
2025-12-12,TPEx,4198,欣大健康,35.25,36.40,35.25,35.60,-0.80,4046,145092,7
2025-12-12,TPEx,4205,中華食,82.00,82.00,81.60,81.90,+0.10,20830,1704966,151
2025-12-12,TPEx,4207,環泰,19.35,19.45,19.25,19.30,-0.05,153715,2973164,86
2025-12-12,TPEx,4303,信立,64.90,64.90,63.00,63.20,-1.10,1032919,65857410,1447
2025-12-12,TPEx,4304,勝昱,30.10,30.10,29.55,29.70,-0.40,15184,449827,15
2025-12-12,TPEx,4305,世坤,,,,,,80,3427,2
2025-12-12,TPEx,4401,東隆興,17.20,17.25,17.00,17.00,-0.25,16565,283412,52
2025-12-12,TPEx,4402,郡都開發,20.30,21.00,19.30,19.85,+0.60,43841,862870,68
2025-12-12,TPEx,4406,新昕纖,9.80,9.80,9.51,9.51,-0.29,5000,48280,4
2025-12-12,TPEx,4413,飛寶企業,17.50,18.20,17.00,17.60,-0.30,22100,389708,22
2025-12-12,TPEx,4416,三圓,31.00,35.20,31.00,35.20,+3.20,330674,11257091,230
2025-12-12,TPEx,4417,金洲,55.50,55.50,54.20,54.30,-0.10,59389,3238466,150
2025-12-12,TPEx,4419,皇家美食,45.55,46.00,45.30,46.00,+0.60,8522,388773,60
2025-12-12,TPEx,4420,光明,50.50,51.10,50.30,50.60,-0.10,25455,1292835,69
2025-12-12,TPEx,4430,耀億,18.00,18.20,17.65,17.95,-0.10,35143,624304,59
2025-12-12,TPEx,4432,銘旺實,16.60,16.60,16.15,16.15,+0.10,22051,360473,20
2025-12-12,TPEx,4433,興采,20.70,20.85,20.50,20.85,-0.05,38099,788773,83
2025-12-12,TPEx,4442,竣邦-KY,58.00,58.20,57.60,57.60,-0.20,25354,1467440,91
2025-12-12,TPEx,4502,健信,15.80,15.80,15.75,15.75,0.00,24428,385094,24
2025-12-12,TPEx,4503,金雨,42.05,42.05,40.85,41.30,-0.40,336693,13962979,357
2025-12-12,TPEx,4506,崇友,120.50,122.50,120.50,121.50,+1.00,65303,7934979,133
2025-12-12,TPEx,4510,高鋒,41.75,42.50,41.40,41.80,+0.05,1018694,42646030,797
2025-12-12,TPEx,4513,福裕,18.65,18.65,17.50,17.65,+0.15,88682,1567937,120
2025-12-12,TPEx,4523,永彰,31.60,33.10,31.30,33.10,+1.50,2334300,75442857,583
2025-12-12,TPEx,4527,方土霖,39.70,39.70,39.70,39.70,0.00,4944,196187,16
2025-12-12,TPEx,4528,江興鍛,16.95,17.25,16.90,17.25,+0.45,28392,484194,63
2025-12-12,TPEx,4529,淳紳,3.88,3.88,3.79,3.88,0.00,11000,42590,3
2025-12-12,TPEx,4530,宏易,12.30,12.40,12.20,12.20,-0.15,19130,235715,112
2025-12-12,TPEx,4533,協易機,22.20,22.75,22.15,22.20,+0.10,460576,10311505,354
2025-12-12,TPEx,4534,慶騰,15.00,15.20,14.85,15.20,+0.20,165429,2480515,133
2025-12-12,TPEx,4535,至興,28.45,28.50,28.45,28.50,+0.05,7002,199306,6
2025-12-12,TPEx,4538,大詠城,16.95,16.95,16.85,16.95,+0.10,4000,67700,4
2025-12-12,TPEx,4541,晟田,41.25,42.25,41.05,41.10,0.00,620894,25792414,580
2025-12-12,TPEx,4542,科嶠,69.80,76.30,68.10,75.30,+5.80,2187785,158985137,2481
2025-12-12,TPEx,4543,萬在,28.60,28.60,27.75,27.80,-0.50,212860,5959262,256
2025-12-12,TPEx,4549,桓達,108.50,109.00,107.00,109.00,+1.00,162549,17569836,209
2025-12-12,TPEx,4550,長佳,24.65,24.85,24.55,24.70,+0.05,9000,222250,9
2025-12-12,TPEx,4554,橙的,26.95,27.35,26.95,27.10,+0.15,19090,517084,19
2025-12-12,TPEx,4556,旭然,23.65,23.65,23.25,23.40,-0.20,34100,799850,21
2025-12-12,TPEx,4558,寶緯,19.55,19.95,19.30,19.75,+0.20,56000,1101750,51
2025-12-12,TPEx,4561,健椿,33.05,33.45,33.00,33.00,+0.10,64276,2130063,60
2025-12-12,TPEx,4563,百德,48.15,49.45,45.90,47.25,-0.50,103410,4924667,116
2025-12-12,TPEx,4568,科際精密,42.00,42.45,41.80,42.45,+0.45,7000,294950,5
2025-12-12,TPEx,4577,達航科技,63.10,66.80,56.00,56.40,-4.40,8165344,498155393,5873
2025-12-12,TPEx,4580,捷流閥業,81.00,82.10,81.00,81.20,+0.20,22605,1840946,37
2025-12-12,TPEx,4584,君帆,47.95,48.00,47.30,47.30,-0.60,4160,198169,6
2025-12-12,TPEx,4609,唐鋒,,,,,,0,0,0
2025-12-12,TPEx,4702,中美實,10.10,10.10,9.98,9.98,-0.12,22353,223748,63
2025-12-12,TPEx,4706,大恭,,,,,,0,0,0
2025-12-12,TPEx,4707,磐亞,10.00,10.00,9.95,10.00,0.00,247679,2470457,345
2025-12-12,TPEx,4711,永純,15.10,15.15,15.05,15.05,-0.10,12022,181476,38
2025-12-12,TPEx,4714,永捷,17.30,17.30,16.75,16.75,-0.45,1946791,32972997,996
2025-12-12,TPEx,4716,大立,16.50,16.50,16.30,16.30,-0.15,163743,2682260,119
2025-12-12,TPEx,4721,美琪瑪,69.10,69.10,67.80,68.40,-0.20,383255,26225385,455
2025-12-12,TPEx,4726,永昕,32.20,32.50,32.00,32.40,+0.30,144092,4656110,98
2025-12-12,TPEx,4728,雙美,390.00,391.00,387.50,391.00,0.00,4045,1577098,20
2025-12-12,TPEx,4729,熒茂,20.85,20.95,20.55,20.60,-0.25,188245,3894924,150
2025-12-12,TPEx,4735,豪展,31.90,31.90,31.80,31.85,+0.05,23577,750732,37
2025-12-12,TPEx,4741,泓瀚,20.70,21.25,20.70,20.85,0.00,40601,851825,39
2025-12-12,TPEx,4743,合一,59.00,59.20,57.30,57.90,-0.90,2784274,161504467,2898
2025-12-12,TPEx,4744,皇將,30.40,30.80,30.25,30.45,+0.25,131201,4010380,123
2025-12-12,TPEx,4745,合富-KY,24.50,24.90,24.30,24.60,+0.10,280142,6872426,229
2025-12-12,TPEx,4747,強生,59.60,59.80,59.20,59.70,-0.30,29760,1770620,193
2025-12-12,TPEx,4749,新應材,813.00,836.00,803.00,819.00,+13.00,1949649,1600725966,4601
2025-12-12,TPEx,4754,國碳科,38.60,38.90,38.50,38.55,0.00,10381,401563,19
2025-12-12,TPEx,4760,勤凱,188.50,189.50,185.00,185.00,-4.00,647668,120541032,810
2025-12-12,TPEx,4767,誠泰科技,28.30,28.30,26.80,26.90,-0.20,8010,217584,10
2025-12-12,TPEx,4768,晶呈科技,232.00,247.50,231.00,247.00,+17.00,1228642,296334208,1981
2025-12-12,TPEx,4772,台特化,308.00,314.00,302.50,308.00,+4.50,1705757,528109308,2932
2025-12-12,TPEx,4804,大略-KY,,,,,,13,100,12
2025-12-12,TPEx,4806,桂田文創,9.72,10.00,9.70,10.00,0.00,15031,148532,30
2025-12-12,TPEx,4903,聯光通,49.20,49.95,47.40,47.70,-0.50,9861259,478571605,8077
2025-12-12,TPEx,4905,台聯電,63.20,63.20,63.20,63.20,-0.20,2000,126400,2
2025-12-12,TPEx,4907,富宇,42.95,43.20,41.95,42.45,-0.55,73759,3120036,89
2025-12-12,TPEx,4908,前鼎,81.30,81.40,79.80,80.30,-0.40,484940,39000581,592
2025-12-12,TPEx,4909,新復興,41.70,42.10,40.65,41.40,+0.80,605916,25067883,559
2025-12-12,TPEx,4911,德英,,,,,,95,4353,5
2025-12-12,TPEx,4923,力士,30.05,30.05,28.30,28.90,+0.50,79281,2283107,58
2025-12-12,TPEx,4924,欣厚-KY,11.35,11.50,11.30,11.50,+0.15,32000,363200,16
2025-12-12,TPEx,4931,新盛力,178.00,178.00,171.50,178.00,-2.00,3287560,575339059,3315
2025-12-12,TPEx,4933,友輝,58.40,59.00,58.20,58.50,-0.10,75694,4431268,85
2025-12-12,TPEx,4939,亞電,38.35,39.45,37.70,38.70,+0.40,13599299,524630477,9368
2025-12-12,TPEx,4946,辣椒,102.00,104.50,102.00,103.00,+1.00,24623,2543746,56
2025-12-12,TPEx,4950,金耘國際,18.90,18.95,18.15,18.90,0.00,142367,2617347,113
2025-12-12,TPEx,4951,精拓科,68.00,68.40,67.50,67.80,0.00,70163,4770164,55
2025-12-12,TPEx,4953,緯軟,131.00,131.00,126.50,127.00,-2.50,355820,45452016,626
2025-12-12,TPEx,4966,譜瑞-KY,611.00,613.00,602.00,602.00,-8.00,436377,264697032,1353
2025-12-12,TPEx,4971,IET-KY,275.00,278.00,266.00,270.00,-1.00,16590889,4512064969,12395
2025-12-12,TPEx,4972,湯石照明,18.80,18.80,18.60,18.60,+0.15,3837,71436,15
2025-12-12,TPEx,4973,廣穎,34.10,35.50,34.10,34.80,+0.90,1149758,40213870,903
2025-12-12,TPEx,4974,亞泰,69.70,70.70,69.60,69.80,+0.20,67238,4709807,118
2025-12-12,TPEx,4979,華星光,257.50,263.00,250.00,260.50,+7.00,24932220,6397432439,37197
2025-12-12,TPEx,4987,科誠,70.50,70.50,69.40,70.30,0.00,7155,502512,10
2025-12-12,TPEx,4991,環宇-KY,171.50,175.00,171.50,175.00,+4.50,2724045,473667097,1655
2025-12-12,TPEx,4995,晶達,40.10,41.10,40.10,40.25,0.00,10407,420336,18
2025-12-12,TPEx,5009,榮剛,31.20,31.75,31.20,31.40,+0.20,1521964,47936173,1088
2025-12-12,TPEx,5011,久陽,10.45,10.50,10.40,10.50,+0.10,43032,450378,38
2025-12-12,TPEx,5013,強新,28.60,28.60,28.55,28.55,0.00,19132,546229,12
2025-12-12,TPEx,5014,建錩,10.05,10.15,10.00,10.05,-0.05,223569,2250394,97
2025-12-12,TPEx,5015,華祺,28.30,28.30,28.20,28.20,0.00,9548,269337,25
2025-12-12,TPEx,5016,松和,24.80,24.90,24.80,24.90,+0.05,6124,152232,7
2025-12-12,TPEx,5201,凱衛,47.70,47.85,47.05,47.85,+0.35,255192,12134536,202
2025-12-12,TPEx,5202,力新,16.30,16.55,16.30,16.50,+0.05,125401,2061093,100
2025-12-12,TPEx,5205,中茂,27.05,28.95,27.05,28.95,+0.75,3223,90287,11
2025-12-12,TPEx,5206,坤悅,30.60,30.90,30.60,30.75,+0.15,20582,633667,18
2025-12-12,TPEx,5209,新鼎,167.50,167.50,162.50,163.00,-4.50,154517,25486686,228
2025-12-12,TPEx,5210,寶碩,23.95,24.00,23.50,23.55,-0.55,99459,2356403,85
2025-12-12,TPEx,5211,蒙恬,27.75,27.75,26.80,26.90,+0.15,7248,197139,13
2025-12-12,TPEx,5212,凌網,54.70,54.80,54.30,54.50,-0.20,11933,650632,22
2025-12-12,TPEx,5213,亞昕,23.20,23.55,23.20,23.50,+0.30,266802,6256576,224
2025-12-12,TPEx,5220,萬達光電,17.90,17.90,17.45,17.60,+0.25,12007,212072,15
2025-12-12,TPEx,5223,安力-KY,28.40,29.00,28.20,28.75,+0.70,27030,774042,21
2025-12-12,TPEx,5227,立凱-KY,25.85,25.85,24.60,24.80,-0.50,310689,7779943,499
2025-12-12,TPEx,5228,鈺鎧,19.00,19.00,18.55,18.95,0.00,52352,979597,48
2025-12-12,TPEx,5230,雷笛克光學,18.85,19.65,18.80,19.25,+0.65,528651,10198233,380
2025-12-12,TPEx,5236,凌陽創新,114.00,115.00,113.00,113.00,-1.50,147388,16726875,225
2025-12-12,TPEx,5245,智晶,21.45,21.45,21.40,21.40,-0.05,3101,66405,5
2025-12-12,TPEx,5251,天鉞電,35.80,36.00,35.00,35.30,-0.45,171089,6069009,287
2025-12-12,TPEx,5263,智崴,93.50,95.20,93.10,94.80,+1.70,230018,21743452,295
2025-12-12,TPEx,5272,笙科,19.50,19.60,19.30,19.35,+0.05,88565,1716427,79
2025-12-12,TPEx,5274,信驊,6935.00,6935.00,6720.00,6725.00,-75.00,290735,1970498360,1800
2025-12-12,TPEx,5276,達輝-KY,14.60,14.95,14.60,14.95,+0.35,8003,117842,7
2025-12-12,TPEx,5278,尚凡*,31.25,31.25,29.80,29.95,-0.70,166165,5027080,257
2025-12-12,TPEx,5287,數字,170.00,171.00,170.00,171.00,+1.00,10772,1841863,105
2025-12-12,TPEx,5289,宜鼎,477.50,513.00,477.00,500.00,+27.00,6997003,3482258304,11786
2025-12-12,TPEx,5291,邑昇,27.15,27.70,27.15,27.70,+0.50,32269,882346,55
2025-12-12,TPEx,5299,杰力,71.50,71.50,70.90,71.10,-0.20,34717,2470917,89
2025-12-12,TPEx,5301,寶得利,11.15,11.15,11.15,11.15,+0.35,3027,33744,11
2025-12-12,TPEx,5302,太欣,9.13,9.13,9.00,9.01,+0.07,141914,1283471,94
2025-12-12,TPEx,5309,系統電,70.40,72.50,68.50,71.70,+2.00,43653307,3099141061,33884
2025-12-12,TPEx,5310,天剛,29.80,29.80,29.60,29.80,+0.25,8200,243574,8
2025-12-12,TPEx,5312,寶島科,98.90,100.50,98.90,99.30,+0.50,116726,11659563,213
2025-12-12,TPEx,5314,世紀*,111.00,111.50,109.50,110.50,0.00,4367841,482143200,2996
2025-12-12,TPEx,5315,光聯,24.00,24.15,23.85,23.95,+0.20,494819,11888713,277
2025-12-12,TPEx,5321,美而快,36.50,37.00,36.05,37.00,+0.50,38348,1400419,51
2025-12-12,TPEx,5324,士開,10.45,10.45,10.35,10.35,-0.10,85298,886036,40
2025-12-12,TPEx,5328,華容,20.85,21.10,20.60,21.05,+0.05,4096679,85502764,2426
2025-12-12,TPEx,5340,建榮,66.50,67.40,64.00,65.00,-1.20,5088907,332125489,4110
2025-12-12,TPEx,5344,立衛,15.30,15.60,14.90,15.40,-0.15,83531,1269231,75
2025-12-12,TPEx,5345,馥鴻,24.10,24.35,24.10,24.35,0.00,5582,134718,12
2025-12-12,TPEx,5347,世界,91.90,92.40,90.80,90.80,-1.10,3531390,322673112,3686
2025-12-12,TPEx,5348,正能量智能,16.55,16.80,16.50,16.50,-0.45,7202,119378,16
2025-12-12,TPEx,5351,鈺創,39.70,42.20,39.55,41.50,+2.10,10872305,446559592,6935
2025-12-12,TPEx,5353,台林,24.80,24.80,24.50,24.60,-0.20,27187,668870,30
2025-12-12,TPEx,5355,佳總,5.70,6.00,5.70,5.94,-0.06,66278,393483,36
2025-12-12,TPEx,5356,協益,24.85,24.95,24.80,24.85,0.00,41254,1026024,73
2025-12-12,TPEx,5364,力麗店,14.95,15.00,14.90,14.90,+0.10,7046,105329,13
2025-12-12,TPEx,5371,中光電,89.90,90.40,88.50,88.60,-0.30,3167742,282325138,2797
2025-12-12,TPEx,5381,合正,23.15,23.15,22.90,23.05,-0.10,452974,10426299,394
2025-12-12,TPEx,5386,青雲,76.00,76.80,74.20,74.30,-0.20,645330,48622314,1386
2025-12-12,TPEx,5392,能率,46.95,47.25,46.35,46.45,-0.05,1638402,76634870,1463
2025-12-12,TPEx,5398,慕康生醫,28.35,29.35,27.80,29.25,+0.85,2825571,83347014,373
2025-12-12,TPEx,5403,中菲,116.00,116.00,115.50,116.00,0.00,59874,6928516,64
2025-12-12,TPEx,5410,國眾,30.15,30.25,30.10,30.15,+0.05,76873,2320561,89
2025-12-12,TPEx,5425,台半,57.00,57.00,55.10,55.10,-1.00,2014653,112048059,1751
2025-12-12,TPEx,5426,振發,19.50,19.80,19.50,19.80,+0.30,241712,4748077,273
2025-12-12,TPEx,5432,新門,159.00,168.00,154.50,159.00,0.00,855949,137735233,1459
2025-12-12,TPEx,5438,東友,21.35,21.90,21.10,21.55,+0.20,242452,5229971,186
2025-12-12,TPEx,5439,高技,340.50,354.50,336.00,353.00,+16.50,6545878,2267189007,7125
2025-12-12,TPEx,5443,均豪,89.40,90.20,88.70,89.70,+1.20,1151074,103118602,2594
2025-12-12,TPEx,5450,南良,13.05,13.05,13.00,13.05,+0.05,12004,156199,14
2025-12-12,TPEx,5452,佶優,22.70,22.70,22.30,22.40,+0.10,200781,4512231,181
2025-12-12,TPEx,5455,昇益,,,,,,9,240,1
2025-12-12,TPEx,5457,宣德,41.80,41.80,41.10,41.40,-0.15,283924,11750459,201
2025-12-12,TPEx,5460,同協,15.20,15.20,15.10,15.20,+0.15,34598,525264,49
2025-12-12,TPEx,5464,霖宏,25.25,25.95,25.25,25.95,+0.15,17110,438455,22
2025-12-12,TPEx,5465,富驊,28.45,28.75,28.40,28.55,+0.05,83400,2381747,80
2025-12-12,TPEx,5468,凱鈺,19.80,20.05,19.30,19.35,-0.15,238730,4686340,202
2025-12-12,TPEx,5474,聰泰,163.00,165.00,163.00,163.00,+1.00,136350,22372814,137
2025-12-12,TPEx,5475,德宏,80.50,80.50,77.00,77.50,-3.80,2042626,158399113,1561
2025-12-12,TPEx,5478,智冠,99.50,99.50,97.60,97.90,-1.50,181402,17826210,287
2025-12-12,TPEx,5481,新華,23.10,23.60,22.95,23.00,+0.10,1156462,26960528,346
2025-12-12,TPEx,5483,中美晶,104.00,105.50,103.50,103.50,0.00,2044977,213368631,1470
2025-12-12,TPEx,5487,通泰,29.00,29.40,29.00,29.35,+0.35,4059,118726,11
2025-12-12,TPEx,5488,松普,9.52,9.55,9.39,9.48,+0.02,76389,721909,62
2025-12-12,TPEx,5489,彩富,40.25,40.25,39.50,40.00,+0.10,42139,1683267,34
2025-12-12,TPEx,5490,同亨,27.65,27.70,27.15,27.35,-0.05,148573,4066530,182
2025-12-12,TPEx,5493,三聯,87.00,90.20,85.30,89.90,+4.60,511552,45297583,504
2025-12-12,TPEx,5498,凱崴,28.75,29.60,28.15,29.40,+0.70,36441389,1052744763,19675
2025-12-12,TPEx,5508,永信建,74.10,75.20,73.40,74.90,+0.30,344343,25715056,739
2025-12-12,TPEx,5511,德昌,65.30,65.40,65.10,65.20,-0.20,25345,1652725,34
2025-12-12,TPEx,5512,力麒,8.00,8.05,8.00,8.03,+0.05,464319,3724874,235
2025-12-12,TPEx,5514,三豐,16.80,16.80,16.80,16.80,0.00,2000,33600,1
2025-12-12,TPEx,5516,雙喜,13.80,14.05,13.35,14.05,+0.20,80094,1091856,39
2025-12-12,TPEx,5520,力泰,91.30,91.40,91.30,91.40,+0.10,4068,371536,9
2025-12-12,TPEx,5523,豐謙,30.35,30.45,30.15,30.40,+0.10,14321,434035,22
2025-12-12,TPEx,5529,鉅陞,24.00,24.00,23.85,23.85,0.00,26000,622950,12
2025-12-12,TPEx,5530,龍巖,47.75,48.35,47.70,48.20,+0.80,177207,8516147,168
2025-12-12,TPEx,5536,聖暉*,815.00,848.00,811.00,827.00,+24.00,3982849,3320955683,6698
2025-12-12,TPEx,5543,桓鼎-KY,28.95,29.50,28.50,29.50,+0.10,326142,9614997,20
2025-12-12,TPEx,5548,安倉,24.05,24.05,23.90,23.95,+0.05,39663,950929,40
2025-12-12,TPEx,5601,台聯櫃,35.90,35.90,35.90,35.90,-0.70,1000,35900,1
2025-12-12,TPEx,5603,陸海,18.95,18.95,18.80,18.80,-0.20,71022,1338750,149
2025-12-12,TPEx,5604,中連,37.75,37.75,37.25,37.75,0.00,14196,533939,26
2025-12-12,TPEx,5609,中菲行,80.10,81.00,80.00,80.20,+0.10,96170,7740187,182
2025-12-12,TPEx,5701,劍湖山,4.04,4.07,4.04,4.07,-0.01,14880,60198,33
2025-12-12,TPEx,5703,亞都,15.00,15.00,15.00,15.00,-0.05,1000,15000,1
2025-12-12,TPEx,5704,老爺知,26.40,27.25,26.05,27.25,+1.20,32786,860159,26
2025-12-12,TPEx,5864,致和證,14.50,14.55,14.35,14.35,-0.05,400930,5788640,197
2025-12-12,TPEx,5878,台名,,,,,,555,22920,6
2025-12-12,TPEx,5902,德記,45.35,46.40,45.05,45.25,-0.35,31434,1425631,31
2025-12-12,TPEx,5903,全家,191.50,192.00,190.00,192.00,0.00,49794,9514254,160
2025-12-12,TPEx,5904,寶雅,442.50,442.50,436.00,436.00,-5.00,134947,59137754,698
2025-12-12,TPEx,5905,南仁湖,8.92,9.05,8.90,8.94,+0.02,644773,5791107,299
2025-12-12,TPEx,6015,宏遠證,10.65,10.70,10.65,10.65,+0.05,4205744,44592810,110
2025-12-12,TPEx,6016,康和證,13.15,13.15,13.00,13.00,-0.10,1328421,17394788,438
2025-12-12,TPEx,6020,大展證,18.80,18.80,18.80,18.80,+0.10,2000,37250,8
2025-12-12,TPEx,6021,美好證,25.05,25.10,25.05,25.05,0.00,32121,806108,22
2025-12-12,TPEx,6023,元大期,95.20,95.90,95.20,95.60,+0.40,62608,5984670,135
2025-12-12,TPEx,6026,福邦證,12.25,12.30,12.20,12.25,+0.05,187399,2294536,135
2025-12-12,TPEx,6101,寬魚國際,37.20,37.20,37.10,37.15,+0.15,11815,438905,20
2025-12-12,TPEx,6103,合邦,34.95,35.45,34.95,35.45,+1.05,2532,88255,6
2025-12-12,TPEx,6104,創惟,98.50,100.00,95.00,95.20,-2.80,2033774,196538152,2102
2025-12-12,TPEx,6109,亞元,12.20,12.45,12.15,12.40,+0.20,98199,1205024,90
2025-12-12,TPEx,6111,大宇資,45.10,45.20,44.25,44.25,-0.35,312909,13965097,327
2025-12-12,TPEx,6113,亞矽,22.00,22.10,20.70,20.75,-0.85,938471,19829674,726
2025-12-12,TPEx,6114,久威,31.50,31.50,31.10,31.10,0.00,4163,129998,15
2025-12-12,TPEx,6118,建達,20.85,20.85,20.10,20.35,-0.15,1052841,21395112,714
2025-12-12,TPEx,6121,新普,369.00,369.00,363.00,363.50,-4.00,461997,168434590,845
2025-12-12,TPEx,6122,擎邦,49.00,49.00,48.10,48.55,+0.15,632627,30730640,614
2025-12-12,TPEx,6123,上奇,49.50,49.60,49.00,49.40,-0.25,135736,6684225,230
2025-12-12,TPEx,6124,業強,24.35,24.50,24.30,24.40,0.00,11362,277007,36
2025-12-12,TPEx,6125,廣運,66.20,70.80,66.00,69.40,+3.50,5731937,395090909,5061
2025-12-12,TPEx,6126,信音,30.55,30.75,30.35,30.50,0.00,345069,10513521,367
2025-12-12,TPEx,6127,九豪,28.80,29.40,28.25,29.25,+0.60,4269579,123350663,2387
2025-12-12,TPEx,6129,普誠,14.10,14.35,14.10,14.15,+0.05,190237,2702365,153
2025-12-12,TPEx,6130,上亞科技,47.25,47.25,45.95,46.70,-0.55,636055,29634536,419
2025-12-12,TPEx,6134,萬旭,24.10,26.30,24.05,25.60,+1.55,2298174,58646150,1714
2025-12-12,TPEx,6138,茂達,221.50,222.00,218.00,219.00,-1.00,249066,54684068,3463
2025-12-12,TPEx,6140,訊達,28.20,28.20,27.70,27.75,-0.25,106463,2965639,427
2025-12-12,TPEx,6143,振曜,125.50,127.50,124.50,127.50,+2.50,514594,64488426,540
2025-12-12,TPEx,6144,得利影,20.80,21.20,20.50,20.70,0.00,23724,492776,24
2025-12-12,TPEx,6146,耕興,162.00,164.50,161.50,162.50,+1.00,80031,13025090,290
2025-12-12,TPEx,6147,頎邦,52.90,53.40,52.90,53.20,+0.40,828547,44016596,1035
2025-12-12,TPEx,6148,驊宏資,41.55,41.65,40.75,40.85,-0.25,533610,21968698,589
2025-12-12,TPEx,6150,撼訊,66.00,66.50,65.60,66.10,+0.80,114418,7557234,216
2025-12-12,TPEx,6151,晉倫,28.75,28.80,28.45,28.75,+0.05,118007,3381083,142
2025-12-12,TPEx,6154,順發,13.35,13.35,13.30,13.35,-0.05,16996,226740,51
2025-12-12,TPEx,6156,松上,21.85,22.10,21.65,22.00,+0.20,407806,8908144,280
2025-12-12,TPEx,6158,禾昌,22.45,22.45,21.80,22.00,0.00,52557,1150011,52
2025-12-12,TPEx,6160,欣技,17.95,18.10,17.75,17.75,-0.15,63683,1138119,80
2025-12-12,TPEx,6161,捷波,46.90,47.10,45.65,45.80,-0.60,140305,6501481,265
2025-12-12,TPEx,6163,華電網,46.15,46.90,45.40,46.80,+0.90,1947480,89703739,1290
2025-12-12,TPEx,6167,久正,11.40,11.45,11.10,11.15,-0.05,267195,2986904,235
2025-12-12,TPEx,6169,昱泉,19.70,19.70,19.55,19.55,-0.15,4313,84303,23
2025-12-12,TPEx,6170,統振,49.85,50.60,49.80,50.00,+0.15,133586,6695162,139
2025-12-12,TPEx,6171,大城地產,27.70,27.70,27.45,27.65,-0.05,19070,526594,23
2025-12-12,TPEx,6173,信昌電,67.00,67.80,66.00,66.50,-0.80,4209725,280684203,3718
2025-12-12,TPEx,6174,安碁,21.00,21.05,20.75,20.95,-0.05,43369,908144,35
2025-12-12,TPEx,6175,立敦,52.40,53.50,51.60,53.40,+1.40,9142484,485344073,5806
2025-12-12,TPEx,6179,亞通,31.65,32.15,31.50,31.70,-0.20,881276,27995646,606
2025-12-12,TPEx,6180,橘子,52.60,53.00,52.50,52.90,+0.20,233112,12298208,255
2025-12-12,TPEx,6182,合晶,28.60,29.35,28.60,29.00,+0.65,3378059,98193926,1790
2025-12-12,TPEx,6185,幃翔,16.00,16.35,15.90,15.90,0.00,563428,9036823,233
2025-12-12,TPEx,6186,新潤,53.30,53.80,52.90,53.00,-0.10,353001,18792772,435
2025-12-12,TPEx,6187,萬潤,355.00,360.50,354.00,360.00,+5.00,930901,332347611,1554
2025-12-12,TPEx,6188,廣明,103.50,104.50,102.00,104.50,+1.50,1854956,192737565,1699
2025-12-12,TPEx,6190,萬泰科,42.70,44.10,42.40,43.30,+0.75,7484049,325543721,5768
2025-12-12,TPEx,6194,育富,36.00,36.45,36.00,36.10,+0.20,38242,1383875,32
2025-12-12,TPEx,6195,詩肯,25.60,25.60,25.55,25.60,+0.05,13393,342936,87
2025-12-12,TPEx,6198,瑞築,,,,,,0,0,0
2025-12-12,TPEx,6199,天品,97.20,97.20,94.60,95.00,-2.00,98260,9368481,192
2025-12-12,TPEx,6203,海韻電,71.60,71.80,69.90,70.00,-1.40,548590,38782765,606
2025-12-12,TPEx,6204,艾華,77.60,77.60,75.60,75.80,+0.20,96911,7373227,95
2025-12-12,TPEx,6207,雷科,48.50,48.95,48.00,48.00,-0.45,309750,14992590,315
2025-12-12,TPEx,6208,日揚,47.95,47.95,46.55,46.85,-0.15,102621,4816560,124
2025-12-12,TPEx,6210,慶生,19.85,20.50,19.75,20.20,+0.55,56035,1133806,43
2025-12-12,TPEx,6212,理銘,39.90,40.05,39.90,40.05,+0.15,6037,241430,6
2025-12-12,TPEx,6217,中探針,51.20,53.10,51.00,53.00,+1.90,5923972,309741034,4704
2025-12-12,TPEx,6218,豪勉,20.30,20.30,20.05,20.10,+0.25,118254,2385704,105
2025-12-12,TPEx,6219,富旺,19.70,20.00,19.70,19.75,+0.20,181050,3595178,100
2025-12-12,TPEx,6220,岳豐,26.30,26.55,26.15,26.50,+0.35,482306,12719875,326
2025-12-12,TPEx,6221,晉泰,31.70,31.95,31.40,31.80,+0.40,53926,1706968,78
2025-12-12,TPEx,6222,立軒,19.10,19.25,18.75,19.05,+0.35,77335,1470681,63
2025-12-12,TPEx,6223,旺矽,2320.00,2425.00,2320.00,2375.00,+60.00,1615248,3843691315,4164
2025-12-12,TPEx,6227,茂綸,84.70,84.70,82.60,82.60,-1.30,168685,14017806,193
2025-12-12,TPEx,6228,全譜,25.10,25.10,25.00,25.00,-0.10,6271,157199,11
2025-12-12,TPEx,6229,研通,22.10,22.15,22.10,22.15,+0.10,42004,928538,20
2025-12-12,TPEx,6231,系微,212.50,213.50,210.50,211.00,0.00,162513,34421401,670
2025-12-12,TPEx,6233,旺玖,21.10,21.60,21.10,21.40,+0.10,174307,3739249,125
2025-12-12,TPEx,6234,高僑,24.20,24.70,23.70,24.35,+1.00,2340750,56318376,1238
2025-12-12,TPEx,6236,中湛,,,,,,0,0,0
2025-12-12,TPEx,6237,驊訊,42.45,42.65,41.90,42.40,-0.20,308756,13039631,566
2025-12-12,TPEx,6240,松崗,18.75,19.35,18.25,18.70,-0.05,279019,5212706,30
2025-12-12,TPEx,6241,易通展,11.60,11.80,11.30,11.50,-0.20,51191,588708,66
2025-12-12,TPEx,6242,立康,39.30,39.30,39.00,39.00,-0.30,21677,847038,21
2025-12-12,TPEx,6244,茂迪,17.70,18.75,17.60,18.55,+1.05,9733656,178957852,4656
2025-12-12,TPEx,6245,立端,68.80,69.40,67.70,68.40,-0.10,862532,59066604,923
2025-12-12,TPEx,6246,臺龍,14.70,14.70,14.15,14.45,-0.15,89922,1297736,60
2025-12-12,TPEx,6248,沛波,18.85,19.00,18.85,18.90,+0.15,25332,478694,75
2025-12-12,TPEx,6259,百徽,18.15,18.35,17.65,18.00,+0.25,284215,5089532,193
2025-12-12,TPEx,6261,久元,69.40,69.50,66.40,66.60,-2.30,1017494,68617826,4618
2025-12-12,TPEx,6263,普萊德,129.50,131.00,129.50,130.50,+1.00,14500,1889352,33
2025-12-12,TPEx,6264,富裔,7.30,7.31,7.17,7.25,-0.07,23010,166169,21
2025-12-12,TPEx,6265,方土昶,19.55,20.90,19.55,20.35,+0.85,12727455,258074690,5834
2025-12-12,TPEx,6266,泰詠,28.70,29.40,28.55,28.90,+0.40,259540,7510174,250
2025-12-12,TPEx,6270,倍微,21.45,21.65,21.45,21.50,+0.05,44363,954791,55
2025-12-12,TPEx,6274,台燿,434.00,443.00,431.50,443.00,+13.00,8113707,3550807021,9107
2025-12-12,TPEx,6275,元山,54.70,56.80,54.00,54.00,+0.60,3840907,212786986,3258
2025-12-12,TPEx,6276,安鈦克,40.80,41.45,40.00,40.70,+0.70,39512,1615342,60
2025-12-12,TPEx,6279,胡連,127.50,128.00,126.50,127.00,0.00,271492,34551117,332
2025-12-12,TPEx,6284,佳邦,78.40,78.80,77.10,77.40,-0.70,908061,70470507,852
2025-12-12,TPEx,6290,良維,190.00,192.50,182.00,183.50,-4.50,22659309,4220081677,21120
2025-12-12,TPEx,6291,沛亨,191.50,193.00,177.50,179.00,-8.00,2441306,452564974,2954
2025-12-12,TPEx,6292,迅德,40.30,40.65,40.30,40.65,+0.35,14600,589772,24
2025-12-12,TPEx,6294,智基,44.10,44.25,43.90,44.25,-0.10,24178,1065288,40
2025-12-12,TPEx,6411,晶焱,78.80,78.80,77.00,78.20,+0.10,400080,31057898,547
2025-12-12,TPEx,6417,韋僑,102.50,102.50,101.50,102.50,0.00,26097,2665127,29
2025-12-12,TPEx,6418,詠昇,48.00,48.00,46.55,46.85,-0.25,217070,10243081,207
2025-12-12,TPEx,6419,京晨科,64.20,67.70,64.00,67.70,+6.10,338112,22617965,296
2025-12-12,TPEx,6425,易發,84.40,86.00,83.20,86.00,+1.80,980265,83251232,1164
2025-12-12,TPEx,6432,今展科,35.20,35.75,35.20,35.60,+0.10,359124,12722932,317
2025-12-12,TPEx,6435,大中,116.00,117.00,114.50,115.50,-0.50,357785,41384397,422
2025-12-12,TPEx,6441,廣錠,22.70,23.00,22.65,23.00,+0.30,43072,983605,49
2025-12-12,TPEx,6461,益得,15.15,15.15,14.75,14.75,-0.15,65124,967256,64
2025-12-12,TPEx,6462,神盾,131.00,134.00,127.00,127.50,-1.00,1641655,213492667,1451
2025-12-12,TPEx,6465,威潤,31.20,34.25,31.20,34.00,+2.85,1559678,50672021,1074
2025-12-12,TPEx,6469,大樹,95.00,95.60,94.10,94.20,-0.50,392577,37169652,1662
2025-12-12,TPEx,6470,宇智,42.95,43.20,42.75,43.05,+0.25,47079,2019397,39
2025-12-12,TPEx,6474,華豫寧,35.00,35.00,34.60,34.70,-0.10,47115,1636982,66
2025-12-12,TPEx,6482,弘煜科,39.50,39.50,39.05,39.20,+0.05,15060,591035,20
2025-12-12,TPEx,6485,點序,68.80,70.90,68.60,69.30,+0.80,473516,32984910,443
2025-12-12,TPEx,6486,互動,81.40,81.70,79.80,80.80,+1.10,547041,44253585,614
2025-12-12,TPEx,6488,環球晶,387.50,387.50,378.00,380.00,-4.50,1552979,592490372,2904
2025-12-12,TPEx,6492,生華科,41.55,42.15,40.80,41.40,-0.15,111052,4607452,150
2025-12-12,TPEx,6494,九齊,37.00,37.00,36.00,36.30,-0.25,62496,2260032,91
2025-12-12,TPEx,6496,科懋,29.45,29.45,29.10,29.10,-0.35,11911,339787,41
2025-12-12,TPEx,6498,久禾光,90.10,90.90,90.10,90.30,+0.20,20506,1854824,120
2025-12-12,TPEx,6499,益安,97.70,97.70,94.30,94.50,-1.60,423376,40439580,1170
2025-12-12,TPEx,6506,雙邦,15.65,15.65,15.50,15.55,-0.05,26359,411047,21
2025-12-12,TPEx,6508,惠光,23.90,24.00,23.85,23.90,-0.15,14925,357033,38
2025-12-12,TPEx,6509,聚和,34.00,34.75,34.00,34.35,+0.35,397714,13659717,360
2025-12-12,TPEx,6510,精測,2080.00,2160.00,2080.00,2160.00,+195.00,477356,1024148960,1441
2025-12-12,TPEx,6512,啟發電,,,,,,1184,24424,18
2025-12-12,TPEx,6516,勤崴國際,59.60,60.10,59.50,60.10,+0.10,14465,865234,29
2025-12-12,TPEx,6517,保勝光學,59.50,62.50,58.80,61.00,+1.50,506447,30619824,374
2025-12-12,TPEx,6523,達爾膚,120.50,120.50,120.00,120.50,+0.50,17518,2105612,41
2025-12-12,TPEx,6527,明達醫,78.50,80.00,78.20,80.00,+1.70,14308,1125214,19
2025-12-12,TPEx,6530,創威,66.80,67.40,65.70,67.00,+0.50,1500479,100018712,1860
2025-12-12,TPEx,6532,瑞耘,56.50,56.60,55.00,55.10,-0.90,171907,9537870,137
2025-12-12,TPEx,6535,順藥,189.00,190.50,187.00,188.50,0.00,136412,25715576,226
2025-12-12,TPEx,6538,倉和,62.60,65.50,62.60,65.50,+2.90,113186,7342594,183
2025-12-12,TPEx,6542,隆中,50.90,50.90,50.00,50.30,0.00,13109,660011,14
2025-12-12,TPEx,6546,正基,60.50,65.10,60.50,64.10,+4.00,1118369,71310166,1279
2025-12-12,TPEx,6547,高端疫苗,38.55,38.90,38.40,38.40,+0.10,544569,21020827,619
2025-12-12,TPEx,6548,長科*,42.40,43.00,42.20,42.45,+0.05,2706686,115380990,2302
2025-12-12,TPEx,6556,勝品,68.30,69.30,68.30,69.30,+0.40,5001,344266,6
2025-12-12,TPEx,6560,欣普羅,40.95,42.00,40.60,40.70,+0.10,86992,3570129,72
2025-12-12,TPEx,6561,是方,358.00,363.00,357.50,358.00,+3.00,61118,21992455,169
2025-12-12,TPEx,6568,宏觀,105.00,105.00,102.50,102.50,0.00,30354,3128559,79
2025-12-12,TPEx,6569,醫揚,109.00,110.00,109.00,110.00,0.00,22481,2462784,62
2025-12-12,TPEx,6570,維田,38.05,38.45,38.05,38.30,-0.35,34543,1322215,73
2025-12-12,TPEx,6574,霈方,,,,,,222,15007,6
2025-12-12,TPEx,6576,逸達,79.80,80.40,78.50,79.30,-0.10,49567,3924708,114
2025-12-12,TPEx,6577,勁豐,68.30,68.50,68.10,68.30,+0.10,20141,1375555,23
2025-12-12,TPEx,6578,達邦蛋白,18.95,19.20,18.90,19.15,+0.15,38062,726728,42
2025-12-12,TPEx,6584,南俊國際,340.00,356.00,325.00,327.00,-11.50,2447011,831568410,3428
2025-12-12,TPEx,6588,東典光電,43.50,46.75,41.85,46.75,+4.25,3892887,176271369,3436
2025-12-12,TPEx,6590,普鴻,77.30,77.30,77.30,77.30,+1.30,1002,77455,2
2025-12-12,TPEx,6593,台灣銘板,39.75,39.95,39.55,39.55,-0.10,23664,938515,87
2025-12-12,TPEx,6596,寬宏藝術,143.00,144.50,141.50,141.50,-0.50,207883,29647847,283
2025-12-12,TPEx,6597,立誠,60.00,60.00,59.50,59.50,-0.10,8010,479396,9
2025-12-12,TPEx,6603,富強鑫,24.35,24.75,24.15,24.50,+0.25,1960075,47823943,1248
2025-12-12,TPEx,6609,瀧澤科,36.30,37.00,36.30,36.60,-0.20,82744,3030938,179
2025-12-12,TPEx,6612,奈米醫材,83.00,83.00,80.40,80.40,-1.90,45096,3675589,142
2025-12-12,TPEx,6613,朋億*,192.00,197.00,192.00,194.00,+4.50,296000,57594772,984
2025-12-12,TPEx,6615,慧智,30.60,30.60,30.60,30.60,-0.40,4002,122462,4
2025-12-12,TPEx,6616,特昇-KY,9.45,9.57,9.45,9.57,-0.02,19000,180440,15
2025-12-12,TPEx,6617,共信-KY,88.10,88.50,85.00,87.40,-0.60,233666,20255922,876
2025-12-12,TPEx,6624,萬年清,71.10,71.10,66.70,68.00,-4.50,465459,31631873,404
2025-12-12,TPEx,6629,泰金-KY,132.00,132.00,125.50,128.50,-1.00,59379,7551258,136
2025-12-12,TPEx,6637,醫影,78.20,79.10,78.20,78.40,+0.20,10154,796242,12
2025-12-12,TPEx,6640,均華,671.00,671.00,630.00,632.00,-19.00,359461,231794625,1278
2025-12-12,TPEx,6642,富致,51.80,52.00,51.30,51.90,0.00,54036,2793529,118
2025-12-12,TPEx,6643,M31,405.00,410.00,401.00,402.00,-2.00,361744,146032433,1402
2025-12-12,TPEx,6649,台生材,48.60,48.60,48.00,48.30,+0.65,54144,2611130,55
2025-12-12,TPEx,6651,全宇昕,80.30,80.40,78.30,78.30,-1.90,160932,12761299,553
2025-12-12,TPEx,6654,天正國際,88.80,88.80,87.40,88.80,0.00,17598,1550650,183
2025-12-12,TPEx,6661,威健生技,18.85,18.85,18.85,18.85,0.00,5000,94250,4
2025-12-12,TPEx,6662,樂斯科,,,,,,1,31,1
2025-12-12,TPEx,6664,群翊,318.00,318.00,305.00,307.50,-9.00,1467542,455381213,18675
2025-12-12,TPEx,6667,信紘科,273.00,283.00,270.50,272.50,+6.00,3220749,893775080,5062
2025-12-12,TPEx,6679,鈺太,181.50,182.50,179.00,179.50,-3.00,139205,25112411,213
2025-12-12,TPEx,6680,鑫創電子,64.00,65.00,61.80,64.40,+0.40,12237,781819,19
2025-12-12,TPEx,6683,雍智科技,435.00,445.50,433.00,434.00,0.00,597727,262421795,1014
2025-12-12,TPEx,6684,安格,51.90,53.20,51.80,52.00,+0.20,104313,5435931,146
2025-12-12,TPEx,6690,安碁資訊,172.00,172.50,171.50,172.50,-0.50,8374,1440038,68
2025-12-12,TPEx,6692,進能服,30.00,30.60,29.95,30.15,+0.15,18063,542640,17
2025-12-12,TPEx,6693,廣閎科,79.60,81.00,78.00,78.20,-1.40,215860,16972802,160
2025-12-12,TPEx,6697,東捷資訊,49.90,49.90,48.80,48.80,-0.70,43212,2123820,18
2025-12-12,TPEx,6703,軒郁,111.50,112.00,110.00,111.00,-0.50,22344,2481519,68
2025-12-12,TPEx,6708,天擎,37.05,37.70,37.05,37.70,+0.25,2112,78938,8
2025-12-12,TPEx,6712,長聖,166.00,167.50,164.50,164.50,-1.50,117023,19373524,229
2025-12-12,TPEx,6716,應廣,47.95,47.95,46.95,46.95,-0.10,22170,1044454,24
2025-12-12,TPEx,6720,久昌,125.00,126.00,125.00,126.00,0.00,17515,2194675,23
2025-12-12,TPEx,6721,信實,61.60,61.70,61.50,61.60,-0.20,7006,431667,9
2025-12-12,TPEx,6727,亞泰金屬,188.50,200.00,188.50,194.50,+6.50,1144775,223018840,1149
2025-12-12,TPEx,6728,上洋,132.50,133.50,132.50,133.50,+1.00,6168,818324,43
2025-12-12,TPEx,6730,常廣,36.35,36.95,36.35,36.50,-0.05,100905,3689422,102
2025-12-12,TPEx,6732,昇佳電子,180.00,180.00,174.00,175.00,-4.00,102032,17966255,350
2025-12-12,TPEx,6733,博晟生醫,39.40,39.40,38.45,38.75,+0.60,119091,4615904,101
2025-12-12,TPEx,6735,美達科技,58.50,61.00,58.50,61.00,+1.60,56472,3408589,95
2025-12-12,TPEx,6739,竹陞科技,827.00,835.00,790.00,792.00,-19.00,877694,712499040,3932
2025-12-12,TPEx,6741,91APP*-KY,72.80,73.50,71.70,71.80,-0.50,216141,15636549,277
2025-12-12,TPEx,6751,智聯服務,51.90,52.90,51.50,51.80,-0.30,34527,1790652,45
2025-12-12,TPEx,6752,叡揚,124.50,128.00,124.50,125.00,0.00,39685,4993866,51
2025-12-12,TPEx,6761,穩得,124.00,125.00,122.00,122.00,-2.00,182393,22391712,286
2025-12-12,TPEx,6762,達亞,,,,,,81,15147,2
2025-12-12,TPEx,6763,綠界科技*,58.10,59.00,57.80,57.80,-0.20,419373,24431947,436
2025-12-12,TPEx,6767,台微醫,28.45,28.45,27.90,28.05,+0.15,45042,1266397,27
2025-12-12,TPEx,6785,昱展新藥,278.00,281.50,276.00,279.50,+1.50,123333,34394356,412
2025-12-12,TPEx,6788,華景電,250.50,253.00,245.50,247.50,+0.50,658967,163663536,3675
2025-12-12,TPEx,6791,虎門科技,106.00,106.00,104.00,104.00,-1.00,11221,1178601,36
2025-12-12,TPEx,6803,崑鼎,294.50,297.00,294.00,297.00,+2.50,44488,13150905,245
2025-12-12,TPEx,6804,明係,20.10,20.35,19.50,20.15,+0.05,60402,1206369,51
2025-12-12,TPEx,6811,宏碁資訊,209.50,210.00,207.00,207.00,-2.00,61460,12790617,141
2025-12-12,TPEx,6821,聯寶,38.15,38.15,37.55,37.55,-0.85,27011,1023112,29
2025-12-12,TPEx,6823,濾能,77.50,83.10,77.10,82.10,+5.30,511594,41089771,865
2025-12-12,TPEx,6829,千附精密,108.50,110.00,108.50,108.50,+0.50,120733,13148811,276
2025-12-12,TPEx,6840,東研信超,62.20,62.60,61.80,61.80,-0.30,45644,2839608,70
2025-12-12,TPEx,6841,長佳智能,68.50,68.70,67.20,67.60,-0.70,200227,13615499,361
2025-12-12,TPEx,6843,進典,56.50,56.50,56.10,56.10,-0.10,12024,676156,13
2025-12-12,TPEx,6844,諾貝兒,75.20,76.30,75.10,76.30,+0.10,17158,1300807,30
2025-12-12,TPEx,6846,綠茵,73.90,75.80,73.90,75.60,+0.90,7002,522348,7
2025-12-12,TPEx,6855,數泓科,106.00,106.00,106.00,106.00,+1.00,8166,865379,14
2025-12-12,TPEx,6856,鑫傳,57.60,57.60,57.60,57.60,-0.20,1443,82230,3
2025-12-12,TPEx,6859,伯特光,114.50,116.00,113.50,115.00,+1.00,140340,16104896,80
2025-12-12,TPEx,6865,偉康科技,43.50,43.50,43.30,43.50,+0.30,9115,396068,8
2025-12-12,TPEx,6870,騰雲,220.50,220.50,215.00,217.50,0.00,103258,22514375,222
2025-12-12,TPEx,6872,浩宇生醫,20.80,20.80,20.30,20.35,-0.05,70007,1429092,36
2025-12-12,TPEx,6874,倍力,70.70,70.70,68.50,68.60,-1.00,15411,1067552,26
2025-12-12,TPEx,6875,國邑*,55.10,56.60,54.00,54.00,-1.60,197235,10819072,174
2025-12-12,TPEx,6877,鏵友益,87.60,89.20,87.60,87.70,+0.70,100512,8870040,91
2025-12-12,TPEx,6881,潤德,229.00,229.00,226.00,228.00,0.00,21935,4983170,38
2025-12-12,TPEx,6894,衛司特,201.50,201.50,197.50,200.50,-1.00,22631,4528163,53
2025-12-12,TPEx,6895,宏碩系統,203.00,206.00,199.00,199.00,-5.50,232648,46913909,361
2025-12-12,TPEx,6899,創為精密,52.90,54.00,52.90,54.00,+1.00,11000,591600,11
2025-12-12,TPEx,6903,巨漢,189.50,197.00,182.00,182.50,-4.50,1199649,225804925,1507
2025-12-12,TPEx,6904,伯鑫,115.50,120.00,114.50,120.00,+2.00,9008,1059431,12
2025-12-12,TPEx,6910,德鴻,37.60,38.85,36.60,38.00,-1.60,891101,33484314,725
2025-12-12,TPEx,6913,鴻呈,120.50,122.50,120.00,120.00,0.00,108703,13157857,133
2025-12-12,TPEx,6922,宸曜,174.00,175.00,174.00,174.50,+0.50,10660,1862372,64
2025-12-12,TPEx,6925,意藍,95.40,97.90,95.40,97.10,+1.70,108109,10500349,177
2025-12-12,TPEx,6929,佑全,32.00,33.95,31.90,33.90,-0.05,8793,288327,20
2025-12-12,TPEx,6953,家碩,202.00,209.50,201.00,203.00,+2.00,20002,4115762,44
2025-12-12,TPEx,6967,汎瑋材料,71.90,73.80,70.70,70.80,-0.80,305662,22069970,531
2025-12-12,TPEx,6968,萬達寵物,53.90,54.00,53.50,54.00,+0.10,17328,932635,37
2025-12-12,TPEx,6971,惠民實業,31.00,31.80,30.90,31.70,+0.75,32044,996506,26
2025-12-12,TPEx,6982,大井泵浦,63.70,65.00,63.60,64.60,+1.00,24258,1560103,53
2025-12-12,TPEx,6996,力領科技,145.00,145.00,144.00,144.50,0.00,29288,4238531,61
2025-12-12,TPEx,6997,博弘,90.80,90.80,90.20,90.20,+0.40,3000,271500,3
2025-12-12,TPEx,7402,邑錡,131.50,131.50,129.50,130.00,-1.50,84222,10933163,114
2025-12-12,TPEx,7547,碩網,61.40,62.50,61.20,61.50,+0.10,26851,1657112,48
2025-12-12,TPEx,7556,意德士,169.00,171.50,168.00,171.50,0.00,17307,2928707,932
2025-12-12,TPEx,7584,樂意,43.45,43.45,42.50,42.50,-0.25,11128,478344,16
2025-12-12,TPEx,7642,昶瑞機電,85.00,85.00,83.20,83.50,-1.00,22973,1928942,62
2025-12-12,TPEx,7703,銳澤,230.50,237.00,226.50,226.50,-1.00,251542,58210212,1973
2025-12-12,TPEx,7704,明遠精密,43.25,43.60,43.20,43.50,+0.30,37100,1612439,35
2025-12-12,TPEx,7708,全家餐飲,97.00,97.20,97.00,97.10,+0.10,8970,870812,21
2025-12-12,TPEx,7709,榮田,38.20,38.20,38.20,38.20,+0.25,1050,40131,3
2025-12-12,TPEx,7712,博盛半導體,84.50,87.80,84.50,85.00,+1.10,507373,43708927,988
2025-12-12,TPEx,7713,威力德生醫,73.50,74.20,73.30,74.20,-0.30,10005,736065,7
2025-12-12,TPEx,7714,創泓科技,156.00,160.50,152.00,153.00,-2.00,262250,40980849,1158
2025-12-12,TPEx,7715,裕山,29.05,29.60,29.05,29.60,+0.55,41334,1207778,29
2025-12-12,TPEx,7716,昱臺國際,25.60,25.70,25.60,25.70,+0.10,6000,153800,6
2025-12-12,TPEx,7717,萊德光電-KY,275.00,293.00,268.00,293.00,+26.50,932680,267061884,1079
2025-12-12,TPEx,7718,友鋮,44.70,45.10,44.65,44.65,+0.40,75068,3364383,36
2025-12-12,TPEx,7723,築間,31.85,31.90,31.40,31.60,-0.15,60472,1910042,96
2025-12-12,TPEx,7728,光焱科技,476.00,492.00,476.00,478.50,+2.50,33162,16095656,107
2025-12-12,TPEx,7734,印能科技,897.00,909.00,884.00,887.00,-11.00,43245,38703945,933
2025-12-12,TPEx,7738,東聯互動,191.00,194.50,187.50,193.00,+2.00,77084,14702566,220
2025-12-12,TPEx,7743,金利食安,21.65,21.65,21.60,21.60,0.00,4000,86500,2
2025-12-12,TPEx,7744,崴寶,280.00,280.50,271.00,273.50,-7.50,151924,41842872,331
2025-12-12,TPEx,7747,昕奇雲端,123.00,123.00,118.00,120.00,-4.00,69460,8368785,300
2025-12-12,TPEx,7751,竑騰,626.00,630.00,619.00,630.00,+9.00,147037,91506691,302
2025-12-12,TPEx,7753,星亞,42.95,43.15,42.65,42.65,+0.05,13017,558622,16
2025-12-12,TPEx,7757,金色三麥,120.00,120.00,119.00,120.00,+0.50,24832,2969379,69
2025-12-12,TPEx,7767,仁大資訊,49.00,52.50,49.00,52.30,+3.35,785877,40433144,503
2025-12-12,TPEx,7770,君曜,59.00,60.10,58.70,59.30,+0.40,319275,19002928,255
2025-12-12,TPEx,7782,光速火箭,29.05,29.10,28.50,28.50,-0.50,17417,504223,23
2025-12-12,TPEx,8024,佑華,12.30,12.35,12.15,12.20,-0.15,42006,514625,28
2025-12-12,TPEx,8027,鈦昇,104.00,108.00,103.00,105.00,+1.00,3164760,333465367,3117
2025-12-12,TPEx,8032,光菱,39.00,39.60,38.60,39.20,+0.70,315040,12298019,311
2025-12-12,TPEx,8034,榮群,26.20,27.45,26.20,27.00,+1.00,2791104,75443272,1876
2025-12-12,TPEx,8038,長園科,42.20,42.95,41.80,42.30,+0.20,440527,18633621,456
2025-12-12,TPEx,8040,九暘,50.60,51.00,49.90,50.30,0.00,125536,6319676,132
2025-12-12,TPEx,8042,金山電,55.00,55.60,53.80,55.10,+0.10,3241675,176715590,2744
2025-12-12,TPEx,8043,蜜望實,85.20,86.90,82.00,82.60,-3.00,8643749,724459862,7225
2025-12-12,TPEx,8044,網家,29.00,29.30,28.75,28.75,-0.05,241999,7007610,341
2025-12-12,TPEx,8047,星雲,50.70,51.40,49.90,50.50,+0.50,113097,5705637,107
2025-12-12,TPEx,8048,德勝,56.00,58.90,55.10,56.90,+1.20,1883600,107382050,1484
2025-12-12,TPEx,8049,晶采,25.00,25.10,24.95,24.95,0.00,45527,1139291,51
2025-12-12,TPEx,8050,廣積,42.90,43.25,42.40,42.40,-0.40,286038,12220458,359
2025-12-12,TPEx,8054,安國,146.50,150.00,144.50,145.50,-1.00,4788012,704567275,4710
2025-12-12,TPEx,8059,凱碩,19.20,19.30,18.90,19.10,+0.05,110765,2107567,105
2025-12-12,TPEx,8064,東捷,44.10,44.60,43.80,43.85,-0.20,1062249,46821859,1301
2025-12-12,TPEx,8066,來思達,19.80,19.85,19.80,19.85,-0.05,16698,330717,53
2025-12-12,TPEx,8067,志旭,15.20,15.20,14.45,14.45,-0.45,9551,139064,16
2025-12-12,TPEx,8068,全達,21.15,22.00,20.40,20.65,-0.10,2567039,54045488,1395
2025-12-12,TPEx,8069,元太,188.00,190.00,187.00,187.00,-0.50,2038443,383160110,1992
2025-12-12,TPEx,8071,能率網通,18.20,18.20,17.90,17.95,+0.10,181233,3274582,114
2025-12-12,TPEx,8074,鉅橡,40.10,41.50,37.50,39.50,+1.50,26888512,1058337510,17123
2025-12-12,TPEx,8076,伍豐,22.75,23.10,22.70,22.75,+0.10,394667,9039140,291
2025-12-12,TPEx,8077,洛碁,,,,,,0,0,0
2025-12-12,TPEx,8080,泰霖,28.65,29.00,28.55,29.00,0.00,8175,235792,8
2025-12-12,TPEx,8083,瑞穎,154.50,155.00,154.00,155.00,+0.50,13165,2034104,56
2025-12-12,TPEx,8084,巨虹,,,,,,0,0,0
2025-12-12,TPEx,8085,福華,17.00,17.55,16.95,17.30,+0.40,681322,11741365,437
2025-12-12,TPEx,8086,宏捷科,104.50,106.50,101.50,102.50,-1.50,2678596,276597196,2008
2025-12-12,TPEx,8087,麗升能源,32.00,32.80,31.85,31.85,-0.90,19314,618341,27
2025-12-12,TPEx,8088,品安,41.20,43.00,41.00,41.90,+1.00,4142929,174825064,2969
2025-12-12,TPEx,8089,康全電訊,27.85,29.10,27.85,28.20,+0.35,173732,4943816,142
2025-12-12,TPEx,8091,翔名,117.50,120.00,117.50,118.00,+1.50,281596,33384785,361
2025-12-12,TPEx,8092,建暐,14.30,14.30,14.25,14.25,-0.05,26015,371860,21
2025-12-12,TPEx,8093,保銳,14.80,15.05,14.45,15.05,+0.25,40101,586300,30
2025-12-12,TPEx,8096,擎亞,51.50,53.30,51.40,51.50,-0.20,4410865,230222772,3276
2025-12-12,TPEx,8097,常珵,65.80,65.90,63.30,63.30,-2.40,244260,15669417,158
2025-12-12,TPEx,8099,大世科,74.40,75.60,74.20,74.80,+0.10,77926,5846665,118
2025-12-12,TPEx,8107,大億金茂,14.15,14.20,14.00,14.00,-0.15,132133,1860079,110
2025-12-12,TPEx,8109,博大,97.90,99.30,97.70,98.50,+0.90,82471,8111711,97
2025-12-12,TPEx,8111,立碁,69.10,69.30,68.10,69.20,+0.10,1353841,93077242,1195
2025-12-12,TPEx,8121,越峰,28.05,28.65,27.60,28.15,+0.15,273236,7645377,190
2025-12-12,TPEx,8147,正淩,100.50,102.00,99.90,100.00,0.00,61353,6185299,66
2025-12-12,TPEx,8155,博智,177.00,178.00,173.50,174.00,-1.00,1015287,177726989,3831
2025-12-12,TPEx,8171,天宇,25.00,26.80,24.60,26.60,+1.30,261349,6892092,244
2025-12-12,TPEx,8176,智捷,10.60,10.75,10.40,10.70,+0.10,79091,838770,70
2025-12-12,TPEx,8182,加高,25.80,25.95,25.60,25.95,+0.15,21112,543860,25
2025-12-12,TPEx,8183,精星,33.80,33.90,33.10,33.30,-0.50,237947,7968038,206
2025-12-12,TPEx,8227,巨有科技,159.00,159.00,152.50,154.00,-4.00,523649,81129166,1181
2025-12-12,TPEx,8234,新漢,73.40,74.20,72.70,72.90,-0.50,582173,42759513,704
2025-12-12,TPEx,8240,華宏,32.70,32.90,32.60,32.60,0.00,56341,1841025,60
2025-12-12,TPEx,8255,朋程,118.00,118.50,117.00,118.00,+1.00,173309,20371304,242
2025-12-12,TPEx,8272,全景軟體,81.50,82.00,81.50,82.00,0.00,11365,930244,13
2025-12-12,TPEx,8277,商丞,8.72,8.98,8.71,8.74,-0.25,339708,2986458,206
2025-12-12,TPEx,8279,生展,118.00,118.00,116.00,118.00,0.00,48386,5672332,55
2025-12-12,TPEx,8284,三竹,62.90,63.10,62.90,63.00,0.00,12278,773321,17
2025-12-12,TPEx,8289,泰藝,20.30,20.30,20.05,20.15,-0.15,31006,627073,27
2025-12-12,TPEx,8299,群聯,1125.00,1155.00,1120.00,1125.00,+20.00,5234059,5966117730,7722
2025-12-12,TPEx,8342,益張,85.50,85.60,85.50,85.60,+0.10,10080,862446,9
2025-12-12,TPEx,8349,恒耀,44.35,44.80,44.25,44.60,-0.20,57491,2555596,66
2025-12-12,TPEx,8349A,恒耀甲特,46.15,46.15,46.15,46.15,+0.05,11000,507650,5
2025-12-12,TPEx,8354,冠好,16.05,16.50,16.00,16.45,+0.45,34669,563289,67
2025-12-12,TPEx,8358,金居,280.00,283.00,268.50,268.50,-7.50,30443880,8384947486,28531
2025-12-12,TPEx,8383,千附,40.55,41.20,40.55,40.85,+0.35,245490,10044157,247
2025-12-12,TPEx,8390,金益鼎,87.90,89.00,86.50,86.90,+0.70,1701658,149202129,4871
2025-12-12,TPEx,8401,白紗科,28.55,28.55,28.40,28.50,-0.05,52856,1504177,57
2025-12-12,TPEx,8403,盛弘,23.55,23.55,23.50,23.55,+0.05,39481,930003,112
2025-12-12,TPEx,8409,商之器,21.20,21.25,21.20,21.25,+0.05,6148,130408,14
2025-12-12,TPEx,8410,森田,36.70,36.90,36.60,36.90,-0.10,5036,184725,11
2025-12-12,TPEx,8415,大國鋼,33.90,33.90,33.70,33.75,0.00,99286,3355961,65
2025-12-12,TPEx,8416,實威,182.50,182.50,180.50,181.50,-1.00,12926,2349371,32
2025-12-12,TPEx,8421,旭源,12.85,13.00,12.70,13.00,0.00,173069,2216981,50
2025-12-12,TPEx,8423,保綠-KY,17.70,17.75,17.70,17.70,+0.05,11922,210810,35
2025-12-12,TPEx,8424,惠普,73.60,73.80,73.60,73.80,+0.20,3000,221100,3
2025-12-12,TPEx,8426,紅木-KY,28.65,28.80,28.50,28.65,0.00,31038,889288,28
2025-12-12,TPEx,8431,匯鑽科,55.00,60.20,54.80,60.20,+5.40,5242285,309383195,4243
2025-12-12,TPEx,8432,東生華,58.00,58.50,57.70,57.90,+0.50,147331,8559161,98
2025-12-12,TPEx,8433,弘帆,50.90,50.90,50.10,50.20,-0.10,6120,308645,14
2025-12-12,TPEx,8435,鉅邁,52.50,52.90,52.50,52.90,0.00,14409,760733,17
2025-12-12,TPEx,8436,大江,106.00,109.50,106.00,108.00,+2.50,702960,76258118,585
2025-12-12,TPEx,8437,大地-KY,17.15,17.15,17.00,17.00,0.00,24096,410816,48
2025-12-12,TPEx,8440,綠電,24.90,25.30,24.65,24.95,+0.35,76543,1913190,116
2025-12-12,TPEx,8444,綠河-KY,12.00,12.10,11.65,11.90,0.00,47802,571002,37
2025-12-12,TPEx,8446,華研,96.70,96.80,95.10,95.20,-1.10,109634,10502623,168
2025-12-12,TPEx,8450,霹靂,17.05,17.45,17.05,17.20,+0.20,27024,462800,36
2025-12-12,TPEx,8455,大拓-KY,21.70,21.80,21.70,21.80,+0.05,6027,131141,4
2025-12-12,TPEx,8472,夠麻吉,72.00,72.00,67.80,68.30,-4.70,103639,7184523,197
2025-12-12,TPEx,8477,創業家,11.90,11.90,11.90,11.90,0.00,2001,23811,3
2025-12-12,TPEx,8489,三貝德,40.80,41.00,39.65,40.30,+0.10,79522,3191940,477
2025-12-12,TPEx,8905,裕國,30.60,30.70,30.50,30.70,+0.10,4257,130173,15
2025-12-12,TPEx,8906,花王,30.85,31.00,30.80,30.80,+0.50,68000,2107250,12
2025-12-12,TPEx,8908,欣雄,43.90,45.50,43.90,44.30,+0.30,32530,1452828,61
2025-12-12,TPEx,8916,光隆,49.00,49.50,49.00,49.45,+0.45,118369,5827484,122
2025-12-12,TPEx,8917,欣泰,58.10,58.50,58.10,58.50,-0.40,5040,294100,7
2025-12-12,TPEx,8921,沈氏,,,,,,89,1505,4
2025-12-12,TPEx,8923,時報,19.60,19.60,19.60,19.60,-0.50,1128,21935,4
2025-12-12,TPEx,8924,大田,73.00,73.30,72.70,72.80,-0.20,15424,1125172,60
2025-12-12,TPEx,8927,北基,24.20,24.70,24.20,24.30,+0.20,433895,10573556,282
2025-12-12,TPEx,8928,鉅明,25.25,25.25,25.10,25.10,-0.10,23120,581350,21
2025-12-12,TPEx,8929,富堡,16.25,16.25,16.20,16.20,0.00,4233,68768,30
2025-12-12,TPEx,8930,青鋼,30.95,31.25,30.80,31.00,+0.35,51154,1583165,40
2025-12-12,TPEx,8931,大汽電,47.25,47.25,46.45,47.10,-0.10,14005,657130,18
2025-12-12,TPEx,8932,智通*,168.00,172.00,166.00,166.50,-1.00,730229,123051701,3475
2025-12-12,TPEx,8933,愛地雅,5.74,5.95,5.70,5.89,+0.15,201103,1180096,159
2025-12-12,TPEx,8935,邦泰,18.55,18.75,18.45,18.55,0.00,165790,3078305,118
2025-12-12,TPEx,8936,國統,57.60,58.50,56.90,57.50,0.00,1684226,97075106,1292
2025-12-12,TPEx,8937,合騏,157.50,159.50,153.00,157.00,-0.50,118539,18444447,431
2025-12-12,TPEx,8938,明安,69.90,70.40,68.80,68.80,-1.10,139413,9676430,413
2025-12-12,TPEx,8941,關中,,,,,,331,14745,5
2025-12-12,TPEx,8942,森鉅,36.95,37.85,36.95,37.45,+0.60,103368,3873997,178
2025-12-12,TPEx,9949,琉園,26.80,27.00,26.10,26.95,+0.50,150014,4004657,192
2025-12-12,TPEx,9950,萬國通,10.25,10.45,10.20,10.45,+0.15,178694,1824263,41
2025-12-12,TPEx,9951,皇田,56.30,56.50,56.00,56.00,-0.20,53935,3029169,105
2025-12-12,TPEx,9960,邁達康,20.70,21.00,20.70,21.00,+0.10,3030,63030,5
2025-12-12,TPEx,9962,有益,10.30,10.30,10.25,10.30,+0.05,32311,332385,36
