date,market,code,name,open,high,low,close,change,volume,value,transactions
2025-08-01,TWSE,0050,元大台灣50,50.80,51.20,50.65,51.10,-0.45,103281333,5266354394,89437
2025-08-01,TWSE,0051,元大中型100,78.00,78.90,77.90,78.35,-0.10,66298,5201398,315
2025-08-01,TWSE,0052,富邦科技,199.25,200.70,199.25,200.35,-2.65,821877,164306941,1498
2025-08-01,TWSE,0053,元大電子,109.35,109.90,109.35,109.85,-0.65,8518,934438,122
2025-08-01,TWSE,0055,元大MSCI金融,29.03,29.25,28.90,29.25,0.12,148194,4319764,344
2025-08-01,TWSE,0056,元大高股息,34.40,34.83,34.32,34.81,0.02,38516708,1335288061,20524
2025-08-01,TWSE,0057,富邦摩台,150.95,151.30,150.60,150.90,-1.85,79018,11930899,114
2025-08-01,TWSE,0061,元大寶滬深,18.81,18.92,18.71,18.75,-0.20,206786,3886492,106
2025-08-01,TWSE,006203,元大MSCI台灣,93.75,93.75,93.75,93.75,-0.55,1961,183893,29
2025-08-01,TWSE,006204,永豐臺灣加權,120.20,120.45,120.20,120.40,-0.80,82114,9876254,77
2025-08-01,TWSE,006205,富邦上証,32.37,32.82,32.37,32.40,-0.39,661933,21555642,272
2025-08-01,TWSE,006206,元大上證50,31.06,31.10,30.74,30.74,-0.40,158977,4906557,149
2025-08-01,TWSE,006207,復華滬深,24.65,24.87,24.63,24.63,-0.27,33520,826816,92
2025-08-01,TWSE,006208,富邦台50,118.75,119.60,118.60,119.35,-1.25,8489712,1011730274,15150
2025-08-01,TWSE,00625K,富邦上証+R,,,,,0.00,0,0,0
2025-08-01,TWSE,00631L,元大台灣50正2,236.45,241.85,236.15,240.90,-4.30,7633931,1828242741,7634
2025-08-01,TWSE,00632R,元大台灣50反1,20.80,20.80,20.56,20.61,0.19,67397939,1391964248,7242
2025-08-01,TWSE,00633L,富邦上証正2,39.70,40.13,39.40,39.40,-0.70,9340496,371046292,1720
2025-08-01,TWSE,00634R,富邦上証反1,3.61,3.63,3.61,3.63,0.03,299887,1085877,34
2025-08-01,TWSE,00635U,期元大S&P黃金,35.93,35.95,35.81,35.95,0.00,1181101,42397802,939
2025-08-01,TWSE,00636,國泰中國A50,22.30,22.45,22.20,22.21,-0.25,2000508,44642633,376
2025-08-01,TWSE,00636K,國泰中國A50+U,7.50,7.50,7.50,7.50,-0.05,200,1500,2
2025-08-01,TWSE,00637L,元大滬深300正2,15.96,16.12,15.78,15.78,-0.33,50785562,809504647,6159
2025-08-01,TWSE,00638R,元大滬深300反1,7.54,7.59,7.54,7.59,0.07,481000,3638160,70
2025-08-01,TWSE,00639,富邦深100,11.46,11.55,11.40,11.43,-0.16,2258984,25907758,424
2025-08-01,TWSE,00640L,富邦日本正2,57.95,58.45,57.95,57.95,0.10,329190,19146895,139
2025-08-01,TWSE,00641R,富邦日本反1,5.40,5.40,5.36,5.39,0.01,987745,5308091,83
2025-08-01,TWSE,00642U,期元大S&P石油,17.41,17.48,17.39,17.44,-0.10,1165109,20305677,438
2025-08-01,TWSE,00643,群益深証中小,13.08,13.13,12.92,12.92,-0.21,2596073,33731008,208
2025-08-01,TWSE,00643K,群益深証中小+R,3.22,3.22,3.19,3.19,0.00,7000,22440,7
2025-08-01,TWSE,00645,富邦日本,40.81,41.00,40.81,40.86,0.11,305750,12496817,300
2025-08-01,TWSE,00646,元大S&P500,59.40,59.70,59.30,59.40,-0.75,2851900,169638307,2909
2025-08-01,TWSE,00647L,元大S&P500正2,100.50,100.50,99.75,100.15,-2.80,480858,48198394,854
2025-08-01,TWSE,00648R,元大S&P500反1,4.63,4.65,4.63,4.63,0.05,1005106,4666522,103
2025-08-01,TWSE,00650L,復華香港正2,15.90,16.10,15.73,15.73,-0.28,10510804,167480899,1515
2025-08-01,TWSE,00651R,復華香港反1,5.57,5.62,5.57,5.62,0.05,596333,3332771,67
2025-08-01,TWSE,00652,富邦印度,35.40,35.99,35.29,35.48,0.23,235925,8353581,217
2025-08-01,TWSE,00653L,富邦印度正2,54.40,54.85,54.35,54.80,0.00,128421,6999497,81
2025-08-01,TWSE,00654R,富邦印度反1,6.41,6.42,6.38,6.39,-0.01,115124,736056,16
2025-08-01,TWSE,00655L,國泰中國A50正2,27.70,27.93,27.35,27.35,-0.51,3329736,91878181,575
2025-08-01,TWSE,00656R,國泰中國A50反1,6.70,6.74,6.69,6.73,0.07,401000,2693690,30
2025-08-01,TWSE,00657,國泰日經225,47.83,47.90,47.70,47.78,-0.29,226831,10842644,126
2025-08-01,TWSE,00657K,國泰日經225+U,16.04,16.04,16.04,16.04,-0.09,200,3208,2
2025-08-01,TWSE,00660,元大歐洲50,38.87,38.92,38.56,38.60,-0.80,389699,15099113,731
2025-08-01,TWSE,00661,元大日經225,52.10,52.35,52.05,52.10,-0.45,30074,1570070,127
2025-08-01,TWSE,00662,富邦NASDAQ,89.20,89.75,89.10,89.25,-1.75,6800607,607566031,6797
2025-08-01,TWSE,00663L,國泰臺灣加權正2,30.91,31.68,30.91,31.50,-0.55,10714043,336102318,4537
2025-08-01,TWSE,00664R,國泰臺灣加權反1,3.36,3.37,3.33,3.34,0.04,14678138,49103293,918
2025-08-01,TWSE,00665L,富邦恒生國企正2,10.55,10.71,10.48,10.48,-0.16,30670640,324550525,3456
2025-08-01,TWSE,00666R,富邦恒生國企反1,9.08,9.08,9.00,9.05,0.07,111685,1009545,18
2025-08-01,TWSE,00668,國泰美國道瓊,48.25,48.34,48.20,48.27,-0.43,149341,7205471,126
2025-08-01,TWSE,00668K,國泰美國道瓊+U,16.10,16.10,16.10,16.10,-0.12,200,3220,2
2025-08-01,TWSE,00669R,國泰美國道瓊反1,6.07,6.09,6.07,6.08,0.08,1768615,10755266,184
2025-08-01,TWSE,00670L,富邦NASDAQ正2,141.85,142.70,141.75,142.35,-5.75,1889751,268847067,2123
2025-08-01,TWSE,00671R,富邦NASDAQ反1,3.11,3.13,3.11,3.13,0.08,22698968,70952576,611
2025-08-01,TWSE,00673R,期元大S&P原油反1,6.19,6.22,6.18,6.20,0.04,13652817,84632768,709
2025-08-01,TWSE,00674R,期元大S&P黃金反1,7.70,7.72,7.69,7.70,0.00,709000,5463050,99
2025-08-01,TWSE,00675L,富邦臺灣加權正2,94.00,96.30,93.95,95.70,-1.75,6138129,585253820,3975
2025-08-01,TWSE,00676R,富邦臺灣加權反1,11.41,11.41,11.28,11.31,0.08,2888434,32751301,303
2025-08-01,TWSE,00678,群益那斯達克生技,26.09,26.21,26.09,26.13,-0.06,257512,6731801,31
2025-08-01,TWSE,00680L,元大美債20正2,7.00,7.01,6.97,6.98,-0.07,35977040,251312781,1647
2025-08-01,TWSE,00681R,元大美債20反1,21.03,21.08,21.03,21.08,0.14,36000,758470,7
2025-08-01,TWSE,00682U,期元大美元指數,20.41,20.42,20.41,20.42,0.08,12101,247050,7
2025-08-01,TWSE,00683L,期元大美元指正2,21.34,21.34,21.20,21.26,0.23,721486,15346544,106
2025-08-01,TWSE,00684R,期元大美元指反1,15.47,15.49,15.45,15.49,-0.03,439421,6797965,30
2025-08-01,TWSE,00685L,群益臺灣加權正2,84.50,86.25,84.50,85.85,-1.60,1194432,102017522,785
2025-08-01,TWSE,00686R,群益臺灣加權反1,2.04,2.05,2.02,2.03,0.02,2132657,4333649,143
2025-08-01,TWSE,00688L,國泰20年美債正2,6.98,6.98,6.95,6.95,-0.06,11546283,80384218,1078
2025-08-01,TWSE,00689R,國泰20年美債反1,21.65,21.66,21.64,21.66,0.13,10000,216500,3
2025-08-01,TWSE,00690,兆豐藍籌30,36.60,36.99,36.60,36.87,-0.26,647487,23854409,306
2025-08-01,TWSE,00692,富邦公司治理,46.16,46.45,46.15,46.38,-0.43,1298599,60159748,1628
2025-08-01,TWSE,00693U,期街口S&P黃豆,19.35,19.38,19.31,19.33,-0.12,1573955,30430338,380
2025-08-01,TWSE,00700,富邦恒生國企,17.27,17.40,17.16,17.16,-0.13,897290,15498488,284
2025-08-01,TWSE,00701,國泰股利精選30,28.50,28.90,28.45,28.81,0.17,6532690,187720762,1667
2025-08-01,TWSE,00702,國泰標普低波高息,21.77,21.79,21.75,21.79,-0.05,111700,2431665,81
2025-08-01,TWSE,00703,台新MSCI中國,19.70,19.76,19.41,19.41,-0.29,277989,5460048,91
2025-08-01,TWSE,00706L,期元大S&P日圓正2,5.73,5.75,5.71,5.74,-0.13,26319764,150754629,2004
2025-08-01,TWSE,00707R,期元大S&P日圓反1,,,,,0.00,120,3543,1
2025-08-01,TWSE,00708L,期元大S&P黃金正2,55.10,55.25,54.75,55.20,-0.10,1953391,107534403,869
2025-08-01,TWSE,00709,富邦歐洲,31.67,31.67,31.36,31.36,-0.57,740304,23305461,484
2025-08-01,TWSE,00710B,復華彭博非投等債,18.32,18.39,18.32,18.33,0.05,235094,4314302,78
2025-08-01,TWSE,00711B,復華彭博新興債,15.04,15.10,15.04,15.07,-0.01,109283,1646927,24
2025-08-01,TWSE,00712,復華富時不動產,8.51,8.56,8.50,8.53,-0.06,23336355,199167162,5593
2025-08-01,TWSE,00713,元大台灣高息低波,50.30,50.85,50.25,50.75,0.00,9511525,481858284,8147
2025-08-01,TWSE,00714,群益道瓊美國地產,19.27,19.31,19.27,19.27,-0.25,302969,5839069,109
2025-08-01,TWSE,00715L,期街口布蘭特正2,12.65,12.75,12.64,12.71,-0.10,23106739,293314230,2167
2025-08-01,TWSE,00717,富邦美國特別股,14.37,14.43,14.37,14.40,0.03,142267,2047067,81
2025-08-01,TWSE,00728,第一金工業30,30.89,31.24,30.89,31.12,-0.23,224528,6986640,222
2025-08-01,TWSE,00730,富邦臺灣優質高息,22.61,23.03,22.61,22.94,0.06,145718,3344197,314
2025-08-01,TWSE,00731,復華富時高息低波,66.25,66.80,66.15,66.80,0.00,1106282,73735322,314
2025-08-01,TWSE,00733,富邦臺灣中小,40.40,41.53,40.11,41.34,0.64,2127494,87683820,1192
2025-08-01,TWSE,00735,國泰臺韓科技,36.22,36.22,36.01,36.01,-0.57,206604,7463926,155
2025-08-01,TWSE,00736,國泰新興市場,24.09,24.13,24.06,24.07,-0.07,108523,2611250,82
2025-08-01,TWSE,00737,國泰AI機器人,32.88,33.00,32.72,32.87,-0.36,363873,11967062,245
2025-08-01,TWSE,00738U,期元大道瓊白銀,30.83,30.83,30.65,30.75,-0.47,2427537,74643409,1083
2025-08-01,TWSE,00739,元大MSCI A股,22.26,22.32,22.10,22.10,-0.24,50231,1117323,77
2025-08-01,TWSE,00752,中信中國50,23.63,23.90,23.57,23.57,-0.13,2189698,51936491,652
2025-08-01,TWSE,00753L,中信中國50正2,10.84,10.97,10.70,10.70,-0.22,25265946,273580110,3678
2025-08-01,TWSE,00757,統一FANG+,108.05,108.40,107.85,107.90,-2.85,8425472,910799760,8895
2025-08-01,TWSE,00762,元大全球AI,74.00,74.50,73.85,74.20,-0.95,565880,41986061,953
2025-08-01,TWSE,00763U,期街口道瓊銅,24.70,24.82,24.66,24.75,-0.14,4130211,102158685,1326
2025-08-01,TWSE,00770,國泰北美科技,48.90,49.00,48.56,48.81,-0.86,1176120,57448609,1396
2025-08-01,TWSE,00771,元大US高息特別股,15.68,15.75,15.65,15.67,0.06,109604,1718641,32
2025-08-01,TWSE,00775B,台新投等債15+,30.71,30.71,30.70,30.70,-0.04,28033,860901,8
2025-08-01,TWSE,00783,富邦中証500,19.79,19.90,19.74,19.75,-0.22,69634,1380386,17
2025-08-01,TWSE,00830,國泰費城半導體,43.28,43.54,43.23,43.35,-1.27,7742125,336066340,7235
2025-08-01,TWSE,00850,元大臺灣ESG永續,45.90,46.36,45.70,46.25,-0.18,991597,45771710,1250
2025-08-01,TWSE,00851,台新全球AI,49.52,49.88,49.52,49.76,-1.14,32014,1590620,254
2025-08-01,TWSE,00852L,國泰美國道瓊正2,25.54,25.67,25.53,25.59,-0.57,988718,25332054,147
2025-08-01,TWSE,00861,元大全球未來通訊,43.93,44.07,43.88,43.89,-0.65,50399,2213167,127
2025-08-01,TWSE,00865B,國泰US短期公債,44.34,44.38,44.27,44.35,0.16,2890742,128221109,547
2025-08-01,TWSE,00875,國泰網路資安,36.90,37.04,36.87,36.87,-0.48,782567,28925749,250
2025-08-01,TWSE,00876,元大全球5G,37.48,37.70,37.45,37.51,-0.73,169591,6375601,167
2025-08-01,TWSE,00878,國泰永續高股息,20.80,21.05,20.72,21.05,0.00,81124835,1699288834,42166
2025-08-01,TWSE,00881,國泰台灣科技龍頭,25.70,26.05,25.70,25.97,-0.13,13583886,352299326,4140
2025-08-01,TWSE,00882,中信中國高股息,13.49,13.58,13.36,13.37,-0.17,12097602,162541203,3761
2025-08-01,TWSE,00885,富邦越南,14.10,14.20,14.04,14.04,0.06,12236898,172824831,1567
2025-08-01,TWSE,00891,中信關鍵半導體,17.27,17.51,17.25,17.46,-0.16,7069407,123160549,3150
2025-08-01,TWSE,00892,富邦台灣半導體,17.03,17.36,17.03,17.33,-0.10,613470,10559207,452
2025-08-01,TWSE,00893,國泰智能電動車,26.00,26.16,25.94,25.98,-0.68,2316583,60307601,1559
2025-08-01,TWSE,00894,中信小資高價30,21.38,21.68,21.37,21.59,-0.11,2636190,56852219,1054
2025-08-01,TWSE,00895,富邦未來車,32.08,32.22,31.98,32.10,-0.71,791203,25420877,868
2025-08-01,TWSE,00896,中信綠能及電動車,16.48,16.77,16.48,16.70,0.01,1292074,21556569,408
2025-08-01,TWSE,00897,富邦基因免疫生技,6.71,6.76,6.71,6.72,-0.16,990778,6678718,215
2025-08-01,TWSE,00898,國泰基因免疫革命,6.40,6.41,6.35,6.39,-0.12,276025,1762737,149
2025-08-01,TWSE,00899,FT潔淨能源,15.31,15.39,15.31,15.34,-0.08,285217,4380754,106
2025-08-01,TWSE,00900,富邦特選高股息30,12.88,13.04,12.87,13.00,-0.03,15066104,195564055,4577
2025-08-01,TWSE,00901,永豐智能車供應鏈,21.60,21.74,21.60,21.71,-0.10,105507,2286684,114
2025-08-01,TWSE,00902,中信電池及儲能,8.76,8.80,8.68,8.70,-0.14,1840679,16081702,437
2025-08-01,TWSE,00903,富邦元宇宙,15.43,15.49,15.40,15.42,-0.36,527249,8142774,909
2025-08-01,TWSE,00904,台新臺灣半導體30,17.60,17.89,17.60,17.81,-0.20,508879,9045768,325
2025-08-01,TWSE,00905,FT臺灣Smart,14.23,14.38,14.19,14.34,-0.06,3137516,44949113,1096
2025-08-01,TWSE,00907,永豐優息存股,14.85,15.08,14.81,15.04,0.07,1596187,24024048,344
2025-08-01,TWSE,00908,富邦入息REITs+,12.53,12.56,12.53,12.53,-0.10,465564,5840658,176
2025-08-01,TWSE,00909,國泰數位支付服務,35.24,35.43,35.12,35.33,-0.56,4577314,161755805,4623
2025-08-01,TWSE,00910,第一金太空衛星,33.97,34.06,33.87,34.04,-0.08,590659,20085094,1108
2025-08-01,TWSE,00911,兆豐洲際半導體,24.85,25.31,24.85,25.26,-0.62,269106,6790396,163
2025-08-01,TWSE,00912,中信臺灣智慧50,18.72,18.77,18.60,18.71,-0.16,501248,9372150,265
2025-08-01,TWSE,00913,兆豐台灣晶圓製造,20.06,20.25,20.06,20.20,-0.06,153246,3094566,22
2025-08-01,TWSE,00915,凱基優選高股息30,21.82,22.18,21.82,22.13,0.00,4487275,99038429,1842
2025-08-01,TWSE,00916,國泰全球品牌50,24.10,24.15,24.02,24.06,-0.37,712014,17157768,456
2025-08-01,TWSE,00917,中信特選金融,22.55,22.55,22.44,22.46,-0.15,793241,17850696,194
2025-08-01,TWSE,00918,大華優利高填息30,21.65,21.95,21.57,21.91,0.02,13562685,296152599,4160
2025-08-01,TWSE,00919,群益台灣精選高息,21.03,21.35,21.00,21.32,0.02,87611654,1858974829,37726
2025-08-01,TWSE,00920,富邦ESG綠色電力,14.00,14.10,13.97,14.07,0.01,133256,1871524,137
2025-08-01,TWSE,00921,兆豐龍頭等權重,17.37,17.57,17.37,17.52,-0.06,484493,8478730,180
2025-08-01,TWSE,00922,國泰台灣領袖50,21.76,21.98,21.74,21.94,-0.12,7601040,166445660,3701
2025-08-01,TWSE,00923,群益台ESG低碳50,21.82,22.06,21.80,22.01,-0.17,3972257,87271981,2103
2025-08-01,TWSE,00924,復華S&P500成長,25.57,25.73,25.55,25.59,-0.38,4822115,123593079,3545
2025-08-01,TWSE,00926,凱基全球菁英55,21.18,21.27,21.16,21.18,-0.18,2101540,44601172,565
2025-08-01,TWSE,00927,群益半導體收益,17.28,17.57,17.28,17.57,-0.10,2605869,45501927,942
2025-08-01,TWSE,00929,復華台灣科技優息,17.46,17.77,17.45,17.75,0.05,16948525,299790469,4589
2025-08-01,TWSE,00930,永豐ESG低碳高息,16.79,17.06,16.77,17.05,0.04,1317472,22353300,343
2025-08-01,TWSE,00932,兆豐永續高息等權,14.19,14.40,14.19,14.37,0.01,598516,8593471,267
2025-08-01,TWSE,00934,中信成長高股息,18.66,18.96,18.66,18.91,-0.01,2960671,55953832,853
2025-08-01,TWSE,00935,野村臺灣新科技50,22.97,23.40,22.97,23.32,-0.14,3172552,73900247,1392
2025-08-01,TWSE,00936,台新永續高息中小,14.79,15.06,14.79,15.03,0.02,2541121,38077058,508
2025-08-01,TWSE,00938,凱基優選30,14.67,14.81,14.67,14.78,-0.07,946984,13964076,325
2025-08-01,TWSE,00939,統一台灣高息動能,13.50,13.70,13.49,13.68,0.00,6351102,86699998,1033
2025-08-01,TWSE,00940,元大台灣價值高息,9.10,9.20,9.03,9.19,0.03,36002282,329691926,4831
2025-08-01,TWSE,00941,中信上游半導體,13.24,13.24,13.15,13.17,-0.33,2766155,36433621,1251
2025-08-01,TWSE,00943,兆豐電子高息等權,13.82,14.07,13.82,14.06,0.03,981768,13784283,135
2025-08-01,TWSE,00944,野村趨勢動能高息,14.03,14.22,14.03,14.21,0.01,1422278,20153747,227
2025-08-01,TWSE,00945B,凱基美國非投等債,13.78,13.84,13.77,13.79,0.02,7686204,106128325,587
2025-08-01,TWSE,00946,群益科技高息成長,9.31,9.48,9.29,9.48,0.07,3418041,32290000,773
2025-08-01,TWSE,00947,台新臺灣IC設計,13.47,13.88,13.47,13.84,0.07,2511815,34721090,528
2025-08-01,TWSE,00949,復華日本龍頭,15.80,15.88,15.72,15.73,-0.11,2073865,32780496,497
2025-08-01,TWSE,00951,台新日本半導體,8.16,8.24,8.12,8.20,-0.40,6547808,53549493,1254
2025-08-01,TWSE,00952,凱基台灣AI50,9.80,10.02,9.80,10.00,0.06,7251024,72159001,885
2025-08-01,TWSE,00953B,群益優選非投等債,9.32,9.38,9.32,9.34,0.02,38013039,355388044,3644
2025-08-01,TWSE,00954,中信日本半導體,8.59,8.65,8.55,8.61,-0.46,3303790,28444780,607
2025-08-01,TWSE,00956,中信日經高股息,9.49,9.53,9.48,9.50,0.00,488752,4644691,123
2025-08-01,TWSE,00960,野村全球航運龍頭,13.65,13.73,13.61,13.63,-0.13,1326527,18171472,451
2025-08-01,TWSE,00961,FT臺灣永續高息,9.24,9.33,9.16,9.31,0.00,7398378,68600844,1412
2025-08-01,TWSE,00962,台新AI優息動能,9.60,9.81,9.60,9.81,0.07,758350,7374754,273
2025-08-01,TWSE,00963,中信全球高股息,10.11,10.16,10.09,10.12,-0.01,793246,8029289,248
2025-08-01,TWSE,00964,中信亞太高股息,10.40,10.47,10.40,10.42,-0.09,863551,9023020,120
2025-08-01,TWSE,00965,元大航太防衛科技,20.50,20.55,20.31,20.49,-0.19,8761261,179293567,2608
2025-08-01,TWSE,00971,野村美國研發龍頭,14.78,14.89,14.77,14.80,-0.27,1583426,23492085,699
2025-08-01,TWSE,00972,野村日本動能高息,15.20,15.24,15.19,15.20,0.00,524007,7969733,53
2025-08-01,TWSE,009800,中信NASDAQ,9.67,9.72,9.66,9.69,-0.18,7298370,70758439,1763
2025-08-01,TWSE,009801,中信美國創新科技,10.00,10.08,10.00,10.04,-0.19,9443445,94814387,1627
2025-08-01,TWSE,009802,富邦旗艦50,10.00,10.20,10.00,10.16,0.00,12124180,123058513,1662
2025-08-01,TWSE,009803,玉山市值動能50,10.76,10.89,10.76,10.87,-0.05,1176627,12760349,337
2025-08-01,TWSE,009804,聯邦台精彩50,11.86,11.96,11.86,11.93,-0.08,2509287,29864494,550
2025-08-01,TWSE,009805,台新美國電力基建,11.57,11.64,11.53,11.61,0.04,10612119,123194711,1645
2025-08-01,TWSE,009808,華南永昌優選50,16.30,16.50,16.30,16.47,-0.13,1221413,20051104,163
2025-08-01,TWSE,00980A,主動野村臺灣優選,11.80,12.04,11.80,12.04,0.06,11270592,135077350,2144
2025-08-01,TWSE,009810,玉山全球藍籌100,15.65,15.67,15.60,15.63,-0.23,1484851,23220229,237
2025-08-01,TWSE,009811,統一美國50,10.10,10.21,10.09,10.16,-0.12,32902219,334331872,8348
2025-08-01,TWSE,00981A,主動統一台股增長,11.85,12.12,11.84,12.07,0.01,57805708,696622749,8292
2025-08-01,TWSE,00982A,主動群益台灣強棒,11.59,11.84,11.59,11.81,0.05,69889634,823259976,6821
2025-08-01,TWSE,00983A,主動中信ARK創新,11.03,11.15,10.99,11.11,-0.10,16373522,181665380,2956
2025-08-01,TWSE,00984A,主動安聯台灣高息,9.99,10.12,9.93,10.09,0.03,7680715,77354229,1293
2025-08-01,TWSE,00985A,主動野村台灣50,10.10,10.22,10.10,10.20,-0.03,15680219,159533828,3733
2025-08-01,TWSE,01001T,土銀富邦R1,12.49,12.49,12.40,12.45,-0.05,98280,1222333,29
2025-08-01,TWSE,01002T,土銀國泰R1,14.73,14.73,14.65,14.69,-0.06,80442,1182602,23
2025-08-01,TWSE,01004T,土銀富邦R2,11.45,11.45,11.43,11.43,-0.10,265270,3034380,18
2025-08-01,TWSE,01007T,兆豐國泰R2,14.61,14.61,14.60,14.61,-0.02,47002,686282,47
2025-08-01,TWSE,01009T,王道圓滿R1,,,,,0.00,5011,32776,17
2025-08-01,TWSE,01010T,京城樂富R1,10.00,10.00,10.00,10.00,0.00,39000,390000,19
2025-08-01,TWSE,020000,富邦特選蘋果N,,,,,0.00,0,0,0
2025-08-01,TWSE,020011,統一微波高息20N,,,,,0.00,0,0,0
2025-08-01,TWSE,020012,富邦行動通訊N,,,,,0.00,0,0,0
2025-08-01,TWSE,02001L,富邦蘋果正二N,27.16,28.44,27.16,28.44,0.30,37000,1036140,18
2025-08-01,TWSE,02001R,富邦蘋果反一N,1.24,1.24,1.21,1.21,0.00,16000,19390,5
2025-08-01,TWSE,02001S,策元大加權策略N,,,,,0.00,0,0,0
2025-08-01,TWSE,020020,元大台股領航N,12.84,12.86,12.84,12.86,-0.04,57000,732090,9
2025-08-01,TWSE,020028,元大特選電動車N,9.90,10.00,9.90,10.00,0.10,83000,829050,20
2025-08-01,TWSE,020029,元大ESG高股息N,9.37,9.37,9.37,9.37,0.00,2000,18740,2
2025-08-01,TWSE,020030,統一智慧電動車N,6.90,6.93,6.89,6.91,0.02,23000,158810,9
2025-08-01,TWSE,020031,統一IC設計臺灣N,6.13,6.14,6.13,6.14,0.01,34000,208430,3
2025-08-01,TWSE,020032,元大綠能N,6.15,6.20,6.15,6.15,0.02,37000,228610,11
2025-08-01,TWSE,020034,元大IC設計N,7.64,7.66,7.64,7.66,0.00,17000,130020,3
2025-08-01,TWSE,020036,元大金融配息N,,,,,0.00,0,0,0
2025-08-01,TWSE,020037,元大金融高股息N,,,,,0.00,0,0,0
2025-08-01,TWSE,020038,元大ESG配息N,7.75,7.76,7.75,7.76,-0.02,7000,54270,3
2025-08-01,TWSE,020039,元大加權N,7.35,7.35,7.35,7.35,-0.05,23000,169050,2
2025-08-01,TWSE,1101,台泥,24.15,24.35,24.00,24.15,-0.15,11575724,280093088,5671
2025-08-01,TWSE,1101B,台泥乙特,46.15,46.20,46.15,46.20,0.00,2000,92350,2
2025-08-01,TWSE,1102,亞泥,40.00,40.20,39.85,40.15,-0.35,4161523,166860704,2492
2025-08-01,TWSE,1103,嘉泥,13.85,13.95,13.75,13.90,-0.15,423907,5871098,265
2025-08-01,TWSE,1104,環泥,26.75,26.95,26.50,26.85,0.10,331072,8843753,302
2025-08-01,TWSE,1108,幸福,13.90,14.05,13.90,14.05,0.00,70503,987055,61
2025-08-01,TWSE,1109,信大,16.10,16.30,16.10,16.20,-0.15,44862,724786,96
2025-08-01,TWSE,1110,東泥,17.75,17.90,17.60,17.75,-0.25,108001,1914967,102
2025-08-01,TWSE,1201,味全,15.55,15.90,15.55,15.80,0.10,325321,5114039,234
2025-08-01,TWSE,1203,味王,40.20,40.45,40.00,40.20,-0.05,19468,781456,57
2025-08-01,TWSE,1210,大成,60.60,61.50,60.40,61.20,0.20,1459699,89130481,1157
2025-08-01,TWSE,1213,大飲,12.90,12.95,12.60,12.75,0.00,17208,219220,17
2025-08-01,TWSE,1215,卜蜂,115.00,116.50,114.50,115.50,-0.50,589961,68018792,856
2025-08-01,TWSE,1216,統一,78.90,80.10,78.90,79.40,0.20,7677704,610616875,5908
2025-08-01,TWSE,1217,愛之味,10.55,10.65,10.50,10.65,0.10,329110,3479270,267
2025-08-01,TWSE,1218,泰山,18.65,18.75,18.60,18.60,-0.15,953978,17795476,570
2025-08-01,TWSE,1219,福壽,14.40,14.55,14.40,14.40,-0.10,235412,3395842,203
2025-08-01,TWSE,1220,台榮,13.40,13.50,13.30,13.50,0.05,173291,2322356,116
2025-08-01,TWSE,1225,福懋油,29.75,31.15,29.75,31.15,1.05,243251,7453196,285
2025-08-01,TWSE,1227,佳格,31.80,31.95,31.70,31.80,-0.15,461575,14686211,429
2025-08-01,TWSE,1229,聯華,44.75,45.95,44.50,45.25,-0.15,1911851,86705870,1426
2025-08-01,TWSE,1231,聯華食,137.00,140.50,137.00,139.50,1.50,160107,22266442,398
2025-08-01,TWSE,1232,大統益,148.50,150.00,148.50,149.00,-1.00,144473,21535207,349
2025-08-01,TWSE,1233,天仁,30.50,30.65,30.45,30.65,0.10,11005,335901,13
2025-08-01,TWSE,1234,黑松,39.60,40.05,39.60,40.05,0.15,45141,1800164,65
2025-08-01,TWSE,1235,興泰,61.00,62.50,61.00,62.30,0.40,13010,802820,14
2025-08-01,TWSE,1236,宏亞,20.90,20.90,20.65,20.65,-0.30,6736,140162,55
2025-08-01,TWSE,1256,鮮活果汁-KY,118.00,118.00,117.00,117.50,0.00,13726,1611967,58
2025-08-01,TWSE,1301,台塑,41.80,42.25,40.60,40.70,-1.95,50445289,2076702924,27806
2025-08-01,TWSE,1303,南亞,39.80,41.70,39.45,39.80,-1.15,147581228,5964907635,61089
2025-08-01,TWSE,1304,台聚,10.60,10.65,10.35,10.45,-0.40,2655770,27814566,1132
2025-08-01,TWSE,1305,華夏,11.75,11.75,11.45,11.45,-0.50,1605865,18560069,737
2025-08-01,TWSE,1307,三芳,33.80,34.30,33.45,33.95,-0.35,795806,27047544,615
2025-08-01,TWSE,1308,亞聚,12.15,12.20,11.90,12.00,-0.45,1786639,21494540,1011
2025-08-01,TWSE,1309,台達化,11.60,11.60,11.35,11.45,-0.25,883534,10100479,549
2025-08-01,TWSE,1310,台苯,9.38,9.38,9.15,9.23,-0.27,1566582,14451572,949
2025-08-01,TWSE,1312,國喬,10.15,10.25,10.05,10.10,-0.30,4408249,44655284,1258
2025-08-01,TWSE,1312A,國喬特,,,,,0.00,0,0,0
2025-08-01,TWSE,1313,聯成,10.15,10.45,10.00,10.40,0.00,4679890,47722431,1341
2025-08-01,TWSE,1314,中石化,7.33,7.37,7.21,7.30,-0.15,13471352,98145493,3660
2025-08-01,TWSE,1315,達新,66.20,66.40,66.20,66.40,-0.20,17296,1145989,19
2025-08-01,TWSE,1316,上曜,13.70,14.05,13.50,13.95,0.10,2525838,35128926,1180
2025-08-01,TWSE,1319,東陽,104.00,107.00,103.00,105.00,0.00,1663116,175124857,1733
2025-08-01,TWSE,1321,大洋,36.55,37.85,36.55,37.75,0.85,636625,23873533,430
2025-08-01,TWSE,1323,永裕,19.60,19.80,19.60,19.80,-0.05,22511,443662,24
2025-08-01,TWSE,1324,地球,11.20,11.25,11.20,11.25,0.00,15302,171782,74
2025-08-01,TWSE,1325,恆大,28.45,29.05,27.90,28.75,0.15,330493,9456448,219
2025-08-01,TWSE,1326,台化,28.20,28.60,27.40,27.85,-1.00,30018506,837666568,12901
2025-08-01,TWSE,1337,再生-KY,5.35,5.60,5.35,5.56,0.05,87147,480514,101
2025-08-01,TWSE,1338,廣華-KY,23.10,23.30,22.90,23.30,0.20,38037,880710,50
2025-08-01,TWSE,1339,昭輝,49.55,49.75,49.20,49.70,0.10,22427,1110848,29
2025-08-01,TWSE,1340,勝悅-KY,6.30,6.43,6.19,6.32,-0.03,60165,378454,105
2025-08-01,TWSE,1341,富林-KY,65.00,65.60,63.20,65.30,0.30,9148,587204,19
2025-08-01,TWSE,1342,八貫,83.00,83.90,81.90,83.10,-0.30,117262,9726022,145
2025-08-01,TWSE,1402,遠東新,28.55,28.95,28.45,28.80,0.10,5081810,146150438,2334
2025-08-01,TWSE,1409,新纖,12.90,13.10,12.75,13.00,0.10,2701561,35020064,765
2025-08-01,TWSE,1410,南染,35.15,35.90,35.00,35.25,0.10,15701,553404,12
2025-08-01,TWSE,1413,宏洲,11.60,11.60,11.50,11.55,-0.05,42184,487238,16
2025-08-01,TWSE,1414,東和,18.00,18.15,17.75,17.85,-0.20,217349,3889687,166
2025-08-01,TWSE,1416,廣豐,11.80,11.95,11.80,11.95,0.15,214250,2545789,83
2025-08-01,TWSE,1417,嘉裕,7.89,8.05,7.89,7.97,0.00,73101,582654,75
2025-08-01,TWSE,1418,東華,20.55,20.55,20.05,20.15,0.00,13109,268004,14
2025-08-01,TWSE,1419,新紡,51.70,52.40,51.50,52.40,0.00,363362,18888651,323
2025-08-01,TWSE,1423,利華,37.20,37.50,37.20,37.45,0.05,11640,435216,18
2025-08-01,TWSE,1432,大魯閣,16.55,16.55,16.45,16.55,0.00,62053,1023659,167
2025-08-01,TWSE,1434,福懋,16.15,16.30,16.05,16.15,-0.25,1799067,29073017,1166
2025-08-01,TWSE,1435,中福,32.30,32.30,31.80,31.85,-0.45,6712,214406,19
2025-08-01,TWSE,1436,華友聯,71.90,73.00,71.20,72.90,0.40,244530,17686595,373
2025-08-01,TWSE,1437,勤益控,31.05,31.15,30.70,30.90,0.00,57427,1779269,35
2025-08-01,TWSE,1438,三地開發,38.00,38.70,38.00,38.20,-0.10,12310,470133,20
2025-08-01,TWSE,1439,雋揚,29.95,29.95,29.15,29.85,0.35,10004,296317,11
2025-08-01,TWSE,1440,南紡,13.00,13.15,12.75,13.00,0.10,1216426,15829632,446
2025-08-01,TWSE,1441,大東,11.50,11.60,11.35,11.60,0.10,45263,519622,142
2025-08-01,TWSE,1442,名軒,68.70,70.70,68.70,70.40,0.40,294432,20678166,371
2025-08-01,TWSE,1443,立益物流,31.05,31.05,30.70,30.90,-0.15,12001,370929,13
2025-08-01,TWSE,1444,力麗,6.49,6.55,6.42,6.54,-0.04,506846,3281051,334
2025-08-01,TWSE,1445,大宇,13.45,14.00,13.00,13.90,0.55,106530,1462821,89
2025-08-01,TWSE,1446,宏和,20.40,20.40,19.90,20.30,0.00,247662,4975222,163
2025-08-01,TWSE,1447,力鵬,5.93,5.99,5.91,5.97,0.00,353963,2107995,215
2025-08-01,TWSE,1449,佳和,12.50,12.80,12.20,12.75,0.10,513924,6419689,343
2025-08-01,TWSE,1451,年興,18.50,19.00,18.45,19.00,0.35,133517,2505474,99
2025-08-01,TWSE,1452,宏益,11.70,11.75,11.70,11.70,-0.10,19206,224869,24
2025-08-01,TWSE,1453,大將,13.05,13.40,13.00,13.40,0.35,44958,592925,88
2025-08-01,TWSE,1454,台富,14.40,14.95,14.40,14.95,0.55,36110,525815,160
2025-08-01,TWSE,1455,集盛,8.87,9.02,8.84,9.00,0.11,335972,2995478,142
2025-08-01,TWSE,1456,怡華,12.30,12.60,12.30,12.60,0.05,16000,199800,16
2025-08-01,TWSE,1457,宜進,17.00,17.15,16.90,17.10,0.00,71724,1223107,62
2025-08-01,TWSE,1459,聯發,11.65,11.75,11.60,11.75,-0.05,127253,1488450,37
2025-08-01,TWSE,1460,宏遠,6.32,6.34,6.26,6.34,0.00,314580,1980324,160
2025-08-01,TWSE,1463,強盛新,19.85,20.15,19.85,20.00,0.05,60579,1210206,130
2025-08-01,TWSE,1464,得力,13.10,13.45,13.05,13.40,0.10,658378,8773507,380
2025-08-01,TWSE,1465,偉全,13.30,13.40,13.20,13.30,-0.05,102864,1363077,153
2025-08-01,TWSE,1466,聚隆,14.80,15.15,14.70,15.10,0.20,164100,2450459,102
2025-08-01,TWSE,1467,南緯,7.82,7.82,7.75,7.80,-0.02,115811,902165,134
2025-08-01,TWSE,1468,昶和,14.30,14.35,14.05,14.35,-0.05,35060,497806,31
2025-08-01,TWSE,1470,大統新創,20.65,20.65,20.60,20.60,-0.25,5291,109108,9
2025-08-01,TWSE,1471,首利,9.90,10.15,9.90,10.00,0.03,192337,1925386,135
2025-08-01,TWSE,1472,三洋實業,88.80,91.80,88.80,91.00,0.80,36032,3259915,34
2025-08-01,TWSE,1473,台南,27.05,27.15,26.75,26.80,-0.40,69099,1856864,185
2025-08-01,TWSE,1474,弘裕,12.65,12.65,12.45,12.55,-0.05,36519,459257,42
2025-08-01,TWSE,1475,業旺,39.15,39.90,39.15,39.80,-0.15,10000,397150,10
2025-08-01,TWSE,1476,儒鴻,392.00,400.50,385.00,392.50,-10.50,1193933,469788962,1649
2025-08-01,TWSE,1477,聚陽,259.50,271.00,257.50,267.50,3.00,1440525,383089446,1618
2025-08-01,TWSE,1503,士電,176.50,182.00,175.50,181.50,3.00,1996170,360253918,1885
2025-08-01,TWSE,1504,東元,54.40,56.10,53.80,56.10,5.10,96068632,5307907691,45135
2025-08-01,TWSE,1506,正道,11.45,11.50,11.30,11.50,-0.05,103960,1185146,61
2025-08-01,TWSE,1512,瑞利,8.01,8.07,7.89,8.05,-0.01,53007,420996,49
2025-08-01,TWSE,1513,中興電,163.50,167.00,162.50,166.50,1.50,3420113,566733208,3609
2025-08-01,TWSE,1514,亞力,101.00,104.50,101.00,104.00,1.50,1027758,106219112,998
2025-08-01,TWSE,1515,力山,29.25,30.00,29.25,29.90,-0.25,142401,4225726,186
2025-08-01,TWSE,1516,川飛,14.05,14.15,14.00,14.15,0.10,23415,328568,52
2025-08-01,TWSE,1517,利奇,10.50,10.70,10.45,10.60,0.05,434461,4566162,130
2025-08-01,TWSE,1519,華城,655.00,670.00,653.00,657.00,-10.00,4894658,3235072817,9534
2025-08-01,TWSE,1521,大億,25.20,25.50,25.10,25.45,0.15,17159,433625,24
2025-08-01,TWSE,1522,堤維西,40.60,41.80,39.80,41.75,0.95,875637,36145753,754
2025-08-01,TWSE,1522A,堤維西甲特,48.00,48.10,48.00,48.05,0.05,16000,768900,8
2025-08-01,TWSE,1524,耿鼎,27.30,28.45,27.00,28.25,0.45,1030275,28859241,631
2025-08-01,TWSE,1525,江申,60.20,61.00,60.10,60.60,-0.40,13054,790090,17
2025-08-01,TWSE,1526,日馳,19.15,19.35,19.15,19.20,-0.25,37395,720604,44
2025-08-01,TWSE,1527,鑽全,38.45,39.40,38.35,39.25,0.80,1107490,43133463,815
2025-08-01,TWSE,1528,恩德,14.55,15.85,14.35,15.85,1.40,22809825,348904158,7848
2025-08-01,TWSE,1529,樂事綠能,24.50,25.10,24.30,25.10,0.25,338779,8384785,260
2025-08-01,TWSE,1530,亞崴,27.85,28.45,27.85,28.45,0.10,16098,453490,30
2025-08-01,TWSE,1531,高林股,11.90,12.05,11.80,12.05,0.05,43986,527022,100
2025-08-01,TWSE,1532,勤美,24.60,24.65,24.25,24.50,-0.40,956263,23379382,661
2025-08-01,TWSE,1533,車王電,29.90,29.90,29.15,29.70,0.00,63680,1875817,119
2025-08-01,TWSE,1535,中宇,55.40,55.90,55.10,55.70,0.00,22021,1222820,41
2025-08-01,TWSE,1536,和大,54.40,57.90,53.60,57.40,2.30,4075808,232127383,3309
2025-08-01,TWSE,1537,廣隆,139.50,141.00,139.50,140.00,-0.50,117513,16488432,138
2025-08-01,TWSE,1538,正峰,,,,,0.00,142,3974,4
2025-08-01,TWSE,1539,巨庭,19.30,19.35,18.85,19.35,-0.05,81504,1558475,62
2025-08-01,TWSE,1540,喬福,26.50,27.65,26.00,27.45,0.75,297376,8066343,322
2025-08-01,TWSE,1541,錩泰,26.55,26.60,26.10,26.50,-0.05,12544,331969,17
2025-08-01,TWSE,1558,伸興,97.70,99.00,97.70,97.90,-0.10,28242,2774383,51
2025-08-01,TWSE,1560,中砂,318.00,318.00,310.00,313.50,-12.00,7691170,2413055591,10967
2025-08-01,TWSE,1563,巧新,53.60,54.60,53.10,54.30,0.00,134743,7286732,164
2025-08-01,TWSE,1568,倉佑,22.80,23.15,22.75,22.95,0.05,47248,1082690,65
2025-08-01,TWSE,1582,信錦,68.30,70.00,67.70,69.50,0.50,323270,22368932,320
2025-08-01,TWSE,1583,程泰,52.00,52.50,52.00,52.50,0.90,12282,642580,21
2025-08-01,TWSE,1587,吉茂,28.70,29.50,28.70,29.50,0.35,146572,4282722,149
2025-08-01,TWSE,1589,永冠-KY,22.75,22.95,22.00,22.90,0.05,373790,8453378,961
2025-08-01,TWSE,1590,亞德客-KY,841.00,841.00,793.00,805.00,-51.00,1430772,1159667301,3037
2025-08-01,TWSE,1597,直得,83.20,86.60,81.30,86.30,0.90,1049211,89058037,1512
2025-08-01,TWSE,1598,岱宇,21.15,21.40,21.10,21.35,0.00,134984,2867680,87
2025-08-01,TWSE,1603,華電,37.90,38.30,37.75,38.00,-0.10,234646,8935878,265
2025-08-01,TWSE,1604,聲寶,24.85,25.00,24.80,24.95,0.05,350071,8727726,116
2025-08-01,TWSE,1605,華新,22.05,22.25,21.50,21.55,-0.95,39289011,856400197,17683
2025-08-01,TWSE,1608,華榮,26.10,26.50,25.70,26.20,-0.30,1913215,50000760,1207
2025-08-01,TWSE,1609,大亞,34.50,35.00,34.10,34.70,-0.20,1677337,58111864,1566
2025-08-01,TWSE,1611,中電,12.50,12.75,12.40,12.70,0.05,219622,2762866,251
2025-08-01,TWSE,1612,宏泰,36.15,36.85,36.15,36.30,-0.35,1753319,63863469,1129
2025-08-01,TWSE,1614,三洋電,37.80,38.30,37.70,37.90,0.05,60581,2299155,48
2025-08-01,TWSE,1615,大山,52.30,52.40,51.60,52.30,0.00,33863,1762862,101
2025-08-01,TWSE,1616,億泰,33.00,34.30,32.75,33.85,0.25,3514261,118695609,2177
2025-08-01,TWSE,1617,榮星,15.35,15.35,14.90,15.35,-0.05,190155,2882085,161
2025-08-01,TWSE,1618,合機,50.10,50.50,49.30,49.95,-0.55,1582093,79073859,1916
2025-08-01,TWSE,1626,艾美特-KY,11.65,11.70,11.50,11.65,0.00,49700,576825,57
2025-08-01,TWSE,1702,南僑,40.10,40.50,39.90,40.50,0.05,343086,13832453,278
2025-08-01,TWSE,1707,葡萄王,128.00,130.50,128.00,130.00,0.50,61746,8015264,169
2025-08-01,TWSE,1708,東鹼,31.05,31.40,30.65,31.15,-0.15,527356,16424769,402
2025-08-01,TWSE,1709,和益,17.45,17.60,17.40,17.50,-0.20,111853,1959388,151
2025-08-01,TWSE,1710,東聯,12.40,12.40,12.15,12.35,-0.15,1292266,15911935,610
2025-08-01,TWSE,1711,永光,16.20,16.35,15.90,16.25,-0.10,1024264,16585288,721
2025-08-01,TWSE,1712,興農,40.80,41.15,40.65,41.00,-0.20,149542,6128368,157
2025-08-01,TWSE,1713,國化,55.50,56.00,55.00,55.90,0.30,1043890,58184497,612
2025-08-01,TWSE,1714,和桐,7.75,7.82,7.71,7.80,0.00,511369,3976762,279
2025-08-01,TWSE,1717,長興,27.50,27.90,27.15,27.60,-0.20,1779612,49095217,1109
2025-08-01,TWSE,1718,中纖,6.27,6.34,6.18,6.32,-0.04,1355478,8532611,600
2025-08-01,TWSE,1720,生達,56.80,57.50,56.30,57.40,0.00,320302,18263198,268
2025-08-01,TWSE,1721,國慶科技,11.90,12.10,11.65,12.05,-0.05,1047560,12493039,686
2025-08-01,TWSE,1722,台肥,51.80,52.30,51.60,52.20,0.10,683244,35507605,551
2025-08-01,TWSE,1723,中碳,86.50,87.00,85.50,86.80,-0.10,335456,28891232,479
2025-08-01,TWSE,1725,元禎,28.90,29.55,28.85,29.35,0.05,21028,613467,19
2025-08-01,TWSE,1726,永記,74.90,75.20,74.90,74.90,-0.30,25065,1878920,24
2025-08-01,TWSE,1727,中華化,32.50,33.65,32.15,33.05,0.05,2287711,75508705,1705
2025-08-01,TWSE,1730,花仙子,53.70,53.70,53.50,53.60,-0.10,25263,1354690,47
2025-08-01,TWSE,1731,美吾華,21.60,21.75,21.60,21.65,0.00,49580,1072990,44
2025-08-01,TWSE,1732,毛寶,28.05,28.35,27.75,28.25,0.20,110726,3117121,105
2025-08-01,TWSE,1733,五鼎,28.50,29.00,28.40,28.85,0.10,220278,6347602,107
2025-08-01,TWSE,1734,杏輝,31.10,31.65,31.10,31.55,0.20,84041,2639355,124
2025-08-01,TWSE,1735,日勝化,15.95,15.95,15.70,15.75,-0.25,24393,385108,96
2025-08-01,TWSE,1736,喬山,149.50,155.00,148.00,153.00,0.50,464352,70825451,474
2025-08-01,TWSE,1737,臺鹽,32.50,33.20,32.50,33.00,0.05,121242,4002666,169
2025-08-01,TWSE,1752,南光,34.85,35.10,34.85,35.00,0.15,32000,1118950,24
2025-08-01,TWSE,1760,寶齡富錦,70.40,71.20,69.00,70.60,0.20,138469,9730155,139
2025-08-01,TWSE,1762,中化生,28.10,28.75,27.95,28.30,0.20,15735,442815,35
2025-08-01,TWSE,1773,勝一,125.50,127.00,125.00,126.50,-0.50,145571,18374181,190
2025-08-01,TWSE,1776,展宇,15.40,15.45,15.25,15.35,-0.10,82000,1256750,42
2025-08-01,TWSE,1783,和康生,43.05,44.20,43.05,44.10,0.35,32020,1402185,40
2025-08-01,TWSE,1786,科妍,114.00,119.00,112.50,118.50,3.50,1971807,229644348,1481
2025-08-01,TWSE,1789,神隆,16.50,16.80,16.40,16.80,0.05,279617,4664535,210
2025-08-01,TWSE,1795,美時,215.50,217.50,213.50,216.00,-2.00,679824,146670679,2069
2025-08-01,TWSE,1802,台玻,23.65,25.50,23.50,25.00,1.10,258815942,6430829846,80459
2025-08-01,TWSE,1805,寶徠,13.00,13.10,13.00,13.00,-0.30,31185,406420,28
2025-08-01,TWSE,1806,冠軍,9.98,10.40,9.88,10.20,0.20,1714595,17503756,663
2025-08-01,TWSE,1808,潤隆,30.95,31.40,30.60,31.30,0.30,1143925,35478368,664
2025-08-01,TWSE,1809,中釉,16.20,16.45,15.80,16.45,0.20,682628,11123643,446
2025-08-01,TWSE,1810,和成,16.30,17.30,16.25,17.00,0.60,3652316,62053472,1933
2025-08-01,TWSE,1817,凱撒衛,38.90,39.00,38.40,38.50,0.05,101260,3907974,64
2025-08-01,TWSE,1903,士紙,52.20,53.10,52.20,52.60,-0.10,220218,11594616,201
2025-08-01,TWSE,1904,正隆,18.00,18.20,17.70,18.10,-0.15,547949,9896284,587
2025-08-01,TWSE,1905,華紙,12.10,12.20,11.90,12.20,-0.05,933901,11271810,526
2025-08-01,TWSE,1906,寶隆,12.50,12.60,12.35,12.50,-0.05,114729,1440418,79
2025-08-01,TWSE,1907,永豐餘,24.05,24.30,24.00,24.10,-0.25,541811,13044024,367
2025-08-01,TWSE,1909,榮成,10.25,10.40,10.05,10.30,0.00,1686323,17288524,705
2025-08-01,TWSE,2002,中鋼,19.30,19.40,19.15,19.25,-0.20,25232330,485283970,9313
2025-08-01,TWSE,2002A,中鋼特,39.30,39.50,39.30,39.40,0.05,40410,1592136,21
2025-08-01,TWSE,2006,東和鋼鐵,63.80,64.40,63.30,64.10,0.00,515577,33023247,522
2025-08-01,TWSE,2007,燁興,7.37,7.37,7.30,7.35,-0.03,120249,880054,103
2025-08-01,TWSE,2008,高興昌,24.05,24.10,24.05,24.05,-0.20,13760,330775,21
2025-08-01,TWSE,2009,第一銅,32.15,32.80,31.75,32.55,-0.40,1596425,51817825,1118
2025-08-01,TWSE,2010,春源,19.75,19.80,19.40,19.70,-0.15,1473605,28878738,699
2025-08-01,TWSE,2012,春雨,18.55,18.85,18.55,18.80,0.00,55853,1045347,98
2025-08-01,TWSE,2013,中鋼構,42.20,42.80,42.10,42.60,-0.20,41606,1765692,80
2025-08-01,TWSE,2014,中鴻,15.20,15.35,15.05,15.15,-0.25,8241044,125195420,2721
2025-08-01,TWSE,2015,豐興,66.70,68.00,66.70,67.00,-0.60,212673,14318574,223
2025-08-01,TWSE,2017,官田鋼,9.55,9.59,9.40,9.58,-0.08,558912,5322527,332
2025-08-01,TWSE,2020,美亞,23.00,23.15,22.55,23.10,0.05,287495,6592671,243
2025-08-01,TWSE,2022,聚亨,7.56,7.65,7.53,7.61,-0.03,309762,2343976,282
2025-08-01,TWSE,2023,燁輝,14.80,15.25,14.70,15.10,0.10,1117089,16813774,611
2025-08-01,TWSE,2024,志聯,17.50,17.50,17.15,17.30,-0.20,5443,94091,31
2025-08-01,TWSE,2025,千興,11.80,11.85,11.60,11.70,0.00,44049,514515,60
2025-08-01,TWSE,2027,大成鋼,39.00,39.70,38.00,38.90,-0.40,65146024,2535868838,29347
2025-08-01,TWSE,2028,威致,18.15,18.65,18.00,18.65,0.20,56469,1025536,82
2025-08-01,TWSE,2029,盛餘,23.55,24.00,23.55,24.00,0.15,138543,3297472,95
2025-08-01,TWSE,2030,彰源,14.40,14.55,14.40,14.40,-0.15,147218,2129559,91
2025-08-01,TWSE,2031,新光鋼,40.10,40.45,39.60,40.15,-0.50,393435,15819734,347
2025-08-01,TWSE,2032,新鋼,14.55,14.85,14.05,14.60,0.10,618880,9064790,281
2025-08-01,TWSE,2033,佳大,15.20,15.50,14.80,15.20,-0.05,206457,3117827,129
2025-08-01,TWSE,2034,允強,21.35,21.75,21.25,21.65,0.25,939880,20180334,497
2025-08-01,TWSE,2038,海光,15.95,16.25,15.75,16.05,0.00,257591,4119417,174
2025-08-01,TWSE,2049,上銀,205.00,215.00,200.00,213.00,0.50,3624278,759370562,3926
2025-08-01,TWSE,2059,川湖,2610.00,2670.00,2610.00,2640.00,-25.00,604274,1595041285,1923
2025-08-01,TWSE,2062,橋椿,24.15,24.50,23.85,24.40,0.25,302811,7342570,219
2025-08-01,TWSE,2069,運錩,14.70,15.50,14.60,15.50,0.70,290386,4398892,141
2025-08-01,TWSE,2101,南港,37.10,37.90,37.10,37.90,0.40,692625,26082694,681
2025-08-01,TWSE,2102,泰豐,20.65,21.10,20.60,21.00,0.10,224761,4701436,188
2025-08-01,TWSE,2103,台橡,18.00,18.15,17.95,18.10,-0.10,723124,13062583,393
2025-08-01,TWSE,2104,國際中橡,11.95,12.05,11.75,11.75,-0.45,2266085,26919105,1038
2025-08-01,TWSE,2105,正新,39.80,40.70,39.60,40.55,0.45,2212643,89490691,1540
2025-08-01,TWSE,2106,建大,22.40,22.70,22.10,22.50,-0.15,167443,3764367,191
2025-08-01,TWSE,2107,厚生,24.60,24.95,24.55,24.70,-0.20,200056,4937812,273
2025-08-01,TWSE,2108,南帝,24.00,24.00,23.30,23.90,-0.45,366138,8704441,308
2025-08-01,TWSE,2109,華豐,16.10,16.25,16.00,16.20,0.00,115632,1862377,97
2025-08-01,TWSE,2114,鑫永銓,87.20,89.30,87.20,89.00,1.10,55420,4927627,64
2025-08-01,TWSE,2115,六暉-KY,26.95,26.95,26.90,26.95,0.00,13100,352850,21
2025-08-01,TWSE,2201,裕隆,32.50,33.60,31.95,33.10,0.30,4807452,158613033,3037
2025-08-01,TWSE,2204,中華,55.80,56.80,54.60,55.30,-0.10,1183414,65991591,1083
2025-08-01,TWSE,2206,三陽工業,61.20,62.50,61.20,62.50,0.50,439152,27284237,368
2025-08-01,TWSE,2207,和泰車,544.00,547.00,539.00,545.00,-7.00,320375,174540943,878
2025-08-01,TWSE,2208,台船,16.10,16.25,16.05,16.15,0.00,1373675,22194404,654
2025-08-01,TWSE,2211,長榮鋼,80.10,81.80,79.30,81.20,0.30,587619,47527634,622
2025-08-01,TWSE,2227,裕日車,57.90,60.00,57.90,59.80,-1.20,36822,2194927,69
2025-08-01,TWSE,2228,劍麟,83.00,85.90,83.00,85.80,1.80,142801,12123000,149
2025-08-01,TWSE,2231,為升,69.80,73.20,68.40,72.60,2.40,568934,40680805,466
2025-08-01,TWSE,2233,宇隆,180.50,190.00,178.00,188.00,8.00,1636545,305268680,1735
2025-08-01,TWSE,2236,百達-KY,96.00,97.30,95.60,97.10,0.20,32445,3135872,46
2025-08-01,TWSE,2239,英利-KY,30.40,30.55,30.10,30.20,-0.30,72051,2179230,73
2025-08-01,TWSE,2241,艾姆勒,24.15,25.30,23.85,25.00,0.50,239563,5941021,171
2025-08-01,TWSE,2243,宏旭-KY,9.96,10.35,9.96,10.05,-0.15,154440,1571867,124
2025-08-01,TWSE,2247,汎德永業,322.50,327.00,304.50,323.50,-10.50,1520496,485161223,3307
2025-08-01,TWSE,2248,華勝-KY,44.55,44.75,44.10,44.75,0.10,17072,759961,27
2025-08-01,TWSE,2250,IKKA-KY,92.80,100.50,91.30,96.90,2.80,786422,76749140,802
2025-08-01,TWSE,2254,巨鎧精密-創,61.80,63.70,61.50,63.70,0.10,26050,1626363,28
2025-08-01,TWSE,2258,鴻華先進-創,40.00,41.40,39.50,41.10,0.50,517873,21066300,387
2025-08-01,TWSE,2301,光寶科,116.50,122.50,115.50,121.50,2.50,21101469,2542906221,11322
2025-08-01,TWSE,2302,麗正,15.30,15.45,14.80,15.45,0.10,355700,5409150,187
2025-08-01,TWSE,2303,聯電,40.75,41.40,40.35,41.05,-0.50,30847258,1264663833,16881
2025-08-01,TWSE,2305,全友,10.40,10.70,10.35,10.60,0.10,233074,2467526,126
2025-08-01,TWSE,2308,台達電,558.00,597.00,556.00,588.00,21.00,25566551,14946091142,30378
2025-08-01,TWSE,2312,金寶,17.80,18.60,17.55,18.40,0.35,7510069,137369883,3050
2025-08-01,TWSE,2313,華通,64.00,66.10,63.60,64.90,-0.80,9417119,611918341,6087
2025-08-01,TWSE,2314,台揚,8.80,8.80,8.70,8.70,-0.08,251819,2196814,144
2025-08-01,TWSE,2316,楠梓電,78.50,83.30,78.50,80.70,-1.30,19328790,1578438519,14961
2025-08-01,TWSE,2317,鴻海,175.00,181.50,175.00,181.50,3.50,65361707,11706827616,51454
2025-08-01,TWSE,2321,東訊,14.30,14.60,14.30,14.60,-0.10,8559,123357,11
2025-08-01,TWSE,2323,中環,7.88,7.88,7.66,7.82,-0.10,2121089,16518591,1056
2025-08-01,TWSE,2324,仁寶,29.10,29.95,29.05,29.75,0.25,12500747,370956045,5831
2025-08-01,TWSE,2327,國巨*,523.00,545.00,521.00,539.00,9.00,3692310,1980579588,5460
2025-08-01,TWSE,2328,廣宇,42.40,43.70,41.85,43.10,-0.10,10480271,451492650,6978
2025-08-01,TWSE,2329,華泰,38.35,40.15,37.55,39.45,0.35,5930972,233339665,3393
2025-08-01,TWSE,2330,台積電,1145.00,1150.00,1130.00,1140.00,-20.00,45352225,51714816380,76135
2025-08-01,TWSE,2331,精英,17.20,17.75,16.90,17.70,0.25,1203333,20995864,572
2025-08-01,TWSE,2332,友訊,16.20,17.15,16.00,17.00,0.50,3773766,63119935,1914
2025-08-01,TWSE,2337,旺宏,18.55,18.85,18.00,18.85,-0.10,10402388,193121809,4511
2025-08-01,TWSE,2338,光罩,30.70,32.15,30.00,32.15,1.00,2532369,79812216,1718
2025-08-01,TWSE,2340,台亞,19.60,20.30,19.05,20.20,0.30,1714732,34136320,930
2025-08-01,TWSE,2342,茂矽,20.20,20.65,20.10,20.60,-0.20,425716,8692072,358
2025-08-01,TWSE,2344,華邦電,17.25,17.80,16.85,17.60,0.25,29365200,514654219,9036
2025-08-01,TWSE,2345,智邦,871.00,889.00,867.00,884.00,-8.00,5475385,4818139396,7279
2025-08-01,TWSE,2347,聯強,65.60,66.70,65.50,66.30,-0.10,1748053,115772937,1393
2025-08-01,TWSE,2348,海悅,87.00,89.80,86.00,89.70,2.40,519407,45865092,546
2025-08-01,TWSE,2348A,海悅甲特,35.30,35.70,35.30,35.65,0.30,18240,648282,18
2025-08-01,TWSE,2349,錸德,10.10,10.40,10.00,10.25,0.05,1653784,16868983,588
2025-08-01,TWSE,2351,順德,73.10,75.60,72.60,75.00,0.80,814268,60808398,698
2025-08-01,TWSE,2352,佳世達,25.70,26.40,25.45,26.35,0.40,2338120,60829521,1244
2025-08-01,TWSE,2353,宏碁,31.70,32.30,31.45,32.05,-0.10,5990661,191404902,3423
2025-08-01,TWSE,2354,鴻準,63.90,66.60,63.10,66.10,1.20,12170121,798259067,9330
2025-08-01,TWSE,2355,敬鵬,34.55,35.25,34.30,34.60,-0.70,4214097,146610333,3716
2025-08-01,TWSE,2356,英業達,43.75,44.40,43.10,44.25,-0.25,11929279,524702688,8360
2025-08-01,TWSE,2357,華碩,654.00,667.00,651.00,665.00,3.00,2483314,1644898734,3790
2025-08-01,TWSE,2359,所羅門,135.50,139.00,133.50,138.00,0.50,1710717,235351867,1550
2025-08-01,TWSE,2360,致茂,434.00,473.50,434.00,473.50,43.00,5087891,2357967020,3848
2025-08-01,TWSE,2362,藍天,43.80,44.60,43.35,44.45,0.00,357900,15813769,385
2025-08-01,TWSE,2363,矽統,54.30,55.70,53.60,55.30,-0.10,6396541,352029511,4410
2025-08-01,TWSE,2364,倫飛,99.40,102.50,97.10,101.50,0.50,512911,51602012,1081
2025-08-01,TWSE,2365,昆盈,41.65,42.75,41.25,41.95,-0.30,6363656,268019539,4358
2025-08-01,TWSE,2367,燿華,27.40,28.40,27.30,27.70,-0.35,16813696,469282441,10477
2025-08-01,TWSE,2368,金像電,368.50,383.50,366.50,378.00,3.50,15003505,5674451057,12411
2025-08-01,TWSE,2369,菱生,14.55,14.85,14.30,14.85,0.10,652097,9588157,457
2025-08-01,TWSE,2371,大同,35.35,35.95,35.00,35.90,0.15,5663749,201925347,5549
2025-08-01,TWSE,2373,震旦行,56.80,57.80,56.80,57.20,0.00,25714,1469995,39
2025-08-01,TWSE,2374,佳能,59.20,62.30,58.80,60.40,0.40,22160088,1352034206,14717
2025-08-01,TWSE,2375,凱美,57.00,58.70,56.10,57.90,0.20,257565,14931619,244
2025-08-01,TWSE,2376,技嘉,271.00,279.00,271.00,277.00,2.00,3922257,1081998855,4819
2025-08-01,TWSE,2377,微星,143.00,149.00,142.50,147.50,3.50,6380466,938382714,6140
2025-08-01,TWSE,2379,瑞昱,563.00,565.00,550.00,550.00,-25.00,4337447,2412002696,7450
2025-08-01,TWSE,2380,虹光,3.91,4.11,3.89,4.11,0.08,136204,544977,64
2025-08-01,TWSE,2382,廣達,276.00,285.00,276.00,285.00,3.50,20318200,5714604682,28749
2025-08-01,TWSE,2383,台光電,1105.00,1165.00,1095.00,1120.00,15.00,8467239,9606066415,11531
2025-08-01,TWSE,2385,群光,130.00,132.00,128.50,131.00,0.00,1259070,164775625,1382
2025-08-01,TWSE,2387,精元,43.30,44.10,42.80,44.00,0.30,343956,15055306,309
2025-08-01,TWSE,2388,威盛,58.30,61.00,57.20,60.40,0.60,3131525,187491201,2257
2025-08-01,TWSE,2390,云辰,10.20,10.55,10.05,10.50,0.30,570262,5895301,397
2025-08-01,TWSE,2392,正崴,56.20,58.00,55.50,57.30,0.20,2862239,164116481,2123
2025-08-01,TWSE,2393,億光,69.00,70.10,68.60,69.60,0.30,4180850,288985703,3228
2025-08-01,TWSE,2395,研華,332.00,333.00,317.50,317.50,-18.00,3339267,1075857479,5652
2025-08-01,TWSE,2397,友通,69.20,72.00,69.20,71.10,-0.70,466866,33163805,456
2025-08-01,TWSE,2399,映泰,17.80,18.35,17.30,18.25,0.45,1286266,23209657,594
2025-08-01,TWSE,2401,凌陽,18.85,19.30,18.65,19.20,0.10,1816314,34628805,1025
2025-08-01,TWSE,2402,毅嘉,38.20,39.50,38.00,39.35,0.00,5118008,199923710,2841
2025-08-01,TWSE,2404,漢唐,784.00,835.00,784.00,820.00,30.00,2988345,2440989864,5544
2025-08-01,TWSE,2405,輔信,16.00,17.10,15.70,16.85,0.65,2478872,41037143,1219
2025-08-01,TWSE,2406,國碩,12.10,13.50,11.95,13.25,0.95,9138294,119851298,3725
2025-08-01,TWSE,2408,南亞科,43.05,44.75,42.30,44.45,-0.10,43114380,1898570315,20217
2025-08-01,TWSE,2409,友達,12.00,12.00,11.75,11.90,-0.10,31333876,372733156,7313
2025-08-01,TWSE,2412,中華電,129.00,130.50,129.00,129.50,0.50,6845260,888492661,3574
2025-08-01,TWSE,2413,環科,17.30,17.80,17.30,17.70,0.00,119240,2101597,88
2025-08-01,TWSE,2414,精技,41.55,42.40,41.20,42.40,0.85,325699,13628540,282
2025-08-01,TWSE,2415,錩新,24.65,24.65,24.20,24.35,0.15,32990,803964,37
2025-08-01,TWSE,2417,圓剛,40.15,41.50,39.60,41.20,0.45,644952,26379082,750
2025-08-01,TWSE,2419,仲琦,22.00,22.80,21.60,22.45,-0.05,578963,12943477,425
2025-08-01,TWSE,2420,新巨,54.80,56.10,53.80,56.00,1.60,591519,32868755,443
2025-08-01,TWSE,2421,建準,111.50,115.00,111.50,115.00,1.50,2673543,305611177,2185
2025-08-01,TWSE,2423,固緯,44.70,45.90,44.40,45.20,-0.10,139308,6300317,197
2025-08-01,TWSE,2424,隴華,57.60,63.40,57.50,63.40,5.70,46823,2881398,81
2025-08-01,TWSE,2425,承啟,34.65,36.45,34.55,35.60,0.90,983906,35038865,705
2025-08-01,TWSE,2426,鼎元,14.95,15.35,14.60,15.20,0.10,874617,13207378,398
2025-08-01,TWSE,2427,三商電,28.70,29.80,28.65,29.25,0.40,4220680,124382865,2559
2025-08-01,TWSE,2428,興勤,134.00,138.00,133.00,137.50,2.00,176999,24127404,181
2025-08-01,TWSE,2429,銘旺科,89.00,91.60,87.10,89.70,0.20,14282177,1274642083,9208
2025-08-01,TWSE,2430,燦坤,24.30,24.30,24.00,24.25,-0.25,36516,882664,69
2025-08-01,TWSE,2431,聯昌,11.20,12.35,11.05,11.90,0.40,4829429,56738157,2264
2025-08-01,TWSE,2432,倚天酷碁-創,28.50,28.50,28.05,28.05,0.00,15445,434938,17
2025-08-01,TWSE,2433,互盛電,49.00,49.25,49.00,49.25,0.00,12459,612575,25
2025-08-01,TWSE,2434,統懋,29.00,29.20,29.00,29.00,-0.35,7358,213765,11
2025-08-01,TWSE,2436,偉詮電,46.70,48.35,45.95,48.30,0.90,746051,35550824,554
2025-08-01,TWSE,2438,翔耀,26.45,27.10,26.45,26.80,0.35,58815,1583852,87
2025-08-01,TWSE,2439,美律,112.00,114.00,111.50,113.50,-0.50,3634091,410056194,1971
2025-08-01,TWSE,2440,太空梭,12.30,13.20,12.25,12.95,0.25,181073,2314850,142
2025-08-01,TWSE,2441,超豐,60.80,62.30,60.60,62.00,0.40,1666655,102977592,1350
2025-08-01,TWSE,2442,新美齊,26.35,26.95,26.20,26.65,0.25,1328898,35544078,816
2025-08-01,TWSE,2444,兆勁,10.95,11.40,10.95,11.40,0.30,156738,1764684,105
2025-08-01,TWSE,2449,京元電子,114.00,122.50,113.50,120.00,2.00,33796515,4019380834,21033
2025-08-01,TWSE,2450,神腦,29.70,30.05,29.70,30.05,-0.10,38859,1164235,144
2025-08-01,TWSE,2451,創見,93.50,94.20,93.20,93.60,-1.00,659364,61788436,2344
2025-08-01,TWSE,2453,凌群,56.10,57.80,56.10,57.40,0.40,980279,56181776,740
2025-08-01,TWSE,2454,聯發科,1350.00,1375.00,1350.00,1350.00,-20.00,6495615,8832521555,17426
2025-08-01,TWSE,2455,全新,143.00,150.00,142.00,149.50,4.50,7704923,1135697249,5946
2025-08-01,TWSE,2457,飛宏,21.50,22.45,21.45,22.15,0.15,1425210,31590303,844
2025-08-01,TWSE,2458,義隆,124.00,130.00,122.50,129.00,4.50,2170943,278371918,1529
2025-08-01,TWSE,2459,敦吉,59.20,59.90,59.20,59.80,-0.10,19748,1177746,56
2025-08-01,TWSE,2460,建通,16.45,17.30,16.45,17.15,0.35,219176,3710620,131
2025-08-01,TWSE,2461,光群雷,16.10,16.45,15.80,16.40,-0.10,361974,5825310,206
2025-08-01,TWSE,2462,良得電,23.85,25.10,23.75,25.00,0.80,941960,23196009,728
2025-08-01,TWSE,2464,盟立,56.50,58.50,55.80,58.20,0.60,1700833,98435935,1793
2025-08-01,TWSE,2465,麗臺,60.40,65.60,60.40,65.00,2.50,861346,55261927,839
2025-08-01,TWSE,2466,冠西電,89.90,91.80,86.20,87.80,-0.80,3012051,269131092,2793
2025-08-01,TWSE,2467,志聖,143.00,148.00,141.00,147.50,2.50,446489,65195140,510
2025-08-01,TWSE,2468,華經,53.00,56.90,52.40,55.10,2.10,4391820,243103342,3581
2025-08-01,TWSE,2471,資通,53.50,55.30,53.40,53.70,0.10,887382,48203404,757
2025-08-01,TWSE,2472,立隆電,76.20,78.30,74.50,77.70,0.70,1730717,133345910,1127
2025-08-01,TWSE,2474,可成,211.00,213.00,209.50,212.00,0.00,832452,175952711,847
2025-08-01,TWSE,2476,鉅祥,79.00,81.40,78.60,79.70,-0.70,1947786,155822879,1824
2025-08-01,TWSE,2477,美隆電,21.05,21.30,20.80,21.25,0.05,92115,1946529,78
2025-08-01,TWSE,2478,大毅,41.65,42.35,41.60,42.30,0.20,103065,4310954,104
2025-08-01,TWSE,2480,敦陽科,161.00,165.00,161.00,163.50,0.50,226381,36998442,383
2025-08-01,TWSE,2481,強茂,46.80,48.30,45.90,48.00,0.50,1194755,56857341,862
2025-08-01,TWSE,2482,連宇,18.00,18.20,17.60,18.00,-0.05,88508,1587112,90
2025-08-01,TWSE,2483,百容,17.50,17.60,17.35,17.50,0.00,30359,530317,20
2025-08-01,TWSE,2484,希華,21.50,21.85,21.50,21.85,0.15,102758,2231853,118
2025-08-01,TWSE,2485,兆赫,11.25,11.40,10.95,11.35,0.05,549987,6133532,320
2025-08-01,TWSE,2486,一詮,69.20,72.40,68.10,72.10,1.60,2195659,156301997,1921
2025-08-01,TWSE,2488,漢平,46.10,46.30,45.75,46.00,-0.30,240724,11084825,168
2025-08-01,TWSE,2489,瑞軒,13.10,13.45,12.90,13.30,0.00,1821031,24099000,829
2025-08-01,TWSE,2491,吉祥全,9.96,10.00,9.96,9.96,-0.14,10020,99835,20
2025-08-01,TWSE,2492,華新科,83.50,87.20,82.30,85.40,0.50,1438135,122960230,1423
2025-08-01,TWSE,2493,揚博,94.90,95.90,93.80,95.20,0.40,154529,14648662,213
2025-08-01,TWSE,2495,普安,20.90,21.60,20.60,21.55,0.35,397405,8451954,282
2025-08-01,TWSE,2496,卓越,69.50,70.30,69.50,69.80,0.00,12888,901355,25
2025-08-01,TWSE,2497,怡利電,37.50,39.30,37.20,38.90,0.85,296136,11414410,231
2025-08-01,TWSE,2498,宏達電,39.50,41.20,39.30,40.80,0.45,5280561,213722405,3169
2025-08-01,TWSE,2501,國建,18.55,18.90,18.40,18.85,0.20,614283,11492404,400
2025-08-01,TWSE,2504,國產,36.75,37.10,36.40,36.90,-0.10,1709032,62963021,1249
2025-08-01,TWSE,2505,國揚,17.90,19.35,17.65,18.95,1.35,678805,12679477,574
2025-08-01,TWSE,2506,太設,9.57,9.68,9.55,9.63,0.00,98365,944286,93
2025-08-01,TWSE,2509,全坤建,13.05,13.10,13.00,13.05,-0.05,193806,2526876,117
2025-08-01,TWSE,2511,太子,9.06,9.19,9.03,9.15,0.04,343580,3138452,215
2025-08-01,TWSE,2514,龍邦,15.35,15.55,15.35,15.50,-0.05,50870,786547,100
2025-08-01,TWSE,2515,中工,11.00,11.30,10.95,11.20,0.10,3363676,37605630,999
2025-08-01,TWSE,2516,新建,15.00,15.70,14.95,15.70,0.65,476959,7320179,304
2025-08-01,TWSE,2520,冠德,49.80,50.70,49.00,50.60,0.60,3591073,179614063,2372
2025-08-01,TWSE,2524,京城,41.10,41.65,40.00,41.50,0.10,123831,5079264,116
2025-08-01,TWSE,2527,宏璟,26.80,26.95,26.30,26.80,-0.10,312988,8381220,177
2025-08-01,TWSE,2528,皇普,26.55,27.30,26.15,27.05,0.30,679036,18318249,359
2025-08-01,TWSE,2530,華建,28.05,28.30,27.75,28.05,-0.45,718074,20188715,458
2025-08-01,TWSE,2534,宏盛,22.80,23.35,22.60,23.30,0.30,423378,9777305,345
2025-08-01,TWSE,2535,達欣工,60.00,60.80,59.40,60.80,1.10,271193,16390909,464
2025-08-01,TWSE,2536,宏普,27.10,27.30,27.00,27.30,0.00,227973,6169936,182
2025-08-01,TWSE,2537,聯上發,10.75,10.95,10.70,10.95,0.25,727897,7882058,343
2025-08-01,TWSE,2538,基泰,12.45,12.65,12.30,12.65,0.05,397446,4942434,249
2025-08-01,TWSE,2539,櫻花建,64.70,66.00,64.60,65.70,0.60,396279,25885456,361
2025-08-01,TWSE,2540,愛山林,77.80,79.20,77.50,78.80,0.30,286419,22489674,643
2025-08-01,TWSE,2542,興富發,40.95,42.10,40.65,42.00,1.05,3661681,152530777,2099
2025-08-01,TWSE,2543,皇昌,73.30,74.20,72.10,73.00,-1.00,1541323,112968173,1383
2025-08-01,TWSE,2545,皇翔,39.00,39.65,38.40,39.50,0.35,402360,15732819,324
2025-08-01,TWSE,2546,根基,84.00,85.20,83.50,85.20,0.50,173236,14601562,232
2025-08-01,TWSE,2547,日勝生,11.20,11.40,11.15,11.35,0.05,739948,8354556,379
2025-08-01,TWSE,2548,華固,94.60,96.40,94.60,96.10,0.80,723019,69293989,936
2025-08-01,TWSE,2597,潤弘,151.50,161.00,151.50,160.00,0.00,1334380,209000891,1766
2025-08-01,TWSE,2601,益航,5.74,5.87,5.68,5.84,0.02,560541,3235980,375
2025-08-01,TWSE,2603,長榮,196.50,200.50,195.50,199.50,1.50,7550205,1499983397,7416
2025-08-01,TWSE,2605,新興,21.85,22.40,21.60,22.30,0.25,1687670,37342593,1068
2025-08-01,TWSE,2606,裕民,51.80,52.80,51.40,52.40,0.20,2752716,144252056,1955
2025-08-01,TWSE,2607,榮運,34.30,35.00,34.20,35.00,0.65,1374658,47746498,923
2025-08-01,TWSE,2608,嘉里大榮,33.50,33.75,33.40,33.70,0.05,117428,3943961,111
2025-08-01,TWSE,2609,陽明,60.30,61.60,59.60,61.10,0.30,13435978,819862333,9770
2025-08-01,TWSE,2610,華航,20.45,20.70,20.25,20.55,-0.05,12970964,266559599,4661
2025-08-01,TWSE,2611,志信,16.20,16.45,15.75,16.35,0.15,349608,5652866,781
2025-08-01,TWSE,2612,中航,48.25,49.75,47.50,48.80,0.55,1329915,65034945,1044
2025-08-01,TWSE,2613,中櫃,26.00,26.65,25.60,26.45,0.05,329938,8687164,266
2025-08-01,TWSE,2614,東森,15.45,15.65,15.40,15.60,0.15,168111,2619788,161
2025-08-01,TWSE,2615,萬海,88.00,90.90,87.20,90.20,1.50,9536889,856984212,6858
2025-08-01,TWSE,2616,山隆,14.40,14.40,14.20,14.30,-0.10,137317,1968202,312
2025-08-01,TWSE,2617,台航,26.70,27.00,26.40,26.95,0.05,309027,8291911,227
2025-08-01,TWSE,2618,長榮航,37.65,38.15,37.40,38.05,0.20,18022068,683472807,6902
2025-08-01,TWSE,2630,亞航,37.90,39.55,37.75,39.20,0.75,2993718,115828817,2607
2025-08-01,TWSE,2633,台灣高鐵,27.20,27.35,27.05,27.25,0.00,1357757,36979685,896
2025-08-01,TWSE,2634,漢翔,42.90,43.60,42.80,43.40,-0.30,5713295,246947439,3443
2025-08-01,TWSE,2636,台驊控股,70.00,71.10,69.20,70.60,0.30,147800,10407497,188
2025-08-01,TWSE,2637,慧洋-KY,58.10,59.70,57.50,58.90,0.40,1844409,108713284,1280
2025-08-01,TWSE,2642,宅配通,25.60,26.00,25.60,25.95,0.35,32863,850111,61
2025-08-01,TWSE,2645,長榮航太,116.00,126.00,115.50,123.50,6.50,10313269,1266317921,7851
2025-08-01,TWSE,2646,星宇航空,25.60,25.85,25.50,25.75,0.05,3203433,82389843,1854
2025-08-01,TWSE,2701,萬企,11.20,11.30,11.20,11.25,0.00,33128,371922,35
2025-08-01,TWSE,2702,華園,12.95,13.25,12.90,13.00,-0.05,23427,305739,38
2025-08-01,TWSE,2704,國賓,41.40,42.60,41.05,42.10,0.20,85387,3569282,117
2025-08-01,TWSE,2705,六福,16.70,16.95,16.70,16.85,-0.05,67544,1139741,99
2025-08-01,TWSE,2706,第一店,13.25,13.45,13.25,13.45,0.00,51834,692443,118
2025-08-01,TWSE,2707,晶華,190.00,191.50,190.00,191.00,0.50,38905,7437721,105
2025-08-01,TWSE,2712,遠雄來,19.70,19.85,19.20,19.85,0.10,7005,136801,7
2025-08-01,TWSE,2722,夏都,30.00,30.00,29.50,29.75,-0.20,27412,816491,41
2025-08-01,TWSE,2723,美食-KY,80.20,81.00,79.60,80.30,-0.10,204321,16422477,214
2025-08-01,TWSE,2727,王品,227.00,232.00,227.00,231.50,2.50,238793,55043047,534
2025-08-01,TWSE,2731,雄獅,145.50,148.50,145.00,147.50,1.00,624130,91941116,666
2025-08-01,TWSE,2739,寒舍,37.90,38.45,37.90,38.15,-0.05,63995,2444553,79
2025-08-01,TWSE,2748,雲品,49.30,50.00,49.10,49.50,-0.35,165822,8210287,110
2025-08-01,TWSE,2753,八方雲集,185.50,191.50,185.50,189.00,4.50,551384,104202527,806
2025-08-01,TWSE,2762,世界健身-KY,74.80,75.20,74.80,74.90,-0.80,70578,5292625,88
2025-08-01,TWSE,2801,彰銀,18.40,18.80,18.40,18.70,0.20,22456103,419201732,5048
2025-08-01,TWSE,2809,京城銀,53.90,54.70,53.80,54.70,0.70,4218229,229001549,733
2025-08-01,TWSE,2812,台中銀,22.05,22.90,22.05,22.85,0.60,13531169,306897608,4386
2025-08-01,TWSE,2816,旺旺保,25.75,25.90,25.70,25.90,0.00,33462,862124,32
2025-08-01,TWSE,2820,華票,15.10,15.30,15.10,15.25,0.10,509319,7755796,286
2025-08-01,TWSE,2832,台產,30.00,30.45,29.70,30.35,0.10,306813,9267275,222
2025-08-01,TWSE,2834,臺企銀,16.00,16.25,15.90,16.15,0.05,28827273,465184348,5144
2025-08-01,TWSE,2836,高雄銀,11.60,11.70,11.50,11.65,-0.05,1123013,13047836,517
2025-08-01,TWSE,2836A,高雄銀甲特,22.80,22.80,22.75,22.75,0.00,2000,45550,2
2025-08-01,TWSE,2838,聯邦銀,16.60,16.80,16.40,16.75,0.10,1507279,25141014,754
2025-08-01,TWSE,2838A,聯邦銀甲特,53.60,53.80,53.60,53.80,0.20,48100,2582670,24
2025-08-01,TWSE,2845,遠東銀,13.45,13.60,13.40,13.50,0.05,4693651,63331570,1461
2025-08-01,TWSE,2849,安泰銀,13.35,13.35,13.20,13.35,0.05,59249,787180,115
2025-08-01,TWSE,2850,新產,94.60,96.50,94.30,96.00,1.00,177907,17030840,263
2025-08-01,TWSE,2851,中再保,22.95,23.35,22.95,23.25,0.10,829626,19252032,488
2025-08-01,TWSE,2852,第一保,24.45,24.75,24.35,24.75,0.10,166171,4082986,141
2025-08-01,TWSE,2855,統一證,18.85,19.30,18.70,19.15,0.25,1824629,34857068,628
2025-08-01,TWSE,2867,三商壽,5.17,5.31,5.13,5.21,-0.03,5555335,29011610,1351
2025-08-01,TWSE,2880,華南金,28.40,28.95,28.40,28.90,0.20,9993280,287663668,4456
2025-08-01,TWSE,2881,富邦金,81.40,83.10,81.10,82.60,0.20,11198097,922912935,7571
2025-08-01,TWSE,2881A,富邦特,62.50,62.70,62.50,62.70,0.20,127584,7977533,41
2025-08-01,TWSE,2881B,富邦金乙特,61.20,61.30,61.20,61.30,-0.10,37719,2308462,18
2025-08-01,TWSE,2881C,富邦金丙特,52.60,53.00,52.60,53.00,0.10,32741,1732601,53
2025-08-01,TWSE,2882,國泰金,60.50,61.50,60.00,61.20,0.30,18885623,1154387375,7299
2025-08-01,TWSE,2882A,國泰特,60.70,60.80,60.70,60.80,0.00,38972,2365602,19
2025-08-01,TWSE,2882B,國泰金乙特,60.20,60.30,60.20,60.30,0.00,35430,2132917,13
2025-08-01,TWSE,2883,凱基金,15.05,15.35,15.05,15.30,0.10,23048011,351610503,5684
2025-08-01,TWSE,2883B,凱基金乙特,7.52,7.60,7.52,7.60,0.06,1903195,14437902,255
2025-08-01,TWSE,2884,玉山金,31.65,32.35,31.65,32.25,0.20,19157845,616310960,7929
2025-08-01,TWSE,2885,元大金,30.95,31.80,30.80,31.55,0.35,15565000,490232385,7257
2025-08-01,TWSE,2886,兆豐金,42.40,42.85,42.40,42.65,0.05,17819279,760761534,10922
2025-08-01,TWSE,2887,台新新光金,16.20,16.45,16.15,16.35,0.00,75770937,1237812809,13778
2025-08-01,TWSE,2887E,台新新光戊特一,48.10,48.30,48.10,48.20,0.15,62963,3034871,48
2025-08-01,TWSE,2887F,台新新光戊特二,43.35,43.40,43.35,43.40,0.05,9228,400085,9
2025-08-01,TWSE,2887G,台新新光庚特一,35.35,35.70,35.35,35.65,0.30,136497,4834051,41
2025-08-01,TWSE,2887H,台新新光庚特二,35.55,35.80,35.55,35.70,0.15,36419,1298648,40
2025-08-01,TWSE,2887I,台新新光辛特,8.94,9.06,8.93,9.02,0.09,55529467,499455775,4197
2025-08-01,TWSE,2887Z1,台新新光己特,15.25,15.25,15.20,15.25,0.00,116417,1773625,53
2025-08-01,TWSE,2889,國票金,14.45,14.60,14.25,14.50,-0.05,4374599,63204679,1956
2025-08-01,TWSE,2890,永豐金,24.55,25.10,24.40,25.10,0.35,22969093,572705091,7234
2025-08-01,TWSE,2891,中信金,40.85,41.70,40.70,41.45,0.20,25760513,1066252040,9576
2025-08-01,TWSE,2891B,中信金乙特,62.80,62.80,62.70,62.70,0.30,9214,577762,9
2025-08-01,TWSE,2891C,中信金丙特,59.80,60.00,59.60,59.80,-0.20,77087,4609370,20
2025-08-01,TWSE,2892,第一金,29.50,30.15,29.45,30.00,0.40,40398688,1208371690,8593
2025-08-01,TWSE,2897,王道銀行,9.06,9.08,9.03,9.08,0.01,1949313,17664223,934
2025-08-01,TWSE,2897B,王道銀乙特,11.95,11.95,11.90,11.90,-0.10,16199,193266,9
2025-08-01,TWSE,2901,欣欣,25.70,25.90,25.50,25.85,0.15,6754,173792,22
2025-08-01,TWSE,2903,遠百,21.05,21.40,20.95,21.25,0.05,1044399,22170480,592
2025-08-01,TWSE,2904,匯僑,17.45,17.50,17.40,17.50,0.00,11012,192185,25
2025-08-01,TWSE,2905,三商,12.05,12.25,12.00,12.15,0.05,150002,1817415,200
2025-08-01,TWSE,2906,高林,15.00,15.30,15.00,15.25,0.05,27762,422379,55
2025-08-01,TWSE,2908,特力,19.80,19.95,19.75,19.95,0.00,395457,7842299,169
2025-08-01,TWSE,2910,統領,20.80,21.20,20.75,21.20,0.10,10060,209922,10
2025-08-01,TWSE,2911,麗嬰房,5.00,5.00,4.75,4.97,-0.03,64025,311734,91
2025-08-01,TWSE,2912,統一超,256.00,258.50,255.50,257.00,1.00,1430305,367811414,2139
2025-08-01,TWSE,2913,農林,14.45,14.65,14.30,14.55,-0.15,1017600,14771931,768
2025-08-01,TWSE,2915,潤泰全,51.80,53.10,51.30,52.70,0.60,1482086,77921135,1063
2025-08-01,TWSE,2923,鼎固-KY,22.30,23.00,22.15,23.00,0.10,63855,1434149,101
2025-08-01,TWSE,2929,淘帝-KY,9.99,10.00,9.70,9.71,-0.28,550578,5415619,344
2025-08-01,TWSE,2939,永邑-KY,26.60,26.60,26.35,26.35,-0.25,9003,237529,12
2025-08-01,TWSE,2945,三商家購,37.30,37.30,37.25,37.30,0.05,19016,709055,18
2025-08-01,TWSE,3002,歐格,13.70,13.85,13.70,13.85,0.10,41118,564794,60
2025-08-01,TWSE,3003,健和興,50.50,52.20,50.30,52.10,0.90,267192,13792716,213
2025-08-01,TWSE,3004,豐達科,120.50,127.00,116.50,125.00,-0.50,1132680,139791118,1387
2025-08-01,TWSE,3005,神基,116.50,118.50,116.00,118.00,0.00,1879806,220851180,1039
2025-08-01,TWSE,3006,晶豪科,49.90,51.30,48.80,49.80,-0.40,3458783,173047144,2917
2025-08-01,TWSE,3008,大立光,2330.00,2370.00,2315.00,2340.00,-25.00,461085,1082614180,1726
2025-08-01,TWSE,3010,華立,93.00,94.70,92.20,94.00,0.00,247239,23207394,296
2025-08-01,TWSE,3011,今皓,15.15,16.80,14.90,16.15,0.65,3481018,55578486,2012
2025-08-01,TWSE,3013,晟銘電,115.50,125.50,114.50,125.00,6.00,7517164,913433647,5670
2025-08-01,TWSE,3014,聯陽,130.50,134.50,130.00,134.00,2.00,551242,73586251,564
2025-08-01,TWSE,3015,全漢,55.10,56.30,54.20,56.30,0.90,331187,18421719,309
2025-08-01,TWSE,3016,嘉晶,32.00,33.55,31.30,33.15,0.55,584102,19157822,579
2025-08-01,TWSE,3017,奇鋐,901.00,925.00,894.00,919.00,-4.00,8193467,7479096097,18440
2025-08-01,TWSE,3018,隆銘綠能,13.35,13.40,13.30,13.40,0.00,75416,1008405,77
2025-08-01,TWSE,3019,亞光,128.50,138.00,127.00,137.50,7.00,15311017,2076005971,11910
2025-08-01,TWSE,3021,鴻名,19.00,19.75,18.80,19.20,0.10,481793,9319779,367
2025-08-01,TWSE,3022,威強電,76.10,77.60,74.80,77.30,0.50,780145,59894012,809
2025-08-01,TWSE,3023,信邦,243.00,247.50,241.50,243.50,-0.50,1361814,332411375,5952
2025-08-01,TWSE,3024,憶聲,12.55,13.15,12.45,13.15,0.40,582614,7543193,282
2025-08-01,TWSE,3025,星通,48.80,50.00,47.60,49.90,0.80,174286,8587477,174
2025-08-01,TWSE,3026,禾伸堂,79.40,79.80,78.80,79.70,-0.40,153804,12242766,552
2025-08-01,TWSE,3027,盛達,28.50,29.25,28.35,29.15,0.45,262377,7605130,167
2025-08-01,TWSE,3028,增你強,32.65,33.15,32.60,33.00,0.00,284444,9367645,230
2025-08-01,TWSE,3029,零壹,113.50,117.00,112.50,115.00,-0.50,1452382,167730356,1406
2025-08-01,TWSE,3030,德律,143.50,151.50,142.50,151.00,5.50,4950729,738815610,3919
2025-08-01,TWSE,3031,佰鴻,16.45,16.95,16.30,16.85,0.25,128085,2144372,82
2025-08-01,TWSE,3032,偉訓,108.00,118.00,107.50,117.00,1.50,8606826,980465037,5772
2025-08-01,TWSE,3033,威健,33.80,34.70,33.80,34.60,0.60,3031478,104085841,1698
2025-08-01,TWSE,3034,聯詠,473.00,478.50,469.00,474.00,-1.00,1454022,691263789,2819
2025-08-01,TWSE,3035,智原,149.00,158.00,149.00,157.00,4.50,6247016,967891895,6382
2025-08-01,TWSE,3036,文曄,136.00,139.00,135.00,138.50,0.50,1373269,188937778,1630
2025-08-01,TWSE,3036A,文曄甲特,50.30,50.30,50.30,50.30,0.00,306027,15393160,184
2025-08-01,TWSE,3037,欣興,133.50,141.00,133.00,138.50,1.00,33207731,4597938356,20094
2025-08-01,TWSE,3038,全台,22.05,22.45,22.05,22.40,0.10,115463,2576773,118
2025-08-01,TWSE,3040,遠見,67.20,68.70,66.90,68.50,0.40,753396,51085725,825
2025-08-01,TWSE,3041,揚智,25.60,26.10,24.75,25.80,-0.45,1978927,50364178,1707
2025-08-01,TWSE,3042,晶技,83.60,87.40,82.50,87.00,3.00,2709288,233475945,2253
2025-08-01,TWSE,3043,科風,22.60,22.60,22.00,22.45,-0.15,93850,2088446,135
2025-08-01,TWSE,3044,健鼎,275.00,287.00,274.50,281.00,1.00,5552009,1567411671,6623
2025-08-01,TWSE,3045,台灣大,105.50,106.50,105.50,106.00,0.50,3340229,354000232,1804
2025-08-01,TWSE,3046,建碁,44.50,45.00,43.40,44.80,-0.10,161547,7205926,135
2025-08-01,TWSE,3047,訊舟,17.25,18.30,17.00,18.15,0.50,2179378,38966147,1156
2025-08-01,TWSE,3048,益登,25.00,26.05,24.80,25.75,0.25,379772,9684381,340
2025-08-01,TWSE,3049,精金,5.99,5.99,5.83,5.98,-0.01,572700,3401527,413
2025-08-01,TWSE,3050,鈺德,13.40,13.75,13.10,13.70,0.25,632657,8548322,350
2025-08-01,TWSE,3051,力特,25.10,25.65,24.40,25.55,0.55,328973,8306876,264
2025-08-01,TWSE,3052,夆典,12.05,12.20,11.95,12.15,0.05,455887,5504162,233
2025-08-01,TWSE,3054,立萬利,22.80,23.10,22.55,23.10,0.20,8127,185915,12
2025-08-01,TWSE,3055,蔚華科,55.50,58.20,55.00,57.80,1.30,252924,14445516,214
2025-08-01,TWSE,3056,富華新,33.10,33.70,33.05,33.60,0.20,4095431,136737521,2566
2025-08-01,TWSE,3057,喬鼎,10.40,10.55,10.25,10.30,-0.25,343268,3556236,261
2025-08-01,TWSE,3058,立德,9.30,9.77,9.16,9.74,0.44,757325,7239347,397
2025-08-01,TWSE,3059,華晶科,39.55,41.20,38.65,40.60,0.10,5250388,212829742,3540
2025-08-01,TWSE,3060,銘異,20.00,20.35,19.60,20.15,-0.05,437029,8808061,295
2025-08-01,TWSE,3062,建漢,26.05,27.95,25.95,27.60,1.20,8943675,244950649,4759
2025-08-01,TWSE,3090,日電貿,75.80,76.70,74.60,76.30,0.40,955172,72659042,835
2025-08-01,TWSE,3092,鴻碩,18.05,18.20,17.80,17.95,-0.10,96946,1738778,199
2025-08-01,TWSE,3094,聯傑,23.30,24.30,23.20,24.05,0.35,143645,3441850,128
2025-08-01,TWSE,3130,一零四,222.00,222.00,222.00,222.00,0.00,1941,432262,56
2025-08-01,TWSE,3138,耀登,89.50,93.90,89.00,93.00,2.30,254766,23590914,496
2025-08-01,TWSE,3149,正達,30.00,31.40,29.55,31.20,0.95,1534465,47412581,1210
2025-08-01,TWSE,3150,鈺寶-創,21.60,22.70,21.60,22.30,-0.40,12000,266950,8
2025-08-01,TWSE,3164,景岳,19.60,20.25,19.60,20.25,0.05,9957,199346,52
2025-08-01,TWSE,3167,大量,166.50,187.00,165.00,187.00,17.00,41252636,7506489560,24211
2025-08-01,TWSE,3168,眾福科,49.10,49.45,48.50,48.90,-0.20,105671,5179023,127
2025-08-01,TWSE,3189,景碩,101.00,104.50,100.50,103.00,0.00,6826256,704686331,4730
2025-08-01,TWSE,3209,全科,35.65,36.50,35.40,36.45,0.55,1243974,44810401,721
2025-08-01,TWSE,3229,晟鈦,14.10,15.70,14.10,15.70,1.40,192845,2978177,160
2025-08-01,TWSE,3231,緯創,120.00,123.50,119.50,123.50,0.50,35749535,4366581443,19608
2025-08-01,TWSE,3257,虹冠電,57.00,59.70,56.30,59.00,1.30,710852,41852988,596
2025-08-01,TWSE,3266,昇陽,14.45,14.75,14.40,14.55,-0.15,345083,4989420,41
2025-08-01,TWSE,3296,勝德,23.70,24.35,23.15,23.90,0.15,342753,8171261,286
2025-08-01,TWSE,3305,昇貿,74.60,79.60,74.00,76.70,-2.00,11524435,893687350,9502
2025-08-01,TWSE,3308,聯德,17.35,17.75,17.35,17.40,0.30,86183,1509562,95
2025-08-01,TWSE,3311,閎暉,39.60,40.40,38.50,38.85,-0.85,4884441,193378889,3382
2025-08-01,TWSE,3312,弘憶股,44.75,46.15,43.70,45.90,1.00,711342,32385910,573
2025-08-01,TWSE,3321,同泰,7.22,7.41,7.07,7.25,-0.14,194163,1390072,124
2025-08-01,TWSE,3338,泰碩,52.10,54.30,51.80,54.30,1.50,328287,17516302,296
2025-08-01,TWSE,3346,麗清,23.60,24.00,23.45,23.95,0.20,140359,3339809,127
2025-08-01,TWSE,3356,奇偶,48.35,50.10,47.80,49.50,0.70,390591,19322884,477
2025-08-01,TWSE,3376,新日興,230.00,240.50,228.00,234.00,-1.50,3786207,891029047,3321
2025-08-01,TWSE,3380,明泰,26.05,27.75,25.70,27.50,0.90,1123458,30465364,865
2025-08-01,TWSE,3406,玉晶光,427.50,435.00,423.00,430.00,-3.50,721862,309053336,1534
2025-08-01,TWSE,3413,京鼎,303.00,310.00,299.00,307.50,2.00,795899,243791913,2311
2025-08-01,TWSE,3416,融程電,147.50,153.00,146.50,152.50,3.50,412996,62472811,477
2025-08-01,TWSE,3419,譁裕,12.80,12.95,12.60,12.95,0.05,131095,1678742,96
2025-08-01,TWSE,3432,台端,14.10,14.55,14.10,14.30,0.20,26811,385185,28
2025-08-01,TWSE,3437,榮創,13.90,14.30,13.85,14.25,0.20,169252,2392073,150
2025-08-01,TWSE,3443,創意,1200.00,1285.00,1190.00,1255.00,40.00,2472633,3106278465,4968
2025-08-01,TWSE,3447,展達,51.80,57.70,51.10,55.60,2.80,3474818,194957733,2855
2025-08-01,TWSE,3450,聯鈞,190.00,199.00,187.00,199.00,4.50,6270448,1224082103,5741
2025-08-01,TWSE,3454,晶睿,91.50,94.80,90.50,93.80,0.10,253974,23695706,300
2025-08-01,TWSE,3481,群創,11.40,11.45,11.25,11.30,-0.25,49891017,564884183,11260
2025-08-01,TWSE,3494,誠研,13.10,13.50,13.00,13.20,0.05,113804,1502405,121
2025-08-01,TWSE,3501,維熹,54.20,55.40,53.00,55.40,0.60,353063,19201612,291
2025-08-01,TWSE,3504,揚明光,53.00,56.00,52.60,54.30,1.50,1784201,97428432,1724
2025-08-01,TWSE,3515,華擎,261.00,293.00,260.50,293.00,26.50,3720677,1057244007,7274
2025-08-01,TWSE,3518,柏騰,15.55,15.70,15.45,15.60,0.00,76086,1184663,54
2025-08-01,TWSE,3528,安馳,85.10,88.60,84.20,87.20,1.10,2506815,218106422,3245
2025-08-01,TWSE,3530,晶相光,55.30,57.00,55.30,56.20,0.50,95700,5362913,110
2025-08-01,TWSE,3532,台勝科,88.50,89.40,85.80,88.10,-1.00,1276892,112312867,1312
2025-08-01,TWSE,3533,嘉澤,1410.00,1465.00,1390.00,1455.00,35.00,644620,934119936,1338
2025-08-01,TWSE,3535,晶彩科,67.20,70.30,66.60,68.50,-0.40,6474148,445804602,4127
2025-08-01,TWSE,3543,州巧,38.20,40.45,38.05,39.45,-0.35,11227076,443916723,7313
2025-08-01,TWSE,3545,敦泰,62.50,65.10,62.20,64.50,1.10,1079702,69038500,964
2025-08-01,TWSE,3550,聯穎,13.70,13.90,13.40,13.90,0.20,193743,2658640,124
2025-08-01,TWSE,3557,嘉威,45.25,46.05,45.25,45.75,0.45,31769,1451091,39
2025-08-01,TWSE,3563,牧德,475.00,505.00,468.50,498.50,13.50,1383866,683523042,1863
2025-08-01,TWSE,3576,聯合再生,7.00,7.13,6.80,7.00,-0.10,3861604,26947882,1778
2025-08-01,TWSE,3583,辛耘,335.00,348.50,331.50,347.50,8.50,905845,311297190,1417
2025-08-01,TWSE,3588,通嘉,42.50,43.50,42.40,43.50,1.00,122299,5276206,115
2025-08-01,TWSE,3591,艾笛森,17.40,17.65,17.00,17.65,0.15,279151,4875230,197
2025-08-01,TWSE,3592,瑞鼎,348.50,351.00,343.00,346.50,-2.50,105346,36618244,281
2025-08-01,TWSE,3593,力銘,6.54,6.61,6.54,6.61,-0.25,25009,164961,20
2025-08-01,TWSE,3596,智易,220.50,233.50,218.50,233.00,10.50,2348491,538249892,5257
2025-08-01,TWSE,3605,宏致,56.50,59.80,55.60,59.00,1.50,4946499,290930516,3235
2025-08-01,TWSE,3607,谷崧,13.50,14.10,13.45,13.75,0.10,151086,2084946,112
2025-08-01,TWSE,3617,碩天,229.50,237.00,227.00,235.50,2.50,361797,84479901,472
2025-08-01,TWSE,3622,洋華,55.60,56.80,55.30,56.70,0.30,253849,14301843,232
2025-08-01,TWSE,3645,達邁,61.10,69.00,61.00,69.00,6.20,26212108,1737405286,17472
2025-08-01,TWSE,3652,精聯,29.50,30.30,29.00,30.30,0.45,112710,3341944,96
2025-08-01,TWSE,3653,健策,1410.00,1435.00,1380.00,1385.00,-55.00,1065593,1489821090,2904
2025-08-01,TWSE,3661,世芯-KY,3800.00,3925.00,3800.00,3895.00,10.00,1872234,7260517679,5005
2025-08-01,TWSE,3665,貿聯-KY,896.00,911.00,892.00,895.00,-16.00,2720444,2447025363,6409
2025-08-01,TWSE,3669,圓展,33.30,34.10,33.30,33.60,0.05,16018,536943,17
2025-08-01,TWSE,3673,TPK-KY,32.20,33.15,31.90,32.75,-0.15,852067,27839810,771
2025-08-01,TWSE,3679,新至陞,114.50,116.50,114.00,116.00,-0.50,148335,17091518,222
2025-08-01,TWSE,3686,達能,15.20,15.80,15.20,15.55,0.10,80682,1253854,112
2025-08-01,TWSE,3694,海華,57.60,61.60,57.30,61.10,2.20,2950943,178802554,2586
2025-08-01,TWSE,3701,大眾控,34.25,35.30,34.25,35.10,-0.05,403235,14093710,436
2025-08-01,TWSE,3702,大聯大,66.00,67.80,65.80,67.40,0.90,3388397,227820452,3746
2025-08-01,TWSE,3703,欣陸,22.00,22.15,21.80,22.05,0.00,664388,14609981,353
2025-08-01,TWSE,3704,合勤控,27.00,28.55,26.65,28.25,0.80,1842044,51688036,1515
2025-08-01,TWSE,3705,永信,62.30,63.30,62.00,62.10,-0.50,890133,55776478,868
2025-08-01,TWSE,3706,神達,75.00,78.50,74.60,77.50,0.90,49034708,3781505087,30164
2025-08-01,TWSE,3708,上緯投控,116.00,124.00,116.00,124.00,2.50,2319669,282333885,2210
2025-08-01,TWSE,3711,日月光投控,143.50,152.50,141.50,152.50,0.00,41643134,6096121834,20942
2025-08-01,TWSE,3712,永崴投控,47.00,48.80,46.50,48.40,0.65,1036925,49889739,777
2025-08-01,TWSE,3714,富采,34.70,35.65,34.45,35.50,0.30,1173010,41299601,1237
2025-08-01,TWSE,3715,定穎投控,77.30,86.90,77.30,85.90,6.90,57369468,4819646079,68450
2025-08-01,TWSE,3716,中化控股,33.25,33.80,33.25,33.65,0.05,83606,2806711,139
2025-08-01,TWSE,4104,佳醫,84.10,84.30,84.10,84.20,0.30,47034,3960968,120
2025-08-01,TWSE,4106,雃博,21.70,21.95,21.20,21.95,0.10,52608,1142969,104
2025-08-01,TWSE,4108,懷特,12.60,12.80,12.60,12.70,0.05,81722,1040411,93
2025-08-01,TWSE,4119,旭富,56.50,57.60,55.80,57.00,-0.60,308770,17468409,569
2025-08-01,TWSE,4133,亞諾法,27.90,28.00,27.55,27.95,-0.05,67560,1880474,124
2025-08-01,TWSE,4137,麗豐-KY,102.00,102.50,100.50,102.00,0.00,96390,9804606,126
2025-08-01,TWSE,4142,國光生,17.20,17.20,16.85,17.20,0.00,494139,8431507,351
2025-08-01,TWSE,4148,全宇生技-KY,43.60,45.10,43.60,45.10,0.15,9050,397954,12
2025-08-01,TWSE,4155,訊映,15.80,15.80,15.70,15.80,0.00,84293,1327331,195
2025-08-01,TWSE,4164,承業醫,45.55,46.75,45.00,46.40,0.25,1424368,65293273,1134
2025-08-01,TWSE,4190,佐登-KY,34.80,34.80,34.70,34.80,0.00,18896,657805,142
2025-08-01,TWSE,4306,炎洲,15.45,15.55,15.25,15.40,-0.15,1152702,17776257,919
2025-08-01,TWSE,4414,如興,11.50,12.10,11.50,11.75,-0.05,66786,782462,95
2025-08-01,TWSE,4426,利勤,10.00,10.15,9.97,10.05,-0.05,73662,740097,70
2025-08-01,TWSE,4438,廣越,71.90,73.00,71.70,72.70,0.60,94573,6849558,94
2025-08-01,TWSE,4439,冠星-KY,90.70,90.70,90.00,90.00,-1.30,11000,992000,10
2025-08-01,TWSE,4440,宜新實業,17.75,18.35,17.30,17.40,-0.40,208012,3678218,173
2025-08-01,TWSE,4526,東台,32.05,34.75,31.65,33.65,0.65,14813322,497629508,10544
2025-08-01,TWSE,4532,瑞智,23.80,24.15,23.45,24.05,0.15,888792,21298121,650
2025-08-01,TWSE,4536,拓凱,179.50,185.00,179.50,183.50,2.00,221188,40564706,244
2025-08-01,TWSE,4540,全球傳動,38.65,40.00,37.80,39.40,0.20,1086443,42756370,1211
2025-08-01,TWSE,4545,銘鈺,30.95,31.45,30.95,31.30,0.35,76119,2378875,68
2025-08-01,TWSE,4551,智伸科,117.50,128.50,116.50,128.50,11.50,1623488,205404465,997
2025-08-01,TWSE,4552,力達-KY,23.55,23.65,23.30,23.60,0.25,97198,2289941,89
2025-08-01,TWSE,4555,氣立,35.00,35.65,34.80,35.15,0.10,75344,2655424,84
2025-08-01,TWSE,4557,永新-KY,86.50,88.40,85.60,87.50,0.10,205044,17926502,215
2025-08-01,TWSE,4560,強信-KY,33.80,34.25,33.25,34.05,0.00,266059,8963568,111
2025-08-01,TWSE,4562,穎漢,53.00,55.30,52.10,54.60,0.00,663443,35997580,739
2025-08-01,TWSE,4564,元翎,14.50,15.20,14.25,15.15,0.40,611519,9087275,785
2025-08-01,TWSE,4566,時碩工業,54.50,56.10,52.80,55.80,0.60,411529,22617481,358
2025-08-01,TWSE,4569,六方科-KY,147.00,151.50,145.00,151.00,1.50,57584,8570969,201
2025-08-01,TWSE,4571,鈞興-KY,159.00,164.50,158.00,163.00,0.00,453005,73051973,523
2025-08-01,TWSE,4572,駐龍,162.00,166.00,161.50,166.00,3.00,81392,13359667,129
2025-08-01,TWSE,4576,大銀微系統,109.00,114.50,106.50,112.00,-1.00,1628682,182132780,1620
2025-08-01,TWSE,4581,光隆精密-KY,51.80,52.40,51.60,52.40,0.60,10280,535987,20
2025-08-01,TWSE,4583,台灣精銳,692.00,709.00,687.00,693.00,-17.00,488744,340367226,2055
2025-08-01,TWSE,4588,玖鼎電力,64.50,68.00,64.10,66.10,1.00,58488,3860024,57
2025-08-01,TWSE,4720,德淵,15.00,15.10,14.80,15.10,0.00,173694,2601210,104
2025-08-01,TWSE,4722,國精化,69.10,71.60,68.30,70.80,0.70,2658135,187907338,2603
2025-08-01,TWSE,4736,泰博,123.50,125.50,123.00,124.50,0.50,58988,7323373,92
2025-08-01,TWSE,4737,華廣,72.50,73.90,71.70,73.10,0.00,34078,2490869,32
2025-08-01,TWSE,4739,康普,54.60,57.00,53.20,55.90,0.90,994442,55507057,809
2025-08-01,TWSE,4746,台耀,66.00,66.10,64.40,65.90,-0.80,283783,18615417,319
2025-08-01,TWSE,4755,三福化,113.00,114.50,113.00,114.00,0.00,47374,5388276,57
2025-08-01,TWSE,4763,材料*-KY,79.10,80.00,78.40,78.70,-1.40,13721474,1082887681,13693
2025-08-01,TWSE,4764,雙鍵,40.50,40.55,40.00,40.55,-0.70,8071,326024,14
2025-08-01,TWSE,4766,南寶,382.50,394.00,373.00,373.00,-11.00,1582165,601210977,2441
2025-08-01,TWSE,4770,上品,253.00,261.50,250.00,259.00,-1.50,504423,129732968,693
2025-08-01,TWSE,4771,望隼,175.00,181.00,175.00,180.00,2.00,53174,9518989,154
2025-08-01,TWSE,4807,日成-KY,15.70,16.00,15.20,15.50,-0.25,55192,856197,45
2025-08-01,TWSE,4904,遠傳,81.50,82.30,81.20,81.70,0.00,3120844,255151626,2337
2025-08-01,TWSE,4906,正文,23.70,25.00,23.55,24.80,0.75,2003211,49321633,1340
2025-08-01,TWSE,4912,聯德控股-KY,79.90,82.40,78.30,81.10,1.20,233434,19013018,416
2025-08-01,TWSE,4915,致伸,72.30,73.70,72.00,73.50,0.70,2045208,149789021,1412
2025-08-01,TWSE,4916,事欣科,55.00,60.50,54.70,60.50,5.50,49176384,2873963559,30842
2025-08-01,TWSE,4919,新唐,68.50,70.00,66.80,69.20,0.20,1017942,70131050,1000
2025-08-01,TWSE,4927,泰鼎-KY,23.70,24.65,23.35,24.30,0.15,1124010,27212918,726
2025-08-01,TWSE,4930,燦星網,22.50,22.65,22.40,22.60,0.10,56119,1263648,60
2025-08-01,TWSE,4934,太極,10.25,10.60,10.00,10.50,0.30,690122,7170819,362
2025-08-01,TWSE,4935,茂林-KY,39.70,40.15,39.70,40.15,0.00,43568,1738239,63
2025-08-01,TWSE,4938,和碩,79.70,80.40,78.70,80.10,0.10,3063639,244425145,2147
2025-08-01,TWSE,4942,嘉彰,36.80,37.40,36.65,37.25,0.15,68106,2518404,70
2025-08-01,TWSE,4943,康控-KY,10.20,10.20,10.05,10.05,0.00,11377,114388,17
2025-08-01,TWSE,4949,有成精密,43.00,45.45,42.70,45.05,1.75,2423687,108118445,1798
2025-08-01,TWSE,4952,凌通,38.40,38.95,38.40,38.70,-0.25,100409,3886708,276
2025-08-01,TWSE,4956,光鋐,22.05,22.95,21.70,22.70,0.45,529542,11979463,346
2025-08-01,TWSE,4958,臻鼎-KY,123.50,126.00,122.50,122.50,-3.00,8978906,1110407761,6951
2025-08-01,TWSE,4960,誠美材,13.75,13.95,13.75,13.90,0.00,1225575,16968820,376
2025-08-01,TWSE,4961,天鈺,177.50,182.00,176.50,181.00,0.50,268201,48363114,1102
2025-08-01,TWSE,4967,十銓,72.10,74.60,71.10,74.30,0.70,661284,48548534,737
2025-08-01,TWSE,4968,立積,114.50,128.00,114.00,128.00,11.50,4621684,580018315,3203
2025-08-01,TWSE,4976,佳凌,27.00,28.80,26.70,28.40,0.60,365802,10313441,456
2025-08-01,TWSE,4977,眾達-KY,88.40,91.70,87.20,91.60,1.50,1821801,165000116,1570
2025-08-01,TWSE,4989,榮科,23.00,24.00,23.00,23.90,0.20,710223,16844465,504
2025-08-01,TWSE,4994,傳奇,93.60,94.80,93.50,94.30,0.10,15130,1422733,19
2025-08-01,TWSE,4999,鑫禾,24.95,24.95,24.50,24.65,0.00,45296,1114840,88
2025-08-01,TWSE,5007,三星,52.80,53.60,52.80,53.60,0.00,27319,1451043,31
2025-08-01,TWSE,5203,訊連,92.60,98.00,92.20,97.50,3.40,412381,39606006,602
2025-08-01,TWSE,5215,科嘉-KY,36.20,37.35,36.20,36.35,0.15,47926,1740920,122
2025-08-01,TWSE,5222,全訊,119.00,124.50,119.00,123.50,0.50,420340,51554340,465
2025-08-01,TWSE,5225,東科-KY,89.50,94.90,89.30,94.60,3.60,1337111,124751277,2090
2025-08-01,TWSE,5234,達興材料,251.50,260.00,251.50,252.50,-3.50,1545852,394019287,2961
2025-08-01,TWSE,5243,乙盛-KY,64.50,66.20,63.60,64.50,-0.80,2358523,152896674,1405
2025-08-01,TWSE,5244,弘凱,46.95,47.75,46.35,47.05,-0.45,2268376,107209727,2118
2025-08-01,TWSE,5258,虹堡,70.00,72.10,68.80,72.00,1.20,270349,19182257,307
2025-08-01,TWSE,5269,祥碩,1870.00,1955.00,1850.00,1945.00,35.00,674400,1298739225,1297
2025-08-01,TWSE,5283,禾聯碩,73.70,75.80,73.70,75.80,1.30,52313,3918637,321
2025-08-01,TWSE,5284,jpp-KY,192.00,202.50,190.00,201.00,7.00,1632488,325351618,1636
2025-08-01,TWSE,5285,界霖,46.25,46.50,45.85,46.30,0.05,112954,5214968,101
2025-08-01,TWSE,5288,豐祥-KY,134.00,137.00,132.00,135.00,0.00,246602,33300225,212
2025-08-01,TWSE,5292,華懋,148.00,150.50,148.00,150.50,0.00,22605,3390905,55
2025-08-01,TWSE,5306,桂盟,94.20,95.00,92.00,94.60,0.40,85122,7985156,111
2025-08-01,TWSE,5388,中磊,99.80,110.50,99.20,110.50,10.00,7212359,778251954,4406
2025-08-01,TWSE,5434,崇越,285.00,287.00,282.50,282.50,-6.00,921384,262128566,1873
2025-08-01,TWSE,5469,瀚宇博,72.00,74.00,71.70,72.70,-0.50,6091486,443659570,6039
2025-08-01,TWSE,5471,松翰,31.90,32.40,31.40,32.40,0.35,240889,7751560,179
2025-08-01,TWSE,5484,慧友,36.00,37.80,35.10,37.55,1.10,224715,8367645,219
2025-08-01,TWSE,5515,建國,25.20,25.55,25.05,25.40,-0.15,134738,3418119,125
2025-08-01,TWSE,5519,隆大,27.80,28.30,27.10,28.20,0.25,195881,5478653,177
2025-08-01,TWSE,5521,工信,11.15,11.25,10.95,11.25,0.00,710695,7918980,373
2025-08-01,TWSE,5522,遠雄,61.10,63.60,61.00,63.40,1.40,389572,24422846,359
2025-08-01,TWSE,5525,順天,31.10,31.35,30.90,31.25,-0.25,65423,2032255,82
2025-08-01,TWSE,5531,鄉林,9.31,9.83,9.22,9.79,0.45,2825805,27301654,1082
2025-08-01,TWSE,5533,皇鼎,16.50,16.65,16.40,16.65,0.05,83792,1381513,62
2025-08-01,TWSE,5534,長虹,81.10,82.40,80.80,82.10,0.20,305651,24996524,360
2025-08-01,TWSE,5538,東明-KY,29.65,29.65,28.55,28.65,-1.35,9099,264832,16
2025-08-01,TWSE,5546,永固-KY,28.45,28.45,27.50,27.95,-0.50,8000,222850,8
2025-08-01,TWSE,5607,遠雄港,44.20,46.75,44.05,46.65,1.70,718348,32918388,652
2025-08-01,TWSE,5608,四維航,15.50,15.95,15.40,15.80,0.25,1386360,21930261,863
2025-08-01,TWSE,5706,鳳凰,55.70,56.80,55.50,56.50,0.00,106011,5957352,145
2025-08-01,TWSE,5871,中租-KY,114.50,116.50,113.50,115.00,-1.00,4554497,525122860,5145
2025-08-01,TWSE,5871A,中租-KY甲特,99.20,99.60,99.10,99.60,0.40,93032,9237471,58
2025-08-01,TWSE,5876,上海商銀,42.55,43.85,42.55,43.50,0.50,2609948,113214907,1645
2025-08-01,TWSE,5880,合庫金,25.15,25.70,25.10,25.65,0.25,9551420,243461687,4038
2025-08-01,TWSE,5906,台南-KY,49.30,49.85,49.10,49.85,0.00,3127,154479,4
2025-08-01,TWSE,5907,大洋-KY,6.35,6.38,6.30,6.38,0.00,208110,1321451,119
2025-08-01,TWSE,6005,群益證,20.20,20.70,20.00,20.55,0.25,6100177,124813392,2152
2025-08-01,TWSE,6024,群益期,48.55,49.00,48.25,48.85,0.20,179797,8757039,184
2025-08-01,TWSE,6108,競國,13.95,14.20,13.90,14.15,0.20,122030,1718623,83
2025-08-01,TWSE,6112,邁達特,52.60,54.40,52.10,53.00,0.10,2392765,127971100,1984
2025-08-01,TWSE,6115,鎰勝,49.60,49.60,49.00,49.55,-0.10,72671,3587481,119
2025-08-01,TWSE,6116,彩晶,7.12,7.16,7.06,7.08,-0.08,4084174,29005602,1963
2025-08-01,TWSE,6117,迎廣,89.00,91.50,87.50,91.50,0.80,719940,64893575,636
2025-08-01,TWSE,6120,達運,10.65,11.05,10.50,10.95,0.15,755255,8179706,419
2025-08-01,TWSE,6128,上福,30.05,30.25,30.05,30.25,0.00,21169,638415,34
2025-08-01,TWSE,6133,金橋,13.90,15.40,13.85,15.40,1.40,1273497,19099025,763
2025-08-01,TWSE,6136,富爾特,22.40,22.70,22.35,22.70,0.10,70173,1581287,83
2025-08-01,TWSE,6139,亞翔,320.00,334.50,318.50,329.00,3.50,4930388,1621825648,5370
2025-08-01,TWSE,6141,柏承,14.40,15.50,14.00,14.75,0.20,8488510,125794637,3907
2025-08-01,TWSE,6142,友勁,9.00,9.19,8.87,9.11,0.11,458313,4144507,206
2025-08-01,TWSE,6152,百一,8.75,8.96,8.64,8.92,0.17,587837,5181339,297
2025-08-01,TWSE,6153,嘉聯益,14.05,14.65,13.75,14.45,0.15,6507537,93534825,2415
2025-08-01,TWSE,6155,鈞寶,22.70,22.85,22.60,22.70,0.05,98400,2240760,52
2025-08-01,TWSE,6164,華興,9.88,9.98,9.85,9.96,0.04,136128,1354178,152
2025-08-01,TWSE,6165,浪凡,50.20,53.10,49.60,52.60,2.40,1715103,89252179,1007
2025-08-01,TWSE,6166,凌華,66.00,68.40,65.40,68.00,0.60,944966,63926779,785
2025-08-01,TWSE,6168,宏齊,17.20,18.40,17.20,18.25,0.90,955585,17252516,558
2025-08-01,TWSE,6176,瑞儀,136.00,139.50,135.00,137.00,-1.00,1427278,196087824,1332
2025-08-01,TWSE,6177,達麗,45.50,46.80,45.00,46.10,0.60,2293125,105871688,1809
2025-08-01,TWSE,6183,關貿,95.00,95.00,94.00,94.90,0.20,22516,2128773,58
2025-08-01,TWSE,6184,大豐電,50.60,51.10,50.60,50.70,0.00,112977,5740189,79
2025-08-01,TWSE,6189,豐藝,59.00,59.90,58.50,59.00,-0.90,1366824,80993084,1669
2025-08-01,TWSE,6191,精成科,113.00,122.00,112.50,115.50,0.00,35250819,4126982719,21993
2025-08-01,TWSE,6192,巨路,96.60,97.40,95.40,96.90,-0.40,132381,12823571,172
2025-08-01,TWSE,6196,帆宣,205.00,205.50,201.50,204.00,-1.00,1192728,243142105,1144
2025-08-01,TWSE,6197,佳必琪,135.00,140.00,134.50,138.50,1.00,692822,95796977,964
2025-08-01,TWSE,6201,亞弘電,63.50,63.50,62.80,63.50,0.60,373454,23562836,283
2025-08-01,TWSE,6202,盛群,39.05,40.15,38.05,39.65,0.15,563812,22189996,629
2025-08-01,TWSE,6205,詮欣,41.15,42.50,41.15,42.30,0.00,130095,5466279,104
2025-08-01,TWSE,6206,飛捷,111.50,118.00,111.00,117.00,4.00,2166266,250766951,1995
2025-08-01,TWSE,6209,今國光,25.45,26.60,25.35,26.45,0.70,1521288,39923565,972
2025-08-01,TWSE,6213,聯茂,98.50,102.00,98.40,98.90,-2.60,16949269,1690883992,12490
2025-08-01,TWSE,6214,精誠,108.00,111.50,107.00,111.00,1.50,479156,52641854,504
2025-08-01,TWSE,6215,和椿,114.50,121.50,114.50,118.00,0.00,9834766,1169761435,8468
2025-08-01,TWSE,6216,居易,31.75,31.95,31.10,31.95,-0.05,95013,3020151,164
2025-08-01,TWSE,6224,聚鼎,43.00,43.10,42.30,42.80,-0.25,90240,3859026,109
2025-08-01,TWSE,6225,天瀚,11.25,11.25,11.25,11.25,-0.60,1068,11992,4
2025-08-01,TWSE,6226,光鼎,6.56,6.56,6.47,6.56,0.00,49197,321978,47
2025-08-01,TWSE,6230,尼得科超眾,124.00,127.50,120.50,124.00,-0.50,110624,13700191,137
2025-08-01,TWSE,6235,華孚,51.10,52.90,50.50,52.60,1.10,406175,21248619,606
2025-08-01,TWSE,6239,力成,124.00,124.50,122.00,123.50,-2.50,9740178,1198303520,7074
2025-08-01,TWSE,6243,迅杰,36.15,36.40,35.20,36.15,0.00,73015,2631825,92
2025-08-01,TWSE,6257,矽格,76.90,79.80,76.80,79.80,2.00,3750775,296253567,2691
2025-08-01,TWSE,6269,台郡,61.80,63.20,59.10,62.80,-2.70,13897699,851920297,9429
2025-08-01,TWSE,6271,同欣電,100.00,104.50,99.50,104.00,2.00,2258042,231699206,1823
2025-08-01,TWSE,6277,宏正,58.40,59.00,58.00,58.50,0.00,41990,2457341,56
2025-08-01,TWSE,6278,台表科,104.50,107.00,104.00,106.50,0.50,654952,69527177,497
2025-08-01,TWSE,6281,全國電,70.90,71.30,70.90,71.20,-0.10,14900,1059978,45
2025-08-01,TWSE,6282,康舒,27.25,28.10,26.85,28.00,0.35,2337916,64865778,1555
2025-08-01,TWSE,6283,淳安,21.10,21.35,20.95,21.25,-0.05,81978,1739898,52
2025-08-01,TWSE,6285,啟碁,116.50,127.50,116.00,126.00,8.00,7477622,933723223,6590
2025-08-01,TWSE,6288,聯嘉,20.60,21.10,20.55,20.55,-0.60,1186448,24636136,766
2025-08-01,TWSE,6405,悅城,23.95,24.00,23.40,23.85,-0.15,78052,1850076,80
2025-08-01,TWSE,6409,旭隼,1165.00,1245.00,1160.00,1220.00,40.00,599861,735988960,729
2025-08-01,TWSE,6412,群電,110.50,113.00,110.50,112.50,-0.50,360577,40372568,587
2025-08-01,TWSE,6414,樺漢,300.00,307.00,299.00,306.50,0.50,400604,122210699,535
2025-08-01,TWSE,6415,矽力*-KY,319.50,336.50,319.50,327.00,2.00,1413807,464221161,1752
2025-08-01,TWSE,6416,瑞祺電通,81.90,84.90,80.30,84.80,0.70,235227,19561023,215
2025-08-01,TWSE,6423,億而得-創,89.20,90.00,88.90,90.00,0.90,19663,1757865,27
2025-08-01,TWSE,6426,統新,70.60,72.20,69.40,71.90,1.30,160319,11415085,223
2025-08-01,TWSE,6431,光麗-KY,15.80,15.80,15.65,15.80,-0.05,9064,142607,12
2025-08-01,TWSE,6438,迅得,151.50,156.50,147.00,156.00,2.50,1197385,184700686,1244
2025-08-01,TWSE,6442,光聖,596.00,629.00,596.00,611.00,1.00,844551,520550929,1692
2025-08-01,TWSE,6443,元晶,15.85,16.95,15.60,16.55,0.45,9849649,162455374,4388
2025-08-01,TWSE,6446,藥華藥,495.00,497.00,487.00,496.50,0.50,1936726,953194515,4567
2025-08-01,TWSE,6449,鈺邦,103.00,115.50,102.00,115.50,10.50,1262109,143440391,1582
2025-08-01,TWSE,6451,訊芯-KY,145.00,148.50,142.50,146.50,-1.50,829870,121480316,1113
2025-08-01,TWSE,6456,GIS-KY,45.25,46.15,44.80,45.85,-0.10,568093,25935579,449
2025-08-01,TWSE,6464,台數科,80.30,80.90,80.30,80.90,-0.10,14017,1128576,14
2025-08-01,TWSE,6472,保瑞,818.00,830.00,805.00,827.00,5.00,1403019,1154282435,2519
2025-08-01,TWSE,6477,安集,31.20,33.85,31.10,33.55,1.25,2437793,80229517,1845
2025-08-01,TWSE,6491,晶碩,304.50,309.00,302.50,306.50,-1.50,231162,70944160,520
2025-08-01,TWSE,6504,南六,59.00,60.00,57.90,58.80,0.00,78062,4614627,69
2025-08-01,TWSE,6505,台塑化,43.05,43.70,42.00,42.35,-1.45,16365297,696604818,8529
2025-08-01,TWSE,6515,穎崴,1090.00,1150.00,1080.00,1115.00,-5.00,896051,1002262285,1630
2025-08-01,TWSE,6525,捷敏-KY,67.50,67.70,66.50,67.50,-0.40,84333,5668798,77
2025-08-01,TWSE,6526,達發,553.00,557.00,543.00,551.00,-6.00,322991,178068383,947
2025-08-01,TWSE,6531,愛普*,323.50,360.00,323.00,353.00,22.50,12667491,4386476476,16208
2025-08-01,TWSE,6533,晶心科,273.00,290.00,268.00,284.50,1.00,1278854,361110398,3712
2025-08-01,TWSE,6534,正瀚-創,92.90,93.60,92.00,92.10,-3.00,183460,16954560,245
2025-08-01,TWSE,6541,泰福-KY,50.90,50.90,50.20,50.80,-0.40,427407,21643703,387
2025-08-01,TWSE,6550,北極星藥業-KY,35.40,35.90,35.15,35.85,-0.05,286720,10210291,275
2025-08-01,TWSE,6552,易華電,24.10,24.60,24.10,24.55,-0.10,32105,785747,70
2025-08-01,TWSE,6558,興能高,46.00,49.50,45.30,48.65,1.65,8292294,400651079,5881
2025-08-01,TWSE,6573,虹揚-KY,9.00,9.10,9.00,9.10,0.05,30000,271930,14
2025-08-01,TWSE,6579,研揚,120.50,122.50,119.00,122.00,0.50,46701,5652400,148
2025-08-01,TWSE,6581,鋼聯,105.00,105.50,104.50,105.00,-1.00,61171,6422073,99
2025-08-01,TWSE,6582,申豐,32.95,33.05,32.50,32.90,-0.25,44138,1446653,61
2025-08-01,TWSE,6585,鼎基,99.70,101.50,98.50,101.50,1.00,63022,6317470,136
2025-08-01,TWSE,6589,台康生技,63.20,63.50,62.10,63.10,-0.90,220253,13865687,241
2025-08-01,TWSE,6591,動力-KY,62.30,65.00,61.30,64.60,1.60,926325,59089210,803
2025-08-01,TWSE,6592,和潤企業,63.50,65.10,63.20,65.00,0.70,286183,18440128,323
2025-08-01,TWSE,6592A,和潤企業甲特,95.40,95.40,95.40,95.40,0.00,2000,190800,2
2025-08-01,TWSE,6592B,和潤企業乙特,96.20,96.50,96.20,96.50,0.20,22104,2130695,17
2025-08-01,TWSE,6598,ABC-KY,19.50,20.00,19.15,19.90,0.30,69168,1356444,89
2025-08-01,TWSE,6605,帝寶,171.00,174.50,168.00,173.00,0.50,318432,54718284,515
2025-08-01,TWSE,6606,建德工業,24.40,24.50,24.00,24.20,0.10,85120,2058186,56
2025-08-01,TWSE,6625,必應,87.60,90.20,87.60,90.20,1.60,320903,28665253,393
2025-08-01,TWSE,6641,基士德-KY,21.50,21.90,21.50,21.90,0.05,2004,43488,6
2025-08-01,TWSE,6645,金萬林-創,17.40,17.70,17.40,17.55,0.15,31958,558949,62
2025-08-01,TWSE,6655,科定,120.50,121.00,120.00,120.50,-0.50,8105,976312,13
2025-08-01,TWSE,6657,華安,56.50,57.20,55.00,56.50,0.10,262743,14876113,229
2025-08-01,TWSE,6658,聯策,65.60,71.20,65.10,70.30,2.80,935201,64722902,790
2025-08-01,TWSE,6666,羅麗芬-KY,44.65,44.95,44.00,44.95,0.30,18002,801288,20
2025-08-01,TWSE,6668,中揚光,43.50,46.30,42.10,45.50,1.50,772387,34786908,632
2025-08-01,TWSE,6669,緯穎,2720.00,2765.00,2700.00,2735.00,-30.00,1533437,4184415715,5224
2025-08-01,TWSE,6670,復盛應用,277.00,283.50,277.00,282.50,1.50,248462,69999262,378
2025-08-01,TWSE,6671,三能-KY,39.00,39.20,38.80,39.20,0.15,15476,602783,25
2025-08-01,TWSE,6672,騰輝電子-KY,83.00,89.40,82.50,86.70,3.10,7424591,639764180,6035
2025-08-01,TWSE,6674,鋐寶科技,26.95,28.90,26.80,28.30,1.45,405022,11399123,262
2025-08-01,TWSE,6689,伊雲谷,80.60,83.80,80.00,83.10,2.70,667397,55204379,653
2025-08-01,TWSE,6691,洋基工程,410.00,438.00,407.50,431.50,17.00,1333930,570704854,1932
2025-08-01,TWSE,6695,芯鼎,51.60,53.00,51.30,51.60,-0.90,2738274,142689523,2343
2025-08-01,TWSE,6698,旭暉應材,30.35,30.75,29.45,30.75,0.35,102283,3092079,112
2025-08-01,TWSE,6706,惠特,59.50,61.70,58.00,61.00,0.70,863693,52113154,968
2025-08-01,TWSE,6715,嘉基,109.00,111.50,109.00,110.50,0.00,41940,4627064,54
2025-08-01,TWSE,6719,力智,193.00,199.00,191.50,198.50,3.00,114007,22381904,1464
2025-08-01,TWSE,6742,澤米,53.90,59.50,53.40,57.80,2.70,5038425,291925900,4390
2025-08-01,TWSE,6743,安普新,30.65,31.30,30.65,31.25,0.15,160977,5010571,243
2025-08-01,TWSE,6753,龍德造船,101.00,102.50,100.00,101.50,-0.50,250253,25359034,344
2025-08-01,TWSE,6754,匯僑設計,54.10,54.10,53.50,54.10,0.00,35153,1887789,39
2025-08-01,TWSE,6756,威鋒電子,87.00,89.50,85.20,88.10,0.40,95397,8323610,153
2025-08-01,TWSE,6757,台灣虎航,84.60,85.70,84.00,85.40,0.80,1376589,117172022,1206
2025-08-01,TWSE,6768,志強-KY,100.50,102.00,99.50,101.50,0.50,283679,28654968,307
2025-08-01,TWSE,6770,力積電,14.80,15.25,14.65,15.25,0.25,12302378,185228768,4159
2025-08-01,TWSE,6771,平和環保-創,54.50,54.60,54.00,54.00,-0.50,29010,1572443,27
2025-08-01,TWSE,6776,展碁國際,55.30,56.80,54.80,56.40,0.30,57542,3217362,67
2025-08-01,TWSE,6781,AES-KY,1200.00,1235.00,1185.00,1200.00,-45.00,1960757,2369174375,3590
2025-08-01,TWSE,6782,視陽,166.50,168.50,163.50,168.50,0.00,130463,21781565,175
2025-08-01,TWSE,6789,采鈺,220.00,236.50,216.50,234.00,10.00,1601894,368025291,2563
2025-08-01,TWSE,6790,永豐實,39.90,39.95,39.65,39.70,-0.20,50106,1992661,66
2025-08-01,TWSE,6792,詠業,51.50,53.50,51.20,53.50,2.00,70643,3732678,88
2025-08-01,TWSE,6794,向榮生技,78.50,80.70,77.00,78.00,1.70,163004,12929270,171
2025-08-01,TWSE,6796,晉弘,79.20,80.10,79.00,79.60,0.00,21179,1688161,25
2025-08-01,TWSE,6799,來頡,84.90,88.50,83.00,88.20,2.70,337944,29359066,420
2025-08-01,TWSE,6805,富世達,904.00,956.00,892.00,916.00,5.00,4877935,4524048695,7748
2025-08-01,TWSE,6806,森崴能源,82.00,83.20,80.30,82.90,0.60,730158,60045759,692
2025-08-01,TWSE,6807,峰源-KY,49.80,50.10,49.25,50.00,0.95,143055,7127200,144
2025-08-01,TWSE,6830,汎銓,134.50,146.00,133.00,145.00,9.00,1336223,190472845,1368
2025-08-01,TWSE,6834,天二科技,28.45,29.30,27.50,29.30,-0.85,408419,11755767,349
2025-08-01,TWSE,6835,圓裕,39.60,40.75,39.60,40.65,0.10,60146,2425066,62
2025-08-01,TWSE,6838,台新藥,31.05,31.15,30.35,31.00,-0.05,292153,8979351,271
2025-08-01,TWSE,6854,錼創科技-KY創,142.00,148.00,140.00,147.50,4.50,410113,59261475,426
2025-08-01,TWSE,6861,睿生光電,51.00,53.30,51.00,52.80,0.60,63418,3327916,56
2025-08-01,TWSE,6862,三集瑞-KY,140.00,150.00,137.00,146.50,7.50,660813,95239177,1723
2025-08-01,TWSE,6863,永道-KY,153.50,164.50,151.50,158.50,5.00,476438,75915602,585
2025-08-01,TWSE,6869,雲豹能源,137.00,140.50,135.00,140.00,2.50,876667,121577208,1003
2025-08-01,TWSE,6873,泓德能源,186.00,192.00,186.00,190.50,2.50,456822,86467701,625
2025-08-01,TWSE,6885,全福生技,29.80,30.80,29.80,30.40,0.10,355771,10826795,348
2025-08-01,TWSE,6887,寶綠特-KY,77.40,78.20,75.30,78.00,-0.10,28540,2215409,22
2025-08-01,TWSE,6890,來億-KY,270.50,273.50,268.50,269.50,-2.50,872748,235884114,1523
2025-08-01,TWSE,6901,鑽石投資,19.70,19.90,19.25,19.80,-0.15,399104,7830045,312
2025-08-01,TWSE,6902,GOGOLOOK,72.20,74.80,72.00,74.40,2.10,132649,9779951,152
2025-08-01,TWSE,6906,現觀科,121.50,124.50,121.00,124.00,2.00,43711,5375381,59
2025-08-01,TWSE,6909,創控,44.80,47.25,44.80,46.35,0.80,173576,8061644,152
2025-08-01,TWSE,6914,阜爾運通,135.00,137.00,134.00,136.50,0.50,36169,4918286,62
2025-08-01,TWSE,6916,華凌,19.90,20.30,19.90,20.20,-0.05,50147,1006802,46
2025-08-01,TWSE,6918,愛派司,97.90,101.00,97.90,100.50,2.60,135573,13539788,140
2025-08-01,TWSE,6919,康霈*,121.50,124.00,119.00,121.00,-2.50,10341808,1245723993,8376
2025-08-01,TWSE,6923,中台,101.50,102.50,95.50,96.70,-7.30,1451416,143397851,1810
2025-08-01,TWSE,6924,榮惠-KY創,72.00,73.70,72.00,72.90,0.90,29000,2115500,16
2025-08-01,TWSE,6928,攸泰科技,70.70,72.40,70.70,71.00,-1.50,1008371,71985492,944
2025-08-01,TWSE,6931,青松健康,50.30,50.40,50.00,50.40,0.10,38914,1952653,52
2025-08-01,TWSE,6933,AMAX-KY,210.50,222.00,210.50,222.00,6.50,138253,30180162,199
2025-08-01,TWSE,6936,永鴻生技,36.75,37.20,36.70,37.20,0.10,27588,1018249,36
2025-08-01,TWSE,6937,天虹,196.50,209.00,191.00,207.00,8.50,309455,63404459,633
2025-08-01,TWSE,6944,兆聯實業,419.50,433.50,418.50,431.00,5.50,430674,184319434,946
2025-08-01,TWSE,6949,沛爾生醫*-創,190.00,212.00,190.00,212.00,19.00,399027,82156494,417
2025-08-01,TWSE,6951,青新-創,76.00,76.10,75.80,76.10,0.10,24970,1897710,28
2025-08-01,TWSE,6952,大武山,48.90,48.90,48.00,48.15,0.15,30370,1468018,27
2025-08-01,TWSE,6955,邦睿生技-創,191.00,196.00,191.00,196.00,4.50,16800,3253174,36
2025-08-01,TWSE,6957,裕慶-KY,160.00,164.00,159.00,164.00,1.00,30038,4878018,63
2025-08-01,TWSE,6958,日盛台駿,20.45,20.65,20.35,20.65,0.10,35292,723806,29
2025-08-01,TWSE,6962,奕力-KY,46.00,47.60,45.15,47.30,0.60,2927451,137141426,2334
2025-08-01,TWSE,6965,中傑-KY,106.50,108.00,105.50,107.50,-0.50,111070,11828858,90
2025-08-01,TWSE,6969,成信實業*-創,47.70,50.90,47.70,50.30,2.60,63033,3148085,45
2025-08-01,TWSE,6988,威力暘-創,18.50,18.50,17.70,17.75,-1.15,37400,673887,24
2025-08-01,TWSE,6994,富威電力,97.00,100.00,96.20,99.10,1.20,245258,24264484,253
2025-08-01,TWSE,7631,聚賢研發-創,120.00,133.00,120.00,133.00,12.00,35499,4534783,65
2025-08-01,TWSE,7705,三商餐飲,47.10,47.10,46.80,47.00,-0.10,47029,2206270,79
2025-08-01,TWSE,7721,微程式,69.70,70.60,67.80,69.90,0.00,369038,25591284,369
2025-08-01,TWSE,7722,LINEPAY,710.00,736.00,705.00,733.00,14.00,464128,337748456,1281
2025-08-01,TWSE,7732,金興精密,38.00,38.30,36.80,37.85,-0.15,16162,610162,17
2025-08-01,TWSE,7736,虎山,99.50,103.00,99.00,100.50,-0.50,17273,1736802,23
2025-08-01,TWSE,7740,熙特爾-創,210.00,223.00,210.00,223.00,9.50,111653,24407878,108
2025-08-01,TWSE,7749,意騰-KY,518.00,545.00,518.00,532.00,5.00,175657,93917104,596
2025-08-01,TWSE,8011,台通,19.95,20.70,19.55,20.35,0.35,1018700,20745762,431
2025-08-01,TWSE,8016,矽創,201.00,204.00,198.50,204.00,4.50,391909,79253223,443
2025-08-01,TWSE,8021,尖點,61.90,69.00,61.80,66.00,2.80,103394657,6802183229,60008
2025-08-01,TWSE,8028,昇陽半導體,125.00,140.50,123.00,140.50,12.50,14344038,1961616071,10888
2025-08-01,TWSE,8033,雷虎,93.20,97.80,93.20,97.10,1.50,10157519,979462977,8099
2025-08-01,TWSE,8039,台虹,44.50,47.35,44.30,46.95,1.60,2364579,109478769,1726
2025-08-01,TWSE,8045,達運光電,105.00,110.00,105.00,109.50,3.00,785836,85266348,719
2025-08-01,TWSE,8046,南電,174.50,179.50,173.00,176.00,-1.50,9994101,1764517996,13333
2025-08-01,TWSE,8070,長華*,38.45,39.35,38.05,39.05,0.05,1342087,52248740,1185
2025-08-01,TWSE,8072,陞泰,38.05,40.90,37.60,40.00,1.20,2242371,89674027,1632
2025-08-01,TWSE,8081,致新,214.50,221.00,212.50,220.50,3.50,521488,114199965,615
2025-08-01,TWSE,8101,華冠,13.60,13.90,13.55,13.60,-0.10,6464,87450,24
2025-08-01,TWSE,8103,瀚荃,42.30,43.90,41.50,43.65,1.15,613535,26331100,429
2025-08-01,TWSE,8104,錸寶,37.50,39.50,37.05,38.85,0.65,2891241,112341354,1967
2025-08-01,TWSE,8105,凌巨,13.30,13.55,13.05,13.40,-0.05,787874,10532151,424
2025-08-01,TWSE,8110,華東,12.70,13.10,12.50,13.00,0.10,1304764,16789721,696
2025-08-01,TWSE,8112,至上,42.00,42.70,41.60,42.30,0.10,973412,41210183,827
2025-08-01,TWSE,8112A,至上甲特,42.70,42.75,42.70,42.70,0.00,12321,525890,25
2025-08-01,TWSE,8114,振樺電,250.00,257.00,245.00,256.00,5.50,390946,98888502,757
2025-08-01,TWSE,8131,福懋科,26.40,26.60,25.95,26.40,-0.40,125961,3318755,147
2025-08-01,TWSE,8150,南茂,25.80,26.25,25.20,26.05,0.05,1207698,31331498,790
2025-08-01,TWSE,8162,微矽電子-創,35.80,36.20,35.30,35.55,-0.30,48000,1709350,24
2025-08-01,TWSE,8163,達方,34.45,35.30,34.00,34.90,-0.15,387645,13510011,401
2025-08-01,TWSE,8201,無敵,10.20,10.65,10.20,10.65,0.00,50819,536793,48
2025-08-01,TWSE,8210,勤誠,512.00,529.00,512.00,529.00,16.00,634795,332069288,1121
2025-08-01,TWSE,8213,志超,32.25,32.70,31.90,31.95,-0.55,1411517,45366656,896
2025-08-01,TWSE,8215,明基材,22.25,22.25,21.90,22.15,-0.40,397446,8763614,357
2025-08-01,TWSE,8222,寶一,48.60,49.60,48.20,49.40,-0.15,1636429,80325566,1239
2025-08-01,TWSE,8249,菱光,55.50,58.00,54.70,55.20,-1.00,10103152,569460681,8135
2025-08-01,TWSE,8261,富鼎,80.00,81.30,79.10,80.80,-0.20,867441,69543618,769
2025-08-01,TWSE,8271,宇瞻,56.50,57.90,56.10,56.60,-1.30,1223633,69643749,2367
2025-08-01,TWSE,8341,日友,73.80,75.80,73.70,75.80,0.60,131807,9934131,225
2025-08-01,TWSE,8367,建新國際,45.60,46.10,45.60,46.00,-0.25,36133,1660607,22
2025-08-01,TWSE,8374,羅昇,93.80,97.50,93.60,96.70,0.20,520468,50113596,487
2025-08-01,TWSE,8404,百和興業-KY,20.15,20.40,19.70,20.25,0.15,359726,7235329,273
2025-08-01,TWSE,8411,福貞-KY,12.90,13.05,12.80,13.05,0.00,62961,815396,70
2025-08-01,TWSE,8422,可寧衛*,191.50,193.00,191.00,191.50,-1.50,169584,32544427,341
2025-08-01,TWSE,8429,金麗-KY,7.99,7.99,7.80,7.93,-0.09,333874,2646495,220
2025-08-01,TWSE,8438,昶昕,29.20,30.75,29.20,30.50,-0.10,54303,1641318,69
2025-08-01,TWSE,8442,威宏-KY,69.90,72.20,69.30,71.80,0.50,79485,5660118,87
2025-08-01,TWSE,8443,阿瘦,11.80,11.90,11.80,11.90,0.05,9722,114903,36
2025-08-01,TWSE,8454,富邦媒,279.00,282.00,277.00,278.00,-5.00,194779,54392301,3372
2025-08-01,TWSE,8462,柏文,142.00,144.00,141.50,143.50,0.00,55024,7884469,266
2025-08-01,TWSE,8463,潤泰材,23.05,23.20,22.75,23.20,0.15,56005,1289265,22
2025-08-01,TWSE,8464,億豐,421.00,427.50,418.50,418.50,-11.00,292382,123159208,444
2025-08-01,TWSE,8466,美吉吉-KY,27.70,27.90,27.45,27.60,-0.45,34592,954334,48
2025-08-01,TWSE,8467,波力-KY,146.00,151.00,146.00,150.50,0.00,25160,3764422,43
2025-08-01,TWSE,8473,山林水,32.15,33.35,31.50,33.20,1.05,456003,14955978,309
2025-08-01,TWSE,8476,台境*,20.20,20.40,20.20,20.20,-0.10,65177,1321262,65
2025-08-01,TWSE,8478,東哥遊艇,198.50,205.00,196.00,204.00,1.50,440882,88689393,915
2025-08-01,TWSE,8481,政伸,44.30,44.30,43.50,43.95,-0.35,28076,1236440,31
2025-08-01,TWSE,8482,商億-KY,53.80,57.50,53.80,55.80,2.20,56147,3121242,70
2025-08-01,TWSE,8487,愛爾達-創,80.50,80.80,80.40,80.80,-0.10,20505,1653016,110
2025-08-01,TWSE,8488,吉源-KY,11.50,11.50,11.35,11.50,0.00,6000,68750,6
2025-08-01,TWSE,8499,鼎炫-KY,272.00,297.00,272.00,297.00,19.00,202279,58824975,323
2025-08-01,TWSE,8926,台汽電,43.20,44.20,43.10,43.75,0.35,379135,16596439,422
2025-08-01,TWSE,8940,新天地,21.15,21.30,20.80,21.10,-0.10,25311,534670,35
2025-08-01,TWSE,8996,高力,309.00,314.50,305.00,307.00,-10.00,5362517,1656441284,5978
2025-08-01,TWSE,9103,美德醫療-DR,5.00,5.00,4.95,4.96,-0.02,211350,1050410,94
2025-08-01,TWSE,910322,康師傅-DR,21.80,21.80,21.70,21.70,-0.40,4034,87934,18
2025-08-01,TWSE,9105,泰金寶-DR,6.20,6.49,6.17,6.42,0.17,24399751,155306493,4423
2025-08-01,TWSE,910861,神州-DR,5.79,5.79,5.78,5.79,-0.01,10011,57943,8
2025-08-01,TWSE,9110,越南控-DR,,,,,0.00,0,0,0
2025-08-01,TWSE,911608,明輝-DR,2.87,2.98,2.87,2.90,0.03,50000,146070,27
2025-08-01,TWSE,911622,泰聚亨-DR,3.98,4.02,3.98,4.02,-0.01,2000,8000,2
2025-08-01,TWSE,911868,同方友友-DR,1.38,1.49,1.38,1.47,0.07,1307884,1896396,246
2025-08-01,TWSE,912000,晨訊科-DR,2.45,2.48,2.44,2.47,-0.01,622458,1528682,134
2025-08-01,TWSE,9136,巨騰-DR,6.07,6.17,6.07,6.13,0.00,220000,1350580,54
2025-08-01,TWSE,9802,鈺齊-KY,102.00,104.50,100.50,103.50,1.00,554408,57242908,526
2025-08-01,TWSE,9902,台火,16.15,16.25,15.90,16.15,0.00,224785,3623648,165
2025-08-01,TWSE,9904,寶成,28.10,28.75,27.90,28.35,0.05,11205573,318077744,5659
2025-08-01,TWSE,9905,大華,21.20,21.65,21.20,21.40,-0.05,102020,2172425,82
2025-08-01,TWSE,9906,欣巴巴,66.00,68.90,66.00,68.50,1.40,59670,4022790,143
2025-08-01,TWSE,9907,統一實,18.05,18.25,17.85,18.05,-0.10,2388082,43183201,1220
2025-08-01,TWSE,9908,大台北,30.05,30.15,30.00,30.10,0.00,103991,3128416,89
2025-08-01,TWSE,9910,豐泰,117.50,121.00,116.50,119.50,0.50,598244,71346299,540
2025-08-01,TWSE,9911,櫻花,85.30,88.00,85.30,87.50,1.40,329368,28782172,422
2025-08-01,TWSE,9912,偉聯,11.75,11.80,11.75,11.75,0.00,6407,75481,21
2025-08-01,TWSE,9914,美利達,113.50,117.00,112.50,116.50,0.00,1938324,224760013,1549
2025-08-01,TWSE,9917,中保科,113.00,115.00,113.00,114.00,0.50,356916,40668321,420
2025-08-01,TWSE,9918,欣天然,40.45,40.50,39.75,40.35,0.65,13018,522071,19
2025-08-01,TWSE,9919,康那香,17.05,17.20,16.75,17.10,0.10,265715,4522450,176
2025-08-01,TWSE,9921,巨大,113.50,115.50,112.50,114.00,-1.00,712320,81372134,789
2025-08-01,TWSE,9924,福興,44.20,45.10,44.05,44.90,0.35,87063,3889611,102
2025-08-01,TWSE,9925,新保,40.30,40.80,40.30,40.65,0.20,125588,5096903,120
2025-08-01,TWSE,9926,新海,50.80,51.40,50.10,50.80,0.40,25276,1282676,55
2025-08-01,TWSE,9927,泰銘,68.00,68.30,67.50,68.10,-0.20,104058,7080797,118
2025-08-01,TWSE,9928,中視,16.50,16.95,16.50,16.60,0.05,65625,1102192,43
2025-08-01,TWSE,9929,秋雨,13.90,13.90,13.75,13.80,0.00,4007,55349,5
2025-08-01,TWSE,9930,中聯資源,71.90,73.00,71.90,73.00,0.10,84634,6140581,218
2025-08-01,TWSE,9931,欣高,34.00,34.50,34.00,34.50,0.00,19045,652501,36
2025-08-01,TWSE,9933,中鼎,28.75,30.40,28.70,30.25,1.10,11437712,340686069,5931
2025-08-01,TWSE,9934,成霖,9.85,9.99,9.70,9.96,0.03,521649,5148921,250
2025-08-01,TWSE,9935,慶豐富,20.15,20.45,19.85,20.45,0.10,280040,5677003,187
2025-08-01,TWSE,9937,全國,62.80,63.40,62.00,62.40,-1.30,106302,6642913,147
2025-08-01,TWSE,9938,百和,51.80,53.40,50.80,52.90,1.10,3210373,169024243,2008
2025-08-01,TWSE,9939,宏全,146.00,147.00,145.50,146.00,-0.50,990513,145114766,1290
2025-08-01,TWSE,9940,信義,25.30,25.40,25.20,25.25,-0.15,295544,7466636,315
2025-08-01,TWSE,9941,裕融,99.80,101.00,98.80,100.00,-0.50,485524,48586193,649
2025-08-01,TWSE,9941A,裕融甲特,52.00,52.00,52.00,52.00,0.00,2747,142667,6
2025-08-01,TWSE,9942,茂順,111.00,112.00,110.50,111.00,-0.50,142817,15888251,140
2025-08-01,TWSE,9943,好樂迪,71.30,72.20,71.20,71.70,0.20,53523,3836076,103
2025-08-01,TWSE,9944,新麗,17.15,17.20,17.10,17.20,0.05,14032,241136,69
2025-08-01,TWSE,9945,潤泰新,29.80,30.45,29.55,30.30,0.35,3009951,90756401,1997
2025-08-01,TWSE,9946,三發地產,19.30,19.80,19.30,19.65,0.00,74710,1465195,65
2025-08-01,TWSE,9955,佳龍,28.30,28.50,28.05,28.40,0.20,255356,7221810,233
2025-08-01,TWSE,9958,世紀鋼,187.50,198.00,185.00,194.00,6.00,5121947,995249114,4236
2025-08-01,TPEx,006201,元大富櫃50,20.19,20.46,20.19,20.41,+0.06,52225,1064508,31
2025-08-01,TPEx,00679B,元大美債20年,25.73,25.81,25.65,25.68,-0.07,49241488,1265893128,5896
2025-08-01,TPEx,00687B,國泰20年美債,26.70,26.79,26.65,26.67,-0.08,28724900,767006868,4140
2025-08-01,TPEx,00687C,國泰20年美債+櫃U,9.12,9.12,9.12,9.12,-0.03,50600,461472,3
2025-08-01,TPEx,00694B,富邦美債1-3,39.20,39.32,39.20,39.21,+0.05,771160,30266976,186
2025-08-01,TPEx,00695B,富邦美債7-10,33.16,33.29,33.16,33.21,+0.03,878128,29176050,43
2025-08-01,TPEx,00696B,富邦美債20年,27.66,27.74,27.59,27.63,-0.06,12748465,352294303,368
2025-08-01,TPEx,00697B,元大美債7-10,33.73,33.89,33.70,33.78,+0.02,420115,14200849,146
2025-08-01,TPEx,00719B,元大美債1-3,29.39,29.46,29.31,29.34,+0.01,73911121,2164645862,771
2025-08-01,TPEx,00720B,元大投資級公司債,31.58,31.71,31.53,31.56,-0.07,5154633,162945676,1033
2025-08-01,TPEx,00722B,群益投資級電信債,34.72,34.90,34.71,34.77,-0.08,3982904,138445254,327
2025-08-01,TPEx,00723B,群益投資級科技債,30.08,30.08,30.07,30.07,-0.09,140778,4233465,12
2025-08-01,TPEx,00724B,群益投資級金融債,32.10,32.25,32.10,32.13,-0.07,4325452,139033177,198
2025-08-01,TPEx,00725B,國泰投資級公司債,33.50,33.65,33.48,33.52,-0.04,7558825,253596111,1198
2025-08-01,TPEx,00726B,國泰新興投等債,31.05,31.18,31.04,31.08,-0.03,521365,16202539,85
2025-08-01,TPEx,00727B,國泰優選非投等債,37.79,37.91,37.76,37.84,+0.13,108856,4119016,14
2025-08-01,TPEx,00734B,台新JPM新興債,14.78,14.78,14.64,14.69,+0.02,538112,7904923,27
2025-08-01,TPEx,00740B,富邦全球投等債,36.98,37.10,36.91,36.93,-0.05,1527808,56452364,185
2025-08-01,TPEx,00741B,富邦全球非投等債,36.18,36.18,36.09,36.12,+0.04,281587,10174436,85
2025-08-01,TPEx,00746B,富邦A級公司債,33.79,33.85,33.70,33.73,-0.06,446313,15050376,27
2025-08-01,TPEx,00749B,凱基新興債10+,29.37,29.39,29.30,29.39,+0.01,66106400,1931658306,21
2025-08-01,TPEx,00750B,凱基科技債10+,32.09,32.09,32.09,32.09,-0.01,100000,3209000,2
2025-08-01,TPEx,00751B,元大AAA至A公司債,30.50,30.63,30.44,30.46,-0.12,131885562,4012382361,1057
2025-08-01,TPEx,00754B,群益AAA-AA公司債,32.96,32.96,32.85,32.85,-0.08,60090,1976062,5
2025-08-01,TPEx,00755B,群益投資級公用債,31.63,31.63,31.49,31.49,-0.08,171317,5399332,111
2025-08-01,TPEx,00756B,群益投等新興公債,29.91,29.95,29.81,29.81,-0.09,279673,8353734,104
2025-08-01,TPEx,00758B,復華能源債,48.28,48.28,48.28,48.28,-0.04,100000,4828000,2
2025-08-01,TPEx,00759B,復華製藥債,51.90,51.90,51.90,51.90,-0.05,100035,5191815,4
2025-08-01,TPEx,00760B,復華新興企業債,51.95,51.95,51.80,51.80,-0.15,105969,5499568,17
2025-08-01,TPEx,00761B,國泰A級公司債,33.09,33.23,33.09,33.12,-0.10,255857,8490728,148
2025-08-01,TPEx,00764B,群益25年美債,26.81,26.85,26.73,26.77,-0.05,7578908,202846731,248
2025-08-01,TPEx,00768B,復華20年美債,50.30,50.35,50.15,50.15,-0.15,6671603,335258859,103
2025-08-01,TPEx,00772B,中信高評級公司債,32.17,32.24,32.13,32.13,-0.06,3472170,111671078,559
2025-08-01,TPEx,00773B,中信優先金融債,34.19,34.25,34.11,34.11,-0.10,1080503,36921801,205
2025-08-01,TPEx,00777B,凱基AAA至A公司債,31.41,31.44,31.41,31.44,-0.01,105084,3300972,7
2025-08-01,TPEx,00778B,凱基金融債20+,33.02,33.17,33.02,33.12,-0.05,114043,3777528,16
2025-08-01,TPEx,00779B,凱基美債25+,27.09,27.15,27.03,27.03,-0.09,742471,20102151,21
2025-08-01,TPEx,00780B,國泰A級金融債,35.83,35.88,35.83,35.88,-0.02,43102010,1541770038,7
2025-08-01,TPEx,00781B,國泰A級科技債,28.24,28.24,28.17,28.20,+0.01,108000,3044610,7
2025-08-01,TPEx,00782B,國泰A級公用債,29.32,29.34,29.31,29.32,0.00,125350,3674289,12
2025-08-01,TPEx,00785B,富邦金融投等債,33.19,33.19,33.19,33.19,-0.01,102000,3385380,5
2025-08-01,TPEx,00786B,元大10年IG銀行債,31.26,31.26,31.18,31.18,+0.03,10015,312498,9
2025-08-01,TPEx,00787B,元大10年IG醫療債,30.82,30.82,30.74,30.77,-0.01,8128,250252,16
2025-08-01,TPEx,00788B,元大10年IG電能債,28.31,28.38,28.29,28.33,+0.02,25575,724486,27
2025-08-01,TPEx,00789B,復華公司債A3,46.51,46.66,46.44,46.46,-0.08,469253,21839071,64
2025-08-01,TPEx,00791B,復華信用債1-5,53.35,53.40,53.35,53.40,+0.10,102002,5441856,6
2025-08-01,TPEx,00792B,群益A級公司債,30.35,30.41,30.34,30.34,-0.07,136964,4157609,14
2025-08-01,TPEx,00793B,群益AAA-A醫療債,29.33,29.33,29.33,29.33,-0.08,150000,4399500,4
2025-08-01,TPEx,00794B,群益7+中國政金債,39.32,39.40,39.29,39.37,+0.04,120389,4740287,22
2025-08-01,TPEx,00795B,中信美國公債20年,25.97,26.08,25.94,25.97,-0.07,18696316,485956515,1278
2025-08-01,TPEx,00799B,國泰A級醫療債,28.98,29.05,28.89,28.95,0.00,165318,4788032,28
2025-08-01,TPEx,00834B,第一金金融債10+,32.33,32.33,32.33,32.33,-0.02,100000,3233000,2
2025-08-01,TPEx,00836B,永豐10年A公司債,27.59,27.64,27.57,27.57,-0.06,191071,5273331,38
2025-08-01,TPEx,00840B,凱基IG精選15+,28.78,28.78,28.78,28.78,-0.08,100028,2878810,4
2025-08-01,TPEx,00841B,凱基AAA-AA公司債,28.47,28.52,28.44,28.44,-0.03,105198,3014368,25
2025-08-01,TPEx,00842B,台新美元銀行債,29.94,29.94,29.94,29.94,-0.03,125120,3746094,5
2025-08-01,TPEx,00844B,新光15年IG金融債,30.31,30.31,30.26,30.26,-0.05,51132,1548549,6
2025-08-01,TPEx,00845B,富邦新興投等債,31.74,31.75,31.69,31.69,-0.01,161000,5105540,6
2025-08-01,TPEx,00846B,富邦歐洲銀行債,34.39,34.39,34.33,34.35,+0.10,125131,4298746,12
2025-08-01,TPEx,00847B,中信美國市政債,24.60,24.67,24.60,24.63,-0.01,258006,6359348,16
2025-08-01,TPEx,00848B,中信新興亞洲債,32.61,32.61,32.59,32.61,0.00,205002,6683115,7
2025-08-01,TPEx,00849B,中信EM主權債0-5,35.19,35.21,35.19,35.21,+0.08,208880,7353598,8
2025-08-01,TPEx,00853B,統一美債10年Aa-A,26.62,26.62,26.52,26.53,-0.07,40113472,1060264449,77
2025-08-01,TPEx,00856B,永豐1-3年美公債,35.87,35.93,35.83,35.84,+0.04,77083,2764784,11
2025-08-01,TPEx,00857B,永豐20年美公債,22.24,22.31,22.18,22.20,-0.05,2281059,50689018,274
2025-08-01,TPEx,00858,永豐美國500大,29.93,30.10,29.89,29.99,-0.35,1982885,59523816,1247
2025-08-01,TPEx,00859B,群益0-1年美債,39.59,39.59,39.58,39.58,+0.09,150058,5940296,7
2025-08-01,TPEx,00860B,群益1-5Y投資級債,36.51,36.53,36.47,36.47,0.00,158773,5798812,22
2025-08-01,TPEx,00862B,中信投資級公司債,30.41,30.46,30.35,30.37,-0.09,535500,16282477,43
2025-08-01,TPEx,00863B,中信全球電信債,30.94,30.99,30.87,30.88,-0.12,518033,16019023,26
2025-08-01,TPEx,00864B,中信美國公債0-1,44.34,44.57,44.34,44.42,+0.09,3675798,163410604,374
2025-08-01,TPEx,00867B,新光A-BBB電信債,30.24,30.24,30.24,30.24,-0.06,290039,8770781,12
2025-08-01,TPEx,00870B,元大15年EM主權債,26.86,26.86,26.86,26.86,0.00,2000,53720,2
2025-08-01,TPEx,00877,復華中國5G,14.81,15.05,14.52,14.52,-0.47,3169939,46834140,921
2025-08-01,TPEx,00883B,中信ESG投資級債,29.39,29.41,29.37,29.38,-0.05,209060,6141088,67
2025-08-01,TPEx,00884B,中信低碳新興債,27.73,27.76,27.73,27.76,-0.05,201604,5593593,11
2025-08-01,TPEx,00886,永豐美國科技,34.90,34.90,34.90,34.90,-0.60,10469,365425,15
2025-08-01,TPEx,00887,永豐中國科技50大,8.41,8.50,8.27,8.27,-0.24,30529302,255688279,2916
2025-08-01,TPEx,00888,永豐台灣ESG,16.25,16.51,16.24,16.50,-0.08,630597,10347313,291
2025-08-01,TPEx,00890B,凱基ESG BBB債15+,31.12,31.15,31.08,31.08,-0.05,524556,16304061,23
2025-08-01,TPEx,00928,中信上櫃ESG 30,14.74,15.10,14.74,15.09,+0.09,337637,5035202,218
2025-08-01,TPEx,00931B,統一美債20年,12.86,12.91,12.84,12.85,-0.04,186680467,2395306008,427
2025-08-01,TPEx,00933B,國泰10Y+金融債,15.35,15.41,15.32,15.34,-0.03,17921297,275175845,2554
2025-08-01,TPEx,00937B,群益ESG投等債20+,14.26,14.31,14.24,14.26,0.00,40515019,578008752,7240
2025-08-01,TPEx,00942B,台新美A公司債20+,13.71,13.73,13.68,13.69,-0.02,1231313,16872807,163
2025-08-01,TPEx,00948B,中信優息投資級債,9.02,9.09,9.02,9.04,-0.01,6531889,59124289,573
2025-08-01,TPEx,00950B,凱基A級公司債,13.42,13.47,13.41,13.42,-0.02,10361646,139191250,655
2025-08-01,TPEx,00955,中信日本商社,10.00,10.03,9.92,9.96,-0.04,8994282,89797278,1618
2025-08-01,TPEx,00957B,兆豐US優選投等債,13.02,13.08,13.02,13.03,-0.02,1136865,14831970,116
2025-08-01,TPEx,00958B,永豐ESG銀行債15+,8.85,8.85,8.83,8.83,0.00,355778,3145807,39
2025-08-01,TPEx,00959B,大華投等美債15Y+,8.96,9.01,8.96,8.96,-0.01,5398295,48460992,284
2025-08-01,TPEx,00966B,統一ESG投等債15+,13.28,13.32,13.26,13.27,-0.03,1076482,14298992,127
2025-08-01,TPEx,00967B,元大優息美債,8.71,8.73,8.69,8.71,0.00,5136369,44725213,116
2025-08-01,TPEx,00968B,元大優息投等債,8.84,8.88,8.83,8.85,-0.01,3752274,33212127,284
2025-08-01,TPEx,00969B,元大零息超長美債,7.88,7.90,7.87,7.88,-0.03,2650283,20882593,103
2025-08-01,TPEx,00970B,新光BBB投等債20+,8.95,8.98,8.94,8.95,0.00,3250445,29114870,421
2025-08-01,TPEx,009806,台新標普500,10.67,10.72,10.67,10.69,-0.12,293297,3136121,60
2025-08-01,TPEx,009807,台新標普科技精選,11.39,11.44,11.38,11.39,-0.20,787340,8978684,74
2025-08-01,TPEx,00980B,台新特選IG債10+,9.08,9.12,9.08,9.10,+0.01,857436,7800670,101
2025-08-01,TPEx,00981B,第一金優選非投債,9.08,9.11,9.06,9.07,-0.01,7997356,72660583,925
2025-08-01,TPEx,00982B,FT投資級債20+,9.44,9.50,9.43,9.44,0.00,322147,3052736,70
2025-08-01,TPEx,00983B,大華優利美公債20,14.98,15.01,14.96,14.96,-0.04,3572216,53488336,53
2025-08-01,TPEx,00984B,大華優利美A債15,15.41,15.50,15.41,15.43,0.00,3595577,55533224,160
2025-08-01,TPEx,020001,富邦存股雙十N,,,,,,0,0,0
2025-08-01,TPEx,02001B,統一美國政府債N,8.50,8.50,8.50,8.50,+0.01,5000,42500,5
2025-08-01,TPEx,020023,元大櫃買半導體N,5.41,5.50,5.41,5.50,-0.01,11000,60050,4
2025-08-01,TPEx,020025,統一亞洲半導體N,10.81,10.81,10.78,10.78,-0.46,13000,140440,2
2025-08-01,TPEx,020027,元大上櫃ESG成長N,4.88,4.97,4.88,4.97,+0.02,40000,197000,8
2025-08-01,TPEx,020033,統一恒生科期N,4.46,4.47,4.45,4.45,-0.06,8000,35680,4
2025-08-01,TPEx,020035,元大上櫃ESG高息N,6.81,6.81,6.81,6.81,-0.05,5000,34050,1
2025-08-01,TPEx,020040,元大上櫃ESG龍頭N,,,,,,0,0,0
2025-08-01,TPEx,020041,兆豐半導體氣候N,,,,,,0,0,0
2025-08-01,TPEx,1240,茂生農經,61.40,61.70,61.40,61.70,-0.30,4229,260178,11
2025-08-01,TPEx,1259,安心,57.10,57.10,55.70,55.70,+0.10,2136,120412,4
2025-08-01,TPEx,1264,德麥,308.00,308.00,307.00,307.50,-1.50,14289,4404148,276
2025-08-01,TPEx,1268,漢來美食,151.00,151.50,150.50,151.50,-0.50,9249,1399465,20
2025-08-01,TPEx,1294,漢田生技,78.30,78.30,76.20,76.20,-0.80,30116,2324163,187
2025-08-01,TPEx,1295,生合,111.00,118.00,111.00,116.50,+3.00,675358,77856981,843
2025-08-01,TPEx,1336,台翰,18.00,18.25,17.85,18.20,+0.05,230206,4169587,172
2025-08-01,TPEx,1565,精華,159.50,162.00,158.50,160.50,+0.50,105261,16934368,134
2025-08-01,TPEx,1569,濱川,48.30,53.10,47.45,53.10,+4.80,5180090,267089729,3186
2025-08-01,TPEx,1570,力肯,22.65,22.90,22.40,22.70,+0.05,38657,877687,51
2025-08-01,TPEx,1580,新麥,141.50,146.00,141.00,145.00,+4.00,155543,22285311,177
2025-08-01,TPEx,1584,精剛,23.20,23.40,22.75,23.20,-0.45,1169842,27070913,696
2025-08-01,TPEx,1586,和勤,26.00,26.00,25.80,26.00,0.00,76882,1992307,72
2025-08-01,TPEx,1591,駿吉-KY,50.40,51.60,50.40,51.30,+0.80,157318,8038140,136
2025-08-01,TPEx,1593,祺驊,31.45,31.45,30.95,30.95,-0.50,12000,373550,12
2025-08-01,TPEx,1595,川寶,38.80,41.60,38.80,41.60,+0.60,367804,15041293,350
2025-08-01,TPEx,1599,宏佳騰,32.70,33.45,32.00,32.80,+0.10,98735,3240225,159
2025-08-01,TPEx,1742,台蠟,15.30,15.35,14.85,15.10,+0.05,20160,302009,23
2025-08-01,TPEx,1777,生泰,76.50,77.30,76.40,76.90,-0.60,100425,7703447,124
2025-08-01,TPEx,1781,合世,14.10,14.10,14.05,14.10,0.00,12011,169207,22
2025-08-01,TPEx,1784,訊聯,69.60,73.80,69.50,72.70,+2.10,300784,21506198,482
2025-08-01,TPEx,1785,光洋科,49.75,51.10,49.05,50.90,+0.90,2625900,132803102,1752
2025-08-01,TPEx,1788,杏昌,138.50,139.00,138.00,138.50,-0.50,18974,2627582,65
2025-08-01,TPEx,1796,金穎生技,45.15,45.15,44.00,44.20,-1.75,11003,493986,10
2025-08-01,TPEx,1799,易威,46.80,46.80,45.20,45.50,-1.30,156776,7159034,213
2025-08-01,TPEx,1813,寶利徠,14.90,14.90,14.85,14.90,0.00,5982,89107,23
2025-08-01,TPEx,1815,富喬,54.20,57.00,53.60,54.80,+0.20,259764010,14414173577,118484
2025-08-01,TPEx,2035,唐榮,29.50,29.70,29.35,29.65,-0.30,27012,796208,23
2025-08-01,TPEx,2061,風青,17.70,17.75,17.65,17.65,-0.05,34040,602605,29
2025-08-01,TPEx,2063,世鎧,27.80,27.90,27.50,27.75,-0.10,15772,437254,46
2025-08-01,TPEx,2064,晉椿,14.00,14.00,14.00,14.00,+0.05,8000,112000,3
2025-08-01,TPEx,2065,世豐,36.20,36.30,36.05,36.25,+0.15,50110,1816891,74
2025-08-01,TPEx,2066,世德,70.20,72.40,70.20,71.10,+1.50,85590,6107933,81
2025-08-01,TPEx,2067,嘉鋼,8.10,8.38,8.03,8.03,+0.27,20170,162940,17
2025-08-01,TPEx,2070,精湛,37.95,39.40,37.50,39.15,+0.10,95815,3691900,108
2025-08-01,TPEx,2073,雄順,28.85,28.85,28.85,28.85,0.00,1000,28850,1
2025-08-01,TPEx,2221,大甲,27.60,27.80,27.60,27.80,-0.25,8050,223250,9
2025-08-01,TPEx,2230,泰茂,98.00,99.50,96.80,98.00,-1.00,170940,16763032,221
2025-08-01,TPEx,2235,謚源,41.85,41.85,41.85,41.85,-0.15,2174,91024,6
2025-08-01,TPEx,2596,綠意,29.95,30.45,29.85,30.35,+0.45,106920,3234323,79
2025-08-01,TPEx,2640,大車隊,127.50,127.50,126.50,127.00,-0.50,11450,1455891,36
2025-08-01,TPEx,2641,正德,18.50,18.75,18.25,18.55,-0.05,1148448,21341229,714
2025-08-01,TPEx,2643,捷迅,70.20,71.10,70.00,71.00,+0.10,21017,1486413,18
2025-08-01,TPEx,2718,全心投控,48.95,49.50,48.95,49.50,+0.50,9048,444144,9
2025-08-01,TPEx,2719,燦星旅,41.05,41.05,39.65,39.85,-0.35,44605,1793369,52
2025-08-01,TPEx,2724,藝舍-KY,23.95,23.95,21.90,23.85,+0.40,29000,643500,24
2025-08-01,TPEx,2726,雅茗-KY,17.10,17.60,17.05,17.10,-0.20,44675,766715,51
2025-08-01,TPEx,2729,瓦城,199.50,201.50,199.50,200.50,-0.50,8892,1785144,54
2025-08-01,TPEx,2732,六角,74.30,75.30,74.30,75.30,+1.10,14082,1051887,34
2025-08-01,TPEx,2734,易飛網,20.15,20.30,19.95,20.25,0.00,140392,2836303,113
2025-08-01,TPEx,2736,富野,15.80,15.90,15.75,15.80,-0.05,50338,796392,46
2025-08-01,TPEx,2740,天蔥,32.85,32.85,32.85,32.85,-0.05,1000,32850,1
2025-08-01,TPEx,2743,山富,118.50,121.50,117.00,121.50,+2.00,244811,29370002,232
2025-08-01,TPEx,2745,五福,123.50,126.00,123.50,125.50,+0.50,464756,58105852,656
2025-08-01,TPEx,2751,王座,63.30,64.00,63.20,63.80,+0.50,4041,257040,6
2025-08-01,TPEx,2752,豆府,204.00,204.00,204.00,204.00,0.00,2208,450528,21
2025-08-01,TPEx,2754,亞洲藏壽司,85.20,85.90,84.70,85.10,-0.10,23165,1975448,45
2025-08-01,TPEx,2755,揚秦,139.00,142.50,138.50,139.00,0.00,26201,3665045,82
2025-08-01,TPEx,2756,聯發國際,111.00,112.00,108.50,112.00,+1.00,70915,7853528,160
2025-08-01,TPEx,2916,滿心,47.00,47.00,46.30,46.65,-0.35,18309,854153,30
2025-08-01,TPEx,2924,宏太-KY,,,,,,250,6725,1
2025-08-01,TPEx,2926,誠品生活,44.45,44.55,44.40,44.55,+0.15,14466,643063,19
2025-08-01,TPEx,2937,集雅社,41.50,41.50,41.50,41.50,+0.70,4128,171353,8
2025-08-01,TPEx,2941,米斯特,,,,,,0,0,0
2025-08-01,TPEx,2947,振宇五金,93.70,94.00,91.50,91.50,+0.50,5302,492140,9
2025-08-01,TPEx,2948,寶陞,38.25,38.25,38.25,38.25,-1.00,1221,47088,6
2025-08-01,TPEx,2949,欣新網,81.70,82.10,81.00,81.00,-0.90,5690,464226,9
2025-08-01,TPEx,3064,泰偉,,,,,,0,0,0
2025-08-01,TPEx,3066,李洲,13.75,14.25,13.75,14.00,+0.10,35255,494453,33
2025-08-01,TPEx,3067,全域,20.35,20.35,20.35,20.35,+0.65,1000,20350,1
2025-08-01,TPEx,3071,協禧,18.00,18.10,17.70,18.10,+0.10,86115,1542404,49
2025-08-01,TPEx,3073,天方能源,44.90,46.55,44.90,46.00,+1.10,155426,7108326,121
2025-08-01,TPEx,3078,僑威,89.50,90.30,88.10,88.90,-0.60,5719752,511455637,7517
2025-08-01,TPEx,3081,聯亞,400.00,416.00,395.50,395.50,-14.50,11165155,4525746346,11289
2025-08-01,TPEx,3083,網龍,33.55,34.45,33.55,34.45,+0.90,87698,2990855,75
2025-08-01,TPEx,3085,新零售,16.20,16.60,16.20,16.60,+0.35,5012,81732,8
2025-08-01,TPEx,3086,華義,150.50,153.50,150.00,151.00,0.00,44245,6715322,65
2025-08-01,TPEx,3088,艾訊,84.00,84.00,81.70,83.30,-1.70,821297,68288672,895
2025-08-01,TPEx,3093,港建*,26.20,26.65,26.20,26.25,-0.30,71339,1887975,64
2025-08-01,TPEx,3095,及成,29.00,29.05,28.80,28.80,0.00,14169,410606,21
2025-08-01,TPEx,3105,穩懋,82.00,86.00,80.30,85.70,-0.30,5387363,451709329,4576
2025-08-01,TPEx,3114,好德,23.70,23.85,23.70,23.80,0.00,38353,912964,22
2025-08-01,TPEx,3115,富榮綱,12.00,12.40,12.00,12.00,0.00,5159,62336,93
2025-08-01,TPEx,3118,進階,32.45,32.50,32.10,32.20,+0.10,28518,922641,47
2025-08-01,TPEx,3122,笙泉,27.15,28.10,26.85,27.55,-0.20,287010,7935446,240
2025-08-01,TPEx,3128,昇銳,37.50,40.15,37.25,38.95,+1.00,3333496,130706497,2434
2025-08-01,TPEx,3131,弘塑,1480.00,1510.00,1450.00,1480.00,-20.00,547324,811552995,1711
2025-08-01,TPEx,3141,晶宏,51.00,54.20,51.00,53.30,-0.20,396199,20805539,351
2025-08-01,TPEx,3147,大綜,182.00,195.50,182.00,194.00,+9.00,1486688,286427875,1871
2025-08-01,TPEx,3152,璟德,118.00,123.00,118.00,122.50,+3.00,168085,20500544,172
2025-08-01,TPEx,3162,精確,41.50,43.05,40.95,42.65,+0.90,1035004,43968313,891
2025-08-01,TPEx,3163,波若威,169.00,175.50,168.00,174.50,+1.50,3054145,528345773,2738
2025-08-01,TPEx,3169,亞信,82.00,84.40,81.00,83.00,+0.90,106486,8858591,127
2025-08-01,TPEx,3171,炎洲流通,40.25,41.00,39.95,39.95,+0.45,56271,2272344,90
2025-08-01,TPEx,3176,基亞,30.20,31.00,30.20,30.95,+0.25,74904,2303221,81
2025-08-01,TPEx,3178,公準,59.20,61.80,57.90,61.80,+5.60,1455272,88952457,996
2025-08-01,TPEx,3188,鑫龍騰,26.20,26.65,25.80,26.65,+0.20,47960,1259523,52
2025-08-01,TPEx,3191,雲嘉南,,,,,,5,67,5
2025-08-01,TPEx,3205,佰研,44.90,46.20,43.80,45.55,+0.50,220460,10024065,205
2025-08-01,TPEx,3206,志豐,34.50,34.75,34.50,34.70,0.00,11132,385433,38
2025-08-01,TPEx,3207,耀勝,60.30,60.30,58.30,59.90,-0.40,258376,15393200,259
2025-08-01,TPEx,3211,順達,227.00,237.50,226.50,229.00,-2.00,6793297,1573956897,6041
2025-08-01,TPEx,3213,茂訊,110.50,113.50,108.50,113.00,+1.00,1213174,134648553,1062
2025-08-01,TPEx,3217,優群,164.00,169.00,164.00,167.50,+0.50,530186,88582902,891
2025-08-01,TPEx,3218,大學光,200.50,205.50,199.00,205.50,+4.00,156306,31505778,788
2025-08-01,TPEx,3219,倚強科,43.50,44.95,43.20,44.45,-0.10,267437,11877174,262
2025-08-01,TPEx,3221,台嘉碩,17.50,17.70,17.30,17.65,-0.05,68674,1205740,62
2025-08-01,TPEx,3224,三顧,45.85,46.40,45.50,45.95,-0.05,82275,3781007,67
2025-08-01,TPEx,3226,龍鋒,47.00,47.00,47.00,47.00,-0.55,1001,47052,2
2025-08-01,TPEx,3227,原相,193.50,200.50,190.50,200.00,+4.00,1418769,280816699,1867
2025-08-01,TPEx,3228,金麗科,151.00,158.00,150.00,156.00,+0.50,232946,36216091,749
2025-08-01,TPEx,3230,錦明,47.30,49.55,46.55,49.30,+1.00,1379440,65753414,993
2025-08-01,TPEx,3232,昱捷,26.70,26.70,26.15,26.25,-0.50,23002,606202,20
2025-08-01,TPEx,3234,光環,34.75,35.80,34.25,35.35,+0.20,592354,20990389,627
2025-08-01,TPEx,3236,千如,16.20,16.50,16.20,16.30,+0.10,47778,780521,91
2025-08-01,TPEx,3252,海灣,19.70,19.70,19.65,19.65,-0.05,10003,197009,6
2025-08-01,TPEx,3259,鑫創,21.50,21.65,21.40,21.65,0.00,4061,87257,6
2025-08-01,TPEx,3260,威剛,90.50,91.80,89.90,91.80,+0.50,1683003,153670640,2608
2025-08-01,TPEx,3264,欣銓,75.00,76.40,74.50,76.40,+0.90,6581792,497732467,5054
2025-08-01,TPEx,3265,台星科,95.60,98.20,94.60,97.40,+0.80,501210,48743505,473
2025-08-01,TPEx,3268,海德威,16.75,17.25,16.75,17.00,+0.10,15186,257560,25
2025-08-01,TPEx,3272,東碩,24.35,24.45,23.70,24.30,-0.25,70944,1707374,77
2025-08-01,TPEx,3276,宇環,13.20,13.60,13.10,13.35,+0.15,81453,1091666,126
2025-08-01,TPEx,3284,太普高,23.20,24.05,23.20,23.80,+0.60,44241,1042824,51
2025-08-01,TPEx,3285,微端,24.60,24.60,24.45,24.45,-0.15,4453,109432,19
2025-08-01,TPEx,3287,廣寰科,35.15,35.95,34.95,35.45,-0.15,127002,4497188,163
2025-08-01,TPEx,3288,點晶,19.10,19.45,19.00,19.35,+0.15,4797,91635,14
2025-08-01,TPEx,3289,宜特,120.00,126.00,120.00,125.00,+2.50,710029,87957433,805
2025-08-01,TPEx,3290,東浦,28.50,28.80,27.80,28.40,-0.20,209244,5948635,532
2025-08-01,TPEx,3293,鈊象,783.00,783.00,777.00,780.00,-6.00,1133901,885228789,7108
2025-08-01,TPEx,3294,英濟,41.35,45.75,40.55,45.75,+4.15,37363073,1626121128,22909
2025-08-01,TPEx,3297,杭特,51.50,54.60,51.20,51.90,-0.50,3976056,210467192,3014
2025-08-01,TPEx,3303,岱稜,43.50,45.70,43.50,45.45,+1.00,260060,11692445,210
2025-08-01,TPEx,3306,鼎天,39.20,43.35,39.10,43.35,+3.90,510065,21255384,453
2025-08-01,TPEx,3310,佳穎,62.30,64.70,62.00,64.70,+0.20,74694,4750280,154
2025-08-01,TPEx,3313,斐成,13.05,13.35,13.05,13.20,+0.15,142196,1881564,114
2025-08-01,TPEx,3317,尼克森,41.50,42.25,41.00,42.15,+0.40,164524,6874431,138
2025-08-01,TPEx,3322,建舜電,12.35,12.45,12.25,12.45,+0.10,53836,665934,57
2025-08-01,TPEx,3323,加百裕,34.20,38.25,33.65,38.25,+3.45,15487942,580446312,8447
2025-08-01,TPEx,3324,雙鴻,658.00,676.00,655.00,673.00,-1.00,1801539,1203612727,3316
2025-08-01,TPEx,3325,旭品,15.65,16.25,15.50,16.20,+0.45,308052,4908472,164
2025-08-01,TPEx,3332,幸康,47.40,50.00,47.00,48.15,-0.65,46915,2262838,131
2025-08-01,TPEx,3339,泰谷,32.90,33.95,32.50,33.95,+0.70,1034979,34628612,606
2025-08-01,TPEx,3349,寶德,17.10,18.60,17.10,18.30,+1.35,380361,6912655,792
2025-08-01,TPEx,3354,律勝,16.60,17.85,16.60,17.80,+1.05,341982,5938537,324
2025-08-01,TPEx,3357,臺慶科,94.60,94.90,93.30,94.80,+0.10,108085,10176736,327
2025-08-01,TPEx,3360,尚立,13.00,13.70,12.85,13.55,+0.35,617425,8285985,327
2025-08-01,TPEx,3362,先進光,115.00,121.00,112.00,119.50,+2.50,679159,79543196,699
2025-08-01,TPEx,3363,上詮,300.00,309.00,298.50,304.00,-3.00,4581500,1391383294,5099
2025-08-01,TPEx,3372,典範,12.75,13.10,12.75,13.00,+0.25,149815,1946548,147
2025-08-01,TPEx,3373,熱映,19.85,20.20,19.85,20.15,+0.30,78018,1564623,79
2025-08-01,TPEx,3374,精材,145.00,155.00,143.50,154.50,+7.00,9246695,1401831686,7956
2025-08-01,TPEx,3379,彬台,70.00,72.40,68.90,71.90,+0.80,1474546,104936663,1471
2025-08-01,TPEx,3388,崇越電,62.10,63.60,62.10,63.20,+0.90,88837,5615903,85
2025-08-01,TPEx,3390,旭軟,20.20,20.40,20.15,20.30,0.00,42288,859549,69
2025-08-01,TPEx,3402,漢科,90.10,92.20,90.10,92.00,+0.70,92820,8513273,142
2025-08-01,TPEx,3426,台興,,,,,,58,2204,4
2025-08-01,TPEx,3430,奇鈦科,44.50,46.70,44.50,46.65,+1.65,262746,12085214,218
2025-08-01,TPEx,3434,哲固,39.80,42.50,39.20,41.35,+1.55,1398228,57836605,1133
2025-08-01,TPEx,3438,類比科,44.00,44.90,43.70,44.70,0.00,26625,1188162,83
2025-08-01,TPEx,3441,聯一光,29.60,29.60,29.35,29.40,-0.20,25357,747185,56
2025-08-01,TPEx,3444,利機,50.20,52.40,49.85,52.10,+1.30,193698,9905310,192
2025-08-01,TPEx,3455,由田,88.90,92.50,87.40,92.00,+2.00,342255,31181140,470
2025-08-01,TPEx,3465,進泰電子,52.90,53.30,52.10,53.00,0.00,29120,1536150,28
2025-08-01,TPEx,3466,德晉,40.00,41.15,39.80,40.70,+0.10,203742,8299163,295
2025-08-01,TPEx,3467,台灣精材,58.20,58.20,57.00,57.70,-0.50,36076,2078114,51
2025-08-01,TPEx,3479,安勤,96.50,97.90,95.00,97.30,+0.60,144561,14021423,170
2025-08-01,TPEx,3483,力致,113.00,116.50,111.50,115.00,+1.00,327714,37468580,396
2025-08-01,TPEx,3484,崧騰,46.40,47.75,45.50,47.45,+0.85,214788,10089276,189
2025-08-01,TPEx,3489,森寶,16.95,17.40,16.50,17.35,+0.35,130494,2234705,99
2025-08-01,TPEx,3490,單井,19.45,20.15,19.45,19.95,+0.55,112273,2231395,164
2025-08-01,TPEx,3491,昇達科,318.00,352.50,316.00,344.50,+24.00,3931229,1349148459,6018
2025-08-01,TPEx,3492,長盛,21.35,21.70,21.20,21.70,+0.25,60104,1288692,48
2025-08-01,TPEx,3498,陽程,40.50,43.00,40.05,42.60,+1.45,1128339,47780392,1091
2025-08-01,TPEx,3499,環天科,13.70,14.25,13.70,14.15,+0.35,81033,1136112,64
2025-08-01,TPEx,3508,位速,22.80,22.90,22.30,22.65,-0.15,86321,1949645,114
2025-08-01,TPEx,3511,矽瑪,19.50,20.35,19.50,20.10,+0.45,239436,4812216,205
2025-08-01,TPEx,3512,皇龍,24.50,25.00,24.50,24.60,-0.20,39545,978725,36
2025-08-01,TPEx,3516,亞帝歐,20.40,20.40,19.80,20.05,+0.05,70181,1394730,49
2025-08-01,TPEx,3520,華盈,13.90,14.15,13.35,14.05,,149083,2065497,106
2025-08-01,TPEx,3521,鴻翊,11.50,11.70,11.50,11.65,+0.10,40005,464856,38
2025-08-01,TPEx,3522,御嵿,13.65,13.65,13.25,13.25,-0.10,109684,1467941,74
2025-08-01,TPEx,3523,迎輝,,,,,,10,183,4
2025-08-01,TPEx,3526,凡甲,232.50,235.50,230.00,235.00,+1.00,216571,50631892,316
2025-08-01,TPEx,3527,聚積,62.10,63.20,61.70,62.90,-0.40,32456,2028271,91
2025-08-01,TPEx,3529,力旺,1995.00,2070.00,1975.00,2060.00,+25.00,627145,1272587470,1610
2025-08-01,TPEx,3531,先益,,,,,,10,233,1
2025-08-01,TPEx,3537,堡達,42.50,42.95,42.00,42.90,+0.20,129335,5523921,112
2025-08-01,TPEx,3540,曜越,31.15,32.25,31.00,31.70,+0.35,225258,7104630,161
2025-08-01,TPEx,3541,西柏,29.90,31.20,29.80,30.70,+0.10,218158,6646472,179
2025-08-01,TPEx,3546,宇峻,83.10,84.70,82.50,84.60,+1.10,500699,41964009,704
2025-08-01,TPEx,3548,兆利,108.00,112.50,106.50,112.50,+2.50,445601,49054153,706
2025-08-01,TPEx,3551,世禾,151.50,164.00,151.00,163.50,+8.50,3347608,538073851,3044
2025-08-01,TPEx,3552,同致,56.00,57.90,56.00,57.60,+0.30,98790,5674291,124
2025-08-01,TPEx,3555,博士旺,38.00,40.40,38.00,39.40,+1.40,76386,2993649,85
2025-08-01,TPEx,3556,禾瑞亞,35.20,36.00,35.00,35.90,+0.20,57640,2044040,106
2025-08-01,TPEx,3558,神準,161.00,167.00,157.00,166.50,+3.50,528914,86420958,681
2025-08-01,TPEx,3564,其陽,58.00,59.90,57.00,59.60,+1.00,295431,17381822,293
2025-08-01,TPEx,3567,逸昌,25.55,25.55,25.55,25.55,0.00,6548,167340,20
2025-08-01,TPEx,3570,大塚,194.00,205.00,194.00,202.00,+9.50,125550,25189066,279
2025-08-01,TPEx,3577,泓格,96.90,104.50,96.60,101.00,+2.60,4292242,435928569,3952
2025-08-01,TPEx,3580,友威科,62.50,64.80,62.00,64.80,+1.00,253633,16245305,330
2025-08-01,TPEx,3581,博磊,32.25,33.50,32.25,33.15,+0.05,101822,3362828,86
2025-08-01,TPEx,3587,閎康,189.50,197.50,187.00,197.00,+5.00,1000531,194212133,4057
2025-08-01,TPEx,3594,磐儀,41.25,42.20,40.60,42.05,+0.80,175914,7338315,200
2025-08-01,TPEx,3597,映興,26.85,27.40,26.15,27.05,-0.20,337602,9026579,359
2025-08-01,TPEx,3609,三一東林,45.80,46.00,45.10,46.00,0.00,19078,874370,17
2025-08-01,TPEx,3611,鼎翰,183.00,185.00,182.50,184.00,+0.50,16937,3109408,54
2025-08-01,TPEx,3615,安可,21.60,23.05,21.60,22.70,+0.70,252783,5734536,294
2025-08-01,TPEx,3623,富晶通,22.30,23.65,21.30,23.65,+2.15,2059547,46758839,1321
2025-08-01,TPEx,3624,光頡,38.30,42.00,37.90,42.00,+3.80,3183367,130274816,2504
2025-08-01,TPEx,3625,西勝,15.85,17.50,15.70,17.50,+1.55,2562048,44311050,2014
2025-08-01,TPEx,3628,盈正,42.30,42.50,42.30,42.45,-0.15,18120,768773,19
2025-08-01,TPEx,3629,地心引力,27.60,30.15,27.60,30.15,+2.70,26177,781358,24
2025-08-01,TPEx,3630,新鉅科,22.90,24.15,22.60,23.45,+0.20,1832610,43313109,1119
2025-08-01,TPEx,3631,晟楠,23.75,23.75,23.50,23.60,+0.15,20000,472350,16
2025-08-01,TPEx,3632,研勤,10.10,10.10,10.10,10.10,+0.10,3335,33859,28
2025-08-01,TPEx,3646,艾恩特,28.70,29.10,28.50,29.10,+0.05,52011,1494231,50
2025-08-01,TPEx,3663,鑫科,62.30,65.70,60.20,63.60,+0.20,1955117,123154973,1525
2025-08-01,TPEx,3664,安瑞-KY,22.50,22.50,20.60,21.05,+0.45,123124,2650346,120
2025-08-01,TPEx,3666,光耀,28.20,28.20,27.65,27.90,-0.10,23025,640787,45
2025-08-01,TPEx,3672,康聯訊,17.10,17.10,17.10,17.10,-0.10,1008,17238,6
2025-08-01,TPEx,3675,德微,123.00,126.00,119.00,124.50,-1.50,404527,49890279,501
2025-08-01,TPEx,3680,家登,297.00,306.00,295.00,303.50,-0.50,609118,183571810,1890
2025-08-01,TPEx,3684,榮昌,,,,,,1727,81541,31
2025-08-01,TPEx,3685,元創精密,11.00,11.20,11.00,11.15,+0.15,26035,289049,23
2025-08-01,TPEx,3687,歐買尬,72.00,73.50,71.00,73.10,+0.50,51247,3721681,77
2025-08-01,TPEx,3689,湧德,93.90,98.60,92.40,96.70,,3415642,329889891,2625
2025-08-01,TPEx,3691,碩禾,72.40,76.60,71.00,75.40,+2.60,672007,50331610,693
2025-08-01,TPEx,3693,營邦,313.50,321.50,311.00,320.00,+0.50,290251,92139238,2353
2025-08-01,TPEx,3707,漢磊,35.45,37.80,35.05,37.25,+0.15,1631588,59693425,1230
2025-08-01,TPEx,3709,鑫聯大投控,36.20,37.45,35.45,36.75,+0.65,1095936,40263297,816
2025-08-01,TPEx,3710,連展投控,8.04,8.11,8.00,8.08,-0.01,315208,2539145,140
2025-08-01,TPEx,3713,新晶投控,19.40,19.75,19.35,19.50,+0.10,53852,1052993,46
2025-08-01,TPEx,4102,永日,21.80,21.95,21.80,21.85,-0.05,9010,196914,17
2025-08-01,TPEx,4105,東洋,76.90,77.20,76.30,76.50,-0.60,218017,16722938,278
2025-08-01,TPEx,4107,邦特,109.50,111.50,109.50,111.50,+1.50,40022,4432949,64
2025-08-01,TPEx,4109,加捷生醫,15.05,15.25,15.00,15.25,+0.10,128024,1937363,91
2025-08-01,TPEx,4111,濟生,31.25,31.50,31.10,31.40,0.00,121398,3797296,123
2025-08-01,TPEx,4113,聯上,18.90,20.20,18.90,20.10,+0.70,328395,6469317,201
2025-08-01,TPEx,4114,健喬,36.65,37.80,36.50,37.80,+0.85,2454573,91485535,1566
2025-08-01,TPEx,4116,明基醫,39.80,40.00,39.80,40.00,+0.20,18000,718400,14
2025-08-01,TPEx,4120,友華,51.20,51.80,50.80,51.00,0.00,61480,3154248,110
2025-08-01,TPEx,4121,優盛,14.65,14.80,14.45,14.75,-0.05,128092,1872296,127
2025-08-01,TPEx,4123,晟德,37.20,37.55,36.85,37.35,+0.05,193549,7218176,223
2025-08-01,TPEx,4126,太醫,89.70,90.40,89.70,89.80,+0.80,11781,1061148,38
2025-08-01,TPEx,4127,天良,35.30,35.75,34.80,35.20,-0.20,55025,1930930,45
2025-08-01,TPEx,4128,中天,23.95,24.05,23.45,23.85,-0.20,554987,13252562,507
2025-08-01,TPEx,4129,聯合,99.90,101.50,98.50,100.50,+0.60,135561,13584664,221
2025-08-01,TPEx,4130,健亞,18.30,18.30,18.00,18.25,+0.10,27394,498146,67
2025-08-01,TPEx,4131,浩泰,33.90,33.90,33.90,33.90,-0.30,2000,67800,2
2025-08-01,TPEx,4138,曜亞,72.50,73.70,72.50,73.70,+0.70,23405,1711828,90
2025-08-01,TPEx,4139,馬光-KY,28.75,28.85,28.75,28.85,+0.05,20001,576227,9
2025-08-01,TPEx,4147,中裕,81.00,82.40,80.30,82.30,+0.50,360342,29402724,444
2025-08-01,TPEx,4153,鈺緯,41.30,41.35,41.30,41.30,0.00,15004,620015,15
2025-08-01,TPEx,4154,樂威科-KY,,,,,,0,0,0
2025-08-01,TPEx,4157,太景*-KY,7.69,7.91,7.69,7.90,-0.01,257130,2021417,682
2025-08-01,TPEx,4160,訊聯基因,51.90,55.00,51.90,53.60,+1.20,65447,3507613,123
2025-08-01,TPEx,4161,聿新科,27.90,28.45,27.55,28.40,+0.10,199505,5577265,106
2025-08-01,TPEx,4162,智擎,74.70,75.00,73.00,74.40,+0.30,885023,65634316,714
2025-08-01,TPEx,4163,鐿鈦,103.00,103.00,100.00,101.50,-1.00,23448,2370964,24
2025-08-01,TPEx,4167,松瑞藥,18.65,18.75,18.15,18.55,-0.10,354448,6572391,249
2025-08-01,TPEx,4168,醣聯,22.55,22.85,22.30,22.60,+0.05,101694,2295892,108
2025-08-01,TPEx,4171,瑞基,19.25,19.40,19.05,19.40,0.00,71835,1379399,116
2025-08-01,TPEx,4173,久裕,22.30,22.50,22.25,22.35,0.00,125345,2803285,89
2025-08-01,TPEx,4174,浩鼎,31.45,32.25,30.80,31.90,+0.05,832769,26376018,637
2025-08-01,TPEx,4175,杏一,62.60,62.60,62.10,62.20,-0.40,24021,1496111,87
2025-08-01,TPEx,4183,福永生技,20.75,20.75,20.75,20.75,+0.10,1023,21219,3
2025-08-01,TPEx,4188,安克,15.30,15.70,15.25,15.70,+0.20,90473,1401878,71
2025-08-01,TPEx,4192,杏國,27.55,27.55,27.55,27.55,+0.25,1403,38551,5
2025-08-01,TPEx,4198,欣大健康,40.00,40.70,40.00,40.00,0.00,24207,971024,35
2025-08-01,TPEx,4205,中華食,89.90,90.20,89.80,89.80,+0.20,91298,8219719,163
2025-08-01,TPEx,4207,環泰,16.05,16.05,15.95,16.00,+0.15,74276,1187900,48
2025-08-01,TPEx,4303,信立,77.20,81.80,76.70,81.10,+2.80,4785994,381478127,3847
2025-08-01,TPEx,4304,勝昱,,,,,,0,0,0
2025-08-01,TPEx,4305,世坤,44.10,44.10,44.10,44.10,-0.90,1378,61114,12
2025-08-01,TPEx,4401,東隆興,15.80,15.80,15.55,15.70,+0.10,33000,516700,21
2025-08-01,TPEx,4402,郡都開發,18.60,19.05,18.60,18.85,-0.05,47050,889043,51
2025-08-01,TPEx,4406,新昕纖,9.86,9.87,9.63,9.70,+0.01,31000,302500,13
2025-08-01,TPEx,4413,飛寶企業,18.80,18.85,18.80,18.85,+0.15,2000,37650,2
2025-08-01,TPEx,4416,三圓,61.30,61.30,61.00,61.00,+0.20,4036,246588,7
2025-08-01,TPEx,4417,金洲,42.85,43.60,42.20,43.60,+0.75,254579,10992235,174
2025-08-01,TPEx,4419,皇家美食,49.25,49.25,49.25,49.25,+1.25,1860,91390,12
2025-08-01,TPEx,4420,光明,54.30,55.00,54.30,54.90,-0.20,51547,2823074,126
2025-08-01,TPEx,4430,耀億,20.00,20.00,19.40,19.60,+0.20,11146,219174,68
2025-08-01,TPEx,4432,銘旺實,18.75,19.25,18.30,19.10,+0.30,203426,3854270,155
2025-08-01,TPEx,4433,興采,24.10,24.30,24.05,24.20,+0.10,13933,337794,49
2025-08-01,TPEx,4442,竣邦-KY,46.40,47.50,46.00,47.05,+0.60,64278,3024775,65
2025-08-01,TPEx,4502,健信,17.75,18.20,17.75,18.20,+0.45,17000,305550,15
2025-08-01,TPEx,4503,金雨,50.60,53.60,48.85,53.20,+2.50,1099562,56949978,782
2025-08-01,TPEx,4506,崇友,111.00,112.00,111.00,112.00,+1.00,49622,5527844,177
2025-08-01,TPEx,4510,高鋒,44.50,47.80,44.25,47.20,+1.70,4645726,217452258,3223
2025-08-01,TPEx,4513,福裕,18.95,18.95,18.15,18.70,+0.15,207870,3856521,210
2025-08-01,TPEx,4523,永彰,34.10,34.85,33.85,34.45,+0.05,48290,1660998,35
2025-08-01,TPEx,4527,方土霖,43.00,43.00,42.00,42.45,+0.30,30469,1285145,81
2025-08-01,TPEx,4528,江興鍛,17.20,17.20,17.15,17.15,-0.05,6364,109501,32
2025-08-01,TPEx,4529,淳紳,3.70,3.80,3.66,3.78,-0.01,18091,67739,21
2025-08-01,TPEx,4530,宏易,12.35,12.55,12.35,12.55,+0.20,26367,327635,18
2025-08-01,TPEx,4533,協易機,23.50,24.30,23.00,24.15,+0.35,516859,12330543,474
2025-08-01,TPEx,4534,慶騰,16.60,17.20,16.20,16.90,+0.15,222742,3766609,228
2025-08-01,TPEx,4535,至興,29.60,30.00,29.60,29.95,+0.05,18062,539541,21
2025-08-01,TPEx,4538,大詠城,18.20,18.20,18.10,18.10,+0.05,19036,345140,16
2025-08-01,TPEx,4541,晟田,41.45,42.90,41.40,42.90,+0.60,1294541,54716403,1207
2025-08-01,TPEx,4542,科嶠,59.50,62.00,59.50,62.00,+2.60,181742,11145985,248
2025-08-01,TPEx,4543,萬在,26.40,28.00,26.40,27.40,+0.90,164663,4496690,206
2025-08-01,TPEx,4549,桓達,128.00,130.50,127.00,130.50,+2.00,101668,13171160,191
2025-08-01,TPEx,4550,長佳,,,,,,22,559,1
2025-08-01,TPEx,4554,橙的,38.85,40.10,38.85,40.00,-0.35,131623,5232584,208
2025-08-01,TPEx,4556,旭然,23.90,24.20,23.90,24.20,+0.20,7000,168150,7
2025-08-01,TPEx,4558,寶緯,26.65,27.10,26.45,26.75,+0.35,95000,2556650,53
2025-08-01,TPEx,4561,健椿,42.05,43.40,41.50,43.35,+0.60,154924,6636645,195
2025-08-01,TPEx,4563,百德,63.80,66.60,62.60,65.90,+2.10,326328,21334869,335
2025-08-01,TPEx,4568,科際精密,45.00,45.00,44.80,44.80,0.00,6112,274073,6
2025-08-01,TPEx,4577,達航科技,20.50,22.55,20.30,22.55,+2.05,755552,16888877,556
2025-08-01,TPEx,4580,捷流閥業,76.30,77.20,76.10,76.40,-0.60,33241,2545061,89
2025-08-01,TPEx,4584,君帆,55.50,55.50,53.00,54.30,-2.10,12105,657163,14
2025-08-01,TPEx,4609,唐鋒,8.06,8.30,8.06,8.30,-0.06,3000,24650,3
2025-08-01,TPEx,4702,中美實,10.15,10.15,9.80,9.93,-0.07,61308,613463,103
2025-08-01,TPEx,4706,大恭,28.65,28.65,28.60,28.60,-0.35,21000,600900,7
2025-08-01,TPEx,4707,磐亞,9.94,9.95,9.85,9.93,-0.01,142343,1409416,117
2025-08-01,TPEx,4711,永純,14.75,15.10,14.75,15.10,+0.10,16638,246520,31
2025-08-01,TPEx,4714,永捷,19.05,19.95,18.95,19.55,+0.20,5173109,101346579,2437
2025-08-01,TPEx,4716,大立,14.45,14.60,14.25,14.60,0.00,207051,2987108,420
2025-08-01,TPEx,4721,美琪瑪,80.00,85.80,79.00,84.30,+3.30,3900408,326083937,4383
2025-08-01,TPEx,4726,永昕,38.15,38.15,37.80,37.80,-0.40,80191,3046588,167
2025-08-01,TPEx,4728,雙美,416.00,429.50,416.00,420.00,+2.00,52084,21953304,185
2025-08-01,TPEx,4729,熒茂,22.75,25.50,22.20,25.50,+2.20,8377171,206410083,5780
2025-08-01,TPEx,4735,豪展,34.45,34.65,34.45,34.65,0.00,6016,207945,21
2025-08-01,TPEx,4741,泓瀚,25.10,25.70,25.10,25.55,0.00,55000,1401700,32
2025-08-01,TPEx,4743,合一,63.10,63.30,61.40,62.30,-1.30,1389657,86783671,1580
2025-08-01,TPEx,4744,皇將,24.00,24.10,23.75,23.95,-0.10,80919,1936179,121
2025-08-01,TPEx,4745,合富-KY,16.40,16.50,16.25,16.30,-0.20,14815,242363,64
2025-08-01,TPEx,4747,強生,59.60,59.60,56.70,58.90,+1.20,15329,890217,20
2025-08-01,TPEx,4749,新應材,646.00,658.00,644.00,650.00,-10.00,1380960,896833907,10347
2025-08-01,TPEx,4754,國碳科,38.80,39.15,38.55,39.15,+0.15,15080,586720,37
2025-08-01,TPEx,4760,勤凱,135.00,141.00,134.50,138.50,0.00,624111,86476794,983
2025-08-01,TPEx,4767,誠泰科技,30.75,30.75,30.75,30.75,-0.05,2100,64501,5
2025-08-01,TPEx,4768,晶呈科技,121.00,128.00,118.00,125.50,+4.50,727725,90508607,827
2025-08-01,TPEx,4772,台特化,219.00,227.00,215.50,225.50,+2.50,1198396,267282176,1283
2025-08-01,TPEx,4804,大略-KY,8.60,9.76,8.60,9.76,+0.88,831278,7706137,189
2025-08-01,TPEx,4806,桂田文創,9.43,9.43,8.41,9.38,+0.23,34727,303451,48
2025-08-01,TPEx,4903,聯光通,29.70,30.75,29.25,30.20,-0.40,909478,27466460,864
2025-08-01,TPEx,4905,台聯電,61.80,62.10,61.80,62.10,+0.60,2205,136790,5
2025-08-01,TPEx,4907,富宇,35.05,36.20,35.00,36.15,+1.10,57239,2047212,55
2025-08-01,TPEx,4908,前鼎,83.00,92.70,82.80,92.70,+8.40,3854256,347879221,3435
2025-08-01,TPEx,4909,新復興,56.50,58.70,55.70,58.20,+0.80,1166113,67152694,1105
2025-08-01,TPEx,4911,德英,48.85,48.95,48.85,48.95,-0.05,4210,205735,11
2025-08-01,TPEx,4923,力士,32.30,33.00,32.30,33.00,+0.50,32510,1065801,43
2025-08-01,TPEx,4924,欣厚-KY,13.90,13.90,13.75,13.90,-0.10,4000,55300,4
2025-08-01,TPEx,4931,新盛力,115.00,120.50,113.50,120.50,+3.00,22972011,2709427274,14184
2025-08-01,TPEx,4933,友輝,61.80,63.70,61.00,63.00,-0.20,1281652,80330146,962
2025-08-01,TPEx,4939,亞電,19.25,19.25,19.10,19.20,-0.15,75207,1441280,61
2025-08-01,TPEx,4945,陞達科技,73.20,75.60,72.00,75.20,+1.00,125724,9370904,119
2025-08-01,TPEx,4946,辣椒,130.50,143.50,126.00,143.50,+7.50,303470,41800653,437
2025-08-01,TPEx,4950,金耘國際,11.85,12.65,11.20,12.60,+1.00,163937,2002987,81
2025-08-01,TPEx,4951,精拓科,69.80,72.00,67.60,71.40,+0.60,189383,13502812,252
2025-08-01,TPEx,4953,緯軟,94.40,97.00,94.30,96.90,+1.40,91480,8777643,124
2025-08-01,TPEx,4966,譜瑞-KY,568.00,609.00,562.00,608.00,+33.00,1179163,702413342,2009
2025-08-01,TPEx,4971,IET-KY,158.50,166.50,156.50,160.00,-1.50,4270916,690724139,5240
2025-08-01,TPEx,4972,湯石照明,17.80,17.90,17.80,17.90,0.00,14797,264616,42
2025-08-01,TPEx,4973,廣穎,23.50,23.85,23.20,23.55,-0.10,91949,2166830,107
2025-08-01,TPEx,4974,亞泰,77.40,80.00,76.20,78.70,+1.20,302377,23791503,310
2025-08-01,TPEx,4979,華星光,193.00,199.50,192.50,193.50,-4.00,14837426,2900885929,33870
2025-08-01,TPEx,4987,科誠,84.50,87.00,81.40,81.40,-0.50,308411,26132322,240
2025-08-01,TPEx,4991,環宇-KY,160.50,168.50,160.50,168.50,+3.50,3815742,634777427,2829
2025-08-01,TPEx,4995,晶達,48.00,49.00,48.00,48.20,-0.65,29194,1408059,30
2025-08-01,TPEx,5009,榮剛,36.00,36.00,35.10,35.35,-1.75,6046197,213778267,3454
2025-08-01,TPEx,5011,久陽,13.30,13.60,13.25,13.40,0.00,24781,333475,48
2025-08-01,TPEx,5013,強新,28.95,28.95,28.75,28.80,-0.20,20200,583350,10
2025-08-01,TPEx,5014,建錩,10.45,10.50,10.20,10.25,-0.20,1065763,10989240,487
2025-08-01,TPEx,5015,華祺,32.30,32.65,32.30,32.55,+0.25,9034,292892,15
2025-08-01,TPEx,5016,松和,25.05,25.05,24.85,24.85,-0.50,16612,414575,10
2025-08-01,TPEx,5201,凱衛,37.25,40.30,37.25,37.90,+0.05,1005496,39028431,715
2025-08-01,TPEx,5202,力新,20.40,21.50,20.15,21.05,+0.25,662733,13918693,420
2025-08-01,TPEx,5205,中茂,30.35,34.45,30.35,34.45,+3.05,10377,336594,15
2025-08-01,TPEx,5206,坤悅,36.35,36.65,36.35,36.60,+0.15,3284,119965,14
2025-08-01,TPEx,5209,新鼎,133.50,133.50,133.50,133.50,+12.00,156433,20883790,184
2025-08-01,TPEx,5210,寶碩,27.15,27.30,26.95,27.25,+0.10,109766,2974595,90
2025-08-01,TPEx,5211,蒙恬,22.05,22.90,22.05,22.90,+0.85,34048,763418,42
2025-08-01,TPEx,5212,凌網,46.90,47.20,46.90,47.00,-0.20,4149,195303,7
2025-08-01,TPEx,5213,亞昕,26.55,26.95,26.20,26.85,+0.25,315395,8389930,366
2025-08-01,TPEx,5220,萬達光電,20.10,20.80,20.10,20.80,+0.10,31244,642636,31
2025-08-01,TPEx,5223,安力-KY,25.80,26.10,25.80,26.00,-0.10,4000,103900,4
2025-08-01,TPEx,5227,立凱-KY,28.85,30.25,28.85,30.15,+0.95,81154,2433679,185
2025-08-01,TPEx,5228,鈺鎧,,,,,,1,19,1
2025-08-01,TPEx,5230,雷笛克光學,19.00,19.45,18.90,19.40,+0.40,155519,2990451,104
2025-08-01,TPEx,5236,凌陽創新,117.00,120.00,115.00,120.00,+1.50,128526,15157773,288
2025-08-01,TPEx,5245,智晶,32.80,34.40,32.80,33.30,-0.30,358215,12004878,393
2025-08-01,TPEx,5251,天鉞電,44.50,47.90,44.50,46.90,+1.35,2914437,136947498,2409
2025-08-01,TPEx,5263,智崴,90.20,90.50,88.00,90.40,+0.20,163429,14615328,175
2025-08-01,TPEx,5272,笙科,22.50,22.50,22.05,22.30,-0.10,124075,2758237,139
2025-08-01,TPEx,5274,信驊,4465.00,4735.00,4460.00,4700.00,+140.00,882341,4105571965,3563
2025-08-01,TPEx,5276,達輝-KY,14.75,14.75,14.40,14.55,0.00,7000,101400,7
2025-08-01,TPEx,5278,尚凡*,42.80,44.60,42.30,42.60,-1.05,3423914,149339337,3523
2025-08-01,TPEx,5287,數字,175.50,176.00,175.50,175.50,-0.50,10843,1906651,121
2025-08-01,TPEx,5289,宜鼎,225.00,228.50,223.00,226.50,-0.50,253509,57398260,700
2025-08-01,TPEx,5291,邑昇,23.70,25.90,23.70,25.90,+1.90,81773,2076747,51
2025-08-01,TPEx,5299,杰力,70.50,71.00,69.50,70.80,-0.10,26848,1886776,81
2025-08-01,TPEx,5301,寶得利,5.45,5.78,5.31,5.78,+0.30,11000,62400,9
2025-08-01,TPEx,5302,太欣,6.72,6.82,6.70,6.81,+0.09,116820,792226,76
2025-08-01,TPEx,5309,系統電,40.60,45.65,40.40,45.65,+4.15,27784248,1232180342,13905
2025-08-01,TPEx,5310,天剛,43.00,44.00,42.95,43.90,+1.00,9100,395038,14
2025-08-01,TPEx,5312,寶島科,130.50,135.50,130.00,135.00,+4.50,77515,10291537,94
2025-08-01,TPEx,5314,世紀*,76.20,84.90,75.00,82.70,+5.00,54858435,4408206124,37170
2025-08-01,TPEx,5315,光聯,20.70,20.90,20.30,20.90,+0.10,397415,8209319,297
2025-08-01,TPEx,5321,美而快,38.95,39.50,38.40,39.20,0.00,129395,5059957,112
2025-08-01,TPEx,5324,士開,11.15,11.15,11.00,11.00,-0.05,121294,1340958,53
2025-08-01,TPEx,5328,華容,12.70,13.00,12.60,13.00,+0.15,279882,3603625,190
2025-08-01,TPEx,5340,建榮,51.30,52.60,50.50,50.70,-1.30,9306783,480027708,5993
2025-08-01,TPEx,5344,立衛,12.60,12.90,12.60,12.90,+0.30,15136,194220,20
2025-08-01,TPEx,5345,天揚,22.55,22.55,22.55,22.55,0.00,1310,29262,6
2025-08-01,TPEx,5347,世界,92.50,95.30,91.90,94.90,+1.50,3872475,364896117,3400
2025-08-01,TPEx,5348,正能量智能,19.15,19.15,19.15,19.15,-0.20,1000,19150,1
2025-08-01,TPEx,5351,鈺創,26.25,27.15,25.90,26.90,+0.25,1178702,31450533,890
2025-08-01,TPEx,5353,台林,25.65,25.80,25.60,25.80,+0.10,18049,463461,18
2025-08-01,TPEx,5355,佳總,9.70,10.40,9.50,10.40,+0.93,1905194,19557628,1170
2025-08-01,TPEx,5356,協益,25.10,25.30,24.75,25.25,0.00,70328,1762664,72
2025-08-01,TPEx,5364,力麗店,19.50,19.50,19.45,19.50,-0.10,20006,389817,12
2025-08-01,TPEx,5371,中光電,80.00,85.70,79.80,85.20,+3.60,37966828,3181572600,28147
2025-08-01,TPEx,5381,合正,26.00,27.40,25.50,26.10,-0.85,7857883,209020374,4960
2025-08-01,TPEx,5386,青雲,70.40,71.70,69.00,71.70,0.00,168497,11933756,207
2025-08-01,TPEx,5392,能率,34.00,37.50,33.40,36.85,+2.55,15830560,574141355,10910
2025-08-01,TPEx,5398,慕康生醫,22.70,22.75,22.20,22.45,-0.30,29338,660745,40
2025-08-01,TPEx,5403,中菲,122.00,122.00,121.50,122.00,0.00,35668,4348963,75
2025-08-01,TPEx,5410,國眾,26.55,27.05,26.35,27.05,+0.05,131988,3533038,161
2025-08-01,TPEx,5425,台半,45.00,46.75,44.40,46.75,+1.15,775255,35736774,645
2025-08-01,TPEx,5426,振發,23.45,24.35,22.70,24.00,+0.55,954879,22684705,728
2025-08-01,TPEx,5432,新門,120.00,122.00,118.00,121.50,+1.50,112473,13506482,229
2025-08-01,TPEx,5438,東友,21.80,22.65,21.50,21.65,,4049457,89306141,2469
2025-08-01,TPEx,5439,高技,255.50,269.50,255.00,262.50,-3.00,7829510,2072073142,9058
2025-08-01,TPEx,5443,均豪,83.60,86.80,82.20,86.30,+0.90,1991956,169913210,1711
2025-08-01,TPEx,5450,南良,14.00,14.00,13.85,13.95,0.00,5021,69792,7
2025-08-01,TPEx,5452,佶優,23.10,24.25,22.95,24.00,+0.70,723778,17241875,440
2025-08-01,TPEx,5455,昇益,26.90,26.90,26.75,26.85,0.00,12000,321750,5
2025-08-01,TPEx,5457,宣德,40.70,42.10,40.65,42.00,+0.35,194715,8098021,167
2025-08-01,TPEx,5460,同協,14.15,14.45,14.15,14.30,+0.05,40894,586682,45
2025-08-01,TPEx,5464,霖宏,26.90,28.10,26.90,27.20,-0.05,365933,10089387,251
2025-08-01,TPEx,5465,富驊,40.90,42.40,40.45,42.15,+0.15,831445,34593761,757
2025-08-01,TPEx,5468,凱鈺,16.55,16.80,16.50,16.80,0.00,10744,178411,14
2025-08-01,TPEx,5474,聰泰,155.50,162.50,154.50,161.50,+3.00,287069,46048929,412
2025-08-01,TPEx,5475,德宏,36.00,38.10,35.50,36.35,-1.45,11704534,430531350,8803
2025-08-01,TPEx,5478,智冠,95.00,98.80,95.00,98.80,+2.20,115208,11233277,190
2025-08-01,TPEx,5483,中美晶,98.80,102.50,98.20,102.00,+1.00,2974243,300106440,2471
2025-08-01,TPEx,5487,通泰,30.35,30.90,29.55,30.90,+0.55,30000,908000,26
2025-08-01,TPEx,5488,松普,9.03,9.64,9.03,9.58,+0.35,380532,3579234,230
2025-08-01,TPEx,5489,彩富,39.95,41.50,39.75,40.55,+0.40,248556,10165064,217
2025-08-01,TPEx,5490,同亨,25.10,25.25,23.80,25.15,-0.20,895358,22168643,586
2025-08-01,TPEx,5493,三聯,87.70,88.20,86.60,88.00,+0.30,247745,21709609,413
2025-08-01,TPEx,5498,凱崴,17.20,19.45,17.20,19.45,+1.75,42234564,786890268,16048
2025-08-01,TPEx,5508,永信建,79.60,81.10,78.50,80.20,-0.30,676817,54092366,1072
2025-08-01,TPEx,5511,德昌,56.70,57.20,56.00,56.90,-0.10,159263,8993794,297
2025-08-01,TPEx,5512,力麒,8.79,8.85,8.68,8.82,+0.01,492900,4332666,307
2025-08-01,TPEx,5514,三豐,17.85,17.85,17.80,17.80,-0.05,2032,36219,5
2025-08-01,TPEx,5516,雙喜,13.45,14.25,13.40,13.55,-0.80,11412,155930,20
2025-08-01,TPEx,5520,力泰,80.00,80.20,80.00,80.20,0.00,4283,343280,10
2025-08-01,TPEx,5523,豐謙,29.90,29.90,29.90,29.90,0.00,16514,493494,11
2025-08-01,TPEx,5529,鉅陞,28.10,28.40,28.10,28.15,-0.25,65423,1847504,52
2025-08-01,TPEx,5530,龍巖,59.20,59.50,58.30,59.10,+0.40,269181,15840315,264
2025-08-01,TPEx,5536,聖暉*,485.50,496.50,483.00,492.00,+2.00,861140,423182326,881
2025-08-01,TPEx,5543,桓鼎-KY,,,,,,0,0,0
2025-08-01,TPEx,5548,安倉,23.85,23.95,23.85,23.85,-0.10,8042,192010,9
2025-08-01,TPEx,5601,台聯櫃,,,,,,0,0,0
2025-08-01,TPEx,5603,陸海,21.05,21.40,21.00,21.30,+0.15,37895,805235,69
2025-08-01,TPEx,5604,中連,37.15,37.60,37.15,37.50,0.00,6150,230337,10
2025-08-01,TPEx,5609,中菲行,76.10,76.60,75.30,76.60,+0.80,100599,7673701,145
2025-08-01,TPEx,5701,劍湖山,4.69,4.74,4.58,4.74,+0.05,90223,423916,55
2025-08-01,TPEx,5703,亞都,16.05,16.10,16.00,16.10,-0.20,4001,64266,5
2025-08-01,TPEx,5704,老爺知,27.95,27.95,27.95,27.95,+0.25,1514,42220,13
2025-08-01,TPEx,5864,致和證,11.90,11.95,11.85,11.95,-0.05,365721,4362777,78
2025-08-01,TPEx,5878,台名,40.80,40.80,40.80,40.80,0.00,6056,247123,9
2025-08-01,TPEx,5902,德記,45.65,46.85,45.65,46.85,-0.05,14300,667900,34
2025-08-01,TPEx,5903,全家,208.00,209.50,208.00,209.00,+2.00,161626,33756126,955
2025-08-01,TPEx,5904,寶雅,461.50,470.00,460.00,465.00,+2.00,298118,138951409,1073
2025-08-01,TPEx,5905,南仁湖,10.50,11.35,10.35,11.25,+0.70,1244259,13479549,531
2025-08-01,TPEx,6015,宏遠證,10.75,10.80,10.70,10.75,0.00,123715,1331027,70
2025-08-01,TPEx,6016,康和證,11.75,11.80,11.60,11.75,0.00,3164509,37061624,921
2025-08-01,TPEx,6020,大展證,18.70,18.80,18.70,18.80,0.00,7000,131100,3
2025-08-01,TPEx,6021,美好證,20.10,20.10,19.70,20.00,-0.10,102615,2051985,43
2025-08-01,TPEx,6023,元大期,82.30,82.90,82.30,82.70,+0.40,24285,2005669,45
2025-08-01,TPEx,6026,福邦證,11.05,11.15,11.00,11.15,+0.05,194866,2163832,102
2025-08-01,TPEx,6101,寬魚國際,38.80,38.90,37.25,38.90,-0.05,482006,18487130,368
2025-08-01,TPEx,6103,合邦,40.30,42.40,40.30,42.40,+0.30,3000,124300,3
2025-08-01,TPEx,6104,創惟,130.00,139.00,127.50,138.00,+6.00,2493457,339948712,2199
2025-08-01,TPEx,6109,亞元,10.05,10.35,10.05,10.35,+0.05,111025,1133157,86
2025-08-01,TPEx,6111,大宇資,48.15,49.05,47.90,48.75,+0.55,185742,8995126,258
2025-08-01,TPEx,6113,亞矽,22.10,22.70,21.65,22.60,+0.50,234972,5224861,197
2025-08-01,TPEx,6114,久威,34.20,35.70,34.20,35.70,+0.40,91742,3226551,94
2025-08-01,TPEx,6118,建達,15.80,16.05,15.35,15.95,+0.15,113401,1798524,92
2025-08-01,TPEx,6121,新普,408.00,410.50,404.00,406.00,-4.00,707700,287394899,832
2025-08-01,TPEx,6122,擎邦,51.00,52.50,51.00,51.90,-0.10,156189,8119927,238
2025-08-01,TPEx,6123,上奇,51.40,51.40,51.20,51.30,-0.20,19311,991280,31
2025-08-01,TPEx,6124,業強,29.35,29.40,29.20,29.20,0.00,28168,825454,56
2025-08-01,TPEx,6125,廣運,72.40,75.80,71.70,75.50,+2.00,4375865,327099843,4844
2025-08-01,TPEx,6126,信音,23.45,23.75,23.45,23.75,+0.10,111453,2626006,167
2025-08-01,TPEx,6127,九豪,19.65,20.50,19.20,20.35,+0.50,586491,11812369,390
2025-08-01,TPEx,6129,普誠,10.20,11.25,10.00,11.25,+1.00,544177,5936235,337
2025-08-01,TPEx,6130,上亞科技,38.00,39.25,38.00,38.50,+0.10,141200,5460299,101
2025-08-01,TPEx,6134,萬旭,19.15,21.15,19.15,21.15,+1.90,1502228,31535276,731
2025-08-01,TPEx,6138,茂達,166.00,177.50,166.00,177.00,+7.00,926528,162101646,1059
2025-08-01,TPEx,6140,訊達,41.15,44.20,41.00,42.75,+1.35,5079867,219791605,3786
2025-08-01,TPEx,6143,振曜,112.00,117.00,112.00,116.50,+0.50,888103,102397507,635
2025-08-01,TPEx,6144,得利影,20.55,20.80,20.20,20.60,0.00,14053,288440,17
2025-08-01,TPEx,6146,耕興,159.50,162.00,157.50,161.00,+0.50,165902,26552832,291
2025-08-01,TPEx,6147,頎邦,54.80,55.40,54.60,54.90,-1.10,2815388,154820054,1988
2025-08-01,TPEx,6148,驊宏資,46.85,50.60,46.85,48.00,+1.90,5765833,281341555,4804
2025-08-01,TPEx,6150,撼訊,66.50,69.10,65.70,68.30,+0.90,163093,11004934,170
2025-08-01,TPEx,6151,晉倫,27.70,27.95,27.35,27.85,+0.05,181967,5052711,144
2025-08-01,TPEx,6154,順發,,,,,,1055,15100,23
2025-08-01,TPEx,6156,松上,27.40,28.00,27.10,27.85,+0.25,570048,15787856,387
2025-08-01,TPEx,6158,禾昌,22.95,22.95,22.90,22.95,-0.05,11372,260531,31
2025-08-01,TPEx,6160,欣技,20.95,21.30,20.65,21.20,-0.10,159291,3356335,134
2025-08-01,TPEx,6161,捷波,39.35,39.95,39.35,39.95,-0.25,67207,2669840,276
2025-08-01,TPEx,6163,華電網,22.35,22.45,21.60,22.40,+0.20,389653,8679737,208
2025-08-01,TPEx,6167,久正,12.50,13.15,12.30,13.05,+0.45,764033,9850007,389
2025-08-01,TPEx,6169,昱泉,20.70,20.90,20.30,20.60,-0.10,79781,1628772,115
2025-08-01,TPEx,6170,統振,48.85,49.30,48.65,49.10,-0.20,97093,4767590,118
2025-08-01,TPEx,6171,大城地產,32.35,32.80,32.35,32.70,-0.15,12470,408050,20
2025-08-01,TPEx,6173,信昌電,37.10,38.80,37.00,38.70,+0.65,508608,19516979,376
2025-08-01,TPEx,6174,安碁,20.25,20.50,19.95,20.50,+0.15,61019,1240880,45
2025-08-01,TPEx,6175,立敦,33.10,33.95,32.60,33.60,+0.20,353875,11846222,231
2025-08-01,TPEx,6179,亞通,27.50,28.85,27.40,28.40,+0.35,1205994,34047022,679
2025-08-01,TPEx,6180,橘子,63.50,64.40,63.10,64.10,-0.10,426793,27284070,553
2025-08-01,TPEx,6182,合晶,22.80,23.90,22.40,23.90,+0.75,4446634,104901424,2661
2025-08-01,TPEx,6185,幃翔,15.15,15.45,15.15,15.45,+0.30,112577,1720905,119
2025-08-01,TPEx,6186,新潤,59.80,60.60,59.70,60.10,+0.30,158614,9555876,181
2025-08-01,TPEx,6187,萬潤,368.00,376.00,363.00,376.00,-1.00,1573353,585871582,2312
2025-08-01,TPEx,6188,廣明,87.10,89.50,86.20,88.90,+0.40,1040095,92104609,1216
2025-08-01,TPEx,6190,萬泰科,37.60,39.80,37.15,39.55,+1.25,6444910,253185096,4073
2025-08-01,TPEx,6194,育富,35.00,35.25,34.55,35.20,+0.10,82112,2873618,88
2025-08-01,TPEx,6195,詩肯,28.80,29.00,28.80,29.00,+0.20,18182,526528,26
2025-08-01,TPEx,6198,瑞築,29.50,29.95,29.50,29.95,0.00,4206,124891,7
2025-08-01,TPEx,6199,天品,98.00,102.50,97.00,100.50,+2.90,219297,22090056,218
2025-08-01,TPEx,6203,海韻電,73.30,75.20,73.20,74.70,+0.30,52525,3902086,57
2025-08-01,TPEx,6204,艾華,56.00,58.00,54.10,56.80,+0.50,40502,2275256,81
2025-08-01,TPEx,6207,雷科,45.50,48.40,44.40,47.35,+1.30,2018526,95206841,1524
2025-08-01,TPEx,6208,日揚,43.80,43.80,43.05,43.65,+0.30,12950,561962,23
2025-08-01,TPEx,6210,慶生,17.45,17.45,17.35,17.35,+0.15,2150,37439,5
2025-08-01,TPEx,6212,理銘,40.10,40.55,39.60,40.40,-0.20,10009,403202,17
2025-08-01,TPEx,6217,中探針,30.05,31.75,29.70,31.35,+0.65,936132,28997167,596
2025-08-01,TPEx,6218,豪勉,19.65,20.10,19.60,19.60,-0.20,405192,7982998,313
2025-08-01,TPEx,6219,富旺,18.60,19.35,18.45,19.30,+0.35,167246,3180775,105
2025-08-01,TPEx,6220,岳豐,19.80,20.15,19.80,20.05,+0.05,144360,2887965,90
2025-08-01,TPEx,6221,晉泰,46.50,47.05,46.05,46.70,-0.50,305526,14248889,314
2025-08-01,TPEx,6222,立軒,20.60,20.85,20.40,20.65,-0.20,41000,841450,25
2025-08-01,TPEx,6223,旺矽,1020.00,1050.00,1020.00,1030.00,-20.00,1481578,1535848505,2737
2025-08-01,TPEx,6227,茂綸,90.40,94.00,89.80,92.90,+0.80,513989,47538795,582
2025-08-01,TPEx,6228,全譜,38.40,41.20,38.40,39.50,+1.45,148898,5951845,120
2025-08-01,TPEx,6229,研通,23.15,23.20,23.15,23.20,+0.25,9023,209141,15
2025-08-01,TPEx,6231,系微,213.00,226.00,208.00,222.50,+4.50,745170,163640561,1067
2025-08-01,TPEx,6233,旺玖,20.20,20.30,19.90,20.15,+0.05,67382,1355952,90
2025-08-01,TPEx,6234,高僑,27.40,30.55,27.20,30.55,+2.75,12432503,372351745,7327
2025-08-01,TPEx,6236,中湛,,,,,,0,0,0
2025-08-01,TPEx,6237,驊訊,39.30,41.70,38.20,40.65,+1.20,2539625,103344921,2436
2025-08-01,TPEx,6240,松崗,21.55,21.80,21.25,21.65,+0.40,53002,1138540,35
2025-08-01,TPEx,6241,易通展,12.15,12.25,12.15,12.25,+0.05,21032,256835,41
2025-08-01,TPEx,6242,立康,41.90,41.95,41.50,41.90,+0.05,4023,168212,7
2025-08-01,TPEx,6244,茂迪,17.80,18.60,17.50,18.30,+0.25,1563310,28578113,900
2025-08-01,TPEx,6245,立端,78.60,81.00,78.10,80.60,+0.50,876924,70454380,1254
2025-08-01,TPEx,6246,臺龍,13.10,13.35,13.10,13.30,+0.05,31003,409842,28
2025-08-01,TPEx,6248,沛波,23.90,23.95,23.45,23.85,-0.05,202410,4827282,99
2025-08-01,TPEx,6259,百徽,16.95,17.75,16.95,17.35,+0.35,51578,893981,49
2025-08-01,TPEx,6261,久元,61.30,61.90,61.30,61.80,+0.30,107733,6647506,108
2025-08-01,TPEx,6263,普萊德,147.50,150.50,147.00,149.50,+0.50,24290,3626965,58
2025-08-01,TPEx,6264,富裔,7.77,7.79,7.70,7.70,-0.09,36164,280043,22
2025-08-01,TPEx,6265,方土昶,9.12,9.12,9.04,9.10,+0.04,94636,858224,72
2025-08-01,TPEx,6266,泰詠,29.70,30.00,29.50,29.95,+0.05,116417,3475094,149
2025-08-01,TPEx,6270,倍微,20.90,21.15,20.75,20.90,+0.20,54240,1134965,86
2025-08-01,TPEx,6274,台燿,266.50,280.00,266.00,271.00,-2.00,19589435,5382763429,28774
2025-08-01,TPEx,6275,元山,43.60,44.40,43.55,44.40,+0.55,178532,7863123,172
2025-08-01,TPEx,6276,安鈦克,57.60,59.10,55.70,58.50,+0.80,232140,13502182,328
2025-08-01,TPEx,6279,胡連,132.50,138.00,130.50,136.00,+2.00,823029,111642873,853
2025-08-01,TPEx,6284,佳邦,67.50,69.90,67.10,69.40,+0.90,598839,41402539,497
2025-08-01,TPEx,6290,良維,104.00,109.00,104.00,107.00,0.00,7652346,817674588,4722
2025-08-01,TPEx,6291,沛亨,137.50,153.00,137.50,152.00,+11.00,646078,94043475,591
2025-08-01,TPEx,6292,迅德,43.50,43.80,43.40,43.45,-0.25,51639,2249390,75
2025-08-01,TPEx,6294,智基,47.25,47.40,46.75,47.30,-0.15,27303,1288345,179
2025-08-01,TPEx,6411,晶焱,64.00,64.90,63.00,64.90,+0.90,147407,9434414,155
2025-08-01,TPEx,6417,韋僑,98.20,100.00,98.20,99.40,+0.60,41035,4066877,36
2025-08-01,TPEx,6418,詠昇,19.95,20.80,19.95,20.75,+0.80,155250,3182664,112
2025-08-01,TPEx,6419,京晨科,54.70,56.10,54.70,55.40,+0.40,23270,1293790,39
2025-08-01,TPEx,6425,易發,51.90,53.30,51.30,51.60,-1.40,1382682,72082613,1201
2025-08-01,TPEx,6432,今展科,28.00,28.50,27.95,28.35,+0.35,45277,1280092,50
2025-08-01,TPEx,6435,大中,94.60,96.30,94.10,96.00,+1.10,53808,5141906,61
2025-08-01,TPEx,6441,廣錠,26.60,26.95,26.60,26.95,+0.15,35640,957504,63
2025-08-01,TPEx,6461,益得,19.00,19.95,18.90,19.70,+0.70,265396,5171735,223
2025-08-01,TPEx,6462,神盾,130.00,135.00,129.00,131.00,-3.00,2390927,315515895,2216
2025-08-01,TPEx,6465,威潤,15.80,16.20,15.65,16.00,-0.15,12355,196168,19
2025-08-01,TPEx,6469,大樹,154.50,161.50,152.00,160.00,+7.00,490251,77307785,789
2025-08-01,TPEx,6470,宇智,46.80,48.60,46.40,48.50,+1.70,191008,9157799,175
2025-08-01,TPEx,6482,弘煜科,61.40,62.90,61.40,61.60,+0.20,51029,3174344,63
2025-08-01,TPEx,6485,點序,50.60,52.30,50.10,51.90,+0.30,147259,7594185,125
2025-08-01,TPEx,6486,互動,73.00,73.00,72.50,72.90,+0.40,26422,1920936,42
2025-08-01,TPEx,6488,環球晶,338.50,347.00,334.50,346.00,+3.50,1487483,510488598,2029
2025-08-01,TPEx,6492,生華科,34.15,35.00,34.05,34.85,+0.40,103264,3571385,92
2025-08-01,TPEx,6494,九齊,35.50,36.80,34.95,36.80,+0.80,37491,1346305,120
2025-08-01,TPEx,6496,科懋,26.00,26.10,26.00,26.00,0.00,11201,291204,37
2025-08-01,TPEx,6498,久禾光,115.50,118.50,112.50,117.50,+1.50,158080,18537755,182
2025-08-01,TPEx,6499,益安,114.00,119.00,114.00,118.00,+4.00,462798,54336421,395
2025-08-01,TPEx,6506,雙邦,15.25,15.35,15.25,15.30,+0.10,48000,735000,40
2025-08-01,TPEx,6508,惠光,26.60,26.60,26.60,26.60,+0.05,2947,78465,22
2025-08-01,TPEx,6509,聚和,32.10,32.15,31.40,32.10,+0.20,233422,7465377,149
2025-08-01,TPEx,6510,精測,838.00,865.00,834.00,862.00,+9.00,464008,395511621,976
2025-08-01,TPEx,6512,啟發電,20.60,20.70,20.40,20.40,0.00,13792,284293,91
2025-08-01,TPEx,6516,勤崴國際,66.20,67.60,66.20,67.10,-0.60,75756,5074372,108
2025-08-01,TPEx,6517,保勝光學,69.60,71.80,68.60,71.10,+0.50,685575,48412942,990
2025-08-01,TPEx,6523,達爾膚,127.00,128.00,126.50,127.50,+0.50,39001,4974841,107
2025-08-01,TPEx,6527,明達醫,85.00,85.90,85.00,85.90,+0.60,15150,1290794,17
2025-08-01,TPEx,6530,創威,53.20,55.50,52.70,54.70,+0.50,654668,35557718,1225
2025-08-01,TPEx,6532,瑞耘,64.60,67.20,64.40,66.90,+0.80,214744,14290047,227
2025-08-01,TPEx,6535,順藥,122.50,127.50,122.00,127.00,+2.00,426312,53372819,436
2025-08-01,TPEx,6538,倉和,84.20,85.20,83.60,85.00,0.00,44628,3781612,96
2025-08-01,TPEx,6542,隆中,54.70,54.80,54.70,54.80,-0.10,11300,618510,3
2025-08-01,TPEx,6546,正基,79.70,84.30,78.00,82.50,+2.10,1009584,83268141,2124
2025-08-01,TPEx,6547,高端疫苗,42.60,43.55,41.20,43.30,+0.15,977170,41962827,1084
2025-08-01,TPEx,6548,長科*,30.60,31.10,30.10,30.85,+0.20,532906,16286007,412
2025-08-01,TPEx,6556,勝品,69.40,70.30,69.40,69.80,+0.40,4001,279369,5
2025-08-01,TPEx,6560,欣普羅,34.15,36.20,33.60,35.50,+1.30,153719,5463645,146
2025-08-01,TPEx,6561,是方,435.50,447.00,435.00,445.50,+9.00,245579,108765844,503
2025-08-01,TPEx,6568,宏觀,113.00,117.00,111.50,115.00,+1.50,91226,10493942,125
2025-08-01,TPEx,6569,醫揚,105.00,108.00,104.00,107.50,+1.00,22507,2393986,123
2025-08-01,TPEx,6570,維田,38.10,38.80,38.10,38.70,+0.10,41652,1603624,38
2025-08-01,TPEx,6574,霈方,67.70,67.70,67.40,67.40,-0.30,4970,336248,93
2025-08-01,TPEx,6576,逸達,72.90,73.20,72.10,73.00,-0.40,281835,20518962,167
2025-08-01,TPEx,6577,勁豐,74.80,75.30,73.80,75.30,+0.50,76746,5725957,107
2025-08-01,TPEx,6578,達邦蛋白,23.00,23.15,22.80,23.05,+0.05,301309,6934019,222
2025-08-01,TPEx,6584,南俊國際,205.50,216.50,204.50,211.50,+0.50,1402138,296392496,2918
2025-08-01,TPEx,6588,東典光電,29.00,29.20,29.00,29.00,+0.25,25238,733753,64
2025-08-01,TPEx,6590,普鴻,79.50,80.00,79.30,79.30,-0.50,33730,2684405,28
2025-08-01,TPEx,6593,台灣銘板,56.80,58.30,55.60,57.50,+0.30,312957,17968504,316
2025-08-01,TPEx,6596,寬宏藝術,134.50,135.50,132.50,135.50,+1.50,417531,56042804,566
2025-08-01,TPEx,6597,立誠,78.00,79.60,78.00,79.00,-0.80,77070,6100413,47
2025-08-01,TPEx,6603,富強鑫,15.50,15.80,15.25,15.80,+0.25,191587,2993386,126
2025-08-01,TPEx,6609,瀧澤科,40.60,43.75,39.10,42.60,+1.45,477753,20288795,464
2025-08-01,TPEx,6612,奈米醫材,114.00,114.00,114.00,114.00,0.00,10546,1202259,29
2025-08-01,TPEx,6613,朋億*,173.00,179.00,173.00,178.00,+5.50,197685,34878046,244
2025-08-01,TPEx,6615,慧智,30.50,30.60,30.30,30.60,0.00,5000,152400,5
2025-08-01,TPEx,6616,特昇-KY,9.56,9.64,9.54,9.60,-0.02,21040,201744,16
2025-08-01,TPEx,6617,共信-KY,99.20,99.70,97.00,99.70,-0.20,88970,8777743,152
2025-08-01,TPEx,6624,萬年清,34.50,34.50,33.10,34.00,+1.00,5394,180810,11
2025-08-01,TPEx,6629,泰金-KY,76.30,79.20,75.60,79.20,+4.30,62937,4899032,194
2025-08-01,TPEx,6637,醫影,95.80,98.50,95.10,98.50,+1.70,226707,22042930,351
2025-08-01,TPEx,6640,均華,650.00,662.00,634.00,645.00,-10.00,219856,142891399,662
2025-08-01,TPEx,6642,富致,55.60,59.70,55.60,59.50,+2.70,110475,6346188,145
2025-08-01,TPEx,6643,M31,488.00,510.00,483.50,507.00,+9.00,569939,286099877,1445
2025-08-01,TPEx,6649,台生材,40.95,41.15,40.90,41.00,0.00,140339,5754594,98
2025-08-01,TPEx,6651,全宇昕,75.50,77.60,75.30,77.20,+0.50,74074,5691110,65
2025-08-01,TPEx,6654,天正國際,72.50,73.00,72.30,72.40,-0.50,100108,7261764,50
2025-08-01,TPEx,6661,威健生技,,,,,,0,0,0
2025-08-01,TPEx,6662,樂斯科,,,,,,0,0,0
2025-08-01,TPEx,6664,群翊,212.00,224.50,207.00,221.50,+7.50,656504,144076148,797
2025-08-01,TPEx,6667,信紘科,233.00,256.50,232.00,249.00,+11.00,2914760,724976664,3482
2025-08-01,TPEx,6679,鈺太,203.50,208.50,197.00,207.00,+1.00,116587,23871494,255
2025-08-01,TPEx,6680,鑫創電子,70.10,70.10,70.10,70.10,-0.40,1600,112059,7
2025-08-01,TPEx,6683,雍智科技,356.00,371.50,356.00,367.50,+3.50,324872,118909895,661
2025-08-01,TPEx,6684,安格,54.10,55.50,53.00,54.50,-0.50,341100,18590840,341
2025-08-01,TPEx,6690,安碁資訊,171.50,176.00,171.00,175.00,+3.00,81502,14193728,1056
2025-08-01,TPEx,6692,進能服,34.45,34.45,33.85,33.85,+0.15,21478,731013,38
2025-08-01,TPEx,6693,廣閎科,57.00,58.00,56.40,56.80,-0.70,203262,11646959,124
2025-08-01,TPEx,6697,東捷資訊,43.55,44.90,43.55,44.35,-0.55,15000,666400,15
2025-08-01,TPEx,6703,軒郁,118.00,119.00,117.00,118.00,+0.50,28056,3300998,134
2025-08-01,TPEx,6708,天擎,44.70,45.10,44.65,45.10,-0.25,11685,523196,49
2025-08-01,TPEx,6712,長聖,152.00,154.00,151.00,153.00,+0.50,140658,21541505,325
2025-08-01,TPEx,6716,應廣,46.50,47.30,46.10,47.00,+0.50,41201,1925266,50
2025-08-01,TPEx,6720,久昌,126.50,138.00,126.50,135.50,+10.00,212954,28895308,264
2025-08-01,TPEx,6721,信實,,,,,,42,2468,3
2025-08-01,TPEx,6727,亞泰金屬,74.20,81.00,73.70,80.60,+4.80,441194,34571417,648
2025-08-01,TPEx,6728,上洋,158.00,159.50,156.00,159.50,+1.50,39080,6190150,190
2025-08-01,TPEx,6732,昇佳電子,171.50,176.50,170.00,176.50,+2.00,110835,19230738,169
2025-08-01,TPEx,6733,博晟生醫,28.70,29.50,28.50,29.50,+0.25,127409,3676488,105
2025-08-01,TPEx,6735,美達科技,46.65,48.25,46.50,48.00,+0.25,29767,1409318,121
2025-08-01,TPEx,6739,竹陞科技,406.00,423.50,404.50,420.00,0.00,381987,159661297,842
2025-08-01,TPEx,6741,91APP*-KY,81.60,84.60,81.40,84.40,+2.20,306544,25635906,513
2025-08-01,TPEx,6747,亨泰光,193.50,193.50,193.50,193.50,0.00,17689,3422815,43
2025-08-01,TPEx,6751,智聯服務,44.00,44.00,43.65,43.65,-0.35,2008,88010,3
2025-08-01,TPEx,6752,叡揚,141.00,146.50,141.00,145.50,+1.50,106221,15417325,125
2025-08-01,TPEx,6761,穩得,88.90,91.50,88.20,91.40,+1.60,140271,12729377,273
2025-08-01,TPEx,6762,達亞,225.00,232.50,225.00,232.50,+2.50,2163,494908,6
2025-08-01,TPEx,6763,綠界科技*,59.40,61.80,59.20,61.60,+1.20,671522,40978812,747
2025-08-01,TPEx,6767,台微醫,28.45,28.50,28.45,28.50,-0.55,16040,456951,11
2025-08-01,TPEx,6785,昱展新藥,151.00,151.00,146.50,148.00,+2.00,62782,9305056,257
2025-08-01,TPEx,6788,華景電,256.50,277.00,252.50,273.50,+14.00,3667669,995900543,4286
2025-08-01,TPEx,6791,虎門科技,98.50,102.00,98.50,101.50,-1.00,12304,1235997,52
2025-08-01,TPEx,6803,崑鼎,291.50,295.00,291.00,295.00,+3.00,79986,23542360,263
2025-08-01,TPEx,6804,明係,23.50,23.50,23.00,23.50,0.00,22563,526674,19
2025-08-01,TPEx,6811,宏碁資訊,234.00,240.00,232.00,238.50,+4.00,137629,32658398,201
2025-08-01,TPEx,6821,聯寶,39.30,41.00,39.30,40.10,+1.00,222859,8890999,172
2025-08-01,TPEx,6823,濾能,50.90,52.50,47.00,47.55,-1.05,463421,22971190,389
2025-08-01,TPEx,6829,千附精密,114.00,115.50,113.00,115.50,+1.50,208080,23856414,233
2025-08-01,TPEx,6840,東研信超,51.40,51.40,50.20,51.30,-0.20,25620,1304381,25
2025-08-01,TPEx,6841,長佳智能,61.40,62.90,61.20,62.60,+0.90,129587,8079368,160
2025-08-01,TPEx,6843,進典,59.30,59.90,59.30,59.80,+0.50,21020,1254136,13
2025-08-01,TPEx,6844,諾貝兒,99.50,99.60,97.00,99.60,0.00,11327,1121486,28
2025-08-01,TPEx,6846,綠茵,74.50,74.50,73.80,73.80,+0.30,3017,223856,5
2025-08-01,TPEx,6855,數泓科,136.50,139.50,136.50,139.50,+3.00,14073,1949961,28
2025-08-01,TPEx,6856,鑫傳,,,,,,0,0,0
2025-08-01,TPEx,6859,伯特光,130.50,131.50,128.50,131.50,+1.50,241007,31415566,228
2025-08-01,TPEx,6865,偉康科技,56.00,56.90,55.80,56.60,+0.60,15035,847260,18
2025-08-01,TPEx,6870,騰雲,200.50,205.00,200.00,201.00,-0.50,59370,11997273,349
2025-08-01,TPEx,6872,浩宇生醫,19.65,19.85,19.65,19.70,+0.05,35268,695553,29
2025-08-01,TPEx,6874,倍力,86.90,87.00,86.90,87.00,+0.50,3178,276466,12
2025-08-01,TPEx,6875,國邑*,37.45,38.50,37.00,38.50,+1.00,87163,3276380,92
2025-08-01,TPEx,6877,鏵友益,92.00,100.00,90.60,97.40,+4.60,2283208,220939042,2824
2025-08-01,TPEx,6881,潤德,,,,,,18,4148,4
2025-08-01,TPEx,6894,衛司特,188.00,204.50,188.00,204.50,+18.50,157000,31353552,272
2025-08-01,TPEx,6895,宏碩系統,168.50,175.50,166.50,175.50,+1.00,173147,29902739,192
2025-08-01,TPEx,6899,創為精密,50.00,50.30,50.00,50.30,+0.30,14000,700800,10
2025-08-01,TPEx,6903,巨漢,99.00,102.00,99.00,100.50,+1.00,47052,4712901,57
2025-08-01,TPEx,6904,伯鑫,120.00,120.00,120.00,120.00,+2.50,1197,143246,6
2025-08-01,TPEx,6913,鴻呈,109.00,114.00,109.00,113.50,+1.00,96199,10813215,306
2025-08-01,TPEx,6922,宸曜,179.50,187.00,179.00,186.00,+2.50,87797,16282137,124
2025-08-01,TPEx,6925,意藍,150.50,167.00,148.50,158.50,+3.50,2193514,354526348,3975
2025-08-01,TPEx,6929,佑全,31.85,31.90,31.65,31.90,+0.25,5100,162300,10
2025-08-01,TPEx,6953,家碩,157.50,157.50,156.00,157.50,0.00,4356,684581,20
2025-08-01,TPEx,6967,汎瑋材料,48.25,50.00,48.25,49.20,-0.80,16000,780550,15
2025-08-01,TPEx,6968,萬達寵物,63.00,63.20,62.80,63.00,-0.20,15915,1002989,24
2025-08-01,TPEx,6982,大井泵浦,60.50,63.20,60.50,63.10,+1.10,163036,10172935,179
2025-08-01,TPEx,6996,力領科技,135.50,147.50,134.50,145.00,+8.00,208424,29865230,309
2025-08-01,TPEx,6997,博弘,108.00,108.00,108.00,108.00,+1.00,1021,110328,4
2025-08-01,TPEx,7402,邑錡,93.60,95.50,93.30,93.70,-1.10,1314182,123618725,1274
2025-08-01,TPEx,7547,碩網,105.00,115.00,104.00,109.50,-2.00,573922,63363061,913
2025-08-01,TPEx,7556,意德士,171.00,177.50,171.00,175.50,+4.50,57771,10113090,429
2025-08-01,TPEx,7584,樂意,58.80,58.80,58.80,58.80,+0.20,2281,134107,8
2025-08-01,TPEx,7642,昶瑞機電,115.50,119.00,112.50,112.50,-7.00,960678,110500044,2078
2025-08-01,TPEx,7703,銳澤,167.00,171.50,163.50,166.00,+4.50,588759,98506415,1413
2025-08-01,TPEx,7704,明遠精密,49.70,50.30,49.70,50.10,+0.10,22072,1104700,21
2025-08-01,TPEx,7708,全家餐飲,95.00,95.00,94.50,94.50,-0.80,15899,1504865,26
2025-08-01,TPEx,7709,榮田,39.10,39.50,39.10,39.50,+0.20,11094,437433,14
2025-08-01,TPEx,7712,博盛半導體,110.00,112.50,110.00,112.00,+0.50,9066,1013924,13
2025-08-01,TPEx,7713,威力德生醫,64.90,65.70,64.90,65.50,+0.60,36567,2392781,42
2025-08-01,TPEx,7714,創泓科技,93.80,99.00,93.60,97.80,+1.10,22577,2183077,36
2025-08-01,TPEx,7715,裕山,40.00,40.15,39.90,40.15,+0.05,42410,1697636,33
2025-08-01,TPEx,7718,友鋮,44.15,44.90,44.15,44.90,+0.60,17012,758934,14
2025-08-01,TPEx,7723,築間,44.20,44.55,43.85,43.95,-0.25,87887,3874424,119
2025-08-01,TPEx,7728,光焱科技,285.50,298.50,285.50,294.00,+2.50,70172,20648717,117
2025-08-01,TPEx,7734,印能科技,1010.00,1025.00,1000.00,1020.00,+5.00,61784,62917290,452
2025-08-01,TPEx,7743,金利食安,26.25,26.30,26.20,26.20,-0.05,22538,591583,14
2025-08-01,TPEx,7747,昕奇雲端,139.00,141.00,137.50,140.00,-1.50,160540,22332670,336
2025-08-01,TPEx,8024,佑華,13.40,13.40,13.20,13.35,-0.05,66520,879663,36
2025-08-01,TPEx,8027,鈦昇,79.60,81.50,77.40,81.40,+1.30,703252,56265650,666
2025-08-01,TPEx,8032,光菱,48.40,52.20,47.70,50.40,+1.55,6376025,320579270,4984
2025-08-01,TPEx,8034,榮群,17.80,18.30,17.55,18.25,+0.25,218954,3968389,134
2025-08-01,TPEx,8038,長園科,38.30,41.20,38.20,40.50,+1.90,1804205,72373431,1167
2025-08-01,TPEx,8040,九暘,59.10,59.10,57.40,58.00,0.00,60444,3508805,84
2025-08-01,TPEx,8042,金山電,29.10,29.95,29.10,29.90,+0.55,66342,1972917,95
2025-08-01,TPEx,8043,蜜望實,25.65,26.45,24.80,26.10,+0.60,462491,11933493,349
2025-08-01,TPEx,8044,網家,32.55,33.35,32.05,33.20,+0.50,153318,5038206,148
2025-08-01,TPEx,8047,星雲,13.60,13.75,13.50,13.65,0.00,53018,723794,32
2025-08-01,TPEx,8048,德勝,39.30,40.40,39.20,40.30,+0.95,184861,7409331,178
2025-08-01,TPEx,8049,晶采,27.00,27.20,26.95,27.00,-0.10,86852,2347511,96
2025-08-01,TPEx,8050,廣積,53.50,54.10,52.40,54.00,+0.20,378212,20295901,363
2025-08-01,TPEx,8054,安國,108.00,112.50,107.50,111.50,+1.00,2153843,239219161,1764
2025-08-01,TPEx,8059,凱碩,29.55,31.70,29.55,31.60,+1.40,600543,18761299,437
2025-08-01,TPEx,8064,東捷,37.00,38.10,36.25,37.90,+0.25,1135023,42636600,923
2025-08-01,TPEx,8066,來思達,21.30,21.35,21.00,21.35,+0.05,12366,261821,48
2025-08-01,TPEx,8067,志旭,13.50,13.70,13.35,13.35,+0.30,6007,81293,7
2025-08-01,TPEx,8068,全達,18.60,19.15,18.35,18.70,-0.05,126112,2369333,88
2025-08-01,TPEx,8069,元太,205.00,212.00,202.00,211.00,+5.00,5169416,1080077043,4436
2025-08-01,TPEx,8071,能率網通,17.15,18.35,17.00,17.85,+0.50,2023935,36237082,1192
2025-08-01,TPEx,8074,鉅橡,25.20,28.00,25.10,27.45,+1.80,8577776,232808072,5351
2025-08-01,TPEx,8076,伍豐,25.10,25.80,24.90,25.70,+0.35,281200,7128428,207
2025-08-01,TPEx,8077,洛碁,,,,,,0,0,0
2025-08-01,TPEx,8080,泰霖,29.75,29.75,29.60,29.60,+0.35,4002,118658,6
2025-08-01,TPEx,8083,瑞穎,151.50,151.50,150.50,151.50,0.00,17156,2592207,22
2025-08-01,TPEx,8084,巨虹,36.35,37.70,36.25,37.70,+1.25,98782,3668378,116
2025-08-01,TPEx,8085,福華,17.85,18.45,17.30,18.35,+0.60,426236,7630062,329
2025-08-01,TPEx,8086,宏捷科,94.30,104.00,93.40,102.50,+6.70,11728564,1179287246,12063
2025-08-01,TPEx,8087,麗升能源,39.00,40.10,39.00,40.10,+0.50,15011,589642,21
2025-08-01,TPEx,8088,品安,30.00,30.80,29.30,30.30,-0.20,559879,16925809,687
2025-08-01,TPEx,8089,康全電訊,41.35,42.90,41.00,42.90,+1.30,289923,12292925,296
2025-08-01,TPEx,8091,翔名,101.00,102.50,100.00,102.50,+1.50,61595,6262438,83
2025-08-01,TPEx,8092,建暐,18.40,18.60,18.20,18.20,-0.80,84173,1545987,80
2025-08-01,TPEx,8093,保銳,16.20,16.65,16.20,16.50,+0.15,44306,731055,24
2025-08-01,TPEx,8096,擎亞,41.10,42.70,40.70,42.70,+0.90,1956527,82171266,1491
2025-08-01,TPEx,8097,常珵,70.10,73.40,70.00,72.60,+2.40,305769,22070363,288
2025-08-01,TPEx,8099,大世科,78.00,78.00,76.00,76.90,-0.20,90708,6961674,151
2025-08-01,TPEx,8107,大億金茂,15.75,15.90,15.60,15.85,+0.25,55437,874897,62
2025-08-01,TPEx,8109,博大,83.00,83.10,82.60,82.70,0.00,21459,1777407,47
2025-08-01,TPEx,8111,立碁,49.30,50.50,48.95,50.30,+0.40,2634290,131287685,2100
2025-08-01,TPEx,8121,越峰,18.15,18.80,17.95,18.75,+0.35,184673,3377569,116
2025-08-01,TPEx,8147,正淩,98.50,103.00,98.50,103.00,+2.50,105313,10648033,116
2025-08-01,TPEx,8155,博智,125.00,132.00,123.00,129.50,+2.00,1555222,199153854,1577
2025-08-01,TPEx,8171,天宇,30.30,31.95,30.30,31.60,+0.85,212619,6701858,192
2025-08-01,TPEx,8176,智捷,10.20,10.40,10.10,10.25,+0.10,150057,1538642,190
2025-08-01,TPEx,8182,加高,26.75,27.10,26.70,27.10,+0.40,39118,1051634,37
2025-08-01,TPEx,8183,精星,26.00,26.85,25.55,26.70,+0.65,246140,6483409,260
2025-08-01,TPEx,8227,巨有科技,150.00,159.00,148.50,157.50,+3.50,429912,67016442,541
2025-08-01,TPEx,8234,新漢,107.00,112.50,107.00,108.50,-1.00,20467020,2251179858,13393
2025-08-01,TPEx,8240,華宏,37.10,38.85,36.65,36.75,-1.65,1600233,60126017,1275
2025-08-01,TPEx,8255,朋程,130.50,134.50,129.00,133.50,+2.00,318300,42327805,435
2025-08-01,TPEx,8272,全景軟體,81.30,82.50,81.30,82.50,+1.30,14980,1227389,62
2025-08-01,TPEx,8277,商丞,9.79,9.93,9.58,9.90,+0.11,204463,1986333,216
2025-08-01,TPEx,8279,生展,116.50,121.50,116.50,120.50,+3.50,61270,7345861,70
2025-08-01,TPEx,8284,三竹,68.00,68.50,68.00,68.40,-0.10,7167,489669,12
2025-08-01,TPEx,8289,泰藝,19.50,19.85,19.50,19.85,0.00,12061,238178,22
2025-08-01,TPEx,8299,群聯,521.00,530.00,518.00,525.00,-5.00,1524807,799606254,2178
2025-08-01,TPEx,8342,益張,77.20,77.20,77.20,77.20,+0.20,1000,77200,1
2025-08-01,TPEx,8349,恒耀,52.00,52.80,52.00,52.80,+0.30,64078,3362481,88
2025-08-01,TPEx,8349A,恒耀甲特,47.00,47.10,47.00,47.10,-0.20,6000,282300,4
2025-08-01,TPEx,8354,冠好,14.95,15.00,14.80,14.95,0.00,10210,152032,28
2025-08-01,TPEx,8358,金居,114.50,119.50,112.50,113.00,-5.50,72536144,8396210339,40758
2025-08-01,TPEx,8383,千附,40.10,40.90,40.00,40.65,+0.10,219796,8932506,197
2025-08-01,TPEx,8390,金益鼎,61.00,62.00,60.60,61.30,+0.30,238633,14626008,275
2025-08-01,TPEx,8401,白紗科,26.70,26.85,26.65,26.85,+0.25,37060,989555,26
2025-08-01,TPEx,8403,盛弘,27.05,27.05,26.90,26.95,-0.10,71617,1932359,148
2025-08-01,TPEx,8409,商之器,22.60,22.60,22.20,22.20,-0.40,13481,300644,22
2025-08-01,TPEx,8410,森田,45.95,47.85,45.45,47.10,+1.10,243755,11458978,190
2025-08-01,TPEx,8415,大國鋼,34.90,35.35,34.60,34.70,-0.20,733473,25619549,415
2025-08-01,TPEx,8416,實威,160.00,160.50,160.00,160.50,+0.50,2299,368671,27
2025-08-01,TPEx,8421,旭源,14.00,14.05,13.95,14.05,+0.05,47860,669756,62
2025-08-01,TPEx,8423,保綠-KY,18.85,18.95,18.85,18.95,+0.05,12091,228658,44
2025-08-01,TPEx,8424,惠普,73.00,73.10,73.00,73.00,0.00,22073,1612635,25
2025-08-01,TPEx,8426,紅木-KY,30.70,31.00,30.70,30.90,+0.05,9035,278972,12
2025-08-01,TPEx,8431,匯鑽科,41.75,45.95,41.55,45.70,+3.90,4075431,183835199,3535
2025-08-01,TPEx,8432,東生華,47.25,47.60,47.15,47.60,+0.55,22061,1044626,21
2025-08-01,TPEx,8433,弘帆,61.00,62.30,61.00,62.20,+1.40,31383,1945721,96
2025-08-01,TPEx,8435,鉅邁,65.40,65.40,65.00,65.00,-0.50,16616,1083249,46
2025-08-01,TPEx,8436,大江,130.00,136.00,129.00,135.50,+5.00,987470,132424010,1137
2025-08-01,TPEx,8437,大地-KY,19.80,19.80,19.15,19.60,-0.35,157870,3062797,355
2025-08-01,TPEx,8440,綠電,29.05,29.90,29.00,29.65,+0.35,106165,3127928,156
2025-08-01,TPEx,8444,綠河-KY,14.50,14.80,14.50,14.80,+0.30,4029,59194,11
2025-08-01,TPEx,8446,華研,97.20,98.70,96.80,98.40,+0.50,70936,6946981,93
2025-08-01,TPEx,8450,霹靂,19.05,19.40,19.00,19.10,-0.05,111954,2136646,108
2025-08-01,TPEx,8455,大拓-KY,21.10,21.65,20.45,21.65,+0.80,12000,255200,7
2025-08-01,TPEx,8472,夠麻吉,55.40,60.50,55.40,60.50,+5.50,330666,19721407,288
2025-08-01,TPEx,8477,創業家,11.95,12.35,11.75,12.35,0.00,18037,217682,24
2025-08-01,TPEx,8489,三貝德,39.70,42.35,39.50,41.95,+2.35,277190,11478170,403
2025-08-01,TPEx,8905,裕國,29.60,29.60,29.60,29.60,-0.20,1139,33852,12
2025-08-01,TPEx,8906,花王,33.50,33.60,33.40,33.40,-0.10,14062,470675,19
2025-08-01,TPEx,8908,欣雄,42.30,42.35,41.90,42.05,0.00,13512,570592,25
2025-08-01,TPEx,8916,光隆,47.30,47.45,46.50,47.45,+0.05,174135,8192286,180
2025-08-01,TPEx,8917,欣泰,59.90,60.80,59.90,60.60,+0.90,17138,1035351,16
2025-08-01,TPEx,8921,沈氏,17.90,17.90,17.90,17.90,+0.05,2480,44104,5
2025-08-01,TPEx,8923,時報,19.65,20.00,19.65,19.75,-0.25,3181,63068,13
2025-08-01,TPEx,8924,大田,51.90,52.00,50.70,50.70,-1.60,465053,23728074,2515
2025-08-01,TPEx,8927,北基,41.60,41.60,41.00,41.20,-0.40,187201,7719269,216
2025-08-01,TPEx,8928,鉅明,29.20,29.25,29.00,29.20,0.00,65200,1899515,41
2025-08-01,TPEx,8929,富堡,16.95,17.30,16.95,17.20,+0.35,24726,423885,46
2025-08-01,TPEx,8930,青鋼,30.30,30.55,30.25,30.30,0.00,151409,4590046,141
2025-08-01,TPEx,8931,大汽電,51.00,51.70,51.00,51.60,+0.10,22526,1157852,40
2025-08-01,TPEx,8932,智通*,163.00,169.00,162.50,166.50,+1.00,5935353,985402298,4154
2025-08-01,TPEx,8933,愛地雅,6.40,6.41,6.30,6.41,-0.05,101513,648062,129
2025-08-01,TPEx,8935,邦泰,15.25,15.25,14.50,14.55,-0.95,306653,4485255,215
2025-08-01,TPEx,8936,國統,50.50,51.10,50.10,50.90,+0.20,623047,31697894,504
2025-08-01,TPEx,8937,合騏,153.00,154.50,150.00,152.00,-2.00,242358,36932089,241
2025-08-01,TPEx,8938,明安,64.00,65.00,63.60,64.30,0.00,108420,6999349,99
2025-08-01,TPEx,8941,關中,53.00,53.00,53.00,53.00,0.00,1040,55115,3
2025-08-01,TPEx,8942,森鉅,44.50,45.75,44.00,45.65,+0.85,218292,9863395,171
2025-08-01,TPEx,9949,琉園,16.05,17.50,16.05,17.20,0.00,32741,539683,70
2025-08-01,TPEx,9950,萬國通,11.80,11.85,11.65,11.85,0.00,26003,305889,18
2025-08-01,TPEx,9951,皇田,58.60,59.00,58.40,58.70,-0.10,69025,4060523,260
2025-08-01,TPEx,9960,邁達康,24.20,24.20,24.10,24.20,-0.10,26349,635555,28
2025-08-01,TPEx,9962,有益,11.90,12.25,11.65,11.70,-0.20,178544,2119926,88
