date,market,code,name,open,high,low,close,change,volume,value,transactions
2022-11-16,TWSE,0050,元大台灣50,115.00,115.75,113.85,114.50,-0.20,24251504,2780841398,22139
2022-11-16,TWSE,0051,元大中型100,54.10,54.10,51.50,51.70,0.00,90270,4695114,241
2022-11-16,TWSE,0052,富邦科技,99.20,99.40,97.50,98.50,0.45,621877,61298553,748
2022-11-16,TWSE,0053,元大電子,55.50,55.50,54.75,55.05,0.00,10307,566684,880
2022-11-16,TWSE,0055,元大MSCI金融,21.52,21.52,21.24,21.32,0.00,496730,10607998,698
2022-11-16,TWSE,0056,元大高股息,25.60,25.64,25.38,25.53,-0.02,39756523,1014917274,20556
2022-11-16,TWSE,0057,富邦摩台,82.20,82.25,81.55,81.75,0.10,6904,565042,888
2022-11-16,TWSE,0061,元大寶滬深,18.25,18.35,18.16,18.16,-0.09,82727,1504987,1009
2022-11-16,TWSE,006203,元大MSCI台灣,56.20,56.20,55.60,55.60,0.10,8554,476420,752
2022-11-16,TWSE,006204,永豐臺灣加權,72.95,72.95,72.20,72.30,-0.15,42522,3084703,875
2022-11-16,TWSE,006205,富邦上証,30.93,30.94,30.61,30.65,-0.13,897259,27538368,475
2022-11-16,TWSE,006206,元大上證50,29.24,29.24,29.00,29.14,-0.06,109583,3191268,905
2022-11-16,TWSE,006207,復華滬深,24.20,24.20,23.95,24.01,-0.17,195010,4686402,77
2022-11-16,TWSE,006208,富邦台50,65.45,65.55,64.35,64.70,0.00,7494297,486218260,7785
2022-11-16,TWSE,00625K,富邦上証+R,,,,,0.00,0,0,0
2022-11-16,TWSE,00631L,元大台灣50正2,98.25,98.70,96.30,97.80,0.05,14214968,1389557702,4171
2022-11-16,TWSE,00632R,元大台灣50反1,5.82,5.86,5.78,5.81,-0.01,402685061,2340879029,17793
2022-11-16,TWSE,00633L,富邦上証正2,36.87,36.99,36.18,36.41,-0.28,8943693,326881970,1337
2022-11-16,TWSE,00634R,富邦上証反1,4.70,4.75,4.70,4.73,0.02,229000,1082020,62
2022-11-16,TWSE,00635U,期元大S&P黃金,23.11,23.14,23.05,23.11,0.03,357096,8248491,133
2022-11-16,TWSE,00636,國泰中國A50,20.45,20.45,20.25,20.30,-0.14,838897,17063614,725
2022-11-16,TWSE,00636K,國泰中國A50+U,6.51,6.51,6.51,6.51,-0.04,200,1302,2
2022-11-16,TWSE,00637L,元大滬深300正2,14.53,14.55,14.23,14.30,-0.13,63502337,913859392,6657
2022-11-16,TWSE,00638R,元大滬深300反1,10.03,10.12,10.03,10.10,0.05,184100,1855555,54
2022-11-16,TWSE,00639,富邦深100,12.60,12.60,12.39,12.41,-0.09,517767,6450873,823
2022-11-16,TWSE,00640L,富邦日本正2,28.56,29.01,28.56,29.01,0.02,270100,7782235,44
2022-11-16,TWSE,00641R,富邦日本反1,9.66,9.68,9.61,9.61,0.03,336000,3243640,62
2022-11-16,TWSE,00642U,期元大S&P石油,18.56,18.59,18.40,18.48,0.22,1480848,27412260,490
2022-11-16,TWSE,00643,群益深証中小,15.29,15.29,15.07,15.10,-0.13,237571,3600543,1043
2022-11-16,TWSE,00643K,群益深証中小+R,,,,,0.00,0,0,0
2022-11-16,TWSE,00645,富邦日本,26.04,26.18,26.03,26.15,-0.01,57987,1513709,428
2022-11-16,TWSE,00646,元大S&P500,38.25,38.45,38.15,38.44,0.19,862121,33034946,861
2022-11-16,TWSE,00647L,元大S&P500正2,54.05,54.70,54.05,54.65,0.35,553321,30014920,120
2022-11-16,TWSE,00648R,元大S&P500反1,7.36,7.36,7.32,7.33,-0.01,1650500,12125335,203
2022-11-16,TWSE,00650L,復華香港正2,12.08,12.22,11.73,11.87,-0.20,13826967,165090979,1760
2022-11-16,TWSE,00651R,復華香港反1,9.35,9.41,9.24,9.37,0.09,2484000,23195750,246
2022-11-16,TWSE,00652,富邦印度,30.94,31.04,30.88,31.03,0.09,129353,4008886,167
2022-11-16,TWSE,00653L,富邦印度正2,48.20,48.40,47.83,48.40,0.72,308200,14834767,90
2022-11-16,TWSE,00654R,富邦印度反1,7.76,7.78,7.74,7.74,-0.03,273000,2118350,65
2022-11-16,TWSE,00655L,國泰中國A50正2,25.93,26.15,25.55,25.72,-0.21,2605901,67284624,528
2022-11-16,TWSE,00656R,國泰中國A50反1,8.89,8.99,8.89,8.96,0.00,573000,5122570,40
2022-11-16,TWSE,00657,國泰日經225,32.78,32.83,32.78,32.78,-0.13,3865,125945,855
2022-11-16,TWSE,00657K,國泰日經225+U,10.53,10.53,10.53,10.53,-0.05,200,2106,2
2022-11-16,TWSE,00660,元大歐洲50,28.40,28.58,28.40,28.58,-0.10,8004,226726,1001
2022-11-16,TWSE,00661,元大日經225,35.62,35.62,35.62,35.62,0.00,1004,35762,2
2022-11-16,TWSE,00662,富邦NASDAQ,47.20,47.70,47.20,47.66,0.47,905689,42989885,645
2022-11-16,TWSE,00663L,國泰臺灣加權正2,90.25,90.35,88.75,89.85,0.15,275358,24731780,37
2022-11-16,TWSE,00664R,國泰臺灣加權反1,6.57,6.63,6.55,6.57,-0.02,22779813,149812949,920
2022-11-16,TWSE,00665L,富邦恒生國企正2,7.75,7.87,7.47,7.56,-0.21,18939575,145141911,2091
2022-11-16,TWSE,00666R,富邦恒生國企反1,16.14,16.41,16.04,16.38,0.24,550000,8953250,114
2022-11-16,TWSE,00668,國泰美國道瓊,37.83,37.96,37.75,37.95,0.04,30679,1161276,348
2022-11-16,TWSE,00668K,國泰美國道瓊+U,12.18,12.18,12.18,12.18,-0.02,200,2436,2
2022-11-16,TWSE,00669R,國泰美國道瓊反1,8.01,8.02,7.98,7.99,0.02,14017400,112201789,1013
2022-11-16,TWSE,00670L,富邦NASDAQ正2,57.65,58.45,57.60,58.40,0.80,7760375,449497375,1810
2022-11-16,TWSE,00671R,富邦NASDAQ反1,6.17,6.18,6.14,6.15,-0.03,15369996,94718697,960
2022-11-16,TWSE,00673R,期元大S&P原油反1,8.18,8.25,8.16,8.23,-0.08,14173536,116286712,1355
2022-11-16,TWSE,00674R,期元大S&P黃金反1,13.22,13.29,13.22,13.24,-0.01,1061000,14057440,171
2022-11-16,TWSE,00675L,富邦臺灣加權正2,39.21,39.39,38.50,39.11,0.10,4338293,169651865,871
2022-11-16,TWSE,00676R,富邦臺灣加權反1,3.61,3.64,3.59,3.62,0.00,9941957,35947605,761
2022-11-16,TWSE,00678,群益那斯達克生技,26.82,26.91,26.79,26.88,0.08,146371,3933754,663
2022-11-16,TWSE,00680L,元大美債20正2,10.99,11.07,10.86,10.87,0.21,4936830,54248013,694
2022-11-16,TWSE,00681R,元大美債20反1,19.15,19.26,19.07,19.26,-0.17,163001,3118939,51
2022-11-16,TWSE,00682U,期元大美元指數,21.19,21.25,21.16,21.18,-0.08,375426,7963211,173
2022-11-16,TWSE,00683L,期元大美元指正2,23.05,23.05,22.83,22.88,-0.17,3602643,82650497,813
2022-11-16,TWSE,00684R,期元大美元指反1,15.68,15.74,15.68,15.71,0.05,50000,785510,16
2022-11-16,TWSE,00685L,群益臺灣加權正2,34.92,34.96,34.11,34.47,-0.15,623300,21579686,146
2022-11-16,TWSE,00686R,群益臺灣加權反1,3.93,3.96,3.92,3.93,-0.01,475000,1868500,58
2022-11-16,TWSE,00688L,國泰20年美債正2,10.93,10.96,10.78,10.78,0.22,1379000,14981430,189
2022-11-16,TWSE,00689R,國泰20年美債反1,19.93,20.02,19.92,20.02,-0.22,116000,2315080,7
2022-11-16,TWSE,00690,兆豐藍籌30,28.47,28.53,28.10,28.16,-0.05,1294884,36623073,1340
2022-11-16,TWSE,00692,富邦公司治理,28.11,28.11,27.63,27.78,0.00,5221021,145274308,3265
2022-11-16,TWSE,00693U,期街口S&P黃豆,26.00,26.05,25.99,25.99,0.19,35200,915869,29
2022-11-16,TWSE,00700,富邦恒生國企,12.30,12.34,12.07,12.09,-0.13,305215,3706230,993
2022-11-16,TWSE,00701,國泰股利精選30,22.16,22.19,22.04,22.12,-0.04,1400911,30957362,1124
2022-11-16,TWSE,00702,國泰標普低波高息,22.00,22.00,21.92,22.00,0.11,145959,3207566,748
2022-11-16,TWSE,00703,台新MSCI中國,15.00,15.05,14.85,14.85,-0.14,40345,604263,15
2022-11-16,TWSE,00706L,期元大S&P日圓正2,9.40,9.41,9.31,9.37,0.06,2093536,19635982,263
2022-11-16,TWSE,00707R,期元大S&P日圓反1,24.90,25.03,24.85,24.96,-0.09,34000,849100,11
2022-11-16,TWSE,00708L,期元大S&P黃金正2,24.01,24.03,23.85,23.97,0.05,2750435,65945754,208
2022-11-16,TWSE,00709,富邦歐洲,22.21,22.40,22.20,22.40,-0.04,148972,3322542,952
2022-11-16,TWSE,00710B,復華彭博非投等債,18.14,18.17,18.13,18.14,0.08,245599,4457810,69
2022-11-16,TWSE,00711B,復華彭博新興債,15.59,15.64,15.59,15.60,0.22,120248,1877754,846
2022-11-16,TWSE,00712,復華富時不動產,10.70,10.79,10.70,10.75,0.05,1434135,15381279,867
2022-11-16,TWSE,00713,元大台灣高息低波,38.23,38.25,38.00,38.21,-0.01,2375044,90667346,1252
2022-11-16,TWSE,00714,群益道瓊美國地產,19.03,19.21,19.03,19.21,0.20,398888,7645467,228
2022-11-16,TWSE,00715L,期街口布蘭特正2,19.00,19.15,18.85,18.97,0.29,10606324,201372467,1762
2022-11-16,TWSE,00717,富邦美國特別股,14.97,15.00,14.97,14.99,0.15,791547,11856173,543
2022-11-16,TWSE,00728,第一金工業30,22.96,23.00,22.60,22.83,0.05,570668,13023727,456
2022-11-16,TWSE,00730,富邦臺灣優質高息,16.19,16.33,16.16,16.26,0.07,304549,4954250,373
2022-11-16,TWSE,00731,復華富時高息低波,56.35,56.35,55.75,55.90,-0.40,1713380,95951140,989
2022-11-16,TWSE,00732,國泰RMB短期報酬,40.52,40.52,40.52,40.52,-0.14,100000,4052000,4
2022-11-16,TWSE,00733,富邦臺灣中小,33.30,33.53,33.00,33.46,0.36,231380,7721577,291
2022-11-16,TWSE,00735,國泰臺韓科技,25.64,25.70,25.50,25.64,0.05,110942,2845598,781
2022-11-16,TWSE,00736,國泰新興市場,19.35,19.35,19.20,19.20,-0.04,102892,1978606,896
2022-11-16,TWSE,00737,國泰AI機器人,26.28,26.59,26.28,26.47,0.24,195138,5148253,388
2022-11-16,TWSE,00738U,期元大道瓊白銀,21.80,21.83,21.61,21.77,-0.52,498100,10815836,175
2022-11-16,TWSE,00739,元大MSCI A股,23.11,23.11,22.82,22.84,-0.06,42966,985084,762
2022-11-16,TWSE,00752,中信中國50,16.98,17.03,16.61,16.71,-0.18,2863910,48291564,732
2022-11-16,TWSE,00753L,中信中國50正2,10.10,10.12,9.69,9.75,-0.25,18571746,183889137,3504
2022-11-16,TWSE,00757,統一FANG+,35.74,35.94,35.55,35.86,0.41,657936,23541696,553
2022-11-16,TWSE,00762,元大全球AI,32.50,32.80,32.50,32.78,0.73,437533,14289218,343
2022-11-16,TWSE,00763U,期街口道瓊銅,24.50,24.50,24.34,24.44,-0.36,103000,2516160,35
2022-11-16,TWSE,00770,國泰北美科技,29.34,29.45,29.15,29.45,0.38,144915,4253963,693
2022-11-16,TWSE,00771,元大US高息特別股,16.50,16.50,16.41,16.48,0.00,493071,8107849,1099
2022-11-16,TWSE,00774B,新光中國政金綠債,40.60,40.64,40.20,40.64,0.04,6032,242732,1002
2022-11-16,TWSE,00774C,新光中政金綠債+R,,,,,0.00,0,0,0
2022-11-16,TWSE,00775B,台新投等債15+,33.01,33.01,32.95,32.95,0.58,51701,1702943,703
2022-11-16,TWSE,00783,富邦中証500,21.20,21.20,20.95,21.01,-0.11,91010,1912892,23
2022-11-16,TWSE,00830,國泰費城半導體,25.26,25.42,25.20,25.40,0.51,11465235,290127527,4103
2022-11-16,TWSE,00850,元大臺灣ESG永續,29.38,29.40,28.82,29.02,0.00,4144787,120385132,2204
2022-11-16,TWSE,00851,台新全球AI,24.22,24.30,24.22,24.30,0.55,31204,756502,842
2022-11-16,TWSE,00852L,國泰美國道瓊正2,19.82,20.03,19.81,20.00,-0.07,1009675,20074936,128
2022-11-16,TWSE,00861,元大全球未來通訊,27.22,27.40,27.22,27.38,0.31,315069,8606146,302
2022-11-16,TWSE,00865B,國泰US短期公債,40.40,40.60,40.40,40.59,0.11,164502,6667803,511
2022-11-16,TWSE,00875,國泰網路資安,26.65,26.76,26.60,26.76,0.33,364663,9731837,141
2022-11-16,TWSE,00876,元大全球5G,26.10,26.25,26.09,26.24,0.35,935820,24512389,512
2022-11-16,TWSE,00878,國泰永續高股息,16.55,16.56,16.41,16.42,0.00,85966069,1416197634,43845
2022-11-16,TWSE,00881,國泰台灣科技龍頭,14.41,14.46,14.20,14.36,0.03,18448444,264453054,4790
2022-11-16,TWSE,00882,中信中國高股息,11.34,11.34,11.15,11.20,-0.05,7421582,83395593,2156
2022-11-16,TWSE,00885,富邦越南,10.02,10.33,9.95,10.33,0.16,64532253,653361633,14404
2022-11-16,TWSE,00891,中信關鍵半導體,11.89,11.89,11.66,11.83,0.00,16286367,192098057,3799
2022-11-16,TWSE,00892,富邦台灣半導體,10.69,10.70,10.50,10.66,0.00,12051240,127938184,2614
2022-11-16,TWSE,00893,國泰智能電動車,12.44,12.49,12.41,12.47,0.07,18538632,230806109,3969
2022-11-16,TWSE,00894,中信小資高價30,12.03,12.04,11.86,12.02,0.00,2193667,26277195,547
2022-11-16,TWSE,00895,富邦未來車,13.56,13.65,13.53,13.64,0.12,4357870,59196762,987
2022-11-16,TWSE,00896,中信綠能及電動車,13.32,13.36,13.21,13.30,-0.02,3623675,48187547,774
2022-11-16,TWSE,00897,富邦基因免疫生技,9.48,9.52,9.45,9.52,-0.02,1133716,10754448,230
2022-11-16,TWSE,00898,國泰基因免疫革命,8.10,8.11,8.05,8.10,0.00,1250975,10116808,295
2022-11-16,TWSE,00899,FT潔淨能源,23.82,23.82,23.71,23.77,0.29,144524,3434894,156
2022-11-16,TWSE,00900,富邦特選高股息30,10.67,10.70,10.56,10.68,0.00,15248886,162315132,3700
2022-11-16,TWSE,00901,永豐智能車供應鏈,12.24,12.24,11.97,12.07,0.00,1510497,18278687,513
2022-11-16,TWSE,00902,中信電池及儲能,14.12,14.18,13.94,13.98,-0.30,5911799,82844208,1955
2022-11-16,TWSE,00903,富邦元宇宙,8.91,8.95,8.89,8.94,0.10,4239324,37819544,891
2022-11-16,TWSE,00904,台新臺灣半導體30,11.25,11.29,11.03,11.19,0.08,1412670,15786322,478
2022-11-16,TWSE,00905,FT臺灣Smart,8.75,8.76,8.58,8.64,0.01,1102012,9516490,336
2022-11-16,TWSE,00906,大華元宇宙科技50,9.10,9.19,9.08,9.08,0.11,27030,246052,13
2022-11-16,TWSE,00907,永豐優息存股,14.35,14.39,14.21,14.27,-0.10,1483708,21167625,549
2022-11-16,TWSE,00908,富邦入息REITs+,13.65,13.72,13.65,13.69,0.01,704331,9650302,126
2022-11-16,TWSE,00909,國泰數位支付服務,16.40,16.58,16.35,16.56,0.41,1913084,31458102,371
2022-11-16,TWSE,00910,第一金太空衛星,15.25,15.27,15.16,15.24,-0.01,138146,2105261,45
2022-11-16,TWSE,00911,兆豐洲際半導體,15.93,16.02,15.81,16.02,0.26,389142,6191906,137
2022-11-16,TWSE,00912,中信臺灣智慧50,14.05,14.16,13.94,14.10,0.07,1185984,16679135,303
2022-11-16,TWSE,00913,兆豐台灣晶圓製造,15.23,15.28,15.10,15.20,0.05,385369,5844185,83
2022-11-16,TWSE,00915,凱基優選高股息30,14.94,15.02,14.86,14.90,-0.04,1282252,19162194,381
2022-11-16,TWSE,00916,國泰全球品牌50,14.99,15.08,14.97,15.07,0.08,1672221,25151013,382
2022-11-16,TWSE,00917,中信特選金融,15.49,15.55,15.49,15.55,0.06,953862,14808967,289
2022-11-16,TWSE,00919,群益台灣精選高息,16.49,16.64,16.41,16.55,0.09,8631514,142908192,1402
2022-11-16,TWSE,00920,富邦ESG綠色電力,17.07,17.21,17.07,17.19,0.16,2049015,35160685,119
2022-11-16,TWSE,01001T,土銀富邦R1,,,,,0.00,52,932,3
2022-11-16,TWSE,01002T,土銀國泰R1,17.99,18.00,17.98,18.00,0.00,87000,1565170,19
2022-11-16,TWSE,01003T,兆豐新光R1,20.43,20.85,20.43,20.85,0.00,26210,541467,12
2022-11-16,TWSE,01004T,土銀富邦R2,15.71,15.78,15.71,15.78,0.00,24000,377250,5
2022-11-16,TWSE,01007T,兆豐國泰R2,18.59,18.59,18.58,18.58,0.00,155000,2880420,17
2022-11-16,TWSE,01009T,王道圓滿R1,,,,,0.00,0,0,0
2022-11-16,TWSE,01010T,京城樂富R1,9.81,9.90,9.81,9.89,-0.07,30000,294470,5
2022-11-16,TWSE,020000,富邦特選蘋果N,,,,,0.00,0,0,0
2022-11-16,TWSE,020002,元富新中國N,12.31,12.31,12.18,12.18,0.06,2000,24490,2
2022-11-16,TWSE,020007,凱基臺灣500N,,,,,0.00,0,0,0
2022-11-16,TWSE,020011,統一微波高息20N,,,,,0.00,0,0,0
2022-11-16,TWSE,020012,富邦行動通訊N,,,,,0.00,0,0,0
2022-11-16,TWSE,020015,統一MSCI美低波N,,,,,0.00,0,0,0
2022-11-16,TWSE,020016,統一MSCI美科技N,16.60,16.60,16.60,16.60,0.14,2000,33200,1
2022-11-16,TWSE,020018,統一價值成長30N,14.48,14.48,14.47,14.47,0.32,3000,43420,3
2022-11-16,TWSE,020019,統一特選台灣5GN,,,,,0.00,0,0,0
2022-11-16,TWSE,02001L,富邦蘋果正二N,8.78,8.94,8.78,8.94,0.04,10000,88040,3
2022-11-16,TWSE,02001R,富邦蘋果反一N,,,,,0.00,0,0,0
2022-11-16,TWSE,020020,元大台股領航N,6.45,6.48,6.41,6.43,-0.02,67000,432010,23
2022-11-16,TWSE,020022,元大電動車N,5.25,5.27,5.22,5.23,-0.03,276000,1444830,43
2022-11-16,TWSE,020028,元大特選電動車N,5.07,5.08,5.03,5.04,-0.03,113000,570790,31
2022-11-16,TWSE,020029,元大ESG高股息N,4.51,4.52,4.47,4.47,-0.04,104000,466900,32
2022-11-16,TWSE,020030,統一智慧電動車N,3.98,3.98,3.93,3.94,0.00,728000,2876800,38
2022-11-16,TWSE,020031,統一IC設計臺灣N,3.47,3.54,3.45,3.53,0.07,788000,2762690,98
2022-11-16,TWSE,020032,元大綠能N,4.82,4.82,4.75,4.76,-0.06,253000,1206950,38
2022-11-16,TWSE,020034,元大IC設計N,4.22,4.28,4.17,4.28,0.09,1261000,5319850,134
2022-11-16,TWSE,1101,台泥,33.50,33.60,32.90,32.90,-0.95,49033370,1625668484,22914
2022-11-16,TWSE,1101B,台泥乙特,47.80,47.95,47.70,47.95,0.15,21215,1013570,10
2022-11-16,TWSE,1102,亞泥,40.50,41.00,40.20,40.50,-0.25,6126168,248471385,3390
2022-11-16,TWSE,1103,嘉泥,17.85,17.85,16.90,16.90,-0.50,454946,7850486,243
2022-11-16,TWSE,1104,環泥,21.60,21.60,21.35,21.35,-0.20,690526,14818789,308
2022-11-16,TWSE,1108,幸福,10.80,10.85,10.70,10.75,0.00,254197,2735906,110
2022-11-16,TWSE,1109,信大,15.90,15.90,15.50,15.50,-0.35,139775,2189558,120
2022-11-16,TWSE,1110,東泥,18.25,18.25,17.80,17.80,-0.45,63501,1142918,50
2022-11-16,TWSE,1201,味全,18.90,18.90,18.70,18.70,-0.15,292218,5490158,290
2022-11-16,TWSE,1203,味王,33.50,33.75,33.50,33.65,-0.55,19093,642263,27
2022-11-16,TWSE,1210,大成,43.50,43.50,42.65,42.75,-0.55,1124841,48265749,1379
2022-11-16,TWSE,1213,大飲,7.08,7.20,6.93,7.00,-0.08,49080,347538,31
2022-11-16,TWSE,1215,卜蜂,77.70,77.90,77.30,77.40,-0.60,365542,28324243,548
2022-11-16,TWSE,1216,統一,64.90,65.30,64.50,64.50,-1.50,17593126,1138989690,8970
2022-11-16,TWSE,1217,愛之味,9.98,10.00,9.78,9.80,-0.17,1011058,9969552,675
2022-11-16,TWSE,1218,泰山,38.60,38.70,37.00,37.00,-1.90,2155890,81495273,1345
2022-11-16,TWSE,1219,福壽,19.30,19.30,18.80,18.85,-0.45,1638632,31184478,718
2022-11-16,TWSE,1220,台榮,14.80,14.90,14.65,14.65,-0.15,184021,2708929,89
2022-11-16,TWSE,1225,福懋油,57.00,57.00,55.80,55.80,-1.20,145176,8208047,30
2022-11-16,TWSE,1227,佳格,39.95,40.15,39.80,39.80,-0.35,522495,20828696,377
2022-11-16,TWSE,1229,聯華,50.90,50.90,49.30,49.30,-1.30,1455267,72413241,2095
2022-11-16,TWSE,1231,聯華食,69.70,69.70,68.50,68.50,-1.10,218969,15095810,765
2022-11-16,TWSE,1232,大統益,145.50,145.50,144.00,144.00,-1.50,56433,8170007,234
2022-11-16,TWSE,1233,天仁,32.70,32.70,32.60,32.60,-0.20,3000,98000,3
2022-11-16,TWSE,1234,黑松,33.10,33.30,32.85,32.85,-0.25,139281,4591753,107
2022-11-16,TWSE,1235,興泰,68.40,68.40,68.40,68.40,-1.00,5213,356094,72
2022-11-16,TWSE,1236,宏亞,20.90,20.90,20.35,20.50,0.00,104495,2142690,98
2022-11-16,TWSE,1256,鮮活果汁-KY,243.50,245.00,230.00,239.00,0.50,81701,19589252,329
2022-11-16,TWSE,1301,台塑,88.40,88.90,87.00,87.40,-1.20,10198554,894259216,7074
2022-11-16,TWSE,1303,南亞,73.80,73.90,72.40,72.40,-1.80,10679028,779658424,9553
2022-11-16,TWSE,1304,台聚,21.00,21.05,20.60,20.60,-0.35,1712259,35432928,875
2022-11-16,TWSE,1305,華夏,20.80,21.10,20.25,20.30,-0.75,1813215,37303270,1056
2022-11-16,TWSE,1307,三芳,21.20,21.20,20.55,20.55,-0.65,174411,3622607,160
2022-11-16,TWSE,1308,亞聚,26.90,26.90,26.25,26.25,-0.55,867408,22921484,696
2022-11-16,TWSE,1309,台達化,20.70,20.75,20.20,20.20,-0.60,1217849,24808842,840
2022-11-16,TWSE,1310,台苯,13.25,13.35,13.05,13.05,-0.20,342864,4508866,328
2022-11-16,TWSE,1312,國喬,17.65,17.75,17.35,17.35,-0.35,4550579,79698333,1844
2022-11-16,TWSE,1312A,國喬特,,,,,0.00,0,0,0
2022-11-16,TWSE,1313,聯成,13.10,13.10,12.55,12.60,-0.50,1853197,23640929,967
2022-11-16,TWSE,1314,中石化,9.92,9.94,9.71,9.72,-0.17,7781178,76253558,2689
2022-11-16,TWSE,1315,達新,68.80,68.80,67.80,67.80,-0.70,38666,2629174,44
2022-11-16,TWSE,1316,上曜,13.10,13.10,12.40,12.50,-0.60,2133556,27070700,1174
2022-11-16,TWSE,1319,東陽,45.35,46.80,45.00,45.60,1.45,18153925,829884855,10527
2022-11-16,TWSE,1321,大洋,33.20,33.60,33.00,33.00,-0.65,142005,4717215,102
2022-11-16,TWSE,1323,永裕,32.95,32.95,32.60,32.60,-0.35,28328,926860,27
2022-11-16,TWSE,1324,地球,10.40,10.45,10.25,10.25,-0.25,39504,407176,40
2022-11-16,TWSE,1325,恆大,22.55,22.80,22.45,22.50,-0.05,210860,4762117,181
2022-11-16,TWSE,1326,台化,74.10,74.20,72.40,73.30,-1.10,5124310,374857782,3899
2022-11-16,TWSE,1337,再生-KY,7.12,7.12,6.80,6.81,-0.27,1767339,12199544,867
2022-11-16,TWSE,1338,廣華-KY,46.20,46.50,45.50,45.55,-0.65,216542,9933589,175
2022-11-16,TWSE,1339,昭輝,41.00,42.50,41.00,41.25,0.50,435085,18113911,341
2022-11-16,TWSE,1340,勝悅-KY,9.99,9.99,9.20,9.20,-0.79,280093,2662919,302
2022-11-16,TWSE,1341,富林-KY,69.00,69.40,68.50,68.80,0.40,15118,1040735,21
2022-11-16,TWSE,1342,八貫,81.60,83.90,81.60,83.00,1.50,1071062,89062608,831
2022-11-16,TWSE,1402,遠東新,31.55,31.95,31.40,31.50,-0.15,12523898,395864330,5713
2022-11-16,TWSE,1409,新纖,17.30,17.50,17.15,17.15,-0.20,3762218,65080345,1800
2022-11-16,TWSE,1410,南染,46.50,47.30,42.80,42.90,-4.15,2147215,95102974,1745
2022-11-16,TWSE,1413,宏洲,9.61,9.76,9.59,9.62,-0.07,71418,686567,47
2022-11-16,TWSE,1414,東和,17.45,17.45,17.20,17.20,-0.20,116647,2015300,123
2022-11-16,TWSE,1416,廣豐,10.45,10.50,10.25,10.25,-0.20,109678,1133702,171
2022-11-16,TWSE,1417,嘉裕,11.15,11.20,10.90,10.90,-0.30,157819,1741515,108
2022-11-16,TWSE,1418,東華,13.95,13.95,13.80,13.85,-0.10,18011,250400,22
2022-11-16,TWSE,1419,新紡,38.50,38.55,38.00,38.00,-0.55,44444,1698072,48
2022-11-16,TWSE,1423,利華,20.70,20.85,20.40,20.40,-0.30,128417,2634004,56
2022-11-16,TWSE,1432,大魯閣,12.00,12.25,12.00,12.20,0.15,702601,8540993,303
2022-11-16,TWSE,1434,福懋,26.45,26.55,26.15,26.15,-0.40,1655773,43527853,1174
2022-11-16,TWSE,1436,華友聯,56.10,56.30,55.30,55.80,-0.30,39000,2178800,33
2022-11-16,TWSE,1437,勤益控,24.60,24.80,24.60,24.70,0.00,36599,904811,35
2022-11-16,TWSE,1438,三地開發,29.30,29.30,28.85,28.85,-0.35,16052,466347,17
2022-11-16,TWSE,1439,雋揚,23.30,23.30,22.20,22.25,-1.05,126317,2845632,113
2022-11-16,TWSE,1440,南紡,17.45,17.45,17.05,17.05,-0.30,1441214,24682985,607
2022-11-16,TWSE,1441,大東,8.00,8.02,7.86,7.86,-0.14,59020,470797,206
2022-11-16,TWSE,1442,名軒,32.50,32.80,32.10,32.70,0.20,1083854,35249051,565
2022-11-16,TWSE,1443,立益物流,20.95,21.10,20.80,20.80,-0.15,142144,2969130,101
2022-11-16,TWSE,1444,力麗,10.65,10.70,10.50,10.50,-0.15,2165776,22905668,694
2022-11-16,TWSE,1445,大宇,16.20,16.25,16.15,16.15,-0.05,109277,1768386,39
2022-11-16,TWSE,1446,宏和,32.40,32.65,31.70,31.70,-0.90,137330,4419375,99
2022-11-16,TWSE,1447,力鵬,8.03,8.03,7.83,7.84,-0.17,1371970,10851028,563
2022-11-16,TWSE,1449,佳和,13.95,13.95,13.50,13.50,-0.45,621461,8467362,327
2022-11-16,TWSE,1451,年興,22.05,22.15,21.95,21.95,-0.05,395839,8717480,297
2022-11-16,TWSE,1452,宏益,17.75,17.85,17.65,17.70,-0.10,72875,1291214,58
2022-11-16,TWSE,1453,大將,15.40,15.80,14.90,14.90,-0.25,425523,6475972,313
2022-11-16,TWSE,1454,台富,12.90,13.75,12.85,13.40,0.35,339246,4541573,176
2022-11-16,TWSE,1455,集盛,10.50,10.55,10.35,10.35,-0.15,648916,6755039,329
2022-11-16,TWSE,1456,怡華,16.05,16.25,15.95,16.00,-0.15,37000,592750,25
2022-11-16,TWSE,1457,宜進,18.60,18.65,18.50,18.50,-0.20,193343,3585268,113
2022-11-16,TWSE,1459,聯發,8.19,8.31,8.10,8.12,-0.13,97158,795638,118
2022-11-16,TWSE,1460,宏遠,7.35,7.35,7.08,7.08,-0.21,1578381,11301486,813
2022-11-16,TWSE,1463,強盛新,14.10,14.10,13.85,13.85,-0.25,291647,4058979,104
2022-11-16,TWSE,1464,得力,14.55,14.60,14.25,14.25,-0.25,271674,3921235,222
2022-11-16,TWSE,1465,偉全,13.80,13.90,13.80,13.80,-0.15,27790,384668,61
2022-11-16,TWSE,1466,聚隆,11.00,11.25,10.90,11.25,0.10,277700,3074859,78
2022-11-16,TWSE,1467,南緯,11.90,12.20,11.90,12.00,-0.10,4571805,55209345,544
2022-11-16,TWSE,1468,昶和,13.05,13.10,12.65,12.65,-0.45,66000,846250,45
2022-11-16,TWSE,1470,大統新創,18.60,19.10,18.55,18.55,0.10,5006,94466,6
2022-11-16,TWSE,1471,首利,7.83,7.85,7.74,7.76,0.04,529246,4125834,386
2022-11-16,TWSE,1472,三洋實業,,,,,0.00,83,1560,2
2022-11-16,TWSE,1473,台南,19.80,19.80,19.50,19.50,-0.30,141477,2772193,92
2022-11-16,TWSE,1474,弘裕,11.30,11.40,11.15,11.15,-0.20,75704,851489,63
2022-11-16,TWSE,1475,業旺,61.40,64.80,60.90,63.10,1.70,279796,17659996,220
2022-11-16,TWSE,1476,儒鴻,455.00,459.00,447.00,453.50,-1.50,691813,312615641,787
2022-11-16,TWSE,1477,聚陽,228.50,230.00,222.00,225.00,-4.00,2951374,663151673,5289
2022-11-16,TWSE,1503,士電,56.90,57.40,55.70,55.70,-1.20,252977,14236385,268
2022-11-16,TWSE,1504,東元,28.90,29.05,28.50,28.50,-0.50,4751491,136292484,2791
2022-11-16,TWSE,1506,正道,16.50,16.50,16.20,16.20,-0.30,257517,4202824,113
2022-11-16,TWSE,1512,瑞利,3.50,3.52,3.22,3.22,-0.28,496069,1653563,126
2022-11-16,TWSE,1513,中興電,53.40,53.40,52.00,52.20,-1.00,11497334,601659122,6327
2022-11-16,TWSE,1514,亞力,27.40,27.40,26.85,26.90,-0.35,1574109,42591707,874
2022-11-16,TWSE,1515,力山,30.55,30.65,30.15,30.30,0.10,471778,14340380,428
2022-11-16,TWSE,1516,川飛,21.20,21.45,21.10,21.15,-0.10,69800,1483331,71
2022-11-16,TWSE,1517,利奇,23.35,23.60,22.85,22.90,-0.40,1267871,29303005,752
2022-11-16,TWSE,1519,華城,38.20,38.30,37.55,37.55,-0.85,856111,32364973,640
2022-11-16,TWSE,1521,大億,35.80,35.90,34.80,34.80,-1.00,34297,1206331,46
2022-11-16,TWSE,1522,堤維西,28.25,28.35,27.20,27.35,0.30,6373463,176401422,3334
2022-11-16,TWSE,1522A,堤維西甲特,,,,,0.00,29,1247,1
2022-11-16,TWSE,1524,耿鼎,23.70,24.15,23.15,23.15,-0.25,7291512,171463511,3530
2022-11-16,TWSE,1525,江申,56.00,56.90,55.30,55.30,-1.20,78192,4397164,35
2022-11-16,TWSE,1526,日馳,46.20,46.40,45.65,45.65,-0.50,339980,15606246,287
2022-11-16,TWSE,1527,鑽全,41.20,41.35,40.85,40.85,-0.50,195922,8035438,177
2022-11-16,TWSE,1528,恩德,9.56,9.60,9.40,9.40,-0.15,324353,3083035,185
2022-11-16,TWSE,1529,樂事綠能,16.55,16.70,16.20,16.25,-0.30,998564,16362043,499
2022-11-16,TWSE,1530,亞崴,30.80,30.85,30.50,30.50,-0.25,43106,1323522,31
2022-11-16,TWSE,1531,高林股,13.70,13.85,13.65,13.65,0.00,195556,2686891,108
2022-11-16,TWSE,1532,勤美,28.15,28.45,27.85,27.95,-0.50,196810,5523590,164
2022-11-16,TWSE,1533,車王電,50.90,51.40,50.10,50.40,-0.30,270649,13663678,189
2022-11-16,TWSE,1535,中宇,42.05,42.20,42.00,42.00,-0.20,56026,2357952,40
2022-11-16,TWSE,1536,和大,71.80,72.50,71.10,71.50,-0.60,1648258,118246865,1159
2022-11-16,TWSE,1537,廣隆,136.50,137.50,136.00,136.00,-1.00,134730,18404790,162
2022-11-16,TWSE,1538,正峰,6.00,6.00,6.00,6.00,0.00,21352,128112,10
2022-11-16,TWSE,1539,巨庭,30.70,31.60,30.60,30.65,0.00,1422135,44004201,917
2022-11-16,TWSE,1540,喬福,16.15,16.25,15.80,15.85,-0.25,264830,4221105,147
2022-11-16,TWSE,1541,錩泰,33.90,34.00,33.50,33.50,-0.15,41010,1378985,34
2022-11-16,TWSE,1558,伸興,113.00,114.00,113.00,113.00,0.00,172559,19546307,191
2022-11-16,TWSE,1560,中砂,120.00,121.50,113.00,114.50,-4.00,21093176,2464980898,14404
2022-11-16,TWSE,1568,倉佑,23.50,24.00,23.20,23.20,-0.15,477602,11207025,385
2022-11-16,TWSE,1582,信錦,58.90,58.90,58.40,58.40,-0.30,201126,11773717,218
2022-11-16,TWSE,1583,程泰,60.60,61.80,60.60,61.60,-0.40,15916,980563,14
2022-11-16,TWSE,1587,吉茂,21.70,21.80,21.50,21.60,0.10,80560,1746197,67
2022-11-16,TWSE,1589,永冠-KY,52.20,53.00,52.20,52.20,-0.50,163937,8587334,142
2022-11-16,TWSE,1590,亞德客-KY,909.00,910.00,891.00,900.00,-11.00,1082863,973154118,1011
2022-11-16,TWSE,1597,直得,76.10,76.20,75.20,75.30,-0.90,107501,8125393,133
2022-11-16,TWSE,1598,岱宇,39.25,39.25,38.15,38.15,-0.85,101332,3890482,122
2022-11-16,TWSE,1603,華電,27.80,27.80,26.40,26.40,-0.75,348005,9332180,195
2022-11-16,TWSE,1604,聲寶,25.55,25.55,24.75,24.90,-0.55,637397,15977702,435
2022-11-16,TWSE,1605,華新,48.80,49.30,47.20,48.00,-0.35,162156257,7825926499,68378
2022-11-16,TWSE,1608,華榮,14.70,14.70,14.10,14.20,-0.60,2021302,28927958,1046
2022-11-16,TWSE,1609,大亞,19.50,19.60,18.85,18.95,-0.45,8033128,153381726,3525
2022-11-16,TWSE,1611,中電,14.40,14.50,14.00,14.05,-0.30,1038839,14717944,576
2022-11-16,TWSE,1612,宏泰,16.70,16.75,16.10,16.15,-0.50,1281543,20964522,723
2022-11-16,TWSE,1614,三洋電,35.95,36.20,35.80,35.80,-0.30,85923,3085989,30
2022-11-16,TWSE,1615,大山,28.95,28.95,28.25,28.25,-0.45,27790,791699,51
2022-11-16,TWSE,1616,億泰,7.36,7.55,7.36,7.39,-0.03,174343,1290563,83
2022-11-16,TWSE,1617,榮星,14.80,14.90,14.75,14.80,-0.20,11000,162600,10
2022-11-16,TWSE,1618,合機,14.65,14.70,13.85,13.90,-0.85,2449127,34613710,1108
2022-11-16,TWSE,1626,艾美特-KY,16.40,16.40,16.05,16.05,-0.35,72449,1176716,123
2022-11-16,TWSE,1701,中化,20.70,20.90,20.65,20.65,-0.15,344931,7173039,215
2022-11-16,TWSE,1702,南僑,44.80,44.80,43.50,43.60,-1.10,277251,12155748,337
2022-11-16,TWSE,1707,葡萄王,133.00,133.00,130.00,130.00,-3.00,220755,28898767,302
2022-11-16,TWSE,1708,東鹼,44.30,44.30,43.35,43.85,-0.05,2369493,103919988,1449
2022-11-16,TWSE,1709,和益,22.95,22.95,22.45,22.50,-0.40,1123665,25463088,543
2022-11-16,TWSE,1710,東聯,17.85,17.90,17.70,17.75,-0.05,1114450,19796550,504
2022-11-16,TWSE,1711,永光,18.30,18.30,17.90,17.90,-0.30,889429,16005237,449
2022-11-16,TWSE,1712,興農,38.00,38.00,37.30,37.30,-0.50,1382137,51742335,916
2022-11-16,TWSE,1713,國化,24.65,24.80,24.40,24.40,-0.25,38204,936015,33
2022-11-16,TWSE,1714,和桐,8.40,8.40,8.23,8.23,-0.14,1802723,14929482,763
2022-11-16,TWSE,1717,長興,31.35,31.70,31.30,31.50,0.15,946405,29792708,733
2022-11-16,TWSE,1718,中纖,8.08,8.12,7.90,7.91,-0.14,2443408,19511015,1082
2022-11-16,TWSE,1720,生達,45.60,45.70,45.25,45.30,-0.20,269631,12240561,223
2022-11-16,TWSE,1721,國慶科技,14.35,14.35,13.90,13.95,-0.35,707182,9958287,392
2022-11-16,TWSE,1722,台肥,55.00,55.20,54.60,54.60,-0.60,1644526,90165713,966
2022-11-16,TWSE,1723,中碳,108.00,108.00,106.50,106.50,-1.50,331481,35430643,289
2022-11-16,TWSE,1725,元禎,19.95,19.95,19.65,19.65,-0.15,60200,1189090,40
2022-11-16,TWSE,1726,永記,70.30,70.30,70.00,70.00,-0.30,19000,1333200,11
2022-11-16,TWSE,1727,中華化,25.80,25.85,25.15,25.20,-0.60,358112,9074803,285
2022-11-16,TWSE,1730,花仙子,55.30,55.50,54.20,55.00,0.50,35207,1930671,41
2022-11-16,TWSE,1731,美吾華,18.10,18.20,17.95,17.95,-0.25,205232,3707006,123
2022-11-16,TWSE,1732,毛寶,29.05,29.60,29.05,29.10,0.05,269354,7891805,183
2022-11-16,TWSE,1733,五鼎,24.20,24.20,23.95,23.95,-0.20,112209,2694053,87
2022-11-16,TWSE,1734,杏輝,28.85,29.15,28.85,28.90,-0.10,500990,14517906,299
2022-11-16,TWSE,1735,日勝化,14.60,14.60,14.50,14.50,-0.10,11517,167293,21
2022-11-16,TWSE,1736,喬山,64.70,65.00,63.80,64.20,0.10,1431944,92218718,1105
2022-11-16,TWSE,1737,臺鹽,31.25,31.25,31.10,31.10,-0.20,147843,4607605,86
2022-11-16,TWSE,1752,南光,35.45,35.45,34.90,34.90,-0.65,110100,3859125,81
2022-11-16,TWSE,1760,寶齡富錦,140.50,148.50,140.00,146.50,7.50,14794817,2138878397,9902
2022-11-16,TWSE,1762,中化生,56.80,57.70,56.70,56.90,0.10,496163,28362304,384
2022-11-16,TWSE,1773,勝一,113.50,117.50,110.50,112.00,-1.50,897977,102214214,917
2022-11-16,TWSE,1776,展宇,16.40,16.40,16.30,16.30,-0.05,26130,427037,18
2022-11-16,TWSE,1783,和康生,39.70,39.70,38.65,38.95,-0.30,169967,6628239,168
2022-11-16,TWSE,1786,科妍,48.40,48.40,47.50,47.50,-0.90,63431,3036541,157
2022-11-16,TWSE,1789,神隆,24.30,24.55,24.15,24.25,0.05,708629,17223803,354
2022-11-16,TWSE,1795,美時,170.50,181.00,169.00,170.00,1.00,29567777,5130764524,19604
2022-11-16,TWSE,1802,台玻,23.75,24.00,23.20,23.45,-0.30,13618056,321246600,6695
2022-11-16,TWSE,1805,寶徠,10.85,10.85,10.85,10.85,0.00,1081,11728,4
2022-11-16,TWSE,1808,潤隆,60.00,60.10,59.20,59.20,-0.80,215767,12879467,166
2022-11-16,TWSE,1809,中釉,13.00,13.00,12.75,12.75,-0.25,324483,4184199,166
2022-11-16,TWSE,1810,和成,12.55,12.60,12.15,12.25,-0.30,909474,11267980,419
2022-11-16,TWSE,1817,凱撒衛,35.20,35.45,35.00,35.15,0.05,37152,1309723,35
2022-11-16,TWSE,1903,士紙,49.95,50.10,49.45,49.45,-0.65,85232,4247269,71
2022-11-16,TWSE,1904,正隆,27.30,27.30,26.80,26.80,-0.55,929917,25108655,756
2022-11-16,TWSE,1905,華紙,17.70,18.15,17.60,17.65,0.05,2251488,40173110,1170
2022-11-16,TWSE,1906,寶隆,16.55,16.60,16.30,16.30,-0.20,174725,2878944,114
2022-11-16,TWSE,1907,永豐餘,28.50,28.70,27.95,28.00,-0.10,4395387,124119990,2243
2022-11-16,TWSE,1909,榮成,16.70,16.95,16.60,16.65,0.05,6110177,102664275,2260
2022-11-16,TWSE,2002,中鋼,28.90,29.05,28.60,28.80,-0.30,25204201,725473781,10999
2022-11-16,TWSE,2002A,中鋼特,44.95,45.35,44.90,45.35,0.45,17245,775795,24
2022-11-16,TWSE,2006,東和鋼鐵,51.80,52.00,50.90,51.30,-0.50,1435452,73583714,1040
2022-11-16,TWSE,2007,燁興,10.40,10.55,10.05,10.10,-0.30,1038019,10618551,508
2022-11-16,TWSE,2008,高興昌,17.30,17.30,16.45,17.00,-0.10,24429,413220,32
2022-11-16,TWSE,2009,第一銅,33.90,34.05,32.65,33.25,-0.95,9751948,324769875,5699
2022-11-16,TWSE,2010,春源,16.05,16.05,15.50,15.50,-0.50,776393,12212773,515
2022-11-16,TWSE,2012,春雨,23.30,23.30,22.80,22.90,-0.40,87777,2020749,92
2022-11-16,TWSE,2013,中鋼構,56.40,56.90,55.60,55.80,-0.50,221805,12434680,196
2022-11-16,TWSE,2014,中鴻,24.60,25.00,23.55,24.45,0.35,35436513,857594182,16377
2022-11-16,TWSE,2015,豐興,61.30,61.60,60.30,60.30,-1.00,326699,19932415,215
2022-11-16,TWSE,2017,官田鋼,13.30,13.40,12.90,12.90,-0.30,714257,9347702,440
2022-11-16,TWSE,2020,美亞,23.05,23.55,22.90,22.90,-0.15,291843,6743272,257
2022-11-16,TWSE,2022,聚亨,8.65,8.68,8.30,8.30,-0.34,1739665,14623705,817
2022-11-16,TWSE,2023,燁輝,15.30,15.45,15.05,15.15,-0.15,3138241,47585941,1567
2022-11-16,TWSE,2024,志聯,18.50,18.50,18.25,18.25,-0.20,26610,488390,27
2022-11-16,TWSE,2025,千興,4.98,4.98,4.80,4.80,-0.18,251498,1212494,76
2022-11-16,TWSE,2027,大成鋼,41.80,42.10,40.65,40.85,-0.45,26589422,1097131901,13897
2022-11-16,TWSE,2028,威致,25.75,26.30,24.85,25.00,-0.40,2027323,51990862,1033
2022-11-16,TWSE,2029,盛餘,24.50,24.50,24.00,24.00,-0.30,453139,10958742,270
2022-11-16,TWSE,2030,彰源,23.35,23.50,22.65,22.80,-0.30,4181727,96292593,2049
2022-11-16,TWSE,2031,新光鋼,38.10,38.35,36.85,37.35,-0.15,4175369,156484812,2541
2022-11-16,TWSE,2032,新鋼,19.00,19.15,18.45,18.55,-0.40,1140843,21404858,574
2022-11-16,TWSE,2033,佳大,13.65,13.95,13.35,13.35,-0.10,244190,3323165,165
2022-11-16,TWSE,2034,允強,28.00,28.10,27.60,27.70,-0.15,1343815,37399623,743
2022-11-16,TWSE,2038,海光,21.05,21.05,19.95,19.95,-0.25,2076508,42538928,1242
2022-11-16,TWSE,2049,上銀,182.50,186.00,181.00,184.50,1.50,1520943,279591991,1568
2022-11-16,TWSE,2059,川湖,408.00,412.00,403.00,404.50,-2.00,619484,251738490,799
2022-11-16,TWSE,2062,橋椿,22.20,22.20,21.90,21.95,-0.10,410320,9015961,283
2022-11-16,TWSE,2069,運錩,20.70,21.00,20.25,20.25,-0.05,1211831,24830242,662
2022-11-16,TWSE,2101,南港,34.70,36.35,34.70,35.00,0.25,2189499,77769661,973
2022-11-16,TWSE,2102,泰豐,20.05,20.20,19.60,19.60,-0.20,578342,11498160,339
2022-11-16,TWSE,2103,台橡,27.20,27.30,26.75,26.75,-0.35,963886,26022620,470
2022-11-16,TWSE,2104,國際中橡,20.45,20.65,20.25,20.25,-0.15,2115504,43061007,839
2022-11-16,TWSE,2105,正新,34.30,34.35,33.80,33.80,-0.65,3167236,107649798,1919
2022-11-16,TWSE,2106,建大,31.00,31.00,30.55,30.55,-0.45,929648,28574072,541
2022-11-16,TWSE,2107,厚生,21.80,21.80,21.20,21.20,-0.55,255077,5456484,368
2022-11-16,TWSE,2108,南帝,36.45,36.55,35.80,36.25,0.05,850771,30837965,574
2022-11-16,TWSE,2109,華豐,14.70,14.70,14.45,14.45,-0.05,202896,2954977,121
2022-11-16,TWSE,2114,鑫永銓,94.70,94.90,94.00,94.00,-0.90,25101,2371119,29
2022-11-16,TWSE,2115,六暉-KY,29.60,29.70,29.50,29.50,-0.40,35751,1058244,30
2022-11-16,TWSE,2201,裕隆,50.70,51.50,48.95,50.90,-0.20,33797273,1697679275,17040
2022-11-16,TWSE,2204,中華,44.05,44.70,43.60,43.85,-0.15,1484791,65503008,994
2022-11-16,TWSE,2206,三陽工業,35.70,36.05,35.25,35.50,-0.15,2654477,94246184,1640
2022-11-16,TWSE,2207,和泰車,618.00,628.00,610.00,611.00,-10.00,287809,177554064,467
2022-11-16,TWSE,2208,台船,18.25,18.50,18.00,18.20,0.00,2445317,44602074,1160
2022-11-16,TWSE,2211,長榮鋼,53.00,53.00,51.50,51.50,-1.20,223556,11612083,154
2022-11-16,TWSE,2227,裕日車,188.00,200.00,186.50,186.50,-1.50,93664,17872711,152
2022-11-16,TWSE,2228,劍麟,77.80,78.60,76.20,77.00,0.00,274340,21232984,221
2022-11-16,TWSE,2231,為升,135.00,136.00,133.00,135.00,-1.00,612922,82471511,587
2022-11-16,TWSE,2233,宇隆,96.10,96.50,95.50,95.60,-0.40,63007,6032191,81
2022-11-16,TWSE,2236,百達-KY,20.30,20.30,19.90,20.05,-0.40,73200,1470750,60
2022-11-16,TWSE,2239,英利-KY,60.80,60.80,58.60,59.40,-1.80,349213,20745021,282
2022-11-16,TWSE,2241,艾姆勒,29.65,29.75,29.40,29.40,-0.30,82023,2425558,49
2022-11-16,TWSE,2243,宏旭-KY,12.80,13.20,12.65,12.75,-0.35,33022,422678,25
2022-11-16,TWSE,2247,汎德永業,204.00,204.00,202.00,202.00,-3.00,46594,9461376,88
2022-11-16,TWSE,2250,IKKA-KY,70.10,71.50,69.70,69.80,-0.10,48000,3364800,44
2022-11-16,TWSE,2301,光寶科,66.50,68.40,66.00,67.60,0.90,8110154,547403911,4412
2022-11-16,TWSE,2302,麗正,19.10,19.40,18.45,18.45,-0.25,2175654,40990583,966
2022-11-16,TWSE,2303,聯電,46.90,46.90,45.05,45.25,-1.35,130615406,5959515102,63438
2022-11-16,TWSE,2305,全友,31.60,31.80,30.85,31.00,-0.20,3113284,97344615,1661
2022-11-16,TWSE,2308,台達電,292.50,294.00,287.50,288.50,-4.50,9478161,2746728321,9113
2022-11-16,TWSE,2312,金寶,13.75,13.90,13.70,13.70,0.00,8619314,118700992,2838
2022-11-16,TWSE,2313,華通,48.00,48.30,46.85,48.15,0.15,22551664,1073290940,11201
2022-11-16,TWSE,2314,台揚,39.25,39.30,37.90,38.30,-0.90,1370725,52706379,1067
2022-11-16,TWSE,2316,楠梓電,24.80,24.80,24.35,24.35,-0.30,272423,6694080,177
2022-11-16,TWSE,2317,鴻海,101.50,102.50,101.00,101.50,0.00,46862982,4768522978,20569
2022-11-16,TWSE,2321,東訊,5.03,5.03,5.02,5.02,-0.18,4282,21507,8
2022-11-16,TWSE,2323,中環,7.10,7.14,7.06,7.06,-0.05,4027873,28523494,1268
2022-11-16,TWSE,2324,仁寶,21.90,22.10,21.70,21.70,-0.25,12085214,264218303,4086
2022-11-16,TWSE,2327,國巨*,456.00,462.50,447.00,461.00,6.00,6451302,2948852359,7639
2022-11-16,TWSE,2328,廣宇,34.30,34.35,33.75,33.90,-0.40,1651002,56159749,1008
2022-11-16,TWSE,2329,華泰,18.75,18.90,18.35,18.55,-0.30,7031291,130676929,2978
2022-11-16,TWSE,2330,台積電,491.50,494.00,481.50,487.00,7.00,88416393,43103738374,98338
2022-11-16,TWSE,2331,精英,21.95,22.30,21.55,21.55,-0.35,2308319,50270366,1087
2022-11-16,TWSE,2332,友訊,14.85,14.90,14.45,14.50,-0.35,1903744,27833528,954
2022-11-16,TWSE,2337,旺宏,33.80,34.25,33.70,34.10,0.45,13678332,465452987,6306
2022-11-16,TWSE,2338,光罩,70.00,71.20,68.10,70.80,0.90,15670965,1093548850,9352
2022-11-16,TWSE,2340,台亞,37.45,38.35,37.05,37.40,0.40,9597627,360297511,5722
2022-11-16,TWSE,2342,茂矽,37.85,37.85,36.95,37.10,-0.55,703062,26204473,671
2022-11-16,TWSE,2344,華邦電,22.15,22.60,21.95,22.30,0.20,28540823,636480322,10104
2022-11-16,TWSE,2345,智邦,259.50,262.50,255.50,261.00,4.50,2698844,701245514,2421
2022-11-16,TWSE,2347,聯強,56.00,56.30,55.60,55.80,-0.50,3959100,221515824,2554
2022-11-16,TWSE,2348,海悅,61.50,62.60,61.10,61.60,-0.40,135501,8344610,169
2022-11-16,TWSE,2348A,海悅甲特,35.15,35.15,35.10,35.10,0.00,3248,114030,6
2022-11-16,TWSE,2349,錸德,7.43,7.45,7.33,7.33,-0.12,1110429,8178055,402
2022-11-16,TWSE,2351,順德,102.50,104.00,100.50,102.50,1.50,2198608,225526025,1671
2022-11-16,TWSE,2352,佳世達,28.10,28.70,27.90,28.60,0.75,8751157,248632923,4016
2022-11-16,TWSE,2353,宏碁,24.50,24.70,24.25,24.55,0.00,14672202,360359910,6203
2022-11-16,TWSE,2354,鴻準,49.70,50.80,49.30,50.10,0.50,5476778,274216607,3854
2022-11-16,TWSE,2355,敬鵬,31.35,31.40,30.60,30.85,-0.25,1337266,41450514,921
2022-11-16,TWSE,2356,英業達,25.40,25.60,25.30,25.35,-0.40,9157840,232624640,3247
2022-11-16,TWSE,2357,華碩,251.50,254.00,250.50,252.00,0.00,2240003,564946252,2432
2022-11-16,TWSE,2358,廷鑫,16.15,16.25,15.75,15.95,-0.10,3242080,51778371,1518
2022-11-16,TWSE,2359,所羅門,24.25,24.40,23.90,23.95,-0.30,1026282,24714222,552
2022-11-16,TWSE,2360,致茂,193.00,196.00,190.00,192.00,-1.50,2114077,406672281,1448
2022-11-16,TWSE,2362,藍天,32.40,32.50,31.50,31.60,-0.60,211584,6750711,149
2022-11-16,TWSE,2363,矽統,17.15,17.25,16.90,16.95,-0.20,2160127,36815292,1317
2022-11-16,TWSE,2364,倫飛,121.00,125.00,118.00,121.50,3.50,4164750,504967312,3231
2022-11-16,TWSE,2365,昆盈,10.00,10.15,9.93,9.96,-0.04,416701,4160652,150
2022-11-16,TWSE,2367,燿華,19.00,19.10,18.45,18.55,-0.55,20500377,382133795,7267
2022-11-16,TWSE,2368,金像電,96.70,98.20,95.20,96.80,1.20,10670652,1032772139,7191
2022-11-16,TWSE,2369,菱生,14.20,14.30,14.00,14.15,0.00,1499959,21239845,733
2022-11-16,TWSE,2371,大同,32.15,32.15,31.05,31.20,-0.80,7938485,249574743,3862
2022-11-16,TWSE,2373,震旦行,79.70,79.70,78.60,78.60,-1.10,74084,5835457,71
2022-11-16,TWSE,2374,佳能,22.05,22.10,21.50,21.50,-0.30,640388,13891299,467
2022-11-16,TWSE,2375,凱美,58.10,59.00,57.40,58.30,0.80,670997,39171124,706
2022-11-16,TWSE,2376,技嘉,99.10,105.00,99.10,104.00,5.00,16540715,1706362555,21173
2022-11-16,TWSE,2377,微星,122.00,129.00,122.00,127.00,4.00,7621304,962877000,5036
2022-11-16,TWSE,2379,瑞昱,318.00,322.50,313.00,322.00,7.00,5096067,1625535585,4657
2022-11-16,TWSE,2380,虹光,12.05,12.10,11.75,11.80,-0.25,537820,6391774,329
2022-11-16,TWSE,2382,廣達,72.10,72.20,71.30,71.30,-1.10,9364622,670463017,5526
2022-11-16,TWSE,2383,台光電,175.50,176.50,171.00,174.00,0.50,2687910,468461188,2728
2022-11-16,TWSE,2385,群光,82.40,82.80,81.70,81.70,-0.70,1155008,94633577,945
2022-11-16,TWSE,2387,精元,40.60,40.60,40.05,40.60,0.20,885595,35768862,558
2022-11-16,TWSE,2388,威盛,70.60,72.20,69.90,71.50,1.20,26370147,1879601288,14445
2022-11-16,TWSE,2390,云辰,13.20,14.20,13.15,13.90,0.75,3058201,42152517,1653
2022-11-16,TWSE,2392,正崴,35.85,35.90,35.15,35.30,-0.55,1455641,51579180,872
2022-11-16,TWSE,2393,億光,37.45,37.75,37.05,37.30,-0.15,699280,26151361,654
2022-11-16,TWSE,2395,研華,318.50,323.50,318.00,323.00,-0.50,1081951,347529897,1714
2022-11-16,TWSE,2397,友通,58.80,59.60,58.50,58.90,0.50,90905,5353224,79
2022-11-16,TWSE,2399,映泰,13.80,14.75,13.80,14.05,0.25,6504847,93080547,3163
2022-11-16,TWSE,2401,凌陽,24.70,25.10,24.45,24.75,0.30,3103292,76935179,1904
2022-11-16,TWSE,2402,毅嘉,18.40,18.40,17.65,17.75,-0.55,5078779,90944866,2311
2022-11-16,TWSE,2404,漢唐,175.00,176.00,172.00,173.50,1.50,1353346,235571707,2063
2022-11-16,TWSE,2405,輔信,12.90,12.95,12.60,12.80,0.00,1671834,21355999,755
2022-11-16,TWSE,2406,國碩,18.45,18.65,18.25,18.25,-0.15,2026119,37320449,1117
2022-11-16,TWSE,2408,南亞科,59.70,60.40,59.00,60.10,0.40,9698486,580565430,5236
2022-11-16,TWSE,2409,友達,18.05,18.05,17.55,17.55,-0.55,49967481,883674830,16264
2022-11-16,TWSE,2412,中華電,108.50,109.00,108.00,108.50,-0.50,13565041,1472132554,6813
2022-11-16,TWSE,2413,環科,26.85,27.50,26.45,26.50,-0.05,3312392,89116792,1816
2022-11-16,TWSE,2414,精技,30.70,30.70,30.20,30.25,-0.30,196566,5971362,158
2022-11-16,TWSE,2415,錩新,22.65,22.90,22.55,22.55,-0.20,110711,2506497,102
2022-11-16,TWSE,2417,圓剛,22.50,22.50,21.90,21.95,-0.45,557728,12318532,447
2022-11-16,TWSE,2419,仲琦,25.45,25.60,25.15,25.25,-0.10,1527757,38659748,816
2022-11-16,TWSE,2420,新巨,39.10,39.20,38.80,38.80,-0.25,149740,5846832,144
2022-11-16,TWSE,2421,建準,44.60,45.85,44.30,45.55,0.95,3749162,169959914,2348
2022-11-16,TWSE,2423,固緯,27.35,27.65,27.05,27.05,-0.30,166101,4529817,134
2022-11-16,TWSE,2424,隴華,18.75,18.75,18.35,18.40,-1.00,42022,833112,82
2022-11-16,TWSE,2425,承啟,27.30,28.10,27.25,27.70,0.45,2196412,60951726,1078
2022-11-16,TWSE,2426,鼎元,17.40,17.65,17.30,17.30,-0.05,659323,11513085,372
2022-11-16,TWSE,2427,三商電,11.55,11.65,11.50,11.50,-0.15,249499,2885213,109
2022-11-16,TWSE,2428,興勤,119.50,121.50,118.50,119.50,-1.00,337930,40529290,305
2022-11-16,TWSE,2429,銘旺科,9.70,10.45,9.70,10.45,0.78,28079,282751,25
2022-11-16,TWSE,2430,燦坤,41.20,41.35,41.00,41.00,-0.25,82427,3388523,264
2022-11-16,TWSE,2431,聯昌,10.70,10.70,10.30,10.30,-0.20,169029,1762390,104
2022-11-16,TWSE,2433,互盛電,47.90,48.05,47.00,47.00,-1.05,21525,1022052,34
2022-11-16,TWSE,2434,統懋,28.55,29.50,28.00,28.55,0.00,75257,2186354,14
2022-11-16,TWSE,2436,偉詮電,45.90,46.55,44.90,46.30,0.85,3266391,149973014,2288
2022-11-16,TWSE,2438,翔耀,13.20,13.20,12.95,12.95,-0.20,56338,734008,28
2022-11-16,TWSE,2439,美律,86.00,86.30,84.60,85.50,-0.30,1082594,92538192,889
2022-11-16,TWSE,2440,太空梭,12.90,13.00,12.55,12.55,-0.35,161064,2051946,109
2022-11-16,TWSE,2441,超豐,49.35,50.40,48.70,49.70,0.25,2119485,105241505,1540
2022-11-16,TWSE,2442,新美齊,12.35,12.35,12.15,12.15,-0.10,418333,5097227,180
2022-11-16,TWSE,2443,昶虹,2.75,3.00,2.75,2.95,0.01,195012,579734,27
2022-11-16,TWSE,2444,兆勁,13.10,13.25,13.00,13.05,0.00,304332,3985016,121
2022-11-16,TWSE,2449,京元電子,35.65,36.20,35.35,35.90,0.45,9079588,325525220,5511
2022-11-16,TWSE,2450,神腦,30.65,30.65,30.30,30.30,-0.35,55609,1690702,61
2022-11-16,TWSE,2451,創見,66.10,66.70,65.90,66.00,-0.40,350179,23190109,304
2022-11-16,TWSE,2453,凌群,25.10,25.10,24.70,24.70,-0.45,73265,1822129,64
2022-11-16,TWSE,2454,聯發科,732.00,738.00,719.00,729.00,7.00,10399350,7582172184,14354
2022-11-16,TWSE,2455,全新,68.20,68.70,67.50,68.10,0.00,2120928,144440209,1444
2022-11-16,TWSE,2457,飛宏,37.85,38.55,37.55,37.85,0.00,3279462,124587769,2063
2022-11-16,TWSE,2458,義隆,89.40,90.40,87.50,89.00,0.00,3801556,339261273,3283
2022-11-16,TWSE,2459,敦吉,51.10,51.20,50.60,50.60,-0.50,66316,3371621,54
2022-11-16,TWSE,2460,建通,16.60,16.80,16.05,16.10,-0.60,507898,8277657,330
2022-11-16,TWSE,2461,光群雷,18.60,18.60,18.30,18.30,-0.20,133145,2448609,97
2022-11-16,TWSE,2462,良得電,25.65,25.75,25.30,25.30,-0.10,124879,3175972,112
2022-11-16,TWSE,2464,盟立,37.80,37.85,37.30,37.30,-0.45,159325,5978999,153
2022-11-16,TWSE,2465,麗臺,34.80,38.20,34.80,38.10,3.35,12372022,463223080,7167
2022-11-16,TWSE,2466,冠西電,35.50,35.50,34.80,34.80,-0.60,82004,2889241,73
2022-11-16,TWSE,2467,志聖,45.95,45.95,44.90,44.90,-1.05,126670,5732304,131
2022-11-16,TWSE,2468,華經,26.60,28.80,26.35,27.85,1.45,13663705,376783453,7360
2022-11-16,TWSE,2471,資通,26.55,26.90,26.35,26.70,0.15,210069,5609300,115
2022-11-16,TWSE,2472,立隆電,55.70,56.10,54.90,55.00,-0.50,398798,22089224,365
2022-11-16,TWSE,2474,可成,187.50,189.00,184.50,186.00,-1.50,4859183,906167031,6964
2022-11-16,TWSE,2476,鉅祥,47.00,47.25,46.20,46.65,-0.15,753748,35124984,569
2022-11-16,TWSE,2477,美隆電,19.00,19.10,18.55,18.70,-0.45,215475,4029086,146
2022-11-16,TWSE,2478,大毅,44.45,44.45,43.75,43.75,-0.70,120102,5293481,149
2022-11-16,TWSE,2480,敦陽科,79.80,79.80,79.20,79.20,-0.60,103857,8252629,138
2022-11-16,TWSE,2481,強茂,59.50,61.00,59.00,60.40,1.10,6206089,373580367,4299
2022-11-16,TWSE,2482,連宇,24.15,24.25,23.60,23.65,-0.40,1515761,36149754,778
2022-11-16,TWSE,2483,百容,24.65,24.65,23.90,23.95,-0.65,926700,22336176,470
2022-11-16,TWSE,2484,希華,35.25,35.25,34.80,35.00,-0.25,2350644,82323446,1349
2022-11-16,TWSE,2485,兆赫,17.80,17.80,17.35,17.50,-0.10,776356,13579770,465
2022-11-16,TWSE,2486,一詮,19.15,19.35,18.95,19.00,0.00,1385269,26473661,814
2022-11-16,TWSE,2488,漢平,29.40,29.40,29.00,29.05,-0.20,157799,4602279,102
2022-11-16,TWSE,2489,瑞軒,10.00,10.25,10.00,10.05,-0.10,3071377,31116250,1406
2022-11-16,TWSE,2491,吉祥全,13.20,13.20,12.80,12.85,-0.35,61750,796722,54
2022-11-16,TWSE,2492,華新科,88.00,88.20,86.70,87.30,-1.10,1685336,147190890,2233
2022-11-16,TWSE,2493,揚博,42.20,42.25,41.95,42.10,-0.10,155990,6561830,137
2022-11-16,TWSE,2495,普安,19.80,19.85,18.55,18.65,-0.75,4125335,78394262,2090
2022-11-16,TWSE,2496,卓越,45.75,45.80,45.55,45.55,-0.20,5030,229780,6
2022-11-16,TWSE,2497,怡利電,75.00,75.30,73.60,74.60,0.10,2836750,211249170,2131
2022-11-16,TWSE,2498,宏達電,54.60,55.20,53.70,54.50,0.20,20672944,1127229863,10519
2022-11-16,TWSE,2501,國建,15.00,15.05,14.75,14.80,-0.20,1160835,17251973,625
2022-11-16,TWSE,2504,國產,24.90,24.95,24.50,24.50,-0.30,2371503,58516145,988
2022-11-16,TWSE,2505,國揚,19.30,19.30,18.80,18.85,-0.40,378810,7189343,232
2022-11-16,TWSE,2506,太設,9.35,9.51,9.35,9.42,0.05,818120,7744848,229
2022-11-16,TWSE,2509,全坤建,14.35,14.40,14.20,14.25,-0.10,46651,666310,112
2022-11-16,TWSE,2511,太子,10.70,10.80,10.55,10.55,-0.20,890544,9501644,350
2022-11-16,TWSE,2514,龍邦,16.85,16.85,16.60,16.60,-0.25,75031,1250664,40
2022-11-16,TWSE,2515,中工,8.20,8.22,8.04,8.05,-0.18,3658195,29704743,1161
2022-11-16,TWSE,2516,新建,4.95,5.03,4.89,5.02,0.07,288597,1426107,3746
2022-11-16,TWSE,2520,冠德,27.65,27.75,26.90,26.95,-0.65,1148635,31231121,672
2022-11-16,TWSE,2524,京城,33.70,34.20,33.65,33.65,-0.15,22337,757856,18
2022-11-16,TWSE,2527,宏璟,20.85,20.90,20.70,20.70,-0.15,131898,2742285,101
2022-11-16,TWSE,2528,皇普,16.50,17.00,16.25,16.40,0.10,338098,5551542,128
2022-11-16,TWSE,2530,華建,18.80,18.80,18.40,18.40,-0.50,1387688,25782307,606
2022-11-16,TWSE,2534,宏盛,25.65,25.75,25.00,25.25,-0.50,1415907,35834301,728
2022-11-16,TWSE,2535,達欣工,29.90,29.90,29.55,29.55,-0.35,472660,14060968,375
2022-11-16,TWSE,2536,宏普,22.55,22.60,22.50,22.50,-0.15,187003,4215717,76
2022-11-16,TWSE,2537,聯上發,7.13,7.14,7.01,7.03,-0.08,990065,6992768,315
2022-11-16,TWSE,2538,基泰,12.25,12.25,11.90,11.90,-0.30,939522,11300454,294
2022-11-16,TWSE,2539,櫻花建,32.55,32.60,32.30,32.30,-0.20,407110,13209360,371
2022-11-16,TWSE,2540,愛山林,71.00,71.40,70.30,70.40,-0.60,465091,32977726,171
2022-11-16,TWSE,2542,興富發,42.90,43.45,42.75,43.20,0.30,7375672,319055086,4533
2022-11-16,TWSE,2543,皇昌,8.60,8.70,8.51,8.52,-0.04,88090,754045,47
2022-11-16,TWSE,2545,皇翔,41.75,41.90,41.10,41.10,-0.60,351003,14503730,333
2022-11-16,TWSE,2546,根基,49.05,49.05,48.70,48.85,-0.30,67157,3284691,71
2022-11-16,TWSE,2547,日勝生,9.27,9.27,9.09,9.09,-0.16,840974,7682446,311
2022-11-16,TWSE,2548,華固,86.50,86.90,86.10,86.10,-0.40,422422,36511550,504
2022-11-16,TWSE,2597,潤弘,102.00,102.50,100.50,100.50,-2.00,99030,10022271,278
2022-11-16,TWSE,2601,益航,8.35,8.43,8.21,8.21,-0.19,2032610,16898271,937
2022-11-16,TWSE,2603,長榮,155.00,157.00,153.50,154.50,-0.50,29956220,4642820759,13866
2022-11-16,TWSE,2605,新興,19.30,19.70,19.05,19.05,0.05,7152477,138880724,2785
2022-11-16,TWSE,2606,裕民,42.50,44.35,42.30,43.15,0.85,19541956,848638699,12244
2022-11-16,TWSE,2607,榮運,27.85,28.05,27.50,27.55,-0.30,3817646,105840303,1634
2022-11-16,TWSE,2608,嘉里大榮,37.00,37.50,36.30,36.30,-0.70,365171,13392968,375
2022-11-16,TWSE,2609,陽明,65.40,65.80,64.30,64.60,-0.70,37483183,2433643649,18888
2022-11-16,TWSE,2610,華航,17.75,17.75,17.30,17.35,-0.35,42343431,739478564,13184
2022-11-16,TWSE,2611,志信,13.50,13.65,13.20,13.35,-0.15,1040421,13992299,394
2022-11-16,TWSE,2612,中航,35.85,36.80,35.40,35.45,-0.25,751409,27028016,541
2022-11-16,TWSE,2613,中櫃,21.85,21.95,21.35,21.55,-0.35,617546,13354468,319
2022-11-16,TWSE,2614,東森,21.25,21.55,20.70,20.70,-0.60,3757800,78817293,2510
2022-11-16,TWSE,2615,萬海,74.70,75.60,73.80,75.30,0.70,14833999,1108512284,9923
2022-11-16,TWSE,2616,山隆,32.55,32.55,32.20,32.25,-0.30,159768,5162997,270
2022-11-16,TWSE,2617,台航,25.75,25.95,25.50,25.50,-0.10,1313654,33795811,698
2022-11-16,TWSE,2618,長榮航,26.15,26.20,25.70,25.75,-0.30,32514323,841915879,10895
2022-11-16,TWSE,2630,亞航,16.60,16.60,16.35,16.35,-0.30,65064,1071279,76
2022-11-16,TWSE,2633,台灣高鐵,28.50,28.55,28.10,28.20,-0.40,4959176,140173658,1865
2022-11-16,TWSE,2634,漢翔,31.20,31.80,31.00,31.05,0.10,12243873,383874117,5750
2022-11-16,TWSE,2636,台驊控股,72.20,72.90,71.60,72.30,0.20,780536,56468358,814
2022-11-16,TWSE,2637,慧洋-KY,58.80,60.50,58.30,59.00,0.50,12585983,747069431,7653
2022-11-16,TWSE,2642,宅配通,44.90,45.00,44.10,44.40,-0.60,210751,9367594,187
2022-11-16,TWSE,2701,萬企,12.05,12.10,12.00,12.00,-0.05,402757,4869378,62
2022-11-16,TWSE,2702,華園,21.80,21.80,21.15,21.25,-0.50,727205,15595357,427
2022-11-16,TWSE,2704,國賓,30.70,30.75,30.35,30.35,-0.25,295193,8995317,239
2022-11-16,TWSE,2705,六福,16.40,16.45,16.20,16.20,-0.15,176334,2871248,116
2022-11-16,TWSE,2706,第一店,14.15,14.15,13.90,13.90,-0.20,244796,3426458,125
2022-11-16,TWSE,2707,晶華,190.00,190.00,184.50,185.00,-4.50,548098,102031901,3142
2022-11-16,TWSE,2712,遠雄來,33.30,33.45,33.00,33.45,-0.45,11000,364850,10
2022-11-16,TWSE,2722,夏都,33.60,33.60,32.45,32.45,-0.45,68300,2239954,73
2022-11-16,TWSE,2723,美食-KY,109.50,115.00,108.00,113.50,4.00,3076513,348200096,1986
2022-11-16,TWSE,2727,王品,155.00,156.00,152.00,155.00,0.50,1083230,167630204,1665
2022-11-16,TWSE,2731,雄獅,93.00,94.00,91.50,93.20,0.50,963925,89792788,809
2022-11-16,TWSE,2739,寒舍,27.30,27.30,26.90,26.90,-0.20,29221,790635,30
2022-11-16,TWSE,2748,雲品,48.95,49.45,48.40,48.60,-0.35,188234,9180435,156
2022-11-16,TWSE,2753,八方雲集,188.00,190.00,182.50,184.00,1.00,1142928,213703355,1295
2022-11-16,TWSE,2801,彰銀,17.25,17.30,17.10,17.15,-0.15,8407727,144469491,2114
2022-11-16,TWSE,2809,京城銀,34.60,34.60,33.75,34.20,-0.15,2218745,75518242,1821
2022-11-16,TWSE,2812,台中銀,12.90,12.90,12.70,12.70,-0.20,4491604,57425150,2727
2022-11-16,TWSE,2816,旺旺保,15.30,15.45,15.15,15.25,-0.30,50140,765658,49
2022-11-16,TWSE,2820,華票,14.65,14.65,14.45,14.50,-0.15,735417,10688176,466
2022-11-16,TWSE,2832,台產,20.15,20.15,20.05,20.05,-0.15,78943,1586662,87
2022-11-16,TWSE,2834,臺企銀,12.65,12.80,12.55,12.55,0.00,60189230,762687092,11330
2022-11-16,TWSE,2836,高雄銀,12.75,12.80,12.55,12.65,-0.10,466401,5907115,241
2022-11-16,TWSE,2836A,高雄銀甲特,21.80,21.80,21.80,21.80,0.00,12000,261600,6
2022-11-16,TWSE,2838,聯邦銀,16.20,16.25,15.65,15.80,-0.50,1521963,24206365,1034
2022-11-16,TWSE,2838A,聯邦銀甲特,50.00,50.20,49.95,50.20,0.20,143000,7153350,71
2022-11-16,TWSE,2845,遠東銀,10.85,10.90,10.70,10.70,-0.20,4301500,46357233,1408
2022-11-16,TWSE,2849,安泰銀,14.75,14.75,14.60,14.60,-0.10,73123,1070411,41
2022-11-16,TWSE,2850,新產,47.45,47.45,46.55,46.65,-0.75,860107,40344406,298
2022-11-16,TWSE,2851,中再保,18.40,18.40,17.95,17.95,-0.45,1586247,28688772,803
2022-11-16,TWSE,2852,第一保,15.25,15.30,15.10,15.20,-0.10,462965,7042769,114
2022-11-16,TWSE,2855,統一證,16.00,16.00,15.70,15.75,-0.20,603238,9537526,355
2022-11-16,TWSE,2867,三商壽,5.50,5.56,5.45,5.50,-0.14,105643401,582888990,10544
2022-11-16,TWSE,2880,華南金,22.20,22.40,22.00,22.05,-0.30,12543300,277656107,4380
2022-11-16,TWSE,2881,富邦金,56.30,56.70,55.30,55.50,-0.90,17270862,965311843,10350
2022-11-16,TWSE,2881A,富邦特,59.70,60.00,59.70,59.90,0.00,100243,6012801,40
2022-11-16,TWSE,2881B,富邦金乙特,56.20,56.70,56.20,56.70,0.20,15284,862604,15
2022-11-16,TWSE,2881C,富邦金丙特,54.30,54.50,54.30,54.30,0.00,47138,2561065,49
2022-11-16,TWSE,2882,國泰金,42.30,42.40,41.60,41.70,-0.70,23746918,996555741,11510
2022-11-16,TWSE,2882A,國泰特,55.60,56.10,55.60,55.90,0.30,276328,15436060,66
2022-11-16,TWSE,2882B,國泰金乙特,55.20,55.40,55.10,55.30,-0.10,51379,2835183,42
2022-11-16,TWSE,2883,凱基金,13.15,13.15,12.95,13.00,-0.15,34424511,448292540,10324
2022-11-16,TWSE,2883B,凱基金乙特,7.75,7.79,7.75,7.78,0.03,1618124,12576651,557
2022-11-16,TWSE,2884,玉山金,24.15,24.20,23.90,24.00,-0.20,35889606,862238011,11599
2022-11-16,TWSE,2885,元大金,21.45,21.45,21.10,21.25,-0.20,19174620,408065913,6430
2022-11-16,TWSE,2886,兆豐金,31.10,31.40,30.70,30.85,-0.30,24370641,754222862,10263
2022-11-16,TWSE,2887,台新新光金,14.80,14.90,14.60,14.80,-0.05,17269939,254452841,6335
2022-11-16,TWSE,2887E,台新新光戊特一,48.00,48.05,47.85,48.00,0.20,169824,8144631,76
2022-11-16,TWSE,2887F,台新新光戊特二,45.35,45.40,45.30,45.40,0.00,19000,861300,18
2022-11-16,TWSE,2887Z1,台新新光己特,16.60,16.65,16.60,16.65,0.05,25547,424669,28
2022-11-16,TWSE,2888,新光金,8.65,8.67,8.49,8.51,-0.16,38517188,329841596,8458
2022-11-16,TWSE,2888A,新光金甲特,35.30,35.40,35.20,35.35,0.00,60231,2125968,55
2022-11-16,TWSE,2888B,新光金乙特,35.10,35.10,35.10,35.10,0.05,144695,5078734,102
2022-11-16,TWSE,2889,國票金,11.35,11.35,11.05,11.05,-0.30,10456312,116486742,3963
2022-11-16,TWSE,2890,永豐金,16.90,17.10,16.80,16.90,-0.10,25647352,434056393,6385
2022-11-16,TWSE,2891,中信金,21.90,22.10,21.65,21.80,-0.20,38578445,843419141,11362
2022-11-16,TWSE,2891B,中信金乙特,,,,,0.00,0,0,0
2022-11-16,TWSE,2891C,中信金丙特,59.60,59.70,59.60,59.70,-0.10,3321,197082,16
2022-11-16,TWSE,2892,第一金,25.75,25.90,25.50,25.70,-0.20,19188703,492107541,7222
2022-11-16,TWSE,2897,王道銀行,8.40,8.41,8.25,8.25,-0.15,2602156,21662530,948
2022-11-16,TWSE,2897A,王道銀甲特,10.00,10.00,9.99,10.00,0.00,487001,4869950,13
2022-11-16,TWSE,2901,欣欣,23.50,23.50,23.45,23.45,-0.05,6495,152489,49
2022-11-16,TWSE,2903,遠百,19.40,19.45,19.15,19.15,-0.25,873222,16861743,301
2022-11-16,TWSE,2904,匯僑,19.20,19.20,18.85,18.85,-0.40,60960,1156383,90
2022-11-16,TWSE,2905,三商,14.65,14.65,14.40,14.40,-0.25,595782,8641379,338
2022-11-16,TWSE,2906,高林,17.60,18.40,17.25,18.35,1.60,11883358,211564536,5242
2022-11-16,TWSE,2908,特力,20.30,20.35,20.10,20.10,-0.20,103276,2082491,67
2022-11-16,TWSE,2910,統領,34.50,34.50,34.45,34.45,-0.30,20086,692666,17
2022-11-16,TWSE,2911,麗嬰房,6.49,6.49,6.34,6.34,-0.03,103002,656769,485
2022-11-16,TWSE,2912,統一超,263.50,265.50,262.00,262.00,-2.00,1692189,444906983,2086
2022-11-16,TWSE,2913,農林,22.75,23.10,22.75,22.90,0.00,1760470,40330355,827
2022-11-16,TWSE,2915,潤泰全,67.40,67.40,65.10,65.20,-1.90,8357918,550440856,8742
2022-11-16,TWSE,2923,鼎固-KY,21.45,21.50,21.45,21.50,0.10,2240,48087,8
2022-11-16,TWSE,2929,淘帝-KY,13.80,13.80,12.65,12.80,0.25,3786824,49821145,1548
2022-11-16,TWSE,2939,永邑-KY,34.20,34.95,33.75,34.90,0.50,97000,3329050,61
2022-11-16,TWSE,2945,三商家購,38.80,40.00,38.60,39.50,0.80,29392,1151425,46
2022-11-16,TWSE,3002,歐格,11.75,11.80,11.55,11.60,-0.10,254000,2958050,186
2022-11-16,TWSE,3003,健和興,72.00,73.20,71.50,72.20,0.90,1299929,93993682,1108
2022-11-16,TWSE,3004,豐達科,63.80,64.40,63.20,63.30,-0.80,121707,7735139,242
2022-11-16,TWSE,3005,神基,41.50,41.55,40.65,41.05,-0.40,1458185,59823025,1044
2022-11-16,TWSE,3006,晶豪科,72.00,78.20,71.60,78.20,7.10,19739411,1490744963,11977
2022-11-16,TWSE,3008,大立光,2120.00,2130.00,2055.00,2130.00,5.00,1194794,2511625045,4963
2022-11-16,TWSE,3010,華立,86.00,86.00,84.90,85.00,-0.60,155203,13227631,169
2022-11-16,TWSE,3011,今皓,15.50,16.40,15.35,16.05,0.80,1415527,22456916,607
2022-11-16,TWSE,3013,晟銘電,15.55,15.55,15.10,15.10,-0.35,433755,6620290,216
2022-11-16,TWSE,3014,聯陽,69.80,73.00,69.30,72.10,2.70,3094692,222187769,2438
2022-11-16,TWSE,3015,全漢,38.95,38.95,37.90,37.90,-0.75,134530,5132197,141
2022-11-16,TWSE,3016,嘉晶,78.50,78.60,77.20,78.00,-0.50,1730384,134942010,1825
2022-11-16,TWSE,3017,奇鋐,102.50,103.50,101.50,102.00,0.00,6039391,618658930,4109
2022-11-16,TWSE,3018,隆銘綠能,7.38,7.38,7.38,7.38,-0.81,170603,1258963,312
2022-11-16,TWSE,3019,亞光,64.50,64.80,63.30,63.70,-0.70,953890,60951153,792
2022-11-16,TWSE,3021,鴻名,22.00,22.00,21.05,21.05,-0.35,190826,4077492,151
2022-11-16,TWSE,3022,威強電,62.10,65.20,60.50,64.60,3.80,8224679,520483685,4414
2022-11-16,TWSE,3023,信邦,275.00,278.00,272.00,272.50,1.00,614182,168227451,598
2022-11-16,TWSE,3024,憶聲,13.15,13.15,12.80,12.85,-0.15,538804,6961170,210
2022-11-16,TWSE,3025,星通,20.60,21.30,20.55,20.90,0.20,869920,18142873,516
2022-11-16,TWSE,3026,禾伸堂,90.00,90.00,89.10,89.40,-0.60,146706,13129692,170
2022-11-16,TWSE,3027,盛達,24.95,25.35,24.40,24.60,-0.20,3194166,79164261,1722
2022-11-16,TWSE,3028,增你強,27.90,27.90,27.25,27.25,-0.35,291970,8023376,357
2022-11-16,TWSE,3029,零壹,39.10,39.15,38.90,38.95,-0.20,273341,10659695,192
2022-11-16,TWSE,3030,德律,63.70,64.00,63.30,63.30,-0.40,350559,22287700,290
2022-11-16,TWSE,3031,佰鴻,15.30,15.35,15.00,15.00,-0.25,193487,2928012,139
2022-11-16,TWSE,3032,偉訓,28.00,28.25,27.80,27.80,-0.20,126131,3523926,106
2022-11-16,TWSE,3033,威健,26.80,26.80,26.50,26.60,-0.05,909092,24256158,491
2022-11-16,TWSE,3034,聯詠,303.00,308.50,297.00,307.00,6.00,8396592,2556894256,9148
2022-11-16,TWSE,3035,智原,167.00,168.50,163.50,167.00,0.00,18878706,3136999223,11443
2022-11-16,TWSE,3036,文曄,60.60,60.90,59.90,59.90,-0.70,1849631,111425214,1170
2022-11-16,TWSE,3036A,文曄甲特,46.80,46.80,46.65,46.80,0.00,20537,959560,21
2022-11-16,TWSE,3037,欣興,161.00,162.00,157.50,161.50,0.50,38714964,6204775743,22320
2022-11-16,TWSE,3038,全台,21.00,21.00,20.40,20.45,-0.45,1722099,35364710,799
2022-11-16,TWSE,3040,遠見,29.50,29.70,29.50,29.60,-0.40,16002,473504,38
2022-11-16,TWSE,3041,揚智,19.80,20.25,19.40,20.10,0.30,1147190,22870746,706
2022-11-16,TWSE,3042,晶技,81.40,83.40,81.40,82.90,0.80,1598825,132080842,1321
2022-11-16,TWSE,3043,科風,6.94,6.94,6.31,6.50,-0.44,1055606,6925941,271
2022-11-16,TWSE,3044,健鼎,94.50,95.00,94.00,94.60,0.10,1337834,126209056,979
2022-11-16,TWSE,3045,台灣大,93.70,93.70,92.70,92.70,-1.30,5399886,502370935,3559
2022-11-16,TWSE,3046,建碁,52.40,56.40,52.10,54.50,1.70,9988891,543024492,6368
2022-11-16,TWSE,3047,訊舟,16.00,16.05,15.60,15.60,-0.35,3662532,57711033,1375
2022-11-16,TWSE,3048,益登,27.85,27.95,27.70,27.80,-0.05,343945,9569479,225
2022-11-16,TWSE,3049,精金,9.60,9.60,9.40,9.40,-0.15,1580481,14994534,606
2022-11-16,TWSE,3050,鈺德,16.15,16.25,15.80,15.90,-0.20,472305,7525619,193
2022-11-16,TWSE,3051,力特,20.10,20.10,19.60,19.90,0.00,1059329,21113126,546
2022-11-16,TWSE,3052,夆典,10.15,10.15,10.05,10.05,-0.05,209213,2112043,57
2022-11-16,TWSE,3054,立萬利,19.50,19.50,19.15,19.15,-0.20,10064,193579,19
2022-11-16,TWSE,3055,蔚華科,26.10,26.15,25.65,25.70,-0.40,58246,1506563,103
2022-11-16,TWSE,3056,富華新,33.00,33.00,32.60,32.60,-0.30,907608,29707963,691
2022-11-16,TWSE,3057,喬鼎,10.20,10.20,9.99,9.99,-0.11,68806,690075,121
2022-11-16,TWSE,3058,立德,9.62,9.65,9.50,9.50,-0.16,225227,2156070,133
2022-11-16,TWSE,3059,華晶科,34.60,35.15,34.40,34.45,-0.15,2580622,89528524,1600
2022-11-16,TWSE,3060,銘異,16.90,16.90,16.70,16.70,-0.20,153383,2573170,217
2022-11-16,TWSE,3062,建漢,23.35,23.50,23.05,23.15,-0.25,3812311,88561866,1890
2022-11-16,TWSE,3090,日電貿,52.00,52.60,51.60,51.60,-0.20,963872,50203764,616
2022-11-16,TWSE,3092,鴻碩,37.15,37.70,36.75,36.75,-0.40,281402,10435377,192
2022-11-16,TWSE,3094,聯傑,26.60,26.60,25.70,26.15,-0.10,248717,6505840,153
2022-11-16,TWSE,3130,一零四,191.00,191.00,190.00,190.00,-0.50,11543,2201502,101
2022-11-16,TWSE,3138,耀登,134.00,135.00,130.50,131.00,-2.00,356066,47029010,550
2022-11-16,TWSE,3149,正達,21.20,21.20,20.55,20.55,-0.50,1011844,20907063,696
2022-11-16,TWSE,3164,景岳,23.20,23.20,22.10,22.15,0.30,283173,6394188,184
2022-11-16,TWSE,3167,大量,44.00,44.05,43.00,43.00,-1.15,144195,6268407,100
2022-11-16,TWSE,3189,景碩,122.00,123.00,120.00,121.50,0.00,14784901,1799214006,8967
2022-11-16,TWSE,3209,全科,34.90,34.95,34.20,34.30,-0.40,642515,22176643,502
2022-11-16,TWSE,3229,晟鈦,19.70,20.25,19.70,20.05,-0.25,6002,119689,8
2022-11-16,TWSE,3231,緯創,27.45,27.70,27.30,27.70,0.15,11878039,327076159,4256
2022-11-16,TWSE,3257,虹冠電,39.70,40.35,39.40,40.05,-0.30,32565,1305450,37
2022-11-16,TWSE,3266,昇陽,11.20,11.25,11.10,11.10,-0.15,51030,569437,41
2022-11-16,TWSE,3296,勝德,17.25,17.30,16.45,16.85,-0.30,625000,10496700,388
2022-11-16,TWSE,3305,昇貿,41.45,41.60,40.55,40.55,-0.25,793710,32557285,623
2022-11-16,TWSE,3308,聯德,13.70,13.80,13.50,13.60,-0.10,72884,990882,41
2022-11-16,TWSE,3311,閎暉,32.65,32.95,32.45,32.65,0.00,32172,1050938,34
2022-11-16,TWSE,3312,弘憶股,18.45,18.55,18.20,18.20,-0.20,385342,7078457,252
2022-11-16,TWSE,3321,同泰,8.84,8.84,8.61,8.61,-0.15,115386,1000543,95
2022-11-16,TWSE,3338,泰碩,34.00,34.20,33.50,33.50,-0.30,172274,5804448,154
2022-11-16,TWSE,3346,麗清,32.00,32.00,31.20,31.40,-0.30,465467,14648506,389
2022-11-16,TWSE,3356,奇偶,42.05,43.80,41.85,42.50,0.15,7845234,336375327,5276
2022-11-16,TWSE,3376,新日興,83.60,83.60,81.90,82.00,-1.10,386218,31737424,627
2022-11-16,TWSE,3380,明泰,29.50,29.65,28.85,29.15,-0.05,2557681,74899023,1351
2022-11-16,TWSE,3406,玉晶光,373.00,375.00,363.50,371.00,0.50,5866328,2169142618,5127
2022-11-16,TWSE,3413,京鼎,190.00,190.50,186.50,189.00,-0.50,788380,148907058,1159
2022-11-16,TWSE,3416,融程電,85.00,85.30,84.20,84.20,-0.70,176611,14929472,194
2022-11-16,TWSE,3419,譁裕,19.30,20.00,19.30,20.00,0.85,16929395,334305605,4975
2022-11-16,TWSE,3432,台端,21.90,21.90,20.90,21.35,-0.15,1441499,30627251,722
2022-11-16,TWSE,3437,榮創,17.20,17.20,16.95,16.95,-0.20,206720,3531905,211
2022-11-16,TWSE,3443,創意,648.00,696.00,645.00,694.00,46.00,12661116,8494318889,13180
2022-11-16,TWSE,3450,聯鈞,38.05,39.20,37.70,38.90,0.95,713620,27638494,564
2022-11-16,TWSE,3454,晶睿,170.00,177.00,168.50,174.50,4.00,7672504,1329912472,5633
2022-11-16,TWSE,3481,群創,13.20,13.30,12.80,12.85,-0.35,71505777,926557821,18969
2022-11-16,TWSE,3494,誠研,9.15,9.15,8.84,8.84,-0.21,741243,6631208,352
2022-11-16,TWSE,3501,維熹,48.20,48.20,47.80,47.80,-0.35,183404,8792431,161
2022-11-16,TWSE,3504,揚明光,89.60,91.30,87.70,90.80,-0.30,5242365,470776570,3789
2022-11-16,TWSE,3515,華擎,108.50,113.50,107.00,113.50,10.00,3166175,353619839,1949
2022-11-16,TWSE,3518,柏騰,19.95,20.05,19.75,19.80,-0.20,153175,3038403,96
2022-11-16,TWSE,3528,安馳,50.10,50.10,49.70,49.70,-0.30,8000,399000,7
2022-11-16,TWSE,3530,晶相光,75.50,79.90,74.50,77.50,3.00,370230,28859890,426
2022-11-16,TWSE,3532,台勝科,168.50,168.50,163.00,167.00,-0.50,3193481,528802051,2669
2022-11-16,TWSE,3533,嘉澤,788.00,810.00,786.00,805.00,25.00,848873,679182274,1028
2022-11-16,TWSE,3535,晶彩科,26.05,26.40,25.70,25.70,-0.15,2825379,73344502,1372
2022-11-16,TWSE,3536,誠創,3.93,3.93,3.66,3.79,-0.14,76496,284543,31
2022-11-16,TWSE,3543,州巧,19.65,19.85,19.50,19.65,-0.10,49009,961273,46
2022-11-16,TWSE,3545,敦泰,69.50,69.50,66.10,69.00,1.60,14192576,957777719,8740
2022-11-16,TWSE,3550,聯穎,13.55,13.55,13.25,13.25,-0.30,99119,1323857,92
2022-11-16,TWSE,3557,嘉威,50.60,51.60,50.60,50.90,0.30,142784,7298366,149
2022-11-16,TWSE,3563,牧德,134.50,136.50,133.00,135.00,1.00,142535,19219539,159
2022-11-16,TWSE,3576,聯合再生,22.05,22.45,21.75,21.75,-0.20,12379574,273311848,4783
2022-11-16,TWSE,3583,辛耘,73.00,74.60,72.00,72.30,-0.20,1554270,113267347,1399
2022-11-16,TWSE,3588,通嘉,65.30,66.80,64.80,66.00,0.50,1885565,124209181,1471
2022-11-16,TWSE,3591,艾笛森,14.90,15.05,14.80,14.80,-0.10,119517,1776864,86
2022-11-16,TWSE,3592,瑞鼎,300.00,324.50,297.00,324.50,29.50,5629326,1751233770,5164
2022-11-16,TWSE,3593,力銘,14.05,14.30,14.05,14.30,-0.05,15010,213340,22
2022-11-16,TWSE,3596,智易,99.20,99.90,97.20,98.80,0.40,2152579,212514123,1834
2022-11-16,TWSE,3605,宏致,31.55,31.90,31.20,31.80,0.40,357772,11324135,274
2022-11-16,TWSE,3607,谷崧,12.20,12.30,11.90,11.90,-0.30,150049,1807848,94
2022-11-16,TWSE,3617,碩天,105.50,107.00,104.00,105.50,1.00,448203,47144727,380
2022-11-16,TWSE,3622,洋華,27.85,28.00,27.35,27.45,-0.35,189141,5230969,113
2022-11-16,TWSE,3645,達邁,31.80,31.80,31.00,31.10,-0.40,391555,12256551,270
2022-11-16,TWSE,3652,精聯,22.55,22.80,22.35,22.35,-0.40,61000,1368850,44
2022-11-16,TWSE,3653,健策,382.50,387.00,378.00,385.00,5.00,1037440,398090064,1106
2022-11-16,TWSE,3661,世芯-KY,848.00,867.00,840.00,860.00,17.00,6898488,5901138848,6885
2022-11-16,TWSE,3665,貿聯-KY,253.00,255.50,251.00,253.00,-1.00,3465741,876659500,2895
2022-11-16,TWSE,3669,圓展,41.60,41.80,40.85,41.05,-0.45,168668,6941316,186
2022-11-16,TWSE,3673,TPK-KY,31.05,31.10,30.75,30.80,-0.15,700158,21646289,405
2022-11-16,TWSE,3679,新至陞,94.00,94.10,92.10,92.10,-2.10,61070,5689950,88
2022-11-16,TWSE,3682,亞太電,6.27,6.27,6.15,6.15,-0.09,1866076,11556168,690
2022-11-16,TWSE,3686,達能,12.90,13.30,12.90,13.30,1.20,1160151,15297594,647
2022-11-16,TWSE,3694,海華,20.70,20.70,20.25,20.25,-0.30,198130,4049005,163
2022-11-16,TWSE,3701,大眾控,39.60,40.20,38.65,39.90,0.50,807519,31828170,570
2022-11-16,TWSE,3702,大聯大,46.95,47.35,46.65,47.05,0.05,3897483,183337321,2130
2022-11-16,TWSE,3702A,大聯大甲特,47.05,47.10,47.05,47.05,0.05,83205,3914834,50
2022-11-16,TWSE,3703,欣陸,28.35,28.40,28.05,28.10,-0.25,1526207,43008603,949
2022-11-16,TWSE,3704,合勤控,32.40,32.45,31.65,31.75,-0.35,2500488,80092678,1819
2022-11-16,TWSE,3705,永信,40.10,40.10,39.80,39.80,-0.20,142577,5688591,106
2022-11-16,TWSE,3706,神達,29.00,29.40,28.85,29.15,0.30,5851067,170630941,2888
2022-11-16,TWSE,3708,上緯投控,94.10,94.40,90.00,93.20,0.00,2523176,232101937,1999
2022-11-16,TWSE,3711,日月光投控,92.60,94.20,92.30,93.60,0.80,17692153,1652680401,11371
2022-11-16,TWSE,3712,永崴投控,24.95,25.30,24.85,24.85,-0.30,133939,3366826,112
2022-11-16,TWSE,3714,富采,46.20,46.80,45.95,46.50,0.30,4885882,226939848,3151
2022-11-16,TWSE,3715,定穎投控,17.90,17.90,17.55,17.55,-0.25,467998,8257744,330
2022-11-16,TWSE,4104,佳醫,62.30,62.40,61.90,61.90,-0.40,251122,15593272,397
2022-11-16,TWSE,4106,雃博,24.35,24.60,24.20,24.25,-0.10,187905,4576265,163
2022-11-16,TWSE,4108,懷特,18.10,18.25,17.95,18.00,0.05,179602,3249548,140
2022-11-16,TWSE,4119,旭富,88.10,88.50,87.30,87.30,-0.80,339903,29823640,324
2022-11-16,TWSE,4133,亞諾法,37.10,37.60,36.60,37.00,0.35,571823,21175343,478
2022-11-16,TWSE,4137,麗豐-KY,165.00,165.50,163.00,164.50,0.00,115619,18981242,113
2022-11-16,TWSE,4142,國光生,35.10,36.30,35.10,36.00,0.40,2769422,99691656,1434
2022-11-16,TWSE,4148,全宇生技-KY,56.60,60.80,56.60,60.00,4.20,1680432,99181157,1317
2022-11-16,TWSE,4155,訊映,25.70,25.80,25.05,25.10,-0.60,650906,16442920,350
2022-11-16,TWSE,4164,承業醫,40.50,41.80,40.45,41.30,0.60,455620,18861930,385
2022-11-16,TWSE,4190,佐登-KY,68.00,69.70,68.00,68.30,-0.50,189112,13002540,132
2022-11-16,TWSE,4306,炎洲,14.30,14.35,14.15,14.20,-0.10,626708,8924327,308
2022-11-16,TWSE,4426,利勤,24.40,24.40,23.60,23.70,-0.60,391435,9318859,262
2022-11-16,TWSE,4438,廣越,125.00,125.50,121.50,121.50,-3.50,351081,43211521,300
2022-11-16,TWSE,4439,冠星-KY,99.70,100.00,99.50,99.90,0.00,22000,2197100,15
2022-11-16,TWSE,4440,宜新實業,33.70,33.95,33.45,33.60,-0.25,32000,1073150,23
2022-11-16,TWSE,4526,東台,14.15,14.25,13.80,13.80,-0.30,193683,2716846,162
2022-11-16,TWSE,4532,瑞智,16.80,16.80,16.00,16.05,-0.35,914270,14810272,461
2022-11-16,TWSE,4536,拓凱,168.00,170.00,165.00,165.50,-2.50,637265,106161818,667
2022-11-16,TWSE,4540,全球傳動,36.75,36.75,35.70,35.70,-0.35,83130,2998299,69
2022-11-16,TWSE,4545,銘鈺,28.30,28.30,27.75,27.75,-0.55,17050,475750,25
2022-11-16,TWSE,4551,智伸科,159.00,160.00,156.50,156.50,-2.00,352057,55454088,304
2022-11-16,TWSE,4552,力達-KY,29.05,29.10,28.70,28.70,-0.40,198910,5745641,117
2022-11-16,TWSE,4555,氣立,50.40,50.60,50.10,50.50,0.10,30000,1512200,25
2022-11-16,TWSE,4557,永新-KY,106.00,106.00,103.50,105.00,0.00,97702,10266569,90
2022-11-16,TWSE,4560,強信-KY,39.00,39.00,38.35,38.40,-0.60,105030,4040851,69
2022-11-16,TWSE,4562,穎漢,15.30,15.50,15.20,15.20,-0.10,37099,567814,34
2022-11-16,TWSE,4564,元翎,24.75,25.10,24.05,24.65,0.20,444862,10948231,270
2022-11-16,TWSE,4566,時碩工業,53.10,53.10,52.00,52.30,-0.20,267000,13981200,181
2022-11-16,TWSE,4571,鈞興-KY,69.00,72.00,67.80,68.00,-1.00,37159,2540516,34
2022-11-16,TWSE,4572,駐龍,112.50,113.50,112.00,112.00,-1.00,175022,19703946,155
2022-11-16,TWSE,4576,大銀微系統,72.00,72.60,70.00,70.00,-2.00,106829,7658800,149
2022-11-16,TWSE,4581,光隆精密-KY,,,,,0.00,0,0,0
2022-11-16,TWSE,4583,台灣精銳,186.00,188.50,185.00,185.00,-6.00,12476,2323471,20
2022-11-16,TWSE,4720,德淵,14.30,14.35,14.05,14.05,-0.10,331310,4685879,133
2022-11-16,TWSE,4722,國精化,33.60,33.70,33.20,33.20,-0.40,52123,1737511,51
2022-11-16,TWSE,4737,華廣,76.90,78.00,76.90,77.40,-0.50,26404,2048122,38
2022-11-16,TWSE,4739,康普,99.50,100.00,97.70,98.10,-1.60,2172237,214204001,1807
2022-11-16,TWSE,4746,台耀,55.60,55.60,54.20,55.00,0.30,1133121,62259452,830
2022-11-16,TWSE,4755,三福化,122.50,124.50,118.50,118.50,-4.00,1767192,213749051,1455
2022-11-16,TWSE,4763,材料*-KY,137.00,147.00,135.50,145.00,10.50,6679271,957879657,4568
2022-11-16,TWSE,4764,雙鍵,48.70,49.35,48.25,49.25,-0.30,11010,537735,12
2022-11-16,TWSE,4766,南寶,136.00,136.50,134.00,134.00,-1.00,72692,9850764,80
2022-11-16,TWSE,4770,上品,326.00,338.00,315.00,320.00,-6.00,2913256,947003735,2687
2022-11-16,TWSE,4807,日成-KY,21.10,21.90,20.90,20.90,0.25,121428,2577078,95
2022-11-16,TWSE,4904,遠傳,67.50,67.60,66.10,66.20,-1.80,13099641,872965324,7539
2022-11-16,TWSE,4906,正文,28.00,28.10,27.70,27.70,-0.25,1265919,35244175,896
2022-11-16,TWSE,4912,聯德控股-KY,82.00,82.60,80.50,80.50,-2.40,53750,4369194,95
2022-11-16,TWSE,4915,致伸,55.60,56.10,55.00,55.70,-0.10,6727231,374192013,3742
2022-11-16,TWSE,4916,事欣科,22.50,22.55,22.00,22.10,-0.40,198724,4403062,142
2022-11-16,TWSE,4919,新唐,119.00,123.50,116.00,123.00,7.00,33510959,4017376804,20248
2022-11-16,TWSE,4927,泰鼎-KY,55.10,56.00,54.30,55.20,0.40,2347717,129816192,1378
2022-11-16,TWSE,4930,燦星網,26.30,26.30,26.00,26.00,-0.30,96512,2521948,121
2022-11-16,TWSE,4934,太極,26.45,26.65,26.20,26.60,0.15,620224,16416783,384
2022-11-16,TWSE,4935,茂林-KY,61.80,62.70,60.90,61.70,0.50,373018,23134287,288
2022-11-16,TWSE,4938,和碩,59.70,60.60,59.60,60.40,-0.20,6273794,377939594,3317
2022-11-16,TWSE,4942,嘉彰,35.75,36.30,35.60,35.70,0.20,221243,7934751,154
2022-11-16,TWSE,4943,康控-KY,10.40,10.40,10.40,10.40,-1.15,287974,2994924,164
2022-11-16,TWSE,4952,凌通,48.65,49.60,48.20,48.90,0.25,520560,25502803,482
2022-11-16,TWSE,4956,光鋐,14.50,14.50,14.30,14.30,-0.05,91094,1309106,81
2022-11-16,TWSE,4958,臻鼎-KY,119.50,121.00,118.50,120.00,1.00,7840509,940245659,4756
2022-11-16,TWSE,4960,誠美材,10.15,10.15,10.00,10.05,-0.05,1248170,12577306,518
2022-11-16,TWSE,4961,天鈺,128.00,133.00,125.50,129.00,1.50,10412593,1344434414,7459
2022-11-16,TWSE,4967,十銓,30.75,31.70,30.35,31.05,0.55,452902,14117220,508
2022-11-16,TWSE,4968,立積,114.50,115.00,111.00,113.50,-1.00,4287506,482473123,3245
2022-11-16,TWSE,4976,佳凌,38.75,39.00,37.70,38.00,-0.50,530830,20225544,438
2022-11-16,TWSE,4977,眾達-KY,92.50,92.50,90.20,90.30,-1.60,772073,70286858,659
2022-11-16,TWSE,4989,榮科,25.90,26.00,25.55,25.55,-0.25,151525,3906857,126
2022-11-16,TWSE,4994,傳奇,40.90,41.05,39.90,39.90,-1.00,48037,1946082,49
2022-11-16,TWSE,4999,鑫禾,36.80,36.90,36.45,36.50,-0.30,34182,1250918,33
2022-11-16,TWSE,5007,三星,52.60,53.00,52.00,52.00,-0.90,132455,6931281,88
2022-11-16,TWSE,5203,訊連,85.00,86.30,84.50,84.50,0.60,251940,21473625,241
2022-11-16,TWSE,5215,科嘉-KY,50.90,50.90,49.50,49.70,-0.90,412281,20548159,347
2022-11-16,TWSE,5222,全訊,130.00,139.00,130.00,134.00,5.00,1061509,143885768,944
2022-11-16,TWSE,5225,東科-KY,41.10,41.10,37.45,38.00,-2.50,4945617,191069457,2887
2022-11-16,TWSE,5234,達興材料,66.10,68.10,65.90,67.20,1.00,287745,19378624,302
2022-11-16,TWSE,5243,乙盛-KY,61.40,61.70,60.20,60.40,-0.80,1648401,100135481,1237
2022-11-16,TWSE,5244,弘凱,23.40,23.55,23.30,23.55,-0.05,44130,1033511,31
2022-11-16,TWSE,5258,虹堡,68.20,68.70,66.80,67.60,-0.60,6718156,455540942,4286
2022-11-16,TWSE,5269,祥碩,727.00,739.00,714.00,738.00,6.00,1505244,1094331586,1822
2022-11-16,TWSE,5283,禾聯碩,101.00,101.50,101.00,101.00,0.00,46475,4705688,70
2022-11-16,TWSE,5284,jpp-KY,56.40,57.00,54.90,56.60,-0.60,1216829,68262386,997
2022-11-16,TWSE,5285,界霖,65.30,65.90,64.50,65.40,0.10,258803,16915109,227
2022-11-16,TWSE,5288,豐祥-KY,168.50,169.00,167.00,167.00,-1.00,81010,13608680,77
2022-11-16,TWSE,5306,桂盟,154.50,156.00,152.00,152.00,-2.50,181586,27821477,308
2022-11-16,TWSE,5388,中磊,77.00,77.50,76.10,76.80,-0.10,4645364,356642425,3438
2022-11-16,TWSE,5434,崇越,162.50,162.50,160.00,160.00,-1.50,280751,45184202,343
2022-11-16,TWSE,5469,瀚宇博,34.30,34.85,33.85,34.35,0.25,2658774,91473048,1619
2022-11-16,TWSE,5471,松翰,49.80,50.80,48.90,50.30,0.85,811832,40540811,792
2022-11-16,TWSE,5484,慧友,12.75,12.75,12.70,12.70,-0.10,20765,264287,18
2022-11-16,TWSE,5515,建國,11.00,11.00,10.95,10.95,-0.05,117820,1293624,58
2022-11-16,TWSE,5519,隆大,22.30,22.30,22.10,22.10,-0.15,183756,4070161,126
2022-11-16,TWSE,5521,工信,6.47,6.47,6.34,6.40,-0.07,722920,4627823,394
2022-11-16,TWSE,5522,遠雄,52.50,53.30,52.30,52.30,-0.30,707572,37222458,518
2022-11-16,TWSE,5525,順天,23.95,24.00,23.70,23.70,-0.25,43019,1022207,36
2022-11-16,TWSE,5531,鄉林,9.26,9.26,9.12,9.12,-0.09,293503,2694469,168
2022-11-16,TWSE,5533,皇鼎,17.55,17.70,17.55,17.55,-0.15,96100,1689305,47
2022-11-16,TWSE,5534,長虹,71.30,71.50,71.10,71.10,-0.20,315609,22476596,290
2022-11-16,TWSE,5538,東明-KY,41.45,41.90,41.35,41.35,-0.70,78080,3239358,52
2022-11-16,TWSE,5546,永固-KY,46.35,46.35,45.30,45.30,-0.95,21008,958414,23
2022-11-16,TWSE,5607,遠雄港,56.10,56.10,54.60,55.00,-0.60,803597,44392626,522
2022-11-16,TWSE,5608,四維航,25.00,25.40,24.70,24.95,0.00,13107768,328515967,5713
2022-11-16,TWSE,5706,鳳凰,53.20,53.20,51.80,52.20,-0.50,347034,18156437,339
2022-11-16,TWSE,5871,中租-KY,191.00,192.00,185.50,187.50,-7.50,8999246,1693735680,16922
2022-11-16,TWSE,5871A,中租-KY甲特,94.70,95.10,94.60,94.80,0.10,133843,12689112,82
2022-11-16,TWSE,5876,上海商銀,46.10,46.40,45.65,45.80,-0.60,6619445,304252772,2828
2022-11-16,TWSE,5880,合庫金,26.50,26.70,26.35,26.45,-0.25,11280541,298569194,5479
2022-11-16,TWSE,5906,台南-KY,31.40,31.40,31.10,31.15,0.00,4000,125050,4
2022-11-16,TWSE,5907,大洋-KY,13.50,13.85,13.50,13.60,0.00,99002,1349826,47
2022-11-16,TWSE,6005,群益證,11.20,11.30,11.00,11.15,-0.10,2332645,25921836,704
2022-11-16,TWSE,6024,群益期,36.00,36.00,35.80,35.80,-0.20,152474,5474274,164
2022-11-16,TWSE,6108,競國,16.70,16.75,16.60,16.60,-0.20,67008,1116730,51
2022-11-16,TWSE,6112,邁達特,32.00,32.00,31.75,31.75,-0.20,169947,5425797,89
2022-11-16,TWSE,6115,鎰勝,42.00,42.30,41.10,41.65,-0.55,311376,12989399,209
2022-11-16,TWSE,6116,彩晶,12.10,12.20,11.75,11.80,-0.25,10680450,127367741,2960
2022-11-16,TWSE,6117,迎廣,14.25,14.25,13.75,13.75,-0.25,177154,2462046,158
2022-11-16,TWSE,6120,達運,9.28,9.30,9.15,9.15,-0.13,679210,6241290,416
2022-11-16,TWSE,6128,上福,29.20,29.30,28.90,28.90,-0.30,107144,3118327,74
2022-11-16,TWSE,6133,金橋,27.20,27.70,26.70,27.10,-0.10,13955965,378563099,6128
2022-11-16,TWSE,6136,富爾特,18.25,18.25,17.85,17.85,-0.40,55616,999218,57
2022-11-16,TWSE,6139,亞翔,32.60,32.60,31.80,31.90,-0.55,1058729,33984931,662
2022-11-16,TWSE,6141,柏承,19.20,19.50,19.15,19.25,-0.15,91252,1762063,78
2022-11-16,TWSE,6142,友勁,9.83,9.83,9.53,9.57,-0.24,1005459,9704022,551
2022-11-16,TWSE,6152,百一,10.75,11.05,10.50,11.00,0.30,999602,10863211,352
2022-11-16,TWSE,6153,嘉聯益,28.95,29.45,28.65,29.15,0.00,14815209,431637390,6216
2022-11-16,TWSE,6155,鈞寶,23.70,23.95,23.45,23.45,-0.25,235019,5540643,180
2022-11-16,TWSE,6164,華興,9.96,10.00,9.91,9.91,0.00,203398,2021572,123
2022-11-16,TWSE,6165,浪凡,26.80,26.80,26.35,26.45,-0.55,96020,2549631,75
2022-11-16,TWSE,6166,凌華,50.00,50.10,49.20,49.25,-0.75,208106,10315437,143
2022-11-16,TWSE,6168,宏齊,17.65,17.80,17.55,17.70,0.05,328673,5816151,175
2022-11-16,TWSE,6176,瑞儀,103.50,104.00,102.50,103.50,0.00,1892286,195509731,1631
2022-11-16,TWSE,6177,達麗,27.75,27.80,27.60,27.60,-0.10,239369,6629443,120
2022-11-16,TWSE,6183,關貿,57.00,57.00,55.70,55.80,-1.20,74939,4211622,124
2022-11-16,TWSE,6184,大豐電,47.70,47.90,47.55,47.55,-0.10,41887,1997859,53
2022-11-16,TWSE,6189,豐藝,37.25,37.30,37.00,37.00,-0.25,217317,8073423,206
2022-11-16,TWSE,6191,精成科,30.20,30.20,29.50,29.80,-0.05,1816134,54157984,932
2022-11-16,TWSE,6192,巨路,69.80,69.90,69.10,69.20,-0.70,87953,6118504,195
2022-11-16,TWSE,6196,帆宣,121.00,124.50,117.50,120.00,3.00,5292869,637220477,4526
2022-11-16,TWSE,6197,佳必琪,37.95,38.10,37.70,37.70,-0.30,197650,7486728,199
2022-11-16,TWSE,6201,亞弘電,39.90,39.90,39.10,39.10,0.00,6000,236100,6
2022-11-16,TWSE,6202,盛群,71.60,73.90,70.90,73.10,3.20,6718464,488203437,4824
2022-11-16,TWSE,6205,詮欣,79.00,79.00,76.50,77.10,-1.80,2830275,218683347,2176
2022-11-16,TWSE,6206,飛捷,68.40,69.20,68.00,68.00,-0.50,448779,30682855,384
2022-11-16,TWSE,6209,今國光,26.35,26.60,26.00,26.25,0.25,543401,14293186,327
2022-11-16,TWSE,6213,聯茂,72.50,78.40,71.10,75.10,3.60,13594110,1024984639,8641
2022-11-16,TWSE,6214,精誠,67.50,67.90,67.00,67.00,-0.40,298551,20122487,239
2022-11-16,TWSE,6215,和椿,21.65,21.65,20.75,20.75,-0.45,427230,9061050,284
2022-11-16,TWSE,6216,居易,26.00,26.00,25.60,25.70,-0.20,216818,5597898,130
2022-11-16,TWSE,6224,聚鼎,55.20,56.40,55.20,56.00,0.20,131360,7344797,139
2022-11-16,TWSE,6225,天瀚,4.82,5.16,4.70,4.70,-0.39,91001,441478,52
2022-11-16,TWSE,6226,光鼎,10.45,10.45,10.25,10.30,-0.15,358130,3704894,171
2022-11-16,TWSE,6230,尼得科超眾,111.50,111.50,109.00,109.50,-2.50,34905,3841812,56
2022-11-16,TWSE,6235,華孚,34.60,35.20,34.00,34.80,0.65,9492970,328845563,4873
2022-11-16,TWSE,6239,力成,80.90,82.40,80.70,82.20,1.50,3177567,259776331,2523
2022-11-16,TWSE,6243,迅杰,28.20,30.05,27.60,28.70,0.95,690606,20051471,507
2022-11-16,TWSE,6257,矽格,50.00,50.60,49.85,50.10,-0.10,2739623,137650832,1545
2022-11-16,TWSE,6269,台郡,106.50,108.00,105.50,108.00,1.50,4327884,463330577,3319
2022-11-16,TWSE,6271,同欣電,191.50,195.00,189.50,191.00,0.00,1635966,312593109,3272
2022-11-16,TWSE,6277,宏正,79.00,79.00,78.30,78.30,-0.60,150183,11788208,153
2022-11-16,TWSE,6278,台表科,93.30,93.90,91.50,93.60,1.00,2118960,197379204,1701
2022-11-16,TWSE,6281,全國電,82.30,82.30,81.40,81.40,-0.60,8546,698476,18
2022-11-16,TWSE,6282,康舒,30.60,30.75,29.90,29.90,-0.50,7704185,233002272,4237
2022-11-16,TWSE,6283,淳安,36.30,38.25,36.30,36.50,1.70,6338876,236213325,3529
2022-11-16,TWSE,6285,啟碁,81.50,82.20,80.10,81.00,-0.80,8832867,717377653,5859
2022-11-16,TWSE,6288,聯嘉,22.15,22.15,21.60,21.60,-0.50,544477,11825686,379
2022-11-16,TWSE,6405,悅城,20.15,20.15,19.80,19.80,-0.50,41000,816450,30
2022-11-16,TWSE,6409,旭隼,1590.00,1630.00,1560.00,1565.00,-30.00,217644,343802140,281
2022-11-16,TWSE,6412,群電,72.50,72.50,70.50,70.50,-1.80,388608,27643689,484
2022-11-16,TWSE,6414,樺漢,203.50,204.00,197.50,199.50,-4.00,1094682,218405855,1240
2022-11-16,TWSE,6415,矽力*-KY,467.00,511.00,467.00,497.00,30.00,4622383,2271420328,4592
2022-11-16,TWSE,6416,瑞祺電通,84.30,86.40,84.20,85.20,1.00,278561,23753591,239
2022-11-16,TWSE,6426,統新,63.70,63.70,61.70,61.90,-0.70,168150,10441886,142
2022-11-16,TWSE,6431,光麗-KY,21.40,21.60,21.05,21.05,-0.55,58000,1231350,32
2022-11-16,TWSE,6438,迅得,85.90,86.40,84.90,85.40,0.50,475769,40837758,385
2022-11-16,TWSE,6442,光聖,44.45,44.80,43.75,44.20,-0.20,605319,26708431,461
2022-11-16,TWSE,6443,元晶,33.80,34.00,33.20,33.40,-0.05,23732824,797502823,12286
2022-11-16,TWSE,6449,鈺邦,42.00,42.20,41.50,41.50,-0.60,38042,1594470,48
2022-11-16,TWSE,6451,訊芯-KY,81.10,81.60,80.00,80.00,-1.40,211655,17029443,292
2022-11-16,TWSE,6456,GIS-KY,88.00,89.00,87.10,87.50,-0.30,2035823,179161710,1807
2022-11-16,TWSE,6464,台數科,96.00,96.30,95.20,95.20,-0.90,34065,3261349,44
2022-11-16,TWSE,6477,安集,48.05,48.50,46.30,47.20,-0.75,9423977,445126060,5946
2022-11-16,TWSE,6491,晶碩,335.00,339.00,329.00,330.00,-4.50,441209,146554108,473
2022-11-16,TWSE,6504,南六,70.70,71.30,70.30,70.50,0.20,78579,5559382,67
2022-11-16,TWSE,6505,台塑化,85.50,85.90,83.20,83.20,-2.70,3960808,334028806,4889
2022-11-16,TWSE,6515,穎崴,360.00,361.00,348.00,348.00,-7.50,603435,212990485,590
2022-11-16,TWSE,6525,捷敏-KY,69.00,69.60,68.70,69.00,0.30,167569,11588766,214
2022-11-16,TWSE,6531,愛普*,180.50,193.00,177.50,192.50,12.00,13443462,2505868800,9879
2022-11-16,TWSE,6533,晶心科,520.00,534.00,515.00,523.00,3.00,5678791,2964132640,6255
2022-11-16,TWSE,6541,泰福-KY,31.25,31.50,30.25,30.65,-0.90,1366403,42029077,841
2022-11-16,TWSE,6550,北極星藥業-KY,98.70,101.50,98.20,100.50,2.70,12299184,1229826309,7811
2022-11-16,TWSE,6552,易華電,32.30,32.60,31.80,31.80,-0.30,89233,2870998,65
2022-11-16,TWSE,6558,興能高,20.65,20.75,20.20,20.60,-0.05,239783,4898493,178
2022-11-16,TWSE,6573,虹揚-KY,13.40,13.50,13.40,13.40,-0.15,38000,510650,31
2022-11-16,TWSE,6579,研揚,77.10,78.60,76.50,77.60,0.40,113010,8780776,91
2022-11-16,TWSE,6581,鋼聯,89.50,90.30,88.90,88.90,-0.60,117351,10485946,99
2022-11-16,TWSE,6582,申豐,56.10,56.70,54.50,54.50,-1.60,266570,14802183,194
2022-11-16,TWSE,6585,鼎基,48.25,48.30,48.15,48.25,-0.10,47169,2274772,47
2022-11-16,TWSE,6591,動力-KY,41.85,42.10,41.20,41.60,-0.25,195763,8185556,119
2022-11-16,TWSE,6592,和潤企業,100.50,100.50,98.60,98.90,-2.10,401856,39912689,464
2022-11-16,TWSE,6592A,和潤企業甲特,92.90,93.00,92.80,92.90,-0.10,24697,2296145,32
2022-11-16,TWSE,6598,ABC-KY,26.80,27.60,26.80,27.20,0.35,172496,4710608,128
2022-11-16,TWSE,6605,帝寶,71.80,72.80,71.80,72.40,0.60,601316,43475162,458
2022-11-16,TWSE,6625,必應,33.60,33.75,33.10,33.40,-0.20,95745,3185647,135
2022-11-16,TWSE,6641,基士德-KY,51.60,51.60,51.40,51.40,-0.20,9166,472054,14
2022-11-16,TWSE,6655,科定,133.00,133.00,131.50,131.50,-1.50,6000,796500,5
2022-11-16,TWSE,6666,羅麗芬-KY,73.20,73.80,71.50,72.00,-0.70,189377,13733952,169
2022-11-16,TWSE,6668,中揚光,38.10,38.10,37.00,37.00,-0.60,140122,5212686,115
2022-11-16,TWSE,6669,緯穎,849.00,863.00,840.00,858.00,17.00,1538455,1313231767,1551
2022-11-16,TWSE,6670,復盛應用,207.50,211.00,207.50,209.00,0.00,377234,78893421,619
2022-11-16,TWSE,6671,三能-KY,38.00,39.30,37.85,38.90,0.60,23000,878500,19
2022-11-16,TWSE,6672,騰輝電子-KY,67.30,68.20,66.10,67.50,0.70,360193,24310340,346
2022-11-16,TWSE,6674,鋐寶科技,22.15,22.15,21.85,21.95,-0.35,9000,197650,9
2022-11-16,TWSE,6689,伊雲谷,84.10,84.50,83.00,83.00,-2.60,166498,13936789,182
2022-11-16,TWSE,6691,洋基工程,186.50,187.00,181.00,183.50,-2.00,323687,59447882,1069
2022-11-16,TWSE,6695,芯鼎,36.80,39.70,35.65,39.25,2.95,2915609,110356125,1800
2022-11-16,TWSE,6698,旭暉應材,29.70,29.80,29.10,29.10,0.00,48010,1408444,42
2022-11-16,TWSE,6706,惠特,87.10,89.80,86.30,88.90,2.00,1392193,123113627,1191
2022-11-16,TWSE,6715,嘉基,120.00,120.50,118.00,118.50,-2.50,163158,19451100,113
2022-11-16,TWSE,6719,力智,278.00,282.00,272.00,277.00,1.00,2888966,800428564,2775
2022-11-16,TWSE,6743,安普新,31.50,31.80,30.90,31.00,-0.25,93529,2918318,80
2022-11-16,TWSE,6754,匯僑設計,46.30,46.50,45.60,45.60,-0.30,52669,2419003,49
2022-11-16,TWSE,6756,威鋒電子,196.50,208.00,196.00,199.00,4.00,1344044,270553750,1885
2022-11-16,TWSE,6768,志強-KY,84.90,84.90,80.90,81.40,-2.70,1768574,145115846,1333
2022-11-16,TWSE,6770,力積電,34.65,34.70,33.70,34.05,-0.30,27923080,952654460,14136
2022-11-16,TWSE,6776,展碁國際,38.40,38.45,38.00,38.00,-0.50,25200,962206,23
2022-11-16,TWSE,6781,AES-KY,689.00,692.00,675.00,685.00,1.00,965799,660767858,1058
2022-11-16,TWSE,6789,采鈺,216.50,217.00,207.00,208.50,-7.00,4331245,914440641,6293
2022-11-16,TWSE,6790,永豐實,36.15,36.15,35.60,35.60,-0.35,58401,2092538,68
2022-11-16,TWSE,6792,詠業,74.50,74.50,72.30,72.80,-1.50,84700,6181486,147
2022-11-16,TWSE,6796,晉弘,72.50,76.60,72.50,75.60,3.20,264811,19792844,277
2022-11-16,TWSE,6799,來頡,113.50,116.50,113.00,115.50,1.50,95389,10956896,173
2022-11-16,TWSE,6806,森崴能源,62.00,62.70,61.10,61.10,-0.90,453436,27886072,671
2022-11-16,TWSE,6807,峰源-KY,,,,,0.00,74,1928,6
2022-11-16,TWSE,6830,汎銓,90.00,95.60,89.90,92.40,1.90,284314,26300756,201
2022-11-16,TWSE,6834,天二科技,25.20,25.20,24.50,25.15,-0.05,64200,1594390,42
2022-11-16,TWSE,6835,圓裕,40.20,40.30,39.35,40.05,0.00,554564,22124185,385
2022-11-16,TWSE,6854,錼創科技-KY創,97.20,100.00,97.10,100.00,0.00,49100,4890760,48
2022-11-16,TWSE,8011,台通,14.30,14.40,14.20,14.25,-0.05,208295,2975666,196
2022-11-16,TWSE,8016,矽創,190.50,196.00,189.00,192.00,1.50,2179520,419565908,2035
2022-11-16,TWSE,8021,尖點,29.70,30.20,29.35,29.35,-0.35,320410,9521923,240
2022-11-16,TWSE,8028,昇陽半導體,58.00,59.30,56.80,58.20,1.10,14116823,818437638,8953
2022-11-16,TWSE,8033,雷虎,36.00,37.50,35.15,36.75,0.75,7439246,272373158,4586
2022-11-16,TWSE,8039,台虹,42.55,42.55,41.60,41.75,-0.55,245922,10308092,242
2022-11-16,TWSE,8046,南電,270.00,273.00,263.50,272.50,2.00,17983006,4843593327,14045
2022-11-16,TWSE,8070,長華*,32.45,32.45,31.55,31.55,-0.65,686276,21811687,472
2022-11-16,TWSE,8072,陞泰,26.45,26.70,26.15,26.20,-0.40,195106,5143464,204
2022-11-16,TWSE,8081,致新,143.00,146.00,140.50,143.00,0.50,926389,132854147,855
2022-11-16,TWSE,8101,華冠,6.12,6.38,6.12,6.20,-0.10,130872,814494,86
2022-11-16,TWSE,8103,瀚荃,32.30,32.70,32.15,32.55,0.25,129427,4200598,117
2022-11-16,TWSE,8104,錸寶,34.15,34.20,33.10,33.35,-0.50,202548,6782737,180
2022-11-16,TWSE,8105,凌巨,13.10,13.10,12.75,12.85,-0.10,1997950,25779944,814
2022-11-16,TWSE,8110,華東,12.90,12.90,12.50,12.50,-0.30,977810,12330365,531
2022-11-16,TWSE,8112,至上,36.70,37.00,36.50,36.80,0.10,1187666,43698351,816
2022-11-16,TWSE,8112A,至上甲特,41.50,41.65,41.50,41.65,0.00,2000,83150,2
2022-11-16,TWSE,8114,振樺電,118.00,126.50,118.00,121.00,3.50,4460229,544271657,3220
2022-11-16,TWSE,8131,福懋科,39.30,39.40,38.75,38.85,-0.45,455360,17787093,232
2022-11-16,TWSE,8150,南茂,33.50,33.85,33.15,33.60,0.45,6070124,203835423,3623
2022-11-16,TWSE,8163,達方,39.45,39.45,38.95,38.95,-0.30,374896,14649722,300
2022-11-16,TWSE,8201,無敵,11.40,11.40,11.25,11.30,-0.20,107052,1210085,62
2022-11-16,TWSE,8210,勤誠,73.10,73.80,72.60,73.60,1.90,694315,50911765,774
2022-11-16,TWSE,8213,志超,35.95,36.00,35.45,35.55,-0.25,351616,12565624,244
2022-11-16,TWSE,8215,明基材,31.85,31.95,31.30,31.55,-0.10,1373828,43421042,687
2022-11-16,TWSE,8222,寶一,20.80,21.00,20.20,20.25,-0.35,1504884,30850799,815
2022-11-16,TWSE,8249,菱光,28.60,29.35,28.00,28.25,0.05,1685147,48146237,1169
2022-11-16,TWSE,8261,富鼎,102.00,104.50,101.00,102.50,1.00,3836274,394991961,2548
2022-11-16,TWSE,8271,宇瞻,42.40,42.80,41.90,42.20,-0.05,539837,22890663,413
2022-11-16,TWSE,8341,日友,139.00,139.00,136.00,136.00,-3.00,228699,31378175,884
2022-11-16,TWSE,8367,建新國際,33.35,34.25,33.35,33.60,-0.65,20338,691045,49
2022-11-16,TWSE,8374,羅昇,27.50,28.50,27.30,27.40,-0.10,40100,1106070,46
2022-11-16,TWSE,8404,百和興業-KY,27.05,27.30,26.55,26.55,-0.85,44100,1180273,45
2022-11-16,TWSE,8411,福貞-KY,12.50,12.55,12.40,12.40,-0.10,251113,3130848,210
2022-11-16,TWSE,8422,可寧衛*,170.00,171.00,169.50,170.00,0.50,161478,27506608,287
2022-11-16,TWSE,8429,金麗-KY,9.81,9.81,9.62,9.62,-0.13,81515,791329,117
2022-11-16,TWSE,8438,昶昕,26.20,27.00,25.35,25.35,-0.85,42156,1093774,32
2022-11-16,TWSE,8442,威宏-KY,76.10,76.40,75.80,75.80,-0.60,121000,9204600,66
2022-11-16,TWSE,8443,阿瘦,11.15,11.15,11.00,11.00,-0.20,34905,386850,63
2022-11-16,TWSE,8454,富邦媒,571.00,591.00,563.00,575.00,5.00,1547981,891705733,3554
2022-11-16,TWSE,8462,柏文,110.00,111.00,108.00,108.00,-2.50,68086,7428523,133
2022-11-16,TWSE,8463,潤泰材,20.45,20.80,20.25,20.40,0.00,107006,2186630,56
2022-11-16,TWSE,8464,億豐,284.00,289.00,282.50,287.00,2.00,639584,183190510,671
2022-11-16,TWSE,8466,美吉吉-KY,41.35,42.35,41.35,41.60,-0.30,35990,1499103,24
2022-11-16,TWSE,8467,波力-KY,56.90,59.50,55.90,57.50,0.80,146019,8438883,117
2022-11-16,TWSE,8473,山林水,27.90,27.90,27.50,27.55,-0.45,102375,2830473,146
2022-11-16,TWSE,8478,東哥遊艇,259.00,283.00,255.00,283.00,25.50,8958675,2429902369,7162
2022-11-16,TWSE,8480,泰昇-KY,84.50,84.50,84.50,84.50,-0.10,27411,2316126,42
2022-11-16,TWSE,8481,政伸,56.10,56.40,56.00,56.10,-0.20,17024,956256,19
2022-11-16,TWSE,8482,商億-KY,70.10,70.10,70.00,70.00,-0.50,29000,2030700,17
2022-11-16,TWSE,8488,吉源-KY,15.25,15.25,15.10,15.20,-0.05,7000,106500,7
2022-11-16,TWSE,8499,鼎炫-KY,102.00,102.00,100.50,100.50,-1.00,40206,4054909,40
2022-11-16,TWSE,8926,台汽電,29.40,29.90,29.35,29.65,0.25,908908,26958086,711
2022-11-16,TWSE,8940,新天地,15.50,15.55,15.10,15.10,-0.40,193991,2954257,156
2022-11-16,TWSE,8996,高力,147.00,150.50,143.00,150.50,4.00,12264489,1807474076,7610
2022-11-16,TWSE,9103,美德醫療-DR,7.41,7.41,7.25,7.31,-0.30,603385,4427923,229
2022-11-16,TWSE,910322,康師傅-DR,23.60,23.80,23.60,23.80,0.10,26000,615000,16
2022-11-16,TWSE,9105,泰金寶-DR,3.70,3.72,3.70,3.72,0.04,649518,2410480,307
2022-11-16,TWSE,910861,神州-DR,7.04,7.14,6.84,6.84,-0.07,70000,494820,28
2022-11-16,TWSE,9110,越南控-DR,2.96,3.00,2.94,3.00,0.05,46000,136730,15
2022-11-16,TWSE,911608,明輝-DR,2.49,2.51,2.46,2.50,0.01,93000,230870,29
2022-11-16,TWSE,911622,泰聚亨-DR,5.10,5.10,4.96,5.09,0.00,22000,112050,6
2022-11-16,TWSE,911868,同方友友-DR,1.14,1.16,1.14,1.16,0.02,184000,211290,33
2022-11-16,TWSE,912000,晨訊科-DR,2.28,2.33,2.26,2.30,0.03,618000,1416500,75
2022-11-16,TWSE,9136,巨騰-DR,6.38,6.38,6.31,6.34,-0.04,66000,418290,26
2022-11-16,TWSE,9802,鈺齊-KY,152.00,155.00,149.50,152.50,2.00,2932637,446288361,2142
2022-11-16,TWSE,9902,台火,10.55,10.55,10.40,10.45,-0.10,106119,1109773,66
2022-11-16,TWSE,9904,寶成,32.65,32.70,31.90,32.20,-0.65,21007492,675822144,9394
2022-11-16,TWSE,9905,大華,24.30,24.40,24.20,24.20,-0.20,49104,1192935,45
2022-11-16,TWSE,9906,欣巴巴,44.90,44.90,44.70,44.70,0.10,7024,314322,8
2022-11-16,TWSE,9907,統一實,17.35,17.50,17.00,17.00,-0.25,3708400,63667331,1403
2022-11-16,TWSE,9908,大台北,30.80,31.10,30.55,30.55,-0.20,106562,3273455,107
2022-11-16,TWSE,9910,豐泰,184.00,187.00,183.00,185.50,1.00,1712735,316816429,1182
2022-11-16,TWSE,9911,櫻花,60.60,60.60,59.50,59.50,-1.10,331504,19876161,527
2022-11-16,TWSE,9912,偉聯,9.93,9.93,9.77,9.88,-0.06,67626,664665,65
2022-11-16,TWSE,9914,美利達,181.00,187.00,181.00,183.00,1.50,1746724,320644835,1554
2022-11-16,TWSE,9917,中保科,98.00,98.40,97.30,97.60,0.10,334949,32807694,355
2022-11-16,TWSE,9918,欣天然,41.95,42.45,41.90,41.95,-0.55,9115,382796,14
2022-11-16,TWSE,9919,康那香,16.90,17.25,16.40,16.45,-0.40,8052673,135889252,1448
2022-11-16,TWSE,9921,巨大,242.50,249.00,242.50,245.50,2.00,967253,237338095,1233
2022-11-16,TWSE,9924,福興,42.15,42.20,40.85,40.90,-1.10,398605,16424268,377
2022-11-16,TWSE,9925,新保,39.00,39.10,38.60,38.60,-0.55,233828,9083210,237
2022-11-16,TWSE,9926,新海,51.50,51.80,51.40,51.80,0.30,5000,257500,5
2022-11-16,TWSE,9927,泰銘,37.05,37.05,36.55,36.60,-0.40,193897,7123037,160
2022-11-16,TWSE,9928,中視,20.45,20.45,19.90,19.95,0.00,224103,4491753,151
2022-11-16,TWSE,9929,秋雨,8.56,8.58,8.34,8.45,-0.24,109117,922579,58
2022-11-16,TWSE,9930,中聯資源,45.60,45.80,45.25,45.25,-0.55,51070,2323120,59
2022-11-16,TWSE,9931,欣高,39.50,39.75,39.50,39.75,0.00,2150,85137,3
2022-11-16,TWSE,9933,中鼎,40.20,40.35,39.75,39.75,-0.25,4175043,167092441,2737
2022-11-16,TWSE,9934,成霖,12.45,12.55,12.35,12.40,-0.15,905211,11223409,165
2022-11-16,TWSE,9935,慶豐富,17.60,17.85,17.50,17.65,0.05,238310,4213942,124
2022-11-16,TWSE,9937,全國,50.50,50.90,50.40,50.40,-0.60,19104,965539,21
2022-11-16,TWSE,9938,百和,54.00,54.00,53.10,53.60,-0.40,918446,49210280,654
2022-11-16,TWSE,9939,宏全,80.70,81.70,80.40,80.40,-0.50,1062848,85879788,917
2022-11-16,TWSE,9940,信義,29.25,29.25,28.20,28.20,-1.05,447904,12788428,439
2022-11-16,TWSE,9941,裕融,151.50,151.50,147.50,147.50,-4.00,1156305,172128236,1944
2022-11-16,TWSE,9941A,裕融甲特,49.25,49.95,49.25,49.50,0.30,16029,792535,16
2022-11-16,TWSE,9942,茂順,112.00,113.50,110.00,112.50,0.00,461685,51633641,397
2022-11-16,TWSE,9943,好樂迪,59.60,60.00,59.10,59.10,-1.00,75497,4490634,110
2022-11-16,TWSE,9944,新麗,20.50,20.50,20.30,20.30,-0.20,69324,1418089,38
2022-11-16,TWSE,9945,潤泰新,45.50,45.70,44.15,44.25,-1.25,10960859,489949176,6872
2022-11-16,TWSE,9946,三發地產,11.90,11.90,11.70,11.70,-0.10,62683,736439,50
2022-11-16,TWSE,9955,佳龍,19.00,19.95,18.05,18.05,-0.30,1745086,33141782,1071
2022-11-16,TWSE,9958,世紀鋼,82.10,83.30,79.50,81.90,0.10,4594597,373395828,2591
2022-11-16,TPEx,006201,元大富櫃50,16.16,16.16,15.66,15.92,,140007,2217096,96
2022-11-16,TPEx,00679B,元大美債20年,30.75,30.82,30.64,30.64,,11659325,358493930,4399
2022-11-16,TPEx,00687B,國泰20年美債,32.31,32.31,32.16,32.18,+0.41,708377,22831254,108
2022-11-16,TPEx,00694B,富邦美債1-3,38.79,38.99,38.79,38.99,+0.27,172918,6725563,29
2022-11-16,TPEx,00695B,富邦美債7-10,34.58,34.60,34.49,34.60,+0.45,125991,4351313,28
2022-11-16,TPEx,00696B,富邦美債20年,32.68,32.68,32.32,32.32,+0.35,418274,13598843,139
2022-11-16,TPEx,00697B,元大美債7-10,36.10,36.21,36.08,36.08,+0.22,340321,12305547,46
2022-11-16,TPEx,00718B,富邦中國政策債,19.98,20.00,19.90,19.90,-0.08,13000,259480,11
2022-11-16,TPEx,00719B,元大美債1-3,31.08,31.19,31.07,31.13,+0.13,262737,8175581,54
2022-11-16,TPEx,00720B,元大投資級公司債,33.40,33.70,33.40,33.61,+0.54,3317463,111563574,1183
2022-11-16,TPEx,00721B,元大中國債3-5,45.65,45.65,45.52,45.60,-0.05,153050,6971182,7
2022-11-16,TPEx,00722B,群益15年IG電信債,36.42,36.70,36.42,36.64,+0.71,148043,5423368,144
2022-11-16,TPEx,00723B,群益15年IG科技債,32.39,32.51,32.39,32.48,+0.63,125000,4062310,20
2022-11-16,TPEx,00724B,群益10年IG金融債,31.82,32.03,31.82,32.02,+0.51,178211,5705373,46
2022-11-16,TPEx,00725B,國泰投資級公司債,35.11,35.11,34.96,34.99,+0.39,606626,21248371,149
2022-11-16,TPEx,00726B,國泰5Y+新興債,32.38,32.39,32.33,32.33,+0.31,111406,3606214,13
2022-11-16,TPEx,00727B,國泰1-5Y非投等債,37.45,37.55,37.45,37.55,+0.16,148407,5564652,25
2022-11-16,TPEx,00734B,台新JPM新興債,15.39,15.42,15.28,15.33,+0.05,1002000,15327340,18
2022-11-16,TPEx,00740B,富邦全球投等債,37.70,37.95,37.70,37.82,+0.60,122000,4621780,21
2022-11-16,TPEx,00741B,富邦全球非投等債,36.59,36.64,36.55,36.55,+0.17,166340,6083004,17
2022-11-16,TPEx,00744B,國泰中國政金債5+,42.92,42.92,42.87,42.87,-0.15,103637,4443116,5
2022-11-16,TPEx,00745B,富邦中政債0-1,42.12,42.12,42.12,42.12,-0.08,100337,4225974,7
2022-11-16,TPEx,00746B,富邦A級公司債,35.40,35.40,35.27,35.36,+0.66,132000,4663520,21
2022-11-16,TPEx,00747B,FH中國政策債,52.25,52.25,51.90,51.90,+0.05,101000,5242250,3
2022-11-16,TPEx,00748B,凱基中國債3-10,42.90,42.90,42.90,42.90,-0.27,100000,4290000,2
2022-11-16,TPEx,00749B,凱基新興債10+,30.41,30.41,30.41,30.41,+0.36,100000,3041000,2
2022-11-16,TPEx,00750B,凱基科技債10+,33.52,33.52,33.52,33.52,+0.63,100000,3352000,2
2022-11-16,TPEx,00751B,元大AAA至A公司債,33.80,34.02,33.80,33.89,+0.56,1390188,47187457,893
2022-11-16,TPEx,00754B,群益AAA-AA公司債,35.75,35.75,35.65,35.75,,91000,3251550,10
2022-11-16,TPEx,00755B,群益15年IG公用債,32.72,33.15,32.72,33.02,,353020,11674602,37
2022-11-16,TPEx,00756B,群益15年EM主權債,31.65,31.65,31.40,31.46,,161868,5095846,808
2022-11-16,TPEx,00758B,FH能源債,50.75,50.75,50.75,50.75,+0.88,100013,5075659,3
2022-11-16,TPEx,00759B,FH製藥債,55.85,55.85,55.80,55.80,+0.90,102011,5692313,4
2022-11-16,TPEx,00760B,FH新興企業債,51.40,51.65,51.40,51.60,+0.75,103051,5317374,10
2022-11-16,TPEx,00761B,國泰A級公司債,35.69,35.69,35.55,35.55,+0.47,141000,5025710,25
2022-11-16,TPEx,00764B,群益25年美債,32.44,32.44,32.10,32.10,+0.46,301000,9726600,36
2022-11-16,TPEx,00765B,群益中國政金債,39.64,39.70,39.64,39.70,-0.15,102150,4049385,5
2022-11-16,TPEx,00768B,FH20年美債,53.60,53.65,53.50,53.50,+0.75,104099,5584511,6
2022-11-16,TPEx,00772B,中信高評級公司債,34.26,34.65,34.25,34.43,,3316717,114351895,1252
2022-11-16,TPEx,00773B,中信優先金融債,34.32,34.49,34.32,34.42,,1307640,45045521,274
2022-11-16,TPEx,00777B,凱基AAA至A公司債,33.93,34.02,33.88,33.89,+0.55,171000,5808130,17
2022-11-16,TPEx,00778B,凱基金融債20+,33.70,33.70,33.70,33.70,+0.62,100000,3370000,2
2022-11-16,TPEx,00779B,凱基美債25+,32.27,32.27,32.27,32.27,+0.57,100000,3227000,2
2022-11-16,TPEx,00780B,國泰A級金融債,35.36,35.45,35.36,35.45,,123000,4359220,9
2022-11-16,TPEx,00781B,國泰A級科技債,32.28,32.28,32.22,32.22,+0.59,141000,4550630,7
2022-11-16,TPEx,00782B,國泰A級公用債,32.01,32.04,31.99,32.04,+0.51,118000,3779860,7
2022-11-16,TPEx,00784B,富邦中國投等債,35.91,35.94,35.88,35.94,+0.29,101000,3626910,5
2022-11-16,TPEx,00785B,富邦金融投等債,33.03,33.18,33.03,33.18,+0.62,127000,4209910,8
2022-11-16,TPEx,00786B,元大10年IG銀行債,32.03,32.03,32.03,32.03,,101000,3235030,3
2022-11-16,TPEx,00787B,元大10年IG醫療債,34.10,34.10,34.10,34.10,+0.60,100000,3410000,2
2022-11-16,TPEx,00788B,元大10年IG電能債,30.90,31.00,30.90,31.00,+0.52,124000,3837780,8
2022-11-16,TPEx,00789B,FH公司債A3,50.75,50.75,50.75,50.75,+0.96,102000,5176500,6
2022-11-16,TPEx,00790B,FH次順位IG金融債,50.55,50.55,50.55,50.55,+0.92,100000,5055000,2
2022-11-16,TPEx,00791B,FH美元信用債1-5Y,52.90,52.90,52.90,52.90,+0.25,100000,5290000,4
2022-11-16,TPEx,00792B,群益A級公司債,32.75,32.85,32.75,32.85,+0.64,105000,3448970,9
2022-11-16,TPEx,00793B,群益AAA-A醫療債,32.55,32.58,32.55,32.58,+0.58,104090,3390926,9
2022-11-16,TPEx,00794B,群益7+中國政金債,39.76,39.76,39.66,39.66,,111339,4420183,11
2022-11-16,TPEx,00795B,中信美國公債20年,31.38,31.38,31.21,31.21,,1212698,37921021,319
2022-11-16,TPEx,00799B,國泰A級醫療債,32.40,32.44,32.40,32.44,,120000,3892020,7
2022-11-16,TPEx,00831B,新光美債1-3,37.80,37.80,37.80,37.80,+0.10,2000,75600,2
2022-11-16,TPEx,00834B,第一金金融債10+,32.27,32.27,32.27,32.27,+0.55,100000,3227000,4
2022-11-16,TPEx,00836B,永豐10年A公司債,29.96,30.13,29.96,29.98,+0.57,115000,3453280,10
2022-11-16,TPEx,00840B,凱基IG精選15+,30.77,30.77,30.77,30.77,,100000,3077000,2
2022-11-16,TPEx,00841B,凱基AAA-AA公司債,30.68,30.68,30.68,30.68,,102000,3129360,6
2022-11-16,TPEx,00842B,台新美元銀行債,30.71,30.71,30.68,30.68,+0.43,105000,3224490,4
2022-11-16,TPEx,00844B,新光15年IG金融債,30.70,30.70,30.70,30.70,+0.55,2000,61400,2
2022-11-16,TPEx,00845B,富邦新興投等債,30.13,30.13,30.11,30.11,,101500,3056183,6
2022-11-16,TPEx,00846B,富邦歐洲銀行債,30.75,31.28,30.75,31.28,,169000,5268640,20
2022-11-16,TPEx,00847B,中信美國市政債,26.55,26.55,26.48,26.48,,207000,5492570,9
2022-11-16,TPEx,00848B,中信新興亞洲債,32.36,32.36,32.30,32.36,+0.31,104000,3363760,6
2022-11-16,TPEx,00849B,中信EM主權債0-5,35.82,35.83,35.82,35.83,+0.10,100000,3582500,4
2022-11-16,TPEx,00853B,統一美債10年Aa-A,28.35,28.46,28.35,28.39,+0.35,411100,11671360,20
2022-11-16,TPEx,00856B,永豐1-3年美公債,38.04,38.05,38.04,38.05,+0.07,102000,3881080,4
2022-11-16,TPEx,00857B,永豐20年美公債,27.25,27.30,27.13,27.13,+0.38,116000,3157490,17
2022-11-16,TPEx,00858,永豐美國500大,26.43,26.70,26.43,26.58,+0.22,207729,5515230,47
2022-11-16,TPEx,00859B,群益0-1年美債,39.52,39.58,39.52,39.52,+0.08,162000,6405350,10
2022-11-16,TPEx,00860B,群益1-5年IG債,36.81,36.81,36.81,36.81,,102486,3772470,5
2022-11-16,TPEx,00862B,中信投資級公司債,30.95,31.01,30.90,30.90,+0.56,665214,20611862,57
2022-11-16,TPEx,00863B,中信全球電信債,31.97,31.97,31.90,31.90,+0.52,105000,3355140,7
2022-11-16,TPEx,00864B,中信美國公債0-1,40.86,40.95,40.86,40.88,+0.07,612000,25034310,34
2022-11-16,TPEx,00867B,新光A-BBB電信債,31.24,31.24,31.24,31.24,+0.74,2000,62480,2
2022-11-16,TPEx,00870B,元大15年EM主權債,28.71,28.85,28.71,28.82,+0.42,102000,2942530,4
2022-11-16,TPEx,00877,FH中國5G,9.35,9.42,9.28,9.28,-0.02,1596342,14925130,458
2022-11-16,TPEx,00883B,中信ESG投資級債,30.54,30.74,30.54,30.74,+0.58,206689,6348782,11
2022-11-16,TPEx,00884B,中信低碳新興債,29.60,29.62,29.57,29.62,+0.49,201966,5979710,7
2022-11-16,TPEx,00886,永豐美國科技,18.78,18.85,18.75,18.80,+0.26,230881,4340088,49
2022-11-16,TPEx,00887,永豐中國科技50大,14.80,14.81,14.70,14.70,+0.02,195932,2885234,35
2022-11-16,TPEx,00888,永豐台灣ESG,12.92,12.92,12.69,12.73,-0.09,2961856,37876804,1138
2022-11-16,TPEx,00890B,凱基ESG BBB債15+,32.11,32.11,32.11,32.11,,100000,3211000,2
2022-11-16,TPEx,020001,富邦存股雙十N,,,,,,0,0,0
2022-11-16,TPEx,020013,元富亞洲高股息N,,,,,,0,0,0
2022-11-16,TPEx,020014,元大富櫃200N,,,,,,0,0,0
2022-11-16,TPEx,02001B,統一美國政府債N,8.10,8.10,8.10,8.10,+0.06,10000,81000,1
2022-11-16,TPEx,020023,元大櫃買半導體N,4.65,4.67,4.58,4.67,+0.06,361000,1671580,24
2022-11-16,TPEx,020024,兆豐富櫃200N,,,,,,0,0,0
2022-11-16,TPEx,020025,統一亞洲半導體N,6.50,6.53,6.45,6.50,+0.06,333000,2158650,45
2022-11-16,TPEx,020026,兆豐上櫃ESG電菁N,,,,,,0,0,0
2022-11-16,TPEx,020027,元大上櫃ESG成長N,4.07,4.14,4.05,4.14,+0.08,213000,875700,22
2022-11-16,TPEx,02002L,兆豐富櫃200正二N,4.38,4.48,4.32,4.48,+0.14,129000,567970,27
2022-11-16,TPEx,020033,統一恒生科期N,3.57,3.63,3.52,3.52,-0.04,106000,380200,12
2022-11-16,TPEx,020035,元大上櫃ESG高息N,5.54,5.60,5.53,5.60,+0.06,31000,172820,17
2022-11-16,TPEx,02003L,永豐富櫃200正2N,,,,,,0,0,0
2022-11-16,TPEx,1240,茂生農經,41.85,41.85,41.65,41.85,0.00,24660,1031446,61
2022-11-16,TPEx,1258,其祥-KY,19.50,19.50,19.15,19.20,-0.40,160214,3080188,103
2022-11-16,TPEx,1259,安心,73.20,73.20,73.20,73.20,+0.50,1001,73273,2
2022-11-16,TPEx,1264,德麥,249.00,249.00,249.00,249.00,+0.50,4627,1153057,143
2022-11-16,TPEx,1268,漢來美食,111.00,111.00,109.00,110.00,-1.00,22709,2494377,38
2022-11-16,TPEx,1336,台翰,26.00,27.20,25.80,26.65,+0.75,1871569,49562921,1090
2022-11-16,TPEx,1565,精華,230.00,230.50,225.50,226.50,-3.50,144777,32836945,285
2022-11-16,TPEx,1569,濱川,23.40,23.55,23.20,23.40,+0.05,428124,10018782,167
2022-11-16,TPEx,1570,力肯,16.45,16.70,16.45,16.45,-0.25,77621,1283389,53
2022-11-16,TPEx,1580,新麥,85.40,85.50,85.20,85.40,-0.20,75855,6474916,134
2022-11-16,TPEx,1584,精剛,17.85,18.05,17.50,17.50,-0.25,1375469,24281548,601
2022-11-16,TPEx,1586,和勤,32.50,33.00,32.40,32.55,+0.05,142739,4649072,96
2022-11-16,TPEx,1591,駿吉-KY,19.10,19.25,18.50,18.75,-0.35,541000,10176434,413
2022-11-16,TPEx,1593,祺驊,67.00,69.90,67.00,67.70,+0.60,73957,5069971,62
2022-11-16,TPEx,1595,川寶,37.85,37.85,37.35,37.40,0.00,16201,606495,14
2022-11-16,TPEx,1599,宏佳騰,41.25,41.55,41.15,41.40,+0.25,31650,1309914,35
2022-11-16,TPEx,1742,台蠟,15.50,15.70,15.50,15.70,+0.05,16000,249250,13
2022-11-16,TPEx,1777,生泰,76.30,77.00,76.30,77.00,+0.60,31938,2449368,30
2022-11-16,TPEx,1781,合世,13.90,14.10,13.90,14.05,+0.10,22044,308738,25
2022-11-16,TPEx,1784,訊聯,38.30,38.35,37.90,37.95,-0.35,77154,2944604,63
2022-11-16,TPEx,1785,光洋科,35.00,35.75,34.15,35.00,+0.55,13142152,456809777,7431
2022-11-16,TPEx,1788,杏昌,141.00,141.50,140.00,141.50,-0.50,10244,1444596,84
2022-11-16,TPEx,1796,金穎生技,56.50,57.00,56.50,56.80,-0.40,12173,691881,13
2022-11-16,TPEx,1799,易威,14.40,14.40,14.00,14.40,-0.10,5535,78958,9
2022-11-16,TPEx,1813,寶利徠,23.60,23.60,23.05,23.20,-0.30,58333,1355875,59
2022-11-16,TPEx,1815,富喬,12.65,12.80,12.45,12.70,-0.10,2558321,32219816,1092
2022-11-16,TPEx,2035,唐榮,31.90,31.90,31.00,31.45,+0.10,29044,903690,31
2022-11-16,TPEx,2061,風青,25.75,26.00,25.20,26.00,0.00,162593,4145859,105
2022-11-16,TPEx,2063,世鎧,37.00,37.00,36.85,37.00,0.00,15590,575679,19
2022-11-16,TPEx,2064,晉椿,16.55,16.75,16.45,16.45,-0.20,16100,266512,23
2022-11-16,TPEx,2065,世豐,51.00,51.20,50.80,50.80,-0.40,54935,2795327,122
2022-11-16,TPEx,2066,世德,76.00,77.10,75.90,76.20,+0.30,337252,25796135,317
2022-11-16,TPEx,2067,嘉鋼,12.05,12.05,11.80,11.85,-0.20,20000,237150,10
2022-11-16,TPEx,2070,精湛,38.10,38.65,37.50,38.55,+0.25,234628,8968540,180
2022-11-16,TPEx,2221,大甲,42.35,42.50,41.40,41.45,-0.50,145517,6072180,134
2022-11-16,TPEx,2230,泰茂,26.90,27.15,26.35,26.35,-0.35,455664,12140098,297
2022-11-16,TPEx,2235,謚源,49.95,49.95,49.30,49.80,+0.50,29093,1440043,23
2022-11-16,TPEx,2596,綠意,17.00,17.15,17.00,17.05,+0.05,138240,2351209,27
2022-11-16,TPEx,2640,大車隊,81.30,81.70,80.90,81.40,+0.10,30795,2507060,39
2022-11-16,TPEx,2641,正德,17.95,18.40,17.85,17.90,+0.05,6122695,110780852,2597
2022-11-16,TPEx,2643,捷迅,70.00,70.00,69.30,69.50,-0.50,61950,4314092,67
2022-11-16,TPEx,2718,晶悅,32.60,32.60,32.60,32.60,-0.60,1000,32600,1
2022-11-16,TPEx,2719,燦星旅,23.20,23.50,23.20,23.50,+0.30,11146,259070,11
2022-11-16,TPEx,2724,富驛-KY,14.10,14.10,14.10,14.10,0.00,2000,28200,1
2022-11-16,TPEx,2726,雅茗-KY,19.10,19.20,18.95,19.20,+0.10,12110,230801,14
2022-11-16,TPEx,2729,瓦城,200.00,200.00,195.50,196.00,-2.50,39196,7710166,2113
2022-11-16,TPEx,2732,六角,117.50,117.50,113.00,114.50,-2.00,1037158,119043319,916
2022-11-16,TPEx,2734,易飛網,24.95,25.05,24.30,24.30,-0.50,100820,2481354,85
2022-11-16,TPEx,2736,富野,19.50,19.55,19.20,19.20,-0.35,336884,6523633,251
2022-11-16,TPEx,2740,天蔥,,,,,,0,0,0
2022-11-16,TPEx,2743,山富,52.00,52.00,50.10,50.40,-0.90,345990,17582023,274
2022-11-16,TPEx,2745,五福,32.10,32.10,31.50,31.85,-0.25,62091,1960621,43
2022-11-16,TPEx,2752,豆府,186.00,186.00,180.50,182.00,-2.50,34175,6235448,851
2022-11-16,TPEx,2754,亞洲藏壽司,122.00,130.00,121.00,126.50,+3.00,1899134,239443781,1537
2022-11-16,TPEx,2755,揚秦,74.50,76.00,74.00,76.00,+1.50,17822,1331679,33
2022-11-16,TPEx,2756,聯發國際,91.00,91.00,90.40,90.40,-1.10,23429,2122300,34
2022-11-16,TPEx,2916,滿心,23.05,23.10,23.05,23.10,+0.05,9050,208802,11
2022-11-16,TPEx,2924,東凌-KY,33.40,33.40,30.85,30.85,0.00,5322,173971,10
2022-11-16,TPEx,2926,誠品生活,51.50,51.80,49.90,50.40,-0.70,18259,922334,30
2022-11-16,TPEx,2937,集雅社,36.40,36.40,36.30,36.30,-0.10,10041,364967,10
2022-11-16,TPEx,2947,振宇五金,94.00,94.00,94.00,94.00,0.00,1042,98066,26
2022-11-16,TPEx,3064,泰偉,11.45,11.50,11.45,11.50,+0.05,8901,101360,6
2022-11-16,TPEx,3066,李洲,24.40,24.50,23.65,23.80,-0.95,75121,1822570,61
2022-11-16,TPEx,3067,全域,,,,,,1,41,1
2022-11-16,TPEx,3071,協禧,24.60,25.45,24.50,24.50,+0.15,290882,7207196,169
2022-11-16,TPEx,3073,天方能源,29.25,29.25,29.25,29.25,0.00,5000,146250,1
2022-11-16,TPEx,3078,僑威,26.80,26.80,26.20,26.35,-0.45,550894,14559594,317
2022-11-16,TPEx,3081,聯亞,104.50,106.50,99.70,100.50,-3.00,6748794,686618451,4819
2022-11-16,TPEx,3083,網龍,41.10,41.15,40.70,40.90,-0.25,64382,2635762,104
2022-11-16,TPEx,3085,新零售,9.83,9.99,9.80,9.99,-0.01,26033,256122,22
2022-11-16,TPEx,3086,華義,73.30,73.30,72.00,72.60,-0.70,7252,525861,12
2022-11-16,TPEx,3088,艾訊,56.00,56.10,55.50,55.50,-0.30,105077,5856282,97
2022-11-16,TPEx,3089,億杰,44.20,44.75,44.10,44.25,-0.25,28305,1254252,29
2022-11-16,TPEx,3093,港建,92.20,94.40,92.00,93.80,+1.40,59181,5530095,51
2022-11-16,TPEx,3095,及成,35.05,36.55,35.05,36.55,+3.30,73304,2652228,116
2022-11-16,TPEx,3105,穩懋,156.00,157.00,150.00,156.00,+1.50,7022893,1080559159,4847
2022-11-16,TPEx,3114,好德,26.35,26.55,26.25,26.45,+0.20,247812,6540933,216
2022-11-16,TPEx,3115,富榮綱,10.75,10.95,10.75,10.80,+0.05,6001,65111,6
2022-11-16,TPEx,3118,進階,26.60,26.80,26.60,26.80,+0.25,11116,297006,29
2022-11-16,TPEx,3122,笙泉,26.45,28.85,26.45,28.85,+2.60,4972411,141791045,2428
2022-11-16,TPEx,3128,昇銳,34.10,34.95,33.55,34.80,+0.60,4136827,142411277,2450
2022-11-16,TPEx,3131,弘塑,241.50,250.00,235.00,235.50,+6.00,1254252,303871641,1571
2022-11-16,TPEx,3141,晶宏,88.90,91.00,87.50,90.30,+2.30,6341744,568017225,5030
2022-11-16,TPEx,3147,大綜,51.90,51.90,50.40,50.90,-0.50,74196,3790297,68
2022-11-16,TPEx,3152,璟德,175.00,178.00,174.50,178.00,+3.50,57503,10140461,362
2022-11-16,TPEx,3162,精確,42.60,43.55,42.45,42.85,+0.50,1052585,45239438,670
2022-11-16,TPEx,3163,波若威,55.00,55.70,54.00,55.00,0.00,2744207,150851003,1635
2022-11-16,TPEx,3169,亞信,106.00,107.50,103.50,107.00,+2.00,935395,99155144,860
2022-11-16,TPEx,3171,新洲,15.75,15.75,15.65,15.65,0.00,3001,47117,4
2022-11-16,TPEx,3176,基亞,32.75,36.40,32.75,36.40,+3.30,837688,29676572,525
2022-11-16,TPEx,3178,公準,62.50,62.60,59.80,61.20,-0.60,452404,27544812,462
2022-11-16,TPEx,3188,鑫龍騰,11.55,11.65,11.45,11.45,-0.05,66144,760831,42
2022-11-16,TPEx,3191,和進,7.27,7.55,7.26,7.55,+0.26,103175,757527,61
2022-11-16,TPEx,3202,樺晟,13.80,13.90,13.55,13.70,-0.25,324004,4440652,159
2022-11-16,TPEx,3205,佰研,47.25,48.20,46.30,46.85,-0.35,1230361,57882761,963
2022-11-16,TPEx,3206,志豐,28.55,28.55,28.40,28.45,-0.15,41034,1168852,41
2022-11-16,TPEx,3207,耀勝,49.40,50.00,49.00,49.70,-0.05,2232803,110547602,1419
2022-11-16,TPEx,3211,順達,72.40,72.80,72.10,72.10,-0.30,139505,10088112,153
2022-11-16,TPEx,3213,茂訊,43.45,43.70,43.10,43.70,+0.25,41270,1786324,35
2022-11-16,TPEx,3217,優群,74.50,74.60,72.80,73.90,+0.10,215461,15854853,193
2022-11-16,TPEx,3218,大學光,246.00,250.00,242.00,245.50,-0.50,603869,148498855,796
2022-11-16,TPEx,3219,倚強科,46.50,46.50,44.05,44.95,0.00,16377,739662,24
2022-11-16,TPEx,3221,台嘉碩,26.95,26.95,26.40,26.60,-0.30,871243,23250420,534
2022-11-16,TPEx,3224,三顧,41.10,41.80,39.55,41.80,+1.65,307058,12487167,264
2022-11-16,TPEx,3226,至寶電,,,,,,0,0,0
2022-11-16,TPEx,3227,原相,91.60,93.10,90.40,92.40,+0.90,622198,57225769,1161
2022-11-16,TPEx,3228,金麗科,183.00,197.00,180.50,197.00,+14.00,504314,96585272,514
2022-11-16,TPEx,3230,錦明,13.90,13.90,13.20,13.75,0.00,177750,2418070,93
2022-11-16,TPEx,3232,昱捷,30.50,33.15,30.20,33.15,+3.00,1166556,37487384,684
2022-11-16,TPEx,3234,光環,22.70,23.05,22.65,22.90,+0.10,369036,8443068,187
2022-11-16,TPEx,3236,千如,24.25,24.65,24.00,24.10,-0.05,531314,12894270,348
2022-11-16,TPEx,3252,海灣,17.10,17.20,16.70,16.75,-0.35,103048,1741418,63
2022-11-16,TPEx,3259,鑫創,16.30,16.30,15.90,16.00,-0.60,24002,387884,24
2022-11-16,TPEx,3260,威剛,60.70,64.80,60.40,63.30,+2.90,9313870,587229973,6458
2022-11-16,TPEx,3264,欣銓,49.30,50.00,48.60,50.00,+1.10,6721414,332882262,3755
2022-11-16,TPEx,3265,台星科,46.75,49.20,46.40,48.80,+2.45,4666473,224287183,3109
2022-11-16,TPEx,3268,海德威,24.20,25.40,24.20,24.80,+0.65,275429,6855655,217
2022-11-16,TPEx,3272,東碩,54.00,55.00,53.00,55.00,+0.80,1727691,93575035,1226
2022-11-16,TPEx,3276,宇環,11.90,12.25,11.85,12.20,+0.25,45343,549031,51
2022-11-16,TPEx,3284,太普高,13.45,13.50,13.40,13.40,-0.05,38003,510239,25
2022-11-16,TPEx,3285,微端,18.85,18.90,18.65,18.65,-0.20,11000,206800,9
2022-11-16,TPEx,3287,廣寰科,13.95,14.10,13.20,13.40,-0.55,225337,3077903,173
2022-11-16,TPEx,3288,點晶,25.60,25.60,25.05,25.05,-0.25,39046,984238,47
2022-11-16,TPEx,3289,宜特,78.00,82.90,77.30,81.50,+2.80,7803349,630296927,5736
2022-11-16,TPEx,3290,東浦,22.75,23.05,22.30,22.45,-0.30,544127,12313265,246
2022-11-16,TPEx,3293,鈊象,379.00,381.50,375.00,376.50,-1.50,648378,244937363,1052
2022-11-16,TPEx,3294,英濟,17.20,17.25,17.05,17.10,-0.25,76240,1306098,57
2022-11-16,TPEx,3297,杭特,15.90,16.00,15.70,15.70,-0.30,64000,1015414,76
2022-11-16,TPEx,3303,岱稜,24.85,25.15,24.75,25.10,+0.25,80117,2003969,73
2022-11-16,TPEx,3306,鼎天,23.40,23.40,22.90,23.00,-0.35,202770,4673338,108
2022-11-16,TPEx,3310,佳穎,41.00,41.20,40.50,40.85,-0.05,120906,4946225,103
2022-11-16,TPEx,3313,斐成,9.81,9.81,9.60,9.70,-0.17,134165,1294023,220
2022-11-16,TPEx,3317,尼克森,52.70,53.90,52.30,53.50,+0.80,558522,29759795,470
2022-11-16,TPEx,3322,建舜電,18.55,20.40,18.55,19.75,+1.20,3288184,65182076,1777
2022-11-16,TPEx,3323,加百裕,34.70,34.70,34.10,34.15,-0.45,194616,6686680,168
2022-11-16,TPEx,3324,雙鴻,141.50,143.00,138.50,140.50,-1.00,1429139,200515835,1323
2022-11-16,TPEx,3325,旭品,12.20,12.40,12.05,12.15,+0.05,95230,1161737,92
2022-11-16,TPEx,3332,幸康,41.00,41.00,40.85,40.90,-0.45,5001,204693,6
2022-11-16,TPEx,3339,泰谷,13.10,13.10,12.90,12.95,-0.20,96054,1249293,45
2022-11-16,TPEx,3349,寶德,,,,,,0,0,0
2022-11-16,TPEx,3354,律勝,14.15,14.40,13.75,13.85,-0.25,101689,1420709,105
2022-11-16,TPEx,3357,臺慶科,79.30,79.60,78.70,79.00,0.00,58250,4610610,56
2022-11-16,TPEx,3360,尚立,13.75,13.95,13.70,13.80,+0.05,68498,947026,95
2022-11-16,TPEx,3362,先進光,74.10,75.70,72.50,74.60,+0.10,4710743,351099467,3417
2022-11-16,TPEx,3363,上詮,22.35,22.50,22.30,22.40,+0.05,187181,4192121,120
2022-11-16,TPEx,3372,典範,11.50,11.50,11.20,11.25,-0.25,192266,2174022,117
2022-11-16,TPEx,3373,熱映,23.85,23.85,23.20,23.20,-0.35,94108,2210626,77
2022-11-16,TPEx,3374,精材,111.50,112.50,107.00,108.00,-1.50,12723369,1395613982,8668
2022-11-16,TPEx,3379,彬台,11.20,11.20,11.10,11.10,-0.10,34001,379661,22
2022-11-16,TPEx,3388,崇越電,72.80,74.40,72.00,72.00,0.00,48580,3516734,41
2022-11-16,TPEx,3390,旭軟,18.95,19.20,18.60,18.75,-0.10,467232,8775633,278
2022-11-16,TPEx,3402,漢科,45.05,45.45,44.25,45.10,+0.20,567545,25373548,292
2022-11-16,TPEx,3426,台興,37.10,37.10,37.10,37.10,-0.90,1051,39025,6
2022-11-16,TPEx,3430,奇鈦科,48.40,48.50,47.25,48.30,+0.05,162399,7801560,154
2022-11-16,TPEx,3434,哲固,26.15,26.15,25.50,25.65,-0.25,159780,4113300,139
2022-11-16,TPEx,3438,類比科,51.90,52.40,50.00,52.00,+0.50,258759,13289365,222
2022-11-16,TPEx,3441,聯一光,35.65,36.10,35.05,35.80,+0.10,603377,21504644,439
2022-11-16,TPEx,3444,利機,62.00,64.00,61.80,63.40,+1.80,1696120,106848494,1214
2022-11-16,TPEx,3455,由田,84.80,87.30,84.70,86.50,+1.70,927783,80078870,876
2022-11-16,TPEx,3465,進泰電子,80.20,80.50,80.00,80.10,+0.20,8010,642803,8
2022-11-16,TPEx,3466,致振,27.00,27.50,26.75,27.40,+0.20,284800,7722308,174
2022-11-16,TPEx,3479,安勤,60.20,61.20,59.60,61.00,+0.70,330851,20042913,258
2022-11-16,TPEx,3483,力致,51.90,55.80,51.30,55.40,+3.50,1213542,65657445,895
2022-11-16,TPEx,3484,崧騰,45.70,46.10,44.65,45.50,-0.20,216647,9852631,195
2022-11-16,TPEx,3489,森寶,10.30,10.30,10.10,10.25,-0.05,30001,306611,13
2022-11-16,TPEx,3490,單井,23.90,24.45,23.80,23.80,-0.10,141042,3394158,72
2022-11-16,TPEx,3491,昇達科,128.50,129.50,125.00,126.50,-8.50,6534666,833927784,4909
2022-11-16,TPEx,3492,長盛,18.60,18.85,18.50,18.55,-0.30,79308,1476080,56
2022-11-16,TPEx,3498,陽程,30.80,30.80,29.90,30.05,-0.70,185917,5596039,168
2022-11-16,TPEx,3499,環天科,18.50,18.90,18.00,18.30,+0.10,1634058,30248354,1019
2022-11-16,TPEx,3508,位速,32.75,33.20,32.40,32.55,+0.15,577274,18882334,434
2022-11-16,TPEx,3511,矽瑪,36.90,37.65,36.35,36.95,+0.05,977378,36170686,751
2022-11-16,TPEx,3512,皇龍,29.50,29.50,28.85,28.95,+0.05,21000,608250,16
2022-11-16,TPEx,3516,亞帝歐,16.90,16.90,16.05,16.65,+0.20,146000,2410050,46
2022-11-16,TPEx,3520,華盈,22.00,22.35,20.30,20.70,-1.00,4888415,103395932,2737
2022-11-16,TPEx,3521,鴻翊,24.45,24.55,23.65,23.75,-0.65,830701,19898086,505
2022-11-16,TPEx,3522,御頂,9.91,9.91,9.81,9.83,+0.02,20419,200684,31
2022-11-16,TPEx,3523,迎輝,18.70,19.35,18.70,18.95,0.00,15601,294587,14
2022-11-16,TPEx,3526,凡甲,122.50,123.50,120.00,122.00,-0.50,240895,29454945,244
2022-11-16,TPEx,3527,聚積,105.00,106.00,103.00,106.00,+1.50,179931,18882217,197
2022-11-16,TPEx,3529,力旺,1460.00,1530.00,1455.00,1530.00,+70.00,2168870,3252943905,2519
2022-11-16,TPEx,3531,先益,26.80,26.90,26.60,26.60,-0.05,95000,2535550,57
2022-11-16,TPEx,3537,堡達,34.80,34.95,34.75,34.85,+0.25,86583,3016209,86
2022-11-16,TPEx,3540,曜越,23.15,23.45,23.05,23.20,+0.10,62900,1460329,78
2022-11-16,TPEx,3541,西柏,56.70,57.00,56.00,57.00,+0.40,28796,1619502,81
2022-11-16,TPEx,3546,宇峻,71.80,71.80,70.30,71.10,+0.70,135659,9618202,134
2022-11-16,TPEx,3548,兆利,60.50,61.40,59.50,60.70,+0.70,223746,13555066,197
2022-11-16,TPEx,3551,世禾,56.70,56.80,56.10,56.50,0.00,36106,2037307,41
2022-11-16,TPEx,3552,同致,150.50,152.00,145.50,151.50,+1.50,3049164,453420878,3066
2022-11-16,TPEx,3555,重鵬,21.00,21.00,20.70,20.90,-0.55,30165,630349,26
2022-11-16,TPEx,3556,禾瑞亞,54.80,56.20,54.30,55.90,+1.10,192214,10669896,287
2022-11-16,TPEx,3558,神準,206.50,214.50,206.00,208.00,+3.00,8486343,1789058403,7099
2022-11-16,TPEx,3564,其陽,29.40,29.55,29.10,29.20,-0.20,177149,5189530,94
2022-11-16,TPEx,3567,逸昌,24.25,24.70,24.25,24.40,-0.10,10213,249453,17
2022-11-16,TPEx,3570,大塚,88.00,88.00,88.00,88.00,-0.70,2002,176175,3
2022-11-16,TPEx,3577,泓格,69.80,69.80,68.50,68.60,-1.00,24197,1675910,72
2022-11-16,TPEx,3580,友威科,61.20,61.80,59.80,60.20,-1.00,436551,26436033,243
2022-11-16,TPEx,3581,博磊,20.10,20.40,20.10,20.20,+0.10,18500,374700,13
2022-11-16,TPEx,3587,閎康,138.00,141.50,134.00,140.00,+2.00,962415,133562995,830
2022-11-16,TPEx,3594,磐儀,26.35,26.70,25.80,25.95,-0.05,1973286,51890245,1058
2022-11-16,TPEx,3597,映興,25.00,25.00,24.80,24.95,-0.05,29090,725740,20
2022-11-16,TPEx,3609,三一東林,44.60,45.50,44.50,45.50,+0.10,29005,1308475,14
2022-11-16,TPEx,3611,鼎翰,191.00,191.00,188.00,188.00,-3.00,66545,12547932,73
2022-11-16,TPEx,3615,安可,17.15,17.30,16.95,17.30,+0.05,53218,911626,58
2022-11-16,TPEx,3623,富晶通,16.10,16.10,15.60,15.75,+0.15,89000,1405800,70
2022-11-16,TPEx,3624,光頡,44.55,44.85,43.70,44.75,+0.45,1013097,45049721,850
2022-11-16,TPEx,3625,西勝,14.25,14.30,14.15,14.15,0.00,146697,2086632,102
2022-11-16,TPEx,3628,盈正,38.10,39.00,38.00,38.05,-0.45,57070,2191526,46
2022-11-16,TPEx,3629,地心引力,40.85,40.85,40.85,40.85,+1.20,1000,40850,1
2022-11-16,TPEx,3630,新鉅科,28.75,29.20,27.90,28.65,+0.10,410242,11714993,259
2022-11-16,TPEx,3631,晟楠,29.40,29.40,28.90,28.90,-0.10,52000,1513800,19
2022-11-16,TPEx,3632,研勤,9.76,9.76,9.60,9.60,-0.13,8336,80927,31
2022-11-16,TPEx,3642,駿熠電,3.87,3.87,3.87,3.87,-0.42,205666,795931,72
2022-11-16,TPEx,3646,艾恩特,22.80,22.80,22.80,22.80,+0.15,3006,68543,9
2022-11-16,TPEx,3663,鑫科,27.20,27.35,27.00,27.15,+0.15,45065,1221356,36
2022-11-16,TPEx,3664,安瑞-KY,11.80,11.90,11.50,11.60,+0.10,41250,479586,46
2022-11-16,TPEx,3666,光耀,18.60,18.75,18.30,18.35,-0.25,69124,1275460,60
2022-11-16,TPEx,3672,康聯訊,29.50,30.05,29.50,29.90,-0.25,4000,119250,4
2022-11-16,TPEx,3675,德微,184.00,190.00,181.50,187.50,+3.50,2305483,428641968,2393
2022-11-16,TPEx,3680,家登,246.00,247.50,240.50,241.00,-1.50,1584370,384964913,2223
2022-11-16,TPEx,3684,榮昌,56.80,57.40,56.10,56.40,-1.10,74109,4191912,52
2022-11-16,TPEx,3685,元創精密,22.30,22.30,21.55,21.55,-0.75,226098,4912809,127
2022-11-16,TPEx,3687,歐買尬,81.40,81.40,77.60,77.90,-3.40,385998,30302792,791
2022-11-16,TPEx,3689,湧德,31.90,31.90,31.25,31.45,-0.15,137714,4335139,109
2022-11-16,TPEx,3691,碩禾,111.00,111.00,108.00,108.50,-2.00,353639,38550359,352
2022-11-16,TPEx,3693,營邦,70.90,75.30,69.70,74.50,+4.90,1613144,118413981,1314
2022-11-16,TPEx,3707,漢磊,101.50,102.00,97.90,98.30,-2.70,11156840,1108964278,9698
2022-11-16,TPEx,3709,鑫聯大投控,21.15,21.65,20.70,20.80,-0.35,130000,2722750,53
2022-11-16,TPEx,3710,連展投控,11.05,11.15,10.80,10.85,-0.10,1014606,11076902,484
2022-11-16,TPEx,3713,新晶投控,25.20,25.40,25.15,25.15,0.00,24600,622000,26
2022-11-16,TPEx,4102,永日,32.80,33.55,32.30,33.05,+0.15,2740337,90427886,1569
2022-11-16,TPEx,4105,東洋,75.20,75.70,74.80,75.30,+0.20,631625,47554807,437
2022-11-16,TPEx,4107,邦特,112.50,113.00,111.50,112.00,0.00,129095,14471424,134
2022-11-16,TPEx,4109,加捷生醫,14.15,14.25,14.10,14.20,0.00,46166,652420,45
2022-11-16,TPEx,4111,濟生,24.20,24.25,24.00,24.10,-0.10,62269,1503220,58
2022-11-16,TPEx,4113,聯上,11.90,11.95,11.90,11.90,-0.05,51522,614800,38
2022-11-16,TPEx,4114,健喬,35.25,36.60,35.25,36.30,+1.05,8249953,298133962,4488
2022-11-16,TPEx,4116,明基醫,55.00,56.00,54.50,55.70,+0.80,624049,34422586,495
2022-11-16,TPEx,4120,友華,36.10,36.50,36.05,36.30,+0.40,133193,4838281,976
2022-11-16,TPEx,4121,優盛,20.05,20.15,19.90,20.00,0.00,335685,6714071,214
2022-11-16,TPEx,4123,晟德,43.60,43.60,42.80,42.90,-0.45,965079,41555189,760
2022-11-16,TPEx,4126,太醫,68.80,68.80,68.50,68.80,+0.10,47682,3274383,67
2022-11-16,TPEx,4127,天良,13.40,13.70,13.30,13.60,+0.25,184504,2487526,90
2022-11-16,TPEx,4128,中天,59.20,60.50,59.00,60.40,+1.70,5228708,312505137,3305
2022-11-16,TPEx,4129,聯合,33.95,35.50,33.75,35.50,+1.60,757438,26482002,461
2022-11-16,TPEx,4129A,聯合甲特,45.65,45.65,45.55,45.55,+0.05,9000,410450,5
2022-11-16,TPEx,4130,健亞,22.30,22.60,22.30,22.50,+0.15,95312,2140813,78
2022-11-16,TPEx,4131,晶宇,21.40,21.45,20.70,20.75,-0.65,7009,146202,11
2022-11-16,TPEx,4138,曜亞,58.80,59.00,58.50,59.00,0.00,8486,498698,18
2022-11-16,TPEx,4139,馬光-KY,43.90,45.20,43.90,44.35,+0.40,49001,2178894,43
2022-11-16,TPEx,4147,中裕,62.10,63.00,61.70,62.50,+0.40,449564,27998462,363
2022-11-16,TPEx,4153,鈺緯,27.25,27.25,26.65,26.65,-0.30,19959,533666,20
2022-11-16,TPEx,4154,樂威科-KY,44.35,44.35,43.15,44.25,+0.25,3000,131750,3
2022-11-16,TPEx,4157,太景*-KY,15.00,15.50,15.00,15.15,+0.20,2564190,39059964,1102
2022-11-16,TPEx,4160,創源,24.00,24.30,24.00,24.10,+0.15,21497,518539,37
2022-11-16,TPEx,4161,聿新科,25.35,26.10,25.35,25.65,+0.20,49312,1260257,60
2022-11-16,TPEx,4162,智擎,123.00,132.00,122.00,127.50,+5.00,21169546,2698802978,14820
2022-11-16,TPEx,4163,鐿鈦,98.30,98.90,97.00,98.30,0.00,130714,12782514,168
2022-11-16,TPEx,4167,松瑞藥,17.15,17.65,17.15,17.55,+0.40,691634,12001823,404
2022-11-16,TPEx,4168,醣聯,29.30,29.90,29.10,29.60,+0.20,1558924,45852415,1042
2022-11-16,TPEx,4171,瑞基,52.60,53.70,52.60,53.10,+0.50,248297,13174804,265
2022-11-16,TPEx,4173,久裕,17.35,17.35,17.20,17.35,+0.15,49500,854622,48
2022-11-16,TPEx,4174,浩鼎,72.30,73.20,72.00,72.80,0.00,377723,27384088,306
2022-11-16,TPEx,4175,杏一,71.80,71.90,71.10,71.80,+0.50,22612,1617235,32
2022-11-16,TPEx,4183,福永生技,17.85,17.85,17.85,17.85,-0.05,1000,17850,1
2022-11-16,TPEx,4188,安克,14.90,15.00,14.75,14.95,-0.10,28001,415514,24
2022-11-16,TPEx,4192,杏國,24.00,25.05,24.00,24.60,-1.00,129664,3162003,113
2022-11-16,TPEx,4198,欣大健康,30.55,30.55,28.50,28.70,-1.50,9861,292243,16
2022-11-16,TPEx,4205,中華食,98.50,99.30,98.50,99.30,+0.50,22192,2197123,92
2022-11-16,TPEx,4207,環泰,12.90,12.90,12.70,12.70,-0.10,1109388,15098233,76
2022-11-16,TPEx,4303,信立,16.20,16.20,16.05,16.20,0.00,93125,1498525,53
2022-11-16,TPEx,4304,勝昱,8.08,8.13,8.01,8.09,-0.04,15414,124432,13
2022-11-16,TPEx,4305,世坤,,,,,,0,0,0
2022-11-16,TPEx,4401,東隆興,26.65,26.65,26.35,26.40,-0.10,23160,612119,21
2022-11-16,TPEx,4402,福大,12.10,12.10,11.60,11.75,-0.10,299854,3546230,202
2022-11-16,TPEx,4406,新昕纖,10.60,10.65,10.50,10.55,-0.15,12138,128183,14
2022-11-16,TPEx,4413,飛寶企業,18.65,19.20,18.30,18.30,+0.25,863188,16074260,533
2022-11-16,TPEx,4416,三圓,74.20,75.40,73.60,74.60,-1.90,13159,978635,13
2022-11-16,TPEx,4417,金洲,37.00,37.00,36.55,36.80,+0.35,70665,2596557,91
2022-11-16,TPEx,4419,元勝,,,,,,0,0,0
2022-11-16,TPEx,4420,光明,29.95,29.95,29.95,29.95,0.00,1265,37873,4
2022-11-16,TPEx,4430,耀億,21.75,21.75,21.75,21.75,+0.10,2257,49259,25
2022-11-16,TPEx,4432,銘旺實,25.30,25.50,24.60,24.70,-0.30,584899,14583997,367
2022-11-16,TPEx,4433,興采,29.75,29.75,29.05,29.20,-0.55,26111,764967,22
2022-11-16,TPEx,4502,健信,37.45,37.50,37.20,37.20,-0.25,18100,674850,16
2022-11-16,TPEx,4503,金雨,35.85,36.00,35.45,35.95,+0.25,114020,4083623,95
2022-11-16,TPEx,4506,崇友,68.10,68.10,67.00,67.10,-1.00,149527,10055777,329
2022-11-16,TPEx,4510,高鋒,10.45,10.55,10.45,10.55,+0.25,80408,842958,57
2022-11-16,TPEx,4513,福裕,22.95,22.95,22.70,22.70,-0.25,133228,3039106,56
2022-11-16,TPEx,4523,永彰,27.55,28.30,27.50,27.70,+0.15,6005,166985,11
2022-11-16,TPEx,4527,方土霖,26.80,26.80,26.65,26.70,+0.05,10000,266950,9
2022-11-16,TPEx,4528,江興鍛,32.20,32.20,31.40,31.80,+0.05,22351,708344,43
2022-11-16,TPEx,4529,淳紳,9.07,9.27,9.07,9.15,+0.08,58088,533821,49
2022-11-16,TPEx,4530,宏易,6.65,6.80,6.65,6.80,0.00,30002,203513,12
2022-11-16,TPEx,4533,協易機,10.55,10.75,10.55,10.65,+0.10,228008,2432428,107
2022-11-16,TPEx,4534,慶騰,8.70,8.70,8.48,8.51,-0.19,93258,795601,189
2022-11-16,TPEx,4535,至興,38.60,38.70,38.60,38.70,+0.10,8200,316670,3
2022-11-16,TPEx,4538,大詠城,20.10,20.10,20.00,20.00,0.00,3000,60200,3
2022-11-16,TPEx,4541,晟田,27.15,27.15,26.35,26.50,-0.60,527714,14078600,371
2022-11-16,TPEx,4542,科嶠,24.00,24.70,24.00,24.70,+0.45,14000,337400,6
2022-11-16,TPEx,4543,萬在,24.25,24.70,23.85,23.90,-0.30,323169,7790249,206
2022-11-16,TPEx,4549,桓達,85.00,85.00,83.90,84.30,-0.60,141765,11967502,122
2022-11-16,TPEx,4550,長佳,23.25,24.15,23.15,23.45,+0.20,175798,4154070,127
2022-11-16,TPEx,4554,橙的,25.85,25.85,25.50,25.85,-0.05,25545,654142,40
2022-11-16,TPEx,4556,旭然,,,,,,0,0,0
2022-11-16,TPEx,4558,寶緯,22.85,23.50,22.85,23.00,+0.55,6008,138941,7
2022-11-16,TPEx,4561,健椿,21.70,21.90,21.40,21.60,-0.05,44101,952435,34
2022-11-16,TPEx,4563,百德,31.20,31.95,31.20,31.55,+0.25,10045,318683,9
2022-11-16,TPEx,4568,科際精密,59.00,59.40,58.90,59.30,+0.60,11104,657350,15
2022-11-16,TPEx,4577,達航科技,32.65,32.80,32.20,32.80,-0.15,83110,2698051,64
2022-11-16,TPEx,4580,捷流閥業,80.30,80.50,80.20,80.40,+0.10,22109,1775563,23
2022-11-16,TPEx,4584,君帆,44.55,44.90,44.00,44.00,+0.10,23010,1022042,22
2022-11-16,TPEx,4609,唐鋒,8.02,8.44,8.00,8.44,+0.19,14000,114770,12
2022-11-16,TPEx,4702,中美實,12.05,12.05,11.65,11.75,-0.20,324186,3813302,286
2022-11-16,TPEx,4706,大恭,16.80,16.80,16.80,16.80,0.00,2500,42000,3
2022-11-16,TPEx,4707,磐亞,11.45,11.55,11.40,11.45,0.00,295493,3391340,172
2022-11-16,TPEx,4711,永純,14.65,14.65,14.45,14.45,-0.25,18108,262991,17
2022-11-16,TPEx,4712,南璋,4.93,4.99,4.93,4.99,+0.06,36412,179878,26
2022-11-16,TPEx,4714,永捷,10.60,10.60,10.45,10.45,-0.05,70577,741597,55
2022-11-16,TPEx,4716,大立,12.85,12.95,12.75,12.80,-0.05,81157,1039039,73
2022-11-16,TPEx,4721,美琪瑪,105.50,107.00,104.00,105.00,0.00,882038,92716917,762
2022-11-16,TPEx,4726,永昕,35.65,36.35,35.35,35.55,-0.10,1010583,36205338,673
2022-11-16,TPEx,4728,雙美,136.00,136.50,134.00,136.50,+1.00,29033,3938971,21
2022-11-16,TPEx,4729,熒茂,14.85,15.10,14.80,14.85,+0.05,139350,2079891,74
2022-11-16,TPEx,4735,豪展,34.45,34.50,34.20,34.50,+0.10,30009,1028156,30
2022-11-16,TPEx,4736,泰博,181.00,184.00,181.00,181.00,0.00,648785,118105837,645
2022-11-16,TPEx,4741,泓瀚,26.15,26.35,26.15,26.20,+0.05,4000,104850,4
2022-11-16,TPEx,4743,合一,251.00,260.00,250.00,256.50,+7.00,9341593,2380148790,8399
2022-11-16,TPEx,4744,皇將,25.90,25.90,25.35,25.70,0.00,45014,1149657,38
2022-11-16,TPEx,4745,合富-KY,24.45,24.45,24.00,24.15,-0.05,9250,223662,11
2022-11-16,TPEx,4747,強生,31.70,32.35,31.70,32.00,+0.30,22320,712798,28
2022-11-16,TPEx,4754,國碳科,34.00,34.00,33.70,34.00,0.00,13197,447770,64
2022-11-16,TPEx,4760,勤凱,47.25,47.25,46.55,46.80,-0.35,29964,1406630,42
2022-11-16,TPEx,4767,誠泰科技,26.20,26.20,26.00,26.00,+0.65,2000,52200,2
2022-11-16,TPEx,4768,晶呈科技,204.00,206.00,196.00,198.00,-9.00,3278913,653150414,3152
2022-11-16,TPEx,4804,大略-KY,9.13,9.13,8.98,9.02,-0.02,197349,1782075,123
2022-11-16,TPEx,4806,昇華,7.30,7.30,6.61,7.28,-0.06,35174,239370,38
2022-11-16,TPEx,4903,聯光通,9.23,9.35,9.22,9.22,-0.01,53283,492784,65
2022-11-16,TPEx,4905,台聯電,50.60,51.30,50.50,51.00,+0.50,10000,506400,5
2022-11-16,TPEx,4907,富宇,23.95,24.05,23.85,23.90,-0.15,20010,479139,19
2022-11-16,TPEx,4908,前鼎,30.75,30.75,30.20,30.25,-0.20,223000,6765850,156
2022-11-16,TPEx,4909,新復興,16.40,16.40,16.20,16.25,+0.05,47207,767090,98
2022-11-16,TPEx,4911,德英,48.50,50.80,48.15,49.60,+1.50,137621,6787225,123
2022-11-16,TPEx,4923,力士,48.75,49.30,48.45,49.30,0.00,57159,2796882,72
2022-11-16,TPEx,4924,欣厚-KY,13.80,13.95,13.55,13.60,-0.15,81038,1110272,52
2022-11-16,TPEx,4931,新盛力,53.10,53.60,51.60,53.00,-0.60,13879885,729828966,8115
2022-11-16,TPEx,4933,友輝,31.10,31.50,31.10,31.30,+0.10,26340,823374,32
2022-11-16,TPEx,4939,亞電,15.15,15.25,15.00,15.25,+0.10,45022,680733,39
2022-11-16,TPEx,4944,兆遠,11.90,11.90,11.80,11.80,+0.05,3741,44336,10
2022-11-16,TPEx,4945,陞達科技,48.90,48.90,48.00,48.00,+0.50,6563,317696,27
2022-11-16,TPEx,4946,辣椒,42.65,42.80,42.10,42.40,+0.50,54639,2320405,58
2022-11-16,TPEx,4950,牧東,21.55,21.55,20.40,21.40,-0.50,507000,10755850,123
2022-11-16,TPEx,4951,精拓科,48.30,50.90,48.10,50.50,+2.90,1148854,56687536,753
2022-11-16,TPEx,4953,緯軟,85.00,85.00,81.50,82.10,-2.30,868925,71621020,677
2022-11-16,TPEx,4966,譜瑞-KY,787.00,818.00,768.00,818.00,+33.00,3290129,2608995363,3363
2022-11-16,TPEx,4971,IET-KY,60.30,60.30,59.00,59.00,-1.00,79011,4712054,56
2022-11-16,TPEx,4972,湯石照明,29.40,29.45,29.25,29.30,-0.30,53127,1559610,88
2022-11-16,TPEx,4973,廣穎,22.10,22.20,21.65,21.80,-0.10,175317,3843049,128
2022-11-16,TPEx,4974,亞泰,56.20,56.30,55.90,56.00,-0.10,181149,10164801,118
2022-11-16,TPEx,4979,華星光,33.35,34.05,32.20,32.25,-1.00,2049874,67583515,1289
2022-11-16,TPEx,4987,科誠,55.80,56.50,55.30,56.10,+0.10,16100,897260,16
2022-11-16,TPEx,4991,環宇-KY,39.40,39.75,39.10,39.35,+0.25,11105,438909,17
2022-11-16,TPEx,4995,晶達,36.95,37.25,36.95,37.10,-0.05,117002,4344322,30
2022-11-16,TPEx,5009,榮剛,31.75,32.20,31.30,32.15,+0.70,23096886,736341882,9311
2022-11-16,TPEx,5011,久陽,23.65,23.90,23.05,23.10,-0.55,470572,10947311,287
2022-11-16,TPEx,5013,強新,36.20,36.40,35.60,36.40,+0.20,18000,648050,10
2022-11-16,TPEx,5014,建錩,16.10,16.95,16.00,16.60,+0.90,14501295,238961921,6169
2022-11-16,TPEx,5015,華祺,68.00,70.70,67.40,67.70,+0.70,1439150,99147641,1039
2022-11-16,TPEx,5016,松和,29.40,29.40,29.10,29.10,-0.30,10164,296511,12
2022-11-16,TPEx,5201,凱衛,29.20,29.20,27.65,27.65,-2.05,106192,2991998,35
2022-11-16,TPEx,5202,力新,15.50,15.50,14.80,14.95,-0.05,25001,373966,22
2022-11-16,TPEx,5205,中茂,32.50,32.95,31.05,32.85,+0.25,26492,848984,16
2022-11-16,TPEx,5206,坤悅,14.05,14.30,13.95,14.25,+0.30,73006,1028479,41
2022-11-16,TPEx,5209,新鼎,74.10,74.50,73.70,74.10,0.00,10125,749352,12
2022-11-16,TPEx,5210,寶碩,15.30,15.40,15.30,15.35,+0.15,43598,668722,46
2022-11-16,TPEx,5211,蒙恬,19.20,19.25,18.95,19.10,+0.05,100438,1918346,64
2022-11-16,TPEx,5212,凌網,36.30,36.30,35.00,35.45,+0.05,5334,190006,6
2022-11-16,TPEx,5213,亞昕,22.40,22.45,22.20,22.25,-0.15,61853,1384123,53
2022-11-16,TPEx,5220,萬達光電,28.55,28.65,28.50,28.65,0.00,9010,257335,8
2022-11-16,TPEx,5223,安力-KY,39.15,39.50,39.15,39.35,-0.35,16000,628950,16
2022-11-16,TPEx,5227,立凱-KY,75.00,75.50,72.40,72.50,-2.00,1291066,94563340,1327
2022-11-16,TPEx,5228,鈺鎧,20.50,20.80,20.30,20.30,-0.55,39053,798291,36
2022-11-16,TPEx,5230,雷笛克光學,22.20,22.20,22.00,22.10,-0.10,45019,993329,38
2022-11-16,TPEx,5236,凌陽創新,69.00,71.30,67.40,69.80,+1.80,318417,22149987,361
2022-11-16,TPEx,5245,智晶,58.50,58.80,57.30,57.80,-0.20,97004,5632228,90
2022-11-16,TPEx,5251,天鉞電,27.20,28.25,27.10,27.75,+0.40,1831689,50881815,1173
2022-11-16,TPEx,5263,智崴,112.50,113.00,110.50,110.50,-2.00,127634,14259102,171
2022-11-16,TPEx,5272,笙科,25.30,26.75,24.80,26.35,+1.20,859865,22516299,639
2022-11-16,TPEx,5274,信驊,2190.00,2215.00,2110.00,2145.00,-35.00,583258,1248044245,1642
2022-11-16,TPEx,5276,達輝-KY,13.45,13.75,13.45,13.50,-0.05,11000,149050,9
2022-11-16,TPEx,5278,尚凡,159.50,162.50,159.50,160.50,+1.50,8876,1424435,55
2022-11-16,TPEx,5281,大峽谷-KY,,,,,,0,0,0
2022-11-16,TPEx,5287,數字,182.50,183.00,182.00,182.00,-0.50,18180,3315874,94
2022-11-16,TPEx,5289,宜鼎,177.00,185.00,176.50,185.00,+8.00,781863,142133480,780
2022-11-16,TPEx,5291,邑昇,34.85,34.85,34.60,34.60,0.00,59000,2043650,31
2022-11-16,TPEx,5299,杰力,112.00,112.00,108.00,111.50,0.00,475398,52577221,439
2022-11-16,TPEx,5301,寶得利,9.51,10.00,9.30,10.00,+0.29,45950,433888,30
2022-11-16,TPEx,5302,太欣,8.33,8.49,8.24,8.41,+0.02,169605,1422911,99
2022-11-16,TPEx,5309,系統電,40.90,41.90,40.30,41.25,+0.90,5927344,244868406,3615
2022-11-16,TPEx,5310,天剛,27.60,27.80,27.60,27.80,-0.10,3275,90630,5
2022-11-16,TPEx,5312,寶島科,57.10,57.70,57.10,57.70,-0.10,12351,710556,14
2022-11-16,TPEx,5314,世紀,4.13,4.20,4.13,4.14,+0.02,44507,185250,39
2022-11-16,TPEx,5315,光聯,18.10,18.15,17.75,17.90,-0.15,241093,4329481,138
2022-11-16,TPEx,5321,美而快,68.70,69.60,67.30,69.30,+1.70,229511,15738686,225
2022-11-16,TPEx,5324,士開,8.55,8.55,8.46,8.54,-0.02,7306,62143,11
2022-11-16,TPEx,5328,華容,9.70,9.70,9.55,9.63,-0.06,160719,1542368,82
2022-11-16,TPEx,5340,建榮,25.85,25.85,25.30,25.80,-0.10,61102,1556890,48
2022-11-16,TPEx,5344,立衛,17.95,17.95,17.20,17.50,-0.15,81505,1423712,94
2022-11-16,TPEx,5345,天揚,,,,,,306,1738,2
2022-11-16,TPEx,5347,世界,87.40,88.30,84.50,87.20,+1.70,17557113,1523375881,13027
2022-11-16,TPEx,5348,系通,9.96,9.96,9.22,9.74,-0.03,32001,299330,23
2022-11-16,TPEx,5351,鈺創,39.20,41.15,38.60,40.60,+1.45,19325183,777668914,12090
2022-11-16,TPEx,5353,台林,30.00,30.85,29.40,29.40,-0.05,3201959,95762935,1762
2022-11-16,TPEx,5355,佳總,5.95,5.95,5.78,5.87,-0.09,143007,830819,57
2022-11-16,TPEx,5356,協益,20.00,20.00,19.65,19.90,-0.05,51221,1017912,66
2022-11-16,TPEx,5364,力麗店,23.65,23.85,23.40,23.65,-0.05,12000,283350,11
2022-11-16,TPEx,5371,中光電,55.00,55.30,54.20,54.70,+0.10,1538779,84509674,1142
2022-11-16,TPEx,5381,合正,5.70,5.84,5.70,5.81,0.00,13687,79279,10
2022-11-16,TPEx,5383,金利,25.00,25.40,24.75,25.40,+0.40,25382,635561,24
2022-11-16,TPEx,5386,青雲,33.40,36.30,33.40,35.75,+2.75,1178990,41973050,1035
2022-11-16,TPEx,5392,能率,19.75,19.90,19.70,19.85,+0.20,59455,1178464,109
2022-11-16,TPEx,5398,慕康生醫,17.30,17.45,17.30,17.45,+0.05,4001,69469,5
2022-11-16,TPEx,5403,中菲,67.60,67.60,67.20,67.50,-0.10,28059,1889603,49
2022-11-16,TPEx,5410,國眾,33.70,34.00,32.65,32.95,-1.10,4398556,145674015,2552
2022-11-16,TPEx,5425,台半,77.20,78.20,76.70,77.00,0.00,9844289,761973312,5730
2022-11-16,TPEx,5426,振發,14.25,14.25,13.80,13.80,-0.45,714318,9969232,458
2022-11-16,TPEx,5432,新門,29.70,31.50,29.20,29.90,+0.45,42000,1253350,34
2022-11-16,TPEx,5438,東友,16.40,16.40,16.00,16.20,+0.10,26001,420816,7
2022-11-16,TPEx,5439,高技,43.40,43.85,43.20,43.50,-0.20,133879,5824212,158
2022-11-16,TPEx,5443,均豪,27.40,27.90,27.20,27.60,+0.60,756910,20918054,490
2022-11-16,TPEx,5450,南良,17.90,18.00,17.75,17.90,+0.10,35001,626367,22
2022-11-16,TPEx,5452,佶優,13.85,13.85,13.60,13.75,-0.05,84694,1159328,78
2022-11-16,TPEx,5455,昇益,,,,,,0,0,0
2022-11-16,TPEx,5457,宣德,55.00,56.40,54.90,55.80,+0.60,1165041,64803894,806
2022-11-16,TPEx,5460,同協,11.10,11.15,11.00,11.10,0.00,23554,260514,28
2022-11-16,TPEx,5464,霖宏,25.75,25.80,25.10,25.10,-0.30,183780,4651572,129
2022-11-16,TPEx,5465,富驊,17.90,18.00,17.65,17.80,-0.15,204800,3642258,118
2022-11-16,TPEx,5468,凱鈺,18.95,18.95,18.50,18.60,-0.20,28362,527932,29
2022-11-16,TPEx,5474,聰泰,68.50,68.50,67.60,68.20,0.00,24500,1670858,103
2022-11-16,TPEx,5475,德宏,12.00,12.00,11.55,11.70,-0.20,436860,5116599,229
2022-11-16,TPEx,5478,智冠,73.60,74.00,73.20,74.00,+0.60,51626,3793810,68
2022-11-16,TPEx,5481,新華,13.00,13.00,12.50,12.50,-0.10,56895,714093,49
2022-11-16,TPEx,5483,中美晶,163.00,163.00,157.50,162.00,0.00,9967053,1595914607,7613
2022-11-16,TPEx,5487,通泰,25.35,25.35,25.35,25.35,+0.05,2000,50700,2
2022-11-16,TPEx,5488,松普,10.20,10.20,10.00,10.10,-0.05,658045,6629905,257
2022-11-16,TPEx,5489,彩富,37.80,38.15,37.15,37.90,+0.15,145015,5454664,98
2022-11-16,TPEx,5490,同亨,21.10,21.20,21.05,21.10,-0.10,41360,873746,116
2022-11-16,TPEx,5493,三聯,48.50,50.00,48.50,49.65,+1.15,87789,4364302,27
2022-11-16,TPEx,5498,凱崴,10.00,10.00,9.89,9.94,-0.01,125769,1249201,106
2022-11-16,TPEx,5508,永信建,58.40,59.20,58.30,58.60,+0.20,110833,6509833,97
2022-11-16,TPEx,5511,德昌,30.00,30.00,29.95,30.00,0.00,26608,797656,13
2022-11-16,TPEx,5512,力麒,8.34,8.35,8.28,8.30,-0.03,200679,1665645,141
2022-11-16,TPEx,5514,三豐,17.85,18.40,17.85,18.10,+0.05,24000,429750,5
2022-11-16,TPEx,5516,雙喜,17.20,17.30,17.10,17.15,-0.05,35464,608407,26
2022-11-16,TPEx,5520,力泰,55.10,55.10,55.10,55.10,0.00,1000,55100,1
2022-11-16,TPEx,5523,豐謙,24.80,25.00,24.80,25.00,0.00,8705,216934,8
2022-11-16,TPEx,5529,鉅陞,14.25,14.25,14.00,14.00,-0.30,25136,355990,14
2022-11-16,TPEx,5530,龍巖,36.15,36.50,35.95,36.25,-0.05,236480,8544049,227
2022-11-16,TPEx,5536,聖暉*,97.30,98.00,96.70,97.10,0.00,297247,28875449,317
2022-11-16,TPEx,5543,桓鼎-KY,,,,,,0,0,0
2022-11-16,TPEx,5601,台聯櫃,,,,,,0,0,0
2022-11-16,TPEx,5603,陸海,21.10,21.15,20.60,20.65,-0.40,439707,9126084,350
2022-11-16,TPEx,5604,中連,50.30,52.50,50.30,52.50,+1.40,11492,594350,35
2022-11-16,TPEx,5609,中菲行,70.60,70.80,69.90,70.40,-0.20,323429,22709410,495
2022-11-16,TPEx,5701,劍湖山,3.03,3.03,2.96,2.96,-0.06,108864,326037,49
2022-11-16,TPEx,5703,亞都,17.70,18.30,17.50,17.75,+0.10,66000,1166550,44
2022-11-16,TPEx,5704,老爺知,42.80,43.25,42.05,42.15,-0.65,341374,14545824,315
2022-11-16,TPEx,5864,致和證,10.35,10.35,10.15,10.25,-0.05,80177,821670,39
2022-11-16,TPEx,5878,台名,47.50,47.50,47.50,47.50,+0.15,2030,96413,4
2022-11-16,TPEx,5902,德記,33.45,33.45,32.55,33.00,-0.10,17152,566781,23
2022-11-16,TPEx,5903,全家,188.00,188.00,187.50,187.50,-0.50,28541,5361783,93
2022-11-16,TPEx,5904,寶雅,476.00,485.50,465.00,473.00,-6.00,599116,283454429,1187
2022-11-16,TPEx,5905,南仁湖,11.45,11.55,11.40,11.40,0.00,371841,4250704,186
2022-11-16,TPEx,6015,宏遠證,10.60,10.60,10.40,10.40,-0.15,412445,4334615,208
2022-11-16,TPEx,6016,康和證,10.00,10.00,9.90,9.91,-0.04,392117,3893884,249
2022-11-16,TPEx,6020,大展證,18.70,18.80,18.60,18.60,-0.10,5511,102956,6
2022-11-16,TPEx,6021,美好證,19.00,19.10,18.95,19.10,-0.05,4000,76000,4
2022-11-16,TPEx,6023,元大期,47.70,48.00,47.65,48.00,+0.25,46163,2210511,117
2022-11-16,TPEx,6026,福邦證,10.70,10.75,10.60,10.65,-0.05,435126,4635892,227
2022-11-16,TPEx,6101,寬魚國際,18.90,18.90,18.05,18.80,-0.15,79447,1461026,50
2022-11-16,TPEx,6103,合邦,7.28,7.28,6.71,6.71,-0.57,12000,86790,4
2022-11-16,TPEx,6104,創惟,93.80,96.30,93.50,94.30,-0.20,8761973,830123213,5710
2022-11-16,TPEx,6109,亞元,14.50,14.75,14.30,14.35,-0.15,948940,13778605,386
2022-11-16,TPEx,6111,大宇資,46.80,47.20,46.20,46.95,+0.15,353788,16569562,396
2022-11-16,TPEx,6113,亞矽,18.75,18.95,18.30,18.30,-0.20,770490,14274560,436
2022-11-16,TPEx,6114,久威,24.90,25.80,24.75,24.95,+0.35,479110,12089898,326
2022-11-16,TPEx,6118,建達,33.40,34.00,32.90,33.45,-0.05,2933761,98232097,1730
2022-11-16,TPEx,6121,新普,285.50,286.50,283.00,285.00,+0.50,422863,120365141,865
2022-11-16,TPEx,6122,擎邦,16.00,16.00,15.80,15.95,-0.05,156340,2484705,114
2022-11-16,TPEx,6123,上奇,52.50,52.70,52.30,52.50,0.00,114022,5980246,93
2022-11-16,TPEx,6124,業強,28.20,28.20,27.35,27.35,-0.85,181230,4980360,139
2022-11-16,TPEx,6125,廣運,25.45,25.65,25.05,25.05,-0.45,2320617,58583486,1073
2022-11-16,TPEx,6126,信音,20.80,21.00,20.70,20.80,0.00,114109,2377528,66
2022-11-16,TPEx,6127,九豪,15.35,15.55,15.00,15.00,-0.20,364083,5509860,197
2022-11-16,TPEx,6129,普誠,31.40,31.85,31.10,31.50,+0.40,3084988,96945032,1813
2022-11-16,TPEx,6130,星寶國際,32.00,32.70,31.80,32.70,+0.30,3000,96500,3
2022-11-16,TPEx,6134,萬旭,19.20,20.60,19.00,20.50,+1.35,412211,8182761,258
2022-11-16,TPEx,6138,茂達,120.00,122.00,117.50,120.50,+1.00,1519169,182461683,1175
2022-11-16,TPEx,6140,訊達,17.20,17.20,16.60,16.60,-0.60,399849,6718093,278
2022-11-16,TPEx,6143,振曜,70.00,70.00,65.50,68.80,-1.20,5554234,378497310,3453
2022-11-16,TPEx,6144,得利影,15.35,15.75,13.90,15.00,-0.30,44000,642650,32
2022-11-16,TPEx,6146,耕興,203.50,203.50,195.00,196.00,-7.50,761078,150730947,955
2022-11-16,TPEx,6147,頎邦,58.60,59.70,58.30,59.50,+1.30,6197000,366840035,3437
2022-11-16,TPEx,6148,驊宏資,12.90,13.00,12.80,13.00,+0.05,13384,172601,16
2022-11-16,TPEx,6150,撼訊,62.60,67.70,62.50,65.80,+3.10,8768205,579179783,6243
2022-11-16,TPEx,6151,晉倫,24.30,24.40,24.30,24.40,+0.05,8043,195744,8
2022-11-16,TPEx,6154,順發,15.50,15.50,15.35,15.45,-0.05,26724,412818,22
2022-11-16,TPEx,6156,松上,19.15,19.20,18.75,18.95,-0.05,442322,8416639,251
2022-11-16,TPEx,6158,禾昌,27.10,27.55,26.30,27.20,+0.10,166819,4536421,150
2022-11-16,TPEx,6160,欣技,14.35,14.35,14.05,14.10,-0.20,106514,1506601,84
2022-11-16,TPEx,6161,捷波,25.40,26.90,25.20,26.40,+1.20,637951,16691208,333
2022-11-16,TPEx,6163,華電網,14.50,14.50,14.30,14.45,-0.05,210010,3021791,88
2022-11-16,TPEx,6167,久正,13.15,13.30,12.85,12.85,-0.25,600918,7836530,283
2022-11-16,TPEx,6169,昱泉,17.70,17.70,17.35,17.65,+0.15,8144,142873,27
2022-11-16,TPEx,6170,統振,31.40,31.95,31.10,31.70,+0.35,205069,6477488,127
2022-11-16,TPEx,6171,大城地產,24.40,24.40,24.35,24.35,-0.05,12300,299715,18
2022-11-16,TPEx,6173,信昌電,34.80,34.95,34.20,34.40,-0.40,365949,12654970,236
2022-11-16,TPEx,6174,安碁,24.85,24.85,24.55,24.75,-0.05,69502,1720298,54
2022-11-16,TPEx,6175,立敦,29.40,29.40,28.85,29.05,-0.35,177342,5167445,138
2022-11-16,TPEx,6179,亞通,25.20,25.30,25.00,25.30,0.00,65054,1638069,68
2022-11-16,TPEx,6180,橘子,59.60,59.70,59.00,59.40,-0.10,324915,19279565,305
2022-11-16,TPEx,6182,合晶,46.30,46.30,45.05,46.10,+0.10,7624261,349576070,4979
2022-11-16,TPEx,6185,幃翔,12.20,12.30,12.20,12.30,0.00,91395,1121675,93
2022-11-16,TPEx,6186,新潤,28.40,28.80,27.95,28.40,0.00,835288,23727760,480
2022-11-16,TPEx,6187,萬潤,63.60,64.30,61.50,64.10,+1.00,2044591,129320222,1416
2022-11-16,TPEx,6188,廣明,40.00,40.45,39.70,40.20,+0.25,1086813,43644980,630
2022-11-16,TPEx,6190,萬泰科,32.65,32.75,32.05,32.15,-0.35,851750,27498699,519
2022-11-16,TPEx,6194,育富,24.10,24.10,23.85,24.05,-0.05,47652,1141232,46
2022-11-16,TPEx,6195,詩肯,43.15,43.20,42.80,42.85,-0.30,170313,7323862,173
2022-11-16,TPEx,6198,瑞築,24.00,24.00,21.90,21.90,-2.40,55016,1214600,53
2022-11-16,TPEx,6199,天品,15.95,16.00,15.90,15.90,-0.30,12006,191295,11
2022-11-16,TPEx,6203,海韻電,49.40,50.00,49.40,49.60,+0.25,49354,2448640,45
2022-11-16,TPEx,6204,艾華,49.75,49.75,49.60,49.70,-0.30,7004,348101,9
2022-11-16,TPEx,6208,日揚,48.10,48.70,47.85,47.85,0.00,84546,4067834,85
2022-11-16,TPEx,6210,慶生,35.05,35.05,33.15,35.00,-0.05,42658,1454633,50
2022-11-16,TPEx,6212,理銘,,,,,,0,0,0
2022-11-16,TPEx,6217,中探針,43.45,44.75,42.70,44.30,+1.00,5898552,260789322,4060
2022-11-16,TPEx,6218,豪勉,17.75,17.75,17.65,17.70,-0.05,28000,495250,23
2022-11-16,TPEx,6219,富旺,11.90,11.90,11.60,11.70,-0.30,350639,4117881,195
2022-11-16,TPEx,6220,岳豐,28.30,28.45,25.80,26.05,-2.25,5882758,157322733,2651
2022-11-16,TPEx,6221,晉泰,51.60,51.60,50.80,51.00,-0.60,49404,2526088,74
2022-11-16,TPEx,6222,上揚,15.25,15.50,15.05,15.45,-0.35,13000,199250,11
2022-11-16,TPEx,6223,旺矽,96.50,104.50,96.50,102.50,+7.50,9823639,995269322,6999
2022-11-16,TPEx,6227,茂綸,39.95,40.10,39.45,39.60,-0.20,209461,8297823,151
2022-11-16,TPEx,6228,全譜,13.40,13.45,13.15,13.15,-0.25,75992,1073704,92
2022-11-16,TPEx,6229,研通,26.40,26.85,25.60,26.50,+0.10,126040,3326753,99
2022-11-16,TPEx,6231,系微,77.10,77.40,75.60,76.80,-0.10,215255,16478288,214
2022-11-16,TPEx,6233,旺玖,21.20,21.50,20.70,21.30,+0.20,403713,8571641,274
2022-11-16,TPEx,6234,高僑,18.00,18.00,17.90,18.00,+0.05,51990,934073,87
2022-11-16,TPEx,6236,康呈,18.00,18.00,18.00,18.00,-0.50,1000,18000,1
2022-11-16,TPEx,6237,驊訊,43.85,45.65,43.30,44.65,+0.80,1095899,48982321,789
2022-11-16,TPEx,6240,松崗,17.25,17.85,17.20,17.35,+0.15,52030,911470,40
2022-11-16,TPEx,6241,易通展,16.70,16.80,16.40,16.65,-0.05,118608,1969637,115
2022-11-16,TPEx,6242,立康,47.05,47.50,47.00,47.40,+0.35,37915,1788334,23
2022-11-16,TPEx,6244,茂迪,26.00,26.15,25.55,26.00,+0.20,1762184,45735452,1051
2022-11-16,TPEx,6245,立端,71.20,72.90,71.20,71.20,+0.20,3688425,265259758,2228
2022-11-16,TPEx,6246,臺龍,14.30,14.45,14.30,14.45,+0.15,74007,1065148,26
2022-11-16,TPEx,6247,淇譽電,15.30,15.35,15.30,15.35,0.00,12675,194127,12
2022-11-16,TPEx,6248,沛波,20.60,20.60,20.50,20.50,-0.05,114016,2342728,57
2022-11-16,TPEx,6259,百徽,21.05,21.85,21.00,21.75,+0.65,15040,319155,17
2022-11-16,TPEx,6261,久元,60.50,61.40,59.80,60.80,+0.50,291409,17715296,227
2022-11-16,TPEx,6263,普萊德,77.00,77.00,76.20,76.70,-0.50,27472,2105354,40
2022-11-16,TPEx,6264,富裔,8.30,8.30,8.14,8.14,-0.18,144072,1188988,40
2022-11-16,TPEx,6265,方土昶,10.55,10.55,10.25,10.30,-0.10,351600,3632847,156
2022-11-16,TPEx,6266,泰詠,25.15,25.45,24.90,24.90,-0.15,912748,22884114,489
2022-11-16,TPEx,6270,倍微,22.80,22.80,22.45,22.50,-0.20,61061,1379634,35
2022-11-16,TPEx,6274,台燿,53.40,56.40,52.40,54.90,+1.80,12091873,661255829,7481
2022-11-16,TPEx,6275,元山,26.10,26.40,25.80,26.20,0.00,154218,4036951,92
2022-11-16,TPEx,6276,安鈦克,13.70,13.85,13.50,13.60,-0.10,47445,645271,35
2022-11-16,TPEx,6279,胡連,142.00,146.50,142.00,145.50,+2.50,5021359,723565332,3951
2022-11-16,TPEx,6284,佳邦,49.75,49.90,48.80,49.25,-0.30,362611,17925791,275
2022-11-16,TPEx,6287,元隆,24.95,25.50,24.95,25.50,+0.65,9820,249708,14
2022-11-16,TPEx,6290,良維,55.50,56.20,55.10,56.00,+0.60,1166753,65082106,881
2022-11-16,TPEx,6291,沛亨,96.00,96.00,93.00,95.00,-1.00,3000,284000,3
2022-11-16,TPEx,6292,迅德,38.80,39.05,38.80,39.05,0.00,7327,285330,28
2022-11-16,TPEx,6294,智基,101.50,101.50,100.00,100.50,-1.00,62011,6233099,96
2022-11-16,TPEx,6404,通訊-KY,16.00,16.90,16.00,16.90,+0.90,1767149,30040295,11
2022-11-16,TPEx,6411,晶焱,94.40,95.90,93.90,95.00,+1.20,701638,66591911,622
2022-11-16,TPEx,6417,韋僑,87.60,87.60,87.00,87.40,-0.20,6000,523800,6
2022-11-16,TPEx,6418,詠昇,15.70,15.75,15.60,15.75,+0.05,6011,94221,8
2022-11-16,TPEx,6419,京晨科,36.45,36.45,36.20,36.45,+3.30,316611,11539513,195
2022-11-16,TPEx,6425,易發,19.75,19.80,19.70,19.70,-0.20,13321,262828,17
2022-11-16,TPEx,6432,今展科,34.20,34.20,33.20,33.20,-0.85,181562,6081798,154
2022-11-16,TPEx,6435,大中,105.00,106.00,103.00,105.50,+1.00,186639,19614666,166
2022-11-16,TPEx,6441,廣錠,39.80,39.95,38.05,39.60,+1.35,393528,15399484,240
2022-11-16,TPEx,6446,藥華藥,485.00,509.00,480.00,509.00,+24.50,2353956,1175077352,3181
2022-11-16,TPEx,6457,紘康,58.30,60.90,58.00,59.80,+1.60,203038,12040351,224
2022-11-16,TPEx,6461,益得,30.95,32.05,30.95,31.70,+0.95,2346042,73849763,1456
2022-11-16,TPEx,6462,神盾,63.40,63.90,62.30,63.50,+0.70,124316,7860464,151
2022-11-16,TPEx,6465,威潤,18.25,18.25,17.20,17.20,+0.10,117102,2060614,94
2022-11-16,TPEx,6469,大樹,293.00,299.50,292.00,296.00,+3.50,882137,261428653,2058
2022-11-16,TPEx,6470,宇智,57.30,57.70,56.10,57.40,+0.20,1060270,60473917,775
2022-11-16,TPEx,6472,保瑞,403.00,430.00,400.50,421.00,+19.50,10991903,4521017389,10033
2022-11-16,TPEx,6482,弘煜科,40.05,40.80,40.05,40.80,+1.80,2024,81786,4
2022-11-16,TPEx,6485,點序,71.00,77.00,70.00,74.00,+3.00,3029915,224907593,2465
2022-11-16,TPEx,6486,互動,60.00,60.00,60.00,60.00,0.00,2105,126455,6
2022-11-16,TPEx,6488,環球晶,504.00,504.00,487.00,495.00,-4.00,6375619,3153149438,6837
2022-11-16,TPEx,6492,生華科,47.35,51.80,47.20,51.80,+4.70,992408,49557573,720
2022-11-16,TPEx,6494,九齊,67.50,70.60,66.30,69.80,+2.60,609261,42183000,532
2022-11-16,TPEx,6496,科懋,27.30,27.30,27.10,27.10,-0.25,11442,310973,63
2022-11-16,TPEx,6499,益安,53.20,53.50,52.00,52.60,-0.10,86467,4554291,84
2022-11-16,TPEx,6506,雙邦,19.45,19.50,19.35,19.45,-0.05,11012,213833,10
2022-11-16,TPEx,6508,惠光,37.20,37.20,36.50,36.60,-0.35,563663,20666977,402
2022-11-16,TPEx,6509,聚和,39.40,39.40,38.35,38.90,-0.25,923612,35851375,654
2022-11-16,TPEx,6510,精測,446.50,446.50,430.50,430.50,0.00,261821,113848495,353
2022-11-16,TPEx,6512,啟發電,23.70,23.70,23.00,23.05,-0.45,54184,1260651,45
2022-11-16,TPEx,6514,芮特-KY,56.60,56.60,55.20,55.40,-0.80,61194,3408070,77
2022-11-16,TPEx,6516,勤崴國際,74.70,75.90,74.70,75.80,-0.10,11111,834136,13
2022-11-16,TPEx,6523,達爾膚,93.60,94.60,93.00,94.00,+0.40,101690,9540809,100
2022-11-16,TPEx,6527,明達醫,54.00,54.70,52.80,53.80,+0.30,172220,9216851,141
2022-11-16,TPEx,6530,創威,21.80,22.05,21.55,21.60,-0.20,39000,844650,35
2022-11-16,TPEx,6532,瑞耘,62.80,63.40,60.60,60.70,-2.10,2265127,139244065,1663
2022-11-16,TPEx,6535,順藥,35.80,35.80,35.50,35.55,-0.35,58000,2064550,52
2022-11-16,TPEx,6538,倉和,72.00,74.50,71.00,73.00,+1.10,384794,28143160,322
2022-11-16,TPEx,6542,隆中,,,,,,4,176,4
2022-11-16,TPEx,6546,正基,72.80,74.00,71.90,73.50,+0.70,865814,63386176,672
2022-11-16,TPEx,6547,高端疫苗,76.50,84.10,76.50,84.10,+7.60,6557455,520868606,4715
2022-11-16,TPEx,6548,長科*,32.40,32.40,31.75,31.80,-0.45,622565,19910150,471
2022-11-16,TPEx,6556,勝品,115.00,115.00,110.00,114.50,-4.00,96985,10953927,109
2022-11-16,TPEx,6560,欣普羅,34.10,34.10,33.50,33.65,+0.10,13192,445633,29
2022-11-16,TPEx,6561,是方,280.00,280.00,277.50,278.50,-1.00,24224,6751717,64
2022-11-16,TPEx,6568,宏觀,141.00,143.00,136.50,142.00,+1.50,496021,69943456,456
2022-11-16,TPEx,6569,醫揚,91.50,91.50,91.40,91.40,0.00,9000,823100,9
2022-11-16,TPEx,6570,維田,47.60,47.60,46.85,47.05,-0.20,569225,26791186,392
2022-11-16,TPEx,6574,霈方,50.00,51.50,50.00,51.00,+1.60,6450,327324,8
2022-11-16,TPEx,6576,逸達,74.30,81.70,74.20,81.70,+7.40,697075,54236812,584
2022-11-16,TPEx,6577,勁豐,57.80,57.80,57.60,57.70,-0.60,3065,176961,5
2022-11-16,TPEx,6578,達邦蛋白,15.60,15.95,15.45,15.95,+0.55,128929,2035315,102
2022-11-16,TPEx,6588,東典光電,28.20,28.80,28.20,28.80,-0.90,2169,62017,14
2022-11-16,TPEx,6589,台康生技,122.00,131.00,121.00,130.00,+9.00,22841336,2890072417,15332
2022-11-16,TPEx,6590,普鴻,50.60,51.00,50.10,51.00,+0.40,24000,1210900,17
2022-11-16,TPEx,6593,台灣銘板,36.00,37.10,36.00,37.10,0.00,9353,345339,23
2022-11-16,TPEx,6594,展匯科,29.50,30.30,28.05,29.85,+1.20,55270,1608224,51
2022-11-16,TPEx,6596,寬宏藝術,42.80,42.80,42.15,42.15,-0.65,22323,945621,30
2022-11-16,TPEx,6603,富強鑫,17.40,17.40,17.15,17.15,-0.25,746626,12870745,417
2022-11-16,TPEx,6609,瀧澤科,31.45,31.50,31.05,31.15,-0.30,167537,5228060,100
2022-11-16,TPEx,6612,奈米醫材,81.70,81.70,79.70,80.50,-0.20,18087,1451305,39
2022-11-16,TPEx,6613,朋億*,81.80,81.80,81.10,81.40,-0.10,72772,5915251,85
2022-11-16,TPEx,6615,慧智,37.25,37.25,36.70,36.80,-0.35,9700,357780,10
2022-11-16,TPEx,6616,特昇-KY,14.30,14.30,14.10,14.20,-0.10,15030,212929,15
2022-11-16,TPEx,6624,萬年清,39.95,40.30,39.95,40.30,+0.10,5002,200527,6
2022-11-16,TPEx,6629,泰金-KY,50.60,50.60,50.60,50.60,+0.40,1000,50600,1
2022-11-16,TPEx,6640,均華,88.00,89.70,87.90,89.70,+0.40,5021,443263,7
2022-11-16,TPEx,6642,富致,40.40,40.60,40.20,40.45,-0.05,152151,6162565,65
2022-11-16,TPEx,6643,M31,418.50,426.50,414.00,421.00,+4.00,2580332,1083970542,2755
2022-11-16,TPEx,6649,台生材,36.95,36.95,35.50,36.65,+0.35,147260,5325977,111
2022-11-16,TPEx,6651,全宇昕,65.60,66.50,63.70,65.20,+0.20,158639,10293722,127
2022-11-16,TPEx,6654,天正國際,43.95,44.50,43.60,44.30,+0.35,8156,359447,13
2022-11-16,TPEx,6661,威健生技,21.20,21.30,21.20,21.30,-0.40,3000,63800,3
2022-11-16,TPEx,6662,樂斯科,29.40,29.40,29.30,29.35,-0.05,7000,205450,4
2022-11-16,TPEx,6664,群翊,86.00,86.00,84.50,85.00,-0.20,71331,6060642,75
2022-11-16,TPEx,6667,信紘科,64.80,64.80,61.30,61.50,-0.90,325462,20297871,342
2022-11-16,TPEx,6679,鈺太,226.00,228.00,218.50,225.00,-1.00,1008527,224859704,950
2022-11-16,TPEx,6680,鑫創電子,58.00,61.00,57.50,60.40,+3.40,30366,1799847,42
2022-11-16,TPEx,6683,雍智科技,180.00,189.50,180.00,182.50,+3.50,572332,105497214,1598
2022-11-16,TPEx,6684,安格,51.00,53.90,49.90,53.60,+2.60,240131,12326017,228
2022-11-16,TPEx,6690,安碁資訊,107.00,109.00,107.00,107.50,0.00,14741,1589424,25
2022-11-16,TPEx,6693,廣閎科,65.20,65.20,64.10,64.70,-0.40,29530,1911298,41
2022-11-16,TPEx,6697,東捷資訊,36.00,36.10,36.00,36.10,-0.90,8000,288500,3
2022-11-16,TPEx,6703,軒郁,86.20,86.40,85.70,86.40,+0.20,17708,1521609,34
2022-11-16,TPEx,6712,長聖,191.00,194.50,188.50,194.00,+5.00,1163669,223496642,1034
2022-11-16,TPEx,6716,應廣,76.70,78.60,76.60,78.60,+0.70,14041,1091463,17
2022-11-16,TPEx,6721,信實,41.00,41.00,40.45,40.45,-0.65,12723,516908,22
2022-11-16,TPEx,6727,亞泰金屬,66.50,67.40,66.20,66.90,+0.80,181769,12133047,187
2022-11-16,TPEx,6728,上洋,119.00,119.00,116.50,117.00,-1.00,16350,1914661,22
2022-11-16,TPEx,6732,昇佳電子,237.00,238.00,230.00,236.50,+0.50,178971,41893434,295
2022-11-16,TPEx,6733,博晟生醫,21.50,21.60,21.20,21.55,-0.05,43000,921200,33
2022-11-16,TPEx,6735,美達科技,54.00,54.00,53.10,54.00,+0.70,13000,701100,10
2022-11-16,TPEx,6741,91APP*-KY,86.90,90.40,85.50,87.00,-0.80,285678,25241160,223
2022-11-16,TPEx,6747,亨泰光,170.50,171.00,169.00,169.00,-3.00,35454,6034341,295
2022-11-16,TPEx,6751,智聯服務,43.30,43.60,43.00,43.60,+0.35,19212,833194,16
2022-11-16,TPEx,6752,叡揚,58.00,58.10,57.50,57.80,-1.00,32022,1851376,18
2022-11-16,TPEx,6761,穩得,80.00,80.60,79.90,80.20,-0.30,12020,962710,13
2022-11-16,TPEx,6762,達亞,215.00,218.00,215.00,216.50,0.00,6300,1363343,65
2022-11-16,TPEx,6763,綠界科技,390.50,390.50,380.50,381.00,-3.50,23993,9229769,119
2022-11-16,TPEx,6767,台微醫,28.80,28.90,28.50,28.90,+0.30,64000,1839600,41
2022-11-16,TPEx,6788,華景電,93.60,94.90,92.00,92.50,-0.30,659249,61399731,646
2022-11-16,TPEx,6791,虎門科技,46.65,48.45,46.65,47.70,+1.10,193160,9226744,165
2022-11-16,TPEx,6803,崑鼎,247.50,247.50,244.50,245.50,-2.00,42359,10414429,385
2022-11-16,TPEx,6804,明係,56.20,57.00,55.70,55.70,-0.50,36006,2021236,32
2022-11-16,TPEx,6811,宏碁資訊,128.00,128.00,124.00,125.50,0.00,28152,3521552,91
2022-11-16,TPEx,6823,濾能,92.70,92.70,90.20,90.50,-1.50,19564,1791129,42
2022-11-16,TPEx,6829,千附精密,69.80,71.10,69.10,69.10,-0.40,199766,13902555,188
2022-11-16,TPEx,6855,數泓科,69.00,69.00,69.00,69.00,0.00,5014,345980,5
2022-11-16,TPEx,7402,邑錡,39.00,39.20,38.80,39.20,-0.20,11038,430362,12
2022-11-16,TPEx,7556,意德士,107.00,107.50,107.00,107.50,+0.50,13088,1401212,19
2022-11-16,TPEx,8024,佑華,22.35,23.00,21.95,22.80,+0.55,411127,9304452,285
2022-11-16,TPEx,8027,鈦昇,54.90,55.60,54.30,55.10,+1.00,475749,26166835,355
2022-11-16,TPEx,8032,光菱,29.80,29.80,29.55,29.65,+0.10,35003,1037991,30
2022-11-16,TPEx,8034,榮群,15.45,15.45,14.95,15.00,-0.15,116006,1748494,75
2022-11-16,TPEx,8038,長園科,38.60,38.60,37.80,37.80,-1.10,415862,15830043,318
2022-11-16,TPEx,8040,九暘,59.30,59.70,58.10,58.70,-0.60,2097531,123491612,1406
2022-11-16,TPEx,8042,金山電,35.30,35.30,35.10,35.20,-0.10,6867,241957,38
2022-11-16,TPEx,8043,蜜望實,25.60,25.80,25.30,25.40,-0.45,80100,2038769,57
2022-11-16,TPEx,8044,網家,52.40,53.10,51.20,51.40,-1.00,947054,49044584,755
2022-11-16,TPEx,8047,星雲,,,,,,0,0,0
2022-11-16,TPEx,8048,德勝,31.00,32.00,30.85,31.80,+0.80,108895,3421460,84
2022-11-16,TPEx,8049,晶采,27.35,27.45,27.05,27.20,-0.15,496393,13486734,337
2022-11-16,TPEx,8050,廣積,70.10,72.20,69.40,71.60,+1.70,7139100,505245942,4350
2022-11-16,TPEx,8054,安國,33.90,34.50,33.30,34.20,+0.40,662792,22611744,522
2022-11-16,TPEx,8059,凱碩,9.54,9.56,9.54,9.56,0.00,4000,38210,4
2022-11-16,TPEx,8064,東捷,16.15,16.20,15.70,15.80,-0.30,468337,7445483,262
2022-11-16,TPEx,8066,來思達,26.65,26.65,26.25,26.40,+0.20,20043,531795,27
2022-11-16,TPEx,8067,志旭,8.08,8.36,8.08,8.31,+0.12,18005,148840,18
2022-11-16,TPEx,8068,全達,24.60,24.60,24.15,24.40,-0.05,46003,1120724,33
2022-11-16,TPEx,8069,元太,175.00,183.50,173.00,182.50,+4.00,35848412,6445898145,22562
2022-11-16,TPEx,8071,能率網通,14.85,14.95,14.70,14.90,+0.10,129003,1916042,79
2022-11-16,TPEx,8074,鉅橡,18.15,18.25,18.00,18.05,-0.30,130006,2344308,37
2022-11-16,TPEx,8076,伍豐,28.50,28.70,28.00,28.65,+0.15,909624,25835874,628
2022-11-16,TPEx,8077,洛碁,7.80,8.41,7.80,8.41,-0.19,8000,63860,4
2022-11-16,TPEx,8080,永利聯合,11.75,12.35,11.75,11.75,-1.30,194454,2306282,91
2022-11-16,TPEx,8083,瑞穎,168.00,168.00,166.00,168.00,+1.00,43060,7186550,35
2022-11-16,TPEx,8084,巨虹,105.00,107.00,104.00,105.00,+1.00,118754,12465111,108
2022-11-16,TPEx,8085,福華,19.45,19.45,19.10,19.10,-0.25,67434,1302373,73
2022-11-16,TPEx,8086,宏捷科,68.40,68.60,67.00,68.60,+0.10,1092756,74469973,1122
2022-11-16,TPEx,8087,華鎂鑫,26.70,26.70,25.75,26.00,0.00,55025,1424551,45
2022-11-16,TPEx,8088,品安,23.35,24.80,23.00,24.50,+1.40,3172407,76795122,1562
2022-11-16,TPEx,8089,康全電訊,24.55,24.95,24.55,24.95,+0.40,95417,2366481,78
2022-11-16,TPEx,8091,翔名,80.10,80.50,78.90,79.90,+0.70,469723,37558069,325
2022-11-16,TPEx,8092,建暐,12.00,12.25,11.95,11.95,-0.05,81031,974670,55
2022-11-16,TPEx,8093,保銳,12.00,12.00,11.60,11.85,-0.35,212306,2505124,122
2022-11-16,TPEx,8096,擎亞,11.75,11.75,11.60,11.65,-0.15,296583,3449450,141
2022-11-16,TPEx,8097,常珵,59.80,61.10,58.90,59.20,-0.60,560265,33294009,426
2022-11-16,TPEx,8099,大世科,36.45,36.45,35.50,35.50,-0.50,4000,143900,3
2022-11-16,TPEx,8107,大億金茂,17.30,17.30,16.85,16.90,-0.20,130188,2211721,90
2022-11-16,TPEx,8109,博大,86.50,86.50,84.50,85.10,-1.00,169066,14385635,156
2022-11-16,TPEx,8111,立碁,16.15,16.30,15.95,16.20,+0.30,403838,6538362,269
2022-11-16,TPEx,8121,越峰,25.15,25.30,24.60,24.70,-0.45,297077,7359069,214
2022-11-16,TPEx,8147,正淩,63.80,65.70,63.30,63.40,-0.70,778100,50286800,376
2022-11-16,TPEx,8155,博智,99.50,106.00,98.30,102.00,+3.20,2258126,230249926,1632
2022-11-16,TPEx,8171,天宇,41.95,42.00,41.05,41.20,-0.40,418524,17330462,432
2022-11-16,TPEx,8176,智捷,9.93,9.93,9.56,9.70,-0.10,63014,607031,79
2022-11-16,TPEx,8182,加高,31.40,31.70,31.40,31.55,0.00,54011,1702952,42
2022-11-16,TPEx,8183,精星,57.80,58.50,56.90,57.50,0.00,1495739,86120094,1075
2022-11-16,TPEx,8234,新漢,29.90,29.90,28.90,29.15,-0.50,574858,16850696,387
2022-11-16,TPEx,8240,華宏,27.25,27.25,27.15,27.15,-0.35,26162,711574,23
2022-11-16,TPEx,8255,朋程,157.50,159.00,154.50,157.00,0.00,632035,98575675,570
2022-11-16,TPEx,8277,商丞,8.51,8.57,8.45,8.46,-0.08,82488,700665,60
2022-11-16,TPEx,8279,生展,137.50,137.50,135.00,136.00,-2.50,84350,11478641,78
2022-11-16,TPEx,8284,三竹,51.70,51.90,51.50,51.60,-0.10,23001,1188651,22
2022-11-16,TPEx,8289,泰藝,34.05,34.40,33.35,33.80,-0.20,599381,20269511,320
2022-11-16,TPEx,8291,尚茂,,,,,,0,0,0
2022-11-16,TPEx,8299,群聯,328.00,344.50,322.00,338.50,+13.00,3848969,1293894720,4845
2022-11-16,TPEx,8342,益張,54.60,55.90,54.60,54.90,+0.30,14020,772392,15
2022-11-16,TPEx,8349,恒耀,60.30,61.60,60.00,60.00,-0.70,509322,30797762,369
2022-11-16,TPEx,8349A,恒耀甲特,,,,,,2,90,1
2022-11-16,TPEx,8354,冠好,14.50,14.50,14.30,14.35,-0.15,160923,2313990,221
2022-11-16,TPEx,8358,金居,52.30,52.70,51.50,52.00,-0.30,7077435,368171490,4451
2022-11-16,TPEx,8383,千附,35.45,35.50,35.20,35.45,+0.10,115093,4071646,110
2022-11-16,TPEx,8390,金益鼎,32.80,34.30,32.60,32.60,-0.10,725598,24178431,549
2022-11-16,TPEx,8401,白紗科,20.70,21.00,20.60,20.65,-0.20,127097,2630961,95
2022-11-16,TPEx,8403,盛弘,32.20,32.85,31.95,32.30,+0.55,973009,31373962,651
2022-11-16,TPEx,8409,商之器,18.90,18.90,18.30,18.40,-0.10,44132,814568,45
2022-11-16,TPEx,8410,森田,28.65,29.15,28.50,29.05,+0.40,17018,491472,17
2022-11-16,TPEx,8415,大國鋼,34.90,35.20,34.50,34.90,+0.35,1292549,45096917,683
2022-11-16,TPEx,8416,實威,113.50,113.50,113.50,113.50,0.00,3255,369500,10
2022-11-16,TPEx,8418,捷必勝-KY,,,,,,0,0,0
2022-11-16,TPEx,8420,明揚,71.40,71.40,70.20,70.30,-1.00,166272,11760786,129
2022-11-16,TPEx,8421,旭源,15.05,15.40,14.90,15.00,+0.10,381339,5754875,236
2022-11-16,TPEx,8423,保綠-KY,,,,,,809,14088,15
2022-11-16,TPEx,8424,惠普,65.80,65.80,65.10,65.10,-0.70,5108,334605,8
2022-11-16,TPEx,8426,紅木-KY,27.20,27.30,26.70,27.10,+0.10,87510,2362467,77
2022-11-16,TPEx,8431,匯鑽科,52.90,53.40,52.50,53.10,+0.10,112023,5920709,80
2022-11-16,TPEx,8432,東生華,44.90,45.20,43.60,43.65,-0.95,75000,3321300,69
2022-11-16,TPEx,8433,弘帆,60.50,61.20,59.80,60.10,-0.20,245012,14837280,199
2022-11-16,TPEx,8435,鉅邁,59.60,59.60,59.00,59.00,-0.60,54993,3257504,88
2022-11-16,TPEx,8436,大江,122.00,124.00,121.00,124.00,+2.00,431384,52929276,377
2022-11-16,TPEx,8437,大地-KY,81.40,81.70,81.40,81.70,+0.10,22484,1835699,84
2022-11-16,TPEx,8440,綠電,45.10,47.50,44.10,44.95,+1.45,11345428,518215221,7469
2022-11-16,TPEx,8444,綠河-KY,39.10,39.70,39.00,39.70,-0.15,11323,444793,10
2022-11-16,TPEx,8446,華研,75.30,75.30,73.60,74.00,-0.30,19680,1455771,31
2022-11-16,TPEx,8450,霹靂,26.40,26.55,26.00,26.35,+0.10,168179,4417328,145
2022-11-16,TPEx,8455,大拓-KY,19.85,19.85,19.20,19.55,-0.50,4001,77869,5
2022-11-16,TPEx,8472,夠麻吉,,,,,,0,0,0
2022-11-16,TPEx,8476,台境,49.30,49.30,48.10,48.65,-0.65,81119,3965521,63
2022-11-16,TPEx,8477,創業家,17.95,18.00,17.70,17.90,0.00,28314,506674,32
2022-11-16,TPEx,8489,三貝德,21.40,21.45,20.80,21.05,-0.35,39445,830819,41
2022-11-16,TPEx,8905,裕國,21.10,21.40,21.00,21.35,+0.10,36823,784205,33
2022-11-16,TPEx,8906,花王,19.20,19.20,19.20,19.20,-0.25,2066,39650,3
2022-11-16,TPEx,8908,欣雄,62.70,63.00,62.60,63.00,+0.30,57631,3619195,85
2022-11-16,TPEx,8916,光隆,57.50,58.60,57.10,58.00,+0.40,1958688,113382586,1356
2022-11-16,TPEx,8916A,光隆甲特,57.60,58.10,57.60,58.10,+0.50,5000,289800,5
2022-11-16,TPEx,8917,欣泰,90.00,90.00,90.00,90.00,-0.20,2030,182700,3
2022-11-16,TPEx,8921,沈氏,13.95,13.95,13.95,13.95,+0.15,2000,27900,2
2022-11-16,TPEx,8923,時報,18.40,18.40,18.35,18.35,-0.55,2133,39202,6
2022-11-16,TPEx,8924,大田,113.00,114.00,112.00,112.50,-0.50,273365,30949572,304
2022-11-16,TPEx,8927,北基,34.20,34.50,33.70,34.30,-0.10,239377,8154651,151
2022-11-16,TPEx,8928,鉅明,36.25,36.50,36.15,36.25,0.00,109000,3953250,58
2022-11-16,TPEx,8929,富堡,20.00,20.00,19.90,19.90,-0.10,8611,171948,54
2022-11-16,TPEx,8930,青鋼,16.85,16.85,16.70,16.75,+0.05,47504,795649,37
2022-11-16,TPEx,8931,大汽電,33.75,33.85,33.60,33.70,-0.20,167955,5662950,108
2022-11-16,TPEx,8932,宏大,40.80,40.85,39.60,40.40,-0.40,395110,15951232,226
2022-11-16,TPEx,8933,愛地雅,18.20,18.85,18.20,18.35,+0.20,10984236,203882240,4617
2022-11-16,TPEx,8935,邦泰,11.00,11.00,10.80,10.95,+0.10,52018,567289,40
2022-11-16,TPEx,8936,國統,21.35,21.65,20.80,20.80,-0.50,874612,18386416,461
2022-11-16,TPEx,8937,合騏,13.90,14.40,13.75,14.15,-0.15,25150,349287,19
2022-11-16,TPEx,8938,明安,98.10,99.30,97.80,98.20,+0.30,461559,45434396,430
2022-11-16,TPEx,8941,關中,54.20,55.10,54.00,54.60,+0.40,38025,2076674,42
2022-11-16,TPEx,8942,森鉅,62.20,62.40,61.60,61.80,-0.40,307560,19023068,227
2022-11-16,TPEx,9949,琉園,18.55,18.95,18.45,18.95,+0.25,10439,194576,27
2022-11-16,TPEx,9950,萬國通,10.80,10.80,10.80,10.80,-0.70,7000,75600,7
2022-11-16,TPEx,9951,皇田,60.70,61.00,60.20,60.70,0.00,85110,5169710,66
2022-11-16,TPEx,9960,邁達康,25.50,25.60,25.40,25.55,+0.05,34282,876361,22
2022-11-16,TPEx,9962,有益,16.90,17.00,16.40,16.70,-0.20,851482,14217344,377
