date,market,code,name,open,high,low,close,change,volume,value,transactions
2022-03-31,TWSE,0050,元大台灣50,138.55,138.65,138.10,138.10,-0.45,3748776,518591902,5426
2022-03-31,TWSE,0051,元大中型100,60.30,60.40,60.05,60.30,0.00,60429,3643774,53
2022-03-31,TWSE,0052,富邦科技,127.90,128.00,127.25,127.55,-0.50,210927,26941629,93
2022-03-31,TWSE,0053,元大電子,66.25,66.25,66.25,66.25,-0.25,1241,82348,5
2022-03-31,TWSE,0054,元大台商50,30.84,30.84,30.77,30.77,-0.07,5000,153920,2
2022-03-31,TWSE,0055,元大MSCI金融,26.60,27.00,26.60,26.98,0.37,1013605,27227025,853
2022-03-31,TWSE,0056,元大高股息,33.70,33.71,33.61,33.63,-0.07,6235135,209828466,4662
2022-03-31,TWSE,0057,富邦摩台,96.70,96.95,96.70,96.95,0.30,21095,2044725,5
2022-03-31,TWSE,0061,元大寶滬深,20.39,20.39,20.25,20.25,-0.04,76000,1543290,33
2022-03-31,TWSE,006203,元大MSCI台灣,66.15,66.35,66.15,66.30,0.05,3330,220795,9
2022-03-31,TWSE,006204,永豐臺灣加權,88.90,88.90,88.70,88.70,-0.25,21001,1863189,5
2022-03-31,TWSE,006205,富邦上証,33.80,34.05,33.80,33.97,0.17,609626,20677541,129
2022-03-31,TWSE,006206,元大上證50,32.55,32.74,32.55,32.68,0.16,52726,1724347,31
2022-03-31,TWSE,006207,復華滬深,26.70,26.75,26.53,26.60,0.07,111229,2957264,14
2022-03-31,TWSE,006208,富邦台50,79.80,79.90,79.55,79.60,-0.15,1153882,91904090,1726
2022-03-31,TWSE,00625K,富邦上証+R,,,,,0.00,0,0,0
2022-03-31,TWSE,00631L,元大台灣50正2,138.40,138.60,136.90,136.95,-1.00,1368176,188640109,573
2022-03-31,TWSE,00632R,元大台灣50反1,5.17,5.21,5.17,5.21,0.02,77255357,400794686,3016
2022-03-31,TWSE,00633L,富邦上証正2,41.89,42.26,41.40,41.65,0.04,10055958,419995124,1632
2022-03-31,TWSE,00634R,富邦上証反1,4.39,4.42,4.39,4.42,-0.01,895000,3945990,37
2022-03-31,TWSE,00635U,期元大S&P黃金,25.59,25.61,25.45,25.46,-0.07,459268,11724918,176
2022-03-31,TWSE,00636,國泰中國A50,22.48,22.63,22.41,22.55,0.10,660274,14867608,143
2022-03-31,TWSE,00636K,國泰中國A50+U,7.88,7.88,7.88,7.88,0.07,200,1576,2
2022-03-31,TWSE,00637L,元大滬深300正2,16.63,16.75,16.40,16.50,0.00,53806613,891573211,7258
2022-03-31,TWSE,00638R,元大滬深300反1,9.23,9.30,9.20,9.27,-0.01,165000,1526570,36
2022-03-31,TWSE,00639,富邦深100,14.04,14.08,13.97,13.97,-0.01,305210,4274247,59
2022-03-31,TWSE,00640L,富邦日本正2,29.03,29.26,28.72,28.72,-0.07,380050,11044616,91
2022-03-31,TWSE,00641R,富邦日本反1,9.98,10.04,9.95,10.04,0.01,242000,2412770,51
2022-03-31,TWSE,00642U,期元大S&P石油,19.49,19.50,18.96,19.02,-0.72,11636374,223337824,2958
2022-03-31,TWSE,00643,群益深証中小,16.49,16.49,16.33,16.37,-0.02,52426,860410,21
2022-03-31,TWSE,00643K,群益深証中小+R,,,,,0.00,0,0,0
2022-03-31,TWSE,00645,富邦日本,26.02,26.12,25.91,25.92,-0.03,150158,3903134,46
2022-03-31,TWSE,00646,元大S&P500,40.44,40.48,40.41,40.43,-0.07,927072,37482234,577
2022-03-31,TWSE,00647L,元大S&P500正2,74.65,74.75,74.40,74.50,-0.35,131122,9778706,45
2022-03-31,TWSE,00648R,元大S&P500反1,6.50,6.51,6.48,6.51,0.02,2227000,14475020,108
2022-03-31,TWSE,00650L,復華香港正2,17.69,17.74,17.24,17.34,-0.42,2868061,50040202,526
2022-03-31,TWSE,00651R,復華香港反1,8.26,8.30,8.21,8.27,0.09,302000,2491900,50
2022-03-31,TWSE,00652,富邦印度,29.25,29.26,29.16,29.19,-0.06,49390,1443548,47
2022-03-31,TWSE,00653L,富邦印度正2,43.80,44.29,43.80,44.12,0.05,372093,16427763,89
2022-03-31,TWSE,00654R,富邦印度反1,8.21,8.22,8.18,8.22,0.01,140000,1148760,32
2022-03-31,TWSE,00655L,國泰中國A50正2,30.89,31.20,30.50,30.70,0.00,3562050,109812231,583
2022-03-31,TWSE,00656R,國泰中國A50反1,8.33,8.41,8.32,8.39,0.00,232000,1940470,23
2022-03-31,TWSE,00657,國泰日經225,33.36,33.39,33.19,33.19,0.00,43000,1433340,5
2022-03-31,TWSE,00657K,國泰日經225+U,11.65,11.65,11.65,11.65,0.05,200,2330,2
2022-03-31,TWSE,00660,元大歐洲50,28.67,28.67,28.67,28.67,-0.03,1100,31555,2
2022-03-31,TWSE,00661,元大日經225,35.25,35.25,35.18,35.18,0.09,9000,317110,3
2022-03-31,TWSE,00662,富邦NASDAQ,55.70,55.80,55.55,55.70,-0.15,323126,17984132,326
2022-03-31,TWSE,00663L,國泰臺灣加權正2,125.50,125.50,124.70,124.70,-0.70,8001,1000326,7
2022-03-31,TWSE,00664R,國泰臺灣加權反1,5.86,5.90,5.86,5.89,0.03,3592050,21120093,272
2022-03-31,TWSE,00665L,富邦恒生國企正2,11.54,11.59,11.19,11.31,-0.22,2248201,25549957,516
2022-03-31,TWSE,00666R,富邦恒生國企反1,14.18,14.21,14.17,14.18,0.08,80000,1136580,8
2022-03-31,TWSE,00668,國泰美國道瓊,36.49,36.60,36.49,36.58,0.12,31663,1158061,26
2022-03-31,TWSE,00668K,國泰美國道瓊+U,12.79,12.79,12.79,12.79,0.01,200,2558,2
2022-03-31,TWSE,00669R,國泰美國道瓊反1,7.68,7.70,7.67,7.70,0.00,1854000,14249990,194
2022-03-31,TWSE,00670L,富邦NASDAQ正2,105.50,105.65,105.15,105.15,-1.10,1938473,204511405,475
2022-03-31,TWSE,00671R,富邦NASDAQ反1,5.13,5.15,5.12,5.15,0.03,13334184,68546829,568
2022-03-31,TWSE,00673R,期元大S&P原油反1,8.29,8.51,8.26,8.49,0.30,64116943,537868607,5890
2022-03-31,TWSE,00674R,期元大S&P黃金反1,12.12,12.19,12.10,12.19,0.05,1145198,13922257,54
2022-03-31,TWSE,00675L,富邦臺灣加權正2,54.20,54.25,53.55,53.60,-0.55,197856,10656217,113
2022-03-31,TWSE,00676R,富邦臺灣加權反1,3.21,3.22,3.20,3.22,0.01,3100100,9953689,229
2022-03-31,TWSE,00678,群益那斯達克生技,24.42,24.44,24.41,24.43,-0.13,370288,9045407,36
2022-03-31,TWSE,00680L,元大美債20正2,20.02,20.05,19.91,19.91,-0.15,106259,2123528,40
2022-03-31,TWSE,00681R,元大美債20反1,14.55,14.59,14.55,14.59,0.03,126100,1836624,31
2022-03-31,TWSE,00682U,期元大美元指數,19.26,19.28,19.26,19.26,-0.04,64129,1235479,36
2022-03-31,TWSE,00683L,期元大美元指正2,19.26,19.26,19.16,19.24,-0.07,742751,14261451,212
2022-03-31,TWSE,00684R,期元大美元指反1,,,,,0.00,0,0,0
2022-03-31,TWSE,00685L,群益臺灣加權正2,,,,,0.00,0,0,0
2022-03-31,TWSE,00686R,群益臺灣加權反1,3.49,3.50,3.49,3.50,0.01,104000,363980,16
2022-03-31,TWSE,00688L,國泰20年美債正2,19.87,19.93,19.85,19.85,-0.05,58000,1152060,12
2022-03-31,TWSE,00689R,國泰20年美債反1,15.26,15.28,15.26,15.27,-0.01,24000,366530,9
2022-03-31,TWSE,00690,兆豐藍籌30,33.05,33.05,33.01,33.05,0.00,105000,3470210,5
2022-03-31,TWSE,00692,富邦公司治理,35.21,35.25,35.11,35.13,-0.09,1745580,61392064,671
2022-03-31,TWSE,00693U,期街口S&P黃豆,26.19,26.25,26.18,26.18,0.03,559071,14653637,108
2022-03-31,TWSE,00700,富邦恒生國企,13.68,13.68,13.41,13.52,-0.06,143165,1939677,36
2022-03-31,TWSE,00701,國泰股利精選30,27.01,27.13,27.00,27.07,0.06,3540682,95916268,1167
2022-03-31,TWSE,00702,國泰標普低波高息,22.03,22.06,22.03,22.06,0.04,669666,14767292,29
2022-03-31,TWSE,00703,台新MSCI中國,16.82,16.82,16.68,16.78,-0.11,49000,822480,11
2022-03-31,TWSE,00706L,期元大S&P日圓正2,12.76,12.79,12.70,12.76,-0.09,310000,3952480,77
2022-03-31,TWSE,00707R,期元大S&P日圓反1,,,,,0.00,0,0,0
2022-03-31,TWSE,00708L,期元大S&P黃金正2,29.49,29.51,29.20,29.20,-0.13,1477427,43351568,250
2022-03-31,TWSE,00709,富邦歐洲,23.40,23.40,23.28,23.35,0.01,106177,2478358,23
2022-03-31,TWSE,00710B,復華彭博非投等債,17.69,17.74,17.69,17.71,-0.01,323092,5722827,109
2022-03-31,TWSE,00711B,復華彭博新興債,17.71,17.74,17.69,17.73,0.08,138000,2445290,18
2022-03-31,TWSE,00712,復華富時不動產,12.93,12.95,12.90,12.92,-0.11,1574381,20337399,1194
2022-03-31,TWSE,00713,元大台灣高息低波,44.85,45.07,44.85,44.93,0.08,1537714,69184843,725
2022-03-31,TWSE,00714,群益道瓊美國地產,22.90,22.90,22.78,22.83,-0.06,376521,8588211,328
2022-03-31,TWSE,00715L,期街口布蘭特正2,20.09,20.27,19.20,19.32,-1.02,52622359,1039354895,8991
2022-03-31,TWSE,00717,富邦美國特別股,15.57,15.64,15.57,15.63,0.04,834731,13040618,119
2022-03-31,TWSE,00728,第一金工業30,26.88,26.88,26.64,26.64,-0.18,534503,14291675,454
2022-03-31,TWSE,00730,富邦臺灣優質高息,20.01,20.02,19.98,19.98,-0.02,74638,1492369,97
2022-03-31,TWSE,00731,復華富時高息低波,62.40,62.75,62.30,62.55,0.15,1132587,70900972,205
2022-03-31,TWSE,00732,國泰RMB短期報酬,41.42,41.42,41.42,41.42,0.10,100000,4142000,2
2022-03-31,TWSE,00733,富邦臺灣中小,40.75,40.79,40.24,40.27,-0.48,206642,8372716,163
2022-03-31,TWSE,00735,國泰臺韓科技,30.13,30.13,30.13,30.13,-0.07,100089,3015682,5
2022-03-31,TWSE,00736,國泰新興市場,21.12,21.17,21.12,21.17,0.03,102141,2162229,5
2022-03-31,TWSE,00737,國泰AI機器人,30.50,30.51,30.46,30.46,-0.42,74628,2275207,69
2022-03-31,TWSE,00738U,期元大道瓊白銀,25.42,25.42,25.15,25.19,-0.33,1769621,44743219,608
2022-03-31,TWSE,00739,元大MSCI A股,25.13,25.13,24.84,24.87,0.03,20042,498639,18
2022-03-31,TWSE,00742,新光內需收益,23.05,23.08,23.05,23.05,0.05,66447,1532718,25
2022-03-31,TWSE,00743,國泰中國A150,26.05,26.05,26.05,26.05,0.15,16000,416800,1
2022-03-31,TWSE,00752,中信中國50,19.14,19.25,18.96,19.08,-0.21,2003369,38302157,739
2022-03-31,TWSE,00753L,中信中國50正2,15.40,15.43,14.94,15.04,-0.34,2683598,40663413,792
2022-03-31,TWSE,00757,統一FANG+,47.72,47.72,47.66,47.66,-0.41,1251282,59671615,1132
2022-03-31,TWSE,00762,元大全球AI,41.17,41.17,40.89,40.99,-0.49,470261,19268908,130
2022-03-31,TWSE,00763U,期街口道瓊銅,30.72,30.72,30.47,30.52,-0.43,440918,13458891,38
2022-03-31,TWSE,00770,國泰北美科技,35.88,35.88,35.80,35.86,-0.25,95200,3413100,30
2022-03-31,TWSE,00771,元大US高息特別股,17.71,17.71,17.66,17.66,0.06,24813,438502,24
2022-03-31,TWSE,00774B,新光中國政金綠債,41.90,41.90,41.90,41.90,0.10,2000,83800,2
2022-03-31,TWSE,00774C,新光中政金綠債+R,,,,,0.00,0,0,0
2022-03-31,TWSE,00775B,台新投等債15+,38.21,38.21,38.21,38.21,0.42,50000,1910500,2
2022-03-31,TWSE,00783,富邦中証500,22.11,22.11,21.98,22.02,0.17,381000,8386110,13
2022-03-31,TWSE,008201,BP上證50,114.50,114.50,114.50,114.50,0.00,300,34350,3
2022-03-31,TWSE,00830,國泰費城半導體,29.27,29.37,29.26,29.33,-0.62,8457069,247919241,4195
2022-03-31,TWSE,00850,元大臺灣ESG永續,35.40,35.46,35.32,35.36,-0.06,900812,31877666,332
2022-03-31,TWSE,00851,台新全球AI,32.17,32.17,32.10,32.10,-0.25,56855,1827915,13
2022-03-31,TWSE,00852L,國泰美國道瓊正2,21.85,21.87,21.78,21.78,-0.06,383260,8367618,63
2022-03-31,TWSE,00861,元大全球未來通訊,30.68,30.72,30.68,30.71,-0.16,508016,15596643,98
2022-03-31,TWSE,00865B,國泰US短期公債,37.37,37.45,37.37,37.45,0.07,104000,3894580,6
2022-03-31,TWSE,00875,國泰網路資安,30.90,30.93,30.85,30.85,-0.14,343383,10609874,105
2022-03-31,TWSE,00876,元大全球5G,29.30,29.30,29.18,29.18,-0.27,374788,10943046,132
2022-03-31,TWSE,00878,國泰永續高股息,19.38,19.42,19.35,19.35,-0.02,18080369,350658326,7056
2022-03-31,TWSE,00881,國泰台灣科技龍頭,16.88,16.90,16.80,16.81,-0.07,10515618,177083280,6480
2022-03-31,TWSE,00882,中信中國高股息,13.89,14.02,13.86,13.95,0.09,11284200,157555145,2529
2022-03-31,TWSE,00885,富邦越南,17.00,17.03,16.97,17.02,0.01,2241771,38109911,975
2022-03-31,TWSE,00891,中信關鍵半導體,15.01,15.02,14.90,14.91,-0.09,9833614,147008512,4410
2022-03-31,TWSE,00892,富邦台灣半導體,15.00,15.01,14.90,14.92,-0.10,4026511,60178544,1298
2022-03-31,TWSE,00893,國泰智能電動車,15.45,15.45,15.33,15.33,-0.17,20123889,308988523,6782
2022-03-31,TWSE,00894,中信小資高價30,14.68,14.68,14.57,14.58,-0.10,1647912,24070794,755
2022-03-31,TWSE,00895,富邦未來車,17.65,17.65,17.51,17.54,-0.11,6671207,117107395,2074
2022-03-31,TWSE,00896,中信綠能及電動車,14.94,14.95,14.85,14.86,-0.09,4700778,70052139,931
2022-03-31,TWSE,00897,富邦基因免疫生技,10.67,10.68,10.66,10.67,-0.04,1758877,18764041,215
2022-03-31,TWSE,00898,國泰基因免疫革命,7.97,7.99,7.94,7.96,-0.03,905600,7208340,239
2022-03-31,TWSE,00899,FT潔淨能源,23.33,23.33,23.19,23.19,-0.14,670552,15576490,206
2022-03-31,TWSE,00900,富邦特選高股息30,14.91,14.91,14.85,14.85,-0.06,9389790,139535281,4829
2022-03-31,TWSE,00901,永豐智能車供應鏈,14.51,14.51,14.45,14.47,-0.04,692740,10022449,368
2022-03-31,TWSE,00902,中信電池及儲能,14.08,14.14,14.00,14.02,-0.06,7647155,107476339,2195
2022-03-31,TWSE,00903,富邦元宇宙,14.61,14.61,14.50,14.52,-0.39,5681844,82689421,2081
2022-03-31,TWSE,00904,台新臺灣半導體30,14.44,14.47,14.34,14.34,-0.12,1107870,15942498,487
2022-03-31,TWSE,01001T,土銀富邦R1,18.14,18.14,18.12,18.12,-0.02,115201,2088492,11
2022-03-31,TWSE,01002T,土銀國泰R1,19.19,19.19,19.03,19.19,0.14,2728000,51971420,58
2022-03-31,TWSE,01003T,兆豐新光R1,19.87,19.90,19.80,19.90,0.05,641000,12713880,17
2022-03-31,TWSE,01004T,土銀富邦R2,16.00,16.09,15.97,16.09,0.00,17000,272070,7
2022-03-31,TWSE,01007T,兆豐國泰R2,19.76,19.77,19.70,19.76,0.00,1634001,32273630,135
2022-03-31,TWSE,01009T,王道圓滿R1,,,,,0.00,0,0,0
2022-03-31,TWSE,01010T,京城樂富R1,10.28,10.30,10.28,10.29,0.01,16082,165472,7
2022-03-31,TWSE,020000,富邦特選蘋果N,7.06,7.06,7.04,7.04,-0.04,24000,169360,2
2022-03-31,TWSE,020002,元富新中國N,13.40,13.40,13.40,13.40,0.06,12000,160800,1
2022-03-31,TWSE,020004,兆豐電菁英30N,,,,,0.00,0,0,0
2022-03-31,TWSE,020006,永昌中小300N,,,,,0.00,0,0,0
2022-03-31,TWSE,020007,凱基臺灣500N,,,,,0.00,0,0,0
2022-03-31,TWSE,020008,元大特股高息N,13.39,13.40,13.39,13.40,0.04,7000,93780,3
2022-03-31,TWSE,020011,統一微波高息20N,7.49,7.50,7.49,7.50,0.03,12000,89930,5
2022-03-31,TWSE,020012,富邦行動通訊N,6.50,6.52,6.50,6.52,0.00,25000,162900,2
2022-03-31,TWSE,020015,統一MSCI美低波N,,,,,0.00,0,0,0
2022-03-31,TWSE,020016,統一MSCI美科技N,20.57,20.57,20.57,20.57,-0.23,1000,20570,1
2022-03-31,TWSE,020018,統一價值成長30N,18.00,18.00,17.99,17.99,-0.07,7000,125980,3
2022-03-31,TWSE,020019,統一特選台灣5GN,14.20,14.20,14.20,14.20,-0.09,5000,71000,1
2022-03-31,TWSE,02001L,富邦蘋果正二N,10.49,10.49,10.43,10.43,-0.06,141000,1474530,8
2022-03-31,TWSE,02001R,富邦蘋果反一N,,,,,0.00,0,0,0
2022-03-31,TWSE,020020,元大台股領航N,7.40,7.40,7.38,7.39,-0.03,55000,406810,16
2022-03-31,TWSE,020022,元大電動車N,5.42,5.43,5.40,5.41,-0.01,575000,3115400,80
2022-03-31,TWSE,020028,元大特選電動車N,5.24,5.24,5.21,5.22,-0.02,164000,857220,42
2022-03-31,TWSE,020029,元大ESG高股息N,5.27,5.30,5.27,5.29,-0.01,209000,1106280,50
2022-03-31,TWSE,020030,統一智慧電動車N,4.75,4.76,4.73,4.73,-0.03,293000,1390610,51
2022-03-31,TWSE,020031,統一IC設計臺灣N,5.07,5.09,5.02,5.02,-0.04,7369000,37241630,832
2022-03-31,TWSE,1101,台泥,49.95,50.20,49.85,49.90,0.05,15226850,761489214,8224
2022-03-31,TWSE,1101B,台泥乙特,51.70,51.70,51.60,51.70,0.10,4034,208347,5
2022-03-31,TWSE,1102,亞泥,48.40,48.70,48.30,48.60,0.10,5016464,243618534,2099
2022-03-31,TWSE,1103,嘉泥,20.80,21.05,20.80,20.95,0.10,827687,17357879,389
2022-03-31,TWSE,1104,環泥,21.45,21.45,21.35,21.35,0.00,405115,8670010,180
2022-03-31,TWSE,1108,幸福,11.85,11.85,11.70,11.75,0.00,318740,3756564,158
2022-03-31,TWSE,1109,信大,20.85,21.35,20.85,21.25,0.85,1456002,30751332,723
2022-03-31,TWSE,1110,東泥,21.40,21.65,20.95,21.40,0.30,1168245,24840373,284
2022-03-31,TWSE,1201,味全,21.45,21.50,21.40,21.45,0.00,275577,5912692,287
2022-03-31,TWSE,1203,味王,33.65,33.65,33.25,33.50,0.05,27057,907485,77
2022-03-31,TWSE,1210,大成,54.40,54.60,54.10,54.10,-0.30,1051901,57166125,980
2022-03-31,TWSE,1213,大飲,7.78,7.90,7.74,7.90,0.17,4001,31327,5
2022-03-31,TWSE,1215,卜蜂,81.30,81.50,81.30,81.30,0.00,244324,19887345,330
2022-03-31,TWSE,1216,統一,65.90,66.20,65.60,65.60,-0.10,9849999,648580284,3590
2022-03-31,TWSE,1217,愛之味,11.55,11.65,11.45,11.50,-0.05,2156379,24883360,679
2022-03-31,TWSE,1218,泰山,27.50,28.10,27.50,28.00,0.50,711248,19890991,419
2022-03-31,TWSE,1219,福壽,20.20,20.20,19.90,19.95,-0.10,595246,11909377,262
2022-03-31,TWSE,1220,台榮,17.10,17.40,17.00,17.00,-0.10,1039871,17776256,478
2022-03-31,TWSE,1225,福懋油,58.70,58.80,58.50,58.50,-0.50,12269,719405,36
2022-03-31,TWSE,1227,佳格,49.90,49.95,49.65,49.70,-0.20,669098,33280358,357
2022-03-31,TWSE,1229,聯華,64.70,64.70,64.20,64.20,-0.20,1368459,88045965,1096
2022-03-31,TWSE,1231,聯華食,82.00,82.00,81.40,81.60,-0.40,104725,8551514,238
2022-03-31,TWSE,1232,大統益,157.00,157.50,156.00,157.50,0.50,31549,4950926,123
2022-03-31,TWSE,1233,天仁,33.85,34.00,33.85,34.00,0.10,2088,70832,11
2022-03-31,TWSE,1234,黑松,35.70,35.70,35.45,35.50,0.05,194634,6921135,116
2022-03-31,TWSE,1235,興泰,,,,,0.00,36,1569,7
2022-03-31,TWSE,1236,宏亞,27.05,27.05,26.80,26.80,-0.10,98895,2658993,111
2022-03-31,TWSE,1256,鮮活果汁-KY,293.00,293.00,292.50,293.00,0.00,10467,3069764,147
2022-03-31,TWSE,1301,台塑,106.50,107.00,106.00,106.50,0.00,4570075,486255960,1661
2022-03-31,TWSE,1303,南亞,93.50,93.80,93.00,93.20,-0.30,6728100,627335032,3377
2022-03-31,TWSE,1304,台聚,30.00,30.30,29.95,30.10,0.10,3303831,99598724,1831
2022-03-31,TWSE,1305,華夏,35.45,35.45,35.00,35.00,-0.35,1852980,65032865,1352
2022-03-31,TWSE,1307,三芳,20.25,20.50,20.20,20.20,-0.05,62528,1270928,65
2022-03-31,TWSE,1308,亞聚,38.05,38.05,37.70,37.70,-0.30,1998765,75635411,1184
2022-03-31,TWSE,1309,台達化,34.05,34.15,33.90,33.90,-0.15,470589,16007709,359
2022-03-31,TWSE,1310,台苯,17.05,17.05,16.75,16.80,-0.25,1070146,18030342,723
2022-03-31,TWSE,1312,國喬,27.70,27.75,27.25,27.30,-0.55,9600998,263472038,3467
2022-03-31,TWSE,1312A,國喬特,36.50,36.50,36.10,36.10,-0.40,12000,436700,9
2022-03-31,TWSE,1313,聯成,18.50,18.60,18.35,18.35,-0.10,1408517,26007316,694
2022-03-31,TWSE,1314,中石化,12.15,12.20,12.10,12.15,0.00,9429614,114614638,1724
2022-03-31,TWSE,1315,達新,83.50,83.50,83.10,83.10,-0.50,14972,1245191,52
2022-03-31,TWSE,1316,上曜,20.60,20.80,20.35,20.40,-0.25,1503688,30809651,652
2022-03-31,TWSE,1319,東陽,32.25,32.55,32.15,32.15,-0.10,400729,12963450,302
2022-03-31,TWSE,1321,大洋,34.55,34.55,34.30,34.30,-0.30,51007,1753090,39
2022-03-31,TWSE,1323,永裕,36.15,36.20,36.10,36.20,0.00,19582,708524,23
2022-03-31,TWSE,1324,地球,10.85,10.85,10.80,10.85,0.05,20235,219471,23
2022-03-31,TWSE,1325,恆大,44.15,46.40,43.85,45.20,1.35,4496478,202730280,3095
2022-03-31,TWSE,1326,台化,79.20,79.40,78.90,79.00,0.00,3594560,284119055,1877
2022-03-31,TWSE,1337,再生-KY,6.83,6.87,6.75,6.75,-0.08,340875,2317364,344
2022-03-31,TWSE,1338,廣華-KY,55.50,55.50,55.10,55.10,-0.70,173545,9588783,230
2022-03-31,TWSE,1339,昭輝,35.35,35.35,34.70,35.05,-0.35,53977,1883322,108
2022-03-31,TWSE,1340,勝悅-KY,10.65,10.65,10.60,10.65,0.00,26013,277155,106
2022-03-31,TWSE,1341,富林-KY,74.90,75.00,74.40,74.70,0.00,20112,1504703,30
2022-03-31,TWSE,1342,八貫,64.30,64.60,63.40,63.60,-0.50,122745,7860278,103
2022-03-31,TWSE,1402,遠東新,30.40,30.60,30.15,30.40,0.10,7727482,235422378,2552
2022-03-31,TWSE,1409,新纖,20.90,20.95,20.80,20.95,0.15,1694408,35401672,706
2022-03-31,TWSE,1410,南染,36.55,36.75,36.55,36.70,0.20,17011,622497,19
2022-03-31,TWSE,1413,宏洲,10.75,10.75,10.60,10.65,-0.05,45106,480665,40
2022-03-31,TWSE,1414,東和,18.30,18.40,18.10,18.20,-0.10,110341,2012286,111
2022-03-31,TWSE,1416,廣豐,11.60,11.60,11.45,11.45,-0.15,208659,2401102,190
2022-03-31,TWSE,1417,嘉裕,13.50,13.50,13.30,13.45,-0.05,224890,3006842,213
2022-03-31,TWSE,1418,東華,15.90,15.90,15.90,15.90,-0.10,1009,16039,8
2022-03-31,TWSE,1419,新紡,42.10,42.30,42.00,42.30,-0.15,24618,1037142,30
2022-03-31,TWSE,1423,利華,20.00,20.10,20.00,20.05,0.00,56333,1128523,87
2022-03-31,TWSE,1432,大魯閣,15.00,15.00,14.00,14.15,-0.80,1369727,19629897,2193
2022-03-31,TWSE,1434,福懋,28.50,28.50,28.20,28.20,-0.25,1521662,43127271,848
2022-03-31,TWSE,1435,中福,52.00,52.00,48.05,48.50,-4.50,146521,7231087,216
2022-03-31,TWSE,1436,華友聯,62.30,63.90,61.60,63.20,2.20,137997,8603241,129
2022-03-31,TWSE,1437,勤益控,27.95,28.00,27.60,27.70,0.00,633246,17551140,199
2022-03-31,TWSE,1438,三地開發,31.00,31.00,30.75,30.80,-0.20,159771,4925395,114
2022-03-31,TWSE,1439,雋揚,23.95,23.95,23.70,23.85,-0.05,39004,929294,20
2022-03-31,TWSE,1440,南紡,23.70,23.75,23.40,23.40,-0.30,1949022,45770849,984
2022-03-31,TWSE,1441,大東,8.45,8.46,8.40,8.40,-0.06,229965,1938522,203
2022-03-31,TWSE,1442,名軒,23.50,23.55,23.30,23.50,-0.05,141165,3307078,115
2022-03-31,TWSE,1443,立益物流,16.05,16.30,16.00,16.30,0.05,69150,1117030,14
2022-03-31,TWSE,1444,力麗,10.75,11.15,10.75,11.15,0.40,5296409,58190855,1630
2022-03-31,TWSE,1445,大宇,15.55,15.60,15.55,15.60,0.00,8033,125258,17
2022-03-31,TWSE,1446,宏和,31.45,31.45,31.35,31.40,-0.15,59001,1853230,20
2022-03-31,TWSE,1447,力鵬,9.24,9.36,9.24,9.27,0.03,1766487,16421091,592
2022-03-31,TWSE,1449,佳和,13.75,13.75,13.50,13.60,-0.20,26153,355065,36
2022-03-31,TWSE,1451,年興,20.35,20.40,20.30,20.35,0.00,56766,1155231,45
2022-03-31,TWSE,1452,宏益,24.55,24.70,24.50,24.60,0.05,350048,8616118,200
2022-03-31,TWSE,1453,大將,9.31,10.20,9.31,10.20,0.90,3506639,35407912,1181
2022-03-31,TWSE,1454,台富,14.80,14.80,14.30,14.35,-0.05,136487,1970207,57
2022-03-31,TWSE,1455,集盛,17.20,17.20,16.90,17.10,0.00,2527287,43104190,1008
2022-03-31,TWSE,1456,怡華,22.40,22.40,20.95,21.00,0.20,197111,4230080,141
2022-03-31,TWSE,1457,宜進,18.25,18.50,18.25,18.35,0.00,697596,12814588,236
2022-03-31,TWSE,1459,聯發,11.45,11.50,11.35,11.35,-0.05,182215,2074653,82
2022-03-31,TWSE,1460,宏遠,8.50,8.69,8.50,8.57,0.13,1918378,16505347,669
2022-03-31,TWSE,1463,強盛新,13.90,13.95,13.80,13.85,-0.10,62115,861758,39
2022-03-31,TWSE,1464,得力,15.35,15.40,15.30,15.35,0.00,383821,5886828,251
2022-03-31,TWSE,1465,偉全,12.40,12.40,12.40,12.40,-0.05,12007,149181,63
2022-03-31,TWSE,1466,聚隆,15.00,15.05,14.95,15.00,0.05,141161,2120723,82
2022-03-31,TWSE,1467,南緯,14.10,14.10,13.90,13.90,-0.15,310400,4341478,90
2022-03-31,TWSE,1468,昶和,12.15,12.25,12.00,12.25,0.05,52000,628900,40
2022-03-31,TWSE,1470,大統新創,21.95,22.20,21.50,22.20,0.25,12007,262652,17
2022-03-31,TWSE,1471,首利,7.58,7.59,7.47,7.52,0.04,192640,1447188,129
2022-03-31,TWSE,1472,三洋實業,,,,,0.00,228,5395,17
2022-03-31,TWSE,1473,台南,18.70,18.70,18.55,18.70,-0.10,64661,1205646,103
2022-03-31,TWSE,1474,弘裕,15.10,15.15,15.00,15.05,0.00,235287,3541018,146
2022-03-31,TWSE,1475,業旺,65.30,65.30,65.00,65.30,0.10,21177,1379240,22
2022-03-31,TWSE,1476,儒鴻,480.00,484.50,477.50,477.50,-4.00,713502,342424985,863
2022-03-31,TWSE,1477,聚陽,206.50,207.50,203.00,205.50,-1.50,1369416,281286458,1275
2022-03-31,TWSE,1503,士電,52.80,52.80,52.10,52.10,-0.40,34068,1782184,54
2022-03-31,TWSE,1504,東元,31.65,33.50,31.60,32.15,0.70,21040104,685636633,10224
2022-03-31,TWSE,1506,正道,14.00,14.00,13.75,13.80,-0.10,99016,1367987,62
2022-03-31,TWSE,1507,永大,64.60,64.80,64.60,64.60,-0.20,60024,3879175,170
2022-03-31,TWSE,1512,瑞利,4.13,4.13,4.10,4.10,-0.03,34112,139947,23
2022-03-31,TWSE,1513,中興電,55.90,57.50,53.70,54.70,0.40,65631207,3654378824,32691
2022-03-31,TWSE,1514,亞力,28.30,29.20,27.80,27.80,-0.30,7242040,206280681,3907
2022-03-31,TWSE,1515,力山,45.80,46.15,45.00,45.20,-0.60,599509,27160984,455
2022-03-31,TWSE,1516,川飛,30.85,32.10,30.00,30.05,-0.70,2771046,86532357,1837
2022-03-31,TWSE,1517,利奇,24.05,24.05,23.90,24.05,0.00,234748,5626440,173
2022-03-31,TWSE,1519,華城,42.10,43.00,41.05,41.10,-0.50,3192251,134630936,2060
2022-03-31,TWSE,1521,大億,38.55,38.60,38.55,38.55,-0.05,20215,780078,20
2022-03-31,TWSE,1522,堤維西,18.55,18.80,18.55,18.65,0.15,334838,6264039,200
2022-03-31,TWSE,1522A,堤維西甲特,44.20,44.20,44.15,44.20,0.05,11000,486150,11
2022-03-31,TWSE,1524,耿鼎,10.70,10.70,10.60,10.70,0.00,85380,908691,94
2022-03-31,TWSE,1525,江申,61.50,61.50,60.50,61.30,0.30,37369,2280100,28
2022-03-31,TWSE,1526,日馳,48.25,48.50,48.20,48.20,0.00,135655,6548444,103
2022-03-31,TWSE,1527,鑽全,42.55,42.95,42.40,42.75,0.20,355037,15159635,428
2022-03-31,TWSE,1528,恩德,9.84,9.84,9.72,9.75,-0.03,231751,2262264,185
2022-03-31,TWSE,1529,樂事綠能,25.95,25.95,24.10,24.50,-0.95,8090914,199313512,3664
2022-03-31,TWSE,1530,亞崴,30.90,31.70,30.80,30.90,-0.05,23903,742061,38
2022-03-31,TWSE,1531,高林股,15.25,15.25,15.15,15.15,-0.15,110360,1675842,59
2022-03-31,TWSE,1532,勤美,34.35,34.60,34.25,34.30,0.05,561715,19333457,286
2022-03-31,TWSE,1533,車王電,60.70,61.90,59.10,59.30,-0.40,4600890,279037934,3548
2022-03-31,TWSE,1535,中宇,43.35,43.45,43.00,43.05,-0.30,43044,1861754,37
2022-03-31,TWSE,1536,和大,80.40,81.50,80.40,81.50,1.10,928687,75500380,697
2022-03-31,TWSE,1537,廣隆,137.50,138.00,137.50,137.50,0.00,52313,7203595,58
2022-03-31,TWSE,1538,正峰,8.02,8.82,8.02,8.51,0.49,127727,1114030,68
2022-03-31,TWSE,1539,巨庭,18.55,18.55,18.40,18.45,-0.05,59207,1093599,37
2022-03-31,TWSE,1540,喬福,14.65,14.65,14.55,14.60,0.00,79912,1169942,230
2022-03-31,TWSE,1541,錩泰,43.00,43.70,42.80,43.60,0.00,14006,606858,17
2022-03-31,TWSE,1558,伸興,141.50,141.50,139.50,139.50,-2.00,376825,52738029,361
2022-03-31,TWSE,1560,中砂,128.50,132.00,126.50,127.00,-1.50,7885421,1018338964,7776
2022-03-31,TWSE,1568,倉佑,20.55,20.55,20.30,20.40,0.00,32129,657748,39
2022-03-31,TWSE,1582,信錦,72.20,72.30,71.80,72.00,-0.20,133682,9615275,211
2022-03-31,TWSE,1583,程泰,56.00,56.00,56.00,56.00,-0.80,1038,58120,3
2022-03-31,TWSE,1587,吉茂,24.30,24.35,23.85,23.95,-0.40,186966,4480507,134
2022-03-31,TWSE,1589,永冠-KY,62.90,66.20,62.60,63.00,0.60,982908,63198050,717
2022-03-31,TWSE,1590,亞德客-KY,947.00,947.00,930.00,931.00,-15.00,536334,502209790,533
2022-03-31,TWSE,1597,直得,83.60,84.40,83.20,83.50,0.50,114750,9615306,121
2022-03-31,TWSE,1598,岱宇,47.80,51.00,47.70,49.30,1.50,1545108,76739650,1355
2022-03-31,TWSE,1603,華電,29.20,29.45,28.90,29.35,0.15,200817,5888986,98
2022-03-31,TWSE,1604,聲寶,32.30,32.40,32.25,32.30,0.00,458981,14831655,433
2022-03-31,TWSE,1605,華新,29.20,29.80,29.15,29.40,0.35,18554307,547772356,6878
2022-03-31,TWSE,1608,華榮,22.60,22.90,22.55,22.60,0.05,2103667,47780902,946
2022-03-31,TWSE,1609,大亞,29.00,30.05,28.50,28.75,0.30,59104721,1732299303,25455
2022-03-31,TWSE,1611,中電,18.90,19.80,18.90,19.15,0.50,12034574,233828777,5828
2022-03-31,TWSE,1612,宏泰,33.10,33.15,31.85,32.15,-0.80,8840108,287602452,4541
2022-03-31,TWSE,1614,三洋電,38.00,38.00,37.80,37.80,-0.20,15011,568765,17
2022-03-31,TWSE,1615,大山,33.50,33.50,33.25,33.25,0.10,61026,2032779,51
2022-03-31,TWSE,1616,億泰,10.10,10.25,10.10,10.20,0.10,368791,3750705,161
2022-03-31,TWSE,1617,榮星,18.00,18.20,18.00,18.15,0.05,59002,1065786,24
2022-03-31,TWSE,1618,合機,13.35,13.35,13.25,13.25,-0.10,112727,1498412,114
2022-03-31,TWSE,1626,艾美特-KY,19.90,19.90,19.70,19.85,0.10,8001,158519,9
2022-03-31,TWSE,1701,中化,22.20,22.30,22.15,22.20,-0.05,137464,3054540,97
2022-03-31,TWSE,1702,南僑,48.85,48.90,48.70,48.70,-0.15,151911,7410220,248
2022-03-31,TWSE,1707,葡萄王,147.50,147.50,146.50,146.50,-1.00,102870,15133689,232
2022-03-31,TWSE,1708,東鹼,57.50,59.70,54.60,55.60,-1.10,119992559,6961360300,56872
2022-03-31,TWSE,1709,和益,28.10,28.40,27.65,27.70,-0.35,9106975,255232959,4857
2022-03-31,TWSE,1710,東聯,22.75,23.15,22.75,22.80,0.10,5828312,133753417,2210
2022-03-31,TWSE,1711,永光,26.25,26.60,25.90,26.00,-0.20,6613381,173452402,3147
2022-03-31,TWSE,1712,興農,34.15,34.75,33.75,33.75,-0.25,5944518,203040386,2509
2022-03-31,TWSE,1713,國化,24.30,24.45,24.20,24.20,-0.20,83014,2019337,41
2022-03-31,TWSE,1714,和桐,10.55,10.55,10.40,10.45,-0.05,1450752,15153850,448
2022-03-31,TWSE,1717,長興,36.60,36.90,36.35,36.35,-0.25,1732796,63448551,890
2022-03-31,TWSE,1718,中纖,9.28,9.37,9.28,9.29,0.04,2846747,26553167,1149
2022-03-31,TWSE,1720,生達,42.85,42.95,42.55,42.80,-0.05,232309,9928721,210
2022-03-31,TWSE,1721,國慶科技,23.70,24.25,23.30,23.30,-0.30,8509328,202442472,4193
2022-03-31,TWSE,1722,台肥,74.90,75.90,73.20,73.30,-1.60,12061244,898553252,7273
2022-03-31,TWSE,1723,中碳,117.00,117.50,116.00,116.50,-0.50,306391,35716600,378
2022-03-31,TWSE,1725,元禎,27.35,27.60,27.20,27.20,-0.30,60002,1643154,52
2022-03-31,TWSE,1726,永記,73.30,73.60,73.10,73.60,-0.10,31177,2287457,32
2022-03-31,TWSE,1727,中華化,50.70,52.80,50.10,50.80,0.30,26526972,1371609019,14624
2022-03-31,TWSE,1730,花仙子,61.90,61.90,61.80,61.90,0.00,12912,798845,39
2022-03-31,TWSE,1731,美吾華,20.00,20.00,19.90,19.90,-0.05,63316,1261605,64
2022-03-31,TWSE,1732,毛寶,44.45,48.20,44.40,48.05,4.20,43763021,2031825841,24566
2022-03-31,TWSE,1733,五鼎,25.75,26.25,25.75,26.15,0.40,559704,14588237,422
2022-03-31,TWSE,1734,杏輝,28.50,28.50,28.20,28.25,-0.25,226054,6396284,242
2022-03-31,TWSE,1735,日勝化,18.00,18.00,18.00,18.00,0.00,4522,81396,8
2022-03-31,TWSE,1736,喬山,55.00,55.30,54.50,54.50,-0.70,181501,9977225,143
2022-03-31,TWSE,1737,臺鹽,34.15,34.25,34.15,34.25,0.10,183620,6276616,400
2022-03-31,TWSE,1752,南光,37.55,37.65,37.45,37.60,0.05,13070,490374,18
2022-03-31,TWSE,1760,寶齡富錦,101.00,107.50,99.70,107.50,9.60,8462131,883392304,5884
2022-03-31,TWSE,1762,中化生,53.50,53.50,52.80,52.90,-0.30,183500,9727818,184
2022-03-31,TWSE,1773,勝一,228.50,230.50,224.00,224.00,-5.50,1259846,283873245,5508
2022-03-31,TWSE,1776,展宇,21.85,21.85,21.65,21.65,-0.25,30400,661371,34
2022-03-31,TWSE,1783,和康生,44.05,44.05,43.20,43.45,-0.45,71488,3115419,81
2022-03-31,TWSE,1786,科妍,43.00,43.00,42.20,42.45,-0.25,48199,2042712,54
2022-03-31,TWSE,1789,神隆,23.30,23.40,23.25,23.30,-0.05,176805,4125264,103
2022-03-31,TWSE,1795,美時,135.50,137.50,128.50,135.50,2.00,20287851,2707968567,13402
2022-03-31,TWSE,1802,台玻,25.60,25.75,25.20,25.20,-0.55,5406209,137180516,2640
2022-03-31,TWSE,1805,寶徠,13.75,13.75,13.50,13.70,-0.15,74332,1010888,39
2022-03-31,TWSE,1806,冠軍,12.85,12.85,12.65,12.65,-0.20,2897867,36877234,1217
2022-03-31,TWSE,1808,潤隆,57.40,57.80,57.00,57.50,-0.10,467442,26858514,220
2022-03-31,TWSE,1809,中釉,14.45,14.55,14.35,14.35,-0.10,394353,5683399,171
2022-03-31,TWSE,1810,和成,16.90,16.90,16.25,16.40,-0.45,2110892,34773360,744
2022-03-31,TWSE,1817,凱撒衛,35.95,35.95,35.90,35.90,-0.05,8001,287486,9
2022-03-31,TWSE,1903,士紙,60.60,61.10,60.60,60.60,-0.30,54555,3316147,63
2022-03-31,TWSE,1904,正隆,34.70,35.00,34.60,35.00,0.30,1177395,41075830,1247
2022-03-31,TWSE,1905,華紙,22.40,22.70,22.30,22.40,0.00,1848001,41575250,1003
2022-03-31,TWSE,1906,寶隆,19.65,20.10,19.65,19.95,0.20,1498279,29869230,162
2022-03-31,TWSE,1907,永豐餘,34.10,34.30,34.00,34.20,0.10,2622427,89677101,943
2022-03-31,TWSE,1909,榮成,21.35,21.45,21.30,21.40,0.10,1620182,34660573,918
2022-03-31,TWSE,2002,中鋼,38.90,39.15,38.65,38.95,0.00,30303522,1179934431,13992
2022-03-31,TWSE,2002A,中鋼特,52.80,52.90,52.70,52.90,0.20,14240,751372,17
2022-03-31,TWSE,2006,東和鋼鐵,71.40,71.40,70.00,70.40,-1.00,4056479,286640801,4825
2022-03-31,TWSE,2007,燁興,19.80,20.00,19.65,19.70,-0.10,653470,12930084,349
2022-03-31,TWSE,2008,高興昌,19.90,19.90,19.65,19.65,-0.30,38001,751404,43
2022-03-31,TWSE,2009,第一銅,45.30,45.30,44.60,44.65,-0.50,824889,36978736,868
2022-03-31,TWSE,2010,春源,24.50,24.75,24.30,24.30,-0.20,1198323,29313986,735
2022-03-31,TWSE,2012,春雨,30.55,30.55,30.15,30.30,-0.25,192637,5840855,177
2022-03-31,TWSE,2013,中鋼構,58.00,58.50,57.60,57.60,-0.40,387699,22463365,321
2022-03-31,TWSE,2014,中鴻,46.75,47.10,46.05,46.15,-0.75,13279726,617657350,7224
2022-03-31,TWSE,2015,豐興,97.30,98.20,96.50,96.50,-0.90,789740,76882830,395
2022-03-31,TWSE,2017,官田鋼,19.60,19.70,19.35,19.35,-0.25,688403,13410086,437
2022-03-31,TWSE,2020,美亞,32.75,32.75,32.30,32.35,-0.35,515645,16760741,597
2022-03-31,TWSE,2022,聚亨,13.30,13.40,13.15,13.20,-0.10,883988,11685725,582
2022-03-31,TWSE,2023,燁輝,24.60,24.80,24.45,24.75,0.20,4637502,114236972,1683
2022-03-31,TWSE,2024,志聯,24.55,24.90,24.00,24.10,-0.55,290755,7050683,223
2022-03-31,TWSE,2025,千興,5.79,5.79,5.73,5.73,-0.01,231808,1337411,109
2022-03-31,TWSE,2027,大成鋼,49.45,49.60,49.00,49.00,-0.35,9180141,451209649,6422
2022-03-31,TWSE,2028,威致,42.30,42.40,41.70,41.75,-0.25,801903,33614792,521
2022-03-31,TWSE,2029,盛餘,34.40,34.65,34.00,34.05,-0.35,797412,27262835,457
2022-03-31,TWSE,2030,彰源,33.90,34.05,33.00,33.00,-0.70,4728333,157522220,2390
2022-03-31,TWSE,2031,新光鋼,67.40,68.90,66.80,67.80,0.40,6791721,461929951,4220
2022-03-31,TWSE,2032,新鋼,33.95,34.25,33.15,33.15,-0.95,2196068,73957356,1262
2022-03-31,TWSE,2033,佳大,24.05,24.30,23.40,23.45,-0.60,3112264,74590023,1118
2022-03-31,TWSE,2034,允強,35.90,36.30,35.10,35.10,-0.80,2875419,102082452,1728
2022-03-31,TWSE,2038,海光,34.70,34.75,34.00,34.05,-0.50,1335530,45786507,744
2022-03-31,TWSE,2049,上銀,241.00,245.00,239.50,240.00,-1.00,1511331,365439917,1560
2022-03-31,TWSE,2059,川湖,439.50,442.50,435.50,437.00,-2.50,114851,50425615,129
2022-03-31,TWSE,2062,橋椿,26.60,27.30,26.60,27.05,0.20,343478,9275405,273
2022-03-31,TWSE,2069,運錩,35.70,35.70,34.60,34.65,-0.70,1242891,43387961,769
2022-03-31,TWSE,2101,南港,42.95,43.30,42.35,42.40,-0.50,2982289,127593372,1427
2022-03-31,TWSE,2102,泰豐,27.60,27.65,27.00,27.15,-0.40,1035779,28212105,471
2022-03-31,TWSE,2103,台橡,34.80,34.90,34.65,34.90,0.10,1255283,43667708,753
2022-03-31,TWSE,2104,國際中橡,27.90,28.00,27.70,28.00,0.25,1989683,55531251,787
2022-03-31,TWSE,2105,正新,35.60,35.80,35.45,35.45,0.15,4252697,151515101,1802
2022-03-31,TWSE,2106,建大,32.40,32.50,31.90,32.10,-0.30,1407731,45063461,799
2022-03-31,TWSE,2107,厚生,22.50,22.55,22.45,22.50,0.00,329075,7402497,277
2022-03-31,TWSE,2108,南帝,66.00,66.10,65.10,65.50,-0.20,1651545,108022465,1233
2022-03-31,TWSE,2109,華豐,15.85,15.90,15.80,15.85,0.00,81493,1292066,154
2022-03-31,TWSE,2114,鑫永銓,130.00,130.00,128.00,129.00,0.00,53066,6845001,73
2022-03-31,TWSE,2115,六暉-KY,39.00,39.35,39.00,39.25,0.20,6908,270399,20
2022-03-31,TWSE,2201,裕隆,40.50,40.90,40.50,40.70,0.05,997375,40644744,614
2022-03-31,TWSE,2204,中華,60.60,61.00,60.50,60.60,0.20,1434786,87072757,932
2022-03-31,TWSE,2206,三陽工業,28.50,29.10,28.30,28.80,-0.55,2194552,63158735,825
2022-03-31,TWSE,2207,和泰車,598.00,608.00,596.00,598.00,0.00,283464,170004725,301
2022-03-31,TWSE,2208,台船,21.15,21.45,21.15,21.15,0.00,1450529,30859641,791
2022-03-31,TWSE,2211,長榮鋼,59.60,62.00,59.60,61.70,2.20,3292331,201367647,2069
2022-03-31,TWSE,2227,裕日車,252.00,252.50,251.50,251.50,-0.50,62822,15824974,94
2022-03-31,TWSE,2228,劍麟,67.80,68.00,67.60,67.60,-0.40,12535,849007,32
2022-03-31,TWSE,2231,為升,157.00,159.00,156.50,158.00,0.00,151744,23900281,155
2022-03-31,TWSE,2233,宇隆,108.50,110.00,106.50,106.50,-3.00,639113,68869095,602
2022-03-31,TWSE,2236,百達-KY,28.80,28.85,26.25,26.60,0.35,1899378,53354320,838
2022-03-31,TWSE,2239,英利-KY,73.40,73.40,72.20,72.40,-0.60,44197,3225087,48
2022-03-31,TWSE,2241,艾姆勒,46.30,46.30,45.40,45.50,-0.25,53053,2421717,51
2022-03-31,TWSE,2243,宏旭-KY,18.00,18.60,17.20,17.40,-0.60,1365033,24386476,855
2022-03-31,TWSE,2247,汎德永業,212.50,212.50,212.00,212.00,0.00,18115,3844127,49
2022-03-31,TWSE,2250,IKKA-KY,101.00,101.00,98.90,98.90,-1.10,22075,2193546,43
2022-03-31,TWSE,2301,光寶科,68.40,68.80,68.10,68.10,-0.10,5233889,357580430,1630
2022-03-31,TWSE,2302,麗正,16.00,16.00,15.70,15.70,-0.20,136149,2155738,105
2022-03-31,TWSE,2303,聯電,54.10,54.20,53.80,54.00,-0.50,48478339,2615987922,21667
2022-03-31,TWSE,2305,全友,9.52,9.58,9.37,9.39,-0.13,613111,5795809,304
2022-03-31,TWSE,2308,台達電,269.00,269.50,266.00,268.50,0.50,3525183,945150236,2197
2022-03-31,TWSE,2312,金寶,17.45,17.60,16.80,16.95,-0.35,38300672,657999341,12199
2022-03-31,TWSE,2313,華通,49.60,49.75,48.25,48.30,-1.20,22614198,1102240018,11420
2022-03-31,TWSE,2314,台揚,66.00,69.00,65.00,69.00,2.40,5796442,387954177,3885
2022-03-31,TWSE,2316,楠梓電,31.00,31.20,30.95,31.00,-0.15,294247,9129589,309
2022-03-31,TWSE,2317,鴻海,106.00,106.50,105.50,106.00,0.50,21500251,2280008116,7476
2022-03-31,TWSE,2321,東訊,6.36,6.66,6.36,6.43,-0.06,3021,19588,5
2022-03-31,TWSE,2323,中環,10.40,10.45,10.20,10.30,-0.05,8822595,90955039,2402
2022-03-31,TWSE,2324,仁寶,26.95,27.00,26.80,26.80,-0.10,14079369,378042351,4727
2022-03-31,TWSE,2327,國巨*,443.50,444.00,434.00,434.00,-6.00,1583360,692246568,2047
2022-03-31,TWSE,2328,廣宇,40.55,41.40,39.75,40.15,-0.35,34639469,1406413903,19658
2022-03-31,TWSE,2329,華泰,22.80,22.85,22.40,22.45,-0.30,1151474,25931900,723
2022-03-31,TWSE,2330,台積電,602.00,602.00,594.00,597.00,-3.00,25130417,15014260610,18860
2022-03-31,TWSE,2331,精英,20.20,20.35,20.05,20.05,-0.25,549502,11081020,292
2022-03-31,TWSE,2332,友訊,17.35,17.35,16.85,16.85,-0.60,7572018,130682245,1250
2022-03-31,TWSE,2337,旺宏,40.60,40.70,40.10,40.10,-0.40,12456547,501274904,7826
2022-03-31,TWSE,2338,光罩,97.70,98.30,96.70,96.90,0.20,9406333,916648195,6024
2022-03-31,TWSE,2340,台亞,52.00,52.00,51.20,51.30,-0.70,3514508,180929079,2228
2022-03-31,TWSE,2342,茂矽,44.10,44.40,43.25,43.25,-0.35,1059757,46528374,795
2022-03-31,TWSE,2344,華邦電,31.80,31.95,31.10,31.20,-0.40,34079812,1070624712,14164
2022-03-31,TWSE,2345,智邦,220.50,230.00,218.50,222.50,7.50,6919965,1545546363,6317
2022-03-31,TWSE,2347,聯強,75.40,75.40,74.90,75.30,0.40,1929308,145117270,1222
2022-03-31,TWSE,2348,海悅,101.50,101.50,100.50,101.00,-0.50,115081,11629096,153
2022-03-31,TWSE,2348A,海悅甲特,37.90,38.00,37.90,38.00,0.00,20977,796576,24
2022-03-31,TWSE,2349,錸德,9.21,9.26,9.16,9.16,-0.05,762221,7009485,501
2022-03-31,TWSE,2351,順德,161.50,164.00,158.50,164.00,1.50,9505243,1532740518,7656
2022-03-31,TWSE,2352,佳世達,32.95,33.50,32.90,33.25,0.40,12101185,402317953,4949
2022-03-31,TWSE,2353,宏碁,30.25,30.30,29.95,29.95,-0.30,9306524,279574038,4864
2022-03-31,TWSE,2354,鴻準,62.60,63.50,62.60,62.80,0.20,2805977,177049062,1795
2022-03-31,TWSE,2355,敬鵬,33.90,33.90,33.20,33.25,-0.55,2299319,76750472,1018
2022-03-31,TWSE,2356,英業達,24.95,24.95,24.70,24.70,-0.10,6742410,166968593,3073
2022-03-31,TWSE,2357,華碩,375.00,376.50,373.50,373.50,-2.00,1796406,673077286,1717
2022-03-31,TWSE,2358,廷鑫,24.40,24.60,23.80,23.80,-0.50,1762918,42403724,888
2022-03-31,TWSE,2359,所羅門,29.00,29.30,27.65,27.80,-0.75,6711644,190990825,3342
2022-03-31,TWSE,2360,致茂,183.50,184.00,178.50,180.00,-1.00,504716,91072542,390
2022-03-31,TWSE,2362,藍天,32.30,32.55,32.20,32.20,-0.05,865750,28000882,432
2022-03-31,TWSE,2363,矽統,24.35,24.35,24.10,24.10,-0.25,1557367,37606748,909
2022-03-31,TWSE,2364,倫飛,23.25,23.25,23.00,23.00,-0.15,48982,1128998,64
2022-03-31,TWSE,2365,昆盈,11.65,11.80,11.45,11.80,0.20,761580,8874855,418
2022-03-31,TWSE,2367,燿華,17.85,18.00,17.80,17.80,-0.20,1410502,25182239,752
2022-03-31,TWSE,2368,金像電,88.00,88.50,84.50,85.00,-2.50,14090685,1216989432,13163
2022-03-31,TWSE,2369,菱生,24.90,24.95,24.35,24.45,-0.40,2739006,67025156,1657
2022-03-31,TWSE,2371,大同,36.20,36.75,35.70,35.75,-0.40,18280478,661759410,6280
2022-03-31,TWSE,2373,震旦行,91.60,92.30,91.40,91.60,-0.90,19953,1829898,44
2022-03-31,TWSE,2374,佳能,26.45,26.45,26.05,26.05,-0.35,1360604,35648821,746
2022-03-31,TWSE,2375,凱美,84.50,84.60,83.30,83.50,-0.10,375847,31508486,554
2022-03-31,TWSE,2376,技嘉,130.00,131.00,128.50,130.00,0.00,3212192,417739266,2524
2022-03-31,TWSE,2377,微星,132.00,133.00,130.00,130.00,-2.00,6560760,858854781,3782
2022-03-31,TWSE,2379,瑞昱,429.50,434.50,429.00,430.50,-2.00,1426751,615372238,1293
2022-03-31,TWSE,2380,虹光,12.25,12.25,12.10,12.10,-0.10,287915,3498013,224
2022-03-31,TWSE,2382,廣達,89.30,89.70,88.10,88.30,-1.30,15003621,1329327784,10039
2022-03-31,TWSE,2383,台光電,261.00,262.00,256.50,258.00,-3.00,1171313,302359401,1034
2022-03-31,TWSE,2385,群光,90.40,90.40,89.70,89.80,-0.40,898119,80772968,618
2022-03-31,TWSE,2387,精元,42.40,42.40,41.50,41.50,-0.75,476263,19827529,442
2022-03-31,TWSE,2388,威盛,66.90,67.30,65.60,65.90,-0.50,1407816,93592058,938
2022-03-31,TWSE,2390,云辰,20.45,20.50,20.20,20.20,-0.20,438604,8907285,243
2022-03-31,TWSE,2392,正崴,37.70,37.95,37.40,37.85,0.15,1015770,38273992,752
2022-03-31,TWSE,2393,億光,48.50,48.95,48.50,48.80,0.25,1347868,65685418,953
2022-03-31,TWSE,2395,研華,366.00,371.00,365.00,369.50,7.50,977824,360281179,566
2022-03-31,TWSE,2397,友通,60.90,61.00,60.70,60.80,-0.40,17011,1034272,16
2022-03-31,TWSE,2399,映泰,22.00,22.05,21.60,21.70,-0.20,744071,16206310,614
2022-03-31,TWSE,2401,凌陽,36.85,37.90,36.80,36.85,0.35,12560015,467611461,6667
2022-03-31,TWSE,2402,毅嘉,16.00,16.05,15.85,15.90,-0.10,314211,4998936,210
2022-03-31,TWSE,2404,漢唐,196.50,198.00,195.00,195.00,-2.00,960960,187956425,659
2022-03-31,TWSE,2405,輔信,14.10,14.15,13.80,14.00,-0.20,2711217,37953447,1409
2022-03-31,TWSE,2406,國碩,25.90,26.25,25.65,25.65,0.05,6186167,160517933,3088
2022-03-31,TWSE,2408,南亞科,69.50,70.20,69.20,69.20,-0.10,9880666,687491018,4707
2022-03-31,TWSE,2409,友達,20.00,20.10,19.70,19.85,-0.15,89355680,1771625608,26984
2022-03-31,TWSE,2412,中華電,127.00,127.50,126.50,127.00,0.00,5734826,728234428,1929
2022-03-31,TWSE,2413,環科,21.45,22.20,21.45,21.85,0.40,736680,16087413,409
2022-03-31,TWSE,2414,精技,37.05,37.05,36.85,36.85,-0.20,113738,4195202,102
2022-03-31,TWSE,2415,錩新,42.20,42.65,42.00,42.00,0.05,164534,6959311,149
2022-03-31,TWSE,2417,圓剛,27.65,27.95,27.45,27.80,0.20,659809,18302609,586
2022-03-31,TWSE,2419,仲琦,20.25,20.25,19.85,19.90,-0.20,611559,12203173,415
2022-03-31,TWSE,2420,新巨,43.30,43.40,43.10,43.15,-0.25,172839,7479240,188
2022-03-31,TWSE,2421,建準,43.10,43.10,42.55,43.05,-0.05,669608,28673526,418
2022-03-31,TWSE,2423,固緯,29.05,29.10,28.80,28.85,-0.10,200146,5805518,126
2022-03-31,TWSE,2424,隴華,20.05,21.35,19.50,21.35,1.90,31418,646585,30
2022-03-31,TWSE,2425,承啟,26.70,26.85,26.35,26.80,0.15,242116,6448081,152
2022-03-31,TWSE,2426,鼎元,26.75,26.75,26.15,26.20,-0.50,821857,21637463,752
2022-03-31,TWSE,2427,三商電,12.95,12.95,12.80,12.95,0.05,257138,3303270,96
2022-03-31,TWSE,2428,興勤,141.00,150.00,141.00,149.00,4.50,1323172,194211696,1100
2022-03-31,TWSE,2429,銘旺科,15.50,15.60,15.50,15.55,0.05,20000,310200,10
2022-03-31,TWSE,2430,燦坤,40.20,40.35,39.90,40.10,0.10,405822,16304018,302
2022-03-31,TWSE,2431,聯昌,12.45,12.45,12.10,12.15,-0.15,470444,5783208,216
2022-03-31,TWSE,2433,互盛電,52.90,53.00,52.80,52.90,0.00,36012,1905820,43
2022-03-31,TWSE,2434,統懋,35.10,35.35,35.10,35.35,-0.05,2191,77184,5
2022-03-31,TWSE,2436,偉詮電,88.30,88.30,85.90,86.20,-1.40,3204574,277105801,2859
2022-03-31,TWSE,2438,翔耀,14.20,14.20,14.10,14.10,-0.10,20736,292598,27
2022-03-31,TWSE,2439,美律,85.60,86.50,85.00,85.50,1.40,1364301,116790431,1154
2022-03-31,TWSE,2440,太空梭,15.20,15.20,15.05,15.05,-0.05,60001,904464,42
2022-03-31,TWSE,2441,超豐,74.90,74.90,74.20,74.20,-0.70,588776,43793896,477
2022-03-31,TWSE,2442,新美齊,13.70,13.80,13.65,13.65,0.00,817184,11192810,553
2022-03-31,TWSE,2443,昶虹,3.13,3.13,3.07,3.13,0.00,31582,97827,44
2022-03-31,TWSE,2444,兆勁,11.25,11.40,11.15,11.30,0.00,72161,808352,48
2022-03-31,TWSE,2449,京元電子,42.95,43.00,42.80,42.85,-0.10,1945788,83484742,1051
2022-03-31,TWSE,2450,神腦,34.50,34.70,34.25,34.60,-0.15,204589,7066790,200
2022-03-31,TWSE,2451,創見,74.60,75.00,74.30,74.40,-0.20,412150,30772115,478
2022-03-31,TWSE,2453,凌群,29.10,29.40,28.50,28.85,-0.25,563852,16329128,426
2022-03-31,TWSE,2454,聯發科,900.00,919.00,900.00,905.00,-10.00,8830610,8016666212,19821
2022-03-31,TWSE,2455,全新,118.50,118.50,113.00,113.50,-4.00,1984437,227172992,1898
2022-03-31,TWSE,2457,飛宏,48.65,48.65,46.60,46.80,-1.45,16168831,772204219,10515
2022-03-31,TWSE,2458,義隆,171.00,172.00,170.00,172.00,1.00,766213,131126279,630
2022-03-31,TWSE,2459,敦吉,56.00,56.00,55.50,55.80,-0.20,141164,7860684,128
2022-03-31,TWSE,2460,建通,25.50,25.60,25.00,25.25,-0.25,132205,3332447,128
2022-03-31,TWSE,2461,光群雷,23.30,23.50,23.20,23.45,0.00,712136,16638225,297
2022-03-31,TWSE,2462,良得電,35.20,35.20,33.70,33.75,-1.45,2270133,77291161,1662
2022-03-31,TWSE,2464,盟立,41.10,41.15,40.90,40.90,-0.20,167591,6872015,238
2022-03-31,TWSE,2465,麗臺,68.00,68.00,67.10,67.10,-0.90,437107,29430891,550
2022-03-31,TWSE,2466,冠西電,33.30,33.30,33.00,33.25,-0.05,70000,2321000,47
2022-03-31,TWSE,2467,志聖,49.60,49.70,49.45,49.45,-0.25,145194,7197703,198
2022-03-31,TWSE,2468,華經,13.45,13.50,13.40,13.45,0.00,7626,102417,11
2022-03-31,TWSE,2471,資通,27.95,28.00,27.80,27.90,-0.10,120432,3364129,104
2022-03-31,TWSE,2472,立隆電,66.50,66.50,65.10,65.10,-1.30,358332,23525604,298
2022-03-31,TWSE,2474,可成,144.50,146.00,144.00,144.50,0.00,1829758,265335608,1047
2022-03-31,TWSE,2476,鉅祥,58.10,58.50,57.00,57.00,-1.10,985052,56477076,749
2022-03-31,TWSE,2477,美隆電,28.00,28.10,27.40,27.55,-0.45,831101,22972106,525
2022-03-31,TWSE,2478,大毅,59.80,60.10,59.80,59.80,0.10,72282,4332038,152
2022-03-31,TWSE,2480,敦陽科,93.60,93.60,92.50,92.60,0.00,137672,12764032,197
2022-03-31,TWSE,2481,強茂,106.00,107.00,102.00,102.00,-3.00,46206535,4832823705,26536
2022-03-31,TWSE,2482,連宇,14.30,14.30,13.80,14.00,-0.25,251956,3535873,145
2022-03-31,TWSE,2483,百容,23.55,23.80,23.55,23.55,0.00,147051,3473394,89
2022-03-31,TWSE,2484,希華,35.20,35.50,34.85,35.35,0.40,2137247,75283361,1157
2022-03-31,TWSE,2485,兆赫,18.55,18.70,18.45,18.45,-0.10,407230,7536899,405
2022-03-31,TWSE,2486,一詮,48.05,48.40,46.60,47.00,-1.00,2634237,124583675,1575
2022-03-31,TWSE,2488,漢平,26.90,26.95,26.80,26.80,-0.05,40374,1084968,78
2022-03-31,TWSE,2489,瑞軒,16.65,16.85,16.65,16.75,0.15,2402051,40269552,1160
2022-03-31,TWSE,2491,吉祥全,20.10,20.20,19.80,19.90,-0.50,460491,9198382,326
2022-03-31,TWSE,2492,華新科,145.00,145.00,142.00,142.00,-1.50,750102,107447796,1408
2022-03-31,TWSE,2493,揚博,41.65,42.45,41.65,42.00,0.55,811072,34120554,636
2022-03-31,TWSE,2495,普安,16.50,16.50,16.25,16.45,-0.20,576467,9448163,377
2022-03-31,TWSE,2496,卓越,49.45,49.45,49.10,49.15,-0.20,7174,353275,11
2022-03-31,TWSE,2497,怡利電,104.50,107.50,103.50,107.00,1.50,11909584,1258232640,7847
2022-03-31,TWSE,2498,宏達電,60.90,61.50,59.00,59.20,-1.10,10707742,641792276,5173
2022-03-31,TWSE,2501,國建,19.00,19.00,18.90,18.90,-0.10,362893,6868026,164
2022-03-31,TWSE,2504,國產,29.60,29.85,29.55,29.75,0.15,4679505,139196969,1585
2022-03-31,TWSE,2505,國揚,23.45,23.45,23.00,23.15,-0.30,267876,6215744,234
2022-03-31,TWSE,2506,太設,9.20,9.27,9.19,9.19,-0.02,44243,407280,164
2022-03-31,TWSE,2509,全坤建,16.65,16.70,16.65,16.65,-0.05,120882,2013913,234
2022-03-31,TWSE,2511,太子,13.30,13.30,13.15,13.15,-0.15,417088,5510870,222
2022-03-31,TWSE,2514,龍邦,17.50,17.50,17.30,17.45,-0.05,30177,526076,25
2022-03-31,TWSE,2515,中工,10.00,10.15,9.99,10.05,0.05,11891746,119596743,2615
2022-03-31,TWSE,2516,新建,5.87,5.90,5.84,5.88,0.00,1126148,6600921,155
2022-03-31,TWSE,2520,冠德,36.10,36.20,36.05,36.10,0.05,923407,33357418,723
2022-03-31,TWSE,2524,京城,35.90,35.90,35.70,35.70,-0.10,7120,254560,11
2022-03-31,TWSE,2527,宏璟,29.95,30.10,29.80,30.00,0.05,375332,11214441,333
2022-03-31,TWSE,2528,皇普,20.25,20.25,20.20,20.20,-0.05,64000,1293350,14
2022-03-31,TWSE,2530,華建,14.70,14.75,14.70,14.70,-0.05,148797,2188162,84
2022-03-31,TWSE,2534,宏盛,24.75,24.90,24.70,24.90,0.05,487713,12097743,347
2022-03-31,TWSE,2535,達欣工,35.05,35.20,34.85,35.05,0.05,1179745,41367043,669
2022-03-31,TWSE,2536,宏普,22.00,22.10,21.90,22.00,0.10,282050,6202554,81
2022-03-31,TWSE,2537,聯上發,10.55,10.65,10.50,10.65,0.10,2019924,21405477,604
2022-03-31,TWSE,2538,基泰,12.60,12.90,12.60,12.85,0.25,1644671,20993997,498
2022-03-31,TWSE,2539,櫻花建,33.00,33.00,32.70,32.70,-0.25,272159,8933946,227
2022-03-31,TWSE,2540,愛山林,129.50,129.50,127.00,127.00,-0.50,76252,9722766,98
2022-03-31,TWSE,2542,興富發,45.50,45.55,45.30,45.40,0.00,4259351,193416274,2398
2022-03-31,TWSE,2543,皇昌,7.80,7.81,7.75,7.77,-0.03,42114,328299,23
2022-03-31,TWSE,2545,皇翔,53.40,54.90,53.10,54.70,1.60,2012087,108624418,1354
2022-03-31,TWSE,2546,根基,57.10,58.50,57.00,58.10,1.10,444774,25758804,455
2022-03-31,TWSE,2547,日勝生,10.40,10.45,10.35,10.45,0.10,660548,6873466,334
2022-03-31,TWSE,2548,華固,90.70,90.70,90.20,90.20,-0.60,408912,36952709,396
2022-03-31,TWSE,2597,潤弘,147.50,147.50,145.00,145.50,-2.50,230583,33650619,344
2022-03-31,TWSE,2601,益航,11.75,11.75,11.50,11.55,-0.15,2030465,23553257,944
2022-03-31,TWSE,2603,長榮,135.50,137.00,133.50,135.00,0.00,38747258,5242424775,17819
2022-03-31,TWSE,2605,新興,28.05,28.20,27.90,27.90,-0.05,1583517,44310218,997
2022-03-31,TWSE,2606,裕民,60.20,60.20,59.10,59.10,-0.70,2425797,144412330,1543
2022-03-31,TWSE,2607,榮運,37.20,37.40,36.70,36.90,0.05,7604369,281388967,3112
2022-03-31,TWSE,2608,嘉里大榮,44.10,44.55,43.50,43.80,-0.15,1639708,72243439,1242
2022-03-31,TWSE,2609,陽明,124.00,125.50,123.00,124.50,0.50,34524023,4288597977,16195
2022-03-31,TWSE,2610,華航,27.25,27.50,26.60,26.65,-0.45,148832176,4018279161,44180
2022-03-31,TWSE,2611,志信,23.85,23.85,23.15,23.20,-0.30,1190813,27736904,701
2022-03-31,TWSE,2612,中航,51.70,52.00,51.30,51.30,-0.40,207941,10724806,197
2022-03-31,TWSE,2613,中櫃,34.80,35.00,34.00,34.10,-0.60,932855,32044826,611
2022-03-31,TWSE,2614,東森,31.60,31.85,31.20,31.20,-0.25,2407266,75584182,1622
2022-03-31,TWSE,2615,萬海,159.50,160.00,156.00,158.50,-1.50,15535137,2455399246,8913
2022-03-31,TWSE,2616,山隆,40.05,40.10,39.80,39.90,-0.15,198609,7931566,271
2022-03-31,TWSE,2617,台航,36.25,36.50,36.00,36.20,0.05,1175086,42613771,889
2022-03-31,TWSE,2618,長榮航,32.65,33.15,32.20,32.25,0.05,103031377,3366495216,34835
2022-03-31,TWSE,2630,亞航,18.75,18.90,18.65,18.65,-0.10,95496,1791300,88
2022-03-31,TWSE,2633,台灣高鐵,29.15,29.15,28.85,28.85,-0.25,2474943,71647966,1074
2022-03-31,TWSE,2634,漢翔,29.35,29.50,29.35,29.35,0.00,687777,20238075,362
2022-03-31,TWSE,2636,台驊控股,122.00,123.50,122.00,122.50,0.00,787772,96502878,799
2022-03-31,TWSE,2637,慧洋-KY,86.50,87.10,85.70,86.40,-0.50,4049156,349556498,2201
2022-03-31,TWSE,2642,宅配通,78.00,81.80,77.00,78.80,1.10,7535996,598726781,5460
2022-03-31,TWSE,2701,萬企,12.25,12.25,12.20,12.20,-0.05,16008,195446,13
2022-03-31,TWSE,2702,華園,24.75,24.75,24.55,24.60,-0.20,213161,5252718,156
2022-03-31,TWSE,2704,國賓,33.55,33.65,33.10,33.40,-0.10,123943,4147569,80
2022-03-31,TWSE,2705,六福,17.20,17.30,17.20,17.20,0.00,83354,1436146,107
2022-03-31,TWSE,2706,第一店,14.20,14.30,14.15,14.15,-0.05,66773,949024,98
2022-03-31,TWSE,2707,晶華,175.50,176.00,172.00,172.00,-3.00,379345,65854989,429
2022-03-31,TWSE,2712,遠雄來,36.80,37.20,36.80,37.20,-0.20,3000,110800,2
2022-03-31,TWSE,2722,夏都,31.70,31.90,31.45,31.60,0.05,40003,1263794,26
2022-03-31,TWSE,2723,美食-KY,92.80,94.40,92.80,93.60,0.80,605680,56880825,606
2022-03-31,TWSE,2727,王品,123.00,123.00,121.50,122.00,-1.00,221997,27128020,370
2022-03-31,TWSE,2731,雄獅,97.70,99.80,97.40,97.40,-0.30,870851,85742937,833
2022-03-31,TWSE,2739,寒舍,22.00,22.25,21.90,22.25,0.00,35013,771337,35
2022-03-31,TWSE,2748,雲品,40.20,40.40,40.00,40.40,0.20,21792,874706,28
2022-03-31,TWSE,2753,八方雲集,131.00,134.00,131.00,132.50,2.00,428782,56827237,529
2022-03-31,TWSE,2801,彰銀,18.90,19.20,18.85,19.15,0.25,30242558,577342922,4730
2022-03-31,TWSE,2809,京城銀,40.10,40.50,40.10,40.30,0.20,2137090,86215676,1195
2022-03-31,TWSE,2812,台中銀,14.90,15.30,14.90,15.15,0.20,15019727,227828941,4143
2022-03-31,TWSE,2816,旺旺保,20.30,20.35,20.20,20.30,0.10,222032,4505801,113
2022-03-31,TWSE,2820,華票,17.65,17.90,17.60,17.70,0.05,2241333,39740184,672
2022-03-31,TWSE,2832,台產,20.75,20.85,20.70,20.75,0.00,331680,6885383,276
2022-03-31,TWSE,2834,臺企銀,12.85,13.00,12.70,12.85,0.00,65428826,843558739,16150
2022-03-31,TWSE,2836,高雄銀,14.45,14.90,14.40,14.80,0.35,2639316,38855042,1015
2022-03-31,TWSE,2836A,高雄銀甲特,24.30,24.30,24.30,24.30,0.15,2068,50232,4
2022-03-31,TWSE,2838,聯邦銀,16.50,17.40,16.45,17.20,0.70,12845995,219467163,3401
2022-03-31,TWSE,2838A,聯邦銀甲特,53.30,53.50,53.30,53.40,0.10,177720,9489291,104
2022-03-31,TWSE,2841,台開,3.36,3.36,3.30,3.30,-0.06,1337750,4417991,320
2022-03-31,TWSE,2845,遠東銀,12.05,12.30,12.00,12.20,0.15,11524213,140500951,2650
2022-03-31,TWSE,2849,安泰銀,16.25,16.35,16.25,16.35,0.10,281054,4585079,107
2022-03-31,TWSE,2850,新產,54.00,55.30,54.00,54.90,0.90,589756,32266139,405
2022-03-31,TWSE,2851,中再保,31.40,31.80,31.35,31.55,0.20,1410419,44477727,782
2022-03-31,TWSE,2852,第一保,16.75,16.85,16.65,16.65,-0.15,947508,15873067,415
2022-03-31,TWSE,2855,統一證,23.10,23.15,23.00,23.00,-0.05,975180,22478879,545
2022-03-31,TWSE,2867,三商壽,8.40,8.44,8.37,8.40,0.00,6763610,56875923,1775
2022-03-31,TWSE,2880,華南金,24.15,24.50,24.05,24.35,0.45,20080500,488806089,6031
2022-03-31,TWSE,2881,富邦金,76.10,76.80,75.90,76.50,0.40,16165032,1236456376,6804
2022-03-31,TWSE,2881A,富邦特,63.00,63.20,62.90,63.20,0.00,262502,16543363,33
2022-03-31,TWSE,2881B,富邦金乙特,62.70,62.80,62.70,62.80,0.00,37221,2333988,19
2022-03-31,TWSE,2881C,富邦金丙特,60.20,60.20,60.10,60.10,-0.10,31394,1889209,69
2022-03-31,TWSE,2882,國泰金,64.50,64.70,64.20,64.50,0.10,15100025,974339447,4915
2022-03-31,TWSE,2882A,國泰特,62.70,62.90,62.60,62.80,0.00,152127,9550437,32
2022-03-31,TWSE,2882B,國泰金乙特,62.50,62.80,62.50,62.80,0.00,21055,1316236,6
2022-03-31,TWSE,2883,凱基金,19.10,19.45,19.05,19.20,0.15,120901590,2332046079,23731
2022-03-31,TWSE,2883B,凱基金乙特,9.16,9.19,9.16,9.19,0.03,2230264,20453063,636
2022-03-31,TWSE,2884,玉山金,32.85,33.15,32.85,33.05,0.20,24693613,816138242,8095
2022-03-31,TWSE,2885,元大金,26.25,26.50,26.25,26.40,0.20,26018745,687616554,7346
2022-03-31,TWSE,2886,兆豐金,42.30,43.00,42.15,42.90,0.65,22927133,980006841,8648
2022-03-31,TWSE,2887,台新新光金,20.25,20.70,20.15,20.50,0.35,56824441,1163992926,12526
2022-03-31,TWSE,2887E,台新新光戊特一,53.40,53.50,53.30,53.50,0.00,222302,11881210,28
2022-03-31,TWSE,2887F,台新新光戊特二,51.70,51.70,51.60,51.60,-0.10,14591,752876,14
2022-03-31,TWSE,2888,新光金,10.80,10.95,10.70,10.80,0.05,119095037,1293120994,14199
2022-03-31,TWSE,2888A,新光金甲特,42.45,42.70,42.30,42.70,0.25,59284,2519474,37
2022-03-31,TWSE,2888B,新光金乙特,42.60,42.80,42.60,42.80,0.25,77345,3301038,34
2022-03-31,TWSE,2889,國票金,16.55,16.85,16.50,16.75,0.20,11633408,194292201,3935
2022-03-31,TWSE,2890,永豐金,18.30,18.70,18.15,18.40,0.05,41981382,775414413,10336
2022-03-31,TWSE,2891,中信金,29.10,29.40,29.10,29.40,0.40,52283566,1531802382,11463
2022-03-31,TWSE,2891B,中信金乙特,63.50,63.70,63.50,63.70,0.00,3401,216033,13
2022-03-31,TWSE,2891C,中信金丙特,61.70,61.90,61.70,61.90,0.00,7428,458682,15
2022-03-31,TWSE,2892,第一金,28.00,28.60,27.95,28.45,0.45,25459957,723801884,8207
2022-03-31,TWSE,2897,王道銀行,10.20,10.50,10.10,10.25,0.00,25651807,265349386,4640
2022-03-31,TWSE,2897A,王道銀甲特,10.40,10.50,10.35,10.40,-0.05,331454,3452135,66
2022-03-31,TWSE,2901,欣欣,25.20,25.25,25.15,25.15,0.00,48379,1219685,104
2022-03-31,TWSE,2903,遠百,21.45,21.45,21.20,21.20,-0.25,497767,10638830,367
2022-03-31,TWSE,2904,匯僑,22.30,22.30,22.10,22.15,-0.15,50541,1120653,55
2022-03-31,TWSE,2905,三商,21.50,21.50,21.25,21.25,-0.25,255212,5435469,224
2022-03-31,TWSE,2906,高林,25.45,25.55,25.00,25.25,0.10,3362885,84959042,1703
2022-03-31,TWSE,2908,特力,21.95,21.95,21.75,21.95,0.05,146785,3212226,75
2022-03-31,TWSE,2910,統領,31.30,31.30,31.30,31.30,-0.30,3018,94462,3
2022-03-31,TWSE,2911,麗嬰房,7.56,7.58,7.51,7.52,-0.04,57228,432089,161
2022-03-31,TWSE,2912,統一超,263.50,265.00,262.50,263.00,0.50,3028327,799069137,1224
2022-03-31,TWSE,2913,農林,19.80,19.80,19.60,19.60,-0.20,417356,8212271,306
2022-03-31,TWSE,2915,潤泰全,117.50,117.50,115.50,116.00,-1.50,2750188,319711684,2443
2022-03-31,TWSE,2923,鼎固-KY,27.40,27.40,26.55,27.00,-0.40,5073,136839,12
2022-03-31,TWSE,2929,淘帝-KY,9.57,9.60,9.42,9.42,-0.19,135043,1284840,295
2022-03-31,TWSE,2936,客思達-KY,38.90,38.95,38.90,38.95,0.05,22002,856427,10
2022-03-31,TWSE,2939,永邑-KY,23.40,23.50,23.35,23.50,0.10,15008,351487,17
2022-03-31,TWSE,2945,三商家購,62.10,64.00,62.10,63.20,1.10,79215,5021520,92
2022-03-31,TWSE,3002,歐格,12.25,12.40,12.20,12.35,0.05,97684,1201191,52
2022-03-31,TWSE,3003,健和興,87.60,87.60,85.70,85.70,-1.80,1119206,96592330,977
2022-03-31,TWSE,3004,豐達科,58.10,58.30,58.00,58.00,-0.40,23770,1380153,31
2022-03-31,TWSE,3005,神基,50.20,50.30,49.60,49.75,-0.20,1190644,59269759,904
2022-03-31,TWSE,3006,晶豪科,165.50,166.50,161.00,161.00,-4.00,7658618,1244618176,8317
2022-03-31,TWSE,3008,大立光,1920.00,1950.00,1885.00,1885.00,-20.00,579830,1105715180,3235
2022-03-31,TWSE,3010,華立,110.00,110.50,109.50,109.50,0.00,707955,77583095,405
2022-03-31,TWSE,3011,今皓,18.10,18.40,17.85,18.00,-0.10,1934460,35037302,943
2022-03-31,TWSE,3013,晟銘電,13.55,13.55,13.35,13.35,-0.05,73336,982034,63
2022-03-31,TWSE,3014,聯陽,113.00,113.00,112.00,112.00,-1.00,801628,90213532,3909
2022-03-31,TWSE,3015,全漢,44.10,44.20,43.75,43.85,-0.15,230386,10121462,198
2022-03-31,TWSE,3016,嘉晶,119.50,120.00,117.00,117.50,-3.00,3962598,468528779,2842
2022-03-31,TWSE,3017,奇鋐,118.00,121.00,116.00,116.50,-0.50,20102325,2381549150,14449
2022-03-31,TWSE,3018,隆銘綠能,20.25,20.25,19.85,20.00,-0.10,217575,4361371,159
2022-03-31,TWSE,3019,亞光,79.90,80.10,79.00,79.00,-0.90,598112,47435937,696
2022-03-31,TWSE,3021,鴻名,21.95,22.10,21.65,21.70,-0.20,178001,3872921,117
2022-03-31,TWSE,3022,威強電,46.80,46.85,46.60,46.60,-0.20,67799,3167363,67
2022-03-31,TWSE,3023,信邦,258.00,260.00,256.00,260.00,3.50,537493,139156418,586
2022-03-31,TWSE,3024,憶聲,13.35,13.60,13.35,13.50,0.15,2074834,28058567,515
2022-03-31,TWSE,3025,星通,21.55,22.30,21.25,21.60,0.40,882457,19212242,576
2022-03-31,TWSE,3026,禾伸堂,120.00,120.00,119.00,120.00,0.00,282854,33857077,249
2022-03-31,TWSE,3027,盛達,22.10,22.40,21.90,22.05,-0.10,173495,3836121,331
2022-03-31,TWSE,3028,增你強,39.75,39.75,39.15,39.45,-0.30,1917040,75419174,2170
2022-03-31,TWSE,3029,零壹,44.80,44.80,44.50,44.55,-0.30,567264,25307203,560
2022-03-31,TWSE,3030,德律,69.20,72.30,67.80,67.90,-0.90,5170439,359838165,3573
2022-03-31,TWSE,3031,佰鴻,22.15,22.15,21.90,21.90,-0.15,124667,2740974,103
2022-03-31,TWSE,3032,偉訓,30.95,31.05,30.85,30.95,0.00,45786,1416710,116
2022-03-31,TWSE,3033,威健,32.65,32.65,32.05,32.35,-0.30,4529459,146473785,3424
2022-03-31,TWSE,3034,聯詠,425.00,430.00,422.50,426.50,2.00,2614622,1117565893,4121
2022-03-31,TWSE,3035,智原,314.50,317.50,303.00,305.50,-7.00,24417637,7574595751,21480
2022-03-31,TWSE,3036,文曄,81.50,81.90,79.00,79.30,-2.40,4238341,338642582,2318
2022-03-31,TWSE,3036A,文曄甲特,49.60,49.65,49.55,49.65,0.00,107179,5315760,37
2022-03-31,TWSE,3037,欣興,249.00,250.00,243.00,249.00,0.50,19364756,4789787524,20046
2022-03-31,TWSE,3038,全台,19.15,19.20,19.10,19.10,-0.15,64134,1227805,80
2022-03-31,TWSE,3040,遠見,37.00,37.00,36.90,36.90,-0.05,25312,936344,28
2022-03-31,TWSE,3041,揚智,34.05,34.10,33.55,33.95,-0.10,1905137,64445690,1166
2022-03-31,TWSE,3042,晶技,103.00,103.00,101.50,102.50,-0.50,1419832,144910898,1210
2022-03-31,TWSE,3043,科風,4.73,4.73,4.67,4.71,-0.02,84566,396534,72
2022-03-31,TWSE,3044,健鼎,134.00,134.50,132.00,134.00,-0.50,1869886,250144997,692
2022-03-31,TWSE,3045,台灣大,105.50,106.00,105.00,105.00,-0.50,1720703,181238575,721
2022-03-31,TWSE,3046,建碁,33.15,33.15,32.10,32.20,-0.95,115409,3745929,109
2022-03-31,TWSE,3047,訊舟,12.60,12.60,12.30,12.30,-0.20,777928,9638735,384
2022-03-31,TWSE,3048,益登,36.85,37.00,36.45,36.80,-0.35,1687597,61839782,890
2022-03-31,TWSE,3049,精金,13.95,13.95,13.70,13.70,-0.20,2287385,31511543,1005
2022-03-31,TWSE,3050,鈺德,17.75,18.60,17.75,18.20,0.45,2857152,52090963,1278
2022-03-31,TWSE,3051,力特,26.20,27.20,25.65,25.75,0.80,12755091,335823275,7147
2022-03-31,TWSE,3052,夆典,10.30,10.35,10.25,10.30,-0.05,202663,2088614,112
2022-03-31,TWSE,3054,立萬利,23.80,24.00,23.20,24.00,0.60,265319,6311240,160
2022-03-31,TWSE,3055,蔚華科,28.50,29.00,28.50,28.80,-0.10,30006,865352,69
2022-03-31,TWSE,3056,富華新,34.75,34.75,34.35,34.70,-0.05,722073,24960763,562
2022-03-31,TWSE,3057,喬鼎,13.30,13.30,13.05,13.10,-0.30,107413,1414168,365
2022-03-31,TWSE,3058,立德,14.00,14.15,13.75,13.75,-0.20,317970,4425217,207
2022-03-31,TWSE,3059,華晶科,44.15,44.15,42.80,42.85,-1.15,3984793,171945987,3075
2022-03-31,TWSE,3060,銘異,23.15,23.25,23.00,23.00,-0.05,207493,4795426,243
2022-03-31,TWSE,3062,建漢,28.00,28.10,27.35,27.55,-0.35,7559227,209019610,3823
2022-03-31,TWSE,3090,日電貿,54.80,55.10,54.70,54.80,0.20,368380,20215297,302
2022-03-31,TWSE,3092,鴻碩,68.60,69.20,66.90,68.40,0.20,2963174,201375299,1893
2022-03-31,TWSE,3094,聯傑,34.40,34.40,33.85,33.95,-0.45,378931,12889235,315
2022-03-31,TWSE,3130,一零四,196.50,196.50,193.00,193.00,-3.50,39387,7669869,530
2022-03-31,TWSE,3138,耀登,188.50,188.50,179.00,180.00,-6.50,738704,134424249,1047
2022-03-31,TWSE,3149,正達,27.40,27.90,25.85,27.45,1.95,3660817,98760939,2155
2022-03-31,TWSE,3164,景岳,25.15,25.20,24.95,25.00,-0.15,72912,1826443,43
2022-03-31,TWSE,3167,大量,71.10,71.10,69.00,69.00,-2.30,392303,27437715,361
2022-03-31,TWSE,3189,景碩,198.00,199.00,192.00,194.50,-3.50,7615653,1478990637,14750
2022-03-31,TWSE,3209,全科,38.10,38.30,37.80,37.80,-0.30,1687658,64077752,1050
2022-03-31,TWSE,3229,晟鈦,21.05,21.35,20.70,21.00,-0.55,73505,1549217,58
2022-03-31,TWSE,3231,緯創,29.95,30.10,29.75,29.75,-0.10,12211201,365077253,4118
2022-03-31,TWSE,3257,虹冠電,76.20,76.20,74.60,75.90,0.70,161090,12101133,161
2022-03-31,TWSE,3266,昇陽,13.70,13.75,13.45,13.45,-0.15,66288,899658,28
2022-03-31,TWSE,3296,勝德,16.05,16.05,15.60,15.60,-0.35,222307,3489110,132
2022-03-31,TWSE,3305,昇貿,77.60,78.10,75.40,75.90,-1.80,3127472,238525763,3649
2022-03-31,TWSE,3308,聯德,16.95,16.95,16.30,16.30,-0.50,95650,1582638,102
2022-03-31,TWSE,3311,閎暉,33.65,33.70,33.35,33.35,-0.30,23914,801578,101
2022-03-31,TWSE,3312,弘憶股,24.20,24.20,23.90,23.90,-0.20,1215784,29124455,679
2022-03-31,TWSE,3321,同泰,12.50,12.60,12.40,12.40,-0.10,107587,1340042,123
2022-03-31,TWSE,3338,泰碩,53.30,54.50,52.90,53.90,0.70,1337120,72034366,1001
2022-03-31,TWSE,3346,麗清,36.65,36.65,36.10,36.20,-0.10,206771,7518058,169
2022-03-31,TWSE,3356,奇偶,28.95,29.00,28.85,28.90,0.00,101258,2927804,108
2022-03-31,TWSE,3376,新日興,82.30,83.50,82.30,83.10,0.80,305130,25335312,267
2022-03-31,TWSE,3380,明泰,31.90,31.90,31.20,31.30,-0.50,1200681,37704891,662
2022-03-31,TWSE,3383,新世紀,7.45,7.45,7.13,7.35,0.00,205514,1501197,81
2022-03-31,TWSE,3406,玉晶光,459.00,459.00,448.50,455.50,-6.00,1446233,655974093,1508
2022-03-31,TWSE,3413,京鼎,238.00,238.00,233.50,234.00,-4.00,422841,99097671,468
2022-03-31,TWSE,3416,融程電,79.10,79.10,78.50,78.90,0.00,37446,2945537,45
2022-03-31,TWSE,3419,譁裕,21.25,21.30,20.70,20.70,-0.50,1437226,29980842,802
2022-03-31,TWSE,3432,台端,14.30,14.45,14.25,14.30,0.00,70011,1005055,42
2022-03-31,TWSE,3437,榮創,24.30,24.30,23.85,24.00,-0.20,306855,7378933,251
2022-03-31,TWSE,3443,創意,519.00,524.00,503.00,505.00,-15.00,1025570,522288581,3712
2022-03-31,TWSE,3450,聯鈞,49.35,49.70,49.20,49.35,0.15,236106,11659341,217
2022-03-31,TWSE,3454,晶睿,75.60,76.10,75.40,75.80,-0.30,71554,5419573,60
2022-03-31,TWSE,3481,群創,16.95,17.00,16.80,16.80,-0.20,34660134,583619252,10937
2022-03-31,TWSE,3494,誠研,5.31,5.31,5.26,5.26,-0.05,21808,114793,100
2022-03-31,TWSE,3501,維熹,45.90,46.40,45.65,45.90,0.00,78541,3599361,79
2022-03-31,TWSE,3504,揚明光,80.00,80.00,78.30,78.50,-1.10,425784,33553315,449
2022-03-31,TWSE,3515,華擎,204.50,222.50,204.00,215.00,12.50,5529354,1180629085,4678
2022-03-31,TWSE,3518,柏騰,21.00,21.15,20.95,21.05,-0.10,63272,1329533,110
2022-03-31,TWSE,3528,安馳,52.90,53.20,52.70,52.80,0.00,36433,1928670,37
2022-03-31,TWSE,3530,晶相光,103.00,103.50,101.50,101.50,-1.50,222071,22659645,266
2022-03-31,TWSE,3532,台勝科,291.00,304.00,287.50,289.50,0.50,10922194,3220929459,9002
2022-03-31,TWSE,3533,嘉澤,710.00,711.00,701.00,701.00,-10.00,202710,142948636,252
2022-03-31,TWSE,3535,晶彩科,22.10,23.70,21.90,22.35,0.50,6537233,149331921,2986
2022-03-31,TWSE,3536,誠創,5.57,5.79,5.57,5.57,-0.23,35239,196486,15
2022-03-31,TWSE,3543,州巧,23.70,23.80,23.20,23.20,-0.40,6006,141642,11
2022-03-31,TWSE,3545,敦泰,148.00,148.00,146.00,146.00,-2.00,885830,130080420,1607
2022-03-31,TWSE,3550,聯穎,17.10,17.10,16.90,17.00,-0.05,77275,1308898,96
2022-03-31,TWSE,3557,嘉威,73.80,74.20,73.50,73.80,0.00,60071,4434368,194
2022-03-31,TWSE,3563,牧德,220.00,221.00,216.00,217.00,-2.50,107876,23470199,160
2022-03-31,TWSE,3576,聯合再生,22.95,23.40,22.80,23.00,0.25,14073494,325358029,5565
2022-03-31,TWSE,3583,辛耘,90.30,90.70,89.10,89.30,-1.20,822437,73678194,1468
2022-03-31,TWSE,3588,通嘉,143.00,149.00,141.50,141.50,0.00,4236075,617070870,3442
2022-03-31,TWSE,3591,艾笛森,19.90,19.95,19.75,19.75,-0.05,85278,1690235,766
2022-03-31,TWSE,3592,瑞鼎,510.00,517.00,510.00,510.00,-4.00,203459,104043964,742
2022-03-31,TWSE,3593,力銘,14.60,14.65,14.50,14.60,0.00,47607,695139,266
2022-03-31,TWSE,3596,智易,122.00,122.50,120.50,121.50,0.00,1493514,181477084,1246
2022-03-31,TWSE,3605,宏致,48.50,48.80,46.25,46.65,-3.95,7727189,363661330,5083
2022-03-31,TWSE,3607,谷崧,14.25,14.25,13.90,13.90,-0.25,159345,2233954,135
2022-03-31,TWSE,3617,碩天,70.00,70.00,68.50,69.30,-1.00,98576,6806414,103
2022-03-31,TWSE,3622,洋華,29.40,29.70,28.90,28.90,-0.50,312035,9103675,231
2022-03-31,TWSE,3645,達邁,60.50,61.70,59.20,60.60,0.60,7390143,447681044,3955
2022-03-31,TWSE,3653,健策,414.00,418.00,410.00,410.00,-6.00,458388,189429508,509
2022-03-31,TWSE,3661,世芯-KY,1085.00,1115.00,1085.00,1100.00,10.00,1778585,1947600240,1758
2022-03-31,TWSE,3665,貿聯-KY,308.00,308.00,296.00,296.50,-13.00,2462055,737225908,2305
2022-03-31,TWSE,3669,圓展,58.20,58.20,57.00,57.00,-1.10,294861,16931903,272
2022-03-31,TWSE,3673,TPK-KY,37.50,37.50,37.15,37.15,-0.15,517209,19253755,326
2022-03-31,TWSE,3679,新至陞,88.70,88.80,88.50,88.70,-0.40,27282,2419442,54
2022-03-31,TWSE,3682,亞太電,6.62,6.80,6.62,6.70,0.08,8407919,56382239,1847
2022-03-31,TWSE,3686,達能,17.90,18.25,17.70,17.95,0.25,1359290,24508013,809
2022-03-31,TWSE,3694,海華,22.15,22.15,21.75,21.75,-0.40,91002,1989790,54
2022-03-31,TWSE,3701,大眾控,73.70,74.70,71.70,72.50,-1.20,7048186,516010049,4693
2022-03-31,TWSE,3702,大聯大,56.50,56.50,55.90,56.00,-0.40,2954660,165837933,1291
2022-03-31,TWSE,3702A,大聯大甲特,50.10,50.40,50.10,50.40,0.20,716161,35920146,62
2022-03-31,TWSE,3703,欣陸,25.85,26.60,25.80,26.40,0.55,3771597,99224457,1777
2022-03-31,TWSE,3704,合勤控,30.60,30.65,30.25,30.30,-0.30,870993,26481489,524
2022-03-31,TWSE,3705,永信,42.40,42.40,42.10,42.25,-0.40,639094,27023475,470
2022-03-31,TWSE,3706,神達,29.45,29.85,29.35,29.55,0.00,13883945,410535753,3971
2022-03-31,TWSE,3708,上緯投控,107.00,116.00,106.50,106.50,0.50,10314597,1141738678,8424
2022-03-31,TWSE,3711,日月光投控,104.50,104.50,103.00,103.50,-1.00,7372804,765174838,2813
2022-03-31,TWSE,3712,永崴投控,31.00,31.70,30.70,30.75,-0.05,669048,20777731,425
2022-03-31,TWSE,3714,富采,72.60,72.70,71.20,71.50,-0.70,6118201,440109792,6477
2022-03-31,TWSE,4104,佳醫,65.90,66.30,65.70,66.20,0.50,410436,27095358,359
2022-03-31,TWSE,4106,雃博,27.20,27.40,27.05,27.05,-0.15,152013,4131780,126
2022-03-31,TWSE,4108,懷特,20.35,20.45,20.20,20.30,-0.10,108164,2193637,234
2022-03-31,TWSE,4119,旭富,83.80,83.80,83.10,83.10,-0.70,111429,9283573,136
2022-03-31,TWSE,4133,亞諾法,43.55,45.65,42.85,45.65,4.15,6733880,300317364,4475
2022-03-31,TWSE,4137,麗豐-KY,204.50,204.50,202.50,203.00,-1.50,117306,23917879,128
2022-03-31,TWSE,4141,龍燈-KY,26.00,26.10,26.00,26.00,0.00,544884,14184297,250
2022-03-31,TWSE,4142,國光生,39.90,40.20,39.75,40.00,-0.05,695617,27786793,460
2022-03-31,TWSE,4148,全宇生技-KY,63.30,64.50,62.40,62.40,-0.30,473755,29928970,423
2022-03-31,TWSE,4155,訊映,22.65,23.25,22.65,22.90,0.20,443222,10214199,470
2022-03-31,TWSE,4164,承業醫,46.00,47.35,45.85,47.15,1.55,2331578,108677976,1478
2022-03-31,TWSE,4190,佐登-KY,71.20,71.20,69.90,70.30,-0.70,72000,5068900,63
2022-03-31,TWSE,4306,炎洲,15.60,15.60,15.45,15.45,-0.15,1288618,19986300,926
2022-03-31,TWSE,4414,如興,6.23,6.23,6.10,6.14,-0.06,3174976,19505762,728
2022-03-31,TWSE,4426,利勤,22.50,22.65,22.30,22.45,0.10,117565,2638048,81
2022-03-31,TWSE,4438,廣越,116.00,118.00,115.50,115.50,-2.50,82711,9607007,87
2022-03-31,TWSE,4439,冠星-KY,133.50,135.00,133.50,135.00,0.50,10003,1347403,10
2022-03-31,TWSE,4440,宜新實業,49.00,49.20,48.70,49.15,0.15,211820,10392800,105
2022-03-31,TWSE,4526,東台,16.00,16.00,15.95,15.95,-0.10,143866,2300884,217
2022-03-31,TWSE,4532,瑞智,18.10,18.10,17.95,18.00,-0.05,253760,4566143,177
2022-03-31,TWSE,4536,拓凱,132.00,133.50,132.00,133.00,-0.50,6287,834740,13
2022-03-31,TWSE,4540,全球傳動,45.25,45.35,45.00,45.10,-0.15,49081,2216022,47
2022-03-31,TWSE,4545,銘鈺,32.75,32.75,31.80,31.80,-0.15,131502,4230714,100
2022-03-31,TWSE,4551,智伸科,156.50,156.50,149.50,149.50,-6.50,373001,56516470,485
2022-03-31,TWSE,4552,力達-KY,32.45,32.45,31.50,31.55,-1.10,343221,10946720,223
2022-03-31,TWSE,4555,氣立,57.50,59.10,57.50,57.90,0.40,72414,4217527,65
2022-03-31,TWSE,4557,永新-KY,74.90,75.30,74.80,75.20,0.10,23063,1730634,74
2022-03-31,TWSE,4560,強信-KY,41.50,42.10,41.50,41.90,0.40,75001,3129841,34
2022-03-31,TWSE,4562,穎漢,15.75,15.80,15.65,15.65,-0.15,49701,781443,41
2022-03-31,TWSE,4564,元翎,36.55,36.55,35.70,35.75,-0.50,139931,5042914,139
2022-03-31,TWSE,4566,時碩工業,43.40,43.70,43.40,43.70,0.00,6001,261943,4
2022-03-31,TWSE,4571,鈞興-KY,90.50,92.00,90.20,91.50,1.10,87543,7982081,77
2022-03-31,TWSE,4572,駐龍,98.50,98.60,98.20,98.50,-0.80,11002,1082999,12
2022-03-31,TWSE,4576,大銀微系統,106.50,110.50,105.50,106.50,0.50,247249,26758896,400
2022-03-31,TWSE,4581,光隆精密-KY,35.10,35.10,35.10,35.10,-0.30,3008,105580,6
2022-03-31,TWSE,4720,德淵,15.85,15.95,15.50,15.50,-0.30,460598,7248361,235
2022-03-31,TWSE,4722,國精化,42.25,42.90,41.80,41.85,-0.40,411839,17325881,187
2022-03-31,TWSE,4737,華廣,70.60,71.00,70.00,70.50,-0.40,38014,2685691,26
2022-03-31,TWSE,4739,康普,166.00,166.00,161.00,163.00,-2.50,6967168,1131522700,6400
2022-03-31,TWSE,4746,台耀,57.20,57.20,56.80,56.80,-0.30,173207,9867996,833
2022-03-31,TWSE,4755,三福化,202.50,207.00,193.00,193.00,-6.50,10700807,2142417070,8330
2022-03-31,TWSE,4763,材料*-KY,97.00,97.00,95.00,95.40,-1.10,106828,10195761,85
2022-03-31,TWSE,4764,雙鍵,57.90,58.00,57.30,57.90,0.00,7303,422221,12
2022-03-31,TWSE,4766,南寶,131.50,131.50,130.00,130.50,0.00,79314,10375898,108
2022-03-31,TWSE,4770,上品,250.00,250.50,248.50,249.00,0.00,156656,39053430,163
2022-03-31,TWSE,4807,日成-KY,27.55,27.60,27.40,27.60,0.20,28053,771365,63
2022-03-31,TWSE,4904,遠傳,74.40,74.40,73.40,73.50,-0.20,4333273,319386406,1802
2022-03-31,TWSE,4906,正文,32.85,33.20,32.65,33.00,0.40,11680599,384919447,5492
2022-03-31,TWSE,4912,聯德控股-KY,159.00,165.00,159.00,163.00,2.50,380053,61796942,274
2022-03-31,TWSE,4915,致伸,52.20,52.30,51.70,52.10,0.00,1138032,59068020,868
2022-03-31,TWSE,4916,事欣科,30.00,30.10,29.20,29.25,-0.50,497732,14697306,339
2022-03-31,TWSE,4919,新唐,195.00,198.50,191.00,191.00,0.50,28497029,5556068998,24362
2022-03-31,TWSE,4927,泰鼎-KY,106.50,109.00,104.00,106.00,0.50,6631671,706336903,3843
2022-03-31,TWSE,4930,燦星網,31.90,32.10,30.95,30.95,-1.25,934608,29196948,959
2022-03-31,TWSE,4934,太極,29.70,30.45,29.70,29.70,-0.55,1117604,33439465,950
2022-03-31,TWSE,4935,茂林-KY,69.00,69.00,67.40,67.50,-1.00,138129,9359184,163
2022-03-31,TWSE,4938,和碩,72.50,72.60,72.00,72.40,-0.30,5786637,418336319,3308
2022-03-31,TWSE,4942,嘉彰,47.90,48.10,47.50,47.90,0.00,324310,15499653,220
2022-03-31,TWSE,4943,康控-KY,24.50,26.65,24.30,26.35,1.35,1626055,41736810,1088
2022-03-31,TWSE,4952,凌通,82.20,82.90,79.10,79.10,-2.90,4960887,401999070,4196
2022-03-31,TWSE,4956,光鋐,23.90,23.90,23.50,23.60,-0.15,276142,6517951,188
2022-03-31,TWSE,4958,臻鼎-KY,111.00,111.50,107.50,107.50,-2.00,7445576,807764444,3968
2022-03-31,TWSE,4960,誠美材,12.15,12.15,11.95,11.95,-0.15,8704654,104544511,2280
2022-03-31,TWSE,4961,天鈺,209.50,209.50,205.50,205.50,-3.50,1024636,211677267,1033
2022-03-31,TWSE,4967,十銓,37.00,37.30,36.95,37.10,0.35,1173857,43515684,721
2022-03-31,TWSE,4968,立積,181.00,193.50,181.00,190.00,8.50,2814843,533079512,3547
2022-03-31,TWSE,4976,佳凌,55.20,55.20,53.90,53.90,-1.30,447088,24310274,383
2022-03-31,TWSE,4977,眾達-KY,80.80,81.30,80.80,80.80,0.00,41087,3323676,53
2022-03-31,TWSE,4989,榮科,41.35,41.40,41.00,41.00,-0.75,98935,4076711,101
2022-03-31,TWSE,4994,傳奇,46.70,46.70,44.30,45.10,-0.90,154033,6961215,148
2022-03-31,TWSE,4999,鑫禾,39.40,39.40,39.30,39.35,-0.25,25752,1014458,55
2022-03-31,TWSE,5007,三星,55.00,55.00,55.00,55.00,-0.40,1466,79930,7
2022-03-31,TWSE,5203,訊連,91.30,91.30,90.20,90.20,-0.30,88460,8006113,95
2022-03-31,TWSE,5215,科嘉-KY,63.60,63.90,63.40,63.40,-0.50,83625,5314549,91
2022-03-31,TWSE,5222,全訊,165.00,165.00,161.50,162.00,-2.00,174868,28449947,204
2022-03-31,TWSE,5225,東科-KY,25.20,25.40,24.90,24.90,-0.50,390054,9795285,232
2022-03-31,TWSE,5234,達興材料,117.50,117.50,114.50,114.50,-3.00,222840,25717813,192
2022-03-31,TWSE,5243,乙盛-KY,60.80,60.80,59.70,60.00,-0.70,577896,34734520,492
2022-03-31,TWSE,5244,弘凱,43.50,43.50,42.85,42.95,-0.55,72500,3120835,79
2022-03-31,TWSE,5258,虹堡,39.25,39.30,37.95,38.00,-0.95,1221222,46768630,815
2022-03-31,TWSE,5269,祥碩,2025.00,2025.00,1945.00,1945.00,-55.00,198117,392406635,396
2022-03-31,TWSE,5283,禾聯碩,117.00,117.50,117.00,117.00,-0.50,28999,3398593,68
2022-03-31,TWSE,5284,jpp-KY,44.25,44.40,44.10,44.15,-0.45,19432,859649,23
2022-03-31,TWSE,5285,界霖,105.50,106.00,102.50,104.00,-1.00,2459526,255614242,2403
2022-03-31,TWSE,5288,豐祥-KY,153.50,154.00,153.00,153.00,0.00,31013,4762509,34
2022-03-31,TWSE,5306,桂盟,190.00,190.00,187.00,188.00,-2.00,105941,19979346,186
2022-03-31,TWSE,5388,中磊,80.10,80.20,79.00,79.10,-1.30,2520255,200367722,1888
2022-03-31,TWSE,5434,崇越,168.00,170.00,168.00,170.00,1.50,222004,37637654,210
2022-03-31,TWSE,5469,瀚宇博,42.35,42.50,42.25,42.30,-0.15,694888,29424531,461
2022-03-31,TWSE,5471,松翰,91.00,91.10,89.60,90.00,-1.00,1581403,142388516,1351
2022-03-31,TWSE,5484,慧友,14.70,14.80,14.65,14.65,-0.05,33062,487227,68
2022-03-31,TWSE,5515,建國,14.25,14.25,14.15,14.15,0.00,150410,2134988,95
2022-03-31,TWSE,5519,隆大,24.65,25.15,24.45,25.10,0.60,1872663,46468723,1100
2022-03-31,TWSE,5521,工信,8.28,8.31,8.28,8.29,0.01,422088,3502261,233
2022-03-31,TWSE,5522,遠雄,67.80,68.60,67.20,68.40,0.50,1226938,83636674,917
2022-03-31,TWSE,5525,順天,27.05,27.05,26.95,26.95,-0.10,24268,655186,19
2022-03-31,TWSE,5531,鄉林,11.10,11.25,11.00,11.00,-0.20,682000,7554600,263
2022-03-31,TWSE,5533,皇鼎,19.35,19.55,19.35,19.50,0.05,256105,4987786,107
2022-03-31,TWSE,5534,長虹,73.70,73.70,73.20,73.20,-0.60,182562,13392268,200
2022-03-31,TWSE,5538,東明-KY,57.70,57.70,56.30,56.60,-0.70,176133,9990920,133
2022-03-31,TWSE,5546,永固-KY,60.00,60.50,59.90,60.00,0.00,22200,1333100,22
2022-03-31,TWSE,5607,遠雄港,59.20,59.80,57.20,57.20,-1.90,768067,44426450,537
2022-03-31,TWSE,5608,四維航,44.20,44.40,43.30,43.45,-0.55,3362310,146758268,2281
2022-03-31,TWSE,5706,鳳凰,67.30,70.30,66.50,66.70,-0.30,14236775,969394959,8798
2022-03-31,TWSE,5871,中租-KY,257.00,257.50,252.00,253.50,-0.50,2955153,752025741,1800
2022-03-31,TWSE,5871A,中租-KY甲特,101.50,102.00,101.50,101.50,0.00,151907,15419543,67
2022-03-31,TWSE,5876,上海商銀,50.30,50.50,50.10,50.20,-0.10,4167184,209794933,2169
2022-03-31,TWSE,5880,合庫金,28.95,29.70,28.90,29.55,0.60,23568289,693512608,8091
2022-03-31,TWSE,5906,台南-KY,37.60,37.60,37.00,37.30,-0.35,11200,416220,10
2022-03-31,TWSE,5907,大洋-KY,17.10,17.10,16.80,16.80,-0.30,66198,1125520,38
2022-03-31,TWSE,6005,群益證,16.50,16.55,16.45,16.45,0.00,2639875,43544972,758
2022-03-31,TWSE,6024,群益期,37.35,37.45,37.30,37.35,0.00,130796,4888946,176
2022-03-31,TWSE,6108,競國,20.35,20.45,20.20,20.45,0.10,355439,7226305,289
2022-03-31,TWSE,6112,邁達特,39.40,39.60,39.35,39.50,0.10,150039,5917579,131
2022-03-31,TWSE,6115,鎰勝,43.30,43.75,43.30,43.45,0.20,205126,8919114,149
2022-03-31,TWSE,6116,彩晶,15.60,15.60,15.35,15.45,-0.15,11302371,174583340,5239
2022-03-31,TWSE,6117,迎廣,16.15,17.50,16.15,16.45,0.50,668682,11397688,400
2022-03-31,TWSE,6120,達運,12.25,12.30,12.05,12.10,-0.15,2244038,27259059,968
2022-03-31,TWSE,6128,上福,29.20,29.40,28.90,29.10,-0.10,116404,3399503,81
2022-03-31,TWSE,6133,金橋,9.81,9.81,9.60,9.70,-0.06,130503,1261896,66
2022-03-31,TWSE,6136,富爾特,19.20,19.25,19.05,19.10,-0.10,116392,2229260,282
2022-03-31,TWSE,6139,亞翔,32.00,32.55,31.90,31.90,-0.10,1702437,54906742,708
2022-03-31,TWSE,6141,柏承,27.50,27.60,27.35,27.35,0.15,45703,1254071,42
2022-03-31,TWSE,6142,友勁,10.20,10.35,10.00,10.05,-0.10,728767,7386502,292
2022-03-31,TWSE,6152,百一,10.10,10.10,9.93,9.93,-0.07,143212,1427208,113
2022-03-31,TWSE,6153,嘉聯益,23.45,23.60,23.20,23.25,-0.20,626717,14636315,443
2022-03-31,TWSE,6155,鈞寶,24.60,24.90,24.55,24.80,0.00,93301,2309862,61
2022-03-31,TWSE,6164,華興,13.20,13.20,13.00,13.00,-0.20,205778,2693213,223
2022-03-31,TWSE,6165,浪凡,32.00,32.70,31.50,32.40,-2.25,1179721,37881024,709
2022-03-31,TWSE,6166,凌華,59.30,59.50,57.50,59.00,0.30,35813,2101128,47
2022-03-31,TWSE,6168,宏齊,24.55,24.70,24.30,24.30,-0.15,281955,6883820,247
2022-03-31,TWSE,6176,瑞儀,104.00,104.50,103.50,103.50,-0.50,814407,84633102,1022
2022-03-31,TWSE,6177,達麗,31.45,31.50,31.30,31.50,0.05,305805,9603476,211
2022-03-31,TWSE,6183,關貿,53.30,53.50,53.10,53.10,-0.20,52127,2779727,72
2022-03-31,TWSE,6184,大豐電,47.20,47.25,47.15,47.25,-0.30,18175,857964,23
2022-03-31,TWSE,6189,豐藝,46.05,46.05,45.55,45.80,-0.20,430526,19731982,397
2022-03-31,TWSE,6191,精成科,34.50,34.50,34.05,34.10,-0.45,1388834,47459757,1063
2022-03-31,TWSE,6192,巨路,74.60,75.50,74.60,74.80,0.30,149978,11264712,160
2022-03-31,TWSE,6196,帆宣,157.50,157.50,154.00,155.00,-3.00,410317,63840884,445
2022-03-31,TWSE,6197,佳必琪,44.00,44.00,42.80,43.05,-0.45,475982,20513670,341
2022-03-31,TWSE,6201,亞弘電,44.50,44.50,44.35,44.35,-0.20,14047,624423,16
2022-03-31,TWSE,6202,盛群,121.00,121.50,119.00,119.50,-1.00,2960445,355556239,2269
2022-03-31,TWSE,6205,詮欣,84.00,84.30,83.10,83.20,-0.80,860079,71801880,607
2022-03-31,TWSE,6206,飛捷,73.40,73.80,72.60,73.60,0.10,74143,5440318,69
2022-03-31,TWSE,6209,今國光,30.50,30.90,29.90,30.00,-0.50,278914,8444874,426
2022-03-31,TWSE,6213,聯茂,121.00,121.50,120.00,120.00,-1.00,598691,72140841,506
2022-03-31,TWSE,6214,精誠,81.60,81.60,80.90,80.90,-0.70,118938,9658562,137
2022-03-31,TWSE,6215,和椿,27.30,27.30,27.05,27.10,-0.15,145346,3939598,137
2022-03-31,TWSE,6216,居易,27.70,28.05,27.65,27.80,0.10,276231,7714496,146
2022-03-31,TWSE,6224,聚鼎,105.00,106.00,104.00,104.00,-1.50,207305,21723159,230
2022-03-31,TWSE,6225,天瀚,10.05,10.45,9.99,9.99,-1.06,150795,1519130,73
2022-03-31,TWSE,6226,光鼎,13.65,13.65,13.45,13.45,-0.20,452198,6114488,279
2022-03-31,TWSE,6230,尼得科超眾,126.00,126.00,125.00,125.00,-1.00,5141,643731,15
2022-03-31,TWSE,6235,華孚,39.40,40.15,38.30,39.00,0.00,19643638,772647385,9920
2022-03-31,TWSE,6239,力成,95.20,95.70,95.00,95.00,-0.30,2478305,236003396,1371
2022-03-31,TWSE,6243,迅杰,51.80,55.60,51.80,53.90,2.90,6899653,372216366,5198
2022-03-31,TWSE,6251,定穎,25.25,25.30,24.70,24.90,-0.15,7575744,189668935,3697
2022-03-31,TWSE,6257,矽格,59.70,60.00,59.30,59.60,-0.30,1972037,117602196,1316
2022-03-31,TWSE,6269,台郡,101.50,102.00,100.50,101.50,0.50,1523447,154442391,903
2022-03-31,TWSE,6271,同欣電,293.00,295.50,289.50,290.00,-3.50,1448726,423140248,3495
2022-03-31,TWSE,6277,宏正,81.70,82.00,81.70,82.00,0.10,39700,3251648,43
2022-03-31,TWSE,6278,台表科,120.00,120.00,118.00,118.00,-3.00,4178250,496339559,2757
2022-03-31,TWSE,6281,全國電,85.30,85.30,85.20,85.20,-0.20,11218,956086,22
2022-03-31,TWSE,6282,康舒,36.20,36.30,35.25,35.50,-0.45,9473302,339713970,5278
2022-03-31,TWSE,6283,淳安,39.10,39.10,38.35,38.40,-0.70,138330,5335457,161
2022-03-31,TWSE,6285,啟碁,71.80,72.10,71.30,71.60,-0.20,368991,26438603,324
2022-03-31,TWSE,6288,聯嘉,26.70,26.70,26.20,26.25,-0.40,276249,7273516,334
2022-03-31,TWSE,6289,華上,3.12,3.32,3.12,3.31,0.09,61591,201540,42
2022-03-31,TWSE,6405,悅城,27.30,27.35,27.00,27.00,0.00,38000,1031450,27
2022-03-31,TWSE,6409,旭隼,1415.00,1480.00,1415.00,1460.00,45.00,182719,266249920,293
2022-03-31,TWSE,6412,群電,83.60,83.80,82.40,82.80,-1.20,918712,76191536,614
2022-03-31,TWSE,6414,樺漢,202.50,202.50,200.50,202.00,-0.50,249260,50242157,273
2022-03-31,TWSE,6415,矽力*-KY,3520.00,3600.00,3420.00,3430.00,-10.00,562511,1968591725,1006
2022-03-31,TWSE,6416,瑞祺電通,93.50,93.50,91.70,91.90,-0.20,46211,4260683,78
2022-03-31,TWSE,6426,統新,69.20,70.00,69.10,69.50,-0.70,12585,876424,35
2022-03-31,TWSE,6431,光麗-KY,32.25,32.25,31.60,31.95,-0.25,109001,3489532,71
2022-03-31,TWSE,6438,迅得,125.50,126.00,122.00,122.00,-2.50,738281,90696986,738
2022-03-31,TWSE,6442,光聖,36.20,36.50,36.20,36.25,-0.25,8000,290300,8
2022-03-31,TWSE,6443,元晶,40.50,41.45,40.35,40.45,0.30,31132489,1274375743,15228
2022-03-31,TWSE,6449,鈺邦,56.20,56.50,55.80,55.80,-0.80,41090,2302630,75
2022-03-31,TWSE,6451,訊芯-KY,85.50,85.70,84.80,84.80,-1.20,79550,6778971,91
2022-03-31,TWSE,6456,GIS-KY,97.00,97.00,95.70,95.90,-1.10,798667,76933576,682
2022-03-31,TWSE,6464,台數科,89.80,89.80,88.90,88.90,-0.90,4902,438298,7
2022-03-31,TWSE,6477,安集,60.70,62.80,60.60,61.50,1.00,12769683,788704258,8143
2022-03-31,TWSE,6491,晶碩,517.00,517.00,501.00,506.00,-11.00,309909,157006975,441
2022-03-31,TWSE,6504,南六,100.00,100.00,99.10,99.40,-0.60,58489,5816636,70
2022-03-31,TWSE,6505,台塑化,95.50,95.70,94.30,94.30,-0.80,3026399,287032826,1570
2022-03-31,TWSE,6515,穎崴,464.50,464.50,444.50,445.00,-18.00,494536,223131109,535
2022-03-31,TWSE,6525,捷敏-KY,94.00,94.00,90.80,90.80,-5.00,2016759,184661680,2007
2022-03-31,TWSE,6531,愛普*,320.00,323.00,315.00,315.00,-7.50,1570229,497746985,1495
2022-03-31,TWSE,6533,晶心科,414.00,414.00,405.00,405.00,-9.00,349815,142438015,512
2022-03-31,TWSE,6541,泰福-KY,56.20,56.80,55.30,55.40,-1.10,639783,35667447,545
2022-03-31,TWSE,6552,易華電,51.80,51.90,51.40,51.80,-0.10,38815,2005285,40
2022-03-31,TWSE,6558,興能高,29.05,29.05,28.50,28.65,-0.60,108673,3120582,96
2022-03-31,TWSE,6573,虹揚-KY,19.50,20.30,19.15,19.25,0.50,2294399,45296007,1449
2022-03-31,TWSE,6579,研揚,75.00,78.50,74.90,77.30,2.40,254029,19448547,194
2022-03-31,TWSE,6581,鋼聯,84.40,84.90,84.40,84.40,0.00,68123,5769649,66
2022-03-31,TWSE,6582,申豐,132.50,132.50,130.50,130.50,-2.00,145553,19061153,230
2022-03-31,TWSE,6591,動力-KY,63.00,63.00,60.80,60.80,-2.10,533548,32893515,516
2022-03-31,TWSE,6592,和潤企業,120.00,121.00,118.50,118.50,-1.00,819012,98034429,556
2022-03-31,TWSE,6598,ABC-KY,34.90,36.90,34.70,36.50,2.00,1849072,66233155,1345
2022-03-31,TWSE,6605,帝寶,59.70,59.80,59.30,59.80,0.10,101554,6052541,85
2022-03-31,TWSE,6625,必應,29.00,29.00,28.50,28.85,-0.15,27506,790204,29
2022-03-31,TWSE,6641,基士德-KY,64.10,64.30,64.00,64.00,-0.80,19557,1252702,29
2022-03-31,TWSE,6655,科定,93.50,94.00,93.50,93.70,-0.20,11279,1057117,21
2022-03-31,TWSE,6666,羅麗芬-KY,61.30,61.30,60.30,60.30,-0.40,4618,279950,9
2022-03-31,TWSE,6668,中揚光,47.75,48.30,47.25,47.25,-0.55,66811,3183502,70
2022-03-31,TWSE,6669,緯穎,1010.00,1020.00,985.00,1020.00,15.00,875870,861080472,815
2022-03-31,TWSE,6670,復盛應用,204.50,204.50,203.00,203.00,-4.00,110722,22548427,116
2022-03-31,TWSE,6671,三能-KY,48.20,48.60,48.20,48.60,-0.10,3047,147653,4
2022-03-31,TWSE,6672,騰輝電子-KY,113.50,114.50,112.00,112.00,-2.00,198536,22444709,205
2022-03-31,TWSE,6674,鋐寶科技,30.25,30.25,30.25,30.25,0.35,1060,32042,4
2022-03-31,TWSE,6691,洋基工程,196.00,196.50,194.00,195.50,-0.50,50070,9807585,74
2022-03-31,TWSE,6698,旭暉應材,45.30,45.30,44.50,44.50,-0.60,126236,5639612,148
2022-03-31,TWSE,6706,惠特,195.50,197.00,194.00,194.50,-1.00,796145,155482575,2131
2022-03-31,TWSE,6715,嘉基,102.50,103.00,102.00,102.50,-0.50,20050,2057624,21
2022-03-31,TWSE,6719,力智,642.00,647.00,631.00,635.00,-4.00,543614,346429923,766
2022-03-31,TWSE,6743,安普新,67.30,67.30,66.30,66.30,-0.50,124543,8281032,113
2022-03-31,TWSE,6754,匯僑設計,45.95,46.00,45.25,45.65,-0.10,86225,3936167,73
2022-03-31,TWSE,6756,威鋒電子,438.00,438.00,426.00,426.00,-7.00,187758,80505901,261
2022-03-31,TWSE,6768,志強-KY,69.70,69.70,69.40,69.50,0.00,51288,3566063,40
2022-03-31,TWSE,6770,力積電,53.40,53.60,52.80,53.00,-0.70,9703660,514910965,5486
2022-03-31,TWSE,6776,展碁國際,43.00,43.00,42.70,42.95,-0.05,51207,2193516,35
2022-03-31,TWSE,6781,AES-KY,1285.00,1320.00,1250.00,1270.00,-10.00,652214,834736500,799
2022-03-31,TWSE,6790,永豐實,48.60,48.65,48.45,48.45,-0.35,82694,4013656,108
2022-03-31,TWSE,6792,詠業,133.50,133.50,129.50,130.00,-2.00,164281,21361591,193
2022-03-31,TWSE,6806,森崴能源,99.10,101.50,99.00,99.00,-0.20,240484,24016423,259
2022-03-31,TWSE,8011,台通,17.60,17.65,17.35,17.40,-0.20,448250,7827453,262
2022-03-31,TWSE,8016,矽創,292.50,293.50,290.50,290.50,-2.00,1114305,325207680,1150
2022-03-31,TWSE,8021,尖點,37.20,37.20,36.40,36.60,-0.50,680438,24885012,698
2022-03-31,TWSE,8028,昇陽半導體,59.70,60.20,58.30,58.90,-0.90,4907315,290018550,3692
2022-03-31,TWSE,8033,雷虎,17.95,18.00,17.30,17.30,-0.65,1517293,26957398,849
2022-03-31,TWSE,8039,台虹,45.25,45.35,45.05,45.10,-0.25,112708,5088863,126
2022-03-31,TWSE,8046,南電,530.00,534.00,522.00,524.00,-13.00,3236241,1703947239,5156
2022-03-31,TWSE,8070,長華*,37.55,37.55,37.00,37.20,-0.05,638261,23707031,365
2022-03-31,TWSE,8072,陞泰,24.30,24.30,24.15,24.25,0.05,15240,369477,95
2022-03-31,TWSE,8081,致新,238.50,239.00,238.00,238.00,-1.50,181162,43169641,745
2022-03-31,TWSE,8101,華冠,2.55,2.56,2.55,2.56,0.02,205283,525281,59
2022-03-31,TWSE,8103,瀚荃,46.25,46.25,45.60,45.65,-0.60,338853,15538422,284
2022-03-31,TWSE,8104,錸寶,65.70,65.70,63.40,63.50,-1.50,653789,41837717,733
2022-03-31,TWSE,8105,凌巨,12.50,12.55,12.30,12.45,0.05,475120,5916140,187
2022-03-31,TWSE,8110,華東,17.00,17.00,16.70,16.70,-0.20,865902,14527534,431
2022-03-31,TWSE,8112,至上,52.70,52.70,52.00,52.00,-0.40,3309980,172797679,1639
2022-03-31,TWSE,8112A,至上甲特,41.80,42.15,41.65,41.95,0.30,193517,8108748,98
2022-03-31,TWSE,8114,振樺電,102.50,103.00,100.50,101.00,-1.50,80525,8185523,93
2022-03-31,TWSE,8131,福懋科,41.40,41.75,41.00,41.00,-0.35,428199,17729061,258
2022-03-31,TWSE,8150,南茂,51.70,51.70,51.20,51.40,-0.30,2384010,122523696,1546
2022-03-31,TWSE,8163,達方,50.20,50.20,49.45,49.70,-0.50,2094792,104252236,1533
2022-03-31,TWSE,8201,無敵,14.50,14.50,14.05,14.05,-0.10,287031,4103888,153
2022-03-31,TWSE,8210,勤誠,71.20,71.60,71.20,71.40,-0.40,129982,9291528,142
2022-03-31,TWSE,8213,志超,50.80,51.00,50.50,50.80,0.00,631342,32036147,469
2022-03-31,TWSE,8215,明基材,36.50,36.90,36.50,36.50,-0.20,1585247,58033712,1233
2022-03-31,TWSE,8222,寶一,14.20,14.25,14.05,14.10,-0.10,57343,810260,183
2022-03-31,TWSE,8249,菱光,22.65,22.85,22.55,22.60,-0.10,52696,1194228,112
2022-03-31,TWSE,8261,富鼎,115.00,115.00,111.00,111.00,-3.00,2031977,229282786,2173
2022-03-31,TWSE,8271,宇瞻,44.90,45.15,44.65,44.80,0.00,1961294,87996355,919
2022-03-31,TWSE,8341,日友,203.00,206.00,203.00,205.50,2.50,161092,32967623,258
2022-03-31,TWSE,8367,建新國際,49.25,49.45,48.80,49.20,-0.05,44821,2201576,59
2022-03-31,TWSE,8374,羅昇,30.15,30.20,30.10,30.10,-0.20,18022,542810,20
2022-03-31,TWSE,8404,百和興業-KY,36.85,36.85,36.60,36.65,-0.15,112001,4115686,64
2022-03-31,TWSE,8411,福貞-KY,18.05,18.05,17.95,18.00,0.05,79074,1422139,65
2022-03-31,TWSE,8422,可寧衛*,199.50,201.50,199.00,199.00,0.00,132986,26558524,193
2022-03-31,TWSE,8429,金麗-KY,11.45,11.45,11.25,11.25,-0.20,177862,2020957,322
2022-03-31,TWSE,8438,昶昕,39.00,39.05,38.65,39.00,0.10,75460,2935475,58
2022-03-31,TWSE,8442,威宏-KY,49.70,49.70,49.05,49.40,-0.30,13000,640150,7
2022-03-31,TWSE,8443,阿瘦,11.60,11.60,11.55,11.60,-0.05,25384,294099,180
2022-03-31,TWSE,8454,富邦媒,979.00,987.00,934.00,941.00,-23.00,467415,444990491,1284
2022-03-31,TWSE,8462,柏文,134.00,134.00,131.00,131.50,-2.50,33846,4466636,66
2022-03-31,TWSE,8463,潤泰材,29.40,29.40,29.10,29.25,0.00,18100,531324,16
2022-03-31,TWSE,8464,億豐,341.50,346.00,336.50,336.50,-5.00,580589,198073309,541
2022-03-31,TWSE,8466,美吉吉-KY,49.85,49.85,49.75,49.80,0.10,9000,448200,5
2022-03-31,TWSE,8467,波力-KY,,,,,0.00,0,0,0
2022-03-31,TWSE,8473,山林水,32.80,32.80,32.55,32.55,-0.25,30671,1001315,46
2022-03-31,TWSE,8478,東哥遊艇,148.00,148.00,143.00,143.50,-5.00,305584,44364451,261
2022-03-31,TWSE,8480,泰昇-KY,69.70,69.90,69.70,69.80,-0.10,5050,352693,7
2022-03-31,TWSE,8481,政伸,64.60,65.80,64.20,65.60,1.60,109488,7142594,90
2022-03-31,TWSE,8482,商億-KY,76.20,76.30,75.60,75.60,-0.60,17000,1289700,15
2022-03-31,TWSE,8488,吉源-KY,17.95,18.30,17.95,18.05,0.10,33000,597050,23
2022-03-31,TWSE,8499,鼎炫-KY,126.50,127.00,125.50,125.50,-2.00,25083,3160701,49
2022-03-31,TWSE,8926,台汽電,38.90,39.10,38.50,38.50,-0.45,1053392,40798252,750
2022-03-31,TWSE,8940,新天地,13.50,13.55,13.35,13.55,-0.15,30174,407290,81
2022-03-31,TWSE,8996,高力,69.90,71.50,67.90,67.90,-0.30,3862845,267994666,2308
2022-03-31,TWSE,9103,美德醫療-DR,10.60,11.00,10.60,10.95,-0.05,319896,3485274,167
2022-03-31,TWSE,910322,康師傅-DR,23.70,23.85,23.65,23.65,0.20,31020,736814,24
2022-03-31,TWSE,9105,泰金寶-DR,4.59,4.64,4.51,4.51,-0.06,5466062,25019998,1312
2022-03-31,TWSE,910861,神州-DR,6.57,7.05,6.46,6.78,0.29,1531500,10419222,274
2022-03-31,TWSE,9110,越南控-DR,2.97,2.98,2.94,2.98,0.02,43001,127632,21
2022-03-31,TWSE,911608,明輝-DR,3.25,3.25,3.21,3.25,0.00,29000,93690,9
2022-03-31,TWSE,911622,泰聚亨-DR,6.13,6.14,6.13,6.14,0.01,61000,374010,18
2022-03-31,TWSE,911868,同方友友-DR,1.22,1.23,1.22,1.22,-0.01,148000,180810,35
2022-03-31,TWSE,912000,晨訊科-DR,2.59,2.59,2.56,2.57,-0.01,295002,758725,79
2022-03-31,TWSE,9136,巨騰-DR,6.09,6.09,6.02,6.03,-0.01,226000,1364580,60
2022-03-31,TWSE,9802,鈺齊-KY,120.50,124.50,119.00,123.50,4.00,3391773,416477954,1820
2022-03-31,TWSE,9902,台火,12.45,12.50,12.35,12.35,-0.15,68575,850278,152
2022-03-31,TWSE,9904,寶成,31.60,31.90,31.40,31.55,0.05,4794954,151903015,1795
2022-03-31,TWSE,9905,大華,27.00,27.05,26.85,27.05,0.05,86083,2322734,60
2022-03-31,TWSE,9906,欣巴巴,55.80,55.80,54.60,54.80,-0.60,25422,1395595,29
2022-03-31,TWSE,9907,統一實,17.90,18.30,17.85,18.05,0.35,10240635,185758122,3032
2022-03-31,TWSE,9908,大台北,33.50,33.50,33.40,33.50,0.00,88210,2949735,101
2022-03-31,TWSE,9910,豐泰,188.50,193.50,188.00,191.50,2.00,2849016,540315773,909
2022-03-31,TWSE,9911,櫻花,66.00,66.30,65.80,66.30,0.50,191088,12635806,236
2022-03-31,TWSE,9912,偉聯,9.30,9.30,9.29,9.29,0.00,5784,53672,96
2022-03-31,TWSE,9914,美利達,243.00,256.00,243.00,253.00,6.00,1404633,354250097,1622
2022-03-31,TWSE,9917,中保科,109.00,110.00,108.50,109.00,-0.50,239070,26162737,325
2022-03-31,TWSE,9918,欣天然,42.85,42.85,42.45,42.75,-0.10,11011,468872,14
2022-03-31,TWSE,9919,康那香,25.00,26.45,24.75,26.00,1.25,14093669,361682276,7707
2022-03-31,TWSE,9921,巨大,261.00,266.50,258.00,260.50,-2.50,1818331,476402785,1364
2022-03-31,TWSE,9924,福興,43.40,43.80,42.85,43.70,0.35,319403,13842326,237
2022-03-31,TWSE,9925,新保,39.90,39.95,39.85,39.90,0.00,172870,6895210,141
2022-03-31,TWSE,9926,新海,51.00,51.00,50.60,50.70,-0.30,9166,465865,16
2022-03-31,TWSE,9927,泰銘,46.10,46.25,45.70,46.20,0.10,542316,24979289,417
2022-03-31,TWSE,9929,秋雨,9.07,9.08,9.07,9.07,0.02,10006,90764,13
2022-03-31,TWSE,9930,中聯資源,47.80,47.80,47.60,47.70,-0.10,56827,2712897,56
2022-03-31,TWSE,9931,欣高,39.90,40.05,39.90,40.05,0.15,7082,283338,14
2022-03-31,TWSE,9933,中鼎,46.50,46.50,46.10,46.35,0.10,1329046,61572772,998
2022-03-31,TWSE,9934,成霖,13.10,13.15,13.05,13.10,0.00,219385,2873164,106
2022-03-31,TWSE,9935,慶豐富,17.35,17.90,17.35,17.75,0.40,318060,5610114,282
2022-03-31,TWSE,9937,全國,49.25,49.25,49.25,49.25,-0.05,5742,282747,37
2022-03-31,TWSE,9938,百和,71.40,72.50,71.30,71.90,0.00,666009,47922311,566
2022-03-31,TWSE,9939,宏全,79.00,79.30,78.70,78.80,-0.20,664226,52418257,542
2022-03-31,TWSE,9940,信義,36.90,36.95,36.80,36.95,0.10,263037,9702028,224
2022-03-31,TWSE,9941,裕融,225.50,231.00,224.00,227.00,2.00,652068,148290195,764
2022-03-31,TWSE,9941A,裕融甲特,51.20,51.30,51.20,51.30,0.10,17112,876212,10
2022-03-31,TWSE,9942,茂順,89.20,89.30,89.00,89.10,-0.40,39675,3534504,48
2022-03-31,TWSE,9943,好樂迪,58.10,58.30,57.70,57.90,-1.00,124790,7240908,173
2022-03-31,TWSE,9944,新麗,20.90,21.10,20.90,21.00,-0.05,302222,6333687,146
2022-03-31,TWSE,9945,潤泰新,79.00,79.70,78.20,79.30,0.20,5675957,449198063,4378
2022-03-31,TWSE,9946,三發地產,13.55,13.70,13.25,13.40,-0.15,166723,2236723,131
2022-03-31,TWSE,9955,佳龍,32.15,33.80,31.05,31.35,0.20,7946550,257242597,4557
2022-03-31,TWSE,9958,世紀鋼,112.50,116.00,111.00,111.00,-1.50,5214084,590349313,4645
2022-03-31,TPEx,006201,元大富櫃50,21.33,21.33,21.20,21.20,-0.14,15255,324622,13
2022-03-31,TPEx,00679B,元大美債20年,38.06,38.14,37.95,38.00,+0.01,1116832,42492709,486
2022-03-31,TPEx,00687B,國泰20年美債,39.77,39.90,39.77,39.81,+0.03,78552,3127399,16
2022-03-31,TPEx,00694B,富邦美債1-3,36.82,36.93,36.82,36.93,+0.11,104392,3854837,18
2022-03-31,TPEx,00695B,富邦美債7-10,35.27,35.27,35.27,35.27,+0.12,110000,3879700,3
2022-03-31,TPEx,00696B,富邦美債20年,39.72,39.79,39.72,39.74,+0.02,456421,18154038,63
2022-03-31,TPEx,00697B,元大美債7-10,37.23,37.25,37.17,37.18,+0.06,186486,6940611,15
2022-03-31,TPEx,00718B,富邦中國政策債,20.49,20.49,20.46,20.46,+0.06,181661,3718245,8
2022-03-31,TPEx,00719B,元大美債1-3,29.81,29.85,29.81,29.83,+0.02,112046,3343792,5
2022-03-31,TPEx,00720B,元大投資級公司債,39.44,39.46,39.42,39.46,+0.02,167301,6599323,22
2022-03-31,TPEx,00721B,元大中國債3-5,46.93,46.93,46.93,46.93,+0.21,102000,4786860,4
2022-03-31,TPEx,00722B,群益15年IG電信債,42.83,42.85,42.80,42.80,-0.05,130127,5575337,24
2022-03-31,TPEx,00723B,群益15年IG科技債,38.00,38.00,37.99,37.99,-0.05,101000,3837990,11
2022-03-31,TPEx,00724B,群益10年IG金融債,37.68,37.80,37.68,37.76,-0.03,121599,4594599,33
2022-03-31,TPEx,00725B,國泰投資級公司債,39.85,40.02,39.85,39.91,+0.13,247628,9892890,38
2022-03-31,TPEx,00726B,國泰5Y+新興債,35.88,35.88,35.84,35.84,+0.01,112131,4022924,10
2022-03-31,TPEx,00727B,國泰1-5Y高收債,37.37,37.45,37.37,37.42,+0.09,154504,5782810,19
2022-03-31,TPEx,00734B,台新JPM新興債,16.79,16.98,16.79,16.98,+0.19,1000000,16979690,16
2022-03-31,TPEx,00740B,富邦全球投等債,42.89,43.20,42.89,43.15,+0.11,106398,4589955,11
2022-03-31,TPEx,00741B,富邦全球高收債,36.62,36.68,36.43,36.63,-0.05,103860,3804049,13
2022-03-31,TPEx,00744B,國泰中國政金債5+,44.09,44.12,44.09,44.12,+0.15,104020,4589249,6
2022-03-31,TPEx,00745B,富邦中政債0-1,42.56,42.56,42.56,42.56,+0.12,118000,5022080,17
2022-03-31,TPEx,00746B,富邦A級公司債,40.24,40.37,40.24,40.37,+0.25,101417,4093507,6
2022-03-31,TPEx,00747B,FH中國政策債,54.40,54.40,54.40,54.40,+0.10,100000,5440000,2
2022-03-31,TPEx,00748B,凱基中國債3-10,43.02,43.02,43.02,43.02,+0.02,100000,4302000,2
2022-03-31,TPEx,00749B,凱基新興債10+,35.26,35.28,35.26,35.28,-0.07,107000,3772910,8
2022-03-31,TPEx,00750B,凱基科技債10+,38.93,38.93,38.93,38.93,+0.05,100000,3893000,4
2022-03-31,TPEx,00751B,元大AAA至A公司債,40.13,40.20,40.13,40.15,+0.02,324267,13016098,56
2022-03-31,TPEx,00754B,群益AAA-AA公司債,41.89,41.96,41.89,41.96,-0.14,101000,4237890,11
2022-03-31,TPEx,00755B,群益15年IG公用債,39.11,39.11,39.11,39.11,-0.04,104043,4069160,10
2022-03-31,TPEx,00756B,群益15年EM主權債,36.52,36.59,36.51,36.51,+0.11,116060,4237560,13
2022-03-31,TPEx,00758B,FH能源債,57.10,57.20,57.10,57.20,+0.20,102000,5834200,4
2022-03-31,TPEx,00759B,FH製藥債,63.20,63.20,63.20,63.20,+0.25,100000,6320000,2
2022-03-31,TPEx,00760B,FH新興企業債,57.50,57.50,57.50,57.50,+0.10,106724,6136724,6
2022-03-31,TPEx,00761B,國泰A級公司債,41.71,41.80,41.71,41.80,+0.09,101000,4221710,3
2022-03-31,TPEx,00764B,群益25年美債,40.08,40.08,40.08,40.08,+0.02,101000,4048080,3
2022-03-31,TPEx,00765B,群益中國政金債,41.26,41.26,41.26,41.26,+0.14,100000,4126000,2
2022-03-31,TPEx,00768B,FH20年美債,64.75,64.75,64.75,64.75,-0.05,100230,6489914,4
2022-03-31,TPEx,00772B,中信高評級公司債,39.73,39.81,39.73,39.74,+0.01,724235,28823836,92
2022-03-31,TPEx,00773B,中信優先金融債,40.51,40.57,40.44,40.44,-0.07,667120,27046960,47
2022-03-31,TPEx,00777B,凱基AAA至A公司債,39.42,39.42,39.42,39.42,+0.02,102000,4020840,6
2022-03-31,TPEx,00778B,凱基金融債20+,40.17,40.17,40.17,40.17,0.00,100000,4017000,4
2022-03-31,TPEx,00779B,凱基美債25+,40.10,40.10,40.10,40.10,+0.05,100000,4010000,2
2022-03-31,TPEx,00780B,國泰A級金融債,37.61,37.61,37.61,37.61,+0.03,100000,3761000,2
2022-03-31,TPEx,00781B,國泰A級科技債,38.17,38.28,38.17,38.28,+0.08,102000,3904380,4
2022-03-31,TPEx,00782B,國泰A級公用債,37.61,37.63,37.60,37.63,+0.23,111079,4179556,9
2022-03-31,TPEx,00784B,富邦中國投等債,35.77,35.79,35.77,35.79,+0.20,100000,3578000,4
2022-03-31,TPEx,00785B,富邦金融投等債,38.66,38.66,38.66,38.66,+0.29,100000,3866000,4
2022-03-31,TPEx,00786B,元大10年IG銀行債,37.50,37.50,37.50,37.50,+0.20,100000,3750000,2
2022-03-31,TPEx,00787B,元大10年IG醫療債,38.50,38.62,38.50,38.62,+0.03,178000,6873610,8
2022-03-31,TPEx,00788B,元大10年IG電能債,36.42,36.42,36.42,36.42,+0.22,150000,5463000,3
2022-03-31,TPEx,00789B,FH公司債A3,59.40,59.40,59.40,59.40,0.00,100000,5940000,2
2022-03-31,TPEx,00790B,FH次順位IG金融債,57.60,57.60,57.60,57.60,-0.05,100000,5760000,2
2022-03-31,TPEx,00791B,FH美元信用債1-5Y,51.25,51.25,51.25,51.25,-0.05,100000,5125000,4
2022-03-31,TPEx,00792B,群益A級公司債,38.27,38.27,38.27,38.27,-0.03,102000,3903540,6
2022-03-31,TPEx,00793B,群益AAA-A醫療債,37.35,37.76,37.35,37.76,+0.31,109318,4117864,15
2022-03-31,TPEx,00794B,群益7+中國政金債,41.71,41.71,41.71,41.71,+0.18,100000,4171000,4
2022-03-31,TPEx,00795B,中信美國公債20年,38.21,38.33,38.21,38.23,+0.02,640000,24522760,28
2022-03-31,TPEx,00796B,中信中國債7-10,41.59,41.60,41.59,41.60,+0.11,100000,4159500,4
2022-03-31,TPEx,00799B,國泰A級醫療債,37.92,37.92,37.92,37.92,+0.09,100000,3792000,4
2022-03-31,TPEx,00831B,新光美債1-3,35.89,35.89,35.89,35.89,+0.05,2000,71780,2
2022-03-31,TPEx,00834B,第一金金融債10+,37.50,37.52,37.45,37.46,-0.14,236000,8843240,50
2022-03-31,TPEx,00836B,永豐10年A公司債,35.16,35.33,35.16,35.33,+0.23,103000,3637980,4
2022-03-31,TPEx,00838B,永豐7-10年中國債,41.22,41.34,41.22,41.33,+0.14,102000,4215970,4
2022-03-31,TPEx,00840B,凱基IG精選15+,36.03,36.03,36.03,36.03,+0.14,100000,3603000,2
2022-03-31,TPEx,00841B,凱基AAA-AA公司債,36.10,36.10,36.10,36.10,+0.22,100000,3610000,2
2022-03-31,TPEx,00842B,台新美元銀行債,36.29,36.42,36.29,36.42,+0.16,103000,3750950,4
2022-03-31,TPEx,00843B,台新中國政策債,41.40,41.40,41.40,41.40,+0.14,100000,4140000,2
2022-03-31,TPEx,00844B,新光15年IG金融債,35.65,35.65,35.65,35.65,-0.05,2000,71300,2
2022-03-31,TPEx,00845B,富邦新興投等債,32.27,32.27,32.27,32.27,+0.30,100000,3227000,2
2022-03-31,TPEx,00846B,富邦歐洲銀行債,34.23,34.23,34.23,34.23,+0.23,100000,3423000,2
2022-03-31,TPEx,00847B,中信美國市政債,31.44,31.50,31.42,31.42,-0.02,211158,6643977,12
2022-03-31,TPEx,00848B,中信新興亞洲債,34.91,34.97,34.88,34.88,+0.23,125000,4367780,13
2022-03-31,TPEx,00849B,中信EM主權債0-5,34.19,34.22,34.19,34.22,+0.05,102000,3488900,5
2022-03-31,TPEx,00853B,統一美債10年Aa-A,32.40,32.40,32.40,32.40,0.00,2000,64800,2
2022-03-31,TPEx,00856B,永豐1-3年美公債,36.08,36.08,36.08,36.08,+0.08,100000,3608000,2
2022-03-31,TPEx,00857B,永豐20年美公債,32.98,33.07,32.91,32.91,-0.08,103000,3405880,5
2022-03-31,TPEx,00858,永豐美國500大,29.22,29.22,29.15,29.15,-0.16,105017,3065363,8
2022-03-31,TPEx,00859B,群益0-1年美債,36.50,36.50,36.50,36.50,+0.05,100000,3650000,2
2022-03-31,TPEx,00860B,群益1-5年IG債,36.15,36.15,36.15,36.15,+0.07,100900,3647568,4
2022-03-31,TPEx,00862B,中信投資級公司債,35.44,35.56,35.44,35.49,+0.02,216000,7678400,11
2022-03-31,TPEx,00863B,中信全球電信債,36.43,36.54,36.42,36.42,-0.03,124000,4524940,14
2022-03-31,TPEx,00864B,中信美國公債0-1,37.50,37.50,37.50,37.50,+0.01,100000,3750000,4
2022-03-31,TPEx,00867B,新光A-BBB電信債,36.30,36.30,36.30,36.30,+0.15,2000,72600,2
2022-03-31,TPEx,00870B,元大15年EM主權債,33.75,33.75,33.75,33.75,+0.34,100000,3375000,2
2022-03-31,TPEx,00877,FH中國5G,10.70,10.75,10.60,10.62,-0.11,1210845,12888573,447
2022-03-31,TPEx,00883B,中信ESG投資級債,35.33,35.41,35.30,35.30,+0.04,214592,7592841,12
2022-03-31,TPEx,00884B,中信低碳新興債,33.63,33.68,33.63,33.66,+0.30,205207,6906722,9
2022-03-31,TPEx,00886,永豐美國科技,21.98,21.98,21.90,21.90,-0.28,163881,3593536,53
2022-03-31,TPEx,00887,永豐中國科技50大,17.48,17.49,17.40,17.40,-0.07,137269,2393214,34
2022-03-31,TPEx,00888,永豐台灣ESG,15.50,15.51,15.43,15.44,-0.05,1825542,28230075,1157
2022-03-31,TPEx,00889B,凱基ESG新興債15+,35.90,35.90,35.90,35.90,+0.30,100000,3590000,2
2022-03-31,TPEx,00890B,凱基ESG BBB債15+,37.39,37.46,37.39,37.46,+0.07,106000,3970340,6
2022-03-31,TPEx,020001,富邦存股雙十N,9.02,9.02,9.01,9.01,-0.01,3000,27050,3
2022-03-31,TPEx,020003,統一漲升股利150N,16.42,16.42,16.42,16.42,-0.03,11000,180620,2
2022-03-31,TPEx,020009,群益A50綠碳N,,,,,,0,0,0
2022-03-31,TPEx,020010,永昌富櫃200N,,,,,,0,0,0
2022-03-31,TPEx,020013,元富亞洲高股息N,,,,,,0,0,0
2022-03-31,TPEx,020014,元大富櫃200N,7.80,7.80,7.80,7.80,-0.02,1000,7800,1
2022-03-31,TPEx,02001B,統一美國政府債N,,,,,,0,0,0
2022-03-31,TPEx,020023,元大櫃買半導體N,6.50,6.51,6.44,6.44,-0.10,128000,827720,20
2022-03-31,TPEx,020024,兆豐富櫃200N,6.19,6.19,6.19,6.19,-0.03,75000,464250,1
2022-03-31,TPEx,020025,統一亞洲半導體N,7.95,7.98,7.94,7.95,-0.02,90000,716550,21
2022-03-31,TPEx,020026,兆豐上櫃ESG電菁N,5.07,5.07,5.07,5.07,-0.01,2000,10140,1
2022-03-31,TPEx,020027,元大上櫃ESG成長N,4.85,4.89,4.83,4.84,-0.02,136000,659620,19
2022-03-31,TPEx,02002L,兆豐富櫃200正二N,7.07,7.08,6.97,6.97,-0.14,135000,945240,29
2022-03-31,TPEx,02003L,永豐富櫃200正2N,,,,,,0,0,0
2022-03-31,TPEx,1240,茂生農經,51.30,51.60,51.30,51.40,+0.10,7083,364988,14
2022-03-31,TPEx,1258,其祥-KY,21.60,21.95,21.30,21.30,-0.60,134050,2887175,95
2022-03-31,TPEx,1259,安心,67.80,67.80,67.50,67.50,+0.10,7157,484773,24
2022-03-31,TPEx,1264,德麥,283.00,283.00,282.00,282.00,-1.00,7482,2117424,190
2022-03-31,TPEx,1268,漢來美食,114.50,115.50,114.50,115.50,-0.50,5199,598260,15
2022-03-31,TPEx,1336,台翰,19.95,19.95,19.90,19.95,0.00,7508,149660,33
2022-03-31,TPEx,1565,精華,287.50,289.50,285.50,287.50,-1.00,71579,20545130,124
2022-03-31,TPEx,1569,濱川,25.10,25.20,25.05,25.05,0.00,120317,3020919,79
2022-03-31,TPEx,1570,力肯,19.05,19.05,18.70,18.70,-0.25,251137,4720906,219
2022-03-31,TPEx,1580,新麥,107.00,107.00,106.50,107.00,0.00,53603,5723978,306
2022-03-31,TPEx,1584,精剛,17.40,17.45,17.20,17.30,-0.10,63335,1094833,65
2022-03-31,TPEx,1586,和勤,40.30,40.40,39.90,40.05,-0.25,151457,6064051,110
2022-03-31,TPEx,1591,駿吉-KY,21.85,22.25,21.50,21.75,-0.25,447000,9731850,320
2022-03-31,TPEx,1593,祺驊,70.60,71.50,70.50,71.10,+0.20,10000,706700,7
2022-03-31,TPEx,1595,川寶,41.80,41.95,41.35,41.95,+0.10,58082,2418261,48
2022-03-31,TPEx,1599,宏佳騰,52.90,53.40,52.50,52.50,-0.10,164864,8725866,143
2022-03-31,TPEx,1742,台蠟,21.75,22.00,21.35,21.85,+0.45,397306,8629032,249
2022-03-31,TPEx,1777,生泰,65.70,66.00,65.60,65.80,0.00,31011,2037526,15
2022-03-31,TPEx,1781,合世,15.45,15.45,14.80,15.00,-0.35,100696,1507293,79
2022-03-31,TPEx,1784,訊聯,37.35,37.50,37.30,37.40,0.00,51172,1911058,55
2022-03-31,TPEx,1785,光洋科,51.60,52.00,51.00,51.10,-0.40,3352299,172478998,2105
2022-03-31,TPEx,1788,杏昌,147.00,147.50,147.00,147.50,+1.00,6763,997051,48
2022-03-31,TPEx,1796,金穎生技,44.50,45.30,44.50,45.00,+0.25,8014,359516,22
2022-03-31,TPEx,1799,易威,14.20,14.20,14.10,14.10,0.00,23078,325691,9
2022-03-31,TPEx,1813,寶利徠,19.25,19.25,19.00,19.15,-0.15,38470,734262,36
2022-03-31,TPEx,1815,富喬,15.30,15.35,15.20,15.25,-0.05,659381,10064440,518
2022-03-31,TPEx,2035,唐榮,36.35,36.50,36.00,36.35,0.00,44139,1601101,52
2022-03-31,TPEx,2061,風青,19.95,19.95,19.95,19.95,0.00,1011,20159,12
2022-03-31,TPEx,2063,世鎧,36.05,37.05,36.00,36.60,,323479,11827215,256
2022-03-31,TPEx,2064,晉椿,26.95,27.20,26.00,26.00,-0.55,480300,12682239,328
2022-03-31,TPEx,2065,世豐,54.30,54.30,53.50,54.10,-0.20,325499,17529264,337
2022-03-31,TPEx,2066,世德,60.50,61.00,60.50,60.80,+0.30,20207,1231327,21
2022-03-31,TPEx,2067,嘉鋼,13.90,14.10,13.90,14.10,+0.10,75000,1050350,30
2022-03-31,TPEx,2070,精湛,35.30,35.30,34.90,35.00,-0.15,16060,562653,12
2022-03-31,TPEx,2221,大甲,39.50,40.50,39.50,40.10,+0.60,315496,12640150,272
2022-03-31,TPEx,2230,泰茂,18.05,18.75,17.35,18.60,+0.85,1368025,24672964,916
2022-03-31,TPEx,2235,謚源,38.00,38.00,37.65,37.70,-0.15,8010,302080,9
2022-03-31,TPEx,2596,綠意,22.20,22.35,22.10,22.35,+0.15,83081,1850160,47
2022-03-31,TPEx,2640,大車隊,82.80,83.40,82.10,83.40,+0.30,62555,5193284,45
2022-03-31,TPEx,2641,正德,25.20,25.40,25.00,25.00,-0.30,1158686,29056777,718
2022-03-31,TPEx,2643,捷迅,72.10,72.60,72.00,72.20,-0.10,34001,2455573,28
2022-03-31,TPEx,2718,晶悅,,,,,,0,0,0
2022-03-31,TPEx,2719,燦星旅,14.95,14.95,14.95,14.95,+1.35,13600,203317,17
2022-03-31,TPEx,2724,富驛-KY,,,,,,200,3000,1
2022-03-31,TPEx,2726,雅茗-KY,29.05,29.30,28.55,29.30,+0.30,45001,1301278,32
2022-03-31,TPEx,2729,瓦城,213.50,214.00,213.50,214.00,-1.00,13574,2902800,54
2022-03-31,TPEx,2732,六角,105.50,107.50,105.00,106.50,+1.00,145481,15449492,120
2022-03-31,TPEx,2734,易飛網,28.10,29.10,27.90,28.55,+0.15,421336,11989027,310
2022-03-31,TPEx,2736,富野,16.90,17.00,16.60,16.75,+0.05,74000,1244400,52
2022-03-31,TPEx,2740,天蔥,,,,,,3,69,3
2022-03-31,TPEx,2743,山富,43.95,47.75,43.85,44.95,+1.40,5680370,262972888,3690
2022-03-31,TPEx,2745,五福,35.40,36.95,35.00,36.65,+1.05,352277,12733316,230
2022-03-31,TPEx,2752,豆府,155.50,155.50,152.00,154.00,-3.00,9003,1387471,11
2022-03-31,TPEx,2754,亞洲藏壽司,75.00,75.00,74.70,75.00,-0.20,26333,1973186,25
2022-03-31,TPEx,2755,揚秦,58.60,58.60,58.10,58.40,+0.30,28080,1639947,23
2022-03-31,TPEx,2756,聯發國際,118.50,118.50,118.50,118.50,0.00,2484,294531,15
2022-03-31,TPEx,2916,滿心,25.20,25.20,24.05,24.70,-0.40,96511,2399115,62
2022-03-31,TPEx,2924,東凌-KY,,,,,,32,1031,2
2022-03-31,TPEx,2926,誠品生活,58.70,59.20,58.50,58.70,0.00,10225,601714,17
2022-03-31,TPEx,2937,集雅社,37.00,37.00,36.90,37.00,-0.20,15100,558350,8
2022-03-31,TPEx,2947,振宇五金,141.00,141.50,140.50,140.50,-0.50,31323,4407011,33
2022-03-31,TPEx,3064,泰偉,14.40,15.15,14.40,15.10,+0.80,19000,284550,11
2022-03-31,TPEx,3066,李洲,41.60,41.60,40.00,40.10,-1.50,450419,18282163,382
2022-03-31,TPEx,3067,全域,,,,,,29,1182,5
2022-03-31,TPEx,3071,協禧,26.85,27.00,26.80,26.80,-0.15,94469,2542265,87
2022-03-31,TPEx,3073,天方能源,29.10,29.10,29.10,29.10,0.00,4385,127140,9
2022-03-31,TPEx,3078,僑威,37.90,37.95,37.70,37.80,-0.10,311007,11760043,293
2022-03-31,TPEx,3081,聯亞,184.50,184.50,182.50,183.50,+1.00,74789,13746097,94
2022-03-31,TPEx,3083,網龍,50.60,50.60,49.75,49.85,-0.75,114145,5699290,100
2022-03-31,TPEx,3085,新零售,10.00,10.40,10.00,10.40,+0.40,18051,182810,11
2022-03-31,TPEx,3086,華義,117.50,117.50,113.50,114.00,-3.00,89956,10342555,113
2022-03-31,TPEx,3088,艾訊,57.90,57.90,56.70,57.10,-0.70,294741,16874855,257
2022-03-31,TPEx,3089,億杰,34.55,35.25,34.40,35.25,-0.05,8358,290043,12
2022-03-31,TPEx,3093,港建,86.50,86.50,86.00,86.00,-0.70,22037,1898281,22
2022-03-31,TPEx,3095,及成,3.03,3.03,3.00,3.00,-0.03,63590,191407,69
2022-03-31,TPEx,3105,穩懋,269.00,269.00,265.00,266.00,-5.50,3966660,1055574486,5482
2022-03-31,TPEx,3114,好德,27.20,27.35,27.05,27.05,-0.15,93693,2546476,75
2022-03-31,TPEx,3115,寶島極,12.00,12.25,11.60,11.90,-0.85,184182,2197116,137
2022-03-31,TPEx,3118,進階,30.20,30.20,29.85,29.90,-0.30,6571,197104,53
2022-03-31,TPEx,3122,笙泉,67.10,71.80,66.20,68.90,+1.80,34926558,2393115701,21499
2022-03-31,TPEx,3128,昇銳,19.75,20.05,19.45,19.50,-0.25,90142,1769577,113
2022-03-31,TPEx,3131,弘塑,328.00,333.50,328.00,333.50,+3.00,55480,18440299,86
2022-03-31,TPEx,3141,晶宏,185.50,189.50,182.50,185.50,+0.50,6387740,1188540040,6349
2022-03-31,TPEx,3147,大綜,47.80,47.80,47.00,47.45,-0.05,34350,1624410,32
2022-03-31,TPEx,3152,璟德,272.50,272.50,267.00,271.00,0.00,77567,20852433,119
2022-03-31,TPEx,3162,精確,42.65,43.35,41.95,42.10,+0.25,216736,9161727,135
2022-03-31,TPEx,3163,波若威,48.40,48.40,47.30,47.85,-0.10,757847,36139559,546
2022-03-31,TPEx,3169,亞信,213.00,218.00,213.00,215.00,+1.00,2069538,445376086,1617
2022-03-31,TPEx,3171,新洲,21.10,21.15,21.10,21.15,0.00,19163,405075,19
2022-03-31,TPEx,3176,基亞,52.90,53.10,52.20,52.30,-0.40,228158,11990264,265
2022-03-31,TPEx,3178,公準,65.10,65.50,64.60,64.60,-1.20,51030,3319538,41
2022-03-31,TPEx,3188,鑫龍騰,16.30,16.30,16.25,16.30,-0.10,19004,309670,14
2022-03-31,TPEx,3191,和進,10.80,10.85,10.75,10.85,+0.05,31013,335194,26
2022-03-31,TPEx,3202,樺晟,17.65,17.75,17.50,17.50,-0.15,205856,3618439,167
2022-03-31,TPEx,3205,佰研,23.85,23.85,23.55,23.60,-0.25,11454,272083,337
2022-03-31,TPEx,3206,志豐,29.05,29.10,28.90,28.90,-0.15,50589,1466489,139
2022-03-31,TPEx,3207,耀勝,24.30,24.30,23.80,24.05,+0.05,371229,8923436,235
2022-03-31,TPEx,3211,順達,113.00,113.00,111.50,111.50,-1.00,3109049,348201895,2265
2022-03-31,TPEx,3213,茂訊,56.70,56.70,56.30,56.40,-0.30,213175,12029038,263
2022-03-31,TPEx,3217,優群,112.00,113.00,108.00,108.00,-2.50,1291131,142326489,1079
2022-03-31,TPEx,3218,大學光,279.50,284.50,277.00,279.50,+3.50,437299,122502013,900
2022-03-31,TPEx,3219,倚強科,114.50,114.50,112.00,113.50,-2.50,64073,7262190,59
2022-03-31,TPEx,3221,台嘉碩,36.95,37.00,35.80,35.85,-0.90,1102372,39968735,952
2022-03-31,TPEx,3224,三顧,51.30,52.00,50.70,51.00,-0.90,81494,4160116,72
2022-03-31,TPEx,3226,至寶電,62.00,62.00,62.00,62.00,+0.10,1213,74950,3
2022-03-31,TPEx,3227,原相,141.00,142.00,140.50,140.50,-1.00,204596,28824185,264
2022-03-31,TPEx,3228,金麗科,379.00,381.00,375.00,375.50,-5.50,405195,152970907,532
2022-03-31,TPEx,3230,錦明,17.55,17.55,16.50,17.45,-0.05,1735112,29370452,406
2022-03-31,TPEx,3232,昱捷,32.00,32.20,29.80,30.65,-1.25,3282151,101512786,2050
2022-03-31,TPEx,3234,光環,24.60,24.60,24.20,24.20,-0.30,76604,1864494,74
2022-03-31,TPEx,3236,千如,23.20,23.30,23.05,23.10,+0.05,30330,702727,205
2022-03-31,TPEx,3252,海灣,17.10,17.10,16.95,17.05,-0.15,36000,613450,27
2022-03-31,TPEx,3259,鑫創,22.70,22.95,22.65,22.95,+0.30,26602,605248,26
2022-03-31,TPEx,3260,威剛,84.70,85.00,84.20,84.50,-0.10,939035,79349994,914
2022-03-31,TPEx,3264,欣銓,50.40,50.40,50.00,50.10,0.00,796172,40006647,709
2022-03-31,TPEx,3265,台星科,34.10,34.10,33.85,34.05,+0.25,253931,8625053,182
2022-03-31,TPEx,3268,海德威,25.50,25.55,25.10,25.45,+0.10,67137,1702728,137
2022-03-31,TPEx,3272,東碩,32.55,32.60,32.20,32.30,-0.30,22526,731685,126
2022-03-31,TPEx,3276,宇環,17.00,17.15,16.85,16.85,-0.15,123053,2088243,123
2022-03-31,TPEx,3284,太普高,13.90,13.90,13.80,13.80,-0.10,62016,856508,39
2022-03-31,TPEx,3285,微端,20.40,20.40,20.40,20.40,0.00,5049,103011,6
2022-03-31,TPEx,3287,廣寰科,16.35,16.50,16.05,16.10,-0.20,43805,712320,32
2022-03-31,TPEx,3288,點晶,16.00,16.10,15.80,16.10,+0.10,15077,240171,85
2022-03-31,TPEx,3289,宜特,53.90,54.10,53.20,53.20,-0.40,439732,23619961,348
2022-03-31,TPEx,3290,東浦,22.60,22.60,21.70,22.20,-0.15,534120,11778204,299
2022-03-31,TPEx,3293,鈊象,772.00,772.00,764.00,766.00,-7.00,285564,218980424,869
2022-03-31,TPEx,3294,英濟,23.35,23.50,22.30,22.40,-0.95,875436,19831352,542
2022-03-31,TPEx,3297,杭特,16.90,16.90,16.50,16.70,-0.20,32297,538339,34
2022-03-31,TPEx,3303,岱稜,26.80,27.05,26.60,26.80,0.00,360001,9686328,96
2022-03-31,TPEx,3306,鼎天,28.20,28.20,27.10,27.25,-0.55,125544,3448306,330
2022-03-31,TPEx,3310,佳穎,39.50,39.50,39.15,39.15,-0.80,31350,1234027,31
2022-03-31,TPEx,3313,斐成,11.55,11.60,11.35,11.60,-0.05,115747,1326673,207
2022-03-31,TPEx,3317,尼克森,72.80,72.80,70.80,70.90,-1.20,428762,30653598,506
2022-03-31,TPEx,3322,建舜電,24.85,25.10,24.10,24.20,-0.85,3620068,88697653,2232
2022-03-31,TPEx,3323,加百裕,40.50,41.80,40.50,41.55,+1.20,1349865,55818239,920
2022-03-31,TPEx,3324,雙鴻,208.00,209.50,205.00,205.00,-1.50,756522,156826857,1537
2022-03-31,TPEx,3325,旭品,16.45,16.45,16.30,16.35,-0.10,110714,1812539,252
2022-03-31,TPEx,3332,幸康,,,,,,0,0,0
2022-03-31,TPEx,3339,泰谷,19.15,19.40,19.05,19.10,-0.30,187223,3582662,111
2022-03-31,TPEx,3349,寶德,20.50,21.00,20.50,20.80,+0.30,177532,3691301,122
2022-03-31,TPEx,3354,律勝,18.20,18.30,16.85,17.10,-1.10,6793737,120239824,2691
2022-03-31,TPEx,3357,臺慶科,121.00,121.00,120.00,120.00,-1.00,51970,6257379,60
2022-03-31,TPEx,3360,尚立,17.30,17.60,17.30,17.40,+0.05,282294,4918038,174
2022-03-31,TPEx,3362,先進光,66.60,68.40,66.00,68.10,+1.50,668436,45236309,563
2022-03-31,TPEx,3363,上詮,30.50,30.60,29.75,30.60,+0.30,512995,15433901,367
2022-03-31,TPEx,3372,典範,19.60,19.65,19.15,19.20,-0.35,469403,9056511,272
2022-03-31,TPEx,3373,熱映,33.75,34.40,33.75,33.80,-0.20,153667,5244836,156
2022-03-31,TPEx,3374,精材,132.50,134.00,128.00,130.50,0.00,10494261,1378973682,7659
2022-03-31,TPEx,3379,彬台,12.85,12.85,12.50,12.60,-0.10,128454,1618225,61
2022-03-31,TPEx,3388,崇越電,87.80,87.80,87.00,87.20,-0.60,85507,7476575,84
2022-03-31,TPEx,3390,旭軟,19.50,19.80,19.50,19.50,+0.15,207147,4065890,149
2022-03-31,TPEx,3402,漢科,53.20,53.30,52.40,52.50,-0.50,502167,26542460,358
2022-03-31,TPEx,3426,台興,38.00,38.00,38.00,38.00,-0.25,5000,190000,4
2022-03-31,TPEx,3434,哲固,21.75,21.90,21.25,21.25,-0.40,162799,3492025,94
2022-03-31,TPEx,3438,類比科,79.50,79.50,76.50,76.80,-1.20,212465,16431802,211
2022-03-31,TPEx,3441,聯一光,31.90,32.85,31.85,32.30,+0.45,74030,2394614,69
2022-03-31,TPEx,3444,利機,52.20,52.20,50.80,50.80,-0.80,67414,3447518,63
2022-03-31,TPEx,3455,由田,101.00,102.00,99.00,99.20,-1.30,2765364,276964257,3675
2022-03-31,TPEx,3465,進泰電子,150.50,150.50,150.00,150.00,-2.00,13191,1979628,25
2022-03-31,TPEx,3466,致振,17.25,17.25,16.95,17.05,-0.20,218313,3738734,88
2022-03-31,TPEx,3479,安勤,58.80,59.70,58.70,59.40,-0.30,265872,15712655,210
2022-03-31,TPEx,3483,力致,84.30,87.30,83.40,86.50,+3.60,4093742,350848351,3016
2022-03-31,TPEx,3484,崧騰,75.70,75.80,73.50,73.70,-2.00,673376,49897688,1623
2022-03-31,TPEx,3489,森寶,10.75,10.85,10.75,10.80,0.00,39201,423038,29
2022-03-31,TPEx,3490,單井,34.50,34.50,33.15,33.30,-0.60,2556008,86257801,1706
2022-03-31,TPEx,3491,昇達科,192.50,193.00,185.00,190.00,-1.50,5522495,1042894040,7429
2022-03-31,TPEx,3492,長盛,18.35,18.85,18.35,18.55,+0.20,108359,2013104,91
2022-03-31,TPEx,3498,陽程,29.60,29.65,29.55,29.65,-0.25,33942,1004707,196
2022-03-31,TPEx,3499,環天科,22.20,22.20,21.20,21.20,-0.90,1206216,25999293,718
2022-03-31,TPEx,3508,位速,44.75,44.75,43.05,43.05,-1.25,2181036,94960118,1750
2022-03-31,TPEx,3511,矽瑪,38.00,38.50,37.60,38.30,+0.50,352442,13493813,286
2022-03-31,TPEx,3512,皇龍,34.00,34.35,33.80,34.25,+0.35,133806,4580785,76
2022-03-31,TPEx,3516,亞帝歐,16.05,16.05,16.05,16.05,+0.05,24000,385200,6
2022-03-31,TPEx,3520,華盈,14.75,14.95,14.70,14.80,+0.05,26357,390322,49
2022-03-31,TPEx,3521,鴻翊,14.00,14.00,13.90,14.00,0.00,6000,83600,5
2022-03-31,TPEx,3522,御頂,10.00,10.05,10.00,10.00,+0.01,88603,886119,39
2022-03-31,TPEx,3523,迎輝,11.00,11.00,10.80,10.80,0.00,4994,53544,6
2022-03-31,TPEx,3526,凡甲,199.00,201.50,193.00,195.50,-3.00,1532386,301212108,2067
2022-03-31,TPEx,3527,聚積,163.00,165.00,160.00,160.00,-4.00,220853,35631009,610
2022-03-31,TPEx,3529,力旺,1830.00,1870.00,1810.00,1850.00,+20.00,416539,771453285,528
2022-03-31,TPEx,3531,先益,23.15,23.15,23.00,23.00,-0.15,13073,300884,9
2022-03-31,TPEx,3537,堡達,42.40,42.45,42.00,42.25,-0.30,498666,21029159,390
2022-03-31,TPEx,3540,曜越,36.90,36.90,35.85,36.55,+0.15,143137,5191129,210
2022-03-31,TPEx,3541,西柏,61.60,63.90,61.60,63.60,+1.90,493412,31154802,363
2022-03-31,TPEx,3546,宇峻,84.40,84.40,82.60,82.80,-0.90,165634,13754795,300
2022-03-31,TPEx,3548,兆利,76.00,76.00,73.60,73.60,-2.10,625687,46650901,506
2022-03-31,TPEx,3551,世禾,70.00,70.10,69.30,69.50,-0.70,195241,13589061,131
2022-03-31,TPEx,3552,同致,149.00,153.50,148.00,151.00,-1.00,5605860,846225933,4904
2022-03-31,TPEx,3555,重鵬,35.55,35.55,35.10,35.10,-0.10,7429,262069,22
2022-03-31,TPEx,3556,禾瑞亞,83.80,83.80,82.90,83.10,-0.50,383285,31888725,387
2022-03-31,TPEx,3558,神準,159.50,163.00,154.00,158.00,-3.00,2680820,423862067,2100
2022-03-31,TPEx,3564,其陽,25.90,26.10,25.90,26.10,+0.10,25000,650000,15
2022-03-31,TPEx,3567,逸昌,36.05,36.05,35.90,35.90,-0.15,48492,1742605,90
2022-03-31,TPEx,3570,大塚,84.00,84.50,84.00,84.20,+0.20,13380,1124898,16
2022-03-31,TPEx,3577,泓格,82.40,87.80,82.40,83.40,+2.40,398077,33493009,500
2022-03-31,TPEx,3580,友威科,71.50,72.10,71.00,71.80,+0.40,300678,21549106,261
2022-03-31,TPEx,3581,博磊,25.55,25.60,25.50,25.55,-0.15,36000,920050,27
2022-03-31,TPEx,3587,閎康,146.00,146.00,144.00,144.50,-1.50,181261,26219510,145
2022-03-31,TPEx,3594,磐儀,25.60,25.90,25.30,25.30,-0.25,322390,8254590,294
2022-03-31,TPEx,3597,映興,28.60,28.60,28.50,28.50,-0.15,152168,4337354,23
2022-03-31,TPEx,3609,三一東林,55.50,55.50,54.10,54.60,-0.70,12103,664302,12
2022-03-31,TPEx,3611,鼎翰,200.00,200.00,198.50,198.50,-3.00,49514,9866782,57
2022-03-31,TPEx,3615,安可,21.60,21.70,21.30,21.30,-0.25,187327,4016109,317
2022-03-31,TPEx,3623,富晶通,22.40,22.40,21.70,21.70,-0.55,309600,6807049,199
2022-03-31,TPEx,3624,光頡,92.80,93.70,91.20,92.00,0.00,15741712,1455854101,10806
2022-03-31,TPEx,3625,西勝,21.25,21.45,21.25,21.30,+0.05,119407,2545399,126
2022-03-31,TPEx,3628,盈正,59.30,61.80,57.90,57.90,-0.10,3319032,198087235,2552
2022-03-31,TPEx,3629,地心引力,53.10,59.60,53.10,56.80,-1.70,18043,1019232,22
2022-03-31,TPEx,3630,新鉅科,34.70,34.70,33.90,33.90,-0.80,146453,4998037,126
2022-03-31,TPEx,3631,晟楠,41.85,42.95,41.85,42.40,+0.05,9000,379200,9
2022-03-31,TPEx,3632,研勤,9.30,9.30,9.30,9.30,+0.24,5940,55418,113
2022-03-31,TPEx,3642,駿熠電,6.55,6.89,6.51,6.89,+0.34,125023,836466,59
2022-03-31,TPEx,3646,艾恩特,27.20,27.20,26.70,27.00,-0.10,287055,7728034,279
2022-03-31,TPEx,3652,精聯,20.75,20.75,20.60,20.70,-0.05,49218,1017447,48
2022-03-31,TPEx,3663,鑫科,32.55,33.80,32.05,32.15,+0.25,1399631,46373074,916
2022-03-31,TPEx,3664,安瑞-KY,8.46,8.74,8.36,8.71,+0.35,77172,663237,50
2022-03-31,TPEx,3666,光耀,28.35,28.70,28.00,28.00,-0.90,65394,1844921,64
2022-03-31,TPEx,3672,康聯訊,35.80,35.95,35.30,35.50,-0.30,103030,3660436,91
2022-03-31,TPEx,3675,德微,333.00,333.50,296.00,306.00,-21.50,8047898,2496017526,7671
2022-03-31,TPEx,3680,家登,239.50,240.00,236.00,237.00,-4.00,360932,85658920,463
2022-03-31,TPEx,3684,榮昌,56.60,58.00,56.60,57.30,0.00,30010,1719070,22
2022-03-31,TPEx,3685,元創精密,31.70,31.70,30.80,30.85,-0.45,25024,782896,26
2022-03-31,TPEx,3687,歐買尬,160.50,163.00,154.00,159.00,-0.50,1905372,302883904,2347
2022-03-31,TPEx,3689,湧德,46.85,47.00,45.95,46.05,-0.65,652046,30194280,530
2022-03-31,TPEx,3691,碩禾,189.00,191.00,185.00,185.00,-4.00,372544,70362753,408
2022-03-31,TPEx,3693,營邦,54.10,54.50,53.90,54.40,+0.30,37200,2018300,35
2022-03-31,TPEx,3707,漢磊,137.50,137.50,131.50,133.00,-4.50,20452649,2733849338,20138
2022-03-31,TPEx,3709,鑫聯大投控,34.55,34.60,34.35,34.35,-0.25,66133,2281940,38
2022-03-31,TPEx,3710,連展投控,14.80,14.80,14.30,14.30,-0.55,2640596,38227279,1253
2022-03-31,TPEx,3713,新晶投控,35.20,35.60,35.10,35.25,+0.25,119000,4203250,94
2022-03-31,TPEx,4102,永日,19.90,19.95,19.80,19.90,0.00,15374,305343,31
2022-03-31,TPEx,4105,東洋,69.60,69.80,69.00,69.00,-0.20,725372,50268687,597
2022-03-31,TPEx,4107,邦特,108.50,108.50,107.50,108.50,0.00,127142,13738932,104
2022-03-31,TPEx,4109,加捷生醫,13.50,13.55,13.40,13.45,-0.05,91814,1233668,164
2022-03-31,TPEx,4111,濟生,23.70,23.80,23.45,23.45,-0.30,22442,529544,95
2022-03-31,TPEx,4113,聯上,14.30,14.30,14.20,14.20,-0.05,133017,1893726,62
2022-03-31,TPEx,4114,健喬,25.40,25.40,25.10,25.10,-0.30,1550329,39052007,972
2022-03-31,TPEx,4116,明基醫,33.00,33.40,32.95,32.95,+0.05,49004,1623931,32
2022-03-31,TPEx,4120,友華,36.90,38.00,36.35,37.00,+0.80,148218,5473356,122
2022-03-31,TPEx,4121,優盛,20.45,20.70,20.00,20.70,+0.15,248029,5087281,205
2022-03-31,TPEx,4123,晟德,62.80,62.90,62.10,62.60,-0.20,1206989,75359724,725
2022-03-31,TPEx,4126,太醫,72.10,72.10,71.30,71.80,-0.40,69770,5008352,81
2022-03-31,TPEx,4127,天良,14.25,14.35,14.05,14.20,+0.05,230810,3269576,229
2022-03-31,TPEx,4128,中天,64.60,64.60,60.80,61.10,-4.00,6119568,380202861,3911
2022-03-31,TPEx,4129,聯合,29.30,29.50,29.25,29.40,+0.10,42046,1233595,47
2022-03-31,TPEx,4129A,聯合甲特,44.20,44.75,44.20,44.75,+0.55,15000,667250,15
2022-03-31,TPEx,4130,健亞,25.00,25.15,24.75,24.95,+0.10,147063,3660981,125
2022-03-31,TPEx,4131,晶宇,15.15,15.25,15.15,15.25,0.00,5084,77214,6
2022-03-31,TPEx,4138,曜亞,57.10,57.10,56.60,56.90,0.00,39701,2257629,61
2022-03-31,TPEx,4139,馬光-KY,45.60,46.70,45.60,46.45,+0.85,65101,3016420,48
2022-03-31,TPEx,4147,中裕,63.90,63.90,63.00,63.10,-0.70,167637,10590550,179
2022-03-31,TPEx,4153,鈺緯,24.80,24.80,24.15,24.65,-0.10,40913,999265,37
2022-03-31,TPEx,4154,樂威科-KY,42.00,42.00,39.60,40.70,-0.10,9000,368450,6
2022-03-31,TPEx,4157,太景*-KY,17.30,17.35,16.85,17.00,-0.25,2491577,42316767,968
2022-03-31,TPEx,4160,創源,24.40,24.40,24.25,24.40,-0.05,27232,663688,136
2022-03-31,TPEx,4161,聿新科,25.45,25.55,25.40,25.40,-0.05,16000,407650,12
2022-03-31,TPEx,4162,智擎,98.50,99.80,88.40,89.60,-8.60,17801826,1633165307,12190
2022-03-31,TPEx,4163,鐿鈦,81.00,81.10,81.00,81.00,-0.10,15378,1245920,32
2022-03-31,TPEx,4167,松瑞藥,18.40,18.40,18.05,18.20,0.00,123201,2233901,170
2022-03-31,TPEx,4168,醣聯,29.15,30.00,29.15,29.75,+0.60,1003057,29660875,557
2022-03-31,TPEx,4171,瑞基,95.50,99.40,94.50,99.40,+6.30,2144472,209340414,2260
2022-03-31,TPEx,4173,久裕,17.60,17.60,17.30,17.50,+0.05,59242,1032281,73
2022-03-31,TPEx,4174,浩鼎,112.50,114.00,110.00,111.00,-1.50,1503357,168367714,840
2022-03-31,TPEx,4175,杏一,67.90,68.20,67.60,67.90,0.00,19856,1346606,40
2022-03-31,TPEx,4183,福永生技,18.15,18.15,18.15,18.15,0.00,2000,36300,2
2022-03-31,TPEx,4188,安克,17.75,17.95,17.75,17.85,-0.05,11000,195800,7
2022-03-31,TPEx,4192,杏國,38.20,38.55,37.80,37.80,-0.70,154574,5910741,113
2022-03-31,TPEx,4198,欣大健康,5.06,5.06,4.85,5.00,-0.06,35000,171720,16
2022-03-31,TPEx,4205,中華食,123.00,123.00,121.00,123.00,0.00,35081,4293184,151
2022-03-31,TPEx,4207,環泰,14.85,14.95,14.70,14.70,0.00,1122326,16619618,371
2022-03-31,TPEx,4303,信立,24.60,24.60,24.00,24.10,-0.65,156337,3782536,101
2022-03-31,TPEx,4304,勝昱,15.15,15.15,14.80,15.00,-0.25,30562,457658,22
2022-03-31,TPEx,4305,世坤,31.85,32.00,31.85,32.00,+0.20,3016,96229,3
2022-03-31,TPEx,4401,東隆興,34.00,34.30,33.75,33.80,-0.20,68080,2309751,58
2022-03-31,TPEx,4402,福大,6.59,6.70,6.52,6.54,-0.09,141524,937126,87
2022-03-31,TPEx,4406,新昕纖,10.25,10.30,10.20,10.20,-0.10,14001,143461,9
2022-03-31,TPEx,4413,飛寶企業,11.55,11.55,11.40,11.40,-0.15,39012,446635,22
2022-03-31,TPEx,4416,三圓,103.00,103.50,101.00,101.00,-2.00,37301,3816903,38
2022-03-31,TPEx,4417,金洲,34.90,34.95,34.80,34.85,-0.05,111210,3875769,63
2022-03-31,TPEx,4419,元勝,,,,,,4,46,2
2022-03-31,TPEx,4420,光明,33.80,33.85,33.40,33.60,+0.25,27085,913853,24
2022-03-31,TPEx,4429,聚紡,,,,,,0,0,0
2022-03-31,TPEx,4430,耀億,23.50,23.65,23.40,23.65,-0.15,24777,582375,106
2022-03-31,TPEx,4432,銘旺實,15.30,15.45,15.25,15.35,+0.05,153303,2350701,63
2022-03-31,TPEx,4433,興采,30.20,30.30,30.15,30.30,-0.20,20034,604484,16
2022-03-31,TPEx,4502,健信,36.95,37.15,36.95,37.15,+0.10,3000,111100,3
2022-03-31,TPEx,4503,金雨,27.10,27.25,27.00,27.15,-0.35,101621,2753646,69
2022-03-31,TPEx,4506,崇友,68.00,68.40,68.00,68.40,+0.10,26975,1842146,56
2022-03-31,TPEx,4510,高鋒,11.35,11.35,11.30,11.35,+0.05,51932,588232,329
2022-03-31,TPEx,4513,福裕,18.65,20.20,18.65,20.20,+1.10,2695944,52985788,1136
2022-03-31,TPEx,4523,永彰,,,,,,137,3942,136
2022-03-31,TPEx,4527,方土霖,28.15,28.15,27.45,27.65,-0.10,103794,2861797,74
2022-03-31,TPEx,4528,江興鍛,40.00,40.00,39.60,39.90,-0.10,21002,838879,15
2022-03-31,TPEx,4529,淳紳,12.45,13.65,12.30,13.65,+1.20,1302539,17626799,579
2022-03-31,TPEx,4530,宏易,9.00,9.01,8.95,9.00,+0.18,24120,217043,49
2022-03-31,TPEx,4533,協易機,11.70,11.75,11.60,11.65,-0.05,81349,948433,60
2022-03-31,TPEx,4534,慶騰,12.25,12.30,12.05,12.05,-0.20,222273,2703774,132
2022-03-31,TPEx,4535,至興,35.45,35.60,35.40,35.60,+0.10,42108,1495133,22
2022-03-31,TPEx,4538,大詠城,20.45,20.45,20.45,20.45,0.00,1000,20450,1
2022-03-31,TPEx,4541,晟田,22.85,22.85,22.60,22.75,-0.15,34064,772706,524
2022-03-31,TPEx,4542,科嶠,26.65,26.80,26.55,26.55,-0.15,7011,186936,9
2022-03-31,TPEx,4543,萬在,18.30,18.30,18.10,18.20,-0.10,23663,430004,20
2022-03-31,TPEx,4549,桓達,98.00,98.00,97.00,97.00,-0.50,69479,6767784,87
2022-03-31,TPEx,4550,長佳,22.75,22.95,22.70,22.80,0.00,13000,295650,8
2022-03-31,TPEx,4554,橙的,33.10,33.30,32.85,32.90,-0.30,42003,1389249,35
2022-03-31,TPEx,4556,旭然,,,,,,3,87,3
2022-03-31,TPEx,4558,寶緯,45.90,46.40,45.70,45.80,-0.10,66098,3031858,51
2022-03-31,TPEx,4561,健椿,27.70,27.70,27.60,27.60,-0.25,5312,146744,22
2022-03-31,TPEx,4563,百德,32.85,32.85,31.50,31.50,-0.55,130986,4192707,109
2022-03-31,TPEx,4568,科際精密,72.50,72.70,72.20,72.50,-0.10,62188,4499554,29
2022-03-31,TPEx,4580,捷流閥業,90.50,93.00,90.20,92.30,+1.80,184736,16933051,179
2022-03-31,TPEx,4609,唐鋒,8.92,8.92,8.31,8.60,-0.06,6010,51545,7
2022-03-31,TPEx,4702,中美實,21.00,22.15,20.10,20.95,+0.25,11441747,245136207,6164
2022-03-31,TPEx,4706,大恭,18.95,18.95,18.80,18.80,-0.20,24000,452650,20
2022-03-31,TPEx,4707,磐亞,13.20,13.25,13.10,13.20,+0.05,1317623,17351619,386
2022-03-31,TPEx,4711,永純,18.70,18.75,18.55,18.60,-0.10,59000,1098000,40
2022-03-31,TPEx,4712,南璋,6.00,6.00,6.00,6.00,0.00,3005,18027,5
2022-03-31,TPEx,4714,永捷,14.25,14.25,13.95,14.05,-0.05,583891,8223270,348
2022-03-31,TPEx,4716,大立,17.50,17.60,16.80,17.00,-0.15,4272619,73331407,1965
2022-03-31,TPEx,4721,美琪瑪,154.50,155.00,150.50,151.00,-3.00,2400151,366012356,2007
2022-03-31,TPEx,4726,永昕,41.40,41.55,40.35,40.50,-0.80,481991,19627626,375
2022-03-31,TPEx,4728,雙美,137.50,137.50,135.00,135.50,+1.00,77846,10633347,76
2022-03-31,TPEx,4729,熒茂,12.20,12.25,12.00,12.10,-0.20,122000,1473500,60
2022-03-31,TPEx,4735,豪展,50.10,50.30,50.00,50.30,+0.10,34369,1721616,83
2022-03-31,TPEx,4736,泰博,201.00,206.00,194.00,205.00,+13.50,5024920,1008748359,4292
2022-03-31,TPEx,4741,泓瀚,26.40,26.40,25.55,25.85,+0.10,6532,168462,11
2022-03-31,TPEx,4743,合一,226.50,227.00,212.00,214.50,-13.50,4806373,1051182641,4957
2022-03-31,TPEx,4744,皇將,31.00,31.00,30.60,30.80,+0.05,104105,3200578,67
2022-03-31,TPEx,4745,合富-KY,35.80,35.80,33.75,34.05,-1.25,686090,23744387,416
2022-03-31,TPEx,4747,強生,33.75,33.75,33.75,33.75,0.00,2171,73278,7
2022-03-31,TPEx,4754,國碳科,40.40,40.45,40.30,40.40,-0.30,62820,2534019,44
2022-03-31,TPEx,4760,勤凱,80.20,81.40,80.20,80.70,+0.50,69553,5620409,71
2022-03-31,TPEx,4767,誠泰科技,29.80,29.80,29.70,29.70,-0.55,3070,91310,5
2022-03-31,TPEx,4804,大略-KY,15.45,16.20,15.45,15.70,+0.60,3181776,50371362,1482
2022-03-31,TPEx,4806,昇華,10.60,10.90,10.50,10.90,-0.05,4002,42920,5
2022-03-31,TPEx,4903,聯光通,11.05,11.10,10.95,11.10,+0.10,49108,541841,102
2022-03-31,TPEx,4905,台聯電,,,,,,5,265,5
2022-03-31,TPEx,4907,富宇,24.40,24.40,24.30,24.35,0.00,9902,241254,47
2022-03-31,TPEx,4908,前鼎,34.55,34.55,33.50,33.85,-0.65,594326,20106799,452
2022-03-31,TPEx,4909,新復興,20.70,20.70,19.85,20.00,-0.55,536384,10762320,517
2022-03-31,TPEx,4911,德英,26.95,27.05,26.95,27.05,+0.05,2014,54382,3
2022-03-31,TPEx,4923,力士,80.70,80.70,78.70,78.70,-1.10,137582,10927223,125
2022-03-31,TPEx,4924,欣厚-KY,14.10,14.15,14.10,14.10,+0.10,10000,141100,8
2022-03-31,TPEx,4931,新盛力,27.15,28.10,26.80,26.85,-0.30,1307079,35638519,807
2022-03-31,TPEx,4933,友輝,39.20,39.20,38.00,39.05,-0.10,57440,2232343,47
2022-03-31,TPEx,4939,亞電,23.85,24.00,23.75,24.00,+0.15,235412,5629314,145
2022-03-31,TPEx,4944,兆遠,20.15,20.50,19.95,19.95,-0.15,145231,2910051,116
2022-03-31,TPEx,4945,陞達科技,91.50,91.50,87.50,87.90,-2.80,339910,30067257,271
2022-03-31,TPEx,4946,辣椒,83.90,87.00,82.50,84.60,-0.50,1091257,92735103,1282
2022-03-31,TPEx,4950,牧東,28.55,28.60,28.10,28.10,-0.40,369344,10429059,168
2022-03-31,TPEx,4953,緯軟,93.80,98.00,93.50,96.20,+3.00,1357166,130792490,1459
2022-03-31,TPEx,4966,譜瑞-KY,1880.00,1895.00,1800.00,1810.00,-80.00,445420,814698235,642
2022-03-31,TPEx,4971,IET-KY,79.00,79.60,78.20,79.60,-0.40,244454,19269435,197
2022-03-31,TPEx,4972,湯石照明,32.85,32.85,32.75,32.85,+0.10,26802,879549,37
2022-03-31,TPEx,4973,廣穎,24.50,24.55,24.40,24.40,+0.20,89076,2180750,145
2022-03-31,TPEx,4974,亞泰,56.80,56.80,55.90,55.90,-0.60,193439,10872586,222
2022-03-31,TPEx,4979,華星光,18.45,18.45,18.15,18.15,-0.30,149226,2722960,171
2022-03-31,TPEx,4987,科誠,59.50,59.70,59.20,59.20,-0.50,27241,1618864,43
2022-03-31,TPEx,4991,環宇-KY,40.70,40.90,40.50,40.90,-0.05,50009,2035067,34
2022-03-31,TPEx,4995,晶達,39.45,39.75,39.45,39.55,+0.30,11135,441109,19
2022-03-31,TPEx,5009,榮剛,25.40,25.60,24.85,25.30,-0.10,3147726,79128729,1493
2022-03-31,TPEx,5011,久陽,40.25,40.25,39.60,39.65,-0.30,1001147,39956700,607
2022-03-31,TPEx,5013,強新,37.70,38.25,37.70,37.85,+0.20,53456,2030075,46
2022-03-31,TPEx,5014,建錩,21.30,21.30,20.80,20.80,-0.35,876184,18387204,515
2022-03-31,TPEx,5015,華祺,44.80,44.95,44.40,44.90,+0.10,98739,4426334,80
2022-03-31,TPEx,5016,松和,40.20,40.20,39.80,39.90,-0.05,69009,2755363,44
2022-03-31,TPEx,5102,富強,24.70,24.70,24.65,24.65,0.00,45768,1128593,19
2022-03-31,TPEx,5201,凱衛,30.90,31.05,30.55,30.75,,66074,2026681,49
2022-03-31,TPEx,5202,力新,18.80,20.60,18.80,20.60,+1.85,550369,11123183,343
2022-03-31,TPEx,5205,中茂,,,,,,0,0,0
2022-03-31,TPEx,5206,坤悅,15.15,15.30,15.10,15.30,+0.15,45744,693992,34
2022-03-31,TPEx,5209,新鼎,79.30,79.90,79.00,79.90,-0.10,36517,2907097,49
2022-03-31,TPEx,5210,寶碩,21.00,21.65,19.95,20.35,-0.75,3048944,63059986,1336
2022-03-31,TPEx,5211,蒙恬,18.15,18.20,18.10,18.15,-0.20,33067,600331,36
2022-03-31,TPEx,5212,凌網,48.70,48.70,47.50,47.85,+0.75,43005,2067436,10
2022-03-31,TPEx,5213,亞昕,24.50,24.70,24.40,24.55,+0.05,177695,4362283,123
2022-03-31,TPEx,5220,萬達光電,35.85,35.95,35.75,35.80,-0.05,9040,323877,10
2022-03-31,TPEx,5223,安力-KY,51.20,51.50,51.10,51.30,-0.70,9000,460800,6
2022-03-31,TPEx,5227,立凱-KY,82.40,82.40,80.10,80.10,-1.50,633926,51199735,2215
2022-03-31,TPEx,5230,雷笛克光學,29.00,29.00,28.55,28.70,-0.20,102220,2924991,154
2022-03-31,TPEx,5236,凌陽創新,138.00,138.50,134.50,134.50,-3.50,180681,24556875,254
2022-03-31,TPEx,5245,智晶,78.00,78.50,76.20,76.80,-0.70,406798,31342791,400
2022-03-31,TPEx,5251,天鉞電,17.45,17.45,17.15,17.15,-0.30,40912,708785,70
2022-03-31,TPEx,5263,智崴,118.50,119.00,118.00,118.50,0.00,34714,4107849,67
2022-03-31,TPEx,5272,笙科,37.60,38.90,37.25,37.90,-0.05,888803,33826034,650
2022-03-31,TPEx,5274,信驊,3300.00,3380.00,3235.00,3260.00,+30.00,205616,680184410,402
2022-03-31,TPEx,5276,達輝-KY,12.55,12.70,12.55,12.55,-0.35,5000,63050,5
2022-03-31,TPEx,5278,尚凡,275.00,275.00,272.00,272.00,-5.00,11773,3215640,50
2022-03-31,TPEx,5281,大峽谷-KY,21.25,21.85,20.90,21.10,-1.00,7212,153301,15
2022-03-31,TPEx,5287,數字,227.00,227.00,224.00,226.00,-0.50,44671,10071080,510
2022-03-31,TPEx,5289,宜鼎,221.00,221.50,215.00,215.00,-5.50,218667,47450113,1125
2022-03-31,TPEx,5291,邑昇,39.90,39.90,39.65,39.70,-0.20,61387,2438405,70
2022-03-31,TPEx,5299,杰力,192.00,193.50,190.50,191.00,-0.50,224206,43055589,292
2022-03-31,TPEx,5301,寶得利,14.30,14.70,14.30,14.40,+0.10,163160,2356015,106
2022-03-31,TPEx,5302,太欣,12.50,12.70,12.20,12.45,-0.60,1199201,14820552,610
2022-03-31,TPEx,5309,系統電,41.30,43.15,40.75,42.70,+1.75,15159059,639849695,8701
2022-03-31,TPEx,5310,天剛,31.00,31.00,29.05,29.95,-0.75,59057,1758397,42
2022-03-31,TPEx,5312,寶島科,63.00,63.50,62.80,62.80,-0.20,60411,3806989,60
2022-03-31,TPEx,5314,世紀,5.15,5.15,5.15,5.15,+0.02,1047,5394,32
2022-03-31,TPEx,5315,光聯,18.20,18.20,18.10,18.10,-0.15,109599,1990086,107
2022-03-31,TPEx,5321,美而快,144.00,144.00,141.50,143.00,0.00,106590,15223264,100
2022-03-31,TPEx,5324,士開,9.27,9.48,9.20,9.46,+0.15,208346,1926172,74
2022-03-31,TPEx,5328,華容,13.50,13.50,13.05,13.10,-0.25,351275,4624968,278
2022-03-31,TPEx,5340,建榮,31.90,32.40,31.90,31.95,+0.05,73931,2368364,64
2022-03-31,TPEx,5344,立衛,25.30,26.00,23.80,23.95,-1.00,2188330,55032024,1259
2022-03-31,TPEx,5345,天揚,5.57,5.57,5.57,5.57,+0.10,1004,5591,3
2022-03-31,TPEx,5347,世界,124.50,125.00,123.50,124.50,+0.50,2622007,326188037,1638
2022-03-31,TPEx,5348,系通,,,,,,0,0,0
2022-03-31,TPEx,5351,鈺創,83.50,83.50,80.50,80.50,-2.50,6695310,547369283,5680
2022-03-31,TPEx,5353,台林,19.65,19.95,19.55,19.65,0.00,45222,892025,28
2022-03-31,TPEx,5355,佳總,6.51,6.55,6.42,6.43,-0.05,200058,1291738,121
2022-03-31,TPEx,5356,協益,26.05,26.10,26.00,26.10,0.00,82955,2161289,155
2022-03-31,TPEx,5364,力麗店,19.15,19.15,19.10,19.10,-0.30,6073,115981,15
2022-03-31,TPEx,5371,中光電,71.40,71.40,70.30,70.30,-0.80,649766,45818925,609
2022-03-31,TPEx,5381,合正,6.12,6.17,6.12,6.12,-0.01,82917,509559,41
2022-03-31,TPEx,5383,金利,38.10,38.30,38.05,38.15,-0.10,31610,1205397,34
2022-03-31,TPEx,5386,青雲,44.30,44.80,44.20,44.60,0.00,38506,1715647,103
2022-03-31,TPEx,5392,能率,23.90,23.90,23.80,23.80,0.00,63051,1502430,268
2022-03-31,TPEx,5398,慕康生醫,,,,,,675,14178,20
2022-03-31,TPEx,5403,中菲,72.50,72.50,72.20,72.40,-0.10,34771,2515244,89
2022-03-31,TPEx,5410,國眾,26.65,27.20,26.50,27.00,+0.30,732458,19695452,414
2022-03-31,TPEx,5425,台半,86.40,88.40,85.60,86.50,+1.40,40069106,3487991254,24335
2022-03-31,TPEx,5426,振發,11.00,11.10,11.00,11.05,+0.05,44141,487465,294
2022-03-31,TPEx,5432,新門,38.85,40.20,38.85,39.15,-0.15,18000,704400,15
2022-03-31,TPEx,5438,東友,14.85,14.85,14.70,14.80,0.00,21123,311571,52
2022-03-31,TPEx,5439,高技,55.50,55.60,54.80,55.40,-0.10,134349,7423923,100
2022-03-31,TPEx,5443,均豪,32.60,32.60,32.15,32.15,-0.45,218910,7071890,273
2022-03-31,TPEx,5450,南良,18.50,18.55,18.20,18.35,-0.05,46009,845112,38
2022-03-31,TPEx,5452,佶優,21.10,21.10,20.85,20.90,-0.20,132164,2768219,245
2022-03-31,TPEx,5455,昇益,,,,,,119,3409,2
2022-03-31,TPEx,5457,宣德,60.00,60.00,58.60,58.70,-1.20,659771,38942305,577
2022-03-31,TPEx,5460,同協,11.90,11.90,11.70,11.80,-0.05,62563,736548,120
2022-03-31,TPEx,5464,霖宏,23.65,23.90,23.10,23.55,+0.05,143009,3361861,89
2022-03-31,TPEx,5465,富驊,15.80,15.85,15.75,15.85,0.00,14755,233384,30
2022-03-31,TPEx,5468,凱鈺,23.65,24.50,23.65,23.95,+0.30,364172,8780695,269
2022-03-31,TPEx,5474,聰泰,97.50,97.50,96.30,96.60,-0.10,13721,1328644,24
2022-03-31,TPEx,5475,德宏,21.85,22.05,21.10,21.10,-1.05,1753509,37745268,1166
2022-03-31,TPEx,5478,智冠,91.20,91.80,91.10,91.30,+0.10,77352,7077150,103
2022-03-31,TPEx,5481,新華,13.20,13.20,13.00,13.00,-0.15,56020,731978,187
2022-03-31,TPEx,5483,中美晶,178.50,179.50,175.50,177.00,-1.50,4180560,739116647,11271
2022-03-31,TPEx,5487,通泰,32.20,32.30,32.20,32.30,0.00,4005,129260,9
2022-03-31,TPEx,5488,松普,9.08,9.15,8.88,8.97,-0.11,153122,1376229,186
2022-03-31,TPEx,5489,彩富,34.35,34.55,34.35,34.55,+0.20,37000,1274200,18
2022-03-31,TPEx,5490,同亨,26.90,26.95,26.70,26.90,+0.10,47638,1278607,231
2022-03-31,TPEx,5493,三聯,51.90,51.90,49.55,50.10,-1.50,74315,3766595,81
2022-03-31,TPEx,5498,凱崴,12.15,12.20,12.05,12.05,-0.05,145666,1760904,102
2022-03-31,TPEx,5508,永信建,73.00,73.40,72.90,73.30,+0.30,165043,12072010,163
2022-03-31,TPEx,5511,德昌,31.30,31.30,31.15,31.20,0.00,61057,1905976,17
2022-03-31,TPEx,5512,力麒,9.29,9.30,9.27,9.29,0.00,291805,2708595,361
2022-03-31,TPEx,5514,三豐,20.80,20.95,20.55,20.80,-0.10,57002,1184439,14
2022-03-31,TPEx,5516,雙喜,16.70,16.80,16.30,16.30,-0.35,99372,1641122,70
2022-03-31,TPEx,5520,力泰,58.30,59.90,58.30,58.50,+0.50,14100,828689,14
2022-03-31,TPEx,5523,豐謙,27.05,27.20,26.90,27.00,-0.10,15151,410127,18
2022-03-31,TPEx,5529,鉅陞,16.75,16.75,16.60,16.70,+0.05,60058,1000646,57
2022-03-31,TPEx,5530,龍巖,44.60,44.70,44.15,44.30,-0.35,234287,10413946,212
2022-03-31,TPEx,5536,聖暉,206.50,207.00,205.00,205.00,-1.50,115243,23684965,258
2022-03-31,TPEx,5543,桓鼎-KY,59.40,59.40,59.40,59.40,0.00,1000,59400,1
2022-03-31,TPEx,5601,台聯櫃,40.70,40.80,40.70,40.80,+1.00,2164,88021,9
2022-03-31,TPEx,5603,陸海,50.10,50.70,48.50,49.50,-0.60,3846555,190012270,2775
2022-03-31,TPEx,5604,中連,79.90,79.90,79.50,79.50,+0.30,10682,851166,29
2022-03-31,TPEx,5609,中菲行,105.50,106.00,105.00,105.00,-1.00,335382,35397196,404
2022-03-31,TPEx,5701,劍湖山,3.05,3.10,3.05,3.09,+0.04,162689,501139,71
2022-03-31,TPEx,5703,亞都,24.70,24.70,23.20,23.80,-0.45,9000,215550,9
2022-03-31,TPEx,5704,老爺知,29.70,30.55,29.70,30.50,+0.95,115056,3477379,63
2022-03-31,TPEx,5820,日盛金,12.40,12.45,12.40,12.40,0.00,714591,8886103,243
2022-03-31,TPEx,5864,致和證,17.10,17.10,16.95,17.00,-0.10,148601,2534079,65
2022-03-31,TPEx,5878,台名,49.25,49.25,48.50,48.50,-0.55,22121,1076453,35
2022-03-31,TPEx,5902,德記,25.80,26.00,25.80,26.00,+0.20,11002,285252,12
2022-03-31,TPEx,5903,全家,201.50,202.00,200.50,201.50,-0.50,64672,13021879,265
2022-03-31,TPEx,5904,寶雅,399.50,399.50,389.00,389.00,-9.00,95522,37506481,725
2022-03-31,TPEx,5905,南仁湖,14.10,14.10,13.90,13.90,-0.15,282455,3945505,209
2022-03-31,TPEx,6015,宏遠證,15.80,15.95,15.75,15.95,+0.15,561049,8909527,265
2022-03-31,TPEx,6016,康和證,15.10,15.10,15.00,15.05,0.00,2728060,41101811,963
2022-03-31,TPEx,6020,大展證,23.30,23.35,23.15,23.30,+0.15,186583,4345181,112
2022-03-31,TPEx,6021,美好證,20.20,20.35,20.20,20.35,-0.55,2460,49864,5
2022-03-31,TPEx,6023,元大期,50.20,50.50,50.20,50.30,+0.10,92321,4647432,94
2022-03-31,TPEx,6026,福邦證,20.40,20.65,20.35,20.45,+0.10,2229838,45732453,709
2022-03-31,TPEx,6101,寬魚國際,22.00,22.35,21.85,22.35,-0.15,16050,353834,16
2022-03-31,TPEx,6103,合邦,,,,,,0,0,0
2022-03-31,TPEx,6104,創惟,307.00,308.00,296.00,302.00,-2.50,11457789,3444763331,9028
2022-03-31,TPEx,6109,亞元,9.18,9.30,9.18,9.18,-0.08,59103,545106,26
2022-03-31,TPEx,6111,大宇資,98.00,98.60,94.50,95.00,-2.10,1375194,132210625,1603
2022-03-31,TPEx,6113,亞矽,13.25,13.45,13.20,13.20,-0.15,40009,529367,28
2022-03-31,TPEx,6114,久威,21.60,21.80,21.55,21.80,-0.10,7303,157848,7
2022-03-31,TPEx,6118,建達,31.80,31.90,30.35,30.35,-1.75,4771596,149718718,2544
2022-03-31,TPEx,6121,新普,310.50,313.50,309.00,310.50,0.00,371858,115591333,542
2022-03-31,TPEx,6122,擎邦,15.70,16.30,15.70,15.75,+0.20,2332697,37119324,1064
2022-03-31,TPEx,6123,上奇,54.50,54.90,54.30,54.90,+0.40,43719,2387831,49
2022-03-31,TPEx,6124,業強,26.40,26.40,25.90,25.95,-0.55,55044,1437386,45
2022-03-31,TPEx,6125,廣運,26.40,26.40,26.00,26.05,-0.35,633232,16552956,403
2022-03-31,TPEx,6126,信音,25.90,25.90,25.50,25.60,-0.20,346734,8873018,241
2022-03-31,TPEx,6127,九豪,26.20,26.20,25.50,25.65,-0.35,353618,9112106,242
2022-03-31,TPEx,6129,普誠,36.25,36.70,35.75,35.75,-0.35,2344668,84779163,1867
2022-03-31,TPEx,6130,星寶國際,50.50,51.10,48.90,51.10,0.00,548408,27457999,310
2022-03-31,TPEx,6134,萬旭,27.50,27.70,26.60,26.60,-0.70,882853,23776695,615
2022-03-31,TPEx,6138,茂達,253.50,262.00,247.50,256.50,+15.00,17674610,4500131633,13847
2022-03-31,TPEx,6140,訊達,17.30,17.40,17.10,17.30,-0.20,56100,967319,40
2022-03-31,TPEx,6143,振曜,52.30,52.50,51.10,51.80,-0.10,498773,25831093,520
2022-03-31,TPEx,6144,得利影,16.40,16.50,15.80,15.80,-0.15,38000,612850,25
2022-03-31,TPEx,6146,耕興,188.50,189.50,187.00,188.50,+0.50,161599,30443802,137
2022-03-31,TPEx,6147,頎邦,69.40,69.50,69.00,69.10,-0.30,2570856,177717206,2134
2022-03-31,TPEx,6148,驊宏資,15.65,15.85,15.65,15.65,0.00,220298,3467799,143
2022-03-31,TPEx,6150,撼訊,149.50,151.00,149.00,149.00,-0.50,391755,58655489,536
2022-03-31,TPEx,6151,晉倫,36.90,36.90,36.55,36.70,-0.30,100004,3667498,74
2022-03-31,TPEx,6154,順發,18.05,18.05,17.90,17.95,-0.05,46408,835071,38
2022-03-31,TPEx,6156,松上,22.55,22.95,21.70,22.10,-0.20,6042443,134098229,3275
2022-03-31,TPEx,6158,禾昌,38.70,38.70,37.35,37.35,-0.90,406409,15316528,421
2022-03-31,TPEx,6160,欣技,16.40,16.60,16.25,16.25,-0.05,72001,1177666,53
2022-03-31,TPEx,6161,捷波,37.40,37.90,36.60,37.90,+1.10,1462710,54680502,961
2022-03-31,TPEx,6163,華電網,17.95,18.00,17.65,17.65,-0.30,521611,9251068,407
2022-03-31,TPEx,6167,久正,13.15,13.15,12.95,13.05,-0.15,379694,4966815,240
2022-03-31,TPEx,6169,昱泉,22.05,22.60,21.80,21.80,-0.25,54053,1188521,77
2022-03-31,TPEx,6170,統振,33.45,33.45,32.70,32.95,-0.50,310563,10240735,291
2022-03-31,TPEx,6171,大城地產,30.10,30.15,29.80,30.00,0.00,161405,4831595,124
2022-03-31,TPEx,6173,信昌電,56.20,56.30,55.50,55.50,-0.90,305519,17053129,267
2022-03-31,TPEx,6174,安碁,27.55,27.70,27.35,27.40,-0.45,134175,3686228,116
2022-03-31,TPEx,6175,立敦,44.60,44.60,43.45,43.50,-0.70,322021,14116923,254
2022-03-31,TPEx,6179,亞通,29.20,30.50,29.20,30.35,+1.15,827600,24790486,415
2022-03-31,TPEx,6180,橘子,68.90,69.00,67.70,68.40,-0.40,582831,39723520,1090
2022-03-31,TPEx,6182,合晶,69.80,70.00,68.80,68.90,-0.90,11010154,761292685,8795
2022-03-31,TPEx,6185,幃翔,14.05,14.20,13.90,13.95,-0.10,143739,2011186,182
2022-03-31,TPEx,6186,新潤,27.05,27.20,26.90,27.05,-0.15,262998,7120484,202
2022-03-31,TPEx,6187,萬潤,141.00,141.00,134.00,134.00,-6.50,1704235,231809339,1751
2022-03-31,TPEx,6188,廣明,44.20,44.40,43.65,44.00,-0.30,1576925,69213078,949
2022-03-31,TPEx,6190,萬泰科,39.15,39.15,37.65,37.75,-1.15,3793263,144952078,2399
2022-03-31,TPEx,6194,育富,24.50,24.60,24.50,24.60,-0.05,14002,343398,9
2022-03-31,TPEx,6195,詩肯,55.50,55.60,53.80,54.00,-1.30,632556,34489791,497
2022-03-31,TPEx,6198,凌泰,34.20,34.20,33.55,34.05,-0.15,5990,204045,21
2022-03-31,TPEx,6199,天品,17.00,17.00,16.40,17.00,+0.30,22325,374359,18
2022-03-31,TPEx,6203,海韻電,62.70,62.90,61.90,61.90,-0.80,328092,20410396,291
2022-03-31,TPEx,6204,艾華,65.70,65.70,65.10,65.40,-0.30,38250,2500147,44
2022-03-31,TPEx,6207,雷科,34.90,34.90,34.45,34.45,-0.35,218275,7539739,164
2022-03-31,TPEx,6208,日揚,55.30,55.80,55.00,55.50,+0.20,251613,13954361,166
2022-03-31,TPEx,6210,慶生,42.00,42.15,42.00,42.15,+0.15,5060,212920,6
2022-03-31,TPEx,6212,理銘,57.00,57.50,57.00,57.50,+0.50,3225,184409,5
2022-03-31,TPEx,6217,中探針,59.90,60.50,56.90,57.60,-0.90,13189924,773049453,7641
2022-03-31,TPEx,6218,豪勉,21.90,22.10,21.90,22.10,+0.20,69550,1531644,54
2022-03-31,TPEx,6219,富旺,17.65,17.90,17.50,17.50,-0.05,1089517,19243724,318
2022-03-31,TPEx,6220,岳豐,22.65,22.70,22.45,22.45,-0.25,108217,2438879,88
2022-03-31,TPEx,6221,晉泰,49.10,49.10,49.00,49.05,0.00,24367,1195149,80
2022-03-31,TPEx,6222,上揚,14.85,14.85,14.60,14.85,0.00,22000,326200,8
2022-03-31,TPEx,6223,旺矽,105.50,105.50,101.50,102.00,-2.50,595748,61372975,664
2022-03-31,TPEx,6227,茂綸,40.85,40.85,40.05,40.40,-0.45,431884,17405082,308
2022-03-31,TPEx,6228,全譜,21.15,21.25,20.20,20.20,-1.15,266559,5449813,206
2022-03-31,TPEx,6229,研通,42.00,42.20,41.15,41.25,-0.65,335799,14025196,288
2022-03-31,TPEx,6231,系微,117.00,117.00,110.50,110.50,-4.00,1987732,224242383,2226
2022-03-31,TPEx,6233,旺玖,30.00,30.00,29.30,29.40,-0.45,229415,6776086,274
2022-03-31,TPEx,6234,高僑,20.10,20.15,20.10,20.15,+0.05,44483,895006,65
2022-03-31,TPEx,6236,康呈,,,,,,0,0,0
2022-03-31,TPEx,6237,驊訊,77.80,79.00,76.80,76.80,-0.90,1054476,81815790,1384
2022-03-31,TPEx,6240,松崗,27.95,29.50,27.20,27.70,+0.25,638962,18222967,427
2022-03-31,TPEx,6241,易通展,36.10,36.60,35.00,35.60,-0.50,835209,29851112,567
2022-03-31,TPEx,6242,立康,39.80,39.80,39.70,39.70,-0.10,6002,238529,6
2022-03-31,TPEx,6244,茂迪,33.40,34.00,33.25,33.30,+0.10,2728237,91694767,2220
2022-03-31,TPEx,6245,立端,55.60,55.80,55.20,55.40,+0.10,241040,13401240,205
2022-03-31,TPEx,6246,臺龍,16.30,16.65,16.10,16.30,0.00,15026,244524,36
2022-03-31,TPEx,6247,淇譽電,10.75,10.80,10.60,10.80,+0.05,15258,162284,12
2022-03-31,TPEx,6248,沛波,22.40,22.45,22.25,22.35,-0.20,75670,1692185,56
2022-03-31,TPEx,6259,百徽,40.40,41.05,39.15,39.30,-1.10,103979,4145318,147
2022-03-31,TPEx,6261,久元,81.70,81.70,81.00,81.00,-0.90,239840,19490576,558
2022-03-31,TPEx,6263,普萊德,73.60,73.60,73.20,73.20,-0.50,52140,3827989,42
2022-03-31,TPEx,6264,富裔,9.05,9.14,8.99,9.12,-0.04,164506,1485664,73
2022-03-31,TPEx,6265,方土昶,13.70,13.75,13.30,13.30,-0.35,293197,3938869,220
2022-03-31,TPEx,6266,泰詠,25.15,25.15,24.75,24.80,-0.30,828219,20584965,565
2022-03-31,TPEx,6270,倍微,25.05,25.15,24.90,25.05,0.00,298576,7469672,323
2022-03-31,TPEx,6274,台燿,83.10,83.60,82.50,83.50,+0.40,987182,82206386,679
2022-03-31,TPEx,6275,元山,40.05,40.20,39.05,39.05,-1.15,826875,32598257,680
2022-03-31,TPEx,6276,安鈦克,20.00,20.00,19.05,19.50,,168123,3258888,92
2022-03-31,TPEx,6279,胡連,129.50,129.50,123.50,123.50,-5.00,1480179,186281184,1394
2022-03-31,TPEx,6284,佳邦,61.80,61.80,60.50,60.50,-0.90,602277,36711787,511
2022-03-31,TPEx,6287,元隆,8.90,8.95,8.89,8.89,-0.01,31432,280240,21
2022-03-31,TPEx,6290,良維,52.20,53.00,52.10,52.40,-0.10,306388,16116414,215
2022-03-31,TPEx,6291,沛亨,46.00,50.20,46.00,50.20,+4.50,90163,4399855,107
2022-03-31,TPEx,6292,迅德,47.45,47.50,47.10,47.20,0.00,38248,1811807,35
2022-03-31,TPEx,6294,智基,136.50,136.50,134.00,135.00,-1.00,26253,3553498,61
2022-03-31,TPEx,6404,通訊-KY,19.10,19.20,19.10,19.20,+0.15,2061,39520,63
2022-03-31,TPEx,6411,晶焱,184.00,184.50,180.00,180.00,-2.00,1008296,183748620,3479
2022-03-31,TPEx,6417,韋僑,77.50,77.80,77.00,77.80,-1.00,11002,852053,12
2022-03-31,TPEx,6418,詠昇,18.45,18.65,18.30,18.30,-0.25,43128,793921,48
2022-03-31,TPEx,6419,京晨科,31.20,32.15,30.70,31.40,+1.05,63100,1972000,46
2022-03-31,TPEx,6425,易發,25.20,25.30,25.10,25.25,-0.35,13200,332609,13
2022-03-31,TPEx,6432,今展科,37.20,37.35,36.50,37.25,+0.10,153507,5662188,151
2022-03-31,TPEx,6435,大中,158.50,161.50,157.00,161.00,+3.50,1151489,184026951,1034
2022-03-31,TPEx,6441,廣錠,47.30,47.30,47.00,47.00,-0.30,44524,2098532,190
2022-03-31,TPEx,6446,藥華藥,312.00,315.00,308.50,314.00,+3.00,417120,130348996,411
2022-03-31,TPEx,6457,紘康,149.00,149.50,148.00,148.00,-0.50,143388,21286260,246
2022-03-31,TPEx,6461,益得,19.20,19.20,18.85,18.95,-0.25,97003,1846006,57
2022-03-31,TPEx,6462,神盾,106.50,112.00,105.00,112.00,+10.00,1800816,199503268,1365
2022-03-31,TPEx,6465,威潤,25.20,25.20,24.35,24.40,-0.70,73183,1805273,71
2022-03-31,TPEx,6469,大樹,272.00,272.50,268.50,269.00,-5.50,258680,69857912,705
2022-03-31,TPEx,6470,宇智,43.80,44.30,43.80,44.25,+0.15,54234,2395260,183
2022-03-31,TPEx,6472,保瑞,177.50,179.00,175.50,177.00,+0.50,133446,23722685,362
2022-03-31,TPEx,6482,弘煜科,38.85,38.85,37.55,38.60,+0.10,3030,116097,5
2022-03-31,TPEx,6485,點序,147.50,149.50,144.50,144.50,-2.50,1582077,232293362,1200
2022-03-31,TPEx,6486,互動,78.60,78.60,77.90,78.00,-0.60,83618,6523560,90
2022-03-31,TPEx,6488,環球晶,674.00,676.00,670.00,671.00,-1.00,800220,537884989,987
2022-03-31,TPEx,6492,生華科,78.20,79.70,78.20,78.40,+0.20,281747,22176107,310
2022-03-31,TPEx,6494,九齊,156.00,156.50,153.00,153.00,-3.50,896840,138455381,988
2022-03-31,TPEx,6496,科懋,27.95,28.00,27.95,27.95,0.00,36033,1008764,118
2022-03-31,TPEx,6499,益安,75.10,75.20,73.90,74.00,-0.80,198745,14778104,163
2022-03-31,TPEx,6506,雙邦,20.60,20.65,20.40,20.40,-0.15,140759,2880539,103
2022-03-31,TPEx,6508,惠光,41.85,44.00,41.15,42.00,+0.85,12986462,553990692,7937
2022-03-31,TPEx,6509,聚和,59.10,59.20,58.00,58.00,-0.90,934521,54569884,843
2022-03-31,TPEx,6510,精測,610.00,614.00,603.00,603.00,-6.00,53240,32240007,98
2022-03-31,TPEx,6512,啟發電,18.95,19.20,18.95,19.00,+0.25,20183,384263,16
2022-03-31,TPEx,6514,芮特-KY,73.80,73.80,70.00,70.50,-3.30,1096864,78040853,932
2022-03-31,TPEx,6516,勤崴國際,89.80,89.80,89.60,89.60,+0.10,8949,802067,28
2022-03-31,TPEx,6523,達爾膚,93.10,93.10,92.00,92.20,-0.90,95458,8821025,125
2022-03-31,TPEx,6527,明達醫,47.60,47.80,47.50,47.80,0.00,30000,1430750,30
2022-03-31,TPEx,6530,創威,21.20,21.25,20.95,20.95,-0.30,83001,1753973,38
2022-03-31,TPEx,6532,瑞耘,48.85,48.85,48.20,48.20,-0.65,53019,2565437,61
2022-03-31,TPEx,6535,順藥,35.60,35.60,34.95,35.10,-0.25,140701,4937970,127
2022-03-31,TPEx,6538,倉和,86.80,87.80,84.90,85.10,-1.90,390715,33532765,295
2022-03-31,TPEx,6542,隆中,47.30,48.40,47.20,48.40,-0.20,6002,284694,7
2022-03-31,TPEx,6547,高端疫苗,267.50,269.50,263.50,267.00,-0.50,1530127,408184672,1537
2022-03-31,TPEx,6548,長科*,102.50,102.50,99.90,100.00,-1.50,523516,52596940,493
2022-03-31,TPEx,6556,勝品,59.00,59.00,59.00,59.00,+0.10,1003,59172,4
2022-03-31,TPEx,6560,欣普羅,78.00,78.50,77.30,77.60,-0.90,101926,7926017,94
2022-03-31,TPEx,6561,是方,275.00,275.00,275.00,275.00,+0.50,5812,1599505,53
2022-03-31,TPEx,6568,宏觀,204.00,204.00,197.50,197.50,-6.00,370818,74126769,569
2022-03-31,TPEx,6569,醫揚,104.00,106.00,104.00,105.50,+3.50,33331,3501822,50
2022-03-31,TPEx,6570,維田,42.80,42.80,42.65,42.80,-0.15,13059,558125,15
2022-03-31,TPEx,6574,霈方,48.40,50.00,48.40,49.85,-0.10,4074,200427,7
2022-03-31,TPEx,6576,逸達,114.00,114.00,110.50,113.00,-1.50,777862,87412037,579
2022-03-31,TPEx,6577,勁豐,63.90,63.90,63.80,63.80,+0.30,3020,192878,4
2022-03-31,TPEx,6578,達邦蛋白,16.75,16.75,16.55,16.65,-0.05,30722,511047,29
2022-03-31,TPEx,6588,東典光電,41.20,41.20,41.00,41.00,-1.00,3009,123620,12
2022-03-31,TPEx,6589,台康生技,92.80,92.90,91.70,91.90,-0.90,497399,45810055,426
2022-03-31,TPEx,6590,普鴻,64.50,65.00,64.30,64.30,-0.10,16558,1068140,21
2022-03-31,TPEx,6593,台灣銘板,40.75,40.80,39.85,39.85,-0.90,39324,1595771,139
2022-03-31,TPEx,6594,展匯科,43.05,43.20,41.80,41.80,-0.80,50999,2161928,59
2022-03-31,TPEx,6596,寬宏藝術,49.00,49.00,48.70,48.70,-0.10,15403,751567,31
2022-03-31,TPEx,6603,富強鑫,16.60,16.60,16.30,16.30,-0.15,405260,6643026,200
2022-03-31,TPEx,6609,瀧澤科,31.30,31.80,31.30,31.55,+0.25,213630,6744069,142
2022-03-31,TPEx,6612,奈米醫材,89.30,91.00,87.20,87.80,-2.50,293046,26046261,267
2022-03-31,TPEx,6613,朋億,169.00,170.00,168.50,169.00,-1.00,32680,5526314,149
2022-03-31,TPEx,6615,慧智,46.80,46.85,46.30,46.85,+0.05,9068,422714,13
2022-03-31,TPEx,6616,特昇-KY,19.50,19.60,19.35,19.35,+0.05,142000,2757050,70
2022-03-31,TPEx,6624,萬年清,41.40,41.50,41.40,41.50,-0.10,8000,331400,4
2022-03-31,TPEx,6629,泰金-KY,59.00,59.40,58.90,58.90,-0.60,11000,650900,6
2022-03-31,TPEx,6640,均華,95.60,96.00,95.50,96.00,+0.50,5011,480233,6
2022-03-31,TPEx,6642,富致,69.40,69.80,69.40,69.50,-0.40,11000,764500,9
2022-03-31,TPEx,6643,M31,346.50,346.50,340.00,340.00,-6.50,81440,27768981,123
2022-03-31,TPEx,6649,台生材,22.45,22.45,22.15,22.35,-0.05,18040,401838,40
2022-03-31,TPEx,6651,全宇昕,99.50,99.50,98.00,98.00,-1.30,57172,5627771,46
2022-03-31,TPEx,6654,天正國際,74.70,74.70,73.90,73.90,0.00,7050,524110,8
2022-03-31,TPEx,6661,威健生技,23.05,23.10,23.00,23.00,-0.15,10003,230669,7
2022-03-31,TPEx,6662,樂斯科,29.50,29.50,29.50,29.50,-0.05,1000,29500,1
2022-03-31,TPEx,6664,群翊,83.10,83.60,82.50,83.50,0.00,79084,6562582,77
2022-03-31,TPEx,6667,信紘科,89.80,89.90,86.80,87.20,-2.20,422341,37206451,368
2022-03-31,TPEx,6679,鈺太,414.00,414.00,403.50,404.50,-9.50,361454,146630398,335
2022-03-31,TPEx,6680,鑫創電子,48.30,48.30,48.30,48.30,+1.20,1000,48300,1
2022-03-31,TPEx,6683,雍智科技,288.50,288.50,281.00,281.50,-5.50,109847,31029543,245
2022-03-31,TPEx,6684,安格,147.00,148.00,145.00,145.00,-2.50,99264,14533714,120
2022-03-31,TPEx,6690,安碁資訊,117.00,117.00,116.00,116.00,-1.00,9015,1050300,10
2022-03-31,TPEx,6693,廣閎科,93.50,94.10,92.30,92.70,-0.80,43338,4032144,49
2022-03-31,TPEx,6697,東捷資訊,,,,,,0,0,0
2022-03-31,TPEx,6703,軒郁,99.80,99.80,98.50,99.10,+0.50,72845,7219282,186
2022-03-31,TPEx,6712,長聖,213.50,218.00,210.50,212.00,+9.50,2365199,503557866,2182
2022-03-31,TPEx,6716,應廣,166.00,166.00,160.50,161.00,-5.00,63268,10237875,89
2022-03-31,TPEx,6727,亞泰金屬,75.40,75.40,73.50,73.60,-0.80,92076,6831667,110
2022-03-31,TPEx,6728,上洋,182.00,182.00,176.50,179.00,-2.00,36382,6505702,51
2022-03-31,TPEx,6732,昇佳電子,428.50,439.50,428.50,438.50,+7.00,124390,54339415,222
2022-03-31,TPEx,6733,博晟生醫,24.70,25.00,24.70,24.85,-0.05,35003,870674,21
2022-03-31,TPEx,6741,91APP*-KY,163.00,164.00,160.50,161.00,-3.00,126617,20487602,165
2022-03-31,TPEx,6747,亨泰光,228.50,236.00,228.50,236.00,0.00,4681,1095694,41
2022-03-31,TPEx,6751,智聯服務,44.75,44.75,44.20,44.45,-0.30,55267,2462507,64
2022-03-31,TPEx,6752,叡揚,55.70,56.00,55.70,56.00,+0.40,27350,1526195,21
2022-03-31,TPEx,6761,穩得,118.00,118.50,117.50,117.50,-2.00,30299,3571865,44
2022-03-31,TPEx,6762,達亞,270.00,270.00,270.00,270.00,+3.00,1547,415310,24
2022-03-31,TPEx,6763,綠界科技,738.00,738.00,702.00,704.00,-23.00,79553,56677984,487
2022-03-31,TPEx,6767,台微醫,32.70,32.80,32.50,32.70,+0.20,13000,424600,10
2022-03-31,TPEx,6788,華景電,158.50,159.50,157.00,157.00,-1.00,65294,10289468,204
2022-03-31,TPEx,6803,崑鼎,245.00,247.50,244.50,246.00,+1.00,65261,16009138,288
2022-03-31,TPEx,6804,明係,54.90,55.20,51.00,52.80,+12.80,697105,37373477,587
2022-03-31,TPEx,6829,千附精密,83.20,86.60,83.00,83.80,+0.60,427528,36310876,386
2022-03-31,TPEx,7402,邑錡,44.10,44.50,43.00,43.20,-1.40,118159,5163811,67
2022-03-31,TPEx,7556,意德士,110.50,111.50,110.00,111.50,+1.00,8342,923295,18
2022-03-31,TPEx,8024,佑華,28.95,28.95,28.00,28.25,-0.50,1654421,47091589,956
2022-03-31,TPEx,8027,鈦昇,77.00,77.60,76.10,77.50,+1.10,947862,72939200,602
2022-03-31,TPEx,8032,光菱,28.25,28.25,28.00,28.00,-0.40,49290,1383567,216
2022-03-31,TPEx,8034,榮群,20.15,20.75,19.80,19.90,-0.40,1799015,36536991,1011
2022-03-31,TPEx,8038,長園科,41.20,41.35,40.30,40.35,-0.65,164921,6696684,199
2022-03-31,TPEx,8040,九暘,65.80,66.40,65.10,65.30,-0.50,673339,44157004,625
2022-03-31,TPEx,8042,金山電,43.10,43.40,42.85,43.15,-0.35,21236,913360,95
2022-03-31,TPEx,8043,蜜望實,26.25,26.25,25.95,26.15,-0.05,39458,1030709,33
2022-03-31,TPEx,8044,網家,90.60,91.80,88.70,91.20,+0.20,2155001,194098824,2604
2022-03-31,TPEx,8047,星雲,14.05,14.10,13.85,14.10,+0.15,62000,869900,40
2022-03-31,TPEx,8048,德勝,34.70,34.70,34.45,34.50,-0.15,31742,1096923,33
2022-03-31,TPEx,8049,晶采,27.70,27.70,27.45,27.45,-0.20,366545,10088388,368
2022-03-31,TPEx,8050,廣積,44.60,47.45,44.60,47.20,+3.65,3872804,180366988,2424
2022-03-31,TPEx,8054,安國,62.80,63.70,61.30,61.30,-2.50,5881035,367740101,4381
2022-03-31,TPEx,8059,凱碩,10.15,10.30,10.00,10.00,-0.05,62007,624620,29
2022-03-31,TPEx,8064,東捷,20.55,20.55,20.25,20.25,-0.20,255373,5190239,166
2022-03-31,TPEx,8066,來思達,31.60,31.75,30.55,31.10,+0.05,92967,2914475,200
2022-03-31,TPEx,8067,志旭,9.45,9.45,9.23,9.44,-0.01,7180,67740,802
2022-03-31,TPEx,8068,全達,32.70,32.70,30.30,30.30,-2.00,73238,2288054,76
2022-03-31,TPEx,8069,元太,179.50,196.00,178.00,185.00,+5.50,50203707,9307657177,36045
2022-03-31,TPEx,8071,能率網通,20.20,20.20,19.60,19.75,-0.10,1256301,24931396,683
2022-03-31,TPEx,8074,鉅橡,20.00,20.10,20.00,20.00,0.00,213659,4276430,60
2022-03-31,TPEx,8076,伍豐,30.35,30.35,30.05,30.05,-0.20,279287,8415722,244
2022-03-31,TPEx,8077,洛碁,12.35,12.85,12.05,12.85,+0.45,35002,428223,27
2022-03-31,TPEx,8080,永利聯合,15.40,15.70,15.40,15.70,-0.60,5118,79540,57
2022-03-31,TPEx,8083,瑞穎,180.50,180.50,180.00,180.00,0.00,5010,902310,5
2022-03-31,TPEx,8084,巨虹,75.50,75.50,74.00,74.20,-0.20,54147,4025187,45
2022-03-31,TPEx,8085,福華,18.95,18.95,18.85,18.90,0.00,116082,2193314,125
2022-03-31,TPEx,8086,宏捷科,101.00,102.00,100.00,100.50,-1.00,938105,94509954,860
2022-03-31,TPEx,8087,華鎂鑫,29.90,29.90,28.60,29.40,-0.55,115158,3335538,67
2022-03-31,TPEx,8088,品安,22.95,23.10,22.90,23.10,+0.25,163425,3760473,115
2022-03-31,TPEx,8089,康全電訊,27.05,27.05,26.70,26.75,-0.05,14066,376661,73
2022-03-31,TPEx,8091,翔名,92.00,92.00,89.50,89.70,-1.70,678775,61194186,594
2022-03-31,TPEx,8092,建暐,12.35,12.40,11.85,11.85,-0.35,138747,1680984,112
2022-03-31,TPEx,8093,保銳,8.74,8.74,8.49,8.50,-0.31,271000,2316510,140
2022-03-31,TPEx,8096,擎亞,13.50,13.50,13.30,13.30,-0.10,125391,1671986,506
2022-03-31,TPEx,8097,常珵,43.30,45.30,43.30,44.80,+0.90,650756,29109272,459
2022-03-31,TPEx,8099,大世科,41.00,41.10,40.05,40.50,+0.30,28231,1146117,30
2022-03-31,TPEx,8107,大億金茂,20.45,20.45,20.20,20.20,-0.35,113035,2291666,84
2022-03-31,TPEx,8109,博大,75.10,76.50,75.00,75.90,+0.70,69842,5286590,47
2022-03-31,TPEx,8111,立碁,27.85,27.90,27.20,27.20,-0.65,732194,20096697,635
2022-03-31,TPEx,8121,越峰,45.45,45.80,40.20,40.25,-2.10,13666013,590955724,7554
2022-03-31,TPEx,8147,正淩,66.20,66.30,66.00,66.00,-0.10,54668,3611395,46
2022-03-31,TPEx,8155,博智,205.00,207.50,198.50,198.50,-4.50,2315665,470622250,1866
2022-03-31,TPEx,8171,天宇,52.60,52.60,51.00,51.70,-1.30,313173,16251349,258
2022-03-31,TPEx,8176,智捷,8.72,8.75,8.71,8.75,0.00,10691,93460,60
2022-03-31,TPEx,8182,加高,50.10,50.10,49.80,49.90,-0.20,159101,7937832,113
2022-03-31,TPEx,8183,精星,62.60,62.90,61.50,61.80,-0.40,1874860,116368113,1532
2022-03-31,TPEx,8234,新漢,23.35,23.35,23.00,23.10,-0.25,35129,812217,33
2022-03-31,TPEx,8240,華宏,34.30,34.35,33.95,34.10,-0.05,89128,3038026,91
2022-03-31,TPEx,8255,朋程,248.50,250.00,236.00,236.50,-9.50,2380071,575745879,2569
2022-03-31,TPEx,8277,商丞,12.15,12.15,11.90,11.95,0.00,112774,1353751,137
2022-03-31,TPEx,8279,生展,120.50,122.50,120.50,120.50,-1.50,20687,2509157,25
2022-03-31,TPEx,8284,三竹,56.60,58.20,56.60,56.60,+0.10,383301,22016633,334
2022-03-31,TPEx,8289,泰藝,35.40,36.00,35.15,35.65,-0.05,396265,14113178,273
2022-03-31,TPEx,8291,尚茂,6.73,7.38,6.73,7.38,+0.09,34105,240860,16
2022-03-31,TPEx,8299,群聯,491.00,491.50,474.00,475.50,-19.50,4366653,2098498587,5604
2022-03-31,TPEx,8342,益張,52.50,52.50,52.50,52.50,-0.10,9018,473446,6
2022-03-31,TPEx,8349,恒耀,60.10,60.60,60.00,60.20,+0.10,43080,2597755,31
2022-03-31,TPEx,8349A,恒耀甲特,,,,,,0,0,0
2022-03-31,TPEx,8354,冠好,14.80,14.80,14.60,14.70,0.00,18006,265336,17
2022-03-31,TPEx,8358,金居,72.50,72.50,71.50,71.80,-0.80,1010913,72753747,1349
2022-03-31,TPEx,8383,千附,40.80,41.00,40.70,40.95,+0.15,480172,19647068,335
2022-03-31,TPEx,8390,金益鼎,36.10,36.95,35.85,35.85,+0.15,1986081,72124625,1308
2022-03-31,TPEx,8401,白紗科,17.30,17.45,17.25,17.30,-0.20,159231,2755376,124
2022-03-31,TPEx,8403,盛弘,28.35,28.35,27.80,27.95,0.00,169452,4752431,162
2022-03-31,TPEx,8406,金可-KY,277.50,278.00,277.50,278.00,+0.50,225037,62478080,206
2022-03-31,TPEx,8409,商之器,16.50,16.75,16.45,16.75,+0.20,17356,289709,29
2022-03-31,TPEx,8410,森田,31.90,32.10,31.80,32.10,+0.40,23010,736320,23
2022-03-31,TPEx,8415,大國鋼,38.80,38.90,38.35,38.40,-0.40,1791153,68968831,1292
2022-03-31,TPEx,8416,實威,130.00,130.00,129.00,130.00,+1.00,24618,3197157,37
2022-03-31,TPEx,8418,捷必勝-KY,10.55,10.65,10.25,10.35,-0.20,87484,905943,59
2022-03-31,TPEx,8420,明揚,41.90,42.25,40.70,42.10,+0.10,267774,11184742,230
2022-03-31,TPEx,8421,旭源,13.75,13.90,13.65,13.70,-0.10,124281,1707455,77
2022-03-31,TPEx,8423,保綠-KY,18.50,18.80,18.50,18.80,0.00,2642,49447,13
2022-03-31,TPEx,8424,惠普,69.80,71.00,69.80,70.10,+0.30,16284,1142705,21
2022-03-31,TPEx,8426,紅木-KY,16.55,16.55,16.50,16.55,+0.05,4023,66465,7
2022-03-31,TPEx,8431,匯鑽科,71.50,71.50,70.30,71.00,-0.20,300415,21313580,235
2022-03-31,TPEx,8432,東生華,43.50,43.50,42.90,42.90,-0.50,16003,689278,16
2022-03-31,TPEx,8433,弘帆,44.55,44.60,44.55,44.60,-0.15,9001,401094,7
2022-03-31,TPEx,8435,鉅邁,66.70,66.80,66.40,66.70,+0.10,58442,3897764,83
2022-03-31,TPEx,8436,大江,191.50,191.50,188.50,190.00,-1.50,764218,144994907,4073
2022-03-31,TPEx,8437,大地-KY,121.00,121.00,120.00,120.50,0.00,11358,1368252,58
2022-03-31,TPEx,8440,綠電,68.10,69.00,67.50,68.70,+2.10,794525,54342891,587
2022-03-31,TPEx,8444,綠河-KY,92.70,92.70,90.00,90.00,-2.10,29012,2641390,27
2022-03-31,TPEx,8446,華研,87.50,87.50,86.80,86.80,-0.40,32201,2803867,34
2022-03-31,TPEx,8450,霹靂,38.30,38.30,36.85,37.10,-0.80,521621,19449948,413
2022-03-31,TPEx,8455,大拓-KY,,,,,,0,0,0
2022-03-31,TPEx,8472,夠麻吉,49.95,50.00,49.95,50.00,0.00,2008,100350,5
2022-03-31,TPEx,8476,台境,61.00,61.30,60.60,60.80,-0.40,116866,7114130,73
2022-03-31,TPEx,8477,創業家,28.00,28.00,27.75,27.95,0.00,6087,169391,22
2022-03-31,TPEx,8489,三貝德,33.65,33.65,32.75,32.75,-0.35,44534,1473299,135
2022-03-31,TPEx,8905,裕國,24.80,25.15,24.80,24.90,-0.15,188579,4703162,122
2022-03-31,TPEx,8906,花王,19.30,19.30,19.10,19.15,-0.20,5000,95950,5
2022-03-31,TPEx,8908,欣雄,79.00,80.50,78.80,79.70,+1.10,64799,5168905,95
2022-03-31,TPEx,8916,光隆,42.60,43.15,42.55,42.80,+0.10,235152,10069276,115
2022-03-31,TPEx,8916A,光隆甲特,50.00,50.10,49.95,50.10,+0.10,83040,4151844,38
2022-03-31,TPEx,8917,欣泰,89.50,89.60,89.50,89.60,-0.20,2172,194510,9
2022-03-31,TPEx,8921,沈氏,15.50,16.20,15.10,16.10,+0.65,95001,1508865,56
2022-03-31,TPEx,8923,時報,21.00,21.60,20.60,20.85,-1.00,8678,181000,16
2022-03-31,TPEx,8924,大田,143.00,143.50,141.50,142.00,-0.50,145845,20754518,190
2022-03-31,TPEx,8927,北基,36.30,37.20,36.30,36.60,+0.40,1944904,71621592,983
2022-03-31,TPEx,8928,鉅明,37.15,37.30,37.10,37.10,0.00,87420,3250676,55
2022-03-31,TPEx,8929,富堡,20.85,20.90,20.65,20.80,-0.05,36268,755503,216
2022-03-31,TPEx,8930,青鋼,17.50,17.75,17.40,17.40,,1032483,18117382,563
2022-03-31,TPEx,8931,大汽電,32.55,32.70,32.55,32.70,+0.10,64801,2115374,54
2022-03-31,TPEx,8932,宏大,26.25,26.30,25.90,26.00,0.00,35037,912341,27
2022-03-31,TPEx,8933,愛地雅,12.50,13.00,12.35,12.90,+0.40,1589784,20256580,1223
2022-03-31,TPEx,8935,邦泰,15.10,15.55,14.20,14.50,-1.10,1358257,19840301,468
2022-03-31,TPEx,8936,國統,22.15,22.15,21.85,21.90,-0.20,301497,6616437,400
2022-03-31,TPEx,8937,合騏,13.40,13.45,13.30,13.45,+0.15,37504,502900,39
2022-03-31,TPEx,8938,明安,78.50,78.70,78.10,78.70,+0.20,171236,13433229,222
2022-03-31,TPEx,8941,關中,37.65,39.00,37.65,38.50,+1.05,52462,2016643,47
2022-03-31,TPEx,8942,森鉅,67.50,67.60,67.30,67.50,0.00,66143,4460472,73
2022-03-31,TPEx,9949,琉園,13.05,14.30,13.05,14.30,+1.30,1820748,25852089,599
2022-03-31,TPEx,9950,萬國通,11.90,11.95,11.85,11.95,0.00,48158,572687,25
2022-03-31,TPEx,9951,皇田,73.50,73.60,72.80,73.50,0.00,63622,4661784,50
2022-03-31,TPEx,9960,邁達康,25.85,25.85,25.60,25.75,-0.10,10003,257977,10
2022-03-31,TPEx,9962,有益,21.10,21.40,20.65,20.65,0.00,2280981,47818283,1017
