date,market,code,name,open,high,low,close,change,volume,value,transactions
2022-01-06,TWSE,0050,元大台灣50,148.30,148.75,147.00,147.90,-1.40,9085138,1342084958,13496
2022-01-06,TWSE,0051,元大中型100,60.80,60.80,60.20,60.30,-0.50,89240,5396378,155
2022-01-06,TWSE,0052,富邦科技,136.25,137.40,135.65,136.65,-1.80,1029719,140344432,879
2022-01-06,TWSE,0053,元大電子,72.10,72.10,70.70,70.75,-1.35,12710,903831,25
2022-01-06,TWSE,0054,元大台商50,32.03,32.03,31.86,31.86,-0.14,3601,115001,5
2022-01-06,TWSE,0055,元大MSCI金融,24.72,24.87,24.66,24.78,0.06,794767,19701835,443
2022-01-06,TWSE,0056,元大高股息,33.40,33.50,33.31,33.41,-0.04,14111185,471427177,12402
2022-01-06,TWSE,0057,富邦摩台,101.70,102.05,101.20,101.45,-0.80,25100,2542472,12
2022-01-06,TWSE,0061,元大寶滬深,22.54,22.55,22.30,22.37,-0.21,189316,4247667,105
2022-01-06,TWSE,006203,元大MSCI台灣,71.30,71.30,70.50,70.60,-0.70,10851,769269,17
2022-01-06,TWSE,006204,永豐臺灣加權,91.60,92.10,91.30,91.40,-0.55,20289,1859372,27
2022-01-06,TWSE,006205,富邦上証,36.45,36.58,36.06,36.34,-0.19,1314589,47776694,453
2022-01-06,TWSE,006206,元大上證50,35.53,35.53,34.97,35.20,-0.39,166390,5845909,113
2022-01-06,TWSE,006207,復華滬深,29.55,29.55,29.10,29.28,-0.22,281450,8253288,42
2022-01-06,TWSE,006208,富邦台50,84.10,84.10,83.05,83.45,-1.05,4751006,396632948,6020
2022-01-06,TWSE,00625K,富邦上証+R,,,,,0.00,0,0,0
2022-01-06,TWSE,00631L,元大台灣50正2,148.25,149.50,146.65,148.25,-2.15,2893187,428035843,1189
2022-01-06,TWSE,00632R,元大台灣50反1,5.09,5.12,5.07,5.10,0.04,126987581,647208884,6834
2022-01-06,TWSE,00633L,富邦上証正2,53.65,54.10,51.90,52.65,-1.35,8747389,462911547,2222
2022-01-06,TWSE,00634R,富邦上証反1,3.97,4.03,3.96,4.01,0.06,981000,3937060,87
2022-01-06,TWSE,00635U,期元大S&P黃金,23.99,24.01,23.92,23.95,-0.10,256108,6138599,106
2022-01-06,TWSE,00636,國泰中國A50,24.74,24.80,24.32,24.50,-0.27,1063283,26060440,526
2022-01-06,TWSE,00636K,國泰中國A50+U,8.92,8.92,8.92,8.92,-0.09,200,1784,2
2022-01-06,TWSE,00637L,元大滬深300正2,21.43,21.54,20.65,20.93,-0.57,73537213,1546374625,12800
2022-01-06,TWSE,00638R,元大滬深300反1,8.14,8.29,8.13,8.24,0.11,3808000,31361400,112
2022-01-06,TWSE,00639,富邦深100,16.28,16.28,15.90,16.04,-0.13,859095,13782999,352
2022-01-06,TWSE,00640L,富邦日本正2,30.73,30.73,29.95,30.18,-0.98,558010,16946161,190
2022-01-06,TWSE,00641R,富邦日本反1,9.93,10.03,9.91,10.02,0.16,382000,3818750,49
2022-01-06,TWSE,00642U,期元大S&P石油,13.64,13.66,13.53,13.56,-0.01,3475206,47233595,745
2022-01-06,TWSE,00643,群益深証中小,18.75,18.79,18.47,18.65,-0.10,431159,8006867,136
2022-01-06,TWSE,00643K,群益深証中小+R,,,,,0.00,0,0,0
2022-01-06,TWSE,00645,富邦日本,26.81,26.81,26.41,26.48,-0.41,206402,5496151,108
2022-01-06,TWSE,00646,元大S&P500,39.96,39.98,39.76,39.85,-0.68,1081086,43109528,1083
2022-01-06,TWSE,00647L,元大S&P500正2,77.50,77.50,76.35,76.80,-2.90,380794,29247028,92
2022-01-06,TWSE,00648R,元大S&P500反1,6.42,6.46,6.41,6.44,0.11,3618000,23270180,207
2022-01-06,TWSE,00650L,復華香港正2,19.50,19.59,19.09,19.28,-0.30,3335942,64507438,775
2022-01-06,TWSE,00651R,復華香港反1,8.20,8.22,8.13,8.17,0.05,359000,2943550,45
2022-01-06,TWSE,00652,富邦印度,29.20,29.33,29.11,29.11,-0.20,262221,7663381,180
2022-01-06,TWSE,00653L,富邦印度正2,46.29,46.64,45.73,45.86,-0.65,874146,40367689,235
2022-01-06,TWSE,00654R,富邦印度反1,8.14,8.17,8.08,8.16,0.09,718000,5829980,107
2022-01-06,TWSE,00655L,國泰中國A50正2,40.72,40.85,39.15,39.74,-1.06,2806208,111828534,1048
2022-01-06,TWSE,00656R,國泰中國A50反1,7.46,7.60,7.46,7.56,0.11,464000,3485880,27
2022-01-06,TWSE,00657,國泰日經225,34.05,34.05,34.00,34.02,-0.91,3000,102070,3
2022-01-06,TWSE,00657K,國泰日經225+U,12.44,12.44,12.44,12.44,-0.21,200,2488,2
2022-01-06,TWSE,00660,元大歐洲50,30.93,30.93,30.58,30.67,-0.38,11082,340795,13
2022-01-06,TWSE,00661,元大日經225,36.10,36.10,35.71,35.71,-0.77,13263,475591,13
2022-01-06,TWSE,00662,富邦NASDAQ,56.30,56.45,55.85,55.90,-1.75,1833945,102986662,1672
2022-01-06,TWSE,00663L,國泰臺灣加權正2,134.50,135.15,132.95,132.95,-3.05,331009,44467613,19
2022-01-06,TWSE,00664R,國泰臺灣加權反1,5.78,5.80,5.74,5.76,0.02,27670538,159731662,568
2022-01-06,TWSE,00665L,富邦恒生國企正2,13.58,13.65,13.24,13.36,-0.22,1662100,22274884,271
2022-01-06,TWSE,00666R,富邦恒生國企反1,13.83,13.91,13.83,13.91,0.21,74000,1029020,3
2022-01-06,TWSE,00668,國泰美國道瓊,36.41,36.53,36.33,36.34,-0.36,38163,1388915,41
2022-01-06,TWSE,00668K,國泰美國道瓊+U,13.20,13.20,13.20,13.20,-0.10,200,2640,2
2022-01-06,TWSE,00669R,國泰美國道瓊反1,7.47,7.51,7.46,7.49,0.06,3670495,27465959,408
2022-01-06,TWSE,00670L,富邦NASDAQ正2,117.50,118.00,115.10,116.00,-7.60,2550876,298326448,1602
2022-01-06,TWSE,00671R,富邦NASDAQ反1,5.03,5.08,5.02,5.06,0.15,10804350,54434003,610
2022-01-06,TWSE,00673R,期元大S&P原油反1,12.97,13.08,12.95,13.06,0.02,3934566,51181655,516
2022-01-06,TWSE,00674R,期元大S&P黃金反1,12.97,13.01,12.97,13.01,0.09,45000,584310,8
2022-01-06,TWSE,00675L,富邦臺灣加權正2,57.85,58.30,57.20,57.80,-0.75,946080,54643328,291
2022-01-06,TWSE,00676R,富邦臺灣加權反1,3.15,3.17,3.14,3.16,0.03,15924050,50242395,382
2022-01-06,TWSE,00678,群益那斯達克生技,25.69,25.69,25.30,25.35,-0.84,290321,7379423,237
2022-01-06,TWSE,00680L,元大美債20正2,23.48,23.61,23.25,23.29,-0.51,146250,3427485,79
2022-01-06,TWSE,00681R,元大美債20反1,13.46,13.52,13.44,13.51,0.16,515050,6943303,77
2022-01-06,TWSE,00682U,期元大美元指數,18.95,18.95,18.91,18.94,0.02,41084,777660,28
2022-01-06,TWSE,00683L,期元大美元指正2,18.62,18.63,18.57,18.61,-0.03,538100,10007572,104
2022-01-06,TWSE,00684R,期元大美元指反1,,,,,0.00,0,0,0
2022-01-06,TWSE,00685L,群益臺灣加權正2,50.35,50.35,50.35,50.35,-1.20,1000,50350,1
2022-01-06,TWSE,00686R,群益臺灣加權反1,3.43,3.45,3.41,3.43,0.03,428668,1468021,47
2022-01-06,TWSE,00688L,國泰20年美債正2,23.45,23.57,23.23,23.24,-0.54,55000,1285160,27
2022-01-06,TWSE,00689R,國泰20年美債反1,14.20,14.24,14.15,14.24,0.16,242000,3429280,33
2022-01-06,TWSE,00690,兆豐藍籌30,34.86,34.86,34.60,34.77,-0.34,726606,25189182,52
2022-01-06,TWSE,00692,富邦公司治理,36.28,36.48,36.12,36.32,-0.24,4021028,145839318,3004
2022-01-06,TWSE,00693U,期街口S&P黃豆,21.90,21.93,21.63,21.64,-0.27,421402,9165620,155
2022-01-06,TWSE,00700,富邦恒生國企,14.48,14.48,14.14,14.18,-0.16,243375,3458071,122
2022-01-06,TWSE,00701,國泰股利精選30,27.35,27.37,27.25,27.37,-0.13,9197395,251134518,3862
2022-01-06,TWSE,00702,國泰標普低波高息,20.74,20.80,20.69,20.69,-0.08,112280,2330871,15
2022-01-06,TWSE,00703,台新MSCI中國,18.09,18.09,17.78,17.90,-0.19,368140,6584848,115
2022-01-06,TWSE,00706L,期元大S&P日圓正2,14.10,14.18,14.10,14.16,0.04,121000,1712000,19
2022-01-06,TWSE,00707R,期元大S&P日圓反1,,,,,0.00,0,0,0
2022-01-06,TWSE,00708L,期元大S&P黃金正2,26.05,26.11,25.93,26.02,-0.21,1039000,27022980,231
2022-01-06,TWSE,00709,富邦歐洲,23.80,23.84,23.57,23.57,-0.43,125000,2957480,25
2022-01-06,TWSE,00710B,復華彭博非投等債,17.81,17.81,17.70,17.71,-0.10,1181971,20966284,569
2022-01-06,TWSE,00711B,復華彭博新興債,19.73,19.73,19.67,19.67,-0.21,102661,2022716,65
2022-01-06,TWSE,00712,復華富時不動產,13.40,13.40,13.32,13.34,-0.12,2705012,36096639,2145
2022-01-06,TWSE,00713,元大台灣高息低波,42.80,42.95,42.70,42.88,0.06,1378246,59025680,721
2022-01-06,TWSE,00714,群益道瓊美國地產,23.21,23.21,23.03,23.05,-0.58,811332,18720344,342
2022-01-06,TWSE,00715L,期街口布蘭特正2,10.69,10.80,10.59,10.62,-0.06,30660776,327137928,2384
2022-01-06,TWSE,00717,富邦美國特別股,16.54,16.56,16.50,16.53,-0.03,531655,8793074,338
2022-01-06,TWSE,00728,第一金工業30,32.00,32.60,31.66,32.40,0.57,5089376,162702435,2722
2022-01-06,TWSE,00730,富邦臺灣優質高息,19.80,19.90,19.80,19.84,0.01,487094,9675077,477
2022-01-06,TWSE,00731,復華富時高息低波,59.10,59.35,59.00,59.20,0.10,1215296,71879774,229
2022-01-06,TWSE,00732,國泰RMB短期報酬,40.03,40.16,40.03,40.16,0.13,101000,4043160,3
2022-01-06,TWSE,00733,富邦臺灣中小,41.68,41.74,41.20,41.40,-0.29,588691,24364226,539
2022-01-06,TWSE,00735,國泰臺韓科技,33.13,33.13,32.93,32.98,-0.38,108636,3579472,27
2022-01-06,TWSE,00736,國泰新興市場,22.09,22.09,21.67,21.74,-0.19,112000,2438900,15
2022-01-06,TWSE,00737,國泰AI機器人,32.00,32.59,32.00,32.14,-1.06,870663,28128705,251
2022-01-06,TWSE,00738U,期元大道瓊白銀,23.19,23.19,22.96,23.02,-0.31,869273,20036873,216
2022-01-06,TWSE,00739,元大MSCI A股,27.59,27.59,27.13,27.31,-0.25,137088,3747010,91
2022-01-06,TWSE,00742,新光內需收益,22.55,22.65,22.55,22.57,-0.01,67535,1525824,36
2022-01-06,TWSE,00743,國泰中國A150,29.29,29.35,29.20,29.35,-0.20,5000,146360,5
2022-01-06,TWSE,00752,中信中國50,20.53,20.55,20.28,20.41,-0.19,5899287,120330054,2653
2022-01-06,TWSE,00753L,中信中國50正2,19.76,19.78,19.24,19.40,-0.38,2281886,44474210,745
2022-01-06,TWSE,00757,統一FANG+,49.49,49.57,49.14,49.20,-1.40,6002960,296094100,6113
2022-01-06,TWSE,00762,元大全球AI,42.88,43.00,41.81,42.69,-1.54,1630342,69464510,861
2022-01-06,TWSE,00763U,期街口道瓊銅,28.35,28.36,28.20,28.23,-0.30,17000,480240,16
2022-01-06,TWSE,00770,國泰北美科技,38.80,38.87,38.40,38.48,-1.33,197620,7646407,144
2022-01-06,TWSE,00771,元大US高息特別股,18.62,18.69,18.62,18.68,-0.11,165480,3086611,93
2022-01-06,TWSE,00774B,新光中國政金綠債,40.12,40.15,40.12,40.15,-0.01,3000,120390,3
2022-01-06,TWSE,00774C,新光中政金綠債+R,,,,,0.00,0,0,0
2022-01-06,TWSE,00775B,台新投等債15+,40.62,40.65,40.55,40.55,-0.35,6160,250078,7
2022-01-06,TWSE,00783,富邦中証500,24.23,24.29,23.94,24.08,0.02,343001,8251414,33
2022-01-06,TWSE,008201,BP上證50,116.90,116.90,116.90,116.90,0.00,100,11690,1
2022-01-06,TWSE,00830,國泰費城半導體,34.36,34.36,34.00,34.00,-1.00,10418663,355415179,6060
2022-01-06,TWSE,00850,元大臺灣ESG永續,36.35,36.41,36.09,36.28,-0.22,1560262,56532387,1450
2022-01-06,TWSE,00851,台新全球AI,34.05,34.14,33.72,33.86,-1.09,163439,5547011,86
2022-01-06,TWSE,00852L,國泰美國道瓊正2,22.95,22.95,22.70,22.76,-0.43,1500000,34290670,125
2022-01-06,TWSE,00861,元大全球未來通訊,32.26,32.28,32.02,32.09,-0.63,937081,30099982,441
2022-01-06,TWSE,00865B,國泰US短期公債,36.35,36.35,36.28,36.35,0.06,102000,3700700,4
2022-01-06,TWSE,00875,國泰網路資安,29.97,29.97,29.73,29.75,-0.70,1486878,44316478,772
2022-01-06,TWSE,00876,元大全球5G,33.18,33.18,32.63,32.72,-0.66,1427555,46788101,734
2022-01-06,TWSE,00878,國泰永續高股息,19.14,19.20,19.10,19.15,-0.02,15722767,300966695,8089
2022-01-06,TWSE,00881,國泰台灣科技龍頭,19.19,19.19,18.91,19.01,-0.31,34248949,651250425,16911
2022-01-06,TWSE,00882,中信中國高股息,14.23,14.26,14.10,14.12,-0.10,15872745,224654363,5333
2022-01-06,TWSE,00885,富邦越南,17.98,18.07,17.90,18.06,-0.02,6875859,123843572,2931
2022-01-06,TWSE,00891,中信關鍵半導體,17.39,17.39,17.10,17.20,-0.33,19048088,327633474,9244
2022-01-06,TWSE,00892,富邦台灣半導體,17.10,17.10,16.87,16.98,-0.22,9476588,160674780,3514
2022-01-06,TWSE,00893,國泰智能電動車,16.60,16.61,16.46,16.50,-0.47,32988067,545280837,16425
2022-01-06,TWSE,00894,中信小資高價30,16.57,16.57,16.34,16.41,-0.29,2874966,47276742,949
2022-01-06,TWSE,00895,富邦未來車,18.25,18.29,18.15,18.18,-0.51,16357418,297797644,6408
2022-01-06,TWSE,00896,中信綠能及電動車,15.61,15.61,15.48,15.55,-0.11,6139853,95356784,2582
2022-01-06,TWSE,00897,富邦基因免疫生技,11.94,11.95,11.90,11.90,-0.68,12270990,146232200,4572
2022-01-06,TWSE,00898,國泰基因免疫革命,8.80,8.81,8.72,8.77,-0.31,15831560,139034175,5032
2022-01-06,TWSE,00900,富邦特選高股息30,15.27,15.29,15.23,15.25,-0.04,45076770,687374350,18358
2022-01-06,TWSE,00901,永豐智能車供應鏈,15.78,15.78,15.62,15.70,-0.20,5815676,91160297,2540
2022-01-06,TWSE,01001T,土銀富邦R1,17.93,17.93,17.93,17.93,0.01,5000,89650,2
2022-01-06,TWSE,01002T,土銀國泰R1,18.12,18.14,18.12,18.14,0.02,84462,1530807,59
2022-01-06,TWSE,01003T,兆豐新光R1,19.85,19.85,19.80,19.80,-0.05,122000,2421200,5
2022-01-06,TWSE,01004T,土銀富邦R2,15.80,15.80,15.80,15.80,0.00,51000,805800,2
2022-01-06,TWSE,01007T,兆豐國泰R2,19.72,19.73,19.72,19.73,0.02,14000,276210,3
2022-01-06,TWSE,01009T,王道圓滿R1,9.08,9.10,9.08,9.10,0.00,46000,417900,8
2022-01-06,TWSE,01010T,京城樂富R1,10.30,10.30,10.30,10.30,0.00,25000,257500,10
2022-01-06,TWSE,020000,富邦特選蘋果N,7.57,7.60,7.57,7.60,-0.06,7000,53050,3
2022-01-06,TWSE,020002,元富新中國N,14.71,14.71,14.71,14.71,0.00,2000,29420,1
2022-01-06,TWSE,020004,兆豐電菁英30N,,,,,0.00,0,0,0
2022-01-06,TWSE,020006,永昌中小300N,,,,,0.00,0,0,0
2022-01-06,TWSE,020007,凱基臺灣500N,,,,,0.00,0,0,0
2022-01-06,TWSE,020008,元大特股高息N,12.93,12.96,12.92,12.96,0.03,97000,1254550,15
2022-01-06,TWSE,020011,統一微波高息20N,,,,,0.00,0,0,0
2022-01-06,TWSE,020012,富邦行動通訊N,6.72,6.72,6.72,6.72,-0.09,1000,6720,1
2022-01-06,TWSE,020015,統一MSCI美低波N,15.77,15.77,15.77,15.77,0.00,3000,47310,1
2022-01-06,TWSE,020016,統一MSCI美科技N,21.30,21.30,21.25,21.25,0.00,5000,106300,2
2022-01-06,TWSE,020018,統一價值成長30N,19.05,19.10,18.97,19.00,-0.10,101000,1922050,11
2022-01-06,TWSE,020019,統一特選台灣5GN,15.69,15.70,15.65,15.65,-0.35,28000,438830,6
2022-01-06,TWSE,02001L,富邦蘋果正二N,12.23,12.25,12.11,12.23,-0.23,42000,513560,5
2022-01-06,TWSE,02001R,富邦蘋果反一N,2.81,2.82,2.81,2.82,0.04,16000,45090,3
2022-01-06,TWSE,020020,元大台股領航N,7.96,7.96,7.84,7.87,-0.08,519000,4089360,105
2022-01-06,TWSE,020022,元大電動車N,5.78,5.78,5.71,5.72,-0.06,1299000,7441040,183
2022-01-06,TWSE,020028,元大特選電動車N,5.58,5.58,5.51,5.52,-0.06,1013000,5600950,244
2022-01-06,TWSE,020029,元大ESG高股息N,5.58,5.58,5.49,5.50,-0.08,843000,4647390,227
2022-01-06,TWSE,020030,統一智慧電動車N,5.36,5.36,5.24,5.26,-0.10,2174000,11465480,320
2022-01-06,TWSE,1101,台泥,47.30,47.60,47.15,47.60,0.45,12468214,590435369,6576
2022-01-06,TWSE,1101B,台泥乙特,52.10,52.10,52.10,52.10,0.10,1313,68282,2
2022-01-06,TWSE,1102,亞泥,43.80,44.10,43.70,44.10,0.20,2950572,129706558,2049
2022-01-06,TWSE,1103,嘉泥,20.40,20.50,20.40,20.45,0.05,163082,3338076,130
2022-01-06,TWSE,1104,環泥,21.60,21.65,21.50,21.50,-0.05,218897,4711089,152
2022-01-06,TWSE,1108,幸福,11.90,11.95,11.75,11.75,-0.15,182476,2157362,123
2022-01-06,TWSE,1109,信大,20.30,20.50,20.30,20.30,0.00,196580,4005915,130
2022-01-06,TWSE,1110,東泥,19.40,20.00,19.30,20.00,0.55,170553,3352807,111
2022-01-06,TWSE,1201,味全,22.00,22.05,21.95,22.00,-0.10,345717,7605760,233
2022-01-06,TWSE,1203,味王,32.35,32.40,32.30,32.40,0.00,4330,140096,17
2022-01-06,TWSE,1210,大成,52.70,52.80,52.40,52.70,0.20,652928,34363089,756
2022-01-06,TWSE,1213,大飲,8.40,8.40,8.21,8.24,-0.20,8000,66040,5
2022-01-06,TWSE,1215,卜蜂,80.60,81.10,80.40,80.60,0.00,314045,25343590,325
2022-01-06,TWSE,1216,統一,68.60,68.70,68.10,68.40,-0.50,4000756,273413537,2679
2022-01-06,TWSE,1217,愛之味,10.75,10.95,10.70,10.85,0.10,2131085,23060914,491
2022-01-06,TWSE,1218,泰山,27.15,27.25,27.00,27.15,0.00,161059,4374263,124
2022-01-06,TWSE,1219,福壽,19.85,20.00,19.85,19.95,0.05,324816,6471723,163
2022-01-06,TWSE,1220,台榮,15.80,15.80,15.75,15.80,0.00,223127,3520560,92
2022-01-06,TWSE,1225,福懋油,52.80,52.90,52.50,52.90,0.10,62247,3285549,55
2022-01-06,TWSE,1227,佳格,52.30,52.90,52.20,52.90,0.60,720914,37999774,541
2022-01-06,TWSE,1229,聯華,60.10,61.10,60.00,60.90,0.40,1349397,81658631,1266
2022-01-06,TWSE,1231,聯華食,69.00,69.00,68.20,68.30,-0.10,133619,9151893,297
2022-01-06,TWSE,1232,大統益,158.00,158.00,157.00,157.00,-1.00,44552,7012982,146
2022-01-06,TWSE,1233,天仁,34.30,35.10,34.30,35.10,0.10,15347,534561,22
2022-01-06,TWSE,1234,黑松,35.70,35.80,35.40,35.80,0.20,104022,3704882,127
2022-01-06,TWSE,1235,興泰,43.85,43.85,43.15,43.65,-0.20,100603,4362420,24
2022-01-06,TWSE,1236,宏亞,30.05,30.30,28.40,29.20,-0.30,1034409,30376437,729
2022-01-06,TWSE,1256,鮮活果汁-KY,329.50,330.50,327.00,328.00,-3.00,16844,5551322,329
2022-01-06,TWSE,1301,台塑,105.50,106.50,105.00,106.50,1.00,6381700,676459288,3280
2022-01-06,TWSE,1303,南亞,86.00,86.40,85.90,86.10,0.00,7407421,637567893,2691
2022-01-06,TWSE,1304,台聚,30.75,30.75,30.10,30.25,-0.35,7158200,217065359,3451
2022-01-06,TWSE,1305,華夏,34.70,35.20,34.55,35.00,0.20,3402436,118630615,1832
2022-01-06,TWSE,1307,三芳,20.95,20.95,20.75,20.80,0.00,61757,1283782,31
2022-01-06,TWSE,1308,亞聚,35.70,35.95,35.55,35.70,0.00,2922855,104383370,2135
2022-01-06,TWSE,1309,台達化,34.10,34.35,34.00,34.15,0.05,575617,19643423,500
2022-01-06,TWSE,1310,台苯,17.25,17.35,17.25,17.30,0.05,784291,13567622,358
2022-01-06,TWSE,1312,國喬,28.00,28.25,28.00,28.10,0.00,4253883,119498216,1712
2022-01-06,TWSE,1312A,國喬特,35.00,35.00,35.00,35.00,0.00,1000,35000,1
2022-01-06,TWSE,1313,聯成,21.20,21.35,21.00,21.10,-0.10,2457403,51894134,1003
2022-01-06,TWSE,1314,中石化,12.75,12.80,12.65,12.75,0.00,9008418,114604344,2550
2022-01-06,TWSE,1315,達新,86.20,86.40,86.00,86.40,0.30,21581,1859105,47
2022-01-06,TWSE,1316,上曜,20.00,20.90,20.00,20.60,0.50,7028118,144986734,2279
2022-01-06,TWSE,1319,東陽,33.20,33.20,32.75,32.75,-0.20,439777,14460927,331
2022-01-06,TWSE,1321,大洋,34.95,34.95,34.35,34.50,0.00,73008,2521624,40
2022-01-06,TWSE,1323,永裕,35.00,35.10,34.70,34.70,-0.45,95205,3312226,68
2022-01-06,TWSE,1324,地球,11.50,11.65,11.50,11.55,-0.10,29519,342078,25
2022-01-06,TWSE,1325,恆大,48.45,50.80,47.70,48.10,1.20,7407653,362167161,4757
2022-01-06,TWSE,1326,台化,81.00,81.00,80.50,81.00,0.10,2853860,230704143,1595
2022-01-06,TWSE,1337,再生-KY,7.27,7.32,7.27,7.27,-0.02,304021,2216592,392
2022-01-06,TWSE,1338,廣華-KY,55.00,55.60,54.40,54.50,-0.50,61079,3342465,57
2022-01-06,TWSE,1339,昭輝,34.60,34.60,34.40,34.40,-0.20,29666,1023925,81
2022-01-06,TWSE,1340,勝悅-KY,11.50,11.60,11.50,11.50,-0.05,100371,1158965,260
2022-01-06,TWSE,1341,富林-KY,68.50,68.50,68.50,68.50,0.20,1002,68650,3
2022-01-06,TWSE,1342,八貫,70.00,74.90,69.30,71.70,2.80,986773,71394759,832
2022-01-06,TWSE,1402,遠東新,29.00,29.30,29.00,29.25,0.20,4587317,133790864,1943
2022-01-06,TWSE,1409,新纖,19.95,20.05,19.90,20.00,0.05,1279607,25539864,559
2022-01-06,TWSE,1410,南染,36.20,36.60,35.60,35.70,-0.55,815418,29161306,114
2022-01-06,TWSE,1413,宏洲,10.75,10.90,10.65,10.75,-0.10,136845,1470726,69
2022-01-06,TWSE,1414,東和,18.15,18.65,18.15,18.20,-0.30,693745,12730268,386
2022-01-06,TWSE,1416,廣豐,11.10,11.30,11.10,11.25,0.05,99106,1112707,165
2022-01-06,TWSE,1417,嘉裕,14.75,14.85,14.65,14.65,-0.15,189728,2791092,98
2022-01-06,TWSE,1418,東華,15.80,15.80,13.25,14.50,-0.15,26664,384070,33
2022-01-06,TWSE,1419,新紡,42.65,42.65,42.05,42.05,-0.40,35249,1485633,36
2022-01-06,TWSE,1423,利華,19.70,19.75,19.60,19.75,0.05,78362,1542156,31
2022-01-06,TWSE,1432,大魯閣,11.70,11.70,11.55,11.55,-0.15,92333,1073180,146
2022-01-06,TWSE,1434,福懋,28.90,29.10,28.85,29.00,0.10,1510675,43717175,862
2022-01-06,TWSE,1435,中福,30.00,30.50,30.00,30.00,0.20,76191,2308901,65
2022-01-06,TWSE,1436,華友聯,54.00,54.00,53.80,54.00,0.00,15424,830887,19
2022-01-06,TWSE,1437,勤益控,25.80,26.05,25.60,26.05,0.35,310790,8066012,118
2022-01-06,TWSE,1438,三地開發,30.20,30.45,30.20,30.30,0.10,53138,1608017,39
2022-01-06,TWSE,1439,雋揚,23.30,23.60,23.30,23.35,0.05,47467,1108706,31
2022-01-06,TWSE,1440,南紡,25.25,25.30,24.60,24.80,-0.45,11074555,275225034,4960
2022-01-06,TWSE,1441,大東,9.40,9.41,9.33,9.34,-0.05,114262,1069691,108
2022-01-06,TWSE,1442,名軒,22.40,22.60,22.25,22.25,-0.15,235229,5263069,104
2022-01-06,TWSE,1443,立益物流,16.50,16.60,16.10,16.60,0.15,5914,97421,11
2022-01-06,TWSE,1444,力麗,11.15,11.20,11.10,11.15,0.00,904731,10076204,413
2022-01-06,TWSE,1445,大宇,15.45,15.50,15.40,15.40,-0.05,77786,1200660,52
2022-01-06,TWSE,1446,宏和,34.10,34.10,33.65,33.70,-0.35,103300,3492819,70
2022-01-06,TWSE,1447,力鵬,10.20,10.30,10.15,10.20,-0.05,1013727,10328222,402
2022-01-06,TWSE,1449,佳和,15.10,15.10,15.05,15.05,-0.10,32081,483978,40
2022-01-06,TWSE,1451,年興,20.85,20.90,20.80,20.85,-0.05,126668,2641114,101
2022-01-06,TWSE,1452,宏益,23.80,23.90,23.70,23.75,-0.05,116272,2764954,103
2022-01-06,TWSE,1453,大將,9.17,9.17,9.05,9.16,-0.01,63113,575591,55
2022-01-06,TWSE,1454,台富,14.90,15.00,14.70,14.90,0.00,377521,5604605,114
2022-01-06,TWSE,1455,集盛,16.10,16.20,15.85,15.95,-0.15,3682503,58822747,1351
2022-01-06,TWSE,1456,怡華,21.10,21.45,21.10,21.35,0.05,47318,1005711,37
2022-01-06,TWSE,1457,宜進,19.50,19.55,19.40,19.45,-0.10,601102,11706215,212
2022-01-06,TWSE,1459,聯發,12.90,12.90,12.65,12.65,-0.20,346221,4397503,180
2022-01-06,TWSE,1460,宏遠,9.49,9.49,9.41,9.43,-0.05,1184604,11176307,500
2022-01-06,TWSE,1463,強盛新,13.90,14.05,13.90,13.95,0.05,80044,1120766,60
2022-01-06,TWSE,1464,得力,15.65,15.70,15.60,15.60,-0.05,337334,5280640,406
2022-01-06,TWSE,1465,偉全,12.60,12.60,12.55,12.55,0.00,24181,305032,232
2022-01-06,TWSE,1466,聚隆,15.40,15.45,15.35,15.35,-0.05,185209,2849925,104
2022-01-06,TWSE,1467,南緯,14.30,14.50,14.30,14.30,0.05,912100,13137518,348
2022-01-06,TWSE,1468,昶和,13.05,13.05,12.90,13.05,-0.05,57000,739300,36
2022-01-06,TWSE,1470,大統新創,17.80,17.80,17.80,17.80,0.00,4001,71217,4
2022-01-06,TWSE,1471,首利,8.88,9.02,8.77,8.85,-0.05,762559,6772174,325
2022-01-06,TWSE,1472,三洋實業,34.75,35.00,33.80,34.00,-0.70,16481,570555,12
2022-01-06,TWSE,1473,台南,18.10,18.15,18.05,18.15,0.00,45864,831683,171
2022-01-06,TWSE,1474,弘裕,15.85,16.20,15.75,15.85,0.05,2255931,35991273,901
2022-01-06,TWSE,1475,業旺,50.00,50.70,50.00,50.20,0.25,13105,661117,22
2022-01-06,TWSE,1476,儒鴻,640.00,650.00,632.00,644.00,-2.00,1255850,802054957,1460
2022-01-06,TWSE,1477,聚陽,256.00,259.50,253.50,255.50,-1.50,1886525,481902984,3309
2022-01-06,TWSE,1503,士電,53.00,53.20,52.80,52.90,-0.10,18353,973794,36
2022-01-06,TWSE,1504,東元,31.00,31.10,30.90,31.05,0.10,665750,20637726,418
2022-01-06,TWSE,1506,正道,14.30,14.30,13.90,14.00,-0.20,287375,4046764,175
2022-01-06,TWSE,1507,永大,64.40,64.50,64.40,64.50,0.10,142098,9153882,102
2022-01-06,TWSE,1512,瑞利,5.86,5.86,4.96,4.96,-0.37,2364847,13398804,565
2022-01-06,TWSE,1513,中興電,45.35,45.55,45.10,45.20,-0.15,1800748,81510566,1206
2022-01-06,TWSE,1514,亞力,25.50,25.60,25.30,25.50,0.00,335784,8557739,322
2022-01-06,TWSE,1515,力山,56.00,57.10,55.50,55.90,-0.20,963002,53975535,630
2022-01-06,TWSE,1516,川飛,23.50,23.95,23.10,23.75,0.05,329012,7737197,116
2022-01-06,TWSE,1517,利奇,26.85,27.05,26.60,26.85,0.00,799980,21415655,473
2022-01-06,TWSE,1519,華城,37.15,37.15,36.85,37.10,-0.15,218141,8073217,286
2022-01-06,TWSE,1521,大億,40.35,40.40,40.25,40.30,0.10,18151,732231,19
2022-01-06,TWSE,1522,堤維西,19.65,19.65,19.40,19.45,-0.20,314218,6123951,198
2022-01-06,TWSE,1522A,堤維西甲特,44.15,44.15,44.10,44.10,0.00,3000,132350,2
2022-01-06,TWSE,1524,耿鼎,11.05,11.15,11.00,11.15,0.10,254691,2820834,144
2022-01-06,TWSE,1525,江申,61.10,61.10,60.60,60.60,-0.70,10030,609524,12
2022-01-06,TWSE,1526,日馳,49.60,50.00,49.20,49.80,0.00,150329,7474786,163
2022-01-06,TWSE,1527,鑽全,45.55,45.55,44.80,45.00,-0.55,532203,23969664,459
2022-01-06,TWSE,1528,恩德,11.65,11.65,11.35,11.35,-0.20,705521,8071883,258
2022-01-06,TWSE,1529,樂事綠能,22.90,23.00,22.25,22.50,-0.45,2446026,55260632,1385
2022-01-06,TWSE,1530,亞崴,33.30,33.40,33.20,33.40,0.10,5158,171605,6
2022-01-06,TWSE,1531,高林股,16.15,16.25,16.00,16.05,-0.10,115373,1862328,83
2022-01-06,TWSE,1532,勤美,32.55,33.50,32.45,33.50,0.80,802014,26529332,468
2022-01-06,TWSE,1533,車王電,71.00,73.00,66.70,72.40,2.40,34340964,2428810373,21114
2022-01-06,TWSE,1535,中宇,40.30,40.30,39.85,40.00,-0.30,49422,1975670,34
2022-01-06,TWSE,1536,和大,92.10,93.50,91.00,91.50,0.00,2097760,193693416,1995
2022-01-06,TWSE,1537,廣隆,138.50,138.50,138.00,138.00,0.00,64875,8966833,78
2022-01-06,TWSE,1538,正峰,10.40,10.40,10.40,10.40,0.30,1666,16922,10
2022-01-06,TWSE,1539,巨庭,21.60,21.70,21.50,21.70,0.10,115955,2504365,56
2022-01-06,TWSE,1540,喬福,15.05,15.10,15.00,15.05,0.00,76591,1153074,62
2022-01-06,TWSE,1541,錩泰,43.60,43.60,43.10,43.10,-0.50,5200,225000,6
2022-01-06,TWSE,1558,伸興,146.00,146.00,145.00,146.00,0.00,48483,7051167,313
2022-01-06,TWSE,1560,中砂,110.00,116.00,108.00,113.00,2.00,24973533,2828528107,15298
2022-01-06,TWSE,1568,倉佑,23.35,23.35,22.75,22.90,-0.45,261093,6000145,203
2022-01-06,TWSE,1582,信錦,69.80,69.80,69.20,69.30,-0.60,163692,11357830,187
2022-01-06,TWSE,1583,程泰,62.10,62.10,62.10,62.10,-1.10,1150,71460,3
2022-01-06,TWSE,1587,吉茂,25.45,26.00,25.35,25.80,0.10,105557,2711713,67
2022-01-06,TWSE,1589,永冠-KY,63.60,64.50,63.10,63.70,0.00,343930,21952392,332
2022-01-06,TWSE,1590,亞德客-KY,984.00,1015.00,972.00,978.00,7.00,1029678,1017481501,1083
2022-01-06,TWSE,1597,直得,86.70,89.80,86.60,88.00,0.10,137905,12211434,160
2022-01-06,TWSE,1598,岱宇,54.90,55.00,53.80,53.90,-1.00,333262,18065288,292
2022-01-06,TWSE,1603,華電,26.90,27.05,26.85,26.85,-0.05,49000,1320250,34
2022-01-06,TWSE,1604,聲寶,29.95,30.35,29.90,30.10,0.15,811043,24407972,573
2022-01-06,TWSE,1605,華新,26.00,26.05,25.80,25.95,-0.10,4262167,110437831,1675
2022-01-06,TWSE,1608,華榮,21.40,21.50,21.30,21.35,-0.05,1127482,24093889,584
2022-01-06,TWSE,1609,大亞,24.80,24.95,24.60,24.65,-0.15,1644184,40635532,1712
2022-01-06,TWSE,1611,中電,19.90,20.85,19.75,20.75,0.75,10488537,214456255,4167
2022-01-06,TWSE,1612,宏泰,26.20,26.30,26.05,26.20,0.00,785974,20581006,436
2022-01-06,TWSE,1614,三洋電,36.00,36.00,35.90,35.90,0.10,30467,1094863,22
2022-01-06,TWSE,1615,大山,31.75,31.95,31.75,31.90,0.00,23405,745657,58
2022-01-06,TWSE,1616,億泰,11.50,11.55,11.00,11.15,-0.35,1976130,22176016,937
2022-01-06,TWSE,1617,榮星,17.70,17.75,17.60,17.75,-0.05,33214,586967,26
2022-01-06,TWSE,1618,合機,14.45,14.45,14.20,14.30,-0.05,333412,4763755,292
2022-01-06,TWSE,1626,艾美特-KY,20.65,20.65,20.00,20.00,-0.75,217976,4410266,217
2022-01-06,TWSE,1701,中化,22.60,22.65,22.50,22.55,0.05,239554,5407383,189
2022-01-06,TWSE,1702,南僑,49.50,49.85,49.45,49.75,-0.05,146042,7261418,220
2022-01-06,TWSE,1707,葡萄王,160.50,161.50,159.50,161.00,1.00,234237,37655248,235
2022-01-06,TWSE,1708,東鹼,34.50,35.10,34.15,34.25,-0.25,1750532,60454705,1423
2022-01-06,TWSE,1709,和益,24.55,26.75,24.30,25.60,1.00,30582781,782439270,12586
2022-01-06,TWSE,1710,東聯,22.50,22.50,22.25,22.30,-0.20,2420493,54068645,870
2022-01-06,TWSE,1711,永光,26.90,27.45,26.65,26.90,-0.15,7321704,197399864,3622
2022-01-06,TWSE,1712,興農,28.15,28.15,27.80,27.90,-0.25,425718,11901019,322
2022-01-06,TWSE,1713,國化,24.50,24.60,24.50,24.55,0.05,29838,732478,22
2022-01-06,TWSE,1714,和桐,11.30,11.50,11.30,11.35,0.00,5445916,62193014,1410
2022-01-06,TWSE,1717,長興,40.20,40.60,39.60,40.15,-0.15,8244041,330369113,4471
2022-01-06,TWSE,1718,中纖,10.00,10.10,9.98,9.99,-0.06,4494321,44962748,1657
2022-01-06,TWSE,1720,生達,43.00,43.00,42.75,42.90,-0.10,169618,7270474,132
2022-01-06,TWSE,1721,國慶科技,27.20,27.95,26.60,26.60,-0.60,10556798,286748547,5328
2022-01-06,TWSE,1722,台肥,69.20,69.70,68.70,69.70,0.40,1435010,99560260,830
2022-01-06,TWSE,1723,中碳,117.00,118.00,116.50,117.00,-0.50,447495,52317023,434
2022-01-06,TWSE,1725,元禎,33.00,33.40,32.75,32.80,-0.50,209190,6886181,147
2022-01-06,TWSE,1726,永記,73.70,73.80,73.50,73.50,-0.30,22101,1626713,18
2022-01-06,TWSE,1727,中華化,49.45,50.40,48.20,48.20,-0.80,5130711,252187245,2888
2022-01-06,TWSE,1730,花仙子,63.50,63.50,63.30,63.30,0.10,26712,1693290,36
2022-01-06,TWSE,1731,美吾華,19.40,19.55,19.35,19.35,-0.10,234542,4553238,146
2022-01-06,TWSE,1732,毛寶,40.50,41.35,39.30,41.35,3.75,27158997,1106223923,11025
2022-01-06,TWSE,1733,五鼎,25.75,25.80,25.50,25.65,-0.10,244184,6267134,142
2022-01-06,TWSE,1734,杏輝,28.85,29.20,28.65,28.80,0.05,767201,22157902,637
2022-01-06,TWSE,1735,日勝化,18.50,18.55,18.40,18.40,-0.10,21150,390615,15
2022-01-06,TWSE,1736,喬山,56.60,59.80,56.60,57.90,1.40,1070812,62545010,845
2022-01-06,TWSE,1737,臺鹽,33.15,33.25,33.10,33.15,0.00,171099,5670782,123
2022-01-06,TWSE,1760,寶齡富錦,74.60,77.50,73.90,74.10,0.30,1702606,128574134,1870
2022-01-06,TWSE,1762,中化生,64.20,65.20,63.80,64.00,0.00,346624,22308632,233
2022-01-06,TWSE,1773,勝一,164.50,164.50,160.00,164.00,-2.00,1391308,226493754,3487
2022-01-06,TWSE,1776,展宇,21.30,21.35,21.10,21.30,0.00,59084,1253389,55
2022-01-06,TWSE,1783,和康生,50.90,52.00,50.80,51.20,0.30,183495,9450094,135
2022-01-06,TWSE,1786,科妍,49.00,49.20,49.00,49.10,-0.25,14440,709465,23
2022-01-06,TWSE,1789,神隆,24.40,24.45,24.20,24.20,0.00,337339,8189987,231
2022-01-06,TWSE,1795,美時,96.40,96.40,95.50,95.90,-0.20,1148249,110093875,889
2022-01-06,TWSE,1802,台玻,26.50,26.50,25.75,25.90,-0.15,6180737,160240561,2893
2022-01-06,TWSE,1805,寶徠,14.10,14.20,13.90,14.00,-0.20,59204,828607,37
2022-01-06,TWSE,1806,冠軍,11.90,12.10,11.90,12.00,0.00,584237,7014758,332
2022-01-06,TWSE,1808,潤隆,55.00,55.00,54.60,54.70,-0.10,97940,5365002,97
2022-01-06,TWSE,1809,中釉,14.60,14.85,14.55,14.70,-0.10,1012226,14869499,493
2022-01-06,TWSE,1810,和成,16.80,17.20,16.70,17.10,0.30,1130245,19232965,424
2022-01-06,TWSE,1817,凱撒衛,36.80,37.00,36.80,37.00,0.00,23407,864609,21
2022-01-06,TWSE,1903,士紙,65.00,65.00,63.90,64.00,-0.10,148737,9534181,94
2022-01-06,TWSE,1904,正隆,34.65,35.25,34.55,35.00,0.35,3563623,124900430,1736
2022-01-06,TWSE,1905,華紙,23.80,24.45,23.80,23.95,0.20,4630881,111665438,2409
2022-01-06,TWSE,1906,寶隆,20.25,20.40,20.20,20.25,-0.10,606260,12288722,161
2022-01-06,TWSE,1907,永豐餘,34.25,34.65,34.15,34.25,0.15,2027872,69669078,1185
2022-01-06,TWSE,1909,榮成,23.70,24.05,23.70,23.80,0.00,3333193,79402343,1549
2022-01-06,TWSE,2002,中鋼,34.85,34.85,34.50,34.80,-0.05,21801664,756157401,7005
2022-01-06,TWSE,2002A,中鋼特,51.90,52.00,51.70,52.00,0.00,18545,961138,23
2022-01-06,TWSE,2006,東和鋼鐵,65.60,66.10,64.90,65.40,-0.50,2570318,168341847,5787
2022-01-06,TWSE,2007,燁興,20.50,20.50,20.00,20.05,-0.35,1932552,38906567,945
2022-01-06,TWSE,2008,高興昌,19.85,19.90,19.60,19.85,0.00,33012,653540,29
2022-01-06,TWSE,2009,第一銅,42.90,43.05,42.15,42.30,-0.60,1171887,49663903,902
2022-01-06,TWSE,2010,春源,23.75,23.80,23.50,23.50,-0.30,1050837,24792893,676
2022-01-06,TWSE,2012,春雨,30.65,30.65,30.30,30.35,-0.15,166128,5055950,175
2022-01-06,TWSE,2013,中鋼構,60.60,61.90,60.30,60.70,-0.30,1318803,80527261,1140
2022-01-06,TWSE,2014,中鴻,40.20,40.25,39.55,39.75,-0.50,11237028,447442395,5560
2022-01-06,TWSE,2015,豐興,83.70,83.90,83.00,83.20,-0.40,119377,9936485,469
2022-01-06,TWSE,2017,官田鋼,19.50,19.60,19.30,19.30,-0.35,1304463,25315033,720
2022-01-06,TWSE,2020,美亞,31.25,31.50,31.25,31.35,0.10,168351,5282312,116
2022-01-06,TWSE,2022,聚亨,13.85,13.85,13.70,13.70,-0.15,1488149,20440515,818
2022-01-06,TWSE,2023,燁輝,24.50,24.50,24.00,24.00,-0.35,6476821,155962911,3108
2022-01-06,TWSE,2024,志聯,20.20,20.20,19.90,19.90,-0.05,50053,999149,46
2022-01-06,TWSE,2025,千興,6.00,6.00,5.92,5.96,-0.11,587630,3499888,135
2022-01-06,TWSE,2027,大成鋼,45.10,45.40,45.00,45.20,0.15,6292763,284185356,3161
2022-01-06,TWSE,2028,威致,43.40,43.40,42.35,42.40,-0.60,1031780,44088567,813
2022-01-06,TWSE,2029,盛餘,32.30,32.30,31.80,31.95,-0.40,946023,30233282,639
2022-01-06,TWSE,2030,彰源,29.15,29.30,28.75,28.95,-0.20,2319660,67207712,1168
2022-01-06,TWSE,2031,新光鋼,57.50,57.80,57.10,57.30,-0.20,1029360,58998088,813
2022-01-06,TWSE,2032,新鋼,23.10,23.35,23.10,23.25,0.05,219191,5073523,125
2022-01-06,TWSE,2033,佳大,17.30,17.30,17.00,17.20,-0.10,181457,3112688,118
2022-01-06,TWSE,2034,允強,32.05,32.10,31.85,31.90,-0.10,730363,23321477,552
2022-01-06,TWSE,2038,海光,34.60,34.60,34.00,34.15,-0.20,986609,33736480,511
2022-01-06,TWSE,2049,上銀,302.50,317.00,302.00,309.00,6.50,3234433,1004903954,5021
2022-01-06,TWSE,2059,川湖,490.50,491.00,483.50,490.00,-4.50,168536,82152607,188
2022-01-06,TWSE,2062,橋椿,27.80,27.85,27.65,27.75,0.15,273824,7595034,157
2022-01-06,TWSE,2069,運錩,33.75,33.75,33.00,33.10,-0.55,1440308,47922216,806
2022-01-06,TWSE,2101,南港,38.50,38.60,37.90,38.30,-0.60,66812530,2539414743,2341
2022-01-06,TWSE,2102,泰豐,27.75,28.75,27.50,28.60,0.85,1779236,50458874,792
2022-01-06,TWSE,2103,台橡,38.50,39.85,38.45,39.15,0.35,7273100,286020122,3729
2022-01-06,TWSE,2104,國際中橡,27.20,27.55,27.15,27.40,0.05,2227446,61031418,1055
2022-01-06,TWSE,2105,正新,35.65,35.80,35.45,35.65,-0.10,4287979,152599223,2144
2022-01-06,TWSE,2106,建大,30.75,30.75,30.45,30.70,-0.05,1036611,31690625,495
2022-01-06,TWSE,2107,厚生,22.80,22.85,22.60,22.60,-0.20,317687,7209802,254
2022-01-06,TWSE,2108,南帝,85.30,86.40,84.50,84.80,0.30,2510807,214259237,1925
2022-01-06,TWSE,2109,華豐,16.70,16.85,16.65,16.70,0.00,152179,2547883,133
2022-01-06,TWSE,2114,鑫永銓,120.00,121.50,120.00,120.50,-1.00,45936,5536486,56
2022-01-06,TWSE,2115,六暉-KY,40.30,40.65,40.30,40.35,-0.10,73388,2966599,48
2022-01-06,TWSE,2201,裕隆,43.40,43.60,43.00,43.60,0.05,3687366,159889041,2094
2022-01-06,TWSE,2204,中華,64.10,64.50,63.80,64.10,0.00,446941,28653910,351
2022-01-06,TWSE,2206,三陽工業,27.35,27.40,27.05,27.15,-0.25,691005,18795785,445
2022-01-06,TWSE,2207,和泰車,619.00,621.00,613.00,621.00,1.00,168905,104446124,239
2022-01-06,TWSE,2208,台船,21.90,22.30,21.90,22.05,0.15,2082417,46026330,1274
2022-01-06,TWSE,2211,長榮鋼,55.30,56.90,55.10,56.30,1.00,2512038,141637500,1777
2022-01-06,TWSE,2227,裕日車,248.00,248.00,247.00,248.00,1.00,24243,6008313,68
2022-01-06,TWSE,2228,劍麟,71.10,71.30,70.20,70.80,-0.70,157749,11178871,118
2022-01-06,TWSE,2231,為升,188.00,189.00,183.50,186.50,-4.00,810040,150692707,4283
2022-01-06,TWSE,2233,宇隆,107.50,112.00,107.50,109.50,0.50,1356312,149123134,1289
2022-01-06,TWSE,2236,百達-KY,27.30,28.10,27.30,28.10,0.60,63035,1763276,35
2022-01-06,TWSE,2239,英利-KY,86.60,88.00,86.00,87.30,1.10,299648,26061426,264
2022-01-06,TWSE,2241,艾姆勒,50.60,51.10,50.50,50.50,-0.40,61304,3103701,65
2022-01-06,TWSE,2243,宏旭-KY,17.80,18.05,17.80,17.90,0.10,79424,1421437,52
2022-01-06,TWSE,2247,汎德永業,217.00,223.00,217.00,220.00,3.00,127438,28014025,233
2022-01-06,TWSE,2250,IKKA-KY,126.00,127.50,122.50,127.00,-1.00,693459,86584773,871
2022-01-06,TWSE,2301,光寶科,64.50,64.50,63.10,63.50,-0.90,5177799,329948651,4433
2022-01-06,TWSE,2302,麗正,16.95,17.00,16.70,16.80,-0.15,196338,3311136,131
2022-01-06,TWSE,2303,聯電,62.50,62.90,62.40,62.70,-0.40,80954633,5065137992,38516
2022-01-06,TWSE,2305,全友,10.60,10.85,10.45,10.45,-0.20,7091979,75321499,2299
2022-01-06,TWSE,2308,台達電,288.00,292.00,284.00,291.00,0.50,7366728,2128418262,11969
2022-01-06,TWSE,2312,金寶,15.80,15.90,15.65,15.90,0.00,13770608,217029570,4134
2022-01-06,TWSE,2313,華通,42.95,43.45,42.70,43.10,0.15,10593173,455858203,5283
2022-01-06,TWSE,2314,台揚,74.80,75.00,73.50,73.50,-2.00,1736662,128400660,1829
2022-01-06,TWSE,2316,楠梓電,34.45,35.95,34.10,34.90,0.35,4851679,171906259,2108
2022-01-06,TWSE,2317,鴻海,108.00,108.50,106.00,107.00,-2.00,49399140,5297978610,26343
2022-01-06,TWSE,2321,東訊,8.20,8.20,8.00,8.00,0.54,522125,4234734,210
2022-01-06,TWSE,2323,中環,13.10,13.55,13.00,13.15,-0.25,32239870,426259063,10864
2022-01-06,TWSE,2324,仁寶,24.50,24.65,24.40,24.65,0.10,11763912,288518938,4390
2022-01-06,TWSE,2327,國巨*,523.00,531.00,519.00,523.00,-12.00,7005041,3671987900,10196
2022-01-06,TWSE,2328,廣宇,39.65,39.80,39.00,39.15,-0.65,5006361,196782208,3246
2022-01-06,TWSE,2329,華泰,25.25,25.65,25.10,25.65,0.25,4351468,110461574,1937
2022-01-06,TWSE,2330,台積電,638.00,646.00,636.00,644.00,-6.00,57490736,36817638522,53430
2022-01-06,TWSE,2331,精英,22.15,22.25,22.05,22.20,-0.10,1090522,24176941,509
2022-01-06,TWSE,2332,友訊,18.25,18.25,18.00,18.05,-0.25,2683049,48538196,1662
2022-01-06,TWSE,2337,旺宏,41.30,41.90,41.05,41.50,-0.45,12183342,505326021,5907
2022-01-06,TWSE,2338,光罩,101.00,103.00,99.60,100.00,-2.00,8696154,876942383,6056
2022-01-06,TWSE,2340,台亞,68.10,69.80,66.70,69.00,0.50,27909557,1915826550,14751
2022-01-06,TWSE,2342,茂矽,47.65,48.60,47.25,47.70,-0.50,2629037,125684061,1943
2022-01-06,TWSE,2344,華邦電,31.05,31.05,30.40,30.65,-0.65,45004249,1378765895,17677
2022-01-06,TWSE,2345,智邦,269.00,271.00,265.00,266.00,-8.00,2144713,573482684,2025
2022-01-06,TWSE,2347,聯強,66.80,67.30,65.70,66.30,0.20,6985863,462842020,3910
2022-01-06,TWSE,2348,海悅,115.00,118.50,113.50,116.00,0.00,921699,107139480,1372
2022-01-06,TWSE,2348A,海悅甲特,38.00,38.00,37.95,37.95,-0.05,11886,451351,17
2022-01-06,TWSE,2349,錸德,11.00,11.40,10.90,11.00,-0.25,9501899,105385704,2694
2022-01-06,TWSE,2351,順德,160.00,163.50,159.50,160.00,-4.00,2317410,372355534,2398
2022-01-06,TWSE,2352,佳世達,30.90,31.15,30.80,30.85,0.15,9828277,304016865,4317
2022-01-06,TWSE,2353,宏碁,30.55,30.80,30.25,30.45,-0.60,22937666,698109521,9599
2022-01-06,TWSE,2354,鴻準,66.00,66.20,65.20,65.70,-0.50,4275572,280264331,2995
2022-01-06,TWSE,2355,敬鵬,40.50,40.85,39.50,39.70,-1.35,20419909,818013012,11284
2022-01-06,TWSE,2356,英業達,24.80,25.10,24.70,25.10,0.35,5621788,140366879,2037
2022-01-06,TWSE,2357,華碩,378.00,381.50,377.00,380.00,-0.50,2161995,820102650,2088
2022-01-06,TWSE,2358,廷鑫,23.95,25.95,23.70,25.95,2.35,29620543,747733380,10963
2022-01-06,TWSE,2359,所羅門,26.00,26.45,25.25,25.50,-1.00,4566427,116987722,2174
2022-01-06,TWSE,2360,致茂,198.00,201.00,196.50,198.50,-0.50,337203,67018199,410
2022-01-06,TWSE,2362,藍天,32.30,32.75,32.25,32.35,0.05,431372,14020695,289
2022-01-06,TWSE,2363,矽統,25.05,25.05,24.80,24.90,-0.30,4476152,111440317,2668
2022-01-06,TWSE,2364,倫飛,18.80,18.85,18.80,18.85,0.00,4700,88510,32
2022-01-06,TWSE,2365,昆盈,12.05,12.50,12.00,12.20,0.05,6642388,81873350,1563
2022-01-06,TWSE,2367,燿華,20.25,20.25,19.70,19.75,-0.50,6615593,131302230,3190
2022-01-06,TWSE,2368,金像電,76.00,76.60,75.40,75.70,-1.20,8874446,673227077,5360
2022-01-06,TWSE,2369,菱生,26.85,27.30,26.70,27.00,-0.10,5199337,139872672,2482
2022-01-06,TWSE,2371,大同,31.65,32.15,31.60,32.15,0.35,11895562,379595368,3865
2022-01-06,TWSE,2373,震旦行,90.00,90.20,89.80,90.00,0.30,16511,1484321,39
2022-01-06,TWSE,2374,佳能,29.50,32.20,28.85,31.15,1.40,69679466,2170644610,29203
2022-01-06,TWSE,2375,凱美,102.50,102.50,100.00,100.00,-3.00,2676912,269994712,2133
2022-01-06,TWSE,2376,技嘉,151.00,156.50,149.00,154.50,0.50,9929907,1524243271,6795
2022-01-06,TWSE,2377,微星,160.50,161.00,157.00,160.50,-2.00,4208394,671239174,3689
2022-01-06,TWSE,2379,瑞昱,560.00,565.00,548.00,555.00,-8.00,2932109,1625797711,2548
2022-01-06,TWSE,2380,虹光,15.75,16.50,15.70,16.10,0.15,1334673,21451321,745
2022-01-06,TWSE,2382,廣達,93.20,93.50,92.10,93.30,-0.20,7515833,697285679,5639
2022-01-06,TWSE,2383,台光電,279.00,288.50,279.00,285.00,4.50,4177426,1188759813,3381
2022-01-06,TWSE,2385,群光,84.70,85.60,84.00,85.00,0.00,2345558,199262048,2522
2022-01-06,TWSE,2387,精元,46.95,47.45,46.80,47.00,-0.65,912358,42875818,534
2022-01-06,TWSE,2388,威盛,81.80,84.10,81.10,82.00,-1.50,5030356,415297149,3849
2022-01-06,TWSE,2390,云辰,22.80,23.50,22.40,22.40,-0.10,4882925,111827356,2495
2022-01-06,TWSE,2392,正崴,42.40,42.80,41.65,41.80,-1.00,11999671,508358813,7607
2022-01-06,TWSE,2393,億光,52.60,53.30,52.10,52.20,-0.50,1934691,101732682,1126
2022-01-06,TWSE,2395,研華,396.00,397.00,389.00,394.50,-5.50,882803,346370087,1199
2022-01-06,TWSE,2397,友通,61.80,61.80,61.30,61.50,0.00,40843,2511560,59
2022-01-06,TWSE,2399,映泰,24.55,24.55,23.80,23.90,-0.95,4693138,113322242,2469
2022-01-06,TWSE,2401,凌陽,38.55,39.10,38.55,39.10,-0.10,6377796,247351023,4688
2022-01-06,TWSE,2402,毅嘉,17.10,17.30,17.05,17.20,-0.15,988848,16966580,434
2022-01-06,TWSE,2404,漢唐,184.00,191.00,183.50,188.50,4.00,2162329,406699528,2197
2022-01-06,TWSE,2405,輔信,18.20,18.65,17.50,18.05,-0.90,13345962,241618619,5993
2022-01-06,TWSE,2406,國碩,33.00,33.70,31.05,31.05,-3.40,39613170,1242339381,18180
2022-01-06,TWSE,2408,南亞科,75.00,75.20,73.30,73.80,-2.10,11854260,876753414,9405
2022-01-06,TWSE,2409,友達,22.70,22.70,22.30,22.40,-0.40,68034808,1528313023,16535
2022-01-06,TWSE,2412,中華電,116.00,116.00,115.00,115.50,0.00,4038682,465955166,2087
2022-01-06,TWSE,2413,環科,22.00,22.00,21.20,21.25,-0.95,786003,16903462,471
2022-01-06,TWSE,2414,精技,37.25,37.50,37.10,37.15,-0.10,119727,4456883,112
2022-01-06,TWSE,2415,錩新,42.60,44.20,42.60,43.00,0.50,602349,26168423,572
2022-01-06,TWSE,2417,圓剛,34.60,37.20,34.60,37.15,-0.45,10817948,392469715,6173
2022-01-06,TWSE,2419,仲琦,23.45,23.50,23.15,23.30,-0.25,858320,20010700,486
2022-01-06,TWSE,2420,新巨,44.00,44.00,43.70,43.90,-0.15,388388,17037139,367
2022-01-06,TWSE,2421,建準,42.30,43.35,42.15,43.10,0.20,934066,40025404,648
2022-01-06,TWSE,2423,固緯,28.00,28.15,27.80,27.90,-0.15,323084,9017674,234
2022-01-06,TWSE,2424,隴華,,,,,0.00,951,18393,5
2022-01-06,TWSE,2425,承啟,29.00,29.25,28.45,29.10,-0.10,448555,12941210,277
2022-01-06,TWSE,2426,鼎元,27.50,27.90,27.30,27.55,-0.25,2433595,67136524,1370
2022-01-06,TWSE,2427,三商電,13.45,13.90,13.45,13.70,-0.15,1345790,18397800,588
2022-01-06,TWSE,2428,興勤,154.00,155.50,152.00,152.50,-2.50,239164,36659382,511
2022-01-06,TWSE,2429,銘旺科,20.00,20.25,20.00,20.20,0.05,63000,1264900,31
2022-01-06,TWSE,2430,燦坤,38.15,38.50,38.00,38.00,-0.20,215366,8226545,189
2022-01-06,TWSE,2431,聯昌,13.90,14.00,13.70,13.75,-0.15,595021,8210334,276
2022-01-06,TWSE,2433,互盛電,51.30,51.50,51.30,51.40,0.00,20230,1039284,19
2022-01-06,TWSE,2434,統懋,39.50,39.50,39.50,39.50,0.00,1230,48490,4
2022-01-06,TWSE,2436,偉詮電,92.30,94.60,91.10,94.40,1.40,5475907,512705903,4665
2022-01-06,TWSE,2438,翔耀,14.60,14.70,14.35,14.55,-0.05,106698,1551969,61
2022-01-06,TWSE,2439,美律,94.30,94.60,93.60,94.60,0.40,591887,55711713,602
2022-01-06,TWSE,2440,太空梭,18.40,20.10,18.40,20.10,1.70,3157225,61883548,1879
2022-01-06,TWSE,2441,超豐,76.70,76.70,75.90,76.10,-0.60,944059,72061023,838
2022-01-06,TWSE,2442,新美齊,13.00,13.30,13.00,13.10,0.00,1878313,24689783,690
2022-01-06,TWSE,2443,昶虹,4.98,4.98,4.09,4.10,-0.43,4081624,19264804,728
2022-01-06,TWSE,2444,兆勁,13.55,13.85,13.55,13.65,-0.15,390853,5347528,202
2022-01-06,TWSE,2449,京元電子,44.55,44.60,44.10,44.25,-0.60,5074466,225104537,3285
2022-01-06,TWSE,2450,神腦,33.15,33.25,33.05,33.05,-0.10,129352,4285314,73
2022-01-06,TWSE,2451,創見,71.00,71.70,70.80,71.60,0.40,518263,36981393,409
2022-01-06,TWSE,2453,凌群,29.20,29.75,28.95,29.25,-0.15,295808,8664150,202
2022-01-06,TWSE,2454,聯發科,1150.00,1155.00,1110.00,1135.00,-40.00,8411284,9514641165,15403
2022-01-06,TWSE,2455,全新,135.00,136.00,132.50,134.00,-5.50,3727820,500273167,3291
2022-01-06,TWSE,2457,飛宏,49.95,50.90,49.10,49.60,-0.80,19540786,978551586,10328
2022-01-06,TWSE,2458,義隆,168.50,169.00,166.50,168.00,-2.00,2089050,350462883,2413
2022-01-06,TWSE,2459,敦吉,59.60,60.20,59.60,60.10,0.20,60697,3638527,74
2022-01-06,TWSE,2460,建通,28.95,29.50,28.85,29.10,-0.35,768119,22359470,520
2022-01-06,TWSE,2461,光群雷,23.75,23.75,23.30,23.40,-0.25,2229000,52239364,940
2022-01-06,TWSE,2462,良得電,28.00,28.55,27.95,28.05,0.15,640920,18063073,304
2022-01-06,TWSE,2464,盟立,43.70,43.70,43.20,43.40,-0.30,773944,33530573,745
2022-01-06,TWSE,2465,麗臺,80.60,81.70,79.60,79.80,-2.70,4541780,365412278,3099
2022-01-06,TWSE,2466,冠西電,36.40,36.40,36.00,36.00,-0.40,81000,2925150,44
2022-01-06,TWSE,2467,志聖,52.40,52.60,51.70,52.20,-0.40,269751,14076939,419
2022-01-06,TWSE,2468,華經,14.05,14.05,13.80,13.80,-0.20,151669,2101864,72
2022-01-06,TWSE,2471,資通,26.00,26.05,25.75,26.05,-0.05,73273,1896549,57
2022-01-06,TWSE,2472,立隆電,66.10,66.60,65.70,65.80,-0.80,347060,22913634,558
2022-01-06,TWSE,2474,可成,161.50,163.00,160.00,162.50,1.50,2238018,362256155,2840
2022-01-06,TWSE,2476,鉅祥,72.40,73.60,71.70,72.30,-0.10,5580714,405027431,3665
2022-01-06,TWSE,2477,美隆電,31.15,31.30,31.00,31.15,-0.20,248835,7753911,177
2022-01-06,TWSE,2478,大毅,65.30,66.00,65.30,65.50,0.20,190053,12440060,277
2022-01-06,TWSE,2480,敦陽科,74.90,74.90,74.20,74.20,-0.70,212727,15866531,539
2022-01-06,TWSE,2481,強茂,100.00,101.50,100.00,100.50,-1.50,6303324,632706524,5112
2022-01-06,TWSE,2482,連宇,16.10,16.60,16.10,16.20,-0.05,1022882,16657554,471
2022-01-06,TWSE,2483,百容,26.40,26.60,26.10,26.30,0.45,617001,16222291,347
2022-01-06,TWSE,2484,希華,39.00,39.00,38.40,38.70,-0.60,2404568,93027744,1457
2022-01-06,TWSE,2485,兆赫,21.35,21.35,20.90,20.90,-0.40,2659252,56013101,1637
2022-01-06,TWSE,2486,一詮,48.40,49.50,47.30,48.95,0.25,3745425,182700762,2051
2022-01-06,TWSE,2488,漢平,27.70,27.75,27.50,27.60,-0.15,77710,2142865,56
2022-01-06,TWSE,2489,瑞軒,17.30,17.35,17.20,17.25,-0.10,1800743,31078226,865
2022-01-06,TWSE,2491,吉祥全,21.75,21.75,21.00,21.00,-0.70,150979,3197263,143
2022-01-06,TWSE,2492,華新科,170.00,173.00,170.00,171.50,-1.50,2641827,452380604,7536
2022-01-06,TWSE,2493,揚博,38.65,38.65,38.30,38.35,-0.30,220751,8469122,150
2022-01-06,TWSE,2495,普安,19.40,19.95,19.30,19.35,0.15,6520273,127541934,2589
2022-01-06,TWSE,2496,卓越,49.45,49.50,49.40,49.50,0.00,6045,298823,7
2022-01-06,TWSE,2497,怡利電,79.90,80.80,73.40,78.00,-2.80,15565805,1212241606,9175
2022-01-06,TWSE,2498,宏達電,79.00,82.70,79.00,82.00,0.40,41919367,3409334667,21807
2022-01-06,TWSE,2501,國建,19.25,19.25,19.10,19.15,-0.05,220627,4227757,168
2022-01-06,TWSE,2504,國產,27.85,28.05,27.50,27.70,-0.10,4299264,118927872,2489
2022-01-06,TWSE,2505,國揚,24.70,24.80,24.50,24.65,0.05,334740,8260089,285
2022-01-06,TWSE,2506,太設,9.59,9.63,9.51,9.54,-0.05,111371,1067811,64
2022-01-06,TWSE,2509,全坤建,18.35,18.40,18.25,18.30,-0.05,140384,2572730,399
2022-01-06,TWSE,2511,太子,13.50,13.60,13.45,13.55,0.05,1241336,16773476,388
2022-01-06,TWSE,2514,龍邦,17.60,17.60,17.45,17.50,0.05,539369,9439886,54
2022-01-06,TWSE,2515,中工,8.99,9.01,8.91,8.96,-0.03,2510360,22498039,895
2022-01-06,TWSE,2516,新建,6.69,6.80,6.67,6.74,0.04,958864,6432393,241
2022-01-06,TWSE,2520,冠德,37.35,37.45,37.20,37.30,-0.15,1374007,51228623,1017
2022-01-06,TWSE,2524,京城,40.05,40.05,39.50,39.70,-0.20,62066,2460767,51
2022-01-06,TWSE,2527,宏璟,30.50,30.50,30.05,30.10,-0.30,306962,9244576,213
2022-01-06,TWSE,2528,皇普,21.90,21.90,21.60,21.80,-0.10,36001,780821,24
2022-01-06,TWSE,2530,華建,14.95,15.20,14.80,14.80,-0.15,1338882,19976208,388
2022-01-06,TWSE,2534,宏盛,23.90,24.05,23.85,24.05,0.05,685403,16432817,239
2022-01-06,TWSE,2535,達欣工,33.15,33.35,33.05,33.30,0.15,840466,27940787,540
2022-01-06,TWSE,2536,宏普,23.00,23.15,22.85,22.90,-0.10,97000,2222850,51
2022-01-06,TWSE,2537,聯上發,10.45,10.45,10.25,10.30,-0.15,1789024,18444039,420
2022-01-06,TWSE,2538,基泰,12.40,12.55,12.35,12.40,-0.15,627501,7801631,230
2022-01-06,TWSE,2539,櫻花建,31.00,31.10,30.95,31.05,0.05,664526,20599719,152
2022-01-06,TWSE,2540,愛山林,71.00,71.00,70.10,70.20,-1.70,26601,1875287,31
2022-01-06,TWSE,2542,興富發,46.10,46.30,46.00,46.30,0.20,3277118,151314146,1585
2022-01-06,TWSE,2543,皇昌,7.95,7.95,7.85,7.85,-0.06,18042,142640,14
2022-01-06,TWSE,2545,皇翔,37.40,37.65,37.30,37.50,-0.05,185501,6947794,156
2022-01-06,TWSE,2546,根基,49.50,49.90,49.50,49.65,0.15,132169,6574257,110
2022-01-06,TWSE,2547,日勝生,11.00,11.00,10.90,11.00,0.00,2091030,22922422,535
2022-01-06,TWSE,2548,華固,91.30,91.40,90.80,91.00,-0.30,152254,13864514,168
2022-01-06,TWSE,2597,潤弘,122.00,123.00,122.00,122.50,0.50,93759,11483262,175
2022-01-06,TWSE,2601,益航,12.85,12.95,12.65,12.70,-0.15,5810455,74112970,2354
2022-01-06,TWSE,2603,長榮,139.50,144.50,139.00,143.00,2.00,93502622,13346610083,39878
2022-01-06,TWSE,2605,新興,28.90,29.25,28.75,28.75,-0.15,3069901,88704496,1901
2022-01-06,TWSE,2606,裕民,60.10,61.30,59.80,60.00,-0.40,3563027,215287375,2259
2022-01-06,TWSE,2607,榮運,28.45,29.05,28.40,28.60,0.05,1838169,52774646,1078
2022-01-06,TWSE,2608,嘉里大榮,46.00,48.00,45.90,46.15,0.65,5006200,234677796,3442
2022-01-06,TWSE,2609,陽明,113.50,117.00,113.50,114.50,-0.50,35949650,4137080447,17427
2022-01-06,TWSE,2610,華航,27.10,27.60,26.80,27.40,0.10,139043981,3799116681,32931
2022-01-06,TWSE,2611,志信,19.55,19.75,19.35,19.45,-0.10,721628,14081939,437
2022-01-06,TWSE,2612,中航,56.70,57.40,55.80,56.10,-0.70,917836,51697050,752
2022-01-06,TWSE,2613,中櫃,25.85,25.90,25.65,25.85,0.00,204201,5260477,184
2022-01-06,TWSE,2614,東森,36.55,38.30,36.20,36.40,-0.40,38295095,1434453816,18992
2022-01-06,TWSE,2615,萬海,189.50,194.00,189.00,191.00,0.00,18014410,3454356415,10425
2022-01-06,TWSE,2616,山隆,36.55,36.60,36.55,36.55,0.00,29126,1065364,70
2022-01-06,TWSE,2617,台航,36.45,37.25,36.35,36.40,-0.25,1612282,58977883,1232
2022-01-06,TWSE,2618,長榮航,27.20,27.75,26.90,27.30,0.00,67479283,1845776285,19250
2022-01-06,TWSE,2630,亞航,18.50,18.60,18.40,18.45,-0.05,94404,1745512,111
2022-01-06,TWSE,2633,台灣高鐵,29.25,29.40,29.25,29.40,0.10,2409334,70716457,1429
2022-01-06,TWSE,2634,漢翔,29.70,30.10,29.65,29.65,0.10,3400069,101597485,1644
2022-01-06,TWSE,2636,台驊控股,131.50,134.50,131.50,133.00,0.50,1224730,162984801,1087
2022-01-06,TWSE,2637,慧洋-KY,82.20,83.50,81.60,81.60,0.20,10746877,885557590,8438
2022-01-06,TWSE,2642,宅配通,74.90,80.00,74.50,76.10,2.80,6481182,499207895,5238
2022-01-06,TWSE,2701,萬企,12.15,12.15,12.05,12.10,0.00,15286,184956,17
2022-01-06,TWSE,2702,華園,25.40,25.40,24.70,24.90,-0.20,278870,6964409,198
2022-01-06,TWSE,2704,國賓,31.10,31.35,30.70,31.25,0.20,159503,4952796,93
2022-01-06,TWSE,2705,六福,17.45,17.45,17.25,17.35,-0.10,64212,1111789,86
2022-01-06,TWSE,2706,第一店,14.30,14.30,14.10,14.15,-0.10,218102,3087034,322
2022-01-06,TWSE,2707,晶華,148.00,148.00,147.00,147.50,-0.50,98959,14613683,136
2022-01-06,TWSE,2712,遠雄來,40.00,40.00,40.00,40.00,0.00,1000,40000,1
2022-01-06,TWSE,2722,夏都,31.50,31.50,30.65,31.35,-0.20,3943,122733,5
2022-01-06,TWSE,2723,美食-KY,113.50,113.50,112.00,113.00,-0.50,223331,25170622,267
2022-01-06,TWSE,2727,王品,132.00,132.00,130.00,130.50,-1.50,530890,69293132,884
2022-01-06,TWSE,2731,雄獅,86.00,86.00,85.00,85.40,-0.60,147576,12597757,270
2022-01-06,TWSE,2739,寒舍,22.55,22.55,22.30,22.35,0.05,28100,628314,21
2022-01-06,TWSE,2748,雲品,39.30,39.30,38.95,39.10,-0.20,93702,3659202,81
2022-01-06,TWSE,2753,八方雲集,127.00,128.00,127.00,127.50,0.50,77114,9813319,107
2022-01-06,TWSE,2801,彰銀,17.30,17.60,17.25,17.50,0.20,17027157,297607387,5233
2022-01-06,TWSE,2809,京城銀,40.50,40.70,40.35,40.50,-0.15,1774724,71898452,943
2022-01-06,TWSE,2812,台中銀,12.35,12.45,12.30,12.35,0.00,8772898,108628121,2666
2022-01-06,TWSE,2816,旺旺保,19.60,19.60,19.45,19.45,-0.05,33305,649966,29
2022-01-06,TWSE,2820,華票,17.20,17.25,17.10,17.20,0.05,563171,9683599,277
2022-01-06,TWSE,2832,台產,20.35,20.35,20.25,20.25,-0.05,158917,3221776,90
2022-01-06,TWSE,2834,臺企銀,9.88,9.94,9.86,9.92,0.03,20963500,207740234,4471
2022-01-06,TWSE,2836,高雄銀,12.20,12.30,12.15,12.20,-0.05,430661,5271140,182
2022-01-06,TWSE,2836A,高雄銀甲特,24.40,24.40,24.40,24.40,0.00,13000,317200,5
2022-01-06,TWSE,2838,聯邦銀,13.50,13.65,13.45,13.55,0.05,851423,11559190,343
2022-01-06,TWSE,2838A,聯邦銀甲特,52.70,52.80,52.60,52.80,0.00,21079,1110708,93
2022-01-06,TWSE,2841,台開,3.99,4.11,3.99,4.10,0.11,827532,3365130,272
2022-01-06,TWSE,2845,遠東銀,10.80,10.85,10.75,10.85,0.05,3179930,34372249,656
2022-01-06,TWSE,2849,安泰銀,16.40,16.40,16.35,16.35,0.00,44524,728679,30
2022-01-06,TWSE,2850,新產,47.15,47.30,47.15,47.30,0.15,54695,2584606,47
2022-01-06,TWSE,2851,中再保,29.30,29.95,29.30,29.45,0.05,603643,17853311,380
2022-01-06,TWSE,2852,第一保,14.70,14.70,14.55,14.70,0.05,273018,3998878,116
2022-01-06,TWSE,2855,統一證,23.35,23.45,23.25,23.40,0.00,549499,12841733,387
2022-01-06,TWSE,2867,三商壽,9.17,9.19,9.15,9.17,0.00,1713059,15704484,649
2022-01-06,TWSE,2880,華南金,21.15,21.30,21.10,21.30,0.10,9144301,194312985,3337
2022-01-06,TWSE,2881,富邦金,75.70,75.90,75.20,75.90,0.20,16599654,1254804433,6995
2022-01-06,TWSE,2881A,富邦特,63.20,63.30,63.20,63.20,-0.10,22205,1403931,15
2022-01-06,TWSE,2881B,富邦金乙特,63.10,63.10,62.70,62.90,0.00,62217,3905001,32
2022-01-06,TWSE,2881C,富邦金丙特,60.10,60.10,60.10,60.10,0.00,233465,14030782,128
2022-01-06,TWSE,2882,國泰金,61.90,62.30,61.40,62.00,0.10,16290258,1007777653,5325
2022-01-06,TWSE,2882A,國泰特,63.00,63.10,63.00,63.10,0.00,16095,1015275,11
2022-01-06,TWSE,2882B,國泰金乙特,63.00,63.20,62.90,63.00,0.00,48385,3044037,12
2022-01-06,TWSE,2883,凱基金,17.15,17.35,17.10,17.25,0.05,45142923,777718300,12163
2022-01-06,TWSE,2883B,凱基金乙特,9.19,9.21,9.12,9.15,-0.09,32440603,297382492,7201
2022-01-06,TWSE,2884,玉山金,28.30,28.55,28.20,28.55,0.35,29977013,852790079,11091
2022-01-06,TWSE,2885,元大金,25.20,25.45,25.15,25.40,0.15,15214011,385679512,3764
2022-01-06,TWSE,2886,兆豐金,35.40,36.00,35.35,36.00,0.45,18393345,657915842,8517
2022-01-06,TWSE,2887,台新新光金,18.80,18.90,18.70,18.85,0.10,18140478,341269658,4946
2022-01-06,TWSE,2887E,台新新光戊特一,53.10,53.20,53.00,53.20,0.00,66167,3514651,36
2022-01-06,TWSE,2887F,台新新光戊特二,51.60,51.70,51.60,51.60,0.00,47232,2438287,21
2022-01-06,TWSE,2888,新光金,10.85,10.90,10.75,10.80,-0.10,57885641,625690379,7030
2022-01-06,TWSE,2888A,新光金甲特,42.65,42.75,42.65,42.75,0.05,29046,1239856,14
2022-01-06,TWSE,2888B,新光金乙特,43.00,43.00,42.85,43.00,0.00,93488,4016809,37
2022-01-06,TWSE,2889,國票金,15.90,15.95,15.85,15.90,0.00,2025467,32218541,1224
2022-01-06,TWSE,2890,永豐金,16.30,16.50,16.20,16.50,0.20,19669689,322449085,4071
2022-01-06,TWSE,2891,中信金,25.95,26.30,25.90,26.20,0.15,41174068,1074138333,12767
2022-01-06,TWSE,2891B,中信金乙特,64.10,64.40,63.90,64.20,0.00,27281,1745872,20
2022-01-06,TWSE,2891C,中信金丙特,61.50,61.60,61.40,61.50,0.00,74363,4573410,25
2022-01-06,TWSE,2892,第一金,24.65,24.80,24.60,24.80,0.15,13919244,343860332,4459
2022-01-06,TWSE,2897,王道銀行,7.98,8.05,7.98,8.01,0.03,3250553,26061446,683
2022-01-06,TWSE,2897A,王道銀甲特,10.10,10.15,10.10,10.15,0.05,36018,364280,10
2022-01-06,TWSE,2901,欣欣,25.50,26.20,25.50,26.10,0.40,105927,2734763,288
2022-01-06,TWSE,2903,遠百,21.30,21.35,21.20,21.25,0.05,258444,5493331,198
2022-01-06,TWSE,2904,匯僑,25.00,25.25,25.00,25.25,-0.10,48462,1219839,37
2022-01-06,TWSE,2905,三商,22.45,22.55,22.35,22.55,0.10,156037,3504052,203
2022-01-06,TWSE,2906,高林,15.45,15.45,15.30,15.45,0.00,221135,3406372,82
2022-01-06,TWSE,2908,特力,21.55,21.55,21.20,21.30,-0.15,136337,2912784,77
2022-01-06,TWSE,2910,統領,36.20,36.20,35.65,35.80,0.05,9041,324290,11
2022-01-06,TWSE,2911,麗嬰房,8.20,8.20,8.16,8.18,0.00,142641,1167346,253
2022-01-06,TWSE,2912,統一超,274.00,275.00,272.50,274.50,-0.50,615709,168732264,688
2022-01-06,TWSE,2913,農林,20.35,20.80,20.30,20.65,0.30,3058584,63092686,1118
2022-01-06,TWSE,2915,潤泰全,98.90,102.00,98.60,100.50,1.70,6519765,655582163,4449
2022-01-06,TWSE,2923,鼎固-KY,28.55,28.55,28.55,28.55,0.30,2549,72721,5
2022-01-06,TWSE,2929,淘帝-KY,12.55,12.60,12.35,12.40,-0.10,321565,4016727,172
2022-01-06,TWSE,2936,客思達-KY,27.10,27.25,27.10,27.25,0.05,7001,190127,7
2022-01-06,TWSE,2939,永邑-KY,33.50,36.00,33.10,34.25,0.85,97130,3322989,63
2022-01-06,TWSE,2945,三商家購,71.00,71.40,70.90,70.90,0.00,51820,3684349,56
2022-01-06,TWSE,3002,歐格,13.15,13.15,12.50,12.90,0.05,963813,12315907,452
2022-01-06,TWSE,3003,健和興,90.60,92.50,90.60,91.10,0.30,1569587,143827139,1353
2022-01-06,TWSE,3004,豐達科,60.70,62.30,59.30,59.50,2.00,348768,21065851,338
2022-01-06,TWSE,3005,神基,55.90,56.50,55.50,55.50,-0.60,930476,51948195,640
2022-01-06,TWSE,3006,晶豪科,155.00,159.50,154.50,155.00,-3.00,5402527,844947247,3659
2022-01-06,TWSE,3008,大立光,2600.00,2645.00,2570.00,2585.00,-25.00,1294226,3374826515,5178
2022-01-06,TWSE,3010,華立,109.00,110.00,106.00,108.00,-3.50,2047052,221042977,2731
2022-01-06,TWSE,3011,今皓,11.20,11.30,11.10,11.10,-0.15,849317,9477699,333
2022-01-06,TWSE,3013,晟銘電,14.95,15.25,14.70,14.90,-0.05,537986,8004536,281
2022-01-06,TWSE,3014,聯陽,107.50,110.50,107.00,109.00,1.00,2050248,223220264,1697
2022-01-06,TWSE,3015,全漢,46.65,46.90,46.15,46.70,0.00,236780,11032870,176
2022-01-06,TWSE,3016,嘉晶,126.50,131.50,126.00,129.50,-0.50,3781894,486849782,2605
2022-01-06,TWSE,3017,奇鋐,89.00,89.50,87.10,89.50,-0.70,6628406,585714330,5582
2022-01-06,TWSE,3018,隆銘綠能,18.30,19.20,18.05,18.90,0.60,452060,8481964,461
2022-01-06,TWSE,3019,亞光,93.60,94.70,93.60,93.90,-1.30,3100885,291494374,3824
2022-01-06,TWSE,3021,鴻名,23.55,24.05,23.55,23.75,0.00,458610,10865975,172
2022-01-06,TWSE,3022,威強電,46.30,46.75,46.00,46.50,-0.15,199583,9237498,250
2022-01-06,TWSE,3023,信邦,283.00,286.50,278.50,286.50,-1.50,1074086,302888537,1777
2022-01-06,TWSE,3024,憶聲,13.55,13.70,13.40,13.45,-0.10,670154,9049023,269
2022-01-06,TWSE,3025,星通,22.40,22.85,22.05,22.65,0.25,471522,10653633,257
2022-01-06,TWSE,3026,禾伸堂,120.00,121.00,119.00,121.00,0.50,430124,51845349,330
2022-01-06,TWSE,3027,盛達,22.10,22.30,21.85,22.10,0.00,566116,12506254,223
2022-01-06,TWSE,3028,增你強,34.00,34.10,33.65,33.90,-0.20,770892,26108554,500
2022-01-06,TWSE,3029,零壹,43.20,43.50,42.90,43.05,-0.25,354531,15283163,342
2022-01-06,TWSE,3030,德律,58.90,59.20,58.70,58.70,-0.40,431883,25434721,361
2022-01-06,TWSE,3031,佰鴻,25.05,25.45,25.00,25.20,0.10,771835,19486498,450
2022-01-06,TWSE,3032,偉訓,32.75,33.10,32.55,32.70,-0.05,97452,3192276,71
2022-01-06,TWSE,3033,威健,31.85,32.05,31.75,31.85,-0.45,5315553,169362924,2624
2022-01-06,TWSE,3034,聯詠,516.00,523.00,508.00,517.00,-3.00,6247868,3212079572,6802
2022-01-06,TWSE,3035,智原,213.00,215.50,206.00,211.00,-7.50,21390084,4507622340,14403
2022-01-06,TWSE,3036,文曄,74.60,76.50,74.40,75.40,0.10,3298309,248392624,2477
2022-01-06,TWSE,3036A,文曄甲特,48.95,49.00,48.90,48.95,-0.05,126000,6168000,45
2022-01-06,TWSE,3037,欣興,228.00,228.00,220.00,221.00,-9.00,32633746,7278805896,21531
2022-01-06,TWSE,3038,全台,19.20,19.25,19.00,19.15,-0.05,296109,5652865,213
2022-01-06,TWSE,3040,遠見,38.00,38.00,37.90,37.95,-0.05,27600,1047200,30
2022-01-06,TWSE,3041,揚智,39.00,40.00,38.20,39.50,0.00,13976251,550733653,6901
2022-01-06,TWSE,3042,晶技,105.50,106.00,104.00,105.50,-0.50,5212382,547010449,3567
2022-01-06,TWSE,3043,科風,5.37,5.37,4.61,4.80,-0.09,5072238,25991720,909
2022-01-06,TWSE,3044,健鼎,122.50,123.50,122.50,122.50,0.00,311526,38235860,249
2022-01-06,TWSE,3045,台灣大,99.70,99.70,99.00,99.20,-0.50,2726691,270456519,1610
2022-01-06,TWSE,3046,建碁,40.80,42.45,40.20,40.55,-1.05,564064,22989211,417
2022-01-06,TWSE,3047,訊舟,13.95,14.25,13.85,13.95,-0.10,3695491,51830442,1530
2022-01-06,TWSE,3048,益登,32.45,32.70,32.20,32.30,-0.30,707224,22895365,598
2022-01-06,TWSE,3049,精金,16.30,16.80,16.10,16.45,-0.15,24506455,403937740,7568
2022-01-06,TWSE,3050,鈺德,18.85,19.00,18.50,18.50,-0.45,1486454,27778629,829
2022-01-06,TWSE,3051,力特,33.50,36.00,33.50,35.75,0.80,4334947,153073499,2614
2022-01-06,TWSE,3052,夆典,10.60,10.65,10.55,10.60,0.00,337626,3576241,80
2022-01-06,TWSE,3054,立萬利,24.30,24.40,24.15,24.25,-0.05,45000,1089550,38
2022-01-06,TWSE,3055,蔚華科,30.90,31.05,30.25,30.55,-0.50,239271,7328621,275
2022-01-06,TWSE,3056,富華新,40.20,40.40,40.00,40.40,0.00,694647,27890760,368
2022-01-06,TWSE,3057,喬鼎,14.60,14.80,14.60,14.60,-0.10,195518,2867324,290
2022-01-06,TWSE,3058,立德,15.90,15.90,15.50,15.70,-0.10,666681,10497996,335
2022-01-06,TWSE,3059,華晶科,47.20,47.30,45.60,45.90,-2.10,19538512,907475323,11097
2022-01-06,TWSE,3060,銘異,25.30,26.85,24.95,26.30,0.70,14985553,395936931,4025
2022-01-06,TWSE,3062,建漢,30.30,30.65,30.10,30.40,-0.25,5696628,172844011,3267
2022-01-06,TWSE,3090,日電貿,53.50,53.60,53.20,53.50,-0.10,245422,13093532,315
2022-01-06,TWSE,3092,鴻碩,55.00,56.50,54.60,56.50,1.50,737219,41061114,496
2022-01-06,TWSE,3094,聯傑,42.30,43.20,40.70,40.90,-1.05,9403128,393701023,5274
2022-01-06,TWSE,3130,一零四,177.50,177.50,177.00,177.00,-0.50,7605,1350110,65
2022-01-06,TWSE,3138,耀登,233.50,237.00,229.00,229.50,-8.00,803869,186583844,2402
2022-01-06,TWSE,3149,正達,32.35,34.75,32.00,34.00,0.05,5976082,200012624,3041
2022-01-06,TWSE,3164,景岳,24.65,24.70,24.55,24.65,0.00,51685,1272028,66
2022-01-06,TWSE,3167,大量,96.00,97.60,94.00,95.40,-3.40,1042804,99865695,799
2022-01-06,TWSE,3189,景碩,229.00,230.00,222.00,228.00,-2.00,9016536,2036114535,5965
2022-01-06,TWSE,3209,全科,29.10,29.20,29.00,29.00,-0.20,351709,10224762,337
2022-01-06,TWSE,3231,緯創,29.05,29.10,28.90,28.95,-0.10,8023304,232500661,3436
2022-01-06,TWSE,3257,虹冠電,68.30,68.30,67.10,67.70,-0.70,342146,23131162,584
2022-01-06,TWSE,3266,昇陽,13.65,13.80,13.60,13.60,-0.10,518245,7084855,57
2022-01-06,TWSE,3296,勝德,19.10,19.10,18.65,18.65,-0.45,174168,3264550,114
2022-01-06,TWSE,3305,昇貿,81.00,82.90,80.50,82.50,1.00,2807228,229988312,2996
2022-01-06,TWSE,3308,聯德,15.60,16.80,15.60,16.60,0.00,418619,6762306,404
2022-01-06,TWSE,3311,閎暉,35.85,36.40,35.85,35.90,-0.60,241840,8723950,212
2022-01-06,TWSE,3312,弘憶股,24.00,24.20,23.80,23.90,-0.10,463956,11106730,326
2022-01-06,TWSE,3321,同泰,13.70,13.95,13.60,13.95,0.25,415428,5710339,221
2022-01-06,TWSE,3338,泰碩,54.40,55.40,54.10,54.60,-0.20,644647,35397319,514
2022-01-06,TWSE,3346,麗清,43.35,43.35,42.80,43.15,-0.35,365560,15760527,272
2022-01-06,TWSE,3356,奇偶,32.30,32.30,31.85,32.20,-0.10,264661,8489658,176
2022-01-06,TWSE,3376,新日興,96.40,96.40,95.00,96.20,-0.80,403658,38650103,460
2022-01-06,TWSE,3380,明泰,33.70,33.70,32.75,32.85,-0.85,2644605,87683671,1670
2022-01-06,TWSE,3383,新世紀,12.20,12.20,9.99,9.99,-1.11,2887434,33814836,1101
2022-01-06,TWSE,3406,玉晶光,563.00,585.00,558.00,584.00,12.00,6841685,3926932101,7027
2022-01-06,TWSE,3413,京鼎,244.50,252.00,243.50,247.00,-0.50,2112762,524321840,2478
2022-01-06,TWSE,3416,融程電,78.30,78.30,77.70,78.10,-0.10,17171,1336438,61
2022-01-06,TWSE,3419,譁裕,24.80,25.15,24.35,24.45,-0.35,1873151,46374435,956
2022-01-06,TWSE,3432,台端,15.00,15.15,14.95,15.15,0.15,135022,2033628,77
2022-01-06,TWSE,3437,榮創,25.55,25.75,25.25,25.35,-0.35,478719,12187960,345
2022-01-06,TWSE,3443,創意,570.00,571.00,539.00,545.00,-35.00,2869128,1581526167,3796
2022-01-06,TWSE,3450,聯鈞,55.40,55.40,55.00,55.10,-0.50,293036,16165572,257
2022-01-06,TWSE,3454,晶睿,74.60,76.00,74.60,75.90,0.20,40592,3063052,56
2022-01-06,TWSE,3481,群創,19.30,19.30,19.00,19.10,-0.30,80012667,1530288541,20987
2022-01-06,TWSE,3494,誠研,6.16,6.30,5.81,6.00,-0.16,362519,2194578,179
2022-01-06,TWSE,3501,維熹,48.15,48.20,47.80,47.90,-0.25,112000,5371900,79
2022-01-06,TWSE,3504,揚明光,112.50,116.00,110.00,115.00,1.50,1447005,164083133,1230
2022-01-06,TWSE,3515,華擎,262.00,276.00,255.50,260.00,-2.00,6064816,1608827980,4398
2022-01-06,TWSE,3518,柏騰,24.00,24.25,23.70,23.90,-0.45,215461,5144310,143
2022-01-06,TWSE,3528,安馳,51.50,51.50,51.00,51.00,-0.10,7220,369380,15
2022-01-06,TWSE,3530,晶相光,129.00,129.50,126.50,126.50,-3.50,986428,125921760,990
2022-01-06,TWSE,3532,台勝科,279.50,281.00,269.50,274.00,-5.50,3614403,986327987,5753
2022-01-06,TWSE,3533,嘉澤,732.00,744.00,726.00,738.00,-1.00,390591,285712271,496
2022-01-06,TWSE,3535,晶彩科,18.00,18.00,17.70,18.00,-0.10,443400,7888044,242
2022-01-06,TWSE,3536,誠創,6.19,6.60,6.19,6.50,0.20,257843,1688745,86
2022-01-06,TWSE,3543,州巧,26.05,26.35,25.90,26.05,0.00,53023,1379202,27
2022-01-06,TWSE,3545,敦泰,164.00,165.50,162.00,163.00,-4.50,8707916,1423392406,7229
2022-01-06,TWSE,3550,聯穎,18.75,18.85,18.55,18.60,-0.25,445699,8303907,245
2022-01-06,TWSE,3557,嘉威,77.20,77.20,76.70,77.00,0.00,49482,3807571,99
2022-01-06,TWSE,3563,牧德,278.50,286.00,277.50,285.00,4.00,1192534,338222624,1417
2022-01-06,TWSE,3576,聯合再生,21.70,21.70,21.05,21.05,-0.65,8746859,186281925,4749
2022-01-06,TWSE,3583,辛耘,98.50,108.50,97.40,105.00,5.80,26913690,2831659493,17785
2022-01-06,TWSE,3588,通嘉,142.00,144.00,139.50,140.00,-4.50,1842310,259678460,1832
2022-01-06,TWSE,3591,艾笛森,22.95,23.15,22.70,22.85,-0.20,738505,16871039,406
2022-01-06,TWSE,3593,力銘,15.35,15.85,15.25,15.75,0.35,98072,1516604,63
2022-01-06,TWSE,3596,智易,128.00,129.00,125.50,128.00,-1.00,5249324,669503403,3612
2022-01-06,TWSE,3605,宏致,50.00,50.40,49.35,50.10,-0.30,1462829,72866609,1160
2022-01-06,TWSE,3607,谷崧,17.20,19.20,17.20,18.80,1.25,24610382,453985380,7107
2022-01-06,TWSE,3617,碩天,70.00,70.30,69.40,69.90,-0.80,20015,1402478,20
2022-01-06,TWSE,3622,洋華,28.25,28.25,27.90,28.00,-0.25,229656,6429216,155
2022-01-06,TWSE,3645,達邁,43.55,44.40,43.10,44.25,0.50,650128,28635776,463
2022-01-06,TWSE,3653,健策,415.00,419.50,408.00,411.50,-12.00,1173836,485506015,1123
2022-01-06,TWSE,3661,世芯-KY,963.00,984.00,941.00,944.00,-38.00,1976312,1894517692,2499
2022-01-06,TWSE,3665,貿聯-KY,256.50,258.50,248.00,252.50,-9.50,3881798,983991386,8721
2022-01-06,TWSE,3669,圓展,68.50,70.80,68.50,70.00,-1.10,2240961,156007466,1700
2022-01-06,TWSE,3673,TPK-KY,43.15,44.00,42.70,44.00,1.00,3117763,135993671,1932
2022-01-06,TWSE,3679,新至陞,89.80,90.50,89.50,89.90,0.10,45248,4067112,59
2022-01-06,TWSE,3682,亞太電,8.33,8.33,8.26,8.26,-0.09,1955312,16190174,936
2022-01-06,TWSE,3686,達能,15.65,15.65,15.35,15.35,-0.30,540566,8358612,372
2022-01-06,TWSE,3694,海華,26.00,26.50,25.90,25.95,-0.20,718627,18774612,448
2022-01-06,TWSE,3701,大眾控,75.40,77.10,73.20,74.90,-1.30,6328963,478126393,3737
2022-01-06,TWSE,3702,大聯大,51.80,52.00,51.30,52.00,0.20,3716987,192311291,2187
2022-01-06,TWSE,3702A,大聯大甲特,49.60,49.60,49.55,49.55,-0.05,99080,4910580,29
2022-01-06,TWSE,3703,欣陸,24.95,25.00,24.85,24.85,-0.10,504510,12557631,296
2022-01-06,TWSE,3704,合勤控,33.80,34.25,33.10,33.10,-1.10,6686015,224190369,3398
2022-01-06,TWSE,3705,永信,42.85,42.90,42.70,42.80,-0.05,76186,3261568,65
2022-01-06,TWSE,3706,神達,34.00,34.50,33.90,34.45,0.25,6271936,214291186,2907
2022-01-06,TWSE,3708,上緯投控,92.60,93.70,92.30,93.50,0.90,288333,26848331,290
2022-01-06,TWSE,3711,日月光投控,110.00,110.00,107.50,108.50,-2.50,18197295,1979848314,13377
2022-01-06,TWSE,3712,永崴投控,33.40,34.20,33.05,34.10,0.65,1771142,59941290,1098
2022-01-06,TWSE,3714,富采,83.00,86.00,82.00,85.20,1.10,34307005,2900526332,21759
2022-01-06,TWSE,4104,佳醫,57.30,57.50,57.30,57.30,-0.10,76703,4401731,75
2022-01-06,TWSE,4106,雃博,29.30,30.65,29.30,29.30,0.00,1182801,35283590,772
2022-01-06,TWSE,4108,懷特,23.35,23.35,22.65,22.70,-0.55,830919,18995288,510
2022-01-06,TWSE,4119,旭富,83.60,84.50,83.40,84.50,0.90,516566,43455546,431
2022-01-06,TWSE,4133,亞諾法,45.20,47.60,45.20,45.50,1.40,4458851,205538001,3215
2022-01-06,TWSE,4137,麗豐-KY,226.50,226.50,221.50,222.00,-4.00,141179,31563110,166
2022-01-06,TWSE,4141,龍燈-KY,25.20,25.25,25.10,25.10,0.00,863157,21704821,306
2022-01-06,TWSE,4142,國光生,44.50,45.00,44.00,44.00,0.05,9705512,428429847,1629
2022-01-06,TWSE,4148,全宇生技-KY,39.60,39.60,39.15,39.35,-0.15,16000,629650,11
2022-01-06,TWSE,4155,訊映,23.15,23.15,23.00,23.15,0.00,85345,1968626,65
2022-01-06,TWSE,4164,承業醫,37.65,37.85,37.65,37.85,0.20,78021,2943368,81
2022-01-06,TWSE,4190,佐登-KY,71.30,71.30,70.40,71.00,-0.40,45562,3227938,37
2022-01-06,TWSE,4306,炎洲,15.35,15.40,15.25,15.30,-0.05,599420,9183444,279
2022-01-06,TWSE,4414,如興,7.06,7.08,7.00,7.02,-0.04,2337643,16412999,693
2022-01-06,TWSE,4426,利勤,23.70,23.85,23.40,23.75,0.05,261707,6179333,256
2022-01-06,TWSE,4438,廣越,129.50,131.00,128.50,129.00,-2.50,44116,5715126,48
2022-01-06,TWSE,4439,冠星-KY,138.00,138.00,138.00,138.00,0.00,1000,138000,1
2022-01-06,TWSE,4440,宜新實業,46.60,46.90,46.60,46.80,-0.10,68593,3201930,57
2022-01-06,TWSE,4526,東台,17.15,17.25,17.10,17.25,0.05,129432,2222897,280
2022-01-06,TWSE,4532,瑞智,18.90,19.15,18.90,19.00,0.10,291638,5548633,153
2022-01-06,TWSE,4536,拓凱,145.00,146.00,143.00,144.50,-0.50,42004,6054580,42
2022-01-06,TWSE,4540,全球傳動,49.50,50.40,48.85,49.65,0.15,128496,6385193,112
2022-01-06,TWSE,4545,銘鈺,28.55,29.00,28.35,28.50,-0.10,62328,1778271,54
2022-01-06,TWSE,4551,智伸科,175.00,177.00,174.50,176.00,-1.00,107579,18897632,105
2022-01-06,TWSE,4552,力達-KY,31.90,31.90,31.80,31.80,-0.10,20760,660678,21
2022-01-06,TWSE,4555,氣立,52.80,53.40,52.20,52.80,0.80,63060,3325875,57
2022-01-06,TWSE,4557,永新-KY,74.70,74.70,74.10,74.50,-0.30,34133,2534573,38
2022-01-06,TWSE,4560,強信-KY,41.75,41.75,41.55,41.70,-0.05,58000,2415250,37
2022-01-06,TWSE,4562,穎漢,15.55,15.70,15.50,15.70,0.05,118694,1856103,100
2022-01-06,TWSE,4564,元翎,41.35,41.35,40.55,40.55,-0.30,202083,8220400,161
2022-01-06,TWSE,4566,時碩工業,47.65,48.15,47.65,47.85,0.20,51192,2453057,47
2022-01-06,TWSE,4571,鈞興-KY,99.80,99.80,98.60,98.60,-0.10,21148,2099833,15
2022-01-06,TWSE,4572,駐龍,99.40,100.00,99.30,99.50,-0.50,16253,1619875,29
2022-01-06,TWSE,4576,大銀微系統,111.00,114.50,111.00,114.00,0.00,152498,17281859,168
2022-01-06,TWSE,4581,光隆精密-KY,35.05,35.10,34.80,35.05,0.00,9000,315250,8
2022-01-06,TWSE,4720,德淵,19.70,20.95,19.50,19.50,0.00,16667514,336954530,7125
2022-01-06,TWSE,4722,國精化,44.50,45.60,44.20,45.10,0.60,979442,44162063,748
2022-01-06,TWSE,4737,華廣,74.10,74.60,73.60,74.20,-0.60,42020,3104576,36
2022-01-06,TWSE,4739,康普,140.00,142.00,138.50,140.50,-2.50,2520195,353742466,2124
2022-01-06,TWSE,4746,台耀,60.70,61.50,60.30,60.30,-0.20,960839,58406513,685
2022-01-06,TWSE,4755,三福化,156.50,165.00,156.50,161.00,-12.50,2683602,430687130,2146
2022-01-06,TWSE,4763,材料*-KY,104.50,104.50,103.00,103.50,-1.00,58598,6075832,53
2022-01-06,TWSE,4764,雙鍵,60.20,60.20,59.60,60.00,0.00,13177,786749,6
2022-01-06,TWSE,4766,南寶,143.50,144.50,143.00,144.00,0.50,41305,5945325,52
2022-01-06,TWSE,4770,上品,269.50,277.50,267.50,270.00,-2.00,599970,162938104,562
2022-01-06,TWSE,4807,日成-KY,27.00,27.00,26.70,26.90,-0.20,40001,1073227,23
2022-01-06,TWSE,4904,遠傳,63.90,64.00,63.50,64.00,0.20,1495498,95396366,1067
2022-01-06,TWSE,4906,正文,31.20,31.40,30.60,31.40,0.00,5354996,165648353,2740
2022-01-06,TWSE,4912,聯德控股-KY,157.50,158.00,155.00,158.00,0.50,154356,24196916,310
2022-01-06,TWSE,4915,致伸,56.70,57.10,56.40,56.50,-0.80,3519080,199619872,2421
2022-01-06,TWSE,4916,事欣科,30.90,31.40,30.65,31.10,0.15,703340,21838645,424
2022-01-06,TWSE,4919,新唐,137.50,140.00,135.00,138.00,-1.50,6244472,858674914,4771
2022-01-06,TWSE,4927,泰鼎-KY,127.50,138.00,126.00,137.00,8.50,13824149,1838825846,8077
2022-01-06,TWSE,4930,燦星網,25.90,26.10,25.60,25.85,-0.05,172039,4446432,187
2022-01-06,TWSE,4934,太極,37.20,38.45,37.00,37.65,-0.45,4069672,153489732,3419
2022-01-06,TWSE,4935,茂林-KY,82.50,82.50,81.00,81.30,-1.30,211842,17255196,347
2022-01-06,TWSE,4938,和碩,68.90,69.30,68.60,69.30,0.40,8182550,564763117,4076
2022-01-06,TWSE,4942,嘉彰,49.50,50.20,49.50,49.60,-0.15,516419,25706989,294
2022-01-06,TWSE,4943,康控-KY,32.15,32.20,31.30,31.50,-0.65,690330,21829153,1094
2022-01-06,TWSE,4952,凌通,66.60,67.30,66.30,66.60,-0.90,455851,30383405,553
2022-01-06,TWSE,4956,光鋐,25.90,26.40,25.80,26.10,-0.15,1035649,26963509,587
2022-01-06,TWSE,4958,臻鼎-KY,102.00,102.50,101.00,102.50,1.50,2268303,230963960,1568
2022-01-06,TWSE,4960,誠美材,13.40,13.50,13.25,13.35,-0.15,5375755,71772562,1585
2022-01-06,TWSE,4961,天鈺,256.50,261.50,249.00,250.00,-12.50,12465310,3162418775,10793
2022-01-06,TWSE,4967,十銓,45.50,46.90,45.50,46.30,-0.10,1177502,54499753,825
2022-01-06,TWSE,4968,立積,260.00,261.50,256.00,257.00,-3.00,664760,171417745,926
2022-01-06,TWSE,4976,佳凌,69.60,69.70,68.50,68.80,-0.80,727446,50196727,1007
2022-01-06,TWSE,4977,眾達-KY,84.50,84.50,83.90,83.90,-0.70,103328,8691407,176
2022-01-06,TWSE,4989,榮科,44.15,44.30,43.75,43.75,-0.55,439021,19299603,455
2022-01-06,TWSE,4994,傳奇,61.00,64.80,61.00,61.80,1.00,2322315,146331673,1794
2022-01-06,TWSE,4999,鑫禾,42.00,42.15,41.50,41.50,-0.25,196493,8215181,197
2022-01-06,TWSE,5007,三星,57.50,57.50,56.60,56.70,-0.40,11005,626886,13
2022-01-06,TWSE,5203,訊連,88.20,88.50,87.60,87.90,-0.30,77173,6790553,60
2022-01-06,TWSE,5215,科嘉-KY,77.30,78.50,77.10,78.50,1.00,108521,8460035,104
2022-01-06,TWSE,5222,全訊,201.00,204.50,199.00,199.50,-5.50,1064861,214080145,1093
2022-01-06,TWSE,5225,東科-KY,21.60,21.60,21.40,21.50,-0.10,24000,516000,9
2022-01-06,TWSE,5234,達興材料,150.00,150.00,143.50,149.50,-0.50,2574713,378996736,1958
2022-01-06,TWSE,5243,乙盛-KY,68.00,68.70,67.00,67.10,-1.40,2377526,160730362,2066
2022-01-06,TWSE,5258,虹堡,39.80,41.20,39.05,40.30,0.40,3983111,160891081,2597
2022-01-06,TWSE,5269,祥碩,1575.00,1615.00,1530.00,1555.00,-40.00,725040,1134593790,1643
2022-01-06,TWSE,5283,禾聯碩,121.00,121.00,119.50,120.00,-0.50,100523,12086005,195
2022-01-06,TWSE,5284,jpp-KY,44.70,44.70,43.80,43.80,-0.30,15000,659950,14
2022-01-06,TWSE,5285,界霖,101.50,102.50,100.00,101.00,-1.00,730107,73791926,621
2022-01-06,TWSE,5288,豐祥-KY,151.50,151.50,150.00,150.00,-3.00,41000,6172000,37
2022-01-06,TWSE,5388,中磊,68.60,68.90,67.20,67.40,-1.90,3769960,255652764,2636
2022-01-06,TWSE,5434,崇越,164.50,172.00,164.50,171.00,3.00,1809727,307189372,2889
2022-01-06,TWSE,5469,瀚宇博,44.50,44.90,44.20,44.25,-0.40,1112395,49366881,719
2022-01-06,TWSE,5471,松翰,92.90,93.50,91.60,92.70,-0.80,1103557,102162745,1169
2022-01-06,TWSE,5484,慧友,16.00,16.05,16.00,16.05,-0.10,19046,305196,30
2022-01-06,TWSE,5515,建國,14.00,14.00,13.85,14.00,0.00,242991,3382434,117
2022-01-06,TWSE,5519,隆大,22.20,22.55,22.20,22.50,0.20,1175973,26433852,588
2022-01-06,TWSE,5521,工信,8.55,8.57,8.51,8.53,-0.03,944499,8061028,326
2022-01-06,TWSE,5522,遠雄,62.60,64.50,62.10,62.90,1.20,2175736,137518057,1551
2022-01-06,TWSE,5525,順天,27.90,27.90,27.70,27.80,-0.10,44000,1223050,35
2022-01-06,TWSE,5531,鄉林,10.80,10.80,10.65,10.65,-0.10,640983,6853372,292
2022-01-06,TWSE,5533,皇鼎,19.00,19.00,18.90,19.00,0.00,653839,12319433,75
2022-01-06,TWSE,5534,長虹,72.50,72.50,72.10,72.20,-0.20,168987,12204543,151
2022-01-06,TWSE,5538,東明-KY,51.70,51.80,51.30,51.30,-0.40,80559,4145708,114
2022-01-06,TWSE,5546,永固-KY,56.30,57.50,56.00,56.80,0.30,16010,900568,13
2022-01-06,TWSE,5607,遠雄港,64.50,67.30,64.50,66.80,1.80,1035211,68960420,1089
2022-01-06,TWSE,5608,四維航,43.50,44.35,42.90,43.00,-0.70,6822063,296403032,7066
2022-01-06,TWSE,5706,鳳凰,42.45,42.45,41.60,42.10,-0.30,187296,7860109,167
2022-01-06,TWSE,5871,中租-KY,268.00,271.00,263.50,267.00,-1.50,1900287,508081984,5563
2022-01-06,TWSE,5871A,中租-KY甲特,101.50,102.00,101.50,102.00,0.00,37480,3821219,21
2022-01-06,TWSE,5876,上海商銀,47.30,47.85,47.30,47.85,0.30,3328586,158388928,1437
2022-01-06,TWSE,5880,合庫金,25.50,25.75,25.40,25.75,0.20,11340344,290497042,5363
2022-01-06,TWSE,5906,台南-KY,38.10,38.10,37.20,38.00,0.00,5241,197149,7
2022-01-06,TWSE,5907,大洋-KY,17.60,17.60,17.35,17.50,0.05,53100,925950,41
2022-01-06,TWSE,6005,群益證,16.80,17.00,16.75,16.90,0.00,3540432,59753945,969
2022-01-06,TWSE,6024,群益期,39.00,39.00,38.70,38.75,-0.25,194538,7555788,173
2022-01-06,TWSE,6108,競國,22.80,23.55,22.50,22.90,-0.45,1952124,44764657,1117
2022-01-06,TWSE,6112,邁達特,39.30,39.30,39.05,39.05,-0.25,56384,2207062,60
2022-01-06,TWSE,6115,鎰勝,42.80,42.85,42.75,42.75,-0.10,88472,3785262,68
2022-01-06,TWSE,6116,彩晶,17.15,17.20,16.80,16.90,-0.40,25432683,431701403,8196
2022-01-06,TWSE,6117,迎廣,18.60,19.25,17.90,18.30,-0.30,220333,4027112,171
2022-01-06,TWSE,6120,達運,14.85,15.50,14.70,15.15,0.25,11867029,180174058,4235
2022-01-06,TWSE,6128,上福,28.20,28.45,28.00,28.35,0.10,130172,3673251,69
2022-01-06,TWSE,6133,金橋,11.25,11.60,11.10,11.35,0.10,986193,11223185,350
2022-01-06,TWSE,6136,富爾特,19.10,19.20,18.90,19.20,0.10,266212,5072632,173
2022-01-06,TWSE,6139,亞翔,30.40,31.55,30.40,31.25,0.35,741021,23111449,407
2022-01-06,TWSE,6141,柏承,30.15,31.40,30.15,30.55,0.00,321363,9884948,270
2022-01-06,TWSE,6142,友勁,11.30,11.30,11.15,11.15,-0.15,361705,4060683,156
2022-01-06,TWSE,6152,百一,11.75,11.90,11.50,11.55,-0.30,1547278,18018825,698
2022-01-06,TWSE,6153,嘉聯益,26.80,27.40,26.50,27.25,0.35,4507472,122253575,2282
2022-01-06,TWSE,6155,鈞寶,25.00,25.10,24.70,24.80,-0.35,206383,5130725,157
2022-01-06,TWSE,6164,華興,15.75,16.40,15.75,16.20,0.10,1454930,23449413,752
2022-01-06,TWSE,6165,浪凡,37.75,37.95,37.45,37.90,0.00,385030,14495885,212
2022-01-06,TWSE,6166,凌華,63.80,64.60,62.90,64.40,1.50,193237,12336990,153
2022-01-06,TWSE,6168,宏齊,26.70,27.00,26.55,26.70,-0.20,1058842,28238491,666
2022-01-06,TWSE,6176,瑞儀,100.50,101.50,100.50,101.50,0.00,1141237,115366609,1015
2022-01-06,TWSE,6177,達麗,30.25,30.40,30.05,30.20,-0.05,240542,7246471,147
2022-01-06,TWSE,6183,關貿,51.10,51.30,50.80,51.00,0.00,61963,3162301,58
2022-01-06,TWSE,6184,大豐電,44.35,44.60,44.25,44.45,0.10,53412,2376387,37
2022-01-06,TWSE,6189,豐藝,41.70,41.75,41.45,41.70,0.00,184515,7682259,164
2022-01-06,TWSE,6191,精成科,37.25,38.00,37.25,37.40,-0.25,2065661,77462390,1739
2022-01-06,TWSE,6192,巨路,74.70,74.70,73.80,74.00,-0.70,128933,9552871,155
2022-01-06,TWSE,6196,帆宣,172.00,180.00,169.50,180.00,6.50,11965271,2118101564,10214
2022-01-06,TWSE,6197,佳必琪,41.10,42.15,40.95,41.90,0.50,1033570,43323681,715
2022-01-06,TWSE,6201,亞弘電,44.25,44.30,44.05,44.05,-0.35,9000,397750,9
2022-01-06,TWSE,6202,盛群,109.50,111.50,109.00,110.00,0.50,2247057,247706295,1780
2022-01-06,TWSE,6205,詮欣,69.60,72.30,67.50,70.00,-0.10,3071244,215591345,2012
2022-01-06,TWSE,6206,飛捷,82.50,83.80,81.50,83.00,-0.10,676306,56023716,566
2022-01-06,TWSE,6209,今國光,37.15,37.15,36.10,36.20,-1.10,2707071,98501111,1971
2022-01-06,TWSE,6213,聯茂,139.50,140.00,135.50,136.00,-3.50,3392158,465542399,3484
2022-01-06,TWSE,6214,精誠,84.20,84.30,84.10,84.10,-0.40,126382,10646269,124
2022-01-06,TWSE,6215,和椿,29.50,29.80,29.05,29.25,-0.35,282092,8253258,202
2022-01-06,TWSE,6216,居易,27.50,27.50,27.15,27.45,-0.05,128294,3512094,79
2022-01-06,TWSE,6224,聚鼎,123.50,125.00,123.00,123.50,0.00,525057,64931771,467
2022-01-06,TWSE,6225,天瀚,6.99,7.07,6.80,7.07,0.08,17956,125130,12
2022-01-06,TWSE,6226,光鼎,16.15,16.65,16.10,16.40,0.25,6738015,110694643,2581
2022-01-06,TWSE,6230,尼得科超眾,164.00,166.00,164.00,165.00,1.00,24341,4002745,28
2022-01-06,TWSE,6235,華孚,36.30,37.35,35.00,35.00,-0.35,33475955,1206010243,15755
2022-01-06,TWSE,6239,力成,99.30,99.90,98.40,98.50,-1.50,5862024,579773524,3698
2022-01-06,TWSE,6243,迅杰,54.50,55.50,54.00,54.10,-0.40,1079587,59038370,835
2022-01-06,TWSE,6251,定穎,22.40,22.45,22.10,22.40,-0.05,2699490,59999698,1537
2022-01-06,TWSE,6257,矽格,59.80,59.90,59.10,59.30,-0.30,2910609,172938748,1955
2022-01-06,TWSE,6269,台郡,105.50,107.50,104.00,104.50,0.00,5201649,549445654,3136
2022-01-06,TWSE,6271,同欣電,292.00,294.00,282.00,285.00,-11.50,4120216,1176690610,6476
2022-01-06,TWSE,6277,宏正,81.60,81.90,81.60,81.70,-0.20,35513,2904375,34
2022-01-06,TWSE,6278,台表科,129.00,133.00,127.00,133.00,2.00,16362727,2128648907,13612
2022-01-06,TWSE,6281,全國電,82.40,82.40,82.00,82.10,0.00,25620,2104388,38
2022-01-06,TWSE,6282,康舒,36.55,37.80,36.40,37.35,0.20,18259465,681929706,9467
2022-01-06,TWSE,6283,淳安,45.00,45.35,44.35,45.35,0.15,388738,17393442,364
2022-01-06,TWSE,6285,啟碁,75.40,76.00,75.00,75.20,-0.40,1553180,117069557,1234
2022-01-06,TWSE,6288,聯嘉,26.50,26.95,26.50,26.90,-0.05,356745,9561452,235
2022-01-06,TWSE,6289,華上,3.36,3.36,3.36,3.36,0.30,666442,2239241,97
2022-01-06,TWSE,6405,悅城,28.20,28.20,27.80,28.05,-0.25,91000,2547850,61
2022-01-06,TWSE,6409,旭隼,1605.00,1615.00,1530.00,1550.00,-55.00,119072,187319875,237
2022-01-06,TWSE,6412,群電,79.10,79.50,78.40,78.50,-1.00,386104,30492749,369
2022-01-06,TWSE,6414,樺漢,270.50,272.00,257.00,258.00,-18.00,15877984,4210695724,19269
2022-01-06,TWSE,6415,矽力*-KY,4665.00,4720.00,4430.00,4430.00,-490.00,519765,2360323813,2437
2022-01-06,TWSE,6416,瑞祺電通,107.00,111.00,104.00,111.00,2.50,4122648,444010681,3052
2022-01-06,TWSE,6426,統新,75.10,76.80,75.10,75.70,-0.10,57054,4319436,66
2022-01-06,TWSE,6431,光麗-KY,25.95,26.00,25.80,25.90,0.15,20000,518750,15
2022-01-06,TWSE,6438,迅得,115.00,119.00,114.50,116.00,-0.50,2639090,308365219,2651
2022-01-06,TWSE,6442,光聖,35.80,36.10,35.80,36.05,0.00,36007,1294255,18
2022-01-06,TWSE,6443,元晶,41.50,41.70,40.75,40.90,-1.10,26406760,1086008074,13937
2022-01-06,TWSE,6449,鈺邦,59.70,59.90,59.10,59.80,0.10,49271,2940543,43
2022-01-06,TWSE,6451,訊芯-KY,94.90,94.90,92.50,92.80,-1.20,238923,22307643,247
2022-01-06,TWSE,6456,GIS-KY,104.00,106.50,104.00,105.00,2.00,4334696,455051058,2752
2022-01-06,TWSE,6464,台數科,90.40,93.90,90.40,91.60,1.20,156173,14265293,96
2022-01-06,TWSE,6477,安集,52.50,52.50,50.20,50.60,-2.30,7578764,387613906,4595
2022-01-06,TWSE,6491,晶碩,440.00,459.00,434.00,451.50,21.50,2535892,1138759993,2869
2022-01-06,TWSE,6504,南六,117.00,120.00,116.00,116.00,0.50,346561,40695338,395
2022-01-06,TWSE,6505,台塑化,96.90,97.90,96.30,97.30,1.10,2593255,251642098,1625
2022-01-06,TWSE,6515,穎崴,409.00,414.00,400.00,403.00,-6.00,385446,156530366,461
2022-01-06,TWSE,6525,捷敏-KY,90.30,91.20,89.50,90.40,-0.80,422531,38088980,422
2022-01-06,TWSE,6531,愛普*,470.00,472.00,443.00,455.00,-21.00,5330806,2429338595,6938
2022-01-06,TWSE,6533,晶心科,511.00,514.00,491.00,496.00,-19.00,1399238,699404373,1756
2022-01-06,TWSE,6541,泰福-KY,59.00,60.90,58.50,60.30,1.40,1109489,66311262,830
2022-01-06,TWSE,6552,易華電,55.10,55.10,54.20,54.40,-0.70,150253,8197541,234
2022-01-06,TWSE,6558,興能高,34.30,34.75,34.15,34.20,-0.55,322104,11056309,209
2022-01-06,TWSE,6573,虹揚-KY,21.35,21.35,21.00,21.10,-0.30,144939,3059143,95
2022-01-06,TWSE,6579,研揚,68.80,70.00,68.80,69.00,-1.40,13107,907395,17
2022-01-06,TWSE,6581,鋼聯,83.50,83.80,83.30,83.80,-0.40,47286,3947958,53
2022-01-06,TWSE,6582,申豐,164.50,169.00,164.00,164.50,1.50,291811,48390619,286
2022-01-06,TWSE,6591,動力-KY,58.10,59.10,57.70,58.40,0.10,177481,10344904,143
2022-01-06,TWSE,6592,和潤企業,103.50,106.50,100.50,104.50,2.00,4823926,499794295,3926
2022-01-06,TWSE,6598,ABC-KY,43.25,45.50,43.10,44.00,1.50,1491804,65951440,1053
2022-01-06,TWSE,6605,帝寶,63.00,63.50,62.20,63.10,0.10,266054,16744819,189
2022-01-06,TWSE,6625,必應,33.15,33.15,32.30,32.30,-0.85,93774,3058723,83
2022-01-06,TWSE,6641,基士德-KY,61.60,61.70,60.70,60.70,-0.10,13253,807989,21
2022-01-06,TWSE,6655,科定,80.10,80.10,79.80,80.00,-0.10,22158,1773582,32
2022-01-06,TWSE,6666,羅麗芬-KY,67.70,68.40,66.80,66.80,-1.20,10000,674500,10
2022-01-06,TWSE,6668,中揚光,58.10,58.10,56.80,56.80,-1.30,368458,21087209,315
2022-01-06,TWSE,6669,緯穎,1090.00,1095.00,1035.00,1040.00,-75.00,846981,895173655,1318
2022-01-06,TWSE,6670,復盛應用,195.50,196.00,193.50,195.00,0.00,104219,20295612,284
2022-01-06,TWSE,6671,三能-KY,47.25,48.00,47.25,47.80,0.55,20000,947600,11
2022-01-06,TWSE,6672,騰輝電子-KY,131.00,132.50,128.00,129.00,-3.00,862212,112169245,820
2022-01-06,TWSE,6674,鋐寶科技,33.00,33.15,32.60,32.90,-0.10,26435,868962,28
2022-01-06,TWSE,6691,洋基工程,227.00,229.50,226.00,228.50,-0.50,244342,55574402,368
2022-01-06,TWSE,6698,旭暉應材,52.60,56.80,52.60,54.30,0.30,2228408,122988782,1577
2022-01-06,TWSE,6706,惠特,218.00,224.00,213.50,223.00,3.50,4102666,901863749,3246
2022-01-06,TWSE,6715,嘉基,123.00,124.00,122.00,123.00,-1.50,26848,3299899,178
2022-01-06,TWSE,6743,安普新,70.00,70.00,68.00,68.40,-2.10,389474,26737107,355
2022-01-06,TWSE,6754,匯僑設計,41.00,41.20,40.70,40.75,-0.05,53000,2168500,35
2022-01-06,TWSE,6756,威鋒電子,485.00,489.50,453.00,456.50,-46.50,2906487,1363439500,3808
2022-01-06,TWSE,6768,志強-KY,70.60,71.00,70.20,70.80,0.60,157125,11097912,108
2022-01-06,TWSE,6770,力積電,69.00,69.00,68.00,68.50,-0.80,14632720,999081850,10733
2022-01-06,TWSE,6776,展碁國際,44.10,44.10,43.10,43.20,-0.70,87759,3812717,107
2022-01-06,TWSE,6781,AES-KY,1895.00,1915.00,1835.00,1870.00,-40.00,515679,963422120,953
2022-01-06,TWSE,6790,永豐實,49.30,49.65,49.30,49.50,0.20,93981,4652266,99
2022-01-06,TWSE,6792,詠業,196.50,197.50,191.00,191.50,-7.00,481801,93107596,569
2022-01-06,TWSE,6806,森崴能源,105.50,105.50,101.50,102.50,-2.50,936896,96359902,840
2022-01-06,TWSE,8011,台通,20.05,20.30,19.80,20.05,-0.50,3006054,60159235,1470
2022-01-06,TWSE,8016,矽創,302.00,309.50,301.50,307.50,1.50,1893140,580966847,2020
2022-01-06,TWSE,8021,尖點,41.15,42.10,40.80,41.70,0.25,938582,38770116,737
2022-01-06,TWSE,8028,昇陽半導體,54.60,56.80,54.00,54.50,-0.10,5387358,298356928,4493
2022-01-06,TWSE,8033,雷虎,16.80,17.00,16.70,16.90,0.10,648958,10917096,401
2022-01-06,TWSE,8039,台虹,47.05,47.30,46.75,47.15,0.20,376964,17749561,292
2022-01-06,TWSE,8046,南電,585.00,588.00,572.00,573.00,-16.00,3609118,2084160365,3498
2022-01-06,TWSE,8070,長華*,37.20,37.80,37.10,37.70,-0.25,3132228,117353363,1934
2022-01-06,TWSE,8072,陞泰,26.90,27.00,26.35,26.35,-0.65,100748,2674937,98
2022-01-06,TWSE,8081,致新,261.00,262.00,255.50,256.00,-7.00,665446,171511941,1773
2022-01-06,TWSE,8101,華冠,3.59,3.59,3.21,3.21,-0.06,2755934,9612892,548
2022-01-06,TWSE,8103,瀚荃,54.10,54.70,52.60,52.70,-1.40,4724168,252366512,3201
2022-01-06,TWSE,8104,錸寶,82.80,91.00,82.00,86.90,2.70,19023403,1670177716,12675
2022-01-06,TWSE,8105,凌巨,13.15,13.30,13.05,13.20,-0.10,1300885,17116015,634
2022-01-06,TWSE,8110,華東,18.10,18.15,17.90,18.05,-0.05,2725845,49114072,1230
2022-01-06,TWSE,8112,至上,49.50,50.20,49.35,49.75,0.00,3426134,170667624,2340
2022-01-06,TWSE,8114,振樺電,126.00,127.50,124.00,124.00,-4.00,530794,66514447,495
2022-01-06,TWSE,8131,福懋科,38.55,38.75,38.40,38.50,-0.05,266612,10258616,231
2022-01-06,TWSE,8150,南茂,47.70,48.35,47.35,48.30,0.20,5068364,243621803,3048
2022-01-06,TWSE,8163,達方,48.65,48.80,47.95,48.15,-0.70,2349931,113507614,1603
2022-01-06,TWSE,8201,無敵,17.15,17.25,16.95,17.05,-0.10,658249,11218374,332
2022-01-06,TWSE,8210,勤誠,77.20,78.00,76.80,77.90,0.70,129317,10025281,126
2022-01-06,TWSE,8213,志超,48.30,48.60,48.30,48.55,0.00,845698,41020515,604
2022-01-06,TWSE,8215,明基材,37.50,37.85,37.25,37.35,-0.20,2442586,91535223,1482
2022-01-06,TWSE,8222,寶一,14.85,15.00,14.80,14.95,0.10,73586,1095942,139
2022-01-06,TWSE,8249,菱光,24.80,24.80,24.60,24.70,-0.15,181510,4476510,144
2022-01-06,TWSE,8261,富鼎,116.00,116.50,110.50,111.50,-5.50,11421647,1294766879,9053
2022-01-06,TWSE,8271,宇瞻,46.35,46.95,46.20,46.50,-0.35,422948,19665007,634
2022-01-06,TWSE,8341,日友,202.00,207.00,202.00,206.00,4.00,223604,45973738,719
2022-01-06,TWSE,8367,建新國際,53.20,54.10,52.80,53.60,0.40,183335,9834777,138
2022-01-06,TWSE,8374,羅昇,30.80,31.30,30.55,30.85,0.00,535627,16499147,344
2022-01-06,TWSE,8404,百和興業-KY,35.35,35.35,35.00,35.00,-0.10,117903,4131154,84
2022-01-06,TWSE,8411,福貞-KY,17.40,18.15,17.25,18.00,0.10,595451,10543312,263
2022-01-06,TWSE,8422,可寧衛*,220.50,220.50,215.50,217.00,-5.00,1256903,272742600,2250
2022-01-06,TWSE,8427,基勝-KY,73.50,74.00,73.50,73.70,0.30,107000,7887700,26
2022-01-06,TWSE,8429,金麗-KY,12.70,12.70,12.45,12.50,-0.20,559347,7010508,849
2022-01-06,TWSE,8442,威宏-KY,42.20,42.90,42.20,42.30,-0.10,25005,1065820,13
2022-01-06,TWSE,8443,阿瘦,12.25,12.25,12.10,12.15,-0.10,99273,1207138,240
2022-01-06,TWSE,8454,富邦媒,1630.00,1650.00,1575.00,1580.00,-75.00,498176,797236985,2354
2022-01-06,TWSE,8462,柏文,133.50,135.00,133.00,133.00,-0.50,75750,10119247,163
2022-01-06,TWSE,8463,潤泰材,30.05,30.10,30.00,30.00,-0.05,84986,2552874,60
2022-01-06,TWSE,8464,億豐,413.00,413.00,402.50,408.00,-5.00,222507,90719791,313
2022-01-06,TWSE,8466,美吉吉-KY,54.90,54.90,53.30,53.70,-0.40,40100,2152420,34
2022-01-06,TWSE,8467,波力-KY,40.45,41.70,40.25,40.25,-0.75,18000,729400,16
2022-01-06,TWSE,8473,山林水,33.25,33.25,33.10,33.20,-0.05,81854,2716001,64
2022-01-06,TWSE,8478,東哥遊艇,141.50,150.50,140.00,142.50,0.50,1624962,235133355,1411
2022-01-06,TWSE,8480,泰昇-KY,,,,,0.00,0,0,0
2022-01-06,TWSE,8481,政伸,73.40,73.40,73.20,73.30,-0.10,5041,369626,7
2022-01-06,TWSE,8482,商億-KY,71.30,72.00,71.00,72.00,0.70,17000,1214800,16
2022-01-06,TWSE,8488,吉源-KY,17.25,17.30,16.80,17.15,-0.10,22010,376973,18
2022-01-06,TWSE,8499,鼎炫-KY,130.00,130.50,129.50,130.00,-0.50,41062,5337033,38
2022-01-06,TWSE,8926,台汽電,37.70,37.75,37.60,37.60,-0.10,273080,10286535,279
2022-01-06,TWSE,8940,新天地,13.20,13.20,13.00,13.05,-0.05,31955,417948,209
2022-01-06,TWSE,8996,高力,59.70,60.80,58.90,59.10,-0.60,527402,31464473,373
2022-01-06,TWSE,9103,美德醫療-DR,14.50,14.50,14.30,14.35,0.30,1042275,15016742,399
2022-01-06,TWSE,910322,康師傅-DR,27.85,27.95,27.85,27.95,-0.55,2000,55800,2
2022-01-06,TWSE,9105,泰金寶-DR,4.87,5.03,4.85,4.98,0.11,37572682,185730491,5374
2022-01-06,TWSE,910861,神州-DR,8.12,8.24,7.81,8.21,-0.01,740350,5946274,118
2022-01-06,TWSE,9110,越南控-DR,3.08,3.15,2.98,3.11,-0.16,1196359,3694037,294
2022-01-06,TWSE,911608,明輝-DR,3.63,3.79,3.55,3.62,-0.28,832000,3037850,255
2022-01-06,TWSE,911622,泰聚亨-DR,6.07,6.08,6.00,6.01,-0.10,230000,1384010,48
2022-01-06,TWSE,911868,同方友友-DR,1.46,1.47,1.35,1.42,-0.06,2261255,3217243,418
2022-01-06,TWSE,912000,晨訊科-DR,3.20,3.20,3.06,3.10,-0.10,3438653,10693501,447
2022-01-06,TWSE,9136,巨騰-DR,6.25,6.25,6.05,6.07,-0.15,1717031,10522088,417
2022-01-06,TWSE,9188,精熙-DR,3.44,3.49,3.33,3.34,0.07,8449110,28698620,1063
2022-01-06,TWSE,9802,鈺齊-KY,103.00,104.00,102.00,104.00,0.50,849310,87663808,1171
2022-01-06,TWSE,9902,台火,13.50,13.65,13.45,13.50,0.00,670399,9085462,195
2022-01-06,TWSE,9904,寶成,33.00,33.00,32.75,32.85,0.00,3740183,122936606,1744
2022-01-06,TWSE,9905,大華,26.10,26.15,26.10,26.10,0.00,34264,894658,35
2022-01-06,TWSE,9906,欣巴巴,62.10,62.10,60.00,60.70,0.10,103070,6298476,67
2022-01-06,TWSE,9907,統一實,13.90,14.05,13.85,14.00,0.10,1390081,19415473,496
2022-01-06,TWSE,9908,大台北,33.15,33.15,33.00,33.00,0.00,103921,3439050,39
2022-01-06,TWSE,9910,豐泰,235.50,235.50,232.00,234.00,-2.00,519906,121452575,628
2022-01-06,TWSE,9911,櫻花,68.60,68.70,68.00,68.20,-0.20,110506,7544505,162
2022-01-06,TWSE,9912,偉聯,10.05,10.15,9.85,10.10,0.05,86406,863248,57
2022-01-06,TWSE,9914,美利達,327.50,332.00,327.00,330.00,2.50,389206,128299795,336
2022-01-06,TWSE,9917,中保科,102.50,103.50,102.50,103.50,1.50,150003,15435687,223
2022-01-06,TWSE,9918,欣天然,42.35,42.40,42.35,42.35,-0.15,14017,593668,13
2022-01-06,TWSE,9919,康那香,28.55,29.80,28.15,28.60,1.25,18350655,528523072,9628
2022-01-06,TWSE,9921,巨大,346.50,348.00,341.50,344.50,-3.00,572938,196805157,511
2022-01-06,TWSE,9924,福興,41.55,41.70,41.50,41.50,-0.05,65915,2740392,109
2022-01-06,TWSE,9925,新保,39.25,39.35,39.15,39.15,-0.10,146797,5761974,66
2022-01-06,TWSE,9926,新海,,,,,0.00,2,98,2
2022-01-06,TWSE,9927,泰銘,38.25,38.35,38.10,38.10,-0.15,205705,7853554,217
2022-01-06,TWSE,9928,中視,6.46,6.46,6.45,6.45,0.15,14056,90770,23
2022-01-06,TWSE,9929,秋雨,9.52,9.67,9.42,9.66,0.16,113003,1084158,56
2022-01-06,TWSE,9930,中聯資源,45.10,45.15,45.00,45.10,0.00,55810,2516466,50
2022-01-06,TWSE,9931,欣高,39.75,39.90,39.75,39.90,0.20,3002,119475,5
2022-01-06,TWSE,9933,中鼎,37.10,37.35,37.10,37.25,0.00,1025931,38241852,773
2022-01-06,TWSE,9934,成霖,14.95,14.95,14.80,14.85,0.00,172761,2563259,108
2022-01-06,TWSE,9935,慶豐富,19.70,19.70,19.60,19.60,-0.20,63071,1238707,46
2022-01-06,TWSE,9937,全國,48.90,49.00,48.90,49.00,0.10,28664,1404096,36
2022-01-06,TWSE,9938,百和,82.50,84.00,81.80,83.90,1.40,1231987,102569367,988
2022-01-06,TWSE,9939,宏全,71.10,71.10,70.50,70.50,-0.40,274833,19435330,354
2022-01-06,TWSE,9940,信義,34.60,34.70,34.45,34.60,-0.20,372644,12872887,283
2022-01-06,TWSE,9941,裕融,177.50,180.50,177.00,178.50,1.00,653478,116858203,3974
2022-01-06,TWSE,9941A,裕融甲特,51.20,51.30,51.20,51.30,0.00,12000,614800,9
2022-01-06,TWSE,9942,茂順,94.20,95.50,93.50,94.20,-0.80,356035,33544428,506
2022-01-06,TWSE,9943,好樂迪,60.10,60.20,60.00,60.10,-0.10,130640,7850744,166
2022-01-06,TWSE,9944,新麗,24.05,24.20,23.85,23.85,-0.25,183370,4402523,101
2022-01-06,TWSE,9945,潤泰新,63.20,64.50,63.10,63.60,0.50,6103119,389337358,4239
2022-01-06,TWSE,9946,三發地產,14.85,15.00,14.85,14.95,0.00,101554,1514986,62
2022-01-06,TWSE,9955,佳龍,17.30,17.30,17.15,17.20,0.00,59537,1025322,257
2022-01-06,TWSE,9958,世紀鋼,112.00,115.00,111.50,114.50,2.50,2497135,284474280,1617
2022-01-06,TPEx,006201,元大富櫃50,23.21,23.29,23.15,23.18,-0.28,49354,1144712,69
2022-01-06,TPEx,00679B,元大美債20年,40.42,40.42,40.01,40.04,-0.39,2331059,93628322,1508
2022-01-06,TPEx,00687B,國泰20年美債,42.13,42.13,41.80,41.80,-0.39,183449,7694727,99
2022-01-06,TPEx,00694B,富邦美債1-3,36.50,36.54,36.50,36.54,+0.05,117564,4294998,37
2022-01-06,TPEx,00695B,富邦美債7-10,36.00,36.07,35.91,35.91,-0.21,165581,5959748,90
2022-01-06,TPEx,00696B,富邦美債20年,41.86,42.04,41.76,41.76,-0.41,353439,14796259,251
2022-01-06,TPEx,00697B,元大美債7-10,38.10,38.14,38.00,38.00,-0.22,196050,7459596,32
2022-01-06,TPEx,00718B,富邦中國政策債,19.97,19.97,19.93,19.93,-0.03,163100,3253966,19
2022-01-06,TPEx,00719B,元大美債1-3,29.49,29.49,29.40,29.41,-0.10,130000,3830410,9
2022-01-06,TPEx,00720B,元大投資級公司債,42.95,42.95,42.77,42.77,-0.35,472964,20282819,207
2022-01-06,TPEx,00721B,元大中國債3-5,45.73,45.73,45.67,45.67,+0.06,173050,7904289,9
2022-01-06,TPEx,00722B,群益15年IG電信債,45.72,45.73,45.46,45.46,-0.54,239816,10933518,109
2022-01-06,TPEx,00723B,群益15年IG科技債,40.84,40.84,40.55,40.55,-0.36,111000,4502150,15
2022-01-06,TPEx,00724B,群益10年IG金融債,40.90,40.90,40.37,40.38,-0.52,470357,19052530,171
2022-01-06,TPEx,00725B,國泰投資級公司債,43.20,43.20,42.95,42.95,-0.30,205000,8827510,41
2022-01-06,TPEx,00726B,國泰5Y+新興債,40.93,40.93,40.87,40.87,-0.21,111000,4542970,5
2022-01-06,TPEx,00727B,國泰1-5Y高收債,37.61,37.63,37.58,37.59,-0.07,202052,7598533,35
2022-01-06,TPEx,00734B,台新JPM新興債,19.00,19.01,18.97,18.99,-0.12,1006000,19103920,21
2022-01-06,TPEx,00740B,富邦全球投等債,46.38,46.53,46.35,46.35,-0.14,147307,6832059,29
2022-01-06,TPEx,00741B,富邦全球高收債,36.79,36.79,36.66,36.68,0.00,117103,4296038,22
2022-01-06,TPEx,00744B,國泰中國政金債5+,42.86,42.92,42.86,42.92,+0.05,104000,4463440,3
2022-01-06,TPEx,00745B,富邦中政債0-1,40.97,40.97,40.96,40.96,+0.04,101000,4137470,5
2022-01-06,TPEx,00746B,富邦A級公司債,43.00,43.00,42.68,42.69,-0.33,92280,3943569,29
2022-01-06,TPEx,00747B,FH中國政策債,52.30,52.30,52.10,52.10,+0.05,101000,5262300,3
2022-01-06,TPEx,00748B,凱基中國債3-10,42.31,42.31,42.31,42.31,+0.16,100000,4231000,2
2022-01-06,TPEx,00749B,凱基新興債10+,41.00,41.07,41.00,41.00,-0.53,117000,4798070,7
2022-01-06,TPEx,00750B,凱基科技債10+,41.59,41.59,41.56,41.56,-0.25,101000,4197590,5
2022-01-06,TPEx,00751B,元大AAA至A公司債,43.15,43.15,42.85,42.85,-0.46,1197872,51607893,292
2022-01-06,TPEx,00754B,群益AAA-AA公司債,44.30,44.30,44.25,44.25,-0.44,103000,4562850,7
2022-01-06,TPEx,00755B,群益15年IG公用債,42.27,42.27,41.92,41.92,-0.45,207825,8728686,64
2022-01-06,TPEx,00756B,群益15年EM主權債,42.66,42.66,42.43,42.43,-0.57,165325,7029464,30
2022-01-06,TPEx,00758B,FH能源債,60.50,60.50,60.50,60.50,0.00,100000,6050000,2
2022-01-06,TPEx,00759B,FH製藥債,67.65,67.65,67.65,67.65,-0.05,100000,6765000,2
2022-01-06,TPEx,00760B,FH新興企業債,62.50,62.50,62.40,62.40,-0.35,116000,7249900,6
2022-01-06,TPEx,00761B,國泰A級公司債,44.29,44.29,44.16,44.16,-0.39,115000,5088520,8
2022-01-06,TPEx,00764B,群益25年美債,42.05,42.14,41.83,41.83,-0.45,24118001,1012953233,16
2022-01-06,TPEx,00765B,群益中國政金債,39.88,39.88,39.88,39.88,0.00,100000,3988000,2
2022-01-06,TPEx,00768B,FH20年美債,67.20,67.30,67.10,67.10,-0.80,115255,7754106,16
2022-01-06,TPEx,00772B,中信高評級公司債,42.83,42.83,42.45,42.45,-0.40,940360,40075250,636
2022-01-06,TPEx,00773B,中信優先金融債,43.65,43.65,43.18,43.18,-0.49,362911,15695810,160
2022-01-06,TPEx,00777B,凱基AAA至A公司債,41.84,41.86,41.79,41.79,-0.36,107000,4471710,10
2022-01-06,TPEx,00778B,凱基金融債20+,43.20,43.20,43.14,43.14,-0.40,104000,4489620,6
2022-01-06,TPEx,00779B,凱基美債25+,41.92,41.92,41.92,41.92,-0.50,100000,4192000,2
2022-01-06,TPEx,00780B,國泰A級金融債,39.25,39.25,39.14,39.14,-0.18,101000,3953250,3
2022-01-06,TPEx,00781B,國泰A級科技債,40.86,40.86,40.64,40.64,-0.38,113002,4602994,11
2022-01-06,TPEx,00782B,國泰A級公用債,,,,,,0,0,0
2022-01-06,TPEx,00784B,富邦中國投等債,36.24,36.24,36.22,36.22,-0.03,101000,3658240,5
2022-01-06,TPEx,00785B,富邦金融投等債,41.66,41.66,41.47,41.54,-0.30,97000,4028740,9
2022-01-06,TPEx,00786B,元大10年IG銀行債,40.14,40.14,40.04,40.04,-0.10,827000,33182110,9
2022-01-06,TPEx,00787B,元大10年IG醫療債,41.55,41.55,41.47,41.47,+0.08,252000,10465020,7
2022-01-06,TPEx,00788B,元大10年IG電能債,39.29,39.31,39.20,39.20,-0.04,172000,6751590,17
2022-01-06,TPEx,00789B,FH公司債A3,62.95,62.95,62.85,62.85,-0.30,101000,6347950,3
2022-01-06,TPEx,00790B,FH次順位IG金融債,61.05,61.05,61.05,61.05,-0.35,100000,6105000,2
2022-01-06,TPEx,00791B,FH美元信用債1-5Y,53.95,53.95,53.80,53.80,-0.15,101000,5433950,3
2022-01-06,TPEx,00792B,群益A級公司債,40.90,40.90,40.61,40.62,-0.51,111000,4518030,15
2022-01-06,TPEx,00793B,群益AAA-A醫療債,40.18,40.18,40.00,40.02,-0.31,134386,5377727,28
2022-01-06,TPEx,00794B,群益7+中國政金債,40.60,40.60,40.60,40.60,-0.03,100000,4060000,2
2022-01-06,TPEx,00795B,中信美國公債20年,40.50,40.50,40.10,40.11,-0.39,316287,12709970,75
2022-01-06,TPEx,00796B,中信中國債7-10,40.53,40.55,40.53,40.55,+0.05,104001,4217161,9
2022-01-06,TPEx,00799B,國泰A級醫療債,40.85,40.85,40.72,40.72,-0.17,113000,4605860,7
2022-01-06,TPEx,00831B,新光美債1-3,35.60,35.60,35.60,35.60,-0.14,50000,1780000,2
2022-01-06,TPEx,00834B,第一金金融債10+,40.43,40.75,40.43,40.75,-0.65,104000,4237430,11
2022-01-06,TPEx,00836B,永豐10年A公司債,38.34,38.40,38.20,38.24,-0.20,112145,4294896,15
2022-01-06,TPEx,00838B,永豐7-10年中國債,39.63,39.63,39.54,39.54,-0.02,103000,4072710,4
2022-01-06,TPEx,00840B,凱基IG精選15+,38.17,38.17,38.17,38.17,-0.23,100000,3817000,2
2022-01-06,TPEx,00841B,凱基AAA-AA公司債,38.68,38.68,38.68,38.68,-0.10,100000,3868000,2
2022-01-06,TPEx,00842B,台新美元銀行債,39.11,39.11,39.00,39.00,-0.25,112000,4371220,5
2022-01-06,TPEx,00843B,台新中國政策債,40.27,40.27,40.27,40.27,+0.02,100000,4027000,2
2022-01-06,TPEx,00844B,新光15年IG金融債,38.30,38.30,38.30,38.30,-0.20,2000,76600,2
2022-01-06,TPEx,00845B,富邦新興投等債,35.94,35.94,35.87,35.87,-0.15,102100,3662360,6
2022-01-06,TPEx,00846B,富邦歐洲銀行債,36.08,36.08,36.00,36.00,-0.12,205000,7384080,8
2022-01-06,TPEx,00847B,中信美國市政債,34.20,34.27,34.12,34.12,-0.29,218001,7450065,19
2022-01-06,TPEx,00848B,中信新興亞洲債,36.70,36.73,36.63,36.63,-0.22,120001,4400477,14
2022-01-06,TPEx,00849B,中信EM主權債0-5,35.50,35.50,35.46,35.46,-0.07,114001,4042916,8
2022-01-06,TPEx,00853B,統一美債10年Aa-A,34.35,34.35,34.35,34.35,-0.28,2000,68700,2
2022-01-06,TPEx,00856B,永豐1-3年美公債,35.54,35.54,35.53,35.53,-0.01,101000,3588540,3
2022-01-06,TPEx,00857B,永豐20年美公債,34.70,34.77,34.56,34.56,-0.33,123100,4268069,18
2022-01-06,TPEx,00858,永豐美國500大,29.48,29.48,29.27,29.29,-0.62,142479,4188274,49
2022-01-06,TPEx,00859B,群益0-1年美債,35.40,35.40,35.40,35.40,+0.02,100000,3540000,2
2022-01-06,TPEx,00860B,群益1-5年IG債,36.22,36.22,36.22,36.22,-0.04,100000,3622000,2
2022-01-06,TPEx,00862B,中信投資級公司債,38.75,38.81,38.60,38.60,-0.25,238121,9212757,26
2022-01-06,TPEx,00863B,中信全球電信債,38.63,38.64,38.45,38.45,-0.26,130001,5005259,21
2022-01-06,TPEx,00864B,中信美國公債0-1,36.29,36.29,36.29,36.29,+0.05,100000,3629000,4
2022-01-06,TPEx,00867B,新光A-BBB電信債,38.64,38.64,38.64,38.64,-0.16,2000,77280,2
2022-01-06,TPEx,00870B,元大15年EM主權債,37.10,37.10,37.01,37.01,-0.33,37100,1374000,16
2022-01-06,TPEx,00877,FH中國5G,13.60,13.61,13.44,13.61,0.00,1526868,20648250,324
2022-01-06,TPEx,00883B,中信ESG投資級債,37.86,37.88,37.74,37.74,-0.40,237299,8963953,41
2022-01-06,TPEx,00884B,中信低碳新興債,37.35,37.35,36.96,36.96,-0.50,229005,8469534,30
2022-01-06,TPEx,00886,永豐美國科技,22.47,22.58,22.34,22.41,-0.74,473888,10648666,321
2022-01-06,TPEx,00887,永豐中國科技50大,21.00,21.00,20.30,20.34,-0.48,1009429,20551419,225
2022-01-06,TPEx,00888,永豐台灣ESG,16.33,16.36,16.22,16.28,-0.12,7030622,114460381,3434
2022-01-06,TPEx,00889B,凱基ESG新興債15+,38.70,38.70,38.70,38.70,-0.25,100000,3870000,2
2022-01-06,TPEx,00890B,凱基ESG BBB債15+,40.53,40.53,40.46,40.46,-0.27,102000,4133920,3
2022-01-06,TPEx,020001,富邦存股雙十N,9.71,9.71,9.64,9.64,-0.07,12000,115760,3
2022-01-06,TPEx,020003,統一漲升股利150N,,,,,,0,0,0
2022-01-06,TPEx,020009,群益A50綠碳N,,,,,,0,0,0
2022-01-06,TPEx,020010,永昌富櫃200N,18.14,18.14,18.14,18.14,-0.28,5000,90700,1
2022-01-06,TPEx,020013,元富亞洲高股息N,,,,,,0,0,0
2022-01-06,TPEx,020014,元大富櫃200N,8.42,8.42,8.39,8.39,-0.09,7000,58910,2
2022-01-06,TPEx,02001B,統一美國政府債N,,,,,,0,0,0
2022-01-06,TPEx,020021,統一恒生科技N,6.63,6.63,6.47,6.56,-0.07,878000,5742690,144
2022-01-06,TPEx,020023,元大櫃買半導體N,7.50,7.52,7.47,7.51,-0.13,427000,3203460,60
2022-01-06,TPEx,020024,兆豐富櫃200N,,,,,,0,0,0
2022-01-06,TPEx,020025,統一亞洲半導體N,8.80,8.85,8.71,8.72,-0.16,321000,2814100,80
2022-01-06,TPEx,020026,兆豐上櫃ESG電菁N,5.94,5.94,5.92,5.93,-0.06,69000,409100,3
2022-01-06,TPEx,020027,元大上櫃ESG成長N,5.59,5.61,5.57,5.61,-0.06,226000,1263880,58
2022-01-06,TPEx,02002L,兆豐富櫃200正二N,8.36,8.40,8.28,8.32,-0.18,66000,548980,19
2022-01-06,TPEx,02003L,永豐富櫃200正2N,,,,,,0,0,0
2022-01-06,TPEx,1240,茂生農經,50.60,50.80,50.60,50.70,-0.20,15306,775769,27
2022-01-06,TPEx,1258,其祥-KY,19.25,19.30,19.20,19.20,+0.15,11000,211600,9
2022-01-06,TPEx,1259,安心,68.00,68.30,68.00,68.30,-0.10,17093,1165469,15
2022-01-06,TPEx,1264,德麥,291.50,292.50,291.50,292.50,+0.50,8780,2568236,164
2022-01-06,TPEx,1268,漢來美食,110.50,110.50,110.00,110.50,-0.50,18486,2040279,71
2022-01-06,TPEx,1336,台翰,21.45,21.45,21.25,21.40,-0.05,33102,706000,23
2022-01-06,TPEx,1565,精華,331.00,339.00,324.00,332.50,+4.00,550974,182739732,1334
2022-01-06,TPEx,1569,濱川,25.25,25.30,25.00,25.30,0.00,237167,5967103,131
2022-01-06,TPEx,1570,力肯,22.50,23.30,22.50,23.05,+0.40,510386,11737055,293
2022-01-06,TPEx,1580,新麥,107.50,108.50,107.50,108.50,+1.00,98688,10639108,97
2022-01-06,TPEx,1584,精剛,17.25,17.40,17.15,17.40,+0.15,144645,2489654,116
2022-01-06,TPEx,1586,和勤,41.10,41.20,40.60,40.90,0.00,101332,4139824,101
2022-01-06,TPEx,1591,駿吉-KY,14.50,15.15,14.30,14.40,-0.05,430872,6390168,194
2022-01-06,TPEx,1593,祺驊,84.20,84.20,84.20,84.20,0.00,4100,345249,6
2022-01-06,TPEx,1595,川寶,47.80,48.15,46.70,48.10,+0.70,189011,8985171,128
2022-01-06,TPEx,1599,宏佳騰,50.70,53.00,50.70,51.80,+0.40,933018,48500449,643
2022-01-06,TPEx,1742,台蠟,19.65,19.80,19.60,19.70,-0.10,33000,649500,15
2022-01-06,TPEx,1752,南光,38.05,38.15,37.80,37.95,-0.10,20000,758400,18
2022-01-06,TPEx,1777,生泰,66.20,66.60,66.20,66.50,-0.10,51239,3405058,140
2022-01-06,TPEx,1781,合世,16.45,16.65,16.20,16.35,+0.20,114134,1880611,97
2022-01-06,TPEx,1784,訊聯,39.50,39.80,39.30,39.30,-0.20,32028,1264310,36
2022-01-06,TPEx,1785,光洋科,50.50,50.50,49.90,50.30,-0.60,3811508,191034926,3086
2022-01-06,TPEx,1788,杏昌,144.00,144.50,142.50,143.00,-2.00,63479,9109629,249
2022-01-06,TPEx,1796,金穎生技,44.35,44.40,44.20,44.40,+0.20,16001,709097,12
2022-01-06,TPEx,1799,易威,15.95,16.05,15.80,15.80,-0.20,41000,651900,28
2022-01-06,TPEx,1813,寶利徠,18.20,18.20,18.10,18.10,-0.10,24848,450699,76
2022-01-06,TPEx,1815,富喬,17.10,17.10,16.80,16.80,-0.25,2342460,39641532,971
2022-01-06,TPEx,2035,唐榮,36.00,36.10,35.75,35.90,-0.05,22203,797439,22
2022-01-06,TPEx,2061,風青,25.15,25.15,24.50,24.50,-0.65,207536,5120942,108
2022-01-06,TPEx,2063,世鎧,36.20,36.80,36.00,36.55,+0.40,72715,2639742,59
2022-01-06,TPEx,2064,晉椿,18.25,18.25,18.10,18.10,-0.15,33009,598963,20
2022-01-06,TPEx,2065,世豐,46.75,46.85,46.70,46.85,+0.05,96804,4525956,74
2022-01-06,TPEx,2066,世德,61.20,61.80,61.20,61.50,-0.90,15000,924100,13
2022-01-06,TPEx,2067,嘉鋼,14.25,14.40,14.10,14.30,0.00,106599,1510999,53
2022-01-06,TPEx,2070,精湛,38.20,38.65,37.40,38.10,-0.10,179060,6843427,123
2022-01-06,TPEx,2221,大甲,40.50,40.50,39.60,39.75,-0.75,136338,5456414,165
2022-01-06,TPEx,2230,泰茂,15.15,15.50,15.10,15.50,+0.10,45840,697050,54
2022-01-06,TPEx,2235,謚源,39.00,39.00,39.00,39.00,0.00,2999,119958,5
2022-01-06,TPEx,2596,綠意,22.50,22.50,22.45,22.45,-0.15,98330,2211030,72
2022-01-06,TPEx,2640,大車隊,82.90,83.40,82.80,82.80,-0.20,38739,3218631,29
2022-01-06,TPEx,2641,正德,26.10,26.50,25.85,25.95,-0.05,1276065,33360446,725
2022-01-06,TPEx,2643,捷迅,77.10,77.10,76.20,76.20,-0.10,40470,3094222,43
2022-01-06,TPEx,2718,晶悅,34.00,34.05,34.00,34.05,+0.05,7000,238200,6
2022-01-06,TPEx,2719,燦星旅,12.80,12.80,12.70,12.70,-0.10,4410,56084,5
2022-01-06,TPEx,2726,雅茗-KY,30.10,30.10,29.75,29.75,-0.30,47291,1416563,29
2022-01-06,TPEx,2729,瓦城,219.00,219.00,217.00,217.00,-2.00,12653,2762777,44
2022-01-06,TPEx,2732,六角,93.70,93.70,91.80,91.90,-1.90,57537,5316262,137
2022-01-06,TPEx,2734,易飛網,23.50,23.50,22.20,22.80,-0.70,206424,4656093,206
2022-01-06,TPEx,2736,富野,15.60,15.60,15.20,15.40,-0.10,56720,871599,37
2022-01-06,TPEx,2740,天蔥,22.50,24.50,22.50,22.50,0.00,19372,441546,8
2022-01-06,TPEx,2743,山富,22.45,22.95,22.30,22.40,-0.55,27230,610973,35
2022-01-06,TPEx,2745,五福,22.80,22.80,22.80,22.80,0.00,2057,46899,3
2022-01-06,TPEx,2752,豆府,151.50,151.50,150.00,150.00,-1.50,30196,4553900,26
2022-01-06,TPEx,2754,亞洲藏壽司,74.10,74.10,73.50,73.90,-0.50,58634,4326383,59
2022-01-06,TPEx,2755,揚秦,54.00,54.10,53.70,53.70,-0.30,10000,539800,4
2022-01-06,TPEx,2916,滿心,21.20,21.50,21.20,21.50,0.00,16000,341600,6
2022-01-06,TPEx,2924,東凌-KY,17.35,17.70,17.35,17.70,+0.30,8000,139800,4
2022-01-06,TPEx,2926,誠品生活,59.60,59.60,59.50,59.60,-0.30,4316,257298,44
2022-01-06,TPEx,2937,集雅社,,,,,,474,17396,3
2022-01-06,TPEx,2947,振宇五金,120.50,123.00,120.50,123.00,+1.00,22021,2696565,20
2022-01-06,TPEx,3064,泰偉,,,,,,166,2963,1
2022-01-06,TPEx,3066,李洲,28.40,28.95,27.35,28.60,-0.35,384048,10799224,279
2022-01-06,TPEx,3067,全域,,,,,,0,0,0
2022-01-06,TPEx,3071,協禧,29.65,29.70,28.65,28.80,-0.90,1777628,51534302,1226
2022-01-06,TPEx,3073,天方能源,25.75,26.10,25.75,26.10,+0.25,2000,51850,2
2022-01-06,TPEx,3078,僑威,39.30,39.35,38.90,39.00,-0.30,408949,15983401,287
2022-01-06,TPEx,3081,聯亞,192.50,192.50,190.00,190.00,-4.00,451275,86176104,1263
2022-01-06,TPEx,3083,網龍,60.90,65.90,60.60,63.00,+2.00,9680509,623700909,6663
2022-01-06,TPEx,3085,新零售,10.85,11.60,10.85,11.30,-0.30,63728,715844,30
2022-01-06,TPEx,3086,華義,118.00,127.50,117.00,127.50,+11.50,467703,58187622,440
2022-01-06,TPEx,3088,艾訊,56.00,56.00,55.50,55.50,-0.40,193264,10767975,152
2022-01-06,TPEx,3089,億杰,43.50,44.40,43.50,44.40,+0.50,42010,1844243,39
2022-01-06,TPEx,3093,港建,93.00,94.00,91.10,92.20,-0.60,161460,14861711,139
2022-01-06,TPEx,3095,及成,4.73,4.73,3.91,4.49,+0.19,3389798,15532368,684
2022-01-06,TPEx,3105,穩懋,382.00,384.00,372.00,375.00,-10.50,4287015,1610857359,4233
2022-01-06,TPEx,3114,好德,28.60,29.30,28.35,28.90,0.00,527410,15187945,320
2022-01-06,TPEx,3115,寶島極,15.50,15.50,14.80,15.35,+0.15,11000,166900,9
2022-01-06,TPEx,3118,進階,29.70,29.85,29.70,29.85,+0.15,6052,180098,15
2022-01-06,TPEx,3122,笙泉,55.80,56.50,54.80,54.90,-1.30,859490,47674426,654
2022-01-06,TPEx,3128,昇銳,22.30,22.70,21.90,22.40,0.00,378426,8458903,190
2022-01-06,TPEx,3131,弘塑,365.50,374.00,359.00,373.00,+6.00,395304,146076507,430
2022-01-06,TPEx,3141,晶宏,253.50,260.00,252.00,257.50,-3.50,4695225,1201708603,3622
2022-01-06,TPEx,3147,大綜,51.00,51.10,50.50,51.10,0.00,70255,3559386,70
2022-01-06,TPEx,3152,璟德,330.50,333.00,328.00,332.50,-6.50,513430,169988984,676
2022-01-06,TPEx,3162,精確,45.55,46.50,45.50,45.95,+0.35,435797,20024591,262
2022-01-06,TPEx,3163,波若威,40.55,41.20,40.55,41.00,0.00,119314,4889533,101
2022-01-06,TPEx,3169,亞信,256.00,262.50,246.50,248.00,-10.00,4805072,1215837186,4081
2022-01-06,TPEx,3171,新洲,20.75,20.90,20.75,20.90,+0.05,15000,311750,11
2022-01-06,TPEx,3176,基亞,56.00,57.30,55.50,55.60,-0.20,366362,20559536,291
2022-01-06,TPEx,3178,公準,74.10,74.10,73.10,73.10,-1.10,164820,12090468,154
2022-01-06,TPEx,3188,鑫龍騰,17.45,17.65,17.40,17.60,-0.05,43001,752767,28
2022-01-06,TPEx,3191,和進,9.00,9.92,9.00,9.92,+0.90,749562,7138381,246
2022-01-06,TPEx,3202,樺晟,19.30,19.60,19.00,19.00,-0.90,3096643,59533560,1575
2022-01-06,TPEx,3205,佰研,26.45,26.55,26.30,26.40,-0.05,64231,1698718,63
2022-01-06,TPEx,3206,志豐,29.70,29.70,29.35,29.50,+0.10,61895,1825306,56
2022-01-06,TPEx,3207,耀勝,22.05,22.20,21.70,21.90,-0.15,294367,6452803,189
2022-01-06,TPEx,3211,順達,101.00,102.50,101.00,101.50,0.00,366112,37317735,315
2022-01-06,TPEx,3213,茂訊,60.50,60.50,60.00,60.30,-0.20,159667,9613356,152
2022-01-06,TPEx,3217,優群,128.00,131.00,126.00,130.00,0.00,1864718,240692807,1813
2022-01-06,TPEx,3218,大學光,276.00,276.00,270.00,273.00,-3.50,130368,35556789,355
2022-01-06,TPEx,3219,倚強科,90.00,90.90,90.00,90.00,-0.30,12100,1091019,12
2022-01-06,TPEx,3221,台嘉碩,38.00,39.45,37.85,38.80,+0.55,1690289,65430706,1064
2022-01-06,TPEx,3224,三顧,61.20,61.20,59.70,61.00,-0.90,452715,27437832,350
2022-01-06,TPEx,3226,至寶電,65.70,65.70,64.80,64.80,+0.30,4002,260629,4
2022-01-06,TPEx,3227,原相,148.50,149.50,147.50,148.00,-1.00,523088,77566007,505
2022-01-06,TPEx,3228,金麗科,441.00,449.00,435.00,439.00,-1.50,1395059,616855825,1466
2022-01-06,TPEx,3230,錦明,18.05,19.95,18.05,19.25,+1.05,1573061,30266856,763
2022-01-06,TPEx,3232,昱捷,32.30,35.20,31.80,35.20,+2.70,8041164,269705676,4398
2022-01-06,TPEx,3234,光環,27.25,28.55,27.15,28.05,+0.40,6328978,178208782,1457
2022-01-06,TPEx,3236,千如,26.30,26.30,25.80,25.85,-0.15,177522,4604967,130
2022-01-06,TPEx,3252,海灣,17.35,17.35,17.05,17.25,+0.05,15000,257800,11
2022-01-06,TPEx,3259,鑫創,30.00,30.00,29.25,29.50,-0.45,102010,3005947,70
2022-01-06,TPEx,3260,威剛,88.10,89.60,87.90,88.60,-0.20,2136871,189635656,1617
2022-01-06,TPEx,3264,欣銓,54.60,54.60,53.30,54.10,-0.50,5726244,307843337,3079
2022-01-06,TPEx,3265,台星科,32.00,32.00,31.70,31.80,-0.20,164312,5229831,108
2022-01-06,TPEx,3268,海德威,29.90,30.30,29.00,29.80,-0.20,211203,6229843,155
2022-01-06,TPEx,3272,東碩,40.10,40.55,39.80,40.10,-0.05,79555,3183675,67
2022-01-06,TPEx,3276,宇環,18.75,19.05,18.55,18.70,-0.30,659292,12350603,328
2022-01-06,TPEx,3284,太普高,13.80,13.95,13.80,13.90,+0.10,82199,1142262,52
2022-01-06,TPEx,3285,微端,22.70,22.70,22.20,22.25,-0.45,67263,1498579,67
2022-01-06,TPEx,3287,廣寰科,19.00,19.00,18.70,19.00,-0.10,40150,756600,37
2022-01-06,TPEx,3288,點晶,17.75,17.95,17.70,17.70,-0.35,10450,185518,11
2022-01-06,TPEx,3289,宜特,52.20,52.60,51.60,52.50,+0.70,305066,15877719,178
2022-01-06,TPEx,3290,東浦,25.80,27.65,25.30,26.75,+0.70,3199125,85473637,1519
2022-01-06,TPEx,3293,鈊象,779.00,779.00,739.00,740.00,-46.00,1517525,1145529244,3693
2022-01-06,TPEx,3294,英濟,28.45,29.20,28.20,28.25,-0.25,2959655,84609751,1535
2022-01-06,TPEx,3297,杭特,19.60,21.05,19.50,20.50,+0.85,476043,9700595,316
2022-01-06,TPEx,3303,岱稜,25.25,25.25,25.05,25.05,-0.20,77104,1934850,57
2022-01-06,TPEx,3306,鼎天,32.05,32.45,31.50,32.05,-0.15,655714,20976285,463
2022-01-06,TPEx,3310,佳穎,36.15,36.15,35.10,35.40,-0.65,175485,6216428,111
2022-01-06,TPEx,3313,斐成,11.55,11.80,11.50,11.70,+0.15,104356,1220265,290
2022-01-06,TPEx,3317,尼克森,83.50,83.70,81.40,81.60,-3.20,5492483,454236144,5775
2022-01-06,TPEx,3322,建舜電,26.30,27.60,26.30,26.95,+0.10,7757235,210328249,3439
2022-01-06,TPEx,3323,加百裕,42.45,44.50,42.45,43.20,+0.90,2682154,117029055,1773
2022-01-06,TPEx,3324,雙鴻,203.50,213.00,201.50,212.50,+10.00,6033573,1263514082,5114
2022-01-06,TPEx,3325,旭品,18.50,18.90,18.40,18.60,-0.20,355547,6621537,221
2022-01-06,TPEx,3332,幸康,,,,,,0,0,0
2022-01-06,TPEx,3339,泰谷,21.80,22.00,21.55,21.65,-0.15,331056,7168632,237
2022-01-06,TPEx,3354,律勝,18.90,18.95,18.65,18.65,-0.10,137489,2578995,106
2022-01-06,TPEx,3357,臺慶科,137.50,140.00,135.50,136.50,-3.50,920667,126687359,1878
2022-01-06,TPEx,3360,尚立,15.60,15.60,15.40,15.40,-0.25,165249,2553282,104
2022-01-06,TPEx,3362,先進光,80.10,82.00,79.70,80.30,-0.10,1285332,103927003,1053
2022-01-06,TPEx,3363,上詮,31.70,32.00,31.50,31.50,-0.55,735060,23251241,453
2022-01-06,TPEx,3372,典範,23.20,23.45,23.05,23.10,-0.30,667794,15469531,472
2022-01-06,TPEx,3373,熱映,37.35,39.80,37.20,37.20,+0.15,801920,30590713,590
2022-01-06,TPEx,3374,精材,141.50,142.00,140.00,141.50,-1.50,2455897,345832894,1984
2022-01-06,TPEx,3379,彬台,13.35,13.40,13.00,13.05,-0.30,337809,4449319,240
2022-01-06,TPEx,3388,崇越電,87.80,88.80,87.10,88.10,-0.10,236999,20887700,312
2022-01-06,TPEx,3390,旭軟,25.90,26.40,25.40,26.15,+0.25,889663,23177894,527
2022-01-06,TPEx,3402,漢科,47.45,48.20,47.25,47.65,+0.20,342834,16290892,244
2022-01-06,TPEx,3426,台興,38.80,38.80,38.60,38.60,-0.40,14024,542786,13
2022-01-06,TPEx,3434,哲固,18.00,18.45,17.75,18.45,+0.55,5608137,102032756,908
2022-01-06,TPEx,3438,類比科,87.20,88.00,85.90,86.10,-0.30,177504,15387407,189
2022-01-06,TPEx,3441,聯一光,41.25,41.55,40.30,41.00,-0.55,1644066,67379961,1031
2022-01-06,TPEx,3444,利機,60.00,60.70,59.50,60.50,+0.10,263932,15859582,210
2022-01-06,TPEx,3455,由田,97.00,104.50,94.80,103.00,+4.20,19846930,1986100406,11062
2022-01-06,TPEx,3465,進泰電子,210.00,213.00,208.50,209.00,-1.00,29841,6269657,51
2022-01-06,TPEx,3466,致振,19.70,20.10,18.70,18.70,-1.00,4395793,86414336,1401
2022-01-06,TPEx,3479,安勤,56.10,56.90,56.10,56.30,-0.20,82328,4643779,92
2022-01-06,TPEx,3483,力致,88.40,89.30,86.60,88.40,0.00,770890,67880628,956
2022-01-06,TPEx,3484,崧騰,86.20,87.70,86.20,86.50,-1.70,1767786,153463095,1364
2022-01-06,TPEx,3489,森寶,11.90,12.05,11.75,12.00,+0.10,100000,1193301,80
2022-01-06,TPEx,3490,單井,32.80,33.60,32.45,33.50,+0.25,577381,19168837,443
2022-01-06,TPEx,3491,昇達科,207.00,212.00,206.50,209.00,-2.50,881420,184396049,838
2022-01-06,TPEx,3492,長盛,18.50,18.75,18.30,18.75,+0.05,23063,428569,23
2022-01-06,TPEx,3498,陽程,34.95,35.80,34.50,35.10,+0.05,415995,14655733,373
2022-01-06,TPEx,3499,環天科,23.00,24.60,22.65,23.75,+0.45,7975747,191867442,2424
2022-01-06,TPEx,3508,位速,61.60,65.50,61.20,62.10,-0.90,10655833,672370998,6659
2022-01-06,TPEx,3511,矽瑪,42.60,43.00,41.60,42.00,-1.50,1278207,54127189,1057
2022-01-06,TPEx,3512,皇龍,33.00,33.30,32.75,33.20,-0.10,84125,2780109,53
2022-01-06,TPEx,3516,亞帝歐,17.50,17.60,17.50,17.55,-0.15,26000,456150,16
2022-01-06,TPEx,3520,華盈,14.80,14.95,14.70,14.90,+0.10,80388,1191770,90
2022-01-06,TPEx,3521,鴻翊,13.75,13.85,13.75,13.85,+0.05,31000,427250,19
2022-01-06,TPEx,3522,御頂,10.10,10.10,9.98,10.00,-0.15,443004,4432980,166
2022-01-06,TPEx,3523,迎輝,12.90,12.90,12.80,12.90,0.00,36851,475171,16
2022-01-06,TPEx,3526,凡甲,192.50,197.00,189.00,191.50,0.00,2776504,534556413,6574
2022-01-06,TPEx,3527,聚積,176.50,176.50,168.50,170.50,-6.50,1144557,196297738,1140
2022-01-06,TPEx,3529,力旺,1990.00,2050.00,1910.00,2035.00,+20.00,830402,1647676445,1342
2022-01-06,TPEx,3531,先益,22.70,22.95,22.60,22.85,+0.65,62654,1430693,50
2022-01-06,TPEx,3537,堡達,37.15,37.40,36.90,37.20,+0.05,214853,7980186,143
2022-01-06,TPEx,3540,曜越,44.00,44.05,43.50,43.50,-0.55,359142,15679229,600
2022-01-06,TPEx,3541,西柏,61.90,61.90,61.10,61.30,-0.60,159589,9798229,162
2022-01-06,TPEx,3546,宇峻,92.50,96.30,92.50,94.90,+1.60,2086837,197591901,1702
2022-01-06,TPEx,3548,兆利,64.80,66.00,63.80,65.60,+0.80,407728,26640452,324
2022-01-06,TPEx,3551,世禾,73.40,73.80,72.60,73.30,-0.50,603171,44065900,446
2022-01-06,TPEx,3552,同致,169.00,169.00,166.50,167.50,-3.00,411496,69045631,408
2022-01-06,TPEx,3555,重鵬,39.30,39.30,38.00,38.75,+0.55,6372,245784,17
2022-01-06,TPEx,3556,禾瑞亞,74.20,76.00,73.90,76.00,+1.30,454266,34104703,450
2022-01-06,TPEx,3558,神準,100.00,100.50,98.20,98.90,-1.60,224991,22321720,243
2022-01-06,TPEx,3564,其陽,31.90,32.00,31.15,31.40,-1.05,229216,7210457,160
2022-01-06,TPEx,3567,逸昌,36.85,37.60,36.50,37.30,+0.25,198127,7347191,149
2022-01-06,TPEx,3570,大塚,78.00,78.40,78.00,78.30,-0.10,6114,478310,11
2022-01-06,TPEx,3577,泓格,66.50,68.20,62.40,64.30,-3.00,404504,26594808,345
2022-01-06,TPEx,3580,友威科,58.40,60.00,58.40,59.20,0.00,92082,5458366,86
2022-01-06,TPEx,3581,博磊,27.80,27.80,27.30,27.40,-0.50,88200,2416479,62
2022-01-06,TPEx,3587,閎康,154.50,159.00,153.00,158.00,+4.00,1747661,273356996,1377
2022-01-06,TPEx,3594,磐儀,22.65,22.65,22.10,22.25,-0.40,452243,10092547,524
2022-01-06,TPEx,3597,映興,32.00,33.20,31.70,32.80,+0.75,408496,13313958,291
2022-01-06,TPEx,3609,三一東林,51.50,51.50,50.50,50.50,-1.00,12000,610700,12
2022-01-06,TPEx,3611,鼎翰,201.50,201.50,199.50,201.50,0.00,108371,21692737,86
2022-01-06,TPEx,3615,安可,28.50,30.00,28.00,29.70,+0.45,22474448,657048603,12230
2022-01-06,TPEx,3623,富晶通,21.15,22.80,20.75,21.90,+0.35,959110,20793812,708
2022-01-06,TPEx,3624,光頡,87.90,88.00,81.10,85.10,-2.80,31527015,2677703478,20676
2022-01-06,TPEx,3625,西勝,25.00,25.65,24.70,25.15,-0.15,433253,10944318,291
2022-01-06,TPEx,3628,盈正,46.05,47.70,45.30,45.60,-1.50,685062,31675593,562
2022-01-06,TPEx,3629,地心引力,62.30,64.20,61.80,61.80,-4.80,4722,295213,7
2022-01-06,TPEx,3630,新鉅科,38.40,38.65,37.85,38.55,-0.05,309579,11871812,240
2022-01-06,TPEx,3631,晟楠,47.70,48.60,47.70,48.00,+0.10,28000,1345150,11
2022-01-06,TPEx,3632,研勤,10.15,10.15,10.05,10.10,-0.05,22170,224580,109
2022-01-06,TPEx,3642,駿熠電,8.70,9.28,8.70,9.22,+0.21,34001,304139,17
2022-01-06,TPEx,3646,艾恩特,28.75,28.80,27.45,27.95,-0.65,264029,7373258,195
2022-01-06,TPEx,3652,精聯,21.85,21.95,21.65,21.75,-0.40,100017,2178207,74
2022-01-06,TPEx,3663,鑫科,32.50,32.50,32.10,32.10,-0.40,165750,5346362,114
2022-01-06,TPEx,3664,安瑞-KY,10.60,10.75,9.95,10.75,-0.30,433714,4462116,236
2022-01-06,TPEx,3666,光耀,34.30,34.75,33.70,34.55,+0.30,259373,8914965,175
2022-01-06,TPEx,3672,康聯訊,39.80,40.35,38.10,38.25,-1.25,873600,34159066,618
2022-01-06,TPEx,3675,德微,275.00,284.50,273.50,277.50,+1.50,1899140,532001277,2125
2022-01-06,TPEx,3680,家登,315.00,316.50,308.00,308.50,-10.00,1189335,368994567,3274
2022-01-06,TPEx,3684,榮昌,65.40,71.30,64.50,66.60,+1.70,1191470,81224397,890
2022-01-06,TPEx,3685,元創精密,37.30,37.40,36.70,36.85,-0.95,122062,4522741,103
2022-01-06,TPEx,3687,歐買尬,187.50,195.00,187.50,195.00,+2.00,548119,105794139,444
2022-01-06,TPEx,3689,湧德,47.10,48.25,46.95,47.25,-0.25,1847151,87867942,1213
2022-01-06,TPEx,3691,碩禾,208.00,208.50,203.50,203.50,-6.50,1119436,230048953,1871
2022-01-06,TPEx,3693,營邦,55.40,57.20,55.40,55.50,+0.30,215510,12144063,192
2022-01-06,TPEx,3707,漢磊,132.50,136.50,131.00,134.00,-1.00,7444279,993565045,5573
2022-01-06,TPEx,3709,鑫聯大投控,37.10,37.10,36.00,36.50,-0.80,272940,9976276,202
2022-01-06,TPEx,3710,連展投控,9.73,9.97,9.73,9.80,0.00,658782,6486248,273
2022-01-06,TPEx,3713,新晶投控,38.10,38.10,36.80,36.80,-0.95,97010,3599613,89
2022-01-06,TPEx,4102,永日,19.10,19.30,19.05,19.05,+0.05,102152,1951731,60
2022-01-06,TPEx,4105,東洋,68.20,68.60,68.00,68.10,-0.10,430757,29373161,338
2022-01-06,TPEx,4107,邦特,114.00,115.00,114.00,114.50,0.00,110914,12740244,94
2022-01-06,TPEx,4109,加捷生醫,13.30,13.50,13.30,13.30,-0.05,20275,270788,30
2022-01-06,TPEx,4111,濟生,23.15,23.20,23.00,23.00,+0.05,32242,744330,24
2022-01-06,TPEx,4113,聯上,14.30,14.80,14.20,14.35,+0.05,284078,4073879,95
2022-01-06,TPEx,4114,健喬,23.90,23.95,23.70,23.75,0.00,785366,18704090,558
2022-01-06,TPEx,4116,明基醫,32.25,32.25,31.35,31.75,+0.10,104342,3292385,76
2022-01-06,TPEx,4120,友華,35.45,35.80,35.45,35.70,-0.20,77210,2746119,69
2022-01-06,TPEx,4121,優盛,21.55,22.50,21.40,21.50,+0.15,2154723,47054109,1211
2022-01-06,TPEx,4123,晟德,60.10,60.40,59.80,60.00,+0.10,718967,43156024,537
2022-01-06,TPEx,4126,太醫,75.00,75.50,75.00,75.50,+0.50,214289,16134285,130
2022-01-06,TPEx,4127,天良,14.25,14.55,14.20,14.45,+0.25,224016,3219429,137
2022-01-06,TPEx,4128,中天,65.60,66.30,64.10,64.50,-1.10,2758315,179227479,1850
2022-01-06,TPEx,4129,聯合,31.70,31.85,31.30,31.70,+0.05,87202,2752793,61
2022-01-06,TPEx,4129A,聯合甲特,46.20,46.35,46.20,46.35,+0.25,16065,743779,11
2022-01-06,TPEx,4130,健亞,24.85,24.85,24.45,24.50,-0.15,153632,3768230,131
2022-01-06,TPEx,4138,曜亞,52.70,53.30,52.50,53.10,0.00,15031,793243,20
2022-01-06,TPEx,4139,馬光-KY,43.40,43.50,43.30,43.50,-0.05,9000,390700,9
2022-01-06,TPEx,4147,中裕,68.80,68.80,68.00,68.60,+0.20,428967,29317828,347
2022-01-06,TPEx,4153,鈺緯,28.05,28.80,27.75,27.80,-0.05,268652,7553242,189
2022-01-06,TPEx,4154,樂威科-KY,48.30,48.30,47.70,47.80,-1.20,23000,1100500,18
2022-01-06,TPEx,4157,太景*-KY,15.45,15.70,15.35,15.65,+0.35,1091050,16919875,516
2022-01-06,TPEx,4160,創源,24.85,24.85,24.80,24.85,0.00,13867,344991,140
2022-01-06,TPEx,4161,聿新科,28.00,28.00,27.50,27.55,-0.45,62301,1723017,69
2022-01-06,TPEx,4162,智擎,68.70,69.40,67.90,68.70,+1.00,708745,48671004,544
2022-01-06,TPEx,4163,鐿鈦,86.10,86.80,86.10,86.20,0.00,17262,1490860,20
2022-01-06,TPEx,4167,松瑞藥,19.30,19.40,19.15,19.35,+0.05,228435,4395771,168
2022-01-06,TPEx,4168,醣聯,28.85,28.90,28.50,28.55,-0.30,261424,7486603,164
2022-01-06,TPEx,4171,瑞基,94.20,96.60,94.00,95.20,+2.00,924467,88001117,1006
2022-01-06,TPEx,4173,久裕,18.05,18.15,18.05,18.10,+0.05,97844,1768156,78
2022-01-06,TPEx,4174,浩鼎,110.00,110.50,108.50,109.50,+0.50,370093,40449906,343
2022-01-06,TPEx,4175,杏一,69.10,69.10,68.90,69.00,-0.10,7936,547947,41
2022-01-06,TPEx,4183,福永生技,,,,,,4,73,2
2022-01-06,TPEx,4188,安克,19.00,19.80,18.65,19.15,+0.05,80200,1519189,48
2022-01-06,TPEx,4192,杏國,30.80,31.75,30.80,31.40,+0.50,121550,3815493,110
2022-01-06,TPEx,4198,欣大健康,6.61,6.61,6.45,6.45,+0.36,147612,972929,53
2022-01-06,TPEx,4205,中華食,130.50,131.00,130.00,131.00,+0.50,9987,1304605,130
2022-01-06,TPEx,4207,環泰,13.85,13.85,13.70,13.80,-0.05,65614,902311,38
2022-01-06,TPEx,4303,信立,25.95,27.35,25.75,26.55,+0.65,656001,17524874,326
2022-01-06,TPEx,4304,勝昱,12.40,12.40,11.20,11.95,-0.45,107685,1246102,65
2022-01-06,TPEx,4305,世坤,32.00,32.00,31.90,31.90,0.00,4492,143577,9
2022-01-06,TPEx,4401,東隆興,35.30,35.50,35.05,35.25,-0.05,53108,1876946,53
2022-01-06,TPEx,4402,福大,6.73,6.77,6.70,6.75,-0.03,127002,856423,41
2022-01-06,TPEx,4406,新昕纖,11.25,11.35,11.20,11.30,-0.05,154034,1735130,89
2022-01-06,TPEx,4413,飛寶企業,11.75,11.75,11.50,11.65,-0.10,17000,196500,10
2022-01-06,TPEx,4416,三圓,,,,,,20,2268,4
2022-01-06,TPEx,4417,金洲,34.55,34.75,34.55,34.70,+0.10,50481,1748079,37
2022-01-06,TPEx,4419,元勝,11.80,11.80,11.80,11.80,+0.40,1163,13821,4
2022-01-06,TPEx,4420,光明,35.80,35.80,35.00,35.50,+0.05,29367,1044387,38
2022-01-06,TPEx,4429,聚紡,40.20,40.20,40.20,40.20,0.00,1000,40200,1
2022-01-06,TPEx,4430,耀億,24.60,24.60,24.45,24.50,-0.15,7927,194877,34
2022-01-06,TPEx,4432,銘旺實,15.05,15.35,15.05,15.25,+0.15,118410,1804029,68
2022-01-06,TPEx,4433,興采,30.75,30.80,30.60,30.75,-0.05,16352,501753,22
2022-01-06,TPEx,4502,健信,40.20,40.20,40.00,40.00,-0.05,5023,201119,7
2022-01-06,TPEx,4503,金雨,29.50,30.95,29.45,30.35,+0.55,217468,6593101,152
2022-01-06,TPEx,4506,崇友,65.70,65.70,65.50,65.60,+0.10,20894,1370687,56
2022-01-06,TPEx,4510,高鋒,11.95,11.95,11.70,11.75,-0.20,67002,790822,42
2022-01-06,TPEx,4513,福裕,17.60,18.15,17.40,18.00,+0.30,1164578,20862778,480
2022-01-06,TPEx,4523,永彰,28.50,28.50,27.30,28.30,+0.05,7100,199805,8
2022-01-06,TPEx,4527,方土霖,27.45,27.45,27.30,27.30,-0.05,42383,1157902,21
2022-01-06,TPEx,4528,江興鍛,42.10,42.20,41.50,41.85,-0.35,40047,1672715,35
2022-01-06,TPEx,4529,淳紳,14.30,15.25,14.10,14.75,+0.60,1786887,26463701,971
2022-01-06,TPEx,4530,宏易,9.94,10.00,9.69,10.00,+0.01,31079,310361,28
2022-01-06,TPEx,4533,協易機,12.15,12.25,12.10,12.15,0.00,72598,880285,70
2022-01-06,TPEx,4534,慶騰,14.80,15.30,14.75,15.10,+0.05,670270,10092450,351
2022-01-06,TPEx,4535,至興,33.80,33.80,33.80,33.80,0.00,1003,33899,4
2022-01-06,TPEx,4538,大詠城,22.10,22.10,21.65,21.65,0.00,24011,522387,16
2022-01-06,TPEx,4541,晟田,23.90,24.00,23.80,23.80,-0.20,104840,2503089,68
2022-01-06,TPEx,4542,科嶠,27.85,27.85,27.55,27.70,-0.15,32106,890630,27
2022-01-06,TPEx,4543,萬在,19.05,19.15,18.90,19.15,+0.10,63000,1198650,40
2022-01-06,TPEx,4549,桓達,88.50,89.40,88.50,89.40,+0.40,72745,6466852,58
2022-01-06,TPEx,4550,長佳,23.00,23.00,22.90,22.90,-0.10,12350,283520,16
2022-01-06,TPEx,4554,橙的,35.80,35.80,34.50,35.70,-0.10,85020,2992916,65
2022-01-06,TPEx,4556,旭然,30.90,31.40,30.90,31.40,+0.40,2000,62300,2
2022-01-06,TPEx,4561,健椿,29.60,30.15,29.45,30.00,+0.80,669506,19922985,501
2022-01-06,TPEx,4563,百德,30.00,30.00,29.80,29.95,-0.20,8000,239300,7
2022-01-06,TPEx,4568,科際精密,66.10,68.00,66.00,68.00,+1.30,30016,1992588,9
2022-01-06,TPEx,4580,捷流閥業,89.70,90.10,89.70,90.10,+0.10,18010,1620101,18
2022-01-06,TPEx,4609,唐鋒,9.00,9.29,8.79,9.03,-0.08,16000,142940,12
2022-01-06,TPEx,4702,中美實,14.30,14.60,14.30,14.40,+0.10,254493,3679485,284
2022-01-06,TPEx,4706,大恭,19.60,19.85,19.55,19.70,0.00,24002,473488,19
2022-01-06,TPEx,4707,磐亞,12.85,12.85,12.75,12.80,-0.05,874849,11184219,428
2022-01-06,TPEx,4711,永純,18.90,19.00,18.85,18.90,-0.05,69037,1307203,56
2022-01-06,TPEx,4714,永捷,14.35,14.45,14.20,14.25,-0.10,1119336,15990164,729
2022-01-06,TPEx,4716,大立,16.05,16.05,15.50,15.60,-0.50,512775,8048024,268
2022-01-06,TPEx,4721,美琪瑪,150.00,154.50,147.00,152.50,-1.00,2733902,412983688,2262
2022-01-06,TPEx,4726,永昕,37.40,37.85,37.20,37.25,-0.15,194250,7252900,129
2022-01-06,TPEx,4728,雙美,82.00,82.50,82.00,82.20,-0.30,4001,328980,5
2022-01-06,TPEx,4729,熒茂,14.00,14.70,13.75,14.65,+0.60,530040,7593896,300
2022-01-06,TPEx,4735,豪展,60.10,60.30,59.00,59.10,-0.90,193609,11513137,168
2022-01-06,TPEx,4736,泰博,190.00,194.50,187.00,190.00,+0.50,902695,171911326,1516
2022-01-06,TPEx,4741,泓瀚,26.65,26.65,26.50,26.50,-0.20,6000,159300,5
2022-01-06,TPEx,4743,合一,276.00,279.50,266.50,267.00,-8.50,2291957,621719683,3205
2022-01-06,TPEx,4744,皇將,39.05,40.40,38.00,38.00,+0.60,4176223,163134779,2649
2022-01-06,TPEx,4745,合富-KY,26.80,26.80,26.60,26.70,-0.25,16312,434271,14
2022-01-06,TPEx,4747,強生,34.95,35.50,34.95,35.50,+0.55,5000,176500,5
2022-01-06,TPEx,4754,國碳科,37.20,37.30,37.00,37.00,-0.50,57214,2124929,45
2022-01-06,TPEx,4760,勤凱,93.50,93.90,92.40,92.40,-2.00,108101,10031056,118
2022-01-06,TPEx,4767,誠泰科技,28.40,29.00,28.40,28.90,+0.30,38172,1101438,16
2022-01-06,TPEx,4804,大略-KY,8.05,8.05,7.89,8.01,-0.02,303128,2405177,93
2022-01-06,TPEx,4806,昇華,9.66,9.96,9.52,9.84,-0.16,50000,481770,26
2022-01-06,TPEx,4903,聯光通,13.60,14.00,13.50,13.75,+0.15,257086,3511233,160
2022-01-06,TPEx,4905,台聯電,53.50,53.50,53.50,53.50,-1.00,1000,53500,1
2022-01-06,TPEx,4907,富宇,24.65,24.95,24.65,24.95,+0.05,2010,49844,4
2022-01-06,TPEx,4908,前鼎,30.85,31.55,30.80,31.45,+0.30,139063,4362683,99
2022-01-06,TPEx,4909,新復興,22.10,22.10,21.60,21.80,-0.60,393362,8556279,277
2022-01-06,TPEx,4911,德英,28.00,28.00,27.85,28.00,0.00,4000,111700,4
2022-01-06,TPEx,4924,欣厚-KY,15.40,15.75,15.35,15.75,+0.05,4000,62250,4
2022-01-06,TPEx,4931,新盛力,22.30,22.40,22.00,22.20,0.00,203145,4491711,121
2022-01-06,TPEx,4933,友輝,37.50,37.80,37.40,37.50,-0.20,65100,2442017,48
2022-01-06,TPEx,4939,亞電,25.65,27.20,24.80,27.10,+1.10,42063797,1115068296,18592
2022-01-06,TPEx,4944,兆遠,29.10,29.10,28.00,28.20,-1.20,145207,4108402,100
2022-01-06,TPEx,4945,陞達科技,79.00,83.00,79.00,81.00,+1.00,270887,22041446,200
2022-01-06,TPEx,4946,辣椒,68.00,78.10,68.00,78.10,+7.10,1430873,108567559,909
2022-01-06,TPEx,4950,牧東,19.60,19.90,19.50,19.85,+0.25,201010,3961798,113
2022-01-06,TPEx,4953,緯軟,91.20,91.20,88.50,88.60,-0.80,301752,27021783,434
2022-01-06,TPEx,4966,譜瑞-KY,1955.00,1965.00,1895.00,1930.00,-65.00,712977,1377023800,864
2022-01-06,TPEx,4971,IET-KY,67.20,67.80,65.70,66.90,-1.30,276990,18568814,231
2022-01-06,TPEx,4972,湯石照明,31.80,31.80,31.65,31.65,-0.15,47115,1495276,55
2022-01-06,TPEx,4973,廣穎,24.70,24.70,24.45,24.60,-0.15,91676,2249131,84
2022-01-06,TPEx,4974,亞泰,55.70,55.90,55.30,55.50,-0.50,123126,6843027,129
2022-01-06,TPEx,4979,華星光,18.85,19.40,18.85,18.95,+0.10,368152,7027740,253
2022-01-06,TPEx,4987,科誠,52.60,52.80,52.50,52.50,-0.10,22458,1180865,26
2022-01-06,TPEx,4991,環宇-KY,48.40,49.00,48.40,48.80,-0.20,19001,925047,17
2022-01-06,TPEx,4995,晶達,37.70,37.70,37.00,37.15,-0.90,42203,1577412,42
2022-01-06,TPEx,5009,榮剛,21.80,21.80,21.45,21.75,+0.15,1257703,27176726,693
2022-01-06,TPEx,5011,久陽,36.80,37.60,36.50,36.80,-0.20,1330458,49103675,781
2022-01-06,TPEx,5013,強新,38.20,38.20,37.80,38.00,-0.60,49100,1864141,57
2022-01-06,TPEx,5014,建錩,20.65,20.90,20.65,20.80,0.00,820539,17042005,519
2022-01-06,TPEx,5015,華祺,37.00,37.00,36.90,36.90,-0.10,23050,852445,17
2022-01-06,TPEx,5016,松和,38.00,38.00,37.90,38.00,-0.20,27000,1025300,19
2022-01-06,TPEx,5102,富強,19.55,19.60,19.50,19.50,0.00,9033,176441,10
2022-01-06,TPEx,5201,凱衛,27.50,27.60,26.90,27.45,-0.05,19001,518276,16
2022-01-06,TPEx,5202,力新,19.25,19.25,18.95,19.05,-0.05,44058,839366,43
2022-01-06,TPEx,5205,中茂,,,,,,480,5251,6
2022-01-06,TPEx,5206,坤悅,15.45,15.75,15.45,15.65,+0.10,22599,352834,15
2022-01-06,TPEx,5209,新鼎,68.70,69.10,68.50,69.00,+0.10,22142,1523161,21
2022-01-06,TPEx,5210,寶碩,16.50,16.50,16.10,16.50,0.00,77474,1260109,77
2022-01-06,TPEx,5211,蒙恬,20.55,20.60,20.35,20.45,-0.15,112379,2298214,94
2022-01-06,TPEx,5212,凌網,47.40,47.90,46.60,46.60,-0.10,49023,2315160,9
2022-01-06,TPEx,5213,亞昕,22.65,22.65,22.55,22.60,-0.05,79899,1805922,39
2022-01-06,TPEx,5220,萬達光電,34.50,34.65,34.45,34.60,-0.20,69881,2410901,57
2022-01-06,TPEx,5223,安力-KY,60.50,60.60,60.00,60.30,-0.20,51136,3082727,47
2022-01-06,TPEx,5227,立凱-KY,96.90,100.00,96.00,98.00,-0.10,1141834,112455856,1144
2022-01-06,TPEx,5230,雷笛克光學,32.30,33.45,32.20,33.10,+1.10,1535902,50547296,898
2022-01-06,TPEx,5236,凌陽創新,142.00,145.00,139.00,142.00,-1.50,178472,25251801,205
2022-01-06,TPEx,5245,智晶,84.60,87.00,81.50,82.90,-2.70,4493553,377608950,3002
2022-01-06,TPEx,5251,天鉞電,17.30,17.55,17.20,17.30,-0.05,142193,2466145,154
2022-01-06,TPEx,5263,智崴,115.50,116.00,114.00,115.50,-0.50,270730,31060141,271
2022-01-06,TPEx,5272,笙科,36.90,37.30,36.50,36.90,-0.35,290491,10671694,243
2022-01-06,TPEx,5274,信驊,3205.00,3215.00,3080.00,3160.00,-45.00,256082,806535005,456
2022-01-06,TPEx,5276,達輝-KY,,,,,,0,0,0
2022-01-06,TPEx,5278,尚凡,218.00,219.00,218.00,219.00,+1.00,8091,1769440,13
2022-01-06,TPEx,5281,大峽谷-KY,23.00,23.10,23.00,23.10,+0.15,3000,69150,3
2022-01-06,TPEx,5287,數字,242.50,249.50,241.00,242.00,-0.50,124797,30570279,264
2022-01-06,TPEx,5289,宜鼎,206.00,206.50,204.00,205.50,-2.50,244988,50302544,487
2022-01-06,TPEx,5291,邑昇,36.30,36.30,35.95,35.95,-0.40,172003,6203469,92
2022-01-06,TPEx,5299,杰力,217.00,225.00,215.00,219.00,-3.00,2253891,496606557,2908
2022-01-06,TPEx,5301,寶得利,8.50,8.55,8.50,8.55,+0.09,26000,221790,12
2022-01-06,TPEx,5302,太欣,12.65,12.70,12.30,12.40,-0.05,344380,4278629,187
2022-01-06,TPEx,5306,桂盟,207.00,207.00,201.00,201.00,-5.50,255067,51784218,1522
2022-01-06,TPEx,5309,系統電,39.80,39.80,37.70,38.50,-1.40,4921376,189629850,3174
2022-01-06,TPEx,5310,天剛,30.00,35.30,30.00,33.20,+0.10,21005,682011,30
2022-01-06,TPEx,5312,寶島科,60.60,60.90,60.60,60.90,+0.40,15397,936429,21
2022-01-06,TPEx,5314,世紀,6.44,6.52,6.00,6.50,-0.04,74668,479728,31
2022-01-06,TPEx,5315,光聯,18.25,18.25,18.00,18.15,+0.05,754286,13652994,342
2022-01-06,TPEx,5321,美而快,103.00,106.50,102.50,105.50,0.00,191263,20026839,190
2022-01-06,TPEx,5324,士開,9.54,9.56,9.52,9.55,-0.04,64360,613972,47
2022-01-06,TPEx,5328,華容,15.60,15.95,15.40,15.90,+0.30,3591021,56566716,1486
2022-01-06,TPEx,5340,建榮,36.10,36.30,36.10,36.30,-0.10,102325,3707488,85
2022-01-06,TPEx,5344,立衛,32.55,35.60,32.35,35.10,+2.55,1463919,50224241,1001
2022-01-06,TPEx,5345,天揚,6.85,6.85,5.99,6.02,-0.63,97124,602394,50
2022-01-06,TPEx,5347,世界,147.00,148.00,144.00,147.00,-1.50,6864759,1000817871,5384
2022-01-06,TPEx,5348,系通,9.47,9.47,8.73,8.98,+0.18,73000,659270,20
2022-01-06,TPEx,5351,鈺創,83.30,86.40,82.50,86.00,+1.60,18814411,1600312918,11416
2022-01-06,TPEx,5353,台林,20.85,21.70,20.50,21.45,+0.60,253153,5319354,148
2022-01-06,TPEx,5355,佳總,7.38,7.40,7.33,7.35,-0.04,182015,1340190,120
2022-01-06,TPEx,5356,協益,28.20,28.20,28.00,28.10,-0.20,287649,8070376,224
2022-01-06,TPEx,5364,力麗店,19.15,19.65,19.05,19.65,-0.55,12021,230306,11
2022-01-06,TPEx,5371,中光電,83.60,85.60,83.10,83.60,-0.80,4136340,348677761,3523
2022-01-06,TPEx,5381,合正,6.19,6.25,6.10,6.25,+0.03,246000,1525340,85
2022-01-06,TPEx,5383,金利,42.15,44.30,42.00,43.65,-0.35,700628,30049410,373
2022-01-06,TPEx,5386,青雲,48.60,49.40,48.50,49.05,-0.10,231851,11320556,218
2022-01-06,TPEx,5392,能率,27.35,28.90,27.25,28.30,+1.15,5289442,149784551,2901
2022-01-06,TPEx,5398,慕康生醫,20.10,20.20,20.00,20.10,0.00,36021,722569,18
2022-01-06,TPEx,5403,中菲,70.40,70.40,70.00,70.30,-0.10,60946,4276572,69
2022-01-06,TPEx,5410,國眾,25.10,25.35,25.05,25.20,+0.10,125764,3158355,96
2022-01-06,TPEx,5425,台半,76.50,76.50,74.70,75.10,-2.30,8519586,641652144,6268
2022-01-06,TPEx,5426,振發,12.15,12.25,12.00,12.15,-0.05,240088,2905295,158
2022-01-06,TPEx,5432,新門,35.15,35.20,33.60,33.60,-1.15,40000,1359800,31
2022-01-06,TPEx,5438,東友,16.20,16.55,16.15,16.25,-0.25,63236,1030561,54
2022-01-06,TPEx,5439,高技,61.10,61.30,60.30,60.30,-1.60,673517,40854431,831
2022-01-06,TPEx,5443,均豪,34.20,34.20,33.75,33.90,-0.35,436075,14786956,295
2022-01-06,TPEx,5450,南良,19.75,20.65,19.50,19.90,+0.05,598201,11965936,338
2022-01-06,TPEx,5452,佶優,22.35,23.30,22.30,22.90,+0.10,769770,17502546,424
2022-01-06,TPEx,5455,昇益,28.85,28.85,28.50,28.50,-1.00,16452,469695,9
2022-01-06,TPEx,5457,宣德,81.30,82.60,80.10,80.60,-1.30,1468216,119141157,1115
2022-01-06,TPEx,5460,同協,12.90,12.90,12.85,12.90,-0.05,43283,556670,73
2022-01-06,TPEx,5464,霖宏,26.10,26.10,25.50,25.55,-0.65,285323,7339057,185
2022-01-06,TPEx,5465,富驊,16.30,16.50,16.30,16.50,-0.05,13034,213599,59
2022-01-06,TPEx,5468,凱鈺,21.00,21.20,20.70,21.00,0.00,69718,1463064,61
2022-01-06,TPEx,5474,聰泰,110.50,110.50,109.00,110.00,-1.00,26901,2960610,89
2022-01-06,TPEx,5475,德宏,33.30,33.95,32.50,32.70,-0.35,3767013,124988577,1988
2022-01-06,TPEx,5478,智冠,97.00,99.80,97.00,97.50,+0.50,801749,79039768,636
2022-01-06,TPEx,5481,新華,13.40,13.45,13.25,13.45,+0.15,147811,1970900,208
2022-01-06,TPEx,5483,中美晶,241.50,244.00,239.00,242.50,-4.50,7018125,1696983481,7951
2022-01-06,TPEx,5487,通泰,35.05,35.05,35.05,35.05,0.00,1007,35288,5
2022-01-06,TPEx,5488,松普,9.92,10.25,9.92,10.20,+0.10,656256,6596782,320
2022-01-06,TPEx,5489,彩富,35.20,35.40,35.20,35.30,+0.10,16000,564400,11
2022-01-06,TPEx,5490,同亨,28.00,28.10,27.85,27.85,-0.25,200012,5582874,202
2022-01-06,TPEx,5493,三聯,43.30,43.30,42.80,42.80,-0.50,15836,681448,20
2022-01-06,TPEx,5498,凱崴,14.50,14.55,14.35,14.35,-0.15,301235,4344492,172
2022-01-06,TPEx,5508,永信建,66.50,67.10,66.30,66.30,-0.50,131400,8766371,118
2022-01-06,TPEx,5511,德昌,29.65,29.65,29.65,29.65,0.00,27500,815367,37
2022-01-06,TPEx,5512,力麒,9.42,9.43,9.34,9.36,-0.09,765065,7181401,264
2022-01-06,TPEx,5514,三豐,21.10,21.10,20.70,21.10,0.00,21033,441791,12
2022-01-06,TPEx,5516,雙喜,14.35,14.50,14.35,14.50,0.00,44871,648647,22
2022-01-06,TPEx,5520,力泰,52.50,52.50,52.50,52.50,-0.30,1446,76138,3
2022-01-06,TPEx,5523,豐謙,28.95,28.95,28.50,28.55,0.00,33686,963983,24
2022-01-06,TPEx,5529,鉅陞,17.15,17.15,17.05,17.10,-0.05,39656,678863,33
2022-01-06,TPEx,5530,龍巖,44.05,44.15,44.00,44.05,0.00,190646,8404424,165
2022-01-06,TPEx,5536,聖暉,234.00,240.00,231.00,239.50,+2.50,980038,231096187,1237
2022-01-06,TPEx,5543,桓鼎-KY,63.50,63.50,63.00,63.40,-0.30,30002,1895726,25
2022-01-06,TPEx,5601,台聯櫃,34.80,35.80,34.80,35.80,+1.20,22030,777100,23
2022-01-06,TPEx,5603,陸海,32.80,32.90,32.50,32.65,-0.25,145197,4742824,222
2022-01-06,TPEx,5604,中連,81.00,81.00,80.40,80.70,+0.20,63003,5086540,56
2022-01-06,TPEx,5609,中菲行,104.00,106.50,103.00,105.50,+1.50,1352149,142293877,1093
2022-01-06,TPEx,5701,劍湖山,3.23,3.23,3.11,3.18,-0.23,890235,2816853,191
2022-01-06,TPEx,5703,亞都,31.85,31.85,31.00,31.85,-0.10,3000,94700,3
2022-01-06,TPEx,5704,老爺知,30.00,30.00,30.00,30.00,+0.10,2157,64701,5
2022-01-06,TPEx,5820,日盛金,12.35,12.40,12.35,12.35,-0.05,336998,4166101,170
2022-01-06,TPEx,5864,致和證,19.60,19.90,19.30,19.55,+0.15,1134624,22238855,585
2022-01-06,TPEx,5878,台名,47.15,47.20,47.10,47.20,+0.15,4020,189494,5
2022-01-06,TPEx,5902,德記,24.30,24.65,24.30,24.65,-0.05,14010,344447,14
2022-01-06,TPEx,5903,全家,248.50,249.00,247.50,247.50,-0.50,36184,8989684,164
2022-01-06,TPEx,5904,寶雅,427.00,427.00,417.50,418.00,-11.00,306445,128741201,2060
2022-01-06,TPEx,5905,南仁湖,14.15,14.20,14.00,14.10,-0.05,653729,9200173,221
2022-01-06,TPEx,6015,宏遠證,18.05,18.40,18.00,18.15,-0.10,1845863,33473491,613
2022-01-06,TPEx,6016,康和證,14.65,14.90,14.60,14.85,+0.15,5633491,82983154,898
2022-01-06,TPEx,6020,大展證,23.50,23.70,23.20,23.30,-0.10,31098,726153,23
2022-01-06,TPEx,6021,大慶證,21.10,21.10,21.00,21.10,0.00,30689,645750,10
2022-01-06,TPEx,6023,元大期,49.85,49.90,49.60,49.60,-0.25,144619,7195055,84
2022-01-06,TPEx,6026,福邦證,22.75,23.25,22.65,22.90,-0.05,4128663,94508334,1882
2022-01-06,TPEx,6101,寬魚國際,21.50,22.45,21.40,22.40,-0.60,37000,807950,35
2022-01-06,TPEx,6103,合邦,9.49,9.49,8.07,9.30,+0.50,16000,148850,11
2022-01-06,TPEx,6104,創惟,193.00,195.50,190.00,194.00,+6.00,12684098,2451781262,9581
2022-01-06,TPEx,6109,亞元,12.05,12.05,11.25,11.50,-0.50,426555,4943104,194
2022-01-06,TPEx,6111,大宇資,96.50,101.00,96.50,99.80,+1.80,1053871,104952487,974
2022-01-06,TPEx,6113,亞矽,14.25,14.35,13.95,14.20,-0.20,260122,3672754,159
2022-01-06,TPEx,6114,久威,23.10,23.30,22.90,23.25,+0.05,18062,415988,16
2022-01-06,TPEx,6118,建達,39.45,41.50,39.05,39.60,-0.85,3548984,142165311,2703
2022-01-06,TPEx,6121,新普,344.00,344.00,337.00,338.00,-6.00,921808,313909128,1017
2022-01-06,TPEx,6122,擎邦,12.20,12.40,12.00,12.40,+0.05,485003,5915536,195
2022-01-06,TPEx,6123,上奇,50.00,50.10,49.80,49.95,-0.05,164510,8213832,123
2022-01-06,TPEx,6124,業強,24.75,25.15,24.75,25.15,-0.15,4000,99800,3
2022-01-06,TPEx,6125,廣運,28.55,29.00,28.20,28.50,-0.30,3133608,89692582,1634
2022-01-06,TPEx,6126,信音,30.45,31.85,29.90,31.85,+1.10,5906646,184516918,2957
2022-01-06,TPEx,6127,九豪,31.80,32.05,30.80,31.60,0.00,7645017,240372891,4317
2022-01-06,TPEx,6129,普誠,36.95,37.95,36.10,37.50,+0.15,5143138,191695001,3555
2022-01-06,TPEx,6130,星寶國際,39.00,39.35,38.75,39.05,+0.05,251684,9829661,154
2022-01-06,TPEx,6134,萬旭,28.00,29.00,27.30,28.70,+0.50,4511472,128043864,1877
2022-01-06,TPEx,6138,茂達,251.00,256.00,239.50,241.00,-12.50,7348420,1801708889,6035
2022-01-06,TPEx,6140,訊達,18.20,18.25,18.10,18.20,-0.25,72000,1308400,49
2022-01-06,TPEx,6143,振曜,57.90,60.80,57.60,60.50,+2.00,2431872,145211594,2007
2022-01-06,TPEx,6144,得利影,18.95,19.70,17.35,17.35,-1.65,101460,1820025,84
2022-01-06,TPEx,6146,耕興,210.00,213.00,210.00,211.50,-1.00,288875,61199517,114
2022-01-06,TPEx,6147,頎邦,66.00,67.00,66.00,66.90,+0.40,3775733,251492023,2449
2022-01-06,TPEx,6148,驊宏資,15.20,15.35,15.00,15.10,-0.10,184059,2785490,103
2022-01-06,TPEx,6150,撼訊,174.50,175.50,166.50,168.50,-7.50,2919710,496924913,2358
2022-01-06,TPEx,6151,晉倫,36.90,37.20,36.85,37.15,+0.15,37420,1386160,33
2022-01-06,TPEx,6154,順發,17.80,18.00,17.75,17.90,+0.10,56756,1012461,50
2022-01-06,TPEx,6156,松上,24.00,24.85,23.65,24.10,+0.25,5351444,129533552,2706
2022-01-06,TPEx,6158,禾昌,55.00,55.80,54.00,55.00,+1.00,1968034,108401543,1143
2022-01-06,TPEx,6160,欣技,19.00,19.60,18.80,19.30,+0.20,278103,5340300,161
2022-01-06,TPEx,6161,捷波,30.05,31.40,30.05,31.35,+2.30,4322852,132684586,2533
2022-01-06,TPEx,6163,華電網,20.30,20.70,20.15,20.15,-0.25,1119169,22708535,469
2022-01-06,TPEx,6167,久正,15.30,16.00,15.20,15.85,+0.35,2678777,41615962,1221
2022-01-06,TPEx,6169,昱泉,26.55,29.00,26.10,28.00,+0.70,313012,8756454,239
2022-01-06,TPEx,6170,統振,44.20,44.90,43.75,44.15,0.00,515130,22868005,367
2022-01-06,TPEx,6171,大城地產,29.15,29.15,29.00,29.05,-0.10,58635,1704283,49
2022-01-06,TPEx,6173,信昌電,62.40,62.70,61.50,61.70,-2.10,1946039,120506676,2726
2022-01-06,TPEx,6174,安碁,31.60,31.70,30.85,31.60,0.00,225207,7087993,117
2022-01-06,TPEx,6175,立敦,46.75,46.75,45.80,46.20,-0.55,907726,41930580,666
2022-01-06,TPEx,6179,亞通,30.70,31.00,30.55,30.90,+0.05,95102,2933422,72
2022-01-06,TPEx,6180,橘子,69.40,70.90,68.70,69.70,+0.30,7839486,549040258,5972
2022-01-06,TPEx,6182,合晶,81.90,83.00,81.20,82.90,+0.40,12130544,996749382,8108
2022-01-06,TPEx,6185,幃翔,14.70,15.45,14.55,15.40,+0.65,2156560,32679993,796
2022-01-06,TPEx,6186,新潤,26.25,26.30,26.25,26.30,+0.05,106241,2790824,81
2022-01-06,TPEx,6187,萬潤,129.00,140.50,127.00,136.00,+6.50,17478114,2361575175,13151
2022-01-06,TPEx,6188,廣明,46.50,46.90,45.45,46.05,-0.80,5084897,233901265,2703
2022-01-06,TPEx,6190,萬泰科,38.85,40.20,38.40,38.85,-0.55,5541106,218251335,3350
2022-01-06,TPEx,6194,育富,25.35,25.35,25.20,25.30,-0.05,11003,278025,14
2022-01-06,TPEx,6195,詩肯,53.00,53.00,52.60,52.90,-0.10,28844,1525610,100
2022-01-06,TPEx,6198,凌泰,36.00,36.45,34.10,34.60,-0.35,6009,210513,15
2022-01-06,TPEx,6199,天品,15.60,15.75,15.60,15.75,+0.10,3000,47050,3
2022-01-06,TPEx,6203,海韻電,85.50,86.10,85.00,85.30,-1.00,199877,17044992,539
2022-01-06,TPEx,6204,艾華,71.30,71.40,71.00,71.10,-0.20,27166,1933200,28
2022-01-06,TPEx,6207,雷科,38.80,40.05,38.50,39.00,+1.10,4262145,166869342,2634
2022-01-06,TPEx,6208,日揚,58.50,60.70,57.50,59.60,+0.70,4617224,273621727,2962
2022-01-06,TPEx,6210,慶生,40.85,41.00,40.85,41.00,+0.05,13038,533606,10
2022-01-06,TPEx,6212,理銘,59.00,59.00,59.00,59.00,0.00,2000,118000,2
2022-01-06,TPEx,6217,中探針,53.50,56.30,52.70,54.90,+3.00,13025202,712564378,8542
2022-01-06,TPEx,6218,豪勉,21.70,21.80,21.50,21.50,-0.20,119200,2572430,69
2022-01-06,TPEx,6219,富旺,18.30,18.45,17.90,17.90,-0.40,4082829,74522852,747
2022-01-06,TPEx,6220,岳豐,23.85,23.85,23.60,23.80,-0.05,204207,4844657,145
2022-01-06,TPEx,6221,晉泰,49.50,49.50,49.20,49.20,-0.30,9542,471076,29
2022-01-06,TPEx,6222,上揚,14.60,14.80,14.60,14.80,-0.05,22000,321800,6
2022-01-06,TPEx,6223,旺矽,115.00,115.00,112.50,113.00,-2.50,1354188,153738140,1163
2022-01-06,TPEx,6227,茂綸,36.50,37.20,36.50,37.00,0.00,175627,6459718,106
2022-01-06,TPEx,6228,全譜,18.80,20.00,18.40,19.35,+0.55,233319,4422109,162
2022-01-06,TPEx,6229,研通,41.80,42.40,41.80,42.10,-0.75,460183,19347793,371
2022-01-06,TPEx,6231,系微,83.10,83.10,82.00,82.30,-0.80,89425,7357903,213
2022-01-06,TPEx,6233,旺玖,34.25,34.85,33.90,34.75,+0.50,803110,27542117,527
2022-01-06,TPEx,6234,高僑,21.90,22.25,21.85,22.25,+0.25,281619,6196730,173
2022-01-06,TPEx,6236,康呈,,,,,,0,0,0
2022-01-06,TPEx,6237,驊訊,91.20,92.30,90.10,90.10,-0.70,1961784,178648367,1862
2022-01-06,TPEx,6240,松崗,17.10,17.20,16.80,17.20,+0.05,28000,475500,23
2022-01-06,TPEx,6241,易通展,22.30,22.30,22.10,22.15,-0.20,24000,532800,16
2022-01-06,TPEx,6242,立康,39.90,39.90,39.60,39.70,+0.20,6433,255402,11
2022-01-06,TPEx,6244,茂迪,35.80,36.00,34.65,34.65,-1.35,5523149,193914094,3603
2022-01-06,TPEx,6245,立端,56.00,56.30,55.70,56.20,-0.10,203435,11376623,184
2022-01-06,TPEx,6246,臺龍,17.65,17.65,17.25,17.40,-0.25,64023,1113900,44
2022-01-06,TPEx,6247,淇譽電,14.00,14.00,13.15,13.15,-0.70,135762,1826035,116
2022-01-06,TPEx,6248,沛波,22.00,22.00,21.70,21.70,-0.20,74542,1622805,114
2022-01-06,TPEx,6259,百徽,32.00,32.00,30.90,30.90,-0.95,24661,774992,35
2022-01-06,TPEx,6261,久元,82.20,83.10,81.90,82.40,-0.10,569674,47028894,438
2022-01-06,TPEx,6263,普萊德,69.80,69.80,68.80,69.10,-0.70,49733,3443624,53
2022-01-06,TPEx,6264,富裔,8.89,9.78,8.89,9.68,+0.71,900149,8536284,366
2022-01-06,TPEx,6265,方土昶,17.05,17.40,16.90,17.10,+0.10,2483055,42708233,881
2022-01-06,TPEx,6266,泰詠,31.60,33.50,31.20,33.50,+1.80,9931742,321088295,5668
2022-01-06,TPEx,6270,倍微,24.40,24.75,24.35,24.45,+0.05,205569,5046766,134
2022-01-06,TPEx,6274,台燿,101.00,102.50,100.50,101.00,-1.00,889019,89884800,667
2022-01-06,TPEx,6275,元山,40.00,40.30,39.45,39.75,-0.70,2289252,91064476,1474
2022-01-06,TPEx,6276,安鈦克,22.25,22.40,22.25,22.30,-0.20,42680,951341,31
2022-01-06,TPEx,6279,胡連,141.00,143.50,139.50,140.50,-2.00,1059004,149335966,1628
2022-01-06,TPEx,6284,佳邦,73.90,75.40,71.70,73.60,-2.40,8590535,632355637,7546
2022-01-06,TPEx,6287,元隆,12.00,12.50,12.00,12.15,-0.15,22000,271050,11
2022-01-06,TPEx,6290,良維,52.20,52.40,52.00,52.10,-0.10,534447,27850688,377
2022-01-06,TPEx,6291,沛亨,,,,,,206,8240,3
2022-01-06,TPEx,6292,迅德,43.55,43.75,43.50,43.65,+0.05,26455,1154947,28
2022-01-06,TPEx,6294,智基,126.00,126.00,125.00,125.50,-0.50,10534,1319102,25
2022-01-06,TPEx,6404,通訊-KY,20.55,20.55,20.55,20.55,0.00,7007,143440,14
2022-01-06,TPEx,6411,晶焱,220.00,222.00,216.00,220.00,+1.00,4970811,1092040504,3762
2022-01-06,TPEx,6417,韋僑,81.50,81.90,81.40,81.90,-0.40,7000,571800,7
2022-01-06,TPEx,6418,詠昇,20.20,20.50,20.15,20.50,+0.20,60000,1218400,44
2022-01-06,TPEx,6419,京晨科,38.05,38.75,37.50,37.60,-0.80,48154,1824679,70
2022-01-06,TPEx,6425,易發,28.30,28.95,27.80,28.35,+0.05,60000,1707350,49
2022-01-06,TPEx,6432,今展科,40.50,41.10,39.50,40.20,-0.15,192497,7729324,161
2022-01-06,TPEx,6435,大中,150.00,151.50,147.50,149.00,-3.00,600610,89876822,528
2022-01-06,TPEx,6441,廣錠,54.30,56.70,53.40,54.00,-0.50,230326,12631042,210
2022-01-06,TPEx,6446,藥華藥,280.00,280.00,247.50,262.00,-12.50,2265448,589138435,2064
2022-01-06,TPEx,6457,紘康,183.50,185.00,179.00,182.00,-4.50,745212,135244508,679
2022-01-06,TPEx,6461,益得,19.85,19.90,19.80,19.85,0.00,89000,1767700,63
2022-01-06,TPEx,6462,神盾,113.50,114.00,113.00,114.00,0.00,247276,28063384,254
2022-01-06,TPEx,6465,威潤,27.30,27.30,27.00,27.05,-0.45,42313,1147189,70
2022-01-06,TPEx,6469,大樹,213.00,214.00,209.50,213.00,0.00,271418,57373606,599
2022-01-06,TPEx,6470,宇智,44.50,44.85,44.05,44.85,+0.20,44004,1950486,40
2022-01-06,TPEx,6472,保瑞,177.00,177.00,173.00,173.00,-4.00,327481,57045143,771
2022-01-06,TPEx,6482,弘煜科,48.30,48.50,47.60,48.25,+0.30,11075,533818,17
2022-01-06,TPEx,6485,點序,140.50,144.00,140.00,141.50,-2.50,1003945,142248938,1098
2022-01-06,TPEx,6486,互動,75.80,77.00,75.60,77.00,-0.20,103649,7914270,108
2022-01-06,TPEx,6488,環球晶,868.00,868.00,843.00,845.00,,2883317,2462248569,4017
2022-01-06,TPEx,6492,生華科,107.00,112.00,105.50,112.00,+7.00,1674301,182011360,1677
2022-01-06,TPEx,6494,九齊,161.00,163.00,160.00,162.50,+2.00,1359233,219870992,1347
2022-01-06,TPEx,6496,科懋,29.00,30.10,29.00,30.10,+0.95,93139,2774966,344
2022-01-06,TPEx,6499,益安,86.60,89.00,86.60,88.00,+0.50,297692,26170339,330
2022-01-06,TPEx,6506,雙邦,19.25,19.45,19.20,19.40,+0.05,73158,1416797,52
2022-01-06,TPEx,6508,惠光,32.40,32.50,32.35,32.35,-0.10,77501,2510115,72
2022-01-06,TPEx,6509,聚和,66.00,67.00,65.50,66.20,-0.90,4104496,271595790,3045
2022-01-06,TPEx,6510,精測,735.00,749.00,728.00,730.00,-11.00,667623,491030046,1236
2022-01-06,TPEx,6512,啟發電,17.55,17.55,17.00,17.40,-0.40,35286,611561,30
2022-01-06,TPEx,6514,芮特-KY,73.50,77.50,73.50,76.40,+0.70,302014,23052977,239
2022-01-06,TPEx,6516,勤崴國際,94.00,94.60,93.80,93.90,-0.90,35629,3352967,29
2022-01-06,TPEx,6523,達爾膚,102.50,103.50,101.00,102.00,+0.50,324212,33157483,512
2022-01-06,TPEx,6527,明達醫,47.60,48.05,47.50,48.05,+0.10,46000,2195100,37
2022-01-06,TPEx,6530,創威,23.20,23.80,23.10,23.15,-0.35,213228,4977303,160
2022-01-06,TPEx,6532,瑞耘,52.60,56.40,52.60,53.00,-2.00,1841459,99845293,1292
2022-01-06,TPEx,6535,順藥,38.50,38.85,38.35,38.85,+0.10,336130,12974848,260
2022-01-06,TPEx,6538,倉和,92.60,94.40,91.00,92.00,-0.70,445647,41177465,667
2022-01-06,TPEx,6542,隆中,54.90,54.90,53.90,54.00,-0.40,19122,1037464,23
2022-01-06,TPEx,6547,高端疫苗,279.50,286.00,278.00,278.00,-1.00,1764682,497129688,2456
2022-01-06,TPEx,6548,長科*,96.00,96.30,94.30,96.20,0.00,1675431,159571985,1893
2022-01-06,TPEx,6556,勝品,69.60,71.00,68.70,70.90,-0.40,28010,1943296,20
2022-01-06,TPEx,6560,欣普羅,71.80,71.90,71.10,71.30,-1.00,85266,6100172,97
2022-01-06,TPEx,6561,是方,276.50,278.50,274.50,275.00,-4.50,94702,26088432,123
2022-01-06,TPEx,6568,宏觀,349.00,354.50,341.50,342.00,-7.50,677859,234219941,642
2022-01-06,TPEx,6569,醫揚,104.50,105.00,104.50,104.50,0.00,3283,343715,6
2022-01-06,TPEx,6570,維田,43.45,44.50,43.45,43.75,+0.25,163154,7176296,124
2022-01-06,TPEx,6574,霈方,,,,,,0,0,0
2022-01-06,TPEx,6576,逸達,106.50,108.50,102.00,105.50,-2.00,1026575,107348822,865
2022-01-06,TPEx,6577,勁豐,64.50,64.80,64.20,64.50,-0.20,19085,1230607,20
2022-01-06,TPEx,6578,達邦蛋白,17.20,17.20,17.00,17.10,-0.20,70662,1205204,41
2022-01-06,TPEx,6588,東典光電,48.00,48.45,47.55,48.45,+0.20,17142,821408,18
2022-01-06,TPEx,6589,台康生技,107.50,110.50,107.50,108.00,+1.50,1265517,137800574,1038
2022-01-06,TPEx,6590,普鴻,64.10,64.10,64.10,64.10,-0.50,7170,459580,8
2022-01-06,TPEx,6593,台灣銘板,40.00,44.00,40.00,44.00,+4.00,608050,26463763,480
2022-01-06,TPEx,6594,展匯科,45.65,45.65,42.45,42.45,-2.60,198540,8564032,366
2022-01-06,TPEx,6596,寬宏藝術,48.80,48.80,48.50,48.50,-0.35,16172,785435,20
2022-01-06,TPEx,6603,富強鑫,18.45,18.90,18.15,18.65,+0.20,2753429,51413507,941
2022-01-06,TPEx,6609,瀧澤科,30.05,31.25,30.00,31.10,+0.85,236050,7197300,164
2022-01-06,TPEx,6612,奈米醫材,67.50,67.50,66.00,67.10,-0.40,48782,3255911,53
2022-01-06,TPEx,6613,朋億,171.00,171.00,168.50,169.50,-1.50,88738,15086254,121
2022-01-06,TPEx,6615,慧智,48.95,49.00,48.95,49.00,0.00,14481,708886,11
2022-01-06,TPEx,6616,特昇-KY,19.00,19.20,19.00,19.20,-0.20,4000,76400,4
2022-01-06,TPEx,6624,萬年清,39.45,39.45,39.05,39.25,-0.05,4000,157050,4
2022-01-06,TPEx,6629,泰金-KY,60.10,61.20,60.10,60.20,+0.20,8000,483100,8
2022-01-06,TPEx,6640,均華,105.00,106.50,104.00,106.50,+1.00,13618,1423842,182
2022-01-06,TPEx,6642,富致,71.20,71.20,70.10,70.20,-0.10,15692,1105179,25
2022-01-06,TPEx,6643,M31,376.00,382.00,375.00,380.50,+1.50,177028,66976533,301
2022-01-06,TPEx,6649,台生材,23.85,23.85,23.85,23.85,+0.05,1020,24364,12
2022-01-06,TPEx,6651,全宇昕,109.00,110.50,108.00,109.50,-0.50,99515,10902424,107
2022-01-06,TPEx,6654,天正國際,91.40,91.70,90.40,91.70,+1.30,88221,8033420,52
2022-01-06,TPEx,6661,威健生技,23.50,24.30,23.50,23.50,-0.15,15030,356180,16
2022-01-06,TPEx,6662,樂斯科,30.35,30.40,30.35,30.40,0.00,5017,152466,5
2022-01-06,TPEx,6664,群翊,77.00,79.50,76.90,78.40,+1.10,229231,17931436,202
2022-01-06,TPEx,6667,信紘科,82.00,86.60,80.80,81.10,-1.10,2873698,239512843,2264
2022-01-06,TPEx,6679,鈺太,403.00,411.50,400.00,405.00,-4.00,406118,163857812,407
2022-01-06,TPEx,6680,鑫創電子,,,,,,121,6110,1
2022-01-06,TPEx,6683,雍智科技,321.00,331.00,316.00,317.00,+0.50,781844,253327654,722
2022-01-06,TPEx,6684,安格,160.00,162.50,159.00,159.00,-2.00,200907,32217442,236
2022-01-06,TPEx,6690,安碁資訊,127.00,128.50,125.00,128.50,-1.00,29557,3745080,37
2022-01-06,TPEx,6697,東捷資訊,38.25,38.25,38.15,38.15,-0.35,4000,152750,3
2022-01-06,TPEx,6703,軒郁,84.70,85.60,84.70,85.00,-0.60,17024,1444411,22
2022-01-06,TPEx,6712,長聖,213.00,213.50,206.00,207.00,-3.50,449209,94108140,975
2022-01-06,TPEx,6716,應廣,150.50,152.50,149.00,152.50,+1.50,33472,5033878,51
2022-01-06,TPEx,6727,亞泰金屬,74.10,76.60,74.10,75.00,-0.40,252650,19047028,168
2022-01-06,TPEx,6728,上洋,98.00,98.60,98.00,98.60,+0.60,5025,494550,6
2022-01-06,TPEx,6732,昇佳電子,502.00,505.00,495.50,505.00,-1.00,178603,89250313,326
2022-01-06,TPEx,6733,博晟生醫,26.00,26.35,25.80,26.30,+0.20,41000,1067200,30
2022-01-06,TPEx,6741,91APP*-KY,259.50,264.50,257.50,259.00,-2.00,237312,61730244,282
2022-01-06,TPEx,6747,亨泰光,295.00,295.00,295.00,295.00,0.00,7543,2227665,46
2022-01-06,TPEx,6751,智聯服務,53.50,53.50,52.40,53.10,-0.30,43000,2278700,30
2022-01-06,TPEx,6752,叡揚,56.10,56.10,56.00,56.00,0.00,18500,1036700,14
2022-01-06,TPEx,6761,穩得,145.00,146.00,140.00,141.00,-6.50,178281,25401164,238
2022-01-06,TPEx,6762,達亞,264.50,264.50,264.50,264.50,0.00,3000,793500,3
2022-01-06,TPEx,6767,台微醫,32.65,32.90,32.50,32.55,-0.05,24000,782750,13
2022-01-06,TPEx,6788,華景電,189.50,191.00,186.00,186.00,-4.50,315814,59237723,344
2022-01-06,TPEx,6803,崑鼎,232.00,233.50,232.00,233.50,0.00,18414,4285639,180
2022-01-06,TPEx,7402,邑錡,47.80,47.80,47.05,47.10,-0.90,21000,991650,16
2022-01-06,TPEx,7556,意德士,117.00,117.00,112.50,115.50,-0.50,25704,2932478,38
2022-01-06,TPEx,8024,佑華,26.45,26.50,26.10,26.15,-0.55,362150,9493562,294
2022-01-06,TPEx,8027,鈦昇,83.20,84.80,83.00,83.10,-2.00,2000134,166934866,1808
2022-01-06,TPEx,8032,光菱,28.50,29.30,28.50,28.85,-0.35,30027,866005,44
2022-01-06,TPEx,8034,榮群,20.00,20.95,19.70,20.85,+1.10,1688458,34440237,921
2022-01-06,TPEx,8038,長園科,46.15,49.00,45.50,47.60,+0.10,1757226,83305922,1385
2022-01-06,TPEx,8040,九暘,69.60,70.90,69.60,70.60,-0.90,1175883,82590783,877
2022-01-06,TPEx,8042,金山電,47.10,47.35,47.05,47.30,+0.20,34516,1628431,123
2022-01-06,TPEx,8043,蜜望實,28.00,30.00,27.95,29.20,+1.00,1193773,34945479,784
2022-01-06,TPEx,8044,網家,122.50,125.50,119.00,119.50,-3.00,1703095,206376015,1551
2022-01-06,TPEx,8047,星雲,13.40,13.65,13.30,13.35,-0.15,50000,674500,31
2022-01-06,TPEx,8048,德勝,35.15,35.15,34.85,34.95,-0.20,10153,355364,15
2022-01-06,TPEx,8049,晶采,25.30,25.45,25.30,25.40,+0.10,191175,4850731,124
2022-01-06,TPEx,8050,廣積,40.50,40.50,39.90,40.25,-0.25,226359,9082612,241
2022-01-06,TPEx,8054,安國,56.80,57.90,56.10,56.80,-0.60,1178516,67203150,817
2022-01-06,TPEx,8059,凱碩,11.20,11.20,10.95,11.00,-0.20,122202,1350151,65
2022-01-06,TPEx,8064,東捷,22.15,22.55,21.65,22.00,-0.10,3243701,71581769,1696
2022-01-06,TPEx,8066,來思達,35.50,35.95,35.45,35.70,+0.35,53239,1898193,58
2022-01-06,TPEx,8067,志旭,,,,,,131,1384,5
2022-01-06,TPEx,8068,全達,37.80,38.10,36.85,37.35,+0.05,131262,4913112,107
2022-01-06,TPEx,8069,元太,149.00,159.50,148.00,158.50,+6.50,34295641,5310882869,20390
2022-01-06,TPEx,8071,能率網通,17.70,19.35,17.50,19.35,+1.75,16092658,302877802,6566
2022-01-06,TPEx,8074,鉅橡,20.80,20.80,20.65,20.70,-0.10,96143,1993354,63
2022-01-06,TPEx,8076,伍豐,34.90,37.80,34.70,37.60,+2.85,16259321,601311194,9203
2022-01-06,TPEx,8077,洛碁,11.05,11.05,10.80,10.85,-0.30,17050,185547,12
2022-01-06,TPEx,8080,永利聯合,9.95,9.95,9.81,9.81,-0.19,51423,508407,30
2022-01-06,TPEx,8083,瑞穎,178.00,178.00,176.50,177.50,-1.50,21186,3759811,26
2022-01-06,TPEx,8084,巨虹,60.20,60.20,57.50,58.00,-0.70,62000,3619900,44
2022-01-06,TPEx,8085,福華,18.20,19.05,18.10,18.95,+0.90,928938,17310852,447
2022-01-06,TPEx,8086,宏捷科,136.50,137.50,135.00,136.00,-2.50,1795671,243896187,1893
2022-01-06,TPEx,8087,華鎂鑫,27.30,30.45,27.25,29.90,-0.35,534683,15549072,250
2022-01-06,TPEx,8088,品安,24.10,24.35,24.00,24.10,-0.25,179569,4321239,113
2022-01-06,TPEx,8089,康全電訊,32.45,34.50,32.45,33.65,+0.95,579462,19480157,372
2022-01-06,TPEx,8091,翔名,75.60,77.80,75.50,77.00,+0.90,359764,27587845,278
2022-01-06,TPEx,8092,建暐,12.35,13.30,12.35,13.15,+0.20,625035,8036853,312
2022-01-06,TPEx,8093,保銳,9.54,9.66,9.35,9.41,-0.15,92120,872187,63
2022-01-06,TPEx,8096,擎亞,14.55,15.10,14.55,14.95,+0.15,1335468,19917508,544
2022-01-06,TPEx,8097,常珵,29.95,31.05,29.20,30.00,0.00,568134,17008533,278
2022-01-06,TPEx,8099,大世科,39.65,40.35,39.40,39.50,-0.15,12608,499064,22
2022-01-06,TPEx,8107,大億金茂,20.05,21.85,19.90,21.85,+1.95,2244559,47617533,1086
2022-01-06,TPEx,8109,博大,74.80,75.00,74.20,74.70,-0.10,17225,1282757,54
2022-01-06,TPEx,8111,立碁,29.60,30.65,29.20,30.50,+0.25,3275348,98803526,1903
2022-01-06,TPEx,8121,越峰,49.05,51.00,48.00,48.30,-1.70,4535150,221829860,2988
2022-01-06,TPEx,8147,正淩,61.00,64.40,60.60,62.50,+1.40,480543,30122351,286
2022-01-06,TPEx,8155,博智,166.00,168.50,162.50,165.00,+1.00,4232962,699394092,4144
2022-01-06,TPEx,8171,天宇,50.20,51.10,50.00,50.30,-0.30,481737,24287829,384
2022-01-06,TPEx,8176,智捷,9.10,9.10,8.98,8.99,-0.12,127007,1144959,195
2022-01-06,TPEx,8182,加高,55.00,55.30,54.20,54.50,-0.80,697404,38091991,472
2022-01-06,TPEx,8183,精星,60.20,61.20,59.40,60.80,+0.10,1973084,119497898,1330
2022-01-06,TPEx,8234,新漢,26.15,26.45,26.15,26.45,-0.40,804502,21127931,486
2022-01-06,TPEx,8240,華宏,32.05,32.40,31.90,32.20,+0.20,138029,4435996,108
2022-01-06,TPEx,8255,朋程,233.00,237.50,230.00,231.50,-8.00,1465842,341160284,1670
2022-01-06,TPEx,8277,商丞,13.00,13.25,13.00,13.10,+0.05,346097,4532468,191
2022-01-06,TPEx,8279,生展,113.50,114.00,112.00,113.00,-0.50,32163,3631893,33
2022-01-06,TPEx,8284,三竹,45.50,45.55,45.15,45.20,-0.20,25366,1149729,27
2022-01-06,TPEx,8289,泰藝,39.20,40.40,39.20,40.10,+0.10,955081,38063635,700
2022-01-06,TPEx,8291,尚茂,6.91,7.42,6.91,7.42,+0.51,26500,188345,13
2022-01-06,TPEx,8299,群聯,473.50,480.50,466.00,467.00,-9.00,4721228,2222256314,5693
2022-01-06,TPEx,8342,益張,52.00,52.00,52.00,52.00,0.00,2008,104416,4
2022-01-06,TPEx,8349,恒耀,60.50,64.50,60.50,63.90,+2.80,241090,15164640,170
2022-01-06,TPEx,8349A,恒耀甲特,45.00,45.00,45.00,45.00,0.00,3000,135000,1
2022-01-06,TPEx,8354,冠好,14.90,14.90,14.80,14.80,-0.05,9103,135264,7
2022-01-06,TPEx,8358,金居,75.10,75.90,74.80,75.30,-0.80,3124632,234785692,2200
2022-01-06,TPEx,8383,千附,41.30,41.55,41.10,41.25,-0.45,366057,15123975,475
2022-01-06,TPEx,8390,金益鼎,33.40,33.40,33.10,33.20,-0.25,118503,3942560,106
2022-01-06,TPEx,8401,白紗科,16.55,16.70,16.45,16.55,-0.05,111911,1849479,63
2022-01-06,TPEx,8403,盛弘,26.80,27.25,26.80,27.15,+0.30,220882,5961691,191
2022-01-06,TPEx,8406,金可-KY,268.00,269.00,268.00,269.00,+1.00,421870,113141197,290
2022-01-06,TPEx,8409,商之器,17.90,18.00,17.70,17.80,+0.20,21071,376610,17
2022-01-06,TPEx,8410,森田,34.70,35.95,34.70,35.40,+0.25,129618,4613364,100
2022-01-06,TPEx,8415,大國鋼,38.50,39.00,38.10,38.90,+0.60,3637358,140830484,1747
2022-01-06,TPEx,8416,實威,121.00,122.00,121.00,122.00,0.00,3283,398155,7
2022-01-06,TPEx,8418,捷必勝-KY,10.30,10.30,10.30,10.30,-0.15,1000,10300,1
2022-01-06,TPEx,8420,明揚,39.30,40.30,39.30,40.05,+0.75,137194,5486814,107
2022-01-06,TPEx,8421,旭源,13.40,13.75,13.25,13.75,+0.50,204380,2753896,137
2022-01-06,TPEx,8423,保綠-KY,18.45,18.45,18.40,18.40,-0.25,4439,81965,17
2022-01-06,TPEx,8424,惠普,61.20,61.40,61.20,61.40,0.00,6385,391557,9
2022-01-06,TPEx,8426,紅木-KY,16.05,16.10,15.95,16.10,0.00,12300,196969,12
2022-01-06,TPEx,8431,匯鑽科,71.10,73.40,71.10,73.30,+2.20,819194,59258580,781
2022-01-06,TPEx,8432,東生華,43.80,43.80,43.35,43.80,+0.25,35000,1523300,28
2022-01-06,TPEx,8433,弘帆,42.30,42.75,42.30,42.30,-0.45,7000,296650,7
2022-01-06,TPEx,8435,鉅邁,59.20,59.20,59.10,59.20,-0.10,30556,1808118,133
2022-01-06,TPEx,8436,大江,208.00,208.00,206.00,206.50,0.00,342391,70778676,378
2022-01-06,TPEx,8437,大地-KY,141.00,141.00,140.00,140.00,-1.00,12644,1780983,195
2022-01-06,TPEx,8440,綠電,26.55,27.40,26.55,27.25,+0.30,634543,17179311,415
2022-01-06,TPEx,8444,綠河-KY,121.50,123.50,118.50,120.50,-3.50,115011,13882373,89
2022-01-06,TPEx,8446,華研,89.00,90.30,88.80,89.20,0.00,36995,3301382,48
2022-01-06,TPEx,8450,霹靂,63.50,68.40,60.00,66.90,+1.50,13413158,884089011,9018
2022-01-06,TPEx,8455,大拓-KY,25.25,26.25,25.25,26.25,0.00,10000,260600,8
2022-01-06,TPEx,8472,夠麻吉,50.60,50.60,50.00,50.10,-1.90,9000,451400,7
2022-01-06,TPEx,8476,台境,56.40,56.40,55.80,56.20,+0.20,103000,5766000,62
2022-01-06,TPEx,8477,創業家,32.05,32.05,31.90,32.00,-0.15,43436,1390369,49
2022-01-06,TPEx,8489,三貝德,37.50,37.60,37.25,37.35,-0.25,104961,3922064,100
2022-01-06,TPEx,8905,裕國,21.80,22.15,21.70,21.90,+0.20,302272,6640024,175
2022-01-06,TPEx,8906,花王,18.60,18.60,18.30,18.35,-0.40,15588,287199,16
2022-01-06,TPEx,8908,欣雄,57.40,59.00,57.40,58.60,+1.30,11856,686808,33
2022-01-06,TPEx,8916,光隆,40.80,40.80,40.75,40.75,-0.05,54237,2212124,35
2022-01-06,TPEx,8916A,光隆甲特,49.65,49.70,49.60,49.70,0.00,16000,794350,8
2022-01-06,TPEx,8917,欣泰,88.90,89.00,88.90,89.00,0.00,13000,1156000,3
2022-01-06,TPEx,8921,沈氏,,,,,,0,0,0
2022-01-06,TPEx,8923,時報,,,,,,1,16,1
2022-01-06,TPEx,8924,大田,152.00,152.50,149.00,149.00,-3.50,945232,142157104,1426
2022-01-06,TPEx,8927,北基,34.85,35.70,34.50,35.00,+0.15,1083001,37968684,718
2022-01-06,TPEx,8928,鉅明,35.40,35.70,35.40,35.70,+0.10,90693,3224759,55
2022-01-06,TPEx,8929,富堡,22.20,22.20,21.80,21.80,0.00,25579,565480,176
2022-01-06,TPEx,8930,青鋼,15.20,15.30,15.20,15.30,+0.05,30019,457838,22
2022-01-06,TPEx,8931,大汽電,32.00,32.05,31.85,32.05,-0.05,22218,708650,32
2022-01-06,TPEx,8932,宏大,27.00,27.10,27.00,27.00,+0.35,68032,1837950,22
2022-01-06,TPEx,8933,愛地雅,13.25,13.45,13.20,13.25,0.00,1155136,15335563,582
2022-01-06,TPEx,8935,邦泰,13.85,14.00,13.60,13.75,-0.10,286203,3950936,137
2022-01-06,TPEx,8936,國統,22.65,22.65,22.25,22.40,-0.20,799584,17926302,406
2022-01-06,TPEx,8937,合騏,13.80,13.95,13.80,13.85,-0.05,90000,1245050,18
2022-01-06,TPEx,8938,明安,76.20,77.30,76.20,76.60,-0.30,329502,25308489,381
2022-01-06,TPEx,8941,關中,37.30,37.30,37.30,37.30,-0.50,11719,437166,9
2022-01-06,TPEx,8942,森鉅,68.10,68.80,68.10,68.40,-0.20,110003,7524071,92
2022-01-06,TPEx,9949,琉園,12.55,12.55,12.35,12.50,-0.15,31356,391573,180
2022-01-06,TPEx,9950,萬國通,9.46,10.15,9.46,9.87,-0.02,7001,68229,8
2022-01-06,TPEx,9951,皇田,79.60,79.60,77.40,77.40,-2.20,576544,44985028,546
2022-01-06,TPEx,9960,邁達康,27.65,27.70,27.00,27.25,-0.40,60111,1628589,42
2022-01-06,TPEx,9962,有益,17.50,17.70,17.40,17.60,+0.20,472524,8273066,246
