date,market,code,name,open,high,low,close,change,volume,value,transactions
2022-08-18,TWSE,0050,元大台灣50,121.40,121.45,120.95,121.35,-0.80,5637817,683651223,9013
2022-08-18,TWSE,0051,元大中型100,55.00,55.40,55.00,55.40,-0.20,13717,757318,147
2022-08-18,TWSE,0052,富邦科技,102.40,102.45,101.85,102.35,-0.80,111250,11376340,256
2022-08-18,TWSE,0053,元大電子,59.15,59.15,58.50,59.00,-0.15,11306,666933,14
2022-08-18,TWSE,0055,元大MSCI金融,24.16,24.16,24.00,24.04,-0.12,131245,3155657,357
2022-08-18,TWSE,0056,元大高股息,29.19,29.29,29.08,29.29,0.01,11971122,349085241,7290
2022-08-18,TWSE,0057,富邦摩台,86.10,86.40,86.10,86.40,-0.50,2986,256495,891
2022-08-18,TWSE,0061,元大寶滬深,19.98,20.01,19.85,19.92,-0.05,128344,2553926,889
2022-08-18,TWSE,006203,元大MSCI台灣,58.45,58.65,58.20,58.65,-0.30,5099,297538,947
2022-08-18,TWSE,006204,永豐臺灣加權,78.90,79.35,78.90,79.35,-0.20,41125,3259759,881
2022-08-18,TWSE,006205,富邦上証,33.00,33.02,32.70,32.79,-0.15,586164,19237286,149
2022-08-18,TWSE,006206,元大上證50,31.40,31.40,31.08,31.16,-0.40,83233,2594733,32
2022-08-18,TWSE,006207,復華滬深,26.40,26.41,26.10,26.13,-0.26,52254,1375924,20
2022-08-18,TWSE,006208,富邦台50,70.00,70.00,69.60,69.80,-0.60,2611457,182353093,5354
2022-08-18,TWSE,00625K,富邦上証+R,,,,,0.00,0,0,0
2022-08-18,TWSE,00631L,元大台灣50正2,109.85,110.55,109.35,110.40,-1.00,2899143,319092379,1697
2022-08-18,TWSE,00632R,元大台灣50反1,5.64,5.65,5.61,5.61,0.01,78647699,442972368,3732
2022-08-18,TWSE,00633L,富邦上証正2,43.87,44.00,42.92,42.95,-0.86,16330906,707499671,1845
2022-08-18,TWSE,00634R,富邦上証反1,4.31,4.36,4.31,4.36,0.06,744000,3229580,22
2022-08-18,TWSE,00635U,期元大S&P黃金,23.20,23.20,23.14,23.16,-0.19,213361,4943309,131
2022-08-18,TWSE,00636,國泰中國A50,22.59,22.60,22.33,22.39,-0.25,440339,9883527,1064
2022-08-18,TWSE,00636K,國泰中國A50+U,7.47,7.47,7.45,7.45,-0.07,800,5964,3
2022-08-18,TWSE,00637L,元大滬深300正2,17.34,17.41,16.96,17.00,-0.33,65405445,1121031337,8764
2022-08-18,TWSE,00638R,元大滬深300反1,9.20,9.29,9.18,9.28,0.06,498150,4598751,42
2022-08-18,TWSE,00639,富邦深100,14.38,14.38,14.18,14.22,-0.10,238842,3411326,1043
2022-08-18,TWSE,00640L,富邦日本正2,29.43,29.59,29.40,29.53,-0.38,308000,9086570,64
2022-08-18,TWSE,00641R,富邦日本反1,9.68,9.70,9.66,9.66,0.06,330000,3193810,71
2022-08-18,TWSE,00642U,期元大S&P石油,18.13,18.25,18.11,18.25,0.21,1792824,32640941,612
2022-08-18,TWSE,00643,群益深証中小,17.24,17.24,17.05,17.06,-0.14,462957,7937014,1033
2022-08-18,TWSE,00643K,群益深証中小+R,,,,,0.00,0,0,0
2022-08-18,TWSE,00645,富邦日本,26.32,26.41,26.32,26.37,-0.15,41629,1097630,920
2022-08-18,TWSE,00646,元大S&P500,39.38,39.50,39.36,39.44,-0.33,580925,22906933,580
2022-08-18,TWSE,00647L,元大S&P500正2,63.15,63.45,63.15,63.35,-1.20,244315,15466987,69
2022-08-18,TWSE,00648R,元大S&P500反1,6.93,6.93,6.91,6.92,0.06,1036100,7172402,149
2022-08-18,TWSE,00650L,復華香港正2,14.72,14.83,14.51,14.59,-0.23,3535000,51639370,644
2022-08-18,TWSE,00651R,復華香港反1,8.75,8.83,8.70,8.81,0.12,93000,819160,17
2022-08-18,TWSE,00652,富邦印度,29.74,29.75,29.66,29.70,-0.04,80522,2391681,994
2022-08-18,TWSE,00653L,富邦印度正2,45.37,45.92,45.37,45.76,-0.10,288292,13207601,94
2022-08-18,TWSE,00654R,富邦印度反1,8.02,8.03,8.00,8.02,0.03,179000,1433750,57
2022-08-18,TWSE,00655L,國泰中國A50正2,31.53,31.70,30.86,30.97,-0.59,2509119,78154884,705
2022-08-18,TWSE,00656R,國泰中國A50反1,8.20,8.28,8.18,8.26,0.10,150000,1234880,22
2022-08-18,TWSE,00657,國泰日經225,33.79,33.84,33.79,33.84,-0.29,5000,169060,5
2022-08-18,TWSE,00657K,國泰日經225+U,11.27,11.27,11.27,11.27,-0.11,200,2254,2
2022-08-18,TWSE,00660,元大歐洲50,27.52,27.53,27.41,27.43,-0.46,5100,140170,6
2022-08-18,TWSE,00661,元大日經225,36.40,36.40,36.35,36.39,-0.18,11001,400216,7
2022-08-18,TWSE,00662,富邦NASDAQ,51.95,52.05,51.90,52.00,-0.75,541845,28171647,458
2022-08-18,TWSE,00663L,國泰臺灣加權正2,99.55,100.20,99.20,100.20,-0.60,26005,2600000,14
2022-08-18,TWSE,00664R,國泰臺灣加權反1,6.39,6.41,6.36,6.37,0.04,2796060,17847447,315
2022-08-18,TWSE,00665L,富邦恒生國企正2,9.44,9.52,9.29,9.34,-0.18,5650625,52868974,815
2022-08-18,TWSE,00666R,富邦恒生國企反1,15.41,15.46,15.32,15.42,0.16,174000,2688180,14
2022-08-18,TWSE,00668,國泰美國道瓊,36.89,36.96,36.89,36.93,-0.21,27188,1002810,864
2022-08-18,TWSE,00668K,國泰美國道瓊+U,12.31,12.31,12.31,12.31,-0.06,200,2462,2
2022-08-18,TWSE,00669R,國泰美國道瓊反1,7.89,7.89,7.87,7.89,0.05,3183050,25082894,337
2022-08-18,TWSE,00670L,富邦NASDAQ正2,78.50,78.80,78.45,78.80,-2.15,2341946,184124942,798
2022-08-18,TWSE,00671R,富邦NASDAQ反1,5.59,5.59,5.56,5.58,0.08,14709275,81995604,799
2022-08-18,TWSE,00673R,期元大S&P原油反1,8.69,8.70,8.62,8.63,-0.09,23434901,202572728,2343
2022-08-18,TWSE,00674R,期元大S&P黃金反1,13.26,13.30,13.26,13.29,0.10,757086,10053323,132
2022-08-18,TWSE,00675L,富邦臺灣加權正2,43.22,43.50,42.99,43.43,-0.35,601028,25985998,353
2022-08-18,TWSE,00676R,富邦臺灣加權反1,3.51,3.51,3.49,3.49,0.01,1432324,5011652,182
2022-08-18,TWSE,00678,群益那斯達克生技,25.13,25.16,25.12,25.16,-0.47,441045,11089378,771
2022-08-18,TWSE,00680L,元大美債20正2,14.78,14.84,14.77,14.83,-0.22,633077,9370352,207
2022-08-18,TWSE,00681R,元大美債20反1,16.71,16.71,16.66,16.68,0.12,303000,5055110,53
2022-08-18,TWSE,00682U,期元大美元指數,20.97,21.02,20.97,21.01,0.07,44391,932131,20
2022-08-18,TWSE,00683L,期元大美元指正2,22.70,22.81,22.70,22.79,0.17,266000,6056400,75
2022-08-18,TWSE,00684R,期元大美元指反1,15.89,15.90,15.89,15.90,-0.04,8000,127180,2
2022-08-18,TWSE,00685L,群益臺灣加權正2,38.45,38.55,38.22,38.55,-0.41,72000,2756120,8
2022-08-18,TWSE,00686R,群益臺灣加權反1,3.79,3.80,3.77,3.78,0.01,522000,1975660,72
2022-08-18,TWSE,00688L,國泰20年美債正2,14.70,14.79,14.69,14.76,-0.24,214000,3154110,54
2022-08-18,TWSE,00689R,國泰20年美債反1,17.34,17.36,17.34,17.35,0.12,23000,399150,7
2022-08-18,TWSE,00690,兆豐藍籌30,29.52,29.62,29.51,29.59,-0.11,110759,3276672,713
2022-08-18,TWSE,00692,富邦公司治理,30.12,30.16,29.97,30.14,-0.13,1408872,42372616,1652
2022-08-18,TWSE,00693U,期街口S&P黃豆,25.04,25.05,24.86,24.93,-0.09,121021,3018951,64
2022-08-18,TWSE,00700,富邦恒生國企,12.88,12.88,12.74,12.78,-0.14,139359,1780344,37
2022-08-18,TWSE,00701,國泰股利精選30,25.04,25.04,24.96,25.02,-0.07,719331,17980447,576
2022-08-18,TWSE,00702,國泰標普低波高息,22.52,22.52,22.51,22.52,-0.10,54000,1216050,5
2022-08-18,TWSE,00703,台新MSCI中國,15.87,15.90,15.85,15.87,-0.21,8000,126950,6
2022-08-18,TWSE,00706L,期元大S&P日圓正2,10.36,10.36,10.28,10.31,-0.15,2316200,23888832,428
2022-08-18,TWSE,00707R,期元大S&P日圓反1,23.91,23.91,23.91,23.91,0.00,5000,119550,1
2022-08-18,TWSE,00708L,期元大S&P黃金正2,24.21,24.23,24.07,24.15,-0.42,540895,13071839,214
2022-08-18,TWSE,00709,富邦歐洲,21.66,21.66,21.61,21.61,-0.23,65000,1407700,5
2022-08-18,TWSE,00710B,復華彭博非投等債,17.90,17.92,17.88,17.90,-0.07,186310,3335340,69
2022-08-18,TWSE,00711B,復華彭博新興債,16.88,16.88,16.81,16.83,-0.15,118318,1992395,17
2022-08-18,TWSE,00712,復華富時不動產,12.42,12.42,12.38,12.42,-0.06,874733,10845676,666
2022-08-18,TWSE,00713,元大台灣高息低波,41.11,41.14,40.93,41.13,-0.01,589163,24197131,751
2022-08-18,TWSE,00714,群益道瓊美國地產,21.84,21.90,21.84,21.86,-0.10,228387,4993245,154
2022-08-18,TWSE,00715L,期街口布蘭特正2,17.49,17.73,17.47,17.73,0.33,11167247,197197882,2012
2022-08-18,TWSE,00717,富邦美國特別股,15.75,15.75,15.70,15.73,-0.12,205108,3222928,131
2022-08-18,TWSE,00728,第一金工業30,23.55,23.55,23.33,23.52,-0.11,234443,5489156,277
2022-08-18,TWSE,00730,富邦臺灣優質高息,18.13,18.18,18.11,18.18,-0.02,112056,2033945,140
2022-08-18,TWSE,00731,復華富時高息低波,59.15,59.20,59.15,59.20,-0.15,1025280,60657732,135
2022-08-18,TWSE,00732,國泰RMB短期報酬,41.06,41.06,41.00,41.00,-0.06,149000,6110300,7
2022-08-18,TWSE,00733,富邦臺灣中小,34.99,35.50,34.93,35.50,0.43,217899,7700124,233
2022-08-18,TWSE,00735,國泰臺韓科技,26.00,26.08,25.97,26.08,-0.10,156114,4067011,17
2022-08-18,TWSE,00736,國泰新興市場,19.68,19.74,19.68,19.74,-0.13,102049,2013668,984
2022-08-18,TWSE,00737,國泰AI機器人,28.10,28.10,28.07,28.09,-0.54,60297,1692628,964
2022-08-18,TWSE,00738U,期元大道瓊白銀,20.00,20.00,19.77,19.85,-0.51,599882,11922760,308
2022-08-18,TWSE,00739,元大MSCI A股,24.83,25.04,24.82,24.82,-0.20,35099,871459,838
2022-08-18,TWSE,00743,國泰中國A150,25.85,26.00,25.85,25.99,0.17,6000,155840,6
2022-08-18,TWSE,00752,中信中國50,18.00,18.00,17.83,17.90,-0.13,1314514,23499780,526
2022-08-18,TWSE,00753L,中信中國50正2,12.49,12.60,12.37,12.42,-0.22,3997470,49751795,869
2022-08-18,TWSE,00757,統一FANG+,41.45,41.46,41.31,41.33,-0.80,813883,33663469,743
2022-08-18,TWSE,00762,元大全球AI,35.22,35.26,35.18,35.25,-0.71,103416,3642771,92
2022-08-18,TWSE,00763U,期街口道瓊銅,23.18,23.18,22.89,22.98,-0.32,73203,1680463,17
2022-08-18,TWSE,00770,國泰北美科技,32.81,32.84,32.79,32.81,-0.54,242291,7946615,611
2022-08-18,TWSE,00771,元大US高息特別股,17.54,17.55,17.51,17.52,-0.18,51490,901803,948
2022-08-18,TWSE,00774B,新光中國政金綠債,41.90,41.90,41.90,41.90,-0.10,2013,84339,3
2022-08-18,TWSE,00774C,新光中政金綠債+R,,,,,0.00,0,0,0
2022-08-18,TWSE,00775B,台新投等債15+,35.53,35.53,35.45,35.45,0.00,51000,1808030,3
2022-08-18,TWSE,00783,富邦中証500,22.11,22.11,22.03,22.05,-0.09,72044,1587984,6
2022-08-18,TWSE,00830,國泰費城半導體,25.98,26.00,25.90,26.00,-0.56,2573164,66799307,1668
2022-08-18,TWSE,00850,元大臺灣ESG永續,32.13,32.13,31.94,32.11,-0.13,287526,9216371,473
2022-08-18,TWSE,00851,台新全球AI,27.66,27.66,27.60,27.60,-0.56,4000,110550,4
2022-08-18,TWSE,00852L,國泰美國道瓊正2,20.59,20.66,20.59,20.66,-0.23,180250,3717654,63
2022-08-18,TWSE,00861,元大全球未來通訊,28.67,28.69,28.60,28.64,-0.15,308778,8843188,76
2022-08-18,TWSE,00865B,國泰US短期公債,39.04,39.07,39.04,39.07,0.00,101745,3971380,750
2022-08-18,TWSE,00875,國泰網路資安,28.05,28.05,28.00,28.04,-0.41,81349,2279530,111
2022-08-18,TWSE,00876,元大全球5G,26.78,26.78,26.67,26.73,-0.31,483702,12918889,374
2022-08-18,TWSE,00878,國泰永續高股息,17.11,17.15,17.05,17.15,0.04,36065571,616813558,14280
2022-08-18,TWSE,00881,國泰台灣科技龍頭,14.90,14.91,14.79,14.90,-0.08,8369856,124356283,3830
2022-08-18,TWSE,00882,中信中國高股息,11.74,11.78,11.67,11.68,-0.06,15200615,177811248,5650
2022-08-18,TWSE,00885,富邦越南,14.81,14.91,14.79,14.91,0.10,6295342,93489990,2168
2022-08-18,TWSE,00891,中信關鍵半導體,11.95,12.06,11.87,12.05,-0.01,9703003,115851801,2657
2022-08-18,TWSE,00892,富邦台灣半導體,11.04,11.11,10.94,11.11,-0.01,4541643,50018816,1219
2022-08-18,TWSE,00893,國泰智能電動車,14.35,14.38,14.33,14.35,-0.25,8828843,126705664,3024
2022-08-18,TWSE,00894,中信小資高價30,12.10,12.15,11.98,12.15,0.01,1211212,14605910,331
2022-08-18,TWSE,00895,富邦未來車,15.24,15.24,15.20,15.22,-0.22,2385506,36295745,773
2022-08-18,TWSE,00896,中信綠能及電動車,13.92,13.92,13.81,13.89,-0.04,1212818,16803142,439
2022-08-18,TWSE,00897,富邦基因免疫生技,10.38,10.38,10.32,10.34,-0.40,1788080,18480259,505
2022-08-18,TWSE,00898,國泰基因免疫革命,8.14,8.15,8.11,8.13,-0.28,1649016,13404965,538
2022-08-18,TWSE,00899,FT潔淨能源,25.43,25.44,25.30,25.39,-0.18,835974,21238183,242
2022-08-18,TWSE,00900,富邦特選高股息30,10.99,11.03,10.97,11.03,0.00,29710054,326831832,9099
2022-08-18,TWSE,00901,永豐智能車供應鏈,12.85,12.89,12.78,12.88,-0.03,396174,5083112,186
2022-08-18,TWSE,00902,中信電池及儲能,15.10,15.25,15.08,15.09,-0.11,6466825,97917377,1466
2022-08-18,TWSE,00903,富邦元宇宙,11.26,11.27,11.23,11.26,-0.37,3431547,38605792,1302
2022-08-18,TWSE,00904,台新臺灣半導體30,11.58,11.65,11.50,11.65,-0.01,656124,7587959,245
2022-08-18,TWSE,00905,FT臺灣Smart,9.09,9.12,9.06,9.11,-0.04,600902,5456698,275
2022-08-18,TWSE,00906,大華元宇宙科技50,10.55,10.55,10.40,10.45,-0.14,41361,432612,35
2022-08-18,TWSE,00907,永豐優息存股,15.17,15.17,15.08,15.11,-0.06,1463131,22094294,393
2022-08-18,TWSE,00908,富邦入息REITs+,15.19,15.23,15.16,15.23,-0.19,1080927,16408090,484
2022-08-18,TWSE,00909,國泰數位支付服務,18.35,18.38,18.33,18.38,-0.58,692635,12718987,351
2022-08-18,TWSE,00910,第一金太空衛星,16.30,16.30,16.23,16.26,-0.31,68671,1116238,45
2022-08-18,TWSE,00911,兆豐洲際半導體,16.33,16.33,16.30,16.32,-0.38,68965,1124965,51
2022-08-18,TWSE,00912,中信臺灣智慧50,15.30,15.30,15.18,15.28,-0.11,639162,9743309,334
2022-08-18,TWSE,00913,兆豐台灣晶圓製造,15.31,15.37,15.27,15.36,-0.11,350100,5358671,41
2022-08-18,TWSE,00915,凱基優選高股息30,15.34,15.34,15.25,15.31,-0.04,2258513,34510837,876
2022-08-18,TWSE,01001T,土銀富邦R1,,,,,0.00,20,359,1
2022-08-18,TWSE,01002T,土銀國泰R1,17.97,17.99,17.97,17.98,-0.01,71000,1277000,22
2022-08-18,TWSE,01003T,兆豐新光R1,19.99,19.99,19.95,19.96,-0.05,10000,199650,10
2022-08-18,TWSE,01004T,土銀富邦R2,16.00,16.00,16.00,16.00,0.00,30000,480000,30
2022-08-18,TWSE,01007T,兆豐國泰R2,,,,,0.00,0,0,0
2022-08-18,TWSE,01009T,王道圓滿R1,8.95,8.95,8.95,8.95,-0.01,7000,62650,1
2022-08-18,TWSE,01010T,京城樂富R1,10.22,10.23,10.19,10.23,0.00,36000,367800,10
2022-08-18,TWSE,020000,富邦特選蘋果N,6.64,6.64,6.64,6.64,0.00,1000,6640,1
2022-08-18,TWSE,020002,元富新中國N,13.05,13.05,13.05,13.05,-0.16,1000,13050,1
2022-08-18,TWSE,020007,凱基臺灣500N,,,,,0.00,0,0,0
2022-08-18,TWSE,020011,統一微波高息20N,,,,,0.00,0,0,0
2022-08-18,TWSE,020012,富邦行動通訊N,,,,,0.00,0,0,0
2022-08-18,TWSE,020015,統一MSCI美低波N,,,,,0.00,0,0,0
2022-08-18,TWSE,020016,統一MSCI美科技N,,,,,0.00,0,0,0
2022-08-18,TWSE,020018,統一價值成長30N,14.37,14.53,14.37,14.53,0.03,18000,259140,3
2022-08-18,TWSE,020019,統一特選台灣5GN,12.22,12.22,12.22,12.22,-0.06,8000,97760,1
2022-08-18,TWSE,02001L,富邦蘋果正二N,9.06,9.16,9.03,9.16,-0.02,7000,63590,5
2022-08-18,TWSE,02001R,富邦蘋果反一N,3.08,3.08,3.08,3.08,0.01,1000,3080,1
2022-08-18,TWSE,020020,元大台股領航N,6.73,6.74,6.71,6.74,-0.02,68000,457520,21
2022-08-18,TWSE,020022,元大電動車N,5.20,5.20,5.17,5.20,-0.03,140000,726540,55
2022-08-18,TWSE,020028,元大特選電動車N,5.02,5.02,4.99,5.01,-0.03,124000,620510,35
2022-08-18,TWSE,020029,元大ESG高股息N,4.60,4.60,4.57,4.59,-0.01,106000,485690,22
2022-08-18,TWSE,020030,統一智慧電動車N,4.02,4.02,3.96,4.00,-0.02,88000,350250,26
2022-08-18,TWSE,020031,統一IC設計臺灣N,3.57,3.60,3.52,3.60,0.02,553000,1978150,56
2022-08-18,TWSE,020032,元大綠能N,4.89,4.89,4.87,4.89,0.00,254000,1241170,44
2022-08-18,TWSE,020034,元大IC設計N,4.09,4.20,4.05,4.20,0.09,611000,2541740,64
2022-08-18,TWSE,1101,台泥,39.90,39.90,39.50,39.80,-0.20,14155029,561346825,7807
2022-08-18,TWSE,1101B,台泥乙特,50.20,50.20,50.20,50.20,0.10,2000,100400,2
2022-08-18,TWSE,1102,亞泥,42.75,42.90,42.50,42.90,0.10,5650328,241262752,2167
2022-08-18,TWSE,1103,嘉泥,17.70,17.75,17.60,17.70,0.00,185847,3285945,131
2022-08-18,TWSE,1104,環泥,21.75,21.85,21.65,21.75,0.00,249598,5428930,152
2022-08-18,TWSE,1108,幸福,11.35,11.45,11.25,11.25,-0.05,437376,4964380,178
2022-08-18,TWSE,1109,信大,17.80,17.80,17.60,17.75,-0.05,211385,3747474,119
2022-08-18,TWSE,1110,東泥,18.05,18.05,17.90,18.00,-0.05,62022,1114895,40
2022-08-18,TWSE,1201,味全,19.95,19.95,19.85,19.95,0.00,223225,4442809,225
2022-08-18,TWSE,1203,味王,33.25,33.55,33.25,33.40,-0.25,6081,202643,31
2022-08-18,TWSE,1210,大成,49.50,49.50,48.90,49.10,-0.40,888512,43619173,943
2022-08-18,TWSE,1213,大飲,7.33,7.33,7.33,7.33,-0.02,4504,33023,7
2022-08-18,TWSE,1215,卜蜂,82.70,83.10,82.30,82.40,-0.50,354856,29346626,520
2022-08-18,TWSE,1216,統一,65.90,66.00,65.30,65.90,-0.10,4326881,284285826,2342
2022-08-18,TWSE,1217,愛之味,9.96,10.05,9.91,9.99,0.03,851440,8505445,363
2022-08-18,TWSE,1218,泰山,32.30,32.45,32.10,32.35,-0.35,235295,7606202,361
2022-08-18,TWSE,1219,福壽,20.95,21.05,20.85,20.95,-0.10,864332,18116969,384
2022-08-18,TWSE,1220,台榮,16.10,16.10,15.95,15.95,-0.10,319037,5100543,140
2022-08-18,TWSE,1225,福懋油,50.60,50.70,50.60,50.70,0.10,15314,775662,20
2022-08-18,TWSE,1227,佳格,41.65,41.65,41.35,41.45,-0.20,352471,14605049,432
2022-08-18,TWSE,1229,聯華,59.50,59.50,58.80,59.30,0.10,560295,33186101,646
2022-08-18,TWSE,1231,聯華食,75.40,75.40,74.90,75.00,-0.50,199661,14993899,462
2022-08-18,TWSE,1232,大統益,156.00,156.00,154.50,154.50,-1.50,43712,6782639,167
2022-08-18,TWSE,1233,天仁,34.30,34.35,34.15,34.35,0.25,3440,117761,10
2022-08-18,TWSE,1234,黑松,33.80,33.90,33.75,33.85,0.05,65392,2210449,67
2022-08-18,TWSE,1235,興泰,63.80,63.80,62.80,62.80,0.30,6476,409695,76
2022-08-18,TWSE,1236,宏亞,25.80,26.20,25.65,25.80,0.00,306121,7955867,192
2022-08-18,TWSE,1256,鮮活果汁-KY,,,,,0.00,2531,632890,112
2022-08-18,TWSE,1301,台塑,94.00,94.40,93.30,94.20,0.00,3093846,290826808,2168
2022-08-18,TWSE,1303,南亞,70.30,70.70,69.90,70.60,-0.20,3624244,255093506,2174
2022-08-18,TWSE,1304,台聚,23.50,23.65,23.40,23.65,0.15,1187207,27933625,642
2022-08-18,TWSE,1305,華夏,24.10,24.20,23.95,24.20,0.10,624844,15043041,362
2022-08-18,TWSE,1307,三芳,20.30,20.40,20.15,20.35,0.05,65290,1325012,45
2022-08-18,TWSE,1308,亞聚,27.40,27.55,27.15,27.40,-0.05,620632,16978589,475
2022-08-18,TWSE,1309,台達化,23.15,23.15,22.80,22.85,-0.30,466605,10673861,337
2022-08-18,TWSE,1310,台苯,14.30,14.45,14.25,14.35,0.05,337202,4835096,276
2022-08-18,TWSE,1312,國喬,18.70,18.90,18.60,18.70,0.00,2172969,40771998,1164
2022-08-18,TWSE,1312A,國喬特,29.30,29.65,29.00,29.30,0.00,62000,1802150,36
2022-08-18,TWSE,1313,聯成,13.65,13.70,13.55,13.65,-0.10,952594,12989475,428
2022-08-18,TWSE,1314,中石化,10.45,10.45,10.25,10.25,-0.15,8415919,86888414,2831
2022-08-18,TWSE,1315,達新,69.10,69.60,69.00,69.60,0.50,10622,735718,32
2022-08-18,TWSE,1316,上曜,15.20,15.40,14.95,15.35,0.15,781360,11866978,341
2022-08-18,TWSE,1319,東陽,51.20,53.20,50.50,53.10,1.90,19937689,1040308353,9999
2022-08-18,TWSE,1321,大洋,36.75,37.15,36.65,37.00,0.25,269193,9934745,177
2022-08-18,TWSE,1323,永裕,33.90,33.90,33.25,33.50,-0.25,260000,8684150,147
2022-08-18,TWSE,1324,地球,11.50,11.65,11.40,11.40,-0.15,163663,1879568,113
2022-08-18,TWSE,1325,恆大,26.65,27.65,26.65,27.40,0.60,599770,16383428,439
2022-08-18,TWSE,1326,台化,70.20,70.30,69.60,70.10,-0.50,1386988,97189810,975
2022-08-18,TWSE,1337,再生-KY,6.28,6.28,6.18,6.23,-0.02,109308,680639,140
2022-08-18,TWSE,1338,廣華-KY,58.90,58.90,58.00,58.70,-0.20,247656,14433744,220
2022-08-18,TWSE,1339,昭輝,43.65,43.65,43.15,43.35,0.00,583877,25318067,468
2022-08-18,TWSE,1340,勝悅-KY,9.97,10.20,9.97,10.15,0.17,234861,2368062,171
2022-08-18,TWSE,1341,富林-KY,67.90,67.90,67.90,67.90,1.10,1009,68504,6
2022-08-18,TWSE,1342,八貫,71.10,72.40,70.40,71.60,0.00,189182,13547140,151
2022-08-18,TWSE,1402,遠東新,30.80,30.90,30.70,30.90,0.05,6209399,191379829,2169
2022-08-18,TWSE,1409,新纖,19.20,19.25,19.05,19.20,0.15,1262829,24211113,574
2022-08-18,TWSE,1410,南染,34.00,36.50,33.95,35.05,1.05,853362,29751740,760
2022-08-18,TWSE,1413,宏洲,10.90,11.10,10.85,11.05,0.15,472368,5167739,199
2022-08-18,TWSE,1414,東和,16.80,16.95,16.65,16.95,0.00,135167,2263406,99
2022-08-18,TWSE,1416,廣豐,10.65,10.80,10.60,10.65,-0.05,83043,884842,81
2022-08-18,TWSE,1417,嘉裕,10.60,10.60,10.45,10.55,-0.05,155621,1637456,60
2022-08-18,TWSE,1418,東華,15.70,16.00,15.50,15.80,0.10,30035,471752,30
2022-08-18,TWSE,1419,新紡,40.65,40.75,40.60,40.60,0.20,19064,775245,19
2022-08-18,TWSE,1423,利華,18.85,19.00,18.85,18.90,0.05,78400,1482995,57
2022-08-18,TWSE,1432,大魯閣,12.80,13.15,12.70,13.15,0.35,778458,10103612,541
2022-08-18,TWSE,1434,福懋,27.15,27.15,27.00,27.05,-0.10,761615,20616590,551
2022-08-18,TWSE,1436,華友聯,55.90,56.50,55.80,56.20,0.00,159829,8969615,137
2022-08-18,TWSE,1437,勤益控,25.25,25.25,24.70,25.00,-0.05,32352,805647,35
2022-08-18,TWSE,1438,三地開發,32.20,32.50,32.20,32.50,0.20,18025,584360,20
2022-08-18,TWSE,1439,雋揚,19.70,19.90,19.50,19.75,0.10,40000,785250,22
2022-08-18,TWSE,1440,南紡,18.55,18.75,18.45,18.55,0.00,1027294,19118471,571
2022-08-18,TWSE,1441,大東,8.35,8.35,8.26,8.32,-0.04,47706,396472,69
2022-08-18,TWSE,1442,名軒,22.40,22.45,22.10,22.45,0.05,160152,3565729,68
2022-08-18,TWSE,1443,立益物流,21.20,22.75,20.75,21.35,0.10,2435315,52625701,1245
2022-08-18,TWSE,1444,力麗,11.25,11.45,11.15,11.30,0.00,4929937,55922843,1083
2022-08-18,TWSE,1445,大宇,15.60,15.60,15.25,15.60,0.10,16483,255386,17
2022-08-18,TWSE,1446,宏和,32.25,32.40,32.15,32.35,0.10,35139,1135553,40
2022-08-18,TWSE,1447,力鵬,9.22,9.32,9.14,9.22,0.05,1917498,17696642,652
2022-08-18,TWSE,1449,佳和,13.30,14.80,13.25,13.30,-0.20,5038791,70872826,2327
2022-08-18,TWSE,1451,年興,24.50,25.20,24.30,25.15,0.55,1217683,30291604,603
2022-08-18,TWSE,1452,宏益,19.05,19.10,18.85,18.90,-0.15,166011,3146899,135
2022-08-18,TWSE,1453,大將,23.20,24.35,23.20,23.45,-0.35,3446277,81987201,1879
2022-08-18,TWSE,1454,台富,13.80,13.95,13.65,13.70,-0.10,146617,2014071,108
2022-08-18,TWSE,1455,集盛,10.80,10.85,10.70,10.80,0.00,699941,7536578,317
2022-08-18,TWSE,1456,怡華,16.40,16.85,16.35,16.80,0.40,80006,1330198,51
2022-08-18,TWSE,1457,宜進,17.75,17.80,17.70,17.75,0.00,188550,3342968,82
2022-08-18,TWSE,1459,聯發,9.01,9.10,8.97,9.04,0.03,508536,4597587,181
2022-08-18,TWSE,1460,宏遠,7.65,7.69,7.61,7.65,0.00,481010,3679172,214
2022-08-18,TWSE,1463,強盛新,14.25,14.30,14.10,14.30,0.15,80658,1149640,51
2022-08-18,TWSE,1464,得力,14.50,14.60,14.40,14.55,-0.05,121155,1757866,135
2022-08-18,TWSE,1465,偉全,13.05,13.15,13.05,13.10,0.00,23069,302352,44
2022-08-18,TWSE,1466,聚隆,12.60,12.70,12.55,12.70,0.05,85851,1083489,81
2022-08-18,TWSE,1467,南緯,11.95,12.00,11.90,11.90,-0.05,295216,3524104,163
2022-08-18,TWSE,1468,昶和,12.95,13.00,12.80,13.00,0.00,51000,658650,39
2022-08-18,TWSE,1470,大統新創,18.40,19.25,18.40,19.10,0.20,4009,75819,6
2022-08-18,TWSE,1471,首利,9.33,9.69,9.33,9.45,0.11,1776823,16905357,817
2022-08-18,TWSE,1472,三洋實業,19.60,19.60,18.30,18.45,-0.05,7001,132169,7
2022-08-18,TWSE,1473,台南,22.35,22.70,22.15,22.25,-0.10,222570,4976382,151
2022-08-18,TWSE,1474,弘裕,12.10,12.10,11.95,12.10,0.00,54282,653518,41
2022-08-18,TWSE,1475,業旺,64.50,64.80,63.20,64.80,0.60,88207,5649440,75
2022-08-18,TWSE,1476,儒鴻,454.00,458.00,446.00,456.50,-6.00,627393,283423336,875
2022-08-18,TWSE,1477,聚陽,179.00,182.50,175.50,181.50,-2.00,3933180,705095746,3100
2022-08-18,TWSE,1503,士電,62.50,63.20,62.00,63.20,1.30,376245,23581182,278
2022-08-18,TWSE,1504,東元,29.85,29.85,29.50,29.65,-0.25,4125278,122105067,2211
2022-08-18,TWSE,1506,正道,14.85,15.10,14.85,15.05,0.05,305177,4576358,132
2022-08-18,TWSE,1512,瑞利,3.49,3.65,3.46,3.55,0.06,83006,293688,36
2022-08-18,TWSE,1513,中興電,61.90,64.00,61.10,64.00,2.00,16057643,1011452343,10148
2022-08-18,TWSE,1514,亞力,33.50,34.30,33.30,34.00,0.55,3197483,108597404,1940
2022-08-18,TWSE,1515,力山,33.35,33.60,32.90,33.55,0.15,518925,17319365,392
2022-08-18,TWSE,1516,川飛,24.75,26.30,24.30,24.35,0.05,2512366,63877260,1533
2022-08-18,TWSE,1517,利奇,25.20,25.80,25.05,25.65,0.50,2078995,53248866,1157
2022-08-18,TWSE,1519,華城,39.10,40.70,39.00,39.30,0.30,4255875,168859305,2379
2022-08-18,TWSE,1521,大億,35.50,35.60,35.40,35.45,-0.05,30150,1068980,41
2022-08-18,TWSE,1522,堤維西,30.50,31.10,30.30,30.75,-0.05,7381868,226450484,3953
2022-08-18,TWSE,1522A,堤維西甲特,45.15,45.15,45.10,45.10,0.00,4000,180450,4
2022-08-18,TWSE,1524,耿鼎,26.55,26.90,26.30,26.85,0.30,29234039,778876855,11710
2022-08-18,TWSE,1525,江申,65.00,65.20,64.00,65.20,-0.10,101552,6554335,91
2022-08-18,TWSE,1526,日馳,52.80,54.30,52.30,53.50,0.70,1860150,99954986,1254
2022-08-18,TWSE,1527,鑽全,44.30,44.35,43.90,44.00,-0.30,441810,19463403,306
2022-08-18,TWSE,1528,恩德,10.80,11.20,10.60,10.65,-0.05,3215560,34861965,1216
2022-08-18,TWSE,1529,樂事綠能,18.00,18.70,18.00,18.60,0.60,988212,18178451,600
2022-08-18,TWSE,1530,亞崴,31.30,31.45,31.30,31.45,-0.05,20323,637267,27
2022-08-18,TWSE,1531,高林股,15.15,15.20,15.10,15.20,0.10,143585,2180861,73
2022-08-18,TWSE,1532,勤美,29.90,30.00,29.75,29.85,-0.05,419197,12515303,187
2022-08-18,TWSE,1533,車王電,61.50,63.20,61.30,63.00,0.20,1107599,69064163,828
2022-08-18,TWSE,1535,中宇,43.50,43.55,43.30,43.55,0.35,51107,2220203,39
2022-08-18,TWSE,1536,和大,76.80,79.90,76.50,79.90,2.70,2492674,195698931,1965
2022-08-18,TWSE,1537,廣隆,139.50,139.50,138.50,139.50,0.00,124791,17358697,200
2022-08-18,TWSE,1538,正峰,9.68,9.68,8.89,8.89,0.09,117931,1134568,64
2022-08-18,TWSE,1539,巨庭,45.55,45.55,45.55,45.55,4.10,2000318,91114472,684
2022-08-18,TWSE,1540,喬福,15.25,15.50,15.20,15.40,0.15,349783,5376822,156
2022-08-18,TWSE,1541,錩泰,41.80,43.25,41.15,41.15,-0.75,714278,30206641,533
2022-08-18,TWSE,1558,伸興,132.50,132.50,131.50,131.50,-0.50,20110,2654133,50
2022-08-18,TWSE,1560,中砂,154.00,169.50,153.00,166.50,10.50,25192997,4141680895,17468
2022-08-18,TWSE,1568,倉佑,28.95,29.60,28.70,29.60,0.35,1957655,57287313,1304
2022-08-18,TWSE,1582,信錦,69.40,69.40,68.50,68.60,-0.20,150274,10321947,148
2022-08-18,TWSE,1583,程泰,61.90,61.90,60.80,60.80,-0.50,6000,366200,5
2022-08-18,TWSE,1587,吉茂,25.50,25.90,25.30,25.60,-0.10,287203,7320846,300
2022-08-18,TWSE,1589,永冠-KY,56.00,56.40,55.60,55.90,-0.30,101884,5692347,106
2022-08-18,TWSE,1590,亞德客-KY,845.00,849.00,834.00,849.00,4.00,247463,208589995,260
2022-08-18,TWSE,1597,直得,75.20,75.50,75.00,75.50,0.50,20128,1513605,30
2022-08-18,TWSE,1598,岱宇,41.45,41.80,40.70,41.00,-0.40,202190,8292270,169
2022-08-18,TWSE,1603,華電,27.00,27.00,26.75,26.75,-0.10,117497,3158511,82
2022-08-18,TWSE,1604,聲寶,28.25,28.50,28.25,28.50,0.15,242435,6886586,194
2022-08-18,TWSE,1605,華新,37.60,38.35,37.10,38.20,0.10,63018543,2381844472,25832
2022-08-18,TWSE,1608,華榮,15.40,15.70,15.40,15.65,0.25,741540,11567154,619
2022-08-18,TWSE,1609,大亞,23.00,23.15,22.80,23.15,0.15,2024724,46646229,1132
2022-08-18,TWSE,1611,中電,17.90,18.00,17.85,17.85,-0.15,1371396,24543950,803
2022-08-18,TWSE,1612,宏泰,17.50,17.70,17.45,17.65,0.05,527590,9263506,314
2022-08-18,TWSE,1614,三洋電,36.00,36.00,35.90,35.95,0.00,16000,574750,13
2022-08-18,TWSE,1615,大山,30.80,30.80,30.50,30.80,0.10,39314,1201478,35
2022-08-18,TWSE,1616,億泰,8.58,8.58,8.45,8.55,0.03,143571,1220695,79
2022-08-18,TWSE,1617,榮星,15.30,15.30,15.20,15.30,0.00,13007,198505,13
2022-08-18,TWSE,1618,合機,12.65,13.10,12.65,12.90,0.25,370558,4786035,148
2022-08-18,TWSE,1626,艾美特-KY,20.20,20.35,19.90,20.15,0.10,342286,6886183,152
2022-08-18,TWSE,1701,中化,21.65,21.85,21.55,21.60,-0.10,462249,10028325,337
2022-08-18,TWSE,1702,南僑,45.55,45.95,45.45,45.50,-0.15,158249,7207964,160
2022-08-18,TWSE,1707,葡萄王,134.50,137.50,134.50,137.50,3.00,348132,47388170,416
2022-08-18,TWSE,1708,東鹼,48.90,49.10,48.25,48.75,-0.30,6193888,301539882,3917
2022-08-18,TWSE,1709,和益,26.00,26.15,25.90,26.05,0.15,1385206,36047520,581
2022-08-18,TWSE,1710,東聯,17.70,17.85,17.50,17.85,0.15,1031913,18301693,420
2022-08-18,TWSE,1711,永光,20.80,20.95,20.45,20.80,-0.05,1599354,33143421,896
2022-08-18,TWSE,1712,興農,38.30,38.50,37.10,38.35,-0.25,3693695,139999183,2905
2022-08-18,TWSE,1713,國化,24.25,24.30,24.25,24.25,-0.05,16509,400437,25
2022-08-18,TWSE,1714,和桐,9.31,9.32,9.29,9.30,0.00,529235,4924082,240
2022-08-18,TWSE,1717,長興,32.95,32.95,32.60,32.75,-0.25,1154679,37752314,782
2022-08-18,TWSE,1718,中纖,8.14,8.14,8.06,8.10,-0.04,1431678,11589847,510
2022-08-18,TWSE,1720,生達,47.65,47.70,47.30,47.50,-0.15,310115,14720288,277
2022-08-18,TWSE,1721,國慶科技,16.85,17.25,16.75,17.25,0.35,1912093,32726669,914
2022-08-18,TWSE,1722,台肥,66.50,66.70,66.20,66.30,-0.10,2355253,156446559,1098
2022-08-18,TWSE,1723,中碳,115.00,115.50,114.00,115.50,0.00,420255,48213634,377
2022-08-18,TWSE,1725,元禎,22.95,22.95,22.70,22.75,0.00,24000,546200,24
2022-08-18,TWSE,1726,永記,72.80,73.30,72.80,73.30,0.40,12260,895367,24
2022-08-18,TWSE,1727,中華化,32.00,33.15,31.95,32.85,0.55,803866,26176233,498
2022-08-18,TWSE,1730,花仙子,57.20,57.30,57.20,57.30,0.10,6779,388546,17
2022-08-18,TWSE,1731,美吾華,17.95,18.05,17.95,18.00,0.05,118685,2137753,86
2022-08-18,TWSE,1732,毛寶,32.80,34.25,32.35,33.30,0.50,2308932,77633396,1566
2022-08-18,TWSE,1733,五鼎,26.85,27.30,26.85,27.20,0.40,462153,12537145,290
2022-08-18,TWSE,1734,杏輝,29.65,30.15,29.50,29.75,0.20,1950069,58254977,1150
2022-08-18,TWSE,1735,日勝化,14.35,14.35,14.20,14.20,-0.05,8204,117357,24
2022-08-18,TWSE,1736,喬山,54.10,54.20,53.50,54.00,0.20,159040,8545452,118
2022-08-18,TWSE,1737,臺鹽,34.20,34.30,34.20,34.20,0.00,327864,11224111,207
2022-08-18,TWSE,1752,南光,36.85,36.95,36.60,36.60,-0.20,88000,3236200,58
2022-08-18,TWSE,1760,寶齡富錦,142.50,154.00,142.50,149.00,8.00,31398999,4671609790,21026
2022-08-18,TWSE,1762,中化生,60.20,61.30,59.80,60.70,0.50,1673953,101907925,927
2022-08-18,TWSE,1773,勝一,144.00,147.00,142.00,146.00,1.50,287389,41437621,402
2022-08-18,TWSE,1776,展宇,19.70,19.80,19.55,19.70,0.00,22274,438550,18
2022-08-18,TWSE,1783,和康生,44.30,45.25,43.30,43.80,0.10,732621,32499838,607
2022-08-18,TWSE,1786,科妍,43.00,43.00,42.55,43.00,0.05,13486,578650,42
2022-08-18,TWSE,1789,神隆,26.35,27.30,26.30,26.85,0.35,3737000,100759748,1940
2022-08-18,TWSE,1795,美時,168.00,184.50,167.00,184.50,16.50,31859528,5626690310,19142
2022-08-18,TWSE,1802,台玻,18.05,18.05,17.85,17.95,-0.15,1086149,19483717,695
2022-08-18,TWSE,1805,寶徠,12.10,12.20,11.95,12.10,0.00,22083,266989,14
2022-08-18,TWSE,1806,冠軍,9.50,9.53,9.45,9.51,-0.03,369725,3502912,203
2022-08-18,TWSE,1808,潤隆,69.80,70.70,69.60,70.70,0.70,313253,21971407,205
2022-08-18,TWSE,1809,中釉,12.25,12.45,12.25,12.35,0.00,183000,2268700,112
2022-08-18,TWSE,1810,和成,11.30,11.30,11.15,11.25,0.00,535010,6005662,143
2022-08-18,TWSE,1817,凱撒衛,34.60,35.00,34.50,34.85,-0.05,9279,322017,13
2022-08-18,TWSE,1903,士紙,56.80,57.20,56.60,57.00,-0.10,65111,3704313,60
2022-08-18,TWSE,1904,正隆,28.20,28.30,28.00,28.20,0.00,442713,12480583,423
2022-08-18,TWSE,1905,華紙,17.60,17.85,17.35,17.80,0.30,898924,15901505,502
2022-08-18,TWSE,1906,寶隆,19.50,19.85,19.30,19.50,-0.15,1293000,25454100,210
2022-08-18,TWSE,1907,永豐餘,23.85,24.80,23.65,24.55,0.85,3688744,90013921,1807
2022-08-18,TWSE,1909,榮成,15.40,15.55,15.35,15.50,0.10,1262283,19518781,571
2022-08-18,TWSE,2002,中鋼,29.10,29.20,28.90,29.20,0.00,14833133,431768493,6847
2022-08-18,TWSE,2002A,中鋼特,48.40,48.40,48.40,48.40,0.00,4276,206986,13
2022-08-18,TWSE,2006,東和鋼鐵,55.10,55.40,54.20,54.80,0.20,1308232,71795455,1231
2022-08-18,TWSE,2007,燁興,12.30,12.80,12.15,12.50,0.10,2851380,35730028,1218
2022-08-18,TWSE,2008,高興昌,17.20,17.30,17.10,17.25,0.05,18372,315960,13
2022-08-18,TWSE,2009,第一銅,28.10,28.30,27.90,28.15,0.05,943932,26579446,570
2022-08-18,TWSE,2010,春源,16.70,17.10,16.65,16.80,0.10,582759,9847080,367
2022-08-18,TWSE,2012,春雨,24.00,24.60,23.80,24.60,0.15,41037,1000912,36
2022-08-18,TWSE,2013,中鋼構,59.10,59.70,59.00,59.70,0.60,266363,15850003,196
2022-08-18,TWSE,2014,中鴻,27.45,28.20,27.30,27.70,0.25,17480508,485683505,7393
2022-08-18,TWSE,2015,豐興,68.30,68.30,67.70,67.70,0.00,283070,19234834,236
2022-08-18,TWSE,2017,官田鋼,14.15,14.70,13.95,14.35,0.20,2854714,41244186,1410
2022-08-18,TWSE,2020,美亞,24.10,24.30,24.00,24.15,0.05,198907,4805362,127
2022-08-18,TWSE,2022,聚亨,8.99,9.18,8.97,9.05,0.01,1334898,12133507,668
2022-08-18,TWSE,2023,燁輝,16.20,16.60,16.15,16.30,0.05,5121909,83965177,2039
2022-08-18,TWSE,2024,志聯,21.45,21.45,20.15,20.30,0.00,574560,11913691,422
2022-08-18,TWSE,2025,千興,5.09,5.18,5.05,5.18,0.08,404050,2067485,113
2022-08-18,TWSE,2027,大成鋼,39.70,40.90,39.70,40.65,1.10,33012593,1338196655,13564
2022-08-18,TWSE,2028,威致,28.20,28.95,27.85,28.35,0.85,9232400,263257522,4519
2022-08-18,TWSE,2029,盛餘,25.90,26.20,25.45,25.85,0.15,470852,12219802,320
2022-08-18,TWSE,2030,彰源,25.50,26.05,25.35,25.90,0.35,4212428,108945159,1953
2022-08-18,TWSE,2031,新光鋼,39.00,39.95,38.80,39.65,0.40,1346983,53241677,984
2022-08-18,TWSE,2032,新鋼,21.00,21.90,20.60,21.30,0.35,4037731,86033686,2121
2022-08-18,TWSE,2033,佳大,15.25,15.85,15.15,15.45,0.20,600959,9362758,408
2022-08-18,TWSE,2034,允強,30.95,31.00,30.20,30.40,-0.15,5343950,163118201,2794
2022-08-18,TWSE,2038,海光,23.95,25.10,23.80,24.25,0.80,7712683,188932233,4078
2022-08-18,TWSE,2049,上銀,219.00,221.00,217.50,218.50,-3.00,1613692,352906068,5011
2022-08-18,TWSE,2059,川湖,472.50,478.00,466.50,470.00,0.00,321759,151959519,325
2022-08-18,TWSE,2062,橋椿,26.10,26.15,26.00,26.10,-0.05,109300,2852495,38
2022-08-18,TWSE,2069,運錩,23.20,23.95,23.20,23.80,0.30,1022559,24311886,524
2022-08-18,TWSE,2101,南港,39.65,39.65,39.30,39.40,-0.10,496368,19557275,296
2022-08-18,TWSE,2102,泰豐,19.90,20.00,19.70,19.75,-0.10,328526,6501127,176
2022-08-18,TWSE,2103,台橡,28.00,28.15,27.80,28.10,0.10,754740,21074175,549
2022-08-18,TWSE,2104,國際中橡,21.05,21.05,20.75,20.80,-0.25,2140568,44639430,965
2022-08-18,TWSE,2105,正新,35.60,35.60,35.10,35.50,-0.10,1985450,70141793,976
2022-08-18,TWSE,2106,建大,34.90,35.20,34.75,34.90,-0.05,1232481,43086641,606
2022-08-18,TWSE,2107,厚生,21.75,21.75,21.65,21.75,0.00,188339,4089148,109
2022-08-18,TWSE,2108,南帝,43.00,43.00,42.50,42.70,-0.40,373795,15957718,390
2022-08-18,TWSE,2109,華豐,14.70,14.75,14.70,14.70,0.10,23008,338272,24
2022-08-18,TWSE,2114,鑫永銓,114.50,114.50,113.50,113.50,-1.00,15641,1784613,30
2022-08-18,TWSE,2115,六暉-KY,31.25,32.35,31.25,31.70,0.20,35104,1112214,34
2022-08-18,TWSE,2201,裕隆,41.80,41.85,41.30,41.50,-0.45,4331525,179792949,2536
2022-08-18,TWSE,2204,中華,44.50,44.55,43.70,43.85,-0.65,1458747,64026149,1156
2022-08-18,TWSE,2206,三陽工業,36.35,36.50,35.95,36.05,-0.25,1694856,61395882,1180
2022-08-18,TWSE,2207,和泰車,608.00,612.00,606.00,612.00,0.00,74306,45300401,108
2022-08-18,TWSE,2208,台船,18.55,18.55,18.35,18.40,-0.20,723472,13353830,482
2022-08-18,TWSE,2211,長榮鋼,63.30,63.70,63.00,63.70,0.40,199453,12659393,316
2022-08-18,TWSE,2227,裕日車,210.50,213.00,210.00,213.00,1.00,29947,6340570,140
2022-08-18,TWSE,2228,劍麟,70.50,73.20,70.00,73.00,2.50,286972,20553419,308
2022-08-18,TWSE,2231,為升,154.50,158.50,153.00,154.50,0.00,925101,143673357,780
2022-08-18,TWSE,2233,宇隆,118.50,118.50,116.00,116.00,-2.50,389914,45664008,365
2022-08-18,TWSE,2236,百達-KY,21.00,21.20,21.00,21.10,-0.05,45330,955998,35
2022-08-18,TWSE,2239,英利-KY,67.60,68.80,67.60,68.80,0.00,91213,6234782,75
2022-08-18,TWSE,2241,艾姆勒,31.60,33.25,31.60,32.30,0.90,141641,4614103,146
2022-08-18,TWSE,2243,宏旭-KY,16.20,16.90,16.20,16.60,0.50,177001,2932616,104
2022-08-18,TWSE,2247,汎德永業,205.50,206.00,205.00,206.00,1.00,46706,9594505,77
2022-08-18,TWSE,2250,IKKA-KY,80.90,82.20,80.90,81.50,0.10,13088,1072362,17
2022-08-18,TWSE,2301,光寶科,67.70,68.10,67.30,67.70,0.00,4792818,324085100,2663
2022-08-18,TWSE,2302,麗正,17.70,18.45,17.70,18.30,0.60,1979534,35955940,918
2022-08-18,TWSE,2303,聯電,42.10,42.50,42.05,42.50,-0.35,37790290,1597335335,15244
2022-08-18,TWSE,2305,全友,29.00,29.75,28.85,29.75,2.70,3490745,102526995,1194
2022-08-18,TWSE,2308,台達電,271.00,272.50,269.50,272.50,0.00,3244528,882055500,2712
2022-08-18,TWSE,2312,金寶,12.75,12.90,12.75,12.85,0.05,2239480,28732968,823
2022-08-18,TWSE,2313,華通,48.55,49.70,48.10,49.55,0.75,17407711,854505126,8936
2022-08-18,TWSE,2314,台揚,50.50,52.00,50.50,51.50,0.00,5130810,263851396,3115
2022-08-18,TWSE,2316,楠梓電,27.80,27.90,27.65,27.80,-0.05,46550,1292842,57
2022-08-18,TWSE,2317,鴻海,112.50,112.50,111.00,112.00,-0.50,26002863,2903643194,8565
2022-08-18,TWSE,2321,東訊,5.89,5.90,5.71,5.71,-0.14,5800,33809,7
2022-08-18,TWSE,2323,中環,7.97,8.06,7.93,8.06,0.05,2442057,19581689,971
2022-08-18,TWSE,2324,仁寶,22.55,22.80,22.45,22.75,0.15,7338815,166540496,3030
2022-08-18,TWSE,2327,國巨*,325.50,327.50,323.00,327.50,-1.50,1963531,638749533,1730
2022-08-18,TWSE,2328,廣宇,36.15,36.20,35.65,36.15,-0.15,1649569,59126430,1024
2022-08-18,TWSE,2329,華泰,18.00,18.50,17.95,18.50,0.25,6699280,122637825,2557
2022-08-18,TWSE,2330,台積電,520.00,521.00,519.00,520.00,-7.00,18721898,9734756997,24209
2022-08-18,TWSE,2331,精英,25.95,26.55,25.45,26.45,0.75,25553249,668357421,9970
2022-08-18,TWSE,2332,友訊,16.45,16.55,16.30,16.40,-0.20,3419732,55977168,1731
2022-08-18,TWSE,2337,旺宏,32.70,32.70,32.20,32.70,-0.10,8013499,259845956,5222
2022-08-18,TWSE,2338,光罩,76.50,77.50,75.60,77.10,0.50,1347824,103336412,968
2022-08-18,TWSE,2340,台亞,41.35,41.80,40.80,41.35,-0.25,2563387,105726861,1893
2022-08-18,TWSE,2342,茂矽,40.15,41.60,40.05,41.15,0.60,2091939,85626039,1007
2022-08-18,TWSE,2344,華邦電,22.30,22.35,22.00,22.35,-0.10,10618465,235631024,4108
2022-08-18,TWSE,2345,智邦,280.50,286.50,280.50,285.50,1.00,3809155,1082990174,3381
2022-08-18,TWSE,2347,聯強,56.20,56.20,55.70,55.70,-0.60,1649658,92119986,1199
2022-08-18,TWSE,2348,海悅,75.00,75.30,74.90,75.30,-0.10,64200,4820984,76
2022-08-18,TWSE,2348A,海悅甲特,37.10,37.10,37.10,37.10,-0.05,4000,148400,4
2022-08-18,TWSE,2349,錸德,8.45,8.55,8.37,8.52,-0.04,1589330,13466913,589
2022-08-18,TWSE,2351,順德,128.50,131.50,119.50,121.50,-3.50,7608900,935749691,6084
2022-08-18,TWSE,2352,佳世達,28.55,28.70,28.25,28.70,0.10,1954570,55710562,1098
2022-08-18,TWSE,2353,宏碁,22.25,22.35,22.10,22.35,0.00,4871259,108443109,1909
2022-08-18,TWSE,2354,鴻準,50.40,50.40,49.80,50.20,-0.20,1260315,63099491,1165
2022-08-18,TWSE,2355,敬鵬,29.85,30.00,29.50,29.90,0.05,442550,13187681,297
2022-08-18,TWSE,2356,英業達,24.25,24.25,23.95,23.95,-0.35,6753112,162179326,2923
2022-08-18,TWSE,2357,華碩,255.50,263.00,255.00,262.50,4.50,4499769,1166745452,4345
2022-08-18,TWSE,2358,廷鑫,14.85,15.25,14.85,15.25,0.30,595447,8977420,287
2022-08-18,TWSE,2359,所羅門,27.85,28.35,27.80,28.15,0.40,5870579,165405190,3224
2022-08-18,TWSE,2360,致茂,183.00,183.00,177.50,182.50,-1.50,1157309,208748833,649
2022-08-18,TWSE,2362,藍天,31.40,31.55,31.40,31.55,0.15,118430,3726974,155
2022-08-18,TWSE,2363,矽統,23.30,23.55,23.15,23.50,0.15,3528105,82673185,1665
2022-08-18,TWSE,2364,倫飛,102.50,112.50,101.00,112.50,10.00,4770549,520813642,3995
2022-08-18,TWSE,2365,昆盈,11.00,11.20,10.95,11.10,0.00,641291,7113216,344
2022-08-18,TWSE,2367,燿華,19.45,20.15,19.30,20.00,0.35,15587939,310288273,5765
2022-08-18,TWSE,2368,金像電,81.80,83.40,80.70,83.00,0.30,8574797,704512757,5614
2022-08-18,TWSE,2369,菱生,16.00,16.30,15.85,16.20,0.10,1026049,16514365,551
2022-08-18,TWSE,2371,大同,35.60,36.00,34.90,35.40,-0.20,25711008,914671388,6063
2022-08-18,TWSE,2373,震旦行,83.90,83.90,83.40,83.70,-0.20,24585,2055278,54
2022-08-18,TWSE,2374,佳能,24.65,25.10,24.65,24.85,0.05,1518817,37735248,785
2022-08-18,TWSE,2375,凱美,55.60,56.80,55.30,56.50,0.50,508549,28574209,390
2022-08-18,TWSE,2376,技嘉,85.20,87.20,84.10,86.90,1.60,6949510,599479294,5532
2022-08-18,TWSE,2377,微星,116.50,116.50,115.00,116.00,-0.50,4933452,571594202,3240
2022-08-18,TWSE,2379,瑞昱,356.50,365.50,354.00,365.00,4.00,1930973,694693144,1861
2022-08-18,TWSE,2380,虹光,12.75,12.75,12.15,12.40,-0.20,864619,10752339,524
2022-08-18,TWSE,2382,廣達,78.00,79.00,77.60,79.00,1.20,5814292,455665641,3261
2022-08-18,TWSE,2383,台光電,175.00,176.00,171.50,174.50,-1.50,2322236,403337734,1846
2022-08-18,TWSE,2385,群光,82.20,83.30,81.70,83.30,1.10,1223546,101406875,780
2022-08-18,TWSE,2387,精元,37.40,37.70,37.05,37.70,0.20,671835,25151840,345
2022-08-18,TWSE,2388,威盛,77.00,79.40,76.40,77.30,-1.20,21956058,1703304014,12689
2022-08-18,TWSE,2390,云辰,14.75,14.95,14.75,14.90,0.10,406790,6052940,222
2022-08-18,TWSE,2392,正崴,36.90,37.10,36.40,36.95,0.55,4273606,157449399,2478
2022-08-18,TWSE,2393,億光,38.40,39.25,38.20,39.15,0.50,1049007,40730437,691
2022-08-18,TWSE,2395,研華,341.00,341.50,334.50,340.50,-1.50,779760,263919099,726
2022-08-18,TWSE,2397,友通,57.90,57.90,57.60,57.90,0.00,55150,3182584,32
2022-08-18,TWSE,2399,映泰,15.15,15.25,15.00,15.15,0.00,1465470,22187761,760
2022-08-18,TWSE,2401,凌陽,26.00,26.60,25.90,26.55,0.30,2900853,76151139,1519
2022-08-18,TWSE,2402,毅嘉,15.40,15.90,15.35,15.70,0.10,1271194,19921674,529
2022-08-18,TWSE,2404,漢唐,159.50,160.00,158.50,159.50,-0.50,238540,37959223,343
2022-08-18,TWSE,2405,輔信,14.30,14.50,14.25,14.30,-0.10,3025897,43442048,1303
2022-08-18,TWSE,2406,國碩,22.60,23.05,22.25,22.70,0.25,6071713,138234269,2960
2022-08-18,TWSE,2408,南亞科,54.40,54.40,53.30,53.60,-1.40,6743338,362074038,3815
2022-08-18,TWSE,2409,友達,16.00,16.00,15.70,15.70,-0.45,34464356,544912865,9004
2022-08-18,TWSE,2412,中華電,123.00,123.00,122.00,122.50,-0.50,6836983,836873681,2937
2022-08-18,TWSE,2413,環科,19.80,19.80,19.55,19.75,0.05,172179,3384985,97
2022-08-18,TWSE,2414,精技,31.20,31.20,31.00,31.10,-0.15,89356,2776557,91
2022-08-18,TWSE,2415,錩新,29.55,30.45,29.20,30.40,0.85,224792,6730880,187
2022-08-18,TWSE,2417,圓剛,23.25,24.00,22.70,23.90,0.60,938064,22056351,629
2022-08-18,TWSE,2419,仲琦,29.30,29.50,28.70,29.45,0.10,9850462,286513582,5231
2022-08-18,TWSE,2420,新巨,43.60,43.85,43.25,43.80,0.20,163410,7128389,150
2022-08-18,TWSE,2421,建準,43.85,43.85,43.15,43.70,-0.20,946764,41160670,742
2022-08-18,TWSE,2423,固緯,26.45,26.65,26.30,26.35,-0.15,259150,6857169,160
2022-08-18,TWSE,2424,隴華,,,,,0.00,0,0,0
2022-08-18,TWSE,2425,承啟,26.85,27.05,26.45,26.90,0.05,987200,26444700,389
2022-08-18,TWSE,2426,鼎元,18.95,18.95,18.60,18.90,0.00,2298646,43333317,803
2022-08-18,TWSE,2427,三商電,13.15,13.40,13.15,13.40,0.15,666409,8848627,278
2022-08-18,TWSE,2428,興勤,144.50,146.00,143.50,145.50,1.00,291545,42286881,301
2022-08-18,TWSE,2429,銘旺科,13.00,13.00,12.70,12.80,-0.20,12166,156289,13
2022-08-18,TWSE,2430,燦坤,45.55,46.95,44.75,46.95,1.55,383736,17626213,373
2022-08-18,TWSE,2431,聯昌,11.00,11.30,11.00,11.25,0.15,394088,4416579,179
2022-08-18,TWSE,2433,互盛電,48.90,48.95,48.85,48.90,0.00,9674,473003,20
2022-08-18,TWSE,2434,統懋,29.65,29.65,29.65,29.65,-0.25,1005,29798,2
2022-08-18,TWSE,2436,偉詮電,56.70,58.00,56.40,57.80,1.10,2576437,148073499,1920
2022-08-18,TWSE,2438,翔耀,13.65,13.65,13.50,13.50,0.05,35148,476111,18
2022-08-18,TWSE,2439,美律,85.00,86.20,84.60,85.80,0.60,899076,76984109,766
2022-08-18,TWSE,2440,太空梭,14.15,15.25,14.00,14.70,0.70,1497101,22012601,855
2022-08-18,TWSE,2441,超豐,64.10,64.10,63.30,63.80,-0.10,971455,61903777,781
2022-08-18,TWSE,2442,新美齊,12.85,12.90,12.75,12.90,0.05,329240,4221127,154
2022-08-18,TWSE,2443,昶虹,3.16,3.16,3.12,3.12,-0.04,19263,60761,17
2022-08-18,TWSE,2444,兆勁,14.30,15.50,14.25,15.50,1.35,4985488,73965167,2038
2022-08-18,TWSE,2449,京元電子,37.65,37.80,37.45,37.45,-0.30,6147258,230939934,3462
2022-08-18,TWSE,2450,神腦,31.70,31.90,31.70,31.85,0.15,51255,1628777,51
2022-08-18,TWSE,2451,創見,65.30,65.60,64.90,65.10,-0.20,266432,17366958,233
2022-08-18,TWSE,2453,凌群,27.05,27.65,26.80,27.50,0.35,876315,23865761,294
2022-08-18,TWSE,2454,聯發科,702.00,705.00,691.00,702.00,-1.00,4254484,2971144776,6460
2022-08-18,TWSE,2455,全新,71.10,71.90,69.80,71.80,0.00,1241626,88191659,1274
2022-08-18,TWSE,2457,飛宏,39.40,40.35,39.10,39.90,0.20,4205598,167766203,2422
2022-08-18,TWSE,2458,義隆,102.00,103.50,101.00,103.00,0.00,1212677,124117829,982
2022-08-18,TWSE,2459,敦吉,50.60,50.60,50.10,50.40,-0.30,27003,1358050,18
2022-08-18,TWSE,2460,建通,17.10,17.25,16.95,17.25,0.00,69816,1195337,76
2022-08-18,TWSE,2461,光群雷,19.60,19.85,19.50,19.65,0.00,543760,10687955,255
2022-08-18,TWSE,2462,良得電,29.65,29.90,29.40,29.85,0.30,439631,13085147,310
2022-08-18,TWSE,2464,盟立,39.95,40.00,39.65,40.00,0.00,107310,4274245,134
2022-08-18,TWSE,2465,麗臺,36.60,37.65,36.15,37.35,0.65,679015,25250856,532
2022-08-18,TWSE,2466,冠西電,33.50,33.60,33.25,33.50,-0.15,72000,2411500,59
2022-08-18,TWSE,2467,志聖,46.60,46.75,46.25,46.75,-0.05,68164,3168467,128
2022-08-18,TWSE,2468,華經,18.20,19.90,18.10,19.90,1.80,5157053,100042392,1903
2022-08-18,TWSE,2471,資通,28.10,28.20,27.85,28.00,-0.05,144527,4046182,156
2022-08-18,TWSE,2472,立隆電,56.40,57.10,56.40,56.90,0.40,190972,10864061,238
2022-08-18,TWSE,2474,可成,175.50,178.00,175.00,178.00,1.50,1973207,348781113,1966
2022-08-18,TWSE,2476,鉅祥,51.90,54.00,51.60,53.70,1.80,4059738,215084264,2129
2022-08-18,TWSE,2477,美隆電,21.40,21.55,21.35,21.55,0.05,88886,1908073,73
2022-08-18,TWSE,2478,大毅,45.00,45.35,44.30,45.00,0.20,221496,9953041,230
2022-08-18,TWSE,2480,敦陽科,87.30,87.30,85.80,85.80,-1.60,477854,41237746,505
2022-08-18,TWSE,2481,強茂,70.00,70.40,69.20,70.40,-0.60,11674934,814803596,8512
2022-08-18,TWSE,2482,連宇,26.70,27.30,26.50,26.60,-0.30,6570472,176140648,3397
2022-08-18,TWSE,2483,百容,24.50,24.60,24.30,24.50,0.00,85388,2091389,93
2022-08-18,TWSE,2484,希華,41.25,42.45,41.25,42.15,0.55,3412092,143479943,1942
2022-08-18,TWSE,2485,兆赫,17.45,17.80,17.35,17.70,0.25,501314,8857477,319
2022-08-18,TWSE,2486,一詮,26.40,26.85,26.20,26.80,0.25,830689,22064911,577
2022-08-18,TWSE,2488,漢平,30.90,30.90,30.55,30.75,0.15,191291,5882045,140
2022-08-18,TWSE,2489,瑞軒,12.80,12.90,12.60,12.85,0.05,1277677,16334499,572
2022-08-18,TWSE,2491,吉祥全,15.00,15.55,15.00,15.15,0.15,592820,9079889,189
2022-08-18,TWSE,2492,華新科,93.90,94.00,91.40,93.40,-1.40,2332779,215929726,3210
2022-08-18,TWSE,2493,揚博,42.60,42.60,42.15,42.35,-0.25,79523,3365173,77
2022-08-18,TWSE,2495,普安,17.05,17.05,16.50,16.70,-0.35,1214171,20316304,683
2022-08-18,TWSE,2496,卓越,46.15,46.55,46.15,46.35,0.20,9000,416150,9
2022-08-18,TWSE,2497,怡利電,77.10,78.30,75.40,78.00,0.70,6850549,527045675,4498
2022-08-18,TWSE,2498,宏達電,65.40,66.40,63.90,64.20,-1.30,90147281,5873314757,42622
2022-08-18,TWSE,2501,國建,16.85,16.85,16.75,16.75,-0.05,356424,5978722,290
2022-08-18,TWSE,2504,國產,25.60,25.90,25.20,25.25,-0.55,6203748,158303488,2779
2022-08-18,TWSE,2505,國揚,19.90,20.15,19.90,20.10,-0.05,80554,1614399,47
2022-08-18,TWSE,2506,太設,9.80,9.87,9.77,9.85,-0.09,896826,8787784,192
2022-08-18,TWSE,2509,全坤建,15.00,15.00,14.80,15.00,0.00,116104,1729460,269
2022-08-18,TWSE,2511,太子,12.00,12.05,11.95,11.95,-0.05,265124,3178531,146
2022-08-18,TWSE,2514,龍邦,17.05,17.15,17.05,17.05,0.00,11529,196893,19
2022-08-18,TWSE,2515,中工,9.17,9.31,9.13,9.29,0.10,5175713,47864545,1793
2022-08-18,TWSE,2516,新建,4.76,4.78,4.73,4.78,0.04,167651,798556,102
2022-08-18,TWSE,2520,冠德,28.05,28.05,27.60,27.70,-0.40,1948487,54044437,1444
2022-08-18,TWSE,2524,京城,36.70,37.60,36.65,37.30,0.25,128632,4796847,105
2022-08-18,TWSE,2527,宏璟,26.60,26.80,26.50,26.70,-0.15,862432,22981267,481
2022-08-18,TWSE,2528,皇普,18.95,19.10,18.95,19.10,0.15,9473,179592,8
2022-08-18,TWSE,2530,華建,14.45,14.50,14.40,14.45,0.05,301087,4349550,70
2022-08-18,TWSE,2534,宏盛,24.55,25.20,24.45,24.85,0.40,2019900,50178054,916
2022-08-18,TWSE,2535,達欣工,30.20,30.30,30.05,30.20,-0.05,201865,6088228,219
2022-08-18,TWSE,2536,宏普,22.25,22.30,22.20,22.30,0.05,14793,329207,22
2022-08-18,TWSE,2537,聯上發,7.94,7.95,7.90,7.92,-0.02,924048,7321905,356
2022-08-18,TWSE,2538,基泰,13.65,13.85,13.65,13.80,0.15,1839609,25335149,478
2022-08-18,TWSE,2539,櫻花建,34.45,34.45,33.95,34.05,0.05,150684,5133555,126
2022-08-18,TWSE,2540,愛山林,121.00,122.50,121.00,122.00,-0.50,214255,26043004,29
2022-08-18,TWSE,2542,興富發,47.20,47.20,46.60,46.80,-0.40,4511060,211079537,3169
2022-08-18,TWSE,2543,皇昌,9.75,9.76,9.32,9.49,-0.18,577032,5489159,284
2022-08-18,TWSE,2545,皇翔,45.20,45.60,44.90,45.30,0.10,253466,11469379,190
2022-08-18,TWSE,2546,根基,49.90,50.10,49.90,50.10,0.20,61270,3064347,76
2022-08-18,TWSE,2547,日勝生,9.73,9.73,9.53,9.66,-0.07,587397,5642708,256
2022-08-18,TWSE,2548,華固,92.50,93.20,92.00,92.90,0.40,432513,40053009,400
2022-08-18,TWSE,2597,潤弘,89.00,89.50,88.70,89.00,-1.00,33708,3000866,75
2022-08-18,TWSE,2601,益航,9.40,9.50,9.38,9.49,0.09,1661636,15722187,856
2022-08-18,TWSE,2603,長榮,97.90,99.40,97.50,97.80,-0.50,43958094,4324854709,23346
2022-08-18,TWSE,2605,新興,22.95,24.75,22.80,24.75,2.25,21814402,527794228,8576
2022-08-18,TWSE,2606,裕民,42.50,43.50,42.30,42.85,0.45,7211541,309676007,4433
2022-08-18,TWSE,2607,榮運,30.70,31.15,30.45,30.85,0.05,3293881,101576415,1723
2022-08-18,TWSE,2608,嘉里大榮,41.30,41.30,40.95,41.10,-0.20,187001,7693151,172
2022-08-18,TWSE,2609,陽明,86.00,87.00,85.60,86.50,0.10,17326560,1499296494,9848
2022-08-18,TWSE,2610,華航,21.65,21.90,21.60,21.70,-0.10,23157888,503210621,7603
2022-08-18,TWSE,2611,志信,18.00,18.20,17.75,18.00,0.05,564375,10182256,359
2022-08-18,TWSE,2612,中航,40.30,41.95,40.15,41.45,1.25,1074224,44473213,915
2022-08-18,TWSE,2613,中櫃,26.90,27.10,26.50,26.80,0.05,577702,15544203,365
2022-08-18,TWSE,2615,萬海,100.00,101.50,100.00,101.00,-0.50,8695791,876813356,5144
2022-08-18,TWSE,2616,山隆,33.95,33.95,33.75,33.95,0.00,98281,3326437,156
2022-08-18,TWSE,2617,台航,29.40,29.85,29.20,29.65,0.25,1543898,45784575,882
2022-08-18,TWSE,2618,長榮航,32.10,32.30,31.80,32.30,0.10,33399820,1073425390,7937
2022-08-18,TWSE,2630,亞航,17.00,17.25,17.00,17.25,0.10,36388,625524,35
2022-08-18,TWSE,2633,台灣高鐵,28.85,29.05,28.70,29.05,0.20,1619125,46850834,976
2022-08-18,TWSE,2634,漢翔,35.10,35.45,34.85,35.40,0.35,6340182,222925541,3074
2022-08-18,TWSE,2636,台驊控股,86.90,87.90,86.20,87.70,1.00,974769,84954181,828
2022-08-18,TWSE,2637,慧洋-KY,68.90,70.20,68.60,69.30,0.10,7716212,537067452,5038
2022-08-18,TWSE,2642,宅配通,54.50,54.80,53.80,54.60,0.30,222296,12123155,227
2022-08-18,TWSE,2701,萬企,12.05,12.10,12.05,12.05,0.00,88094,1064336,46
2022-08-18,TWSE,2702,華園,31.00,31.85,30.50,31.75,0.85,921229,28845260,545
2022-08-18,TWSE,2704,國賓,32.80,33.15,32.75,33.00,0.20,258216,8494742,105
2022-08-18,TWSE,2705,六福,16.70,16.80,16.55,16.60,-0.15,133145,2220160,110
2022-08-18,TWSE,2706,第一店,14.15,14.15,14.05,14.15,0.05,144961,2043993,128
2022-08-18,TWSE,2707,晶華,166.50,166.50,164.50,166.00,-0.50,170581,28201760,244
2022-08-18,TWSE,2712,遠雄來,34.05,34.05,34.05,34.05,0.30,2000,68100,2
2022-08-18,TWSE,2722,夏都,33.00,33.15,32.60,32.85,-0.10,28306,927948,25
2022-08-18,TWSE,2723,美食-KY,96.80,98.80,96.20,98.50,0.80,485137,47463246,477
2022-08-18,TWSE,2727,王品,120.50,121.00,120.00,121.00,0.50,93328,11238824,158
2022-08-18,TWSE,2731,雄獅,91.00,91.00,90.50,90.80,-0.50,84741,7687460,105
2022-08-18,TWSE,2748,雲品,44.50,44.80,44.40,44.80,0.10,46668,2079527,45
2022-08-18,TWSE,2753,八方雲集,158.00,163.50,157.00,160.50,3.00,834792,134528999,649
2022-08-18,TWSE,2801,彰銀,17.75,17.75,17.60,17.65,-0.05,3900577,68847757,1250
2022-08-18,TWSE,2809,京城銀,36.55,36.55,35.70,35.95,-0.60,1184516,42758400,976
2022-08-18,TWSE,2812,台中銀,13.45,13.55,13.45,13.45,0.00,1429689,19293844,897
2022-08-18,TWSE,2816,旺旺保,16.15,16.40,16.10,16.35,0.20,17018,276238,16
2022-08-18,TWSE,2820,華票,16.25,16.30,16.05,16.20,-0.05,343071,5546993,270
2022-08-18,TWSE,2832,台產,19.95,20.00,19.90,19.95,0.00,118428,2361225,75
2022-08-18,TWSE,2834,臺企銀,12.65,12.70,12.55,12.60,-0.10,24171383,304849831,5230
2022-08-18,TWSE,2836,高雄銀,13.60,13.60,13.45,13.55,0.00,320854,4342161,156
2022-08-18,TWSE,2836A,高雄銀甲特,22.60,22.75,22.60,22.75,-0.05,75650,1710134,36
2022-08-18,TWSE,2838,聯邦銀,14.50,14.70,14.30,14.70,0.30,1862891,27126503,811
2022-08-18,TWSE,2838A,聯邦銀甲特,51.50,51.50,51.40,51.50,0.00,22083,1137055,66
2022-08-18,TWSE,2845,遠東銀,11.80,11.85,11.75,11.80,0.00,3396938,40078910,748
2022-08-18,TWSE,2849,安泰銀,14.70,14.70,14.55,14.65,-0.05,28534,417652,30
2022-08-18,TWSE,2850,新產,54.20,54.80,53.80,54.80,0.50,271868,14816501,255
2022-08-18,TWSE,2851,中再保,21.55,21.55,21.20,21.30,-0.30,961076,20490070,789
2022-08-18,TWSE,2852,第一保,14.90,14.95,14.80,14.90,0.00,118611,1762890,67
2022-08-18,TWSE,2855,統一證,17.75,17.75,17.45,17.50,-0.10,941816,16552558,422
2022-08-18,TWSE,2867,三商壽,6.43,6.43,6.34,6.38,-0.03,3645318,23224409,1077
2022-08-18,TWSE,2880,華南金,23.50,23.50,23.35,23.45,-0.15,5559797,130311346,2433
2022-08-18,TWSE,2881,富邦金,60.30,60.30,59.80,60.00,-0.50,10537868,631947085,6372
2022-08-18,TWSE,2881A,富邦特,61.20,61.30,61.20,61.20,0.00,37250,2279815,13
2022-08-18,TWSE,2881B,富邦金乙特,60.10,60.30,60.10,60.30,0.20,44016,2647264,28
2022-08-18,TWSE,2881C,富邦金丙特,59.40,59.40,59.40,59.40,0.00,17022,1010834,34
2022-08-18,TWSE,2882,國泰金,47.30,47.35,47.05,47.25,-0.20,10887315,513295365,4499
2022-08-18,TWSE,2882A,國泰特,60.60,60.60,60.50,60.60,0.00,41412,2509362,42
2022-08-18,TWSE,2882B,國泰金乙特,60.10,60.30,60.10,60.30,0.20,41370,2488638,35
2022-08-18,TWSE,2883,凱基金,13.90,13.95,13.85,13.85,-0.15,16606370,230550720,6075
2022-08-18,TWSE,2883B,凱基金乙特,8.65,8.65,8.60,8.63,-0.02,910872,7850397,237
2022-08-18,TWSE,2884,玉山金,28.05,28.25,27.90,28.05,-0.20,18287618,512723031,9442
2022-08-18,TWSE,2885,元大金,20.90,20.95,20.70,20.80,-0.20,10640719,221332528,3393
2022-08-18,TWSE,2886,兆豐金,35.80,36.05,35.60,36.05,0.30,12628726,453519163,3781
2022-08-18,TWSE,2887,台新新光金,17.55,17.55,17.35,17.45,0.00,25218465,440373676,7063
2022-08-18,TWSE,2887E,台新新光戊特一,51.60,51.60,51.60,51.60,0.00,55242,2850504,29
2022-08-18,TWSE,2887F,台新新光戊特二,49.90,50.00,49.90,50.00,0.10,16217,809316,11
2022-08-18,TWSE,2887Z1,台新新光己特,17.25,17.25,17.20,17.25,0.05,535459,9237459,54
2022-08-18,TWSE,2888,新光金,9.00,9.00,8.95,8.96,-0.08,17431321,156353507,4167
2022-08-18,TWSE,2888A,新光金甲特,,,,,0.00,201,7997,6
2022-08-18,TWSE,2888B,新光金乙特,39.80,39.85,39.80,39.85,0.00,54394,2165219,18
2022-08-18,TWSE,2889,國票金,13.70,13.75,13.60,13.70,0.05,803232,11002332,543
2022-08-18,TWSE,2890,永豐金,17.25,17.30,17.10,17.25,-0.10,10458359,179992229,2983
2022-08-18,TWSE,2891,中信金,24.80,24.85,24.45,24.45,-0.45,33748546,829603640,15341
2022-08-18,TWSE,2891B,中信金乙特,61.00,61.20,61.00,61.20,0.20,12343,753629,22
2022-08-18,TWSE,2891C,中信金丙特,60.60,60.60,60.30,60.30,-0.10,19829,1196089,19
2022-08-18,TWSE,2892,第一金,26.70,26.80,26.60,26.80,0.00,6240061,166725562,2992
2022-08-18,TWSE,2897,王道銀行,8.59,8.66,8.55,8.57,-0.03,2409983,20752373,780
2022-08-18,TWSE,2897A,王道銀甲特,10.05,10.10,10.05,10.10,0.05,92200,926670,15
2022-08-18,TWSE,2901,欣欣,24.00,24.00,23.70,23.70,-0.20,29074,690997,103
2022-08-18,TWSE,2903,遠百,19.85,20.05,19.80,19.85,0.00,486253,9690289,317
2022-08-18,TWSE,2904,匯僑,21.40,21.85,21.20,21.70,0.30,71206,1533006,60
2022-08-18,TWSE,2905,三商,18.40,18.60,18.30,18.30,-0.05,262277,4818555,196
2022-08-18,TWSE,2906,高林,19.00,19.05,18.80,18.90,-0.10,669966,12683447,386
2022-08-18,TWSE,2908,特力,21.45,21.45,21.30,21.45,0.00,57159,1222210,40
2022-08-18,TWSE,2910,統領,31.70,31.70,31.20,31.45,0.30,25876,816136,21
2022-08-18,TWSE,2911,麗嬰房,6.64,6.64,6.62,6.62,-0.02,100792,669074,124
2022-08-18,TWSE,2912,統一超,277.00,277.50,274.00,277.50,2.00,932984,257284946,1047
2022-08-18,TWSE,2913,農林,19.15,19.20,19.05,19.15,0.00,250840,4800508,165
2022-08-18,TWSE,2915,潤泰全,66.30,66.50,64.90,66.00,-0.30,2495321,164070556,1679
2022-08-18,TWSE,2923,鼎固-KY,22.50,22.50,22.50,22.50,-0.35,6741,151885,36
2022-08-18,TWSE,2929,淘帝-KY,12.30,12.55,12.20,12.40,0.10,616328,7576358,195
2022-08-18,TWSE,2939,永邑-KY,33.70,33.70,33.40,33.65,0.00,39000,1306850,32
2022-08-18,TWSE,2945,三商家購,46.35,46.80,45.45,46.80,0.05,7277,335950,15
2022-08-18,TWSE,3002,歐格,13.70,14.40,13.65,13.95,0.30,7399033,104813000,1503
2022-08-18,TWSE,3003,健和興,83.00,84.20,82.60,83.70,0.10,811815,67814312,719
2022-08-18,TWSE,3004,豐達科,63.30,64.30,63.20,64.10,0.40,97112,6188112,80
2022-08-18,TWSE,3005,神基,45.50,46.20,44.40,46.10,0.40,4242760,193531860,2424
2022-08-18,TWSE,3006,晶豪科,81.80,83.20,80.30,82.80,0.30,5931186,484931988,4394
2022-08-18,TWSE,3008,大立光,2045.00,2055.00,2025.00,2035.00,0.00,598304,1219959460,2255
2022-08-18,TWSE,3010,華立,92.50,93.60,92.30,92.80,0.30,184372,17123155,176
2022-08-18,TWSE,3011,今皓,18.60,18.95,18.15,18.75,-0.15,1927598,35968853,769
2022-08-18,TWSE,3013,晟銘電,16.60,16.85,16.25,16.30,-0.15,3137992,51669373,1450
2022-08-18,TWSE,3014,聯陽,71.40,73.10,71.30,72.70,0.80,980814,71116421,890
2022-08-18,TWSE,3015,全漢,39.00,39.20,38.85,39.00,0.00,78370,3060282,60
2022-08-18,TWSE,3016,嘉晶,85.40,90.00,84.40,87.40,2.00,3548702,310796497,2747
2022-08-18,TWSE,3017,奇鋐,119.00,120.50,118.50,119.50,0.50,4877772,581763114,3322
2022-08-18,TWSE,3018,隆銘綠能,10.70,10.75,10.55,10.75,0.05,53735,574713,193
2022-08-18,TWSE,3019,亞光,67.00,67.30,66.30,67.10,-0.20,1090322,72948699,898
2022-08-18,TWSE,3021,鴻名,22.00,22.50,22.00,22.15,0.05,203049,4523397,99
2022-08-18,TWSE,3022,威強電,60.40,63.00,60.30,63.00,1.20,1689618,104787338,1256
2022-08-18,TWSE,3023,信邦,285.00,287.00,281.00,285.50,1.50,1007466,287004234,1007
2022-08-18,TWSE,3024,憶聲,13.20,13.30,13.10,13.20,0.05,667552,8826402,242
2022-08-18,TWSE,3025,星通,20.45,22.35,20.45,21.45,1.10,2593887,56066192,1466
2022-08-18,TWSE,3026,禾伸堂,90.10,90.10,89.60,90.10,-0.20,114728,10310320,140
2022-08-18,TWSE,3027,盛達,17.60,17.90,17.55,17.90,0.25,185068,3279175,135
2022-08-18,TWSE,3028,增你強,29.70,29.70,29.45,29.55,-0.15,294908,8709987,372
2022-08-18,TWSE,3029,零壹,41.40,41.75,41.35,41.70,0.35,190043,7901633,169
2022-08-18,TWSE,3030,德律,60.00,60.00,59.40,59.50,-0.70,435617,25986261,368
2022-08-18,TWSE,3031,佰鴻,17.20,17.40,17.00,17.40,0.15,104646,1809080,84
2022-08-18,TWSE,3032,偉訓,30.10,30.55,30.10,30.40,-0.15,86036,2618295,56
2022-08-18,TWSE,3033,威健,26.90,27.15,26.80,27.10,0.05,982072,26502907,516
2022-08-18,TWSE,3034,聯詠,262.00,269.00,260.50,267.00,2.00,4169906,1105971586,8183
2022-08-18,TWSE,3035,智原,173.50,193.00,171.00,189.00,13.50,60229719,11043490259,44426
2022-08-18,TWSE,3036,文曄,64.60,64.60,64.00,64.10,-0.90,2054075,131857901,1615
2022-08-18,TWSE,3036A,文曄甲特,48.15,48.15,48.10,48.10,0.00,60011,2887679,27
2022-08-18,TWSE,3037,欣興,156.00,160.50,153.00,160.00,1.00,33019003,5165335330,19848
2022-08-18,TWSE,3038,全台,22.45,22.85,22.30,22.60,0.00,1220251,27557504,655
2022-08-18,TWSE,3040,遠見,29.20,29.50,29.05,29.50,0.10,213266,6287300,28
2022-08-18,TWSE,3041,揚智,25.65,26.20,25.30,25.80,0.20,1909116,49300624,1093
2022-08-18,TWSE,3042,晶技,89.10,89.80,88.40,89.40,-1.40,2753253,245419147,2764
2022-08-18,TWSE,3043,科風,5.14,5.20,5.14,5.20,0.01,1040478,5392233,269
2022-08-18,TWSE,3044,健鼎,101.50,102.00,100.50,102.00,0.00,419633,42619374,382
2022-08-18,TWSE,3045,台灣大,101.50,101.50,100.50,101.00,-0.50,2414911,243557543,1636
2022-08-18,TWSE,3046,建碁,32.15,33.35,31.60,32.90,0.75,291538,9441695,209
2022-08-18,TWSE,3047,訊舟,18.00,18.65,17.65,17.90,-0.10,66749420,1211626797,23313
2022-08-18,TWSE,3048,益登,29.80,30.10,29.60,30.00,0.25,395979,11832608,296
2022-08-18,TWSE,3049,精金,10.40,11.50,10.25,11.15,0.65,21283164,234660388,6178
2022-08-18,TWSE,3050,鈺德,16.25,16.30,16.10,16.20,0.00,202202,3268322,103
2022-08-18,TWSE,3051,力特,20.80,22.20,20.55,21.75,0.75,8628186,185916520,4411
2022-08-18,TWSE,3052,夆典,10.40,10.80,10.35,10.55,0.15,712894,7503021,205
2022-08-18,TWSE,3054,立萬利,19.15,19.35,19.15,19.30,0.10,17100,329843,14
2022-08-18,TWSE,3055,蔚華科,25.75,25.95,25.75,25.80,0.00,96137,2487415,164
2022-08-18,TWSE,3056,富華新,32.50,32.60,31.45,31.50,-1.00,1447016,46219422,1043
2022-08-18,TWSE,3057,喬鼎,12.55,12.60,12.45,12.50,-0.05,87415,1095335,139
2022-08-18,TWSE,3058,立德,11.25,11.30,11.10,11.25,0.00,235568,2639610,127
2022-08-18,TWSE,3059,華晶科,37.35,37.55,36.95,37.45,0.10,1494535,55784923,962
2022-08-18,TWSE,3060,銘異,19.70,19.95,19.60,19.90,0.05,162901,3213846,189
2022-08-18,TWSE,3062,建漢,27.45,28.25,27.45,27.95,0.20,7787282,218052413,4080
2022-08-18,TWSE,3090,日電貿,50.00,50.20,49.50,49.85,0.10,205110,10214729,189
2022-08-18,TWSE,3092,鴻碩,46.00,47.20,45.40,46.85,0.85,682755,31776451,432
2022-08-18,TWSE,3094,聯傑,29.60,31.75,29.55,30.45,0.65,6718463,206855171,4045
2022-08-18,TWSE,3130,一零四,195.00,196.00,195.00,196.00,1.00,13389,2616453,144
2022-08-18,TWSE,3138,耀登,155.00,155.00,143.00,144.00,2.00,2688933,396587978,2477
2022-08-18,TWSE,3149,正達,18.00,18.30,17.75,18.30,0.50,542959,9810004,327
2022-08-18,TWSE,3164,景岳,25.00,25.25,24.90,24.95,0.05,287866,7183564,45
2022-08-18,TWSE,3167,大量,52.30,53.30,51.70,53.10,0.20,90221,4745835,82
2022-08-18,TWSE,3189,景碩,131.50,134.50,128.50,134.00,1.00,9559885,1262039828,6866
2022-08-18,TWSE,3209,全科,39.00,39.65,38.80,39.15,0.35,2761847,108425980,1355
2022-08-18,TWSE,3229,晟鈦,27.10,28.65,27.10,27.85,0.25,308831,8624696,170
2022-08-18,TWSE,3231,緯創,28.25,28.35,28.05,28.35,0.00,5027397,141855587,2531
2022-08-18,TWSE,3257,虹冠電,49.05,49.10,48.65,49.10,0.05,93294,4560744,83
2022-08-18,TWSE,3266,昇陽,11.85,11.85,11.75,11.80,-0.10,65005,768111,33
2022-08-18,TWSE,3296,勝德,16.60,17.90,16.55,17.80,1.10,10972972,191215267,1626
2022-08-18,TWSE,3305,昇貿,55.20,55.80,54.70,55.20,-0.20,455867,25161735,617
2022-08-18,TWSE,3308,聯德,14.65,14.85,14.50,14.70,0.00,28228,413224,20
2022-08-18,TWSE,3311,閎暉,34.90,34.90,34.55,34.70,0.15,44019,1526303,104
2022-08-18,TWSE,3312,弘憶股,18.40,20.20,18.40,19.80,1.35,4418847,86610339,2688
2022-08-18,TWSE,3321,同泰,11.15,11.65,11.00,11.40,0.30,401419,4556211,233
2022-08-18,TWSE,3338,泰碩,40.95,41.90,40.65,41.60,0.55,186737,7706938,206
2022-08-18,TWSE,3346,麗清,40.10,41.35,39.55,40.60,1.00,7052684,285814346,4693
2022-08-18,TWSE,3356,奇偶,28.45,29.30,28.25,29.00,0.55,770031,22279431,513
2022-08-18,TWSE,3376,新日興,86.40,86.80,86.00,86.60,0.20,739697,63887639,507
2022-08-18,TWSE,3380,明泰,31.15,31.30,30.70,31.25,0.10,1453512,45101062,924
2022-08-18,TWSE,3383,新世紀,4.02,4.02,4.02,4.02,-0.44,50557,203234,45
2022-08-18,TWSE,3406,玉晶光,411.00,422.00,409.50,422.00,7.50,2799724,1163679776,2914
2022-08-18,TWSE,3413,京鼎,203.00,205.50,202.00,205.00,0.50,313015,63703997,335
2022-08-18,TWSE,3416,融程電,77.40,77.40,76.90,77.40,0.00,30142,2325502,33
2022-08-18,TWSE,3419,譁裕,18.25,19.50,18.25,19.45,1.00,3470986,66025517,1779
2022-08-18,TWSE,3432,台端,22.80,25.05,22.50,25.05,2.25,4469824,107738894,2493
2022-08-18,TWSE,3437,榮創,20.70,20.70,20.20,20.25,0.25,360546,7342291,244
2022-08-18,TWSE,3443,創意,555.00,600.00,553.00,590.00,28.00,6288816,3653923228,5977
2022-08-18,TWSE,3450,聯鈞,45.10,45.80,44.75,45.60,0.45,362684,16450380,293
2022-08-18,TWSE,3454,晶睿,100.00,102.50,99.90,102.00,2.10,886429,89574979,707
2022-08-18,TWSE,3481,群創,11.75,11.75,11.35,11.35,-0.50,71559678,822276278,14194
2022-08-18,TWSE,3494,誠研,15.50,15.85,15.15,15.15,-0.60,5789906,89134509,2580
2022-08-18,TWSE,3501,維熹,44.85,44.85,44.15,44.70,-0.25,164482,7302768,153
2022-08-18,TWSE,3504,揚明光,102.00,103.00,99.30,100.00,-2.50,9114773,918255046,6023
2022-08-18,TWSE,3515,華擎,99.10,102.00,99.10,100.50,0.00,314822,31621975,428
2022-08-18,TWSE,3518,柏騰,21.30,21.80,21.30,21.80,0.65,146166,3144919,105
2022-08-18,TWSE,3528,安馳,50.80,51.50,50.60,51.50,0.70,52057,2662522,37
2022-08-18,TWSE,3530,晶相光,89.30,90.90,89.00,90.30,0.40,145642,13085804,156
2022-08-18,TWSE,3532,台勝科,180.50,184.00,175.50,183.00,0.00,6522039,1171411084,10580
2022-08-18,TWSE,3533,嘉澤,724.00,735.00,714.00,723.00,-4.00,476430,344518671,660
2022-08-18,TWSE,3535,晶彩科,26.50,26.85,26.25,26.45,-0.15,1734985,46032124,973
2022-08-18,TWSE,3536,誠創,4.17,4.30,4.17,4.30,0.12,24000,100650,13
2022-08-18,TWSE,3543,州巧,19.70,19.75,19.65,19.75,0.20,12009,236725,18
2022-08-18,TWSE,3545,敦泰,74.70,79.80,73.60,77.80,2.70,11794462,914274561,8328
2022-08-18,TWSE,3550,聯穎,14.85,14.90,14.75,14.85,0.00,78709,1166408,69
2022-08-18,TWSE,3557,嘉威,64.70,65.70,64.40,64.90,0.50,54503,3531657,108
2022-08-18,TWSE,3563,牧德,145.00,147.50,145.00,146.00,-0.50,37361,5463779,57
2022-08-18,TWSE,3576,聯合再生,22.30,22.60,22.20,22.50,0.20,7214187,161949695,3018
2022-08-18,TWSE,3583,辛耘,79.50,84.40,79.10,81.90,2.60,7117348,580566799,5745
2022-08-18,TWSE,3588,通嘉,68.70,70.10,67.90,70.00,0.80,420302,29045934,350
2022-08-18,TWSE,3591,艾笛森,18.20,18.40,17.95,18.40,0.40,1266684,23123160,638
2022-08-18,TWSE,3592,瑞鼎,276.50,289.50,274.00,287.50,9.00,924703,262274540,1328
2022-08-18,TWSE,3593,力銘,14.50,14.50,14.20,14.20,0.10,7329,104113,24
2022-08-18,TWSE,3596,智易,115.50,116.00,114.50,115.50,-1.00,3017249,347540489,2478
2022-08-18,TWSE,3605,宏致,37.95,38.10,37.65,37.80,-0.05,150715,5704390,162
2022-08-18,TWSE,3607,谷崧,13.85,14.30,13.85,14.15,0.25,378624,5357810,245
2022-08-18,TWSE,3617,碩天,86.50,88.00,86.00,87.60,1.30,294830,25668112,254
2022-08-18,TWSE,3622,洋華,29.55,29.85,29.55,29.70,0.05,92144,2735723,57
2022-08-18,TWSE,3645,達邁,39.30,39.70,38.65,39.30,0.10,1080720,42440028,685
2022-08-18,TWSE,3653,健策,406.00,421.00,402.50,418.00,10.50,1644216,679916378,1696
2022-08-18,TWSE,3661,世芯-KY,765.00,807.00,760.00,804.00,34.00,7238471,5698687354,7161
2022-08-18,TWSE,3665,貿聯-KY,309.50,312.00,304.50,306.00,-5.00,1626872,500419728,1425
2022-08-18,TWSE,3669,圓展,46.80,47.80,46.45,47.50,0.50,71341,3363851,72
2022-08-18,TWSE,3673,TPK-KY,33.65,34.05,33.65,33.95,0.15,495049,16747425,363
2022-08-18,TWSE,3679,新至陞,86.30,86.30,85.00,86.00,-0.30,20150,1734966,22
2022-08-18,TWSE,3682,亞太電,7.00,7.00,6.92,6.94,-0.05,1111096,7720584,448
2022-08-18,TWSE,3686,達能,11.85,11.95,11.70,11.80,-0.15,585276,6909927,391
2022-08-18,TWSE,3694,海華,22.00,23.35,21.80,22.40,0.25,2733535,62351929,1625
2022-08-18,TWSE,3701,大眾控,49.35,51.50,48.95,50.10,0.10,4576162,230061406,3044
2022-08-18,TWSE,3702,大聯大,51.00,51.00,49.70,49.90,-1.10,4985814,249495332,3711
2022-08-18,TWSE,3702A,大聯大甲特,48.45,48.55,48.45,48.55,0.05,24865,1205322,31
2022-08-18,TWSE,3703,欣陸,29.70,30.00,29.55,29.85,0.20,1156034,34552136,625
2022-08-18,TWSE,3704,合勤控,28.80,29.45,28.70,29.10,0.20,2362501,68735817,1120
2022-08-18,TWSE,3705,永信,41.50,41.60,41.45,41.45,-0.05,82959,3443100,119
2022-08-18,TWSE,3706,神達,28.50,28.75,28.40,28.70,0.15,1518438,43434379,741
2022-08-18,TWSE,3708,上緯投控,101.50,104.00,101.00,104.00,1.00,1761937,180093968,1103
2022-08-18,TWSE,3711,日月光投控,89.80,89.80,88.70,89.40,-1.20,6963397,621827515,8521
2022-08-18,TWSE,3712,永崴投控,28.35,28.40,28.10,28.35,-0.05,278282,7866567,185
2022-08-18,TWSE,3714,富采,52.60,52.60,51.20,51.30,-1.00,4293260,221883845,3767
2022-08-18,TWSE,4104,佳醫,66.60,67.50,66.40,67.30,1.10,317269,21238527,332
2022-08-18,TWSE,4106,雃博,26.20,26.85,26.00,26.50,0.35,780535,20704278,576
2022-08-18,TWSE,4108,懷特,18.65,19.35,18.60,19.20,0.70,615395,11783928,578
2022-08-18,TWSE,4119,旭富,84.60,85.60,84.40,84.60,0.00,190442,16187969,431
2022-08-18,TWSE,4133,亞諾法,38.25,41.30,38.15,38.90,0.75,9101279,361930123,6191
2022-08-18,TWSE,4137,麗豐-KY,171.00,174.00,171.00,173.50,0.00,72711,12546423,82
2022-08-18,TWSE,4142,國光生,38.05,38.95,38.05,38.50,0.15,1579327,60942858,1185
2022-08-18,TWSE,4148,全宇生技-KY,64.00,68.00,63.20,65.70,1.70,2382897,157726111,1726
2022-08-18,TWSE,4155,訊映,23.20,23.25,22.90,23.05,-0.10,154358,3558091,187
2022-08-18,TWSE,4164,承業醫,42.05,46.50,41.65,45.05,2.75,2947310,131751977,1502
2022-08-18,TWSE,4190,佐登-KY,68.00,68.50,68.00,68.20,-0.30,16150,1102200,16
2022-08-18,TWSE,4306,炎洲,14.10,14.20,14.05,14.10,0.00,742618,10480014,292
2022-08-18,TWSE,4426,利勤,30.15,30.95,29.90,30.60,0.45,1384553,42285541,787
2022-08-18,TWSE,4438,廣越,122.50,128.50,122.50,128.00,5.50,357747,44964826,327
2022-08-18,TWSE,4439,冠星-KY,112.50,114.00,112.00,114.00,1.00,14400,1624500,16
2022-08-18,TWSE,4440,宜新實業,34.40,35.00,34.20,34.75,0.35,76352,2651450,53
2022-08-18,TWSE,4526,東台,14.30,14.45,14.20,14.35,0.05,80194,1150839,115
2022-08-18,TWSE,4532,瑞智,17.75,17.80,17.55,17.75,0.05,275000,4869150,155
2022-08-18,TWSE,4536,拓凱,178.50,183.00,175.00,179.50,3.00,2836224,506939530,2442
2022-08-18,TWSE,4540,全球傳動,44.85,44.85,44.40,44.60,-0.30,77132,3436797,88
2022-08-18,TWSE,4545,銘鈺,29.50,29.80,29.30,29.80,0.00,45035,1328350,34
2022-08-18,TWSE,4551,智伸科,151.50,155.00,150.50,153.50,0.50,634754,97064714,491
2022-08-18,TWSE,4552,力達-KY,29.50,29.90,29.30,29.80,0.30,72480,2154730,62
2022-08-18,TWSE,4555,氣立,57.20,57.20,57.00,57.20,0.20,9000,514300,9
2022-08-18,TWSE,4557,永新-KY,103.50,107.50,103.00,104.00,0.00,330417,34676545,271
2022-08-18,TWSE,4560,強信-KY,40.35,40.35,40.25,40.35,0.05,43000,1731400,12
2022-08-18,TWSE,4562,穎漢,15.35,15.45,15.30,15.35,0.05,40082,615812,31
2022-08-18,TWSE,4564,元翎,27.20,27.35,26.85,27.15,0.05,139015,3774979,98
2022-08-18,TWSE,4566,時碩工業,53.20,53.80,53.00,53.80,0.50,274511,14698313,198
2022-08-18,TWSE,4571,鈞興-KY,79.30,79.30,78.90,79.00,1.20,16128,1273756,14
2022-08-18,TWSE,4572,駐龍,118.00,119.00,116.50,117.00,-2.00,170596,20065723,166
2022-08-18,TWSE,4576,大銀微系統,90.50,90.90,90.30,90.70,0.20,20851,1887766,30
2022-08-18,TWSE,4581,光隆精密-KY,,,,,0.00,0,0,0
2022-08-18,TWSE,4583,台灣精銳,201.00,203.00,201.00,202.50,1.00,18245,3685764,46
2022-08-18,TWSE,4720,德淵,13.85,14.00,13.85,13.95,0.10,84166,1173715,44
2022-08-18,TWSE,4722,國精化,37.00,37.05,36.80,36.95,0.05,16000,590550,14
2022-08-18,TWSE,4737,華廣,83.30,84.40,82.80,84.10,1.30,275247,23037962,228
2022-08-18,TWSE,4739,康普,120.00,120.50,117.00,120.50,0.50,2067751,245886860,1762
2022-08-18,TWSE,4746,台耀,54.60,55.50,54.10,54.90,0.30,775097,42626453,596
2022-08-18,TWSE,4755,三福化,148.00,152.50,147.00,151.50,2.50,2019834,303679969,1747
2022-08-18,TWSE,4763,材料*-KY,115.50,120.00,115.50,119.50,3.00,769700,91301497,518
2022-08-18,TWSE,4764,雙鍵,53.20,54.40,53.00,54.40,-0.20,7000,373600,7
2022-08-18,TWSE,4766,南寶,132.00,133.00,132.00,133.00,1.00,35369,4691374,46
2022-08-18,TWSE,4770,上品,273.00,283.50,273.00,283.50,8.50,571308,160050268,567
2022-08-18,TWSE,4807,日成-KY,23.20,23.25,23.15,23.15,-0.20,11005,255369,13
2022-08-18,TWSE,4904,遠傳,75.00,75.40,74.70,75.00,-0.50,2770222,207643099,1646
2022-08-18,TWSE,4906,正文,29.90,30.60,29.80,30.25,0.65,10653022,322126189,5712
2022-08-18,TWSE,4912,聯德控股-KY,104.00,106.00,104.00,106.00,2.00,74334,7806909,63
2022-08-18,TWSE,4915,致伸,67.10,69.60,66.60,69.40,2.20,5448245,373097151,3626
2022-08-18,TWSE,4916,事欣科,25.25,25.85,24.95,25.80,0.25,931795,23616145,547
2022-08-18,TWSE,4919,新唐,117.50,126.00,117.00,124.50,5.00,23828926,2915089349,15430
2022-08-18,TWSE,4927,泰鼎-KY,58.20,61.90,58.20,61.90,5.60,1741841,106025349,1008
2022-08-18,TWSE,4930,燦星網,27.20,27.50,26.95,27.50,0.55,164381,4474356,135
2022-08-18,TWSE,4934,太極,28.40,29.00,28.00,29.00,0.60,926785,26602196,645
2022-08-18,TWSE,4935,茂林-KY,59.40,60.40,59.40,59.70,0.10,114004,6823544,84
2022-08-18,TWSE,4938,和碩,62.50,63.10,62.30,63.00,0.20,2668745,167695171,2570
2022-08-18,TWSE,4942,嘉彰,40.55,40.80,40.30,40.75,0.15,192967,7841337,170
2022-08-18,TWSE,4943,康控-KY,16.30,16.50,16.15,16.45,0.10,159038,2598473,82
2022-08-18,TWSE,4952,凌通,59.00,59.50,57.70,59.10,-0.80,1826250,106892415,1341
2022-08-18,TWSE,4956,光鋐,17.30,17.50,17.25,17.40,-0.05,179271,3114228,135
2022-08-18,TWSE,4958,臻鼎-KY,117.50,117.50,115.50,116.50,-1.00,3437760,399621477,2231
2022-08-18,TWSE,4960,誠美材,10.35,10.55,10.30,10.50,0.10,1505258,15715157,574
2022-08-18,TWSE,4961,天鈺,121.50,133.00,120.50,130.00,8.50,12226706,1574196420,8592
2022-08-18,TWSE,4967,十銓,29.30,30.40,29.20,30.25,0.80,590778,17730610,453
2022-08-18,TWSE,4968,立積,143.50,147.50,140.50,146.50,1.50,1751747,252436641,1504
2022-08-18,TWSE,4976,佳凌,45.80,47.40,45.65,47.40,1.10,1634412,76607577,1135
2022-08-18,TWSE,4977,眾達-KY,91.50,97.10,90.90,95.30,3.80,1464932,138589654,1147
2022-08-18,TWSE,4989,榮科,26.65,29.45,26.65,28.25,1.45,2956754,85137834,1422
2022-08-18,TWSE,4994,傳奇,43.80,44.00,42.20,42.70,-0.80,263040,11234041,234
2022-08-18,TWSE,4999,鑫禾,38.30,38.65,38.30,38.60,0.20,69241,2668137,54
2022-08-18,TWSE,5007,三星,53.50,53.50,53.10,53.20,-0.30,32161,1714249,26
2022-08-18,TWSE,5203,訊連,95.20,96.80,94.20,95.10,-0.10,211962,20167280,160
2022-08-18,TWSE,5215,科嘉-KY,45.05,45.20,44.30,45.05,-0.10,26207,1173433,30
2022-08-18,TWSE,5222,全訊,134.50,138.00,134.00,135.00,1.00,577744,78331232,512
2022-08-18,TWSE,5225,東科-KY,24.25,24.90,24.25,24.60,0.30,469000,11553650,227
2022-08-18,TWSE,5234,達興材料,70.70,71.00,69.50,71.00,0.30,150807,10625931,157
2022-08-18,TWSE,5243,乙盛-KY,68.50,69.40,68.30,69.00,0.30,843642,58098541,613
2022-08-18,TWSE,5244,弘凱,29.10,29.10,28.55,28.85,-0.05,34400,986989,21
2022-08-18,TWSE,5258,虹堡,65.00,66.50,64.90,66.50,1.20,6912057,454819164,4477
2022-08-18,TWSE,5269,祥碩,974.00,983.00,961.00,978.00,-5.00,627212,611179623,806
2022-08-18,TWSE,5283,禾聯碩,109.00,110.00,109.00,110.00,2.00,109187,11966824,143
2022-08-18,TWSE,5284,jpp-KY,49.80,50.20,49.75,49.95,-0.05,107117,5350635,79
2022-08-18,TWSE,5285,界霖,86.50,88.90,86.40,87.30,0.00,351723,30727417,333
2022-08-18,TWSE,5288,豐祥-KY,164.50,164.50,162.50,162.50,-1.00,65621,10721764,71
2022-08-18,TWSE,5306,桂盟,161.50,162.50,160.00,160.50,-1.00,177427,28531130,266
2022-08-18,TWSE,5388,中磊,96.70,98.50,96.30,98.50,1.10,8319286,813029117,5169
2022-08-18,TWSE,5434,崇越,164.50,166.50,163.00,165.50,0.50,323816,53451996,359
2022-08-18,TWSE,5469,瀚宇博,31.70,31.90,31.20,31.70,0.00,708223,22431947,410
2022-08-18,TWSE,5471,松翰,58.80,59.30,57.60,59.20,0.40,476137,27794789,514
2022-08-18,TWSE,5484,慧友,13.50,13.60,13.45,13.60,0.10,36053,486762,24
2022-08-18,TWSE,5515,建國,12.35,12.35,12.25,12.30,-0.05,130504,1605171,52
2022-08-18,TWSE,5519,隆大,21.25,21.50,21.25,21.50,0.25,123512,2638222,89
2022-08-18,TWSE,5521,工信,7.00,7.00,6.90,6.94,-0.04,470637,3270945,411
2022-08-18,TWSE,5522,遠雄,63.10,63.30,62.60,62.90,-0.20,323890,20380674,343
2022-08-18,TWSE,5525,順天,24.40,24.45,24.20,24.20,-0.20,20098,488710,28
2022-08-18,TWSE,5531,鄉林,9.11,9.11,9.09,9.11,0.00,156064,1419770,79
2022-08-18,TWSE,5533,皇鼎,18.85,18.85,18.60,18.75,-0.10,355531,6639507,135
2022-08-18,TWSE,5534,長虹,77.80,78.70,77.70,78.60,0.80,585939,45751223,587
2022-08-18,TWSE,5538,東明-KY,43.00,43.45,43.00,43.45,0.35,17025,736283,15
2022-08-18,TWSE,5546,永固-KY,55.50,55.50,54.80,55.00,-0.50,13030,717556,10
2022-08-18,TWSE,5607,遠雄港,53.10,54.00,53.00,53.40,-0.30,410745,21974984,355
2022-08-18,TWSE,5608,四維航,32.15,32.75,31.80,32.35,0.45,7777807,251760623,4362
2022-08-18,TWSE,5706,鳳凰,59.20,60.00,59.20,59.90,-0.10,419724,24980919,348
2022-08-18,TWSE,5871,中租-KY,223.50,223.50,220.00,222.00,-3.00,2147057,475560057,6838
2022-08-18,TWSE,5871A,中租-KY甲特,99.40,99.50,99.40,99.50,0.10,15093,1500534,13
2022-08-18,TWSE,5876,上海商銀,52.10,52.10,50.40,50.60,-2.10,6271483,319586869,3321
2022-08-18,TWSE,5880,合庫金,27.70,27.75,27.50,27.75,0.00,5873004,162521390,2430
2022-08-18,TWSE,5906,台南-KY,34.05,34.05,32.40,32.80,-1.00,32030,1052294,32
2022-08-18,TWSE,5907,大洋-KY,14.70,14.80,14.55,14.65,-0.05,44305,650732,35
2022-08-18,TWSE,6005,群益證,12.20,12.30,12.15,12.15,-0.05,1403613,17128156,599
2022-08-18,TWSE,6024,群益期,35.85,36.00,35.80,36.00,0.10,32328,1162121,62
2022-08-18,TWSE,6108,競國,17.80,17.80,17.50,17.65,-0.15,178402,3137236,118
2022-08-18,TWSE,6112,邁達特,35.20,35.20,35.05,35.10,-0.15,36393,1276873,55
2022-08-18,TWSE,6115,鎰勝,42.10,42.10,42.05,42.05,-0.05,33516,1410437,51
2022-08-18,TWSE,6116,彩晶,11.25,11.25,10.95,11.15,-0.10,11170828,123997480,3204
2022-08-18,TWSE,6117,迎廣,17.00,18.00,17.00,18.00,1.60,1299125,23299750,329
2022-08-18,TWSE,6120,達運,10.35,10.50,10.35,10.45,0.05,1356676,14158970,620
2022-08-18,TWSE,6128,上福,29.80,29.95,29.70,29.75,0.00,78100,2328375,58
2022-08-18,TWSE,6133,金橋,27.40,27.60,26.50,27.60,2.50,25236132,688746731,8070
2022-08-18,TWSE,6136,富爾特,17.75,17.80,17.75,17.80,-0.10,15145,269071,30
2022-08-18,TWSE,6139,亞翔,32.60,32.65,32.40,32.50,-0.15,317008,10306081,212
2022-08-18,TWSE,6141,柏承,23.85,24.00,23.55,23.60,-0.30,218907,5189132,183
2022-08-18,TWSE,6142,友勁,10.25,10.40,10.00,10.35,0.15,1460263,14864734,597
2022-08-18,TWSE,6152,百一,10.85,11.45,10.75,11.20,0.45,3095161,34662168,1015
2022-08-18,TWSE,6153,嘉聯益,24.85,25.20,24.75,25.00,0.15,1105400,27648375,707
2022-08-18,TWSE,6155,鈞寶,22.85,23.10,22.85,23.00,0.10,72200,1657410,39
2022-08-18,TWSE,6164,華興,12.75,13.05,12.60,12.80,0.20,1086164,13920592,457
2022-08-18,TWSE,6165,浪凡,26.80,27.40,26.70,27.10,0.25,120259,3248890,88
2022-08-18,TWSE,6166,凌華,58.30,58.30,57.40,57.80,-0.50,185660,10731696,160
2022-08-18,TWSE,6168,宏齊,20.90,20.95,20.65,20.90,-0.05,215983,4502789,169
2022-08-18,TWSE,6176,瑞儀,99.60,100.50,99.30,100.50,0.50,1050070,104875231,892
2022-08-18,TWSE,6177,達麗,27.60,27.70,27.45,27.50,-0.10,279489,7684030,281
2022-08-18,TWSE,6183,關貿,62.30,63.20,62.00,63.10,0.90,47480,2982572,78
2022-08-18,TWSE,6184,大豐電,48.45,48.65,48.45,48.55,0.25,16350,794682,23
2022-08-18,TWSE,6189,豐藝,38.40,38.50,38.25,38.50,0.10,264000,10136801,206
2022-08-18,TWSE,6191,精成科,29.20,29.20,28.95,29.10,-0.30,1220805,35518459,771
2022-08-18,TWSE,6192,巨路,69.30,69.60,68.70,69.10,-0.20,83404,5775444,102
2022-08-18,TWSE,6196,帆宣,117.50,122.50,117.00,122.50,4.00,823434,99018825,755
2022-08-18,TWSE,6197,佳必琪,37.45,38.40,37.45,38.35,0.90,227573,8657403,176
2022-08-18,TWSE,6201,亞弘電,39.85,39.85,39.80,39.80,0.00,3000,119450,3
2022-08-18,TWSE,6202,盛群,74.80,75.20,73.50,74.70,-0.40,771141,57349328,771
2022-08-18,TWSE,6205,詮欣,80.00,80.90,79.00,80.90,0.60,1261394,101132692,653
2022-08-18,TWSE,6206,飛捷,83.80,85.50,83.80,85.30,0.90,1113187,94438459,911
2022-08-18,TWSE,6209,今國光,30.20,30.65,29.95,30.55,0.35,317459,9652007,244
2022-08-18,TWSE,6213,聯茂,69.00,69.00,66.50,66.90,-2.70,3325329,223275605,3014
2022-08-18,TWSE,6214,精誠,73.10,73.30,72.90,73.10,0.00,105158,7693781,120
2022-08-18,TWSE,6215,和椿,24.00,24.40,24.00,24.35,0.20,163440,3962595,136
2022-08-18,TWSE,6216,居易,32.15,32.40,31.85,32.25,0.30,742766,23900829,417
2022-08-18,TWSE,6224,聚鼎,63.00,64.00,62.60,63.40,0.10,139339,8814172,126
2022-08-18,TWSE,6225,天瀚,8.32,9.00,7.92,7.92,-0.87,93221,769099,24
2022-08-18,TWSE,6226,光鼎,12.80,13.15,12.80,13.00,0.15,963317,12523788,411
2022-08-18,TWSE,6230,尼得科超眾,112.00,114.00,112.00,113.50,0.50,29359,3323127,39
2022-08-18,TWSE,6235,華孚,37.65,39.00,37.45,38.90,1.10,6571224,252653130,3720
2022-08-18,TWSE,6239,力成,86.80,86.80,85.80,85.80,-1.10,1346069,115768410,1156
2022-08-18,TWSE,6243,迅杰,32.70,33.60,32.25,33.00,0.30,214041,7053401,171
2022-08-18,TWSE,6257,矽格,51.40,51.60,51.20,51.50,0.00,1495103,76826923,1026
2022-08-18,TWSE,6269,台郡,94.90,94.90,92.80,94.30,-0.60,1165254,109231824,2350
2022-08-18,TWSE,6271,同欣電,198.50,201.00,196.50,199.50,-0.50,1324117,263079466,1064
2022-08-18,TWSE,6277,宏正,77.50,78.20,77.50,77.90,0.40,32000,2490000,29
2022-08-18,TWSE,6278,台表科,100.50,106.00,100.00,104.50,3.00,6414355,665991654,4492
2022-08-18,TWSE,6281,全國電,83.30,83.30,83.10,83.10,0.50,8243,685796,21
2022-08-18,TWSE,6282,康舒,30.05,30.75,30.00,30.50,0.25,2267336,69129796,1310
2022-08-18,TWSE,6283,淳安,38.05,38.50,37.15,38.50,0.70,1549249,58586913,920
2022-08-18,TWSE,6285,啟碁,82.40,84.20,81.60,84.20,1.80,8883240,740712376,5632
2022-08-18,TWSE,6288,聯嘉,24.40,25.60,24.35,25.50,0.40,1374665,34585149,732
2022-08-18,TWSE,6289,華上,1.75,1.75,1.75,1.75,-0.19,149264,261199,56
2022-08-18,TWSE,6405,悅城,22.35,22.60,22.35,22.55,-0.10,13000,292300,11
2022-08-18,TWSE,6409,旭隼,1770.00,1820.00,1745.00,1820.00,50.00,165495,297112740,325
2022-08-18,TWSE,6412,群電,72.00,72.00,71.50,71.50,-0.60,138043,9886907,142
2022-08-18,TWSE,6414,樺漢,229.50,231.00,228.00,230.00,2.00,733529,168329026,674
2022-08-18,TWSE,6415,矽力*-KY,613.00,639.00,612.00,638.00,-3.00,2188759,1371500716,2677
2022-08-18,TWSE,6416,瑞祺電通,97.00,100.00,96.90,99.00,2.00,164070,16187310,170
2022-08-18,TWSE,6426,統新,84.20,87.80,84.20,86.50,2.30,1767358,151981529,1520
2022-08-18,TWSE,6431,光麗-KY,21.75,22.05,21.00,21.70,-0.55,62100,1334143,53
2022-08-18,TWSE,6438,迅得,92.00,93.90,92.00,93.60,0.70,259006,24163048,346
2022-08-18,TWSE,6442,光聖,62.70,63.50,62.00,62.80,0.00,4469047,280475898,3167
2022-08-18,TWSE,6443,元晶,36.75,37.20,36.45,36.80,0.25,14114321,520549984,7152
2022-08-18,TWSE,6449,鈺邦,40.80,41.50,40.50,40.80,0.15,96141,3909656,87
2022-08-18,TWSE,6451,訊芯-KY,78.40,79.80,77.30,79.80,1.40,106044,8352224,102
2022-08-18,TWSE,6456,GIS-KY,76.90,77.00,76.30,76.60,-0.20,427478,32763368,319
2022-08-18,TWSE,6464,台數科,84.00,84.30,84.00,84.30,0.30,14045,1182843,13
2022-08-18,TWSE,6477,安集,55.70,58.90,55.30,58.90,3.10,13399542,772663635,8082
2022-08-18,TWSE,6491,晶碩,427.00,436.50,422.00,422.00,-5.00,398531,170990497,448
2022-08-18,TWSE,6504,南六,82.80,83.00,82.50,83.00,0.00,58507,4840354,77
2022-08-18,TWSE,6505,台塑化,84.60,85.80,84.30,85.60,0.50,1687560,143646647,1065
2022-08-18,TWSE,6515,穎崴,372.00,384.50,370.00,384.50,10.00,225886,85184087,235
2022-08-18,TWSE,6525,捷敏-KY,74.10,74.70,73.90,74.60,0.30,133422,9919680,121
2022-08-18,TWSE,6531,愛普*,205.50,215.00,201.00,209.00,2.50,4531902,943586926,5503
2022-08-18,TWSE,6533,晶心科,317.50,331.00,312.50,325.00,1.00,6226483,2004562914,8271
2022-08-18,TWSE,6541,泰福-KY,51.00,52.20,50.80,51.40,0.70,1581630,81807285,1108
2022-08-18,TWSE,6550,北極星藥業-KY,131.00,137.00,131.00,136.00,5.50,3640126,490617120,3334
2022-08-18,TWSE,6552,易華電,39.70,40.35,39.70,40.25,0.05,23151,929508,22
2022-08-18,TWSE,6558,興能高,22.35,22.40,22.15,22.30,0.10,99008,2201184,57
2022-08-18,TWSE,6573,虹揚-KY,16.25,16.30,16.20,16.20,-0.15,57130,928169,31
2022-08-18,TWSE,6579,研揚,90.40,91.00,89.50,90.40,1.20,80240,7226818,71
2022-08-18,TWSE,6581,鋼聯,92.40,95.00,92.10,94.70,2.30,274604,25796836,241
2022-08-18,TWSE,6582,申豐,89.10,90.00,88.40,89.70,0.70,288282,25776452,254
2022-08-18,TWSE,6585,鼎基,69.90,70.10,69.10,69.30,-0.70,104019,7228831,78
2022-08-18,TWSE,6591,動力-KY,47.25,48.25,47.15,48.00,0.00,366806,17474048,291
2022-08-18,TWSE,6592,和潤企業,106.50,108.50,106.00,108.50,2.00,413887,44432761,351
2022-08-18,TWSE,6598,ABC-KY,29.00,31.90,29.00,31.90,2.90,1365428,42533654,701
2022-08-18,TWSE,6605,帝寶,79.70,80.40,78.50,79.70,0.00,685436,54492346,544
2022-08-18,TWSE,6625,必應,28.90,29.00,28.50,28.65,0.05,11000,315850,11
2022-08-18,TWSE,6641,基士德-KY,57.80,58.20,57.70,58.20,0.50,13121,759541,14
2022-08-18,TWSE,6655,科定,134.50,135.00,134.00,134.50,0.00,14011,1887489,12
2022-08-18,TWSE,6666,羅麗芬-KY,56.00,56.00,55.20,55.40,0.10,8166,454071,20
2022-08-18,TWSE,6668,中揚光,44.90,45.30,44.60,44.95,0.25,219305,9862976,161
2022-08-18,TWSE,6669,緯穎,747.00,757.00,738.00,750.00,0.00,453508,339881651,581
2022-08-18,TWSE,6670,復盛應用,196.50,196.50,194.00,195.50,-1.00,293493,57261293,400
2022-08-18,TWSE,6671,三能-KY,40.25,40.50,40.25,40.35,-0.50,8060,325885,11
2022-08-18,TWSE,6672,騰輝電子-KY,67.80,68.50,66.60,68.50,1.10,142781,9647399,144
2022-08-18,TWSE,6674,鋐寶科技,27.80,27.80,27.05,27.60,0.15,7001,192677,8
2022-08-18,TWSE,6691,洋基工程,164.50,165.00,163.50,164.50,-1.00,79586,13070679,78
2022-08-18,TWSE,6698,旭暉應材,31.00,31.15,30.95,30.95,-0.35,56167,1739944,48
2022-08-18,TWSE,6706,惠特,118.50,120.50,117.00,119.50,-0.50,806482,95878917,708
2022-08-18,TWSE,6715,嘉基,151.50,152.00,148.50,151.00,-0.50,356599,53862043,292
2022-08-18,TWSE,6719,力智,312.00,327.00,307.00,323.50,9.50,2284320,726387660,2437
2022-08-18,TWSE,6743,安普新,39.60,39.60,38.75,39.00,-0.55,128019,5007457,127
2022-08-18,TWSE,6754,匯僑設計,43.75,43.80,43.10,43.45,-0.05,40000,1739000,22
2022-08-18,TWSE,6756,威鋒電子,258.00,265.00,255.00,264.00,2.00,1171243,304079843,1147
2022-08-18,TWSE,6768,志強-KY,73.30,74.10,72.70,73.80,0.00,359531,26332144,215
2022-08-18,TWSE,6770,力積電,36.30,36.40,35.70,35.80,-0.50,44005100,1582319923,11707
2022-08-18,TWSE,6776,展碁國際,38.60,38.60,38.30,38.40,-0.20,95000,3649050,72
2022-08-18,TWSE,6781,AES-KY,992.00,1005.00,979.00,988.00,-3.00,650472,644584270,875
2022-08-18,TWSE,6789,采鈺,312.00,322.50,311.50,321.00,7.50,627030,200210905,889
2022-08-18,TWSE,6790,永豐實,38.90,38.90,38.70,38.85,-0.05,46587,1808051,59
2022-08-18,TWSE,6792,詠業,87.20,89.80,86.90,89.40,1.70,149449,13196046,141
2022-08-18,TWSE,6796,晉弘,115.00,120.50,114.00,118.00,3.00,641263,75367355,548
2022-08-18,TWSE,6799,來頡,138.00,141.00,138.00,140.00,-1.00,155367,21665724,162
2022-08-18,TWSE,6806,森崴能源,84.60,85.50,84.40,85.30,0.70,454485,38569694,418
2022-08-18,TWSE,6807,峰源-KY,28.40,28.40,28.20,28.40,0.20,13008,368428,16
2022-08-18,TWSE,6854,錼創科技-KY創,115.50,115.50,115.50,115.50,0.00,497638,57477189,225
2022-08-18,TWSE,8011,台通,16.00,16.45,15.90,16.30,0.25,880939,14355992,467
2022-08-18,TWSE,8016,矽創,171.00,182.50,169.00,180.50,8.00,3468533,610798894,2973
2022-08-18,TWSE,8021,尖點,29.70,29.80,29.30,29.65,0.00,339610,10044793,255
2022-08-18,TWSE,8028,昇陽半導體,69.50,73.40,69.10,72.50,3.10,15643540,1121545391,9893
2022-08-18,TWSE,8033,雷虎,18.25,18.35,18.10,18.30,0.05,1258546,22957670,536
2022-08-18,TWSE,8039,台虹,41.10,41.65,41.05,41.60,0.20,236069,9803437,173
2022-08-18,TWSE,8046,南電,275.00,281.50,267.00,281.50,3.50,14144025,3888438185,11893
2022-08-18,TWSE,8070,長華*,34.15,34.40,33.90,34.35,0.00,248084,8497787,179
2022-08-18,TWSE,8072,陞泰,25.90,27.60,25.90,26.45,0.65,1237812,33445838,879
2022-08-18,TWSE,8081,致新,148.00,153.00,147.50,152.50,3.00,642551,96855548,620
2022-08-18,TWSE,8101,華冠,2.35,2.35,2.26,2.31,-0.02,206133,475862,58
2022-08-18,TWSE,8103,瀚荃,39.15,39.80,38.65,39.55,0.55,381567,15012637,256
2022-08-18,TWSE,8104,錸寶,42.40,43.30,41.65,41.65,-0.55,1010843,42857505,759
2022-08-18,TWSE,8105,凌巨,12.75,13.20,12.60,13.10,0.40,7257250,94098353,2693
2022-08-18,TWSE,8110,華東,13.00,13.10,12.90,13.05,-0.05,1049483,13619981,382
2022-08-18,TWSE,8112,至上,38.35,38.40,38.00,38.30,-0.15,1262625,48125370,994
2022-08-18,TWSE,8112A,至上甲特,42.65,42.70,42.65,42.70,0.05,9560,407482,21
2022-08-18,TWSE,8114,振樺電,149.50,158.00,149.50,157.00,5.00,2912091,450991900,2433
2022-08-18,TWSE,8131,福懋科,38.60,38.90,38.50,38.80,0.30,147861,5734503,89
2022-08-18,TWSE,8150,南茂,36.25,36.50,36.05,36.40,-0.05,1507627,54672572,984
2022-08-18,TWSE,8163,達方,41.05,41.25,40.80,41.15,0.10,212510,8735926,180
2022-08-18,TWSE,8201,無敵,13.00,13.25,12.95,13.20,0.20,763605,9987169,397
2022-08-18,TWSE,8210,勤誠,78.20,80.40,78.20,79.90,-0.30,828030,65755523,561
2022-08-18,TWSE,8213,志超,38.20,38.50,37.65,38.50,0.30,608065,23201930,491
2022-08-18,TWSE,8215,明基材,31.05,32.10,30.70,32.05,0.95,2760866,87072178,1534
2022-08-18,TWSE,8222,寶一,23.80,24.85,23.30,23.60,-0.15,17143041,410611506,8450
2022-08-18,TWSE,8249,菱光,21.50,21.80,21.50,21.70,0.20,74831,1619821,283
2022-08-18,TWSE,8261,富鼎,107.50,114.50,106.50,114.50,10.00,16566661,1844226339,11038
2022-08-18,TWSE,8271,宇瞻,40.00,40.20,39.70,40.10,0.05,135075,5398127,111
2022-08-18,TWSE,8341,日友,178.50,181.00,178.50,180.50,2.00,71599,12888477,248
2022-08-18,TWSE,8367,建新國際,38.20,41.15,38.00,39.20,1.45,1058407,41797286,792
2022-08-18,TWSE,8374,羅昇,31.50,31.50,31.25,31.50,0.00,29030,909245,12
2022-08-18,TWSE,8404,百和興業-KY,30.90,31.50,30.85,30.90,0.00,113537,3526391,64
2022-08-18,TWSE,8411,福貞-KY,16.25,16.45,16.25,16.45,0.15,206286,3368015,81
2022-08-18,TWSE,8422,可寧衛*,178.00,179.50,177.50,179.50,0.50,133773,23827333,321
2022-08-18,TWSE,8429,金麗-KY,9.52,9.52,9.45,9.47,-0.05,90023,852863,180
2022-08-18,TWSE,8438,昶昕,29.50,29.50,28.75,29.05,-0.10,35050,1013800,23
2022-08-18,TWSE,8442,威宏-KY,75.70,78.20,71.00,71.00,-3.60,941178,69708889,718
2022-08-18,TWSE,8443,阿瘦,11.95,12.00,11.75,11.90,-0.05,84049,997058,149
2022-08-18,TWSE,8454,富邦媒,781.00,783.00,757.00,768.00,-26.00,991326,759157547,2907
2022-08-18,TWSE,8462,柏文,121.50,123.00,121.50,121.50,-0.50,9363,1140597,41
2022-08-18,TWSE,8463,潤泰材,20.70,20.80,20.55,20.80,0.10,39123,812231,29
2022-08-18,TWSE,8464,億豐,297.00,297.50,292.00,294.00,-6.00,255818,75145579,1077
2022-08-18,TWSE,8466,美吉吉-KY,42.60,42.95,42.50,42.75,0.10,19000,810500,15
2022-08-18,TWSE,8467,波力-KY,62.10,62.70,61.50,62.40,0.50,162100,10060760,156
2022-08-18,TWSE,8473,山林水,29.90,30.00,29.90,29.95,0.15,36487,1092355,49
2022-08-18,TWSE,8478,東哥遊艇,242.00,260.00,240.00,260.00,23.50,16976022,4257648684,12324
2022-08-18,TWSE,8480,泰昇-KY,69.90,69.90,69.90,69.90,6.30,11100,775886,12
2022-08-18,TWSE,8481,政伸,59.80,59.90,59.60,59.80,0.20,17464,1044744,17
2022-08-18,TWSE,8482,商億-KY,71.30,72.10,71.30,72.10,0.30,3000,214800,3
2022-08-18,TWSE,8488,吉源-KY,16.25,16.60,16.25,16.60,0.35,11021,181237,11
2022-08-18,TWSE,8499,鼎炫-KY,109.50,111.00,109.50,111.00,1.00,15528,1712203,28
2022-08-18,TWSE,8926,台汽電,37.30,38.30,37.25,37.95,0.65,1116866,42250498,765
2022-08-18,TWSE,8940,新天地,14.85,14.95,14.80,14.90,0.10,77263,1146177,56
2022-08-18,TWSE,8996,高力,85.90,89.70,84.30,89.20,3.30,21390179,1867234977,14322
2022-08-18,TWSE,9103,美德醫療-DR,7.79,8.21,7.76,7.77,0.01,2984131,23575221,1237
2022-08-18,TWSE,910322,康師傅-DR,24.55,24.55,23.90,23.90,-0.70,45300,1096330,13
2022-08-18,TWSE,9105,泰金寶-DR,3.76,3.77,3.73,3.76,-0.01,1165828,4374788,382
2022-08-18,TWSE,910861,神州-DR,6.62,6.62,6.53,6.54,-0.08,81000,530310,26
2022-08-18,TWSE,9110,越南控-DR,3.11,3.11,3.06,3.09,-0.01,41000,125870,13
2022-08-18,TWSE,911608,明輝-DR,2.97,3.00,2.94,2.99,0.00,41400,122825,18
2022-08-18,TWSE,911622,泰聚亨-DR,5.15,5.15,5.10,5.15,0.00,88000,451280,21
2022-08-18,TWSE,911868,同方友友-DR,1.15,1.16,1.14,1.16,-0.01,33000,37960,14
2022-08-18,TWSE,912000,晨訊科-DR,2.30,2.31,2.26,2.28,0.00,63001,143532,30
2022-08-18,TWSE,9136,巨騰-DR,6.47,6.57,6.35,6.53,0.06,1862000,11959900,284
2022-08-18,TWSE,9802,鈺齊-KY,164.00,166.50,162.50,166.00,1.50,693872,114567619,609
2022-08-18,TWSE,9902,台火,10.70,10.75,10.65,10.75,0.00,33412,358301,47
2022-08-18,TWSE,9904,寶成,29.10,29.25,28.90,29.20,0.10,5749816,167318051,2474
2022-08-18,TWSE,9905,大華,25.15,25.15,25.05,25.10,0.00,46903,1177557,46
2022-08-18,TWSE,9906,欣巴巴,48.80,48.80,48.20,48.60,0.40,17001,824648,12
2022-08-18,TWSE,9907,統一實,20.15,21.00,20.00,20.50,0.35,19067181,392042436,7489
2022-08-18,TWSE,9908,大台北,32.75,32.85,32.70,32.80,0.05,157162,5152462,104
2022-08-18,TWSE,9910,豐泰,173.50,176.00,173.00,174.00,-6.00,1225987,213370327,3455
2022-08-18,TWSE,9911,櫻花,65.20,65.20,64.40,65.00,0.00,79814,5168431,138
2022-08-18,TWSE,9912,偉聯,13.55,14.65,13.55,14.40,0.45,938895,13235920,567
2022-08-18,TWSE,9914,美利達,220.00,222.00,218.50,222.00,3.00,1212506,266504222,1618
2022-08-18,TWSE,9917,中保科,104.00,104.50,103.50,103.50,-1.50,101723,10568063,219
2022-08-18,TWSE,9918,欣天然,42.65,43.05,42.65,43.05,0.05,9182,393877,19
2022-08-18,TWSE,9919,康那香,17.55,17.95,17.30,17.30,0.00,2076079,36583074,876
2022-08-18,TWSE,9921,巨大,262.50,265.00,261.00,265.00,2.50,964734,254086163,946
2022-08-18,TWSE,9924,福興,41.80,41.85,41.70,41.85,0.05,96196,4018962,94
2022-08-18,TWSE,9925,新保,39.75,39.80,39.60,39.65,-0.10,122301,4851805,112
2022-08-18,TWSE,9926,新海,51.70,52.00,51.70,52.00,0.40,5529,286101,18
2022-08-18,TWSE,9927,泰銘,42.70,43.05,42.65,42.95,-0.15,196315,8425251,222
2022-08-18,TWSE,9928,中視,19.45,19.45,19.45,19.45,1.75,241961,4706113,156
2022-08-18,TWSE,9929,秋雨,9.00,9.25,8.97,9.23,0.02,37455,341814,26
2022-08-18,TWSE,9930,中聯資源,46.70,47.10,46.70,47.05,0.40,58561,2750845,49
2022-08-18,TWSE,9931,欣高,39.55,39.65,39.50,39.65,0.10,18150,717888,13
2022-08-18,TWSE,9933,中鼎,45.70,46.20,45.35,45.55,-0.10,1435938,65845049,1065
2022-08-18,TWSE,9934,成霖,12.40,12.45,12.35,12.45,0.00,274279,3405623,67
2022-08-18,TWSE,9935,慶豐富,17.75,17.80,17.65,17.80,0.05,52011,923489,46
2022-08-18,TWSE,9937,全國,49.15,49.15,48.80,49.05,-0.10,56007,2745393,34
2022-08-18,TWSE,9938,百和,63.70,64.40,62.10,62.30,-1.40,799184,49972962,651
2022-08-18,TWSE,9939,宏全,76.80,77.00,75.60,76.40,-0.60,940994,71826660,1111
2022-08-18,TWSE,9940,信義,31.20,31.20,30.75,30.75,-0.45,177829,5491529,164
2022-08-18,TWSE,9941,裕融,175.00,176.50,174.50,176.00,0.50,505312,88793766,906
2022-08-18,TWSE,9941A,裕融甲特,50.60,50.60,50.60,50.60,0.10,3010,152311,5
2022-08-18,TWSE,9942,茂順,92.80,94.80,91.60,94.70,1.80,805731,75752271,677
2022-08-18,TWSE,9943,好樂迪,55.10,55.10,54.90,55.00,-0.10,44606,2452639,50
2022-08-18,TWSE,9944,新麗,20.50,20.65,20.40,20.65,0.05,79455,1630412,49
2022-08-18,TWSE,9945,潤泰新,62.90,63.20,62.20,63.00,-0.30,4382988,274763315,4880
2022-08-18,TWSE,9946,三發地產,12.95,13.00,12.95,13.00,0.00,6146,79640,5
2022-08-18,TWSE,9955,佳龍,21.35,22.05,21.30,21.50,0.25,1035234,22370972,680
2022-08-18,TWSE,9958,世紀鋼,87.20,87.90,81.20,83.90,-4.10,13355667,1123386100,9018
2022-08-18,TPEx,006201,元大富櫃50,17.25,17.70,17.25,17.69,+0.17,125399,2195659,73
2022-08-18,TPEx,00679B,元大美債20年,34.65,34.65,34.52,34.57,-0.25,3453784,119342971,2193
2022-08-18,TPEx,00687B,國泰20年美債,36.30,36.30,36.24,36.29,-0.25,1107951,40178858,127
2022-08-18,TPEx,00694B,富邦美債1-3,37.98,38.00,37.98,38.00,+0.04,102000,3873990,4
2022-08-18,TPEx,00695B,富邦美債7-10,35.60,35.64,35.60,35.64,-0.09,103146,3675055,9
2022-08-18,TPEx,00696B,富邦美債20年,36.39,36.42,36.27,36.37,-0.26,164343,5967955,63
2022-08-18,TPEx,00697B,元大美債7-10,37.40,37.52,37.40,37.50,-0.09,180388,6764221,19
2022-08-18,TPEx,00718B,富邦中國政策債,20.20,20.24,20.19,20.19,+0.01,195000,3941990,10
2022-08-18,TPEx,00719B,元大美債1-3,30.62,30.67,30.62,30.64,+0.03,115185,3530198,13
2022-08-18,TPEx,00720B,元大投資級公司債,36.30,36.32,36.26,36.31,-0.33,1214566,44071398,438
2022-08-18,TPEx,00721B,元大中國債3-5,46.02,46.02,45.77,45.98,+0.06,158000,7264270,7
2022-08-18,TPEx,00722B,群益15年IG電信債,39.70,39.70,39.52,39.57,-0.48,218015,8625663,725
2022-08-18,TPEx,00723B,群益15年IG科技債,34.92,34.96,34.90,34.96,-0.34,122000,4260470,13
2022-08-18,TPEx,00724B,群益10年IG金融債,35.03,35.09,35.03,35.08,-0.27,204294,7163768,36
2022-08-18,TPEx,00725B,國泰投資級公司債,37.12,37.18,37.09,37.15,-0.32,170582,6332348,46
2022-08-18,TPEx,00726B,國泰5Y+新興債,34.00,34.03,34.00,34.03,-0.16,105275,3582372,8
2022-08-18,TPEx,00727B,國泰1-5Y非投等債,37.09,37.19,37.09,37.16,-0.21,110179,4094892,20
2022-08-18,TPEx,00734B,台新JPM新興債,16.28,16.28,16.11,16.11,-0.18,1023000,16530700,15
2022-08-18,TPEx,00740B,富邦全球投等債,40.03,40.03,39.93,40.01,-0.35,145909,5832162,37
2022-08-18,TPEx,00741B,富邦全球非投等債,36.45,36.45,36.45,36.45,-0.17,100000,3645000,4
2022-08-18,TPEx,00744B,國泰中國政金債5+,43.56,43.56,43.56,43.56,0.00,100693,4386191,4
2022-08-18,TPEx,00745B,富邦中政債0-1,42.04,42.04,42.03,42.03,-0.07,100000,4203500,4
2022-08-18,TPEx,00746B,富邦A級公司債,38.20,38.20,37.92,38.03,-0.22,119076,4528764,24
2022-08-18,TPEx,00747B,FH中國政策債,53.00,53.05,53.00,53.05,0.00,118000,6259000,4
2022-08-18,TPEx,00748B,凱基中國債3-10,42.88,42.88,42.88,42.88,+0.10,100000,4288000,2
2022-08-18,TPEx,00749B,凱基新興債10+,32.76,32.76,32.69,32.70,-0.31,112000,3661580,15
2022-08-18,TPEx,00750B,凱基科技債10+,35.83,35.83,35.83,35.83,-0.40,100000,3583000,4
2022-08-18,TPEx,00751B,元大AAA至A公司債,37.56,37.56,37.49,37.51,-0.34,1491391,55963678,355
2022-08-18,TPEx,00754B,群益AAA-AA公司債,39.22,39.22,39.16,39.20,-0.40,491000,19240380,25
2022-08-18,TPEx,00755B,群益15年IG公用債,36.45,36.51,36.45,36.51,-0.24,106205,3877416,15
2022-08-18,TPEx,00756B,群益15年EM主權債,33.98,34.16,33.98,34.16,-0.26,108436,3696422,826
2022-08-18,TPEx,00758B,FH能源債,53.40,53.40,53.40,53.40,-0.60,100000,5340000,2
2022-08-18,TPEx,00759B,FH製藥債,58.70,58.70,58.70,58.70,-0.65,100000,5870000,2
2022-08-18,TPEx,00760B,FH新興企業債,54.25,54.25,54.25,54.25,-0.50,102215,5545144,8
2022-08-18,TPEx,00761B,國泰A級公司債,38.94,38.94,38.91,38.91,-0.41,131000,5097880,6
2022-08-18,TPEx,00764B,群益25年美債,36.51,36.51,36.49,36.50,-0.29,104010,3795395,9
2022-08-18,TPEx,00765B,群益中國政金債,40.50,40.55,40.50,40.51,-0.03,106000,4298010,4
2022-08-18,TPEx,00768B,FH20年美債,59.55,59.55,59.50,59.55,-0.45,113011,6729505,7
2022-08-18,TPEx,00772B,中信高評級公司債,37.52,37.52,37.39,37.47,-0.29,1145252,42870197,424
2022-08-18,TPEx,00773B,中信優先金融債,37.82,37.82,37.70,37.75,-0.30,811333,30595666,92
2022-08-18,TPEx,00777B,凱基AAA至A公司債,37.04,37.04,37.03,37.03,-0.43,101000,3740040,5
2022-08-18,TPEx,00778B,凱基金融債20+,37.30,37.35,37.30,37.34,-0.42,103000,3846000,4
2022-08-18,TPEx,00779B,凱基美債25+,36.53,36.55,36.48,36.55,-0.27,112000,4092810,6
2022-08-18,TPEx,00780B,國泰A級金融債,37.00,37.04,36.89,36.91,-0.18,106000,3910620,10
2022-08-18,TPEx,00781B,國泰A級科技債,35.38,35.38,35.38,35.38,-0.52,100000,3538000,2
2022-08-18,TPEx,00782B,國泰A級公用債,35.10,35.13,35.10,35.13,-0.35,101000,3545130,5
2022-08-18,TPEx,00784B,富邦中國投等債,36.09,36.09,36.05,36.05,-0.13,100000,3607000,4
2022-08-18,TPEx,00785B,富邦金融投等債,36.02,36.06,36.02,36.06,-0.42,100000,3604000,4
2022-08-18,TPEx,00786B,元大10年IG銀行債,35.02,35.02,34.96,35.01,-0.28,135000,4725960,10
2022-08-18,TPEx,00787B,元大10年IG醫療債,36.59,36.59,36.55,36.55,-0.32,103000,3764750,5
2022-08-18,TPEx,00788B,元大10年IG電能債,34.10,34.10,34.05,34.07,-0.19,103000,3509200,5
2022-08-18,TPEx,00789B,FH公司債A3,55.05,55.05,55.05,55.05,-0.65,100000,5505000,2
2022-08-18,TPEx,00790B,FH次順位IG金融債,54.30,54.30,54.30,54.30,-0.50,100000,5430000,2
2022-08-18,TPEx,00791B,FH美元信用債1-5Y,51.70,51.70,51.70,51.70,-0.05,100000,5170000,4
2022-08-18,TPEx,00792B,群益A級公司債,35.80,35.85,35.80,35.82,-0.23,104000,3723270,8
2022-08-18,TPEx,00793B,群益AAA-A醫療債,35.28,35.34,35.28,35.33,-0.30,104000,3675270,6
2022-08-18,TPEx,00794B,群益7+中國政金債,40.38,40.45,40.37,40.45,+0.07,103000,4166130,5
2022-08-18,TPEx,00795B,中信美國公債20年,35.00,35.10,34.92,34.94,-0.26,693521,24231882,70
2022-08-18,TPEx,00796B,中信中國債7-10,41.98,41.98,41.92,41.92,-0.03,100000,4195000,4
2022-08-18,TPEx,00799B,國泰A級醫療債,35.37,35.37,35.37,35.37,-0.36,100027,3537983,5
2022-08-18,TPEx,00831B,新光美債1-3,37.05,37.05,37.05,37.05,-0.05,2000,74100,2
2022-08-18,TPEx,00834B,第一金金融債10+,35.03,35.03,34.94,34.94,-0.56,114000,3990090,12
2022-08-18,TPEx,00836B,永豐10年A公司債,32.86,32.86,32.86,32.86,-0.27,101000,3318860,3
2022-08-18,TPEx,00840B,凱基IG精選15+,33.48,33.48,33.48,33.48,-0.43,100000,3348000,2
2022-08-18,TPEx,00841B,凱基AAA-AA公司債,33.56,33.56,33.56,33.56,-0.26,100000,3356000,2
2022-08-18,TPEx,00842B,台新美元銀行債,33.92,33.92,33.83,33.83,-0.38,106000,3586260,5
2022-08-18,TPEx,00844B,新光15年IG金融債,33.35,33.35,33.35,33.35,,2000,66700,2
2022-08-18,TPEx,00845B,富邦新興投等債,31.37,31.37,31.32,31.32,-0.21,102004,3199764,4
2022-08-18,TPEx,00846B,富邦歐洲銀行債,32.59,32.59,32.59,32.59,-0.15,100000,3259000,4
2022-08-18,TPEx,00847B,中信美國市政債,29.23,29.23,29.20,29.22,-0.16,210000,6135650,12
2022-08-18,TPEx,00848B,中信新興亞洲債,34.10,34.10,34.09,34.09,-0.20,100000,3409500,4
2022-08-18,TPEx,00849B,中信EM主權債0-5,35.42,35.43,35.42,35.43,+0.04,100000,3542500,4
2022-08-18,TPEx,00853B,統一美債10年Aa-A,30.47,30.47,30.43,30.43,-0.39,3000,91370,3
2022-08-18,TPEx,00856B,永豐1-3年美公債,37.38,37.41,37.38,37.41,-0.01,105000,3927900,3
2022-08-18,TPEx,00857B,永豐20年美公債,30.17,30.28,30.17,30.28,-0.20,118002,3566570,7
2022-08-18,TPEx,00858,永豐美國500大,27.17,27.23,27.16,27.21,-0.18,184983,5034219,68
2022-08-18,TPEx,00859B,群益0-1年美債,38.12,38.12,38.12,38.12,+0.02,100000,3812000,2
2022-08-18,TPEx,00860B,群益1-5年IG債,36.75,36.75,36.75,36.75,-0.06,100469,3692247,4
2022-08-18,TPEx,00862B,中信投資級公司債,33.05,33.05,33.03,33.05,-0.32,610001,20153973,17
2022-08-18,TPEx,00863B,中信全球電信債,34.09,34.09,34.07,34.07,-0.36,101000,3441090,5
2022-08-18,TPEx,00864B,中信美國公債0-1,39.33,39.33,39.33,39.33,+0.01,100000,3933000,4
2022-08-18,TPEx,00867B,新光A-BBB電信債,33.34,33.43,33.34,33.43,,3000,100110,3
2022-08-18,TPEx,00870B,元大15年EM主權債,31.41,31.41,31.33,31.38,-0.15,103000,3235120,5
2022-08-18,TPEx,00877,FH中國5G,10.78,10.84,10.72,10.83,+0.09,1196148,12918537,216
2022-08-18,TPEx,00883B,中信ESG投資級債,33.12,33.12,33.10,33.10,-0.32,201121,6657627,6
2022-08-18,TPEx,00884B,中信低碳新興債,31.78,31.80,31.78,31.78,-0.29,201189,6393815,7
2022-08-18,TPEx,00886,永豐美國科技,19.83,19.88,19.83,19.86,-0.38,160000,3179088,23
2022-08-18,TPEx,00887,永豐中國科技50大,16.55,16.56,16.47,16.52,-0.13,161113,2660504,20
2022-08-18,TPEx,00888,永豐台灣ESG,13.57,13.57,13.48,13.54,-0.06,1045922,14133973,765
2022-08-18,TPEx,00890B,凱基ESG BBB債15+,34.23,34.26,34.23,34.26,-0.39,101000,3457260,3
2022-08-18,TPEx,020001,富邦存股雙十N,,,,,,0,0,0
2022-08-18,TPEx,020010,永昌富櫃200N,,,,,,0,0,0
2022-08-18,TPEx,020013,元富亞洲高股息N,,,,,,0,0,0
2022-08-18,TPEx,020014,元大富櫃200N,6.76,6.76,6.76,6.76,+0.12,3000,20280,1
2022-08-18,TPEx,02001B,統一美國政府債N,,,,,,0,0,0
2022-08-18,TPEx,020023,元大櫃買半導體N,4.59,4.66,4.56,4.65,0.00,244000,1122380,26
2022-08-18,TPEx,020024,兆豐富櫃200N,,,,,,0,0,0
2022-08-18,TPEx,020025,統一亞洲半導體N,6.49,6.49,6.42,6.44,-0.05,19000,122480,6
2022-08-18,TPEx,020026,兆豐上櫃ESG電菁N,4.44,4.44,4.44,4.44,+0.12,20000,88800,1
2022-08-18,TPEx,020027,元大上櫃ESG成長N,4.10,4.24,4.10,4.23,+0.09,207000,866100,47
2022-08-18,TPEx,02002L,兆豐富櫃200正二N,4.93,5.09,4.93,5.09,+0.10,124000,619180,20
2022-08-18,TPEx,020033,統一恒生科期N,4.01,4.04,4.01,4.01,-0.05,610000,2449170,44
2022-08-18,TPEx,02003L,永豐富櫃200正2N,4.98,5.12,4.98,5.12,+0.12,2000,10100,2
2022-08-18,TPEx,1240,茂生農經,45.50,45.80,45.20,45.40,+0.15,28517,1295307,62
2022-08-18,TPEx,1258,其祥-KY,25.45,25.45,25.20,25.30,+0.10,282098,7161228,117
2022-08-18,TPEx,1259,安心,71.30,71.30,71.30,71.30,-0.10,1089,77640,15
2022-08-18,TPEx,1264,德麥,270.00,270.00,270.00,270.00,0.00,4432,1196985,102
2022-08-18,TPEx,1268,漢來美食,107.50,109.50,107.50,109.50,+0.50,16439,1791835,26
2022-08-18,TPEx,1336,台翰,24.55,26.95,24.50,26.95,+2.35,2998903,79122402,1342
2022-08-18,TPEx,1565,精華,270.50,278.00,270.00,277.00,+7.50,408285,111891055,500
2022-08-18,TPEx,1569,濱川,27.15,27.45,27.15,27.40,+0.25,565963,15454034,357
2022-08-18,TPEx,1570,力肯,17.95,18.10,17.70,17.85,-0.10,112010,2006439,82
2022-08-18,TPEx,1580,新麥,97.00,98.70,96.90,98.20,+1.20,149401,14651716,241
2022-08-18,TPEx,1584,精剛,22.40,22.80,22.15,22.30,-0.20,2727587,61391262,1344
2022-08-18,TPEx,1586,和勤,37.95,38.00,37.65,37.90,0.00,50221,1898423,47
2022-08-18,TPEx,1591,駿吉-KY,19.00,20.05,18.95,19.40,+0.30,265650,5182809,181
2022-08-18,TPEx,1593,祺驊,64.80,66.60,64.50,66.00,+0.50,28060,1845829,27
2022-08-18,TPEx,1595,川寶,38.60,38.65,38.30,38.65,+0.10,26001,1003188,16
2022-08-18,TPEx,1599,宏佳騰,46.30,46.55,45.30,46.40,+0.10,268022,12274226,152
2022-08-18,TPEx,1742,台蠟,20.30,20.75,20.25,20.45,0.00,14700,300620,18
2022-08-18,TPEx,1777,生泰,69.00,69.30,68.80,69.00,0.00,23265,1606875,24
2022-08-18,TPEx,1781,合世,15.10,16.15,15.05,16.15,+1.45,647662,10335495,303
2022-08-18,TPEx,1784,訊聯,40.50,41.60,40.50,41.40,+0.90,254197,10465102,199
2022-08-18,TPEx,1785,光洋科,38.70,38.70,38.20,38.40,-0.60,1295909,49849355,888
2022-08-18,TPEx,1788,杏昌,159.50,160.00,158.50,159.00,+2.00,33812,5385289,98
2022-08-18,TPEx,1796,金穎生技,46.15,46.45,46.10,46.45,+0.20,37003,1712094,27
2022-08-18,TPEx,1799,易威,11.35,11.45,11.20,11.20,-1.20,316751,3563909,122
2022-08-18,TPEx,1813,寶利徠,19.90,20.15,19.85,20.15,+0.20,104842,2101726,47
2022-08-18,TPEx,1815,富喬,12.45,12.55,12.40,12.50,+0.05,509206,6347510,268
2022-08-18,TPEx,2035,唐榮,32.70,32.80,32.50,32.70,-0.25,15084,491731,17
2022-08-18,TPEx,2061,風青,18.15,18.15,17.60,17.80,+0.20,20364,362244,21
2022-08-18,TPEx,2063,世鎧,37.90,38.40,37.90,38.15,-0.10,799090,30587333,143
2022-08-18,TPEx,2064,晉椿,16.95,17.30,16.95,17.05,+0.10,136000,2327050,79
2022-08-18,TPEx,2065,世豐,50.60,51.00,50.40,51.00,+0.10,158400,8053661,119
2022-08-18,TPEx,2066,世德,70.80,70.90,69.40,69.70,-0.90,147178,10285750,109
2022-08-18,TPEx,2067,嘉鋼,13.20,13.20,13.00,13.00,-0.05,13000,170250,10
2022-08-18,TPEx,2070,精湛,33.50,34.40,33.50,34.30,+0.45,15245,519730,13
2022-08-18,TPEx,2221,大甲,38.60,38.60,38.05,38.10,-0.50,184483,7054308,129
2022-08-18,TPEx,2230,泰茂,24.50,25.15,24.00,25.15,+2.25,1807931,44727646,847
2022-08-18,TPEx,2235,謚源,48.75,51.00,48.75,49.25,+0.50,296946,14841927,224
2022-08-18,TPEx,2596,綠意,18.10,18.25,18.10,18.20,+0.05,46563,844319,34
2022-08-18,TPEx,2640,大車隊,82.80,82.90,81.80,82.10,-0.50,110293,9082360,84
2022-08-18,TPEx,2641,正德,21.20,22.00,21.20,21.60,+0.30,6450684,139881538,3065
2022-08-18,TPEx,2643,捷迅,72.80,73.50,72.80,73.50,+0.60,38133,2792106,46
2022-08-18,TPEx,2718,晶悅,32.80,32.80,32.80,32.80,0.00,14000,459200,5
2022-08-18,TPEx,2719,燦星旅,,,,,,278,6588,2
2022-08-18,TPEx,2724,富驛-KY,14.80,15.20,14.50,14.60,-0.15,27000,397650,15
2022-08-18,TPEx,2726,雅茗-KY,25.40,25.70,25.25,25.45,-0.35,18000,456850,18
2022-08-18,TPEx,2729,瓦城,177.50,193.00,177.50,193.00,,384283,72579370,658
2022-08-18,TPEx,2732,六角,97.10,97.60,96.90,97.00,-0.20,26432,2568105,38
2022-08-18,TPEx,2734,易飛網,34.05,34.60,33.70,34.55,+0.50,130124,4462263,93
2022-08-18,TPEx,2736,富野,26.25,26.95,26.25,26.40,0.00,1869416,49770619,1029
2022-08-18,TPEx,2740,天蔥,43.10,43.10,41.20,41.50,0.00,20480,849568,29
2022-08-18,TPEx,2743,山富,59.30,59.30,58.10,58.30,-0.70,615491,36113111,478
2022-08-18,TPEx,2745,五福,40.00,40.00,39.35,39.60,-0.05,61597,2433291,55
2022-08-18,TPEx,2752,豆府,163.50,181.50,163.50,174.00,+9.00,253310,44563386,228
2022-08-18,TPEx,2754,亞洲藏壽司,91.30,91.60,89.90,90.40,,157214,14280053,187
2022-08-18,TPEx,2755,揚秦,83.30,84.50,82.90,84.30,-0.20,24652,2062351,41
2022-08-18,TPEx,2756,聯發國際,97.00,101.00,97.00,101.00,+3.00,25350,2518668,32
2022-08-18,TPEx,2916,滿心,23.65,23.70,23.50,23.50,-0.15,33250,784587,32
2022-08-18,TPEx,2924,東凌-KY,28.35,28.35,28.35,28.35,+0.25,1000,28350,1
2022-08-18,TPEx,2926,誠品生活,44.60,44.60,44.20,44.35,-0.35,10198,452071,14
2022-08-18,TPEx,2937,集雅社,37.15,37.15,37.00,37.10,-0.05,51877,1922599,35
2022-08-18,TPEx,2947,振宇五金,108.50,108.50,108.50,108.50,-1.00,2048,222289,12
2022-08-18,TPEx,3064,泰偉,,,,,,35,465,1
2022-08-18,TPEx,3066,李洲,33.35,36.50,33.30,34.00,+0.65,4318890,150567523,2644
2022-08-18,TPEx,3067,全域,,,,,,689,24804,3
2022-08-18,TPEx,3071,協禧,26.35,26.75,26.35,26.75,+0.15,280333,7450694,143
2022-08-18,TPEx,3073,天方能源,26.15,26.15,26.15,26.15,-1.05,1000,26150,1
2022-08-18,TPEx,3078,僑威,35.40,35.70,35.00,35.60,+0.40,644523,22893997,467
2022-08-18,TPEx,3081,聯亞,163.50,171.00,163.50,169.00,+4.50,2085653,349842984,1908
2022-08-18,TPEx,3083,網龍,45.80,46.45,45.05,45.05,-0.80,332500,15183570,281
2022-08-18,TPEx,3085,新零售,12.70,12.85,12.30,12.85,+0.15,59092,740009,36
2022-08-18,TPEx,3086,華義,94.00,99.00,90.40,92.40,+1.00,625422,59600321,562
2022-08-18,TPEx,3088,艾訊,56.80,57.00,56.60,56.80,0.00,422137,23937817,323
2022-08-18,TPEx,3089,億杰,33.00,33.75,32.50,33.25,-0.05,18001,591133,18
2022-08-18,TPEx,3093,港建,101.00,107.50,100.50,106.50,+4.50,435883,45367192,363
2022-08-18,TPEx,3095,及成,2.88,2.89,2.81,2.81,-0.04,104006,293779,31
2022-08-18,TPEx,3105,穩懋,174.50,174.50,170.00,170.00,-6.50,3719920,637086567,6149
2022-08-18,TPEx,3114,好德,27.40,27.75,27.25,27.40,0.00,284060,7811070,196
2022-08-18,TPEx,3115,富榮綱,11.35,11.55,11.35,11.55,-0.10,10071,114552,11
2022-08-18,TPEx,3118,進階,26.90,27.15,26.90,27.10,+0.15,45074,1219919,46
2022-08-18,TPEx,3122,笙泉,34.65,35.60,34.15,35.15,+0.30,306857,10729571,244
2022-08-18,TPEx,3128,昇銳,21.80,22.40,21.45,22.40,+0.65,1006257,22329201,602
2022-08-18,TPEx,3131,弘塑,243.00,243.00,238.50,241.00,-2.50,70246,16861952,108
2022-08-18,TPEx,3141,晶宏,124.50,138.50,124.00,138.50,+12.50,21299930,2865032855,12753
2022-08-18,TPEx,3147,大綜,53.50,54.70,52.00,54.40,+0.80,673412,36214752,465
2022-08-18,TPEx,3152,璟德,183.50,187.50,183.00,186.50,-0.50,43129,8001228,181
2022-08-18,TPEx,3162,精確,46.80,48.50,46.30,48.30,+1.80,2192509,104962119,1102
2022-08-18,TPEx,3163,波若威,60.80,62.80,60.60,62.80,+1.60,11478625,711892018,7056
2022-08-18,TPEx,3169,亞信,131.50,134.50,129.00,132.00,,2303031,303446666,2003
2022-08-18,TPEx,3171,新洲,16.25,16.30,16.20,16.25,-0.10,10030,163092,7
2022-08-18,TPEx,3176,基亞,41.00,41.00,40.35,40.85,0.00,258655,10490302,205
2022-08-18,TPEx,3178,公準,63.20,65.00,62.70,63.80,+0.50,116309,7366301,113
2022-08-18,TPEx,3188,鑫龍騰,14.75,14.75,14.70,14.70,-0.05,36413,535696,32
2022-08-18,TPEx,3191,和進,8.44,8.47,8.29,8.45,0.00,29002,243517,15
2022-08-18,TPEx,3202,樺晟,15.55,16.65,15.55,16.55,+0.75,1674038,27347773,815
2022-08-18,TPEx,3205,佰研,68.30,73.30,66.60,67.10,+0.30,14406732,1012132436,9692
2022-08-18,TPEx,3206,志豐,28.95,29.10,28.95,29.00,+0.05,56690,1646548,54
2022-08-18,TPEx,3207,耀勝,40.75,44.45,40.25,43.90,+3.10,9811739,420570483,5431
2022-08-18,TPEx,3211,順達,77.00,78.20,76.70,78.20,+1.00,169040,13115992,196
2022-08-18,TPEx,3213,茂訊,42.40,42.55,42.20,42.55,+0.05,24569,1042051,49
2022-08-18,TPEx,3217,優群,73.60,74.40,73.60,74.30,+0.80,202945,15038800,153
2022-08-18,TPEx,3218,大學光,354.50,356.00,347.00,350.00,-5.00,640890,225676984,807
2022-08-18,TPEx,3219,倚強科,73.90,73.90,72.70,73.40,-0.50,16238,1187082,28
2022-08-18,TPEx,3221,台嘉碩,36.65,37.00,36.30,36.80,+0.25,2178451,80095718,1331
2022-08-18,TPEx,3224,三顧,41.70,42.30,41.70,41.90,0.00,89051,3744884,61
2022-08-18,TPEx,3226,至寶電,62.90,62.90,62.00,62.00,-0.40,6000,374300,6
2022-08-18,TPEx,3227,原相,94.60,96.50,93.70,96.10,+1.50,593661,56599339,763
2022-08-18,TPEx,3228,金麗科,327.00,343.00,326.50,340.50,+9.00,1752069,590339100,1649
2022-08-18,TPEx,3230,錦明,16.50,16.50,15.75,16.30,-0.20,626110,10116336,193
2022-08-18,TPEx,3232,昱捷,29.00,31.65,28.95,31.00,+2.20,2355771,73126987,1155
2022-08-18,TPEx,3234,光環,28.30,28.55,27.70,28.10,+0.45,3042055,85813289,1826
2022-08-18,TPEx,3236,千如,24.20,24.20,23.60,23.80,-0.15,171903,4086466,155
2022-08-18,TPEx,3252,海灣,22.85,24.00,22.85,23.35,+0.45,689716,16154645,488
2022-08-18,TPEx,3259,鑫創,20.40,20.40,20.25,20.35,-0.05,8000,163000,5
2022-08-18,TPEx,3260,威剛,59.10,60.10,58.90,60.00,+0.70,1123733,67016081,770
2022-08-18,TPEx,3264,欣銓,45.35,45.95,45.20,45.65,-0.20,2523220,115049434,2031
2022-08-18,TPEx,3265,台星科,47.00,47.80,46.65,47.70,+0.50,1383928,65438022,889
2022-08-18,TPEx,3268,海德威,23.70,26.15,23.70,26.15,+2.35,1297396,33097815,559
2022-08-18,TPEx,3272,東碩,31.30,32.40,31.30,32.25,+0.05,72031,2303189,54
2022-08-18,TPEx,3276,宇環,14.15,14.50,13.95,14.15,+0.05,871016,12379839,236
2022-08-18,TPEx,3284,太普高,13.45,13.50,13.40,13.40,+0.05,41025,551934,19
2022-08-18,TPEx,3285,微端,19.35,19.35,19.15,19.30,+0.20,9001,173519,10
2022-08-18,TPEx,3287,廣寰科,14.85,15.30,14.50,14.80,-0.30,572220,8598072,147
2022-08-18,TPEx,3288,點晶,14.90,15.45,14.35,15.45,+0.45,13474,199633,17
2022-08-18,TPEx,3289,宜特,54.90,56.50,54.90,56.50,+1.60,447584,25058342,354
2022-08-18,TPEx,3290,東浦,22.00,22.10,21.80,22.10,0.00,370359,8124795,192
2022-08-18,TPEx,3293,鈊象,404.00,405.00,398.50,405.00,0.00,796401,319869063,1495
2022-08-18,TPEx,3294,英濟,21.00,21.30,20.65,21.20,+0.45,224638,4732022,161
2022-08-18,TPEx,3297,杭特,15.80,15.95,15.75,15.85,0.00,68606,1088141,39
2022-08-18,TPEx,3303,岱稜,31.70,31.70,31.40,31.50,-0.15,127473,4015569,93
2022-08-18,TPEx,3306,鼎天,25.95,27.00,25.95,26.70,+1.00,963104,25601949,606
2022-08-18,TPEx,3310,佳穎,46.20,46.30,45.10,45.10,-1.10,260710,11909739,195
2022-08-18,TPEx,3313,斐成,11.05,11.10,10.95,11.10,+0.05,45622,503562,137
2022-08-18,TPEx,3317,尼克森,64.70,66.70,64.00,65.30,+1.10,2085608,136612866,1633
2022-08-18,TPEx,3322,建舜電,19.00,19.30,18.80,19.20,+0.25,418645,8011882,262
2022-08-18,TPEx,3323,加百裕,34.75,34.90,34.60,34.60,-0.30,91766,3191606,113
2022-08-18,TPEx,3324,雙鴻,154.50,160.50,154.00,158.50,+3.50,3159486,497688474,2270
2022-08-18,TPEx,3325,旭品,13.60,14.10,13.60,13.85,+0.20,197281,2723412,114
2022-08-18,TPEx,3332,幸康,41.60,41.60,40.35,41.20,-0.40,23000,943000,19
2022-08-18,TPEx,3339,泰谷,15.50,15.80,14.90,14.95,-0.30,1115337,17126426,641
2022-08-18,TPEx,3349,寶德,16.10,16.35,16.10,16.30,+0.20,8500,138024,10
2022-08-18,TPEx,3354,律勝,17.80,17.80,17.50,17.65,+0.05,54269,957583,47
2022-08-18,TPEx,3357,臺慶科,89.90,90.10,89.40,90.00,0.00,52700,4732999,63
2022-08-18,TPEx,3360,尚立,14.25,14.50,14.25,14.40,+0.15,149579,2155724,102
2022-08-18,TPEx,3362,先進光,76.80,79.00,75.30,77.30,+0.70,2483461,191832529,1874
2022-08-18,TPEx,3363,上詮,25.45,26.30,25.45,26.15,+0.60,607039,15779228,304
2022-08-18,TPEx,3372,典範,14.00,14.40,14.00,14.40,+0.25,413190,5898080,207
2022-08-18,TPEx,3373,熱映,21.55,21.90,21.55,21.90,+0.35,77587,1689602,90
2022-08-18,TPEx,3374,精材,124.00,125.50,122.50,124.50,+0.50,1731658,214900202,1352
2022-08-18,TPEx,3379,彬台,12.05,12.15,12.00,12.10,-0.05,100003,1208437,54
2022-08-18,TPEx,3388,崇越電,78.00,78.20,77.70,77.70,-0.60,44445,3459883,59
2022-08-18,TPEx,3390,旭軟,23.25,23.85,23.25,23.50,+0.20,1439745,33930040,793
2022-08-18,TPEx,3402,漢科,46.70,47.25,46.50,46.95,0.00,447101,21013021,170
2022-08-18,TPEx,3426,台興,38.50,38.50,38.50,38.50,0.00,54000,2079000,31
2022-08-18,TPEx,3434,哲固,29.00,30.35,29.00,30.15,+0.90,565243,16916287,476
2022-08-18,TPEx,3438,類比科,52.20,53.50,52.20,53.30,+0.70,146150,7767724,115
2022-08-18,TPEx,3441,聯一光,42.70,43.70,42.60,43.25,0.00,1412239,60932810,1039
2022-08-18,TPEx,3444,利機,57.90,58.00,56.80,57.10,-1.50,191750,11002678,195
2022-08-18,TPEx,3455,由田,90.40,91.90,89.50,90.40,+0.60,1251980,113801827,988
2022-08-18,TPEx,3465,進泰電子,112.00,119.00,109.50,116.00,+3.00,85032,9865126,81
2022-08-18,TPEx,3466,致振,26.25,27.50,26.25,27.30,+0.65,813046,21994309,384
2022-08-18,TPEx,3479,安勤,64.00,65.00,63.80,64.90,+0.60,413252,26584572,337
2022-08-18,TPEx,3483,力致,61.20,63.00,61.00,62.10,+0.80,573435,35811964,426
2022-08-18,TPEx,3484,崧騰,60.50,61.40,60.50,61.20,+0.20,147450,9011033,131
2022-08-18,TPEx,3489,森寶,10.00,10.15,10.00,10.05,+0.05,25010,251001,15
2022-08-18,TPEx,3490,單井,24.55,25.80,24.40,25.10,+0.70,1678539,42321825,696
2022-08-18,TPEx,3491,昇達科,166.50,173.50,164.50,173.00,+5.50,4730966,806542368,3886
2022-08-18,TPEx,3492,長盛,18.40,18.85,18.40,18.60,+0.30,101000,1874500,67
2022-08-18,TPEx,3498,陽程,28.00,28.00,27.35,27.80,+0.25,114760,3164252,82
2022-08-18,TPEx,3499,環天科,19.00,20.00,19.00,19.95,+0.70,953214,18758221,543
2022-08-18,TPEx,3508,位速,42.35,42.80,41.80,42.00,0.00,5457575,230777252,3306
2022-08-18,TPEx,3511,矽瑪,34.90,35.60,34.15,34.15,-0.45,1078428,37714479,706
2022-08-18,TPEx,3512,皇龍,32.20,32.35,32.00,32.00,-0.15,66955,2151796,38
2022-08-18,TPEx,3516,亞帝歐,17.25,17.25,16.45,16.70,-0.40,154064,2577217,115
2022-08-18,TPEx,3520,華盈,18.70,20.40,18.50,20.40,+1.85,13460757,269323870,5583
2022-08-18,TPEx,3521,鴻翊,18.10,19.30,17.50,19.30,+1.75,4229856,79204414,1718
2022-08-18,TPEx,3523,迎輝,11.50,11.85,11.50,11.85,+0.55,34171,399457,13
2022-08-18,TPEx,3526,凡甲,151.50,152.50,148.00,151.50,+0.50,276602,41743348,303
2022-08-18,TPEx,3527,聚積,127.50,129.50,123.00,123.50,-5.50,2132586,269410636,2013
2022-08-18,TPEx,3529,力旺,1350.00,1450.00,1350.00,1450.00,+75.00,1541801,2166867465,1895
2022-08-18,TPEx,3531,先益,26.35,26.65,26.25,26.35,-0.10,136040,3603300,91
2022-08-18,TPEx,3537,堡達,34.45,34.65,34.45,34.60,+0.15,74470,2572956,77
2022-08-18,TPEx,3540,曜越,27.20,27.80,27.20,27.50,0.00,74329,2043017,86
2022-08-18,TPEx,3541,西柏,58.60,59.80,58.50,59.60,+0.70,125028,7392365,95
2022-08-18,TPEx,3546,宇峻,71.90,71.90,71.00,71.30,-0.30,82041,5864788,97
2022-08-18,TPEx,3548,兆利,63.80,65.40,63.80,64.90,+0.60,187486,12146230,165
2022-08-18,TPEx,3551,世禾,58.10,58.20,57.50,58.10,0.00,34064,1973929,36
2022-08-18,TPEx,3552,同致,155.50,161.00,153.00,159.00,+2.00,1379584,217256421,1120
2022-08-18,TPEx,3555,重鵬,24.50,25.00,24.40,24.50,+0.20,81002,1991548,57
2022-08-18,TPEx,3556,禾瑞亞,61.50,62.80,61.50,62.50,+0.30,73606,4593953,97
2022-08-18,TPEx,3558,神準,222.00,246.00,221.50,246.00,+22.00,15445752,3657563082,11958
2022-08-18,TPEx,3564,其陽,33.05,34.40,33.05,33.75,+0.25,388572,13206054,327
2022-08-18,TPEx,3567,逸昌,28.50,28.65,28.35,28.65,0.00,37012,1052453,37
2022-08-18,TPEx,3570,大塚,85.00,86.30,85.00,85.50,+0.40,26070,2225305,25
2022-08-18,TPEx,3577,泓格,81.50,82.20,80.70,82.20,-0.10,23000,1876700,18
2022-08-18,TPEx,3580,友威科,65.50,66.40,65.00,65.80,+0.20,359211,23623493,131
2022-08-18,TPEx,3581,博磊,20.90,21.00,20.85,21.00,+0.30,22025,461222,27
2022-08-18,TPEx,3587,閎康,126.00,128.50,123.00,126.00,+2.00,312392,39330372,286
2022-08-18,TPEx,3594,磐儀,28.55,29.20,28.25,28.70,0.00,1889959,54379789,1060
2022-08-18,TPEx,3597,映興,24.25,24.50,24.00,24.40,+0.15,49017,1186664,31
2022-08-18,TPEx,3609,三一東林,50.50,50.60,49.95,50.60,+0.40,8003,403303,10
2022-08-18,TPEx,3611,鼎翰,200.00,200.00,197.00,199.00,0.00,43523,8652327,70
2022-08-18,TPEx,3615,安可,18.00,18.25,18.00,18.10,+0.10,104223,1889956,80
2022-08-18,TPEx,3623,富晶通,18.05,19.00,17.90,18.30,+0.15,748457,13878981,349
2022-08-18,TPEx,3624,光頡,54.00,55.50,53.60,55.50,+1.30,5792374,316785584,3744
2022-08-18,TPEx,3625,西勝,17.60,17.80,17.50,17.60,+0.05,215450,3804721,140
2022-08-18,TPEx,3628,盈正,40.90,41.00,40.50,40.70,,102206,4168713,76
2022-08-18,TPEx,3629,地心引力,41.05,42.30,41.00,42.30,+0.05,7408,306920,8
2022-08-18,TPEx,3630,新鉅科,31.00,31.10,30.45,30.85,-0.15,290421,8964609,217
2022-08-18,TPEx,3631,晟楠,42.70,42.70,42.15,42.15,+0.05,27000,1140550,18
2022-08-18,TPEx,3632,研勤,9.90,9.90,9.82,9.85,-0.06,13595,134167,91
2022-08-18,TPEx,3642,駿熠電,6.93,6.93,6.81,6.81,-0.25,9177,63209,12
2022-08-18,TPEx,3646,艾恩特,26.90,27.15,25.70,25.70,-1.25,547014,14178352,171
2022-08-18,TPEx,3652,精聯,22.95,23.25,22.65,23.00,+0.25,365685,8411358,227
2022-08-18,TPEx,3663,鑫科,31.00,31.25,30.70,31.05,+0.15,154859,4803689,118
2022-08-18,TPEx,3664,安瑞-KY,11.00,12.30,11.00,12.30,+1.10,1712953,20708650,574
2022-08-18,TPEx,3666,光耀,26.00,26.00,25.35,25.40,-0.35,156030,3980668,99
2022-08-18,TPEx,3672,康聯訊,33.65,33.65,32.05,32.20,-1.15,101011,3279063,91
2022-08-18,TPEx,3675,德微,217.00,227.50,215.50,227.00,+5.00,2412343,536117860,2123
2022-08-18,TPEx,3680,家登,268.00,273.00,262.50,270.50,+4.50,6534869,1759225514,7143
2022-08-18,TPEx,3684,榮昌,51.50,51.90,51.00,51.70,-0.30,23000,1181000,20
2022-08-18,TPEx,3685,元創精密,34.65,37.80,34.65,36.50,+2.10,5325540,197030637,2810
2022-08-18,TPEx,3687,歐買尬,105.50,109.50,100.00,100.00,-2.50,4647889,486714765,3865
2022-08-18,TPEx,3689,湧德,38.75,39.60,38.55,39.35,+0.85,734497,28790389,520
2022-08-18,TPEx,3691,碩禾,160.00,169.50,159.00,169.50,+9.50,1184333,197569332,1259
2022-08-18,TPEx,3693,營邦,61.00,65.10,60.80,64.00,+3.00,865987,55134078,600
2022-08-18,TPEx,3707,漢磊,101.50,111.50,101.00,109.00,+6.50,18976552,2030711946,12282
2022-08-18,TPEx,3709,鑫聯大投控,25.80,26.15,25.55,26.10,+0.15,17357,451214,18
2022-08-18,TPEx,3710,連展投控,14.45,15.15,14.35,15.00,+0.50,11825822,176313967,3899
2022-08-18,TPEx,3713,新晶投控,28.60,28.60,27.60,27.90,-0.10,60500,1686599,54
2022-08-18,TPEx,4102,永日,20.35,20.80,20.30,20.45,+0.10,621137,12745687,389
2022-08-18,TPEx,4105,東洋,70.40,71.50,70.40,71.20,+0.40,503141,35719083,400
2022-08-18,TPEx,4107,邦特,112.00,112.50,112.00,112.50,+0.50,131223,14716373,121
2022-08-18,TPEx,4109,加捷生醫,14.60,14.90,14.60,14.70,+0.05,198206,2919094,115
2022-08-18,TPEx,4111,濟生,24.10,24.35,24.05,24.20,+0.10,230413,5581893,145
2022-08-18,TPEx,4113,聯上,11.95,12.15,11.95,12.15,+0.20,38115,457044,25
2022-08-18,TPEx,4114,健喬,32.45,35.65,32.40,34.40,+1.95,35345196,1220384059,17694
2022-08-18,TPEx,4116,明基醫,75.90,80.90,74.90,76.70,+1.30,13659021,1064944483,9318
2022-08-18,TPEx,4120,友華,33.30,33.50,33.15,33.50,+0.20,37100,1234480,22
2022-08-18,TPEx,4121,優盛,23.45,24.00,22.80,22.95,-0.15,3995693,93451909,2466
2022-08-18,TPEx,4123,晟德,60.50,61.00,60.20,60.50,+0.20,709637,43062981,522
2022-08-18,TPEx,4126,太醫,67.80,68.20,67.80,68.20,+0.40,34348,2337051,62
2022-08-18,TPEx,4127,天良,15.20,15.60,15.15,15.20,+0.05,363735,5586096,257
2022-08-18,TPEx,4128,中天,53.00,54.20,52.90,53.50,+0.30,1418816,76021112,1064
2022-08-18,TPEx,4129,聯合,30.00,30.65,30.00,30.65,+0.70,184276,5612093,161
2022-08-18,TPEx,4129A,聯合甲特,45.20,45.20,45.15,45.15,-0.05,3000,135550,3
2022-08-18,TPEx,4130,健亞,24.75,26.75,24.75,25.65,+0.85,1790066,46466461,1200
2022-08-18,TPEx,4131,晶宇,20.50,20.50,20.50,20.50,-0.10,12359,253212,15
2022-08-18,TPEx,4138,曜亞,56.80,56.80,56.20,56.50,0.00,26674,1504623,40
2022-08-18,TPEx,4139,馬光-KY,50.20,51.40,50.00,51.30,+1.10,459842,23277234,251
2022-08-18,TPEx,4147,中裕,56.90,57.60,56.30,56.60,-0.10,496216,28296911,360
2022-08-18,TPEx,4153,鈺緯,26.50,26.90,26.35,26.75,+0.10,66727,1776991,61
2022-08-18,TPEx,4154,樂威科-KY,45.00,45.00,44.80,44.80,-0.20,4000,179400,3
2022-08-18,TPEx,4157,太景*-KY,17.75,18.10,17.40,17.45,-0.25,5329697,94513268,2398
2022-08-18,TPEx,4160,創源,24.95,25.50,24.95,25.35,+0.45,108353,2735483,70
2022-08-18,TPEx,4161,聿新科,23.85,23.90,23.65,23.75,0.00,18016,428259,23
2022-08-18,TPEx,4162,智擎,94.50,102.00,94.10,101.00,+7.50,11863282,1163728536,9912
2022-08-18,TPEx,4163,鐿鈦,92.00,92.70,91.30,92.50,+1.20,151491,13946236,156
2022-08-18,TPEx,4167,松瑞藥,16.60,18.00,16.60,17.40,+0.80,2081946,36348537,1235
2022-08-18,TPEx,4168,醣聯,28.30,29.90,28.25,28.70,+0.95,5885471,171703011,3486
2022-08-18,TPEx,4171,瑞基,80.90,86.00,80.50,82.80,+1.50,2321046,193563902,2762
2022-08-18,TPEx,4173,久裕,18.65,19.05,18.50,18.85,+0.30,186460,3498176,117
2022-08-18,TPEx,4174,浩鼎,82.50,83.30,82.00,82.60,-0.20,255862,21172511,214
2022-08-18,TPEx,4175,杏一,75.00,76.50,74.30,74.70,-0.80,323696,24424718,280
2022-08-18,TPEx,4183,福永生技,17.95,18.35,17.85,18.35,+0.45,16000,289650,13
2022-08-18,TPEx,4188,安克,16.50,16.95,16.50,16.80,+0.20,54003,898548,37
2022-08-18,TPEx,4192,杏國,27.60,27.90,27.40,27.80,-0.20,32119,888508,31
2022-08-18,TPEx,4198,欣大健康,24.70,26.30,24.70,26.30,+1.85,31204,791395,57
2022-08-18,TPEx,4205,中華食,108.00,108.00,107.00,107.00,-1.00,8445,906758,99
2022-08-18,TPEx,4207,環泰,14.20,14.20,14.00,14.05,-0.05,391335,5509624,330
2022-08-18,TPEx,4303,信立,20.85,21.40,20.75,21.40,+0.55,830060,17583489,283
2022-08-18,TPEx,4304,勝昱,9.10,9.22,9.09,9.11,-0.01,73000,666180,35
2022-08-18,TPEx,4305,世坤,30.10,30.30,30.10,30.10,0.00,6271,189321,9
2022-08-18,TPEx,4401,東隆興,28.65,28.90,28.65,28.80,0.00,49033,1413501,33
2022-08-18,TPEx,4402,福大,16.65,17.90,16.50,17.25,+0.55,1406412,24209994,761
2022-08-18,TPEx,4406,新昕纖,11.15,11.20,10.95,10.95,-0.35,139565,1536335,80
2022-08-18,TPEx,4413,飛寶企業,31.05,31.05,29.00,30.75,+0.85,155764,4713970,133
2022-08-18,TPEx,4416,三圓,77.00,77.00,76.60,77.00,0.00,37050,2845952,27
2022-08-18,TPEx,4417,金洲,34.00,34.20,34.00,34.15,-0.05,60030,2048920,37
2022-08-18,TPEx,4419,元勝,,,,,,0,0,0
2022-08-18,TPEx,4420,光明,30.40,30.40,29.50,30.20,-0.20,12159,363834,15
2022-08-18,TPEx,4430,耀億,22.40,22.45,22.25,22.40,+0.30,22532,504012,35
2022-08-18,TPEx,4432,銘旺實,29.60,30.80,28.85,29.30,+0.25,5158208,151838043,3070
2022-08-18,TPEx,4433,興采,29.50,30.20,29.50,29.95,+0.45,28085,841849,24
2022-08-18,TPEx,4502,健信,39.50,39.50,39.35,39.50,+0.20,5000,197050,5
2022-08-18,TPEx,4503,金雨,39.00,42.50,39.00,39.60,+0.95,13492106,550469406,6985
2022-08-18,TPEx,4506,崇友,74.10,74.10,74.00,74.10,0.00,27238,2016888,59
2022-08-18,TPEx,4510,高鋒,10.85,10.85,10.70,10.85,-0.05,58007,623226,31
2022-08-18,TPEx,4513,福裕,22.15,22.75,22.05,22.45,+0.25,609047,13737497,255
2022-08-18,TPEx,4523,永彰,27.85,28.30,27.80,28.30,-0.30,20015,561999,26
2022-08-18,TPEx,4527,方土霖,27.00,27.00,26.80,26.90,-0.15,11000,296150,11
2022-08-18,TPEx,4528,江興鍛,36.50,36.85,36.05,36.80,-0.05,6101,222786,8
2022-08-18,TPEx,4529,淳紳,11.90,12.30,11.90,12.00,+0.10,422287,5105596,215
2022-08-18,TPEx,4530,宏易,8.13,8.13,7.33,7.33,-0.81,147360,1085046,77
2022-08-18,TPEx,4533,協易機,10.75,10.75,10.65,10.75,0.00,57173,611246,66
2022-08-18,TPEx,4534,慶騰,10.30,10.30,10.05,10.05,-0.25,141446,1429353,105
2022-08-18,TPEx,4535,至興,36.50,36.95,36.30,36.90,+0.15,11002,402872,12
2022-08-18,TPEx,4538,大詠城,19.20,20.25,19.20,20.10,+0.80,63000,1245350,50
2022-08-18,TPEx,4541,晟田,29.30,30.20,29.05,29.80,+0.85,1114151,33146729,681
2022-08-18,TPEx,4542,科嶠,24.50,24.65,24.30,24.30,+0.20,5528,134752,6
2022-08-18,TPEx,4543,萬在,31.70,32.45,31.10,32.00,+0.30,4339790,138326457,2636
2022-08-18,TPEx,4549,桓達,91.00,91.40,91.00,91.10,-0.30,30217,2752809,35
2022-08-18,TPEx,4550,長佳,21.70,21.75,21.70,21.75,+0.05,8100,176009,8
2022-08-18,TPEx,4554,橙的,31.30,33.90,31.15,32.70,+1.65,99476,3253414,87
2022-08-18,TPEx,4556,旭然,30.00,30.00,29.60,30.00,0.00,23000,689600,8
2022-08-18,TPEx,4558,寶緯,31.75,31.95,31.75,31.90,+0.15,11050,352097,11
2022-08-18,TPEx,4561,健椿,24.95,25.00,24.90,24.95,-0.05,27001,674175,23
2022-08-18,TPEx,4563,百德,31.50,31.65,31.40,31.65,+0.25,14000,441100,8
2022-08-18,TPEx,4568,科際精密,68.00,68.80,67.80,68.50,+0.30,13001,888569,14
2022-08-18,TPEx,4577,達航科技,32.00,32.40,32.00,32.25,+0.25,22310,719269,25
2022-08-18,TPEx,4580,捷流閥業,86.50,86.60,86.20,86.40,+0.10,65358,5648665,57
2022-08-18,TPEx,4609,唐鋒,8.26,8.46,8.26,8.46,+0.16,7000,58050,3
2022-08-18,TPEx,4702,中美實,14.20,14.20,13.75,14.00,-0.10,507030,7039994,371
2022-08-18,TPEx,4706,大恭,17.60,17.75,17.60,17.75,+0.10,15397,271759,15
2022-08-18,TPEx,4707,磐亞,13.30,13.35,13.25,13.30,0.00,607913,8080721,324
2022-08-18,TPEx,4711,永純,15.00,15.00,15.00,15.00,0.00,2004,30060,3
2022-08-18,TPEx,4712,南璋,3.97,4.03,3.97,4.03,+0.06,17002,68008,9
2022-08-18,TPEx,4714,永捷,12.35,12.40,12.30,12.35,0.00,166903,2061247,81
2022-08-18,TPEx,4716,大立,15.25,15.40,15.25,15.25,+0.05,120815,1847142,79
2022-08-18,TPEx,4721,美琪瑪,127.50,129.50,126.50,129.00,+0.50,1764068,225938121,1196
2022-08-18,TPEx,4726,永昕,40.85,41.30,40.35,40.35,-0.15,918186,37485128,617
2022-08-18,TPEx,4728,雙美,158.50,159.50,157.00,158.00,-1.00,31012,4902395,35
2022-08-18,TPEx,4729,熒茂,12.85,12.85,12.55,12.70,-0.15,164331,2090603,79
2022-08-18,TPEx,4735,豪展,39.00,40.00,39.00,39.75,+0.75,86148,3415437,82
2022-08-18,TPEx,4736,泰博,204.00,211.50,203.50,207.00,+3.50,2189358,455745369,3664
2022-08-18,TPEx,4741,泓瀚,26.20,26.20,25.55,25.80,+0.25,22000,571800,10
2022-08-18,TPEx,4743,合一,170.00,174.00,169.50,172.50,+2.50,2268706,391125823,1896
2022-08-18,TPEx,4744,皇將,27.50,27.95,27.50,27.90,+0.30,74213,2064475,70
2022-08-18,TPEx,4745,合富-KY,25.30,25.75,25.30,25.55,-0.05,22000,562600,22
2022-08-18,TPEx,4747,強生,32.20,32.50,31.90,32.20,0.00,13020,419744,14
2022-08-18,TPEx,4754,國碳科,39.45,40.40,39.35,40.40,+0.95,284707,11291043,243
2022-08-18,TPEx,4760,勤凱,54.10,54.20,53.70,54.10,-0.20,19000,1026200,17
2022-08-18,TPEx,4767,誠泰科技,,,,,,1,26,1
2022-08-18,TPEx,4768,晶呈科技,142.00,155.00,142.00,155.00,+14.00,3211571,489934692,1979
2022-08-18,TPEx,4804,大略-KY,10.50,10.50,10.30,10.40,+0.05,182246,1898096,113
2022-08-18,TPEx,4806,昇華,10.70,10.70,9.94,10.40,-0.60,8001,82001,9
2022-08-18,TPEx,4903,聯光通,12.10,12.50,12.10,12.50,+0.65,625186,7677622,480
2022-08-18,TPEx,4905,台聯電,54.50,54.50,53.80,53.80,+0.10,2001,108351,3
2022-08-18,TPEx,4907,富宇,24.65,24.65,24.50,24.60,-0.05,10340,254358,15
2022-08-18,TPEx,4908,前鼎,39.65,40.90,39.30,40.90,+1.50,3076553,123477395,1787
2022-08-18,TPEx,4909,新復興,17.50,17.50,17.25,17.30,-0.10,90882,1577395,84
2022-08-18,TPEx,4911,德英,55.00,55.40,52.10,54.00,-1.60,346563,18615265,257
2022-08-18,TPEx,4923,力士,58.00,60.30,58.00,60.30,+1.90,167398,9934103,122
2022-08-18,TPEx,4924,欣厚-KY,14.15,14.15,13.95,13.95,-0.10,19000,267400,14
2022-08-18,TPEx,4931,新盛力,35.20,36.35,35.20,35.80,+0.30,8686679,312348832,4456
2022-08-18,TPEx,4933,友輝,33.35,33.40,33.35,33.35,0.00,24240,808799,24
2022-08-18,TPEx,4939,亞電,17.60,17.70,17.30,17.45,-0.15,275339,4811908,155
2022-08-18,TPEx,4944,兆遠,9.03,9.30,9.03,9.30,+0.33,38215,351728,58
2022-08-18,TPEx,4945,陞達科技,69.60,71.50,68.90,70.50,-0.90,297918,21018235,255
2022-08-18,TPEx,4946,辣椒,55.10,57.50,55.10,57.50,+5.20,488232,27614435,361
2022-08-18,TPEx,4950,牧東,22.90,23.10,22.75,22.80,-0.40,206005,4713915,108
2022-08-18,TPEx,4953,緯軟,82.70,83.90,82.70,83.40,-0.50,109510,9098700,139
2022-08-18,TPEx,4966,譜瑞-KY,968.00,968.00,952.00,954.00,-16.00,628844,603482502,839
2022-08-18,TPEx,4971,IET-KY,71.20,72.80,71.00,72.10,+0.40,60065,4338403,50
2022-08-18,TPEx,4972,湯石照明,30.25,30.25,30.15,30.20,-0.05,4949,149676,22
2022-08-18,TPEx,4973,廣穎,19.95,20.05,19.95,20.00,0.00,26041,520727,25
2022-08-18,TPEx,4974,亞泰,56.20,56.50,55.80,56.50,+0.20,97487,5472578,146
2022-08-18,TPEx,4979,華星光,36.80,38.30,36.20,37.65,+0.10,3010500,112503549,1879
2022-08-18,TPEx,4987,科誠,55.90,55.90,55.50,55.90,0.00,11388,634513,24
2022-08-18,TPEx,4991,環宇-KY,38.75,39.60,38.65,39.00,-0.60,27005,1051047,26
2022-08-18,TPEx,4995,晶達,37.10,37.10,36.60,36.95,-0.10,46132,1700290,39
2022-08-18,TPEx,5009,榮剛,29.35,29.60,29.00,29.45,+0.20,4560747,133895381,2194
2022-08-18,TPEx,5011,久陽,27.35,27.60,27.30,27.45,0.00,264312,7260886,162
2022-08-18,TPEx,5013,強新,34.75,34.75,34.50,34.65,-0.10,23066,797648,24
2022-08-18,TPEx,5014,建錩,16.90,17.20,16.80,17.00,+0.10,1478723,25235258,466
2022-08-18,TPEx,5015,華祺,59.00,59.40,57.70,57.70,-1.00,503313,29355597,488
2022-08-18,TPEx,5016,松和,,,,,,0,0,0
2022-08-18,TPEx,5201,凱衛,,,,,,588,17346,5
2022-08-18,TPEx,5202,力新,17.75,18.70,17.75,17.85,-0.10,2863102,52330960,534
2022-08-18,TPEx,5205,中茂,33.00,35.20,31.45,35.20,+3.20,57199,1979329,76
2022-08-18,TPEx,5206,坤悅,14.25,14.35,14.05,14.25,0.00,36511,519232,15
2022-08-18,TPEx,5209,新鼎,68.10,68.30,68.10,68.30,-0.20,24100,1642079,17
2022-08-18,TPEx,5210,寶碩,20.85,20.85,20.30,20.35,-0.65,384587,7861804,249
2022-08-18,TPEx,5211,蒙恬,22.20,23.75,22.10,23.00,+1.00,1998948,46239990,1335
2022-08-18,TPEx,5212,凌網,40.90,41.35,39.50,39.50,-0.50,58016,2363987,13
2022-08-18,TPEx,5213,亞昕,22.00,22.25,22.00,22.25,+0.05,115520,2559705,163
2022-08-18,TPEx,5220,萬達光電,30.75,30.90,30.35,30.75,+0.15,12009,368775,13
2022-08-18,TPEx,5223,安力-KY,46.55,46.70,46.45,46.60,-0.40,53000,2466400,34
2022-08-18,TPEx,5227,立凱-KY,53.80,54.30,53.30,53.80,-0.60,310673,16696239,343
2022-08-18,TPEx,5228,鈺鎧,21.50,21.50,21.25,21.40,-0.10,31010,660614,18
2022-08-18,TPEx,5230,雷笛克光學,24.50,24.75,24.30,24.55,+0.05,94276,2308363,83
2022-08-18,TPEx,5236,凌陽創新,79.20,82.50,79.20,82.00,+1.90,271299,21977244,247
2022-08-18,TPEx,5245,智晶,68.00,68.00,66.30,66.80,-1.30,409401,27445360,330
2022-08-18,TPEx,5251,天鉞電,22.45,23.50,22.25,22.30,+0.20,2094872,47734629,1381
2022-08-18,TPEx,5263,智崴,121.50,123.00,120.50,120.50,-1.50,125460,15234150,103
2022-08-18,TPEx,5272,笙科,33.85,35.15,33.75,34.90,+1.05,1485953,51556509,877
2022-08-18,TPEx,5274,信驊,1900.00,1950.00,1865.00,1935.00,+25.00,530825,1013436785,750
2022-08-18,TPEx,5276,達輝-KY,15.55,15.65,14.65,14.80,-0.75,32018,475566,27
2022-08-18,TPEx,5278,尚凡,202.50,207.00,201.00,207.00,+2.00,9649,1963226,38
2022-08-18,TPEx,5281,大峽谷-KY,17.35,17.35,17.35,17.35,0.00,2000,34700,2
2022-08-18,TPEx,5287,數字,205.00,205.00,202.00,202.50,-2.50,56179,11371915,326
2022-08-18,TPEx,5289,宜鼎,178.00,182.00,178.00,180.00,0.00,153521,27602438,364
2022-08-18,TPEx,5291,邑昇,39.65,40.10,39.60,40.05,+0.20,74130,2945033,55
2022-08-18,TPEx,5299,杰力,128.00,132.00,126.50,131.00,+3.50,451706,58633675,485
2022-08-18,TPEx,5301,寶得利,9.18,9.18,9.18,9.18,-1.02,110433,1013794,55
2022-08-18,TPEx,5302,太欣,9.90,9.90,9.66,9.74,-0.05,109028,1063300,56
2022-08-18,TPEx,5309,系統電,41.00,41.75,40.70,41.60,+0.50,2426475,100423787,1539
2022-08-18,TPEx,5310,天剛,26.10,26.45,26.10,26.40,+0.50,7337,192748,13
2022-08-18,TPEx,5312,寶島科,58.50,58.70,58.50,58.50,0.00,36131,2116589,36
2022-08-18,TPEx,5314,世紀,4.15,4.20,4.10,4.20,+0.05,4302,17812,14
2022-08-18,TPEx,5315,光聯,17.05,17.05,16.95,17.05,0.00,91843,1560907,58
2022-08-18,TPEx,5321,美而快,84.80,90.00,84.10,88.70,+4.20,508431,44646096,417
2022-08-18,TPEx,5324,士開,9.23,9.25,9.17,9.25,+0.01,40528,373257,31
2022-08-18,TPEx,5328,華容,10.10,10.15,10.05,10.15,+0.05,158801,1605705,96
2022-08-18,TPEx,5340,建榮,29.50,29.85,29.00,29.80,+0.20,57351,1675157,44
2022-08-18,TPEx,5344,立衛,23.10,23.70,22.60,22.95,-0.35,259920,5977122,187
2022-08-18,TPEx,5345,天揚,5.74,5.74,5.70,5.70,-0.08,2200,12500,3
2022-08-18,TPEx,5347,世界,76.20,76.30,75.20,76.00,-1.20,7342666,556914388,4176
2022-08-18,TPEx,5348,系通,11.10,11.40,10.90,11.20,+0.10,13001,144811,13
2022-08-18,TPEx,5351,鈺創,50.70,52.30,50.30,51.70,+0.40,4467100,229526053,3088
2022-08-18,TPEx,5353,台林,31.80,34.50,31.50,33.25,+1.30,17567552,584970026,9851
2022-08-18,TPEx,5355,佳總,6.03,6.08,5.97,5.99,-0.01,108008,651287,47
2022-08-18,TPEx,5356,協益,22.30,22.30,22.10,22.20,-0.10,167254,3701909,132
2022-08-18,TPEx,5364,力麗店,21.00,21.45,20.70,21.25,-0.15,49064,1029025,38
2022-08-18,TPEx,5371,中光電,66.70,66.80,65.10,65.10,-1.70,4894800,321444955,3446
2022-08-18,TPEx,5381,合正,5.74,5.74,5.65,5.65,-0.09,9000,51190,7
2022-08-18,TPEx,5383,金利,29.00,29.00,28.50,28.70,+0.35,55212,1588002,48
2022-08-18,TPEx,5386,青雲,37.00,37.40,37.00,37.35,-0.25,74932,2792116,106
2022-08-18,TPEx,5392,能率,21.15,21.15,20.90,21.05,+0.20,63186,1329658,125
2022-08-18,TPEx,5398,慕康生醫,17.35,17.45,17.25,17.45,0.00,9035,156708,15
2022-08-18,TPEx,5403,中菲,72.00,72.00,71.60,71.70,0.00,31396,2252462,33
2022-08-18,TPEx,5410,國眾,25.20,25.25,25.10,25.15,-0.15,113666,2863570,78
2022-08-18,TPEx,5425,台半,81.70,84.60,81.70,84.30,+2.00,8872705,740163238,6119
2022-08-18,TPEx,5426,振發,14.95,15.75,14.80,15.15,+0.15,6204780,94467470,2584
2022-08-18,TPEx,5432,新門,35.15,35.15,35.00,35.00,+0.35,2021,70877,3
2022-08-18,TPEx,5438,東友,16.60,17.15,16.60,16.85,+0.60,151337,2568469,112
2022-08-18,TPEx,5439,高技,42.35,42.70,42.30,42.65,+0.05,86599,3689866,67
2022-08-18,TPEx,5443,均豪,25.75,26.10,25.65,26.10,+0.25,251585,6514232,142
2022-08-18,TPEx,5450,南良,18.80,18.90,18.55,18.80,+0.25,99002,1859837,58
2022-08-18,TPEx,5452,佶優,15.35,15.80,15.35,15.80,+0.25,109337,1721195,71
2022-08-18,TPEx,5455,昇益,27.70,27.70,27.00,27.50,-0.20,22500,622025,7
2022-08-18,TPEx,5457,宣德,60.20,60.90,59.40,59.80,+0.60,1568808,94366002,1092
2022-08-18,TPEx,5460,同協,12.15,12.15,11.95,11.95,-0.15,36372,436083,50
2022-08-18,TPEx,5464,霖宏,25.80,26.25,25.75,26.15,+0.25,595874,15545244,257
2022-08-18,TPEx,5465,富驊,16.10,16.25,16.00,16.20,+0.10,102904,1668814,58
2022-08-18,TPEx,5468,凱鈺,20.00,21.00,19.90,20.75,+0.80,178426,3632666,121
2022-08-18,TPEx,5474,聰泰,78.20,81.00,78.20,78.60,+0.40,83525,6664005,135
2022-08-18,TPEx,5475,德宏,13.70,15.35,13.60,15.00,+0.80,4236614,61454163,2029
2022-08-18,TPEx,5478,智冠,76.30,78.00,76.30,77.10,+0.80,143393,11085232,174
2022-08-18,TPEx,5481,新華,12.55,12.60,12.50,12.55,-0.05,70008,879534,80
2022-08-18,TPEx,5483,中美晶,167.50,169.00,165.50,169.00,+1.50,5871753,985319451,4795
2022-08-18,TPEx,5487,通泰,,,,,,2,55,2
2022-08-18,TPEx,5488,松普,9.28,9.98,9.28,9.74,+0.46,1266397,12195904,497
2022-08-18,TPEx,5489,彩富,35.00,35.10,34.90,35.10,+0.10,40124,1405591,51
2022-08-18,TPEx,5490,同亨,24.10,24.30,24.10,24.20,+0.10,76226,1845148,116
2022-08-18,TPEx,5493,三聯,53.50,53.50,52.90,53.50,0.00,30000,1604400,19
2022-08-18,TPEx,5498,凱崴,10.15,10.25,10.10,10.25,+0.10,192969,1969178,111
2022-08-18,TPEx,5508,永信建,62.80,63.20,62.80,63.20,0.00,35570,2241210,138
2022-08-18,TPEx,5511,德昌,29.50,29.50,29.45,29.45,+0.10,20110,593180,17
2022-08-18,TPEx,5512,力麒,9.04,9.12,9.00,9.08,+0.04,447382,4051219,185
2022-08-18,TPEx,5514,三豐,18.80,19.50,18.80,19.50,+0.45,55011,1050310,24
2022-08-18,TPEx,5516,雙喜,17.85,17.85,17.50,17.50,-0.35,60269,1060681,43
2022-08-18,TPEx,5520,力泰,55.90,55.90,55.80,55.80,0.00,2000,111700,2
2022-08-18,TPEx,5523,豐謙,25.20,26.00,25.00,26.00,+0.70,61010,1541253,27
2022-08-18,TPEx,5529,鉅陞,13.15,13.30,13.15,13.30,0.00,36169,476624,30
2022-08-18,TPEx,5530,龍巖,41.90,42.15,41.90,41.95,-0.30,215429,9051012,201
2022-08-18,TPEx,5536,聖暉,197.50,198.00,196.50,197.50,-1.00,68476,13503480,97
2022-08-18,TPEx,5543,桓鼎-KY,58.10,58.10,58.00,58.00,-1.50,3000,174100,2
2022-08-18,TPEx,5601,台聯櫃,35.25,35.25,35.25,35.25,-0.25,1015,35776,3
2022-08-18,TPEx,5603,陸海,45.50,46.45,44.80,46.35,+1.20,916363,41951628,759
2022-08-18,TPEx,5604,中連,63.00,63.00,62.50,62.50,-0.50,11026,689738,11
2022-08-18,TPEx,5609,中菲行,82.20,83.30,82.20,83.20,+0.60,237779,19699099,251
2022-08-18,TPEx,5701,劍湖山,3.00,3.15,3.00,3.06,+0.06,534314,1634669,78
2022-08-18,TPEx,5703,亞都,14.00,14.00,13.90,13.95,-0.05,27000,376600,14
2022-08-18,TPEx,5704,老爺知,33.75,34.20,33.70,33.95,+0.05,44249,1503854,37
2022-08-18,TPEx,5820,日盛金,11.45,11.50,11.45,11.50,0.00,181778,2085709,92
2022-08-18,TPEx,5864,致和證,11.70,11.80,11.60,11.80,0.00,47953,561267,53
2022-08-18,TPEx,5878,台名,,,,,,53,2527,4
2022-08-18,TPEx,5902,德記,35.45,35.45,35.25,35.35,-0.10,34482,1219132,71
2022-08-18,TPEx,5903,全家,194.00,197.00,192.50,196.00,+0.50,46306,9024046,216
2022-08-18,TPEx,5904,寶雅,408.00,414.50,403.00,410.50,-4.50,634533,259739965,964
2022-08-18,TPEx,5905,南仁湖,11.90,12.10,11.85,12.05,+0.15,516829,6191899,305
2022-08-18,TPEx,6015,宏遠證,11.40,11.50,11.40,11.45,+0.05,316783,3627422,160
2022-08-18,TPEx,6016,康和證,11.00,11.00,10.95,10.95,-0.10,463462,5091136,239
2022-08-18,TPEx,6020,大展證,19.00,19.00,18.90,19.00,0.00,3000,56900,3
2022-08-18,TPEx,6021,美好證,19.60,19.70,19.55,19.70,-0.20,7014,137428,11
2022-08-18,TPEx,6023,元大期,47.40,47.45,47.15,47.35,-0.10,52562,2488607,38
2022-08-18,TPEx,6026,福邦證,15.55,15.60,15.45,15.55,0.00,1201105,18668023,378
2022-08-18,TPEx,6101,寬魚國際,20.20,20.70,19.40,20.35,+0.15,10000,199450,10
2022-08-18,TPEx,6103,合邦,7.83,7.83,7.78,7.78,-0.05,20000,156310,8
2022-08-18,TPEx,6104,創惟,125.50,135.00,124.00,132.00,+4.00,22577940,2949283611,15233
2022-08-18,TPEx,6109,亞元,15.60,17.10,15.60,17.05,+1.50,4495085,74719106,2125
2022-08-18,TPEx,6111,大宇資,80.10,81.60,79.70,79.70,-0.60,394364,31631806,413
2022-08-18,TPEx,6113,亞矽,25.50,27.00,25.45,26.25,+0.40,9433077,248352151,4375
2022-08-18,TPEx,6114,久威,26.90,28.15,26.90,27.35,+0.30,958788,26394039,687
2022-08-18,TPEx,6118,建達,47.30,48.65,46.80,47.35,+0.45,31656530,1509527318,17217
2022-08-18,TPEx,6121,新普,281.00,285.00,279.00,285.00,+1.50,582661,164555920,1427
2022-08-18,TPEx,6122,擎邦,18.95,18.95,18.70,18.75,-0.05,472276,8879040,198
2022-08-18,TPEx,6123,上奇,54.40,54.40,54.20,54.40,-0.10,29136,1583010,31
2022-08-18,TPEx,6124,業強,24.30,24.60,24.30,24.30,-0.45,5000,121800,5
2022-08-18,TPEx,6125,廣運,29.35,30.20,29.15,30.15,+0.50,3123243,92928999,1731
2022-08-18,TPEx,6126,信音,24.15,24.80,23.95,24.20,+0.15,956284,23346848,542
2022-08-18,TPEx,6127,九豪,17.80,18.15,17.80,18.10,+0.20,160809,2893598,154
2022-08-18,TPEx,6129,普誠,42.15,42.90,41.35,41.95,+0.05,20388924,860473832,10636
2022-08-18,TPEx,6130,星寶國際,36.70,38.00,36.70,37.95,+1.40,114000,4266650,69
2022-08-18,TPEx,6134,萬旭,24.70,24.70,24.25,24.50,-0.20,235340,5766371,164
2022-08-18,TPEx,6138,茂達,139.50,143.00,138.50,141.50,+2.00,2613693,369595759,2114
2022-08-18,TPEx,6140,訊達,18.05,18.25,17.85,18.20,+0.15,220030,3961683,135
2022-08-18,TPEx,6143,振曜,56.10,61.00,56.10,59.20,+2.70,5722162,341107925,3662
2022-08-18,TPEx,6144,得利影,,,,,,182,2720,2
2022-08-18,TPEx,6146,耕興,235.00,235.00,230.50,232.50,-3.00,286194,66556148,739
2022-08-18,TPEx,6147,頎邦,56.80,56.90,56.40,56.80,+0.10,1162023,65859270,805
2022-08-18,TPEx,6148,驊宏資,13.20,13.80,13.10,13.45,+0.15,254091,3425311,172
2022-08-18,TPEx,6150,撼訊,65.90,67.40,65.10,67.20,+1.00,950908,63338481,755
2022-08-18,TPEx,6151,晉倫,26.50,26.60,26.50,26.60,+0.05,50094,1327967,31
2022-08-18,TPEx,6154,順發,16.95,16.95,16.85,16.85,-0.10,29215,493855,17
2022-08-18,TPEx,6156,松上,19.50,19.90,19.40,19.70,+0.25,699260,13808930,415
2022-08-18,TPEx,6158,禾昌,29.60,29.60,29.20,29.40,0.00,45017,1323595,51
2022-08-18,TPEx,6160,欣技,18.00,19.15,18.00,18.75,+0.85,1972147,36865546,1159
2022-08-18,TPEx,6161,捷波,27.55,28.10,27.30,27.85,+0.35,280752,7811880,215
2022-08-18,TPEx,6163,華電網,16.15,16.50,16.00,16.45,+0.25,751251,12249886,390
2022-08-18,TPEx,6167,久正,14.70,15.50,14.55,15.30,+0.60,3665721,55281256,1291
2022-08-18,TPEx,6169,昱泉,20.80,21.20,20.20,20.40,-0.90,183053,3774473,164
2022-08-18,TPEx,6170,統振,31.75,33.45,31.25,31.40,-0.35,3368906,108498080,2020
2022-08-18,TPEx,6171,大城地產,30.05,30.15,30.00,30.10,0.00,14647,440324,14
2022-08-18,TPEx,6173,信昌電,40.85,41.50,40.55,41.50,+0.40,314439,12905406,327
2022-08-18,TPEx,6174,安碁,29.40,30.20,29.40,29.85,+0.25,318220,9506087,219
2022-08-18,TPEx,6175,立敦,33.00,33.20,32.85,33.20,+0.15,139135,4605191,98
2022-08-18,TPEx,6179,亞通,27.35,27.35,27.15,27.30,0.00,28321,772449,45
2022-08-18,TPEx,6180,橘子,62.00,62.20,61.70,61.70,-0.30,289896,17943460,278
2022-08-18,TPEx,6182,合晶,50.80,51.80,50.10,51.50,+0.60,8972853,457630124,5361
2022-08-18,TPEx,6185,幃翔,13.10,13.20,13.00,13.00,-0.10,109736,1436660,111
2022-08-18,TPEx,6186,新潤,27.00,27.05,26.95,27.05,0.00,77499,2092762,70
2022-08-18,TPEx,6187,萬潤,77.50,79.20,76.80,78.90,+0.40,412698,32312106,390
2022-08-18,TPEx,6188,廣明,41.60,42.00,41.50,41.95,+0.25,907074,37873803,658
2022-08-18,TPEx,6190,萬泰科,39.25,40.00,39.00,39.80,+0.90,6304962,250177906,3598
2022-08-18,TPEx,6194,育富,20.95,21.10,20.95,21.10,+0.05,35058,737558,22
2022-08-18,TPEx,6195,詩肯,49.25,49.50,48.55,49.20,-0.20,18176,890687,31
2022-08-18,TPEx,6198,凌泰,29.65,30.40,29.65,30.40,+0.45,11007,327361,8
2022-08-18,TPEx,6199,天品,28.00,28.30,27.35,28.25,+0.60,25077,694729,25
2022-08-18,TPEx,6203,海韻電,55.50,55.80,55.20,55.60,+0.10,63474,3527242,67
2022-08-18,TPEx,6204,艾華,54.20,55.00,53.60,54.30,0.00,13873,763679,21
2022-08-18,TPEx,6207,雷科,26.30,26.40,26.05,26.30,-0.15,106584,2800402,94
2022-08-18,TPEx,6208,日揚,49.30,49.60,49.30,49.60,+0.05,29111,1440661,33
2022-08-18,TPEx,6210,慶生,39.30,39.35,39.30,39.35,-0.25,4000,157250,4
2022-08-18,TPEx,6212,理銘,48.10,48.50,47.50,48.20,-1.80,5001,240346,6
2022-08-18,TPEx,6217,中探針,59.70,60.60,59.20,59.60,-0.20,4042627,241330851,2982
2022-08-18,TPEx,6218,豪勉,20.25,20.30,19.95,20.00,-0.05,153308,3079656,87
2022-08-18,TPEx,6219,富旺,12.35,12.60,12.30,12.55,+0.30,2442843,30334030,442
2022-08-18,TPEx,6220,岳豐,29.25,31.55,29.05,31.10,+1.80,9240591,283841457,4629
2022-08-18,TPEx,6221,晉泰,61.00,61.00,59.70,60.20,-0.10,139379,8380757,108
2022-08-18,TPEx,6222,上揚,15.65,15.80,15.65,15.80,+0.25,17200,270820,12
2022-08-18,TPEx,6223,旺矽,94.70,97.20,94.00,97.00,+1.50,873387,83751251,760
2022-08-18,TPEx,6227,茂綸,41.00,41.25,40.70,41.10,-0.05,377852,15468163,310
2022-08-18,TPEx,6228,全譜,16.20,17.80,16.20,17.80,+1.60,1039411,18300689,503
2022-08-18,TPEx,6229,研通,29.45,29.75,29.05,29.65,+0.10,118153,3484112,90
2022-08-18,TPEx,6231,系微,75.10,76.10,75.00,75.80,0.00,142440,10769206,149
2022-08-18,TPEx,6233,旺玖,26.10,27.15,26.00,26.20,-0.05,2803306,74621458,1309
2022-08-18,TPEx,6234,高僑,18.85,18.95,18.80,18.90,+0.05,12090,228292,21
2022-08-18,TPEx,6236,康呈,20.00,20.00,20.00,20.00,0.00,2000,40000,1
2022-08-18,TPEx,6237,驊訊,58.00,59.50,57.00,57.10,-0.90,5669013,328738012,3868
2022-08-18,TPEx,6240,松崗,27.40,28.50,25.10,26.25,-0.15,1724678,46719727,1237
2022-08-18,TPEx,6241,易通展,22.00,22.35,21.90,22.10,+0.05,267347,5923275,159
2022-08-18,TPEx,6242,立康,46.50,48.00,46.50,47.40,+0.85,120024,5697153,121
2022-08-18,TPEx,6244,茂迪,28.40,28.75,28.20,28.50,0.00,1390660,39599289,856
2022-08-18,TPEx,6245,立端,70.80,72.30,70.00,71.70,+0.40,3002879,214620971,1928
2022-08-18,TPEx,6246,臺龍,14.95,15.60,14.95,15.15,-0.05,351034,5387510,138
2022-08-18,TPEx,6247,淇譽電,11.20,11.20,11.20,11.20,-0.20,5292,59566,26
2022-08-18,TPEx,6248,沛波,21.75,22.05,21.70,21.95,+0.25,216221,4734947,134
2022-08-18,TPEx,6259,百徽,27.45,27.65,26.60,27.25,-0.20,41401,1122766,39
2022-08-18,TPEx,6261,久元,71.20,71.20,70.50,70.90,-0.30,330910,23488995,265
2022-08-18,TPEx,6263,普萊德,79.00,79.00,78.20,78.50,-0.70,70596,5542144,122
2022-08-18,TPEx,6264,富裔,8.38,8.46,8.36,8.44,+0.06,119000,999740,43
2022-08-18,TPEx,6265,方土昶,12.45,12.60,12.30,12.40,-0.05,1221587,15215724,526
2022-08-18,TPEx,6266,泰詠,27.85,28.35,27.50,27.90,0.00,2847866,79814048,1611
2022-08-18,TPEx,6270,倍微,23.05,23.10,22.90,22.90,-0.10,48005,1102271,35
2022-08-18,TPEx,6274,台燿,57.00,57.60,56.30,57.50,+0.40,1340204,76343127,922
2022-08-18,TPEx,6275,元山,31.00,31.40,30.90,31.40,+0.35,288714,9022899,166
2022-08-18,TPEx,6276,安鈦克,16.90,17.30,16.90,17.00,-0.10,41501,707517,27
2022-08-18,TPEx,6279,胡連,145.50,149.50,145.00,148.50,+2.50,1934909,285988911,1647
2022-08-18,TPEx,6284,佳邦,51.70,52.30,50.70,52.10,+0.40,269672,13900989,207
2022-08-18,TPEx,6287,元隆,7.39,7.45,7.39,7.45,+0.06,68131,506327,36
2022-08-18,TPEx,6290,良維,58.00,58.60,57.60,58.10,-0.10,1420733,82604926,959
2022-08-18,TPEx,6291,沛亨,54.80,55.30,54.80,55.00,+1.40,10246,563702,15
2022-08-18,TPEx,6292,迅德,39.90,39.90,39.25,39.85,-0.05,41296,1642446,30
2022-08-18,TPEx,6294,智基,112.00,112.50,112.00,112.50,0.00,5001,560613,6
2022-08-18,TPEx,6404,通訊-KY,16.80,16.80,16.80,16.80,-0.85,1314,22074,15
2022-08-18,TPEx,6411,晶焱,108.00,114.50,106.50,114.00,+5.00,3199273,356693838,2643
2022-08-18,TPEx,6417,韋僑,73.60,73.80,73.20,73.80,0.00,15000,1103900,12
2022-08-18,TPEx,6418,詠昇,15.65,16.15,15.65,15.80,0.00,184000,2923900,57
2022-08-18,TPEx,6419,京晨科,30.10,30.15,30.10,30.15,+0.05,11000,331150,2
2022-08-18,TPEx,6425,易發,21.40,21.45,21.00,21.10,-0.60,35043,743287,35
2022-08-18,TPEx,6432,今展科,33.70,34.00,33.35,34.00,+0.40,355515,11984980,260
2022-08-18,TPEx,6435,大中,120.00,126.00,120.00,125.00,+4.00,1075514,133433028,952
2022-08-18,TPEx,6441,廣錠,41.35,41.55,41.15,41.40,+0.05,37462,1549079,41
2022-08-18,TPEx,6446,藥華藥,551.00,575.00,551.00,565.00,+9.00,1341517,761233707,2090
2022-08-18,TPEx,6457,紘康,74.30,75.30,73.50,74.60,+0.30,131759,9808507,147
2022-08-18,TPEx,6461,益得,34.50,37.40,34.50,37.40,+3.40,14997034,545961261,6529
2022-08-18,TPEx,6462,神盾,81.80,81.90,80.00,81.00,-3.60,676288,54626842,647
2022-08-18,TPEx,6465,威潤,22.25,22.90,22.25,22.85,+0.65,212056,4792768,154
2022-08-18,TPEx,6469,大樹,315.50,320.00,302.00,302.50,-10.50,2163634,671953858,5821
2022-08-18,TPEx,6470,宇智,69.90,72.30,69.80,71.30,+1.40,2735553,195702639,2161
2022-08-18,TPEx,6472,保瑞,301.00,324.50,301.00,319.50,+14.00,6047918,1908892496,5461
2022-08-18,TPEx,6482,弘煜科,,,,,,0,0,0
2022-08-18,TPEx,6485,點序,87.00,89.60,86.70,88.80,+1.40,437284,38672406,468
2022-08-18,TPEx,6486,互動,63.80,63.80,63.60,63.70,-0.20,19000,1210500,17
2022-08-18,TPEx,6488,環球晶,497.50,506.00,493.50,506.00,+3.00,1838193,918942266,2138
2022-08-18,TPEx,6492,生華科,60.20,61.10,60.20,60.50,-0.10,148950,9035571,215
2022-08-18,TPEx,6494,九齊,80.10,82.90,79.50,82.60,+1.80,345741,28262729,326
2022-08-18,TPEx,6496,科懋,27.70,28.05,27.70,28.05,+0.30,10072,280113,90
2022-08-18,TPEx,6499,益安,72.20,72.60,71.80,72.50,+0.40,254390,18387441,263
2022-08-18,TPEx,6506,雙邦,20.15,20.50,20.10,20.20,+0.10,169799,3436641,106
2022-08-18,TPEx,6508,惠光,45.55,46.15,45.05,46.05,+0.50,1564302,71237289,1002
2022-08-18,TPEx,6509,聚和,43.65,43.95,43.05,43.85,+0.10,1183770,51519876,767
2022-08-18,TPEx,6510,精測,436.00,444.00,431.50,441.50,-11.50,513849,224768056,666
2022-08-18,TPEx,6512,啟發電,26.90,29.75,26.90,29.70,+2.65,1061136,30806593,927
2022-08-18,TPEx,6514,芮特-KY,65.50,67.00,64.80,66.70,+1.70,126433,8366860,115
2022-08-18,TPEx,6516,勤崴國際,76.70,78.80,76.70,78.30,+0.80,23221,1808414,34
2022-08-18,TPEx,6523,達爾膚,87.70,88.50,87.70,88.50,+0.10,89232,7867901,103
2022-08-18,TPEx,6527,明達醫,62.60,65.80,62.10,63.90,-0.10,831329,53149176,759
2022-08-18,TPEx,6530,創威,27.00,28.85,26.60,28.85,+2.60,6927854,194692127,3617
2022-08-18,TPEx,6532,瑞耘,46.70,47.00,46.70,47.00,+0.15,32910,1541631,45
2022-08-18,TPEx,6535,順藥,35.40,36.30,35.25,36.00,+0.55,200422,7173600,139
2022-08-18,TPEx,6538,倉和,78.10,79.00,77.10,78.70,+1.30,157613,12305060,165
2022-08-18,TPEx,6542,隆中,51.80,51.80,51.60,51.60,+1.20,2000,103400,2
2022-08-18,TPEx,6546,正基,133.00,147.50,133.00,144.00,+9.00,3979355,564756134,3234
2022-08-18,TPEx,6547,高端疫苗,135.00,136.50,134.00,134.00,-1.00,1373877,185324163,1298
2022-08-18,TPEx,6548,長科*,89.10,90.30,88.20,89.50,+0.40,573005,51378761,376
2022-08-18,TPEx,6556,勝品,64.00,66.50,64.00,66.40,+2.40,46333,3040822,33
2022-08-18,TPEx,6560,欣普羅,39.70,39.70,38.55,38.80,-1.15,143710,5586661,173
2022-08-18,TPEx,6561,是方,289.00,289.50,286.00,286.00,-1.00,12144,3490284,23
2022-08-18,TPEx,6568,宏觀,132.00,136.50,129.50,135.50,+4.50,400109,53395385,389
2022-08-18,TPEx,6569,醫揚,97.50,97.50,97.00,97.00,0.00,2000,194500,2
2022-08-18,TPEx,6570,維田,43.80,44.45,43.50,44.40,+0.40,408793,18041827,284
2022-08-18,TPEx,6574,霈方,50.40,50.40,50.10,50.40,+0.30,5000,251300,5
2022-08-18,TPEx,6576,逸達,104.50,108.00,104.00,107.00,+2.50,560509,59610049,508
2022-08-18,TPEx,6577,勁豐,59.00,59.00,59.00,59.00,0.00,5000,295000,4
2022-08-18,TPEx,6578,達邦蛋白,17.55,17.60,17.30,17.45,0.00,302236,5285980,150
2022-08-18,TPEx,6588,東典光電,41.95,43.40,41.25,42.05,+0.75,76014,3206505,76
2022-08-18,TPEx,6589,台康生技,90.10,91.50,89.70,90.20,-0.30,794957,72062354,667
2022-08-18,TPEx,6590,普鴻,53.60,53.60,53.30,53.50,-1.50,5157,275735,7
2022-08-18,TPEx,6593,台灣銘板,31.80,31.80,31.70,31.80,+0.40,7887,250841,22
2022-08-18,TPEx,6594,展匯科,32.30,33.35,32.10,33.10,-0.50,32270,1060829,35
2022-08-18,TPEx,6596,寬宏藝術,45.00,45.10,44.80,44.80,-0.65,13339,600457,24
2022-08-18,TPEx,6603,富強鑫,18.95,19.20,18.70,18.80,-0.15,3146519,59739091,1265
2022-08-18,TPEx,6609,瀧澤科,34.35,35.35,34.35,35.10,+0.85,606532,21190236,469
2022-08-18,TPEx,6612,奈米醫材,79.40,85.00,79.40,82.10,+2.10,169648,14001542,168
2022-08-18,TPEx,6615,慧智,44.45,44.50,44.40,44.45,+0.40,8076,358951,6
2022-08-18,TPEx,6616,特昇-KY,17.00,17.85,17.00,17.60,+0.35,692000,12146100,185
2022-08-18,TPEx,6624,萬年清,40.80,41.20,40.80,41.20,-0.20,3000,122800,2
2022-08-18,TPEx,6629,泰金-KY,51.70,52.90,51.70,52.90,+1.20,2000,104600,2
2022-08-18,TPEx,6640,均華,87.50,88.50,87.50,88.50,+0.50,4050,357400,5
2022-08-18,TPEx,6642,富致,,,,,,0,0,0
2022-08-18,TPEx,6643,M31,335.00,349.00,335.00,346.50,+6.50,469765,161684719,577
2022-08-18,TPEx,6649,台生材,33.05,35.65,33.00,35.65,+3.20,1488566,51778549,685
2022-08-18,TPEx,6651,全宇昕,81.50,83.90,81.00,83.50,+2.30,137571,11376514,137
2022-08-18,TPEx,6654,天正國際,49.90,49.90,49.90,49.90,-0.40,1002,50002,3
2022-08-18,TPEx,6661,威健生技,22.25,22.90,22.25,22.75,+0.05,5000,113250,5
2022-08-18,TPEx,6662,樂斯科,29.75,29.75,29.75,29.75,0.00,3110,92379,5
2022-08-18,TPEx,6664,群翊,82.90,84.50,82.80,84.50,+1.50,175431,14696405,143
2022-08-18,TPEx,6667,信紘科,72.90,74.20,71.80,74.00,+1.10,104491,7669147,111
2022-08-18,TPEx,6679,鈺太,265.00,273.00,263.00,266.00,+1.00,2132057,569775835,2417
2022-08-18,TPEx,6680,鑫創電子,51.00,51.00,51.00,51.00,-0.50,1331,68212,3
2022-08-18,TPEx,6683,雍智科技,202.00,204.00,197.50,202.50,+2.00,230673,46281502,220
2022-08-18,TPEx,6684,安格,62.20,65.20,62.20,64.00,+0.50,80146,5099154,100
2022-08-18,TPEx,6690,安碁資訊,131.50,137.00,129.00,131.00,-0.50,221941,29304503,246
2022-08-18,TPEx,6693,廣閎科,88.80,88.80,86.30,86.80,-2.20,98364,8587614,111
2022-08-18,TPEx,6697,東捷資訊,37.55,37.55,37.50,37.50,-0.05,7000,262550,5
2022-08-18,TPEx,6703,軒郁,87.50,87.50,86.80,87.30,+0.60,20878,1819731,42
2022-08-18,TPEx,6712,長聖,184.00,190.00,183.00,184.00,+1.00,3212842,600185174,2787
2022-08-18,TPEx,6716,應廣,99.00,99.00,96.10,98.70,-1.30,10165,989967,23
2022-08-18,TPEx,6721,信實,44.50,44.65,44.20,44.55,-0.25,30088,1338162,38
2022-08-18,TPEx,6727,亞泰金屬,72.40,72.80,71.90,72.70,-0.10,93227,6741889,91
2022-08-18,TPEx,6728,上洋,161.50,165.00,161.00,162.50,+1.00,73050,11889141,84
2022-08-18,TPEx,6732,昇佳電子,278.50,290.50,278.00,289.50,+10.50,165015,47034051,257
2022-08-18,TPEx,6733,博晟生醫,21.40,22.55,21.10,22.00,+0.60,250075,5512505,197
2022-08-18,TPEx,6735,美達科技,65.30,67.30,65.30,67.30,+1.60,17050,1124300,16
2022-08-18,TPEx,6741,91APP*-KY,96.60,98.40,95.60,96.30,-0.30,286188,27841367,327
2022-08-18,TPEx,6747,亨泰光,216.00,216.00,212.50,214.00,-2.00,43599,9377864,687
2022-08-18,TPEx,6751,智聯服務,44.40,49.30,44.40,48.80,+3.95,291728,13758091,265
2022-08-18,TPEx,6752,叡揚,,,,,,98,6417,4
2022-08-18,TPEx,6761,穩得,85.00,86.00,83.80,85.60,+0.60,28757,2431608,114
2022-08-18,TPEx,6762,達亞,,,,,,204,42244,4
2022-08-18,TPEx,6763,綠界科技,479.00,480.00,478.00,479.50,+5.50,13841,6629517,48
2022-08-18,TPEx,6767,台微醫,30.90,31.10,30.50,31.00,+0.50,14000,433100,10
2022-08-18,TPEx,6788,華景電,107.50,108.50,105.50,108.00,+0.50,198766,21314580,186
2022-08-18,TPEx,6803,崑鼎,247.50,249.00,247.50,249.00,0.00,14777,3671055,130
2022-08-18,TPEx,6804,明係,50.20,50.50,50.00,50.20,0.00,12000,602100,10
2022-08-18,TPEx,6811,宏碁資訊,150.00,159.50,150.00,155.00,+6.50,1286913,197905576,1149
2022-08-18,TPEx,6823,濾能,100.00,100.00,99.60,100.00,0.00,44118,4406804,32
2022-08-18,TPEx,6829,千附精密,74.60,75.00,74.10,74.90,+0.20,139950,10471380,99
2022-08-18,TPEx,7402,邑錡,48.25,48.40,48.25,48.40,+0.15,4000,193300,3
2022-08-18,TPEx,7556,意德士,114.50,114.50,110.50,112.50,-2.00,24345,2721860,43
2022-08-18,TPEx,8024,佑華,22.20,22.55,22.10,22.20,-0.20,182071,4059323,133
2022-08-18,TPEx,8027,鈦昇,69.20,72.30,69.10,70.80,+1.30,1232500,87259925,869
2022-08-18,TPEx,8032,光菱,34.55,34.80,34.25,34.65,+0.10,112104,3878200,91
2022-08-18,TPEx,8034,榮群,15.85,16.00,15.85,15.90,+0.05,126009,2004748,81
2022-08-18,TPEx,8038,長園科,39.40,39.40,38.85,39.35,-0.05,84394,3300878,115
2022-08-18,TPEx,8040,九暘,50.00,51.00,49.60,50.00,-0.30,811292,40788116,665
2022-08-18,TPEx,8042,金山電,36.25,36.50,36.25,36.50,+0.10,22871,831955,80
2022-08-18,TPEx,8043,蜜望實,25.80,26.30,25.80,26.00,+0.20,219166,5684066,162
2022-08-18,TPEx,8044,網家,61.90,61.90,59.90,60.60,-1.30,798169,48418990,922
2022-08-18,TPEx,8047,星雲,12.60,12.80,12.60,12.80,+0.05,2010,25527,4
2022-08-18,TPEx,8048,德勝,30.10,30.10,29.70,30.05,+0.05,11133,333267,18
2022-08-18,TPEx,8049,晶采,25.60,26.00,25.45,25.75,+0.15,771368,19849686,407
2022-08-18,TPEx,8050,廣積,70.20,74.00,70.10,73.70,+3.00,10406314,751623386,6475
2022-08-18,TPEx,8054,安國,39.15,40.10,39.05,39.80,+0.35,872859,34666484,535
2022-08-18,TPEx,8059,凱碩,10.70,11.05,10.70,10.95,+0.35,145902,1590667,63
2022-08-18,TPEx,8064,東捷,15.75,15.95,15.70,15.90,+0.05,278160,4411951,173
2022-08-18,TPEx,8066,來思達,27.40,27.40,27.05,27.20,0.00,9342,254174,23
2022-08-18,TPEx,8067,志旭,8.27,8.54,8.04,8.36,+0.12,36232,298756,33
2022-08-18,TPEx,8068,全達,27.90,28.00,27.45,27.95,+0.55,394960,10964490,289
2022-08-18,TPEx,8069,元太,217.50,238.00,216.50,238.00,+21.50,42086706,9669814768,22973
2022-08-18,TPEx,8071,能率網通,19.90,20.00,19.55,19.65,-0.10,867148,17141219,441
2022-08-18,TPEx,8074,鉅橡,19.00,19.50,18.80,19.40,+0.35,66571,1282485,64
2022-08-18,TPEx,8076,伍豐,31.90,32.40,31.75,32.15,+0.05,837858,26901651,490
2022-08-18,TPEx,8077,洛碁,,,,,,0,0,0
2022-08-18,TPEx,8080,永利聯合,10.50,11.00,10.50,10.90,+0.30,4395,47072,10
2022-08-18,TPEx,8083,瑞穎,175.50,177.00,175.50,176.50,+1.00,86438,15219461,80
2022-08-18,TPEx,8084,巨虹,80.00,80.10,79.10,79.70,+0.20,108060,8609648,59
2022-08-18,TPEx,8085,福華,20.75,21.65,20.70,21.00,+0.35,1096166,23103621,601
2022-08-18,TPEx,8086,宏捷科,76.70,76.90,75.30,76.60,-0.20,568604,43262190,629
2022-08-18,TPEx,8087,華鎂鑫,32.00,32.35,31.50,31.50,-0.50,199441,6330586,158
2022-08-18,TPEx,8088,品安,20.55,20.85,20.55,20.70,+0.05,58820,1215112,52
2022-08-18,TPEx,8089,康全電訊,24.80,25.20,24.75,24.95,-0.05,67012,1674451,54
2022-08-18,TPEx,8091,翔名,79.50,85.00,78.30,83.80,+4.60,1169821,96319913,900
2022-08-18,TPEx,8092,建暐,11.35,11.55,11.35,11.35,-0.10,92001,1050261,59
2022-08-18,TPEx,8093,保銳,7.18,7.22,7.07,7.22,+0.04,37304,266676,28
2022-08-18,TPEx,8096,擎亞,13.45,13.70,13.40,13.60,+0.15,880393,11964419,444
2022-08-18,TPEx,8097,常珵,81.30,84.50,81.30,84.50,+3.70,944913,78396519,716
2022-08-18,TPEx,8099,大世科,39.05,39.05,38.30,38.90,+0.35,25052,967168,25
2022-08-18,TPEx,8107,大億金茂,20.50,20.50,20.00,20.25,+0.05,294830,5954622,108
2022-08-18,TPEx,8109,博大,79.50,80.70,79.40,80.00,0.00,133358,10685126,83
2022-08-18,TPEx,8111,立碁,18.10,18.75,18.10,18.60,+0.30,752347,13956895,532
2022-08-18,TPEx,8121,越峰,33.80,33.80,32.90,33.15,-0.65,1095832,36463736,822
2022-08-18,TPEx,8147,正淩,52.00,52.30,51.70,52.30,+0.10,17005,885461,14
2022-08-18,TPEx,8155,博智,125.50,134.50,125.50,131.00,+3.50,3635932,477152822,3347
2022-08-18,TPEx,8171,天宇,38.05,39.70,37.80,39.30,+1.40,735711,28769652,471
2022-08-18,TPEx,8176,智捷,10.35,10.70,10.30,10.60,+0.30,212965,2238416,147
2022-08-18,TPEx,8182,加高,37.45,37.50,37.30,37.45,+0.15,100594,3763976,67
2022-08-18,TPEx,8183,精星,63.50,65.10,63.00,64.70,+0.80,3586664,229650760,2493
2022-08-18,TPEx,8234,新漢,33.50,33.90,33.15,33.85,+0.45,1009472,34002882,599
2022-08-18,TPEx,8240,華宏,28.10,28.10,27.85,28.05,-0.05,25940,724525,38
2022-08-18,TPEx,8255,朋程,183.00,192.00,182.50,190.00,+4.00,1614975,304222243,1473
2022-08-18,TPEx,8277,商丞,9.35,9.54,9.35,9.47,-0.13,96068,906155,64
2022-08-18,TPEx,8279,生展,157.50,161.50,157.00,160.00,+3.00,176877,28264196,182
2022-08-18,TPEx,8284,三竹,55.00,55.00,54.00,54.40,-0.40,119405,6485430,103
2022-08-18,TPEx,8289,泰藝,39.95,41.20,39.85,40.90,+1.50,3696006,150747673,1985
2022-08-18,TPEx,8291,尚茂,6.03,6.37,6.03,6.37,0.00,43000,272310,9
2022-08-18,TPEx,8299,群聯,307.00,311.50,305.50,309.50,-1.00,799206,246506592,974
2022-08-18,TPEx,8342,益張,52.70,52.70,52.50,52.50,-0.50,7000,368100,6
2022-08-18,TPEx,8349,恒耀,61.50,63.70,61.20,63.30,+1.80,382700,24077684,214
2022-08-18,TPEx,8349A,恒耀甲特,45.70,45.70,45.60,45.60,0.00,16000,729900,8
2022-08-18,TPEx,8354,冠好,14.85,14.90,14.80,14.85,+0.05,67299,999358,36
2022-08-18,TPEx,8358,金居,43.30,44.15,42.85,43.95,+0.35,1590437,69187246,1144
2022-08-18,TPEx,8383,千附,38.30,38.75,38.25,38.35,+0.10,289443,11148986,245
2022-08-18,TPEx,8390,金益鼎,30.40,30.90,30.40,30.85,+0.45,467017,14369386,321
2022-08-18,TPEx,8401,白紗科,18.70,18.75,18.50,18.55,-0.15,220356,4097577,113
2022-08-18,TPEx,8403,盛弘,34.90,35.90,34.65,35.30,+0.40,1324682,46930721,865
2022-08-18,TPEx,8409,商之器,20.70,21.00,20.40,20.75,0.00,174056,3621868,132
2022-08-18,TPEx,8410,森田,34.00,34.20,34.00,34.20,+0.15,32050,1091405,27
2022-08-18,TPEx,8415,大國鋼,35.00,35.30,34.90,35.15,+0.20,668299,23497435,306
2022-08-18,TPEx,8416,實威,122.00,123.50,122.00,123.50,0.00,5259,644543,15
2022-08-18,TPEx,8418,捷必勝-KY,9.94,10.25,9.93,10.25,+0.15,53000,528820,17
2022-08-18,TPEx,8420,明揚,76.50,77.10,74.80,76.40,-0.50,840108,63691231,665
2022-08-18,TPEx,8421,旭源,18.45,19.10,17.75,18.50,-0.05,9418880,174760184,3190
2022-08-18,TPEx,8423,保綠-KY,,,,,,300,5575,2
2022-08-18,TPEx,8424,惠普,,,,,,24,1663,3
2022-08-18,TPEx,8426,紅木-KY,13.70,13.70,13.70,13.70,-0.30,1018,13952,2
2022-08-18,TPEx,8431,匯鑽科,57.50,57.60,56.20,56.60,-1.10,111060,6327920,109
2022-08-18,TPEx,8432,東生華,43.75,45.40,43.55,44.60,+1.05,220000,9781500,180
2022-08-18,TPEx,8433,弘帆,65.00,65.80,64.70,64.90,0.00,102020,6640307,76
2022-08-18,TPEx,8435,鉅邁,61.00,61.40,59.00,60.10,-0.90,69981,4229432,109
2022-08-18,TPEx,8436,大江,132.00,135.00,131.50,133.50,+1.00,288323,38442568,305
2022-08-18,TPEx,8437,大地-KY,110.00,111.50,110.00,111.50,-0.50,12640,1403410,100
2022-08-18,TPEx,8440,綠電,50.70,52.20,50.70,51.90,+0.10,500301,25803430,364
2022-08-18,TPEx,8444,綠河-KY,48.30,49.25,48.30,49.25,+0.35,4000,195250,4
2022-08-18,TPEx,8446,華研,75.60,75.60,75.60,75.60,0.00,2010,151990,4
2022-08-18,TPEx,8450,霹靂,36.40,36.55,35.25,35.30,-0.50,1252645,45019591,875
2022-08-18,TPEx,8455,大拓-KY,,,,,,0,0,0
2022-08-18,TPEx,8472,夠麻吉,44.70,44.70,41.60,43.80,-0.20,6001,262543,6
2022-08-18,TPEx,8476,台境,56.30,56.30,55.80,55.80,0.00,6011,336214,8
2022-08-18,TPEx,8477,創業家,22.10,22.10,21.75,21.95,-0.05,14030,306062,14
2022-08-18,TPEx,8489,三貝德,27.65,28.15,27.65,27.90,-0.10,24311,679732,30
2022-08-18,TPEx,8905,裕國,20.65,20.65,20.45,20.55,+0.20,41106,843861,55
2022-08-18,TPEx,8906,花王,19.55,19.85,19.55,19.60,+0.05,6026,118758,7
2022-08-18,TPEx,8908,欣雄,81.80,82.00,81.80,82.00,0.00,28006,2294523,40
2022-08-18,TPEx,8916,光隆,49.60,49.60,48.35,49.15,-0.45,656964,32085473,470
2022-08-18,TPEx,8916A,光隆甲特,50.00,50.30,50.00,50.30,0.00,41120,2064924,27
2022-08-18,TPEx,8917,欣泰,90.50,90.50,90.50,90.50,-1.00,1142,103408,5
2022-08-18,TPEx,8921,沈氏,,,,,,0,0,0
2022-08-18,TPEx,8923,時報,,,,,,7,134,3
2022-08-18,TPEx,8924,大田,121.50,124.50,120.50,123.50,+1.50,575650,70662626,509
2022-08-18,TPEx,8927,北基,38.20,38.35,38.00,38.25,+0.05,137336,5255044,74
2022-08-18,TPEx,8928,鉅明,40.15,40.80,40.05,40.40,+0.25,364100,14711500,214
2022-08-18,TPEx,8929,富堡,20.00,20.00,19.95,20.00,0.00,11160,223484,76
2022-08-18,TPEx,8930,青鋼,16.85,16.90,16.70,16.80,0.00,112249,1890413,63
2022-08-18,TPEx,8931,大汽電,30.00,30.15,30.00,30.10,+0.15,19452,584846,42
2022-08-18,TPEx,8932,宏大,26.00,26.40,25.90,26.35,-0.20,308000,8088400,140
2022-08-18,TPEx,8933,愛地雅,12.70,12.90,12.55,12.70,-0.05,1270860,16124392,565
2022-08-18,TPEx,8935,邦泰,12.70,12.75,12.70,12.75,0.00,42006,533623,24
2022-08-18,TPEx,8936,國統,21.45,22.75,21.35,21.80,+0.45,2313893,51133412,1365
2022-08-18,TPEx,8937,合騏,13.15,13.30,13.10,13.30,+0.20,38000,503900,19
2022-08-18,TPEx,8938,明安,90.80,91.80,89.90,91.10,+0.40,716800,65183327,830
2022-08-18,TPEx,8941,關中,61.30,63.90,61.10,62.30,+1.00,150879,9446086,145
2022-08-18,TPEx,8942,森鉅,66.40,66.80,66.00,66.10,-0.30,71501,4740171,68
2022-08-18,TPEx,9949,琉園,19.00,19.55,18.55,19.45,+0.90,31044,596394,71
2022-08-18,TPEx,9950,萬國通,11.90,11.95,11.85,11.85,+0.05,46000,548000,17
2022-08-18,TPEx,9951,皇田,64.10,64.10,63.70,64.00,0.00,42101,2688365,40
2022-08-18,TPEx,9960,邁達康,25.20,25.30,25.15,25.25,-0.05,11069,279145,13
2022-08-18,TPEx,9962,有益,15.95,16.20,15.95,16.10,+0.15,303622,4889077,161
