date,market,code,name,open,high,low,close,change,volume,value,transactions
2022-09-20,TWSE,0050,元大台灣50,112.55,113.15,112.25,113.05,1.00,5999746,675492164,7093
2022-09-20,TWSE,0051,元大中型100,54.40,54.65,54.35,54.65,0.30,14003,765621,191
2022-09-20,TWSE,0052,富邦科技,95.45,95.75,94.95,95.75,1.05,98437,9386987,236
2022-09-20,TWSE,0053,元大電子,54.95,55.60,54.95,55.60,0.70,3064,168181,965
2022-09-20,TWSE,0055,元大MSCI金融,23.00,23.01,22.93,23.00,0.04,48064,1104789,191
2022-09-20,TWSE,0056,元大高股息,28.18,28.22,27.94,27.98,-0.08,30712238,860062425,21132
2022-09-20,TWSE,0057,富邦摩台,80.70,80.70,80.70,80.70,0.40,2221,178353,880
2022-09-20,TWSE,0061,元大寶滬深,18.94,19.10,18.94,18.99,0.02,78113,1483880,765
2022-09-20,TWSE,006203,元大MSCI台灣,55.00,55.35,55.00,55.35,0.40,2694,147826,696
2022-09-20,TWSE,006204,永豐臺灣加權,75.30,75.30,75.25,75.25,0.40,23787,1788355,1034
2022-09-20,TWSE,006205,富邦上証,31.96,32.10,31.91,31.91,-0.01,355041,11361994,127
2022-09-20,TWSE,006206,元大上證50,30.42,30.86,30.42,30.73,-0.14,21738,667446,1008
2022-09-20,TWSE,006207,復華滬深,24.94,25.08,24.92,24.98,-0.02,294962,7375569,988
2022-09-20,TWSE,006208,富邦台50,64.80,65.15,64.60,65.00,0.55,1939721,125801709,3411
2022-09-20,TWSE,00625K,富邦上証+R,,,,,0.00,0,0,0
2022-09-20,TWSE,00631L,元大台灣50正2,97.60,98.30,97.10,98.20,1.70,3082274,301080600,1256
2022-09-20,TWSE,00632R,元大台灣50反1,5.91,5.94,5.90,5.90,-0.05,95400993,564565536,3854
2022-09-20,TWSE,00633L,富邦上証正2,41.62,41.75,41.07,41.31,0.07,2930121,121300898,785
2022-09-20,TWSE,00634R,富邦上証反1,4.55,4.57,4.55,4.57,0.00,174000,793880,22
2022-09-20,TWSE,00635U,期元大S&P黃金,22.00,22.00,21.92,21.92,0.01,191039,4196723,145
2022-09-20,TWSE,00636,國泰中國A50,21.85,21.94,21.78,21.81,-0.04,210201,4587487,969
2022-09-20,TWSE,00636K,國泰中國A50+U,6.98,6.98,6.98,6.98,0.00,200,1396,2
2022-09-20,TWSE,00637L,元大滬深300正2,16.37,16.43,16.16,16.27,0.01,55225543,900845001,4892
2022-09-20,TWSE,00638R,元大滬深300反1,9.75,9.77,9.74,9.76,-0.03,318000,3102550,42
2022-09-20,TWSE,00639,富邦深100,13.04,13.13,13.00,13.06,0.04,266172,3473209,292
2022-09-20,TWSE,00640L,富邦日本正2,28.20,28.23,28.08,28.13,0.30,42400,1193524,25
2022-09-20,TWSE,00641R,富邦日本反1,9.87,9.89,9.85,9.85,-0.09,181000,1784550,46
2022-09-20,TWSE,00642U,期元大S&P石油,18.00,18.04,17.92,18.00,0.07,1508500,27121752,276
2022-09-20,TWSE,00643,群益深証中小,15.67,15.80,15.63,15.71,0.07,410675,6458483,812
2022-09-20,TWSE,00643K,群益深証中小+R,,,,,0.00,0,0,0
2022-09-20,TWSE,00645,富邦日本,25.83,25.83,25.75,25.80,0.11,50864,1311187,715
2022-09-20,TWSE,00646,元大S&P500,37.75,37.87,37.75,37.85,0.40,505342,19117616,626
2022-09-20,TWSE,00647L,元大S&P500正2,53.55,53.80,53.55,53.80,1.30,159163,8536944,95
2022-09-20,TWSE,00648R,元大S&P500反1,7.58,7.60,7.58,7.58,-0.09,2136229,16213111,208
2022-09-20,TWSE,00650L,復華香港正2,13.22,13.49,13.22,13.34,0.28,2809794,37492196,542
2022-09-20,TWSE,00651R,復華香港反1,9.44,9.44,9.30,9.31,-0.13,320000,2986730,42
2022-09-20,TWSE,00652,富邦印度,30.58,30.85,30.58,30.82,0.35,142908,4386743,1016
2022-09-20,TWSE,00653L,富邦印度正2,44.85,45.90,44.85,45.90,1.20,187005,8486478,82
2022-09-20,TWSE,00654R,富邦印度反1,8.16,8.16,8.05,8.05,-0.11,465000,3751580,91
2022-09-20,TWSE,00655L,國泰中國A50正2,29.18,29.35,28.88,29.07,0.02,1485037,43280775,349
2022-09-20,TWSE,00656R,國泰中國A50反1,8.68,8.70,8.63,8.66,0.00,171000,1481760,23
2022-09-20,TWSE,00657,國泰日經225,32.04,32.04,31.98,32.01,0.13,6657,212354,661
2022-09-20,TWSE,00657K,國泰日經225+U,10.22,10.22,10.22,10.22,0.07,200,2044,2
2022-09-20,TWSE,00660,元大歐洲50,25.73,25.81,25.71,25.71,0.11,10624,272911,617
2022-09-20,TWSE,00661,元大日經225,,,,,0.00,659,22195,658
2022-09-20,TWSE,00662,富邦NASDAQ,48.31,48.50,48.31,48.50,0.70,563814,27317459,363
2022-09-20,TWSE,00663L,國泰臺灣加權正2,89.10,90.00,89.10,89.90,1.25,8000,718400,6
2022-09-20,TWSE,00664R,國泰臺灣加權反1,6.69,6.72,6.67,6.68,-0.04,7867081,52606933,407
2022-09-20,TWSE,00665L,富邦恒生國企正2,8.65,8.75,8.59,8.65,0.17,3993480,34640047,554
2022-09-20,TWSE,00666R,富邦恒生國企反1,16.44,16.44,16.33,16.42,-0.17,185000,3025060,16
2022-09-20,TWSE,00668,國泰美國道瓊,35.33,35.41,35.32,35.41,0.27,28107,993781,382
2022-09-20,TWSE,00668K,國泰美國道瓊+U,11.29,11.29,11.29,11.29,0.11,200,2258,2
2022-09-20,TWSE,00669R,國泰美國道瓊反1,8.64,8.65,8.63,8.64,-0.08,2123000,18348780,253
2022-09-20,TWSE,00670L,富邦NASDAQ正2,61.40,61.60,61.15,61.60,1.80,3983555,244592888,1149
2022-09-20,TWSE,00671R,富邦NASDAQ反1,6.19,6.21,6.18,6.19,-0.09,18641000,115416100,1031
2022-09-20,TWSE,00673R,期元大S&P原油反1,8.74,8.78,8.71,8.74,-0.05,25543589,223278802,1924
2022-09-20,TWSE,00674R,期元大S&P黃金反1,14.16,14.18,14.12,14.14,-0.16,5475000,77443690,782
2022-09-20,TWSE,00675L,富邦臺灣加權正2,38.91,39.20,38.71,39.14,0.63,512006,19938946,276
2022-09-20,TWSE,00676R,富邦臺灣加權反1,3.68,3.69,3.66,3.66,-0.03,4557977,16751312,278
2022-09-20,TWSE,00678,群益那斯達克生技,24.78,24.86,24.75,24.82,-0.23,324246,8046251,921
2022-09-20,TWSE,00680L,元大美債20正2,13.02,13.07,13.02,13.04,0.07,287100,3746306,62
2022-09-20,TWSE,00681R,元大美債20反1,17.92,17.94,17.89,17.94,-0.06,206000,3690690,28
2022-09-20,TWSE,00682U,期元大美元指數,21.71,21.71,21.68,21.71,-0.04,51000,1106630,38
2022-09-20,TWSE,00683L,期元大美元指正2,24.22,24.22,24.16,24.21,-0.16,1141176,27599939,226
2022-09-20,TWSE,00684R,期元大美元指反1,15.48,15.49,15.47,15.49,0.04,14000,216780,7
2022-09-20,TWSE,00685L,群益臺灣加權正2,34.45,34.82,34.45,34.71,0.52,65000,2255620,4
2022-09-20,TWSE,00686R,群益臺灣加權反1,3.98,3.99,3.97,3.97,-0.02,189000,751280,23
2022-09-20,TWSE,00688L,國泰20年美債正2,12.93,12.99,12.93,12.97,0.09,338000,4382710,24
2022-09-20,TWSE,00689R,國泰20年美債反1,,,,,0.00,0,0,0
2022-09-20,TWSE,00690,兆豐藍籌30,27.56,27.67,27.48,27.63,0.16,188761,5218408,993
2022-09-20,TWSE,00692,富邦公司治理,28.14,28.17,27.99,28.13,0.16,1373742,38567740,1152
2022-09-20,TWSE,00693U,期街口S&P黃豆,26.56,26.65,26.53,26.57,0.01,97252,2585229,48
2022-09-20,TWSE,00700,富邦恒生國企,12.58,12.71,12.58,12.71,0.14,111022,1406128,24
2022-09-20,TWSE,00701,國泰股利精選30,24.14,24.17,24.10,24.16,0.00,503479,12150400,559
2022-09-20,TWSE,00702,國泰標普低波高息,21.86,21.86,21.83,21.86,0.25,58633,1280319,720
2022-09-20,TWSE,00703,台新MSCI中國,15.80,15.80,15.77,15.78,0.20,9000,142150,5
2022-09-20,TWSE,00706L,期元大S&P日圓正2,9.15,9.18,9.13,9.16,0.03,1901410,17405485,161
2022-09-20,TWSE,00707R,期元大S&P日圓反1,,,,,0.00,0,0,0
2022-09-20,TWSE,00708L,期元大S&P黃金正2,21.75,21.81,21.68,21.70,0.11,886320,19292200,207
2022-09-20,TWSE,00709,富邦歐洲,20.85,20.85,20.82,20.82,0.04,62990,1312493,970
2022-09-20,TWSE,00710B,復華彭博非投等債,18.00,18.05,17.97,18.04,0.00,429886,7750597,104
2022-09-20,TWSE,00711B,復華彭博新興債,16.20,16.22,16.20,16.22,0.00,105755,1714136,705
2022-09-20,TWSE,00712,復華富時不動產,11.80,11.80,11.71,11.73,0.00,1713599,20104359,1400
2022-09-20,TWSE,00713,元大台灣高息低波,38.50,38.52,38.35,38.43,0.07,3325376,127695252,1929
2022-09-20,TWSE,00714,群益道瓊美國地產,20.57,20.57,20.42,20.42,0.01,163916,3349106,162
2022-09-20,TWSE,00715L,期街口布蘭特正2,17.48,17.56,17.33,17.48,0.13,11950910,208553152,1464
2022-09-20,TWSE,00717,富邦美國特別股,15.43,15.46,15.43,15.44,0.01,244692,3780319,119
2022-09-20,TWSE,00728,第一金工業30,21.80,21.95,21.77,21.88,0.13,169735,3708781,241
2022-09-20,TWSE,00730,富邦臺灣優質高息,17.85,17.85,17.72,17.74,-0.01,212962,3779635,199
2022-09-20,TWSE,00731,復華富時高息低波,57.95,57.95,57.70,57.90,0.15,1046101,60521195,161
2022-09-20,TWSE,00732,國泰RMB短期報酬,41.48,41.48,41.44,41.44,0.02,110000,4558800,5
2022-09-20,TWSE,00733,富邦臺灣中小,34.83,35.14,34.77,35.13,0.47,126369,4428398,174
2022-09-20,TWSE,00735,國泰臺韓科技,24.23,24.31,24.23,24.31,0.11,101959,2469543,960
2022-09-20,TWSE,00736,國泰新興市場,19.42,19.42,19.39,19.39,0.07,111912,2172033,942
2022-09-20,TWSE,00737,國泰AI機器人,25.55,25.58,25.55,25.56,0.23,15246,389368,539
2022-09-20,TWSE,00738U,期元大道瓊白銀,19.70,19.80,19.67,19.70,0.03,558610,11016793,149
2022-09-20,TWSE,00739,元大MSCI A股,23.75,23.83,23.74,23.75,0.05,14483,343334,781
2022-09-20,TWSE,00743,國泰中國A150,24.59,24.60,24.59,24.60,-0.10,63234,1554355,985
2022-09-20,TWSE,00752,中信中國50,17.80,18.02,17.80,17.91,0.16,520103,9336556,235
2022-09-20,TWSE,00753L,中信中國50正2,11.21,11.35,11.15,11.27,0.25,5347451,60265510,943
2022-09-20,TWSE,00757,統一FANG+,38.83,38.95,38.83,38.95,0.50,319351,12426833,390
2022-09-20,TWSE,00762,元大全球AI,32.34,32.44,32.34,32.38,0.28,18659,604366,90
2022-09-20,TWSE,00763U,期街口道瓊銅,22.78,22.90,22.78,22.90,0.14,9043,206476,12
2022-09-20,TWSE,00770,國泰北美科技,29.82,29.95,29.82,29.95,0.39,4177,123895,1028
2022-09-20,TWSE,00771,元大US高息特別股,17.29,17.29,17.29,17.29,-0.07,7348,126823,956
2022-09-20,TWSE,00774B,新光中國政金綠債,42.20,42.20,42.20,42.20,-0.10,2012,84901,3
2022-09-20,TWSE,00774C,新光中政金綠債+R,9.30,9.30,9.30,9.30,0.00,350000,3255000,14
2022-09-20,TWSE,00775B,台新投等債15+,34.45,34.47,34.45,34.47,0.07,52141,1795388,1006
2022-09-20,TWSE,00783,富邦中証500,20.62,20.72,20.62,20.68,0.14,97001,2005070,9
2022-09-20,TWSE,00830,國泰費城半導體,23.57,23.70,23.57,23.70,0.35,4153958,98226112,1543
2022-09-20,TWSE,00850,元大臺灣ESG永續,30.33,30.41,30.18,30.39,0.26,236985,7180540,447
2022-09-20,TWSE,00851,台新全球AI,25.14,25.14,25.09,25.09,0.29,4964,123601,962
2022-09-20,TWSE,00852L,國泰美國道瓊正2,17.61,17.63,17.56,17.63,0.34,385000,6772220,182
2022-09-20,TWSE,00861,元大全球未來通訊,26.59,26.65,26.59,26.64,0.20,45913,1222135,101
2022-09-20,TWSE,00865B,國泰US短期公債,40.77,40.77,40.71,40.71,-0.06,120565,4910277,569
2022-09-20,TWSE,00875,國泰網路資安,26.91,26.92,26.88,26.92,0.41,30410,818152,97
2022-09-20,TWSE,00876,元大全球5G,24.44,24.57,24.44,24.54,0.24,102856,2522772,179
2022-09-20,TWSE,00878,國泰永續高股息,16.92,16.95,16.88,16.92,0.04,18616572,314834044,10860
2022-09-20,TWSE,00881,國泰台灣科技龍頭,13.87,13.98,13.86,13.96,0.12,5102658,71028782,2444
2022-09-20,TWSE,00882,中信中國高股息,11.81,11.87,11.81,11.83,0.02,3686941,43629297,1226
2022-09-20,TWSE,00885,富邦越南,14.52,14.55,14.44,14.47,-0.09,5384969,77992379,2703
2022-09-20,TWSE,00891,中信關鍵半導體,10.99,11.02,10.90,10.96,0.06,6451218,70645672,2296
2022-09-20,TWSE,00892,富邦台灣半導體,10.22,10.25,10.15,10.18,0.03,3439610,35076637,758
2022-09-20,TWSE,00893,國泰智能電動車,13.07,13.12,13.04,13.12,0.24,13263140,173610363,2590
2022-09-20,TWSE,00894,中信小資高價30,11.32,11.35,11.27,11.34,0.07,376898,4258979,278
2022-09-20,TWSE,00895,富邦未來車,14.36,14.43,14.36,14.43,0.29,2681531,38612249,668
2022-09-20,TWSE,00896,中信綠能及電動車,13.25,13.28,13.21,13.26,0.03,725026,9604051,419
2022-09-20,TWSE,00897,富邦基因免疫生技,9.61,9.61,9.54,9.56,-0.16,1639874,15676092,395
2022-09-20,TWSE,00898,國泰基因免疫革命,7.69,7.69,7.66,7.67,-0.04,546117,4190722,206
2022-09-20,TWSE,00899,FT潔淨能源,25.62,25.62,25.53,25.53,0.08,842638,21542108,151
2022-09-20,TWSE,00900,富邦特選高股息30,10.82,10.82,10.73,10.76,-0.01,12511456,134621093,4673
2022-09-20,TWSE,00901,永豐智能車供應鏈,12.22,12.25,12.20,12.23,0.05,291134,3559292,171
2022-09-20,TWSE,00902,中信電池及儲能,14.09,14.36,14.06,14.28,0.27,4554927,64904921,1082
2022-09-20,TWSE,00903,富邦元宇宙,9.89,9.92,9.86,9.91,0.07,3308909,32718799,561
2022-09-20,TWSE,00904,台新臺灣半導體30,10.60,10.64,10.53,10.60,0.04,400193,4232991,248
2022-09-20,TWSE,00905,FT臺灣Smart,8.52,8.54,8.49,8.54,0.06,248798,2118494,179
2022-09-20,TWSE,00906,大華元宇宙科技50,9.46,9.46,9.45,9.46,0.03,6000,56750,6
2022-09-20,TWSE,00907,永豐優息存股,14.64,14.68,14.62,14.67,0.06,490706,7188529,188
2022-09-20,TWSE,00908,富邦入息REITs+,14.55,14.58,14.55,14.57,0.03,1580590,23034276,141
2022-09-20,TWSE,00909,國泰數位支付服務,16.58,16.58,16.52,16.54,0.01,456648,7550761,177
2022-09-20,TWSE,00910,第一金太空衛星,15.21,15.24,15.20,15.21,0.07,143301,2181423,33
2022-09-20,TWSE,00911,兆豐洲際半導體,15.01,15.03,14.99,15.03,0.21,11348,170417,10
2022-09-20,TWSE,00912,中信臺灣智慧50,13.85,13.86,13.73,13.81,0.06,468319,6460278,214
2022-09-20,TWSE,00913,兆豐台灣晶圓製造,14.15,14.15,14.08,14.13,0.07,104341,1472253,17
2022-09-20,TWSE,00915,凱基優選高股息30,14.83,14.84,14.82,14.84,0.01,176772,2622858,148
2022-09-20,TWSE,00917,中信特選金融,14.90,14.96,14.90,14.95,0.12,871188,13019232,183
2022-09-20,TWSE,01001T,土銀富邦R1,,,,,0.00,0,0,0
2022-09-20,TWSE,01002T,土銀國泰R1,17.99,18.00,17.95,18.00,0.01,40000,719740,18
2022-09-20,TWSE,01003T,兆豐新光R1,20.25,20.25,20.25,20.25,0.04,1000,20250,1
2022-09-20,TWSE,01004T,土銀富邦R2,16.00,16.00,16.00,16.00,0.00,565000,9040000,9
2022-09-20,TWSE,01007T,兆豐國泰R2,,,,,0.00,0,0,0
2022-09-20,TWSE,01009T,王道圓滿R1,8.87,8.87,8.87,8.87,0.00,1000,8870,1
2022-09-20,TWSE,01010T,京城樂富R1,10.19,10.19,10.17,10.19,0.00,21000,213650,5
2022-09-20,TWSE,020000,富邦特選蘋果N,,,,,0.00,0,0,0
2022-09-20,TWSE,020002,元富新中國N,12.86,12.86,12.86,12.86,0.11,1000,12860,1
2022-09-20,TWSE,020007,凱基臺灣500N,,,,,0.00,0,0,0
2022-09-20,TWSE,020011,統一微波高息20N,,,,,0.00,0,0,0
2022-09-20,TWSE,020012,富邦行動通訊N,,,,,0.00,0,0,0
2022-09-20,TWSE,020015,統一MSCI美低波N,,,,,0.00,0,0,0
2022-09-20,TWSE,020016,統一MSCI美科技N,16.25,16.25,16.22,16.22,0.21,5000,81160,3
2022-09-20,TWSE,020018,統一價值成長30N,13.56,13.57,13.55,13.57,-0.05,120000,1627100,12
2022-09-20,TWSE,020019,統一特選台灣5GN,11.36,11.36,11.36,11.36,0.00,1000,11360,1
2022-09-20,TWSE,02001L,富邦蘋果正二N,8.44,8.44,8.35,8.42,0.07,131000,1101340,7
2022-09-20,TWSE,02001R,富邦蘋果反一N,3.20,3.20,3.20,3.20,0.00,5000,16000,1
2022-09-20,TWSE,020020,元大台股領航N,6.22,6.23,6.20,6.23,0.04,18000,111830,9
2022-09-20,TWSE,020022,元大電動車N,5.32,5.35,5.30,5.30,-0.02,123000,653070,36
2022-09-20,TWSE,020028,元大特選電動車N,5.14,5.15,5.11,5.11,-0.03,88000,450550,18
2022-09-20,TWSE,020029,元大ESG高股息N,4.29,4.30,4.27,4.28,0.01,240000,1026130,43
2022-09-20,TWSE,020030,統一智慧電動車N,3.73,3.73,3.69,3.72,0.03,86000,319790,13
2022-09-20,TWSE,020031,統一IC設計臺灣N,3.23,3.23,3.17,3.19,-0.01,443000,1414380,64
2022-09-20,TWSE,020032,元大綠能N,4.87,4.88,4.86,4.87,0.01,22000,107040,11
2022-09-20,TWSE,020034,元大IC設計N,3.80,3.81,3.74,3.76,0.00,204000,769480,35
2022-09-20,TWSE,1101,台泥,38.70,39.05,38.55,38.55,-0.25,28918438,1118195467,11776
2022-09-20,TWSE,1101B,台泥乙特,50.00,50.20,50.00,50.20,0.00,3134,157000,5
2022-09-20,TWSE,1102,亞泥,44.15,44.30,43.95,43.95,-0.15,11651644,513143135,4753
2022-09-20,TWSE,1103,嘉泥,17.80,17.90,17.80,17.85,0.00,111429,1989530,92
2022-09-20,TWSE,1104,環泥,21.85,21.85,21.65,21.75,-0.10,378902,8231369,197
2022-09-20,TWSE,1108,幸福,10.80,10.80,10.75,10.75,0.00,81001,873060,54
2022-09-20,TWSE,1109,信大,17.25,17.25,17.05,17.05,-0.20,174590,2989468,114
2022-09-20,TWSE,1110,東泥,18.60,18.60,18.45,18.50,-0.10,147601,2736338,76
2022-09-20,TWSE,1201,味全,20.00,20.05,19.95,20.00,0.00,102502,2050767,124
2022-09-20,TWSE,1203,味王,32.70,32.70,32.30,32.40,-0.05,11414,369612,22
2022-09-20,TWSE,1210,大成,48.00,48.10,47.75,47.95,0.25,209080,10010077,371
2022-09-20,TWSE,1213,大飲,7.32,7.44,7.20,7.44,0.23,22000,160890,14
2022-09-20,TWSE,1215,卜蜂,80.30,80.80,80.00,80.30,0.00,214202,17219249,218
2022-09-20,TWSE,1216,統一,65.50,65.70,64.70,65.50,0.30,10053296,654846915,4953
2022-09-20,TWSE,1217,愛之味,9.60,9.62,9.55,9.56,0.05,414669,3966795,309
2022-09-20,TWSE,1218,泰山,35.45,35.45,34.55,34.55,-0.55,3029262,103479066,266
2022-09-20,TWSE,1219,福壽,20.25,20.25,20.15,20.25,0.05,219082,4426010,161
2022-09-20,TWSE,1220,台榮,15.20,15.25,15.10,15.25,0.10,178318,2705418,103
2022-09-20,TWSE,1225,福懋油,52.40,52.40,52.40,52.40,0.00,2156,112940,11
2022-09-20,TWSE,1227,佳格,40.55,40.60,40.40,40.50,-0.05,284321,11509926,319
2022-09-20,TWSE,1229,聯華,54.10,54.40,53.50,54.30,0.40,804131,43414147,1041
2022-09-20,TWSE,1231,聯華食,73.40,73.40,73.00,73.10,-0.30,146850,10742386,352
2022-09-20,TWSE,1232,大統益,159.50,160.00,159.00,159.00,-2.00,25566,4077663,127
2022-09-20,TWSE,1233,天仁,33.20,33.20,33.15,33.15,-0.05,8032,266510,12
2022-09-20,TWSE,1234,黑松,33.55,33.55,33.35,33.55,0.15,113818,3805850,106
2022-09-20,TWSE,1235,興泰,56.50,57.50,56.10,57.40,0.90,16395,929714,27
2022-09-20,TWSE,1236,宏亞,25.55,25.55,25.05,25.10,0.05,39851,1000369,61
2022-09-20,TWSE,1256,鮮活果汁-KY,245.00,245.00,240.00,240.00,-4.00,12826,3096674,110
2022-09-20,TWSE,1301,台塑,86.00,86.60,85.80,86.10,0.60,5873019,506111015,3613
2022-09-20,TWSE,1303,南亞,67.50,67.80,67.00,67.20,-0.20,5147491,346484468,2844
2022-09-20,TWSE,1304,台聚,22.80,22.85,22.50,22.75,0.20,1491643,33890114,596
2022-09-20,TWSE,1305,華夏,22.40,22.55,22.30,22.35,-0.05,665718,14880302,487
2022-09-20,TWSE,1307,三芳,22.20,22.20,21.75,22.00,0.00,137535,3020402,193
2022-09-20,TWSE,1308,亞聚,29.45,29.50,29.05,29.15,-0.05,1671813,48762556,941
2022-09-20,TWSE,1309,台達化,22.10,22.15,21.90,22.00,-0.10,440989,9704908,308
2022-09-20,TWSE,1310,台苯,14.25,14.25,14.10,14.20,-0.05,235316,3338536,264
2022-09-20,TWSE,1312,國喬,18.75,18.95,18.65,18.75,0.10,2234812,41903395,808
2022-09-20,TWSE,1312A,國喬特,28.65,28.65,28.65,28.65,-0.25,10000,286500,4
2022-09-20,TWSE,1313,聯成,13.55,13.55,13.35,13.40,0.00,488277,6549351,322
2022-09-20,TWSE,1314,中石化,10.10,10.10,10.00,10.05,0.05,3875296,38984678,1271
2022-09-20,TWSE,1315,達新,68.00,68.00,67.70,67.80,0.10,7342,498151,15
2022-09-20,TWSE,1316,上曜,14.80,14.85,14.65,14.75,0.05,448226,6603835,333
2022-09-20,TWSE,1319,東陽,54.80,55.80,54.50,55.50,1.30,7477243,413767282,3823
2022-09-20,TWSE,1321,大洋,36.55,36.55,36.15,36.40,0.20,72030,2611695,57
2022-09-20,TWSE,1323,永裕,33.25,33.40,33.20,33.40,0.20,54001,1794633,24
2022-09-20,TWSE,1324,地球,10.95,10.95,10.90,10.90,0.00,25634,280637,23
2022-09-20,TWSE,1325,恆大,25.45,25.45,24.75,24.80,0.00,266382,6638653,165
2022-09-20,TWSE,1326,台化,67.60,68.20,67.40,68.00,0.60,1778794,120681850,1131
2022-09-20,TWSE,1337,再生-KY,7.78,7.92,7.70,7.84,0.17,2534886,19857210,1327
2022-09-20,TWSE,1338,廣華-KY,57.30,57.30,56.50,57.10,0.20,70106,3992641,84
2022-09-20,TWSE,1339,昭輝,43.90,44.00,43.55,43.95,0.45,60507,2648080,53
2022-09-20,TWSE,1340,勝悅-KY,10.10,10.20,10.05,10.20,0.10,52056,527145,122
2022-09-20,TWSE,1341,富林-KY,67.50,67.50,67.00,67.00,-0.30,6168,415439,10
2022-09-20,TWSE,1342,八貫,79.30,80.10,78.80,79.60,1.10,273971,21749196,229
2022-09-20,TWSE,1402,遠東新,32.25,32.80,32.10,32.80,0.70,9117383,297981983,4138
2022-09-20,TWSE,1409,新纖,17.25,17.35,17.20,17.25,0.00,1253904,21637810,836
2022-09-20,TWSE,1410,南染,40.90,41.80,40.55,40.85,-0.05,1439599,58932312,1183
2022-09-20,TWSE,1413,宏洲,11.00,11.05,10.85,10.95,-0.05,223572,2431733,82
2022-09-20,TWSE,1414,東和,17.75,17.90,17.40,17.90,0.00,115090,2037657,80
2022-09-20,TWSE,1416,廣豐,10.55,10.70,10.55,10.55,-0.05,40384,427245,72
2022-09-20,TWSE,1417,嘉裕,10.80,10.85,10.75,10.80,0.05,93812,1011924,51
2022-09-20,TWSE,1418,東華,,,,,0.00,2,30,2
2022-09-20,TWSE,1419,新紡,39.90,39.90,39.50,39.60,-0.20,117050,4641625,80
2022-09-20,TWSE,1423,利華,19.55,19.55,19.45,19.50,0.00,32006,624764,19
2022-09-20,TWSE,1432,大魯閣,12.70,12.70,12.40,12.50,0.10,110983,1383486,144
2022-09-20,TWSE,1434,福懋,27.20,27.30,27.20,27.25,0.05,504832,13759451,341
2022-09-20,TWSE,1436,華友聯,56.70,56.80,56.50,56.80,0.00,24074,1365500,21
2022-09-20,TWSE,1437,勤益控,25.00,25.10,24.95,25.00,0.00,86686,2167730,54
2022-09-20,TWSE,1438,三地開發,32.30,32.30,31.90,32.25,0.10,7010,225775,9
2022-09-20,TWSE,1439,雋揚,19.95,19.95,19.70,19.80,0.00,6030,119743,9
2022-09-20,TWSE,1440,南紡,18.20,18.35,18.10,18.15,0.05,591506,10742767,365
2022-09-20,TWSE,1441,大東,8.06,8.10,8.03,8.05,-0.01,39896,321271,63
2022-09-20,TWSE,1442,名軒,28.70,28.90,27.80,28.60,0.00,1173802,33185040,525
2022-09-20,TWSE,1443,立益物流,19.80,20.25,19.75,20.05,0.45,207418,4121994,95
2022-09-20,TWSE,1444,力麗,11.40,11.60,11.35,11.40,0.10,3227824,37059006,1146
2022-09-20,TWSE,1445,大宇,15.40,15.70,15.40,15.55,0.15,69001,1073966,25
2022-09-20,TWSE,1446,宏和,36.55,37.30,36.45,36.95,0.75,359101,13240122,213
2022-09-20,TWSE,1447,力鵬,9.00,9.05,8.92,8.93,-0.01,680576,6112021,334
2022-09-20,TWSE,1449,佳和,13.60,13.85,13.20,13.20,-0.30,600568,8055078,339
2022-09-20,TWSE,1451,年興,25.20,25.30,25.10,25.20,0.00,218118,5487868,171
2022-09-20,TWSE,1452,宏益,18.55,18.55,18.45,18.50,-0.10,59268,1096875,58
2022-09-20,TWSE,1453,大將,19.00,19.40,18.70,19.00,0.00,603250,11447863,340
2022-09-20,TWSE,1454,台富,13.10,13.20,12.95,13.10,0.10,109003,1418689,50
2022-09-20,TWSE,1455,集盛,10.40,10.40,10.20,10.25,-0.05,669035,6861675,284
2022-09-20,TWSE,1456,怡華,17.30,17.30,16.90,16.95,-0.35,21228,360993,19
2022-09-20,TWSE,1457,宜進,18.35,18.40,18.25,18.25,0.00,165879,3037967,95
2022-09-20,TWSE,1459,聯發,9.17,9.17,9.01,9.08,0.06,136500,1233684,39
2022-09-20,TWSE,1460,宏遠,8.10,8.14,8.05,8.09,0.04,516070,4167872,184
2022-09-20,TWSE,1463,強盛新,14.10,14.20,14.10,14.15,0.10,66243,937706,26
2022-09-20,TWSE,1464,得力,15.25,15.50,15.20,15.50,0.25,327552,5041807,201
2022-09-20,TWSE,1465,偉全,13.80,13.85,13.50,13.55,-0.20,131538,1804251,99
2022-09-20,TWSE,1466,聚隆,11.85,11.85,11.60,11.75,0.00,140010,1644711,43
2022-09-20,TWSE,1467,南緯,12.20,12.25,12.00,12.05,-0.15,1000985,12112243,416
2022-09-20,TWSE,1468,昶和,12.00,12.05,11.80,12.05,0.10,65898,785341,49
2022-09-20,TWSE,1470,大統新創,19.30,19.30,19.20,19.20,0.10,2000,38500,2
2022-09-20,TWSE,1471,首利,8.64,8.88,8.42,8.50,-0.14,936072,8004094,368
2022-09-20,TWSE,1472,三洋實業,24.50,24.50,24.05,24.05,-0.65,16000,387150,11
2022-09-20,TWSE,1473,台南,21.25,21.25,20.95,21.15,0.00,112916,2380758,87
2022-09-20,TWSE,1474,弘裕,13.00,13.00,12.70,12.90,0.20,301051,3869554,154
2022-09-20,TWSE,1475,業旺,53.80,53.80,52.00,53.80,0.00,15132,808598,17
2022-09-20,TWSE,1476,儒鴻,456.00,458.00,451.00,454.50,3.50,317494,144278930,386
2022-09-20,TWSE,1477,聚陽,204.00,204.00,200.50,202.00,0.50,1020662,206370097,1052
2022-09-20,TWSE,1503,士電,62.10,63.20,61.30,62.20,0.40,558718,34851662,549
2022-09-20,TWSE,1504,東元,28.50,28.55,28.30,28.40,0.00,833186,23666600,606
2022-09-20,TWSE,1506,正道,16.70,16.85,16.20,16.25,-0.35,647434,10668230,271
2022-09-20,TWSE,1512,瑞利,3.35,3.35,3.34,3.35,0.01,27006,90418,14
2022-09-20,TWSE,1513,中興電,64.40,66.50,63.70,66.30,2.10,19929793,1304062864,12299
2022-09-20,TWSE,1514,亞力,30.95,31.35,30.55,31.15,0.40,3210669,99600501,2159
2022-09-20,TWSE,1515,力山,33.25,33.80,33.10,33.20,0.35,548266,18364255,380
2022-09-20,TWSE,1516,川飛,24.90,24.90,24.55,24.65,0.00,108029,2667180,88
2022-09-20,TWSE,1517,利奇,24.55,24.80,24.40,24.55,0.00,1162202,28571376,671
2022-09-20,TWSE,1519,華城,41.05,44.20,40.00,43.50,3.10,14285817,613070294,8379
2022-09-20,TWSE,1521,大億,36.75,36.85,35.70,36.50,-0.05,16200,588058,20
2022-09-20,TWSE,1522,堤維西,29.25,29.50,29.00,29.45,0.50,1951996,57213318,1132
2022-09-20,TWSE,1522A,堤維西甲特,44.90,44.90,44.65,44.65,-0.20,2008,89907,4
2022-09-20,TWSE,1524,耿鼎,27.50,28.00,27.05,27.70,0.55,11261990,310545105,5731
2022-09-20,TWSE,1525,江申,62.30,62.40,62.30,62.40,0.10,13000,810100,5
2022-09-20,TWSE,1526,日馳,56.50,57.10,56.10,56.30,0.10,457101,25795319,375
2022-09-20,TWSE,1527,鑽全,42.70,42.70,42.30,42.50,0.30,264443,11226551,175
2022-09-20,TWSE,1528,恩德,10.55,10.65,10.50,10.55,0.05,202280,2139283,96
2022-09-20,TWSE,1529,樂事綠能,17.25,18.90,17.25,18.90,1.70,3905731,73292006,1522
2022-09-20,TWSE,1530,亞崴,31.60,31.60,31.10,31.35,0.00,6449,202030,19
2022-09-20,TWSE,1531,高林股,14.25,14.40,14.20,14.25,0.05,165551,2371978,53
2022-09-20,TWSE,1532,勤美,29.60,29.65,29.45,29.60,0.10,111882,3300207,79
2022-09-20,TWSE,1533,車王電,58.40,58.40,57.50,57.70,0.20,216012,12479300,185
2022-09-20,TWSE,1535,中宇,43.60,43.85,43.50,43.80,0.10,64101,2801834,44
2022-09-20,TWSE,1536,和大,94.50,95.80,93.60,93.70,0.80,5091153,481926687,4550
2022-09-20,TWSE,1537,廣隆,141.50,141.50,140.50,141.00,-0.50,66877,9419400,77
2022-09-20,TWSE,1538,正峰,,,,,0.00,194,1411,6
2022-09-20,TWSE,1539,巨庭,35.70,36.20,35.20,35.90,1.00,1738274,62055607,1130
2022-09-20,TWSE,1540,喬福,16.00,16.10,15.85,16.00,0.15,112328,1796160,88
2022-09-20,TWSE,1541,錩泰,35.10,36.30,35.10,35.80,0.70,61232,2194979,62
2022-09-20,TWSE,1558,伸興,129.00,129.50,128.50,129.50,0.50,69818,9012032,63
2022-09-20,TWSE,1560,中砂,140.00,140.00,137.00,139.50,1.00,2988737,414723419,2085
2022-09-20,TWSE,1568,倉佑,26.70,27.15,26.55,27.00,0.35,676461,18195915,487
2022-09-20,TWSE,1582,信錦,67.00,67.00,66.10,66.50,0.00,97985,6503934,231
2022-09-20,TWSE,1583,程泰,,,,,0.00,0,0,0
2022-09-20,TWSE,1587,吉茂,25.75,25.90,25.65,25.65,-0.10,110397,2839662,81
2022-09-20,TWSE,1589,永冠-KY,55.00,55.00,54.30,54.50,0.10,98622,5381055,103
2022-09-20,TWSE,1590,亞德客-KY,795.00,806.00,792.00,795.00,6.00,302321,240921776,337
2022-09-20,TWSE,1597,直得,71.40,72.30,70.60,71.60,0.20,20692,1481739,33
2022-09-20,TWSE,1598,岱宇,41.00,41.10,40.60,41.00,0.20,119507,4894187,97
2022-09-20,TWSE,1603,華電,27.95,27.95,27.30,27.40,-0.35,316185,8705362,237
2022-09-20,TWSE,1604,聲寶,27.25,27.85,27.25,27.85,0.55,138700,3806725,117
2022-09-20,TWSE,1605,華新,40.20,42.80,40.20,42.50,2.75,114147713,4764535452,50559
2022-09-20,TWSE,1608,華榮,14.15,14.15,13.85,13.95,0.05,326277,4554213,185
2022-09-20,TWSE,1609,大亞,20.60,20.90,20.45,20.75,0.15,4767952,98597995,2222
2022-09-20,TWSE,1611,中電,15.95,16.30,15.85,16.20,0.35,1167311,18778586,634
2022-09-20,TWSE,1612,宏泰,15.20,16.65,15.15,16.50,1.35,4460579,71781290,2164
2022-09-20,TWSE,1614,三洋電,35.60,35.60,35.60,35.60,0.10,5000,178000,4
2022-09-20,TWSE,1615,大山,29.80,29.80,29.50,29.75,0.05,17712,524846,26
2022-09-20,TWSE,1616,億泰,8.13,8.36,8.13,8.18,0.04,77500,633375,55
2022-09-20,TWSE,1617,榮星,15.20,15.25,15.15,15.25,0.10,14710,223542,10
2022-09-20,TWSE,1618,合機,15.65,16.10,14.80,15.20,-0.50,4859963,75010275,2226
2022-09-20,TWSE,1626,艾美特-KY,18.80,19.00,18.75,18.80,0.05,24110,453574,26
2022-09-20,TWSE,1701,中化,22.25,22.35,22.15,22.20,0.00,256452,5698843,195
2022-09-20,TWSE,1702,南僑,45.20,45.25,45.00,45.10,-0.05,57797,2608059,80
2022-09-20,TWSE,1707,葡萄王,141.50,141.50,138.50,139.50,-0.50,184854,25764515,246
2022-09-20,TWSE,1708,東鹼,48.70,48.85,47.70,48.40,0.30,6236478,301279324,3788
2022-09-20,TWSE,1709,和益,24.15,24.20,23.95,24.05,0.00,493133,11858454,286
2022-09-20,TWSE,1710,東聯,18.60,18.60,18.35,18.55,0.10,404792,7470947,271
2022-09-20,TWSE,1711,永光,19.75,19.80,19.55,19.75,0.15,411718,8108764,268
2022-09-20,TWSE,1712,興農,39.70,40.90,39.35,40.60,1.25,4735523,190930125,3083
2022-09-20,TWSE,1713,國化,25.10,25.30,25.10,25.25,0.15,105651,2662539,42
2022-09-20,TWSE,1714,和桐,9.12,9.16,9.09,9.14,0.08,534327,4874348,242
2022-09-20,TWSE,1717,長興,33.35,33.85,33.30,33.85,0.60,1808157,60913729,1063
2022-09-20,TWSE,1718,中纖,8.11,8.17,8.09,8.11,0.02,576938,4678427,393
2022-09-20,TWSE,1720,生達,46.25,46.60,46.10,46.45,0.10,237073,10968620,211
2022-09-20,TWSE,1721,國慶科技,16.50,16.75,15.80,15.85,0.35,2790859,45047000,1404
2022-09-20,TWSE,1722,台肥,60.40,60.50,60.00,60.10,-0.10,1255355,75600463,973
2022-09-20,TWSE,1723,中碳,112.50,113.50,112.50,113.00,0.50,170490,19226336,199
2022-09-20,TWSE,1725,元禎,22.15,22.60,21.80,22.25,0.05,290105,6454025,187
2022-09-20,TWSE,1726,永記,70.90,71.00,70.90,70.90,0.00,14003,993515,12
2022-09-20,TWSE,1727,中華化,29.00,30.10,29.00,29.10,0.55,1123416,33075347,656
2022-09-20,TWSE,1730,花仙子,57.00,57.00,56.70,56.70,-0.30,12180,691908,39
2022-09-20,TWSE,1731,美吾華,18.65,18.65,18.40,18.55,0.00,81794,1513974,80
2022-09-20,TWSE,1732,毛寶,34.00,34.50,33.50,33.75,-0.05,867880,29294350,695
2022-09-20,TWSE,1733,五鼎,26.35,26.60,26.25,26.50,0.25,224264,5917958,152
2022-09-20,TWSE,1734,杏輝,31.20,31.50,31.10,31.25,0.10,526609,16444076,342
2022-09-20,TWSE,1735,日勝化,15.20,15.20,15.00,15.00,0.10,3227,48800,7
2022-09-20,TWSE,1736,喬山,75.00,77.10,73.20,74.50,0.20,3502822,263092732,3047
2022-09-20,TWSE,1737,臺鹽,32.50,32.60,32.40,32.55,0.05,90014,2923374,124
2022-09-20,TWSE,1752,南光,37.95,37.95,37.50,37.60,0.00,45050,1695080,38
2022-09-20,TWSE,1760,寶齡富錦,135.50,137.00,133.00,137.00,0.00,7316109,991294114,4735
2022-09-20,TWSE,1762,中化生,56.40,56.40,55.40,55.70,0.30,173003,9640571,138
2022-09-20,TWSE,1773,勝一,128.00,130.00,127.50,129.00,1.50,113480,14588012,192
2022-09-20,TWSE,1776,展宇,17.90,18.10,17.85,18.05,0.20,17000,306650,12
2022-09-20,TWSE,1783,和康生,45.70,45.85,45.05,45.50,0.20,189525,8630447,162
2022-09-20,TWSE,1786,科妍,46.30,46.35,45.80,45.85,-0.35,62525,2881629,72
2022-09-20,TWSE,1789,神隆,25.70,25.75,25.35,25.50,-0.15,1110199,28340022,606
2022-09-20,TWSE,1795,美時,164.50,174.50,162.50,173.50,10.50,24490244,4156755727,15510
2022-09-20,TWSE,1802,台玻,16.70,16.75,16.55,16.60,-0.05,1449024,24045701,842
2022-09-20,TWSE,1805,寶徠,11.50,11.75,11.50,11.75,-0.05,2000,23250,2
2022-09-20,TWSE,1806,冠軍,9.10,9.12,9.01,9.01,-0.01,264743,2398272,174
2022-09-20,TWSE,1808,潤隆,70.10,71.00,69.80,70.30,0.40,294346,20649999,124
2022-09-20,TWSE,1809,中釉,12.80,12.80,12.65,12.70,-0.05,95050,1209390,60
2022-09-20,TWSE,1810,和成,10.65,10.65,10.55,10.60,0.00,141000,1492400,63
2022-09-20,TWSE,1817,凱撒衛,36.10,36.20,35.70,35.95,-0.45,75172,2698352,58
2022-09-20,TWSE,1903,士紙,55.70,56.20,55.70,55.90,0.10,19161,1070816,59
2022-09-20,TWSE,1904,正隆,27.30,27.40,27.15,27.25,0.10,228540,6227870,306
2022-09-20,TWSE,1905,華紙,17.55,17.70,17.30,17.35,0.10,400387,6981622,279
2022-09-20,TWSE,1906,寶隆,18.75,18.90,18.70,18.80,0.10,152888,2868875,75
2022-09-20,TWSE,1907,永豐餘,24.20,24.35,24.05,24.25,0.15,410626,9927248,342
2022-09-20,TWSE,1909,榮成,15.30,15.40,15.30,15.35,0.10,795351,12212956,392
2022-09-20,TWSE,2002,中鋼,29.15,29.25,28.45,28.60,-0.70,47793673,1369500541,22104
2022-09-20,TWSE,2002A,中鋼特,48.50,48.55,48.50,48.55,0.05,5219,253177,7
2022-09-20,TWSE,2006,東和鋼鐵,53.00,54.50,53.00,54.50,1.70,5207280,280791456,2131
2022-09-20,TWSE,2007,燁興,11.00,11.05,10.80,10.85,-0.05,974593,10603969,395
2022-09-20,TWSE,2008,高興昌,17.15,17.15,17.00,17.00,0.00,11284,192992,12
2022-09-20,TWSE,2009,第一銅,24.45,24.45,24.05,24.25,0.10,468858,11339827,336
2022-09-20,TWSE,2010,春源,15.75,15.75,15.60,15.65,0.05,284350,4450521,160
2022-09-20,TWSE,2012,春雨,22.65,22.65,22.50,22.50,-0.10,39242,885215,45
2022-09-20,TWSE,2013,中鋼構,58.00,58.50,57.50,57.50,-0.40,404767,23386521,572
2022-09-20,TWSE,2014,中鴻,24.55,24.60,23.80,24.20,-0.25,16516894,396864229,5558
2022-09-20,TWSE,2015,豐興,66.10,66.10,64.80,64.90,-0.60,157950,10275109,149
2022-09-20,TWSE,2017,官田鋼,14.00,14.00,13.65,13.75,-0.05,422023,5806999,336
2022-09-20,TWSE,2020,美亞,26.80,26.80,26.15,26.35,-0.10,369042,9706229,271
2022-09-20,TWSE,2022,聚亨,8.20,8.21,8.13,8.15,-0.04,306672,2500576,199
2022-09-20,TWSE,2023,燁輝,14.75,14.75,14.25,14.60,0.00,4271152,61759919,1861
2022-09-20,TWSE,2024,志聯,19.30,19.50,19.15,19.30,0.05,63221,1220187,42
2022-09-20,TWSE,2025,千興,5.16,5.16,4.98,4.98,-0.11,64014,321109,35
2022-09-20,TWSE,2027,大成鋼,39.35,39.40,39.00,39.35,0.35,4535289,177877958,2524
2022-09-20,TWSE,2028,威致,26.00,26.20,25.45,25.80,-0.05,577771,14840089,431
2022-09-20,TWSE,2029,盛餘,25.00,25.20,24.75,24.90,-0.10,260615,6483504,150
2022-09-20,TWSE,2030,彰源,24.90,25.10,24.50,24.90,0.20,964976,23879467,534
2022-09-20,TWSE,2031,新光鋼,38.80,38.95,37.50,37.60,-0.80,1672070,63165429,1142
2022-09-20,TWSE,2032,新鋼,20.25,20.25,19.90,20.20,0.00,494825,9935338,302
2022-09-20,TWSE,2033,佳大,14.85,14.90,14.50,14.60,-0.05,118053,1729024,76
2022-09-20,TWSE,2034,允強,29.25,29.25,28.90,28.95,0.00,499248,14474620,319
2022-09-20,TWSE,2038,海光,22.10,22.15,21.25,21.30,-0.45,991409,21408272,704
2022-09-20,TWSE,2049,上銀,193.50,194.50,190.50,190.50,-2.00,1006622,192915137,1192
2022-09-20,TWSE,2059,川湖,462.00,462.00,449.50,452.00,-4.00,198964,90190599,264
2022-09-20,TWSE,2062,橋椿,23.85,24.20,23.75,24.00,0.15,46120,1102780,43
2022-09-20,TWSE,2069,運錩,22.20,22.20,22.00,22.00,0.00,174911,3857470,130
2022-09-20,TWSE,2101,南港,38.55,38.75,38.35,38.65,0.15,328541,12638128,227
2022-09-20,TWSE,2102,泰豐,21.10,21.65,21.10,21.60,0.55,525392,11221588,305
2022-09-20,TWSE,2103,台橡,27.70,27.95,27.70,27.80,0.25,253571,7048573,181
2022-09-20,TWSE,2104,國際中橡,21.55,22.15,21.55,22.10,0.60,3843975,84329014,1556
2022-09-20,TWSE,2105,正新,39.60,39.80,39.10,39.60,0.15,12874072,509164437,5805
2022-09-20,TWSE,2106,建大,35.50,36.20,35.40,36.05,0.50,2178786,78128140,1181
2022-09-20,TWSE,2107,厚生,21.35,21.45,21.30,21.45,0.00,82345,1760545,107
2022-09-20,TWSE,2108,南帝,40.70,40.90,40.05,40.05,-0.50,851229,34263092,725
2022-09-20,TWSE,2109,華豐,14.95,14.95,14.75,14.75,-0.15,59380,881037,58
2022-09-20,TWSE,2114,鑫永銓,107.50,110.00,107.50,110.00,0.50,14147,1543596,20
2022-09-20,TWSE,2115,六暉-KY,31.30,31.55,31.25,31.40,-0.10,45008,1413599,36
2022-09-20,TWSE,2201,裕隆,42.30,43.35,42.20,43.30,1.35,6132343,263194278,3031
2022-09-20,TWSE,2204,中華,44.90,44.95,44.50,44.85,0.05,436888,19559951,342
2022-09-20,TWSE,2206,三陽工業,39.45,39.50,38.40,39.20,0.15,7127571,278584059,4417
2022-09-20,TWSE,2207,和泰車,597.00,600.00,591.00,600.00,9.00,147847,88374506,207
2022-09-20,TWSE,2208,台船,17.70,17.70,17.50,17.65,0.10,726053,12764616,469
2022-09-20,TWSE,2211,長榮鋼,59.40,59.60,59.10,59.40,0.00,189936,11281509,186
2022-09-20,TWSE,2227,裕日車,202.50,203.00,201.00,201.50,-0.50,11210,2266998,49
2022-09-20,TWSE,2228,劍麟,81.60,84.00,81.40,84.00,3.70,943294,78104843,946
2022-09-20,TWSE,2231,為升,173.00,176.50,171.50,173.00,4.00,814767,141686969,2123
2022-09-20,TWSE,2233,宇隆,109.50,110.50,109.00,109.50,0.50,102589,11248316,101
2022-09-20,TWSE,2236,百達-KY,21.40,21.40,20.95,20.95,-0.20,37100,784250,26
2022-09-20,TWSE,2239,英利-KY,77.60,77.60,75.40,76.80,1.00,103098,7869944,100
2022-09-20,TWSE,2241,艾姆勒,31.25,31.70,31.25,31.50,0.20,48395,1523317,40
2022-09-20,TWSE,2243,宏旭-KY,14.30,14.75,14.30,14.50,-0.10,162000,2342050,77
2022-09-20,TWSE,2247,汎德永業,205.00,206.50,204.50,206.50,1.00,40300,8281025,45
2022-09-20,TWSE,2250,IKKA-KY,84.30,84.30,82.00,82.10,-2.40,15497,1278643,25
2022-09-20,TWSE,2301,光寶科,68.50,69.00,67.70,68.20,-0.40,11214830,764870966,5203
2022-09-20,TWSE,2302,麗正,18.40,18.45,18.20,18.25,0.15,230768,4218975,149
2022-09-20,TWSE,2303,聯電,40.20,40.45,39.90,40.15,0.20,37859379,1519151943,11500
2022-09-20,TWSE,2305,全友,30.85,31.10,29.80,30.75,0.10,2953820,90487215,1586
2022-09-20,TWSE,2308,台達電,270.50,272.50,268.50,271.00,2.00,4435642,1200721725,7257
2022-09-20,TWSE,2312,金寶,13.55,13.55,13.35,13.40,0.05,3344137,44925689,1124
2022-09-20,TWSE,2313,華通,48.85,48.90,48.15,48.50,0.05,8560216,415081112,4198
2022-09-20,TWSE,2314,台揚,45.50,46.25,45.00,45.20,0.10,1075960,48806279,852
2022-09-20,TWSE,2316,楠梓電,27.05,27.05,26.75,26.75,-0.05,174225,4671636,240
2022-09-20,TWSE,2317,鴻海,107.50,108.50,107.00,108.50,1.50,26209523,2827366527,8429
2022-09-20,TWSE,2321,東訊,,,,,0.00,150,903,1
2022-09-20,TWSE,2323,中環,7.81,7.87,7.77,7.78,0.01,1361413,10617453,650
2022-09-20,TWSE,2324,仁寶,22.55,22.70,22.40,22.70,0.10,31716439,716351139,5695
2022-09-20,TWSE,2327,國巨*,337.50,337.50,330.00,333.50,-2.00,2386651,795767685,3861
2022-09-20,TWSE,2328,廣宇,34.10,34.25,33.95,33.95,0.20,520657,17722561,329
2022-09-20,TWSE,2329,華泰,17.50,17.70,17.25,17.25,-0.15,1736678,30120600,750
2022-09-20,TWSE,2330,台積電,470.50,478.00,470.00,476.50,9.50,23269759,11027746136,20621
2022-09-20,TWSE,2331,精英,25.40,25.85,25.05,25.65,0.55,6271541,160457556,2404
2022-09-20,TWSE,2332,友訊,16.95,16.95,16.55,16.75,0.00,1086783,18112713,704
2022-09-20,TWSE,2337,旺宏,31.55,31.60,31.10,31.30,0.05,3034231,94811738,1487
2022-09-20,TWSE,2338,光罩,73.70,74.50,73.60,74.50,1.80,1028055,76260829,835
2022-09-20,TWSE,2340,台亞,36.80,37.20,36.60,36.75,0.30,1341012,49443500,867
2022-09-20,TWSE,2342,茂矽,40.45,40.50,39.95,40.20,0.35,449934,18080473,311
2022-09-20,TWSE,2344,華邦電,20.70,20.90,20.40,20.50,-0.05,8017298,164999661,3320
2022-09-20,TWSE,2345,智邦,285.00,291.50,282.00,290.50,9.50,4021945,1160081149,3599
2022-09-20,TWSE,2347,聯強,56.60,57.10,56.10,56.10,-0.40,5852070,329756782,2495
2022-09-20,TWSE,2348,海悅,72.80,73.50,72.40,72.90,0.20,59197,4300197,85
2022-09-20,TWSE,2348A,海悅甲特,36.80,36.80,36.75,36.75,0.00,4010,147465,5
2022-09-20,TWSE,2349,錸德,8.46,8.49,8.39,8.42,0.00,718302,6054348,261
2022-09-20,TWSE,2351,順德,115.00,115.50,113.00,114.50,1.00,718723,82112107,539
2022-09-20,TWSE,2352,佳世達,29.30,29.50,29.05,29.30,0.30,3032274,88697015,1078
2022-09-20,TWSE,2353,宏碁,21.90,22.05,21.80,21.90,0.10,6944551,152330993,2553
2022-09-20,TWSE,2354,鴻準,48.30,48.45,48.00,48.30,0.30,738404,35583078,696
2022-09-20,TWSE,2355,敬鵬,29.10,29.50,29.00,29.20,0.25,634646,18539207,312
2022-09-20,TWSE,2356,英業達,23.10,23.20,22.95,23.20,0.20,8662795,200404103,2222
2022-09-20,TWSE,2357,華碩,256.00,256.50,252.00,253.50,-1.00,2720421,690114289,1885
2022-09-20,TWSE,2358,廷鑫,14.45,14.55,14.35,14.45,0.10,392456,5665404,195
2022-09-20,TWSE,2359,所羅門,24.50,25.15,24.50,24.90,0.60,1749543,43518030,1050
2022-09-20,TWSE,2360,致茂,198.50,200.50,194.00,196.50,0.50,1680622,331604926,1392
2022-09-20,TWSE,2362,藍天,33.85,34.00,33.70,33.75,-0.05,197510,6676704,123
2022-09-20,TWSE,2363,矽統,18.65,18.95,18.65,18.75,0.10,877092,16475339,493
2022-09-20,TWSE,2364,倫飛,73.80,77.70,73.80,77.70,5.70,425704,31906465,371
2022-09-20,TWSE,2365,昆盈,10.75,10.75,10.60,10.70,0.00,280587,2988834,121
2022-09-20,TWSE,2367,燿華,23.35,23.85,23.25,23.55,0.70,32593065,768784765,11346
2022-09-20,TWSE,2368,金像電,89.80,92.20,88.80,91.10,3.00,13900539,1262195689,10979
2022-09-20,TWSE,2369,菱生,15.10,15.15,14.95,14.95,0.10,678996,10207639,495
2022-09-20,TWSE,2371,大同,32.85,33.20,32.85,33.10,0.25,4297337,141844688,1303
2022-09-20,TWSE,2373,震旦行,83.00,83.00,82.50,82.50,0.00,21116,1746412,28
2022-09-20,TWSE,2374,佳能,22.05,22.35,21.95,22.10,0.10,665587,14700160,387
2022-09-20,TWSE,2375,凱美,59.30,59.50,58.10,58.10,-0.50,270315,15814531,366
2022-09-20,TWSE,2376,技嘉,95.50,96.20,92.30,93.20,-2.10,12789271,1196687696,16276
2022-09-20,TWSE,2377,微星,123.00,123.50,121.00,122.00,-1.00,5470409,668036530,3019
2022-09-20,TWSE,2379,瑞昱,309.50,310.50,300.50,305.00,-1.00,3361603,1021805414,3526
2022-09-20,TWSE,2380,虹光,13.00,13.00,12.50,12.55,-0.20,668645,8445522,326
2022-09-20,TWSE,2382,廣達,79.80,80.10,79.20,79.30,-0.40,8051458,639907602,3357
2022-09-20,TWSE,2383,台光電,169.00,172.00,168.00,172.00,5.00,2645314,450137878,1964
2022-09-20,TWSE,2385,群光,82.40,83.80,82.10,83.80,1.90,5035749,418991257,2186
2022-09-20,TWSE,2387,精元,42.00,42.05,40.70,40.85,-0.75,2655993,109626931,1951
2022-09-20,TWSE,2388,威盛,87.60,89.10,86.70,88.30,1.80,20760390,1826452437,11329
2022-09-20,TWSE,2390,云辰,13.65,13.70,13.50,13.50,0.10,285959,3889682,209
2022-09-20,TWSE,2392,正崴,36.70,36.70,36.20,36.60,0.15,514946,18755754,428
2022-09-20,TWSE,2393,億光,38.40,38.75,38.40,38.60,0.45,814736,31454322,527
2022-09-20,TWSE,2395,研華,320.00,321.50,313.50,320.50,-0.50,508260,161894034,1103
2022-09-20,TWSE,2397,友通,57.90,58.00,56.90,57.90,0.90,13000,751200,12
2022-09-20,TWSE,2399,映泰,14.20,14.30,14.00,14.10,0.05,375162,5291442,186
2022-09-20,TWSE,2401,凌陽,26.05,26.15,25.20,25.25,-0.60,4849572,123340105,3022
2022-09-20,TWSE,2402,毅嘉,17.20,17.50,17.10,17.25,0.45,4179915,72141044,1994
2022-09-20,TWSE,2404,漢唐,169.50,170.00,163.50,163.50,-3.00,815146,134885773,1092
2022-09-20,TWSE,2405,輔信,14.00,14.20,13.90,14.10,0.30,2123857,29865256,874
2022-09-20,TWSE,2406,國碩,20.50,20.70,20.15,20.35,0.10,1214215,24788311,760
2022-09-20,TWSE,2408,南亞科,49.10,49.10,47.55,47.65,-0.95,12977656,621587513,10011
2022-09-20,TWSE,2409,友達,18.00,18.05,17.10,17.10,-0.85,100024407,1742351187,30238
2022-09-20,TWSE,2412,中華電,118.50,119.00,118.00,118.00,0.00,5068034,599434589,3430
2022-09-20,TWSE,2413,環科,23.15,24.35,23.05,24.25,1.45,3929805,93938450,2013
2022-09-20,TWSE,2414,精技,31.40,31.50,31.30,31.50,0.15,60234,1890715,71
2022-09-20,TWSE,2415,錩新,26.90,27.05,26.60,26.85,-0.05,38142,1020755,57
2022-09-20,TWSE,2417,圓剛,22.90,23.30,22.90,22.90,0.10,188701,4342164,155
2022-09-20,TWSE,2419,仲琦,28.30,28.45,27.80,27.90,0.00,2272892,63749186,1134
2022-09-20,TWSE,2420,新巨,40.65,40.80,40.60,40.80,0.15,73507,2986874,76
2022-09-20,TWSE,2421,建準,40.15,40.60,40.15,40.60,0.45,130819,5281321,116
2022-09-20,TWSE,2423,固緯,25.90,26.25,25.80,26.15,0.35,272000,7076550,216
2022-09-20,TWSE,2424,隴華,20.00,20.00,20.00,20.00,0.00,12632,244863,23
2022-09-20,TWSE,2425,承啟,26.75,26.85,26.55,26.60,-0.10,551108,14720523,239
2022-09-20,TWSE,2426,鼎元,17.85,18.00,17.70,17.75,0.00,184114,3287310,138
2022-09-20,TWSE,2427,三商電,12.35,12.40,12.30,12.30,-0.05,168777,2082238,122
2022-09-20,TWSE,2428,興勤,136.00,136.00,133.00,133.50,-1.00,173685,23240360,183
2022-09-20,TWSE,2429,銘旺科,13.00,13.00,12.35,12.45,-0.25,18003,224986,14
2022-09-20,TWSE,2430,燦坤,46.10,46.10,45.85,46.00,-0.50,82691,3800368,123
2022-09-20,TWSE,2431,聯昌,11.15,11.25,11.10,11.15,-0.05,83016,927276,50
2022-09-20,TWSE,2433,互盛電,48.50,48.50,48.35,48.45,-0.25,16000,774050,11
2022-09-20,TWSE,2434,統懋,29.80,29.80,29.80,29.80,1.00,6070,170698,18
2022-09-20,TWSE,2436,偉詮電,45.50,46.15,45.10,45.35,0.55,811987,36890754,578
2022-09-20,TWSE,2438,翔耀,13.75,14.15,13.75,14.15,-0.05,13169,185720,9
2022-09-20,TWSE,2439,美律,93.00,93.10,91.50,91.80,0.30,1066998,98283704,1085
2022-09-20,TWSE,2440,太空梭,12.40,12.60,12.30,12.45,0.05,135234,1676625,83
2022-09-20,TWSE,2441,超豐,53.30,54.00,53.00,53.70,0.50,2918372,156166520,1445
2022-09-20,TWSE,2442,新美齊,12.90,13.00,12.85,12.85,-0.05,326877,4219820,112
2022-09-20,TWSE,2443,昶虹,2.97,2.97,2.94,2.95,-0.02,16009,47267,12
2022-09-20,TWSE,2444,兆勁,13.00,13.15,12.90,13.00,0.10,258325,3364440,106
2022-09-20,TWSE,2449,京元電子,35.30,35.50,34.70,34.95,-0.25,10031245,350232670,4306
2022-09-20,TWSE,2450,神腦,31.60,31.70,31.55,31.60,0.00,13535,427825,30
2022-09-20,TWSE,2451,創見,66.10,66.40,66.00,66.00,-0.80,155051,10255399,142
2022-09-20,TWSE,2453,凌群,25.00,25.30,25.00,25.10,0.20,49100,1233550,42
2022-09-20,TWSE,2454,聯發科,607.00,611.00,603.00,605.00,1.00,3254305,1972905814,4313
2022-09-20,TWSE,2455,全新,66.00,66.50,64.40,65.00,-0.60,1200468,78167621,1006
2022-09-20,TWSE,2457,飛宏,39.20,40.10,37.95,39.35,0.40,13332836,520574948,7772
2022-09-20,TWSE,2458,義隆,89.00,90.00,87.50,88.30,-0.30,6122805,540084362,3692
2022-09-20,TWSE,2459,敦吉,52.30,52.40,52.00,52.00,-0.30,43937,2291926,55
2022-09-20,TWSE,2460,建通,15.40,15.90,15.05,15.80,0.60,238795,3682342,481
2022-09-20,TWSE,2461,光群雷,18.70,18.70,18.55,18.70,0.15,81118,1510752,60
2022-09-20,TWSE,2462,良得電,26.05,26.25,25.90,26.25,0.30,117201,3055592,94
2022-09-20,TWSE,2464,盟立,39.75,40.45,39.70,40.15,0.65,230676,9235296,229
2022-09-20,TWSE,2465,麗臺,29.95,30.20,29.50,29.60,0.00,328087,9752575,281
2022-09-20,TWSE,2466,冠西電,32.70,32.85,32.45,32.65,-0.05,80000,2617150,58
2022-09-20,TWSE,2467,志聖,48.25,48.25,46.30,46.40,-1.25,416110,19449743,1071
2022-09-20,TWSE,2468,華經,18.95,20.05,18.75,18.90,0.30,4180052,80752643,2333
2022-09-20,TWSE,2471,資通,27.05,27.20,26.95,27.15,0.10,57686,1559130,53
2022-09-20,TWSE,2472,立隆電,53.90,54.20,53.30,53.60,0.00,124092,6659549,93
2022-09-20,TWSE,2474,可成,173.50,176.50,173.50,176.00,2.50,1978067,346783236,1655
2022-09-20,TWSE,2476,鉅祥,52.80,53.20,52.10,52.20,0.00,745703,39139069,483
2022-09-20,TWSE,2477,美隆電,20.35,20.40,20.05,20.40,0.05,145639,2935864,111
2022-09-20,TWSE,2478,大毅,42.90,42.90,42.60,42.80,0.10,57505,2459903,80
2022-09-20,TWSE,2480,敦陽科,81.50,82.10,80.80,81.80,0.80,139540,11322153,140
2022-09-20,TWSE,2481,強茂,65.80,66.50,64.60,65.40,0.40,2515872,164622049,1816
2022-09-20,TWSE,2482,連宇,22.60,23.45,22.50,23.45,1.15,1501094,34508729,861
2022-09-20,TWSE,2483,百容,30.85,31.20,30.10,30.80,-0.05,3457259,106031396,1977
2022-09-20,TWSE,2484,希華,35.45,35.50,35.00,35.05,0.05,1032551,36317400,667
2022-09-20,TWSE,2485,兆赫,18.90,18.95,18.55,18.70,0.00,949513,17783305,530
2022-09-20,TWSE,2486,一詮,21.50,21.50,21.15,21.15,0.00,493810,10524133,311
2022-09-20,TWSE,2488,漢平,30.80,31.10,30.55,30.60,-0.20,573765,17646754,336
2022-09-20,TWSE,2489,瑞軒,10.35,10.40,10.15,10.25,0.00,1032836,10608862,801
2022-09-20,TWSE,2491,吉祥全,13.40,13.50,13.30,13.50,0.10,20251,271491,17
2022-09-20,TWSE,2492,華新科,87.60,88.00,86.30,86.60,-0.60,1377197,119661690,1240
2022-09-20,TWSE,2493,揚博,41.50,41.50,41.30,41.35,0.05,107115,4429018,62
2022-09-20,TWSE,2495,普安,16.80,17.00,16.75,16.85,0.25,385625,6515923,232
2022-09-20,TWSE,2496,卓越,47.25,47.25,47.25,47.25,0.40,1000,47250,1
2022-09-20,TWSE,2497,怡利電,87.10,90.60,87.10,90.60,4.80,18680090,1665430942,13216
2022-09-20,TWSE,2498,宏達電,62.10,63.30,62.10,62.80,1.50,37730150,2365357209,17494
2022-09-20,TWSE,2501,國建,16.85,16.85,16.70,16.80,0.05,93655,1571536,77
2022-09-20,TWSE,2504,國產,25.85,26.10,25.65,25.75,0.15,2204813,56907942,1021
2022-09-20,TWSE,2505,國揚,19.70,19.70,19.50,19.55,0.05,59615,1165446,42
2022-09-20,TWSE,2506,太設,9.82,9.85,9.72,9.77,-0.05,345327,3382548,95
2022-09-20,TWSE,2509,全坤建,15.40,15.50,15.30,15.45,0.05,15862,244374,78
2022-09-20,TWSE,2511,太子,11.60,11.60,11.50,11.55,0.00,640044,7391002,240
2022-09-20,TWSE,2514,龍邦,16.80,16.90,16.75,16.90,0.10,149422,2518905,37
2022-09-20,TWSE,2515,中工,9.08,9.13,9.06,9.07,0.01,3818458,34661870,1282
2022-09-20,TWSE,2516,新建,5.03,5.04,5.00,5.00,-0.01,115884,580550,54
2022-09-20,TWSE,2520,冠德,26.95,27.00,26.80,26.85,-0.10,604754,16262124,465
2022-09-20,TWSE,2524,京城,34.60,35.15,34.60,35.15,0.55,27493,959409,23
2022-09-20,TWSE,2527,宏璟,21.70,21.75,21.50,21.70,0.00,79805,1725698,75
2022-09-20,TWSE,2528,皇普,19.55,19.55,19.30,19.30,-0.25,51000,985200,21
2022-09-20,TWSE,2530,華建,17.05,17.30,16.90,17.05,0.05,841950,14331243,348
2022-09-20,TWSE,2534,宏盛,25.75,25.80,25.60,25.70,-0.05,741999,19033025,484
2022-09-20,TWSE,2535,達欣工,31.70,31.90,31.55,31.65,0.00,459573,14615106,366
2022-09-20,TWSE,2536,宏普,23.70,23.70,23.45,23.55,-0.05,150131,3534147,95
2022-09-20,TWSE,2537,聯上發,7.74,7.74,7.70,7.73,0.01,436902,3373718,159
2022-09-20,TWSE,2538,基泰,14.35,14.35,14.00,14.10,-0.15,1266220,17884448,351
2022-09-20,TWSE,2539,櫻花建,32.50,32.55,32.40,32.45,0.00,158387,5142935,156
2022-09-20,TWSE,2540,愛山林,80.00,80.10,75.50,78.80,-1.20,725203,56122176,485
2022-09-20,TWSE,2542,興富發,48.20,48.20,47.95,48.00,-0.15,6168955,296332244,2798
2022-09-20,TWSE,2543,皇昌,9.12,9.12,9.01,9.01,-0.03,178555,1615236,93
2022-09-20,TWSE,2545,皇翔,42.00,42.05,41.50,41.70,-0.15,263084,10956321,306
2022-09-20,TWSE,2546,根基,50.00,50.40,49.95,50.10,0.20,85040,4257774,153
2022-09-20,TWSE,2547,日勝生,10.20,10.30,10.15,10.25,0.05,450756,4612502,230
2022-09-20,TWSE,2548,華固,92.60,92.90,92.20,92.50,0.00,233523,21582260,291
2022-09-20,TWSE,2597,潤弘,88.50,88.80,88.00,88.50,0.20,40545,3576725,53
2022-09-20,TWSE,2601,益航,9.17,9.20,9.08,9.09,-0.02,1564342,14274732,821
2022-09-20,TWSE,2603,長榮,171.50,173.00,167.50,172.50,3.50,45784406,7832480889,29971
2022-09-20,TWSE,2605,新興,20.85,21.35,20.85,20.90,0.25,2202661,46345191,1078
2022-09-20,TWSE,2606,裕民,39.20,39.70,39.10,39.25,0.25,2477281,97498365,1565
2022-09-20,TWSE,2607,榮運,34.10,34.80,33.65,33.65,-0.35,14181464,484318238,6113
2022-09-20,TWSE,2608,嘉里大榮,40.85,41.15,39.85,40.35,-0.05,711622,28661157,592
2022-09-20,TWSE,2609,陽明,69.20,70.20,68.50,68.50,0.50,47538753,3289180435,22706
2022-09-20,TWSE,2610,華航,22.70,22.95,22.60,22.70,0.25,68087917,1551787720,18383
2022-09-20,TWSE,2611,志信,15.05,15.20,14.85,14.85,0.00,576963,8639968,400
2022-09-20,TWSE,2612,中航,36.35,36.80,35.65,35.75,-0.30,697717,25188884,511
2022-09-20,TWSE,2613,中櫃,29.25,30.25,29.25,29.85,0.45,571749,17058566,430
2022-09-20,TWSE,2614,東森,21.60,21.80,21.40,21.45,0.05,893125,19225930,832
2022-09-20,TWSE,2615,萬海,75.50,76.40,74.70,75.10,1.00,16501242,1246518817,9747
2022-09-20,TWSE,2616,山隆,34.30,34.55,34.20,34.20,0.00,56656,1945578,80
2022-09-20,TWSE,2617,台航,27.30,27.60,27.25,27.50,0.40,808574,22150653,452
2022-09-20,TWSE,2618,長榮航,34.25,35.15,34.10,35.10,1.15,145329808,5064043523,45075
2022-09-20,TWSE,2630,亞航,17.10,17.30,17.10,17.25,0.05,43220,743890,49
2022-09-20,TWSE,2633,台灣高鐵,28.65,29.00,28.65,28.95,0.35,2676118,77190370,1455
2022-09-20,TWSE,2634,漢翔,35.90,36.15,35.60,36.10,0.50,1854709,66469719,926
2022-09-20,TWSE,2636,台驊控股,71.10,72.30,71.00,71.70,1.20,711202,51001102,611
2022-09-20,TWSE,2637,慧洋-KY,56.00,56.50,55.40,55.40,0.30,5505206,307299416,3454
2022-09-20,TWSE,2642,宅配通,50.40,51.70,50.40,50.80,0.60,119700,6089893,101
2022-09-20,TWSE,2701,萬企,12.10,12.15,12.00,12.05,0.05,51186,618182,22
2022-09-20,TWSE,2702,華園,24.25,25.40,24.15,25.05,1.15,778104,19392592,557
2022-09-20,TWSE,2704,國賓,31.20,32.30,31.05,31.50,0.30,397319,12579457,259
2022-09-20,TWSE,2705,六福,16.45,16.50,16.35,16.45,0.20,123472,2030978,112
2022-09-20,TWSE,2706,第一店,14.20,14.25,14.15,14.20,0.10,128177,1820315,68
2022-09-20,TWSE,2707,晶華,179.00,184.50,176.00,183.50,12.00,2907580,528219481,2886
2022-09-20,TWSE,2712,遠雄來,,,,,0.00,0,0,0
2022-09-20,TWSE,2722,夏都,32.65,33.10,32.60,33.00,0.45,85400,2805479,70
2022-09-20,TWSE,2723,美食-KY,108.00,114.00,107.50,111.50,5.00,2647628,295121831,2122
2022-09-20,TWSE,2727,王品,125.00,136.00,124.50,136.00,12.00,2419999,318010227,2498
2022-09-20,TWSE,2731,雄獅,94.60,98.40,94.60,97.90,3.90,2757419,267947592,2136
2022-09-20,TWSE,2739,寒舍,27.50,27.70,27.35,27.55,0.45,62915,1728748,59
2022-09-20,TWSE,2748,雲品,45.45,46.10,45.25,45.95,1.15,170405,7818990,168
2022-09-20,TWSE,2753,八方雲集,165.00,180.00,164.50,178.00,14.00,1839775,322595923,1303
2022-09-20,TWSE,2801,彰銀,17.55,17.60,17.45,17.55,0.05,4095315,71773620,1415
2022-09-20,TWSE,2809,京城銀,34.25,34.30,34.05,34.15,0.10,580627,19843145,501
2022-09-20,TWSE,2812,台中銀,13.60,13.65,13.55,13.55,0.00,2079494,28237901,1137
2022-09-20,TWSE,2816,旺旺保,15.90,15.95,15.85,15.85,-0.15,28300,449371,29
2022-09-20,TWSE,2820,華票,15.70,15.75,15.50,15.55,-0.05,1509162,23485941,908
2022-09-20,TWSE,2832,台產,20.35,20.45,20.25,20.40,0.10,113873,2316297,93
2022-09-20,TWSE,2834,臺企銀,12.45,12.45,12.35,12.45,0.10,21750036,270354025,4829
2022-09-20,TWSE,2836,高雄銀,13.50,13.50,13.30,13.35,0.00,294710,3936202,187
2022-09-20,TWSE,2836A,高雄銀甲特,,,,,0.00,0,0,0
2022-09-20,TWSE,2838,聯邦銀,15.90,16.10,15.80,15.85,0.05,4319272,68864639,2749
2022-09-20,TWSE,2838A,聯邦銀甲特,51.40,51.40,51.20,51.30,-0.20,114256,5863932,83
2022-09-20,TWSE,2845,遠東銀,11.30,11.35,11.20,11.25,-0.10,7060298,79513764,1857
2022-09-20,TWSE,2849,安泰銀,14.50,14.50,14.45,14.50,0.05,13530,195924,20
2022-09-20,TWSE,2850,新產,53.00,53.40,52.20,52.60,-0.50,569670,29940064,555
2022-09-20,TWSE,2851,中再保,20.85,20.95,20.70,20.85,0.00,272576,5668299,179
2022-09-20,TWSE,2852,第一保,14.85,14.90,14.80,14.85,0.00,68574,1018417,45
2022-09-20,TWSE,2855,統一證,15.80,15.85,15.65,15.75,0.00,559324,8782198,483
2022-09-20,TWSE,2867,三商壽,6.48,6.48,6.38,6.40,-0.05,3005944,19269092,1315
2022-09-20,TWSE,2880,華南金,23.25,23.25,23.05,23.15,0.05,5469380,126608320,2583
2022-09-20,TWSE,2881,富邦金,57.10,57.30,56.70,56.90,0.10,12650346,720531883,5423
2022-09-20,TWSE,2881A,富邦特,60.50,60.50,60.00,60.30,-0.20,339323,20446719,133
2022-09-20,TWSE,2881B,富邦金乙特,59.80,60.00,59.70,60.00,0.00,51424,3074548,30
2022-09-20,TWSE,2881C,富邦金丙特,58.60,58.60,58.50,58.60,-0.10,61333,3592143,79
2022-09-20,TWSE,2882,國泰金,43.05,43.25,42.95,43.05,0.30,12949947,557863866,4895
2022-09-20,TWSE,2882A,國泰特,59.80,59.80,59.60,59.80,0.00,153598,9158280,26
2022-09-20,TWSE,2882B,國泰金乙特,59.60,59.80,59.40,59.80,0.00,55148,3283048,43
2022-09-20,TWSE,2883,凱基金,13.05,13.15,13.00,13.10,0.15,19973162,261290860,5035
2022-09-20,TWSE,2883B,凱基金乙特,8.31,8.31,8.28,8.30,-0.01,1679057,13920898,311
2022-09-20,TWSE,2884,玉山金,27.45,27.50,27.30,27.40,0.00,14354390,393152862,6734
2022-09-20,TWSE,2885,元大金,20.30,20.55,20.25,20.50,0.35,15555715,317575087,4288
2022-09-20,TWSE,2886,兆豐金,34.65,34.70,34.45,34.45,0.00,11877753,410516615,8360
2022-09-20,TWSE,2887,台新新光金,14.85,14.90,14.80,14.80,-0.05,21134848,313534454,11970
2022-09-20,TWSE,2887E,台新新光戊特一,51.10,51.20,50.80,51.00,-0.10,2233532,114997077,113
2022-09-20,TWSE,2887F,台新新光戊特二,49.30,49.30,49.10,49.20,-0.10,17766,873733,18
2022-09-20,TWSE,2887Z1,台新新光己特,17.00,17.00,17.00,17.00,0.00,6266,106604,19
2022-09-20,TWSE,2888,新光金,8.70,8.71,8.62,8.69,-0.01,23747477,205682406,4792
2022-09-20,TWSE,2888A,新光金甲特,39.05,39.20,39.00,39.20,-0.10,36117,1409248,28
2022-09-20,TWSE,2888B,新光金乙特,39.00,39.00,38.95,39.00,-0.05,90557,3531675,61
2022-09-20,TWSE,2889,國票金,12.80,12.85,12.65,12.70,0.00,2179559,27661023,1981
2022-09-20,TWSE,2890,永豐金,17.80,17.85,17.45,17.60,-0.15,26992187,474220000,8785
2022-09-20,TWSE,2891,中信金,22.25,22.30,22.05,22.20,0.05,27011484,599069873,9140
2022-09-20,TWSE,2891B,中信金乙特,61.00,61.00,60.50,61.00,0.00,7221,439375,15
2022-09-20,TWSE,2891C,中信金丙特,59.60,60.30,59.60,60.30,0.00,27116,1624842,45
2022-09-20,TWSE,2892,第一金,26.65,26.75,26.50,26.50,-0.10,11891203,316002449,4902
2022-09-20,TWSE,2897,王道銀行,8.69,8.75,8.67,8.68,0.02,1556518,13530746,515
2022-09-20,TWSE,2897A,王道銀甲特,10.10,10.10,10.10,10.10,-0.05,98000,989800,8
2022-09-20,TWSE,2901,欣欣,24.00,24.10,23.90,24.05,0.05,36436,875383,44
2022-09-20,TWSE,2903,遠百,20.15,20.25,20.10,20.20,0.10,182875,3685055,134
2022-09-20,TWSE,2904,匯僑,20.05,20.05,19.85,20.00,-0.10,21108,421470,26
2022-09-20,TWSE,2905,三商,15.35,15.35,15.15,15.35,0.05,559130,8525954,660
2022-09-20,TWSE,2906,高林,18.05,18.25,17.90,18.15,0.30,950573,17215523,534
2022-09-20,TWSE,2908,特力,21.05,21.10,20.85,21.05,0.05,75330,1579120,44
2022-09-20,TWSE,2910,統領,30.80,30.80,30.35,30.80,0.35,19000,579950,17
2022-09-20,TWSE,2911,麗嬰房,6.84,6.84,6.66,6.66,-0.14,140614,945119,198
2022-09-20,TWSE,2912,統一超,273.50,278.00,272.00,277.50,5.50,1430037,395428701,1753
2022-09-20,TWSE,2913,農林,20.85,21.00,20.80,20.85,0.05,1675190,34997770,567
2022-09-20,TWSE,2915,潤泰全,52.50,52.90,52.30,52.50,-0.10,2775617,145697512,1792
2022-09-20,TWSE,2923,鼎固-KY,21.05,21.05,20.85,20.95,0.05,28638,600899,161
2022-09-20,TWSE,2929,淘帝-KY,11.40,11.45,11.25,11.30,0.00,190481,2159202,110
2022-09-20,TWSE,2939,永邑-KY,32.00,32.80,31.95,32.40,0.45,6000,193500,6
2022-09-20,TWSE,2945,三商家購,42.25,42.30,41.05,41.10,-1.15,74446,3104984,123
2022-09-20,TWSE,3002,歐格,12.60,12.70,12.50,12.55,0.05,94060,1182167,55
2022-09-20,TWSE,3003,健和興,78.50,80.20,78.10,79.00,2.10,1526422,120795423,1229
2022-09-20,TWSE,3004,豐達科,76.00,78.00,74.80,78.00,1.40,621886,47559109,507
2022-09-20,TWSE,3005,神基,45.30,45.40,44.85,45.10,-0.05,755901,34063864,622
2022-09-20,TWSE,3006,晶豪科,68.80,69.80,68.50,69.10,0.30,1514265,104570588,1131
2022-09-20,TWSE,3008,大立光,1910.00,1925.00,1890.00,1915.00,35.00,457692,873561110,1131
2022-09-20,TWSE,3010,華立,90.70,91.50,90.70,91.40,0.80,74120,6758952,88
2022-09-20,TWSE,3011,今皓,14.50,14.55,14.15,14.45,0.15,617350,8838443,264
2022-09-20,TWSE,3013,晟銘電,15.75,15.75,15.45,15.50,0.00,227084,3531933,119
2022-09-20,TWSE,3014,聯陽,65.50,65.90,65.20,65.20,-0.10,170512,11144388,219
2022-09-20,TWSE,3015,全漢,38.80,38.80,38.50,38.65,-0.05,196272,7579192,283
2022-09-20,TWSE,3016,嘉晶,87.90,89.40,86.90,89.00,2.50,1664742,146559586,1594
2022-09-20,TWSE,3017,奇鋐,115.00,117.50,114.00,117.00,3.50,8337752,969217947,5199
2022-09-20,TWSE,3018,隆銘綠能,10.05,10.10,9.94,9.95,-0.15,178138,1782898,382
2022-09-20,TWSE,3019,亞光,61.70,62.40,61.50,61.90,0.40,433300,26824342,336
2022-09-20,TWSE,3021,鴻名,24.05,24.20,23.25,23.75,0.00,657167,15588083,374
2022-09-20,TWSE,3022,威強電,64.30,65.30,62.20,62.30,-6.60,15902995,1012857645,12113
2022-09-20,TWSE,3023,信邦,275.00,275.00,272.00,273.00,0.50,299909,81914823,325
2022-09-20,TWSE,3024,憶聲,13.95,14.00,13.75,13.80,0.00,414704,5735122,183
2022-09-20,TWSE,3025,星通,23.15,23.60,22.55,22.55,-0.60,2469539,56544776,1491
2022-09-20,TWSE,3026,禾伸堂,89.10,89.80,88.50,89.00,0.00,82093,7288161,128
2022-09-20,TWSE,3027,盛達,25.20,25.75,24.65,25.50,0.60,4248759,107273104,2338
2022-09-20,TWSE,3028,增你強,28.05,28.10,27.95,28.10,0.05,320304,8968266,320
2022-09-20,TWSE,3029,零壹,41.20,41.20,40.75,40.95,0.05,225860,9245415,227
2022-09-20,TWSE,3030,德律,64.00,64.00,63.30,63.60,0.10,265752,16870414,316
2022-09-20,TWSE,3031,佰鴻,16.40,16.60,16.40,16.50,0.25,84031,1385288,51
2022-09-20,TWSE,3032,偉訓,29.65,29.80,29.55,29.60,-0.05,34004,1008920,27
2022-09-20,TWSE,3033,威健,26.75,27.00,26.75,26.95,0.20,391186,10519369,307
2022-09-20,TWSE,3034,聯詠,250.50,253.00,243.50,243.50,-6.00,6144339,1509076002,7203
2022-09-20,TWSE,3035,智原,155.50,155.50,150.50,152.00,-0.50,18397087,2810094480,11069
2022-09-20,TWSE,3036,文曄,60.40,60.80,59.20,60.30,0.20,6056930,362552975,3051
2022-09-20,TWSE,3036A,文曄甲特,48.10,48.10,48.00,48.00,-0.05,51013,2450224,17
2022-09-20,TWSE,3037,欣興,133.50,134.00,128.50,129.00,-2.50,26447449,3434779942,16456
2022-09-20,TWSE,3038,全台,20.95,20.95,20.75,20.95,0.30,402376,8391154,233
2022-09-20,TWSE,3040,遠見,30.75,30.80,30.70,30.80,0.05,19030,585331,16
2022-09-20,TWSE,3041,揚智,22.40,22.55,22.10,22.10,0.00,262113,5848433,225
2022-09-20,TWSE,3042,晶技,85.20,85.80,84.80,85.00,0.20,490708,41814211,431
2022-09-20,TWSE,3043,科風,7.71,8.20,7.71,8.15,0.55,1338164,10761926,384
2022-09-20,TWSE,3044,健鼎,98.00,99.60,97.70,99.60,1.80,2845175,281308099,1785
2022-09-20,TWSE,3045,台灣大,97.40,97.40,96.30,96.80,0.10,5114495,494161951,3382
2022-09-20,TWSE,3046,建碁,40.00,44.10,38.75,43.30,3.15,30089994,1257698106,17885
2022-09-20,TWSE,3047,訊舟,17.80,18.30,17.80,18.10,0.40,9944400,179513549,3644
2022-09-20,TWSE,3048,益登,28.60,28.60,28.35,28.45,0.00,189232,5381379,204
2022-09-20,TWSE,3049,精金,10.20,10.25,10.15,10.20,0.05,1103660,11254642,420
2022-09-20,TWSE,3050,鈺德,17.20,17.35,16.65,16.90,-0.55,2185859,36916477,549
2022-09-20,TWSE,3051,力特,20.35,20.35,19.85,20.00,0.10,712106,14258404,425
2022-09-20,TWSE,3052,夆典,10.30,10.30,10.25,10.30,0.00,40462,416163,40
2022-09-20,TWSE,3054,立萬利,19.45,19.85,19.45,19.80,0.40,58001,1138769,48
2022-09-20,TWSE,3055,蔚華科,24.75,25.10,24.70,24.75,0.00,120579,2985489,341
2022-09-20,TWSE,3056,富華新,33.55,33.80,33.55,33.75,0.20,551061,18579756,364
2022-09-20,TWSE,3057,喬鼎,12.05,12.05,11.95,11.95,-0.05,83803,1006383,126
2022-09-20,TWSE,3058,立德,10.50,10.50,10.25,10.25,-0.15,132424,1367603,118
2022-09-20,TWSE,3059,華晶科,36.15,36.70,35.85,36.65,0.80,2054744,74749136,1264
2022-09-20,TWSE,3060,銘異,18.95,18.95,18.60,18.75,0.05,67362,1261230,112
2022-09-20,TWSE,3062,建漢,27.90,27.90,26.95,27.15,0.30,7629635,208029219,3655
2022-09-20,TWSE,3090,日電貿,50.30,50.40,49.85,50.20,0.20,126661,6332205,120
2022-09-20,TWSE,3092,鴻碩,41.30,41.30,40.45,40.55,0.30,168080,6846147,128
2022-09-20,TWSE,3094,聯傑,28.45,28.60,28.00,28.05,0.05,155402,4380275,115
2022-09-20,TWSE,3130,一零四,195.00,195.50,195.00,195.00,-0.50,16028,3130544,162
2022-09-20,TWSE,3138,耀登,154.50,157.50,151.50,152.00,-3.00,1484505,228707219,1205
2022-09-20,TWSE,3149,正達,19.05,20.65,18.85,20.25,1.45,1450516,28924567,812
2022-09-20,TWSE,3164,景岳,27.50,27.80,27.50,27.55,0.10,215687,5958621,184
2022-09-20,TWSE,3167,大量,47.60,47.75,47.55,47.60,0.15,38000,1808400,30
2022-09-20,TWSE,3189,景碩,107.00,107.00,103.50,105.00,-0.50,8109270,849681601,4707
2022-09-20,TWSE,3209,全科,35.85,35.90,35.60,35.65,-0.15,454929,16265778,400
2022-09-20,TWSE,3229,晟鈦,23.05,24.50,23.00,23.80,0.65,370158,8690127,142
2022-09-20,TWSE,3231,緯創,27.55,27.80,27.30,27.80,0.25,20776653,574245887,5798
2022-09-20,TWSE,3257,虹冠電,44.75,44.75,44.50,44.55,0.05,37857,1687515,50
2022-09-20,TWSE,3266,昇陽,11.70,11.70,11.55,11.65,0.00,83025,966443,37
2022-09-20,TWSE,3296,勝德,17.15,17.90,17.15,17.90,0.80,592174,10417225,426
2022-09-20,TWSE,3305,昇貿,46.45,46.80,46.25,46.30,0.25,229085,10647667,227
2022-09-20,TWSE,3308,聯德,14.20,14.35,14.20,14.20,0.00,19594,278690,25
2022-09-20,TWSE,3311,閎暉,35.05,35.05,34.50,34.70,0.20,7896,274008,16
2022-09-20,TWSE,3312,弘憶股,18.25,18.30,18.10,18.20,0.10,133090,2418059,111
2022-09-20,TWSE,3321,同泰,10.00,10.05,9.94,9.95,-0.05,119113,1189758,86
2022-09-20,TWSE,3338,泰碩,37.40,37.55,37.15,37.15,0.05,88428,3295218,98
2022-09-20,TWSE,3346,麗清,42.45,44.45,42.40,42.70,1.20,9025834,390427570,6249
2022-09-20,TWSE,3356,奇偶,34.60,35.70,33.15,33.55,-0.05,4902321,166632383,3172
2022-09-20,TWSE,3376,新日興,92.60,94.30,92.00,93.70,2.70,979621,91467736,968
2022-09-20,TWSE,3380,明泰,32.50,32.80,32.35,32.80,0.35,1384091,45159197,963
2022-09-20,TWSE,3383,新世紀,1.56,1.66,1.56,1.56,-0.17,917640,1444395,135
2022-09-20,TWSE,3406,玉晶光,421.00,423.50,416.00,418.00,3.50,1698486,712183515,1614
2022-09-20,TWSE,3413,京鼎,209.00,210.00,208.00,208.50,2.00,430119,89787620,404
2022-09-20,TWSE,3416,融程電,78.80,79.00,78.10,79.00,0.50,37116,2919130,33
2022-09-20,TWSE,3419,譁裕,18.25,18.50,18.25,18.50,0.30,316132,5811724,195
2022-09-20,TWSE,3432,台端,22.10,23.35,21.50,21.95,0.50,3107270,69543604,1986
2022-09-20,TWSE,3437,榮創,18.65,18.65,18.35,18.50,0.00,114561,2115735,150
2022-09-20,TWSE,3443,創意,581.00,590.00,577.00,588.00,14.00,3203238,1872498211,3095
2022-09-20,TWSE,3450,聯鈞,45.15,45.20,44.20,44.60,0.00,156164,6980110,125
2022-09-20,TWSE,3454,晶睿,139.50,143.00,136.50,141.00,3.50,8322361,1166097966,6692
2022-09-20,TWSE,3481,群創,11.95,12.00,11.60,11.65,-0.25,47374287,554238878,10661
2022-09-20,TWSE,3494,誠研,11.40,11.90,11.40,11.50,0.10,2274872,26518008,856
2022-09-20,TWSE,3501,維熹,46.50,46.80,46.50,46.80,0.10,93414,4357923,82
2022-09-20,TWSE,3504,揚明光,103.50,105.00,101.50,103.00,1.00,2912947,300481202,2038
2022-09-20,TWSE,3515,華擎,109.00,109.00,102.50,103.00,-5.50,2931706,306671156,2308
2022-09-20,TWSE,3518,柏騰,26.75,27.00,26.20,26.85,0.10,225157,5972232,159
2022-09-20,TWSE,3528,安馳,50.60,50.60,50.30,50.30,0.30,4437,223973,9
2022-09-20,TWSE,3530,晶相光,80.70,82.40,80.70,82.20,1.80,103332,8462753,95
2022-09-20,TWSE,3532,台勝科,165.00,166.00,162.50,163.00,0.50,1204606,197635908,1176
2022-09-20,TWSE,3533,嘉澤,805.00,812.00,789.00,791.00,-9.00,977211,778271400,1126
2022-09-20,TWSE,3535,晶彩科,27.80,28.10,27.35,27.35,-0.45,3725504,102848805,2046
2022-09-20,TWSE,3536,誠創,5.25,5.25,5.10,5.10,0.06,12000,61870,6
2022-09-20,TWSE,3543,州巧,20.30,20.30,20.30,20.30,-0.20,5028,102071,11
2022-09-20,TWSE,3545,敦泰,69.80,69.80,68.50,68.70,0.10,670743,46208409,573
2022-09-20,TWSE,3550,聯穎,15.20,15.40,15.05,15.25,0.05,146720,2228876,115
2022-09-20,TWSE,3557,嘉威,55.40,55.50,54.60,55.10,0.50,21347,1172053,27
2022-09-20,TWSE,3563,牧德,137.50,138.00,136.00,137.00,0.50,38456,5266080,54
2022-09-20,TWSE,3576,聯合再生,23.50,23.50,22.75,22.75,0.10,6335532,145985603,2602
2022-09-20,TWSE,3583,辛耘,78.30,78.90,78.10,78.90,1.10,202755,15922194,238
2022-09-20,TWSE,3588,通嘉,57.00,59.30,56.40,58.90,2.30,605893,35275752,612
2022-09-20,TWSE,3591,艾笛森,16.75,17.85,16.75,17.15,0.50,1153686,20063932,775
2022-09-20,TWSE,3592,瑞鼎,252.50,257.00,250.50,250.50,-1.00,377375,95522967,833
2022-09-20,TWSE,3593,力銘,14.30,14.35,13.95,14.35,0.05,11408,162291,23
2022-09-20,TWSE,3596,智易,113.00,113.50,111.00,112.50,0.50,1242210,139533060,1058
2022-09-20,TWSE,3605,宏致,33.90,34.30,33.80,33.85,0.05,127701,4344591,114
2022-09-20,TWSE,3607,谷崧,13.50,13.60,13.50,13.55,0.05,82055,1111046,72
2022-09-20,TWSE,3617,碩天,104.00,107.50,103.00,104.00,1.50,995088,105018186,759
2022-09-20,TWSE,3622,洋華,27.15,27.15,26.80,27.05,-0.10,121004,3262558,94
2022-09-20,TWSE,3645,達邁,37.20,37.65,36.70,37.25,0.05,451974,16780711,395
2022-09-20,TWSE,3653,健策,390.00,394.00,383.50,384.50,-3.50,979754,379824054,1062
2022-09-20,TWSE,3661,世芯-KY,917.00,922.00,900.00,909.00,9.00,3407050,3102502732,3375
2022-09-20,TWSE,3665,貿聯-KY,314.00,316.00,308.00,310.00,-0.50,2133777,661725753,1992
2022-09-20,TWSE,3669,圓展,43.55,43.55,42.20,42.90,0.40,71106,3033109,64
2022-09-20,TWSE,3673,TPK-KY,35.00,35.25,34.85,35.20,0.35,478013,16767580,396
2022-09-20,TWSE,3679,新至陞,85.90,86.30,85.00,86.00,-0.20,35473,3032547,128
2022-09-20,TWSE,3682,亞太電,6.76,6.78,6.68,6.70,-0.04,1023627,6880454,707
2022-09-20,TWSE,3686,達能,12.30,12.40,12.00,12.00,-0.20,572843,6927508,397
2022-09-20,TWSE,3694,海華,20.80,20.95,20.55,20.75,0.00,165000,3427400,89
2022-09-20,TWSE,3701,大眾控,45.80,46.35,45.15,45.15,0.10,753532,34317444,624
2022-09-20,TWSE,3702,大聯大,49.85,50.00,49.35,49.90,-0.10,7552345,375242335,3465
2022-09-20,TWSE,3702A,大聯大甲特,48.55,48.60,48.55,48.55,-0.05,20743,1007043,15
2022-09-20,TWSE,3703,欣陸,32.00,32.00,31.25,31.85,0.20,7564040,238960022,3767
2022-09-20,TWSE,3704,合勤控,30.45,30.65,29.30,29.40,-0.90,5390771,161388540,3050
2022-09-20,TWSE,3705,永信,40.60,40.80,40.55,40.65,0.10,95519,3884157,93
2022-09-20,TWSE,3706,神達,27.85,27.95,27.75,27.75,0.00,814287,22680172,611
2022-09-20,TWSE,3708,上緯投控,87.90,88.10,86.90,87.80,0.80,901524,78926368,673
2022-09-20,TWSE,3711,日月光投控,85.00,85.40,84.40,85.40,1.10,9892801,840314428,5328
2022-09-20,TWSE,3712,永崴投控,28.40,28.40,27.35,27.70,-0.20,235869,6547569,153
2022-09-20,TWSE,3714,富采,46.70,46.80,46.30,46.30,0.05,1247393,57939329,993
2022-09-20,TWSE,3715,定穎投控,19.05,19.15,18.70,18.85,-0.05,1060922,20012782,895
2022-09-20,TWSE,4104,佳醫,66.80,66.80,66.10,66.60,-0.10,118305,7866060,240
2022-09-20,TWSE,4106,雃博,26.30,26.45,26.05,26.10,-0.10,125312,3280879,110
2022-09-20,TWSE,4108,懷特,20.30,20.30,19.90,20.00,0.10,262386,5272026,229
2022-09-20,TWSE,4119,旭富,91.00,92.40,91.00,91.60,1.00,255650,23454378,309
2022-09-20,TWSE,4133,亞諾法,39.20,39.50,38.45,38.65,-0.10,739703,28699059,567
2022-09-20,TWSE,4137,麗豐-KY,162.00,163.50,160.50,161.00,0.50,141765,22942540,132
2022-09-20,TWSE,4142,國光生,36.15,36.50,36.00,36.10,0.05,979215,35402237,714
2022-09-20,TWSE,4148,全宇生技-KY,69.30,70.40,66.60,67.20,-1.80,1472159,100403274,1185
2022-09-20,TWSE,4155,訊映,26.50,26.80,26.20,26.50,0.60,3460247,91824190,1708
2022-09-20,TWSE,4164,承業醫,44.50,44.50,44.05,44.40,0.10,183338,8107284,127
2022-09-20,TWSE,4190,佐登-KY,78.50,78.90,77.50,77.50,0.20,283074,22157756,210
2022-09-20,TWSE,4306,炎洲,14.55,14.60,14.50,14.55,0.00,516421,7527990,250
2022-09-20,TWSE,4426,利勤,27.90,27.90,26.85,27.10,-0.40,835077,22705070,546
2022-09-20,TWSE,4438,廣越,133.50,135.00,126.00,130.50,-3.00,1145725,148610208,846
2022-09-20,TWSE,4439,冠星-KY,111.50,111.50,111.00,111.50,0.00,10000,1113500,8
2022-09-20,TWSE,4440,宜新實業,34.55,34.55,34.20,34.20,-0.25,20172,691532,26
2022-09-20,TWSE,4526,東台,14.55,14.55,14.40,14.45,0.00,47559,688191,87
2022-09-20,TWSE,4532,瑞智,18.00,18.15,17.90,18.15,0.15,1052421,18987164,400
2022-09-20,TWSE,4536,拓凱,169.50,171.00,168.00,170.50,2.50,353539,59966069,345
2022-09-20,TWSE,4540,全球傳動,43.00,43.30,42.85,42.95,0.05,82588,3545705,41
2022-09-20,TWSE,4545,銘鈺,28.90,29.15,28.90,29.15,0.10,38333,1113519,29
2022-09-20,TWSE,4551,智伸科,173.00,173.50,168.00,169.00,-2.50,548122,93141118,1224
2022-09-20,TWSE,4552,力達-KY,29.95,30.05,29.75,30.05,0.20,27100,811084,24
2022-09-20,TWSE,4555,氣立,52.30,52.30,51.70,51.80,-1.00,41599,2161516,87
2022-09-20,TWSE,4557,永新-KY,111.50,115.00,111.50,114.50,4.50,161283,18320604,145
2022-09-20,TWSE,4560,強信-KY,40.50,40.60,40.40,40.60,0.15,42000,1699800,24
2022-09-20,TWSE,4562,穎漢,15.35,15.35,15.20,15.30,0.00,46000,702350,27
2022-09-20,TWSE,4564,元翎,27.50,27.65,26.90,27.00,-0.50,458019,12427924,277
2022-09-20,TWSE,4566,時碩工業,57.40,57.90,56.80,57.40,0.50,710113,40704524,516
2022-09-20,TWSE,4571,鈞興-KY,74.40,74.80,74.30,74.80,-0.10,14000,1042500,13
2022-09-20,TWSE,4572,駐龍,120.00,123.00,120.00,123.00,4.00,124195,15059621,112
2022-09-20,TWSE,4576,大銀微系統,85.00,85.00,82.00,82.50,-2.90,273345,22690082,294
2022-09-20,TWSE,4581,光隆精密-KY,33.65,35.35,33.65,35.25,1.70,37000,1291300,28
2022-09-20,TWSE,4583,台灣精銳,205.00,208.00,205.00,208.00,0.00,9032,1857625,13
2022-09-20,TWSE,4720,德淵,16.55,17.00,16.35,16.45,-0.20,1888602,31370181,1011
2022-09-20,TWSE,4722,國精化,36.55,36.80,36.50,36.65,0.05,41000,1501100,33
2022-09-20,TWSE,4737,華廣,80.90,82.10,80.80,81.10,0.10,92037,7499137,77
2022-09-20,TWSE,4739,康普,113.00,113.50,111.50,113.00,1.00,934276,105205376,818
2022-09-20,TWSE,4746,台耀,55.00,55.10,54.10,54.60,0.20,260340,14218964,191
2022-09-20,TWSE,4755,三福化,134.50,136.50,134.50,136.00,1.50,246039,33340936,264
2022-09-20,TWSE,4763,材料*-KY,141.00,142.50,134.00,136.00,-3.50,1712295,235257060,1253
2022-09-20,TWSE,4764,雙鍵,53.50,53.50,52.50,52.50,-0.60,8000,423500,7
2022-09-20,TWSE,4766,南寶,142.00,145.00,142.00,145.00,4.00,131924,18953956,125
2022-09-20,TWSE,4770,上品,358.00,369.00,358.00,365.50,10.50,996479,363454857,1004
2022-09-20,TWSE,4807,日成-KY,21.25,21.40,21.00,21.00,-0.35,15042,317289,19
2022-09-20,TWSE,4904,遠傳,72.90,72.90,71.80,72.70,0.00,4036099,292086961,2136
2022-09-20,TWSE,4906,正文,30.30,30.35,29.90,30.00,-0.10,1493492,44881003,904
2022-09-20,TWSE,4912,聯德控股-KY,92.10,92.10,90.50,90.50,0.20,14018,1274230,15
2022-09-20,TWSE,4915,致伸,66.70,67.00,66.60,67.00,1.10,1288649,86154314,992
2022-09-20,TWSE,4916,事欣科,24.50,24.55,24.20,24.40,0.20,137742,3355673,111
2022-09-20,TWSE,4919,新唐,123.50,125.50,121.50,122.50,2.00,12685536,1562370061,8495
2022-09-20,TWSE,4927,泰鼎-KY,58.00,58.00,56.90,57.80,0.50,1293637,74213626,810
2022-09-20,TWSE,4930,燦星網,25.40,25.45,25.20,25.25,0.00,26851,680493,67
2022-09-20,TWSE,4934,太極,29.00,29.00,28.60,28.80,0.05,598311,17242437,386
2022-09-20,TWSE,4935,茂林-KY,59.70,60.20,59.10,59.50,0.40,67700,4027269,53
2022-09-20,TWSE,4938,和碩,63.30,64.10,63.30,63.70,0.60,8254390,526337183,3932
2022-09-20,TWSE,4942,嘉彰,36.80,36.80,36.55,36.60,-0.20,93175,3417306,83
2022-09-20,TWSE,4943,康控-KY,15.25,15.25,14.85,14.85,0.00,84323,1265096,78
2022-09-20,TWSE,4952,凌通,52.30,54.00,52.30,53.00,0.80,515874,27495543,375
2022-09-20,TWSE,4956,光鋐,16.40,16.70,16.30,16.35,0.00,56715,927369,40
2022-09-20,TWSE,4958,臻鼎-KY,115.00,116.00,114.50,116.00,2.00,3602304,414878189,2161
2022-09-20,TWSE,4960,誠美材,10.40,10.45,10.20,10.25,-0.10,1526415,15709707,529
2022-09-20,TWSE,4961,天鈺,109.00,110.50,108.00,110.00,2.50,1080087,117991473,809
2022-09-20,TWSE,4967,十銓,30.10,30.35,28.75,29.20,-0.60,640320,18744630,518
2022-09-20,TWSE,4968,立積,114.50,115.00,112.50,113.00,1.00,600495,68025509,582
2022-09-20,TWSE,4976,佳凌,42.60,43.25,42.25,42.60,0.15,337593,14354640,271
2022-09-20,TWSE,4977,眾達-KY,120.50,120.50,117.00,119.50,0.50,922097,109493179,720
2022-09-20,TWSE,4989,榮科,26.15,26.15,25.75,25.95,-0.10,145577,3770627,84
2022-09-20,TWSE,4994,傳奇,39.85,40.00,39.60,39.60,-0.30,56000,2226600,44
2022-09-20,TWSE,4999,鑫禾,37.70,37.70,37.35,37.45,0.00,33598,1261855,42
2022-09-20,TWSE,5007,三星,52.90,52.90,52.50,52.90,0.40,3000,158300,3
2022-09-20,TWSE,5203,訊連,91.80,93.60,91.20,91.80,0.00,142925,13127154,171
2022-09-20,TWSE,5215,科嘉-KY,41.35,41.35,40.35,40.50,0.20,37050,1501977,34
2022-09-20,TWSE,5222,全訊,153.00,155.00,151.50,154.00,3.50,738148,113478880,542
2022-09-20,TWSE,5225,東科-KY,32.00,33.20,31.60,32.25,0.25,3922660,126927893,2215
2022-09-20,TWSE,5234,達興材料,70.90,71.00,70.40,71.00,0.70,42113,2982956,45
2022-09-20,TWSE,5243,乙盛-KY,62.30,62.30,61.20,61.60,0.00,609340,37543047,561
2022-09-20,TWSE,5244,弘凱,27.70,27.70,27.20,27.20,0.00,28060,766290,21
2022-09-20,TWSE,5258,虹堡,67.50,68.20,67.10,67.40,0.80,2939221,198343461,2398
2022-09-20,TWSE,5269,祥碩,794.00,799.00,753.00,757.00,-38.00,1355594,1040384407,2103
2022-09-20,TWSE,5283,禾聯碩,106.00,106.50,106.00,106.50,0.00,18736,1987955,35
2022-09-20,TWSE,5284,jpp-KY,55.20,56.50,54.30,55.70,0.70,557219,30829605,501
2022-09-20,TWSE,5285,界霖,77.60,78.20,76.30,76.60,-0.80,437286,33642736,400
2022-09-20,TWSE,5288,豐祥-KY,170.00,171.00,168.00,171.00,2.50,90000,15310000,80
2022-09-20,TWSE,5306,桂盟,163.00,164.00,160.00,161.50,-1.50,147243,23770337,276
2022-09-20,TWSE,5388,中磊,91.20,91.90,90.60,91.30,1.50,2042711,186506878,1672
2022-09-20,TWSE,5434,崇越,168.00,169.50,168.00,168.50,1.50,175196,29553638,245
2022-09-20,TWSE,5469,瀚宇博,31.35,31.45,31.25,31.40,0.20,265666,8328903,183
2022-09-20,TWSE,5471,松翰,55.40,56.00,55.40,55.50,0.20,106617,5923418,116
2022-09-20,TWSE,5484,慧友,13.65,13.85,13.65,13.85,0.25,4005,54865,8
2022-09-20,TWSE,5515,建國,11.95,12.00,11.90,12.00,0.10,263466,3157920,106
2022-09-20,TWSE,5519,隆大,22.40,22.50,22.35,22.40,0.05,507437,11378151,232
2022-09-20,TWSE,5521,工信,7.01,7.03,6.90,7.00,-0.01,1006346,6997700,448
2022-09-20,TWSE,5522,遠雄,59.30,59.50,57.10,58.60,-0.40,3409769,197938452,1950
2022-09-20,TWSE,5525,順天,24.00,24.00,23.80,24.00,0.15,20000,479450,17
2022-09-20,TWSE,5531,鄉林,9.03,9.05,8.98,9.02,0.00,370519,3336491,165
2022-09-20,TWSE,5533,皇鼎,18.25,18.35,18.20,18.20,-0.05,271120,4943834,115
2022-09-20,TWSE,5534,長虹,74.70,74.80,74.50,74.60,0.30,79720,5950803,87
2022-09-20,TWSE,5538,東明-KY,45.00,45.15,44.55,45.15,0.85,8000,359000,8
2022-09-20,TWSE,5546,永固-KY,52.80,53.00,51.70,52.80,0.00,25046,1314269,27
2022-09-20,TWSE,5607,遠雄港,53.50,57.50,53.50,57.10,3.80,2038155,114955035,1320
2022-09-20,TWSE,5608,四維航,27.80,27.95,27.40,27.40,0.00,2475548,68458545,1495
2022-09-20,TWSE,5706,鳳凰,64.90,67.40,64.80,67.00,2.00,6478318,431235192,4538
2022-09-20,TWSE,5871,中租-KY,199.00,199.00,195.50,197.50,-1.00,2891858,570834913,2405
2022-09-20,TWSE,5871A,中租-KY甲特,99.40,99.50,99.30,99.40,0.10,38097,3789141,15
2022-09-20,TWSE,5876,上海商銀,48.80,48.90,48.50,48.70,-0.05,3110606,151535995,1775
2022-09-20,TWSE,5880,合庫金,27.30,27.30,27.05,27.25,0.10,10343575,280757185,6012
2022-09-20,TWSE,5906,台南-KY,31.20,31.20,31.15,31.15,-0.30,2100,65455,3
2022-09-20,TWSE,5907,大洋-KY,14.45,14.70,14.40,14.50,0.05,119101,1722715,100
2022-09-20,TWSE,6005,群益證,11.20,11.25,11.10,11.20,0.00,753269,8414554,502
2022-09-20,TWSE,6024,群益期,35.40,35.60,35.35,35.55,0.15,29558,1047862,41
2022-09-20,TWSE,6108,競國,16.50,16.70,16.50,16.65,0.00,44607,741323,47
2022-09-20,TWSE,6112,邁達特,33.95,34.45,33.75,34.00,0.30,143703,4892732,102
2022-09-20,TWSE,6115,鎰勝,41.95,42.00,41.85,42.00,0.05,55004,2304724,32
2022-09-20,TWSE,6116,彩晶,12.10,12.15,11.80,11.85,-0.20,7399824,88262382,2032
2022-09-20,TWSE,6117,迎廣,17.00,17.60,16.85,16.90,0.20,377441,6482971,281
2022-09-20,TWSE,6120,達運,9.37,9.39,9.30,9.31,0.00,437171,4078716,377
2022-09-20,TWSE,6128,上福,29.55,29.70,29.50,29.65,0.05,18000,532750,10
2022-09-20,TWSE,6133,金橋,24.55,24.80,24.20,24.45,0.30,4880923,119626970,2120
2022-09-20,TWSE,6136,富爾特,18.10,18.10,17.90,18.00,0.10,59127,1062986,40
2022-09-20,TWSE,6139,亞翔,31.55,31.80,31.40,31.45,0.05,296434,9373338,193
2022-09-20,TWSE,6141,柏承,21.70,21.70,21.50,21.70,0.05,58917,1274973,133
2022-09-20,TWSE,6142,友勁,10.35,10.35,9.95,9.95,-0.25,1285357,12962571,451
2022-09-20,TWSE,6152,百一,11.85,12.00,11.45,11.65,-0.10,1387490,16126905,582
2022-09-20,TWSE,6153,嘉聯益,26.95,27.20,26.45,26.85,0.35,3948445,105965602,2013
2022-09-20,TWSE,6155,鈞寶,22.60,22.85,22.60,22.80,0.20,19010,432028,19
2022-09-20,TWSE,6164,華興,11.15,11.20,11.00,11.05,0.05,118122,1308046,81
2022-09-20,TWSE,6165,浪凡,25.90,26.00,25.60,25.60,0.05,37008,954052,30
2022-09-20,TWSE,6166,凌華,51.80,52.20,51.10,51.30,-0.40,78081,4021911,72
2022-09-20,TWSE,6168,宏齊,18.45,18.70,18.15,18.25,-0.15,326231,5982431,208
2022-09-20,TWSE,6176,瑞儀,99.10,100.50,98.50,100.50,1.60,2864254,285834194,1731
2022-09-20,TWSE,6177,達麗,28.05,28.10,27.90,27.95,-0.05,217835,6096442,144
2022-09-20,TWSE,6183,關貿,72.30,73.00,70.50,71.20,-1.10,125139,8919406,459
2022-09-20,TWSE,6184,大豐電,48.50,48.60,48.50,48.50,0.00,26373,1280133,18
2022-09-20,TWSE,6189,豐藝,38.00,38.00,37.90,37.95,-0.05,231323,8777177,196
2022-09-20,TWSE,6191,精成科,27.50,27.65,27.45,27.65,0.35,316432,8715011,274
2022-09-20,TWSE,6192,巨路,68.90,69.30,68.50,68.80,0.50,36094,2480963,37
2022-09-20,TWSE,6196,帆宣,124.50,124.50,122.00,123.50,1.00,264423,32528220,280
2022-09-20,TWSE,6197,佳必琪,39.80,40.05,39.40,39.60,0.20,123557,4898646,131
2022-09-20,TWSE,6201,亞弘電,40.00,40.05,40.00,40.00,0.15,8045,321954,7
2022-09-20,TWSE,6202,盛群,71.70,71.70,70.40,70.70,0.40,263894,18691613,252
2022-09-20,TWSE,6205,詮欣,80.30,82.90,80.30,82.60,2.40,2801958,228884252,1435
2022-09-20,TWSE,6206,飛捷,73.50,73.70,72.90,73.30,0.40,476085,34903410,400
2022-09-20,TWSE,6209,今國光,28.00,28.00,27.55,27.60,0.05,213286,5901276,172
2022-09-20,TWSE,6213,聯茂,70.10,70.60,68.70,68.90,-0.60,2199854,152205532,1715
2022-09-20,TWSE,6214,精誠,71.10,71.60,71.00,71.60,0.50,116742,8314639,107
2022-09-20,TWSE,6215,和椿,21.60,21.60,21.40,21.55,0.10,107111,2304578,94
2022-09-20,TWSE,6216,居易,28.05,28.10,27.85,27.90,-0.10,334087,9333976,231
2022-09-20,TWSE,6224,聚鼎,57.80,57.80,57.20,57.70,0.60,54762,3147732,78
2022-09-20,TWSE,6225,天瀚,9.97,10.15,9.97,10.15,0.15,40752,408725,22
2022-09-20,TWSE,6226,光鼎,11.40,11.55,11.35,11.40,0.00,556656,6353526,230
2022-09-20,TWSE,6230,尼得科超眾,101.00,102.00,100.50,101.00,0.00,15125,1528750,20
2022-09-20,TWSE,6235,華孚,38.30,38.90,38.10,38.35,0.15,3476476,133362402,2095
2022-09-20,TWSE,6239,力成,80.30,80.60,79.80,80.30,0.20,1827416,146214129,1600
2022-09-20,TWSE,6243,迅杰,29.20,29.45,28.55,28.60,-0.45,146271,4212828,122
2022-09-20,TWSE,6257,矽格,47.35,47.35,46.70,46.80,-0.15,982267,46077643,930
2022-09-20,TWSE,6269,台郡,95.20,96.70,94.50,96.40,2.70,1806238,173656028,1497
2022-09-20,TWSE,6271,同欣電,211.00,213.50,206.50,207.50,-1.00,1691846,353346767,1634
2022-09-20,TWSE,6277,宏正,78.30,78.70,78.30,78.60,-0.10,17258,1354820,21
2022-09-20,TWSE,6278,台表科,89.40,89.80,88.50,89.10,0.20,732461,65204323,678
2022-09-20,TWSE,6281,全國電,82.30,82.40,82.30,82.40,-0.10,13030,1072920,40
2022-09-20,TWSE,6282,康舒,29.65,30.45,29.45,30.30,1.45,9437065,283044023,5352
2022-09-20,TWSE,6283,淳安,35.60,37.30,35.60,36.80,1.20,905855,33236422,529
2022-09-20,TWSE,6285,啟碁,83.00,85.80,83.00,85.60,3.00,6508709,551779643,4486
2022-09-20,TWSE,6288,聯嘉,24.45,24.55,24.25,24.45,0.15,135102,3294267,94
2022-09-20,TWSE,6289,華上,1.84,1.84,1.84,1.84,-0.20,53549,98517,45
2022-09-20,TWSE,6405,悅城,21.40,21.40,21.05,21.05,-0.40,24001,507371,24
2022-09-20,TWSE,6409,旭隼,1570.00,1610.00,1560.00,1575.00,-10.00,187441,296787625,265
2022-09-20,TWSE,6412,群電,69.70,69.70,69.30,69.30,0.00,54850,3810523,65
2022-09-20,TWSE,6414,樺漢,205.00,206.50,204.00,206.00,3.00,355308,73029046,559
2022-09-20,TWSE,6415,矽力*-KY,514.00,523.00,501.00,509.00,4.00,2025527,1033578612,1685
2022-09-20,TWSE,6416,瑞祺電通,98.00,99.00,97.30,98.50,1.30,117458,11529434,113
2022-09-20,TWSE,6426,統新,79.10,81.90,78.50,79.90,0.80,320093,25671954,277
2022-09-20,TWSE,6431,光麗-KY,21.25,23.35,21.10,23.35,2.10,813601,18849930,415
2022-09-20,TWSE,6438,迅得,95.60,95.90,94.20,94.60,0.10,449841,42659461,420
2022-09-20,TWSE,6442,光聖,56.20,57.10,55.00,55.00,-0.40,965794,53935441,687
2022-09-20,TWSE,6443,元晶,42.60,42.90,41.80,42.40,0.70,40348264,1712279273,19672
2022-09-20,TWSE,6449,鈺邦,40.60,40.65,40.50,40.55,-0.05,89034,3612613,46
2022-09-20,TWSE,6451,訊芯-KY,88.70,88.70,88.00,88.40,0.80,109504,9677762,109
2022-09-20,TWSE,6456,GIS-KY,79.90,80.30,79.30,79.40,0.40,271543,21652257,195
2022-09-20,TWSE,6464,台數科,85.40,85.40,84.70,85.00,-0.30,16050,1366565,11
2022-09-20,TWSE,6477,安集,55.00,55.30,54.50,54.60,0.20,936440,51358403,743
2022-09-20,TWSE,6491,晶碩,378.50,383.00,368.00,368.50,-9.50,496907,185228611,769
2022-09-20,TWSE,6504,南六,82.90,82.90,82.00,82.00,0.00,20390,1675409,28
2022-09-20,TWSE,6505,台塑化,81.30,81.40,80.60,80.90,-0.40,2571392,207935363,1917
2022-09-20,TWSE,6515,穎崴,394.00,398.50,392.00,395.00,4.50,184744,72928205,193
2022-09-20,TWSE,6525,捷敏-KY,76.10,76.90,76.00,76.00,-0.20,66237,5041708,60
2022-09-20,TWSE,6531,愛普*,172.00,174.00,169.00,169.00,0.50,1493811,255213188,1244
2022-09-20,TWSE,6533,晶心科,414.00,427.00,410.50,423.50,16.00,4349990,1820885250,4171
2022-09-20,TWSE,6541,泰福-KY,51.10,51.10,49.80,50.90,1.25,607637,30718405,425
2022-09-20,TWSE,6550,北極星藥業-KY,193.00,203.00,190.00,195.50,2.50,7847212,1548343331,6558
2022-09-20,TWSE,6552,易華電,37.25,37.25,36.55,36.80,-0.10,16595,610978,19
2022-09-20,TWSE,6558,興能高,21.15,21.15,20.75,20.90,-0.10,94385,1975977,74
2022-09-20,TWSE,6573,虹揚-KY,15.00,15.00,14.75,14.80,0.00,40025,592976,33
2022-09-20,TWSE,6579,研揚,84.10,84.50,84.10,84.50,0.00,18105,1527327,19
2022-09-20,TWSE,6581,鋼聯,94.00,94.70,92.10,93.30,-0.30,183617,17122546,197
2022-09-20,TWSE,6582,申豐,61.40,62.20,60.20,60.30,-1.40,156996,9548891,243
2022-09-20,TWSE,6585,鼎基,62.80,63.60,62.00,63.60,2.60,242155,15212107,181
2022-09-20,TWSE,6591,動力-KY,43.80,43.80,43.30,43.40,-0.20,93125,4052084,96
2022-09-20,TWSE,6592,和潤企業,105.00,107.00,105.00,106.50,1.50,510741,54140720,429
2022-09-20,TWSE,6598,ABC-KY,29.50,29.95,29.15,29.30,-0.15,297497,8739990,216
2022-09-20,TWSE,6605,帝寶,80.60,82.20,80.60,81.80,2.20,564812,46150820,445
2022-09-20,TWSE,6625,必應,29.55,30.05,29.20,30.00,0.50,50148,1476998,45
2022-09-20,TWSE,6641,基士德-KY,56.90,56.90,56.70,56.90,0.00,5000,284000,5
2022-09-20,TWSE,6655,科定,132.00,133.00,131.00,133.00,2.00,13022,1716970,11
2022-09-20,TWSE,6666,羅麗芬-KY,70.50,70.50,67.00,68.50,-1.60,64212,4414291,79
2022-09-20,TWSE,6668,中揚光,40.20,40.50,39.80,39.90,0.60,123350,4955009,109
2022-09-20,TWSE,6669,緯穎,795.00,798.00,781.00,793.00,13.00,405947,321293923,461
2022-09-20,TWSE,6670,復盛應用,197.00,197.00,194.50,195.50,0.00,215401,42133308,189
2022-09-20,TWSE,6671,三能-KY,39.00,39.35,38.65,39.00,-0.45,12000,466700,8
2022-09-20,TWSE,6672,騰輝電子-KY,67.30,67.70,66.50,66.80,0.00,100336,6722982,99
2022-09-20,TWSE,6674,鋐寶科技,25.60,26.05,25.25,26.05,-0.25,24377,625002,21
2022-09-20,TWSE,6689,伊雲谷,165.00,167.00,154.00,157.00,-12.50,484515,77148451,565
2022-09-20,TWSE,6691,洋基工程,173.00,173.00,171.50,172.50,0.00,41430,7144040,136
2022-09-20,TWSE,6698,旭暉應材,32.85,32.85,31.80,31.85,-0.75,47001,1511384,42
2022-09-20,TWSE,6706,惠特,96.80,97.70,94.00,94.50,-1.90,978577,93027374,1017
2022-09-20,TWSE,6715,嘉基,149.00,149.50,145.50,148.50,-0.50,179368,26406690,143
2022-09-20,TWSE,6719,力智,272.50,275.00,268.50,273.50,5.50,1146693,311765325,1144
2022-09-20,TWSE,6743,安普新,37.00,37.75,36.80,36.80,0.30,109209,4059588,102
2022-09-20,TWSE,6754,匯僑設計,44.05,44.20,43.90,44.15,0.25,70029,3085378,51
2022-09-20,TWSE,6756,威鋒電子,213.50,218.00,212.50,213.00,3.00,239094,51248738,261
2022-09-20,TWSE,6768,志強-KY,91.80,91.90,88.70,90.00,-0.80,739786,66282818,622
2022-09-20,TWSE,6770,力積電,32.20,32.20,31.50,31.55,-0.20,19627459,623126992,7967
2022-09-20,TWSE,6776,展碁國際,38.20,38.35,38.15,38.20,0.00,10340,394981,14
2022-09-20,TWSE,6781,AES-KY,777.00,783.00,752.00,765.00,-2.00,1083654,829679090,1346
2022-09-20,TWSE,6789,采鈺,283.00,284.50,281.00,281.00,0.00,252313,71220716,363
2022-09-20,TWSE,6790,永豐實,38.00,38.05,37.90,37.90,0.00,32893,1250748,45
2022-09-20,TWSE,6792,詠業,83.00,85.80,83.00,84.00,1.90,85514,7209660,88
2022-09-20,TWSE,6796,晉弘,99.00,103.50,97.50,100.00,2.80,340322,33997894,363
2022-09-20,TWSE,6799,來頡,103.50,103.50,98.70,101.00,-1.50,244352,24568469,310
2022-09-20,TWSE,6806,森崴能源,70.20,70.70,69.60,70.00,-0.10,443342,31015541,500
2022-09-20,TWSE,6807,峰源-KY,27.65,28.35,27.65,28.35,0.80,4000,112000,3
2022-09-20,TWSE,6830,汎銓,118.50,122.00,118.00,119.00,4.00,375010,44670146,344
2022-09-20,TWSE,6834,天二科技,28.15,28.40,28.15,28.35,0.25,43040,1215975,39
2022-09-20,TWSE,6854,錼創科技-KY創,98.10,100.00,97.80,99.80,0.30,43020,4265900,34
2022-09-20,TWSE,8011,台通,15.60,15.60,15.30,15.40,0.00,199165,3068939,217
2022-09-20,TWSE,8016,矽創,170.00,171.50,168.50,171.00,2.50,625451,106297694,763
2022-09-20,TWSE,8021,尖點,27.50,27.60,27.25,27.40,-0.10,282900,7756570,203
2022-09-20,TWSE,8028,昇陽半導體,64.40,64.80,63.60,64.30,1.00,1346404,86392562,1094
2022-09-20,TWSE,8033,雷虎,19.55,19.75,19.30,19.75,0.25,2681054,52310484,1015
2022-09-20,TWSE,8039,台虹,41.00,41.10,40.70,41.10,-0.10,119536,4893399,121
2022-09-20,TWSE,8046,南電,224.00,225.50,214.00,220.50,-1.50,14620826,3204375212,10883
2022-09-20,TWSE,8070,長華*,32.50,32.70,32.40,32.50,0.15,226850,7378363,177
2022-09-20,TWSE,8072,陞泰,26.50,27.00,26.15,26.80,0.40,181883,4826962,185
2022-09-20,TWSE,8081,致新,134.00,135.00,131.50,132.00,-0.50,156777,20769874,186
2022-09-20,TWSE,8101,華冠,2.67,2.67,2.52,2.52,-0.15,437460,1130529,127
2022-09-20,TWSE,8103,瀚荃,36.05,36.05,35.50,35.70,0.30,34613,1235642,39
2022-09-20,TWSE,8104,錸寶,39.60,39.85,39.35,39.55,0.20,154004,6093001,147
2022-09-20,TWSE,8105,凌巨,12.50,12.60,12.20,12.30,-0.10,682656,8432762,287
2022-09-20,TWSE,8110,華東,12.95,12.95,12.75,12.75,0.00,333321,4270408,147
2022-09-20,TWSE,8112,至上,36.20,36.40,36.00,36.35,0.25,762625,27604233,476
2022-09-20,TWSE,8112A,至上甲特,42.75,42.85,42.75,42.80,0.00,39514,1691974,29
2022-09-20,TWSE,8114,振樺電,155.00,156.00,151.50,153.00,-0.50,1448772,222631889,1364
2022-09-20,TWSE,8131,福懋科,38.50,38.50,38.25,38.40,0.10,91350,3506535,69
2022-09-20,TWSE,8150,南茂,33.05,33.05,32.60,32.85,0.15,1540224,50484873,1240
2022-09-20,TWSE,8163,達方,42.30,42.95,42.25,42.40,0.30,387995,16475902,380
2022-09-20,TWSE,8201,無敵,13.25,13.25,12.70,12.85,0.10,771336,9995374,361
2022-09-20,TWSE,8210,勤誠,79.30,79.30,77.70,79.00,-0.50,258953,20276154,356
2022-09-20,TWSE,8213,志超,36.60,36.60,36.10,36.25,-0.20,361829,13130947,310
2022-09-20,TWSE,8215,明基材,30.20,30.50,30.20,30.25,0.15,318633,9657802,247
2022-09-20,TWSE,8222,寶一,28.00,28.60,27.15,28.25,0.65,8329795,231877428,4207
2022-09-20,TWSE,8249,菱光,22.25,22.25,21.90,21.90,-0.20,40670,893827,36
2022-09-20,TWSE,8261,富鼎,113.00,114.50,112.50,112.50,0.50,4184614,473207284,3109
2022-09-20,TWSE,8271,宇瞻,40.45,40.70,40.25,40.70,0.35,87838,3549720,87
2022-09-20,TWSE,8341,日友,166.50,167.00,165.00,165.00,-2.00,163902,27200526,1098
2022-09-20,TWSE,8367,建新國際,35.80,35.90,35.55,35.90,0.00,69000,2467200,33
2022-09-20,TWSE,8374,羅昇,30.80,30.85,30.55,30.75,0.05,20150,618384,21
2022-09-20,TWSE,8404,百和興業-KY,31.70,31.70,31.15,31.60,0.35,144109,4525638,71
2022-09-20,TWSE,8411,福貞-KY,15.55,15.55,14.85,15.25,-0.35,272939,4151616,535
2022-09-20,TWSE,8422,可寧衛*,179.50,179.50,178.00,179.50,0.50,85775,15339957,260
2022-09-20,TWSE,8429,金麗-KY,10.30,10.30,10.10,10.15,0.00,79140,805757,77
2022-09-20,TWSE,8438,昶昕,30.15,30.15,29.25,30.00,0.00,58000,1713900,51
2022-09-20,TWSE,8442,威宏-KY,72.00,72.10,71.20,72.10,0.50,62050,4447475,48
2022-09-20,TWSE,8443,阿瘦,11.30,11.30,11.15,11.30,0.10,21364,240665,68
2022-09-20,TWSE,8454,富邦媒,618.00,622.00,606.00,614.00,0.00,673207,412172364,1598
2022-09-20,TWSE,8462,柏文,124.00,125.00,123.50,124.50,0.50,18141,2251894,51
2022-09-20,TWSE,8463,潤泰材,20.65,20.65,20.40,20.55,0.05,55002,1127341,33
2022-09-20,TWSE,8464,億豐,280.50,282.00,277.00,279.50,0.50,239154,66735723,254
2022-09-20,TWSE,8466,美吉吉-KY,43.55,43.55,41.80,42.90,0.50,7000,296800,7
2022-09-20,TWSE,8467,波力-KY,62.70,62.70,61.00,62.10,0.30,80020,4942536,68
2022-09-20,TWSE,8473,山林水,30.60,30.70,30.55,30.70,0.10,12001,367480,10
2022-09-20,TWSE,8478,東哥遊艇,246.00,257.50,239.50,257.50,15.50,8573639,2129772645,6907
2022-09-20,TWSE,8480,泰昇-KY,84.00,84.10,83.90,84.00,0.00,117000,9828000,71
2022-09-20,TWSE,8481,政伸,59.20,59.30,58.80,59.30,0.30,26230,1548377,24
2022-09-20,TWSE,8482,商億-KY,69.80,70.30,69.60,69.90,0.30,5000,349300,5
2022-09-20,TWSE,8488,吉源-KY,,,,,0.00,28,455,1
2022-09-20,TWSE,8499,鼎炫-KY,109.00,109.50,108.50,109.50,0.50,10004,1090946,12
2022-09-20,TWSE,8926,台汽電,37.10,37.15,37.00,37.10,0.00,216402,8025455,136
2022-09-20,TWSE,8940,新天地,15.25,15.25,14.85,15.25,0.00,108540,1634613,70
2022-09-20,TWSE,8996,高力,113.00,117.00,109.50,113.50,2.50,7815350,882668903,4784
2022-09-20,TWSE,9103,美德醫療-DR,7.45,7.47,7.20,7.29,-0.16,1341889,9841891,581
2022-09-20,TWSE,910322,康師傅-DR,27.45,27.45,27.35,27.45,0.00,79006,2166262,12
2022-09-20,TWSE,9105,泰金寶-DR,3.70,3.73,3.67,3.69,0.01,986770,3638675,331
2022-09-20,TWSE,910861,神州-DR,6.56,6.71,6.56,6.64,0.02,11000,72540,7
2022-09-20,TWSE,9110,越南控-DR,3.10,3.15,3.10,3.12,0.01,150000,467060,30
2022-09-20,TWSE,911608,明輝-DR,2.95,2.97,2.89,2.97,0.02,83000,244370,30
2022-09-20,TWSE,911622,泰聚亨-DR,5.23,5.23,5.10,5.10,0.01,7000,35890,7
2022-09-20,TWSE,911868,同方友友-DR,1.14,1.15,1.13,1.15,0.01,101000,115030,26
2022-09-20,TWSE,912000,晨訊科-DR,2.22,2.28,2.20,2.22,0.00,122000,270930,44
2022-09-20,TWSE,9136,巨騰-DR,6.85,7.06,6.74,6.86,0.01,3489000,24108340,256
2022-09-20,TWSE,9802,鈺齊-KY,185.00,185.00,181.00,183.50,0.50,1618370,294998693,1018
2022-09-20,TWSE,9902,台火,10.60,10.65,10.60,10.65,0.00,55479,589174,35
2022-09-20,TWSE,9904,寶成,29.90,30.55,29.70,30.50,0.85,8223057,249274701,3470
2022-09-20,TWSE,9905,大華,25.25,25.25,25.00,25.10,-0.15,189458,4745097,131
2022-09-20,TWSE,9906,欣巴巴,47.70,48.30,47.50,47.85,-0.55,20000,957400,14
2022-09-20,TWSE,9907,統一實,20.05,20.10,19.85,20.10,0.25,3024309,60509854,1275
2022-09-20,TWSE,9908,大台北,32.45,32.55,32.45,32.45,-0.05,50138,1628105,68
2022-09-20,TWSE,9910,豐泰,176.00,178.50,175.00,178.50,4.50,627393,111313670,604
2022-09-20,TWSE,9911,櫻花,62.60,62.70,62.30,62.50,0.30,56487,3531185,79
2022-09-20,TWSE,9912,偉聯,12.30,12.30,11.70,12.00,-0.10,382932,4552535,215
2022-09-20,TWSE,9914,美利達,208.00,208.50,206.00,206.50,0.50,190781,39467968,195
2022-09-20,TWSE,9917,中保科,100.50,100.50,100.00,100.50,0.50,208644,20905204,424
2022-09-20,TWSE,9918,欣天然,42.05,42.05,41.90,41.90,-0.10,22412,941264,27
2022-09-20,TWSE,9919,康那香,17.90,18.30,17.40,17.65,-0.25,4069072,72440126,1007
2022-09-20,TWSE,9921,巨大,236.00,236.00,233.50,234.00,0.50,331665,77700162,380
2022-09-20,TWSE,9924,福興,42.85,43.00,42.80,42.95,0.05,144943,6218818,156
2022-09-20,TWSE,9925,新保,39.65,39.80,39.65,39.80,0.15,43126,1711966,77
2022-09-20,TWSE,9926,新海,52.00,52.10,52.00,52.10,-0.20,2220,115647,9
2022-09-20,TWSE,9927,泰銘,35.55,35.55,35.30,35.45,0.10,111984,3966206,122
2022-09-20,TWSE,9928,中視,26.90,26.90,24.75,24.75,-2.15,365602,9389610,251
2022-09-20,TWSE,9929,秋雨,8.68,8.68,8.32,8.36,-0.17,79200,669054,45
2022-09-20,TWSE,9930,中聯資源,47.20,47.20,47.00,47.15,-0.05,33389,1571835,34
2022-09-20,TWSE,9931,欣高,39.35,39.50,39.35,39.45,0.90,4050,159673,7
2022-09-20,TWSE,9933,中鼎,47.05,49.00,47.05,48.30,1.45,4273868,206795012,2827
2022-09-20,TWSE,9934,成霖,12.25,12.30,12.15,12.15,-0.10,191300,2332125,97
2022-09-20,TWSE,9935,慶豐富,18.00,18.05,17.85,18.00,0.00,93251,1673494,61
2022-09-20,TWSE,9937,全國,50.20,50.30,49.80,50.00,0.00,25115,1256600,26
2022-09-20,TWSE,9938,百和,65.60,65.90,65.10,65.90,0.60,247028,16193886,205
2022-09-20,TWSE,9939,宏全,82.40,84.90,82.00,84.80,2.90,2970600,249803311,2023
2022-09-20,TWSE,9940,信義,31.40,31.50,31.05,31.50,0.00,218714,6853986,211
2022-09-20,TWSE,9941,裕融,157.50,157.50,155.00,156.00,-0.50,672277,104878461,1164
2022-09-20,TWSE,9941A,裕融甲特,50.70,50.70,50.60,50.70,-0.10,35164,1779363,16
2022-09-20,TWSE,9942,茂順,102.00,103.50,100.00,102.00,1.00,251774,25676945,330
2022-09-20,TWSE,9944,新麗,20.60,20.70,20.55,20.65,0.00,57838,1192033,44
2022-09-20,TWSE,9945,潤泰新,58.30,59.40,58.10,58.90,0.90,4046877,237706400,2363
2022-09-20,TWSE,9946,三發地產,13.60,13.70,13.40,13.65,0.35,171827,2332515,155
2022-09-20,TWSE,9955,佳龍,19.85,19.85,19.60,19.60,0.00,315888,6223548,204
2022-09-20,TWSE,9958,世紀鋼,78.80,78.80,77.90,77.90,0.00,1063345,83169401,875
2022-09-20,TPEx,006201,元大富櫃50,16.85,16.90,16.80,16.89,+0.10,12211,205893,17
2022-09-20,TPEx,00679B,元大美債20年,33.82,33.82,33.76,33.79,+0.08,1614829,54560256,719
2022-09-20,TPEx,00687B,國泰20年美債,35.43,35.45,35.40,35.40,+0.04,930884,32981990,32
2022-09-20,TPEx,00694B,富邦美債1-3,39.36,39.41,39.33,39.36,-0.05,149075,5867565,12
2022-09-20,TPEx,00695B,富邦美債7-10,35.55,35.56,35.53,35.53,-0.12,108345,3850624,15
2022-09-20,TPEx,00696B,富邦美債20年,35.46,35.47,35.42,35.42,-0.04,139349,4941896,45
2022-09-20,TPEx,00697B,元大美債7-10,37.23,37.23,37.12,37.13,,202022,7504600,30
2022-09-20,TPEx,00718B,富邦中國政策債,20.39,20.40,20.36,20.36,-0.03,14021,285606,5
2022-09-20,TPEx,00719B,元大美債1-3,31.82,31.83,31.73,31.75,0.00,401266,12747667,46
2022-09-20,TPEx,00720B,元大投資級公司債,35.30,35.33,35.25,35.26,+0.10,406191,14334351,128
2022-09-20,TPEx,00721B,元大中國債3-5,46.45,46.45,46.45,46.45,-0.05,100000,4645000,2
2022-09-20,TPEx,00722B,群益15年IG電信債,38.45,38.51,38.44,38.49,+0.24,122682,4720117,772
2022-09-20,TPEx,00723B,群益15年IG科技債,34.25,34.33,34.25,34.33,+0.19,108000,3707510,12
2022-09-20,TPEx,00724B,群益10年IG金融債,34.02,34.03,33.98,33.98,+0.11,123145,4185097,20
2022-09-20,TPEx,00725B,國泰投資級公司債,36.34,36.41,36.34,36.39,+0.06,128738,4686905,17
2022-09-20,TPEx,00726B,國泰5Y+新興債,33.66,33.71,33.66,33.70,+0.03,108159,3645898,13
2022-09-20,TPEx,00727B,國泰1-5Y非投等債,37.88,37.92,37.88,37.90,+0.03,165728,6281492,27
2022-09-20,TPEx,00734B,台新JPM新興債,15.93,15.93,15.91,15.91,-0.01,1005000,15999600,11
2022-09-20,TPEx,00740B,富邦全球投等債,39.10,39.12,39.10,39.10,+0.03,101098,3953100,7
2022-09-20,TPEx,00741B,富邦全球非投等債,37.28,37.29,37.28,37.29,+0.15,88582,3302855,19
2022-09-20,TPEx,00744B,國泰中國政金債5+,44.11,44.11,44.09,44.09,0.00,102386,4514240,5
2022-09-20,TPEx,00745B,富邦中政債0-1,42.58,42.58,42.58,42.58,0.00,100000,4258000,4
2022-09-20,TPEx,00746B,富邦A級公司債,37.05,37.10,37.05,37.10,+0.19,110263,4088096,9
2022-09-20,TPEx,00747B,FH中國政策債,53.95,53.95,53.95,53.95,-0.05,100000,5395000,2
2022-09-20,TPEx,00748B,凱基中國債3-10,43.47,43.47,43.47,43.47,+0.10,100000,4347000,2
2022-09-20,TPEx,00749B,凱基新興債10+,31.40,31.40,31.40,31.40,+0.15,100000,3140000,2
2022-09-20,TPEx,00750B,凱基科技債10+,35.26,35.31,35.26,35.31,+0.11,101000,3566260,5
2022-09-20,TPEx,00751B,元大AAA至A公司債,36.00,36.00,35.90,35.91,,487961,17537574,247
2022-09-20,TPEx,00754B,群益AAA-AA公司債,38.17,38.19,38.17,38.17,+0.25,108000,4122380,12
2022-09-20,TPEx,00755B,群益15年IG公用債,35.62,35.69,35.62,35.62,+0.14,116000,4131990,11
2022-09-20,TPEx,00756B,群益15年EM主權債,33.10,33.18,33.10,33.14,+0.03,113508,3759452,717
2022-09-20,TPEx,00758B,FH能源債,52.10,52.10,52.10,52.10,+0.25,100000,5210000,2
2022-09-20,TPEx,00759B,FH製藥債,57.60,57.60,57.60,57.60,+0.60,100000,5760000,2
2022-09-20,TPEx,00760B,FH新興企業債,53.00,53.00,52.95,52.95,+0.20,101728,5391631,6
2022-09-20,TPEx,00761B,國泰A級公司債,37.82,37.85,37.80,37.85,+0.18,179250,6781840,26
2022-09-20,TPEx,00764B,群益25年美債,35.36,35.37,35.36,35.37,+0.12,101114,3575365,6
2022-09-20,TPEx,00765B,群益中國政金債,40.62,40.62,40.62,40.62,0.00,100000,4062000,2
2022-09-20,TPEx,00768B,FH20年美債,58.50,58.50,58.50,58.50,+0.15,100609,5885353,7
2022-09-20,TPEx,00772B,中信高評級公司債,36.50,36.50,36.34,36.38,+0.14,736644,26813697,134
2022-09-20,TPEx,00773B,中信優先金融債,36.22,36.32,36.22,36.30,+0.09,705847,25624445,69
2022-09-20,TPEx,00777B,凱基AAA至A公司債,35.80,35.81,35.80,35.81,+0.17,107000,3831600,5
2022-09-20,TPEx,00778B,凱基金融債20+,35.44,35.44,35.44,35.44,-0.04,100000,3544000,2
2022-09-20,TPEx,00779B,凱基美債25+,35.40,35.40,35.40,35.40,+0.07,100000,3540000,2
2022-09-20,TPEx,00780B,國泰A級金融債,36.58,36.60,36.57,36.60,-0.04,121000,4428150,7
2022-09-20,TPEx,00781B,國泰A級科技債,34.13,34.14,34.13,34.14,+0.15,111000,3789430,13
2022-09-20,TPEx,00782B,國泰A級公用債,34.25,34.41,34.25,34.41,+0.18,105300,3622526,7
2022-09-20,TPEx,00784B,富邦中國投等債,36.92,36.92,36.92,36.92,-0.11,100000,3692000,4
2022-09-20,TPEx,00785B,富邦金融投等債,34.88,34.88,34.88,34.88,+0.10,100000,3488000,4
2022-09-20,TPEx,00786B,元大10年IG銀行債,33.82,33.82,33.82,33.82,+0.05,100000,3382000,2
2022-09-20,TPEx,00787B,元大10年IG醫療債,35.37,35.37,35.37,35.37,,100000,3537000,2
2022-09-20,TPEx,00788B,元大10年IG電能債,33.29,33.29,33.25,33.25,-0.03,102000,3391560,4
2022-09-20,TPEx,00789B,FH公司債A3,53.65,53.65,53.65,53.65,-0.20,100000,5365000,2
2022-09-20,TPEx,00790B,FH次順位IG金融債,53.15,53.15,53.15,53.15,-0.30,100000,5315000,2
2022-09-20,TPEx,00791B,FH美元信用債1-5Y,53.30,53.45,53.30,53.45,0.00,102000,5451750,6
2022-09-20,TPEx,00792B,群益A級公司債,34.40,34.40,34.40,34.40,+0.28,102000,3508800,6
2022-09-20,TPEx,00793B,群益AAA-A醫療債,34.27,34.33,34.26,34.33,+0.15,115001,3947044,8
2022-09-20,TPEx,00794B,群益7+中國政金債,41.33,41.45,41.33,41.40,-0.05,127980,5303527,8
2022-09-20,TPEx,00795B,中信美國公債20年,34.21,34.26,34.20,34.26,+0.12,631585,21630568,34
2022-09-20,TPEx,00799B,國泰A級醫療債,34.72,34.72,34.72,34.72,+0.15,100000,3472000,4
2022-09-20,TPEx,00831B,新光美債1-3,38.30,38.30,38.30,38.30,0.00,2000,76600,2
2022-09-20,TPEx,00834B,第一金金融債10+,33.72,33.72,33.72,33.72,-0.05,100000,3372000,4
2022-09-20,TPEx,00836B,永豐10年A公司債,31.40,31.40,31.40,31.40,+0.05,100985,3170711,4
2022-09-20,TPEx,00840B,凱基IG精選15+,32.57,32.57,32.57,32.57,0.00,100000,3257000,2
2022-09-20,TPEx,00841B,凱基AAA-AA公司債,32.69,32.69,32.69,32.69,+0.03,100000,3269000,2
2022-09-20,TPEx,00842B,台新美元銀行債,32.79,32.81,32.78,32.78,+0.07,108000,3543350,5
2022-09-20,TPEx,00844B,新光15年IG金融債,32.15,32.15,32.15,32.15,+0.10,2000,64300,2
2022-09-20,TPEx,00845B,富邦新興投等債,31.04,31.04,31.04,31.04,+0.01,100000,3104000,2
2022-09-20,TPEx,00846B,富邦歐洲銀行債,32.47,32.47,32.47,32.47,+0.02,100000,3247000,4
2022-09-20,TPEx,00847B,中信美國市政債,28.95,28.95,28.92,28.92,+0.05,202000,5842900,6
2022-09-20,TPEx,00848B,中信新興亞洲債,33.94,33.94,33.91,33.91,+0.05,103250,3503705,8
2022-09-20,TPEx,00849B,中信EM主權債0-5,36.46,36.46,36.44,36.44,0.00,104000,3790760,5
2022-09-20,TPEx,00853B,統一美債10年Aa-A,29.82,29.82,29.82,29.82,+0.09,2000,59640,2
2022-09-20,TPEx,00856B,永豐1-3年美公債,38.42,38.42,38.39,38.39,-0.07,105740,4062181,7
2022-09-20,TPEx,00857B,永豐20年美公債,29.38,29.44,29.38,29.44,+0.09,109404,3216320,10
2022-09-20,TPEx,00858,永豐美國500大,25.97,25.99,25.95,25.98,+0.31,143006,3713955,29
2022-09-20,TPEx,00859B,群益0-1年美債,39.74,39.81,39.74,39.81,-0.02,114000,4533270,7
2022-09-20,TPEx,00860B,群益1-5年IG債,37.71,37.71,37.61,37.61,+0.03,101707,3825360,5
2022-09-20,TPEx,00862B,中信投資級公司債,31.95,31.95,31.91,31.92,+0.13,613000,19573960,16
2022-09-20,TPEx,00863B,中信全球電信債,32.86,32.86,32.85,32.85,+0.06,100000,3285500,4
2022-09-20,TPEx,00864B,中信美國公債0-1,41.04,41.04,40.98,41.04,-0.06,111000,4553210,9
2022-09-20,TPEx,00867B,新光A-BBB電信債,32.45,32.45,32.45,32.45,+0.10,2000,64900,2
2022-09-20,TPEx,00870B,元大15年EM主權債,30.32,30.34,30.32,30.32,-0.06,103000,3124960,5
2022-09-20,TPEx,00877,FH中國5G,9.51,9.52,9.41,9.42,-0.06,1570494,14864051,467
2022-09-20,TPEx,00883B,中信ESG投資級債,31.93,31.95,31.93,31.95,+0.09,210574,6726636,7
2022-09-20,TPEx,00884B,中信低碳新興債,30.81,30.89,30.81,30.84,+0.07,211804,6533313,8
2022-09-20,TPEx,00886,永豐美國科技,18.38,18.41,18.38,18.41,+0.28,237956,4377691,37
2022-09-20,TPEx,00887,永豐中國科技50大,14.55,14.60,14.51,14.55,0.00,334005,4864299,34
2022-09-20,TPEx,00888,永豐台灣ESG,12.80,12.87,12.80,12.85,+0.09,1281623,16450800,615
2022-09-20,TPEx,00890B,凱基ESG BBB債15+,33.23,33.23,33.23,33.23,+0.04,100000,3323000,2
2022-09-20,TPEx,020001,富邦存股雙十N,,,,,,0,0,0
2022-09-20,TPEx,020010,永昌富櫃200N,,,,,,0,0,0
2022-09-20,TPEx,020013,元富亞洲高股息N,,,,,,0,0,0
2022-09-20,TPEx,020014,元大富櫃200N,,,,,,0,0,0
2022-09-20,TPEx,02001B,統一美國政府債N,,,,,,0,0,0
2022-09-20,TPEx,020023,元大櫃買半導體N,4.28,4.28,4.23,4.23,+0.01,16000,68180,2
2022-09-20,TPEx,020024,兆豐富櫃200N,,,,,,0,0,0
2022-09-20,TPEx,020025,統一亞洲半導體N,5.84,5.85,5.84,5.84,+0.02,46000,268740,7
2022-09-20,TPEx,020026,兆豐上櫃ESG電菁N,,,,,,0,0,0
2022-09-20,TPEx,020027,元大上櫃ESG成長N,4.14,4.14,4.09,4.11,+0.02,60000,246570,13
2022-09-20,TPEx,02002L,兆豐富櫃200正二N,4.85,4.85,4.80,4.83,+0.07,167000,806320,22
2022-09-20,TPEx,020033,統一恒生科期N,3.59,3.68,3.58,3.66,+0.07,76000,277160,24
2022-09-20,TPEx,02003L,永豐富櫃200正2N,4.85,4.85,4.85,4.85,+0.07,25000,121250,1
2022-09-20,TPEx,1240,茂生農經,44.50,44.70,44.20,44.70,+0.25,29100,1291640,17
2022-09-20,TPEx,1258,其祥-KY,28.55,28.55,27.70,28.05,-0.05,71125,1991397,67
2022-09-20,TPEx,1259,安心,73.00,73.40,73.00,73.40,+1.30,18795,1374970,78
2022-09-20,TPEx,1264,德麥,266.50,266.50,265.00,265.00,-1.50,15534,4130700,368
2022-09-20,TPEx,1268,漢來美食,108.50,112.00,108.50,111.00,+2.50,91520,10083008,88
2022-09-20,TPEx,1336,台翰,27.00,28.20,26.80,27.55,+0.95,432974,11893024,277
2022-09-20,TPEx,1565,精華,253.00,253.50,251.00,251.50,-1.50,98725,24873274,208
2022-09-20,TPEx,1569,濱川,26.35,27.00,26.30,26.85,+0.75,3052939,81660379,1071
2022-09-20,TPEx,1570,力肯,16.90,17.10,16.85,16.90,-0.05,57002,965834,34
2022-09-20,TPEx,1580,新麥,94.30,95.40,94.00,94.60,+0.60,40130,3790763,63
2022-09-20,TPEx,1584,精剛,18.25,18.55,18.15,18.30,+0.20,772767,14136665,347
2022-09-20,TPEx,1586,和勤,37.70,37.75,37.40,37.60,-0.05,58139,2180940,49
2022-09-20,TPEx,1591,駿吉-KY,16.35,16.50,16.25,16.45,+0.20,61000,996900,37
2022-09-20,TPEx,1593,祺驊,65.00,65.20,65.00,65.00,+0.20,18100,1177640,8
2022-09-20,TPEx,1595,川寶,38.70,38.70,38.10,38.60,-0.10,13100,501719,11
2022-09-20,TPEx,1599,宏佳騰,47.60,47.60,46.00,46.20,,321237,14905486,328
2022-09-20,TPEx,1742,台蠟,20.50,21.65,20.50,21.05,+0.55,290291,6166847,115
2022-09-20,TPEx,1777,生泰,74.40,75.30,74.40,75.00,+0.10,28589,2146370,34
2022-09-20,TPEx,1781,合世,16.50,16.60,16.10,16.10,-0.05,83005,1354530,66
2022-09-20,TPEx,1784,訊聯,42.45,43.40,42.25,42.35,-0.05,180647,7709370,153
2022-09-20,TPEx,1785,光洋科,36.70,36.70,35.85,36.25,0.00,1793131,64698451,1131
2022-09-20,TPEx,1788,杏昌,160.50,161.00,160.50,160.50,-0.50,20475,3289734,107
2022-09-20,TPEx,1796,金穎生技,56.10,57.10,55.90,57.10,+1.00,31001,1748356,26
2022-09-20,TPEx,1799,易威,10.70,11.00,10.65,10.95,+0.40,49170,533336,40
2022-09-20,TPEx,1813,寶利徠,22.15,22.50,22.05,22.35,+0.20,70240,1568118,47
2022-09-20,TPEx,1815,富喬,13.60,13.65,13.50,13.55,+0.05,484871,6574741,256
2022-09-20,TPEx,2035,唐榮,32.70,32.70,32.50,32.60,+0.15,14001,456782,12
2022-09-20,TPEx,2061,風青,28.30,28.50,27.00,27.55,-0.45,566573,15614065,358
2022-09-20,TPEx,2063,世鎧,37.60,37.90,37.40,37.90,+0.30,25000,940200,15
2022-09-20,TPEx,2064,晉椿,17.00,17.05,16.85,16.90,+0.05,31000,524950,19
2022-09-20,TPEx,2065,世豐,49.20,49.80,49.20,49.55,+0.05,55018,2721745,98
2022-09-20,TPEx,2066,世德,87.50,89.30,86.70,87.60,+0.90,705703,61978918,610
2022-09-20,TPEx,2067,嘉鋼,12.75,12.90,12.75,12.90,0.00,6159,78998,8
2022-09-20,TPEx,2070,精湛,32.65,33.10,32.65,33.10,-0.05,7000,230350,7
2022-09-20,TPEx,2221,大甲,43.30,44.90,43.00,43.30,+0.20,575241,25292544,491
2022-09-20,TPEx,2230,泰茂,35.35,38.00,34.75,38.00,+3.45,6119025,225388577,3563
2022-09-20,TPEx,2235,謚源,49.50,49.95,49.15,49.95,+0.75,25056,1242222,31
2022-09-20,TPEx,2596,綠意,18.00,18.15,18.00,18.10,+0.05,41235,744910,30
2022-09-20,TPEx,2640,大車隊,,,,,,230,19320,1
2022-09-20,TPEx,2641,正德,18.25,18.50,18.05,18.05,0.00,1477071,26937621,726
2022-09-20,TPEx,2643,捷迅,69.80,70.80,69.70,70.70,+0.80,12205,855675,16
2022-09-20,TPEx,2718,晶悅,,,,,,0,0,0
2022-09-20,TPEx,2719,燦星旅,,,,,,322,7404,4
2022-09-20,TPEx,2724,富驛-KY,,,,,,22,317,1
2022-09-20,TPEx,2726,雅茗-KY,23.90,24.25,23.80,23.95,+0.45,47299,1130978,40
2022-09-20,TPEx,2729,瓦城,200.00,213.00,200.00,210.00,+10.00,220887,45777789,285
2022-09-20,TPEx,2732,六角,113.50,121.00,112.00,118.50,+8.50,1935496,229222465,1835
2022-09-20,TPEx,2734,易飛網,36.90,38.00,36.90,37.75,+0.95,285206,10776425,233
2022-09-20,TPEx,2736,富野,23.20,24.00,23.15,24.00,+1.00,2710201,64106360,1614
2022-09-20,TPEx,2740,天蔥,48.60,49.20,48.55,49.20,+0.70,12320,601051,14
2022-09-20,TPEx,2743,山富,73.10,78.50,73.10,75.70,,7744742,591304937,5894
2022-09-20,TPEx,2745,五福,50.00,52.20,50.00,51.10,+1.40,400164,20605439,342
2022-09-20,TPEx,2752,豆府,188.00,191.00,188.00,188.50,+1.50,46276,8737911,46
2022-09-20,TPEx,2754,亞洲藏壽司,91.00,95.60,90.50,92.80,+2.60,298072,27600418,331
2022-09-20,TPEx,2755,揚秦,81.00,81.90,80.60,81.90,+1.70,14402,1170282,54
2022-09-20,TPEx,2756,聯發國際,107.50,109.00,106.00,108.50,+2.50,40384,4328826,58
2022-09-20,TPEx,2916,滿心,23.00,23.00,22.95,22.95,+0.05,15000,344400,11
2022-09-20,TPEx,2924,東凌-KY,,,,,,0,0,0
2022-09-20,TPEx,2926,誠品生活,53.80,54.90,51.40,52.40,-0.60,253301,13489087,230
2022-09-20,TPEx,2937,集雅社,38.10,38.25,38.10,38.20,-0.05,33017,1260499,16
2022-09-20,TPEx,2947,振宇五金,,,,,,24,2463,8
2022-09-20,TPEx,3064,泰偉,,,,,,0,0,0
2022-09-20,TPEx,3066,李洲,27.15,29.20,27.15,27.70,+0.60,175131,4913674,140
2022-09-20,TPEx,3067,全域,37.25,37.90,37.25,37.50,-0.75,10556,395114,11
2022-09-20,TPEx,3071,協禧,26.50,26.60,26.25,26.55,+0.30,265411,7015455,178
2022-09-20,TPEx,3073,天方能源,28.55,29.25,28.50,28.65,0.00,25000,717850,17
2022-09-20,TPEx,3078,僑威,30.40,30.40,30.20,30.20,-0.15,68436,2072284,78
2022-09-20,TPEx,3081,聯亞,158.50,163.00,158.50,161.50,+5.50,1054114,170222075,901
2022-09-20,TPEx,3083,網龍,40.35,40.70,39.70,40.70,+1.00,87050,3479800,70
2022-09-20,TPEx,3085,新零售,12.60,13.00,12.60,13.00,-0.05,16000,203250,15
2022-09-20,TPEx,3086,華義,77.60,77.60,75.60,76.20,-1.30,21024,1600824,25
2022-09-20,TPEx,3088,艾訊,58.00,58.00,57.40,57.50,-0.10,166143,9575513,166
2022-09-20,TPEx,3089,億杰,32.00,32.00,32.00,32.00,0.00,19790,632863,19
2022-09-20,TPEx,3093,港建,103.00,104.00,102.50,103.50,+1.00,43700,4505600,43
2022-09-20,TPEx,3095,及成,3.01,3.05,3.01,3.05,+0.07,430868,1313592,168
2022-09-20,TPEx,3105,穩懋,160.00,160.50,155.00,156.50,-2.00,2131137,334544958,2136
2022-09-20,TPEx,3114,好德,27.05,27.05,26.70,26.80,+0.05,343659,9270267,143
2022-09-20,TPEx,3115,富榮綱,13.25,13.25,12.60,13.05,-0.05,8005,103866,10
2022-09-20,TPEx,3118,進階,26.95,27.00,26.70,27.00,0.00,47671,1287014,63
2022-09-20,TPEx,3122,笙泉,30.20,30.20,29.50,29.55,-0.15,129867,3857475,110
2022-09-20,TPEx,3128,昇銳,27.50,29.85,27.25,29.85,+2.70,12830564,369407595,7222
2022-09-20,TPEx,3131,弘塑,262.00,262.00,258.00,260.00,+2.00,29514,7657264,55
2022-09-20,TPEx,3141,晶宏,108.50,110.50,108.00,109.50,+3.50,3408666,372504418,2242
2022-09-20,TPEx,3147,大綜,51.20,53.00,51.20,52.60,+1.50,260190,13557694,198
2022-09-20,TPEx,3152,璟德,177.00,178.00,175.50,175.50,-1.50,103966,18311664,115
2022-09-20,TPEx,3162,精確,49.30,52.40,48.70,52.40,+4.70,9037366,460032967,2958
2022-09-20,TPEx,3163,波若威,56.60,56.70,55.70,55.90,+0.30,950014,53356892,649
2022-09-20,TPEx,3169,亞信,109.00,111.00,107.50,108.00,0.00,357468,38893379,330
2022-09-20,TPEx,3171,新洲,15.85,16.15,15.85,16.15,0.00,13000,206700,5
2022-09-20,TPEx,3176,基亞,40.50,40.50,39.70,39.85,-0.15,145325,5799542,125
2022-09-20,TPEx,3178,公準,66.30,67.80,66.30,67.50,+1.20,96358,6475784,91
2022-09-20,TPEx,3188,鑫龍騰,12.70,12.80,12.60,12.80,+0.10,157973,2009956,70
2022-09-20,TPEx,3191,和進,9.65,9.80,9.65,9.80,-0.02,13003,126637,9
2022-09-20,TPEx,3202,樺晟,16.15,16.60,16.15,16.35,+0.20,356321,5839458,159
2022-09-20,TPEx,3205,佰研,54.50,54.50,53.30,54.40,+0.90,414085,22383501,304
2022-09-20,TPEx,3206,志豐,27.50,27.55,27.35,27.55,0.00,14278,392315,38
2022-09-20,TPEx,3207,耀勝,45.55,46.55,45.55,45.95,+0.25,1169258,53656230,845
2022-09-20,TPEx,3211,順達,75.10,75.30,74.90,75.00,0.00,55355,4156418,92
2022-09-20,TPEx,3213,茂訊,44.00,44.00,43.70,43.70,-0.30,28830,1263815,44
2022-09-20,TPEx,3217,優群,70.60,71.20,70.50,70.50,+0.30,90366,6385970,82
2022-09-20,TPEx,3218,大學光,301.00,306.50,300.50,305.00,+4.50,395935,120007445,392
2022-09-20,TPEx,3219,倚強科,,,,,,634,39815,3
2022-09-20,TPEx,3221,台嘉碩,30.10,30.35,29.75,29.80,-0.05,544706,16317023,437
2022-09-20,TPEx,3224,三顧,47.80,48.30,46.95,46.95,-0.80,424622,20073478,279
2022-09-20,TPEx,3226,至寶電,60.60,60.60,60.00,60.00,+0.70,4000,240600,2
2022-09-20,TPEx,3227,原相,91.70,92.40,91.60,92.20,+1.30,189747,17464443,178
2022-09-20,TPEx,3228,金麗科,346.50,356.00,341.00,354.00,+14.00,1412633,493443955,1347
2022-09-20,TPEx,3230,錦明,15.15,15.15,14.65,15.10,0.00,386126,5749128,170
2022-09-20,TPEx,3232,昱捷,33.30,34.40,32.75,34.20,+0.70,620930,20982076,368
2022-09-20,TPEx,3234,光環,26.50,26.75,26.30,26.40,+0.25,295103,7814967,189
2022-09-20,TPEx,3236,千如,22.65,23.30,22.65,23.00,+0.35,48322,1112172,58
2022-09-20,TPEx,3252,海灣,20.50,20.75,20.20,20.65,+0.45,194000,3990350,123
2022-09-20,TPEx,3259,鑫創,18.90,18.90,18.35,18.50,-0.40,40020,740880,30
2022-09-20,TPEx,3260,威剛,61.30,61.80,60.00,60.20,-0.30,721927,43826670,573
2022-09-20,TPEx,3264,欣銓,44.50,44.90,43.50,44.05,+0.05,2570076,113146615,1840
2022-09-20,TPEx,3265,台星科,41.45,41.50,40.60,40.80,-0.30,593409,24262330,476
2022-09-20,TPEx,3268,海德威,23.60,23.85,23.60,23.85,+0.05,42012,998197,29
2022-09-20,TPEx,3272,東碩,32.20,32.75,32.05,32.45,+0.25,67301,2183358,50
2022-09-20,TPEx,3276,宇環,13.55,13.65,13.40,13.50,-0.10,71001,955563,23
2022-09-20,TPEx,3284,太普高,15.80,16.50,15.80,16.10,+0.30,220003,3573396,162
2022-09-20,TPEx,3285,微端,20.00,20.00,19.40,19.75,+0.15,138057,2728916,56
2022-09-20,TPEx,3287,廣寰科,15.10,15.10,14.80,14.80,-0.10,22499,333984,24
2022-09-20,TPEx,3289,宜特,74.70,75.80,72.80,74.70,+2.20,7830103,581546856,5337
2022-09-20,TPEx,3290,東浦,21.95,22.15,21.65,21.95,+0.10,165428,3620139,130
2022-09-20,TPEx,3293,鈊象,356.00,360.00,353.00,354.00,0.00,615708,218498029,1033
2022-09-20,TPEx,3294,英濟,20.00,20.15,19.80,19.80,0.00,96439,1920153,73
2022-09-20,TPEx,3297,杭特,17.80,17.80,17.35,17.45,-0.05,165682,2905220,133
2022-09-20,TPEx,3303,岱稜,31.80,33.45,31.60,33.15,+1.35,2984433,97703767,1725
2022-09-20,TPEx,3306,鼎天,24.70,24.90,24.40,24.80,+0.20,152109,3759392,108
2022-09-20,TPEx,3310,佳穎,43.90,43.90,43.50,43.70,-0.20,24338,1062095,23
2022-09-20,TPEx,3313,斐成,11.25,11.30,10.90,11.20,+0.10,59064,652387,136
2022-09-20,TPEx,3317,尼克森,57.40,57.40,56.00,56.10,-0.30,257154,14509395,210
2022-09-20,TPEx,3322,建舜電,19.80,19.80,19.40,19.65,+0.20,303883,5958376,223
2022-09-20,TPEx,3323,加百裕,36.00,36.50,36.00,36.05,+0.10,193676,7006923,194
2022-09-20,TPEx,3324,雙鴻,161.50,168.50,158.00,165.00,+5.50,4681263,773074403,3661
2022-09-20,TPEx,3325,旭品,13.65,13.65,13.50,13.50,-0.15,64637,876722,71
2022-09-20,TPEx,3332,幸康,40.85,40.85,40.85,40.85,0.00,5000,204250,2
2022-09-20,TPEx,3339,泰谷,14.70,14.95,14.60,14.60,-0.10,346293,5124298,89
2022-09-20,TPEx,3349,寶德,14.55,15.10,14.55,15.05,+0.05,6161,91224,6
2022-09-20,TPEx,3354,律勝,15.90,16.05,15.85,15.95,+0.15,89100,1418543,74
2022-09-20,TPEx,3357,臺慶科,92.00,92.00,90.20,90.20,-1.30,45302,4112635,104
2022-09-20,TPEx,3360,尚立,14.15,14.35,14.10,14.20,+0.05,119575,1702418,84
2022-09-20,TPEx,3362,先進光,76.80,76.80,75.60,75.90,+0.20,713707,54287636,602
2022-09-20,TPEx,3363,上詮,24.25,24.30,24.15,24.20,0.00,81299,1967676,53
2022-09-20,TPEx,3372,典範,12.50,12.50,12.30,12.45,-0.05,169627,2097679,99
2022-09-20,TPEx,3373,熱映,26.80,27.70,26.60,26.65,-0.35,128746,3460393,121
2022-09-20,TPEx,3374,精材,123.00,123.50,120.50,121.50,-0.50,539745,65670457,482
2022-09-20,TPEx,3379,彬台,11.90,11.90,11.85,11.90,0.00,27006,321120,19
2022-09-20,TPEx,3388,崇越電,76.60,77.40,76.60,77.40,+0.80,14365,1101475,25
2022-09-20,TPEx,3390,旭軟,23.30,23.75,23.05,23.65,+0.55,811456,19013377,467
2022-09-20,TPEx,3402,漢科,46.25,46.75,46.25,46.55,+0.10,106307,4942538,89
2022-09-20,TPEx,3426,台興,39.65,40.00,39.60,39.65,0.00,4000,158900,4
2022-09-20,TPEx,3430,奇鈦科,72.00,73.30,69.60,72.00,-0.70,2289653,163401127,2108
2022-09-20,TPEx,3434,哲固,28.95,29.35,28.35,28.85,+0.60,125678,3618216,107
2022-09-20,TPEx,3438,類比科,47.75,47.75,46.50,46.80,+0.35,145480,6848698,124
2022-09-20,TPEx,3441,聯一光,37.50,37.75,37.20,37.65,+0.65,257695,9646291,222
2022-09-20,TPEx,3444,利機,56.50,57.20,56.00,56.50,0.00,96811,5478116,59
2022-09-20,TPEx,3455,由田,85.40,86.20,85.20,85.20,+0.40,250396,21445635,204
2022-09-20,TPEx,3465,進泰電子,102.50,102.50,99.60,101.50,+1.50,4107,414215,6
2022-09-20,TPEx,3466,致振,26.75,26.90,25.85,26.30,-0.30,707284,18567203,411
2022-09-20,TPEx,3479,安勤,59.00,59.20,58.80,59.00,+0.40,140191,8267669,149
2022-09-20,TPEx,3483,力致,57.50,58.20,57.30,57.30,0.00,92870,5354545,91
2022-09-20,TPEx,3484,崧騰,52.40,53.00,51.90,52.20,+0.20,161149,8419323,141
2022-09-20,TPEx,3489,森寶,10.80,10.85,10.75,10.75,+0.05,31000,334350,19
2022-09-20,TPEx,3490,單井,24.90,25.00,24.55,24.60,+0.05,63504,1574699,56
2022-09-20,TPEx,3491,昇達科,155.00,155.50,152.00,155.50,+2.00,2575054,396763092,2221
2022-09-20,TPEx,3492,長盛,20.00,20.10,19.40,19.75,-0.20,442869,8733282,288
2022-09-20,TPEx,3498,陽程,26.50,26.60,25.80,26.15,+0.25,24108,629257,28
2022-09-20,TPEx,3499,環天科,17.85,18.05,17.55,17.60,0.00,385101,6831128,147
2022-09-20,TPEx,3508,位速,36.35,36.50,35.60,35.65,0.00,349351,12529531,283
2022-09-20,TPEx,3511,矽瑪,38.50,39.55,38.40,38.75,-0.30,963041,37372851,675
2022-09-20,TPEx,3512,皇龍,30.80,30.85,30.40,30.55,-0.05,36000,1102250,22
2022-09-20,TPEx,3516,亞帝歐,16.90,16.90,16.65,16.90,0.00,113502,1907683,25
2022-09-20,TPEx,3520,華盈,21.00,22.15,20.95,21.75,+0.80,3784828,82114802,1928
2022-09-20,TPEx,3521,鴻翊,25.75,26.65,24.70,26.45,+1.40,4482012,115245382,2578
2022-09-20,TPEx,3522,御頂,12.50,12.55,12.40,12.40,+0.05,25340,315529,48
2022-09-20,TPEx,3523,迎輝,18.50,18.50,18.30,18.45,+0.05,89021,1642400,45
2022-09-20,TPEx,3526,凡甲,153.50,155.50,153.00,154.50,+3.00,242510,37396924,242
2022-09-20,TPEx,3527,聚積,106.00,108.00,105.00,105.00,-1.00,191265,20237003,197
2022-09-20,TPEx,3529,力旺,1300.00,1315.00,1265.00,1275.00,+5.00,908366,1167284830,1029
2022-09-20,TPEx,3531,先益,25.80,26.20,25.75,25.95,+0.20,88489,2295019,54
2022-09-20,TPEx,3537,堡達,34.40,34.60,34.30,34.50,+0.10,33414,1148738,40
2022-09-20,TPEx,3540,曜越,23.35,23.95,23.30,23.50,0.00,81120,1909176,72
2022-09-20,TPEx,3541,西柏,58.10,58.90,57.90,58.50,+0.60,38082,2228418,38
2022-09-20,TPEx,3546,宇峻,69.90,70.60,69.70,70.30,+0.60,42372,2967137,41
2022-09-20,TPEx,3548,兆利,66.70,67.20,66.20,66.70,+0.50,215792,14395150,170
2022-09-20,TPEx,3551,世禾,57.20,57.50,57.00,57.50,+0.60,46062,2635746,30
2022-09-20,TPEx,3552,同致,184.00,186.00,170.00,176.00,-7.00,8512020,1498719356,8399
2022-09-20,TPEx,3555,重鵬,26.25,27.45,25.60,25.60,-2.80,124482,3250228,111
2022-09-20,TPEx,3556,禾瑞亞,58.60,59.00,58.60,58.90,-0.20,70580,4145261,109
2022-09-20,TPEx,3558,神準,200.00,201.50,196.00,197.00,0.00,1998679,395444998,1633
2022-09-20,TPEx,3564,其陽,38.00,38.55,37.00,38.20,+0.30,451771,17050732,404
2022-09-20,TPEx,3567,逸昌,28.10,28.40,28.00,28.15,-0.05,37059,1039523,33
2022-09-20,TPEx,3570,大塚,,,,,,0,0,0
2022-09-20,TPEx,3577,泓格,74.80,74.80,74.00,74.00,-0.50,12148,900638,19
2022-09-20,TPEx,3580,友威科,73.90,75.20,72.30,75.00,+1.10,2015881,148575399,1163
2022-09-20,TPEx,3581,博磊,22.20,22.55,22.05,22.35,+0.25,31000,688850,11
2022-09-20,TPEx,3587,閎康,141.00,145.00,139.00,144.50,+5.50,2243814,319631371,1785
2022-09-20,TPEx,3594,磐儀,24.60,25.00,24.55,24.60,+0.15,265882,6550315,185
2022-09-20,TPEx,3597,映興,28.95,28.95,27.80,27.80,-1.15,1755923,49848166,1068
2022-09-20,TPEx,3609,三一東林,51.40,52.40,49.10,49.10,-1.60,92201,4641851,82
2022-09-20,TPEx,3611,鼎翰,195.50,195.50,193.50,195.50,0.00,10615,2063221,23
2022-09-20,TPEx,3615,安可,17.95,17.95,17.80,17.85,-0.10,33124,591602,35
2022-09-20,TPEx,3623,富晶通,17.20,17.35,16.85,16.85,-0.15,243001,4186716,81
2022-09-20,TPEx,3624,光頡,46.30,47.30,45.80,46.75,+1.25,1405480,65356132,1151
2022-09-20,TPEx,3625,西勝,17.30,17.30,17.00,17.00,-0.10,103108,1764136,63
2022-09-20,TPEx,3628,盈正,42.60,42.95,41.95,42.80,+0.65,96429,4097101,71
2022-09-20,TPEx,3629,地心引力,38.80,39.60,38.80,39.60,-0.15,2174,85194,4
2022-09-20,TPEx,3630,新鉅科,31.95,32.20,31.35,31.35,0.00,112294,3539354,99
2022-09-20,TPEx,3631,晟楠,38.80,39.80,37.70,37.70,-0.15,15000,571350,15
2022-09-20,TPEx,3632,研勤,10.90,11.05,10.90,11.00,+0.10,18420,202761,57
2022-09-20,TPEx,3642,駿熠電,5.99,6.00,5.99,6.00,+0.19,8000,47970,4
2022-09-20,TPEx,3646,艾恩特,25.50,25.50,24.95,25.25,-0.10,125041,3137200,100
2022-09-20,TPEx,3652,精聯,23.70,24.10,23.70,24.00,+0.30,154000,3682550,92
2022-09-20,TPEx,3663,鑫科,27.95,28.00,27.75,27.95,+0.05,36121,1006225,37
2022-09-20,TPEx,3664,安瑞-KY,12.80,12.80,12.55,12.65,+0.05,147209,1858985,85
2022-09-20,TPEx,3666,光耀,22.30,22.85,22.20,22.25,0.00,35015,782783,25
2022-09-20,TPEx,3672,康聯訊,31.85,31.85,31.15,31.40,-0.30,5367,168347,8
2022-09-20,TPEx,3675,德微,199.50,203.00,195.50,197.00,+1.00,2335534,464830137,2031
2022-09-20,TPEx,3680,家登,284.50,294.00,283.50,291.00,+10.50,1641629,475084550,2660
2022-09-20,TPEx,3684,榮昌,55.90,55.90,55.90,55.90,0.00,4002,223710,5
2022-09-20,TPEx,3685,元創精密,27.25,27.85,26.70,27.85,+0.35,234331,6380933,186
2022-09-20,TPEx,3687,歐買尬,80.20,80.90,79.60,80.30,+0.80,132279,10591842,153
2022-09-20,TPEx,3689,湧德,34.05,34.15,33.95,34.15,+0.25,135324,4606371,104
2022-09-20,TPEx,3691,碩禾,134.50,135.00,133.00,133.00,0.00,748799,100082938,644
2022-09-20,TPEx,3693,營邦,71.40,72.00,69.70,71.30,+1.30,284697,20161505,233
2022-09-20,TPEx,3707,漢磊,111.50,114.00,109.50,113.00,+3.50,4003195,447785895,2765
2022-09-20,TPEx,3709,鑫聯大投控,24.40,24.50,24.10,24.20,-0.20,24190,587224,21
2022-09-20,TPEx,3710,連展投控,15.20,15.30,14.90,15.25,+0.45,4397186,66495211,1561
2022-09-20,TPEx,3713,新晶投控,30.90,30.90,30.05,30.55,-0.40,142646,4337033,105
2022-09-20,TPEx,4102,永日,25.15,25.80,25.15,25.80,+0.75,1503033,38397733,746
2022-09-20,TPEx,4105,東洋,73.60,73.60,72.10,72.70,+0.10,767345,55880873,609
2022-09-20,TPEx,4107,邦特,119.00,120.00,117.50,120.00,+2.00,132457,15758259,134
2022-09-20,TPEx,4109,加捷生醫,15.50,15.50,15.20,15.30,-0.10,221964,3395336,88
2022-09-20,TPEx,4111,濟生,24.50,25.05,24.50,24.65,+0.15,119216,2945779,92
2022-09-20,TPEx,4113,聯上,12.60,12.60,12.45,12.50,-0.05,134560,1686389,55
2022-09-20,TPEx,4114,健喬,37.10,37.85,36.70,37.20,+1.00,11317402,421258518,6056
2022-09-20,TPEx,4116,明基醫,67.10,68.80,66.90,68.40,+1.60,779577,52915393,558
2022-09-20,TPEx,4120,友華,34.45,34.55,34.30,34.50,+0.05,44925,1543934,39
2022-09-20,TPEx,4121,優盛,22.65,23.10,22.60,23.10,+0.65,625867,14303656,378
2022-09-20,TPEx,4123,晟德,50.20,50.50,50.00,50.10,0.00,683179,34275511,545
2022-09-20,TPEx,4126,太醫,68.60,68.70,68.50,68.70,+0.10,42240,2897544,47
2022-09-20,TPEx,4127,天良,14.85,14.95,14.80,14.80,+0.05,44026,653337,37
2022-09-20,TPEx,4128,中天,73.00,73.50,72.00,72.00,-1.00,8970177,652479159,6215
2022-09-20,TPEx,4129,聯合,32.25,32.25,31.90,31.95,-0.25,167215,5359784,115
2022-09-20,TPEx,4129A,聯合甲特,,,,,,0,0,0
2022-09-20,TPEx,4130,健亞,25.55,25.95,25.45,25.90,+0.35,183786,4731437,141
2022-09-20,TPEx,4131,晶宇,28.80,29.85,26.60,28.10,-0.05,97329,2740220,81
2022-09-20,TPEx,4138,曜亞,59.00,59.10,58.70,58.70,0.00,19948,1175288,26
2022-09-20,TPEx,4139,馬光-KY,55.70,56.70,55.20,55.60,-0.10,411355,23072958,229
2022-09-20,TPEx,4147,中裕,67.00,67.50,66.10,67.20,+1.20,573654,38354196,467
2022-09-20,TPEx,4153,鈺緯,29.00,29.70,28.95,29.50,+0.65,383300,11282231,261
2022-09-20,TPEx,4154,樂威科-KY,44.75,45.80,44.50,45.20,+0.40,13000,585150,11
2022-09-20,TPEx,4157,太景*-KY,16.90,17.05,16.80,16.95,+0.15,1460496,24752391,796
2022-09-20,TPEx,4160,創源,25.15,25.15,24.80,24.80,+0.20,19276,481364,83
2022-09-20,TPEx,4161,聿新科,25.30,26.00,25.30,25.60,+0.30,29347,755348,27
2022-09-20,TPEx,4162,智擎,129.00,131.50,126.50,127.50,-1.50,10281693,1323324797,7337
2022-09-20,TPEx,4163,鐿鈦,99.00,99.80,98.10,99.40,+0.40,88724,8795836,114
2022-09-20,TPEx,4167,松瑞藥,18.95,19.30,18.85,18.95,+0.15,1010080,19260543,559
2022-09-20,TPEx,4168,醣聯,38.35,38.85,38.05,38.75,+0.90,1413022,54424125,881
2022-09-20,TPEx,4171,瑞基,66.50,66.50,65.30,65.40,-0.40,549222,36099279,439
2022-09-20,TPEx,4173,久裕,19.00,19.20,18.85,19.20,+0.35,65011,1237311,44
2022-09-20,TPEx,4174,浩鼎,81.00,81.10,79.70,79.90,-0.70,484609,38813239,427
2022-09-20,TPEx,4175,杏一,73.60,74.00,73.60,73.70,0.00,21268,1567999,90
2022-09-20,TPEx,4183,福永生技,18.20,18.75,18.20,18.75,+0.55,15000,274400,9
2022-09-20,TPEx,4188,安克,17.10,17.10,16.90,17.00,-0.10,20029,339241,21
2022-09-20,TPEx,4192,杏國,29.90,29.95,29.90,29.95,+0.05,2002,59909,3
2022-09-20,TPEx,4198,欣大健康,28.00,28.00,28.00,28.00,+0.10,5240,146516,3
2022-09-20,TPEx,4205,中華食,104.50,104.50,103.50,103.50,-1.00,10929,1139795,73
2022-09-20,TPEx,4207,環泰,13.15,13.35,13.15,13.35,+0.25,93825,1241595,64
2022-09-20,TPEx,4303,信立,18.55,18.75,18.20,18.70,,243675,4487589,218
2022-09-20,TPEx,4304,勝昱,9.42,9.55,9.40,9.55,+0.01,75004,709597,31
2022-09-20,TPEx,4305,世坤,31.40,31.40,30.75,30.75,-0.25,2000,62150,2
2022-09-20,TPEx,4401,東隆興,28.80,28.85,28.05,28.05,-0.30,26005,738344,21
2022-09-20,TPEx,4402,福大,17.65,17.65,17.25,17.25,-0.35,395049,6860302,256
2022-09-20,TPEx,4406,新昕纖,10.60,11.10,10.60,10.95,+0.40,206000,2227200,91
2022-09-20,TPEx,4413,飛寶企業,22.85,22.85,21.70,22.05,-0.45,57045,1264067,55
2022-09-20,TPEx,4416,三圓,80.20,80.50,80.20,80.50,-0.20,6000,482700,2
2022-09-20,TPEx,4417,金洲,36.80,37.10,36.40,36.70,-0.10,162006,5952718,147
2022-09-20,TPEx,4419,元勝,,,,,,0,0,0
2022-09-20,TPEx,4420,光明,30.55,30.55,30.55,30.55,+0.50,1072,32705,5
2022-09-20,TPEx,4430,耀億,23.40,23.40,22.75,23.00,-0.35,10117,232640,19
2022-09-20,TPEx,4432,銘旺實,28.15,28.15,27.50,27.70,-0.05,331040,9186708,232
2022-09-20,TPEx,4433,興采,33.25,33.25,31.70,32.00,-0.65,421768,13570922,325
2022-09-20,TPEx,4502,健信,39.05,39.50,39.05,39.50,+0.10,3000,117950,3
2022-09-20,TPEx,4503,金雨,38.50,38.90,38.00,38.45,+0.30,1686941,64792510,936
2022-09-20,TPEx,4506,崇友,81.50,83.00,79.30,79.60,-1.80,120762,9804999,490
2022-09-20,TPEx,4510,高鋒,11.10,11.10,10.90,11.00,+0.10,46209,507627,31
2022-09-20,TPEx,4513,福裕,26.75,28.65,26.00,28.65,+2.60,910463,25113608,369
2022-09-20,TPEx,4523,永彰,29.30,29.30,29.30,29.30,+0.90,1005,29445,4
2022-09-20,TPEx,4527,方土霖,26.80,26.80,26.80,26.80,0.00,1000,26800,1
2022-09-20,TPEx,4528,江興鍛,35.85,35.95,35.85,35.95,+0.10,47149,1690602,29
2022-09-20,TPEx,4529,淳紳,11.15,11.25,11.00,11.05,-0.05,61002,677123,42
2022-09-20,TPEx,4530,宏易,6.81,6.83,6.75,6.77,-0.20,16100,109288,17
2022-09-20,TPEx,4533,協易機,10.55,10.60,10.50,10.55,-0.05,111207,1171074,94
2022-09-20,TPEx,4534,慶騰,9.61,9.70,9.61,9.65,+0.02,30848,297017,33
2022-09-20,TPEx,4535,至興,42.00,42.00,40.70,40.95,-0.15,34049,1394761,23
2022-09-20,TPEx,4538,大詠城,19.35,19.90,19.25,19.25,-0.10,8000,154750,7
2022-09-20,TPEx,4541,晟田,34.80,35.75,34.45,35.65,+1.00,781319,27587587,506
2022-09-20,TPEx,4542,科嶠,25.00,25.00,24.60,24.80,+0.30,6000,148800,6
2022-09-20,TPEx,4543,萬在,27.75,28.25,27.45,28.20,+0.90,710702,19825267,550
2022-09-20,TPEx,4549,桓達,91.60,92.80,91.00,92.20,+0.60,150150,13848644,136
2022-09-20,TPEx,4550,長佳,22.35,22.50,22.35,22.50,-0.10,10000,223700,9
2022-09-20,TPEx,4554,橙的,34.70,34.75,34.30,34.35,+0.20,85912,2958063,81
2022-09-20,TPEx,4556,旭然,31.50,31.50,30.75,31.40,+0.10,7021,218840,9
2022-09-20,TPEx,4558,寶緯,29.75,29.90,29.75,29.75,-0.25,23200,690787,19
2022-09-20,TPEx,4561,健椿,24.55,24.60,24.30,24.40,-0.15,10001,244227,10
2022-09-20,TPEx,4563,百德,32.20,33.15,32.20,33.15,+0.70,8000,259550,8
2022-09-20,TPEx,4568,科際精密,66.50,66.50,65.60,65.80,-0.20,14000,923800,12
2022-09-20,TPEx,4577,達航科技,34.70,34.70,34.00,34.25,-0.15,56430,1935932,49
2022-09-20,TPEx,4580,捷流閥業,89.20,89.60,89.20,89.50,+0.50,66203,5918367,60
2022-09-20,TPEx,4609,唐鋒,8.40,8.40,8.40,8.40,0.00,1000,8400,1
2022-09-20,TPEx,4702,中美實,13.80,14.50,13.80,14.00,+0.25,167253,2359585,146
2022-09-20,TPEx,4706,大恭,17.90,17.90,17.80,17.80,+0.10,2009,35862,3
2022-09-20,TPEx,4707,磐亞,12.55,12.60,12.50,12.55,+0.05,294644,3699467,93
2022-09-20,TPEx,4711,永純,15.05,15.05,14.95,15.00,0.00,12000,179950,9
2022-09-20,TPEx,4712,南璋,4.80,4.86,4.80,4.86,-0.01,17610,84837,13
2022-09-20,TPEx,4714,永捷,12.05,12.05,12.00,12.00,-0.10,128159,1542481,71
2022-09-20,TPEx,4716,大立,13.00,13.70,13.00,13.45,+0.45,356542,4771146,290
2022-09-20,TPEx,4721,美琪瑪,122.00,123.50,121.50,123.50,+2.50,476749,58464406,455
2022-09-20,TPEx,4726,永昕,42.70,42.95,42.20,42.30,+0.15,1552039,66046642,958
2022-09-20,TPEx,4728,雙美,149.00,149.00,144.00,144.00,-0.50,19003,2780956,21
2022-09-20,TPEx,4729,熒茂,11.75,11.95,11.60,11.70,-0.05,259472,3053188,113
2022-09-20,TPEx,4735,豪展,37.25,37.25,36.50,37.05,-0.15,58025,2136841,45
2022-09-20,TPEx,4736,泰博,176.50,180.00,176.00,179.00,+3.50,701077,124872169,700
2022-09-20,TPEx,4741,泓瀚,26.40,26.40,25.80,25.80,-0.55,9000,234400,8
2022-09-20,TPEx,4743,合一,261.00,264.00,256.00,260.00,-0.50,6557235,1704152371,4983
2022-09-20,TPEx,4744,皇將,27.50,28.50,27.40,28.20,+0.60,114153,3189845,87
2022-09-20,TPEx,4745,合富-KY,25.70,25.85,25.50,25.50,0.00,53175,1358401,41
2022-09-20,TPEx,4747,強生,32.90,32.90,32.90,32.90,0.00,7443,245051,9
2022-09-20,TPEx,4754,國碳科,36.00,36.00,35.85,35.90,-0.10,30768,1107389,62
2022-09-20,TPEx,4760,勤凱,50.60,50.80,50.10,50.70,+0.20,23090,1162264,23
2022-09-20,TPEx,4767,誠泰科技,27.90,27.90,27.00,27.00,0.00,2000,54900,2
2022-09-20,TPEx,4768,晶呈科技,216.50,223.00,212.00,220.50,+4.00,1416742,308406597,2561
2022-09-20,TPEx,4804,大略-KY,10.65,10.70,10.60,10.70,+0.20,192301,2048840,86
2022-09-20,TPEx,4806,昇華,8.69,9.10,8.69,9.10,-0.03,6118,53616,33
2022-09-20,TPEx,4903,聯光通,10.80,11.30,10.75,11.15,+0.45,112275,1242617,77
2022-09-20,TPEx,4905,台聯電,51.10,51.10,51.10,51.10,0.00,3413,174031,5
2022-09-20,TPEx,4907,富宇,24.50,26.55,24.50,25.40,+0.80,50116,1247110,43
2022-09-20,TPEx,4908,前鼎,38.40,39.00,38.40,38.75,+0.60,268706,10388224,182
2022-09-20,TPEx,4909,新復興,17.35,17.35,17.20,17.25,+0.15,34579,596205,48
2022-09-20,TPEx,4911,德英,59.20,63.70,59.00,61.50,+2.60,206943,12645825,192
2022-09-20,TPEx,4923,力士,56.10,56.20,55.30,55.30,-1.00,54604,3050945,52
2022-09-20,TPEx,4924,欣厚-KY,14.30,14.30,13.80,13.85,0.00,14000,195300,8
2022-09-20,TPEx,4931,新盛力,38.00,38.40,37.25,37.80,+0.30,6829657,257574546,3602
2022-09-20,TPEx,4933,友輝,33.60,33.60,33.30,33.40,-0.10,17060,569858,16
2022-09-20,TPEx,4939,亞電,16.30,16.30,16.20,16.25,+0.05,123094,1996833,68
2022-09-20,TPEx,4944,兆遠,19.00,19.00,19.00,19.00,0.00,1469,27464,21
2022-09-20,TPEx,4945,陞達科技,59.30,59.60,59.30,59.60,+0.30,20263,1204625,21
2022-09-20,TPEx,4946,辣椒,48.00,49.00,48.00,48.40,+0.20,31197,1514495,114
2022-09-20,TPEx,4950,牧東,23.25,23.35,22.75,23.25,0.00,167001,3853623,60
2022-09-20,TPEx,4953,緯軟,87.50,88.70,86.90,88.30,+1.40,147408,12964025,143
2022-09-20,TPEx,4966,譜瑞-KY,733.00,735.00,709.00,715.00,-7.00,389023,279429255,589
2022-09-20,TPEx,4971,IET-KY,70.20,70.90,70.10,70.60,+0.60,22152,1558670,24
2022-09-20,TPEx,4972,湯石照明,31.30,31.30,31.20,31.20,-0.15,12330,385726,20
2022-09-20,TPEx,4973,廣穎,20.20,20.20,20.00,20.05,-0.05,30007,601994,26
2022-09-20,TPEx,4974,亞泰,55.50,56.40,55.20,55.80,+0.30,82058,4578124,73
2022-09-20,TPEx,4979,華星光,37.60,38.90,37.60,38.80,+1.80,2706237,104328616,1981
2022-09-20,TPEx,4987,科誠,56.00,56.10,56.00,56.10,+0.10,4133,231548,66
2022-09-20,TPEx,4991,環宇-KY,41.00,41.25,40.65,41.25,+1.05,28747,1181005,27
2022-09-20,TPEx,4995,晶達,36.50,36.75,36.50,36.75,+0.25,20432,749576,23
2022-09-20,TPEx,5009,榮剛,28.15,28.35,27.80,28.30,+0.40,3637703,102331557,1247
2022-09-20,TPEx,5011,久陽,25.00,25.10,24.85,24.90,-0.15,300160,7486513,152
2022-09-20,TPEx,5013,強新,32.70,32.95,32.65,32.65,-0.05,16007,523729,9
2022-09-20,TPEx,5014,建錩,16.25,16.30,16.00,16.10,-0.05,366190,5896532,171
2022-09-20,TPEx,5015,華祺,61.20,62.00,60.80,60.80,-0.20,165190,10116452,147
2022-09-20,TPEx,5016,松和,31.40,31.45,31.00,31.45,+0.05,21624,675767,13
2022-09-20,TPEx,5201,凱衛,30.15,30.15,29.60,29.85,+0.05,4002,119809,5
2022-09-20,TPEx,5202,力新,17.05,17.20,16.95,17.10,-0.10,19003,323650,16
2022-09-20,TPEx,5205,中茂,40.55,44.25,40.55,43.50,+2.95,48457,2071420,47
2022-09-20,TPEx,5206,坤悅,14.20,14.20,14.00,14.20,+0.15,21250,299325,16
2022-09-20,TPEx,5209,新鼎,71.00,71.20,71.00,71.20,-0.20,8345,592727,59
2022-09-20,TPEx,5210,寶碩,19.05,20.00,19.05,19.95,+0.95,403285,7927827,248
2022-09-20,TPEx,5211,蒙恬,20.95,21.00,20.15,20.15,-0.35,264650,5403806,190
2022-09-20,TPEx,5212,凌網,38.70,39.60,38.65,38.70,0.00,58002,2268477,6
2022-09-20,TPEx,5213,亞昕,22.30,22.30,22.15,22.30,+0.15,60288,1343026,48
2022-09-20,TPEx,5220,萬達光電,30.15,30.75,30.15,30.40,+0.10,16108,487594,14
2022-09-20,TPEx,5223,安力-KY,44.90,45.20,44.75,45.20,+0.15,15040,674274,14
2022-09-20,TPEx,5227,立凱-KY,51.70,52.20,51.40,51.80,+0.40,115558,5970258,197
2022-09-20,TPEx,5228,鈺鎧,27.70,28.00,27.30,27.35,-0.35,129137,3561919,100
2022-09-20,TPEx,5230,雷笛克光學,24.50,24.50,24.15,24.35,0.00,18649,452013,21
2022-09-20,TPEx,5236,凌陽創新,77.40,77.70,75.40,76.50,-0.60,247140,18900320,253
2022-09-20,TPEx,5245,智晶,58.20,60.90,58.20,60.70,+2.40,215110,12910740,155
2022-09-20,TPEx,5251,天鉞電,24.50,26.65,24.30,26.65,+2.15,4947139,126317678,3104
2022-09-20,TPEx,5263,智崴,110.00,110.00,109.50,110.00,+1.00,63401,6966569,53
2022-09-20,TPEx,5272,笙科,31.40,31.60,31.30,31.60,+0.40,112109,3520772,105
2022-09-20,TPEx,5274,信驊,1905.00,1970.00,1905.00,1955.00,+95.00,518400,1008222675,726
2022-09-20,TPEx,5276,達輝-KY,13.95,13.95,13.55,13.55,-0.10,2000,27500,2
2022-09-20,TPEx,5278,尚凡,189.00,190.50,187.50,190.50,-1.00,17291,3265220,76
2022-09-20,TPEx,5281,大峽谷-KY,,,,,,2,32,2
2022-09-20,TPEx,5287,數字,188.00,188.00,185.50,185.50,-3.00,143023,26735908,1124
2022-09-20,TPEx,5289,宜鼎,166.50,168.00,166.00,166.00,-1.50,93816,15628465,154
2022-09-20,TPEx,5291,邑昇,38.00,38.45,37.90,37.95,-0.05,63000,2399850,44
2022-09-20,TPEx,5299,杰力,110.00,111.50,109.50,109.50,+0.50,165605,18267295,153
2022-09-20,TPEx,5301,寶得利,9.90,10.15,9.90,10.15,0.00,29001,290570,19
2022-09-20,TPEx,5302,太欣,9.48,9.60,9.28,9.48,+0.14,103000,969720,51
2022-09-20,TPEx,5309,系統電,40.50,40.50,40.10,40.35,+0.30,828362,33408085,649
2022-09-20,TPEx,5310,天剛,25.90,26.00,25.90,26.00,0.00,5000,129700,4
2022-09-20,TPEx,5312,寶島科,59.30,59.30,59.30,59.30,0.00,6100,361718,9
2022-09-20,TPEx,5314,世紀,4.30,4.30,4.20,4.30,+0.05,11085,47558,12
2022-09-20,TPEx,5315,光聯,16.60,16.70,16.50,16.65,+0.10,100305,1662713,37
2022-09-20,TPEx,5321,美而快,88.70,89.70,87.00,89.20,+2.20,327208,28949761,288
2022-09-20,TPEx,5324,士開,9.15,9.20,9.15,9.19,0.00,31006,284624,16
2022-09-20,TPEx,5328,華容,9.97,9.97,9.85,9.88,-0.03,47340,467981,51
2022-09-20,TPEx,5340,建榮,26.55,26.85,26.10,26.45,-0.10,58761,1553437,56
2022-09-20,TPEx,5344,立衛,20.60,20.60,19.85,19.90,+0.10,14345,287783,18
2022-09-20,TPEx,5345,天揚,6.00,6.05,6.00,6.05,+0.05,18000,108600,5
2022-09-20,TPEx,5347,世界,73.30,73.40,72.00,72.20,-0.30,3186948,230932659,2201
2022-09-20,TPEx,5348,系通,11.05,11.05,11.05,11.05,-0.05,1000,11050,1
2022-09-20,TPEx,5351,鈺創,39.50,40.00,39.00,39.45,+0.65,3733522,147542982,2293
2022-09-20,TPEx,5353,台林,40.05,42.40,40.05,41.50,+1.65,9418350,388629441,5942
2022-09-20,TPEx,5355,佳總,6.47,6.66,6.45,6.50,-0.10,63027,409906,35
2022-09-20,TPEx,5356,協益,22.25,22.25,22.15,22.25,+0.05,23752,527488,68
2022-09-20,TPEx,5364,力麗店,20.10,20.35,20.10,20.35,+0.25,5000,101150,3
2022-09-20,TPEx,5371,中光電,61.10,61.40,60.00,60.40,0.00,1117556,67491199,987
2022-09-20,TPEx,5381,合正,5.79,5.94,5.79,5.90,+0.18,91650,537569,32
2022-09-20,TPEx,5383,金利,27.90,28.20,27.90,28.00,0.00,35006,979568,29
2022-09-20,TPEx,5386,青雲,34.90,35.00,34.85,35.00,+0.10,13012,454794,19
2022-09-20,TPEx,5392,能率,21.80,22.25,21.70,22.25,+0.45,64704,1417940,124
2022-09-20,TPEx,5398,慕康生醫,17.80,18.85,17.80,18.20,+0.65,17001,309968,17
2022-09-20,TPEx,5403,中菲,68.90,69.80,68.90,69.80,+0.90,51710,3593091,76
2022-09-20,TPEx,5410,國眾,25.95,26.05,25.85,26.00,+0.15,150607,3908876,86
2022-09-20,TPEx,5425,台半,89.00,89.50,87.70,89.50,+2.10,14552363,1292705555,10315
2022-09-20,TPEx,5426,振發,15.85,16.30,15.35,15.60,+0.10,3606288,56777615,1627
2022-09-20,TPEx,5432,新門,30.95,31.40,30.80,30.90,-0.70,23017,710680,16
2022-09-20,TPEx,5438,東友,18.00,18.15,17.90,18.00,0.00,77574,1396184,33
2022-09-20,TPEx,5439,高技,43.30,43.35,42.90,42.95,-0.25,83465,3594692,93
2022-09-20,TPEx,5443,均豪,28.50,28.50,27.75,27.85,+0.15,111231,3097561,110
2022-09-20,TPEx,5450,南良,18.20,18.20,18.10,18.10,+0.10,14003,253904,14
2022-09-20,TPEx,5452,佶優,15.70,16.10,15.70,15.80,+0.25,319797,5089924,144
2022-09-20,TPEx,5455,昇益,,,,,,300,7545,1
2022-09-20,TPEx,5457,宣德,61.30,63.20,60.30,62.00,+1.40,3431570,213098720,2548
2022-09-20,TPEx,5460,同協,11.85,11.85,11.60,11.60,-0.20,21107,245913,39
2022-09-20,TPEx,5464,霖宏,22.90,23.15,22.90,23.10,+0.30,64347,1479443,49
2022-09-20,TPEx,5465,富驊,18.30,18.40,17.55,18.20,0.00,613218,11057064,313
2022-09-20,TPEx,5468,凱鈺,20.05,20.40,20.00,20.15,-1.15,427329,8616072,449
2022-09-20,TPEx,5474,聰泰,72.10,72.10,70.80,71.40,0.00,9336,665389,19
2022-09-20,TPEx,5475,德宏,13.35,13.70,13.30,13.40,+0.10,516029,6910313,175
2022-09-20,TPEx,5478,智冠,74.50,75.40,74.20,74.20,-0.60,65884,4911536,60
2022-09-20,TPEx,5481,新華,13.20,13.40,13.10,13.20,+0.05,448101,5969717,99
2022-09-20,TPEx,5483,中美晶,161.50,163.00,159.00,161.50,+2.00,3085928,497822670,1949
2022-09-20,TPEx,5487,通泰,,,,,,505,13033,5
2022-09-20,TPEx,5488,松普,10.85,10.95,10.80,10.85,0.00,270139,2932597,130
2022-09-20,TPEx,5489,彩富,36.15,36.90,36.05,36.20,+0.15,58000,2109100,46
2022-09-20,TPEx,5490,同亨,24.00,24.10,23.90,23.90,-0.10,18943,455430,80
2022-09-20,TPEx,5493,三聯,56.60,56.60,55.10,55.40,-1.10,42414,2369047,47
2022-09-20,TPEx,5498,凱崴,11.20,11.50,10.95,11.20,+0.10,544273,6076696,239
2022-09-20,TPEx,5508,永信建,62.90,63.00,62.50,62.60,+0.10,50286,3152772,75
2022-09-20,TPEx,5511,德昌,30.20,30.20,30.20,30.20,0.00,6090,183926,7
2022-09-20,TPEx,5512,力麒,8.83,8.85,8.80,8.82,-0.01,468312,4129735,105
2022-09-20,TPEx,5514,三豐,19.05,19.05,18.60,18.70,-0.40,35053,664880,8
2022-09-20,TPEx,5516,雙喜,17.25,18.95,17.25,18.25,+0.95,171489,3117197,124
2022-09-20,TPEx,5520,力泰,55.60,57.00,55.60,57.00,+1.40,2000,112600,2
2022-09-20,TPEx,5523,豐謙,25.10,25.60,25.10,25.60,+0.15,10638,271141,6
2022-09-20,TPEx,5529,鉅陞,12.70,12.70,12.65,12.70,+0.10,20007,253785,16
2022-09-20,TPEx,5530,龍巖,40.45,40.55,40.40,40.45,0.00,101424,4104515,78
2022-09-20,TPEx,5536,聖暉*,107.00,107.00,102.00,104.50,-1.50,629901,65675247,655
2022-09-20,TPEx,5543,桓鼎-KY,,,,,,0,0,0
2022-09-20,TPEx,5601,台聯櫃,,,,,,0,0,0
2022-09-20,TPEx,5603,陸海,27.55,28.00,27.55,27.65,+0.15,115258,3193483,128
2022-09-20,TPEx,5604,中連,57.50,58.50,57.40,58.20,+0.20,33488,1934099,39
2022-09-20,TPEx,5609,中菲行,70.50,71.40,70.30,71.10,+0.80,152234,10788056,162
2022-09-20,TPEx,5701,劍湖山,3.01,3.02,3.01,3.02,0.00,213036,642134,65
2022-09-20,TPEx,5703,亞都,13.70,14.30,13.70,14.10,+0.45,118409,1659173,72
2022-09-20,TPEx,5704,老爺知,33.50,34.20,33.45,33.60,+0.15,74251,2500797,97
2022-09-20,TPEx,5820,日盛金,11.45,11.45,11.40,11.45,0.00,44960342,512596135,677
2022-09-20,TPEx,5864,致和證,11.20,11.20,10.90,11.05,-0.10,20047,219967,19
2022-09-20,TPEx,5878,台名,47.60,47.60,47.60,47.60,0.00,1200,57195,5
2022-09-20,TPEx,5902,德記,40.20,40.50,39.85,40.20,+0.25,50426,2026010,56
2022-09-20,TPEx,5903,全家,200.00,200.00,198.50,200.00,0.00,14852,2961172,259
2022-09-20,TPEx,5904,寶雅,437.00,447.00,435.50,442.50,+10.00,292193,129377853,568
2022-09-20,TPEx,5905,南仁湖,12.00,12.05,12.00,12.00,+0.10,228335,2745426,124
2022-09-20,TPEx,6015,宏遠證,10.75,10.75,10.45,10.50,-0.20,707626,7456455,374
2022-09-20,TPEx,6016,康和證,10.40,10.45,10.30,10.30,-0.10,185082,1913688,130
2022-09-20,TPEx,6020,大展證,18.70,18.70,18.60,18.70,+0.05,7000,130500,4
2022-09-20,TPEx,6021,美好證,19.40,19.65,19.35,19.65,+0.05,5000,97100,4
2022-09-20,TPEx,6023,元大期,48.20,48.40,48.00,48.40,+0.20,41704,2009394,49
2022-09-20,TPEx,6026,福邦證,11.35,11.40,11.00,11.00,-0.30,1456155,16189174,867
2022-09-20,TPEx,6101,寬魚國際,20.20,20.65,20.15,20.65,-0.15,6000,121600,6
2022-09-20,TPEx,6103,合邦,7.70,7.96,7.70,7.96,-0.04,6529,50669,4
2022-09-20,TPEx,6104,創惟,101.00,102.00,96.30,99.30,-0.20,6560521,648879460,4748
2022-09-20,TPEx,6109,亞元,13.60,13.75,13.60,13.70,+0.15,135295,1848170,81
2022-09-20,TPEx,6111,大宇資,59.10,59.10,58.40,58.80,+0.60,323771,19023380,284
2022-09-20,TPEx,6113,亞矽,20.80,21.10,20.40,20.40,-0.40,1100711,22688261,560
2022-09-20,TPEx,6114,久威,28.20,28.50,27.50,27.75,-0.05,1377585,38646768,915
2022-09-20,TPEx,6118,建達,41.50,42.10,41.25,41.30,+0.10,3785406,157404884,2229
2022-09-20,TPEx,6121,新普,277.00,281.00,277.00,281.00,+4.00,276228,77281730,336
2022-09-20,TPEx,6122,擎邦,17.05,17.40,17.05,17.30,+0.20,370867,6402486,170
2022-09-20,TPEx,6123,上奇,58.80,58.90,58.10,58.40,+0.30,41306,2413079,75
2022-09-20,TPEx,6124,業強,32.50,33.20,29.10,29.40,-1.65,4252590,135619766,2934
2022-09-20,TPEx,6125,廣運,31.60,31.85,31.50,31.85,+0.50,2276983,72189504,1073
2022-09-20,TPEx,6126,信音,24.10,24.25,23.95,24.05,+0.05,175635,4226423,83
2022-09-20,TPEx,6127,九豪,16.20,16.45,16.05,16.15,+0.05,142117,2299593,96
2022-09-20,TPEx,6129,普誠,34.00,34.30,33.50,33.80,+0.40,1999337,67599318,1141
2022-09-20,TPEx,6130,星寶國際,38.25,38.95,38.25,38.60,+0.35,21013,813451,23
2022-09-20,TPEx,6134,萬旭,22.20,22.30,22.05,22.20,+0.15,64501,1429647,60
2022-09-20,TPEx,6138,茂達,119.00,124.00,118.00,119.50,+5.50,3051873,369794824,2500
2022-09-20,TPEx,6140,訊達,20.00,20.45,19.60,20.10,+0.10,1991040,39782867,1072
2022-09-20,TPEx,6143,振曜,61.60,62.80,61.60,62.80,+1.30,478046,29818826,346
2022-09-20,TPEx,6144,得利影,13.80,14.70,13.80,14.25,+0.85,14499,207386,16
2022-09-20,TPEx,6146,耕興,248.50,263.50,247.50,258.00,+8.00,979769,249788581,981
2022-09-20,TPEx,6147,頎邦,53.90,54.20,53.30,53.80,-0.10,2917020,156860226,1518
2022-09-20,TPEx,6148,驊宏資,12.75,12.85,12.65,12.80,+0.15,21005,268210,20
2022-09-20,TPEx,6150,撼訊,59.00,59.20,57.20,57.70,-0.40,579794,33548655,529
2022-09-20,TPEx,6151,晉倫,27.20,27.25,27.15,27.25,+0.05,21090,573867,18
2022-09-20,TPEx,6154,順發,16.50,16.60,16.45,16.55,-0.05,42023,693780,54
2022-09-20,TPEx,6156,松上,19.20,19.20,18.85,18.95,+0.10,82128,1559963,64
2022-09-20,TPEx,6158,禾昌,29.40,29.80,29.25,29.30,+0.05,39026,1144607,38
2022-09-20,TPEx,6160,欣技,16.70,17.60,16.60,16.75,+0.25,197075,3347210,170
2022-09-20,TPEx,6161,捷波,26.35,26.70,26.30,26.40,+0.05,109069,2874324,49
2022-09-20,TPEx,6163,華電網,15.15,15.25,15.10,15.15,0.00,132150,2000723,92
2022-09-20,TPEx,6167,久正,14.25,14.30,14.00,14.10,-0.05,517828,7315295,253
2022-09-20,TPEx,6169,昱泉,19.85,20.00,19.65,20.00,+0.20,26391,520821,33
2022-09-20,TPEx,6170,統振,30.50,30.50,30.05,30.15,-0.15,176187,5319443,105
2022-09-20,TPEx,6171,大城地產,26.30,26.45,26.30,26.45,+0.15,48000,1264000,33
2022-09-20,TPEx,6173,信昌電,40.35,40.35,40.05,40.05,0.00,98712,3960608,103
2022-09-20,TPEx,6174,安碁,26.20,26.25,25.80,25.95,-0.10,145016,3764709,81
2022-09-20,TPEx,6175,立敦,29.00,29.25,29.00,29.25,+0.35,57739,1682040,58
2022-09-20,TPEx,6179,亞通,26.50,27.00,26.15,26.80,+0.30,76203,2023414,48
2022-09-20,TPEx,6180,橘子,57.30,57.40,56.90,57.00,-0.40,346262,19742988,338
2022-09-20,TPEx,6182,合晶,47.90,47.90,46.60,46.60,-0.20,3269016,153589840,1873
2022-09-20,TPEx,6185,幃翔,13.70,13.85,13.55,13.55,-0.05,161469,2202014,117
2022-09-20,TPEx,6186,新潤,31.85,32.15,31.50,32.00,-0.30,1372982,43844303,766
2022-09-20,TPEx,6187,萬潤,81.10,81.70,80.30,81.70,+1.20,383050,31011601,287
2022-09-20,TPEx,6188,廣明,41.10,41.65,41.00,41.65,+0.80,785120,32452721,416
2022-09-20,TPEx,6190,萬泰科,37.55,38.15,37.45,38.05,+0.70,1166529,44155102,770
2022-09-20,TPEx,6194,育富,20.80,20.80,20.65,20.80,0.00,31055,643581,32
2022-09-20,TPEx,6195,詩肯,48.20,48.90,48.10,48.90,+0.60,28307,1369135,24
2022-09-20,TPEx,6198,凌泰,27.45,29.10,27.45,29.10,+1.25,10458,289555,23
2022-09-20,TPEx,6199,天品,27.05,27.05,24.30,26.65,-0.10,75000,1879650,40
2022-09-20,TPEx,6203,海韻電,50.20,50.30,50.00,50.00,-0.20,44525,2233444,47
2022-09-20,TPEx,6204,艾華,53.30,53.80,53.10,53.30,-0.30,7284,389013,16
2022-09-20,TPEx,6207,雷科,27.30,27.45,27.10,27.20,0.00,62153,1692367,46
2022-09-20,TPEx,6208,日揚,50.00,50.40,49.95,50.20,+0.20,91075,4560068,61
2022-09-20,TPEx,6210,慶生,38.95,38.95,38.95,38.95,-0.20,2000,77900,2
2022-09-20,TPEx,6212,理銘,50.00,50.00,50.00,50.00,0.00,10695,534194,3
2022-09-20,TPEx,6217,中探針,47.35,47.80,46.75,47.80,+0.90,1200538,56836973,954
2022-09-20,TPEx,6218,豪勉,19.00,19.00,18.75,18.90,,105323,1988842,68
2022-09-20,TPEx,6219,富旺,12.45,12.55,12.15,12.20,-0.45,593009,7297814,217
2022-09-20,TPEx,6220,岳豐,32.00,34.15,32.00,34.10,+1.90,5275692,175392026,3087
2022-09-20,TPEx,6221,晉泰,52.50,52.50,52.00,52.40,+0.50,5282,276079,11
2022-09-20,TPEx,6222,上揚,18.05,18.30,17.90,18.25,-0.05,34000,614300,21
2022-09-20,TPEx,6223,旺矽,92.90,93.20,92.00,93.00,+1.20,272763,25280404,334
2022-09-20,TPEx,6227,茂綸,38.95,38.95,38.55,38.70,+0.15,66103,2561054,56
2022-09-20,TPEx,6228,全譜,13.90,14.10,13.90,14.05,+0.20,11000,154350,7
2022-09-20,TPEx,6229,研通,29.05,29.25,28.90,28.95,-0.05,34045,987055,36
2022-09-20,TPEx,6231,系微,70.60,70.80,70.10,70.20,0.00,75023,5274527,55
2022-09-20,TPEx,6233,旺玖,23.50,23.90,23.50,23.65,+0.30,151011,3580915,98
2022-09-20,TPEx,6234,高僑,18.80,19.00,18.80,18.95,+0.15,18542,350523,27
2022-09-20,TPEx,6236,康呈,,,,,,53,1054,1
2022-09-20,TPEx,6237,驊訊,46.80,47.50,46.40,46.75,+0.75,647891,30384011,438
2022-09-20,TPEx,6240,松崗,22.00,22.35,21.80,22.15,+0.15,61000,1343150,41
2022-09-20,TPEx,6241,易通展,19.10,19.20,18.95,19.10,+0.05,171231,3264259,107
2022-09-20,TPEx,6242,立康,49.80,49.90,49.60,49.80,0.00,14400,716578,19
2022-09-20,TPEx,6244,茂迪,28.50,28.75,28.20,28.20,-0.10,1508004,42816137,1028
2022-09-20,TPEx,6245,立端,72.50,73.30,71.20,72.00,+0.30,2502990,180761822,2169
2022-09-20,TPEx,6246,臺龍,,,,,,2,30,2
2022-09-20,TPEx,6247,淇譽電,11.00,11.00,11.00,11.00,0.00,3341,36751,10
2022-09-20,TPEx,6248,沛波,20.85,21.00,20.70,21.00,+0.15,123061,2558178,85
2022-09-20,TPEx,6259,百徽,26.65,26.75,26.55,26.65,0.00,28002,745903,25
2022-09-20,TPEx,6261,久元,63.00,63.00,62.50,62.60,0.00,100822,6308590,91
2022-09-20,TPEx,6263,普萊德,77.90,78.10,77.90,78.10,+0.10,14225,1109765,28
2022-09-20,TPEx,6264,富裔,8.75,8.75,8.66,8.68,-0.02,18000,156230,8
2022-09-20,TPEx,6265,方土昶,11.45,11.55,11.25,11.35,-0.05,450330,5103390,198
2022-09-20,TPEx,6266,泰詠,24.40,25.35,24.40,25.35,+0.95,466972,11690906,376
2022-09-20,TPEx,6270,倍微,22.20,22.30,21.95,22.25,+0.05,149007,3297108,70
2022-09-20,TPEx,6274,台燿,52.30,52.60,51.60,51.80,-0.20,625374,32452054,458
2022-09-20,TPEx,6275,元山,29.60,29.65,29.35,29.35,+0.05,86246,2540725,72
2022-09-20,TPEx,6276,安鈦克,16.35,16.40,16.30,16.40,+0.10,10220,166884,32
2022-09-20,TPEx,6279,胡連,180.50,181.50,176.00,178.00,-1.50,7952953,1423876123,6408
2022-09-20,TPEx,6284,佳邦,49.80,49.80,49.05,49.05,-0.20,148702,7328505,147
2022-09-20,TPEx,6287,元隆,7.80,8.00,7.80,7.94,+0.03,105640,840873,55
2022-09-20,TPEx,6290,良維,58.00,58.10,56.40,56.60,-0.20,4780844,274249363,3210
2022-09-20,TPEx,6292,迅德,38.75,38.95,38.75,38.95,+0.25,24110,936236,18
2022-09-20,TPEx,6294,智基,107.00,107.50,106.50,107.50,+0.50,13042,1393508,25
2022-09-20,TPEx,6404,通訊-KY,19.50,19.50,19.50,19.50,-0.10,1003,19557,4
2022-09-20,TPEx,6411,晶焱,97.10,98.40,96.60,98.20,+1.70,557500,54393820,503
2022-09-20,TPEx,6417,韋僑,89.40,90.00,89.00,89.30,+0.30,11100,993000,11
2022-09-20,TPEx,6418,詠昇,17.55,18.35,17.50,17.70,+0.20,372121,6663727,227
2022-09-20,TPEx,6419,京晨科,31.55,31.90,31.00,31.20,-0.70,10983,345514,10
2022-09-20,TPEx,6425,易發,21.55,21.55,21.40,21.40,0.00,6000,128650,5
2022-09-20,TPEx,6432,今展科,38.20,38.20,37.00,38.20,+0.40,234346,8789418,220
2022-09-20,TPEx,6435,大中,109.50,112.50,109.50,110.50,+2.00,219138,24271268,187
2022-09-20,TPEx,6441,廣錠,48.65,48.65,46.70,46.75,-1.35,201380,9560900,286
2022-09-20,TPEx,6446,藥華藥,570.00,584.00,570.00,582.00,+6.00,714111,413382164,2354
2022-09-20,TPEx,6457,紘康,66.50,66.70,65.60,65.80,-0.50,161190,10630722,79
2022-09-20,TPEx,6461,益得,38.45,38.65,37.65,38.65,+3.50,3741109,143860052,1553
2022-09-20,TPEx,6462,神盾,75.90,75.90,75.10,75.10,-0.50,54416,4103189,80
2022-09-20,TPEx,6465,威潤,21.35,21.35,21.10,21.15,+0.10,21000,444350,15
2022-09-20,TPEx,6469,大樹,280.50,289.00,280.50,289.00,+9.00,625985,179025689,894
2022-09-20,TPEx,6470,宇智,59.40,59.90,58.60,59.40,+0.60,450079,26716660,377
2022-09-20,TPEx,6472,保瑞,299.50,314.00,293.50,305.00,+11.00,5261349,1597985915,4566
2022-09-20,TPEx,6482,弘煜科,44.00,44.00,43.90,43.90,+0.80,11000,483750,8
2022-09-20,TPEx,6485,點序,68.50,69.40,68.30,69.20,+1.00,245039,16899472,247
2022-09-20,TPEx,6486,互動,62.30,62.80,62.30,62.70,0.00,11210,701515,13
2022-09-20,TPEx,6488,環球晶,435.00,439.00,432.00,434.00,+2.50,1116818,486337225,1134
2022-09-20,TPEx,6492,生華科,58.40,59.60,58.00,58.00,0.00,107834,6296871,130
2022-09-20,TPEx,6494,九齊,65.90,66.60,65.50,66.20,+0.70,145547,9624892,169
2022-09-20,TPEx,6496,科懋,28.25,28.25,28.15,28.15,-0.15,4063,114673,33
2022-09-20,TPEx,6499,益安,61.50,62.00,61.30,61.50,0.00,67673,4170314,75
2022-09-20,TPEx,6506,雙邦,20.00,20.15,19.90,19.95,-0.05,64554,1290903,41
2022-09-20,TPEx,6508,惠光,48.50,48.50,47.80,47.90,-0.50,886877,42700303,638
2022-09-20,TPEx,6509,聚和,41.20,41.30,40.80,41.10,+0.40,349448,14350210,274
2022-09-20,TPEx,6510,精測,450.00,450.50,443.00,446.00,+2.50,85760,38270781,124
2022-09-20,TPEx,6512,啟發電,23.30,24.40,23.20,23.30,+0.30,28125,660396,29
2022-09-20,TPEx,6514,芮特-KY,59.50,59.70,59.20,59.70,+0.20,29281,1739135,26
2022-09-20,TPEx,6516,勤崴國際,87.00,87.80,86.80,87.00,0.00,22084,1921663,24
2022-09-20,TPEx,6523,達爾膚,102.00,103.00,101.50,101.50,0.00,77391,7877704,104
2022-09-20,TPEx,6527,明達醫,59.60,59.60,58.00,58.90,+1.40,80070,4682628,81
2022-09-20,TPEx,6530,創威,24.40,25.30,24.30,24.90,+0.60,105140,2602568,91
2022-09-20,TPEx,6532,瑞耘,56.90,57.00,55.20,56.50,+0.40,494863,27840878,386
2022-09-20,TPEx,6535,順藥,37.85,38.05,37.50,37.80,+0.20,196353,7429427,114
2022-09-20,TPEx,6538,倉和,80.20,81.30,80.20,81.00,+1.20,64117,5179043,66
2022-09-20,TPEx,6542,隆中,48.50,48.50,48.50,48.50,-0.55,1994,98795,4
2022-09-20,TPEx,6546,正基,119.00,119.00,114.00,116.00,-1.50,1185966,136958911,941
2022-09-20,TPEx,6547,高端疫苗,104.50,106.00,100.00,101.50,-1.00,5005436,514539830,3806
2022-09-20,TPEx,6548,長科*,32.80,32.80,32.25,32.40,+0.10,271716,8801538,240
2022-09-20,TPEx,6556,勝品,75.70,75.70,74.50,74.50,-1.10,16636,1242943,33
2022-09-20,TPEx,6560,欣普羅,36.20,36.20,35.80,36.00,-0.10,24105,868551,27
2022-09-20,TPEx,6561,是方,290.00,291.50,290.00,291.50,0.00,5102,1481187,10
2022-09-20,TPEx,6568,宏觀,137.50,137.50,134.50,136.50,+2.00,284174,38566067,266
2022-09-20,TPEx,6569,醫揚,98.20,98.20,98.20,98.20,-0.30,1063,104420,9
2022-09-20,TPEx,6570,維田,51.90,53.80,51.80,53.80,+2.30,2051072,108242837,1318
2022-09-20,TPEx,6574,霈方,49.15,49.15,49.15,49.15,-0.85,1010,49646,2
2022-09-20,TPEx,6576,逸達,98.40,98.90,97.80,98.20,0.00,257855,25335166,225
2022-09-20,TPEx,6577,勁豐,58.50,58.60,58.50,58.60,+0.90,9000,527200,9
2022-09-20,TPEx,6578,達邦蛋白,16.55,16.55,16.40,16.40,0.00,97686,1608076,76
2022-09-20,TPEx,6588,東典光電,37.30,37.70,37.30,37.65,-0.15,3130,117593,7
2022-09-20,TPEx,6589,台康生技,109.00,111.00,106.50,107.00,-0.50,5593287,605906102,4020
2022-09-20,TPEx,6590,普鴻,52.60,52.60,52.50,52.60,0.00,9033,475032,11
2022-09-20,TPEx,6593,台灣銘板,41.00,41.00,39.80,40.00,-1.00,21344,856945,43
2022-09-20,TPEx,6594,展匯科,29.05,29.20,29.05,29.10,-0.30,42824,1247727,57
2022-09-20,TPEx,6596,寬宏藝術,43.55,43.55,43.50,43.55,+0.05,15001,653095,14
2022-09-20,TPEx,6603,富強鑫,18.05,18.05,17.40,17.50,-0.15,1429586,25199268,694
2022-09-20,TPEx,6609,瀧澤科,31.20,31.25,31.00,31.15,0.00,63000,1961300,54
2022-09-20,TPEx,6612,奈米醫材,86.60,87.90,86.40,87.40,+1.20,27584,2405417,32
2022-09-20,TPEx,6613,朋億*,91.60,91.60,90.20,90.30,-1.60,85943,7806255,107
2022-09-20,TPEx,6615,慧智,42.65,42.85,42.65,42.85,+0.25,6000,256750,6
2022-09-20,TPEx,6616,特昇-KY,16.15,16.20,15.90,16.05,-0.10,66100,1058250,46
2022-09-20,TPEx,6624,萬年清,41.00,41.20,40.05,41.10,+0.10,10000,406400,10
2022-09-20,TPEx,6629,泰金-KY,,,,,,0,0,0
2022-09-20,TPEx,6640,均華,92.00,92.00,91.20,91.20,-1.40,5010,458926,6
2022-09-20,TPEx,6642,富致,52.00,52.60,52.00,52.60,+0.60,18000,936900,8
2022-09-20,TPEx,6643,M31,370.00,389.00,368.00,384.00,+18.00,1604288,609207328,1693
2022-09-20,TPEx,6649,台生材,41.85,41.85,39.75,41.00,-0.40,496036,20068277,373
2022-09-20,TPEx,6651,全宇昕,67.60,68.10,67.10,67.20,-0.90,30075,2031213,33
2022-09-20,TPEx,6654,天正國際,47.20,47.25,47.20,47.25,0.00,7101,335476,6
2022-09-20,TPEx,6661,威健生技,23.80,23.80,23.45,23.50,-0.30,36000,850250,25
2022-09-20,TPEx,6662,樂斯科,30.05,30.05,29.75,29.75,-0.55,3000,89800,3
2022-09-20,TPEx,6664,群翊,89.50,89.70,88.50,89.50,+0.70,91193,8111984,97
2022-09-20,TPEx,6667,信紘科,77.00,79.10,76.10,76.10,+1.20,830526,64483528,835
2022-09-20,TPEx,6679,鈺太,217.00,220.00,213.50,216.00,0.00,263600,56742318,258
2022-09-20,TPEx,6680,鑫創電子,,,,,,0,0,0
2022-09-20,TPEx,6683,雍智科技,211.50,214.00,206.00,213.50,+4.50,300258,63089494,294
2022-09-20,TPEx,6684,安格,48.00,48.75,47.55,47.60,+0.20,124041,5946468,141
2022-09-20,TPEx,6690,安碁資訊,116.00,119.00,116.00,118.00,+2.50,48672,5725851,53
2022-09-20,TPEx,6693,廣閎科,79.70,79.80,79.10,79.20,-0.50,75110,5961800,64
2022-09-20,TPEx,6697,東捷資訊,37.50,37.50,37.50,37.50,-0.30,3000,112500,3
2022-09-20,TPEx,6703,軒郁,88.60,89.40,87.50,89.10,+0.20,81061,7191080,105
2022-09-20,TPEx,6712,長聖,220.00,222.00,217.00,220.50,+1.50,843158,184925044,1975
2022-09-20,TPEx,6716,應廣,89.50,89.50,89.50,89.50,+1.90,1001,89588,2
2022-09-20,TPEx,6721,信實,44.25,44.50,44.25,44.40,+0.05,7002,311139,8
2022-09-20,TPEx,6727,亞泰金屬,73.00,73.70,73.00,73.30,+0.50,28049,2054498,25
2022-09-20,TPEx,6728,上洋,139.50,140.50,136.50,138.00,-1.50,11384,1577996,33
2022-09-20,TPEx,6732,昇佳電子,244.00,248.00,244.00,248.00,+4.00,52984,13059619,81
2022-09-20,TPEx,6733,博晟生醫,24.90,25.75,24.50,24.80,0.00,445730,11157089,276
2022-09-20,TPEx,6735,美達科技,66.10,66.90,65.00,66.50,-0.50,10000,658600,10
2022-09-20,TPEx,6741,91APP*-KY,92.60,93.60,91.50,91.50,-0.50,171252,15773033,191
2022-09-20,TPEx,6747,亨泰光,206.00,206.00,205.50,205.50,-1.50,26527,5464434,289
2022-09-20,TPEx,6751,智聯服務,46.95,47.20,43.70,44.05,-2.55,220069,9965895,307
2022-09-20,TPEx,6752,叡揚,,,,,,5,348,2
2022-09-20,TPEx,6761,穩得,83.50,84.50,83.30,84.40,+0.20,11080,929163,13
2022-09-20,TPEx,6762,達亞,210.00,210.00,210.00,210.00,0.00,3000,630000,3
2022-09-20,TPEx,6763,綠界科技,469.50,469.50,464.00,466.50,-2.50,5293,2469852,55
2022-09-20,TPEx,6767,台微醫,35.40,35.75,35.00,35.35,-0.05,141126,4971515,96
2022-09-20,TPEx,6788,華景電,118.00,119.50,116.00,118.00,+1.50,229633,27020710,218
2022-09-20,TPEx,6803,崑鼎,271.00,271.50,271.00,271.50,0.00,11562,3135425,168
2022-09-20,TPEx,6804,明係,56.20,56.30,54.00,55.80,-0.40,90201,4993137,78
2022-09-20,TPEx,6811,宏碁資訊,147.00,149.00,146.00,148.00,-0.50,43179,6351320,48
2022-09-20,TPEx,6823,濾能,110.50,110.50,108.00,108.00,-2.50,30595,3349150,43
2022-09-20,TPEx,6829,千附精密,79.00,79.50,77.70,78.40,+0.40,123798,9688382,126
2022-09-20,TPEx,7402,邑錡,47.90,48.10,47.90,48.10,+0.20,5000,239700,5
2022-09-20,TPEx,7556,意德士,112.50,112.50,112.50,112.50,+0.50,1000,112500,1
2022-09-20,TPEx,8024,佑華,25.45,26.00,25.15,25.50,+0.60,1127962,28816933,690
2022-09-20,TPEx,8027,鈦昇,61.60,61.90,61.30,61.40,+0.40,236784,14564392,166
2022-09-20,TPEx,8032,光菱,31.85,32.30,31.85,32.05,-0.05,47049,1508643,46
2022-09-20,TPEx,8034,榮群,15.15,15.15,14.50,14.65,-0.40,135195,1995636,104
2022-09-20,TPEx,8038,長園科,36.00,36.10,35.80,35.90,-0.20,133170,4784420,103
2022-09-20,TPEx,8040,九暘,52.90,56.60,52.90,55.20,+2.50,4338533,239067468,3611
2022-09-20,TPEx,8042,金山電,37.15,37.60,36.85,37.50,-0.10,16389,611441,46
2022-09-20,TPEx,8043,蜜望實,25.45,26.00,25.45,25.60,+0.20,121101,3107734,90
2022-09-20,TPEx,8044,網家,53.50,53.50,52.00,52.60,+0.10,266868,14022390,277
2022-09-20,TPEx,8047,星雲,12.70,12.70,12.70,12.70,+0.10,2000,25400,2
2022-09-20,TPEx,8048,德勝,30.10,30.10,29.80,30.00,+0.20,6812,203795,10
2022-09-20,TPEx,8049,晶采,30.60,32.00,30.20,31.75,+1.55,4345343,135896257,2468
2022-09-20,TPEx,8050,廣積,80.60,81.80,80.10,81.40,+1.40,4336896,351339344,3023
2022-09-20,TPEx,8054,安國,36.25,36.25,35.45,35.60,+0.20,177144,6315832,130
2022-09-20,TPEx,8059,凱碩,10.40,10.45,10.40,10.45,+0.05,27003,281380,15
2022-09-20,TPEx,8064,東捷,14.95,15.05,14.90,14.95,0.00,159476,2386824,76
2022-09-20,TPEx,8066,來思達,29.00,29.00,28.15,28.75,+0.05,25694,734812,26
2022-09-20,TPEx,8067,志旭,9.54,9.87,9.40,9.60,+0.20,19089,181941,28
2022-09-20,TPEx,8068,全達,27.20,27.65,27.20,27.25,+0.20,56400,1544378,47
2022-09-20,TPEx,8069,元太,235.00,238.50,232.50,235.50,+1.50,11223789,2641739756,9919
2022-09-20,TPEx,8071,能率網通,16.40,16.80,16.30,16.75,+0.40,291005,4797785,155
2022-09-20,TPEx,8074,鉅橡,18.90,18.95,18.75,18.90,-0.05,82162,1547117,37
2022-09-20,TPEx,8076,伍豐,30.60,30.75,30.25,30.30,-0.10,832166,25300606,520
2022-09-20,TPEx,8077,洛碁,9.51,9.51,9.40,9.44,+0.04,13936,131296,7
2022-09-20,TPEx,8080,永利聯合,11.30,11.40,11.30,11.30,-0.35,6010,68213,6
2022-09-20,TPEx,8083,瑞穎,176.00,176.00,174.50,174.50,-1.50,53087,9303256,85
2022-09-20,TPEx,8084,巨虹,121.00,132.50,121.00,132.00,+10.00,767013,98854832,539
2022-09-20,TPEx,8085,福華,21.10,21.45,20.95,21.35,+0.60,219932,4654764,135
2022-09-20,TPEx,8086,宏捷科,73.10,73.60,72.20,72.80,+0.20,579360,42192290,448
2022-09-20,TPEx,8087,華鎂鑫,29.70,29.75,29.45,29.45,0.00,51000,1507100,41
2022-09-20,TPEx,8088,品安,22.95,22.95,22.50,22.55,+0.05,153974,3488988,115
2022-09-20,TPEx,8089,康全電訊,24.40,24.95,24.25,24.30,+0.25,35602,877854,47
2022-09-20,TPEx,8091,翔名,80.60,81.80,80.60,81.80,+1.70,166053,13484992,184
2022-09-20,TPEx,8092,建暐,12.65,12.65,12.35,12.35,-0.15,51473,641611,30
2022-09-20,TPEx,8093,保銳,12.80,13.75,12.20,13.75,+1.25,1455398,19055515,864
2022-09-20,TPEx,8096,擎亞,13.10,13.10,12.90,13.00,+0.10,120233,1560756,68
2022-09-20,TPEx,8097,常珵,75.00,76.20,73.70,76.00,+1.90,824917,62030347,696
2022-09-20,TPEx,8099,大世科,37.55,38.15,37.35,38.15,+0.65,157132,5949552,32
2022-09-20,TPEx,8107,大億金茂,21.05,21.40,20.80,20.90,+0.25,181079,3808458,100
2022-09-20,TPEx,8109,博大,90.00,92.50,88.90,91.20,+1.80,331356,30117757,390
2022-09-20,TPEx,8111,立碁,17.10,17.25,17.10,17.10,+0.10,105839,1815913,58
2022-09-20,TPEx,8121,越峰,30.05,30.05,29.60,29.75,-0.10,302744,9005337,227
2022-09-20,TPEx,8147,正淩,52.80,53.40,52.10,52.50,+0.50,28493,1494037,29
2022-09-20,TPEx,8155,博智,109.00,110.00,108.00,109.00,+1.50,172346,18802132,196
2022-09-20,TPEx,8171,天宇,40.80,40.80,40.25,40.25,0.00,223833,9033828,193
2022-09-20,TPEx,8176,智捷,10.70,10.80,10.55,10.70,+0.15,106467,1131980,77
2022-09-20,TPEx,8182,加高,34.50,34.55,34.10,34.30,-0.20,47031,1615719,41
2022-09-20,TPEx,8183,精星,60.60,62.20,60.50,62.10,+2.50,1197013,73451257,966
2022-09-20,TPEx,8234,新漢,29.20,29.40,29.15,29.30,+0.25,262151,7684062,192
2022-09-20,TPEx,8240,華宏,27.95,28.00,27.55,28.00,0.00,24247,676351,21
2022-09-20,TPEx,8255,朋程,176.00,177.00,172.00,174.00,+1.50,483279,84190125,743
2022-09-20,TPEx,8277,商丞,9.99,10.20,9.99,10.00,0.00,157422,1583960,78
2022-09-20,TPEx,8279,生展,158.00,159.00,155.00,158.00,+1.00,97338,15271547,243
2022-09-20,TPEx,8284,三竹,54.10,54.60,54.10,54.20,-0.40,6276,340936,12
2022-09-20,TPEx,8289,泰藝,37.60,38.45,37.40,38.30,+0.70,1169804,44379709,550
2022-09-20,TPEx,8291,尚茂,6.30,6.35,6.30,6.35,-0.05,20000,126500,6
2022-09-20,TPEx,8299,群聯,293.00,294.50,286.50,288.50,-1.50,695882,201179318,1156
2022-09-20,TPEx,8342,益張,54.50,54.50,54.50,54.50,+0.50,1000,54500,1
2022-09-20,TPEx,8349,恒耀,68.70,73.70,68.60,72.80,+4.90,4196558,292705750,2226
2022-09-20,TPEx,8349A,恒耀甲特,45.90,45.90,45.90,45.90,0.00,1136,52090,4
2022-09-20,TPEx,8354,冠好,15.00,15.05,14.95,15.00,0.00,79856,1197708,58
2022-09-20,TPEx,8358,金居,40.75,40.85,40.05,40.20,-0.15,729988,29430159,538
2022-09-20,TPEx,8383,千附,39.30,39.45,38.75,38.95,-0.05,72175,2812984,58
2022-09-20,TPEx,8390,金益鼎,30.85,31.10,30.55,30.65,-0.20,235309,7242617,184
2022-09-20,TPEx,8401,白紗科,20.75,21.20,20.20,20.80,+0.25,2090440,43248529,1329
2022-09-20,TPEx,8403,盛弘,36.80,37.30,36.20,36.35,-0.15,748692,27363840,531
2022-09-20,TPEx,8409,商之器,21.25,21.60,21.25,21.25,0.00,65453,1394836,50
2022-09-20,TPEx,8410,森田,33.10,33.10,33.10,33.10,-0.20,6010,198932,3
2022-09-20,TPEx,8415,大國鋼,33.70,33.85,33.60,33.65,0.00,346259,11674499,311
2022-09-20,TPEx,8416,實威,121.50,121.50,121.50,121.50,+0.50,1002,121745,2
2022-09-20,TPEx,8418,捷必勝-KY,10.30,10.35,10.30,10.30,-0.05,9000,92750,3
2022-09-20,TPEx,8420,明揚,72.30,73.70,72.00,73.50,+1.80,187235,13648332,121
2022-09-20,TPEx,8421,旭源,17.10,17.20,16.85,16.85,+0.10,315034,5350996,207
2022-09-20,TPEx,8423,保綠-KY,,,,,,224,4118,5
2022-09-20,TPEx,8424,惠普,68.30,68.50,68.30,68.40,+0.10,10047,687443,8
2022-09-20,TPEx,8426,紅木-KY,25.10,27.40,24.10,27.00,+2.05,1167963,30738180,746
2022-09-20,TPEx,8431,匯鑽科,50.20,50.90,50.20,50.40,+0.20,78018,3938418,76
2022-09-20,TPEx,8432,東生華,48.65,48.65,48.00,48.60,+0.55,68000,3283150,65
2022-09-20,TPEx,8433,弘帆,61.70,62.20,61.70,62.20,+0.40,16020,992734,16
2022-09-20,TPEx,8435,鉅邁,60.90,61.00,60.70,60.90,0.00,10198,621177,75
2022-09-20,TPEx,8436,大江,145.00,145.00,143.50,144.00,0.00,222158,32023696,214
2022-09-20,TPEx,8437,大地-KY,97.90,97.90,97.30,97.30,-0.70,10712,1048739,221
2022-09-20,TPEx,8440,綠電,46.35,47.10,46.05,46.70,+0.55,278082,12941225,248
2022-09-20,TPEx,8444,綠河-KY,43.55,44.25,43.50,43.85,-0.60,6000,262950,5
2022-09-20,TPEx,8446,華研,76.30,76.30,75.40,75.70,-1.10,20721,1568477,33
2022-09-20,TPEx,8450,霹靂,29.00,30.10,28.60,28.75,+0.50,445242,13003467,342
2022-09-20,TPEx,8455,大拓-KY,22.00,22.00,22.00,22.00,0.00,1000,22000,1
2022-09-20,TPEx,8472,夠麻吉,44.05,44.40,43.80,43.80,-1.90,4000,176100,4
2022-09-20,TPEx,8476,台境,53.50,53.50,49.15,52.00,-1.50,437873,22510770,243
2022-09-20,TPEx,8477,創業家,23.05,23.20,22.20,22.30,-0.35,22033,494751,28
2022-09-20,TPEx,8489,三貝德,27.80,27.80,27.00,27.25,-0.05,27265,742575,36
2022-09-20,TPEx,8905,裕國,20.90,21.00,20.80,20.95,0.00,85002,1777042,39
2022-09-20,TPEx,8906,花王,19.30,19.45,19.20,19.45,+0.25,10000,192900,7
2022-09-20,TPEx,8908,欣雄,74.50,75.00,74.40,74.50,0.00,30547,2279846,56
2022-09-20,TPEx,8916,光隆,59.40,59.80,57.60,59.10,+0.90,4858169,285128580,3134
2022-09-20,TPEx,8916A,光隆甲特,58.40,59.50,57.50,58.70,+1.20,60000,3516500,47
2022-09-20,TPEx,8917,欣泰,88.30,92.50,88.30,92.50,+1.20,24123,2211700,11
2022-09-20,TPEx,8921,沈氏,15.40,15.40,14.80,14.80,-0.35,2000,30200,2
2022-09-20,TPEx,8923,時報,,,,,,0,0,0
2022-09-20,TPEx,8924,大田,108.50,109.00,106.50,108.00,+1.00,199039,21492841,199
2022-09-20,TPEx,8927,北基,36.40,36.80,36.40,36.60,+0.35,213209,7816275,130
2022-09-20,TPEx,8928,鉅明,39.65,40.05,39.45,40.05,+0.70,122250,4848164,79
2022-09-20,TPEx,8929,富堡,20.85,20.85,20.50,20.50,0.00,6970,143326,28
2022-09-20,TPEx,8930,青鋼,17.10,17.15,17.10,17.15,+0.05,41000,701950,25
2022-09-20,TPEx,8931,大汽電,31.25,31.35,31.15,31.30,+0.05,18597,581866,23
2022-09-20,TPEx,8932,宏大,30.00,30.40,30.00,30.15,-0.05,764000,22966250,173
2022-09-20,TPEx,8933,愛地雅,22.95,23.00,21.00,22.30,-0.65,36905446,807418432,15439
2022-09-20,TPEx,8935,邦泰,13.15,13.20,13.15,13.15,-0.05,6011,79193,16
2022-09-20,TPEx,8936,國統,22.40,22.60,22.15,22.25,-0.15,311054,6924866,206
2022-09-20,TPEx,8937,合騏,15.55,15.60,15.15,15.50,0.00,132562,2043302,95
2022-09-20,TPEx,8938,明安,99.00,103.00,98.60,101.50,+4.40,1512098,152615625,1119
2022-09-20,TPEx,8941,關中,53.00,53.40,52.30,53.20,+0.60,34421,1815722,33
2022-09-20,TPEx,8942,森鉅,63.90,64.50,63.20,64.50,+0.60,150533,9565191,203
2022-09-20,TPEx,9949,琉園,19.95,20.25,19.30,19.95,-0.40,43894,865759,79
2022-09-20,TPEx,9950,萬國通,12.00,12.00,11.60,11.60,-0.40,14000,166400,5
2022-09-20,TPEx,9951,皇田,68.10,68.10,67.40,67.40,+0.10,173404,11732576,148
2022-09-20,TPEx,9960,邁達康,25.00,25.20,25.00,25.20,-0.05,6002,150800,8
2022-09-20,TPEx,9962,有益,16.15,16.20,15.90,15.95,-0.10,194020,3101570,125
