date,market,code,name,open,high,low,close,change,volume,value,transactions
2022-01-03,TWSE,0050,元大台灣50,146.00,147.35,146.00,146.40,0.90,7064552,1034974917,8298
2022-01-03,TWSE,0051,元大中型100,60.90,61.30,60.75,60.90,0.10,135357,8244702,185
2022-01-03,TWSE,0052,富邦科技,134.65,135.95,134.65,135.20,1.05,882163,119306921,488
2022-01-03,TWSE,0053,元大電子,70.25,70.75,70.25,70.45,0.50,28349,1996804,25
2022-01-03,TWSE,0054,元大台商50,31.68,31.80,31.68,31.80,0.12,3998,127031,13
2022-01-03,TWSE,0055,元大MSCI金融,24.80,24.81,24.57,24.60,-0.14,1073560,26479562,685
2022-01-03,TWSE,0056,元大高股息,33.65,33.71,33.35,33.42,-0.16,15530936,520067339,11098
2022-01-03,TWSE,0057,富邦摩台,101.25,101.25,100.65,100.75,0.35,26175,2635716,14
2022-01-03,TWSE,0061,元大寶滬深,22.83,22.96,22.76,22.77,-0.06,171310,3917596,52
2022-01-03,TWSE,006203,元大MSCI台灣,70.10,70.50,70.00,70.00,-0.10,9382,659127,10
2022-01-03,TWSE,006204,永豐臺灣加權,91.55,91.85,91.15,91.30,0.00,21984,2007783,31
2022-01-03,TWSE,006205,富邦上証,37.11,37.25,36.90,36.94,0.07,659815,24406188,129
2022-01-03,TWSE,006206,元大上證50,35.76,36.10,35.76,35.80,0.00,99702,3576097,50
2022-01-03,TWSE,006207,復華滬深,30.50,30.50,29.90,29.90,-0.02,633000,19073610,57
2022-01-03,TWSE,006208,富邦台50,82.15,82.85,82.15,82.35,0.50,2220477,182992086,2487
2022-01-03,TWSE,00625K,富邦上証+R,,,,,0.00,0,0,0
2022-01-03,TWSE,00631L,元大台灣50正2,147.70,148.70,145.90,146.55,0.55,1778402,262114919,704
2022-01-03,TWSE,00632R,元大台灣50反1,5.09,5.13,5.07,5.11,0.01,89958126,458816401,4238
2022-01-03,TWSE,00633L,富邦上証正2,55.30,55.65,54.10,54.45,-0.50,4228895,231289167,730
2022-01-03,TWSE,00634R,富邦上証反1,3.91,3.95,3.91,3.93,-0.01,521000,2051750,19
2022-01-03,TWSE,00635U,期元大S&P黃金,24.24,24.27,24.18,24.18,0.33,505756,12255065,238
2022-01-03,TWSE,00636,國泰中國A50,25.06,25.16,24.85,24.92,-0.09,937384,23410093,237
2022-01-03,TWSE,00636K,國泰中國A50+U,9.01,9.01,9.01,9.01,-0.04,200,1802,2
2022-01-03,TWSE,00637L,元大滬深300正2,21.94,22.14,21.51,21.67,-0.21,26227491,571062928,4903
2022-01-03,TWSE,00638R,元大滬深300反1,8.10,8.16,8.07,8.13,0.04,1231000,9997290,39
2022-01-03,TWSE,00639,富邦深100,16.63,16.69,16.56,16.56,-0.03,848578,14075990,86
2022-01-03,TWSE,00640L,富邦日本正2,30.17,30.30,30.00,30.05,0.02,250001,7523300,59
2022-01-03,TWSE,00641R,富邦日本反1,9.98,9.99,9.97,9.98,-0.04,30000,299170,18
2022-01-03,TWSE,00642U,期元大S&P石油,13.43,13.43,13.34,13.39,-0.17,2866156,38347397,795
2022-01-03,TWSE,00643,群益深証中小,19.28,19.40,19.20,19.21,0.06,361481,6958706,72
2022-01-03,TWSE,00643K,群益深証中小+R,,,,,0.00,0,0,0
2022-01-03,TWSE,00645,富邦日本,26.37,26.40,26.33,26.36,-0.01,133868,3529764,26
2022-01-03,TWSE,00646,元大S&P500,40.68,40.71,40.65,40.68,0.00,564098,22950599,345
2022-01-03,TWSE,00647L,元大S&P500正2,80.45,80.45,80.10,80.25,-0.10,36212,2905404,27
2022-01-03,TWSE,00648R,元大S&P500反1,6.30,6.32,6.29,6.31,0.00,2525000,15940290,43
2022-01-03,TWSE,00650L,復華香港正2,20.18,20.51,19.92,19.98,0.27,2777151,56106600,604
2022-01-03,TWSE,00651R,復華香港反1,7.99,8.07,7.91,8.03,-0.05,378000,3007710,34
2022-01-03,TWSE,00652,富邦印度,28.52,28.95,28.52,28.93,0.41,104196,3003873,117
2022-01-03,TWSE,00653L,富邦印度正2,44.44,45.18,44.40,45.15,1.22,937993,42067915,387
2022-01-03,TWSE,00654R,富邦印度反1,8.28,8.29,8.21,8.22,-0.11,207000,1705440,58
2022-01-03,TWSE,00655L,國泰中國A50正2,41.75,42.03,40.80,41.09,-0.39,1944443,80320458,387
2022-01-03,TWSE,00656R,國泰中國A50反1,7.45,7.46,7.43,7.43,0.05,385000,2866120,12
2022-01-03,TWSE,00657,國泰日經225,34.66,34.66,34.55,34.59,0.10,4142,143358,5
2022-01-03,TWSE,00657K,國泰日經225+U,12.52,12.52,12.52,12.52,0.05,200,2504,2
2022-01-03,TWSE,00660,元大歐洲50,30.69,30.69,30.56,30.65,0.00,6231,191026,10
2022-01-03,TWSE,00661,元大日經225,36.09,36.15,36.09,36.15,0.04,2090,75566,5
2022-01-03,TWSE,00662,富邦NASDAQ,58.75,58.80,58.50,58.65,-0.15,589710,34579502,303
2022-01-03,TWSE,00663L,國泰臺灣加權正2,133.40,133.40,133.10,133.10,0.65,6000,800100,2
2022-01-03,TWSE,00664R,國泰臺灣加權反1,5.78,5.82,5.75,5.80,-0.01,2787553,16121634,353
2022-01-03,TWSE,00665L,富邦恒生國企正2,14.27,14.44,13.96,14.00,0.24,1221000,17327330,231
2022-01-03,TWSE,00666R,富邦恒生國企反1,,,,,0.00,0,0,0
2022-01-03,TWSE,00668,國泰美國道瓊,36.55,36.63,36.55,36.55,0.00,31025,1134497,31
2022-01-03,TWSE,00668K,國泰美國道瓊+U,13.20,13.20,13.20,13.20,0.02,200,2640,2
2022-01-03,TWSE,00669R,國泰美國道瓊反1,7.48,7.48,7.45,7.48,0.00,3182015,23745132,232
2022-01-03,TWSE,00670L,富邦NASDAQ正2,127.30,127.40,126.90,127.15,-1.05,388350,49382472,205
2022-01-03,TWSE,00671R,富邦NASDAQ反1,4.84,4.86,4.84,4.84,0.01,2049000,9933620,132
2022-01-03,TWSE,00673R,期元大S&P原油反1,13.21,13.29,13.20,13.25,0.16,2290024,30327325,487
2022-01-03,TWSE,00674R,期元大S&P黃金反1,12.85,12.88,12.83,12.87,-0.20,85035,1093078,26
2022-01-03,TWSE,00675L,富邦臺灣加權正2,57.80,58.15,57.05,57.35,0.25,711677,40908048,218
2022-01-03,TWSE,00676R,富邦臺灣加權反1,3.16,3.18,3.14,3.16,-0.02,5284049,16691676,270
2022-01-03,TWSE,00678,群益那斯達克生技,26.66,26.84,26.66,26.75,0.06,429110,11482843,52
2022-01-03,TWSE,00680L,元大美債20正2,25.22,25.28,25.20,25.20,0.45,101054,2548741,27
2022-01-03,TWSE,00681R,元大美債20反1,13.03,13.04,13.03,13.03,-0.13,105000,1368170,13
2022-01-03,TWSE,00682U,期元大美元指數,18.87,18.89,18.84,18.88,-0.03,99264,1872732,31
2022-01-03,TWSE,00683L,期元大美元指正2,18.45,18.49,18.43,18.48,-0.04,492000,9083970,124
2022-01-03,TWSE,00684R,期元大美元指反1,,,,,0.00,0,0,0
2022-01-03,TWSE,00685L,群益臺灣加權正2,50.80,51.00,50.25,50.25,0.36,10000,506150,9
2022-01-03,TWSE,00686R,群益臺灣加權反1,3.43,3.45,3.42,3.45,-0.01,128000,439510,57
2022-01-03,TWSE,00688L,國泰20年美債正2,25.18,25.22,25.18,25.18,0.47,38000,957720,10
2022-01-03,TWSE,00689R,國泰20年美債反1,13.72,13.72,13.71,13.72,-0.12,74000,1015220,7
2022-01-03,TWSE,00690,兆豐藍籌30,34.70,34.97,34.60,34.70,0.02,1358762,47250441,126
2022-01-03,TWSE,00692,富邦公司治理,36.00,36.21,35.88,36.00,0.14,2980070,107345766,1542
2022-01-03,TWSE,00693U,期街口S&P黃豆,21.33,21.53,21.30,21.48,-0.10,480559,10304272,147
2022-01-03,TWSE,00700,富邦恒生國企,14.60,14.79,14.55,14.55,0.11,159660,2329953,42
2022-01-03,TWSE,00701,國泰股利精選30,27.00,27.15,26.94,26.96,-0.01,673731,18216129,403
2022-01-03,TWSE,00702,國泰標普低波高息,20.69,20.69,20.64,20.65,0.07,114658,2368582,16
2022-01-03,TWSE,00703,台新MSCI中國,18.48,18.77,18.47,18.54,0.16,245200,4543410,41
2022-01-03,TWSE,00706L,期元大S&P日圓正2,14.33,14.34,14.33,14.34,-0.04,59000,845890,21
2022-01-03,TWSE,00707R,期元大S&P日圓反1,,,,,0.00,0,0,0
2022-01-03,TWSE,00708L,期元大S&P黃金正2,26.69,26.74,26.52,26.52,0.69,1582634,42185241,508
2022-01-03,TWSE,00709,富邦歐洲,24.01,24.03,23.92,23.99,0.01,118698,2846329,22
2022-01-03,TWSE,00710B,復華彭博非投等債,17.89,17.90,17.86,17.86,-0.03,315620,5639577,200
2022-01-03,TWSE,00711B,復華彭博新興債,20.20,20.21,20.18,20.19,0.10,107100,2161422,11
2022-01-03,TWSE,00712,復華富時不動產,13.38,13.38,13.34,13.34,-0.07,2975303,39742305,2287
2022-01-03,TWSE,00713,元大台灣高息低波,42.86,42.98,42.63,42.63,-0.14,1187948,50824595,856
2022-01-03,TWSE,00714,群益道瓊美國地產,23.77,23.93,23.77,23.93,0.16,209453,4999957,93
2022-01-03,TWSE,00715L,期街口布蘭特正2,10.33,10.34,10.18,10.27,-0.23,33199105,340294864,2839
2022-01-03,TWSE,00717,富邦美國特別股,16.63,16.66,16.62,16.64,0.06,559670,9315828,181
2022-01-03,TWSE,00728,第一金工業30,31.75,31.99,31.66,31.66,0.03,1238261,39420388,431
2022-01-03,TWSE,00730,富邦臺灣優質高息,19.90,19.94,19.75,19.78,-0.07,302428,5993116,325
2022-01-03,TWSE,00731,復華富時高息低波,59.50,59.65,59.00,59.10,-0.30,1325143,78350985,363
2022-01-03,TWSE,00732,國泰RMB短期報酬,40.12,40.12,40.12,40.12,0.17,100000,4012000,2
2022-01-03,TWSE,00733,富邦臺灣中小,42.36,42.50,41.90,41.95,-0.24,549731,23176133,433
2022-01-03,TWSE,00735,國泰臺韓科技,33.73,33.73,33.40,33.48,0.01,103397,3454047,11
2022-01-03,TWSE,00736,國泰新興市場,21.99,22.01,21.92,21.95,0.13,139300,3056546,20
2022-01-03,TWSE,00737,國泰AI機器人,33.66,33.70,33.55,33.58,-0.02,160557,5390296,44
2022-01-03,TWSE,00738U,期元大道瓊白銀,23.59,23.65,23.50,23.50,0.43,901506,21271345,255
2022-01-03,TWSE,00739,元大MSCI A股,28.25,28.39,28.00,28.03,-0.06,84993,2393127,43
2022-01-03,TWSE,00742,新光內需收益,22.78,22.78,22.64,22.64,-0.11,92199,2090490,61
2022-01-03,TWSE,00743,國泰中國A150,30.03,30.10,29.85,30.10,0.00,7199,215559,6
2022-01-03,TWSE,00752,中信中國50,21.10,21.34,21.05,21.22,0.48,2032566,43054414,769
2022-01-03,TWSE,00753L,中信中國50正2,20.86,21.17,20.75,20.84,0.74,1458044,30510953,525
2022-01-03,TWSE,00757,統一FANG+,50.85,50.90,50.80,50.85,0.25,1238211,62952479,880
2022-01-03,TWSE,00762,元大全球AI,45.27,45.31,45.13,45.14,-0.13,257271,11620036,129
2022-01-03,TWSE,00763U,期街口道瓊銅,28.41,28.71,28.41,28.56,0.32,19100,546265,18
2022-01-03,TWSE,00770,國泰北美科技,40.54,40.54,40.42,40.46,-0.20,110167,4456295,18
2022-01-03,TWSE,00771,元大US高息特別股,18.86,18.87,18.85,18.86,0.03,41903,790028,29
2022-01-03,TWSE,00774B,新光中國政金綠債,40.41,40.62,40.41,40.62,0.32,3000,121440,3
2022-01-03,TWSE,00774C,新光中政金綠債+R,,,,,0.00,0,0,0
2022-01-03,TWSE,00775B,台新投等債15+,41.81,41.83,41.81,41.83,0.48,3000,125450,3
2022-01-03,TWSE,00783,富邦中証500,24.58,24.63,24.56,24.60,0.12,354702,8728736,18
2022-01-03,TWSE,008201,BP上證50,118.80,119.00,118.80,119.00,2.30,300,35680,3
2022-01-03,TWSE,00830,國泰費城半導體,34.89,34.90,34.78,34.84,-0.14,1410098,49114780,520
2022-01-03,TWSE,00850,元大臺灣ESG永續,36.09,36.23,35.81,35.90,-0.01,3300982,118731395,1304
2022-01-03,TWSE,00851,台新全球AI,35.83,35.89,35.83,35.88,0.08,26300,943531,15
2022-01-03,TWSE,00852L,國泰美國道瓊正2,23.03,23.05,22.94,22.96,-0.03,169000,3885680,50
2022-01-03,TWSE,00861,元大全球未來通訊,32.96,33.02,32.93,32.95,-0.01,342044,11273966,141
2022-01-03,TWSE,00865B,國泰US短期公債,36.40,36.50,36.40,36.50,0.19,61000,2226400,5
2022-01-03,TWSE,00875,國泰網路資安,31.26,31.34,31.22,31.22,0.13,394289,12323366,86
2022-01-03,TWSE,00876,元大全球5G,33.60,33.80,33.56,33.56,-0.03,1209565,40711410,289
2022-01-03,TWSE,00878,國泰永續高股息,19.20,19.25,19.06,19.10,-0.07,20083556,384183287,9430
2022-01-03,TWSE,00881,國泰台灣科技龍頭,19.05,19.21,18.97,18.97,-0.02,16786753,320125065,6174
2022-01-03,TWSE,00882,中信中國高股息,14.31,14.43,14.31,14.40,0.09,6426741,92387836,1691
2022-01-03,TWSE,00885,富邦越南,17.70,17.74,17.70,17.71,0.07,3142664,55658943,1350
2022-01-03,TWSE,00891,中信關鍵半導體,17.80,17.90,17.49,17.50,-0.20,14627555,258027543,4949
2022-01-03,TWSE,00892,富邦台灣半導體,17.50,17.59,17.23,17.25,-0.12,9083950,157897061,1992
2022-01-03,TWSE,00893,國泰智能電動車,16.83,16.94,16.83,16.90,0.16,16884655,285099100,3757
2022-01-03,TWSE,00894,中信小資高價30,16.63,16.73,16.53,16.54,0.02,2237749,37115046,507
2022-01-03,TWSE,00895,富邦未來車,18.15,18.26,18.15,18.20,0.07,5539861,100840346,1686
2022-01-03,TWSE,00896,中信綠能及電動車,15.59,15.66,15.47,15.50,-0.02,4987560,77521748,1831
2022-01-03,TWSE,00897,富邦基因免疫生技,13.01,13.07,13.00,13.02,0.01,2425846,31586007,687
2022-01-03,TWSE,00898,國泰基因免疫革命,9.36,9.40,9.35,9.37,0.02,2251893,21092928,568
2022-01-03,TWSE,00900,富邦特選高股息30,15.46,15.47,15.29,15.29,-0.12,57284269,878845180,20916
2022-01-03,TWSE,00901,永豐智能車供應鏈,15.61,15.71,15.54,15.57,0.03,5131811,80104336,1497
2022-01-03,TWSE,01001T,土銀富邦R1,17.92,17.92,17.92,17.92,0.00,47186,845728,50
2022-01-03,TWSE,01002T,土銀國泰R1,18.13,18.13,18.11,18.13,0.00,86508,1568277,53
2022-01-03,TWSE,01003T,兆豐新光R1,19.50,19.82,19.50,19.82,0.32,260700,5157820,25
2022-01-03,TWSE,01004T,土銀富邦R2,15.73,15.75,15.69,15.75,0.02,107245,1683180,10
2022-01-03,TWSE,01007T,兆豐國泰R2,19.61,19.88,19.61,19.76,0.15,10728,212071,8
2022-01-03,TWSE,01009T,王道圓滿R1,9.11,9.11,9.10,9.10,-0.01,9000,81940,5
2022-01-03,TWSE,01010T,京城樂富R1,10.36,10.36,10.29,10.34,-0.02,65443,675329,20
2022-01-03,TWSE,020000,富邦特選蘋果N,7.42,7.44,7.40,7.40,0.05,23000,170470,15
2022-01-03,TWSE,020002,元富新中國N,15.35,15.35,15.35,15.35,0.00,1000,15350,1
2022-01-03,TWSE,020004,兆豐電菁英30N,,,,,0.00,0,0,0
2022-01-03,TWSE,020006,永昌中小300N,,,,,0.00,0,0,0
2022-01-03,TWSE,020007,凱基臺灣500N,,,,,0.00,0,0,0
2022-01-03,TWSE,020008,元大特股高息N,12.95,12.96,12.90,12.92,-0.03,15000,194110,11
2022-01-03,TWSE,020011,統一微波高息20N,7.11,7.11,7.06,7.06,0.00,5000,35370,4
2022-01-03,TWSE,020012,富邦行動通訊N,,,,,0.00,0,0,0
2022-01-03,TWSE,020015,統一MSCI美低波N,,,,,0.00,0,0,0
2022-01-03,TWSE,020016,統一MSCI美科技N,22.35,22.35,22.35,22.35,-0.08,1000,22350,1
2022-01-03,TWSE,020018,統一價值成長30N,19.36,19.36,19.15,19.20,-0.16,30000,576760,14
2022-01-03,TWSE,020019,統一特選台灣5GN,15.96,15.96,15.79,15.79,0.00,16000,253360,8
2022-01-03,TWSE,02001L,富邦蘋果正二N,11.59,11.73,11.59,11.63,0.17,176000,2047950,12
2022-01-03,TWSE,02001R,富邦蘋果反一N,2.88,2.88,2.88,2.88,0.00,1000,2880,1
2022-01-03,TWSE,020020,元大台股領航N,7.86,7.92,7.80,7.81,-0.05,467000,3658280,142
2022-01-03,TWSE,020022,元大電動車N,5.73,5.77,5.71,5.73,0.00,882000,5064700,183
2022-01-03,TWSE,020028,元大特選電動車N,5.55,5.57,5.51,5.53,-0.01,898000,4967080,217
2022-01-03,TWSE,020029,元大ESG高股息N,5.55,5.59,5.50,5.50,-0.05,749000,4140770,210
2022-01-03,TWSE,020030,統一智慧電動車N,5.33,5.39,5.31,5.32,-0.01,7124000,38171480,401
2022-01-03,TWSE,1101,台泥,48.05,48.15,47.35,47.45,-0.55,12539636,597825872,7502
2022-01-03,TWSE,1101B,台泥乙特,51.70,52.10,51.70,52.00,0.20,22068,1143815,22
2022-01-03,TWSE,1102,亞泥,44.40,44.45,43.85,44.00,-0.30,3524973,155497079,1921
2022-01-03,TWSE,1103,嘉泥,20.75,20.75,20.55,20.70,-0.05,274736,5671971,174
2022-01-03,TWSE,1104,環泥,21.70,21.70,21.50,21.60,0.00,483027,10424343,423
2022-01-03,TWSE,1108,幸福,11.90,12.00,11.85,11.90,0.00,194623,2317558,93
2022-01-03,TWSE,1109,信大,20.90,21.15,20.75,20.90,0.10,485101,10173739,244
2022-01-03,TWSE,1110,東泥,20.15,20.15,19.75,19.90,-0.35,339695,6765319,149
2022-01-03,TWSE,1201,味全,22.30,22.30,22.05,22.15,-0.10,748729,16567287,313
2022-01-03,TWSE,1203,味王,33.70,33.70,32.75,32.80,0.25,18238,605350,40
2022-01-03,TWSE,1210,大成,53.30,53.50,52.80,52.90,-0.50,1272972,67585747,1472
2022-01-03,TWSE,1213,大飲,8.42,8.42,8.42,8.42,0.00,2001,16848,2
2022-01-03,TWSE,1215,卜蜂,80.80,80.80,80.50,80.60,0.00,312491,25204913,387
2022-01-03,TWSE,1216,統一,68.80,69.30,68.30,68.40,-0.20,4163663,286300227,1578
2022-01-03,TWSE,1217,愛之味,10.90,11.05,10.85,10.90,0.05,4159405,45516641,1208
2022-01-03,TWSE,1218,泰山,27.30,27.30,27.05,27.05,-0.25,195858,5309530,194
2022-01-03,TWSE,1219,福壽,20.30,20.30,19.95,20.00,-0.30,582397,11698806,284
2022-01-03,TWSE,1220,台榮,15.80,16.25,15.80,16.00,0.30,1063882,17063407,503
2022-01-03,TWSE,1225,福懋油,52.50,52.90,52.40,52.90,0.20,56785,2992428,52
2022-01-03,TWSE,1227,佳格,52.90,53.20,52.70,52.70,-0.20,755500,39921522,566
2022-01-03,TWSE,1229,聯華,61.50,62.20,61.50,61.60,-0.30,985200,60801865,1574
2022-01-03,TWSE,1231,聯華食,69.30,69.30,68.70,68.80,-0.50,155959,10751205,336
2022-01-03,TWSE,1232,大統益,159.00,159.00,157.00,158.00,-0.50,74493,11759663,240
2022-01-03,TWSE,1233,天仁,34.65,35.30,34.65,34.90,0.25,45001,1570434,25
2022-01-03,TWSE,1234,黑松,35.70,36.10,35.70,35.80,0.10,187219,6719729,134
2022-01-03,TWSE,1235,興泰,43.50,43.70,43.15,43.70,0.00,77027,3345071,14
2022-01-03,TWSE,1236,宏亞,35.25,35.25,30.05,30.30,-1.75,5948136,195556904,2789
2022-01-03,TWSE,1256,鮮活果汁-KY,318.00,320.50,317.00,320.00,1.50,15503,4948977,219
2022-01-03,TWSE,1301,台塑,105.00,106.00,104.50,105.50,1.50,5840396,615088633,2498
2022-01-03,TWSE,1303,南亞,85.90,86.60,85.60,86.30,0.90,6299280,542510104,3291
2022-01-03,TWSE,1304,台聚,31.75,31.75,31.10,31.20,-0.35,3637604,114143690,1637
2022-01-03,TWSE,1305,華夏,35.10,35.15,34.70,35.05,0.35,3774551,131951738,1837
2022-01-03,TWSE,1307,三芳,20.85,21.00,20.75,20.85,0.00,83309,1734095,74
2022-01-03,TWSE,1308,亞聚,36.90,36.90,36.15,36.15,-0.50,4482215,162890869,2663
2022-01-03,TWSE,1309,台達化,34.70,34.70,34.20,34.30,-0.25,701430,24115044,711
2022-01-03,TWSE,1310,台苯,17.50,17.50,17.20,17.25,-0.15,909779,15732986,536
2022-01-03,TWSE,1312,國喬,28.85,28.85,28.30,28.40,-0.30,7109185,202459097,2490
2022-01-03,TWSE,1312A,國喬特,35.00,35.00,34.85,34.85,-0.15,27000,942850,10
2022-01-03,TWSE,1313,聯成,21.65,21.70,21.20,21.30,-0.30,3071664,65651884,1254
2022-01-03,TWSE,1314,中石化,13.20,13.30,12.90,12.95,-0.20,27061865,353065360,6755
2022-01-03,TWSE,1315,達新,85.70,86.10,85.70,86.10,0.00,28769,2470358,80
2022-01-03,TWSE,1316,上曜,21.30,21.30,20.40,20.80,-0.50,6312783,130995048,2311
2022-01-03,TWSE,1319,東陽,33.10,33.30,32.85,32.85,-0.25,455390,15013848,418
2022-01-03,TWSE,1321,大洋,35.05,35.05,34.95,35.00,-0.05,107030,3748150,61
2022-01-03,TWSE,1323,永裕,34.95,34.95,34.80,34.95,0.00,43775,1528927,42
2022-01-03,TWSE,1324,地球,11.75,11.95,11.65,11.80,0.10,48390,570651,41
2022-01-03,TWSE,1325,恆大,45.90,46.35,45.60,45.60,0.10,920237,42242612,655
2022-01-03,TWSE,1326,台化,81.00,81.50,80.50,80.80,0.00,2352685,190355152,2291
2022-01-03,TWSE,1337,再生-KY,7.30,7.33,7.23,7.28,-0.02,420389,3057853,396
2022-01-03,TWSE,1338,廣華-KY,56.50,56.60,55.30,55.40,-1.10,274112,15310230,188
2022-01-03,TWSE,1339,昭輝,34.60,34.70,34.60,34.60,0.00,12115,420012,77
2022-01-03,TWSE,1340,勝悅-KY,11.70,11.70,11.55,11.55,-0.10,211667,2463691,301
2022-01-03,TWSE,1341,富林-KY,68.60,68.60,67.70,68.30,-0.20,11053,753326,13
2022-01-03,TWSE,1342,八貫,68.50,69.10,67.10,67.60,-0.40,360995,24608242,290
2022-01-03,TWSE,1402,遠東新,29.50,29.50,28.95,29.15,-0.15,4404871,128496516,1760
2022-01-03,TWSE,1409,新纖,20.25,20.30,20.00,20.10,-0.10,2390843,48106414,940
2022-01-03,TWSE,1410,南染,36.65,37.60,36.65,36.90,0.30,33041,1223183,17
2022-01-03,TWSE,1413,宏洲,10.75,10.75,10.60,10.65,-0.15,91149,972416,54
2022-01-03,TWSE,1414,東和,19.45,19.50,18.90,19.25,-0.20,1046111,20052662,477
2022-01-03,TWSE,1416,廣豐,11.35,11.45,11.20,11.30,-0.10,348510,3940825,253
2022-01-03,TWSE,1417,嘉裕,14.75,14.85,14.70,14.75,0.00,181264,2676627,105
2022-01-03,TWSE,1418,東華,11.60,12.80,11.60,12.70,1.05,71316,897984,59
2022-01-03,TWSE,1419,新紡,42.55,42.55,42.20,42.35,-0.40,37072,1570051,34
2022-01-03,TWSE,1423,利華,19.80,19.95,19.70,19.85,-0.10,35207,695258,33
2022-01-03,TWSE,1432,大魯閣,11.75,11.75,11.60,11.70,-0.05,149705,1744195,175
2022-01-03,TWSE,1434,福懋,29.35,29.50,29.10,29.20,0.05,2217547,64914714,1110
2022-01-03,TWSE,1435,中福,30.00,30.95,29.85,30.50,0.85,97272,2966579,129
2022-01-03,TWSE,1436,華友聯,54.10,54.10,53.80,54.00,0.00,36071,1944116,29
2022-01-03,TWSE,1437,勤益控,25.90,25.90,25.75,25.80,-0.05,44657,1154017,44
2022-01-03,TWSE,1438,三地開發,30.30,30.40,30.30,30.35,0.05,38086,1155684,58
2022-01-03,TWSE,1439,雋揚,23.50,23.80,23.50,23.70,0.25,5003,118219,8
2022-01-03,TWSE,1440,南紡,25.65,25.65,25.00,25.50,-0.05,7605384,192151445,3030
2022-01-03,TWSE,1441,大東,9.46,9.48,9.38,9.47,0.01,120452,1136276,104
2022-01-03,TWSE,1442,名軒,22.50,22.75,22.40,22.50,-0.50,402035,9059444,159
2022-01-03,TWSE,1443,立益物流,16.80,16.80,16.40,16.75,-0.10,11501,189989,14
2022-01-03,TWSE,1444,力麗,11.35,11.35,11.15,11.15,-0.15,1596332,17860530,626
2022-01-03,TWSE,1445,大宇,15.55,15.55,15.35,15.35,-0.20,71371,1100390,46
2022-01-03,TWSE,1446,宏和,34.35,34.50,34.20,34.20,-0.20,52007,1785188,41
2022-01-03,TWSE,1447,力鵬,10.35,10.35,10.20,10.25,-0.05,1260694,12945682,417
2022-01-03,TWSE,1449,佳和,15.50,15.50,15.20,15.30,-0.15,99448,1520820,75
2022-01-03,TWSE,1451,年興,21.20,21.20,21.00,21.00,-0.05,58491,1230983,69
2022-01-03,TWSE,1452,宏益,24.20,24.20,23.90,24.00,-0.20,247522,5947530,169
2022-01-03,TWSE,1453,大將,8.90,8.99,8.88,8.99,0.09,65277,582785,71
2022-01-03,TWSE,1454,台富,15.00,15.15,14.80,15.05,0.10,587440,8805877,238
2022-01-03,TWSE,1455,集盛,16.55,16.55,16.30,16.35,-0.10,1617318,26485972,666
2022-01-03,TWSE,1456,怡華,21.75,21.90,21.30,21.40,-0.50,174549,3750551,128
2022-01-03,TWSE,1457,宜進,19.50,19.60,19.35,19.40,-0.15,870955,16921259,378
2022-01-03,TWSE,1459,聯發,12.90,12.95,12.75,12.80,-0.05,318899,4087008,143
2022-01-03,TWSE,1460,宏遠,9.64,9.65,9.56,9.58,-0.05,1146903,10991906,452
2022-01-03,TWSE,1463,強盛新,14.20,14.20,14.15,14.15,-0.05,212701,3018391,96
2022-01-03,TWSE,1464,得力,15.75,15.75,15.50,15.55,-0.15,462795,7226307,566
2022-01-03,TWSE,1465,偉全,12.60,12.75,12.55,12.60,0.00,31933,403859,194
2022-01-03,TWSE,1466,聚隆,15.20,15.35,15.20,15.30,0.05,151393,2311073,93
2022-01-03,TWSE,1467,南緯,14.30,14.50,14.05,14.10,-0.10,740111,10566616,394
2022-01-03,TWSE,1468,昶和,13.05,13.15,12.90,13.15,0.00,48000,624300,31
2022-01-03,TWSE,1470,大統新創,17.80,17.80,17.75,17.75,0.00,4000,71100,4
2022-01-03,TWSE,1471,首利,8.91,9.08,8.80,8.90,-0.01,770516,6879823,370
2022-01-03,TWSE,1472,三洋實業,,,,,0.00,2,60,2
2022-01-03,TWSE,1473,台南,18.15,18.15,18.00,18.10,0.00,131730,2382436,222
2022-01-03,TWSE,1474,弘裕,15.50,15.55,15.35,15.55,0.05,442295,6836201,222
2022-01-03,TWSE,1475,業旺,51.90,52.00,50.60,50.60,0.00,21253,1097929,20
2022-01-03,TWSE,1476,儒鴻,640.00,648.00,620.00,625.00,-6.00,895189,567905901,1391
2022-01-03,TWSE,1477,聚陽,249.00,255.50,245.50,246.50,-0.50,1167809,292069927,1768
2022-01-03,TWSE,1503,士電,54.00,54.00,53.10,53.70,-0.20,37528,2007765,114
2022-01-03,TWSE,1504,東元,31.70,31.90,31.25,31.25,-0.40,1357048,42716301,1202
2022-01-03,TWSE,1506,正道,14.50,14.50,13.95,14.35,-0.15,783422,11100572,367
2022-01-03,TWSE,1507,永大,64.50,64.50,64.40,64.40,0.00,90697,5842284,73
2022-01-03,TWSE,1512,瑞利,4.07,4.41,4.07,4.41,0.40,354293,1536926,90
2022-01-03,TWSE,1513,中興電,45.45,45.45,44.70,44.85,-0.40,1775974,79757670,1144
2022-01-03,TWSE,1514,亞力,26.20,26.20,25.85,26.00,0.00,825591,21478776,470
2022-01-03,TWSE,1515,力山,56.60,56.80,55.70,55.90,-0.60,1044479,58581140,898
2022-01-03,TWSE,1516,川飛,23.45,23.90,23.45,23.70,0.15,216359,5134719,126
2022-01-03,TWSE,1517,利奇,27.45,27.45,27.00,27.05,-0.20,614503,16666116,377
2022-01-03,TWSE,1519,華城,37.60,37.60,36.85,37.00,-0.35,352173,13061072,251
2022-01-03,TWSE,1521,大億,40.30,40.60,40.30,40.35,0.10,28081,1135997,26
2022-01-03,TWSE,1522,堤維西,19.35,19.40,19.15,19.20,-0.20,193112,3712303,127
2022-01-03,TWSE,1522A,堤維西甲特,44.05,44.05,44.00,44.00,-0.05,4000,176100,4
2022-01-03,TWSE,1524,耿鼎,11.40,11.70,11.35,11.35,0.00,1653298,18968966,620
2022-01-03,TWSE,1525,江申,61.60,61.60,61.00,61.00,-0.50,18260,1120106,21
2022-01-03,TWSE,1526,日馳,48.95,50.20,48.95,49.95,1.05,671407,33474680,468
2022-01-03,TWSE,1527,鑽全,43.70,43.75,43.50,43.50,-0.20,177004,7721324,168
2022-01-03,TWSE,1528,恩德,12.00,12.00,11.70,11.75,-0.20,710717,8388910,256
2022-01-03,TWSE,1529,樂事綠能,24.95,25.50,24.15,24.35,0.50,6657397,164215997,3238
2022-01-03,TWSE,1530,亞崴,33.20,33.40,33.00,33.40,0.20,8095,268782,9
2022-01-03,TWSE,1531,高林股,16.10,16.40,16.00,16.00,0.05,231279,3724581,124
2022-01-03,TWSE,1532,勤美,33.15,33.15,32.65,32.70,-0.35,293660,9632043,192
2022-01-03,TWSE,1533,車王電,59.90,60.60,58.70,59.40,0.80,593912,35480096,419
2022-01-03,TWSE,1535,中宇,40.15,40.50,40.15,40.40,0.45,112498,4535869,95
2022-01-03,TWSE,1536,和大,91.30,91.30,90.00,90.60,-0.70,559793,50620328,473
2022-01-03,TWSE,1537,廣隆,139.00,139.00,138.50,138.50,0.00,62521,8668342,82
2022-01-03,TWSE,1538,正峰,10.85,10.85,9.56,10.40,-0.15,59844,591149,37
2022-01-03,TWSE,1539,巨庭,21.90,22.35,21.70,22.00,0.10,137120,2992264,93
2022-01-03,TWSE,1540,喬福,15.05,15.10,15.05,15.05,-0.05,57873,871521,97
2022-01-03,TWSE,1541,錩泰,44.50,45.00,43.80,44.20,0.35,21329,949037,20
2022-01-03,TWSE,1558,伸興,146.50,146.50,145.50,146.00,0.00,52221,7628223,330
2022-01-03,TWSE,1560,中砂,124.00,125.50,114.50,115.00,-6.00,23011317,2732895963,13887
2022-01-03,TWSE,1568,倉佑,24.05,24.05,23.30,23.50,-0.45,361780,8552802,257
2022-01-03,TWSE,1582,信錦,70.40,70.50,70.10,70.20,0.00,213418,14999939,206
2022-01-03,TWSE,1583,程泰,62.60,63.70,62.60,63.70,0.10,2110,133245,6
2022-01-03,TWSE,1587,吉茂,26.15,26.20,26.00,26.10,-0.05,105031,2739266,93
2022-01-03,TWSE,1589,永冠-KY,63.40,63.40,62.30,62.70,-0.30,246336,15466172,272
2022-01-03,TWSE,1590,亞德客-KY,1045.00,1045.00,999.00,1005.00,-15.00,339205,343889685,399
2022-01-03,TWSE,1597,直得,89.50,91.30,89.00,89.20,0.40,247975,22300187,328
2022-01-03,TWSE,1598,岱宇,55.00,55.80,54.50,55.40,1.30,501916,27731365,390
2022-01-03,TWSE,1603,華電,26.90,27.10,26.80,26.90,0.10,209790,5644694,91
2022-01-03,TWSE,1604,聲寶,29.90,30.00,29.80,29.95,0.05,642560,19200585,339
2022-01-03,TWSE,1605,華新,26.50,26.60,26.20,26.25,-0.25,3828797,100840326,1540
2022-01-03,TWSE,1608,華榮,22.35,22.35,21.80,21.85,-0.35,854218,18755758,556
2022-01-03,TWSE,1609,大亞,25.05,25.10,24.70,24.70,-0.25,2727486,67759709,2181
2022-01-03,TWSE,1611,中電,22.25,22.30,21.50,21.95,-0.10,5854596,128181984,2639
2022-01-03,TWSE,1612,宏泰,27.00,27.15,26.65,26.70,-0.20,797181,21333188,535
2022-01-03,TWSE,1614,三洋電,36.20,36.20,35.90,35.90,-0.20,48083,1732593,25
2022-01-03,TWSE,1615,大山,32.60,32.60,32.25,32.30,0.00,37026,1197132,41
2022-01-03,TWSE,1616,億泰,12.15,12.15,11.55,11.70,-0.45,2621296,30742920,1307
2022-01-03,TWSE,1617,榮星,17.85,17.95,17.75,17.85,-0.05,38602,687179,30
2022-01-03,TWSE,1618,合機,14.50,14.60,14.45,14.50,0.00,295582,4299067,193
2022-01-03,TWSE,1626,艾美特-KY,23.60,23.60,22.20,22.35,-0.40,141533,3182791,124
2022-01-03,TWSE,1701,中化,22.65,22.65,22.50,22.55,-0.10,165787,3740704,117
2022-01-03,TWSE,1702,南僑,50.30,50.30,49.65,49.70,-0.50,455128,22686224,382
2022-01-03,TWSE,1707,葡萄王,160.50,161.00,160.00,160.50,0.50,141828,22723906,182
2022-01-03,TWSE,1708,東鹼,34.05,34.65,33.85,34.55,0.50,3201304,109964921,1967
2022-01-03,TWSE,1709,和益,23.30,24.95,23.10,24.40,1.30,12503327,300754231,5104
2022-01-03,TWSE,1710,東聯,22.50,22.60,22.25,22.45,0.05,2555533,57251551,1035
2022-01-03,TWSE,1711,永光,27.25,29.25,26.85,28.40,1.15,46548344,1309738423,20544
2022-01-03,TWSE,1712,興農,28.25,28.50,28.05,28.05,-0.20,855260,24088808,528
2022-01-03,TWSE,1713,國化,25.10,25.10,24.50,24.70,-0.25,143335,3536691,64
2022-01-03,TWSE,1714,和桐,11.30,11.40,11.05,11.25,0.10,7090510,79808229,1807
2022-01-03,TWSE,1717,長興,41.60,41.90,39.55,40.30,-0.20,16958001,686074289,8737
2022-01-03,TWSE,1718,中纖,10.20,10.20,10.05,10.05,-0.10,4023222,40636406,1175
2022-01-03,TWSE,1720,生達,43.10,43.15,42.55,43.00,-0.10,465133,19924651,314
2022-01-03,TWSE,1721,國慶科技,28.50,28.55,27.50,27.80,-0.35,10048702,280412280,5100
2022-01-03,TWSE,1722,台肥,70.10,70.30,69.20,69.40,-0.60,1550081,107821947,1095
2022-01-03,TWSE,1723,中碳,122.00,123.00,118.50,119.00,-1.50,1211549,145802451,1575
2022-01-03,TWSE,1725,元禎,34.35,34.45,33.80,34.25,-0.05,128056,4372685,127
2022-01-03,TWSE,1726,永記,73.90,73.90,73.50,73.50,-0.40,63583,4678419,49
2022-01-03,TWSE,1727,中華化,50.20,51.90,49.30,50.60,-0.20,5056881,254423227,2965
2022-01-03,TWSE,1730,花仙子,63.50,63.60,63.10,63.20,-0.30,44095,2797008,65
2022-01-03,TWSE,1731,美吾華,19.55,19.65,19.45,19.50,-0.05,246136,4813659,163
2022-01-03,TWSE,1732,毛寶,35.00,36.50,34.80,35.90,1.50,7938044,283203544,4753
2022-01-03,TWSE,1733,五鼎,26.30,26.35,25.65,25.65,-0.35,354572,9174591,248
2022-01-03,TWSE,1734,杏輝,29.00,29.65,29.00,29.40,0.50,4049284,118923516,2020
2022-01-03,TWSE,1735,日勝化,18.50,18.50,18.35,18.45,-0.10,8000,147550,5
2022-01-03,TWSE,1736,喬山,56.90,56.90,56.30,56.70,0.40,151431,8576177,118
2022-01-03,TWSE,1737,臺鹽,33.20,33.30,33.15,33.20,0.00,163492,5426887,138
2022-01-03,TWSE,1760,寶齡富錦,73.60,73.80,71.80,72.00,-3.20,1452515,105389155,1867
2022-01-03,TWSE,1762,中化生,65.30,65.30,63.90,64.40,-0.50,211465,13631205,246
2022-01-03,TWSE,1773,勝一,179.50,180.50,170.50,175.00,-0.50,4230036,742937887,6374
2022-01-03,TWSE,1776,展宇,21.40,21.50,21.30,21.45,-0.05,128207,2738760,74
2022-01-03,TWSE,1783,和康生,51.90,52.10,50.80,50.90,-1.00,220007,11250057,154
2022-01-03,TWSE,1786,科妍,49.60,49.60,49.20,49.25,-0.35,39451,1947903,270
2022-01-03,TWSE,1789,神隆,24.70,24.70,24.40,24.40,-0.25,347138,8508662,201
2022-01-03,TWSE,1795,美時,98.00,98.90,95.70,96.50,-1.00,1962837,190271938,1404
2022-01-03,TWSE,1802,台玻,27.00,27.00,26.55,26.60,-0.15,2952393,78892225,1859
2022-01-03,TWSE,1805,寶徠,14.60,14.70,14.30,14.55,-0.15,126474,1833678,78
2022-01-03,TWSE,1806,冠軍,12.80,12.80,12.45,12.45,-0.15,935756,11728144,454
2022-01-03,TWSE,1808,潤隆,55.70,55.90,55.60,55.70,0.30,92045,5134935,95
2022-01-03,TWSE,1809,中釉,16.55,16.55,15.55,15.55,-0.85,2659807,41992244,1300
2022-01-03,TWSE,1810,和成,17.65,17.80,17.20,17.25,-0.40,2028709,35145105,741
2022-01-03,TWSE,1817,凱撒衛,37.00,37.05,36.90,37.00,0.10,26000,960750,19
2022-01-03,TWSE,1903,士紙,64.90,65.20,64.00,64.30,-0.60,199389,12825931,150
2022-01-03,TWSE,1904,正隆,35.30,35.30,35.00,35.05,-0.25,1931958,67809936,1087
2022-01-03,TWSE,1905,華紙,24.90,24.95,24.20,24.20,-0.60,4523382,110242825,2539
2022-01-03,TWSE,1906,寶隆,20.70,20.75,20.40,20.45,-0.20,826277,16938379,133
2022-01-03,TWSE,1907,永豐餘,35.65,35.70,34.80,34.80,-0.75,3714193,130097539,2226
2022-01-03,TWSE,1909,榮成,24.45,24.45,23.90,24.10,-0.30,4671811,112623181,2116
2022-01-03,TWSE,2002,中鋼,35.50,35.55,34.85,35.00,-0.35,34469943,1208657986,14031
2022-01-03,TWSE,2002A,中鋼特,52.00,52.00,51.60,52.00,0.00,16491,855372,24
2022-01-03,TWSE,2006,東和鋼鐵,67.40,67.50,66.00,67.00,-0.10,2681993,178432911,2712
2022-01-03,TWSE,2007,燁興,21.35,21.35,20.65,20.70,-0.50,1854987,38627756,1026
2022-01-03,TWSE,2008,高興昌,19.95,20.00,19.80,19.80,-0.15,90422,1799836,75
2022-01-03,TWSE,2009,第一銅,44.50,44.50,43.30,43.30,-0.80,1382746,60295886,907
2022-01-03,TWSE,2010,春源,24.40,24.40,23.95,24.15,-0.25,1643794,39565601,1013
2022-01-03,TWSE,2012,春雨,31.00,31.50,30.45,30.55,-0.45,374316,11511881,350
2022-01-03,TWSE,2013,中鋼構,59.70,63.00,58.40,61.40,2.20,5134465,315168058,3353
2022-01-03,TWSE,2014,中鴻,41.10,41.15,40.15,40.70,-0.45,12385350,501929518,6489
2022-01-03,TWSE,2015,豐興,84.60,84.60,82.70,82.90,-0.60,138483,11488635,189
2022-01-03,TWSE,2017,官田鋼,20.05,20.10,19.85,19.95,0.00,806873,16084904,397
2022-01-03,TWSE,2020,美亞,31.70,31.70,31.45,31.50,-0.15,447285,14091839,285
2022-01-03,TWSE,2022,聚亨,14.45,14.45,14.00,14.00,-0.40,2892196,40842564,1355
2022-01-03,TWSE,2023,燁輝,25.50,25.50,24.80,24.80,-0.50,4594251,114803331,2175
2022-01-03,TWSE,2024,志聯,20.35,20.35,19.90,20.30,0.15,123104,2486908,75
2022-01-03,TWSE,2025,千興,6.20,6.20,6.02,6.03,0.01,738928,4504743,197
2022-01-03,TWSE,2027,大成鋼,46.25,46.25,45.70,45.80,-0.45,9219587,422865753,5048
2022-01-03,TWSE,2028,威致,42.60,42.65,41.70,41.95,-0.80,1317633,55363735,822
2022-01-03,TWSE,2029,盛餘,33.20,33.25,32.35,32.55,-0.55,1169964,38156731,629
2022-01-03,TWSE,2030,彰源,29.80,29.85,29.20,29.30,-0.35,2319042,68182086,1154
2022-01-03,TWSE,2031,新光鋼,58.60,58.70,57.50,57.50,-0.70,1310371,75691936,842
2022-01-03,TWSE,2032,新鋼,23.85,23.90,23.40,23.45,-0.35,331958,7807303,210
2022-01-03,TWSE,2033,佳大,17.85,17.85,17.60,17.60,-0.15,116073,2049069,100
2022-01-03,TWSE,2034,允強,32.55,32.60,32.05,32.20,-0.10,934442,30096524,640
2022-01-03,TWSE,2038,海光,35.30,35.40,34.40,34.65,-0.55,1626604,56379992,956
2022-01-03,TWSE,2049,上銀,307.50,310.00,300.50,300.50,-6.00,1064062,322835619,1202
2022-01-03,TWSE,2059,川湖,519.00,524.00,505.00,512.00,-5.00,222440,114207346,280
2022-01-03,TWSE,2062,橋椿,27.50,27.80,27.45,27.55,0.15,209360,5784008,149
2022-01-03,TWSE,2069,運錩,34.75,34.75,33.95,34.15,-0.60,1745885,59783748,1162
2022-01-03,TWSE,2101,南港,40.30,40.30,39.70,40.20,0.10,2067299,82580588,808
2022-01-03,TWSE,2102,泰豐,28.75,29.00,28.00,28.10,-0.75,842827,23858881,653
2022-01-03,TWSE,2103,台橡,40.95,41.10,39.55,40.05,-0.35,8487047,340721323,3754
2022-01-03,TWSE,2104,國際中橡,28.30,28.30,27.75,27.80,-0.40,4463225,124531057,1751
2022-01-03,TWSE,2105,正新,36.20,36.50,35.85,35.85,-0.25,4602064,165989195,2396
2022-01-03,TWSE,2106,建大,31.25,31.25,30.85,30.90,-0.20,647184,20065798,513
2022-01-03,TWSE,2107,厚生,23.00,23.10,22.90,22.95,-0.05,175902,4042271,167
2022-01-03,TWSE,2108,南帝,85.60,85.60,83.80,85.00,-0.20,1467466,123839141,1430
2022-01-03,TWSE,2109,華豐,16.85,16.90,16.75,16.75,-0.05,112974,1899800,85
2022-01-03,TWSE,2114,鑫永銓,122.00,122.00,120.50,121.50,-0.50,41156,4984240,60
2022-01-03,TWSE,2115,六暉-KY,40.50,40.70,40.45,40.55,0.05,59452,2408896,131
2022-01-03,TWSE,2201,裕隆,42.15,43.20,42.05,42.85,0.95,10818415,461832661,4544
2022-01-03,TWSE,2204,中華,63.40,64.10,63.40,63.70,0.30,405468,25858057,316
2022-01-03,TWSE,2206,三陽工業,27.15,27.15,26.85,26.95,-0.10,410996,11091705,269
2022-01-03,TWSE,2207,和泰車,621.00,624.00,613.00,616.00,2.00,78647,48681469,159
2022-01-03,TWSE,2208,台船,22.05,22.40,21.85,22.15,0.20,3176382,70413195,1617
2022-01-03,TWSE,2211,長榮鋼,55.30,55.70,54.80,55.40,0.40,1050454,58091959,625
2022-01-03,TWSE,2227,裕日車,249.00,249.00,248.00,248.00,-1.00,25757,6400464,100
2022-01-03,TWSE,2228,劍麟,71.10,73.80,71.10,72.80,2.10,545856,39639067,444
2022-01-03,TWSE,2231,為升,187.50,190.00,186.00,187.00,-1.50,347603,65159627,2912
2022-01-03,TWSE,2233,宇隆,104.50,106.00,102.00,105.50,2.00,1123280,117228000,1297
2022-01-03,TWSE,2236,百達-KY,28.60,28.60,27.65,27.90,-0.10,28539,802220,56
2022-01-03,TWSE,2239,英利-KY,85.00,85.00,83.00,84.00,0.40,148363,12486595,166
2022-01-03,TWSE,2241,艾姆勒,52.00,52.10,51.70,51.90,-0.10,86251,4479815,115
2022-01-03,TWSE,2243,宏旭-KY,18.65,18.65,18.00,18.10,-0.25,231434,4200217,152
2022-01-03,TWSE,2247,汎德永業,217.00,217.50,216.00,216.00,-0.50,37035,8021068,67
2022-01-03,TWSE,2250,IKKA-KY,116.00,120.50,114.50,120.00,4.50,182189,21448611,192
2022-01-03,TWSE,2301,光寶科,63.90,64.10,62.90,63.40,-0.40,2504797,158822120,2587
2022-01-03,TWSE,2302,麗正,16.90,17.70,16.55,17.60,0.70,1743631,30187346,810
2022-01-03,TWSE,2303,聯電,65.20,65.50,63.20,63.40,-1.60,120579321,7703650583,53695
2022-01-03,TWSE,2305,全友,10.40,10.90,10.15,10.15,-0.05,32583325,345257913,4316
2022-01-03,TWSE,2308,台達電,276.00,282.50,275.00,282.00,7.00,6016868,1683590694,6220
2022-01-03,TWSE,2312,金寶,16.25,16.35,15.75,15.75,-0.40,22834024,365467129,6661
2022-01-03,TWSE,2313,華通,43.90,44.00,43.55,43.80,0.05,4429875,193685569,2677
2022-01-03,TWSE,2314,台揚,79.70,79.70,76.60,76.60,-3.10,3636831,282734412,3227
2022-01-03,TWSE,2316,楠梓電,36.40,36.65,35.00,35.20,-1.80,4562106,163378564,2906
2022-01-03,TWSE,2317,鴻海,104.50,105.00,103.00,103.00,-1.00,22163293,2301355961,14002
2022-01-03,TWSE,2321,東訊,6.30,6.80,6.30,6.80,0.20,75000,502299,33
2022-01-03,TWSE,2323,中環,11.90,12.55,11.45,12.55,1.10,197108384,2370245386,37567
2022-01-03,TWSE,2324,仁寶,24.25,24.30,24.15,24.30,0.10,7231456,175223820,2766
2022-01-03,TWSE,2327,國巨*,479.50,496.00,479.00,491.00,11.50,6754138,3305948296,7427
2022-01-03,TWSE,2328,廣宇,39.70,39.70,39.10,39.15,-0.25,1754066,68997976,1125
2022-01-03,TWSE,2329,華泰,26.55,26.70,25.90,26.00,-0.50,4739001,123859667,2177
2022-01-03,TWSE,2330,台積電,619.00,632.00,618.00,631.00,16.00,73703302,46249716919,88508
2022-01-03,TWSE,2331,精英,22.60,22.65,22.25,22.30,-0.20,1229750,27525910,633
2022-01-03,TWSE,2332,友訊,18.85,19.10,18.60,18.70,-0.30,2910242,54697389,1772
2022-01-03,TWSE,2337,旺宏,42.20,42.40,41.10,41.10,-1.10,17478021,723270960,9256
2022-01-03,TWSE,2338,光罩,108.50,110.50,106.50,108.00,0.00,20427084,2221087832,11502
2022-01-03,TWSE,2340,台亞,72.20,72.50,69.60,70.50,-0.60,37589293,2671528690,21413
2022-01-03,TWSE,2342,茂矽,50.60,52.00,50.10,50.40,0.75,10309366,527160600,6198
2022-01-03,TWSE,2344,華邦電,33.70,33.70,31.90,32.10,-1.90,122121153,3996422895,47465
2022-01-03,TWSE,2345,智邦,263.00,263.00,260.00,261.00,1.00,1025150,268169866,1268
2022-01-03,TWSE,2347,聯強,66.20,66.50,65.20,66.10,-0.10,4185926,275514439,2237
2022-01-03,TWSE,2348,海悅,108.50,111.00,108.50,109.00,0.50,289385,31617173,228
2022-01-03,TWSE,2348A,海悅甲特,37.95,38.00,37.90,38.00,0.05,23510,892153,19
2022-01-03,TWSE,2349,錸德,11.75,11.75,10.75,11.40,-0.35,22507967,254555234,6985
2022-01-03,TWSE,2351,順德,172.00,177.50,169.00,171.00,-4.50,9261614,1600741313,8348
2022-01-03,TWSE,2352,佳世達,30.55,31.10,30.45,30.75,0.30,9109645,279933853,3808
2022-01-03,TWSE,2353,宏碁,30.70,30.75,30.00,30.10,-0.35,15425120,466741780,6257
2022-01-03,TWSE,2354,鴻準,65.00,65.20,64.00,64.20,-0.70,2492779,160408216,1722
2022-01-03,TWSE,2355,敬鵬,36.85,39.00,36.85,38.30,1.60,22032307,847042741,10928
2022-01-03,TWSE,2356,英業達,25.05,25.20,25.00,25.00,0.05,3294812,82642285,1425
2022-01-03,TWSE,2357,華碩,377.00,377.50,371.50,373.50,-2.50,1760993,658418572,1963
2022-01-03,TWSE,2358,廷鑫,23.35,23.35,22.75,22.75,-0.30,1363372,31375539,704
2022-01-03,TWSE,2359,所羅門,26.25,26.25,24.10,26.25,2.35,35763436,911381021,13106
2022-01-03,TWSE,2360,致茂,200.50,202.00,199.00,199.00,-1.00,321901,64391062,1014
2022-01-03,TWSE,2362,藍天,33.15,33.15,32.60,32.60,-0.40,635954,20840014,360
2022-01-03,TWSE,2363,矽統,26.50,26.55,25.70,25.75,-0.55,8944012,232949891,4254
2022-01-03,TWSE,2364,倫飛,18.60,18.85,18.30,18.80,0.10,25325,470932,34
2022-01-03,TWSE,2365,昆盈,13.15,13.30,12.80,12.90,-0.10,10809064,141328393,2323
2022-01-03,TWSE,2367,燿華,20.25,20.50,19.95,20.10,0.00,4311536,87178997,1883
2022-01-03,TWSE,2368,金像電,76.80,79.50,76.70,78.40,2.40,20953171,1643911020,13011
2022-01-03,TWSE,2369,菱生,28.00,28.20,27.20,27.85,0.15,17807475,494400375,7325
2022-01-03,TWSE,2371,大同,32.70,33.30,32.50,32.80,0.20,31261574,1026855880,10626
2022-01-03,TWSE,2373,震旦行,90.30,90.30,90.00,90.20,0.40,20714,1867624,46
2022-01-03,TWSE,2374,佳能,30.55,31.30,30.30,30.35,-0.30,21114068,649591857,9166
2022-01-03,TWSE,2375,凱美,102.50,104.50,100.00,104.50,3.50,5463607,563962191,5114
2022-01-03,TWSE,2376,技嘉,156.50,157.50,152.50,156.50,1.00,8038805,1250253570,5387
2022-01-03,TWSE,2377,微星,161.00,161.50,160.00,160.00,-0.50,1874879,300577525,1195
2022-01-03,TWSE,2379,瑞昱,589.00,594.00,571.00,573.00,-7.00,1956065,1131153745,2007
2022-01-03,TWSE,2380,虹光,15.95,17.35,15.95,17.35,1.55,8888134,151103790,3761
2022-01-03,TWSE,2382,廣達,95.30,95.80,93.30,93.70,-1.00,7772801,731562040,8743
2022-01-03,TWSE,2383,台光電,280.00,298.00,275.00,277.50,-0.50,4494922,1277720664,3658
2022-01-03,TWSE,2385,群光,82.40,82.90,82.30,82.40,0.10,1187144,98047682,837
2022-01-03,TWSE,2387,精元,48.10,49.30,47.40,48.85,1.15,3095748,149852029,1683
2022-01-03,TWSE,2388,威盛,86.60,87.80,85.40,86.40,0.50,6043147,524286429,3659
2022-01-03,TWSE,2390,云辰,23.00,23.00,22.35,22.40,-0.65,2961960,66822727,1327
2022-01-03,TWSE,2392,正崴,39.85,41.35,39.70,41.35,1.80,8102163,330359271,4252
2022-01-03,TWSE,2393,億光,53.30,54.40,52.90,53.40,0.70,6498605,348601180,3855
2022-01-03,TWSE,2395,研華,401.00,407.00,396.00,397.00,0.50,824839,329983036,717
2022-01-03,TWSE,2397,友通,61.20,62.00,61.20,61.40,0.30,74330,4583814,66
2022-01-03,TWSE,2399,映泰,24.50,25.20,24.50,24.55,-0.05,3383931,83911455,1773
2022-01-03,TWSE,2401,凌陽,39.00,39.25,38.55,38.60,-0.25,2931673,113569396,1758
2022-01-03,TWSE,2402,毅嘉,17.15,17.25,16.90,16.95,-0.15,593148,10074334,336
2022-01-03,TWSE,2404,漢唐,182.50,182.50,178.00,178.50,-3.00,725790,130327442,930
2022-01-03,TWSE,2405,輔信,19.75,19.80,18.35,18.85,-1.45,15962687,305112850,7197
2022-01-03,TWSE,2406,國碩,34.95,35.20,34.30,34.30,-0.35,3647478,126040050,1972
2022-01-03,TWSE,2408,南亞科,77.80,78.00,76.00,76.20,-1.90,11445518,879111607,10096
2022-01-03,TWSE,2409,友達,23.15,23.20,22.55,22.60,-0.30,73402304,1673485453,17555
2022-01-03,TWSE,2412,中華電,116.50,116.50,114.50,115.50,-1.00,6900842,797618088,3151
2022-01-03,TWSE,2413,環科,22.40,22.95,22.40,22.75,0.25,476358,10812128,271
2022-01-03,TWSE,2414,精技,37.25,37.55,37.05,37.05,-0.20,265413,9861306,192
2022-01-03,TWSE,2415,錩新,43.30,43.90,43.25,43.50,0.30,282392,12290596,199
2022-01-03,TWSE,2417,圓剛,32.00,33.50,31.55,31.55,-0.45,7872515,256770087,4808
2022-01-03,TWSE,2419,仲琦,23.90,24.15,23.65,24.05,0.20,1518727,36273861,654
2022-01-03,TWSE,2420,新巨,45.25,45.25,44.50,44.70,-0.55,477221,21347762,423
2022-01-03,TWSE,2421,建準,44.85,44.90,43.15,43.15,-1.25,2530519,110252796,1655
2022-01-03,TWSE,2423,固緯,28.85,29.05,28.30,28.30,-0.55,232380,6629815,185
2022-01-03,TWSE,2424,隴華,20.75,20.75,20.75,20.75,-0.25,2506,51722,8
2022-01-03,TWSE,2425,承啟,29.55,29.55,28.80,28.80,-0.55,193012,5604346,153
2022-01-03,TWSE,2426,鼎元,28.50,28.70,28.05,28.30,-0.05,2355130,66756184,1213
2022-01-03,TWSE,2427,三商電,13.45,14.00,13.15,13.90,0.85,5866731,79911564,2254
2022-01-03,TWSE,2428,興勤,158.00,158.50,156.00,157.00,-0.50,222932,35079047,211
2022-01-03,TWSE,2429,銘旺科,20.50,20.60,20.05,20.45,-0.05,61008,1235564,31
2022-01-03,TWSE,2430,燦坤,38.55,38.60,38.00,38.00,-0.55,201338,7669299,228
2022-01-03,TWSE,2431,聯昌,13.95,14.85,13.60,14.25,0.40,21966184,319033847,3308
2022-01-03,TWSE,2433,互盛電,51.10,51.50,51.00,51.40,0.10,26413,1356978,34
2022-01-03,TWSE,2434,統懋,41.10,41.10,39.05,39.10,0.00,58898,2358983,50
2022-01-03,TWSE,2436,偉詮電,97.80,98.50,95.50,95.70,-0.90,6042982,585251132,4682
2022-01-03,TWSE,2438,翔耀,16.15,16.15,15.00,15.00,-0.95,382316,5899885,224
2022-01-03,TWSE,2439,美律,95.30,95.30,93.60,94.00,-0.40,368765,34738594,345
2022-01-03,TWSE,2440,太空梭,19.20,19.45,18.55,18.55,-0.75,1538805,29093459,822
2022-01-03,TWSE,2441,超豐,78.10,78.10,77.20,77.20,-0.90,800910,62106442,656
2022-01-03,TWSE,2442,新美齊,13.70,13.70,13.30,13.40,-0.20,3940654,53036369,1265
2022-01-03,TWSE,2443,昶虹,3.75,3.75,3.75,3.75,0.34,534834,2005624,133
2022-01-03,TWSE,2444,兆勁,14.40,14.70,13.95,14.00,-0.40,1044973,14800842,493
2022-01-03,TWSE,2449,京元電子,45.15,45.55,44.55,44.55,-0.25,7274021,327363227,4139
2022-01-03,TWSE,2450,神腦,33.60,33.60,33.15,33.35,-0.05,92379,3081959,91
2022-01-03,TWSE,2451,創見,73.10,73.80,72.40,72.40,-0.70,611875,44623154,766
2022-01-03,TWSE,2453,凌群,29.20,29.25,28.75,29.25,0.25,359493,10419974,224
2022-01-03,TWSE,2454,聯發科,1205.00,1215.00,1145.00,1150.00,-40.00,7574367,8840518430,11087
2022-01-03,TWSE,2455,全新,145.50,146.50,144.00,146.00,2.00,1675820,243442737,1284
2022-01-03,TWSE,2457,飛宏,50.30,51.30,49.05,50.70,0.40,32320986,1624236267,16320
2022-01-03,TWSE,2458,義隆,171.00,171.50,166.50,167.50,-2.50,1313230,221318449,5539
2022-01-03,TWSE,2459,敦吉,59.70,59.90,59.30,59.70,0.10,97469,5820053,87
2022-01-03,TWSE,2460,建通,32.50,32.50,30.55,30.60,-1.20,5098778,159314609,2916
2022-01-03,TWSE,2461,光群雷,25.65,25.75,24.65,24.80,-0.60,5341857,133968000,2186
2022-01-03,TWSE,2462,良得電,29.15,29.15,28.00,28.10,-0.55,326325,9199570,219
2022-01-03,TWSE,2464,盟立,45.65,46.65,44.80,44.85,1.10,7963571,363231651,4654
2022-01-03,TWSE,2465,麗臺,78.30,79.90,77.90,78.80,0.00,3277949,258823011,2308
2022-01-03,TWSE,2466,冠西電,36.60,36.70,36.20,36.50,-0.10,72500,2645450,41
2022-01-03,TWSE,2467,志聖,52.10,52.20,51.40,51.40,-0.70,455474,23537455,400
2022-01-03,TWSE,2468,華經,14.80,14.80,14.45,14.45,-0.05,161219,2346745,86
2022-01-03,TWSE,2471,資通,26.55,26.55,26.00,26.30,-0.20,117107,3080652,79
2022-01-03,TWSE,2472,立隆電,66.60,67.40,66.20,66.90,0.30,809426,54205522,653
2022-01-03,TWSE,2474,可成,156.50,158.00,156.50,157.50,1.00,1490634,234560923,1173
2022-01-03,TWSE,2476,鉅祥,77.10,77.40,74.40,74.70,-1.80,8630270,654052888,5118
2022-01-03,TWSE,2477,美隆電,31.20,31.45,30.90,31.10,0.25,354309,11029618,207
2022-01-03,TWSE,2478,大毅,65.60,67.30,65.60,66.20,0.80,806612,53599949,1155
2022-01-03,TWSE,2480,敦陽科,72.80,73.70,72.80,73.50,0.70,195063,14284708,214
2022-01-03,TWSE,2481,強茂,107.50,108.50,105.00,105.50,-1.50,6956001,739331904,4687
2022-01-03,TWSE,2482,連宇,17.25,17.70,16.80,16.80,-0.35,3982836,69022796,1127
2022-01-03,TWSE,2483,百容,26.60,26.95,26.00,26.10,-0.65,1085104,28467123,531
2022-01-03,TWSE,2484,希華,39.35,39.60,38.95,39.10,0.00,1317969,51680463,861
2022-01-03,TWSE,2485,兆赫,22.10,22.10,21.35,21.45,-0.45,2088127,45086252,1150
2022-01-03,TWSE,2486,一詮,51.80,51.80,50.70,50.70,-0.80,1846766,94026037,1339
2022-01-03,TWSE,2488,漢平,27.60,27.75,27.50,27.55,0.05,113072,3114219,79
2022-01-03,TWSE,2489,瑞軒,17.60,17.70,17.25,17.30,-0.30,3215934,55874501,2214
2022-01-03,TWSE,2491,吉祥全,20.70,21.30,20.15,21.15,0.30,541260,11257786,274
2022-01-03,TWSE,2492,華新科,168.00,171.50,166.50,171.00,4.00,5291883,898920247,4156
2022-01-03,TWSE,2493,揚博,38.60,38.70,38.40,38.45,-0.10,216056,8329120,188
2022-01-03,TWSE,2495,普安,19.25,20.90,18.90,20.90,1.90,47760484,975627649,7950
2022-01-03,TWSE,2496,卓越,49.50,49.50,49.20,49.20,-0.30,8005,395200,7
2022-01-03,TWSE,2497,怡利電,82.90,84.80,81.20,81.60,-1.10,3698533,306254315,2573
2022-01-03,TWSE,2498,宏達電,85.10,87.50,83.80,86.00,1.20,57973239,4988104209,29542
2022-01-03,TWSE,2501,國建,19.30,19.30,19.20,19.20,-0.05,273914,5263406,151
2022-01-03,TWSE,2504,國產,29.10,29.10,28.45,28.75,-0.40,7032254,201869011,3042
2022-01-03,TWSE,2505,國揚,24.80,24.90,24.60,24.75,0.25,865540,21432827,460
2022-01-03,TWSE,2506,太設,9.70,9.73,9.69,9.72,-0.02,31718,308082,40
2022-01-03,TWSE,2509,全坤建,18.45,18.50,18.35,18.45,0.00,191042,3520613,342
2022-01-03,TWSE,2511,太子,13.45,13.55,13.40,13.50,0.10,1284347,17312019,507
2022-01-03,TWSE,2514,龍邦,17.75,17.85,17.55,17.65,-0.05,67440,1194709,48
2022-01-03,TWSE,2515,中工,9.06,9.10,8.95,8.97,-0.09,3356795,30253264,1161
2022-01-03,TWSE,2516,新建,6.96,6.96,6.71,6.80,0.09,2388557,16356695,957
2022-01-03,TWSE,2520,冠德,37.90,37.90,37.60,37.70,-0.05,909557,34270478,683
2022-01-03,TWSE,2524,京城,41.00,41.40,40.60,40.60,-0.20,51634,2103286,46
2022-01-03,TWSE,2527,宏璟,31.30,31.30,30.90,30.95,-0.25,409016,12689834,261
2022-01-03,TWSE,2528,皇普,21.95,21.95,21.55,21.80,0.05,26000,566450,19
2022-01-03,TWSE,2530,華建,14.50,14.50,14.45,14.50,0.00,339286,4915066,154
2022-01-03,TWSE,2534,宏盛,24.05,24.05,23.65,23.90,-0.10,593850,14134224,372
2022-01-03,TWSE,2535,達欣工,32.80,33.25,32.80,33.10,0.35,906085,29944332,561
2022-01-03,TWSE,2536,宏普,23.30,23.35,23.05,23.20,0.05,194612,4517667,94
2022-01-03,TWSE,2537,聯上發,10.35,10.35,10.25,10.35,0.00,2061942,21241854,357
2022-01-03,TWSE,2538,基泰,12.50,12.55,12.00,12.25,-0.35,3445896,42163075,1076
2022-01-03,TWSE,2539,櫻花建,31.10,31.15,31.05,31.10,0.00,161760,5028174,134
2022-01-03,TWSE,2540,愛山林,,,,,0.00,506,36437,5
2022-01-03,TWSE,2542,興富發,46.30,46.35,46.00,46.25,0.00,4475576,206449327,2128
2022-01-03,TWSE,2543,皇昌,7.93,7.93,7.87,7.92,-0.01,20151,159487,15
2022-01-03,TWSE,2545,皇翔,37.50,37.55,37.30,37.55,0.10,250528,9389531,210
2022-01-03,TWSE,2546,根基,49.90,50.00,49.55,49.80,0.15,164644,8193026,150
2022-01-03,TWSE,2547,日勝生,10.95,11.00,10.75,10.85,0.00,2623951,28490873,831
2022-01-03,TWSE,2548,華固,91.40,91.90,90.50,90.70,-0.70,224716,20476486,242
2022-01-03,TWSE,2597,潤弘,123.50,123.50,121.50,122.50,0.00,89460,10947207,124
2022-01-03,TWSE,2601,益航,13.15,13.15,12.90,12.95,-0.15,4621603,59978535,1612
2022-01-03,TWSE,2603,長榮,142.50,143.00,133.00,139.50,-3.00,187837309,25836308886,76820
2022-01-03,TWSE,2605,新興,29.40,29.40,28.50,29.00,-0.20,4433189,127850052,2493
2022-01-03,TWSE,2606,裕民,60.90,60.90,59.00,60.00,-0.40,7254438,432392614,4040
2022-01-03,TWSE,2607,榮運,29.35,29.45,28.65,28.75,-0.55,3066484,88629221,1539
2022-01-03,TWSE,2608,嘉里大榮,45.30,45.60,45.00,45.05,0.10,664329,30062740,601
2022-01-03,TWSE,2609,陽明,120.00,120.50,113.00,114.50,-6.50,106847363,12358012215,49826
2022-01-03,TWSE,2610,華航,27.65,27.80,26.10,26.30,-1.25,224956502,5980572287,61760
2022-01-03,TWSE,2611,志信,20.10,20.10,19.50,19.65,-0.55,1671148,32929683,851
2022-01-03,TWSE,2612,中航,58.90,58.90,57.00,57.20,-1.20,987817,56751101,772
2022-01-03,TWSE,2613,中櫃,26.40,26.40,25.85,25.95,-0.45,217628,5657807,183
2022-01-03,TWSE,2614,東森,35.50,36.35,35.50,36.35,3.30,15995214,578888984,6194
2022-01-03,TWSE,2615,萬海,196.00,197.00,182.50,187.50,-11.00,50034661,9426649616,30294
2022-01-03,TWSE,2616,山隆,36.60,36.65,36.50,36.55,0.05,54185,1980663,107
2022-01-03,TWSE,2617,台航,37.40,37.40,36.50,36.70,-0.45,2617410,96160408,1421
2022-01-03,TWSE,2618,長榮航,28.25,28.30,26.60,26.85,-1.10,117266462,3181359034,35700
2022-01-03,TWSE,2630,亞航,18.75,18.75,18.55,18.55,-0.20,126111,2345639,211
2022-01-03,TWSE,2633,台灣高鐵,29.60,29.60,29.25,29.40,-0.20,2350986,69156692,1282
2022-01-03,TWSE,2634,漢翔,29.35,29.50,29.25,29.30,-0.05,876303,25701243,469
2022-01-03,TWSE,2636,台驊控股,137.00,137.00,131.50,134.00,-2.50,2996192,400247653,2418
2022-01-03,TWSE,2637,慧洋-KY,81.80,82.00,78.50,80.30,-1.30,6539471,521987018,3899
2022-01-03,TWSE,2642,宅配通,72.00,72.20,71.20,71.60,-0.30,295060,21126026,287
2022-01-03,TWSE,2701,萬企,12.20,12.20,12.05,12.10,-0.10,23226,281682,29
2022-01-03,TWSE,2702,華園,25.35,25.40,25.20,25.40,-0.10,134649,3411025,102
2022-01-03,TWSE,2704,國賓,31.10,31.20,30.70,30.90,-0.20,130182,4029348,77
2022-01-03,TWSE,2705,六福,17.60,17.60,17.40,17.45,-0.10,84139,1472242,119
2022-01-03,TWSE,2706,第一店,14.50,14.55,14.35,14.40,0.00,102576,1480981,200
2022-01-03,TWSE,2707,晶華,151.00,151.00,149.50,149.50,-1.50,112057,16794931,144
2022-01-03,TWSE,2712,遠雄來,42.30,42.30,40.70,40.70,-2.00,17056,703830,16
2022-01-03,TWSE,2722,夏都,31.00,31.90,31.00,31.10,-0.90,9196,286815,22
2022-01-03,TWSE,2723,美食-KY,112.50,113.00,112.00,112.50,0.00,248698,27975447,237
2022-01-03,TWSE,2727,王品,135.00,135.00,132.50,133.50,-1.50,329075,43929924,650
2022-01-03,TWSE,2731,雄獅,85.70,85.90,85.30,85.50,-0.20,120656,10310658,115
2022-01-03,TWSE,2739,寒舍,22.65,22.65,22.40,22.40,-0.25,60489,1359737,39
2022-01-03,TWSE,2748,雲品,39.60,39.70,39.45,39.70,0.25,98094,3880332,99
2022-01-03,TWSE,2753,八方雲集,128.50,128.50,128.00,128.50,0.00,77635,9962007,140
2022-01-03,TWSE,2801,彰銀,17.05,17.25,17.05,17.10,0.10,13314690,228546576,3674
2022-01-03,TWSE,2809,京城銀,40.30,40.50,40.15,40.35,-0.20,3283604,132529597,1557
2022-01-03,TWSE,2812,台中銀,12.15,12.20,12.15,12.20,0.05,5962572,72540262,2228
2022-01-03,TWSE,2816,旺旺保,19.60,19.60,19.50,19.50,-0.10,34390,672771,31
2022-01-03,TWSE,2820,華票,17.25,17.25,17.05,17.10,-0.10,461361,7909044,235
2022-01-03,TWSE,2832,台產,20.40,20.40,20.25,20.30,-0.10,315967,6419582,98
2022-01-03,TWSE,2834,臺企銀,9.93,9.95,9.85,9.87,-0.03,26762028,264640895,5748
2022-01-03,TWSE,2836,高雄銀,12.15,12.15,12.05,12.05,-0.05,438498,5309268,166
2022-01-03,TWSE,2836A,高雄銀甲特,24.30,24.30,24.25,24.25,0.00,10029,243251,6
2022-01-03,TWSE,2838,聯邦銀,13.60,13.60,13.30,13.40,-0.20,2414693,32410612,1131
2022-01-03,TWSE,2838A,聯邦銀甲特,52.80,53.00,52.70,53.00,0.00,60068,3173983,31
2022-01-03,TWSE,2841,台開,4.19,4.19,4.13,4.14,-0.06,672089,2800629,320
2022-01-03,TWSE,2845,遠東銀,10.80,10.85,10.75,10.80,0.05,2931770,31672094,728
2022-01-03,TWSE,2849,安泰銀,16.40,16.40,16.35,16.35,0.00,44926,735942,35
2022-01-03,TWSE,2850,新產,47.55,47.55,47.00,47.10,-0.40,181568,8562631,88
2022-01-03,TWSE,2851,中再保,30.40,31.45,29.80,30.00,0.35,2945547,89175782,1802
2022-01-03,TWSE,2852,第一保,14.65,14.70,14.60,14.60,-0.05,189870,2779373,75
2022-01-03,TWSE,2855,統一證,23.65,23.80,23.65,23.65,0.00,1505612,35714278,690
2022-01-03,TWSE,2867,三商壽,9.24,9.25,9.16,9.19,-0.05,2790324,25653742,1281
2022-01-03,TWSE,2880,華南金,21.25,21.30,21.00,21.05,-0.15,9618972,203405951,3459
2022-01-03,TWSE,2881,富邦金,76.50,76.60,75.00,75.30,-1.00,15609815,1180736529,10658
2022-01-03,TWSE,2881A,富邦特,63.10,63.30,63.10,63.20,0.00,138180,8730907,44
2022-01-03,TWSE,2881B,富邦金乙特,63.00,63.10,62.80,63.10,0.00,23551,1482740,27
2022-01-03,TWSE,2881C,富邦金丙特,60.10,60.20,60.10,60.10,0.00,520297,31272803,368
2022-01-03,TWSE,2882,國泰金,62.80,62.90,61.60,61.60,-0.90,18337829,1138694444,10704
2022-01-03,TWSE,2882A,國泰特,62.90,63.00,62.90,63.00,0.10,55070,3464890,40
2022-01-03,TWSE,2882B,國泰金乙特,63.40,63.40,63.00,63.30,-0.20,47470,3000696,27
2022-01-03,TWSE,2883,凱基金,17.50,17.50,17.00,17.15,-0.35,117675393,2021381761,36528
2022-01-03,TWSE,2883B,凱基金乙特,9.50,9.52,9.36,9.39,-0.20,53817187,506655481,11537
2022-01-03,TWSE,2884,玉山金,28.10,28.20,28.00,28.00,-0.05,11041923,310195374,6272
2022-01-03,TWSE,2885,元大金,25.30,25.50,25.20,25.20,-0.10,13235486,335312259,3173
2022-01-03,TWSE,2886,兆豐金,35.60,35.70,35.20,35.35,-0.20,15996708,566471660,8603
2022-01-03,TWSE,2887,台新新光金,19.00,19.05,18.80,18.85,-0.10,10844976,204848792,4176
2022-01-03,TWSE,2887E,台新新光戊特一,53.10,53.20,52.90,53.20,0.10,183883,9751350,59
2022-01-03,TWSE,2887F,台新新光戊特二,51.90,52.00,51.80,51.80,-0.10,42168,2188595,31
2022-01-03,TWSE,2888,新光金,11.05,11.05,10.75,10.80,-0.25,78208639,849483552,12585
2022-01-03,TWSE,2888A,新光金甲特,42.60,42.70,42.55,42.70,0.10,58179,2481357,39
2022-01-03,TWSE,2888B,新光金乙特,42.85,43.05,42.85,43.00,0.15,208920,8977236,93
2022-01-03,TWSE,2889,國票金,16.05,16.05,15.95,15.95,-0.10,2629277,42035810,1348
2022-01-03,TWSE,2890,永豐金,16.25,16.30,16.05,16.10,-0.05,13809454,223204834,3441
2022-01-03,TWSE,2891,中信金,26.10,26.10,25.70,25.75,-0.20,18077873,467874201,8087
2022-01-03,TWSE,2891B,中信金乙特,64.20,64.20,64.00,64.20,0.00,26363,1689742,30
2022-01-03,TWSE,2891C,中信金丙特,61.40,61.50,61.40,61.50,-0.10,3236,198811,14
2022-01-03,TWSE,2892,第一金,24.50,24.75,24.35,24.40,-0.10,14719895,360827654,5180
2022-01-03,TWSE,2897,王道銀行,8.02,8.03,7.97,7.99,-0.01,1392340,11125909,409
2022-01-03,TWSE,2897A,王道銀甲特,10.10,10.10,10.10,10.10,0.00,46362,468220,56
2022-01-03,TWSE,2901,欣欣,26.45,26.50,25.00,25.45,-1.00,94219,2406382,196
2022-01-03,TWSE,2903,遠百,21.45,21.50,21.20,21.45,0.00,391373,8362913,369
2022-01-03,TWSE,2904,匯僑,25.45,25.50,25.30,25.40,0.00,79752,2024803,64
2022-01-03,TWSE,2905,三商,22.65,22.70,22.40,22.45,-0.20,227835,5138895,189
2022-01-03,TWSE,2906,高林,15.30,15.60,15.25,15.45,0.15,650175,10040754,207
2022-01-03,TWSE,2908,特力,21.60,21.80,21.50,21.50,-0.05,200778,4338830,136
2022-01-03,TWSE,2910,統領,38.60,39.95,38.00,38.00,-2.00,9250,358099,11
2022-01-03,TWSE,2911,麗嬰房,8.17,8.20,8.14,8.17,0.00,263639,2153345,276
2022-01-03,TWSE,2912,統一超,275.00,276.00,273.00,273.50,0.00,601979,165070835,611
2022-01-03,TWSE,2913,農林,20.40,20.45,20.00,20.05,-0.25,785757,15816127,357
2022-01-03,TWSE,2915,潤泰全,97.90,98.20,97.10,97.40,-0.10,2475914,241381142,2476
2022-01-03,TWSE,2923,鼎固-KY,28.90,28.90,28.85,28.85,0.40,2010,58030,3
2022-01-03,TWSE,2929,淘帝-KY,12.00,12.25,11.90,11.95,0.00,154967,1863623,131
2022-01-03,TWSE,2936,客思達-KY,27.20,27.20,26.00,27.20,0.00,90000,2419250,66
2022-01-03,TWSE,2939,永邑-KY,34.00,34.05,32.35,32.35,-2.30,204016,6796515,124
2022-01-03,TWSE,2945,三商家購,71.10,71.10,70.50,70.50,-0.30,75256,5323267,106
2022-01-03,TWSE,3002,歐格,13.05,13.15,12.90,12.90,-0.15,199000,2581700,98
2022-01-03,TWSE,3003,健和興,91.90,92.50,91.00,91.10,-0.60,856991,78410537,727
2022-01-03,TWSE,3004,豐達科,57.70,57.80,57.50,57.80,0.10,80381,4639170,43
2022-01-03,TWSE,3005,神基,55.90,56.80,55.80,56.30,0.60,2042413,114991505,1230
2022-01-03,TWSE,3006,晶豪科,166.50,167.00,163.00,164.50,-0.50,3327732,547302553,3345
2022-01-03,TWSE,3008,大立光,2500.00,2590.00,2480.00,2500.00,35.00,2020232,5106805895,6051
2022-01-03,TWSE,3010,華立,107.00,108.50,104.00,107.00,0.00,2173015,232173147,1435
2022-01-03,TWSE,3011,今皓,12.00,12.00,11.45,11.50,-0.40,1169201,13610798,482
2022-01-03,TWSE,3013,晟銘電,15.65,15.85,15.20,15.85,0.40,1396667,21715258,472
2022-01-03,TWSE,3014,聯陽,109.50,110.00,108.50,109.00,0.50,1304447,142299891,1037
2022-01-03,TWSE,3015,全漢,46.25,46.40,45.65,45.95,-0.05,299209,13737274,242
2022-01-03,TWSE,3016,嘉晶,136.00,139.50,135.50,137.50,4.00,5549249,762009093,3965
2022-01-03,TWSE,3017,奇鋐,88.80,90.60,88.60,89.00,0.80,7571385,678897316,5607
2022-01-03,TWSE,3018,隆銘綠能,20.50,20.50,19.80,19.85,-0.55,415046,8283053,261
2022-01-03,TWSE,3019,亞光,94.50,95.40,93.50,95.00,1.10,4403478,416919331,3269
2022-01-03,TWSE,3021,鴻名,25.75,25.75,24.45,24.55,-1.00,873525,21705169,423
2022-01-03,TWSE,3022,威強電,46.85,47.30,46.55,46.90,0.10,280342,13151421,296
2022-01-03,TWSE,3023,信邦,286.00,286.50,280.00,282.50,-1.50,562118,158385301,596
2022-01-03,TWSE,3024,憶聲,14.00,14.10,13.75,13.75,-0.25,626043,8654396,351
2022-01-03,TWSE,3025,星通,23.80,23.80,22.80,22.85,-0.90,824880,19017830,497
2022-01-03,TWSE,3026,禾伸堂,119.50,120.00,119.00,119.50,0.00,601417,71903048,429
2022-01-03,TWSE,3027,盛達,23.05,23.05,22.10,22.35,-0.45,788093,17642785,377
2022-01-03,TWSE,3028,增你強,35.15,35.35,34.65,34.65,-0.15,1317595,46017219,909
2022-01-03,TWSE,3029,零壹,44.10,44.35,43.65,43.80,-0.20,614084,26984985,900
2022-01-03,TWSE,3030,德律,58.60,60.00,58.30,59.50,1.00,2159283,128463644,1630
2022-01-03,TWSE,3031,佰鴻,26.00,26.30,25.50,25.55,-0.30,1445865,37220133,774
2022-01-03,TWSE,3032,偉訓,33.70,34.40,33.30,33.95,0.25,297299,10035252,260
2022-01-03,TWSE,3033,威健,32.15,32.25,31.75,31.80,-0.15,3390663,108232252,1848
2022-01-03,TWSE,3034,聯詠,545.00,546.00,532.00,538.00,-1.00,3557178,1912357448,4326
2022-01-03,TWSE,3035,智原,240.00,241.00,225.50,226.00,-13.00,21978122,5079193591,21498
2022-01-03,TWSE,3036,文曄,74.20,74.70,72.80,74.20,0.70,6383718,472918048,3780
2022-01-03,TWSE,3036A,文曄甲特,49.00,49.00,48.95,48.95,0.00,77213,3783226,35
2022-01-03,TWSE,3037,欣興,235.00,240.50,231.00,231.00,0.00,30680600,7218335430,18316
2022-01-03,TWSE,3038,全台,19.50,19.90,19.45,19.50,0.05,375123,7347249,190
2022-01-03,TWSE,3040,遠見,38.05,38.10,37.85,38.00,-0.05,47678,1811378,46
2022-01-03,TWSE,3041,揚智,41.50,42.90,41.10,41.15,-0.80,23040416,963800985,10964
2022-01-03,TWSE,3042,晶技,106.00,107.50,105.50,106.00,0.50,4541155,482705544,2985
2022-01-03,TWSE,3043,科風,3.71,4.09,3.71,4.05,0.07,660141,2674688,141
2022-01-03,TWSE,3044,健鼎,124.00,125.00,123.50,123.50,-1.00,324567,40191436,202
2022-01-03,TWSE,3045,台灣大,101.00,101.50,100.00,100.50,0.50,3540736,355951636,3392
2022-01-03,TWSE,3046,建碁,45.35,45.40,42.50,43.10,-2.25,1154810,50154129,824
2022-01-03,TWSE,3047,訊舟,14.50,14.90,14.30,14.70,0.45,15302827,224237205,5151
2022-01-03,TWSE,3048,益登,32.80,33.00,32.60,32.60,0.00,1096661,35998087,707
2022-01-03,TWSE,3049,精金,17.50,17.95,17.15,17.25,0.00,42945148,751339835,13805
2022-01-03,TWSE,3050,鈺德,18.50,18.75,18.00,18.65,0.25,4442774,81761412,1321
2022-01-03,TWSE,3051,力特,31.90,34.10,30.30,33.20,1.30,7317086,233843822,4452
2022-01-03,TWSE,3052,夆典,10.75,10.75,10.60,10.60,-0.15,213974,2280798,108
2022-01-03,TWSE,3054,立萬利,26.00,26.20,24.50,24.70,-1.10,301373,7598964,183
2022-01-03,TWSE,3055,蔚華科,31.00,32.85,30.85,32.85,2.95,2534389,82231186,1430
2022-01-03,TWSE,3056,富華新,40.60,40.85,40.20,40.55,-0.10,710671,28694855,475
2022-01-03,TWSE,3057,喬鼎,15.10,15.70,14.70,15.30,0.40,719719,11022860,545
2022-01-03,TWSE,3058,立德,16.20,16.35,15.90,15.95,-0.20,841234,13468045,501
2022-01-03,TWSE,3059,華晶科,48.20,48.40,46.55,47.10,-0.50,10941119,517446712,5464
2022-01-03,TWSE,3060,銘異,26.00,26.40,25.65,26.05,0.10,1426283,37097586,871
2022-01-03,TWSE,3062,建漢,31.20,31.60,30.40,30.40,-0.65,7758961,239874455,4209
2022-01-03,TWSE,3090,日電貿,53.90,54.30,53.60,54.00,0.10,325259,17565770,356
2022-01-03,TWSE,3092,鴻碩,56.30,56.70,54.40,54.60,-1.70,827429,45601092,859
2022-01-03,TWSE,3094,聯傑,46.60,46.90,43.65,43.70,-3.20,17670254,795413046,9539
2022-01-03,TWSE,3130,一零四,177.50,177.50,177.50,177.50,0.00,1413,251124,28
2022-01-03,TWSE,3138,耀登,227.00,231.50,223.50,230.00,4.50,678050,154314404,1005
2022-01-03,TWSE,3149,正達,31.25,31.65,31.10,31.10,0.00,365511,11426289,231
2022-01-03,TWSE,3164,景岳,24.50,24.80,24.35,24.45,0.10,188700,4624691,140
2022-01-03,TWSE,3167,大量,107.00,107.50,102.00,103.50,-2.50,1965534,205885258,1073
2022-01-03,TWSE,3189,景碩,235.50,240.00,234.50,236.00,3.00,6274908,1490966483,4684
2022-01-03,TWSE,3209,全科,29.40,29.50,29.25,29.25,-0.15,351280,10314926,256
2022-01-03,TWSE,3231,緯創,29.20,29.45,29.00,29.00,-0.15,5541044,161607093,2489
2022-01-03,TWSE,3257,虹冠電,68.80,71.20,68.80,70.20,1.40,2759742,194596197,1923
2022-01-03,TWSE,3266,昇陽,13.75,14.00,13.75,13.95,0.20,311000,4325700,92
2022-01-03,TWSE,3296,勝德,19.00,19.45,19.00,19.45,0.40,292504,5619105,181
2022-01-03,TWSE,3305,昇貿,80.50,81.90,79.80,80.20,-0.90,2151746,173154564,2383
2022-01-03,TWSE,3311,閎暉,36.30,36.65,35.85,36.00,-0.10,116982,4230765,203
2022-01-03,TWSE,3312,弘憶股,24.80,25.10,24.45,24.60,0.00,1135463,28077579,639
2022-01-03,TWSE,3321,同泰,14.30,14.50,14.00,14.20,0.00,395982,5650252,258
2022-01-03,TWSE,3338,泰碩,55.50,56.30,54.30,55.40,0.50,1540255,85484558,1137
2022-01-03,TWSE,3346,麗清,44.20,44.20,43.20,43.50,-0.55,657354,28618938,434
2022-01-03,TWSE,3356,奇偶,31.80,31.80,31.35,31.55,-0.15,244477,7709047,148
2022-01-03,TWSE,3376,新日興,97.00,97.60,95.10,95.20,-1.40,752762,72289964,671
2022-01-03,TWSE,3380,明泰,33.95,35.65,33.90,33.95,0.40,19518659,675653944,9161
2022-01-03,TWSE,3383,新世紀,9.22,9.22,9.22,9.22,0.83,1011119,9322510,153
2022-01-03,TWSE,3406,玉晶光,533.00,549.00,531.00,548.00,19.00,3135996,1703348067,3083
2022-01-03,TWSE,3413,京鼎,256.00,257.00,239.50,241.50,-13.50,3830020,937195256,16938
2022-01-03,TWSE,3416,融程電,78.60,78.60,78.10,78.40,0.00,25644,2008089,93
2022-01-03,TWSE,3419,譁裕,25.65,26.10,25.25,25.45,-0.10,2202516,56405757,1148
2022-01-03,TWSE,3432,台端,15.25,15.35,15.00,15.15,-0.10,247003,3737295,106
2022-01-03,TWSE,3437,榮創,25.90,25.95,25.40,25.55,-0.15,378035,9685750,225
2022-01-03,TWSE,3443,創意,592.00,594.00,580.00,580.00,-6.00,741334,433497065,1034
2022-01-03,TWSE,3450,聯鈞,57.50,57.50,56.30,56.30,-0.50,338401,19199465,308
2022-01-03,TWSE,3454,晶睿,75.00,77.00,75.00,75.70,0.70,63519,4825516,153
2022-01-03,TWSE,3481,群創,19.75,19.80,19.20,19.20,-0.40,90275153,1750605701,20991
2022-01-03,TWSE,3494,誠研,4.98,5.47,4.98,5.47,0.49,817371,4442587,273
2022-01-03,TWSE,3501,維熹,48.20,48.30,48.10,48.10,-0.10,52341,2523698,48
2022-01-03,TWSE,3504,揚明光,118.00,119.50,115.00,119.50,2.00,1083693,127790642,880
2022-01-03,TWSE,3515,華擎,287.50,289.50,276.00,280.00,-1.50,2342873,662951896,3302
2022-01-03,TWSE,3518,柏騰,25.30,25.40,24.80,24.95,-0.05,345085,8640075,186
2022-01-03,TWSE,3528,安馳,50.70,50.80,50.30,50.30,0.10,27350,1381452,25
2022-01-03,TWSE,3530,晶相光,138.50,138.50,134.00,134.50,-2.00,767325,103845192,681
2022-01-03,TWSE,3532,台勝科,293.50,298.50,286.00,288.00,-2.00,2145695,624451868,2277
2022-01-03,TWSE,3533,嘉澤,763.00,766.00,746.00,749.00,-12.00,295138,222249140,473
2022-01-03,TWSE,3535,晶彩科,18.65,18.70,18.15,18.15,-0.25,342273,6257184,200
2022-01-03,TWSE,3536,誠創,6.15,6.15,6.11,6.11,-0.04,101490,623092,22
2022-01-03,TWSE,3543,州巧,26.55,26.55,26.00,26.10,-0.40,62003,1619378,40
2022-01-03,TWSE,3545,敦泰,173.50,176.50,171.00,176.50,5.00,8436656,1469804228,7481
2022-01-03,TWSE,3550,聯穎,19.25,19.40,19.00,19.20,-0.40,1247846,23904677,636
2022-01-03,TWSE,3557,嘉威,77.70,78.00,76.70,76.90,0.20,81770,6320506,85
2022-01-03,TWSE,3563,牧德,279.00,281.00,273.50,278.00,-1.00,1292997,359621009,2429
2022-01-03,TWSE,3576,聯合再生,21.95,22.05,21.70,21.70,-0.15,3614196,78880228,2133
2022-01-03,TWSE,3583,辛耘,113.00,115.00,103.50,107.00,-1.00,33961562,3704640229,19172
2022-01-03,TWSE,3588,通嘉,152.50,156.50,150.50,151.00,1.00,2888876,442772774,2327
2022-01-03,TWSE,3591,艾笛森,23.60,23.90,23.45,23.50,-0.10,600690,14166020,295
2022-01-03,TWSE,3593,力銘,15.40,15.50,15.30,15.35,-0.15,74548,1147090,63
2022-01-03,TWSE,3596,智易,129.00,132.00,127.00,129.50,2.00,9453459,1227386217,6204
2022-01-03,TWSE,3605,宏致,52.60,53.30,51.00,51.00,-1.00,3091232,161321325,2186
2022-01-03,TWSE,3607,谷崧,18.80,19.70,18.40,18.40,-0.35,13183436,250874775,5393
2022-01-03,TWSE,3617,碩天,69.30,69.90,69.30,69.60,0.30,61000,4236200,36
2022-01-03,TWSE,3622,洋華,29.20,29.20,28.25,28.30,-0.50,163902,4662208,142
2022-01-03,TWSE,3645,達邁,43.30,43.65,43.00,43.40,0.15,407698,17631180,283
2022-01-03,TWSE,3653,健策,410.00,417.50,405.00,408.00,0.00,1094058,450304167,1058
2022-01-03,TWSE,3661,世芯-KY,1025.00,1030.00,993.00,999.00,-21.00,619966,621595197,749
2022-01-03,TWSE,3665,貿聯-KY,263.00,265.50,262.00,263.50,2.50,1024227,270072909,976
2022-01-03,TWSE,3669,圓展,67.10,70.90,66.90,67.50,1.30,4567483,313053047,3419
2022-01-03,TWSE,3673,TPK-KY,43.85,43.90,42.55,42.70,-0.75,1721148,73886091,1372
2022-01-03,TWSE,3679,新至陞,91.50,91.50,89.80,90.50,-1.00,121145,10957269,111
2022-01-03,TWSE,3682,亞太電,8.33,8.63,8.25,8.54,0.32,11945514,100647383,3264
2022-01-03,TWSE,3686,達能,16.00,16.05,15.70,15.85,0.00,406532,6425453,339
2022-01-03,TWSE,3694,海華,27.25,27.40,26.80,26.95,-0.20,781223,21171974,512
2022-01-03,TWSE,3701,大眾控,76.00,77.60,73.20,73.40,-2.30,2713763,202704649,2409
2022-01-03,TWSE,3702,大聯大,52.60,52.80,51.90,52.30,-0.30,6421302,335879856,2715
2022-01-03,TWSE,3702A,大聯大甲特,49.60,49.65,49.55,49.65,0.10,46051,2285179,32
2022-01-03,TWSE,3703,欣陸,25.30,25.30,25.00,25.05,-0.10,687758,17241722,275
2022-01-03,TWSE,3704,合勤控,35.35,35.40,34.80,34.85,-0.20,4491547,157012577,2263
2022-01-03,TWSE,3705,永信,42.95,42.95,42.70,42.80,-0.15,197802,8465168,150
2022-01-03,TWSE,3706,神達,35.30,35.35,34.40,34.50,-0.70,11642574,403764144,6309
2022-01-03,TWSE,3708,上緯投控,94.30,94.30,92.30,93.00,-0.50,482622,44791722,409
2022-01-03,TWSE,3711,日月光投控,107.00,107.50,105.00,105.50,-1.00,9976670,1060091862,4314
2022-01-03,TWSE,3712,永崴投控,33.10,33.35,32.75,32.80,-0.05,386781,12746247,288
2022-01-03,TWSE,3714,富采,77.30,79.00,77.10,79.00,2.30,6634746,519801763,4150
2022-01-03,TWSE,4104,佳醫,57.60,57.70,57.40,57.50,-0.10,86081,4950574,122
2022-01-03,TWSE,4106,雃博,29.80,29.80,29.35,29.40,0.00,399243,11774725,257
2022-01-03,TWSE,4108,懷特,23.50,23.60,23.30,23.60,0.30,592938,13930692,398
2022-01-03,TWSE,4119,旭富,84.00,84.40,82.40,82.40,-1.60,353566,29363444,1652
2022-01-03,TWSE,4133,亞諾法,44.25,45.05,43.00,43.30,-0.25,1774852,77961777,1475
2022-01-03,TWSE,4137,麗豐-KY,227.00,229.50,223.50,224.50,-2.50,246813,55576288,260
2022-01-03,TWSE,4141,龍燈-KY,25.10,25.25,25.00,25.15,0.10,2370262,59474370,1039
2022-01-03,TWSE,4142,國光生,44.75,44.80,43.80,44.00,-0.65,1912143,84261464,1045
2022-01-03,TWSE,4148,全宇生技-KY,41.10,41.10,39.85,40.05,-0.05,31000,1245950,22
2022-01-03,TWSE,4155,訊映,23.35,23.50,23.25,23.30,-0.05,101218,2360525,71
2022-01-03,TWSE,4164,承業醫,38.20,38.20,37.90,37.90,-0.15,288371,10963050,152
2022-01-03,TWSE,4190,佐登-KY,72.80,72.80,71.20,71.30,-1.50,115350,8247884,90
2022-01-03,TWSE,4306,炎洲,15.50,15.50,15.35,15.35,-0.10,636920,9817602,302
2022-01-03,TWSE,4414,如興,7.22,7.26,7.07,7.10,-0.10,2249938,16023006,772
2022-01-03,TWSE,4426,利勤,23.15,23.45,22.85,23.05,-0.20,225477,5187678,207
2022-01-03,TWSE,4438,廣越,129.50,130.50,127.50,128.50,-2.00,80150,10348274,70
2022-01-03,TWSE,4439,冠星-KY,137.50,137.50,137.50,137.50,1.50,5000,687500,5
2022-01-03,TWSE,4440,宜新實業,47.05,47.05,46.55,46.55,-0.50,185512,8681889,98
2022-01-03,TWSE,4526,東台,17.40,17.40,17.25,17.35,0.00,260898,4513947,364
2022-01-03,TWSE,4532,瑞智,19.10,19.10,19.00,19.10,0.00,329531,6270305,124
2022-01-03,TWSE,4536,拓凱,148.00,152.00,146.00,146.50,-3.50,149061,22041355,153
2022-01-03,TWSE,4540,全球傳動,50.10,50.80,49.80,50.40,0.45,243278,12232238,158
2022-01-03,TWSE,4545,銘鈺,29.05,29.55,28.90,28.95,-0.35,116103,3373658,65
2022-01-03,TWSE,4551,智伸科,182.50,182.50,180.50,181.00,0.00,81332,14744139,95
2022-01-03,TWSE,4552,力達-KY,32.00,32.00,31.85,31.95,-0.05,56990,1821370,106
2022-01-03,TWSE,4555,氣立,53.90,54.00,52.20,52.20,-1.20,55040,2913320,60
2022-01-03,TWSE,4557,永新-KY,75.20,75.20,75.00,75.20,0.00,50304,3774560,22
2022-01-03,TWSE,4560,強信-KY,42.15,42.15,41.70,41.95,-0.25,92051,3856452,49
2022-01-03,TWSE,4562,穎漢,16.05,16.15,15.75,15.90,-0.15,612861,9774344,455
2022-01-03,TWSE,4564,元翎,42.35,42.40,41.60,41.60,-0.55,228689,9597678,261
2022-01-03,TWSE,4566,時碩工業,51.00,51.30,48.60,49.20,-1.40,225042,11231817,203
2022-01-03,TWSE,4571,鈞興-KY,100.00,101.00,100.00,100.50,0.80,34364,3449400,31
2022-01-03,TWSE,4572,駐龍,100.00,101.00,100.00,101.00,-1.00,12295,1233096,21
2022-01-03,TWSE,4576,大銀微系統,114.00,123.00,113.50,117.50,4.50,807572,96350783,760
2022-01-03,TWSE,4581,光隆精密-KY,35.30,35.30,35.05,35.05,-0.25,7031,247286,9
2022-01-03,TWSE,4720,德淵,16.70,17.80,15.80,17.80,1.60,3553833,61353551,1546
2022-01-03,TWSE,4722,國精化,44.35,44.35,43.70,44.10,-0.05,374799,16495305,314
2022-01-03,TWSE,4737,華廣,75.70,75.80,75.50,75.70,-0.10,34136,2584464,47
2022-01-03,TWSE,4739,康普,149.00,152.00,147.00,147.00,-1.00,3126063,465712706,2718
2022-01-03,TWSE,4746,台耀,61.10,61.20,59.60,60.90,0.40,1092109,65966905,698
2022-01-03,TWSE,4755,三福化,175.00,175.00,167.00,169.50,-5.00,2556261,434251666,2053
2022-01-03,TWSE,4763,材料*-KY,104.50,105.00,103.00,104.00,-0.50,70762,7337196,74
2022-01-03,TWSE,4764,雙鍵,60.10,60.10,59.30,59.90,0.10,29038,1731364,22
2022-01-03,TWSE,4766,南寶,142.00,142.50,140.50,142.00,0.00,34493,4873500,41
2022-01-03,TWSE,4770,上品,290.50,297.50,283.00,289.00,-1.50,1241854,360575834,1186
2022-01-03,TWSE,4807,日成-KY,27.05,27.05,26.80,26.80,-0.30,31064,836171,31
2022-01-03,TWSE,4904,遠傳,64.60,64.60,63.80,64.10,-0.50,1233207,79110904,1428
2022-01-03,TWSE,4906,正文,32.50,32.95,32.00,32.10,-0.20,13180332,428268909,5999
2022-01-03,TWSE,4912,聯德控股-KY,160.00,160.00,157.00,158.00,-2.00,199366,31579396,588
2022-01-03,TWSE,4915,致伸,56.70,57.00,55.70,56.00,-0.70,4930282,277228145,2699
2022-01-03,TWSE,4916,事欣科,32.95,33.70,32.30,32.45,0.05,1353936,44448579,840
2022-01-03,TWSE,4919,新唐,141.00,143.00,139.50,141.00,0.00,3772756,531767658,2989
2022-01-03,TWSE,4927,泰鼎-KY,133.00,136.00,128.50,134.50,4.00,7804652,1041048539,5955
2022-01-03,TWSE,4930,燦星網,25.90,25.90,25.40,25.50,-0.30,245990,6280383,212
2022-01-03,TWSE,4934,太極,40.80,40.90,39.00,39.05,-0.65,10305302,410081803,8561
2022-01-03,TWSE,4935,茂林-KY,83.10,83.80,81.80,82.90,-0.10,505698,41851589,613
2022-01-03,TWSE,4938,和碩,69.10,69.60,68.80,68.90,-0.20,4455943,308173199,4094
2022-01-03,TWSE,4942,嘉彰,50.70,50.80,49.95,50.70,0.40,660050,33301300,401
2022-01-03,TWSE,4943,康控-KY,33.60,34.75,33.35,34.15,0.55,684146,23402160,645
2022-01-03,TWSE,4952,凌通,67.80,69.10,67.80,68.30,0.60,509682,34918291,420
2022-01-03,TWSE,4956,光鋐,26.25,26.60,25.90,25.95,-0.25,672354,17540793,418
2022-01-03,TWSE,4958,臻鼎-KY,101.50,102.00,101.00,102.00,1.50,2383879,242198530,1402
2022-01-03,TWSE,4960,誠美材,14.10,14.10,13.50,13.60,-0.35,10085252,138376367,3257
2022-01-03,TWSE,4961,天鈺,284.00,285.50,280.50,282.50,0.50,3289210,930399424,5843
2022-01-03,TWSE,4967,十銓,49.45,49.45,47.65,47.65,-0.85,2550732,123039051,1725
2022-01-03,TWSE,4968,立積,275.00,276.00,266.00,266.00,-7.00,1018199,273231352,1623
2022-01-03,TWSE,4976,佳凌,69.00,69.50,68.20,68.20,-0.60,623250,42771069,838
2022-01-03,TWSE,4977,眾達-KY,87.70,88.30,86.00,86.10,-1.40,88182,7669073,132
2022-01-03,TWSE,4989,榮科,46.10,46.10,45.10,45.25,-0.75,498246,22623538,885
2022-01-03,TWSE,4994,傳奇,68.30,70.60,65.00,65.30,0.30,7136190,486151098,4965
2022-01-03,TWSE,4999,鑫禾,41.15,41.45,41.05,41.40,0.30,122127,5034095,131
2022-01-03,TWSE,5007,三星,57.50,57.50,56.80,56.80,-0.70,18121,1036334,24
2022-01-03,TWSE,5203,訊連,89.10,89.10,88.50,88.50,-0.50,73786,6547672,67
2022-01-03,TWSE,5215,科嘉-KY,78.40,78.40,77.20,77.20,-1.20,164091,12752345,161
2022-01-03,TWSE,5222,全訊,216.00,216.00,209.00,210.00,-3.00,501354,106031208,488
2022-01-03,TWSE,5225,東科-KY,21.45,21.75,21.45,21.70,0.30,74000,1596950,51
2022-01-03,TWSE,5234,達興材料,155.00,156.00,146.00,155.50,1.50,8363973,1266825377,5975
2022-01-03,TWSE,5243,乙盛-KY,66.90,67.50,66.60,66.80,0.10,592031,39644710,536
2022-01-03,TWSE,5258,虹堡,38.80,39.45,37.80,38.50,0.00,1810472,69745517,1345
2022-01-03,TWSE,5269,祥碩,1830.00,1840.00,1765.00,1765.00,-55.00,432861,775803035,659
2022-01-03,TWSE,5283,禾聯碩,118.50,119.00,118.00,118.50,0.50,94311,11177928,111
2022-01-03,TWSE,5284,jpp-KY,44.80,44.90,44.65,44.80,0.20,22314,999954,17
2022-01-03,TWSE,5285,界霖,109.00,109.50,105.00,105.50,-2.50,1679975,178774159,2615
2022-01-03,TWSE,5288,豐祥-KY,151.00,153.00,151.00,151.50,0.00,51004,7765102,42
2022-01-03,TWSE,5388,中磊,75.80,76.10,72.30,72.60,-3.10,13229454,974003039,8787
2022-01-03,TWSE,5434,崇越,160.00,161.50,158.00,159.50,1.50,1045726,166854820,1085
2022-01-03,TWSE,5469,瀚宇博,45.40,45.60,45.00,45.05,-0.35,952653,43057423,573
2022-01-03,TWSE,5471,松翰,92.50,95.40,92.20,95.00,3.00,7268438,686758328,5044
2022-01-03,TWSE,5484,慧友,16.00,16.10,15.80,15.95,0.15,12573,199937,26
2022-01-03,TWSE,5515,建國,14.10,14.20,13.90,14.00,-0.10,401463,5661178,176
2022-01-03,TWSE,5519,隆大,21.70,22.10,21.70,21.80,0.20,965288,21165841,430
2022-01-03,TWSE,5521,工信,8.55,8.57,8.52,8.55,0.00,1007281,8611314,354
2022-01-03,TWSE,5522,遠雄,61.80,62.10,61.20,61.40,-0.40,280765,17271674,331
2022-01-03,TWSE,5525,順天,28.50,28.50,28.05,28.05,-0.25,50000,1405650,32
2022-01-03,TWSE,5531,鄉林,11.00,11.05,10.85,10.85,-0.15,589930,6442829,238
2022-01-03,TWSE,5533,皇鼎,19.20,19.20,19.05,19.05,-0.05,1064200,20027719,38
2022-01-03,TWSE,5534,長虹,73.00,73.00,72.20,72.20,-0.80,169587,12295721,170
2022-01-03,TWSE,5538,東明-KY,53.30,53.30,52.00,52.40,-0.90,127037,6649390,245
2022-01-03,TWSE,5546,永固-KY,57.80,58.00,57.50,57.90,-0.20,25020,1443864,19
2022-01-03,TWSE,5607,遠雄港,67.50,67.80,64.80,65.20,-2.30,1509027,99392824,1179
2022-01-03,TWSE,5608,四維航,45.10,45.25,43.70,44.20,-1.00,7129529,314604598,4459
2022-01-03,TWSE,5706,鳳凰,42.50,43.30,42.40,42.60,-0.10,99386,4246029,91
2022-01-03,TWSE,5871,中租-KY,266.50,272.00,266.00,268.00,4.50,2420231,650445788,2943
2022-01-03,TWSE,5871A,中租-KY甲特,101.00,101.50,101.00,101.50,0.00,138756,14066818,123
2022-01-03,TWSE,5876,上海商銀,47.55,47.70,47.05,47.15,-0.10,1427378,67649523,946
2022-01-03,TWSE,5880,合庫金,25.45,25.60,25.30,25.40,-0.05,8789746,223566853,4867
2022-01-03,TWSE,5906,台南-KY,,,,,0.00,0,0,0
2022-01-03,TWSE,5907,大洋-KY,17.90,17.90,17.75,17.75,-0.05,36000,641550,25
2022-01-03,TWSE,6005,群益證,17.00,17.15,16.90,16.95,0.00,7039719,119682815,1961
2022-01-03,TWSE,6024,群益期,38.95,39.05,38.95,39.00,0.05,128172,4996945,110
2022-01-03,TWSE,6108,競國,22.30,22.30,21.85,22.00,-0.20,336053,7412344,217
2022-01-03,TWSE,6112,邁達特,39.70,39.70,39.40,39.45,-0.30,76963,3042734,162
2022-01-03,TWSE,6115,鎰勝,42.90,43.00,42.75,42.95,0.05,109322,4684336,94
2022-01-03,TWSE,6116,彩晶,18.15,18.20,17.70,17.75,-0.35,21941920,392387681,8235
2022-01-03,TWSE,6117,迎廣,19.20,19.60,18.75,19.10,-0.10,136688,2594750,90
2022-01-03,TWSE,6120,達運,16.30,16.50,15.80,16.10,0.10,77231443,1247571757,20357
2022-01-03,TWSE,6128,上福,28.85,28.85,28.65,28.70,-0.15,42605,1222039,41
2022-01-03,TWSE,6133,金橋,11.05,11.55,10.95,11.35,0.20,2820371,31889333,922
2022-01-03,TWSE,6136,富爾特,19.80,19.80,19.55,19.65,0.00,475409,9329969,192
2022-01-03,TWSE,6139,亞翔,32.60,33.00,32.05,32.05,-0.50,1777726,57663606,1068
2022-01-03,TWSE,6141,柏承,31.90,32.10,31.00,31.10,-0.70,520745,16311989,530
2022-01-03,TWSE,6142,友勁,11.45,11.45,11.30,11.30,-0.10,310697,3529437,136
2022-01-03,TWSE,6152,百一,12.25,12.55,11.85,12.15,-0.15,2014364,24455589,875
2022-01-03,TWSE,6153,嘉聯益,27.00,27.25,26.60,26.95,0.50,6659884,179449071,3178
2022-01-03,TWSE,6155,鈞寶,24.75,24.90,24.50,24.75,0.05,285709,7076079,179
2022-01-03,TWSE,6164,華興,17.35,17.45,17.00,17.00,-0.60,4125985,70641743,1676
2022-01-03,TWSE,6165,浪凡,37.95,38.80,37.95,38.25,0.35,446434,17141903,294
2022-01-03,TWSE,6166,凌華,64.90,64.90,63.10,63.50,-1.30,66220,4214016,87
2022-01-03,TWSE,6168,宏齊,27.65,27.65,27.05,27.15,-0.25,1205825,32860335,717
2022-01-03,TWSE,6176,瑞儀,101.00,102.00,100.50,101.50,0.50,1925724,195074967,1410
2022-01-03,TWSE,6177,達麗,30.35,30.55,30.30,30.30,-0.15,133804,4067116,119
2022-01-03,TWSE,6183,關貿,51.20,51.20,51.00,51.20,0.10,48222,2467187,38
2022-01-03,TWSE,6184,大豐電,44.60,44.65,44.10,44.60,-0.05,33838,1505150,25
2022-01-03,TWSE,6189,豐藝,41.85,42.25,41.85,42.10,0.25,395339,16624802,282
2022-01-03,TWSE,6191,精成科,38.75,38.80,38.20,38.20,-0.40,2335308,89614884,1587
2022-01-03,TWSE,6192,巨路,75.70,76.50,75.10,75.10,-0.30,135786,10271707,256
2022-01-03,TWSE,6196,帆宣,185.50,190.00,175.50,176.00,-6.00,20166997,3686371225,15982
2022-01-03,TWSE,6197,佳必琪,41.35,42.15,40.00,41.45,0.10,953186,39280392,832
2022-01-03,TWSE,6201,亞弘電,44.50,44.70,43.85,44.20,-0.30,38851,1724196,38
2022-01-03,TWSE,6202,盛群,112.00,112.50,109.50,110.00,-2.50,1786237,197254066,1494
2022-01-03,TWSE,6205,詮欣,76.40,76.90,69.90,69.90,-7.70,7125063,506936993,3541
2022-01-03,TWSE,6206,飛捷,79.50,81.50,79.50,80.90,1.80,681548,55033010,516
2022-01-03,TWSE,6209,今國光,37.00,37.90,36.50,36.70,0.10,4675277,173585991,2589
2022-01-03,TWSE,6213,聯茂,143.00,147.00,140.00,141.00,-1.00,6696351,956987437,5381
2022-01-03,TWSE,6214,精誠,84.50,84.80,84.50,84.60,-0.20,134547,11396657,137
2022-01-03,TWSE,6215,和椿,30.50,30.65,29.90,30.05,-0.25,319831,9677907,226
2022-01-03,TWSE,6216,居易,27.95,28.30,27.70,27.80,0.00,234080,6544166,190
2022-01-03,TWSE,6224,聚鼎,126.00,126.50,123.50,124.50,-0.50,446342,55539415,448
2022-01-03,TWSE,6225,天瀚,6.54,6.99,6.54,6.99,0.00,20010,131515,11
2022-01-03,TWSE,6226,光鼎,16.60,16.70,16.20,16.20,-0.30,3027554,49537246,1542
2022-01-03,TWSE,6230,尼得科超眾,165.00,167.00,165.00,165.00,-1.00,18622,3078565,24
2022-01-03,TWSE,6235,華孚,39.40,39.55,36.35,36.50,-2.30,44759181,1682115915,18738
2022-01-03,TWSE,6239,力成,98.50,99.10,97.70,98.40,0.70,2786178,274009547,1725
2022-01-03,TWSE,6243,迅杰,58.00,58.90,57.00,57.60,-1.40,1659936,95442790,1349
2022-01-03,TWSE,6251,定穎,22.80,22.85,22.40,22.45,-0.20,2231840,50293323,1055
2022-01-03,TWSE,6257,矽格,59.00,59.50,58.60,58.80,0.00,1606571,94763100,1184
2022-01-03,TWSE,6269,台郡,105.50,105.50,104.00,104.50,0.00,1162727,121680373,857
2022-01-03,TWSE,6271,同欣電,300.00,302.50,293.00,294.00,-3.50,1975756,587316876,2901
2022-01-03,TWSE,6277,宏正,81.70,82.00,81.60,81.70,0.00,52009,4251418,48
2022-01-03,TWSE,6278,台表科,126.50,131.00,124.00,124.00,0.50,20902992,2661580816,15025
2022-01-03,TWSE,6281,全國電,82.20,82.50,82.20,82.30,0.10,51221,4213586,75
2022-01-03,TWSE,6282,康舒,36.95,36.95,35.85,35.95,-0.65,9624975,348120467,4997
2022-01-03,TWSE,6283,淳安,45.00,45.00,44.15,44.30,-0.30,355403,15775791,271
2022-01-03,TWSE,6285,啟碁,78.60,78.60,77.00,77.00,-1.00,1924991,149281346,1698
2022-01-03,TWSE,6288,聯嘉,27.75,28.10,27.30,27.50,-0.10,486819,13414759,297
2022-01-03,TWSE,6289,華上,2.50,2.54,2.50,2.54,0.05,246002,617122,52
2022-01-03,TWSE,6405,悅城,28.25,29.10,28.00,28.30,0.05,202000,5766500,138
2022-01-03,TWSE,6409,旭隼,1545.00,1600.00,1545.00,1565.00,20.00,173680,273108445,248
2022-01-03,TWSE,6412,群電,78.40,79.10,78.20,78.60,0.50,328691,25868453,269
2022-01-03,TWSE,6414,樺漢,239.50,245.00,235.50,244.00,7.50,2800497,675172502,3732
2022-01-03,TWSE,6415,矽力*-KY,5175.00,5235.00,5035.00,5085.00,60.00,217970,1117060905,390
2022-01-03,TWSE,6416,瑞祺電通,99.20,100.50,98.50,98.50,-0.60,155685,15429104,229
2022-01-03,TWSE,6426,統新,78.00,79.00,77.00,77.00,-1.00,168290,13109928,176
2022-01-03,TWSE,6431,光麗-KY,27.20,27.20,24.50,25.80,-1.40,426770,10777696,211
2022-01-03,TWSE,6438,迅得,117.00,120.50,113.50,115.50,0.00,5035321,591221684,4351
2022-01-03,TWSE,6442,光聖,35.35,35.35,35.35,35.35,-0.60,1005,35530,2
2022-01-03,TWSE,6443,元晶,43.15,43.25,41.90,42.05,-0.45,19813258,841265080,11205
2022-01-03,TWSE,6449,鈺邦,61.00,61.30,60.50,60.50,-0.20,142592,8657820,103
2022-01-03,TWSE,6451,訊芯-KY,93.00,93.60,92.20,92.20,-0.80,131942,12210586,153
2022-01-03,TWSE,6456,GIS-KY,102.50,102.50,101.00,101.50,-0.50,999183,101647665,746
2022-01-03,TWSE,6464,台數科,90.90,91.00,90.50,90.70,-0.40,93604,8490179,61
2022-01-03,TWSE,6477,安集,50.50,51.60,49.00,50.00,0.50,5438281,271504369,3543
2022-01-03,TWSE,6491,晶碩,424.00,432.00,408.00,431.00,4.00,1286423,541168735,1406
2022-01-03,TWSE,6504,南六,114.50,114.50,113.00,114.00,1.00,59373,6753560,62
2022-01-03,TWSE,6505,台塑化,95.90,96.80,95.80,95.80,-0.10,1054570,101279248,820
2022-01-03,TWSE,6515,穎崴,439.50,448.50,428.00,428.50,-5.00,882976,387382640,1179
2022-01-03,TWSE,6525,捷敏-KY,93.20,96.10,93.00,94.00,1.00,881474,83426744,703
2022-01-03,TWSE,6531,愛普*,502.00,504.00,483.00,483.00,-16.00,2520401,1233730656,3513
2022-01-03,TWSE,6533,晶心科,540.00,545.00,525.00,527.00,-9.00,640536,341146995,710
2022-01-03,TWSE,6541,泰福-KY,58.50,58.60,56.90,57.60,-0.50,1261433,72822685,906
2022-01-03,TWSE,6552,易華電,56.60,56.60,55.30,55.90,-0.60,249186,13903247,359
2022-01-03,TWSE,6558,興能高,33.00,36.30,33.00,36.30,3.30,1650747,58384210,1068
2022-01-03,TWSE,6573,虹揚-KY,22.45,22.45,21.60,21.90,-0.10,241375,5278609,152
2022-01-03,TWSE,6579,研揚,70.00,70.50,69.60,70.00,0.60,29000,2032800,28
2022-01-03,TWSE,6581,鋼聯,81.30,81.60,81.00,81.60,0.60,49018,3990768,48
2022-01-03,TWSE,6582,申豐,167.00,167.00,162.00,162.50,-2.50,157580,25752468,177
2022-01-03,TWSE,6591,動力-KY,58.70,59.20,58.10,58.30,-0.10,138754,8120306,173
2022-01-03,TWSE,6592,和潤企業,92.20,93.40,92.00,93.40,1.20,1385587,128596403,848
2022-01-03,TWSE,6598,ABC-KY,44.00,44.00,41.75,41.80,-1.20,450371,19192087,377
2022-01-03,TWSE,6605,帝寶,63.20,63.20,61.70,61.90,-0.90,334075,20737019,264
2022-01-03,TWSE,6625,必應,33.30,34.30,33.05,33.30,0.00,230423,7781307,166
2022-01-03,TWSE,6641,基士德-KY,61.10,61.20,61.10,61.20,-0.50,6300,385200,14
2022-01-03,TWSE,6655,科定,80.10,80.50,79.90,80.20,0.10,28005,2241810,18
2022-01-03,TWSE,6666,羅麗芬-KY,69.70,69.70,69.30,69.30,-0.50,2000,139000,2
2022-01-03,TWSE,6668,中揚光,55.70,55.90,54.50,54.70,-1.00,414360,22791285,306
2022-01-03,TWSE,6669,緯穎,1115.00,1125.00,1080.00,1090.00,-25.00,334824,367552775,436
2022-01-03,TWSE,6670,復盛應用,196.50,196.50,194.00,194.50,0.50,118582,23097680,184
2022-01-03,TWSE,6671,三能-KY,47.95,47.95,47.55,47.70,-0.30,15000,715500,9
2022-01-03,TWSE,6672,騰輝電子-KY,134.00,137.50,134.00,137.00,3.50,1654073,224974213,1242
2022-01-03,TWSE,6674,鋐寶科技,31.35,31.80,30.85,31.35,0.05,47000,1466150,32
2022-01-03,TWSE,6691,洋基工程,232.00,246.00,229.50,236.00,0.00,2123952,501344750,1808
2022-01-03,TWSE,6698,旭暉應材,61.10,63.00,58.30,58.40,-0.40,8803587,532625091,6014
2022-01-03,TWSE,6706,惠特,222.00,224.50,219.00,220.00,1.00,2333265,515864632,2826
2022-01-03,TWSE,6715,嘉基,125.00,125.00,123.50,124.00,1.00,88132,10973105,75
2022-01-03,TWSE,6743,安普新,71.70,72.60,71.00,72.10,0.50,251803,18047172,209
2022-01-03,TWSE,6754,匯僑設計,40.90,41.00,40.70,40.75,-0.15,44170,1801091,31
2022-01-03,TWSE,6756,威鋒電子,508.00,517.00,503.00,504.00,3.00,884649,450153530,1042
2022-01-03,TWSE,6768,志強-KY,68.50,68.50,67.70,68.10,0.50,159250,10832800,91
2022-01-03,TWSE,6770,力積電,71.20,71.20,69.80,70.00,-1.20,16553430,1163517383,10635
2022-01-03,TWSE,6776,展碁國際,43.60,43.75,43.45,43.70,0.10,105237,4589629,102
2022-01-03,TWSE,6781,AES-KY,1900.00,1990.00,1875.00,1940.00,115.00,831057,1615529615,1111
2022-01-03,TWSE,6790,永豐實,50.30,50.30,49.35,49.40,-0.80,681528,33792304,513
2022-01-03,TWSE,6792,詠業,203.00,205.00,199.50,199.50,-2.00,478229,96386680,600
2022-01-03,TWSE,6806,森崴能源,108.00,108.50,105.50,106.00,-1.50,385412,41028406,374
2022-01-03,TWSE,8011,台通,20.25,20.25,19.55,19.60,-0.25,899166,17712034,457
2022-01-03,TWSE,8016,矽創,322.50,323.50,317.50,321.00,1.00,1574536,502845957,1834
2022-01-03,TWSE,8021,尖點,42.40,43.00,42.10,42.75,0.50,1995747,85164336,1351
2022-01-03,TWSE,8028,昇陽半導體,59.50,60.00,56.30,57.40,-0.90,10999637,643720174,7222
2022-01-03,TWSE,8033,雷虎,17.30,17.60,17.20,17.20,0.00,879505,15259086,428
2022-01-03,TWSE,8039,台虹,47.50,48.30,47.50,47.65,0.15,728751,34845655,487
2022-01-03,TWSE,8046,南電,579.00,595.00,576.00,583.00,11.00,6246760,3660144530,5543
2022-01-03,TWSE,8070,長華*,39.00,39.05,37.05,38.15,-0.75,11171098,423327744,6590
2022-01-03,TWSE,8072,陞泰,27.50,27.80,26.80,27.20,0.05,64871,1763061,81
2022-01-03,TWSE,8081,致新,268.50,273.00,265.00,265.00,-0.50,1059407,284615541,4105
2022-01-03,TWSE,8101,華冠,2.99,3.04,2.99,2.99,0.01,692580,2090128,183
2022-01-03,TWSE,8103,瀚荃,52.20,54.70,51.10,54.30,2.90,8787865,468543034,5252
2022-01-03,TWSE,8104,錸寶,77.00,83.00,76.10,81.40,5.90,15718470,1255391647,10761
2022-01-03,TWSE,8105,凌巨,14.00,14.30,13.75,13.80,-0.15,4547962,64020426,1309
2022-01-03,TWSE,8110,華東,19.00,19.20,18.50,18.55,-0.30,3099826,57776749,1524
2022-01-03,TWSE,8112,至上,51.10,51.10,50.10,51.00,0.50,7553793,382306765,4045
2022-01-03,TWSE,8114,振樺電,125.00,126.00,121.50,124.00,0.50,457774,56783802,431
2022-01-03,TWSE,8131,福懋科,39.10,39.10,38.85,38.90,-0.20,175937,6856187,128
2022-01-03,TWSE,8150,南茂,48.90,49.05,47.95,47.95,-0.65,5771583,279499602,4112
2022-01-03,TWSE,8163,達方,51.00,51.00,49.40,49.50,-1.20,3268584,163141168,2184
2022-01-03,TWSE,8201,無敵,17.70,17.80,17.35,17.60,0.05,1953037,34370452,664
2022-01-03,TWSE,8210,勤誠,78.50,79.30,78.10,78.20,0.20,353651,27825692,267
2022-01-03,TWSE,8213,志超,48.75,49.30,48.30,48.30,-0.25,1658343,80753371,1200
2022-01-03,TWSE,8215,明基材,38.15,38.20,37.25,37.50,-0.45,4652543,174442195,2940
2022-01-03,TWSE,8222,寶一,14.85,14.95,14.85,14.90,0.10,86064,1283354,246
2022-01-03,TWSE,8249,菱光,25.20,25.30,24.90,24.90,-0.25,170574,4274972,123
2022-01-03,TWSE,8261,富鼎,116.00,125.00,116.00,123.00,9.00,41573255,5089987008,23324
2022-01-03,TWSE,8271,宇瞻,48.10,48.60,47.40,47.55,-1.10,1079267,51504911,992
2022-01-03,TWSE,8341,日友,201.50,201.50,200.50,200.50,1.00,31007,6225094,173
2022-01-03,TWSE,8367,建新國際,54.40,54.80,53.50,53.60,-0.30,141019,7579231,126
2022-01-03,TWSE,8374,羅昇,31.05,31.05,30.30,30.40,-0.65,53254,1627994,43
2022-01-03,TWSE,8404,百和興業-KY,35.75,35.80,35.30,35.30,0.00,250494,8863107,202
2022-01-03,TWSE,8411,福貞-KY,16.55,18.05,16.55,18.05,1.60,1061004,18797316,358
2022-01-03,TWSE,8422,可寧衛*,233.00,233.00,228.50,229.00,-4.50,851807,195369211,877
2022-01-03,TWSE,8427,基勝-KY,73.80,73.80,73.70,73.70,0.00,121280,8942170,56
2022-01-03,TWSE,8429,金麗-KY,12.90,12.90,12.65,12.70,-0.10,378819,4824342,496
2022-01-03,TWSE,8442,威宏-KY,43.90,43.90,42.35,42.35,-1.25,16120,693880,16
2022-01-03,TWSE,8443,阿瘦,12.00,12.45,12.00,12.25,0.25,387368,4751377,505
2022-01-03,TWSE,8454,富邦媒,1650.00,1675.00,1640.00,1660.00,35.00,245277,406094230,682
2022-01-03,TWSE,8462,柏文,137.50,137.50,134.00,134.00,-1.50,73014,9838851,195
2022-01-03,TWSE,8463,潤泰材,30.50,30.55,30.25,30.30,-0.15,41050,1247650,34
2022-01-03,TWSE,8464,億豐,411.00,411.00,407.00,408.50,-4.00,71114,29005362,67
2022-01-03,TWSE,8466,美吉吉-KY,53.30,53.30,52.20,52.70,-0.10,25000,1313000,22
2022-01-03,TWSE,8467,波力-KY,44.55,44.55,44.00,44.55,4.05,144000,6412250,69
2022-01-03,TWSE,8473,山林水,33.15,33.25,33.05,33.20,-0.05,114670,3796120,78
2022-01-03,TWSE,8478,東哥遊艇,153.00,156.00,147.50,150.50,-0.50,1171940,176848330,986
2022-01-03,TWSE,8480,泰昇-KY,103.00,103.00,103.00,103.00,0.50,1000,103000,1
2022-01-03,TWSE,8481,政伸,74.50,74.50,74.00,74.00,-0.40,6000,446000,6
2022-01-03,TWSE,8482,商億-KY,73.70,74.10,71.80,72.60,-1.10,114203,8294758,86
2022-01-03,TWSE,8488,吉源-KY,17.35,17.95,17.30,17.85,0.50,67530,1197386,49
2022-01-03,TWSE,8499,鼎炫-KY,131.50,132.50,130.00,131.00,0.00,83151,10930746,76
2022-01-03,TWSE,8926,台汽電,37.90,37.90,37.75,37.80,-0.10,463353,17534066,288
2022-01-03,TWSE,8940,新天地,13.20,13.20,12.80,12.80,-0.35,64307,843973,210
2022-01-03,TWSE,8996,高力,65.00,65.30,63.10,63.50,-0.90,672697,42912999,510
2022-01-03,TWSE,9103,美德醫療-DR,14.40,14.40,14.05,14.10,0.00,436600,6180401,190
2022-01-03,TWSE,910322,康師傅-DR,28.30,28.30,27.95,27.95,0.30,29002,819705,11
2022-01-03,TWSE,9105,泰金寶-DR,4.67,4.70,4.63,4.64,-0.03,3211943,14946368,767
2022-01-03,TWSE,910861,神州-DR,8.16,8.16,7.77,7.81,0.39,855054,6914406,224
2022-01-03,TWSE,9110,越南控-DR,2.91,2.95,2.90,2.93,0.02,61007,177869,27
2022-01-03,TWSE,911608,明輝-DR,3.54,3.60,3.52,3.52,0.02,102003,363180,42
2022-01-03,TWSE,911622,泰聚亨-DR,6.00,6.04,5.98,6.00,0.01,125740,753466,34
2022-01-03,TWSE,911868,同方友友-DR,1.29,1.38,1.29,1.32,0.05,1178012,1565165,222
2022-01-03,TWSE,912000,晨訊科-DR,3.04,3.05,2.99,3.00,-0.03,730000,2201570,139
2022-01-03,TWSE,9136,巨騰-DR,5.92,6.07,5.88,5.91,0.07,1643003,9813077,476
2022-01-03,TWSE,9188,精熙-DR,,,,,0.00,0,0,0
2022-01-03,TWSE,9802,鈺齊-KY,98.00,98.00,96.30,97.10,0.20,413173,40166148,328
2022-01-03,TWSE,9902,台火,13.40,13.40,13.30,13.35,0.00,153828,2051252,72
2022-01-03,TWSE,9904,寶成,33.30,33.45,32.80,32.80,-0.35,3746022,123681894,1570
2022-01-03,TWSE,9905,大華,26.60,26.60,26.35,26.40,0.00,53126,1403357,45
2022-01-03,TWSE,9906,欣巴巴,63.20,63.50,62.20,62.80,-0.40,230212,14456614,153
2022-01-03,TWSE,9907,統一實,14.60,14.65,14.20,14.30,-0.25,3075155,44142092,1014
2022-01-03,TWSE,9908,大台北,33.20,33.30,33.10,33.10,-0.10,118561,3937139,64
2022-01-03,TWSE,9910,豐泰,234.50,238.00,228.00,229.50,-2.00,955371,221203393,1259
2022-01-03,TWSE,9911,櫻花,69.00,69.10,68.50,68.50,-0.50,102400,7040861,161
2022-01-03,TWSE,9912,偉聯,10.20,10.30,9.99,10.05,-0.25,161677,1629982,109
2022-01-03,TWSE,9914,美利達,329.00,334.00,325.00,325.00,-2.50,322054,105875437,260
2022-01-03,TWSE,9917,中保科,104.50,104.50,103.00,103.50,-0.50,74786,7765083,150
2022-01-03,TWSE,9918,欣天然,42.80,42.80,42.75,42.75,-0.05,3163,135320,13
2022-01-03,TWSE,9919,康那香,26.50,26.70,26.30,26.35,0.20,3181741,84292341,1648
2022-01-03,TWSE,9921,巨大,350.00,351.00,343.50,345.50,0.50,736327,255311420,482
2022-01-03,TWSE,9924,福興,41.50,41.75,41.50,41.65,0.15,121169,5037427,112
2022-01-03,TWSE,9925,新保,39.25,39.35,39.25,39.25,-0.10,66920,2630177,84
2022-01-03,TWSE,9926,新海,,,,,0.00,0,0,0
2022-01-03,TWSE,9927,泰銘,38.20,38.30,38.20,38.25,0.05,96041,3673300,172
2022-01-03,TWSE,9928,中視,6.51,6.60,6.32,6.32,-0.19,100996,662774,38
2022-01-03,TWSE,9929,秋雨,9.52,9.61,9.39,9.57,0.08,57078,544627,30
2022-01-03,TWSE,9930,中聯資源,45.40,45.40,45.25,45.35,0.00,104840,4752991,78
2022-01-03,TWSE,9931,欣高,,,,,0.00,80,3200,1
2022-01-03,TWSE,9933,中鼎,37.30,37.30,37.10,37.10,-0.10,812886,30238994,509
2022-01-03,TWSE,9934,成霖,15.10,15.20,15.05,15.10,0.00,381154,5765453,140
2022-01-03,TWSE,9935,慶豐富,19.70,19.80,19.65,19.80,-0.05,135225,2660442,81
2022-01-03,TWSE,9937,全國,48.70,49.05,48.70,49.05,0.05,369997,18127949,98
2022-01-03,TWSE,9938,百和,82.00,82.30,80.60,80.60,-1.10,462401,37593968,383
2022-01-03,TWSE,9939,宏全,71.90,71.90,70.70,70.80,-0.80,726480,51687548,1370
2022-01-03,TWSE,9940,信義,35.05,35.05,34.15,34.50,-0.55,1174403,40524232,928
2022-01-03,TWSE,9941,裕融,175.00,176.00,174.00,175.00,0.00,444728,77843327,532
2022-01-03,TWSE,9941A,裕融甲特,51.10,51.40,51.10,51.40,0.00,27060,1384472,11
2022-01-03,TWSE,9942,茂順,98.80,103.50,98.20,99.10,1.00,1179939,118354419,1510
2022-01-03,TWSE,9943,好樂迪,60.40,60.40,60.20,60.30,-0.10,107691,6491817,124
2022-01-03,TWSE,9944,新麗,24.05,24.05,23.10,23.65,-0.40,124352,2945481,74
2022-01-03,TWSE,9945,潤泰新,63.80,64.10,63.30,63.60,-0.20,3458411,220080151,2685
2022-01-03,TWSE,9946,三發地產,15.10,15.10,15.00,15.05,-0.05,74544,1119248,57
2022-01-03,TWSE,9955,佳龍,17.35,17.45,17.00,17.05,-0.20,114432,1970087,285
2022-01-03,TWSE,9958,世紀鋼,111.00,114.50,109.50,114.00,3.50,2872571,322043398,1925
2022-01-03,TPEx,006201,元大富櫃50,24.02,24.07,23.70,23.72,-0.16,69896,1670459,90
2022-01-03,TPEx,00679B,元大美債20年,41.52,41.60,41.48,41.57,+0.35,1127910,46850361,285
2022-01-03,TPEx,00687B,國泰20年美債,43.36,43.41,43.36,43.41,+0.39,64373,2794153,18
2022-01-03,TPEx,00694B,富邦美債1-3,36.59,36.63,36.59,36.63,0.00,118316,4333209,11
2022-01-03,TPEx,00695B,富邦美債7-10,36.46,36.51,36.46,36.51,+0.06,106524,3887165,15
2022-01-03,TPEx,00696B,富邦美債20年,43.24,43.42,43.20,43.26,+0.37,172020,7436290,53
2022-01-03,TPEx,00697B,元大美債7-10,38.65,38.70,38.63,38.64,+0.05,190559,7364896,17
2022-01-03,TPEx,00718B,富邦中國政策債,20.00,20.00,19.98,19.98,+0.01,167238,3343360,16
2022-01-03,TPEx,00719B,元大美債1-3,29.51,29.57,29.49,29.55,0.00,131000,3869380,7
2022-01-03,TPEx,00720B,元大投資級公司債,44.00,44.01,43.87,43.87,+0.16,90543,3975187,24
2022-01-03,TPEx,00721B,元大中國債3-5,45.90,45.90,45.61,45.75,+0.11,176257,8072498,11
2022-01-03,TPEx,00722B,群益15年IG電信債,46.98,47.05,46.89,46.90,+0.22,119966,5625834,22
2022-01-03,TPEx,00723B,群益15年IG科技債,41.85,41.85,41.85,41.85,+0.30,2000,83700,2
2022-01-03,TPEx,00724B,群益10年IG金融債,41.59,41.65,41.59,41.60,+0.16,118051,4909934,18
2022-01-03,TPEx,00725B,國泰投資級公司債,43.95,43.95,43.93,43.93,+0.18,121000,5316730,6
2022-01-03,TPEx,00726B,國泰5Y+新興債,41.55,41.55,41.55,41.55,+0.31,100000,4155000,2
2022-01-03,TPEx,00727B,國泰1-5Y高收債,37.73,37.73,37.70,37.70,-0.03,114000,4299870,13
2022-01-03,TPEx,00734B,台新JPM新興債,19.21,19.28,19.21,19.27,+0.06,1002076,19319021,14
2022-01-03,TPEx,00740B,富邦全球投等債,47.15,47.26,47.15,47.26,+0.11,102276,4833363,10
2022-01-03,TPEx,00741B,富邦全球高收債,36.78,36.78,36.70,36.70,-0.10,107179,3940660,13
2022-01-03,TPEx,00744B,國泰中國政金債5+,42.95,42.95,42.95,42.95,+0.14,100000,4295000,2
2022-01-03,TPEx,00745B,富邦中政債0-1,41.06,41.06,41.06,41.06,+0.01,100000,4106000,4
2022-01-03,TPEx,00746B,富邦A級公司債,43.59,43.59,43.59,43.59,+0.09,100001,4359043,7
2022-01-03,TPEx,00747B,FH中國政策債,52.50,52.50,52.25,52.25,+0.15,101000,5277500,3
2022-01-03,TPEx,00748B,凱基中國債3-10,42.29,42.29,42.29,42.29,+0.06,100000,4229000,2
2022-01-03,TPEx,00749B,凱基新興債10+,42.18,42.18,42.18,42.18,+0.25,100000,4218000,2
2022-01-03,TPEx,00750B,凱基科技債10+,42.80,42.80,42.80,42.80,+0.40,100000,4280000,4
2022-01-03,TPEx,00751B,元大AAA至A公司債,44.20,44.21,44.06,44.07,+0.20,156409,6903034,34
2022-01-03,TPEx,00754B,群益AAA-AA公司債,45.59,45.59,45.57,45.57,+0.25,114003,5197197,12
2022-01-03,TPEx,00755B,群益15年IG公用債,43.02,43.05,43.02,43.03,+0.21,112781,4853100,31
2022-01-03,TPEx,00756B,群益15年EM主權債,43.50,43.86,43.50,43.68,+0.20,103899,4529979,20
2022-01-03,TPEx,00758B,FH能源債,61.50,61.55,61.50,61.55,+0.45,101000,6216500,3
2022-01-03,TPEx,00759B,FH製藥債,68.85,69.00,68.85,69.00,+0.30,108000,7450800,3
2022-01-03,TPEx,00760B,FH新興企業債,63.45,63.45,63.45,63.45,+0.30,100014,6345884,3
2022-01-03,TPEx,00761B,國泰A級公司債,45.39,45.39,45.39,45.39,+0.28,100001,4539045,3
2022-01-03,TPEx,00764B,群益25年美債,43.77,43.77,43.69,43.69,+0.47,102139,4462476,9
2022-01-03,TPEx,00765B,群益中國政金債,39.99,39.99,39.99,39.99,+0.08,100000,3999000,2
2022-01-03,TPEx,00768B,FH20年美債,69.85,69.85,69.85,69.85,+0.65,100546,7022796,11
2022-01-03,TPEx,00772B,中信高評級公司債,43.62,43.74,43.40,43.57,-0.05,801597,34918023,201
2022-01-03,TPEx,00773B,中信優先金融債,44.53,44.58,44.49,44.50,+0.15,253262,11272557,22
2022-01-03,TPEx,00777B,凱基AAA至A公司債,42.98,42.98,42.98,42.98,+0.38,102000,4383960,6
2022-01-03,TPEx,00778B,凱基金融債20+,44.60,44.60,44.60,44.60,+0.33,100000,4460000,4
2022-01-03,TPEx,00779B,凱基美債25+,43.79,43.79,43.79,43.79,+0.63,100000,4379000,2
2022-01-03,TPEx,00780B,國泰A級金融債,39.69,39.69,39.69,39.69,+0.07,100002,3969082,4
2022-01-03,TPEx,00781B,國泰A級科技債,41.99,41.99,41.99,41.99,+0.37,100000,4199000,2
2022-01-03,TPEx,00782B,國泰A級公用債,41.38,41.38,41.38,41.38,+0.31,100000,4138000,2
2022-01-03,TPEx,00784B,富邦中國投等債,36.43,36.43,36.43,36.43,+0.06,100000,3643000,4
2022-01-03,TPEx,00785B,富邦金融投等債,42.60,42.60,42.60,42.60,+0.20,100000,4260000,4
2022-01-03,TPEx,00786B,元大10年IG銀行債,41.12,41.12,40.96,41.01,+0.34,112000,4589040,8
2022-01-03,TPEx,00787B,元大10年IG醫療債,42.43,42.43,42.23,42.29,+0.33,185001,7819647,11
2022-01-03,TPEx,00788B,元大10年IG電能債,40.18,40.18,40.06,40.10,+0.22,110000,4410750,6
2022-01-03,TPEx,00789B,FH公司債A3,64.75,64.75,64.75,64.75,+0.80,100000,6475000,2
2022-01-03,TPEx,00790B,FH次順位IG金融債,62.65,62.65,62.65,62.65,+0.45,100000,6265000,2
2022-01-03,TPEx,00791B,FH美元信用債1-5Y,54.25,54.25,54.05,54.15,+0.15,107000,5794150,6
2022-01-03,TPEx,00792B,群益A級公司債,41.93,41.93,41.93,41.93,+0.29,103000,4318790,7
2022-01-03,TPEx,00793B,群益AAA-A醫療債,41.07,41.08,40.85,40.85,+0.10,115388,4731492,14
2022-01-03,TPEx,00794B,群益7+中國政金債,40.66,40.70,40.66,40.70,0.00,101000,4106700,3
2022-01-03,TPEx,00795B,中信美國公債20年,41.65,41.67,41.62,41.63,+0.43,217630,9063655,29
2022-01-03,TPEx,00796B,中信中國債7-10,40.59,40.61,40.59,40.60,+0.07,103001,4181351,8
2022-01-03,TPEx,00799B,國泰A級醫療債,41.66,41.66,41.66,41.66,+0.34,100000,4166000,2
2022-01-03,TPEx,00831B,新光美債1-3,35.71,35.71,35.71,35.71,-0.14,50000,1785500,2
2022-01-03,TPEx,00834B,第一金金融債10+,41.95,41.99,41.95,41.99,+0.23,101000,4240950,7
2022-01-03,TPEx,00836B,永豐10年A公司債,39.48,39.48,39.31,39.31,+0.25,113048,4452185,8
2022-01-03,TPEx,00838B,永豐7-10年中國債,39.57,39.57,39.56,39.56,+0.10,102102,4039152,7
2022-01-03,TPEx,00840B,凱基IG精選15+,39.26,39.26,39.26,39.26,+0.42,100000,3926000,2
2022-01-03,TPEx,00841B,凱基AAA-AA公司債,39.78,39.78,39.78,39.78,+0.30,100000,3978000,2
2022-01-03,TPEx,00842B,台新美元銀行債,40.03,40.03,40.03,40.03,+0.29,100000,4003000,2
2022-01-03,TPEx,00843B,台新中國政策債,40.42,40.42,40.42,40.42,+0.14,100000,4042000,2
2022-01-03,TPEx,00844B,新光15年IG金融債,39.40,39.40,39.40,39.40,+0.20,2000,78800,2
2022-01-03,TPEx,00845B,富邦新興投等債,36.25,36.25,36.25,36.25,+0.08,100188,3631722,4
2022-01-03,TPEx,00846B,富邦歐洲銀行債,36.36,36.36,36.36,36.36,+0.09,100118,3640278,4
2022-01-03,TPEx,00847B,中信美國市政債,35.12,35.12,35.10,35.12,+0.27,208001,7304915,10
2022-01-03,TPEx,00848B,中信新興亞洲債,37.19,37.19,37.17,37.17,+0.13,100351,3730906,7
2022-01-03,TPEx,00849B,中信EM主權債0-5,35.58,35.58,35.57,35.57,0.00,100001,3557536,5
2022-01-03,TPEx,00853B,統一美債10年Aa-A,35.25,35.25,35.25,35.25,+0.41,2000,70500,2
2022-01-03,TPEx,00856B,永豐1-3年美公債,35.63,35.63,35.61,35.61,-0.01,102000,3632240,4
2022-01-03,TPEx,00857B,永豐20年美公債,35.94,35.94,35.83,35.84,+0.31,117000,4201410,7
2022-01-03,TPEx,00858,永豐美國500大,30.10,30.11,30.06,30.07,-0.03,120996,3638461,37
2022-01-03,TPEx,00859B,群益0-1年美債,35.47,35.47,35.47,35.47,-0.02,100000,3547000,2
2022-01-03,TPEx,00860B,群益1-5年IG債,36.35,36.35,36.35,36.35,-0.02,100000,3635000,2
2022-01-03,TPEx,00862B,中信投資級公司債,39.65,39.65,39.63,39.64,+0.24,218001,8639600,12
2022-01-03,TPEx,00863B,中信全球電信債,39.48,39.48,39.48,39.48,+0.24,101001,3987520,6
2022-01-03,TPEx,00864B,中信美國公債0-1,36.32,36.32,36.32,36.32,-0.01,100000,3632000,4
2022-01-03,TPEx,00867B,新光A-BBB電信債,39.70,39.70,39.70,39.70,+0.23,2000,79400,2
2022-01-03,TPEx,00870B,元大15年EM主權債,37.82,37.82,37.77,37.77,-0.04,101000,3819770,3
2022-01-03,TPEx,00877,FH中國5G,14.01,14.08,13.95,13.99,-0.03,864948,12112330,243
2022-01-03,TPEx,00883B,中信ESG投資級債,38.60,38.82,38.60,38.79,+0.23,205318,7965624,19
2022-01-03,TPEx,00884B,中信低碳新興債,38.17,38.17,38.17,38.17,+0.27,200001,7634038,5
2022-01-03,TPEx,00886,永豐美國科技,23.79,23.79,23.72,23.72,-0.07,221105,5247645,61
2022-01-03,TPEx,00887,永豐中國科技50大,21.24,21.40,21.23,21.31,+0.07,401612,8551192,64
2022-01-03,TPEx,00888,永豐台灣ESG,16.20,16.30,16.11,16.12,-0.04,9112125,147375141,3528
2022-01-03,TPEx,00889B,凱基ESG新興債15+,39.58,39.58,39.58,39.58,+0.20,100000,3958000,2
2022-01-03,TPEx,00890B,凱基ESG BBB債15+,41.45,41.45,41.45,41.45,+0.23,100000,4145000,2
2022-01-03,TPEx,020001,富邦存股雙十N,9.55,9.56,9.55,9.56,-0.13,11000,105060,3
2022-01-03,TPEx,020003,統一漲升股利150N,,,,,,0,0,0
2022-01-03,TPEx,020009,群益A50綠碳N,,,,,,0,0,0
2022-01-03,TPEx,020010,永昌富櫃200N,,,,,,0,0,0
2022-01-03,TPEx,020013,元富亞洲高股息N,,,,,,0,0,0
2022-01-03,TPEx,020014,元大富櫃200N,,,,,,0,0,0
2022-01-03,TPEx,02001B,統一美國政府債N,9.60,9.60,9.60,9.60,0.00,1000,9600,1
2022-01-03,TPEx,020021,統一恒生科技N,6.94,7.07,6.88,6.92,+0.17,809000,5633580,97
2022-01-03,TPEx,020023,元大櫃買半導體N,7.97,7.98,7.75,7.76,-0.15,145000,1139130,47
2022-01-03,TPEx,020024,兆豐富櫃200N,,,,,,0,0,0
2022-01-03,TPEx,020025,統一亞洲半導體N,8.99,9.03,8.90,8.91,-0.08,291000,2611580,108
2022-01-03,TPEx,020026,兆豐上櫃ESG電菁N,6.08,6.08,5.99,5.99,-0.09,9000,54190,4
2022-01-03,TPEx,020027,元大上櫃ESG成長N,5.77,5.79,5.63,5.64,-0.09,287000,1633800,68
2022-01-03,TPEx,02002L,兆豐富櫃200正二N,8.87,8.87,8.69,8.70,-0.17,64000,562680,18
2022-01-03,TPEx,02003L,永豐富櫃200正2N,,,,,,0,0,0
2022-01-03,TPEx,1240,茂生農經,51.60,51.60,50.60,50.90,-0.50,105052,5337227,109
2022-01-03,TPEx,1258,其祥-KY,19.40,19.40,19.35,19.35,+0.55,11000,213250,9
2022-01-03,TPEx,1259,安心,,,,,,8,551,4
2022-01-03,TPEx,1264,德麥,292.50,293.50,292.50,293.00,0.00,11117,3261171,183
2022-01-03,TPEx,1268,漢來美食,112.00,112.00,112.00,112.00,0.00,15847,1775568,39
2022-01-03,TPEx,1336,台翰,21.60,22.05,21.50,21.90,+0.50,194025,4233198,104
2022-01-03,TPEx,1565,精華,313.50,315.00,309.00,315.00,+1.50,167173,52180386,644
2022-01-03,TPEx,1569,濱川,25.65,25.65,25.30,25.60,+0.10,218920,5587615,129
2022-01-03,TPEx,1570,力肯,23.30,23.30,22.20,22.80,-0.45,899530,20444833,523
2022-01-03,TPEx,1580,新麥,106.00,106.50,106.00,106.50,+0.50,118026,12539058,117
2022-01-03,TPEx,1584,精剛,17.60,17.65,17.20,17.20,-0.45,254790,4425139,222
2022-01-03,TPEx,1586,和勤,41.80,42.40,41.70,41.85,0.00,244182,10246517,191
2022-01-03,TPEx,1591,駿吉-KY,14.55,14.55,14.25,14.25,-0.45,132020,1898788,90
2022-01-03,TPEx,1593,祺驊,83.10,83.40,83.10,83.20,+0.10,19140,1593339,31
2022-01-03,TPEx,1595,川寶,46.70,46.70,46.00,46.30,-0.25,74251,3435846,57
2022-01-03,TPEx,1599,宏佳騰,51.70,53.50,51.00,51.80,+1.10,1851052,96724594,1364
2022-01-03,TPEx,1742,台蠟,19.75,19.80,19.60,19.65,-0.10,91653,1805855,52
2022-01-03,TPEx,1752,南光,38.50,38.50,38.10,38.20,-0.30,57306,2189584,50
2022-01-03,TPEx,1777,生泰,65.70,67.70,65.60,66.90,+1.60,208309,13859535,185
2022-01-03,TPEx,1781,合世,15.70,16.35,15.70,15.95,+0.30,110183,1777980,90
2022-01-03,TPEx,1784,訊聯,40.10,40.10,39.65,39.70,+0.10,44034,1749949,44
2022-01-03,TPEx,1785,光洋科,50.90,51.20,50.10,50.20,-0.90,4280430,216169924,2977
2022-01-03,TPEx,1788,杏昌,147.00,148.50,147.00,147.50,+0.50,24849,3665537,83
2022-01-03,TPEx,1796,金穎生技,44.50,45.70,44.35,45.65,+1.30,72005,3246330,61
2022-01-03,TPEx,1799,易威,15.90,16.00,15.75,15.90,0.00,91266,1444386,59
2022-01-03,TPEx,1813,寶利徠,18.05,18.20,18.05,18.15,-0.05,23524,427110,95
2022-01-03,TPEx,1815,富喬,17.35,17.45,17.05,17.15,-0.20,2321819,39895204,1016
2022-01-03,TPEx,2035,唐榮,35.75,35.85,35.65,35.85,+0.10,6003,214705,8
2022-01-03,TPEx,2061,風青,24.00,26.20,24.00,25.20,+1.35,885686,22475820,522
2022-01-03,TPEx,2063,世鎧,36.55,36.65,36.10,36.20,-0.25,58224,2121384,46
2022-01-03,TPEx,2064,晉椿,18.60,18.60,18.00,18.20,-0.30,16000,293800,11
2022-01-03,TPEx,2065,世豐,47.20,47.20,46.90,46.90,-0.20,128141,6029716,116
2022-01-03,TPEx,2066,世德,63.10,64.70,63.00,63.20,+0.10,100020,6353960,61
2022-01-03,TPEx,2067,嘉鋼,14.35,14.65,14.35,14.50,+0.15,174180,2518193,86
2022-01-03,TPEx,2070,精湛,37.60,38.00,37.00,38.00,+0.40,119000,4450950,69
2022-01-03,TPEx,2221,大甲,41.65,41.65,40.60,41.55,0.00,138023,5689632,113
2022-01-03,TPEx,2230,泰茂,14.85,14.85,14.60,14.70,+0.20,87235,1282571,69
2022-01-03,TPEx,2235,謚源,39.50,39.50,39.30,39.30,-0.20,3024,119253,7
2022-01-03,TPEx,2596,綠意,22.65,23.00,22.55,22.65,0.00,36271,821959,29
2022-01-03,TPEx,2640,大車隊,82.10,82.20,80.60,82.00,-1.30,133714,10881144,140
2022-01-03,TPEx,2641,正德,26.65,26.75,25.90,26.00,-0.50,1694346,44219105,990
2022-01-03,TPEx,2643,捷迅,77.40,77.40,75.80,75.90,-1.50,89181,6803477,89
2022-01-03,TPEx,2718,晶悅,34.10,34.20,34.10,34.20,+0.15,13001,444434,7
2022-01-03,TPEx,2719,燦星旅,,,,,,0,0,0
2022-01-03,TPEx,2726,雅茗-KY,30.30,30.30,29.95,29.95,-0.35,84188,2527115,67
2022-01-03,TPEx,2729,瓦城,220.00,220.00,219.50,219.50,-0.50,14564,3200093,50
2022-01-03,TPEx,2732,六角,91.80,93.20,91.80,93.20,+1.60,41580,3849361,48
2022-01-03,TPEx,2734,易飛網,23.20,26.20,23.05,25.60,+1.75,1932395,49446876,1124
2022-01-03,TPEx,2736,富野,15.75,15.75,15.55,15.60,-0.15,49000,767050,37
2022-01-03,TPEx,2740,天蔥,22.45,22.45,22.45,22.45,0.00,2569,57672,4
2022-01-03,TPEx,2743,山富,23.00,23.00,22.55,23.00,-0.05,53252,1217595,33
2022-01-03,TPEx,2745,五福,22.95,23.50,22.95,23.10,+0.15,56300,1304709,28
2022-01-03,TPEx,2752,豆府,152.00,152.00,151.00,152.00,0.00,4416,667855,14
2022-01-03,TPEx,2754,亞洲藏壽司,75.10,75.20,74.60,75.20,+0.10,53010,3976660,43
2022-01-03,TPEx,2755,揚秦,54.50,54.90,54.50,54.90,-0.10,5000,273300,4
2022-01-03,TPEx,2916,滿心,21.75,21.75,21.45,21.50,-0.25,21099,454186,15
2022-01-03,TPEx,2924,東凌-KY,,,,,,0,0,0
2022-01-03,TPEx,2926,誠品生活,59.90,60.00,59.00,59.00,-0.60,27304,1632259,24
2022-01-03,TPEx,2937,集雅社,37.00,37.00,36.75,36.75,+0.25,2214,81560,5
2022-01-03,TPEx,2947,振宇五金,120.00,122.50,120.00,122.50,0.00,8204,998902,18
2022-01-03,TPEx,3064,泰偉,17.80,17.80,17.45,17.65,-0.35,5000,87800,5
2022-01-03,TPEx,3066,李洲,33.00,34.70,30.75,32.50,+0.95,2177270,71562848,1342
2022-01-03,TPEx,3067,全域,36.85,36.85,36.85,36.85,-4.05,7620,281289,11
2022-01-03,TPEx,3071,協禧,30.50,31.55,30.35,30.50,+0.35,3057177,94415584,1753
2022-01-03,TPEx,3073,天方能源,26.00,26.00,26.00,26.00,0.00,1000,26000,1
2022-01-03,TPEx,3078,僑威,39.70,39.95,39.40,39.50,-0.20,420747,16641262,274
2022-01-03,TPEx,3081,聯亞,198.00,198.00,194.00,194.50,-2.00,168043,32826478,664
2022-01-03,TPEx,3083,網龍,61.70,66.00,60.50,65.70,+5.60,16628370,1067430136,10811
2022-01-03,TPEx,3085,新零售,12.30,12.30,11.50,11.70,-0.40,83077,996229,39
2022-01-03,TPEx,3086,華義,123.50,123.50,120.00,123.50,+11.00,1284128,157873238,679
2022-01-03,TPEx,3088,艾訊,54.80,55.50,54.70,55.10,+0.50,267260,14736232,199
2022-01-03,TPEx,3089,億杰,43.20,44.00,43.00,43.20,-0.60,48062,2088716,39
2022-01-03,TPEx,3093,港建,86.00,93.30,86.00,93.30,+8.40,932767,86269846,486
2022-01-03,TPEx,3095,及成,3.56,3.56,3.56,3.56,+0.32,518809,1846956,132
2022-01-03,TPEx,3105,穩懋,378.50,379.00,371.00,372.00,-2.50,1548822,578452537,1577
2022-01-03,TPEx,3114,好德,29.50,31.40,29.50,30.10,+0.95,2279897,69493542,1482
2022-01-03,TPEx,3115,寶島極,15.95,15.95,15.15,15.40,-0.20,331000,5096400,24
2022-01-03,TPEx,3118,進階,30.15,30.15,29.60,29.80,-0.15,25476,759543,43
2022-01-03,TPEx,3122,笙泉,57.50,58.90,56.50,57.90,+0.40,795619,45978520,646
2022-01-03,TPEx,3128,昇銳,23.35,23.75,23.30,23.50,+0.30,920913,21622740,396
2022-01-03,TPEx,3131,弘塑,384.00,385.00,368.00,371.00,-7.00,336006,126101010,559
2022-01-03,TPEx,3141,晶宏,258.50,266.00,254.50,256.00,+1.00,7489460,1948690060,5906
2022-01-03,TPEx,3147,大綜,50.70,52.80,50.60,51.70,+1.20,182924,9424021,158
2022-01-03,TPEx,3152,璟德,354.00,357.00,348.00,350.00,-1.50,171373,60293804,226
2022-01-03,TPEx,3162,精確,46.25,46.25,45.85,45.95,-0.05,121958,5605644,82
2022-01-03,TPEx,3163,波若威,42.05,42.20,41.65,41.70,-0.35,125271,5243290,112
2022-01-03,TPEx,3169,亞信,278.50,279.50,269.00,269.50,-7.50,4304717,1173568210,3691
2022-01-03,TPEx,3171,新洲,21.00,21.00,20.90,20.95,-0.05,16110,337215,14
2022-01-03,TPEx,3176,基亞,57.40,57.40,55.60,56.10,-1.30,640674,36114084,481
2022-01-03,TPEx,3178,公準,76.70,77.50,75.10,76.00,-0.30,347201,26501453,427
2022-01-03,TPEx,3188,鑫龍騰,18.50,18.50,17.75,17.85,+0.05,139000,2506900,74
2022-01-03,TPEx,3191,和進,7.82,8.58,7.82,8.58,+0.78,567682,4836993,164
2022-01-03,TPEx,3202,樺晟,20.50,20.75,19.90,20.00,-0.40,5017068,101306499,2135
2022-01-03,TPEx,3205,佰研,27.70,27.75,26.45,26.65,-0.85,298120,7988759,220
2022-01-03,TPEx,3206,志豐,30.30,30.30,29.85,29.90,+0.05,70523,2115659,77
2022-01-03,TPEx,3207,耀勝,23.00,23.20,22.35,22.35,-0.55,414006,9335363,292
2022-01-03,TPEx,3211,順達,103.50,103.50,102.00,102.50,0.00,450903,46253904,923
2022-01-03,TPEx,3213,茂訊,61.10,61.20,60.70,60.80,-0.10,181993,11093959,170
2022-01-03,TPEx,3217,優群,135.00,136.50,131.50,135.00,0.00,1834255,246127671,1290
2022-01-03,TPEx,3218,大學光,286.00,286.00,279.00,281.00,-2.00,97867,27560460,455
2022-01-03,TPEx,3219,倚強科,92.30,92.30,92.30,92.30,-0.20,1055,97395,4
2022-01-03,TPEx,3221,台嘉碩,40.80,40.80,39.70,39.75,-0.40,1106248,44276766,743
2022-01-03,TPEx,3224,三顧,62.90,64.10,62.30,62.30,-0.30,340650,21469512,304
2022-01-03,TPEx,3226,至寶電,65.80,65.80,65.00,65.20,-0.10,10220,666206,7
2022-01-03,TPEx,3227,原相,153.50,154.50,152.00,153.00,+1.00,1241059,190559313,1104
2022-01-03,TPEx,3228,金麗科,484.00,493.00,467.50,487.50,+13.50,2976258,1434499277,3493
2022-01-03,TPEx,3230,錦明,18.55,18.85,18.30,18.85,+0.55,218286,4046212,112
2022-01-03,TPEx,3232,昱捷,28.15,30.75,27.95,30.70,+2.70,7055473,211201347,3349
2022-01-03,TPEx,3234,光環,28.45,28.75,28.00,28.00,-0.35,375739,10601925,279
2022-01-03,TPEx,3236,千如,25.55,26.50,25.55,26.10,+0.55,690444,18005871,504
2022-01-03,TPEx,3252,海灣,16.95,17.30,16.85,17.15,+0.35,222006,3763202,40
2022-01-03,TPEx,3259,鑫創,30.60,30.60,29.60,29.85,-1.00,167354,4998023,126
2022-01-03,TPEx,3260,威剛,92.30,92.80,90.60,90.70,-1.60,3735554,340516096,3374
2022-01-03,TPEx,3264,欣銓,55.70,55.80,54.60,54.70,-0.80,3288656,180718517,2417
2022-01-03,TPEx,3265,台星科,32.40,32.40,31.80,31.80,-0.35,145088,4642927,98
2022-01-03,TPEx,3268,海德威,31.05,32.00,30.50,31.25,+0.30,523806,16423636,386
2022-01-03,TPEx,3272,東碩,40.70,41.20,40.30,40.35,-0.45,81752,3319892,99
2022-01-03,TPEx,3276,宇環,19.70,19.90,19.15,19.25,-0.45,1307172,25448156,498
2022-01-03,TPEx,3284,太普高,12.35,13.55,12.35,13.55,+1.20,1398081,18835378,427
2022-01-03,TPEx,3285,微端,22.15,24.05,22.00,24.05,+2.15,657736,15702404,322
2022-01-03,TPEx,3287,廣寰科,19.15,19.15,18.80,18.95,+0.15,84100,1589800,58
2022-01-03,TPEx,3288,點晶,17.65,18.20,17.50,17.60,+0.20,28201,502847,23
2022-01-03,TPEx,3289,宜特,53.60,54.30,53.00,53.00,-0.10,601301,32254765,331
2022-01-03,TPEx,3290,東浦,26.00,28.30,26.00,27.60,+1.65,9520959,263086180,4385
2022-01-03,TPEx,3293,鈊象,798.00,801.00,788.00,790.00,-3.00,178378,141429686,377
2022-01-03,TPEx,3294,英濟,30.85,31.00,29.15,29.60,-0.75,3830666,114345914,2043
2022-01-03,TPEx,3297,杭特,20.45,20.45,19.60,19.75,-0.90,482348,9604230,353
2022-01-03,TPEx,3303,岱稜,25.00,25.10,24.95,25.00,0.00,191280,4786300,87
2022-01-03,TPEx,3306,鼎天,36.55,36.65,33.85,33.85,-2.65,2142460,74183974,1544
2022-01-03,TPEx,3310,佳穎,40.20,40.60,38.50,38.85,+0.05,533271,21002490,367
2022-01-03,TPEx,3313,斐成,11.90,11.95,11.60,11.65,-0.15,84057,988430,183
2022-01-03,TPEx,3317,尼克森,80.40,85.70,80.40,82.70,+2.70,18889357,1588482875,13624
2022-01-03,TPEx,3322,建舜電,28.50,28.80,26.60,27.75,-0.85,14104420,389740985,6596
2022-01-03,TPEx,3323,加百裕,42.85,43.90,42.60,43.30,+0.55,1204996,52289500,806
2022-01-03,TPEx,3324,雙鴻,205.00,205.00,201.00,203.00,+1.00,839643,170396222,1338
2022-01-03,TPEx,3325,旭品,18.65,19.25,18.50,18.95,+0.35,950463,17996702,570
2022-01-03,TPEx,3332,幸康,,,,,,68,2848,3
2022-01-03,TPEx,3339,泰谷,22.15,22.65,22.15,22.15,+0.10,458243,10210565,263
2022-01-03,TPEx,3354,律勝,19.10,19.10,18.70,18.75,-0.35,315070,5932980,227
2022-01-03,TPEx,3357,臺慶科,131.00,132.50,131.00,131.50,+1.00,242228,31913709,402
2022-01-03,TPEx,3360,尚立,16.05,16.25,15.90,15.90,-0.20,274110,4381959,148
2022-01-03,TPEx,3362,先進光,80.90,82.50,80.10,81.90,+2.10,1740795,141763649,1548
2022-01-03,TPEx,3363,上詮,33.90,33.90,33.05,33.05,-0.35,389584,12937038,303
2022-01-03,TPEx,3372,典範,24.50,24.55,24.00,24.10,-0.10,633794,15375991,357
2022-01-03,TPEx,3373,熱映,37.65,37.65,37.00,37.00,-0.30,153901,5723527,188
2022-01-03,TPEx,3374,精材,144.00,146.00,143.00,143.00,0.00,3675879,530522834,2821
2022-01-03,TPEx,3379,彬台,12.65,13.10,12.65,12.70,+0.05,260917,3354304,131
2022-01-03,TPEx,3388,崇越電,85.50,86.00,85.10,85.40,-0.10,80006,6835688,111
2022-01-03,TPEx,3390,旭軟,27.35,27.70,26.60,26.75,-1.00,1594553,43069563,1030
2022-01-03,TPEx,3402,漢科,49.05,49.05,47.20,48.00,-1.05,1535604,73938852,1089
2022-01-03,TPEx,3426,台興,38.40,38.50,38.40,38.50,-0.35,2100,80774,16
2022-01-03,TPEx,3434,哲固,18.40,18.90,18.20,18.60,+0.20,1849000,34602800,372
2022-01-03,TPEx,3438,類比科,90.00,92.10,90.00,90.50,+0.50,313382,28593675,412
2022-01-03,TPEx,3441,聯一光,38.75,38.95,38.50,38.50,-0.25,124325,4807681,105
2022-01-03,TPEx,3444,利機,62.20,62.50,60.20,60.50,-1.60,443646,27017074,567
2022-01-03,TPEx,3455,由田,89.50,95.70,89.30,91.90,+3.90,14902042,1381325684,10073
2022-01-03,TPEx,3465,進泰電子,224.50,225.00,222.00,222.00,-5.00,75127,16755191,90
2022-01-03,TPEx,3466,致振,20.00,20.50,19.15,19.25,-0.25,1183342,23177699,564
2022-01-03,TPEx,3479,安勤,57.30,57.30,56.20,56.30,-0.60,50318,2843303,53
2022-01-03,TPEx,3483,力致,91.10,91.80,90.10,90.60,-0.30,858659,78055317,988
2022-01-03,TPEx,3484,崧騰,90.80,91.50,88.70,88.80,-0.50,2630064,236921666,1874
2022-01-03,TPEx,3489,森寶,12.35,12.35,12.10,12.15,-0.15,205000,2493650,100
2022-01-03,TPEx,3490,單井,35.80,36.20,34.05,34.20,-1.55,2005946,69647238,1414
2022-01-03,TPEx,3491,昇達科,217.00,217.00,209.00,212.00,-2.50,947437,200649677,884
2022-01-03,TPEx,3492,長盛,19.40,19.40,18.95,18.95,-0.05,54105,1030554,40
2022-01-03,TPEx,3498,陽程,33.00,33.25,32.65,32.65,+0.05,41566,1366040,59
2022-01-03,TPEx,3499,環天科,25.95,27.80,24.55,26.00,+0.35,12121362,318972498,4979
2022-01-03,TPEx,3508,位速,73.00,75.50,68.50,68.50,-2.00,25186258,1814964789,15242
2022-01-03,TPEx,3511,矽瑪,41.05,41.40,40.60,40.95,-0.05,332588,13581046,247
2022-01-03,TPEx,3512,皇龍,33.60,33.80,33.10,33.30,-0.15,61604,2056852,44
2022-01-03,TPEx,3516,亞帝歐,17.80,17.80,17.60,17.70,-0.10,22027,389827,15
2022-01-03,TPEx,3520,華盈,15.45,15.50,15.05,15.20,-0.25,217365,3306821,148
2022-01-03,TPEx,3521,鴻翊,14.00,14.05,13.60,13.85,-0.10,147000,2025800,77
2022-01-03,TPEx,3522,御頂,10.15,10.35,10.10,10.30,+0.20,246221,2509260,126
2022-01-03,TPEx,3523,迎輝,13.00,13.00,12.90,12.95,+0.95,48740,631879,20
2022-01-03,TPEx,3526,凡甲,184.00,188.50,178.50,186.00,+1.50,1186656,219236351,2157
2022-01-03,TPEx,3527,聚積,182.50,183.00,180.00,182.00,0.00,275818,50071495,327
2022-01-03,TPEx,3529,力旺,2215.00,2225.00,2145.00,2145.00,-45.00,382877,833100970,746
2022-01-03,TPEx,3531,先益,22.15,22.30,22.15,22.30,+0.30,11028,245217,9
2022-01-03,TPEx,3537,堡達,38.10,38.60,37.80,37.80,-0.15,1189305,45422555,677
2022-01-03,TPEx,3540,曜越,43.05,43.25,42.25,42.50,-0.50,321060,13695591,436
2022-01-03,TPEx,3541,西柏,62.50,63.30,62.10,62.60,+0.10,181000,11346700,128
2022-01-03,TPEx,3546,宇峻,95.20,96.90,93.70,95.00,+1.30,2420257,231181149,2637
2022-01-03,TPEx,3548,兆利,63.00,63.90,62.90,63.50,+0.60,275811,17489735,173
2022-01-03,TPEx,3551,世禾,74.30,74.70,72.30,72.60,-1.10,930024,68441004,716
2022-01-03,TPEx,3552,同致,177.50,181.00,176.50,176.50,+1.50,570131,101587239,572
2022-01-03,TPEx,3555,重鵬,40.75,40.75,40.05,40.05,-0.70,5684,228371,15
2022-01-03,TPEx,3556,禾瑞亞,76.20,76.20,75.20,75.40,-0.20,258060,19510382,346
2022-01-03,TPEx,3558,神準,104.00,106.00,102.50,104.00,+1.50,273585,28589347,288
2022-01-03,TPEx,3564,其陽,30.85,32.45,30.50,32.45,+1.95,254138,8009551,215
2022-01-03,TPEx,3567,逸昌,39.20,40.30,38.50,38.50,+0.15,3659716,144563523,2303
2022-01-03,TPEx,3570,大塚,78.60,78.90,78.50,78.50,0.00,13423,1054316,21
2022-01-03,TPEx,3577,泓格,58.20,62.60,58.10,62.60,+4.40,433613,26246585,322
2022-01-03,TPEx,3580,友威科,59.80,60.00,58.60,59.60,+0.20,174093,10363474,129
2022-01-03,TPEx,3581,博磊,27.70,27.70,27.20,27.35,-0.15,50100,1370299,48
2022-01-03,TPEx,3587,閎康,159.00,161.00,156.50,158.50,+1.50,1498411,238386872,1735
2022-01-03,TPEx,3594,磐儀,22.20,22.50,21.90,22.25,+0.05,468445,10336330,510
2022-01-03,TPEx,3597,映興,33.60,33.60,31.85,32.55,-0.90,576800,18790365,401
2022-01-03,TPEx,3609,三一東林,53.10,53.20,51.20,52.30,-0.70,58100,3028572,48
2022-01-03,TPEx,3611,鼎翰,200.50,202.00,199.00,199.50,-1.00,75320,15044084,62
2022-01-03,TPEx,3615,安可,24.55,24.55,23.90,24.20,-0.20,504595,12168380,305
2022-01-03,TPEx,3623,富晶通,21.45,22.10,20.80,22.10,+2.00,2991836,65391816,1242
2022-01-03,TPEx,3624,光頡,82.50,85.50,82.00,84.00,+2.00,37259503,3120653350,21265
2022-01-03,TPEx,3625,西勝,26.20,27.00,25.70,26.45,+0.50,1441991,38221547,918
2022-01-03,TPEx,3628,盈正,39.45,43.25,39.45,43.25,+3.90,547247,23204437,388
2022-01-03,TPEx,3629,地心引力,55.40,59.30,55.40,58.70,+3.90,8060,458411,10
2022-01-03,TPEx,3630,新鉅科,39.65,39.65,39.05,39.05,-0.40,294862,11595215,219
2022-01-03,TPEx,3631,晟楠,48.35,48.95,47.40,47.60,-0.75,575281,27405031,67
2022-01-03,TPEx,3632,研勤,10.10,10.25,10.10,10.25,+0.26,106329,1087296,220
2022-01-03,TPEx,3642,駿熠電,9.50,10.00,9.21,9.57,+0.07,67038,637232,43
2022-01-03,TPEx,3646,艾恩特,28.80,29.55,28.40,28.85,+0.10,181006,5248833,131
2022-01-03,TPEx,3652,精聯,22.35,22.45,22.20,22.40,+0.05,95545,2134214,60
2022-01-03,TPEx,3663,鑫科,34.25,34.35,33.80,33.95,-0.30,135641,4618490,104
2022-01-03,TPEx,3664,安瑞-KY,9.29,9.29,9.13,9.20,+0.01,5001,46059,6
2022-01-03,TPEx,3666,光耀,34.60,36.55,34.60,35.05,+0.45,1148780,40909044,824
2022-01-03,TPEx,3672,康聯訊,40.05,41.00,40.05,40.05,-4.40,1019031,40878611,479
2022-01-03,TPEx,3675,德微,296.50,313.00,292.00,294.00,+5.50,7567307,2286231710,10044
2022-01-03,TPEx,3680,家登,330.00,338.00,322.50,334.50,,2597393,861414967,3509
2022-01-03,TPEx,3684,榮昌,61.90,62.70,57.20,60.10,+2.00,589501,35774803,416
2022-01-03,TPEx,3685,元創精密,37.20,37.30,36.50,36.75,-0.65,167619,6159235,111
2022-01-03,TPEx,3687,歐買尬,198.00,198.00,189.00,196.00,-1.50,471140,91283096,369
2022-01-03,TPEx,3689,湧德,48.50,49.20,46.75,49.20,+0.80,3687352,177587110,2293
2022-01-03,TPEx,3691,碩禾,212.00,212.00,203.50,207.00,-2.00,773211,160114334,2407
2022-01-03,TPEx,3693,營邦,59.90,62.00,58.30,59.70,-0.20,806152,48490709,658
2022-01-03,TPEx,3707,漢磊,145.00,148.50,144.00,144.50,+1.50,10583844,1546680787,7369
2022-01-03,TPEx,3709,鑫聯大投控,38.35,38.35,37.50,37.65,-0.40,77975,2949315,81
2022-01-03,TPEx,3710,連展投控,9.97,9.98,9.68,9.70,-0.15,900158,8802852,365
2022-01-03,TPEx,3713,新晶投控,38.00,38.70,37.70,37.70,-0.20,194398,7410982,123
2022-01-03,TPEx,4102,永日,19.40,19.60,19.10,19.10,-0.40,88173,1701207,70
2022-01-03,TPEx,4105,東洋,68.80,69.20,68.50,68.60,-0.20,347963,23876867,308
2022-01-03,TPEx,4107,邦特,115.00,115.50,113.00,115.50,+1.00,157506,18050241,137
2022-01-03,TPEx,4109,加捷生醫,13.45,13.50,13.40,13.45,+0.05,173055,2322532,54
2022-01-03,TPEx,4111,濟生,23.10,23.10,23.00,23.00,-0.10,45259,1041159,20
2022-01-03,TPEx,4113,聯上,14.45,14.50,14.30,14.45,0.00,321397,4632438,114
2022-01-03,TPEx,4114,健喬,23.80,23.80,23.65,23.75,+0.15,789242,18709742,433
2022-01-03,TPEx,4116,明基醫,35.30,35.30,32.70,32.70,-0.50,299214,10153351,215
2022-01-03,TPEx,4120,友華,36.70,36.70,36.00,36.25,-0.10,85000,3069000,72
2022-01-03,TPEx,4121,優盛,21.40,21.40,21.00,21.05,-0.05,580189,12262870,312
2022-01-03,TPEx,4123,晟德,61.00,61.00,60.20,60.20,-0.30,787479,47539727,672
2022-01-03,TPEx,4126,太醫,74.30,75.00,74.20,74.90,-0.20,142650,10672135,177
2022-01-03,TPEx,4127,天良,14.80,14.80,14.10,14.25,-0.55,840679,12026294,415
2022-01-03,TPEx,4128,中天,68.60,69.00,66.00,66.70,-2.60,4665175,312438557,4206
2022-01-03,TPEx,4129,聯合,31.55,32.40,31.55,32.30,+0.80,282450,9039363,196
2022-01-03,TPEx,4129A,聯合甲特,46.30,46.35,46.30,46.35,+0.20,3157,145987,4
2022-01-03,TPEx,4130,健亞,24.80,25.30,24.80,24.95,+0.15,202545,5069783,179
2022-01-03,TPEx,4138,曜亞,53.30,53.40,53.00,53.40,+0.10,24146,1283788,26
2022-01-03,TPEx,4139,馬光-KY,43.50,43.80,43.40,43.60,+0.20,210012,9156078,13
2022-01-03,TPEx,4147,中裕,71.10,71.10,69.60,69.80,-0.80,373454,26144281,359
2022-01-03,TPEx,4153,鈺緯,26.80,27.05,26.80,26.85,+0.05,81352,2184678,51
2022-01-03,TPEx,4154,樂威科-KY,50.40,53.70,50.40,53.40,-0.10,9000,464200,8
2022-01-03,TPEx,4157,太景*-KY,15.50,15.80,15.35,15.70,+0.30,1078005,16788549,493
2022-01-03,TPEx,4160,創源,24.85,25.00,24.80,24.85,+0.05,28358,705735,172
2022-01-03,TPEx,4161,聿新科,27.90,28.85,27.80,28.05,+0.15,78041,2183289,49
2022-01-03,TPEx,4162,智擎,73.40,73.50,70.20,70.30,-2.30,1877202,133977674,2039
2022-01-03,TPEx,4163,鐿鈦,86.00,86.50,85.90,85.90,-0.40,31761,2735065,55
2022-01-03,TPEx,4167,松瑞藥,19.20,19.30,18.90,19.15,+0.05,528770,10112770,340
2022-01-03,TPEx,4168,醣聯,29.80,29.85,28.85,29.50,-0.10,291199,8534602,197
2022-01-03,TPEx,4171,瑞基,92.70,93.50,90.70,92.10,+1.30,682997,62674374,1058
2022-01-03,TPEx,4173,久裕,18.05,18.15,18.00,18.05,+0.05,67550,1220827,55
2022-01-03,TPEx,4174,浩鼎,114.50,115.00,110.00,111.50,-2.50,617048,68801977,524
2022-01-03,TPEx,4175,杏一,69.20,69.20,69.00,69.20,-0.10,49080,3392518,87
2022-01-03,TPEx,4183,福永生技,18.35,18.50,18.20,18.20,-0.20,19001,347220,16
2022-01-03,TPEx,4188,安克,19.35,19.35,19.15,19.35,0.00,34010,654142,25
2022-01-03,TPEx,4192,杏國,31.75,31.75,30.10,30.80,-0.95,133871,4124728,132
2022-01-03,TPEx,4198,欣大健康,6.24,6.24,6.24,6.24,0.00,3000,18720,3
2022-01-03,TPEx,4205,中華食,130.50,131.00,130.50,130.50,0.00,13528,1767307,159
2022-01-03,TPEx,4207,環泰,13.85,13.90,13.75,13.85,+0.05,152125,2098967,62
2022-01-03,TPEx,4303,信立,27.30,27.45,26.50,26.55,-0.60,508003,13630779,254
2022-01-03,TPEx,4304,勝昱,11.20,11.20,10.55,11.00,+0.80,139706,1534291,59
2022-01-03,TPEx,4305,世坤,32.10,32.10,32.10,32.10,0.00,1000,32100,1
2022-01-03,TPEx,4401,東隆興,35.85,36.00,35.20,35.20,-0.60,59305,2115846,56
2022-01-03,TPEx,4402,福大,6.73,6.78,6.71,6.77,+0.04,87003,588278,39
2022-01-03,TPEx,4406,新昕纖,11.75,11.75,11.50,11.50,-0.30,337360,3906925,188
2022-01-03,TPEx,4413,飛寶企業,11.50,11.65,11.40,11.60,-0.05,31000,356500,20
2022-01-03,TPEx,4416,三圓,113.50,115.00,113.50,115.00,0.00,12526,1424690,13
2022-01-03,TPEx,4417,金洲,34.70,34.70,34.55,34.60,-0.10,47550,1645371,49
2022-01-03,TPEx,4419,元勝,,,,,,0,0,0
2022-01-03,TPEx,4420,光明,33.50,34.75,33.40,34.15,+0.70,135255,4623998,96
2022-01-03,TPEx,4429,聚紡,40.00,40.20,40.00,40.20,0.00,6015,241203,6
2022-01-03,TPEx,4430,耀億,24.60,24.60,24.60,24.60,0.00,3330,82230,20
2022-01-03,TPEx,4432,銘旺實,14.80,15.10,14.60,14.70,-0.10,96205,1416057,57
2022-01-03,TPEx,4433,興采,30.80,31.10,30.80,30.85,-0.10,40074,1242489,30
2022-01-03,TPEx,4502,健信,39.80,40.00,39.30,39.50,-0.50,18188,721757,28
2022-01-03,TPEx,4503,金雨,32.25,33.80,31.20,31.25,-0.15,817196,26415137,592
2022-01-03,TPEx,4506,崇友,65.90,65.90,65.60,65.70,-0.20,35222,2313911,68
2022-01-03,TPEx,4510,高鋒,12.00,12.00,11.70,11.95,-0.05,95411,1135136,67
2022-01-03,TPEx,4513,福裕,17.50,17.90,16.95,17.50,+0.30,1361175,23764796,557
2022-01-03,TPEx,4523,永彰,,,,,,200,5671,4
2022-01-03,TPEx,4527,方土霖,27.40,27.40,27.35,27.40,0.00,29540,808387,22
2022-01-03,TPEx,4528,江興鍛,42.40,42.50,42.00,42.50,+0.10,26171,1105416,22
2022-01-03,TPEx,4529,淳紳,12.90,13.95,12.90,13.75,+1.00,847715,11618820,438
2022-01-03,TPEx,4530,宏易,10.00,10.00,9.97,10.00,0.00,68002,679380,27
2022-01-03,TPEx,4533,協易機,12.65,12.65,12.30,12.30,-0.20,167628,2076500,132
2022-01-03,TPEx,4534,慶騰,14.95,15.75,14.75,14.90,+0.50,7308336,110983675,3182
2022-01-03,TPEx,4535,至興,34.40,34.50,34.40,34.40,+0.80,3082,106155,11
2022-01-03,TPEx,4538,大詠城,21.00,21.90,20.95,21.80,+1.10,57000,1214577,37
2022-01-03,TPEx,4541,晟田,24.00,24.15,23.95,24.15,+0.15,56512,1359344,42
2022-01-03,TPEx,4542,科嶠,28.00,28.45,28.00,28.45,+0.45,25008,704027,15
2022-01-03,TPEx,4543,萬在,19.30,19.30,18.90,18.95,-0.30,56107,1068432,38
2022-01-03,TPEx,4549,桓達,88.70,89.00,88.10,89.00,+0.40,93953,8337216,93
2022-01-03,TPEx,4550,長佳,23.00,23.00,22.90,23.00,0.00,45119,1034737,19
2022-01-03,TPEx,4554,橙的,37.20,37.35,36.55,37.00,-0.10,76173,2816742,58
2022-01-03,TPEx,4556,旭然,,,,,,22,689,3
2022-01-03,TPEx,4561,健椿,28.70,28.70,28.25,28.35,-0.35,63000,1784550,46
2022-01-03,TPEx,4563,百德,29.80,30.45,29.80,30.25,+0.45,31060,939800,23
2022-01-03,TPEx,4568,科際精密,66.30,66.30,66.30,66.30,+0.10,1012,67095,3
2022-01-03,TPEx,4580,捷流閥業,90.00,90.00,89.40,89.80,-0.20,13735,1232122,48
2022-01-03,TPEx,4609,唐鋒,,,,,,0,0,0
2022-01-03,TPEx,4702,中美實,14.30,14.65,14.20,14.50,+0.20,650559,9375786,370
2022-01-03,TPEx,4706,大恭,19.80,19.90,19.45,19.70,-0.05,92118,1813290,66
2022-01-03,TPEx,4707,磐亞,12.75,12.75,12.60,12.60,-0.10,536960,6784532,256
2022-01-03,TPEx,4711,永純,19.35,19.35,19.00,19.30,+0.15,230137,4409735,174
2022-01-03,TPEx,4714,永捷,14.95,15.00,14.60,14.75,-0.10,1285061,18953936,625
2022-01-03,TPEx,4716,大立,15.05,15.55,15.00,15.45,+0.35,718971,11018010,314
2022-01-03,TPEx,4721,美琪瑪,158.50,160.50,155.50,155.50,-2.00,1879403,295854913,1599
2022-01-03,TPEx,4726,永昕,37.95,37.95,37.65,37.70,-0.20,201496,7609876,127
2022-01-03,TPEx,4728,雙美,82.60,83.80,82.30,82.50,-0.10,63006,5209893,25
2022-01-03,TPEx,4729,熒茂,13.70,13.95,13.55,13.55,-0.15,80876,1109999,54
2022-01-03,TPEx,4735,豪展,59.00,59.20,58.10,58.30,-0.60,96411,5639563,108
2022-01-03,TPEx,4736,泰博,184.00,185.50,182.50,183.50,+2.00,502910,92616452,514
2022-01-03,TPEx,4741,泓瀚,26.00,26.00,25.70,25.70,-0.90,11565,298301,12
2022-01-03,TPEx,4743,合一,286.50,287.50,275.00,278.00,-9.50,2264737,634103516,2661
2022-01-03,TPEx,4744,皇將,38.40,38.50,36.80,36.80,-1.20,1207396,44960309,830
2022-01-03,TPEx,4745,合富-KY,26.60,27.10,26.50,26.60,0.00,73524,1956087,49
2022-01-03,TPEx,4747,強生,35.00,35.00,35.00,35.00,-0.10,2000,70000,2
2022-01-03,TPEx,4754,國碳科,37.35,37.40,37.30,37.30,-0.25,37250,1390685,30
2022-01-03,TPEx,4760,勤凱,95.00,95.50,93.50,95.30,+1.40,124271,11774828,128
2022-01-03,TPEx,4767,誠泰科技,28.50,29.15,28.50,28.55,+0.05,7185,205503,9
2022-01-03,TPEx,4804,大略-KY,8.04,8.10,8.00,8.04,0.00,123262,989472,53
2022-01-03,TPEx,4806,昇華,10.40,10.45,10.30,10.35,-0.05,62010,642300,12
2022-01-03,TPEx,4903,聯光通,14.55,14.60,14.10,14.30,-0.25,466443,6677672,233
2022-01-03,TPEx,4905,台聯電,53.50,53.80,53.50,53.80,-0.10,4440,237938,9
2022-01-03,TPEx,4907,富宇,24.45,24.65,24.40,24.65,+0.05,7040,172228,8
2022-01-03,TPEx,4908,前鼎,32.10,32.50,31.80,32.15,+0.25,131402,4211234,113
2022-01-03,TPEx,4909,新復興,23.75,23.75,22.90,22.90,-0.45,197007,4553825,130
2022-01-03,TPEx,4911,德英,28.00,28.00,27.55,27.55,-0.45,10000,276600,9
2022-01-03,TPEx,4924,欣厚-KY,16.60,16.65,15.60,15.60,-0.55,31000,505450,24
2022-01-03,TPEx,4931,新盛力,21.25,21.50,21.20,21.25,0.00,88113,1877250,47
2022-01-03,TPEx,4933,友輝,37.80,38.00,37.70,37.85,+0.05,40254,1523656,46
2022-01-03,TPEx,4939,亞電,24.00,24.30,23.50,23.70,+0.45,2564569,61287348,1365
2022-01-03,TPEx,4944,兆遠,29.00,29.00,27.90,28.35,0.00,157306,4455392,99
2022-01-03,TPEx,4945,陞達科技,80.50,82.90,80.10,82.90,+2.70,308450,25243662,248
2022-01-03,TPEx,4946,辣椒,63.90,66.00,58.00,66.00,+6.00,1536769,98297289,1162
2022-01-03,TPEx,4950,牧東,20.75,20.75,19.50,20.00,-0.75,1266274,25277832,536
2022-01-03,TPEx,4953,緯軟,88.30,88.70,88.00,88.70,+0.60,175152,15466012,330
2022-01-03,TPEx,4966,譜瑞-KY,2145.00,2200.00,2085.00,2090.00,-25.00,489539,1044037010,651
2022-01-03,TPEx,4971,IET-KY,71.50,71.50,70.00,70.00,-1.40,245447,17300001,223
2022-01-03,TPEx,4972,湯石照明,32.00,32.10,32.00,32.10,+0.10,23469,752618,36
2022-01-03,TPEx,4973,廣穎,25.30,25.30,24.80,24.90,-0.35,151870,3788487,125
2022-01-03,TPEx,4974,亞泰,55.90,57.10,55.60,56.90,+1.40,503886,28400055,497
2022-01-03,TPEx,4979,華星光,20.30,20.30,19.75,19.85,-0.25,666792,13315677,432
2022-01-03,TPEx,4987,科誠,52.50,52.50,52.20,52.40,+0.10,16486,862303,29
2022-01-03,TPEx,4991,環宇-KY,49.95,50.00,49.15,49.30,+0.20,56303,2794786,57
2022-01-03,TPEx,4995,晶達,37.00,38.30,37.00,37.70,+0.65,19042,716340,23
2022-01-03,TPEx,5009,榮剛,21.90,22.05,21.75,21.80,-0.15,1809563,39522493,857
2022-01-03,TPEx,5011,久陽,38.00,38.00,36.25,36.35,-0.65,2657806,98003686,1398
2022-01-03,TPEx,5013,強新,38.50,38.60,38.20,38.60,-0.20,41592,1599726,96
2022-01-03,TPEx,5014,建錩,21.40,21.40,20.95,21.20,-0.05,1364017,28791854,700
2022-01-03,TPEx,5015,華祺,36.50,36.70,36.50,36.70,+0.30,112000,4096150,57
2022-01-03,TPEx,5016,松和,38.10,38.10,37.85,37.90,-0.15,29020,1101460,23
2022-01-03,TPEx,5102,富強,19.70,19.70,19.50,19.70,-0.10,9060,177578,10
2022-01-03,TPEx,5201,凱衛,27.30,27.55,27.30,27.55,+0.10,6004,164264,9
2022-01-03,TPEx,5202,力新,18.80,18.95,18.60,18.75,-0.20,38004,712729,33
2022-01-03,TPEx,5205,中茂,,,,,,0,0,0
2022-01-03,TPEx,5206,坤悅,15.50,15.65,15.50,15.50,+0.05,29244,453990,18
2022-01-03,TPEx,5209,新鼎,69.50,69.50,69.20,69.20,+0.10,83273,5777170,63
2022-01-03,TPEx,5210,寶碩,17.30,17.30,16.45,16.60,-0.50,276148,4596406,166
2022-01-03,TPEx,5211,蒙恬,21.10,21.20,20.55,20.70,-0.30,100226,2083354,94
2022-01-03,TPEx,5212,凌網,47.60,47.95,46.80,46.80,+0.40,42003,1990338,6
2022-01-03,TPEx,5213,亞昕,22.80,23.00,22.55,22.75,-0.25,189941,4310537,99
2022-01-03,TPEx,5220,萬達光電,35.40,35.50,35.05,35.10,-0.30,62001,2187185,38
2022-01-03,TPEx,5223,安力-KY,60.10,60.70,60.00,60.40,+0.20,75241,4543577,73
2022-01-03,TPEx,5227,立凱-KY,99.60,99.60,94.00,94.10,-3.90,1950068,186604360,1802
2022-01-03,TPEx,5230,雷笛克光學,31.80,31.85,31.10,31.50,-0.10,257218,8078693,174
2022-01-03,TPEx,5236,凌陽創新,152.00,152.00,147.50,147.50,-3.50,313330,46494528,331
2022-01-03,TPEx,5245,智晶,85.00,87.60,83.90,86.50,+2.60,2518288,215701243,1835
2022-01-03,TPEx,5251,天鉞電,18.35,18.80,18.05,18.05,-0.60,247102,4515163,209
2022-01-03,TPEx,5263,智崴,125.00,125.00,121.00,121.50,-1.50,184827,22581246,176
2022-01-03,TPEx,5272,笙科,39.35,39.35,38.05,38.35,-0.35,318451,12234365,254
2022-01-03,TPEx,5274,信驊,3565.00,3675.00,3505.00,3545.00,-20.00,130489,463760155,220
2022-01-03,TPEx,5276,達輝-KY,15.70,15.85,15.25,15.80,+0.35,10000,155950,10
2022-01-03,TPEx,5278,尚凡,219.00,219.00,219.00,219.00,-0.50,5362,1175884,14
2022-01-03,TPEx,5281,大峽谷-KY,22.80,22.80,22.75,22.75,-0.20,2000,45550,2
2022-01-03,TPEx,5287,數字,267.00,279.50,267.00,275.50,+9.00,334672,91253808,516
2022-01-03,TPEx,5289,宜鼎,205.00,206.50,203.50,204.50,+0.50,271776,55717235,248
2022-01-03,TPEx,5291,邑昇,36.80,36.80,36.20,36.25,-0.50,217000,7888100,98
2022-01-03,TPEx,5299,杰力,197.50,214.50,194.50,212.00,+17.00,4494880,940075048,3944
2022-01-03,TPEx,5301,寶得利,8.55,8.60,8.45,8.50,-0.01,30415,259304,26
2022-01-03,TPEx,5302,太欣,13.00,13.05,12.65,12.85,-0.20,267474,3429005,171
2022-01-03,TPEx,5306,桂盟,197.50,198.50,196.50,197.50,0.00,77598,15311519,134
2022-01-03,TPEx,5309,系統電,40.35,40.35,39.50,39.70,-0.25,1624914,64699674,1033
2022-01-03,TPEx,5310,天剛,35.00,35.00,34.05,34.05,-0.95,15758,538373,25
2022-01-03,TPEx,5312,寶島科,59.80,61.30,59.80,60.90,+1.30,107529,6500586,79
2022-01-03,TPEx,5314,世紀,6.12,6.12,6.12,6.12,0.00,34537,211225,65
2022-01-03,TPEx,5315,光聯,18.95,19.20,18.60,18.70,-0.25,1434484,27007127,725
2022-01-03,TPEx,5321,美而快,109.00,110.50,107.00,108.50,+0.50,263771,28676983,241
2022-01-03,TPEx,5324,士開,9.58,9.58,9.55,9.58,0.00,83572,798674,41
2022-01-03,TPEx,5328,華容,14.70,15.30,14.70,15.10,+0.30,2046352,30876747,937
2022-01-03,TPEx,5340,建榮,36.90,36.90,36.00,36.50,-0.40,206315,7494208,163
2022-01-03,TPEx,5344,立衛,37.80,39.30,36.05,36.50,-1.55,1101162,41065484,821
2022-01-03,TPEx,5345,天揚,5.83,5.83,5.45,5.83,+0.15,20501,119076,13
2022-01-03,TPEx,5347,世界,156.50,156.50,150.50,151.50,-6.50,10989874,1674769980,12624
2022-01-03,TPEx,5348,系通,8.91,8.91,8.91,8.91,+0.01,21000,187110,1
2022-01-03,TPEx,5351,鈺創,91.50,92.20,89.70,91.90,+1.50,13849681,1261327084,8669
2022-01-03,TPEx,5353,台林,21.75,22.20,20.80,21.35,-0.40,388002,8213041,190
2022-01-03,TPEx,5355,佳總,7.44,7.47,7.34,7.41,+0.03,285143,2106847,114
2022-01-03,TPEx,5356,協益,28.60,28.80,28.20,28.20,-0.30,430615,12214345,302
2022-01-03,TPEx,5364,力麗店,19.80,19.80,19.80,19.80,-0.05,1502,29488,4
2022-01-03,TPEx,5371,中光電,92.60,93.00,87.90,87.90,-4.50,10353366,927093342,9789
2022-01-03,TPEx,5381,合正,6.10,6.13,6.02,6.11,+0.02,125578,766022,36
2022-01-03,TPEx,5383,金利,46.35,47.00,46.15,46.40,+0.15,169159,7875460,141
2022-01-03,TPEx,5386,青雲,49.70,50.70,49.00,49.00,-1.00,317314,15731020,268
2022-01-03,TPEx,5392,能率,27.00,27.00,26.45,26.45,-0.55,563736,15006960,437
2022-01-03,TPEx,5398,慕康生醫,20.15,20.25,20.10,20.25,0.00,22248,447648,17
2022-01-03,TPEx,5403,中菲,70.30,70.70,70.00,70.10,-0.10,80082,5623017,150
2022-01-03,TPEx,5410,國眾,25.50,25.55,25.15,25.15,-0.30,293856,7431461,187
2022-01-03,TPEx,5425,台半,79.20,79.90,78.50,79.40,+0.80,5144569,408393876,3514
2022-01-03,TPEx,5426,振發,12.40,13.00,12.40,12.60,+0.25,3061025,39171017,877
2022-01-03,TPEx,5432,新門,34.90,36.00,34.10,34.85,-0.05,28085,986337,22
2022-01-03,TPEx,5438,東友,17.00,17.00,16.80,16.85,-0.15,39135,659405,24
2022-01-03,TPEx,5439,高技,61.30,61.60,60.60,61.00,-0.30,442323,27028811,325
2022-01-03,TPEx,5443,均豪,34.45,35.00,34.25,34.35,-0.10,493591,17036762,510
2022-01-03,TPEx,5450,南良,21.25,21.25,20.65,20.65,-0.25,272236,5681630,190
2022-01-03,TPEx,5452,佶優,23.60,23.65,22.80,22.85,-0.65,1151454,26514375,652
2022-01-03,TPEx,5455,昇益,,,,,,45,1307,1
2022-01-03,TPEx,5457,宣德,84.20,84.90,82.50,84.80,+2.40,4130147,347128058,2819
2022-01-03,TPEx,5460,同協,13.15,13.15,13.00,13.05,-0.05,149900,1961376,72
2022-01-03,TPEx,5464,霖宏,25.80,26.10,25.60,26.00,+0.30,114525,2963271,98
2022-01-03,TPEx,5465,富驊,16.45,16.55,16.45,16.55,-0.05,46500,767248,31
2022-01-03,TPEx,5468,凱鈺,21.20,22.50,21.20,21.75,+0.55,155531,3398391,109
2022-01-03,TPEx,5474,聰泰,109.00,110.50,108.50,110.50,+1.00,67437,7397682,71
2022-01-03,TPEx,5475,德宏,35.30,35.40,34.25,34.65,-0.20,3037459,105478623,1688
2022-01-03,TPEx,5478,智冠,101.00,102.50,98.10,99.00,+0.50,1251955,125174422,1148
2022-01-03,TPEx,5481,新華,13.20,13.30,13.15,13.25,0.00,120463,1591990,194
2022-01-03,TPEx,5483,中美晶,242.00,249.00,231.50,231.50,-4.50,16576917,3968269988,12556
2022-01-03,TPEx,5487,通泰,36.20,36.20,35.20,35.95,-0.05,24000,853300,9
2022-01-03,TPEx,5488,松普,10.15,10.80,10.15,10.80,+0.75,2652815,27821913,1052
2022-01-03,TPEx,5489,彩富,35.40,35.60,35.05,35.10,-0.30,62060,2188120,41
2022-01-03,TPEx,5490,同亨,28.75,28.75,28.35,28.45,-0.10,67425,1920212,105
2022-01-03,TPEx,5493,三聯,43.80,43.80,43.50,43.50,-0.20,2980,130044,72
2022-01-03,TPEx,5498,凱崴,14.85,14.85,14.55,14.65,+0.05,496339,7273540,300
2022-01-03,TPEx,5508,永信建,64.90,65.30,63.80,65.20,+1.20,563471,36352075,392
2022-01-03,TPEx,5511,德昌,29.70,29.75,29.65,29.70,0.00,27200,807479,16
2022-01-03,TPEx,5512,力麒,9.50,9.50,9.40,9.43,-0.07,633641,5983218,218
2022-01-03,TPEx,5514,三豐,20.35,21.00,20.30,21.00,+0.10,21001,432770,12
2022-01-03,TPEx,5516,雙喜,14.65,14.65,14.20,14.60,-0.05,147268,2127939,85
2022-01-03,TPEx,5520,力泰,53.20,53.20,53.20,53.20,+0.20,1000,53200,1
2022-01-03,TPEx,5523,豐謙,29.50,29.50,28.55,28.80,-0.70,111000,3217050,65
2022-01-03,TPEx,5529,鉅陞,17.25,17.40,17.25,17.25,-0.05,77109,1333180,45
2022-01-03,TPEx,5530,龍巖,44.30,44.35,44.10,44.20,-0.10,179017,7913736,116
2022-01-03,TPEx,5536,聖暉,226.00,229.50,219.00,219.00,-3.00,1313218,294810098,3026
2022-01-03,TPEx,5543,桓鼎-KY,64.60,65.20,63.50,64.00,-0.60,42292,2704684,76
2022-01-03,TPEx,5601,台聯櫃,34.75,34.75,34.50,34.50,+0.05,20344,704114,18
2022-01-03,TPEx,5603,陸海,32.70,32.90,32.45,32.70,+0.25,301785,9879664,301
2022-01-03,TPEx,5604,中連,80.60,80.60,80.30,80.30,-0.50,32449,2610101,37
2022-01-03,TPEx,5609,中菲行,106.00,106.00,103.50,103.50,-2.00,1207203,125490777,1022
2022-01-03,TPEx,5701,劍湖山,3.12,3.12,3.07,3.07,-0.04,94110,292735,43
2022-01-03,TPEx,5703,亞都,,,,,,17,600,3
2022-01-03,TPEx,5704,老爺知,29.85,29.85,29.85,29.85,-0.15,1099,32826,3
2022-01-03,TPEx,5820,日盛金,12.35,12.40,12.35,12.35,0.00,580613,7174268,162
2022-01-03,TPEx,5864,致和證,19.05,20.25,19.05,20.00,+1.20,3312025,65628446,1433
2022-01-03,TPEx,5878,台名,47.40,47.60,47.20,47.20,-0.20,6064,287540,7
2022-01-03,TPEx,5902,德記,24.85,24.85,24.80,24.80,0.00,7031,174517,6
2022-01-03,TPEx,5903,全家,247.50,249.50,247.50,247.50,0.00,20186,5020025,194
2022-01-03,TPEx,5904,寶雅,422.00,426.50,420.00,421.00,-2.50,155015,65422337,1255
2022-01-03,TPEx,5905,南仁湖,14.80,14.80,14.35,14.40,-0.25,637790,9237955,334
2022-01-03,TPEx,6015,宏遠證,18.60,19.30,18.55,18.95,+0.40,6022917,114030083,1874
2022-01-03,TPEx,6016,康和證,15.05,15.35,15.05,15.20,+0.20,4313410,65477855,1295
2022-01-03,TPEx,6020,大展證,23.55,23.90,23.45,23.60,+0.05,29930,707311,22
2022-01-03,TPEx,6021,大慶證,21.40,21.80,20.90,20.90,-0.50,45139,972638,24
2022-01-03,TPEx,6023,元大期,49.90,49.90,49.80,49.80,0.00,49878,2486031,53
2022-01-03,TPEx,6026,福邦證,23.40,24.00,23.20,23.55,+0.65,8827973,208262950,3928
2022-01-03,TPEx,6101,寬魚國際,21.90,23.80,21.30,23.50,+1.80,189248,4394727,145
2022-01-03,TPEx,6103,合邦,8.49,8.49,8.49,8.49,-0.01,3512,30134,6
2022-01-03,TPEx,6104,創惟,201.50,204.00,196.00,196.00,-5.50,6498308,1291822209,4675
2022-01-03,TPEx,6109,亞元,11.90,11.90,11.75,11.90,0.00,228273,2696856,113
2022-01-03,TPEx,6111,大宇資,102.00,102.00,96.90,99.00,-2.00,1221951,121413672,1035
2022-01-03,TPEx,6113,亞矽,15.00,15.15,14.80,14.95,+0.05,322040,4828732,197
2022-01-03,TPEx,6114,久威,23.20,23.50,22.40,23.00,-0.20,75262,1732799,47
2022-01-03,TPEx,6118,建達,49.50,51.50,45.50,45.50,-1.40,13702904,664615081,7882
2022-01-03,TPEx,6121,新普,330.00,332.50,327.00,327.00,-1.50,497074,163264456,951
2022-01-03,TPEx,6122,擎邦,12.65,12.85,12.60,12.70,+0.15,213133,2713173,114
2022-01-03,TPEx,6123,上奇,49.80,50.20,49.80,50.10,+0.30,174165,8712101,132
2022-01-03,TPEx,6124,業強,25.70,25.70,25.00,25.00,-0.35,8426,211597,12
2022-01-03,TPEx,6125,廣運,29.00,31.00,28.40,28.50,+0.10,21723947,640195588,10254
2022-01-03,TPEx,6126,信音,32.30,32.30,30.25,30.35,-1.65,8001201,247697619,4523
2022-01-03,TPEx,6127,九豪,31.85,31.85,30.00,30.15,+0.80,7078402,218818683,3995
2022-01-03,TPEx,6129,普誠,35.60,38.70,35.10,38.50,+3.10,20390270,770223309,10056
2022-01-03,TPEx,6130,星寶國際,39.00,40.00,38.40,40.00,+1.80,558282,21824447,315
2022-01-03,TPEx,6134,萬旭,32.80,33.20,30.35,30.35,-3.35,7194261,224146316,4314
2022-01-03,TPEx,6138,茂達,282.50,286.00,272.00,272.50,-6.00,5038749,1404940251,5022
2022-01-03,TPEx,6140,訊達,19.20,19.20,18.50,18.70,-0.45,173000,3259300,107
2022-01-03,TPEx,6143,振曜,57.50,58.70,57.00,58.20,+1.30,1410386,81810930,1006
2022-01-03,TPEx,6144,得利影,16.10,17.45,15.90,17.45,+1.55,186178,3169700,106
2022-01-03,TPEx,6146,耕興,217.00,218.00,214.50,215.00,-2.00,359711,77583900,56
2022-01-03,TPEx,6147,頎邦,67.30,67.70,66.70,66.80,+0.10,3189941,214269259,2112
2022-01-03,TPEx,6148,驊宏資,15.45,15.65,15.25,15.60,+0.40,355686,5476460,224
2022-01-03,TPEx,6150,撼訊,179.50,182.50,177.00,179.00,+0.50,1635494,294504370,1806
2022-01-03,TPEx,6151,晉倫,36.90,37.40,36.90,37.25,+0.25,73200,2723202,48
2022-01-03,TPEx,6154,順發,18.00,18.00,17.60,17.70,-0.05,154215,2730715,96
2022-01-03,TPEx,6156,松上,23.00,24.30,22.80,24.30,+2.20,17191652,414163876,4080
2022-01-03,TPEx,6158,禾昌,53.90,55.00,52.00,54.40,+0.50,2669502,142933438,1602
2022-01-03,TPEx,6160,欣技,19.20,19.30,18.95,19.30,+0.30,139131,2665990,98
2022-01-03,TPEx,6161,捷波,29.65,29.65,28.85,29.15,-0.40,315631,9218659,237
2022-01-03,TPEx,6163,華電網,20.95,21.00,20.60,20.60,-0.25,837262,17381212,372
2022-01-03,TPEx,6167,久正,16.80,16.80,15.90,15.95,-0.55,3210265,52152758,1700
2022-01-03,TPEx,6169,昱泉,29.80,29.80,27.50,29.40,+1.60,1297236,37499213,859
2022-01-03,TPEx,6170,統振,44.00,45.95,43.20,44.85,+1.25,1117144,49812178,730
2022-01-03,TPEx,6171,大城地產,29.25,29.40,29.00,29.10,-0.20,172046,5021817,111
2022-01-03,TPEx,6173,信昌電,61.10,62.70,60.80,62.00,+1.30,2067740,128036148,1664
2022-01-03,TPEx,6174,安碁,32.70,32.90,32.45,32.55,-0.40,148032,4829843,125
2022-01-03,TPEx,6175,立敦,47.00,48.80,46.40,48.30,+1.40,2230524,106897579,1451
2022-01-03,TPEx,6179,亞通,30.65,30.90,30.20,30.45,-0.20,358073,10891337,182
2022-01-03,TPEx,6180,橘子,71.30,72.50,69.80,70.50,0.00,8140712,578591712,8065
2022-01-03,TPEx,6182,合晶,86.70,87.80,84.60,84.80,-0.70,34176198,2946003232,21934
2022-01-03,TPEx,6185,幃翔,15.30,15.40,15.10,15.15,0.00,549372,8382358,287
2022-01-03,TPEx,6186,新潤,26.60,26.60,26.35,26.35,-0.15,122392,3235869,103
2022-01-03,TPEx,6187,萬潤,123.50,123.50,118.00,122.00,-0.50,2301366,276909398,2262
2022-01-03,TPEx,6188,廣明,49.30,49.50,47.05,47.30,-1.35,6580507,314146158,3682
2022-01-03,TPEx,6190,萬泰科,42.35,43.30,41.20,41.80,-0.05,11668019,491934819,6316
2022-01-03,TPEx,6194,育富,25.25,25.30,25.10,25.25,0.00,38953,983088,33
2022-01-03,TPEx,6195,詩肯,52.80,52.80,52.60,52.70,-0.10,32351,1706278,62
2022-01-03,TPEx,6198,凌泰,35.60,35.60,35.45,35.45,-0.40,2001,71082,3
2022-01-03,TPEx,6199,天品,15.60,15.60,15.60,15.60,0.00,1081,16865,3
2022-01-03,TPEx,6203,海韻電,85.80,87.40,85.80,86.20,+0.70,277997,24122779,449
2022-01-03,TPEx,6204,艾華,72.00,72.00,71.50,71.60,-0.30,47268,3390367,50
2022-01-03,TPEx,6207,雷科,40.70,41.65,39.10,39.30,-1.65,4534335,181421647,3162
2022-01-03,TPEx,6208,日揚,61.10,61.20,58.50,58.60,-2.60,4875284,289263825,3093
2022-01-03,TPEx,6210,慶生,40.90,41.00,40.80,40.85,-0.05,23230,949684,16
2022-01-03,TPEx,6212,理銘,58.50,60.00,58.50,59.90,+0.10,22000,1317400,3
2022-01-03,TPEx,6217,中探針,52.10,52.10,50.60,51.10,-1.00,798242,40995335,625
2022-01-03,TPEx,6218,豪勉,22.10,22.35,21.85,21.95,-0.15,89886,1978030,77
2022-01-03,TPEx,6219,富旺,18.20,18.40,17.85,17.85,-0.15,3365736,60922795,585
2022-01-03,TPEx,6220,岳豐,25.90,26.50,25.10,25.10,-0.10,4335117,111424906,2429
2022-01-03,TPEx,6221,晉泰,49.30,49.30,49.00,49.25,-0.05,50693,2492572,48
2022-01-03,TPEx,6222,上揚,14.75,14.80,14.65,14.80,+0.05,55000,809350,16
2022-01-03,TPEx,6223,旺矽,118.00,118.00,116.00,116.50,0.00,881277,103105730,702
2022-01-03,TPEx,6227,茂綸,37.90,37.90,37.15,37.15,-0.65,303163,11300539,221
2022-01-03,TPEx,6228,全譜,23.20,23.20,20.45,21.35,0.00,934643,20398091,578
2022-01-03,TPEx,6229,研通,44.25,45.10,43.80,44.80,+0.95,532414,23738133,365
2022-01-03,TPEx,6231,系微,83.30,83.50,82.10,83.30,+0.30,76091,6280128,393
2022-01-03,TPEx,6233,旺玖,35.85,35.95,35.05,35.60,+0.05,848228,30182739,497
2022-01-03,TPEx,6234,高僑,21.80,21.95,21.50,21.75,+0.10,276926,6020435,215
2022-01-03,TPEx,6236,康呈,12.65,12.65,12.65,12.65,+1.15,1400,17710,5
2022-01-03,TPEx,6237,驊訊,102.00,102.50,99.00,99.50,-1.50,1504632,150362177,1537
2022-01-03,TPEx,6240,松崗,18.35,18.40,18.00,18.00,+0.15,69000,1248050,50
2022-01-03,TPEx,6241,易通展,22.60,22.70,22.15,22.70,-0.10,24151,545309,24
2022-01-03,TPEx,6242,立康,39.15,39.15,39.00,39.00,-0.30,6349,247912,17
2022-01-03,TPEx,6244,茂迪,36.45,36.55,35.80,35.90,-0.30,2607885,94055205,1598
2022-01-03,TPEx,6245,立端,56.20,57.70,56.10,57.00,+1.30,1123575,64259530,924
2022-01-03,TPEx,6246,臺龍,17.75,17.85,17.65,17.65,-0.10,76003,1348507,46
2022-01-03,TPEx,6247,淇譽電,13.85,15.15,13.85,14.20,+0.40,573321,8337661,368
2022-01-03,TPEx,6248,沛波,21.80,21.80,21.60,21.65,-0.20,34173,741161,37
2022-01-03,TPEx,6259,百徽,30.95,31.35,30.75,31.35,0.00,15140,468968,16
2022-01-03,TPEx,6261,久元,84.60,85.10,84.10,84.30,+0.30,915292,77378654,736
2022-01-03,TPEx,6263,普萊德,68.60,68.80,68.50,68.80,+0.20,58489,4015290,56
2022-01-03,TPEx,6264,富裔,9.00,9.00,8.82,8.96,+0.01,58000,520320,29
2022-01-03,TPEx,6265,方土昶,17.60,17.75,17.10,17.10,-0.50,2577384,44489471,1566
2022-01-03,TPEx,6266,泰詠,28.90,31.70,28.55,30.00,+1.10,14350386,435085542,7771
2022-01-03,TPEx,6270,倍微,25.25,25.30,24.50,24.95,-0.30,988587,24537375,447
2022-01-03,TPEx,6274,台燿,103.00,103.00,101.50,101.50,-0.50,803138,82041449,612
2022-01-03,TPEx,6275,元山,42.10,43.00,40.80,40.90,+0.10,4449208,185507892,2871
2022-01-03,TPEx,6276,安鈦克,22.25,22.25,22.10,22.10,-0.15,53001,1176072,34
2022-01-03,TPEx,6279,胡連,140.00,142.00,138.50,140.50,+0.50,682209,95898989,526
2022-01-03,TPEx,6284,佳邦,74.50,75.50,71.20,73.10,+0.40,11159737,816353966,8720
2022-01-03,TPEx,6287,元隆,12.25,12.25,12.20,12.25,0.00,30000,367150,16
2022-01-03,TPEx,6290,良維,53.00,53.40,52.10,52.30,-0.50,670481,35196506,527
2022-01-03,TPEx,6291,沛亨,40.80,42.10,40.80,41.70,-0.30,7341,303079,10
2022-01-03,TPEx,6292,迅德,43.70,43.70,43.45,43.50,-0.15,52132,2268455,49
2022-01-03,TPEx,6294,智基,125.50,127.00,125.00,125.50,0.00,22024,2766389,35
2022-01-03,TPEx,6404,通訊-KY,,,,,,7,133,7
2022-01-03,TPEx,6411,晶焱,243.00,246.00,241.00,241.00,-4.00,3025007,734335284,2893
2022-01-03,TPEx,6417,韋僑,82.00,82.40,81.20,82.20,+0.20,41061,3367832,33
2022-01-03,TPEx,6418,詠昇,20.75,20.75,20.05,20.30,-0.10,142000,2874700,100
2022-01-03,TPEx,6419,京晨科,38.80,39.60,38.70,39.45,+0.65,33130,1295830,32
2022-01-03,TPEx,6425,易發,29.95,29.95,27.50,27.70,-2.25,286572,8194434,194
2022-01-03,TPEx,6432,今展科,39.50,42.45,38.70,42.45,+3.85,1758329,73136443,1141
2022-01-03,TPEx,6435,大中,148.00,160.50,148.00,155.00,+8.50,3760428,586031832,3180
2022-01-03,TPEx,6441,廣錠,57.20,57.20,56.50,56.50,-0.70,152812,8672245,130
2022-01-03,TPEx,6446,藥華藥,288.00,288.00,264.00,264.00,-29.00,1855346,498259690,2218
2022-01-03,TPEx,6457,紘康,192.50,202.00,192.50,196.50,+5.50,1027707,203067009,971
2022-01-03,TPEx,6461,益得,20.00,20.00,19.90,20.00,0.00,229525,4578356,147
2022-01-03,TPEx,6462,神盾,118.00,118.00,115.00,115.50,-0.50,1581351,175666756,227
2022-01-03,TPEx,6465,威潤,28.80,28.80,28.10,28.30,+0.30,162566,4601801,138
2022-01-03,TPEx,6469,大樹,224.00,224.00,215.50,216.00,-8.50,280613,61168150,1123
2022-01-03,TPEx,6470,宇智,44.95,45.45,44.90,44.95,0.00,85389,3856528,75
2022-01-03,TPEx,6472,保瑞,184.00,187.00,180.50,181.00,-3.00,272157,49613451,439
2022-01-03,TPEx,6482,弘煜科,50.30,50.30,48.00,49.50,+1.50,58555,2880559,67
2022-01-03,TPEx,6485,點序,153.00,154.50,150.50,150.50,-1.50,1079244,163486933,1327
2022-01-03,TPEx,6486,互動,76.50,77.50,75.10,77.30,+1.30,281708,21629047,370
2022-01-03,TPEx,6488,環球晶,900.00,906.00,867.00,871.00,-17.00,2715895,2397846770,3787
2022-01-03,TPEx,6492,生華科,105.00,105.00,99.30,99.80,-4.20,799205,80524245,752
2022-01-03,TPEx,6494,九齊,156.00,157.50,155.00,157.50,+2.50,331779,51930688,305
2022-01-03,TPEx,6496,科懋,29.30,29.50,29.30,29.45,+0.20,8714,256821,58
2022-01-03,TPEx,6499,益安,90.80,91.70,86.10,86.30,-4.10,816498,71692055,740
2022-01-03,TPEx,6506,雙邦,19.75,19.80,19.55,19.60,-0.15,159671,3138784,97
2022-01-03,TPEx,6508,惠光,32.80,32.95,32.55,32.65,-0.15,170877,5594377,116
2022-01-03,TPEx,6509,聚和,69.30,69.70,68.00,68.00,-0.60,3151704,216710773,2295
2022-01-03,TPEx,6510,精測,717.00,717.00,695.00,700.00,-11.00,366094,257309943,564
2022-01-03,TPEx,6512,啟發電,17.60,17.80,17.60,17.80,+0.20,2880,51127,17
2022-01-03,TPEx,6514,芮特-KY,81.00,82.50,79.00,81.70,+1.60,749188,60593065,522
2022-01-03,TPEx,6516,勤崴國際,97.70,97.70,92.90,95.80,+0.60,35026,3332748,80
2022-01-03,TPEx,6523,達爾膚,101.50,101.50,99.50,100.50,0.00,326582,32854962,320
2022-01-03,TPEx,6527,明達醫,47.95,48.00,47.65,47.95,0.00,55087,2632220,55
2022-01-03,TPEx,6530,創威,24.95,24.95,24.10,24.35,-0.25,225121,5472510,127
2022-01-03,TPEx,6532,瑞耘,60.60,62.10,59.80,62.10,+5.60,3473231,213179336,1834
2022-01-03,TPEx,6535,順藥,40.25,40.25,38.70,38.95,-1.30,810899,31853187,697
2022-01-03,TPEx,6538,倉和,97.20,103.50,97.20,99.10,+1.80,1509163,151793503,1416
2022-01-03,TPEx,6542,隆中,55.20,56.80,55.20,55.90,+0.70,34521,1930962,38
2022-01-03,TPEx,6547,高端疫苗,288.00,288.00,269.50,279.50,-19.50,4993965,1398586173,6891
2022-01-03,TPEx,6548,長科*,105.00,105.50,100.00,101.50,-3.00,2332082,237751131,2064
2022-01-03,TPEx,6556,勝品,72.10,74.00,68.60,73.70,-0.20,44030,3115377,47
2022-01-03,TPEx,6560,欣普羅,74.50,75.20,73.30,73.80,-0.80,203949,15061966,126
2022-01-03,TPEx,6561,是方,278.00,278.50,276.50,278.00,-1.50,52202,14500867,96
2022-01-03,TPEx,6568,宏觀,384.00,387.00,369.50,370.00,-12.00,875965,330645026,790
2022-01-03,TPEx,6569,醫揚,104.50,105.50,104.00,104.00,-0.50,11756,1226812,22
2022-01-03,TPEx,6570,維田,41.15,41.90,41.15,41.90,+0.60,114470,4752293,84
2022-01-03,TPEx,6574,霈方,47.00,47.90,47.00,47.90,-0.10,4216,200111,6
2022-01-03,TPEx,6576,逸達,119.50,119.50,108.00,108.50,-11.00,2922860,322264559,2319
2022-01-03,TPEx,6577,勁豐,66.40,67.00,64.70,65.40,-0.90,130489,8536501,110
2022-01-03,TPEx,6578,達邦蛋白,17.50,17.50,17.35,17.40,-0.05,124088,2158882,49
2022-01-03,TPEx,6588,東典光電,49.80,49.80,48.65,49.10,-0.70,12153,596522,15
2022-01-03,TPEx,6589,台康生技,111.00,112.00,107.00,107.50,-4.00,1254908,136116645,1550
2022-01-03,TPEx,6590,普鴻,64.70,64.80,64.40,64.40,+0.40,3152,203716,5
2022-01-03,TPEx,6593,台灣銘板,40.40,41.00,38.50,39.50,-0.90,114149,4527956,113
2022-01-03,TPEx,6594,展匯科,40.15,40.70,40.10,40.25,+0.15,33598,1356976,38
2022-01-03,TPEx,6596,寬宏藝術,49.00,49.00,48.90,48.95,+0.10,25496,1248641,32
2022-01-03,TPEx,6603,富強鑫,18.90,18.95,18.30,18.40,-0.40,1374636,25451760,672
2022-01-03,TPEx,6609,瀧澤科,30.20,30.65,30.20,30.55,+0.10,93055,2829084,65
2022-01-03,TPEx,6612,奈米醫材,69.10,69.10,67.60,67.90,-0.90,61125,4158798,68
2022-01-03,TPEx,6613,朋億,172.50,175.50,167.50,167.50,-1.50,363126,62269515,626
2022-01-03,TPEx,6615,慧智,48.40,49.00,48.20,48.50,-0.50,6006,290794,7
2022-01-03,TPEx,6616,特昇-KY,19.30,19.50,19.20,19.30,+0.15,41100,792070,22
2022-01-03,TPEx,6624,萬年清,39.00,39.70,38.65,38.65,-0.35,47000,1828500,28
2022-01-03,TPEx,6629,泰金-KY,60.20,60.20,60.00,60.00,-0.80,15100,906700,10
2022-01-03,TPEx,6640,均華,107.50,111.00,107.00,111.00,+4.00,45751,4989409,46
2022-01-03,TPEx,6642,富致,70.00,70.10,69.80,70.00,-0.10,23140,1619298,143
2022-01-03,TPEx,6643,M31,400.00,405.50,388.00,388.50,-9.00,658090,260002522,715
2022-01-03,TPEx,6649,台生材,24.80,24.80,23.90,24.00,-0.80,58053,1396179,48
2022-01-03,TPEx,6651,全宇昕,108.50,116.50,108.50,110.00,+2.50,1416834,160596028,1060
2022-01-03,TPEx,6654,天正國際,92.80,92.80,90.20,92.00,-0.80,194411,17917991,199
2022-01-03,TPEx,6661,威健生技,24.45,24.45,23.90,23.90,-0.55,19303,464583,43
2022-01-03,TPEx,6662,樂斯科,30.45,30.55,30.15,30.50,+0.05,11001,334780,10
2022-01-03,TPEx,6664,群翊,85.00,85.00,79.30,80.20,-1.10,609950,49919937,546
2022-01-03,TPEx,6667,信紘科,99.00,100.00,87.10,88.80,-7.20,10532923,997115576,7328
2022-01-03,TPEx,6679,鈺太,402.50,427.50,399.50,414.00,+14.00,1254212,521094137,1314
2022-01-03,TPEx,6680,鑫創電子,50.10,50.10,50.00,50.00,-0.80,4132,206712,7
2022-01-03,TPEx,6683,雍智科技,320.00,324.00,317.00,317.00,-3.00,143804,45878659,167
2022-01-03,TPEx,6684,安格,166.50,166.50,163.00,164.50,-2.00,173971,28596556,162
2022-01-03,TPEx,6690,安碁資訊,130.00,130.00,129.00,129.50,0.00,8020,1038090,9
2022-01-03,TPEx,6697,東捷資訊,38.30,38.45,38.05,38.10,-0.40,11100,423800,12
2022-01-03,TPEx,6703,軒郁,85.20,86.10,85.20,85.30,+0.10,15236,1306083,23
2022-01-03,TPEx,6712,長聖,212.50,214.00,203.50,207.00,-3.50,420700,86760258,434
2022-01-03,TPEx,6716,應廣,154.00,154.00,152.50,153.00,+0.50,38812,5930129,40
2022-01-03,TPEx,6727,亞泰金屬,75.90,81.40,74.00,80.70,+6.70,1687192,131169646,1235
2022-01-03,TPEx,6728,上洋,99.00,99.00,97.10,97.60,-1.00,72009,7053285,43
2022-01-03,TPEx,6732,昇佳電子,522.00,528.00,517.00,518.00,+1.00,199598,104182653,309
2022-01-03,TPEx,6733,博晟生醫,27.25,27.25,26.05,26.70,-0.05,76185,2029161,43
2022-01-03,TPEx,6741,91APP*-KY,264.00,272.50,264.00,267.00,+3.00,220025,59303136,297
2022-01-03,TPEx,6747,亨泰光,299.00,300.00,295.00,297.50,-2.00,37576,11159572,138
2022-01-03,TPEx,6751,智聯服務,50.30,53.00,49.80,51.70,+2.00,99958,5101754,97
2022-01-03,TPEx,6752,叡揚,56.10,56.10,56.00,56.00,-0.50,33010,1848704,20
2022-01-03,TPEx,6761,穩得,150.00,150.50,147.00,147.50,-4.00,166519,24619395,275
2022-01-03,TPEx,6762,達亞,263.00,263.00,262.00,262.00,-3.00,2085,547497,6
2022-01-03,TPEx,6767,台微醫,32.95,33.20,32.60,32.70,-0.40,51000,1681400,33
2022-01-03,TPEx,6788,華景電,200.50,201.50,197.50,197.50,-3.00,146037,29067626,155
2022-01-03,TPEx,6803,崑鼎,234.50,234.50,233.00,233.50,-0.50,17419,4072939,223
2022-01-03,TPEx,7402,邑錡,48.80,48.80,47.10,47.40,-0.35,24050,1150000,33
2022-01-03,TPEx,7556,意德士,119.00,119.50,114.00,118.50,-1.50,115561,13534612,168
2022-01-03,TPEx,8024,佑華,27.80,28.55,27.55,28.45,+0.65,936592,26408050,586
2022-01-03,TPEx,8027,鈦昇,85.90,85.90,81.90,82.30,-2.70,1911819,159260237,1534
2022-01-03,TPEx,8032,光菱,28.70,28.95,28.65,28.80,+0.10,43080,1240036,35
2022-01-03,TPEx,8034,榮群,21.80,21.80,20.50,20.80,-0.40,1665977,34663098,906
2022-01-03,TPEx,8038,長園科,44.55,47.40,44.20,47.40,+4.30,2318545,107142022,1264
2022-01-03,TPEx,8040,九暘,75.60,75.60,73.20,73.80,-0.80,1215557,89754737,1146
2022-01-03,TPEx,8042,金山電,47.75,47.75,46.80,47.00,-0.55,45439,2139932,67
2022-01-03,TPEx,8043,蜜望實,27.70,28.80,27.70,28.50,+0.95,832379,23584318,554
2022-01-03,TPEx,8044,網家,127.50,128.00,123.00,123.50,-4.50,1307754,162717831,1133
2022-01-03,TPEx,8047,星雲,13.65,14.45,13.15,13.15,-0.35,923021,12679497,324
2022-01-03,TPEx,8048,德勝,35.00,35.00,34.80,34.85,-0.10,34181,1193233,39
2022-01-03,TPEx,8049,晶采,25.45,25.55,25.30,25.40,0.00,260988,6637352,165
2022-01-03,TPEx,8050,廣積,40.80,40.80,40.40,40.60,-0.15,225850,9174297,273
2022-01-03,TPEx,8054,安國,60.50,61.30,60.10,60.50,+0.10,977113,59332162,696
2022-01-03,TPEx,8059,凱碩,11.45,11.45,11.30,11.35,-0.10,144001,1633761,51
2022-01-03,TPEx,8064,東捷,22.20,22.60,22.00,22.20,+0.40,2657706,59395290,1285
2022-01-03,TPEx,8066,來思達,33.65,34.95,33.65,34.80,+1.30,76557,2651105,81
2022-01-03,TPEx,8067,志旭,10.00,10.00,9.98,10.00,+0.14,8893,88779,13
2022-01-03,TPEx,8068,全達,41.00,42.00,40.10,41.25,+1.05,339045,13896568,223
2022-01-03,TPEx,8069,元太,153.00,161.50,152.00,155.00,+4.00,42369690,6649894918,27043
2022-01-03,TPEx,8071,能率網通,15.90,16.80,15.65,16.30,+0.20,3492407,56877675,1778
2022-01-03,TPEx,8074,鉅橡,21.15,21.15,20.60,21.05,-0.10,177413,3726234,101
2022-01-03,TPEx,8076,伍豐,36.25,36.55,35.20,35.95,+0.35,4761662,171422997,3152
2022-01-03,TPEx,8077,洛碁,11.40,11.40,11.15,11.15,-0.35,34067,382205,22
2022-01-03,TPEx,8080,永利聯合,10.55,10.55,9.99,9.99,-0.51,43059,442528,36
2022-01-03,TPEx,8083,瑞穎,180.00,180.00,179.00,180.00,0.00,20128,3618103,24
2022-01-03,TPEx,8084,巨虹,60.40,60.40,58.60,59.10,-0.70,39009,2302836,32
2022-01-03,TPEx,8085,福華,18.30,18.60,17.95,18.45,+0.15,650419,11829715,474
2022-01-03,TPEx,8086,宏捷科,142.50,145.00,142.50,143.50,+1.50,2560490,368038727,1783
2022-01-03,TPEx,8087,華鎂鑫,26.00,26.55,25.70,25.70,-0.70,570156,14679459,37
2022-01-03,TPEx,8088,品安,25.10,25.10,24.45,24.55,-0.55,292908,7217132,173
2022-01-03,TPEx,8089,康全電訊,33.60,35.15,33.15,34.50,+0.80,1521835,52306769,938
2022-01-03,TPEx,8091,翔名,76.70,78.00,75.50,76.70,+1.50,677849,52174223,600
2022-01-03,TPEx,8092,建暐,14.05,14.10,12.90,13.20,-0.70,1252885,16843008,696
2022-01-03,TPEx,8093,保銳,10.70,10.70,9.55,10.15,+0.10,1964275,20199205,663
2022-01-03,TPEx,8096,擎亞,15.50,15.65,15.10,15.15,-0.35,1936115,29576390,841
2022-01-03,TPEx,8097,常珵,32.10,32.10,31.25,31.40,-0.35,300706,9511911,146
2022-01-03,TPEx,8099,大世科,39.95,40.60,39.60,39.65,-0.30,49683,1999510,51
2022-01-03,TPEx,8107,大億金茂,19.65,19.75,19.45,19.45,-0.20,101516,1986237,66
2022-01-03,TPEx,8109,博大,75.40,75.50,74.50,74.70,-0.70,31610,2371292,72
2022-01-03,TPEx,8111,立碁,31.60,32.40,30.85,31.90,+0.45,7613064,240002896,3445
2022-01-03,TPEx,8121,越峰,54.00,54.10,51.40,51.50,-2.00,3441199,179922528,2370
2022-01-03,TPEx,8147,正淩,63.50,65.30,63.10,63.40,+0.60,597242,38327338,419
2022-01-03,TPEx,8155,博智,167.50,173.00,166.00,167.50,+1.50,1824340,308911930,1956
2022-01-03,TPEx,8171,天宇,53.90,53.90,52.00,52.40,-0.90,548032,28772546,475
2022-01-03,TPEx,8176,智捷,9.33,9.39,9.22,9.25,+0.02,225987,2095254,178
2022-01-03,TPEx,8182,加高,57.00,57.00,55.30,55.90,-0.60,835646,46816015,628
2022-01-03,TPEx,8183,精星,63.60,63.90,60.10,61.00,-2.10,5612397,344980567,3647
2022-01-03,TPEx,8234,新漢,24.75,24.90,24.50,24.65,+0.30,254238,6276805,122
2022-01-03,TPEx,8240,華宏,32.20,32.20,31.50,32.00,-0.15,107541,3438110,60
2022-01-03,TPEx,8255,朋程,249.00,252.50,241.00,241.50,-2.50,3430911,845329674,3433
2022-01-03,TPEx,8277,商丞,14.15,14.15,13.30,13.60,-0.45,1285046,17547511,679
2022-01-03,TPEx,8279,生展,113.00,114.00,113.00,114.00,+1.00,56561,6401015,52
2022-01-03,TPEx,8284,三竹,45.30,45.35,45.00,45.00,-0.30,53517,2416374,63
2022-01-03,TPEx,8289,泰藝,42.70,43.50,40.65,40.65,-1.30,5788522,243619672,3755
2022-01-03,TPEx,8291,尚茂,7.00,7.00,6.85,6.85,0.00,3001,20756,4
2022-01-03,TPEx,8299,群聯,518.00,520.00,492.00,493.00,-19.00,6501821,3252922558,8027
2022-01-03,TPEx,8342,益張,52.30,52.30,52.20,52.20,+0.10,13000,679400,9
2022-01-03,TPEx,8349,恒耀,59.90,61.60,59.90,61.00,+1.20,96206,5868514,72
2022-01-03,TPEx,8349A,恒耀甲特,44.95,45.80,44.95,45.00,+0.05,55391,2497995,23
2022-01-03,TPEx,8354,冠好,14.90,14.90,14.80,14.90,0.00,7062,104930,8
2022-01-03,TPEx,8358,金居,77.20,78.40,76.70,77.30,+0.20,2961613,229301226,2046
2022-01-03,TPEx,8383,千附,41.45,41.50,41.00,41.20,0.00,328996,13557049,185
2022-01-03,TPEx,8390,金益鼎,34.55,34.55,33.70,33.75,0.00,172693,5847768,153
2022-01-03,TPEx,8401,白紗科,15.85,16.15,15.70,16.15,+0.40,170885,2722987,89
2022-01-03,TPEx,8403,盛弘,26.95,27.10,26.85,27.00,0.00,208295,5617832,178
2022-01-03,TPEx,8406,金可-KY,268.50,268.50,267.00,267.50,-1.00,782614,209735490,725
2022-01-03,TPEx,8409,商之器,18.05,18.05,17.30,17.75,-0.10,31055,547291,31
2022-01-03,TPEx,8410,森田,32.10,35.30,32.10,35.30,+3.20,792411,27735433,384
2022-01-03,TPEx,8415,大國鋼,38.55,38.95,37.95,38.95,+0.40,2314351,88643468,1311
2022-01-03,TPEx,8416,實威,123.00,123.00,121.00,121.00,-1.50,19372,2361296,28
2022-01-03,TPEx,8418,捷必勝-KY,10.20,10.40,10.20,10.40,+0.10,6000,61600,6
2022-01-03,TPEx,8420,明揚,40.20,40.20,39.20,39.40,-0.45,63002,2495730,47
2022-01-03,TPEx,8421,旭源,14.10,14.45,13.70,14.00,+0.30,751277,10576038,359
2022-01-03,TPEx,8423,保綠-KY,18.70,18.70,18.50,18.60,+0.20,8640,162325,58
2022-01-03,TPEx,8424,惠普,61.60,61.60,61.50,61.50,+0.20,19233,1183382,18
2022-01-03,TPEx,8426,紅木-KY,16.25,16.45,16.25,16.25,0.00,8000,130400,6
2022-01-03,TPEx,8431,匯鑽科,78.70,78.70,75.20,75.50,-2.30,1645822,125690905,1391
2022-01-03,TPEx,8432,東生華,44.50,44.50,43.80,43.80,-0.70,46269,2034485,46
2022-01-03,TPEx,8433,弘帆,43.70,43.70,43.20,43.30,-0.45,6000,260400,6
2022-01-03,TPEx,8435,鉅邁,59.20,59.20,59.00,59.00,-0.20,36794,2175251,59
2022-01-03,TPEx,8436,大江,209.50,209.50,204.50,205.50,-3.00,662347,136489127,639
2022-01-03,TPEx,8437,大地-KY,146.00,146.00,142.00,142.00,-4.00,15359,2195847,198
2022-01-03,TPEx,8440,綠電,27.70,28.65,27.60,28.25,+0.60,1206460,33767900,768
2022-01-03,TPEx,8444,綠河-KY,134.00,138.00,130.50,131.00,-3.00,94693,12578739,80
2022-01-03,TPEx,8446,華研,90.70,92.50,89.60,90.00,-0.10,123768,11233453,137
2022-01-03,TPEx,8450,霹靂,55.00,56.90,53.70,56.90,+5.10,4029728,227651494,3990
2022-01-03,TPEx,8455,大拓-KY,25.05,25.50,24.50,25.00,+0.65,34000,856450,27
2022-01-03,TPEx,8472,夠麻吉,50.50,50.50,50.50,50.50,0.00,1023,51776,2
2022-01-03,TPEx,8476,台境,57.00,57.20,55.70,55.70,-1.70,400968,22496060,274
2022-01-03,TPEx,8477,創業家,32.70,32.70,32.20,32.70,0.00,41920,1359739,60
2022-01-03,TPEx,8489,三貝德,38.75,39.30,37.80,38.90,+0.20,377286,14644992,327
2022-01-03,TPEx,8905,裕國,21.80,21.80,21.60,21.60,-0.25,113403,2460048,74
2022-01-03,TPEx,8906,花王,18.30,19.00,18.30,18.60,+0.30,37504,694630,34
2022-01-03,TPEx,8908,欣雄,57.00,57.20,56.90,57.20,0.00,22792,1301534,26
2022-01-03,TPEx,8916,光隆,40.55,40.95,40.55,40.85,+0.30,164575,6710149,109
2022-01-03,TPEx,8916A,光隆甲特,49.65,49.65,49.60,49.65,+0.10,11060,548776,6
2022-01-03,TPEx,8917,欣泰,88.90,89.00,88.90,89.00,-1.00,4000,355900,3
2022-01-03,TPEx,8921,沈氏,14.55,14.55,14.50,14.50,0.00,6247,90557,5
2022-01-03,TPEx,8923,時報,17.50,17.50,17.15,17.15,-0.15,3000,52150,2
2022-01-03,TPEx,8924,大田,147.00,153.50,147.00,150.50,+3.50,788814,118918311,650
2022-01-03,TPEx,8927,北基,32.10,33.20,32.10,32.95,+0.95,725246,23849718,474
2022-01-03,TPEx,8928,鉅明,35.00,35.30,34.75,35.25,+0.25,142228,4993170,92
2022-01-03,TPEx,8929,富堡,22.10,22.10,21.35,21.60,-0.50,91095,1974213,339
2022-01-03,TPEx,8930,青鋼,15.20,15.40,15.20,15.25,+0.05,146759,2235250,60
2022-01-03,TPEx,8931,大汽電,31.80,31.85,31.70,31.85,+0.05,34180,1086102,34
2022-01-03,TPEx,8932,宏大,27.00,27.00,26.65,26.75,0.00,31000,832100,16
2022-01-03,TPEx,8933,愛地雅,13.45,13.70,13.40,13.65,+0.35,3074735,41757961,1365
2022-01-03,TPEx,8935,邦泰,13.30,13.70,13.30,13.65,+0.25,227499,3072692,134
2022-01-03,TPEx,8936,國統,22.10,23.20,22.10,23.10,+1.10,3439483,78292496,1583
2022-01-03,TPEx,8937,合騏,13.70,13.70,13.30,13.30,-0.30,31000,418800,8
2022-01-03,TPEx,8938,明安,74.70,76.20,74.70,75.60,+0.60,373591,28298363,369
2022-01-03,TPEx,8941,關中,38.00,38.00,38.00,38.00,-0.05,1000,38000,1
2022-01-03,TPEx,8942,森鉅,68.50,68.70,67.80,68.00,-0.10,163091,11128909,229
2022-01-03,TPEx,9949,琉園,13.10,13.10,12.50,12.50,-0.65,160858,2040598,277
2022-01-03,TPEx,9950,萬國通,9.45,9.89,9.45,9.89,0.00,6001,57599,7
2022-01-03,TPEx,9951,皇田,78.90,81.10,78.80,80.90,+2.00,239797,19314561,239
2022-01-03,TPEx,9960,邁達康,28.00,28.00,27.45,27.70,-0.10,21043,581396,25
2022-01-03,TPEx,9962,有益,17.90,17.90,17.50,17.50,-0.35,746875,13154503,440
