date,market,code,name,open,high,low,close,change,volume,value,transactions
2022-03-15,TWSE,0050,元大台灣50,133.15,133.15,131.40,131.65,-2.75,26456827,3486775988,58815
2022-03-15,TWSE,0051,元大中型100,58.55,58.55,57.90,57.90,-1.10,66657,3880057,240
2022-03-15,TWSE,0052,富邦科技,122.40,122.40,120.60,120.60,-3.20,376802,45553719,641
2022-03-15,TWSE,0053,元大電子,64.00,64.00,63.00,63.00,-1.65,12481,791283,46
2022-03-15,TWSE,0054,元大台商50,29.72,29.72,29.17,29.17,-0.63,3102,91441,25
2022-03-15,TWSE,0055,元大MSCI金融,25.00,25.00,24.67,24.71,-0.23,1609178,39780059,636
2022-03-15,TWSE,0056,元大高股息,34.15,34.16,33.75,33.78,-0.35,14124694,478265775,10922
2022-03-15,TWSE,0057,富邦摩台,92.40,92.40,91.90,91.90,-1.80,24780,2278562,44
2022-03-15,TWSE,0061,元大寶滬深,20.12,20.12,19.44,19.48,-0.68,396639,7789423,259
2022-03-15,TWSE,006203,元大MSCI台灣,63.10,63.20,62.90,62.90,-1.25,18937,1193418,50
2022-03-15,TWSE,006204,永豐臺灣加權,86.50,86.50,85.85,85.85,-1.75,22061,1895455,58
2022-03-15,TWSE,006205,富邦上証,33.32,33.42,32.40,32.58,-1.38,2629333,85998469,678
2022-03-15,TWSE,006206,元大上證50,32.29,32.29,31.00,31.13,-1.30,316890,9945247,179
2022-03-15,TWSE,006207,復華滬深,26.39,26.39,25.19,25.43,-0.98,735391,18828748,92
2022-03-15,TWSE,006208,富邦台50,76.75,76.75,75.70,75.85,-1.45,8273097,628384219,18131
2022-03-15,TWSE,00625K,富邦上証+R,,,,,0.00,0,0,0
2022-03-15,TWSE,00631L,元大台灣50正2,128.60,128.60,124.60,124.85,-5.30,4548997,571898462,2017
2022-03-15,TWSE,00632R,元大台灣50反1,5.40,5.47,5.39,5.47,0.12,193499234,1053051832,9517
2022-03-15,TWSE,00633L,富邦上証正2,38.52,39.07,36.13,37.10,-3.25,22397521,844626835,5106
2022-03-15,TWSE,00634R,富邦上証反1,4.67,4.84,4.66,4.76,0.19,4935720,23373065,285
2022-03-15,TWSE,00635U,期元大S&P黃金,25.90,25.90,25.61,25.65,-0.59,2402348,61940336,782
2022-03-15,TWSE,00636,國泰中國A50,21.71,21.82,21.22,21.28,-0.93,3163340,67969957,1156
2022-03-15,TWSE,00636K,國泰中國A50+U,7.49,7.49,7.49,7.49,-0.27,200,1498,2
2022-03-15,TWSE,00637L,元大滬深300正2,15.25,15.46,14.27,14.67,-1.33,162071531,2420123263,23447
2022-03-15,TWSE,00638R,元大滬深300反1,9.77,10.14,9.77,10.03,0.45,2083517,20757533,299
2022-03-15,TWSE,00639,富邦深100,13.85,13.85,13.31,13.47,-0.47,889684,12046292,276
2022-03-15,TWSE,00640L,富邦日本正2,24.54,24.97,24.54,24.83,0.25,516000,12791490,128
2022-03-15,TWSE,00641R,富邦日本反1,10.87,10.89,10.80,10.83,-0.04,643128,6979395,131
2022-03-15,TWSE,00642U,期元大S&P石油,18.58,18.65,17.91,18.09,-1.41,25117178,458417939,5919
2022-03-15,TWSE,00643,群益深証中小,16.66,16.66,15.91,16.10,-0.58,178732,2896848,151
2022-03-15,TWSE,00643K,群益深証中小+R,,,,,0.00,0,0,0
2022-03-15,TWSE,00645,富邦日本,24.04,24.17,24.04,24.16,0.11,109726,2649841,38
2022-03-15,TWSE,00646,元大S&P500,36.61,36.78,36.57,36.67,-0.34,832675,30550946,687
2022-03-15,TWSE,00647L,元大S&P500正2,61.30,61.55,61.00,61.25,-1.55,178200,10923559,57
2022-03-15,TWSE,00648R,元大S&P500反1,7.19,7.21,7.17,7.20,0.09,3001424,21593151,235
2022-03-15,TWSE,00650L,復華香港正2,13.80,13.84,12.93,13.14,-1.43,23391081,312941744,4110
2022-03-15,TWSE,00651R,復華香港反1,9.49,10.20,9.49,9.89,0.58,2783000,27265140,431
2022-03-15,TWSE,00652,富邦印度,27.71,27.89,27.65,27.80,0.30,112486,3123814,126
2022-03-15,TWSE,00653L,富邦印度正2,40.45,41.15,40.38,40.70,0.55,918000,37376830,307
2022-03-15,TWSE,00654R,富邦印度反1,8.64,8.68,8.56,8.60,-0.07,1223000,10527930,244
2022-03-15,TWSE,00655L,國泰中國A50正2,28.36,28.74,26.45,27.22,-2.53,10332469,285707008,2419
2022-03-15,TWSE,00656R,國泰中國A50反1,8.93,9.23,8.88,9.12,0.42,1387000,12526720,122
2022-03-15,TWSE,00657,國泰日經225,30.57,30.57,30.57,30.57,0.00,1807,54982,24
2022-03-15,TWSE,00657K,國泰日經225+U,10.69,10.69,10.69,10.69,-0.07,200,2138,2
2022-03-15,TWSE,00660,元大歐洲50,26.75,26.78,26.68,26.76,0.03,30783,823521,52
2022-03-15,TWSE,00661,元大日經225,,,,,0.00,943,29338,39
2022-03-15,TWSE,00662,富邦NASDAQ,48.25,48.42,48.11,48.34,-0.83,990159,47843190,747
2022-03-15,TWSE,00663L,國泰臺灣加權正2,117.20,117.20,113.60,113.60,-5.15,23036,2643736,16
2022-03-15,TWSE,00664R,國泰臺灣加權反1,6.09,6.20,6.09,6.20,0.14,9304052,57383146,962
2022-03-15,TWSE,00665L,富邦恒生國企正2,8.75,8.88,8.00,8.16,-1.22,16422894,138146612,2734
2022-03-15,TWSE,00666R,富邦恒生國企反1,16.50,17.79,16.50,17.61,1.22,314000,5454140,61
2022-03-15,TWSE,00668,國泰美國道瓊,34.31,34.31,34.10,34.15,-0.16,30264,1034677,49
2022-03-15,TWSE,00668K,國泰美國道瓊+U,11.96,11.96,11.96,11.96,-0.07,200,2392,2
2022-03-15,TWSE,00669R,國泰美國道瓊反1,8.21,8.23,8.20,8.22,0.06,4141150,34035152,426
2022-03-15,TWSE,00670L,富邦NASDAQ正2,79.60,80.00,79.00,79.60,-3.25,2109906,167719841,1123
2022-03-15,TWSE,00671R,富邦NASDAQ反1,5.95,5.97,5.92,5.95,0.11,15050017,89528387,866
2022-03-15,TWSE,00673R,期元大S&P原油反1,8.99,9.28,8.95,9.20,0.61,68458952,623791337,7990
2022-03-15,TWSE,00674R,期元大S&P黃金反1,12.01,12.12,11.99,12.11,0.26,523162,6297209,155
2022-03-15,TWSE,00675L,富邦臺灣加權正2,50.50,50.50,48.96,49.09,-2.06,794509,39281514,488
2022-03-15,TWSE,00676R,富邦臺灣加權反1,3.33,3.39,3.33,3.38,0.07,16185560,54486966,795
2022-03-15,TWSE,00678,群益那斯達克生技,22.31,22.39,22.29,22.38,-0.18,348740,7800035,58
2022-03-15,TWSE,00680L,元大美債20正2,20.17,20.17,19.94,20.12,-0.64,170000,3402190,44
2022-03-15,TWSE,00681R,元大美債20反1,14.57,14.59,14.52,14.52,0.19,191000,2782000,49
2022-03-15,TWSE,00682U,期元大美元指數,19.47,19.54,19.42,19.43,-0.04,84100,1635373,63
2022-03-15,TWSE,00683L,期元大美元指正2,19.68,19.71,19.55,19.55,-0.13,512099,10039756,170
2022-03-15,TWSE,00684R,期元大美元指反1,,,,,0.00,0,0,0
2022-03-15,TWSE,00685L,群益臺灣加權正2,43.90,43.90,43.17,43.34,0.00,11000,477480,9
2022-03-15,TWSE,00686R,群益臺灣加權反1,3.64,3.69,3.64,3.68,0.07,802000,2944320,91
2022-03-15,TWSE,00688L,國泰20年美債正2,20.04,20.04,19.86,20.03,-0.65,61000,1216900,23
2022-03-15,TWSE,00689R,國泰20年美債反1,15.30,15.33,15.29,15.31,0.26,115000,1760960,18
2022-03-15,TWSE,00690,兆豐藍籌30,31.70,31.70,31.46,31.50,-0.56,135711,4284482,48
2022-03-15,TWSE,00692,富邦公司治理,33.97,33.97,33.51,33.60,-0.62,3862866,129928711,3827
2022-03-15,TWSE,00693U,期街口S&P黃豆,26.40,26.49,26.17,26.17,-0.52,778682,20466357,273
2022-03-15,TWSE,00700,富邦恒生國企,11.80,11.80,11.21,11.34,-0.66,1661387,19073247,347
2022-03-15,TWSE,00701,國泰股利精選30,25.69,25.69,25.53,25.64,-0.12,1527648,39120258,1160
2022-03-15,TWSE,00702,國泰標普低波高息,20.74,20.77,20.74,20.74,0.00,119151,2472796,40
2022-03-15,TWSE,00703,台新MSCI中國,14.88,14.88,13.91,14.04,-1.03,450026,6409196,179
2022-03-15,TWSE,00706L,期元大S&P日圓正2,13.62,13.62,13.56,13.58,-0.12,123000,1669980,22
2022-03-15,TWSE,00707R,期元大S&P日圓反1,,,,,0.00,0,0,0
2022-03-15,TWSE,00708L,期元大S&P黃金正2,30.25,30.25,29.58,29.66,-1.43,4394904,131698250,929
2022-03-15,TWSE,00709,富邦歐洲,21.63,21.71,21.56,21.58,0.07,121530,2624079,40
2022-03-15,TWSE,00710B,復華彭博非投等債,17.56,17.57,17.50,17.50,-0.08,643434,11273622,331
2022-03-15,TWSE,00711B,復華彭博新興債,17.44,17.46,17.35,17.35,-0.22,106355,1847861,48
2022-03-15,TWSE,00712,復華富時不動產,12.63,12.63,12.54,12.55,-0.13,3784051,47568933,1895
2022-03-15,TWSE,00713,元大台灣高息低波,43.40,43.40,43.12,43.26,-0.14,1020039,44069293,640
2022-03-15,TWSE,00714,群益道瓊美國地產,21.22,21.28,21.21,21.23,-0.20,361756,7682697,290
2022-03-15,TWSE,00715L,期街口布蘭特正2,18.30,18.43,16.75,17.25,-3.05,103282751,1812682438,16416
2022-03-15,TWSE,00717,富邦美國特別股,15.21,15.21,15.17,15.18,-0.10,427552,6491394,235
2022-03-15,TWSE,00728,第一金工業30,25.97,25.99,25.59,25.60,-0.63,2586181,66442867,2240
2022-03-15,TWSE,00730,富邦臺灣優質高息,19.96,19.96,19.81,19.83,-0.13,118277,2346782,153
2022-03-15,TWSE,00731,復華富時高息低波,60.00,60.30,59.85,60.10,-0.15,1052267,63222908,177
2022-03-15,TWSE,00732,國泰RMB短期報酬,41.50,41.50,41.50,41.50,0.06,100000,4150000,2
2022-03-15,TWSE,00733,富邦臺灣中小,38.74,38.74,37.55,37.57,-1.17,672709,25430437,725
2022-03-15,TWSE,00735,國泰臺韓科技,28.81,28.83,28.63,28.83,-0.41,113294,3264262,37
2022-03-15,TWSE,00736,國泰新興市場,19.43,19.43,19.21,19.31,-0.40,119818,2320264,36
2022-03-15,TWSE,00737,國泰AI機器人,27.07,27.24,27.02,27.16,-0.50,179276,4868842,93
2022-03-15,TWSE,00738U,期元大道瓊白銀,25.72,25.74,25.50,25.54,-0.93,3657520,93678721,1008
2022-03-15,TWSE,00739,元大MSCI A股,24.50,24.69,24.00,24.20,-0.65,1356591,32905474,152
2022-03-15,TWSE,00742,新光內需收益,22.57,22.64,22.57,22.64,-0.14,53809,1218015,38
2022-03-15,TWSE,00743,國泰中國A150,25.20,26.04,25.20,25.59,-0.67,10101,258939,29
2022-03-15,TWSE,00752,中信中國50,15.86,15.86,15.02,15.13,-1.35,14954210,229293358,5481
2022-03-15,TWSE,00753L,中信中國50正2,11.36,11.65,10.70,10.74,-1.90,9696136,107538085,2847
2022-03-15,TWSE,00757,統一FANG+,38.56,38.76,38.39,38.56,-1.45,3357838,129473222,3599
2022-03-15,TWSE,00762,元大全球AI,35.18,35.26,35.10,35.17,-0.99,777164,27371304,224
2022-03-15,TWSE,00763U,期街口道瓊銅,29.01,29.37,29.01,29.16,-0.51,308071,8977022,96
2022-03-15,TWSE,00770,國泰北美科技,31.00,31.20,30.99,31.12,-0.63,217681,6786729,66
2022-03-15,TWSE,00771,元大US高息特別股,17.55,17.55,17.30,17.30,-0.27,67413,1170975,93
2022-03-15,TWSE,00774B,新光中國政金綠債,41.50,41.65,41.50,41.65,0.21,5928,245554,42
2022-03-15,TWSE,00774C,新光中政金綠債+R,,,,,0.00,0,0,0
2022-03-15,TWSE,00775B,台新投等債15+,36.69,36.69,36.55,36.55,-0.60,51224,1872274,23
2022-03-15,TWSE,00783,富邦中証500,21.60,21.60,21.08,21.32,-0.88,394502,8432782,35
2022-03-15,TWSE,008201,BP上證50,,,,,0.00,0,0,0
2022-03-15,TWSE,00830,國泰費城半導體,25.47,25.56,25.38,25.49,-0.69,10436726,265733384,6380
2022-03-15,TWSE,00850,元大臺灣ESG永續,34.34,34.34,33.84,33.88,-0.61,1039918,35314680,1471
2022-03-15,TWSE,00851,台新全球AI,27.72,27.72,26.88,26.88,-0.85,122152,3294940,75
2022-03-15,TWSE,00852L,國泰美國道瓊正2,19.06,19.17,19.05,19.11,-0.19,767000,14651190,112
2022-03-15,TWSE,00861,元大全球未來通訊,28.40,28.42,28.30,28.34,-0.52,657016,18639998,226
2022-03-15,TWSE,00865B,國泰US短期公債,37.43,37.43,37.38,37.42,0.24,133790,5005816,49
2022-03-15,TWSE,00875,國泰網路資安,27.63,27.78,27.62,27.73,-0.44,232319,6435175,134
2022-03-15,TWSE,00876,元大全球5G,27.21,27.21,26.91,26.97,-0.58,1623119,43821994,605
2022-03-15,TWSE,00878,國泰永續高股息,18.99,18.99,18.79,18.85,-0.15,32417569,611048253,17253
2022-03-15,TWSE,00881,國泰台灣科技龍頭,16.41,16.41,16.09,16.11,-0.39,73189514,1182789795,36745
2022-03-15,TWSE,00882,中信中國高股息,13.00,13.02,12.45,12.49,-0.69,68180860,862607824,26324
2022-03-15,TWSE,00885,富邦越南,16.77,16.78,16.67,16.72,-0.08,8142365,136014405,3994
2022-03-15,TWSE,00891,中信關鍵半導體,14.67,14.67,14.27,14.35,-0.45,53385819,767199172,24766
2022-03-15,TWSE,00892,富邦台灣半導體,14.66,14.66,14.17,14.19,-0.54,18172137,259337437,8492
2022-03-15,TWSE,00893,國泰智能電動車,12.57,12.60,12.49,12.55,-0.39,51543702,646496384,17915
2022-03-15,TWSE,00894,中信小資高價30,14.17,14.17,13.75,13.77,-0.47,11531887,159564482,5371
2022-03-15,TWSE,00895,富邦未來車,14.54,14.54,14.42,14.46,-0.41,8352683,120886570,4494
2022-03-15,TWSE,00896,中信綠能及電動車,14.68,14.68,14.44,14.46,-0.27,3543623,51364907,1974
2022-03-15,TWSE,00897,富邦基因免疫生技,9.61,9.62,9.56,9.60,-0.16,2784819,26718244,432
2022-03-15,TWSE,00898,國泰基因免疫革命,7.07,7.07,7.01,7.02,-0.12,1663228,11697077,572
2022-03-15,TWSE,00899,FT潔淨能源,21.29,21.50,21.29,21.30,-0.93,1271370,27154388,478
2022-03-15,TWSE,00900,富邦特選高股息30,15.05,15.05,14.87,14.90,-0.18,20311684,303306770,6641
2022-03-15,TWSE,00901,永豐智能車供應鏈,14.15,14.15,13.86,13.88,-0.34,1695682,23604336,1215
2022-03-15,TWSE,00902,中信電池及儲能,12.59,12.75,12.43,12.58,-0.21,13089737,164503704,4006
2022-03-15,TWSE,00903,富邦元宇宙,12.16,12.20,12.07,12.16,-0.54,7658796,93131011,3235
2022-03-15,TWSE,00904,台新臺灣半導體30,14.02,14.02,13.65,13.65,-0.51,7549174,103910432,3238
2022-03-15,TWSE,01001T,土銀富邦R1,18.28,18.28,18.23,18.26,-0.02,148001,2700958,65
2022-03-15,TWSE,01002T,土銀國泰R1,18.95,18.98,18.89,18.96,0.00,1453000,27537340,151
2022-03-15,TWSE,01003T,兆豐新光R1,19.79,19.79,19.75,19.79,0.00,832000,16457800,23
2022-03-15,TWSE,01004T,土銀富邦R2,16.16,16.19,16.10,16.19,0.00,481000,7782480,20
2022-03-15,TWSE,01007T,兆豐國泰R2,19.78,19.78,19.71,19.74,-0.06,297000,5865720,63
2022-03-15,TWSE,01009T,王道圓滿R1,9.12,9.13,9.12,9.13,-0.01,2000,18250,2
2022-03-15,TWSE,01010T,京城樂富R1,10.29,10.29,10.26,10.28,-0.01,89004,914440,16
2022-03-15,TWSE,020000,富邦特選蘋果N,,,,,0.00,0,0,0
2022-03-15,TWSE,020002,元富新中國N,11.45,11.75,11.45,11.75,-0.42,7000,80750,2
2022-03-15,TWSE,020004,兆豐電菁英30N,,,,,0.00,0,0,0
2022-03-15,TWSE,020006,永昌中小300N,,,,,0.00,0,0,0
2022-03-15,TWSE,020007,凱基臺灣500N,,,,,0.00,0,0,0
2022-03-15,TWSE,020008,元大特股高息N,13.07,13.08,13.07,13.08,-0.02,2000,26150,2
2022-03-15,TWSE,020011,統一微波高息20N,7.17,7.17,7.17,7.17,0.00,1000,7170,1
2022-03-15,TWSE,020012,富邦行動通訊N,,,,,0.00,0,0,0
2022-03-15,TWSE,020015,統一MSCI美低波N,,,,,0.00,0,0,0
2022-03-15,TWSE,020016,統一MSCI美科技N,17.78,17.78,17.78,17.78,0.00,9000,160020,2
2022-03-15,TWSE,020018,統一價值成長30N,18.53,18.53,18.18,18.18,-0.32,10000,183480,8
2022-03-15,TWSE,020019,統一特選台灣5GN,13.67,13.67,13.51,13.53,0.00,35000,473980,10
2022-03-15,TWSE,02001L,富邦蘋果正二N,9.98,9.98,9.89,9.89,-0.34,43000,426170,5
2022-03-15,TWSE,02001R,富邦蘋果反一N,,,,,0.00,0,0,0
2022-03-15,TWSE,020020,元大台股領航N,7.36,7.36,7.24,7.25,-0.15,232000,1687530,79
2022-03-15,TWSE,020022,元大電動車N,5.46,5.46,5.40,5.41,-0.05,462000,2499840,85
2022-03-15,TWSE,020028,元大特選電動車N,5.26,5.26,5.21,5.21,-0.07,301000,1571150,74
2022-03-15,TWSE,020029,元大ESG高股息N,5.10,5.10,5.02,5.03,-0.10,1140000,5748900,287
2022-03-15,TWSE,020030,統一智慧電動車N,4.62,4.62,4.48,4.49,-0.14,2309000,10429310,224
2022-03-15,TWSE,1101,台泥,47.50,48.00,47.40,47.95,0.40,10726325,512296860,6660
2022-03-15,TWSE,1101B,台泥乙特,51.90,52.00,51.80,51.80,-0.20,38073,1973066,12
2022-03-15,TWSE,1102,亞泥,47.20,47.30,46.80,47.30,0.10,7798472,366927287,4010
2022-03-15,TWSE,1103,嘉泥,20.25,20.25,20.00,20.10,-0.25,800233,16060236,377
2022-03-15,TWSE,1104,環泥,21.15,21.15,20.80,20.95,-0.10,251055,5248239,137
2022-03-15,TWSE,1108,幸福,11.75,11.75,11.60,11.75,0.05,261433,3051491,147
2022-03-15,TWSE,1109,信大,19.90,20.05,19.80,19.80,-0.20,154549,3073412,103
2022-03-15,TWSE,1110,東泥,20.00,20.00,19.80,19.95,-0.05,158001,3139869,93
2022-03-15,TWSE,1201,味全,21.60,21.60,21.30,21.30,-0.30,682282,14585963,1123
2022-03-15,TWSE,1203,味王,33.40,33.40,33.00,33.00,-0.40,13139,436353,72
2022-03-15,TWSE,1210,大成,52.60,52.60,52.10,52.20,-0.40,1499867,78356025,1955
2022-03-15,TWSE,1213,大飲,7.75,7.79,7.55,7.55,0.01,13000,99990,5
2022-03-15,TWSE,1215,卜蜂,81.30,81.30,80.50,80.60,-0.70,792660,63991216,1164
2022-03-15,TWSE,1216,統一,65.50,65.70,65.10,65.30,-0.20,7748681,505812941,3892
2022-03-15,TWSE,1217,愛之味,10.70,10.70,10.55,10.60,-0.15,1077361,11449717,387
2022-03-15,TWSE,1218,泰山,27.50,27.70,27.45,27.50,0.05,500356,13797551,281
2022-03-15,TWSE,1219,福壽,20.10,20.10,19.85,19.95,-0.15,535192,10668556,277
2022-03-15,TWSE,1220,台榮,16.65,16.65,16.35,16.35,-0.30,311387,5111438,160
2022-03-15,TWSE,1225,福懋油,57.40,57.70,56.50,57.60,-0.30,87399,4997818,79
2022-03-15,TWSE,1227,佳格,48.35,48.35,47.70,47.80,-0.20,1322880,63262999,1370
2022-03-15,TWSE,1229,聯華,64.30,64.30,63.20,63.40,-0.80,1866499,118759339,2745
2022-03-15,TWSE,1231,聯華食,82.90,82.90,79.80,79.80,-1.90,831081,67258032,1235
2022-03-15,TWSE,1232,大統益,157.00,157.00,154.50,154.50,-2.00,81181,12611545,307
2022-03-15,TWSE,1233,天仁,33.40,33.40,33.10,33.10,-0.30,5192,172512,9
2022-03-15,TWSE,1234,黑松,35.10,35.10,35.05,35.05,-0.20,131154,4600857,62
2022-03-15,TWSE,1235,興泰,44.00,44.00,43.50,43.50,-0.40,4005,175568,6
2022-03-15,TWSE,1236,宏亞,27.10,27.10,26.25,26.25,-0.80,160463,4265946,124
2022-03-15,TWSE,1256,鮮活果汁-KY,302.50,302.50,290.50,294.00,-8.50,41716,12379284,1285
2022-03-15,TWSE,1301,台塑,106.50,106.50,105.00,106.00,-0.50,8420184,890504431,4067
2022-03-15,TWSE,1303,南亞,91.00,91.50,90.50,90.80,-0.40,8929915,812267399,4667
2022-03-15,TWSE,1304,台聚,28.80,28.80,28.30,28.40,-0.45,4190551,119297875,2471
2022-03-15,TWSE,1305,華夏,34.15,34.15,33.80,33.80,-0.35,2510076,85020590,1541
2022-03-15,TWSE,1307,三芳,20.55,20.55,20.05,20.15,-0.15,104222,2097219,61
2022-03-15,TWSE,1308,亞聚,38.00,38.00,37.10,37.25,-0.75,5568814,208301279,2818
2022-03-15,TWSE,1309,台達化,34.50,34.50,33.80,33.95,-0.45,1436474,48882832,1149
2022-03-15,TWSE,1310,台苯,17.40,17.40,17.00,17.05,-0.35,831466,14259029,475
2022-03-15,TWSE,1312,國喬,26.80,26.80,26.40,26.40,-0.40,2968562,78642047,1329
2022-03-15,TWSE,1312A,國喬特,,,,,0.00,0,0,0
2022-03-15,TWSE,1313,聯成,19.20,19.20,18.85,18.90,-0.25,3498163,66273449,1872
2022-03-15,TWSE,1314,中石化,12.00,12.05,11.85,11.85,-0.15,11035941,131523031,3205
2022-03-15,TWSE,1315,達新,84.00,85.80,84.00,84.00,0.00,34911,2953272,51
2022-03-15,TWSE,1316,上曜,19.90,19.90,19.10,19.20,-0.70,5518639,106978198,1723
2022-03-15,TWSE,1319,東陽,30.90,30.95,30.50,30.50,-0.40,825972,25419565,616
2022-03-15,TWSE,1321,大洋,33.65,33.75,33.50,33.65,0.00,35153,1182590,27
2022-03-15,TWSE,1323,永裕,35.90,35.90,35.55,35.55,-0.65,64117,2289506,64
2022-03-15,TWSE,1324,地球,11.30,11.30,11.25,11.25,-0.05,10152,114628,12
2022-03-15,TWSE,1325,恆大,40.75,40.80,39.25,39.60,0.10,1011675,40393236,745
2022-03-15,TWSE,1326,台化,79.30,79.40,79.00,79.10,-0.30,3335785,263923236,2114
2022-03-15,TWSE,1337,再生-KY,6.67,6.67,6.60,6.62,-0.05,200635,1329477,326
2022-03-15,TWSE,1338,廣華-KY,57.80,57.80,56.10,56.20,-1.60,297680,16802596,302
2022-03-15,TWSE,1339,昭輝,34.30,34.35,33.85,33.85,-0.50,26735,910164,85
2022-03-15,TWSE,1340,勝悅-KY,10.35,10.35,10.30,10.30,-0.10,84388,872142,261
2022-03-15,TWSE,1341,富林-KY,67.60,67.80,67.60,67.80,0.00,3004,203488,7
2022-03-15,TWSE,1342,八貫,61.60,61.60,60.40,60.40,-1.20,140655,8527795,118
2022-03-15,TWSE,1402,遠東新,30.50,30.50,29.95,30.20,-0.35,6028308,181650139,1902
2022-03-15,TWSE,1409,新纖,21.15,21.15,20.65,20.75,-0.25,4484135,93545810,2049
2022-03-15,TWSE,1410,南染,37.40,37.40,36.65,36.65,-0.20,18124,670212,20
2022-03-15,TWSE,1413,宏洲,10.50,10.70,10.35,10.50,-0.10,135666,1430226,95
2022-03-15,TWSE,1414,東和,17.85,17.95,17.35,17.55,-0.25,245802,4331864,184
2022-03-15,TWSE,1416,廣豐,11.45,11.55,11.40,11.45,-0.05,98024,1121040,95
2022-03-15,TWSE,1417,嘉裕,13.80,13.80,13.60,13.75,-0.10,131479,1800683,89
2022-03-15,TWSE,1418,東華,15.90,15.95,15.90,15.95,-0.10,8484,134914,26
2022-03-15,TWSE,1419,新紡,42.35,42.55,42.35,42.45,-0.15,30211,1282474,29
2022-03-15,TWSE,1423,利華,19.80,19.80,19.30,19.50,0.00,32117,625486,37
2022-03-15,TWSE,1432,大魯閣,11.20,11.25,11.15,11.15,-0.15,43263,483222,84
2022-03-15,TWSE,1434,福懋,28.10,28.10,27.90,27.95,-0.10,2133590,59596408,1374
2022-03-15,TWSE,1435,中福,57.40,57.70,56.10,56.10,-1.10,18492,1052599,31
2022-03-15,TWSE,1436,華友聯,57.90,57.90,57.00,57.30,0.20,17010,975571,15
2022-03-15,TWSE,1437,勤益控,27.75,27.85,27.30,27.40,-0.45,718475,19768364,326
2022-03-15,TWSE,1438,三地開發,30.35,30.35,30.10,30.30,-0.15,44760,1355515,37
2022-03-15,TWSE,1439,雋揚,21.65,21.95,21.65,21.85,0.05,38001,827921,17
2022-03-15,TWSE,1440,南紡,22.90,23.05,22.60,22.70,-0.20,3028552,69049885,1704
2022-03-15,TWSE,1441,大東,8.40,8.40,8.27,8.39,-0.01,173617,1450177,233
2022-03-15,TWSE,1442,名軒,22.65,22.65,22.35,22.50,-0.10,243983,5483415,115
2022-03-15,TWSE,1443,立益物流,15.55,15.55,15.55,15.55,-0.25,1002,15580,3
2022-03-15,TWSE,1444,力麗,10.15,10.20,10.00,10.05,-0.05,1590983,16002561,711
2022-03-15,TWSE,1445,大宇,16.05,16.05,15.70,15.70,-0.30,195002,3085881,65
2022-03-15,TWSE,1446,宏和,31.30,31.40,31.00,31.20,-0.25,113065,3516515,60
2022-03-15,TWSE,1447,力鵬,9.19,9.19,9.01,9.02,-0.15,1131189,10235802,546
2022-03-15,TWSE,1449,佳和,13.00,13.00,12.30,12.80,0.00,112284,1416387,88
2022-03-15,TWSE,1451,年興,20.05,20.15,19.85,19.90,0.00,96698,1930793,106
2022-03-15,TWSE,1452,宏益,24.50,24.50,24.25,24.25,-0.25,606532,14769490,365
2022-03-15,TWSE,1453,大將,8.30,8.35,8.28,8.33,-0.06,66676,554357,156
2022-03-15,TWSE,1454,台富,14.75,14.75,14.30,14.35,-0.35,173228,2492239,96
2022-03-15,TWSE,1455,集盛,15.60,15.85,15.45,15.60,0.00,2008604,31428406,964
2022-03-15,TWSE,1456,怡華,20.00,20.05,19.70,19.95,-0.15,60014,1193130,45
2022-03-15,TWSE,1457,宜進,18.90,18.90,18.70,18.70,-0.25,206229,3865634,153
2022-03-15,TWSE,1459,聯發,11.55,12.40,11.40,12.00,0.45,1451987,17383820,517
2022-03-15,TWSE,1460,宏遠,8.05,8.10,7.87,8.00,-0.08,2896833,23037421,1137
2022-03-15,TWSE,1463,強盛新,13.55,13.80,13.45,13.70,0.15,76311,1035427,42
2022-03-15,TWSE,1464,得力,15.30,15.30,15.00,15.10,-0.20,698572,10540547,584
2022-03-15,TWSE,1465,偉全,12.35,12.35,12.20,12.25,-0.10,37800,463491,147
2022-03-15,TWSE,1466,聚隆,14.90,14.90,14.80,14.80,-0.10,147083,2181906,86
2022-03-15,TWSE,1467,南緯,14.30,14.60,14.25,14.60,0.05,1309590,18871280,209
2022-03-15,TWSE,1468,昶和,11.80,11.85,11.50,11.80,-0.15,58001,675411,49
2022-03-15,TWSE,1470,大統新創,20.50,21.30,20.50,21.00,-0.15,17019,358632,19
2022-03-15,TWSE,1471,首利,7.13,7.13,6.71,6.94,-0.15,530638,3686551,291
2022-03-15,TWSE,1472,三洋實業,,,,,0.00,7,168,6
2022-03-15,TWSE,1473,台南,18.55,18.55,18.35,18.55,0.00,106451,1969769,111
2022-03-15,TWSE,1474,弘裕,15.05,15.10,14.95,15.05,-0.05,472859,7096472,191
2022-03-15,TWSE,1475,業旺,60.50,61.00,60.40,60.50,-0.50,16375,995630,27
2022-03-15,TWSE,1476,儒鴻,443.00,443.00,421.00,425.50,-11.50,2398145,1025792846,2872
2022-03-15,TWSE,1477,聚陽,199.00,199.00,193.00,193.50,-6.00,657208,128412661,771
2022-03-15,TWSE,1503,士電,52.40,52.40,51.10,51.70,-0.40,113423,5847110,123
2022-03-15,TWSE,1504,東元,29.70,29.75,29.50,29.65,-0.05,984842,29142813,684
2022-03-15,TWSE,1506,正道,14.00,14.00,13.65,13.80,-0.30,232110,3191240,118
2022-03-15,TWSE,1507,永大,64.50,64.70,64.50,64.60,0.00,80805,5218632,175
2022-03-15,TWSE,1512,瑞利,4.34,4.35,4.30,4.30,-0.04,56120,243457,43
2022-03-15,TWSE,1513,中興電,50.20,51.30,48.75,49.10,-1.00,35011837,1742994622,19440
2022-03-15,TWSE,1514,亞力,27.90,28.25,27.05,27.30,-0.45,13175442,363348694,6896
2022-03-15,TWSE,1515,力山,42.30,42.70,41.75,42.20,-0.65,857237,36096881,532
2022-03-15,TWSE,1516,川飛,24.70,24.70,24.20,24.30,-0.35,151003,3683770,62
2022-03-15,TWSE,1517,利奇,23.80,23.80,23.25,23.25,-0.60,417705,9755699,334
2022-03-15,TWSE,1519,華城,41.80,41.80,40.00,40.05,-2.00,2948255,120165645,2295
2022-03-15,TWSE,1521,大億,39.00,39.00,38.75,38.80,-0.20,24363,948009,27
2022-03-15,TWSE,1522,堤維西,17.85,17.95,17.70,17.80,-0.05,113162,2014034,89
2022-03-15,TWSE,1522A,堤維西甲特,44.20,44.20,44.00,44.00,-0.20,12000,529200,6
2022-03-15,TWSE,1524,耿鼎,10.35,10.35,10.15,10.15,-0.20,304631,3115805,162
2022-03-15,TWSE,1525,江申,59.80,59.80,58.70,58.80,-0.70,21000,1239900,18
2022-03-15,TWSE,1526,日馳,48.15,48.15,47.10,47.10,-1.05,134446,6372393,144
2022-03-15,TWSE,1527,鑽全,40.95,40.95,40.30,40.50,-0.45,210106,8502891,194
2022-03-15,TWSE,1528,恩德,9.71,9.71,9.36,9.44,-0.23,1398512,13228278,593
2022-03-15,TWSE,1529,樂事綠能,23.10,23.20,22.15,22.35,-1.00,4315910,97381370,2132
2022-03-15,TWSE,1530,亞崴,31.50,32.00,31.25,31.25,-0.25,40278,1267393,29
2022-03-15,TWSE,1531,高林股,15.20,15.20,15.00,15.05,-0.05,66597,1002739,67
2022-03-15,TWSE,1532,勤美,34.20,34.20,33.80,33.85,-0.40,337084,11433663,160
2022-03-15,TWSE,1533,車王電,53.70,53.80,51.60,51.70,-2.00,505969,26367717,360
2022-03-15,TWSE,1535,中宇,42.50,42.50,42.00,42.20,0.00,83171,3499413,34
2022-03-15,TWSE,1536,和大,76.50,76.60,74.70,74.80,-2.00,315279,23686201,320
2022-03-15,TWSE,1537,廣隆,137.50,138.00,137.00,137.00,-1.00,85497,11745340,99
2022-03-15,TWSE,1538,正峰,9.00,9.27,8.75,8.75,-0.25,29436,265942,41
2022-03-15,TWSE,1539,巨庭,18.50,18.50,18.30,18.40,-0.10,113068,2073640,53
2022-03-15,TWSE,1540,喬福,14.65,14.70,14.50,14.55,0.00,62874,918026,116
2022-03-15,TWSE,1541,錩泰,43.00,43.20,42.95,43.20,0.20,10016,431402,13
2022-03-15,TWSE,1558,伸興,143.00,143.00,141.50,141.50,-1.50,42731,6064315,57
2022-03-15,TWSE,1560,中砂,119.00,121.50,116.50,118.00,-1.00,11012598,1311118567,7378
2022-03-15,TWSE,1568,倉佑,20.05,20.05,19.85,19.95,-0.10,51640,1028842,50
2022-03-15,TWSE,1582,信錦,68.50,68.50,68.00,68.20,0.00,109267,7444636,151
2022-03-15,TWSE,1583,程泰,55.70,55.70,55.70,55.70,0.00,1082,60265,6
2022-03-15,TWSE,1587,吉茂,24.85,24.85,24.55,24.65,-0.30,89000,2200550,47
2022-03-15,TWSE,1589,永冠-KY,64.00,64.00,62.60,62.70,-1.30,215933,13599625,162
2022-03-15,TWSE,1590,亞德客-KY,839.00,839.00,799.00,807.00,-35.00,942839,765895638,1162
2022-03-15,TWSE,1597,直得,90.00,91.20,83.10,83.10,-6.90,910621,78387067,858
2022-03-15,TWSE,1598,岱宇,44.20,44.20,43.30,43.75,-0.60,186840,8163119,166
2022-03-15,TWSE,1603,華電,28.40,28.40,27.50,27.85,-0.55,297876,8307847,161
2022-03-15,TWSE,1604,聲寶,31.70,31.70,31.30,31.30,-0.50,346495,10899394,326
2022-03-15,TWSE,1605,華新,29.45,29.45,28.50,28.60,-0.95,16525095,475740303,5825
2022-03-15,TWSE,1608,華榮,20.70,20.75,20.20,20.30,-0.50,1034618,21098555,537
2022-03-15,TWSE,1609,大亞,24.70,24.90,23.90,23.90,-0.55,5125474,124699442,2887
2022-03-15,TWSE,1611,中電,18.50,18.90,17.90,18.55,-0.25,9767621,179644136,4183
2022-03-15,TWSE,1612,宏泰,27.05,27.10,26.45,26.50,-0.55,1813816,48344918,973
2022-03-15,TWSE,1614,三洋電,37.70,37.70,37.25,37.25,-0.35,54000,2012600,27
2022-03-15,TWSE,1615,大山,32.55,32.55,32.00,32.20,-0.40,129385,4163570,102
2022-03-15,TWSE,1616,億泰,10.30,10.30,9.97,9.98,-0.07,609655,6111736,259
2022-03-15,TWSE,1617,榮星,18.00,18.05,17.80,17.90,-0.25,53001,948767,33
2022-03-15,TWSE,1618,合機,13.30,13.30,12.80,13.00,-0.35,539298,7006082,282
2022-03-15,TWSE,1626,艾美特-KY,19.90,19.90,19.65,19.75,-0.15,35680,707559,37
2022-03-15,TWSE,1701,中化,21.90,21.95,21.80,21.80,-0.10,227698,4978632,240
2022-03-15,TWSE,1702,南僑,48.70,48.70,48.15,48.20,-0.50,323951,15631131,332
2022-03-15,TWSE,1707,葡萄王,142.00,142.00,138.00,139.00,-3.00,572741,79767033,939
2022-03-15,TWSE,1708,東鹼,50.00,52.10,43.90,45.00,-3.40,84953325,4173556729,43159
2022-03-15,TWSE,1709,和益,28.25,28.45,26.20,26.55,-2.20,25007851,681110659,11804
2022-03-15,TWSE,1710,東聯,22.50,22.55,22.10,22.15,-0.35,2772001,61765120,1412
2022-03-15,TWSE,1711,永光,24.55,24.85,23.85,23.95,-0.60,7092440,172229488,3633
2022-03-15,TWSE,1712,興農,33.40,34.40,32.15,32.65,-1.15,14831835,494810322,8535
2022-03-15,TWSE,1713,國化,24.00,24.05,23.90,24.00,-0.05,61202,1468323,103
2022-03-15,TWSE,1714,和桐,10.45,10.45,10.20,10.25,-0.15,1964444,20208093,673
2022-03-15,TWSE,1717,長興,36.05,36.15,35.50,35.60,-0.45,2212241,78910174,1422
2022-03-15,TWSE,1718,中纖,9.26,9.26,9.07,9.07,-0.23,6420491,58698886,2160
2022-03-15,TWSE,1720,生達,42.60,43.00,42.45,42.90,0.25,237297,10136971,179
2022-03-15,TWSE,1721,國慶科技,20.10,20.15,19.40,19.50,-0.80,2064572,40584326,1350
2022-03-15,TWSE,1722,台肥,76.00,77.90,73.10,73.40,-3.20,23329950,1757658898,14241
2022-03-15,TWSE,1723,中碳,119.00,119.00,117.00,117.00,-2.00,328097,38539312,338
2022-03-15,TWSE,1725,元禎,25.80,25.80,24.70,24.70,-1.00,137064,3431094,107
2022-03-15,TWSE,1726,永記,73.80,73.80,73.50,73.50,-0.30,54331,3997192,62
2022-03-15,TWSE,1727,中華化,38.55,38.70,37.20,37.30,-1.50,866299,32645645,684
2022-03-15,TWSE,1730,花仙子,62.00,62.00,61.60,61.60,-0.40,37509,2315601,64
2022-03-15,TWSE,1731,美吾華,19.85,19.85,19.60,19.60,-0.20,261326,5139919,128
2022-03-15,TWSE,1732,毛寶,34.20,35.20,31.45,31.70,-1.80,5898018,197155381,3304
2022-03-15,TWSE,1733,五鼎,25.90,25.90,24.90,25.00,-0.35,321429,8078372,268
2022-03-15,TWSE,1734,杏輝,27.95,28.05,27.60,27.60,-0.35,435499,12074423,341
2022-03-15,TWSE,1735,日勝化,18.00,18.00,17.60,17.90,0.00,12000,213750,12
2022-03-15,TWSE,1736,喬山,52.10,52.10,50.50,50.60,-2.00,321466,16366794,274
2022-03-15,TWSE,1737,臺鹽,34.15,34.15,33.85,33.85,-0.25,249198,8465411,140
2022-03-15,TWSE,1752,南光,37.55,37.55,37.10,37.30,-0.25,28027,1047499,30
2022-03-15,TWSE,1760,寶齡富錦,99.20,99.70,93.60,93.60,-5.20,1514675,145482417,1315
2022-03-15,TWSE,1762,中化生,53.00,53.00,51.60,52.00,-1.00,339901,17633834,383
2022-03-15,TWSE,1773,勝一,207.50,209.00,203.00,206.00,-1.00,936036,192732680,2436
2022-03-15,TWSE,1776,展宇,21.45,21.45,21.10,21.35,0.00,71109,1512692,64
2022-03-15,TWSE,1783,和康生,39.65,39.65,38.45,38.55,-1.10,172440,6681309,124
2022-03-15,TWSE,1786,科妍,42.00,42.00,40.50,41.00,0.25,64313,2619331,92
2022-03-15,TWSE,1789,神隆,23.10,23.15,22.95,22.95,-0.15,416576,9580936,230
2022-03-15,TWSE,1795,美時,102.50,104.00,99.70,99.70,-1.80,5428923,550663511,3573
2022-03-15,TWSE,1802,台玻,24.80,24.85,24.30,24.30,-0.40,10933137,268273526,5177
2022-03-15,TWSE,1805,寶徠,13.90,13.90,13.65,13.75,-0.25,88358,1216315,46
2022-03-15,TWSE,1806,冠軍,11.55,11.55,11.30,11.45,0.05,1208945,13803387,467
2022-03-15,TWSE,1808,潤隆,56.90,60.80,56.80,60.80,5.50,1726379,103297364,1380
2022-03-15,TWSE,1809,中釉,14.55,14.55,14.05,14.10,-0.35,710770,10079823,288
2022-03-15,TWSE,1810,和成,15.90,16.10,15.80,15.85,0.00,1908862,30407037,715
2022-03-15,TWSE,1817,凱撒衛,35.60,35.60,35.50,35.50,-0.30,28039,996707,35
2022-03-15,TWSE,1903,士紙,61.20,61.20,59.80,59.80,-1.30,107107,6463208,85
2022-03-15,TWSE,1904,正隆,34.30,34.40,33.95,33.95,-0.50,1235227,42102190,1121
2022-03-15,TWSE,1905,華紙,22.00,22.15,21.60,21.70,-0.40,1479145,32181088,778
2022-03-15,TWSE,1906,寶隆,19.45,19.50,19.25,19.40,-0.10,123031,2383698,58
2022-03-15,TWSE,1907,永豐餘,33.80,34.00,33.10,33.10,-0.75,1818653,61083328,1239
2022-03-15,TWSE,1909,榮成,20.95,20.95,20.40,20.40,-0.45,3726413,76564372,1818
2022-03-15,TWSE,2002,中鋼,39.00,39.00,38.30,38.70,-0.10,44209537,1707720671,17303
2022-03-15,TWSE,2002A,中鋼特,52.80,52.80,52.60,52.60,-0.30,24536,1293291,18
2022-03-15,TWSE,2006,東和鋼鐵,79.50,80.00,78.50,79.70,-0.30,10731529,851065396,7045
2022-03-15,TWSE,2007,燁興,20.45,20.50,19.70,19.80,-0.55,2657029,52842690,1329
2022-03-15,TWSE,2008,高興昌,19.60,19.60,19.00,19.10,-0.50,117210,2249943,88
2022-03-15,TWSE,2009,第一銅,46.55,46.60,44.30,44.50,-2.05,5816450,262491003,3542
2022-03-15,TWSE,2010,春源,24.60,24.65,23.80,23.80,-0.80,1979852,47684186,1195
2022-03-15,TWSE,2012,春雨,31.55,31.55,30.60,30.65,-0.90,679737,21010895,414
2022-03-15,TWSE,2013,中鋼構,59.00,59.20,57.50,57.70,-0.80,834192,48374848,541
2022-03-15,TWSE,2014,中鴻,44.20,44.20,42.50,43.20,-0.80,23313083,1010884382,10509
2022-03-15,TWSE,2015,豐興,91.30,91.50,90.10,90.20,-0.60,384936,34868956,286
2022-03-15,TWSE,2017,官田鋼,19.95,20.05,19.05,19.10,-0.70,1545360,29982291,938
2022-03-15,TWSE,2020,美亞,33.95,33.95,32.90,33.00,-1.00,1316304,43800180,979
2022-03-15,TWSE,2022,聚亨,13.75,13.75,13.05,13.10,-0.65,3793024,50328685,1785
2022-03-15,TWSE,2023,燁輝,25.45,25.85,24.30,24.50,-0.90,18080473,449356769,7594
2022-03-15,TWSE,2024,志聯,26.30,26.75,24.75,24.75,-1.25,1109857,28804835,782
2022-03-15,TWSE,2025,千興,5.95,5.95,5.86,5.86,0.00,426015,2496535,93
2022-03-15,TWSE,2027,大成鋼,50.00,50.10,48.40,48.40,-1.90,23314325,1140645876,16577
2022-03-15,TWSE,2028,威致,41.45,41.85,40.05,40.05,-1.35,1096832,44454859,800
2022-03-15,TWSE,2029,盛餘,34.00,34.00,33.10,33.10,-0.70,1864350,62157260,1014
2022-03-15,TWSE,2030,彰源,34.20,34.20,32.80,32.80,-1.20,7124186,237305320,3536
2022-03-15,TWSE,2031,新光鋼,65.60,65.80,63.40,64.20,-2.00,6627295,425823210,4458
2022-03-15,TWSE,2032,新鋼,33.85,33.85,31.55,31.60,-2.00,6677893,216207607,3796
2022-03-15,TWSE,2033,佳大,23.70,24.25,22.45,22.45,-1.55,3712208,85655607,1808
2022-03-15,TWSE,2034,允強,34.45,34.60,33.90,34.00,0.05,7760542,266269199,4034
2022-03-15,TWSE,2038,海光,33.70,33.85,32.55,32.65,-0.80,1803011,59426942,908
2022-03-15,TWSE,2049,上銀,256.50,260.00,253.00,256.00,-0.50,1664344,427784275,1551
2022-03-15,TWSE,2059,川湖,422.00,424.00,418.00,421.50,-0.50,121806,51171139,136
2022-03-15,TWSE,2062,橋椿,26.40,26.40,26.05,26.10,-0.50,304162,7957284,144
2022-03-15,TWSE,2069,運錩,35.80,36.10,34.70,34.75,-1.35,2611933,91677777,1524
2022-03-15,TWSE,2101,南港,40.70,40.70,40.20,40.60,-0.10,1575193,63708799,763
2022-03-15,TWSE,2102,泰豐,27.10,27.10,26.30,26.60,-0.50,948518,25252381,396
2022-03-15,TWSE,2103,台橡,34.30,34.35,33.50,33.60,-0.85,3667238,123681725,1842
2022-03-15,TWSE,2104,國際中橡,27.65,27.65,27.15,27.15,-0.50,3457983,94516835,1719
2022-03-15,TWSE,2105,正新,35.00,35.00,34.45,34.70,-0.35,3013962,104146553,1704
2022-03-15,TWSE,2106,建大,30.85,30.90,30.50,30.90,0.05,825423,25359658,552
2022-03-15,TWSE,2107,厚生,21.90,21.90,21.75,21.75,-0.15,199221,4345271,155
2022-03-15,TWSE,2108,南帝,82.30,82.70,81.00,81.40,-0.30,3062173,249833426,2435
2022-03-15,TWSE,2109,華豐,15.30,15.30,14.95,14.95,-0.25,149423,2251197,178
2022-03-15,TWSE,2114,鑫永銓,134.00,135.00,128.00,128.50,-6.50,473727,61733587,475
2022-03-15,TWSE,2115,六暉-KY,40.25,40.25,39.10,39.40,-1.55,226485,8921965,139
2022-03-15,TWSE,2201,裕隆,39.10,39.25,38.60,38.85,-0.25,2415182,93779179,1251
2022-03-15,TWSE,2204,中華,62.90,63.30,61.90,62.10,-0.80,778042,48701875,585
2022-03-15,TWSE,2206,三陽工業,27.95,28.05,27.60,27.95,0.00,692435,19316635,378
2022-03-15,TWSE,2207,和泰車,581.00,582.00,571.00,575.00,-6.00,254844,146423261,463
2022-03-15,TWSE,2208,台船,21.70,21.80,21.05,21.10,-0.50,2940057,62320068,1472
2022-03-15,TWSE,2211,長榮鋼,57.90,58.10,56.50,57.00,-0.50,1485717,84771231,902
2022-03-15,TWSE,2227,裕日車,248.00,248.00,247.00,247.50,-1.00,19752,4891836,85
2022-03-15,TWSE,2228,劍麟,67.90,67.90,67.00,67.30,-0.70,68541,4605164,74
2022-03-15,TWSE,2231,為升,147.50,147.50,144.50,144.50,-3.00,199957,29088149,204
2022-03-15,TWSE,2233,宇隆,114.50,114.50,111.00,111.50,-3.00,417115,46808693,351
2022-03-15,TWSE,2236,百達-KY,25.65,25.90,25.65,25.90,0.25,4920,126402,8
2022-03-15,TWSE,2239,英利-KY,71.70,71.70,69.70,70.00,-1.50,72000,5046500,61
2022-03-15,TWSE,2241,艾姆勒,45.00,45.00,44.40,44.75,-0.25,48646,2176873,56
2022-03-15,TWSE,2243,宏旭-KY,13.60,13.70,13.30,13.70,0.35,60100,810235,44
2022-03-15,TWSE,2247,汎德永業,206.00,206.00,204.50,204.50,-2.50,55867,11464311,126
2022-03-15,TWSE,2250,IKKA-KY,100.50,100.50,97.30,98.30,-2.20,76588,7529073,94
2022-03-15,TWSE,2301,光寶科,70.00,70.10,69.10,69.50,-0.50,7402400,514149666,3428
2022-03-15,TWSE,2302,麗正,15.25,15.25,15.00,15.05,-0.20,72428,1088867,64
2022-03-15,TWSE,2303,聯電,51.40,51.60,50.20,50.40,-2.10,118324946,6003320460,68484
2022-03-15,TWSE,2305,全友,9.70,9.70,9.36,9.36,-0.27,628743,5936387,319
2022-03-15,TWSE,2308,台達電,257.50,257.50,249.50,251.50,-6.00,6432804,1621680469,7227
2022-03-15,TWSE,2312,金寶,14.30,14.35,14.05,14.25,0.00,5305068,75300405,1818
2022-03-15,TWSE,2313,華通,45.00,45.00,43.30,43.35,-1.65,12899198,566263223,7131
2022-03-15,TWSE,2314,台揚,55.80,55.90,52.70,52.90,-2.90,2245740,120119716,1917
2022-03-15,TWSE,2316,楠梓電,31.20,31.20,30.55,30.55,-0.75,563598,17285754,355
2022-03-15,TWSE,2317,鴻海,102.00,103.00,101.00,101.00,-1.50,31444438,3189574182,16486
2022-03-15,TWSE,2321,東訊,6.27,6.43,6.25,6.43,0.03,42663,269485,24
2022-03-15,TWSE,2323,中環,11.10,11.20,10.75,10.75,-0.30,16316410,177527620,3699
2022-03-15,TWSE,2324,仁寶,25.80,25.95,25.65,25.80,-0.10,11282299,290930151,3751
2022-03-15,TWSE,2327,國巨*,432.00,432.00,419.00,420.00,-16.00,2759855,1168099247,3890
2022-03-15,TWSE,2328,廣宇,37.05,37.05,36.10,36.10,-0.95,2178902,79155173,1571
2022-03-15,TWSE,2329,華泰,22.00,22.00,21.20,21.20,-0.80,2140176,45793632,1059
2022-03-15,TWSE,2330,台積電,562.00,563.00,558.00,558.00,-14.00,84338792,47191728965,277901
2022-03-15,TWSE,2331,精英,18.80,18.80,18.30,18.35,-0.50,1141186,21042077,627
2022-03-15,TWSE,2332,友訊,16.05,16.05,15.85,15.90,-0.25,819406,13058343,1293
2022-03-15,TWSE,2337,旺宏,41.55,41.55,40.50,40.50,-1.20,15693257,641622012,7682
2022-03-15,TWSE,2338,光罩,92.20,92.20,90.00,90.20,-1.90,3105722,282510764,2278
2022-03-15,TWSE,2340,台亞,50.20,50.20,47.80,47.80,-2.20,9034533,438477885,5493
2022-03-15,TWSE,2342,茂矽,43.20,43.20,41.70,41.80,-1.45,848323,35732664,855
2022-03-15,TWSE,2344,華邦電,34.15,34.15,33.10,33.25,-0.95,20990249,702074891,10735
2022-03-15,TWSE,2345,智邦,228.50,228.50,218.00,219.00,-10.50,1648933,364358485,2414
2022-03-15,TWSE,2347,聯強,71.50,72.20,71.00,71.40,-1.00,3767731,269323309,2348
2022-03-15,TWSE,2348,海悅,100.00,100.00,99.00,99.20,-1.30,172462,17133173,196
2022-03-15,TWSE,2348A,海悅甲特,37.80,38.00,37.80,37.85,0.10,6302,238625,8
2022-03-15,TWSE,2349,錸德,9.21,9.21,9.09,9.10,-0.14,1292178,11777934,476
2022-03-15,TWSE,2351,順德,134.00,135.50,128.00,128.50,-6.00,2216500,288203755,1879
2022-03-15,TWSE,2352,佳世達,32.00,32.20,31.70,31.70,-0.50,6754674,215123922,3683
2022-03-15,TWSE,2353,宏碁,29.00,29.25,28.75,29.05,-0.20,13839896,401359561,4657
2022-03-15,TWSE,2354,鴻準,62.00,62.10,61.10,61.20,-0.90,2436009,149489761,1787
2022-03-15,TWSE,2355,敬鵬,34.65,34.65,33.00,33.00,-1.65,3956275,132046083,2619
2022-03-15,TWSE,2356,英業達,25.10,25.10,24.90,25.05,-0.05,4476228,112005860,1764
2022-03-15,TWSE,2357,華碩,368.00,368.50,362.00,368.00,-1.50,3387034,1238177240,2916
2022-03-15,TWSE,2358,廷鑫,23.95,23.95,22.80,22.80,-1.05,3303911,76113961,1770
2022-03-15,TWSE,2359,所羅門,26.50,27.65,25.60,26.10,0.40,26751150,715944293,12850
2022-03-15,TWSE,2360,致茂,178.00,180.00,176.00,176.00,-1.50,989651,175627615,560
2022-03-15,TWSE,2362,藍天,30.60,30.60,29.95,30.00,-0.30,241269,7248197,139
2022-03-15,TWSE,2363,矽統,23.70,23.80,23.20,23.35,-0.65,4914724,115240647,2670
2022-03-15,TWSE,2364,倫飛,,,,,0.00,400,7856,91
2022-03-15,TWSE,2365,昆盈,10.95,10.95,10.70,10.75,-0.20,260917,2812000,154
2022-03-15,TWSE,2367,燿華,17.70,17.70,17.25,17.30,-0.40,1533789,26672521,718
2022-03-15,TWSE,2368,金像電,75.80,76.00,73.30,73.70,-2.50,7153527,530910812,5182
2022-03-15,TWSE,2369,菱生,23.20,23.20,22.25,22.35,-0.75,2065408,46460509,1465
2022-03-15,TWSE,2371,大同,32.45,32.80,32.20,32.35,-0.40,22724413,739477171,5745
2022-03-15,TWSE,2373,震旦行,89.10,89.80,89.00,89.00,-0.10,25398,2264264,30
2022-03-15,TWSE,2374,佳能,27.30,27.30,26.50,26.65,-0.70,2065921,55358322,1331
2022-03-15,TWSE,2375,凱美,80.60,80.60,78.50,78.50,-2.10,906216,71545869,824
2022-03-15,TWSE,2376,技嘉,129.50,130.00,126.00,126.00,-4.50,11706323,1494884673,8336
2022-03-15,TWSE,2377,微星,143.00,144.50,139.50,140.00,-3.00,2838500,401655244,2192
2022-03-15,TWSE,2379,瑞昱,463.50,464.00,446.50,447.50,-17.50,2215605,1000693994,2816
2022-03-15,TWSE,2380,虹光,12.15,12.15,11.75,11.75,-0.35,880954,10432207,390
2022-03-15,TWSE,2382,廣達,92.00,92.00,90.70,91.00,-1.00,5714508,519785229,3861
2022-03-15,TWSE,2383,台光電,253.50,254.50,248.50,249.00,-3.50,1267800,317349679,1333
2022-03-15,TWSE,2385,群光,88.80,89.70,88.50,89.30,0.10,1794389,159995948,1400
2022-03-15,TWSE,2387,精元,40.90,40.90,39.50,39.70,-1.20,509599,20282065,227
2022-03-15,TWSE,2388,威盛,61.40,61.50,58.40,58.50,-2.90,3364872,198927560,2378
2022-03-15,TWSE,2390,云辰,19.65,19.85,19.30,19.40,-0.25,1453738,28483157,686
2022-03-15,TWSE,2392,正崴,38.05,38.05,37.60,37.70,-0.35,523026,19716682,445
2022-03-15,TWSE,2393,億光,48.55,48.55,47.00,47.45,-1.05,2201191,104394125,1540
2022-03-15,TWSE,2395,研華,359.50,369.00,356.00,367.00,10.50,1446692,530013538,1125
2022-03-15,TWSE,2397,友通,60.90,61.00,60.50,60.80,-0.10,49643,3019219,38
2022-03-15,TWSE,2399,映泰,21.80,21.80,21.10,21.10,-0.60,1124262,23918316,688
2022-03-15,TWSE,2401,凌陽,33.40,33.40,32.25,32.25,-1.20,2766144,90229754,1859
2022-03-15,TWSE,2402,毅嘉,16.15,16.15,15.75,15.80,-0.25,412333,6541367,223
2022-03-15,TWSE,2404,漢唐,189.00,189.50,184.50,187.50,-1.50,979215,183006980,989
2022-03-15,TWSE,2405,輔信,14.70,14.70,14.00,14.10,-0.65,4281461,60841929,1930
2022-03-15,TWSE,2406,國碩,25.70,26.35,25.40,25.45,-0.20,16546249,429368190,7602
2022-03-15,TWSE,2408,南亞科,75.30,75.50,73.00,73.00,-2.70,12492919,919514658,8527
2022-03-15,TWSE,2409,友達,22.20,22.20,21.80,22.15,-0.15,115005895,2533919575,27495
2022-03-15,TWSE,2412,中華電,123.00,125.00,122.00,125.00,2.00,14584229,1805436431,5483
2022-03-15,TWSE,2413,環科,20.15,20.15,19.50,19.50,-0.65,201374,3964303,157
2022-03-15,TWSE,2414,精技,34.60,34.75,34.40,34.50,-0.30,170031,5881403,158
2022-03-15,TWSE,2415,錩新,40.40,41.50,39.60,40.75,1.15,740957,30117016,545
2022-03-15,TWSE,2417,圓剛,25.10,25.15,24.40,24.60,-0.40,581835,14303115,540
2022-03-15,TWSE,2419,仲琦,20.50,20.65,20.00,20.00,-0.45,869701,17633649,464
2022-03-15,TWSE,2420,新巨,44.00,44.00,43.35,43.35,-0.75,299058,13000230,222
2022-03-15,TWSE,2421,建準,42.40,42.60,41.15,41.20,-1.30,1562411,64815026,1206
2022-03-15,TWSE,2423,固緯,28.15,28.15,27.70,27.85,-0.30,107000,2984950,78
2022-03-15,TWSE,2424,隴華,19.15,19.15,18.90,18.90,1.00,12000,228300,8
2022-03-15,TWSE,2425,承啟,26.35,26.80,25.75,25.90,-0.45,292020,7651569,202
2022-03-15,TWSE,2426,鼎元,25.50,25.60,24.90,25.05,-0.30,1292489,32477341,965
2022-03-15,TWSE,2427,三商電,12.50,12.60,12.45,12.55,-0.05,253002,3162024,85
2022-03-15,TWSE,2428,興勤,128.50,128.50,122.50,123.50,-5.00,366317,45502793,386
2022-03-15,TWSE,2429,銘旺科,15.80,15.80,15.80,15.80,-0.45,1000,15800,1
2022-03-15,TWSE,2430,燦坤,45.70,45.70,43.90,44.50,-0.95,2475463,109949302,1878
2022-03-15,TWSE,2431,聯昌,11.05,11.05,10.85,10.85,-0.30,282970,3092081,126
2022-03-15,TWSE,2433,互盛電,51.30,51.30,51.00,51.20,0.30,93397,4779948,84
2022-03-15,TWSE,2434,統懋,35.50,36.00,35.50,36.00,0.15,6130,220157,9
2022-03-15,TWSE,2436,偉詮電,88.80,88.80,84.50,84.50,-3.70,7232048,618475026,4454
2022-03-15,TWSE,2438,翔耀,13.90,13.90,13.85,13.90,0.00,28340,393355,24
2022-03-15,TWSE,2439,美律,81.50,81.90,80.10,80.10,-1.50,389231,31329967,435
2022-03-15,TWSE,2440,太空梭,14.70,14.70,14.20,14.35,-0.50,253252,3641225,143
2022-03-15,TWSE,2441,超豐,73.70,73.70,72.30,72.40,-1.30,1128107,81983363,1009
2022-03-15,TWSE,2442,新美齊,13.35,13.35,13.10,13.10,-0.30,900100,11835116,461
2022-03-15,TWSE,2443,昶虹,3.40,3.40,3.39,3.39,-0.01,31079,105513,35
2022-03-15,TWSE,2444,兆勁,11.10,11.10,10.80,10.80,-0.20,148866,1620787,89
2022-03-15,TWSE,2449,京元電子,43.05,43.05,42.05,42.10,-0.95,3388245,143740930,2129
2022-03-15,TWSE,2450,神腦,32.85,32.85,32.70,32.70,-0.30,58800,1925152,69
2022-03-15,TWSE,2451,創見,74.80,75.00,73.90,74.40,-0.40,932116,69305930,713
2022-03-15,TWSE,2453,凌群,24.75,24.75,24.25,24.30,-0.45,255051,6235604,90
2022-03-15,TWSE,2454,聯發科,933.00,935.00,901.00,904.00,-40.00,10994846,10002479174,32824
2022-03-15,TWSE,2455,全新,117.00,117.00,113.00,113.00,-5.00,2253085,257885706,1641
2022-03-15,TWSE,2457,飛宏,43.25,43.25,41.85,41.90,-1.25,4611436,194665351,2702
2022-03-15,TWSE,2458,義隆,165.50,166.50,164.00,166.00,-1.50,1619450,267441984,1390
2022-03-15,TWSE,2459,敦吉,56.70,56.80,56.60,56.80,-0.40,27461,1557198,27
2022-03-15,TWSE,2460,建通,24.85,24.85,24.05,24.05,-0.80,245791,5953337,160
2022-03-15,TWSE,2461,光群雷,23.95,23.95,23.30,23.30,-0.55,1370044,32226903,538
2022-03-15,TWSE,2462,良得電,35.05,36.20,33.05,33.05,-2.20,8303118,284769540,4370
2022-03-15,TWSE,2464,盟立,41.30,41.30,40.65,40.70,-0.60,342727,14006009,302
2022-03-15,TWSE,2465,麗臺,67.50,67.70,65.60,65.60,-1.30,984948,65204078,832
2022-03-15,TWSE,2466,冠西電,34.00,34.00,33.55,33.70,-0.30,49272,1662398,46
2022-03-15,TWSE,2467,志聖,49.05,49.05,48.25,48.70,-0.70,232211,11290167,169
2022-03-15,TWSE,2468,華經,13.15,13.25,13.05,13.25,-0.05,33000,433000,19
2022-03-15,TWSE,2471,資通,25.40,25.50,25.30,25.35,-0.05,84477,2144793,67
2022-03-15,TWSE,2472,立隆電,64.00,64.00,62.10,62.10,-1.90,501954,31395860,424
2022-03-15,TWSE,2474,可成,144.00,144.50,142.50,143.50,-1.00,2000665,287096199,1466
2022-03-15,TWSE,2476,鉅祥,55.80,55.80,53.30,53.30,-2.50,1741245,93770705,1247
2022-03-15,TWSE,2477,美隆電,32.50,32.50,31.00,31.35,-1.10,698728,22061113,431
2022-03-15,TWSE,2478,大毅,60.10,60.10,59.20,59.20,-0.70,344818,20525376,235
2022-03-15,TWSE,2480,敦陽科,95.00,96.10,93.90,93.90,0.30,1157480,110301455,965
2022-03-15,TWSE,2481,強茂,101.00,101.00,95.00,95.00,-7.00,11092212,1076958434,9270
2022-03-15,TWSE,2482,連宇,13.65,13.65,13.05,13.10,-0.55,404029,5365821,235
2022-03-15,TWSE,2483,百容,23.80,23.85,23.20,23.20,-0.50,192101,4516582,86
2022-03-15,TWSE,2484,希華,32.00,32.00,31.10,31.30,-0.60,533421,16726717,404
2022-03-15,TWSE,2485,兆赫,18.00,18.05,17.75,17.75,-0.35,627244,11196429,679
2022-03-15,TWSE,2486,一詮,41.25,41.25,39.00,39.10,-2.15,2629770,104259761,1797
2022-03-15,TWSE,2488,漢平,26.60,26.65,26.55,26.60,-0.15,50116,1332820,93
2022-03-15,TWSE,2489,瑞軒,15.45,15.45,15.10,15.15,-0.35,1456658,22143521,785
2022-03-15,TWSE,2491,吉祥全,18.50,18.50,17.80,17.80,-0.70,76510,1374678,60
2022-03-15,TWSE,2492,華新科,140.00,140.50,138.00,138.50,-3.00,1766629,244946135,1631
2022-03-15,TWSE,2493,揚博,39.85,39.90,39.75,39.85,0.00,299201,11909629,180
2022-03-15,TWSE,2495,普安,15.10,15.10,14.70,14.75,-0.50,728965,10791383,395
2022-03-15,TWSE,2496,卓越,49.10,49.10,48.85,48.85,-0.25,24020,1176879,17
2022-03-15,TWSE,2497,怡利電,102.50,102.50,96.50,96.50,-5.50,1439789,141255723,905
2022-03-15,TWSE,2498,宏達電,57.50,57.60,55.50,55.60,-2.10,21412245,1201576198,10576
2022-03-15,TWSE,2501,國建,18.80,18.80,18.65,18.65,-0.15,290180,5427459,202
2022-03-15,TWSE,2504,國產,27.70,27.85,27.40,27.50,-0.05,2866867,78958311,1263
2022-03-15,TWSE,2505,國揚,22.40,22.40,22.05,22.15,-0.35,277887,6159042,209
2022-03-15,TWSE,2506,太設,9.07,9.08,9.06,9.06,-0.01,56799,514695,43
2022-03-15,TWSE,2509,全坤建,17.55,17.55,16.40,16.90,-0.90,1461063,24591063,2141
2022-03-15,TWSE,2511,太子,13.15,13.15,12.90,12.95,-0.20,1301403,16901003,470
2022-03-15,TWSE,2514,龍邦,17.60,17.60,17.45,17.50,-0.05,30874,540731,44
2022-03-15,TWSE,2515,中工,9.06,9.08,8.96,8.98,-0.06,2402559,21580829,788
2022-03-15,TWSE,2516,新建,5.83,5.84,5.76,5.79,-0.05,173332,1001554,87
2022-03-15,TWSE,2520,冠德,37.35,37.35,36.95,37.10,-0.20,686839,25506483,553
2022-03-15,TWSE,2524,京城,36.15,36.15,35.60,35.60,-0.95,45156,1616323,39
2022-03-15,TWSE,2527,宏璟,30.30,30.30,29.80,29.90,-0.40,740925,22227655,388
2022-03-15,TWSE,2528,皇普,21.10,21.25,21.05,21.25,-0.10,13000,275000,4
2022-03-15,TWSE,2530,華建,14.55,14.55,14.50,14.50,-0.05,280593,4070349,95
2022-03-15,TWSE,2534,宏盛,24.20,24.25,24.05,24.25,-0.05,992867,23989253,465
2022-03-15,TWSE,2535,達欣工,34.50,34.55,34.20,34.30,-0.20,839045,28793896,706
2022-03-15,TWSE,2536,宏普,22.60,22.65,22.50,22.55,-0.15,152000,3433000,70
2022-03-15,TWSE,2537,聯上發,10.10,10.15,9.99,10.00,-0.15,1376618,13801151,254
2022-03-15,TWSE,2538,基泰,12.35,12.35,12.15,12.15,-0.15,950412,11562390,219
2022-03-15,TWSE,2539,櫻花建,31.05,31.10,30.90,31.00,-0.10,400442,12416810,157
2022-03-15,TWSE,2540,愛山林,94.90,95.00,93.50,93.50,1.10,27576,2592560,28
2022-03-15,TWSE,2542,興富發,49.85,50.70,49.55,50.50,0.90,14238188,714171426,6737
2022-03-15,TWSE,2543,皇昌,7.51,7.61,7.48,7.61,0.05,81018,608967,24
2022-03-15,TWSE,2545,皇翔,42.40,42.40,41.05,41.35,-0.85,792567,32956215,475
2022-03-15,TWSE,2546,根基,52.10,52.20,51.90,52.00,0.00,115681,6025039,128
2022-03-15,TWSE,2547,日勝生,10.25,10.30,10.15,10.20,-0.10,1129879,11529974,486
2022-03-15,TWSE,2548,華固,90.60,90.80,90.20,90.40,-0.20,457811,41386012,401
2022-03-15,TWSE,2597,潤弘,140.00,140.00,135.00,136.00,-2.50,208941,28549690,213
2022-03-15,TWSE,2601,益航,12.60,12.70,12.05,12.05,-0.50,5798556,71050999,2333
2022-03-15,TWSE,2603,長榮,165.00,167.00,157.50,158.00,-6.50,299775867,48261929886,132306
2022-03-15,TWSE,2605,新興,28.70,29.05,27.40,27.40,-1.40,12238365,342405857,6454
2022-03-15,TWSE,2606,裕民,67.00,67.70,62.50,62.50,-4.70,31156768,2033696615,17947
2022-03-15,TWSE,2607,榮運,39.75,39.85,37.15,37.50,-1.80,43100704,1640538177,20664
2022-03-15,TWSE,2608,嘉里大榮,41.80,41.80,40.85,40.90,-0.65,617076,25368540,490
2022-03-15,TWSE,2609,陽明,134.00,136.50,130.00,130.00,-2.50,302248948,40179992513,132005
2022-03-15,TWSE,2610,華航,27.20,27.35,26.30,26.30,-0.20,175236890,4699801849,42067
2022-03-15,TWSE,2611,志信,25.25,25.40,24.00,24.40,-0.65,6730454,164430274,3262
2022-03-15,TWSE,2612,中航,55.20,56.20,52.70,52.90,-2.70,2521258,136063352,1690
2022-03-15,TWSE,2613,中櫃,39.15,39.80,36.20,36.60,-2.15,6264389,234188503,3639
2022-03-15,TWSE,2614,東森,31.75,31.80,30.50,30.55,-1.20,5861354,180214213,3764
2022-03-15,TWSE,2615,萬海,185.00,186.00,172.50,172.50,-9.50,39874846,7093529560,27177
2022-03-15,TWSE,2616,山隆,38.75,38.90,38.60,38.80,0.00,136668,5298620,463
2022-03-15,TWSE,2617,台航,37.60,38.15,36.10,36.15,-0.95,11784907,438705039,6462
2022-03-15,TWSE,2618,長榮航,30.70,30.95,29.50,29.50,-0.10,188995692,5714806369,53740
2022-03-15,TWSE,2630,亞航,18.45,18.50,18.20,18.30,-0.15,102457,1874379,86
2022-03-15,TWSE,2633,台灣高鐵,28.70,28.70,28.25,28.45,-0.25,2369415,67214302,1653
2022-03-15,TWSE,2634,漢翔,29.20,29.50,29.00,29.00,-0.30,1311867,38215524,588
2022-03-15,TWSE,2636,台驊控股,144.00,144.00,134.00,134.00,-5.50,7617250,1062846761,5097
2022-03-15,TWSE,2637,慧洋-KY,99.80,100.50,92.20,92.20,-7.20,22069150,2102011012,14891
2022-03-15,TWSE,2642,宅配通,72.00,72.30,68.40,68.70,-2.60,873905,60553247,712
2022-03-15,TWSE,2701,萬企,12.05,12.20,12.05,12.10,0.00,57908,703436,36
2022-03-15,TWSE,2702,華園,25.15,25.15,24.80,24.85,-0.30,73941,1846524,61
2022-03-15,TWSE,2704,國賓,34.30,34.50,33.55,33.70,-0.40,338118,11433920,205
2022-03-15,TWSE,2705,六福,17.05,17.15,16.85,16.95,-0.20,258787,4394906,221
2022-03-15,TWSE,2706,第一店,14.15,14.15,14.05,14.05,-0.05,99191,1399761,131
2022-03-15,TWSE,2707,晶華,162.50,163.00,160.00,160.00,-3.50,599854,96622185,511
2022-03-15,TWSE,2712,遠雄來,37.00,37.00,37.00,37.00,-0.30,1000,37000,1
2022-03-15,TWSE,2722,夏都,31.45,32.45,31.40,31.40,-0.10,18000,568850,17
2022-03-15,TWSE,2723,美食-KY,96.10,96.10,93.30,93.30,-2.70,1002500,94225352,941
2022-03-15,TWSE,2727,王品,121.00,121.00,118.00,119.00,-2.00,281495,33482048,702
2022-03-15,TWSE,2731,雄獅,98.10,99.10,96.00,97.00,-2.10,905157,88001956,901
2022-03-15,TWSE,2739,寒舍,23.05,23.05,22.35,22.60,-0.10,36078,813328,31
2022-03-15,TWSE,2748,雲品,41.00,41.00,39.85,39.95,-0.35,92254,3696991,86
2022-03-15,TWSE,2753,八方雲集,121.50,123.50,120.00,123.00,1.50,190279,23089661,192
2022-03-15,TWSE,2801,彰銀,17.65,17.65,17.50,17.65,0.00,5970384,105051497,2404
2022-03-15,TWSE,2809,京城銀,39.20,39.30,38.85,38.95,-0.25,2797768,109004579,1732
2022-03-15,TWSE,2812,台中銀,13.70,13.80,13.70,13.80,0.10,6296318,86655421,2464
2022-03-15,TWSE,2816,旺旺保,19.20,19.20,19.10,19.20,0.00,9002,172438,9
2022-03-15,TWSE,2820,華票,17.20,17.30,17.15,17.30,0.10,661337,11389280,392
2022-03-15,TWSE,2832,台產,20.30,20.30,20.15,20.15,-0.10,150567,3040217,134
2022-03-15,TWSE,2834,臺企銀,11.20,11.30,11.15,11.30,0.05,26682193,299679669,5480
2022-03-15,TWSE,2836,高雄銀,13.55,13.65,13.45,13.55,-0.05,756202,10251259,321
2022-03-15,TWSE,2836A,高雄銀甲特,24.60,24.60,24.50,24.60,-0.05,29059,713251,17
2022-03-15,TWSE,2838,聯邦銀,14.55,14.60,14.45,14.60,0.10,2521717,36627687,886
2022-03-15,TWSE,2838A,聯邦銀甲特,53.00,53.10,52.90,53.10,0.00,322000,17063000,49
2022-03-15,TWSE,2841,台開,3.60,3.66,3.60,3.66,0.00,1038622,3770530,199
2022-03-15,TWSE,2845,遠東銀,11.25,11.25,11.15,11.25,0.05,2958082,33115812,757
2022-03-15,TWSE,2849,安泰銀,15.35,15.35,15.25,15.35,0.00,124213,1903515,58
2022-03-15,TWSE,2850,新產,49.55,49.55,48.90,49.15,-0.15,185563,9117644,159
2022-03-15,TWSE,2851,中再保,29.90,30.25,29.70,29.75,0.20,3832002,114845412,1835
2022-03-15,TWSE,2852,第一保,14.70,14.70,14.50,14.60,-0.10,157068,2291396,67
2022-03-15,TWSE,2855,統一證,22.30,22.30,22.05,22.15,-0.05,1716966,37981793,814
2022-03-15,TWSE,2867,三商壽,8.31,8.49,8.31,8.48,0.18,14885800,124989912,2636
2022-03-15,TWSE,2880,華南金,22.50,22.50,22.25,22.50,0.00,8691185,194823535,3448
2022-03-15,TWSE,2881,富邦金,72.80,72.90,72.10,72.70,0.00,15360893,1112966647,11593
2022-03-15,TWSE,2881A,富邦特,62.70,62.90,62.60,62.90,0.00,192000,12037700,53
2022-03-15,TWSE,2881B,富邦金乙特,62.50,62.80,62.50,62.80,0.00,38453,2407927,26
2022-03-15,TWSE,2881C,富邦金丙特,60.40,60.40,60.30,60.30,-0.10,45084,2719128,89
2022-03-15,TWSE,2882,國泰金,61.30,61.50,60.90,61.30,0.10,16334901,999369129,5993
2022-03-15,TWSE,2882A,國泰特,62.70,62.80,62.60,62.80,0.00,20289,1272662,20
2022-03-15,TWSE,2882B,國泰金乙特,62.60,63.00,62.30,63.00,0.00,14008,874420,10
2022-03-15,TWSE,2883,凱基金,17.60,17.90,17.45,17.80,0.25,65826946,1163975671,17161
2022-03-15,TWSE,2883B,凱基金乙特,9.22,9.25,9.18,9.23,0.01,1832922,16869315,694
2022-03-15,TWSE,2884,玉山金,30.00,30.15,29.90,30.10,0.05,20111517,604041964,8007
2022-03-15,TWSE,2885,元大金,24.85,24.85,24.50,24.65,-0.20,16886202,415096698,6017
2022-03-15,TWSE,2886,兆豐金,38.50,38.70,38.30,38.60,0.10,15187136,584834279,7695
2022-03-15,TWSE,2887,台新新光金,19.00,19.10,18.80,19.00,0.15,19214745,363576534,9240
2022-03-15,TWSE,2887E,台新新光戊特一,52.90,53.00,52.80,53.00,0.00,180000,9531500,51
2022-03-15,TWSE,2887F,台新新光戊特二,51.90,51.90,51.80,51.90,0.00,14030,727157,13
2022-03-15,TWSE,2888,新光金,10.05,10.15,10.00,10.10,0.05,81666460,819742204,8718
2022-03-15,TWSE,2888A,新光金甲特,42.55,42.55,42.40,42.45,-0.10,43779,1859094,45
2022-03-15,TWSE,2888B,新光金乙特,42.95,42.95,42.70,42.80,-0.20,101902,4361299,49
2022-03-15,TWSE,2889,國票金,15.60,15.90,15.50,15.85,0.80,18257444,287234956,6642
2022-03-15,TWSE,2890,永豐金,17.00,17.05,16.85,17.00,0.00,12819600,217207650,4525
2022-03-15,TWSE,2891,中信金,26.65,26.90,26.50,26.60,-0.20,34763568,925956661,8521
2022-03-15,TWSE,2891B,中信金乙特,63.60,63.70,63.60,63.70,-0.10,2050,130480,3
2022-03-15,TWSE,2891C,中信金丙特,62.20,62.30,61.70,62.30,0.00,15758,978958,17
2022-03-15,TWSE,2892,第一金,25.85,25.90,25.70,25.90,-0.05,13712792,353945294,4776
2022-03-15,TWSE,2897,王道銀行,9.02,9.05,8.94,8.99,-0.03,5342427,48059110,1484
2022-03-15,TWSE,2897A,王道銀甲特,10.20,10.25,10.20,10.20,0.00,26000,265300,12
2022-03-15,TWSE,2901,欣欣,25.20,25.20,25.00,25.00,-0.20,4783,120209,31
2022-03-15,TWSE,2903,遠百,21.30,21.30,21.05,21.05,-0.15,315582,6662640,209
2022-03-15,TWSE,2904,匯僑,24.25,24.25,23.95,23.95,-0.35,127074,3052759,116
2022-03-15,TWSE,2905,三商,21.00,21.05,20.80,20.80,-0.25,232673,4853683,151
2022-03-15,TWSE,2906,高林,28.30,29.85,26.35,27.55,0.05,120323361,3359761046,49451
2022-03-15,TWSE,2908,特力,21.00,21.00,20.70,20.95,-0.05,275910,5758285,160
2022-03-15,TWSE,2910,統領,30.40,30.50,30.35,30.50,0.15,9001,273630,9
2022-03-15,TWSE,2911,麗嬰房,7.70,7.70,7.62,7.62,-0.08,119652,918163,296
2022-03-15,TWSE,2912,統一超,261.00,262.00,259.50,261.50,1.50,1607883,419346089,1169
2022-03-15,TWSE,2913,農林,19.20,19.25,18.85,18.90,-0.30,1152285,21810859,578
2022-03-15,TWSE,2915,潤泰全,107.50,107.50,105.50,106.00,-1.50,2690852,285939544,2047
2022-03-15,TWSE,2923,鼎固-KY,24.80,24.80,24.20,24.20,-0.90,48316,1175115,60
2022-03-15,TWSE,2929,淘帝-KY,9.77,9.85,9.15,9.15,-0.55,729106,6825776,383
2022-03-15,TWSE,2936,客思達-KY,38.75,38.75,38.70,38.75,0.00,49000,1897700,26
2022-03-15,TWSE,2939,永邑-KY,24.05,24.30,23.60,23.60,-0.75,230115,5437502,33
2022-03-15,TWSE,2945,三商家購,59.50,59.70,59.00,59.10,-0.30,61900,3678614,83
2022-03-15,TWSE,3002,歐格,11.45,11.50,11.35,11.45,-0.10,87008,991191,51
2022-03-15,TWSE,3003,健和興,82.00,83.50,81.00,81.00,-2.00,604895,49209450,655
2022-03-15,TWSE,3004,豐達科,57.00,57.10,56.50,56.80,-0.30,59125,3347426,52
2022-03-15,TWSE,3005,神基,56.70,56.90,55.60,56.10,-0.60,2519371,141537067,1324
2022-03-15,TWSE,3006,晶豪科,162.50,162.50,153.50,153.50,-10.50,18604500,2933336091,13377
2022-03-15,TWSE,3008,大立光,1975.00,1980.00,1960.00,1965.00,0.00,401006,789403790,4123
2022-03-15,TWSE,3010,華立,107.00,107.50,104.50,105.00,-2.50,865034,91174731,676
2022-03-15,TWSE,3011,今皓,12.65,12.65,11.60,11.85,-0.80,2273735,27221689,895
2022-03-15,TWSE,3013,晟銘電,13.25,13.25,13.05,13.10,-0.15,153767,2020143,106
2022-03-15,TWSE,3014,聯陽,112.50,112.50,109.00,109.00,-3.50,2490196,273412635,2067
2022-03-15,TWSE,3015,全漢,42.85,42.85,42.30,42.45,-0.50,282422,11993813,164
2022-03-15,TWSE,3016,嘉晶,110.00,117.00,108.00,114.00,5.00,32382248,3663177829,20934
2022-03-15,TWSE,3017,奇鋐,115.50,116.00,105.50,106.00,-11.00,26475598,2925958278,15341
2022-03-15,TWSE,3018,隆銘綠能,20.00,20.00,19.30,19.65,-0.35,248587,4911047,213
2022-03-15,TWSE,3019,亞光,76.80,76.80,75.20,75.20,-2.20,1422047,107819180,1336
2022-03-15,TWSE,3021,鴻名,22.40,22.40,21.85,21.85,-0.45,157031,3459726,109
2022-03-15,TWSE,3022,威強電,46.00,46.00,45.35,45.60,-0.40,144076,6573217,182
2022-03-15,TWSE,3023,信邦,255.00,255.00,234.00,234.00,-25.00,1800961,430081759,2383
2022-03-15,TWSE,3024,憶聲,12.50,12.50,12.20,12.20,-0.35,290740,3592436,156
2022-03-15,TWSE,3025,星通,18.80,18.80,18.35,18.35,-0.50,71165,1314756,63
2022-03-15,TWSE,3026,禾伸堂,118.50,118.50,115.50,116.00,-2.50,834956,97432305,628
2022-03-15,TWSE,3027,盛達,21.40,21.40,21.00,21.00,-0.40,384339,8091945,200
2022-03-15,TWSE,3028,增你強,37.65,37.90,36.90,36.95,-0.50,1135409,42150159,844
2022-03-15,TWSE,3029,零壹,49.45,49.55,48.65,48.80,-0.65,2765945,135250186,1934
2022-03-15,TWSE,3030,德律,63.70,63.70,62.60,62.80,-1.00,773951,48720538,591
2022-03-15,TWSE,3031,佰鴻,21.05,21.10,20.25,20.25,-0.80,379104,7740561,243
2022-03-15,TWSE,3032,偉訓,30.90,30.90,30.45,30.50,-0.45,136709,4178539,136
2022-03-15,TWSE,3033,威健,32.40,32.45,31.75,31.75,-0.45,5029967,161511425,2534
2022-03-15,TWSE,3034,聯詠,465.00,465.50,450.00,451.50,-11.50,4323834,1965108947,6377
2022-03-15,TWSE,3035,智原,288.50,290.00,258.50,260.50,-25.50,46128758,12521978269,37787
2022-03-15,TWSE,3036,文曄,85.70,85.70,83.70,83.80,-1.90,1220036,102754028,1255
2022-03-15,TWSE,3036A,文曄甲特,49.70,49.70,49.55,49.65,-0.05,43100,2139510,26
2022-03-15,TWSE,3037,欣興,223.50,225.00,213.50,217.50,-7.50,37435065,8176092948,37849
2022-03-15,TWSE,3038,全台,19.25,19.25,19.05,19.10,-0.05,269334,5147580,164
2022-03-15,TWSE,3040,遠見,37.05,37.05,36.80,36.90,-0.30,52695,1945089,51
2022-03-15,TWSE,3041,揚智,33.20,33.20,31.20,31.20,-1.95,3646218,115927947,2272
2022-03-15,TWSE,3042,晶技,97.30,97.70,95.50,96.50,-0.70,1519427,146227032,1361
2022-03-15,TWSE,3043,科風,4.57,4.57,4.50,4.50,-0.07,329125,1482469,96
2022-03-15,TWSE,3044,健鼎,128.50,129.00,127.00,129.00,0.50,869180,111246588,645
2022-03-15,TWSE,3045,台灣大,106.00,106.00,105.50,106.00,0.00,2374609,251264891,1713
2022-03-15,TWSE,3046,建碁,31.30,31.60,30.10,30.30,-1.00,132606,4033477,126
2022-03-15,TWSE,3047,訊舟,12.25,12.25,11.65,11.65,-0.60,2340266,27698421,1166
2022-03-15,TWSE,3048,益登,35.00,35.40,34.75,34.80,-0.50,1606095,56067184,1014
2022-03-15,TWSE,3049,精金,13.95,13.95,13.45,13.55,-0.40,4996094,68320222,1886
2022-03-15,TWSE,3050,鈺德,17.85,18.15,17.60,17.60,-0.30,3216152,57407650,900
2022-03-15,TWSE,3051,力特,23.00,23.00,21.45,21.80,-1.05,3027398,66535582,1604
2022-03-15,TWSE,3052,夆典,10.20,10.20,10.10,10.15,-0.05,190641,1939586,107
2022-03-15,TWSE,3054,立萬利,22.55,22.90,22.10,22.15,-0.80,51041,1139334,44
2022-03-15,TWSE,3055,蔚華科,27.30,27.35,27.05,27.05,-0.15,113586,3086134,304
2022-03-15,TWSE,3056,富華新,39.10,39.10,38.70,39.10,-0.05,653563,25404101,345
2022-03-15,TWSE,3057,喬鼎,12.70,12.90,12.50,12.80,0.10,185565,2362786,698
2022-03-15,TWSE,3058,立德,13.70,13.70,13.45,13.50,-0.25,243199,3285340,160
2022-03-15,TWSE,3059,華晶科,43.00,43.50,41.90,42.05,-1.20,5899614,250874390,3424
2022-03-15,TWSE,3060,銘異,22.65,22.75,22.00,22.05,-0.55,575611,12809654,509
2022-03-15,TWSE,3062,建漢,24.35,24.35,23.65,23.75,-0.65,2307382,55150700,1445
2022-03-15,TWSE,3090,日電貿,53.10,53.10,52.30,52.30,-0.80,239535,12586114,215
2022-03-15,TWSE,3092,鴻碩,58.00,58.50,56.80,58.00,0.00,719865,41473891,435
2022-03-15,TWSE,3094,聯傑,33.15,33.30,31.55,31.60,-1.40,996445,32001558,677
2022-03-15,TWSE,3130,一零四,195.50,197.00,195.00,197.00,1.00,6179,1209553,91
2022-03-15,TWSE,3138,耀登,167.50,167.50,153.00,158.00,-9.50,487129,77657549,694
2022-03-15,TWSE,3149,正達,23.85,23.85,22.30,22.30,-1.35,1009108,22767513,617
2022-03-15,TWSE,3164,景岳,24.00,24.10,23.80,24.10,0.10,29469,703978,51
2022-03-15,TWSE,3167,大量,67.80,68.10,64.90,64.90,-3.10,512273,33565123,368
2022-03-15,TWSE,3189,景碩,186.00,186.50,172.00,172.00,-16.00,15530529,2743910937,15149
2022-03-15,TWSE,3209,全科,34.45,34.85,34.30,34.40,-0.05,2120630,73328967,1416
2022-03-15,TWSE,3229,晟鈦,17.00,17.00,16.75,16.75,-0.10,26045,439443,67
2022-03-15,TWSE,3231,緯創,29.65,29.80,29.30,29.35,-0.30,8264481,243628771,5096
2022-03-15,TWSE,3257,虹冠電,79.60,79.70,79.20,79.50,-0.20,1208005,95909767,1075
2022-03-15,TWSE,3266,昇陽,13.50,13.50,13.50,13.50,0.00,5000,67500,3
2022-03-15,TWSE,3296,勝德,16.60,16.60,15.65,15.65,-0.95,599435,9498627,310
2022-03-15,TWSE,3305,昇貿,70.60,70.90,68.60,68.80,-2.30,2069012,143935953,1813
2022-03-15,TWSE,3308,聯德,14.80,14.85,14.20,14.20,-0.80,82671,1213354,71
2022-03-15,TWSE,3311,閎暉,32.90,32.90,32.70,32.75,-0.30,60939,1997949,79
2022-03-15,TWSE,3312,弘憶股,26.55,26.70,25.60,25.75,-0.60,1715537,44426216,961
2022-03-15,TWSE,3321,同泰,12.35,12.35,12.20,12.20,-0.10,130530,1600373,152
2022-03-15,TWSE,3338,泰碩,53.00,53.00,51.20,51.50,-1.30,747047,38512049,652
2022-03-15,TWSE,3346,麗清,37.10,37.10,36.10,36.10,-1.00,391168,14182834,279
2022-03-15,TWSE,3356,奇偶,27.90,27.90,27.35,27.65,-0.25,246210,6769316,187
2022-03-15,TWSE,3376,新日興,83.00,83.00,79.80,81.70,-0.70,1449649,117272978,1102
2022-03-15,TWSE,3380,明泰,30.60,30.60,30.00,30.10,-0.30,1064859,32192610,718
2022-03-15,TWSE,3383,新世紀,6.98,7.00,6.80,6.89,0.19,218358,1516162,72
2022-03-15,TWSE,3406,玉晶光,420.00,420.00,406.50,406.50,-16.00,1433259,587715377,1808
2022-03-15,TWSE,3413,京鼎,214.00,214.00,206.00,207.00,-7.50,769903,160963033,687
2022-03-15,TWSE,3416,融程電,77.50,77.70,77.00,77.30,-0.20,47180,3642660,48
2022-03-15,TWSE,3419,譁裕,20.70,20.70,19.75,19.85,-0.70,1134461,22725888,639
2022-03-15,TWSE,3432,台端,14.05,14.10,14.00,14.05,-0.20,29000,407250,14
2022-03-15,TWSE,3437,榮創,22.95,23.00,22.25,22.35,-0.55,648471,14620288,375
2022-03-15,TWSE,3443,創意,464.00,464.00,426.00,427.00,-36.00,1654699,725483687,2444
2022-03-15,TWSE,3450,聯鈞,48.95,48.95,47.85,47.85,-1.10,451269,21717809,397
2022-03-15,TWSE,3454,晶睿,76.50,76.50,75.80,76.00,-0.90,115355,8774837,83
2022-03-15,TWSE,3481,群創,17.65,17.65,17.30,17.35,-0.35,83246582,1450918983,17781
2022-03-15,TWSE,3494,誠研,4.83,4.85,4.83,4.84,0.01,24071,116512,75
2022-03-15,TWSE,3501,維熹,46.75,46.75,46.25,46.30,-0.45,91595,4250412,93
2022-03-15,TWSE,3504,揚明光,79.00,79.00,75.90,76.00,-3.00,916401,70074964,772
2022-03-15,TWSE,3515,華擎,199.50,200.50,195.00,195.00,-6.00,1043074,205310893,988
2022-03-15,TWSE,3518,柏騰,20.30,20.30,19.90,19.90,-0.60,98323,1967587,83
2022-03-15,TWSE,3528,安馳,52.00,52.00,51.40,51.70,-0.30,39542,2046548,41
2022-03-15,TWSE,3530,晶相光,98.90,98.90,94.80,95.20,-4.20,658519,63025417,694
2022-03-15,TWSE,3532,台勝科,308.50,308.50,283.50,285.00,-23.50,6259025,1853533761,6694
2022-03-15,TWSE,3533,嘉澤,620.00,626.00,606.00,614.00,-8.00,723887,445974997,878
2022-03-15,TWSE,3535,晶彩科,21.15,21.50,20.15,20.15,-0.95,1181649,24334974,577
2022-03-15,TWSE,3536,誠創,5.79,5.79,5.70,5.70,-0.10,2000,11490,2
2022-03-15,TWSE,3543,州巧,24.20,24.20,23.45,23.60,-0.60,32178,758238,98
2022-03-15,TWSE,3545,敦泰,145.50,146.50,143.00,144.00,-4.00,3594615,519803107,3108
2022-03-15,TWSE,3550,聯穎,16.90,16.90,16.55,16.70,-0.30,199056,3331579,146
2022-03-15,TWSE,3557,嘉威,71.90,73.00,71.90,72.20,0.50,87771,6354004,106
2022-03-15,TWSE,3563,牧德,212.00,212.00,208.00,208.00,-4.50,207442,43357184,293
2022-03-15,TWSE,3576,聯合再生,22.50,22.80,21.55,21.60,-0.85,14847880,328833990,6570
2022-03-15,TWSE,3583,辛耘,84.60,85.20,82.80,83.10,-2.60,802486,67147485,991
2022-03-15,TWSE,3588,通嘉,133.50,133.50,127.50,128.00,-5.50,1138709,147322136,1909
2022-03-15,TWSE,3591,艾笛森,19.40,19.40,18.75,18.85,-0.75,353267,6684138,212
2022-03-15,TWSE,3592,瑞鼎,525.00,526.00,499.00,502.00,-32.00,1959837,993077726,3246
2022-03-15,TWSE,3593,力銘,14.80,14.85,14.30,14.70,-0.40,92160,1333363,125
2022-03-15,TWSE,3596,智易,113.00,113.50,111.00,112.50,-1.00,1827478,205222883,1461
2022-03-15,TWSE,3605,宏致,48.50,48.50,46.65,46.70,-1.35,2111189,99372475,1352
2022-03-15,TWSE,3607,谷崧,13.90,13.95,13.50,13.50,-0.45,582881,7926086,327
2022-03-15,TWSE,3617,碩天,70.30,70.30,69.30,69.50,-0.80,47163,3286530,38
2022-03-15,TWSE,3622,洋華,27.00,27.40,26.75,27.20,0.30,236105,6401972,146
2022-03-15,TWSE,3645,達邁,45.85,46.10,43.85,43.90,-1.95,902634,40086289,727
2022-03-15,TWSE,3653,健策,356.00,360.50,349.50,350.00,-12.00,527999,186649087,597
2022-03-15,TWSE,3661,世芯-KY,1065.00,1070.00,972.00,972.00,-108.00,2340745,2342123025,2865
2022-03-15,TWSE,3665,貿聯-KY,301.00,301.50,293.50,297.50,-7.00,2717481,806767626,1998
2022-03-15,TWSE,3669,圓展,51.60,51.60,50.40,50.40,-1.20,266028,13493749,206
2022-03-15,TWSE,3673,TPK-KY,37.45,37.45,36.45,36.60,-0.70,1308693,48078691,713
2022-03-15,TWSE,3679,新至陞,86.60,86.60,85.70,85.80,-1.80,62211,5359957,74
2022-03-15,TWSE,3682,亞太電,6.49,6.54,6.45,6.53,0.04,5576917,36225890,1368
2022-03-15,TWSE,3686,達能,15.90,16.40,15.50,15.80,-0.05,1723140,27566098,984
2022-03-15,TWSE,3694,海華,20.75,20.80,20.20,20.25,-0.60,224617,4581879,156
2022-03-15,TWSE,3701,大眾控,60.60,60.60,57.10,57.10,-3.50,1903258,110621555,1327
2022-03-15,TWSE,3702,大聯大,57.40,57.40,55.90,56.40,-0.80,5560059,313537306,2943
2022-03-15,TWSE,3702A,大聯大甲特,50.20,50.30,50.10,50.20,0.00,238001,11945049,22
2022-03-15,TWSE,3703,欣陸,23.50,23.75,23.30,23.60,0.05,517996,12182556,323
2022-03-15,TWSE,3704,合勤控,29.60,30.00,29.10,29.20,-1.00,2720667,79995302,1562
2022-03-15,TWSE,3705,永信,42.85,42.90,42.75,42.80,0.00,104258,4464787,118
2022-03-15,TWSE,3706,神達,32.05,32.05,31.60,31.75,-0.30,3404201,108075772,1823
2022-03-15,TWSE,3708,上緯投控,91.10,91.10,89.00,89.00,-1.50,282851,25323857,448
2022-03-15,TWSE,3711,日月光投控,101.00,101.00,98.60,98.90,-3.10,12013252,1196158780,9660
2022-03-15,TWSE,3712,永崴投控,30.75,30.75,29.95,30.00,-0.45,403178,12132578,237
2022-03-15,TWSE,3714,富采,70.60,71.00,67.60,69.40,-1.80,20231839,1393990476,14866
2022-03-15,TWSE,4104,佳醫,62.80,63.90,62.20,62.60,0.00,1080488,68056586,985
2022-03-15,TWSE,4106,雃博,26.00,26.00,25.70,25.75,-0.35,94440,2434565,132
2022-03-15,TWSE,4108,懷特,20.30,20.35,20.10,20.10,-0.20,322824,6515751,500
2022-03-15,TWSE,4119,旭富,87.80,87.80,84.80,85.40,-2.40,453498,39068875,429
2022-03-15,TWSE,4133,亞諾法,38.30,38.60,36.60,36.60,-1.00,633645,23783849,504
2022-03-15,TWSE,4137,麗豐-KY,203.00,205.50,201.50,201.50,-3.50,174055,35305281,164
2022-03-15,TWSE,4141,龍燈-KY,25.85,25.90,25.85,25.90,0.05,540727,13984018,205
2022-03-15,TWSE,4142,國光生,39.10,39.90,39.10,39.30,0.25,2050709,81022652,1051
2022-03-15,TWSE,4148,全宇生技-KY,64.20,67.90,59.30,60.30,-3.90,3666703,235959771,2763
2022-03-15,TWSE,4155,訊映,22.50,22.50,22.25,22.30,-0.20,198125,4428354,419
2022-03-15,TWSE,4164,承業醫,42.20,43.20,41.50,41.50,-0.45,1711448,72300031,1074
2022-03-15,TWSE,4190,佐登-KY,68.30,68.30,67.10,67.70,0.00,29064,1961320,32
2022-03-15,TWSE,4306,炎洲,14.90,14.90,14.70,14.80,-0.05,427501,6316494,267
2022-03-15,TWSE,4414,如興,6.03,6.08,5.90,5.90,-0.13,5307689,31517385,1527
2022-03-15,TWSE,4426,利勤,22.70,22.70,21.80,21.85,-0.45,161346,3552787,163
2022-03-15,TWSE,4438,廣越,111.50,111.50,107.00,108.00,-4.50,222279,24274145,160
2022-03-15,TWSE,4439,冠星-KY,129.00,130.50,128.50,130.50,-1.50,13050,1686000,10
2022-03-15,TWSE,4440,宜新實業,47.60,47.70,47.35,47.55,0.00,121991,5800116,108
2022-03-15,TWSE,4526,東台,16.10,16.10,15.90,15.95,-0.10,174930,2797108,234
2022-03-15,TWSE,4532,瑞智,18.30,18.30,18.00,18.05,-0.20,274399,4959159,170
2022-03-15,TWSE,4536,拓凱,134.00,134.00,129.00,129.00,-2.00,31145,4064505,37
2022-03-15,TWSE,4540,全球傳動,45.40,45.50,45.30,45.30,-0.40,48295,2191366,49
2022-03-15,TWSE,4545,銘鈺,34.20,36.00,30.95,31.25,-2.55,8909599,305938946,4896
2022-03-15,TWSE,4551,智伸科,147.00,147.00,140.50,141.50,-4.50,380461,54024107,356
2022-03-15,TWSE,4552,力達-KY,33.20,33.20,32.75,32.95,-0.30,99370,3271408,61
2022-03-15,TWSE,4555,氣立,56.60,57.00,55.60,56.50,-0.10,24000,1349500,24
2022-03-15,TWSE,4557,永新-KY,74.90,75.10,74.60,74.60,-0.50,21164,1583595,77
2022-03-15,TWSE,4560,強信-KY,41.65,41.65,41.20,41.40,-0.15,59001,2445245,31
2022-03-15,TWSE,4562,穎漢,15.40,15.55,15.20,15.40,0.05,118305,1819026,66
2022-03-15,TWSE,4564,元翎,34.95,35.25,34.80,35.25,0.25,354822,12416098,193
2022-03-15,TWSE,4566,時碩工業,44.05,44.05,43.50,43.55,-0.35,14003,610780,12
2022-03-15,TWSE,4571,鈞興-KY,89.00,90.00,88.00,89.80,-0.30,45000,4016600,34
2022-03-15,TWSE,4572,駐龍,95.50,96.40,95.50,95.90,-0.60,11000,1053900,11
2022-03-15,TWSE,4576,大銀微系統,106.50,106.50,100.50,102.00,-5.50,270246,27660423,509
2022-03-15,TWSE,4581,光隆精密-KY,,,,,0.00,0,0,0
2022-03-15,TWSE,4720,德淵,15.35,15.35,14.80,14.80,-0.55,715250,10704373,345
2022-03-15,TWSE,4722,國精化,43.40,43.40,41.80,42.00,-1.20,1104326,46583668,675
2022-03-15,TWSE,4737,華廣,67.90,68.90,67.60,67.60,-0.30,22022,1509609,20
2022-03-15,TWSE,4739,康普,158.00,159.50,150.50,151.00,-9.00,9756244,1508954596,7712
2022-03-15,TWSE,4746,台耀,55.50,55.50,54.30,54.50,-1.00,739202,40439428,606
2022-03-15,TWSE,4755,三福化,155.00,155.00,145.50,145.50,-7.50,1854682,275609566,1694
2022-03-15,TWSE,4763,材料*-KY,91.60,91.80,88.00,89.50,-2.00,395125,35398917,408
2022-03-15,TWSE,4764,雙鍵,58.50,58.50,56.80,57.50,-0.80,71249,4081821,74
2022-03-15,TWSE,4766,南寶,135.00,135.50,133.50,135.00,-1.50,32000,4309000,31
2022-03-15,TWSE,4770,上品,235.00,235.00,231.00,231.00,-3.50,112137,26133832,120
2022-03-15,TWSE,4807,日成-KY,27.05,27.05,26.65,26.75,-0.25,50019,1338327,57
2022-03-15,TWSE,4904,遠傳,73.40,74.00,72.60,74.00,0.80,6258334,459207087,3530
2022-03-15,TWSE,4906,正文,29.40,29.40,28.85,29.05,-0.50,3128728,90893694,1447
2022-03-15,TWSE,4912,聯德控股-KY,167.50,168.00,163.00,165.50,-1.00,213287,35246214,172
2022-03-15,TWSE,4915,致伸,51.50,51.60,50.80,51.10,-0.60,1684079,86215451,1125
2022-03-15,TWSE,4916,事欣科,28.45,28.45,27.00,27.00,-0.75,1616996,44504450,1035
2022-03-15,TWSE,4919,新唐,146.50,147.00,138.50,138.50,-6.50,17733317,2532702484,12332
2022-03-15,TWSE,4927,泰鼎-KY,94.90,95.50,89.40,89.40,-4.20,2724552,248312069,1965
2022-03-15,TWSE,4930,燦星網,31.00,31.00,27.40,27.80,-0.85,8594415,249473342,4386
2022-03-15,TWSE,4934,太極,32.35,32.35,31.50,31.50,-0.70,974467,30897881,718
2022-03-15,TWSE,4935,茂林-KY,69.20,69.20,66.50,66.50,-1.80,413449,27748869,338
2022-03-15,TWSE,4938,和碩,71.60,71.60,70.80,71.60,0.00,11179870,795860918,5506
2022-03-15,TWSE,4942,嘉彰,49.40,49.40,48.80,49.30,0.00,422406,20744671,297
2022-03-15,TWSE,4943,康控-KY,25.95,25.95,25.00,25.05,-0.90,407679,10305459,300
2022-03-15,TWSE,4952,凌通,71.00,71.00,69.00,69.00,-2.20,1580309,109967724,1292
2022-03-15,TWSE,4956,光鋐,22.80,22.80,22.05,22.25,-0.55,443034,9866010,266
2022-03-15,TWSE,4958,臻鼎-KY,94.60,94.60,92.60,92.90,-2.40,2012888,187960027,1675
2022-03-15,TWSE,4960,誠美材,12.15,12.60,12.00,12.55,0.45,12607382,156413454,2817
2022-03-15,TWSE,4961,天鈺,213.50,213.50,204.00,204.00,-10.50,2235847,462935884,2220
2022-03-15,TWSE,4967,十銓,40.70,41.00,40.30,40.60,-0.35,765425,31074724,451
2022-03-15,TWSE,4968,立積,183.00,183.50,173.00,174.00,-12.00,1561966,275887280,2307
2022-03-15,TWSE,4976,佳凌,52.40,52.40,49.60,49.60,-2.80,866504,43581415,736
2022-03-15,TWSE,4977,眾達-KY,78.00,78.00,77.50,77.60,-0.40,50026,3888717,47
2022-03-15,TWSE,4989,榮科,39.60,39.60,38.50,38.65,-1.05,342021,13292170,281
2022-03-15,TWSE,4994,傳奇,44.00,44.05,42.20,42.25,-1.90,280781,12028148,263
2022-03-15,TWSE,4999,鑫禾,39.00,39.00,38.70,38.70,-0.30,92281,3582435,142
2022-03-15,TWSE,5007,三星,54.50,55.30,54.50,54.80,-0.10,54887,3012691,54
2022-03-15,TWSE,5203,訊連,98.00,98.20,94.00,94.10,-4.40,417592,39961908,428
2022-03-15,TWSE,5215,科嘉-KY,64.20,64.20,61.60,61.90,-2.30,233002,14566796,228
2022-03-15,TWSE,5222,全訊,154.00,154.00,148.00,149.00,-5.00,312022,46784979,379
2022-03-15,TWSE,5225,東科-KY,24.90,24.90,23.40,23.40,-1.45,536033,12770829,325
2022-03-15,TWSE,5234,達興材料,112.00,114.50,110.00,110.50,1.00,824797,92064310,616
2022-03-15,TWSE,5243,乙盛-KY,57.10,57.10,55.50,55.60,-1.50,326640,18220236,275
2022-03-15,TWSE,5244,弘凱,43.00,43.00,41.75,41.85,-1.40,254535,10715771,239
2022-03-15,TWSE,5258,虹堡,37.00,37.15,35.45,35.45,-1.55,1123118,40296849,692
2022-03-15,TWSE,5269,祥碩,1750.00,1790.00,1695.00,1735.00,-70.00,479238,829157955,702
2022-03-15,TWSE,5283,禾聯碩,120.50,120.50,119.50,120.00,-0.50,181979,21827102,184
2022-03-15,TWSE,5284,jpp-KY,45.25,45.50,45.10,45.50,-0.25,17025,771993,16
2022-03-15,TWSE,5285,界霖,92.30,92.30,89.50,90.10,-2.10,585489,52765446,535
2022-03-15,TWSE,5288,豐祥-KY,147.00,148.00,146.50,147.00,-1.50,40000,5891000,17
2022-03-15,TWSE,5306,桂盟,192.00,192.00,190.00,190.50,-3.00,106835,20379321,274
2022-03-15,TWSE,5388,中磊,78.70,79.20,76.20,78.80,-0.50,7113841,554056842,5012
2022-03-15,TWSE,5434,崇越,169.00,170.50,167.00,170.50,0.50,413940,70116180,431
2022-03-15,TWSE,5469,瀚宇博,42.30,42.30,41.55,41.60,-0.75,1186230,49509641,747
2022-03-15,TWSE,5471,松翰,86.10,86.10,84.10,84.20,-1.90,944332,79970324,963
2022-03-15,TWSE,5484,慧友,14.40,14.60,14.40,14.40,-0.15,34666,502204,95
2022-03-15,TWSE,5515,建國,13.70,13.70,13.50,13.60,-0.05,173257,2352575,76
2022-03-15,TWSE,5519,隆大,23.00,23.00,22.70,22.85,-0.10,374406,8530221,231
2022-03-15,TWSE,5521,工信,8.15,8.15,8.09,8.12,-0.05,471394,3824139,283
2022-03-15,TWSE,5522,遠雄,61.90,63.40,61.40,63.40,1.60,1285440,80500258,607
2022-03-15,TWSE,5525,順天,27.05,27.05,26.40,26.90,-0.20,102001,2741127,25
2022-03-15,TWSE,5531,鄉林,10.20,10.20,10.05,10.10,0.00,573316,5794890,221
2022-03-15,TWSE,5533,皇鼎,19.20,19.20,19.10,19.20,-0.10,92583,1773656,42
2022-03-15,TWSE,5534,長虹,73.90,73.90,73.40,73.80,-0.10,332604,24491735,314
2022-03-15,TWSE,5538,東明-KY,64.10,65.00,62.30,64.40,1.10,895175,57228973,611
2022-03-15,TWSE,5546,永固-KY,60.40,60.80,60.20,60.50,-0.20,40304,2435850,36
2022-03-15,TWSE,5607,遠雄港,64.00,64.00,61.00,61.00,-2.20,627797,38697008,586
2022-03-15,TWSE,5608,四維航,47.85,48.30,45.20,45.20,-2.60,34261318,1590264440,20612
2022-03-15,TWSE,5706,鳳凰,62.50,64.20,60.40,62.30,-0.80,6129387,381166849,4053
2022-03-15,TWSE,5871,中租-KY,238.00,238.00,232.00,233.00,-5.50,4598705,1074428280,3942
2022-03-15,TWSE,5871A,中租-KY甲特,101.50,101.50,101.00,101.50,-0.50,99200,10066875,53
2022-03-15,TWSE,5876,上海商銀,46.30,46.35,45.75,46.20,-0.05,2536667,116818819,937
2022-03-15,TWSE,5880,合庫金,27.05,27.15,26.80,26.95,0.20,15955303,429345130,6586
2022-03-15,TWSE,5906,台南-KY,37.95,38.60,37.95,38.60,0.60,4212,161806,7
2022-03-15,TWSE,5907,大洋-KY,17.35,17.45,17.30,17.45,-0.10,68119,1182452,35
2022-03-15,TWSE,6005,群益證,15.80,15.85,15.70,15.75,-0.15,2138852,33736673,772
2022-03-15,TWSE,6024,群益期,37.80,37.80,37.25,37.30,-0.50,436302,16295692,514
2022-03-15,TWSE,6108,競國,19.80,19.95,19.50,19.80,-0.25,535789,10548254,249
2022-03-15,TWSE,6112,邁達特,39.15,39.15,38.80,38.85,-0.15,106089,4121374,101
2022-03-15,TWSE,6115,鎰勝,42.70,42.80,42.65,42.65,-0.10,90650,3869640,76
2022-03-15,TWSE,6116,彩晶,16.30,16.50,16.05,16.40,0.10,24559211,400761899,7258
2022-03-15,TWSE,6117,迎廣,15.15,15.25,15.10,15.20,0.10,64185,975955,198
2022-03-15,TWSE,6120,達運,13.15,13.15,12.70,12.90,-0.25,2497743,32180924,762
2022-03-15,TWSE,6128,上福,27.80,27.95,27.80,27.90,0.10,72459,2019169,53
2022-03-15,TWSE,6133,金橋,9.32,9.32,9.04,9.11,-0.13,216009,1963095,105
2022-03-15,TWSE,6136,富爾特,18.35,18.35,18.25,18.25,-0.25,117350,2146892,94
2022-03-15,TWSE,6139,亞翔,30.80,30.80,29.90,30.00,-0.80,380551,11455117,246
2022-03-15,TWSE,6141,柏承,27.60,27.85,27.45,27.55,-0.25,62234,1715180,54
2022-03-15,TWSE,6142,友勁,8.56,8.56,8.39,8.40,-0.21,293419,2470974,174
2022-03-15,TWSE,6152,百一,9.41,9.41,9.13,9.17,-0.24,481419,4429923,233
2022-03-15,TWSE,6153,嘉聯益,23.10,23.10,22.60,22.60,-0.45,655979,14895933,462
2022-03-15,TWSE,6155,鈞寶,22.90,22.90,22.10,22.25,-0.40,90050,2007129,57
2022-03-15,TWSE,6164,華興,12.85,12.85,12.45,12.50,-0.25,345123,4319692,216
2022-03-15,TWSE,6165,浪凡,33.00,33.40,32.75,33.05,-0.15,171353,5662762,176
2022-03-15,TWSE,6166,凌華,57.20,58.00,57.00,57.00,-1.60,54242,3112487,48
2022-03-15,TWSE,6168,宏齊,23.35,23.60,22.55,22.60,-0.60,652347,14874399,387
2022-03-15,TWSE,6176,瑞儀,101.00,101.00,99.90,100.00,-1.00,2546163,255186722,1678
2022-03-15,TWSE,6177,達麗,30.45,30.85,30.40,30.70,0.05,712598,21778139,191
2022-03-15,TWSE,6183,關貿,52.90,52.90,52.00,52.20,-0.80,32059,1675515,55
2022-03-15,TWSE,6184,大豐電,45.65,46.00,45.65,45.70,-0.35,21150,967730,15
2022-03-15,TWSE,6189,豐藝,44.00,44.00,43.75,43.90,-0.10,259879,11390578,256
2022-03-15,TWSE,6191,精成科,33.90,33.90,33.30,33.45,-0.70,1349631,45249560,894
2022-03-15,TWSE,6192,巨路,71.80,71.80,70.80,70.90,-0.80,77307,5507345,78
2022-03-15,TWSE,6196,帆宣,150.50,154.00,148.00,152.00,-4.50,1897656,287036497,1564
2022-03-15,TWSE,6197,佳必琪,42.55,42.75,41.60,41.80,-0.75,662019,27817078,447
2022-03-15,TWSE,6201,亞弘電,44.40,44.40,44.15,44.20,-0.15,22250,985124,22
2022-03-15,TWSE,6202,盛群,115.00,115.50,111.50,112.00,-4.50,3651260,411997889,2976
2022-03-15,TWSE,6205,詮欣,86.70,86.70,82.30,82.40,-3.90,2817146,236943947,1992
2022-03-15,TWSE,6206,飛捷,73.60,73.60,72.10,73.20,-0.40,180329,13104742,156
2022-03-15,TWSE,6209,今國光,29.00,29.15,28.20,28.25,-0.85,477785,13580040,354
2022-03-15,TWSE,6213,聯茂,118.50,119.00,114.50,115.00,-4.50,2344542,272680933,2386
2022-03-15,TWSE,6214,精誠,81.00,81.30,80.80,80.80,-0.20,175751,14221132,199
2022-03-15,TWSE,6215,和椿,26.70,26.70,26.00,26.25,-0.45,181852,4766165,186
2022-03-15,TWSE,6216,居易,26.85,26.85,26.55,26.65,-0.30,84293,2248330,88
2022-03-15,TWSE,6224,聚鼎,102.50,102.50,99.10,99.30,-2.70,286724,28591619,356
2022-03-15,TWSE,6225,天瀚,12.20,12.20,11.05,11.45,0.35,132752,1591391,38
2022-03-15,TWSE,6226,光鼎,12.70,12.70,12.00,12.20,-0.45,942475,11605980,450
2022-03-15,TWSE,6230,尼得科超眾,131.50,131.50,130.00,130.00,-1.50,27123,3543783,34
2022-03-15,TWSE,6235,華孚,30.80,32.00,30.50,31.20,-0.50,6362461,198129100,3648
2022-03-15,TWSE,6239,力成,97.60,97.70,95.70,96.00,-1.80,2853276,275055405,2469
2022-03-15,TWSE,6243,迅杰,41.80,42.20,41.05,41.10,-1.40,333160,13800308,360
2022-03-15,TWSE,6251,定穎,22.45,22.45,21.85,21.85,-0.50,6825490,150181126,3005
2022-03-15,TWSE,6257,矽格,57.10,57.90,57.10,57.20,-1.00,1623233,92973991,1309
2022-03-15,TWSE,6269,台郡,94.50,94.70,93.00,94.00,-1.00,1827304,170920145,1469
2022-03-15,TWSE,6271,同欣電,264.00,264.00,253.00,253.50,-11.50,2627896,671405226,2475
2022-03-15,TWSE,6277,宏正,81.10,81.20,80.60,80.60,-0.50,93153,7538936,103
2022-03-15,TWSE,6278,台表科,113.50,113.50,108.00,109.00,-5.50,5636546,619265913,3900
2022-03-15,TWSE,6281,全國電,84.40,84.60,84.20,84.30,-0.10,37532,3167854,46
2022-03-15,TWSE,6282,康舒,33.15,33.75,32.80,32.85,-0.60,8124098,269930489,4159
2022-03-15,TWSE,6283,淳安,36.75,36.80,35.85,35.90,-0.90,354003,12753163,255
2022-03-15,TWSE,6285,啟碁,69.90,69.90,68.10,68.10,-1.80,1085971,74393029,982
2022-03-15,TWSE,6288,聯嘉,26.00,26.15,25.45,25.75,-0.20,714198,18467744,441
2022-03-15,TWSE,6289,華上,3.17,3.17,3.17,3.17,0.00,42134,133564,40
2022-03-15,TWSE,6405,悅城,27.35,27.35,26.35,26.75,-0.20,69000,1830450,49
2022-03-15,TWSE,6409,旭隼,1450.00,1450.00,1310.00,1355.00,-95.00,141726,193369605,322
2022-03-15,TWSE,6412,群電,84.20,84.20,83.10,83.90,-0.10,252754,21148810,210
2022-03-15,TWSE,6414,樺漢,193.00,193.00,188.00,189.50,-3.00,937486,177552868,699
2022-03-15,TWSE,6415,矽力*-KY,2770.00,2770.00,2770.00,2770.00,-305.00,1267652,3511466090,2124
2022-03-15,TWSE,6416,瑞祺電通,85.30,85.30,83.40,84.80,-0.40,102536,8613896,101
2022-03-15,TWSE,6426,統新,68.30,69.00,67.90,68.70,-0.90,24017,1649877,34
2022-03-15,TWSE,6431,光麗-KY,27.60,28.10,26.40,27.70,0.10,75001,2043226,56
2022-03-15,TWSE,6438,迅得,119.50,119.50,115.00,115.00,-4.50,1378954,160837118,1424
2022-03-15,TWSE,6442,光聖,35.20,35.20,34.60,35.15,0.05,5023,175557,4
2022-03-15,TWSE,6443,元晶,41.10,41.75,39.15,39.15,-1.75,46345462,1894164325,24362
2022-03-15,TWSE,6449,鈺邦,56.50,56.50,55.50,56.40,-0.10,22053,1234600,61
2022-03-15,TWSE,6451,訊芯-KY,83.40,83.40,82.00,82.80,-0.60,140804,11655015,131
2022-03-15,TWSE,6456,GIS-KY,91.30,91.50,89.80,90.20,-2.10,1414969,128103224,1036
2022-03-15,TWSE,6464,台數科,88.70,88.80,88.20,88.50,-0.60,115406,10223534,59
2022-03-15,TWSE,6477,安集,59.00,61.70,56.70,56.90,-2.00,50950719,3050235339,29175
2022-03-15,TWSE,6491,晶碩,469.00,474.00,448.00,452.00,-19.00,479404,218331131,656
2022-03-15,TWSE,6504,南六,105.50,105.50,104.00,104.00,-1.50,90805,9500058,93
2022-03-15,TWSE,6505,台塑化,95.20,95.30,93.50,93.60,-1.60,4115239,386598193,2987
2022-03-15,TWSE,6515,穎崴,400.00,401.00,378.00,378.00,-21.00,468926,180827333,538
2022-03-15,TWSE,6525,捷敏-KY,88.90,88.90,85.60,85.70,-2.60,314129,27115956,322
2022-03-15,TWSE,6531,愛普*,330.00,330.50,302.00,304.00,-29.00,6071229,1899856090,6396
2022-03-15,TWSE,6533,晶心科,390.00,393.00,365.00,366.00,-27.00,1390602,519941268,1866
2022-03-15,TWSE,6541,泰福-KY,54.50,54.50,52.50,52.50,-2.00,578293,30819631,453
2022-03-15,TWSE,6552,易華電,49.60,49.60,48.55,48.65,-0.95,98010,4779851,81
2022-03-15,TWSE,6558,興能高,29.30,29.30,28.45,28.60,-0.70,165265,4732411,113
2022-03-15,TWSE,6573,虹揚-KY,17.00,17.00,16.50,16.60,-0.40,97124,1620646,72
2022-03-15,TWSE,6579,研揚,70.60,70.60,69.70,69.70,-0.90,50100,3519330,35
2022-03-15,TWSE,6581,鋼聯,88.60,89.10,87.80,89.10,0.60,72779,6438468,68
2022-03-15,TWSE,6582,申豐,144.00,144.00,141.00,141.00,-3.00,157397,22288701,172
2022-03-15,TWSE,6591,動力-KY,59.30,59.30,57.10,57.10,-2.20,248149,14316812,230
2022-03-15,TWSE,6592,和潤企業,114.00,114.00,111.00,111.00,-3.50,865948,96976644,986
2022-03-15,TWSE,6598,ABC-KY,32.10,32.80,30.40,30.50,-1.20,371914,11514405,326
2022-03-15,TWSE,6605,帝寶,56.50,56.50,55.60,55.60,-0.90,235247,13132873,179
2022-03-15,TWSE,6625,必應,30.75,31.00,29.65,31.00,0.25,46051,1378681,49
2022-03-15,TWSE,6641,基士德-KY,62.80,62.80,62.20,62.30,-0.70,26318,1645480,41
2022-03-15,TWSE,6655,科定,90.50,91.00,89.20,89.20,-0.40,29050,2629325,21
2022-03-15,TWSE,6666,羅麗芬-KY,61.60,61.60,59.00,60.70,-0.90,19154,1162298,20
2022-03-15,TWSE,6668,中揚光,46.80,46.90,45.85,46.80,0.05,118120,5465291,110
2022-03-15,TWSE,6669,緯穎,1000.00,1000.00,942.00,945.00,-85.00,1003605,967926000,1218
2022-03-15,TWSE,6670,復盛應用,193.50,193.50,192.00,192.00,-1.50,53118,10219789,100
2022-03-15,TWSE,6671,三能-KY,48.00,48.60,48.00,48.50,0.05,21029,1018944,16
2022-03-15,TWSE,6672,騰輝電子-KY,112.50,112.50,107.50,108.00,-4.50,774626,84440101,644
2022-03-15,TWSE,6674,鋐寶科技,30.30,30.30,29.60,29.80,-0.30,4000,119550,4
2022-03-15,TWSE,6691,洋基工程,182.00,182.00,179.00,180.00,-2.00,96465,17364205,69
2022-03-15,TWSE,6698,旭暉應材,45.25,45.25,42.60,43.05,-1.55,259700,11231949,248
2022-03-15,TWSE,6706,惠特,184.50,185.00,175.00,175.00,-11.50,2748146,489503283,3708
2022-03-15,TWSE,6715,嘉基,101.00,102.00,99.00,102.00,-0.50,40562,4064744,85
2022-03-15,TWSE,6719,力智,580.00,580.00,524.00,530.00,-46.00,1585447,860676553,2968
2022-03-15,TWSE,6743,安普新,68.80,68.80,66.00,66.20,-2.50,320618,21529502,281
2022-03-15,TWSE,6754,匯僑設計,40.20,40.20,39.90,40.10,-0.10,40000,1604950,26
2022-03-15,TWSE,6756,威鋒電子,416.50,416.50,394.00,395.50,-22.50,1032074,412685822,1392
2022-03-15,TWSE,6768,志強-KY,68.70,68.70,67.30,67.30,-1.60,118116,8025355,97
2022-03-15,TWSE,6770,力積電,51.00,51.10,50.00,50.40,-1.00,11952964,601509503,6888
2022-03-15,TWSE,6776,展碁國際,42.00,42.20,41.55,41.80,0.85,355414,14901006,262
2022-03-15,TWSE,6781,AES-KY,1245.00,1260.00,1145.00,1145.00,-125.00,621048,732786780,1773
2022-03-15,TWSE,6790,永豐實,48.50,48.60,48.35,48.40,-0.50,168946,8189915,132
2022-03-15,TWSE,6792,詠業,126.00,126.00,120.00,121.00,-6.50,183654,22416544,203
2022-03-15,TWSE,6806,森崴能源,95.80,95.80,94.00,94.00,-1.70,376100,35557926,364
2022-03-15,TWSE,8011,台通,17.15,17.15,16.55,16.65,-0.50,437024,7308495,306
2022-03-15,TWSE,8016,矽創,300.00,300.00,291.50,291.50,-11.50,3390891,996508337,3141
2022-03-15,TWSE,8021,尖點,36.60,36.60,35.50,35.55,-1.05,1397439,50020751,1035
2022-03-15,TWSE,8028,昇陽半導體,49.90,50.00,49.00,49.00,-0.90,615477,30300556,479
2022-03-15,TWSE,8033,雷虎,16.00,16.15,15.80,16.10,0.00,666055,10650373,322
2022-03-15,TWSE,8039,台虹,43.90,43.95,43.35,43.90,0.00,789542,34522486,542
2022-03-15,TWSE,8046,南電,481.00,482.50,453.00,458.50,-26.50,6775512,3131173578,7359
2022-03-15,TWSE,8070,長華*,36.05,36.10,35.00,35.30,-0.75,2454992,86750897,1538
2022-03-15,TWSE,8072,陞泰,24.20,24.20,23.80,23.80,-0.40,106658,2549954,205
2022-03-15,TWSE,8081,致新,238.50,238.50,231.00,231.50,-9.50,817823,191094364,2030
2022-03-15,TWSE,8101,華冠,2.86,2.90,2.86,2.86,0.00,146037,418903,22
2022-03-15,TWSE,8103,瀚荃,45.80,45.80,44.65,44.70,-1.40,1011645,45508651,623
2022-03-15,TWSE,8104,錸寶,65.20,65.40,61.20,61.30,-4.70,1823215,114293183,1296
2022-03-15,TWSE,8105,凌巨,11.95,12.00,11.70,11.70,-0.30,556662,6560067,271
2022-03-15,TWSE,8110,華東,16.70,16.70,16.20,16.20,-0.50,1261489,20582044,652
2022-03-15,TWSE,8112,至上,52.20,52.20,51.00,51.10,-1.30,4058434,208720541,2308
2022-03-15,TWSE,8112A,至上甲特,41.90,41.90,41.65,41.70,-0.15,104821,4374189,108
2022-03-15,TWSE,8114,振樺電,96.30,96.80,93.80,94.00,-2.30,157337,14851336,141
2022-03-15,TWSE,8131,福懋科,41.30,41.30,40.70,40.75,-0.40,319103,13048055,245
2022-03-15,TWSE,8150,南茂,51.70,51.70,50.60,50.80,-1.00,5376081,274442997,3725
2022-03-15,TWSE,8163,達方,49.45,49.65,48.75,49.00,-0.35,3016543,148486854,2084
2022-03-15,TWSE,8201,無敵,14.30,14.30,13.90,13.90,-0.55,442657,6216369,229
2022-03-15,TWSE,8210,勤誠,75.90,76.10,74.00,74.40,-1.50,356133,26651514,323
2022-03-15,TWSE,8213,志超,49.30,49.30,48.30,48.35,-0.95,1194242,57940671,844
2022-03-15,TWSE,8215,明基材,34.00,34.20,33.55,33.75,-0.35,1394566,47194850,1006
2022-03-15,TWSE,8222,寶一,14.20,14.20,14.00,14.05,-0.20,99842,1408783,203
2022-03-15,TWSE,8249,菱光,22.75,22.75,22.50,22.65,-0.05,73094,1651519,72
2022-03-15,TWSE,8261,富鼎,108.00,109.00,104.00,104.50,-0.50,4457133,472094238,3294
2022-03-15,TWSE,8271,宇瞻,47.65,47.65,46.75,46.80,-0.85,917115,43046841,706
2022-03-15,TWSE,8341,日友,201.00,201.00,198.00,199.50,-1.00,78179,15561289,337
2022-03-15,TWSE,8367,建新國際,51.10,51.20,48.80,49.00,-2.00,574996,28427840,488
2022-03-15,TWSE,8374,羅昇,31.10,31.10,30.40,30.50,0.10,47090,1437886,31
2022-03-15,TWSE,8404,百和興業-KY,35.00,35.15,33.90,34.10,-1.05,549997,18898865,285
2022-03-15,TWSE,8411,福貞-KY,16.45,16.60,16.40,16.60,0.05,73787,1219862,41
2022-03-15,TWSE,8422,可寧衛*,199.50,200.00,198.00,198.00,-1.50,269250,53509738,501
2022-03-15,TWSE,8429,金麗-KY,10.60,10.70,10.40,10.40,-0.20,241165,2527710,444
2022-03-15,TWSE,8438,昶昕,40.50,40.80,38.00,38.00,-2.45,962994,38255627,459
2022-03-15,TWSE,8442,威宏-KY,50.50,50.50,49.25,49.90,0.40,11690,583525,11
2022-03-15,TWSE,8443,阿瘦,11.60,11.60,11.45,11.55,-0.05,19195,221540,131
2022-03-15,TWSE,8454,富邦媒,890.00,892.00,837.00,837.00,-61.00,717033,609538873,3380
2022-03-15,TWSE,8462,柏文,128.50,128.50,126.50,126.50,-2.50,57782,7371237,184
2022-03-15,TWSE,8463,潤泰材,28.15,28.35,27.95,28.00,-0.35,28034,785075,27
2022-03-15,TWSE,8464,億豐,306.50,313.50,302.00,304.50,-6.00,426966,130719584,482
2022-03-15,TWSE,8466,美吉吉-KY,50.00,50.00,49.30,50.00,0.00,7000,348550,7
2022-03-15,TWSE,8467,波力-KY,38.50,38.50,37.80,38.20,0.00,7002,266177,7
2022-03-15,TWSE,8473,山林水,32.00,32.00,31.65,32.00,-0.20,36849,1171413,43
2022-03-15,TWSE,8478,東哥遊艇,152.00,152.00,142.00,143.00,-10.50,1094567,159777821,1092
2022-03-15,TWSE,8480,泰昇-KY,70.00,70.30,69.00,70.00,-0.20,42557,2971561,67
2022-03-15,TWSE,8481,政伸,63.00,63.10,62.40,62.50,-0.20,70207,4404343,35
2022-03-15,TWSE,8482,商億-KY,73.20,73.20,72.40,72.40,-0.80,16000,1163600,16
2022-03-15,TWSE,8488,吉源-KY,17.00,17.00,17.00,17.00,-0.10,3000,51000,2
2022-03-15,TWSE,8499,鼎炫-KY,127.00,127.00,124.50,125.00,-2.00,15035,1883885,16
2022-03-15,TWSE,8926,台汽電,38.00,38.00,37.15,37.15,0.10,694224,25963591,434
2022-03-15,TWSE,8940,新天地,13.30,14.40,13.30,13.50,0.20,50755,692164,71
2022-03-15,TWSE,8996,高力,63.10,64.50,58.80,58.80,-6.40,4288071,262566907,2683
2022-03-15,TWSE,9103,美德醫療-DR,11.40,12.00,11.05,11.40,0.35,13101673,151607776,5262
2022-03-15,TWSE,910322,康師傅-DR,25.75,26.05,25.75,26.05,-0.10,9000,233700,6
2022-03-15,TWSE,9105,泰金寶-DR,4.61,4.64,4.59,4.63,-0.02,6591741,30412174,1241
2022-03-15,TWSE,910861,神州-DR,5.90,5.92,5.72,5.90,-0.06,218000,1266480,82
2022-03-15,TWSE,9110,越南控-DR,3.15,3.15,2.96,2.99,0.01,135000,404020,37
2022-03-15,TWSE,911608,明輝-DR,3.24,3.28,3.15,3.26,0.04,171000,547670,66
2022-03-15,TWSE,911622,泰聚亨-DR,6.14,6.14,6.04,6.05,0.00,246000,1490940,52
2022-03-15,TWSE,911868,同方友友-DR,1.24,1.24,1.22,1.24,-0.01,317000,389380,80
2022-03-15,TWSE,912000,晨訊科-DR,2.61,2.61,2.54,2.57,-0.05,1409000,3625220,104
2022-03-15,TWSE,9136,巨騰-DR,5.89,5.89,5.83,5.85,-0.04,445003,2600877,144
2022-03-15,TWSE,9802,鈺齊-KY,107.00,107.50,105.00,107.00,0.00,1201578,127281135,846
2022-03-15,TWSE,9902,台火,12.05,12.15,12.00,12.05,0.00,129266,1556253,64
2022-03-15,TWSE,9904,寶成,30.30,30.40,29.90,29.95,-0.25,6941280,208175351,2645
2022-03-15,TWSE,9905,大華,26.95,26.95,26.55,26.80,0.05,117343,3129047,82
2022-03-15,TWSE,9906,欣巴巴,54.20,54.20,53.20,53.80,-0.20,37009,1984078,38
2022-03-15,TWSE,9907,統一實,16.30,16.50,16.05,16.30,0.25,23614234,385327408,6828
2022-03-15,TWSE,9908,大台北,32.90,32.90,32.60,32.60,-0.15,65083,2127496,81
2022-03-15,TWSE,9910,豐泰,189.50,189.50,177.50,180.00,-8.00,1705461,308799479,1574
2022-03-15,TWSE,9911,櫻花,65.10,65.10,64.20,64.40,-0.60,326617,21053434,496
2022-03-15,TWSE,9912,偉聯,9.35,9.35,9.01,9.23,-0.06,19862,180950,49
2022-03-15,TWSE,9914,美利達,263.50,263.50,248.00,248.00,-13.00,1251033,315200933,1402
2022-03-15,TWSE,9917,中保科,103.50,104.00,103.00,103.00,0.00,135979,14069329,210
2022-03-15,TWSE,9918,欣天然,42.25,42.40,42.20,42.20,0.00,9193,388603,28
2022-03-15,TWSE,9919,康那香,22.95,23.30,22.40,22.50,-0.05,2178520,49618680,1184
2022-03-15,TWSE,9921,巨大,277.50,280.00,272.00,272.00,-7.00,928807,255896851,876
2022-03-15,TWSE,9924,福興,42.10,42.20,41.90,41.95,-0.30,135405,5681523,111
2022-03-15,TWSE,9925,新保,39.35,39.35,39.30,39.30,-0.05,109211,4295546,111
2022-03-15,TWSE,9926,新海,48.45,48.50,48.45,48.50,0.05,5000,242350,5
2022-03-15,TWSE,9927,泰銘,39.90,41.25,39.75,40.95,1.35,363506,14598609,308
2022-03-15,TWSE,9928,中視,6.50,6.50,6.40,6.40,-0.20,40134,259087,37
2022-03-15,TWSE,9929,秋雨,9.07,9.07,8.96,9.00,-0.07,57002,512318,31
2022-03-15,TWSE,9930,中聯資源,46.90,46.90,46.65,46.70,-0.30,53090,2480511,61
2022-03-15,TWSE,9931,欣高,39.95,39.95,39.20,39.30,-0.20,7402,291776,10
2022-03-15,TWSE,9933,中鼎,44.95,45.50,43.95,45.10,0.25,6796015,306146372,3941
2022-03-15,TWSE,9934,成霖,13.90,13.90,13.35,13.45,-0.45,621950,8425536,309
2022-03-15,TWSE,9935,慶豐富,17.60,17.75,17.30,17.55,-0.25,129029,2257717,88
2022-03-15,TWSE,9937,全國,49.00,49.00,48.85,48.95,-0.25,32086,1570625,37
2022-03-15,TWSE,9938,百和,69.10,69.50,66.20,66.80,-2.10,3173516,212726553,2513
2022-03-15,TWSE,9939,宏全,77.50,77.60,75.30,75.70,-1.40,846983,64639615,806
2022-03-15,TWSE,9940,信義,35.85,35.85,35.40,35.50,-0.35,395735,14063167,475
2022-03-15,TWSE,9941,裕融,220.00,221.00,217.00,218.00,-5.00,928604,202952470,1680
2022-03-15,TWSE,9941A,裕融甲特,51.00,51.00,50.90,51.00,-0.20,17873,911161,9
2022-03-15,TWSE,9942,茂順,89.10,89.10,88.20,88.80,-0.30,54641,4842170,48
2022-03-15,TWSE,9943,好樂迪,59.50,59.50,59.00,59.50,0.00,173206,10250503,210
2022-03-15,TWSE,9944,新麗,21.30,21.50,21.20,21.30,-0.25,186673,3981174,102
2022-03-15,TWSE,9945,潤泰新,72.70,72.70,71.50,71.70,-0.40,5030903,361736770,4493
2022-03-15,TWSE,9946,三發地產,14.10,14.10,13.90,13.90,-0.20,52623,734763,48
2022-03-15,TWSE,9955,佳龍,25.00,25.00,22.55,22.65,-2.35,2001673,46879451,1245
2022-03-15,TWSE,9958,世紀鋼,107.00,107.50,105.50,105.50,-2.00,929615,98560930,725
2022-03-15,TPEx,006201,元大富櫃50,20.23,20.23,19.52,19.52,-0.92,183420,3619827,169
2022-03-15,TPEx,00679B,元大美債20年,38.17,38.17,37.99,38.14,-0.46,2534783,96487256,1876
2022-03-15,TPEx,00687B,國泰20年美債,39.85,39.88,39.76,39.88,-0.53,113235,4511487,33
2022-03-15,TPEx,00694B,富邦美債1-3,36.99,37.14,36.99,37.12,+0.17,128250,4759187,21
2022-03-15,TPEx,00695B,富邦美債7-10,35.79,35.79,35.68,35.77,-0.19,240239,8580940,16
2022-03-15,TPEx,00696B,富邦美債20年,39.86,39.89,39.69,39.89,-0.46,388322,15453025,172
2022-03-15,TPEx,00697B,元大美債7-10,37.88,38.03,37.88,38.03,-0.13,122788,4667462,18
2022-03-15,TPEx,00718B,富邦中國政策債,20.35,20.38,20.32,20.36,+0.03,163451,3330659,12
2022-03-15,TPEx,00719B,元大美債1-3,29.92,30.00,29.92,29.98,+0.08,109000,3268740,5
2022-03-15,TPEx,00720B,元大投資級公司債,37.53,37.53,37.43,37.45,-0.67,270791,10149112,188
2022-03-15,TPEx,00721B,元大中國債3-5,46.70,46.89,46.70,46.72,-0.07,171412,8025381,6
2022-03-15,TPEx,00722B,群益15年IG電信債,40.89,40.89,40.50,40.54,-0.68,172115,6977630,87
2022-03-15,TPEx,00723B,群益15年IG科技債,36.26,36.26,36.12,36.21,-0.71,110000,3982950,14
2022-03-15,TPEx,00724B,群益10年IG金融債,36.36,36.36,36.05,36.15,-0.53,177223,6414563,79
2022-03-15,TPEx,00725B,國泰投資級公司債,38.50,38.50,38.10,38.23,-0.61,512233,19595508,61
2022-03-15,TPEx,00726B,國泰5Y+新興債,34.30,34.55,34.30,34.36,-0.11,118002,4072535,5
2022-03-15,TPEx,00727B,國泰1-5Y高收債,36.68,36.79,36.68,36.73,-0.01,531000,19503300,138
2022-03-15,TPEx,00734B,台新JPM新興債,16.69,16.69,16.58,16.64,-0.07,1002000,16662270,19
2022-03-15,TPEx,00740B,富邦全球投等債,41.00,41.35,41.00,41.33,-0.44,117179,4840865,14
2022-03-15,TPEx,00741B,富邦全球高收債,35.60,35.70,35.58,35.58,-0.22,105278,3757805,10
2022-03-15,TPEx,00744B,國泰中國政金債5+,44.01,44.03,43.89,43.89,+0.12,118000,5182370,11
2022-03-15,TPEx,00745B,富邦中政債0-1,42.44,42.44,42.44,42.44,+0.06,100000,4244000,4
2022-03-15,TPEx,00746B,富邦A級公司債,38.79,38.80,38.73,38.80,-0.45,106212,4120868,10
2022-03-15,TPEx,00747B,FH中國政策債,54.15,54.25,54.15,54.20,+0.05,102709,5571636,12
2022-03-15,TPEx,00748B,凱基中國債3-10,43.19,43.19,43.19,43.19,+0.10,100000,4319000,2
2022-03-15,TPEx,00749B,凱基新興債10+,33.32,33.32,33.25,33.27,-0.09,136000,4525800,10
2022-03-15,TPEx,00750B,凱基科技債10+,37.25,37.25,37.25,37.25,-0.55,100000,3725000,4
2022-03-15,TPEx,00751B,元大AAA至A公司債,39.15,39.16,38.53,38.64,-0.51,343382,13284490,275
2022-03-15,TPEx,00754B,群益AAA-AA公司債,40.30,40.30,40.04,40.16,-0.46,110000,4422370,16
2022-03-15,TPEx,00755B,群益15年IG公用債,37.92,37.92,37.55,37.62,-0.45,129206,4862267,31
2022-03-15,TPEx,00756B,群益15年EM主權債,35.00,35.01,34.82,34.82,-0.25,132948,4632167,75
2022-03-15,TPEx,00758B,FH能源債,54.80,54.80,54.80,54.80,-0.90,100000,5480000,2
2022-03-15,TPEx,00759B,FH製藥債,60.05,60.60,60.05,60.60,-0.80,101000,6120050,3
2022-03-15,TPEx,00760B,FH新興企業債,55.40,55.55,55.35,55.55,-0.25,118021,6552871,5
2022-03-15,TPEx,00761B,國泰A級公司債,39.81,39.81,39.69,39.79,-0.51,125000,4963050,12
2022-03-15,TPEx,00764B,群益25年美債,40.10,40.18,40.10,40.18,-0.58,102977,4137221,6
2022-03-15,TPEx,00765B,群益中國政金債,41.60,41.79,41.58,41.73,+0.17,171000,7118010,33
2022-03-15,TPEx,00768B,FH20年美債,64.55,64.55,64.55,64.55,-1.05,100085,6460341,4
2022-03-15,TPEx,00772B,中信高評級公司債,38.59,38.62,38.30,38.42,-0.47,1007492,38653302,422
2022-03-15,TPEx,00773B,中信優先金融債,38.81,38.82,38.57,38.62,-0.50,660114,25476473,74
2022-03-15,TPEx,00777B,凱基AAA至A公司債,37.80,37.87,37.80,37.87,-0.58,103000,3900540,7
2022-03-15,TPEx,00778B,凱基金融債20+,38.68,38.70,38.68,38.70,-0.56,103000,3986080,7
2022-03-15,TPEx,00779B,凱基美債25+,40.13,40.13,40.13,40.13,-0.71,100000,4013000,2
2022-03-15,TPEx,00780B,國泰A級金融債,37.39,37.51,37.38,37.51,-0.04,113000,4224520,7
2022-03-15,TPEx,00781B,國泰A級科技債,36.50,36.61,36.50,36.61,-0.53,101000,3686610,3
2022-03-15,TPEx,00782B,國泰A級公用債,36.86,36.86,36.46,36.48,-0.43,117000,4267050,16
2022-03-15,TPEx,00784B,富邦中國投等債,35.87,35.87,35.87,35.87,-0.07,100000,3587000,4
2022-03-15,TPEx,00785B,富邦金融投等債,37.05,37.11,37.05,37.11,-0.47,101000,3748050,5
2022-03-15,TPEx,00786B,元大10年IG銀行債,36.00,36.02,36.00,36.02,-0.51,104000,3746040,6
2022-03-15,TPEx,00787B,元大10年IG醫療債,38.23,38.23,38.00,38.00,-0.41,129001,4905249,21
2022-03-15,TPEx,00788B,元大10年IG電能債,35.42,35.43,35.33,35.40,-0.37,175000,6188060,8
2022-03-15,TPEx,00789B,FH公司債A3,56.40,56.40,56.40,56.40,-1.05,100000,5640000,2
2022-03-15,TPEx,00790B,FH次順位IG金融債,55.65,55.65,55.65,55.65,-0.80,100000,5565000,2
2022-03-15,TPEx,00791B,FH美元信用債1-5Y,49.55,49.55,49.55,49.55,+0.11,100000,4955000,2
2022-03-15,TPEx,00792B,群益A級公司債,36.78,36.80,36.78,36.80,-0.46,103000,3788360,11
2022-03-15,TPEx,00793B,群益AAA-A醫療債,37.02,37.02,36.61,36.63,-0.43,53155,1949352,36
2022-03-15,TPEx,00794B,群益7+中國政金債,41.57,41.57,41.48,41.48,-0.01,105000,4364440,5
2022-03-15,TPEx,00795B,中信美國公債20年,38.47,38.56,38.20,38.33,-0.45,1291688,49545786,91
2022-03-15,TPEx,00796B,中信中國債7-10,41.30,41.38,41.21,41.21,-0.12,164000,6768560,20
2022-03-15,TPEx,00799B,國泰A級醫療債,37.35,37.35,36.78,37.06,-0.32,104000,3832100,6
2022-03-15,TPEx,00831B,新光美債1-3,36.23,36.23,36.17,36.17,+0.03,3000,108630,3
2022-03-15,TPEx,00834B,第一金金融債10+,36.00,36.10,35.79,35.90,-0.57,210000,7556510,54
2022-03-15,TPEx,00836B,永豐10年A公司債,34.10,34.11,34.06,34.07,-0.47,126856,4321119,16
2022-03-15,TPEx,00838B,永豐7-10年中國債,40.81,40.81,40.81,40.81,+0.01,100952,4119593,5
2022-03-15,TPEx,00840B,凱基IG精選15+,34.35,34.35,34.35,34.35,-0.56,100000,3435000,2
2022-03-15,TPEx,00841B,凱基AAA-AA公司債,34.70,34.70,34.68,34.68,-0.51,106000,3678080,4
2022-03-15,TPEx,00842B,台新美元銀行債,34.85,34.87,34.85,34.87,-0.50,114000,3973180,3
2022-03-15,TPEx,00843B,台新中國政策債,41.24,41.24,41.24,41.24,+0.12,100000,4124000,2
2022-03-15,TPEx,00844B,新光15年IG金融債,34.15,34.15,34.15,34.15,-0.41,2000,68300,2
2022-03-15,TPEx,00845B,富邦新興投等債,31.69,31.69,31.69,31.69,-0.04,100000,3169000,2
2022-03-15,TPEx,00846B,富邦歐洲銀行債,33.81,33.81,33.53,33.65,-0.44,106000,3566760,6
2022-03-15,TPEx,00847B,中信美國市政債,31.53,31.55,31.48,31.55,-0.30,212230,6692037,17
2022-03-15,TPEx,00848B,中信新興亞洲債,34.07,34.08,34.03,34.08,-0.23,111000,3780570,10
2022-03-15,TPEx,00849B,中信EM主權債0-5,33.63,33.72,33.59,33.66,-0.01,111000,3741260,10
2022-03-15,TPEx,00853B,統一美債10年Aa-A,31.47,31.47,31.47,31.47,-0.13,2000,62940,2
2022-03-15,TPEx,00856B,永豐1-3年美公債,36.27,36.27,36.27,36.27,+0.13,100945,3661056,5
2022-03-15,TPEx,00857B,永豐20年美公債,33.08,33.20,33.04,33.20,-0.35,109206,3608777,17
2022-03-15,TPEx,00858,永豐美國500大,26.61,26.61,26.61,26.61,-0.23,103798,2762042,12
2022-03-15,TPEx,00859B,群益0-1年美債,36.59,36.59,36.59,36.59,+0.15,100000,3659000,2
2022-03-15,TPEx,00860B,群益1-5年IG債,36.15,36.15,36.15,36.15,+0.04,100000,3615000,2
2022-03-15,TPEx,00862B,中信投資級公司債,34.52,34.52,34.18,34.27,-0.54,269001,9214174,33
2022-03-15,TPEx,00863B,中信全球電信債,35.38,35.38,35.02,35.12,-0.46,105374,3696372,14
2022-03-15,TPEx,00864B,中信美國公債0-1,37.53,37.53,37.52,37.52,+0.17,100000,3752500,4
2022-03-15,TPEx,00867B,新光A-BBB電信債,34.45,34.45,34.45,34.45,-0.53,2000,68900,2
2022-03-15,TPEx,00870B,元大15年EM主權債,32.66,32.76,32.66,32.76,-0.23,101000,3308660,3
2022-03-15,TPEx,00877,FH中國5G,11.00,11.02,10.68,10.84,-0.30,3415048,37045023,985
2022-03-15,TPEx,00883B,中信ESG投資級債,34.38,34.39,34.05,34.14,-0.43,216336,7382582,29
2022-03-15,TPEx,00884B,中信低碳新興債,32.61,32.69,32.60,32.69,-0.27,201112,6570240,8
2022-03-15,TPEx,00886,永豐美國科技,19.09,19.09,19.01,19.06,-0.33,234211,4464834,57
2022-03-15,TPEx,00887,永豐中國科技50大,17.10,17.10,16.74,16.89,-0.36,346842,5876809,119
2022-03-15,TPEx,00888,永豐台灣ESG,15.00,15.00,14.87,14.88,-0.20,4610735,68724523,3590
2022-03-15,TPEx,00889B,凱基ESG新興債15+,34.82,34.82,34.82,34.82,-0.38,100000,3482000,2
2022-03-15,TPEx,00890B,凱基ESG BBB債15+,35.63,35.63,35.63,35.63,-0.55,100000,3563000,2
2022-03-15,TPEx,020001,富邦存股雙十N,,,,,,0,0,0
2022-03-15,TPEx,020003,統一漲升股利150N,,,,,,0,0,0
2022-03-15,TPEx,020009,群益A50綠碳N,,,,,,0,0,0
2022-03-15,TPEx,020010,永昌富櫃200N,15.67,15.67,15.67,15.67,-0.53,2000,31340,1
2022-03-15,TPEx,020013,元富亞洲高股息N,,,,,,0,0,0
2022-03-15,TPEx,020014,元大富櫃200N,7.21,7.21,7.21,7.21,-0.26,10000,72100,1
2022-03-15,TPEx,02001B,統一美國政府債N,9.21,9.21,9.18,9.18,-0.11,102000,936390,3
2022-03-15,TPEx,020021,統一恒生科技N,4.45,4.72,4.30,4.42,-0.43,17937000,79948760,874
2022-03-15,TPEx,020023,元大櫃買半導體N,6.30,6.30,5.99,5.99,-0.35,419000,2546060,130
2022-03-15,TPEx,020024,兆豐富櫃200N,5.86,5.86,5.73,5.73,-0.20,43000,247290,8
2022-03-15,TPEx,020025,統一亞洲半導體N,7.56,7.56,7.42,7.42,-0.16,357000,2662030,103
2022-03-15,TPEx,020026,兆豐上櫃ESG電菁N,4.69,4.69,4.64,4.64,-0.18,2000,9330,2
2022-03-15,TPEx,020027,元大上櫃ESG成長N,4.60,4.60,4.41,4.41,-0.21,574000,2552900,132
2022-03-15,TPEx,02002L,兆豐富櫃200正二N,6.35,6.35,5.99,5.99,-0.45,156000,955400,42
2022-03-15,TPEx,02003L,永豐富櫃200正2N,6.33,6.33,6.05,6.05,-0.44,61000,371790,5
2022-03-15,TPEx,1240,茂生農經,50.00,50.40,49.95,49.95,-0.05,20350,1019100,25
2022-03-15,TPEx,1258,其祥-KY,18.80,18.80,18.65,18.75,-0.45,14060,263571,15
2022-03-15,TPEx,1259,安心,68.40,68.60,68.30,68.30,-0.30,26133,1786791,33
2022-03-15,TPEx,1264,德麥,283.00,283.00,282.50,282.50,-0.50,10173,2883571,225
2022-03-15,TPEx,1268,漢來美食,114.50,115.00,113.50,114.50,-1.00,31158,3565968,51
2022-03-15,TPEx,1336,台翰,19.60,19.60,18.85,19.10,-0.70,77011,1474571,38
2022-03-15,TPEx,1565,精華,280.50,281.50,279.50,280.50,-1.50,72882,20440251,116
2022-03-15,TPEx,1569,濱川,23.60,23.60,23.10,23.10,-0.50,99213,2311076,51
2022-03-15,TPEx,1570,力肯,19.40,19.40,18.80,19.05,-0.05,108502,2059161,83
2022-03-15,TPEx,1580,新麥,102.50,102.50,101.00,101.50,-0.50,72133,7325933,113
2022-03-15,TPEx,1584,精剛,17.95,17.95,17.50,17.50,-0.55,170461,3007112,107
2022-03-15,TPEx,1586,和勤,40.50,40.50,39.90,40.20,-0.30,87376,3508609,64
2022-03-15,TPEx,1591,駿吉-KY,17.70,19.65,17.30,19.65,+1.75,3507581,67086446,1740
2022-03-15,TPEx,1593,祺驊,70.20,70.20,65.00,65.40,-4.80,188206,12461333,135
2022-03-15,TPEx,1595,川寶,40.30,40.45,39.00,39.60,-1.05,45079,1801094,35
2022-03-15,TPEx,1599,宏佳騰,52.50,52.50,50.30,51.30,-1.20,283184,14474889,226
2022-03-15,TPEx,1742,台蠟,22.20,23.60,21.75,21.75,-0.20,3045242,69362220,1582
2022-03-15,TPEx,1777,生泰,66.00,66.00,65.50,65.70,-0.40,34551,2271389,32
2022-03-15,TPEx,1781,合世,13.85,13.85,13.80,13.80,-0.05,35145,485961,31
2022-03-15,TPEx,1784,訊聯,36.35,36.35,35.50,35.50,-0.85,97692,3497412,111
2022-03-15,TPEx,1785,光洋科,49.65,49.65,48.20,48.20,-1.45,3568446,173316444,2388
2022-03-15,TPEx,1788,杏昌,146.00,146.00,145.00,145.50,-0.50,12113,1763645,162
2022-03-15,TPEx,1796,金穎生技,44.00,45.20,43.20,45.20,0.00,33227,1461017,46
2022-03-15,TPEx,1799,易威,13.85,14.20,13.70,14.20,-0.05,18011,248968,13
2022-03-15,TPEx,1813,寶利徠,18.75,18.85,18.75,18.80,0.00,18654,350746,33
2022-03-15,TPEx,1815,富喬,15.00,15.00,14.65,14.70,-0.30,1144980,16917283,426
2022-03-15,TPEx,2035,唐榮,36.80,37.20,36.70,36.95,+0.15,111036,4102677,80
2022-03-15,TPEx,2061,風青,19.40,19.80,19.40,19.75,+0.10,8006,156970,14
2022-03-15,TPEx,2063,世鎧,36.15,36.15,35.95,36.00,-0.15,101750,3667752,68
2022-03-15,TPEx,2064,晉椿,29.10,29.90,25.90,25.90,-2.85,9583985,266431809,5106
2022-03-15,TPEx,2065,世豐,52.00,52.00,51.00,51.20,-0.60,186452,9557823,163
2022-03-15,TPEx,2066,世德,59.00,59.10,58.50,59.10,0.00,9000,529500,7
2022-03-15,TPEx,2067,嘉鋼,14.20,14.20,13.80,13.80,-0.50,113000,1574850,39
2022-03-15,TPEx,2070,精湛,32.05,32.45,31.60,32.45,-0.40,25000,801050,17
2022-03-15,TPEx,2221,大甲,36.50,36.50,35.50,35.90,-0.35,72118,2581503,58
2022-03-15,TPEx,2230,泰茂,14.95,14.95,14.50,14.50,-0.45,135383,1987864,74
2022-03-15,TPEx,2235,謚源,38.70,38.70,38.70,38.70,+0.05,3000,116100,2
2022-03-15,TPEx,2596,綠意,21.80,22.00,21.75,21.85,-0.10,64000,1398550,38
2022-03-15,TPEx,2640,大車隊,81.60,81.60,80.40,80.70,-0.90,61172,4937987,119
2022-03-15,TPEx,2641,正德,27.60,27.75,26.30,26.40,-1.00,6055779,162129068,3373
2022-03-15,TPEx,2643,捷迅,72.20,72.20,70.80,70.80,-1.30,40840,2900309,47
2022-03-15,TPEx,2718,晶悅,,,,,,0,0,0
2022-03-15,TPEx,2719,燦星旅,15.00,15.00,14.85,14.85,-0.15,4000,59850,2
2022-03-15,TPEx,2724,富驛-KY,14.90,14.90,14.90,14.90,+0.05,1000,14900,1
2022-03-15,TPEx,2726,雅茗-KY,29.05,29.25,28.60,28.65,-0.60,53110,1536751,49
2022-03-15,TPEx,2729,瓦城,212.50,216.50,211.00,215.00,+0.50,20536,4391302,44
2022-03-15,TPEx,2732,六角,107.00,108.50,104.50,105.00,-2.00,175788,18572769,175
2022-03-15,TPEx,2734,易飛網,27.30,27.30,26.10,26.45,-0.85,287026,7610414,211
2022-03-15,TPEx,2736,富野,16.25,16.55,16.20,16.20,-0.20,34000,551850,24
2022-03-15,TPEx,2740,天蔥,23.85,23.85,23.85,23.85,+0.35,1379,32719,11
2022-03-15,TPEx,2743,山富,36.45,36.45,32.15,32.45,-3.25,2023241,67234604,1313
2022-03-15,TPEx,2745,五福,34.25,34.25,30.95,32.70,-0.70,250259,7983071,183
2022-03-15,TPEx,2752,豆府,158.00,158.50,156.50,156.50,-2.00,23449,3685105,39
2022-03-15,TPEx,2754,亞洲藏壽司,76.50,76.90,75.90,76.30,-0.40,55896,4268117,63
2022-03-15,TPEx,2755,揚秦,56.50,58.80,56.00,56.20,0.00,10132,572901,15
2022-03-15,TPEx,2756,聯發國際,118.50,118.50,116.00,118.00,-1.00,52548,6162409,61
2022-03-15,TPEx,2916,滿心,23.50,23.75,23.40,23.40,-0.10,58179,1371254,46
2022-03-15,TPEx,2924,東凌-KY,34.00,34.00,34.00,34.00,0.00,3000,102000,3
2022-03-15,TPEx,2926,誠品生活,59.50,59.90,59.40,59.40,-0.10,47360,2817790,44
2022-03-15,TPEx,2937,集雅社,36.80,36.85,36.45,36.45,-0.30,34305,1258588,26
2022-03-15,TPEx,2947,振宇五金,138.00,140.00,136.00,138.00,-1.50,25398,3498328,31
2022-03-15,TPEx,3064,泰偉,13.35,13.35,13.35,13.35,+0.05,17037,227443,9
2022-03-15,TPEx,3066,李洲,45.35,45.35,41.30,42.10,+0.85,2313038,101670586,1313
2022-03-15,TPEx,3067,全域,40.00,40.00,40.00,40.00,-0.10,12000,480000,8
2022-03-15,TPEx,3071,協禧,27.20,27.20,26.35,26.50,-0.70,253243,6743490,187
2022-03-15,TPEx,3073,天方能源,30.25,30.25,28.60,29.45,0.00,9150,266684,10
2022-03-15,TPEx,3078,僑威,36.30,36.30,35.50,35.55,-0.80,559749,19970685,482
2022-03-15,TPEx,3081,聯亞,182.50,182.50,179.50,179.50,-3.00,140033,25301737,669
2022-03-15,TPEx,3083,網龍,48.00,48.00,45.80,46.30,-1.70,477561,22269058,381
2022-03-15,TPEx,3085,新零售,10.05,10.05,10.05,10.05,0.00,2000,20100,2
2022-03-15,TPEx,3086,華義,129.50,129.50,120.50,120.50,-6.50,277558,34152652,259
2022-03-15,TPEx,3088,艾訊,57.40,57.40,56.50,56.60,-1.10,409568,23256719,275
2022-03-15,TPEx,3089,億杰,38.90,38.90,36.30,36.90,-2.00,36001,1348436,21
2022-03-15,TPEx,3093,港建,84.60,84.60,84.60,84.60,-0.40,13000,1099800,9
2022-03-15,TPEx,3095,及成,3.36,3.36,3.29,3.29,-0.07,72545,241115,47
2022-03-15,TPEx,3105,穩懋,291.00,294.50,284.00,285.50,-3.50,2087451,599482149,3355
2022-03-15,TPEx,3114,好德,26.10,26.10,25.45,25.50,-0.55,150499,3852876,98
2022-03-15,TPEx,3115,寶島極,11.65,11.95,11.65,11.90,-0.15,22024,258988,12
2022-03-15,TPEx,3118,進階,29.30,29.30,29.10,29.25,+0.15,24121,703925,69
2022-03-15,TPEx,3122,笙泉,53.20,53.20,50.90,51.00,-2.00,862937,44406413,720
2022-03-15,TPEx,3128,昇銳,18.85,18.85,18.00,18.10,-0.75,191140,3469083,168
2022-03-15,TPEx,3131,弘塑,296.00,296.00,289.50,289.50,-8.00,129101,37600757,183
2022-03-15,TPEx,3141,晶宏,164.00,165.00,149.50,150.50,-13.50,9362071,1440192128,7478
2022-03-15,TPEx,3147,大綜,47.10,47.60,46.20,46.55,+0.05,153280,7196300,115
2022-03-15,TPEx,3152,璟德,268.00,269.00,261.50,266.50,-5.50,159726,42466508,223
2022-03-15,TPEx,3162,精確,42.00,42.20,40.50,40.75,-0.40,308410,12717240,204
2022-03-15,TPEx,3163,波若威,41.20,43.80,40.90,43.50,+2.55,2363073,100574662,1757
2022-03-15,TPEx,3169,亞信,199.00,199.50,185.00,186.50,-13.50,4037743,770227811,4414
2022-03-15,TPEx,3171,新洲,20.30,20.30,20.20,20.20,-0.35,13001,263518,10
2022-03-15,TPEx,3176,基亞,49.90,50.50,49.35,49.50,-0.35,338609,16837158,267
2022-03-15,TPEx,3178,公準,63.40,64.00,62.10,62.40,-1.80,78093,4886473,84
2022-03-15,TPEx,3188,鑫龍騰,16.40,16.40,16.10,16.10,+0.10,66393,1074437,47
2022-03-15,TPEx,3191,和進,10.80,11.00,10.80,10.90,-0.10,62001,673912,20
2022-03-15,TPEx,3202,樺晟,16.65,16.65,16.15,16.20,-0.45,566124,9218669,375
2022-03-15,TPEx,3205,佰研,21.90,22.15,21.60,21.80,-0.15,37029,807129,61
2022-03-15,TPEx,3206,志豐,29.15,29.15,28.35,28.35,-0.35,126636,3618173,157
2022-03-15,TPEx,3207,耀勝,23.45,23.50,23.00,23.15,-0.45,272236,6300558,143
2022-03-15,TPEx,3211,順達,122.50,122.50,118.00,118.00,-3.00,3586414,430278067,2654
2022-03-15,TPEx,3213,茂訊,62.20,62.20,61.10,61.40,-0.80,116661,7184686,142
2022-03-15,TPEx,3217,優群,98.60,100.50,97.00,97.00,-2.00,1385098,136364583,1271
2022-03-15,TPEx,3218,大學光,320.00,320.00,301.50,306.50,-5.50,748645,231768340,748
2022-03-15,TPEx,3219,倚強科,113.00,113.00,106.50,108.00,-5.50,292491,31626457,237
2022-03-15,TPEx,3221,台嘉碩,32.20,32.20,30.85,31.00,-1.00,562231,17474960,356
2022-03-15,TPEx,3224,三顧,49.80,49.80,47.60,47.70,-2.15,289212,13990730,219
2022-03-15,TPEx,3226,至寶電,,,,,,0,0,0
2022-03-15,TPEx,3227,原相,137.50,137.50,132.00,133.50,-4.00,819439,109403783,897
2022-03-15,TPEx,3228,金麗科,383.00,385.00,353.00,354.00,-35.00,1684114,616916052,2340
2022-03-15,TPEx,3230,錦明,15.30,15.55,15.10,15.50,+0.20,318622,4914921,247
2022-03-15,TPEx,3232,昱捷,28.30,28.55,27.55,28.10,+0.20,720086,20239691,464
2022-03-15,TPEx,3234,光環,24.15,24.15,23.50,23.50,-0.70,194447,4599466,218
2022-03-15,TPEx,3236,千如,22.85,22.85,22.50,22.55,-0.40,88163,1989638,125
2022-03-15,TPEx,3252,海灣,16.40,16.50,16.25,16.25,-0.30,46000,749600,28
2022-03-15,TPEx,3259,鑫創,23.50,23.95,23.40,23.60,+0.10,61106,1447651,45
2022-03-15,TPEx,3260,威剛,88.70,88.70,85.10,85.10,-3.60,5820644,500534641,5062
2022-03-15,TPEx,3264,欣銓,50.20,50.30,48.70,48.75,-1.45,2201198,108191321,1668
2022-03-15,TPEx,3265,台星科,33.20,33.25,32.60,32.65,-0.85,450765,14790091,305
2022-03-15,TPEx,3268,海德威,23.75,23.75,23.35,23.55,-0.60,15216,359055,66
2022-03-15,TPEx,3272,東碩,32.25,32.25,31.00,31.25,0.00,76007,2374867,51
2022-03-15,TPEx,3276,宇環,16.30,16.30,16.00,16.15,-0.20,168273,2712405,176
2022-03-15,TPEx,3284,太普高,13.50,13.50,13.30,13.40,-0.20,19102,255683,30
2022-03-15,TPEx,3285,微端,21.65,21.65,20.90,20.90,-0.25,21002,442793,19
2022-03-15,TPEx,3287,廣寰科,15.20,15.20,15.00,15.20,-0.30,42000,634850,25
2022-03-15,TPEx,3288,點晶,16.00,16.00,16.00,16.00,-0.80,7001,112015,8
2022-03-15,TPEx,3289,宜特,47.65,48.05,47.40,47.55,-0.85,93317,4443198,135
2022-03-15,TPEx,3290,東浦,19.75,19.75,18.90,18.90,-0.90,476997,9106776,270
2022-03-15,TPEx,3293,鈊象,706.00,711.00,690.00,692.00,-13.00,264270,184823011,545
2022-03-15,TPEx,3294,英濟,21.10,21.15,19.80,20.00,-1.35,1302828,26436393,797
2022-03-15,TPEx,3297,杭特,15.85,15.85,15.45,15.65,-0.35,46285,723092,70
2022-03-15,TPEx,3303,岱稜,26.60,26.60,26.35,26.40,-0.20,192171,5082988,127
2022-03-15,TPEx,3306,鼎天,25.85,25.85,24.95,25.10,-0.40,120547,3036796,576
2022-03-15,TPEx,3310,佳穎,41.15,41.50,40.00,40.00,-1.10,111271,4545420,85
2022-03-15,TPEx,3313,斐成,11.20,11.20,11.00,11.05,-0.20,131078,1452722,272
2022-03-15,TPEx,3317,尼克森,68.50,69.30,65.80,65.80,-1.60,945087,63769548,840
2022-03-15,TPEx,3322,建舜電,22.80,22.85,22.05,22.05,-0.65,1594081,35562580,907
2022-03-15,TPEx,3323,加百裕,40.10,40.10,39.30,39.45,-0.65,227990,8994181,159
2022-03-15,TPEx,3324,雙鴻,219.00,219.00,201.50,203.50,-18.50,4411523,923687638,4187
2022-03-15,TPEx,3325,旭品,16.90,16.90,16.40,16.45,-0.55,142128,2348342,128
2022-03-15,TPEx,3332,幸康,40.10,40.90,39.90,39.90,+0.30,53000,2140850,5
2022-03-15,TPEx,3339,泰谷,20.20,20.20,19.15,19.25,-0.65,209346,4071872,153
2022-03-15,TPEx,3354,律勝,15.50,16.05,15.30,15.60,+0.05,2804448,44206605,483
2022-03-15,TPEx,3357,臺慶科,118.50,118.50,116.50,117.00,-1.50,155588,18233761,174
2022-03-15,TPEx,3360,尚立,16.70,16.70,16.25,16.45,+0.05,622875,10254103,342
2022-03-15,TPEx,3362,先進光,61.20,61.20,60.10,60.40,-1.40,291194,17597573,269
2022-03-15,TPEx,3363,上詮,28.05,28.70,27.70,28.55,+0.40,440742,12401570,389
2022-03-15,TPEx,3372,典範,19.00,19.00,18.55,18.70,-0.30,668001,12453617,292
2022-03-15,TPEx,3373,熱映,31.80,32.00,30.85,30.85,0.00,195694,6138333,200
2022-03-15,TPEx,3374,精材,119.50,119.50,116.50,118.00,-1.50,949525,111599260,857
2022-03-15,TPEx,3379,彬台,11.80,12.20,11.75,12.15,+0.20,145517,1742908,75
2022-03-15,TPEx,3388,崇越電,87.70,87.70,87.00,87.40,-0.30,68932,6008435,79
2022-03-15,TPEx,3390,旭軟,19.10,19.10,17.80,18.05,-0.90,530782,9583416,328
2022-03-15,TPEx,3402,漢科,50.50,51.00,49.50,50.40,-0.40,438591,21934639,313
2022-03-15,TPEx,3426,台興,38.05,38.05,38.05,38.05,-0.05,2000,76100,2
2022-03-15,TPEx,3434,哲固,20.00,20.20,18.80,19.00,-0.75,800752,15439235,443
2022-03-15,TPEx,3438,類比科,70.50,70.50,68.00,68.10,-2.40,171921,11855288,145
2022-03-15,TPEx,3441,聯一光,32.05,32.05,31.00,31.00,-1.25,111333,3475292,139
2022-03-15,TPEx,3444,利機,50.00,50.00,47.15,47.70,-2.00,126647,6056468,123
2022-03-15,TPEx,3455,由田,90.40,90.90,88.30,89.60,-1.50,4272400,382670258,2904
2022-03-15,TPEx,3465,進泰電子,159.50,159.50,150.00,150.00,-7.00,25535,3872713,46
2022-03-15,TPEx,3466,致振,17.10,17.25,16.60,16.80,-0.20,210118,3530935,107
2022-03-15,TPEx,3479,安勤,53.50,54.10,53.00,54.10,-0.30,64040,3417371,84
2022-03-15,TPEx,3483,力致,75.00,75.00,73.50,74.30,-0.80,504654,37409670,413
2022-03-15,TPEx,3484,崧騰,72.90,72.90,70.40,70.50,-2.50,927276,65888720,1095
2022-03-15,TPEx,3489,森寶,10.60,10.60,10.45,10.55,0.00,54000,568700,43
2022-03-15,TPEx,3490,單井,31.45,31.45,30.05,30.05,-1.40,544899,16722659,428
2022-03-15,TPEx,3491,昇達科,151.00,151.50,142.50,143.00,-9.00,2001433,292369020,1532
2022-03-15,TPEx,3492,長盛,18.30,18.30,17.75,17.75,-0.55,282054,5044819,108
2022-03-15,TPEx,3498,陽程,29.40,30.20,29.35,29.65,-0.05,102057,3055784,84
2022-03-15,TPEx,3499,環天科,18.90,19.10,17.85,17.85,-1.15,753808,13761006,467
2022-03-15,TPEx,3508,位速,41.75,41.75,39.20,39.30,-2.55,2683881,107766982,1977
2022-03-15,TPEx,3511,矽瑪,36.15,36.70,34.70,34.90,-1.70,303958,10687904,250
2022-03-15,TPEx,3512,皇龍,32.90,32.90,32.50,32.75,-0.15,21000,686800,10
2022-03-15,TPEx,3516,亞帝歐,16.20,16.20,15.25,15.60,-0.30,19150,299027,20
2022-03-15,TPEx,3520,華盈,15.45,15.45,15.20,15.20,-0.25,67710,1032147,46
2022-03-15,TPEx,3521,鴻翊,14.40,14.40,14.00,14.10,0.00,49000,688200,24
2022-03-15,TPEx,3522,御頂,9.49,9.54,9.40,9.50,0.00,313216,2969997,153
2022-03-15,TPEx,3523,迎輝,10.85,10.85,10.65,10.65,-0.15,5400,57808,9
2022-03-15,TPEx,3526,凡甲,190.00,191.50,182.50,182.50,-9.00,865208,160203007,917
2022-03-15,TPEx,3527,聚積,165.00,165.50,152.00,152.00,-14.00,1096694,171063392,1623
2022-03-15,TPEx,3529,力旺,1765.00,1790.00,1615.00,1615.00,-175.00,1258107,2086463165,1989
2022-03-15,TPEx,3531,先益,,,,,,113,2453,3
2022-03-15,TPEx,3537,堡達,41.20,41.65,40.60,40.65,+0.30,1565079,64156443,1017
2022-03-15,TPEx,3540,曜越,36.00,36.00,34.80,34.80,-1.30,292588,10244350,314
2022-03-15,TPEx,3541,西柏,58.70,58.70,56.80,56.90,-1.80,290318,16661023,238
2022-03-15,TPEx,3546,宇峻,82.10,82.10,80.60,80.60,-1.80,253201,20517405,272
2022-03-15,TPEx,3548,兆利,72.20,72.20,70.40,70.70,-2.10,567099,40241769,432
2022-03-15,TPEx,3551,世禾,70.30,70.50,69.40,69.40,-1.40,217554,15150410,184
2022-03-15,TPEx,3552,同致,132.50,132.50,124.50,124.50,-7.50,764475,97301778,800
2022-03-15,TPEx,3555,重鵬,35.55,36.75,35.55,36.75,+0.60,2088,75434,10
2022-03-15,TPEx,3556,禾瑞亞,81.70,82.00,79.20,79.20,-2.20,906223,72474149,870
2022-03-15,TPEx,3558,神準,116.00,117.50,114.00,115.50,-1.50,344049,39739174,314
2022-03-15,TPEx,3564,其陽,25.05,25.20,24.70,25.20,0.00,20000,496400,20
2022-03-15,TPEx,3567,逸昌,35.50,35.50,35.15,35.40,-0.20,38408,1354857,68
2022-03-15,TPEx,3570,大塚,83.90,84.60,83.10,84.60,+0.70,28000,2357600,26
2022-03-15,TPEx,3577,泓格,77.30,78.80,75.00,75.00,-0.60,193312,14868925,174
2022-03-15,TPEx,3580,友威科,63.20,63.60,62.40,62.90,-0.40,463247,29234102,371
2022-03-15,TPEx,3581,博磊,26.00,26.00,24.80,25.40,-0.80,39200,994450,37
2022-03-15,TPEx,3587,閎康,143.00,143.50,136.50,137.50,-6.50,717911,99930624,683
2022-03-15,TPEx,3594,磐儀,24.85,25.75,24.55,24.90,+0.05,910883,22872538,611
2022-03-15,TPEx,3597,映興,28.60,28.60,28.60,28.60,-0.40,2000,57200,2
2022-03-15,TPEx,3609,三一東林,58.10,58.10,57.30,57.30,-2.70,48006,2776159,44
2022-03-15,TPEx,3611,鼎翰,197.00,197.00,195.50,195.50,-1.50,40728,7991336,74
2022-03-15,TPEx,3615,安可,20.50,20.50,19.95,20.00,-0.60,322088,6458280,200
2022-03-15,TPEx,3623,富晶通,18.90,18.95,18.20,18.60,-0.30,593791,11105255,254
2022-03-15,TPEx,3624,光頡,73.30,73.40,69.30,69.30,-4.60,2379879,168644841,1825
2022-03-15,TPEx,3625,西勝,21.90,21.90,20.95,21.00,-0.70,328363,6939818,242
2022-03-15,TPEx,3628,盈正,60.00,61.70,55.50,55.50,-4.40,5244823,312381030,3644
2022-03-15,TPEx,3629,地心引力,66.40,66.40,66.40,66.40,+1.90,1002,66526,3
2022-03-15,TPEx,3630,新鉅科,32.80,32.80,32.05,32.05,-0.50,299571,9660307,241
2022-03-15,TPEx,3631,晟楠,43.50,44.55,43.50,44.05,0.00,21000,926100,18
2022-03-15,TPEx,3632,研勤,9.41,9.41,9.41,9.41,0.00,6648,62677,54
2022-03-15,TPEx,3642,駿熠電,8.24,8.24,7.72,7.73,-0.47,53401,419248,38
2022-03-15,TPEx,3646,艾恩特,27.10,27.10,26.25,26.70,-0.20,178022,4723625,124
2022-03-15,TPEx,3652,精聯,20.40,20.65,20.40,20.60,0.00,75022,1540903,54
2022-03-15,TPEx,3663,鑫科,30.55,30.55,29.20,29.30,-0.90,254088,7540574,197
2022-03-15,TPEx,3664,安瑞-KY,8.12,8.19,7.86,7.95,-0.17,85000,678550,43
2022-03-15,TPEx,3666,光耀,28.15,28.30,27.10,27.15,-1.00,99340,2725359,88
2022-03-15,TPEx,3672,康聯訊,39.50,39.50,38.95,39.20,-0.30,206197,8067027,91
2022-03-15,TPEx,3675,德微,274.50,276.50,261.00,261.00,-13.00,958963,255014522,982
2022-03-15,TPEx,3680,家登,245.00,245.00,236.50,236.50,-8.50,455993,108542543,581
2022-03-15,TPEx,3684,榮昌,59.50,60.80,54.90,55.60,-5.30,338130,18907550,275
2022-03-15,TPEx,3685,元創精密,28.75,29.10,27.60,27.60,-1.25,75045,2116066,59
2022-03-15,TPEx,3687,歐買尬,185.50,186.50,169.00,170.00,-14.00,3672771,652363902,3314
2022-03-15,TPEx,3689,湧德,44.70,44.85,43.20,43.40,-1.30,1054137,46061308,823
2022-03-15,TPEx,3691,碩禾,179.00,181.00,174.50,174.50,-3.50,519170,92515026,524
2022-03-15,TPEx,3693,營邦,51.40,53.20,50.60,50.60,-0.70,182301,9442481,148
2022-03-15,TPEx,3707,漢磊,118.50,122.50,116.00,116.00,-4.50,22713287,2713046725,15086
2022-03-15,TPEx,3709,鑫聯大投控,33.50,33.65,32.90,33.10,-0.55,52321,1737415,44
2022-03-15,TPEx,3710,連展投控,15.10,15.55,14.55,14.65,-0.65,7970332,118869565,2864
2022-03-15,TPEx,3713,新晶投控,34.25,34.30,33.80,33.80,-0.45,118130,4021699,52
2022-03-15,TPEx,4102,永日,20.05,20.05,19.60,19.70,-0.35,50413,998858,120
2022-03-15,TPEx,4105,東洋,68.70,68.70,67.80,67.80,-0.90,316828,21567863,421
2022-03-15,TPEx,4107,邦特,105.00,105.00,103.00,103.00,-2.50,83121,8675753,97
2022-03-15,TPEx,4109,加捷生醫,13.20,14.50,13.20,14.50,+1.30,2743169,39578651,818
2022-03-15,TPEx,4111,濟生,23.00,23.10,22.90,23.00,0.00,69013,1586598,47
2022-03-15,TPEx,4113,聯上,14.15,14.20,14.15,14.20,-0.05,246283,3494624,94
2022-03-15,TPEx,4114,健喬,24.30,24.45,24.00,24.15,-0.10,786585,18970093,490
2022-03-15,TPEx,4116,明基醫,32.55,32.65,32.40,32.65,-0.25,18152,590026,19
2022-03-15,TPEx,4120,友華,35.20,35.20,34.95,34.95,-0.40,81617,2860240,58
2022-03-15,TPEx,4121,優盛,20.05,20.25,19.80,19.85,-0.20,306057,6122768,214
2022-03-15,TPEx,4123,晟德,58.40,58.60,57.80,57.80,-0.70,573706,33321073,421
2022-03-15,TPEx,4126,太醫,72.50,72.50,72.00,72.50,0.00,59110,4275258,58
2022-03-15,TPEx,4127,天良,12.45,12.45,12.15,12.20,-0.25,118382,1453163,93
2022-03-15,TPEx,4128,中天,57.40,57.40,55.10,55.10,-2.30,2798870,155612034,1847
2022-03-15,TPEx,4129,聯合,29.55,29.75,29.25,29.25,-0.55,112047,3298098,85
2022-03-15,TPEx,4129A,聯合甲特,46.55,46.55,46.45,46.45,-0.10,30000,1394450,12
2022-03-15,TPEx,4130,健亞,23.95,23.95,23.60,23.60,-0.30,216384,5129635,130
2022-03-15,TPEx,4131,晶宇,,,,,,393,6031,3
2022-03-15,TPEx,4138,曜亞,54.70,54.90,54.60,54.80,+0.20,110392,6043397,88
2022-03-15,TPEx,4139,馬光-KY,46.05,46.20,45.60,46.05,-0.15,45000,2062800,40
2022-03-15,TPEx,4147,中裕,62.10,62.20,61.10,61.10,-1.20,578485,35549433,648
2022-03-15,TPEx,4153,鈺緯,24.90,25.00,24.60,24.70,-0.20,22000,544200,19
2022-03-15,TPEx,4154,樂威科-KY,41.10,42.20,40.90,40.90,-2.60,7000,288400,7
2022-03-15,TPEx,4157,太景*-KY,16.25,17.30,16.00,16.40,+0.15,5678167,95211042,2231
2022-03-15,TPEx,4160,創源,24.40,24.40,24.15,24.20,-0.20,11434,277898,135
2022-03-15,TPEx,4161,聿新科,25.10,25.45,24.50,25.05,-0.30,27001,676973,20
2022-03-15,TPEx,4162,智擎,81.10,85.30,80.60,81.60,+0.60,7115655,589159969,5156
2022-03-15,TPEx,4163,鐿鈦,82.40,82.70,80.20,82.70,+0.10,48269,3948066,46
2022-03-15,TPEx,4167,松瑞藥,16.35,16.35,16.00,16.05,-0.25,458060,7401043,316
2022-03-15,TPEx,4168,醣聯,27.50,27.60,27.10,27.60,+0.10,144340,3941988,146
2022-03-15,TPEx,4171,瑞基,84.80,85.50,83.00,83.00,-1.50,329201,27639924,426
2022-03-15,TPEx,4173,久裕,17.35,17.35,17.00,17.15,0.00,107651,1836955,104
2022-03-15,TPEx,4174,浩鼎,108.00,109.50,106.50,106.50,-1.00,791592,85096445,628
2022-03-15,TPEx,4175,杏一,67.80,67.80,67.30,67.70,-0.30,23837,1611355,60
2022-03-15,TPEx,4183,福永生技,,,,,,0,0,0
2022-03-15,TPEx,4188,安克,17.90,18.00,17.30,18.00,-0.10,68188,1202510,45
2022-03-15,TPEx,4192,杏國,35.10,35.10,34.20,34.20,-0.90,125830,4338530,79
2022-03-15,TPEx,4198,欣大健康,5.00,5.00,4.70,4.70,-0.52,414242,1966482,119
2022-03-15,TPEx,4205,中華食,121.00,121.00,119.00,119.00,-2.00,51484,6181546,456
2022-03-15,TPEx,4207,環泰,13.80,13.85,13.75,13.80,-0.05,56166,776688,20
2022-03-15,TPEx,4303,信立,25.80,25.80,24.50,24.50,-1.15,289242,7222878,163
2022-03-15,TPEx,4304,勝昱,14.00,14.90,14.00,14.90,+0.90,23420,330580,13
2022-03-15,TPEx,4305,世坤,31.55,31.70,31.50,31.55,+0.05,4000,126300,4
2022-03-15,TPEx,4401,東隆興,33.25,33.25,32.50,32.50,-0.75,143003,4680959,96
2022-03-15,TPEx,4402,福大,6.69,6.79,6.37,6.76,-0.03,78020,517681,63
2022-03-15,TPEx,4406,新昕纖,9.95,9.95,9.85,9.92,-0.02,39001,385419,24
2022-03-15,TPEx,4413,飛寶企業,11.45,11.45,11.10,11.45,0.00,7325,82790,8
2022-03-15,TPEx,4416,三圓,,,,,,0,0,0
2022-03-15,TPEx,4417,金洲,34.90,34.95,34.70,34.80,-0.20,58434,2037336,52
2022-03-15,TPEx,4419,元勝,11.20,11.20,11.20,11.20,+0.30,1005,11255,5
2022-03-15,TPEx,4420,光明,32.20,32.90,32.20,32.90,0.00,4042,132280,7
2022-03-15,TPEx,4429,聚紡,,,,,,47,1893,2
2022-03-15,TPEx,4430,耀億,23.80,23.80,23.80,23.80,0.00,3357,80237,41
2022-03-15,TPEx,4432,銘旺實,14.70,14.90,14.65,14.70,-0.10,71031,1044706,43
2022-03-15,TPEx,4433,興采,29.95,29.95,29.60,29.75,-0.25,30004,892769,18
2022-03-15,TPEx,4502,健信,38.40,38.40,36.10,37.95,-0.10,15000,558500,14
2022-03-15,TPEx,4503,金雨,27.20,27.25,26.50,27.00,-0.60,79201,2133383,68
2022-03-15,TPEx,4506,崇友,68.40,68.40,67.60,68.10,+0.10,67076,4562801,82
2022-03-15,TPEx,4510,高鋒,11.30,11.70,11.30,11.35,-0.05,40007,456127,30
2022-03-15,TPEx,4513,福裕,18.50,18.50,18.10,18.25,-0.25,318644,5807505,167
2022-03-15,TPEx,4523,永彰,26.45,26.45,25.70,26.10,-0.35,14156,370873,73
2022-03-15,TPEx,4527,方土霖,28.30,28.30,28.00,28.25,-0.05,31294,879564,32
2022-03-15,TPEx,4528,江興鍛,39.10,39.10,38.95,38.95,-0.55,13567,529202,19
2022-03-15,TPEx,4529,淳紳,12.00,12.10,11.60,11.70,-0.35,300737,3554390,187
2022-03-15,TPEx,4530,宏易,8.90,9.00,8.80,8.80,-0.15,42124,374897,58
2022-03-15,TPEx,4533,協易機,11.55,11.55,11.35,11.40,-0.20,93313,1066717,83
2022-03-15,TPEx,4534,慶騰,12.90,12.90,12.40,12.55,-0.35,335086,4222986,181
2022-03-15,TPEx,4535,至興,35.00,35.20,35.00,35.20,-0.25,7055,247148,8
2022-03-15,TPEx,4538,大詠城,21.30,21.30,21.30,21.30,-0.20,1006,21428,3
2022-03-15,TPEx,4541,晟田,22.25,22.25,21.80,21.85,-0.45,65620,1439140,49
2022-03-15,TPEx,4542,科嶠,26.40,26.40,26.00,26.00,-0.70,18000,470750,15
2022-03-15,TPEx,4543,萬在,17.70,18.00,17.50,17.50,-0.40,53000,932100,41
2022-03-15,TPEx,4549,桓達,92.50,92.70,92.40,92.50,-0.20,26851,2483779,32
2022-03-15,TPEx,4550,長佳,22.60,22.70,22.50,22.70,+0.05,11471,259866,11
2022-03-15,TPEx,4554,橙的,29.50,29.65,29.30,29.65,-0.05,12209,359461,16
2022-03-15,TPEx,4556,旭然,30.10,30.50,29.55,30.50,+0.20,5050,152025,6
2022-03-15,TPEx,4561,健椿,28.60,28.60,28.35,28.45,-0.20,24000,682950,17
2022-03-15,TPEx,4563,百德,29.70,29.70,29.50,29.65,-0.05,8001,237179,9
2022-03-15,TPEx,4568,科際精密,68.00,68.00,67.50,67.50,-2.10,8051,545843,10
2022-03-15,TPEx,4580,捷流閥業,92.90,92.90,91.90,92.10,-0.90,61201,5648800,61
2022-03-15,TPEx,4609,唐鋒,8.79,8.79,8.79,8.79,+0.14,1000,8790,1
2022-03-15,TPEx,4702,中美實,16.50,16.70,14.90,16.10,-0.25,10006588,158233168,4503
2022-03-15,TPEx,4706,大恭,18.70,18.70,18.45,18.60,-0.20,46174,857463,35
2022-03-15,TPEx,4707,磐亞,12.70,13.00,12.65,12.75,+0.20,2537949,32545742,990
2022-03-15,TPEx,4711,永純,17.80,17.95,17.65,17.65,-0.30,58000,1027800,38
2022-03-15,TPEx,4712,南璋,6.78,6.78,6.40,6.40,-0.28,14105,93209,13
2022-03-15,TPEx,4714,永捷,13.50,13.50,13.20,13.30,-0.20,467441,6208910,214
2022-03-15,TPEx,4716,大立,14.00,14.00,13.90,13.90,-0.15,218650,3048769,97
2022-03-15,TPEx,4721,美琪瑪,141.00,142.00,137.50,137.50,-4.50,1480058,205606162,1575
2022-03-15,TPEx,4726,永昕,39.20,39.25,38.30,38.40,-0.70,414940,16016830,251
2022-03-15,TPEx,4728,雙美,126.00,126.00,122.50,122.50,-1.00,122401,15238693,115
2022-03-15,TPEx,4729,熒茂,12.90,13.00,12.55,13.00,+0.10,29000,369750,25
2022-03-15,TPEx,4735,豪展,49.60,49.60,48.00,48.10,-1.50,195338,9466974,197
2022-03-15,TPEx,4736,泰博,182.00,183.00,178.50,178.50,-3.00,453957,81458090,994
2022-03-15,TPEx,4741,泓瀚,26.45,26.60,26.30,26.60,+0.15,12000,317150,12
2022-03-15,TPEx,4743,合一,209.50,210.00,200.00,200.50,-9.00,2206690,448200254,2712
2022-03-15,TPEx,4744,皇將,30.85,31.00,30.30,30.65,-0.20,206000,6319400,129
2022-03-15,TPEx,4745,合富-KY,28.50,29.15,28.50,28.80,+0.15,351385,10119734,49
2022-03-15,TPEx,4747,強生,33.90,33.90,33.75,33.75,-0.10,4000,135350,3
2022-03-15,TPEx,4754,國碳科,40.30,40.40,40.25,40.40,+0.10,23088,930948,62
2022-03-15,TPEx,4760,勤凱,79.10,79.10,76.50,76.50,-2.20,51694,4002001,68
2022-03-15,TPEx,4767,誠泰科技,28.45,29.35,28.40,29.30,+0.35,9000,260700,7
2022-03-15,TPEx,4804,大略-KY,11.85,12.50,11.50,11.50,+0.05,11600536,139296817,4410
2022-03-15,TPEx,4806,昇華,9.32,9.58,9.14,9.58,-0.02,5000,46500,5
2022-03-15,TPEx,4903,聯光通,10.80,10.80,10.50,10.80,0.00,162189,1720482,141
2022-03-15,TPEx,4905,台聯電,,,,,,0,0,0
2022-03-15,TPEx,4907,富宇,24.35,24.35,24.35,24.35,0.00,1084,26378,2
2022-03-15,TPEx,4908,前鼎,31.95,33.70,31.50,32.55,+0.60,916445,30126728,630
2022-03-15,TPEx,4909,新復興,18.00,18.00,17.00,17.40,-0.60,221301,3844381,285
2022-03-15,TPEx,4911,德英,26.60,26.95,26.60,26.95,-0.05,4006,106974,6
2022-03-15,TPEx,4923,力士,78.40,78.40,76.00,76.20,+0.50,1142070,88074826,812
2022-03-15,TPEx,4924,欣厚-KY,13.50,13.75,13.30,13.75,-0.15,21000,281500,14
2022-03-15,TPEx,4931,新盛力,27.55,27.55,26.10,26.10,-1.50,3525491,94485465,2134
2022-03-15,TPEx,4933,友輝,38.60,39.50,38.60,39.20,+1.50,549208,21454965,405
2022-03-15,TPEx,4939,亞電,23.15,23.15,22.65,22.75,-0.45,506152,11548492,504
2022-03-15,TPEx,4944,兆遠,22.95,23.55,22.05,22.70,-1.55,85959,1931946,56
2022-03-15,TPEx,4945,陞達科技,93.40,93.40,84.10,84.50,-8.20,700634,61134717,666
2022-03-15,TPEx,4946,辣椒,76.70,76.70,71.50,72.00,-3.50,521119,38104351,527
2022-03-15,TPEx,4950,牧東,24.00,24.80,24.00,24.65,+0.25,1968356,48306382,415
2022-03-15,TPEx,4953,緯軟,86.60,86.60,84.90,85.60,-1.00,185773,15900380,285
2022-03-15,TPEx,4966,譜瑞-KY,1750.00,1760.00,1605.00,1605.00,-175.00,1086546,1784120770,1356
2022-03-15,TPEx,4971,IET-KY,72.20,72.70,70.00,70.30,-1.90,291731,20642469,244
2022-03-15,TPEx,4972,湯石照明,32.55,32.55,32.20,32.30,-0.25,29700,960313,42
2022-03-15,TPEx,4973,廣穎,22.85,22.85,22.70,22.70,-0.30,60086,1367820,70
2022-03-15,TPEx,4974,亞泰,56.10,56.10,55.60,55.70,-0.60,82108,4579801,124
2022-03-15,TPEx,4979,華星光,18.00,18.00,17.55,17.70,-0.15,306083,5436261,239
2022-03-15,TPEx,4987,科誠,54.80,55.00,54.60,55.00,0.00,22163,1212943,20
2022-03-15,TPEx,4991,環宇-KY,43.45,44.45,42.80,43.05,-0.60,153266,6641749,110
2022-03-15,TPEx,4995,晶達,38.80,39.00,38.20,38.50,-0.50,27349,1051712,35
2022-03-15,TPEx,5009,榮剛,26.50,26.50,25.65,25.85,-0.50,9572404,248291906,3720
2022-03-15,TPEx,5011,久陽,39.35,39.50,38.00,38.00,-1.35,1969631,75735000,1011
2022-03-15,TPEx,5013,強新,40.80,40.85,37.80,38.00,-3.05,385702,15055058,371
2022-03-15,TPEx,5014,建錩,21.70,21.85,21.20,21.25,-0.55,1691592,36178116,738
2022-03-15,TPEx,5015,華祺,42.25,42.30,41.80,42.25,-0.30,181521,7634229,106
2022-03-15,TPEx,5016,松和,40.20,40.25,39.05,39.30,-0.75,162152,6393626,120
2022-03-15,TPEx,5102,富強,24.70,25.40,24.65,24.65,-0.05,410957,10179096,157
2022-03-15,TPEx,5201,凱衛,31.80,33.30,31.80,32.75,+1.85,827790,27092559,287
2022-03-15,TPEx,5202,力新,17.45,17.55,17.40,17.55,+0.05,36024,630972,46
2022-03-15,TPEx,5205,中茂,,,,,,0,0,0
2022-03-15,TPEx,5206,坤悅,15.70,15.75,15.40,15.50,-0.25,30700,476839,12
2022-03-15,TPEx,5209,新鼎,79.60,79.90,79.10,79.60,+0.20,171756,13661160,104
2022-03-15,TPEx,5210,寶碩,16.40,16.40,15.75,15.90,-0.55,162426,2601821,82
2022-03-15,TPEx,5211,蒙恬,17.95,17.95,17.75,17.85,-0.15,78321,1396609,53
2022-03-15,TPEx,5212,凌網,,,,,,14,676,4
2022-03-15,TPEx,5213,亞昕,23.60,23.60,23.45,23.50,-0.10,198778,4670632,142
2022-03-15,TPEx,5220,萬達光電,35.50,35.80,35.50,35.80,0.00,35000,1244400,19
2022-03-15,TPEx,5223,安力-KY,51.50,51.70,50.50,50.50,-1.40,28024,1428948,24
2022-03-15,TPEx,5227,立凱-KY,85.70,88.30,82.50,86.00,-1.10,1528982,131194773,1604
2022-03-15,TPEx,5230,雷笛克光學,28.20,28.20,27.40,27.55,-0.95,185009,5116650,119
2022-03-15,TPEx,5236,凌陽創新,129.50,132.00,129.00,129.50,-3.00,141471,18378060,170
2022-03-15,TPEx,5245,智晶,70.50,70.60,67.60,67.60,-3.80,342197,23479955,311
2022-03-15,TPEx,5251,天鉞電,17.40,17.40,16.50,16.60,-0.80,374362,6400376,221
2022-03-15,TPEx,5263,智崴,116.00,116.50,115.00,115.50,-1.50,140611,16261966,170
2022-03-15,TPEx,5272,笙科,36.45,36.45,34.30,34.55,-0.25,674535,23646071,484
2022-03-15,TPEx,5274,信驊,2615.00,2665.00,2545.00,2655.00,-30.00,367280,957019335,689
2022-03-15,TPEx,5276,達輝-KY,12.30,12.45,11.55,12.00,-0.70,145999,1716686,77
2022-03-15,TPEx,5278,尚凡,266.00,266.00,254.00,264.00,-2.00,51883,13463234,70
2022-03-15,TPEx,5281,大峽谷-KY,19.70,20.10,19.70,19.90,-0.40,4000,79600,4
2022-03-15,TPEx,5287,數字,217.50,217.50,216.00,216.00,-2.50,24949,5396982,322
2022-03-15,TPEx,5289,宜鼎,208.50,208.50,201.00,201.50,-6.50,301826,61386000,362
2022-03-15,TPEx,5291,邑昇,38.05,38.10,37.35,37.60,-0.60,167284,6295125,118
2022-03-15,TPEx,5299,杰力,187.50,188.50,182.50,182.50,-4.00,362431,67132496,419
2022-03-15,TPEx,5301,寶得利,14.40,14.85,13.50,14.00,-0.55,703284,9819906,420
2022-03-15,TPEx,5302,太欣,10.30,10.40,10.10,10.10,-0.20,151500,1549372,78
2022-03-15,TPEx,5309,系統電,38.25,39.00,37.50,37.50,-0.70,2403592,91955315,1481
2022-03-15,TPEx,5310,天剛,24.05,25.20,24.00,25.20,+0.60,25400,620149,20
2022-03-15,TPEx,5312,寶島科,60.20,60.60,60.20,60.60,+0.20,23419,1414953,29
2022-03-15,TPEx,5314,世紀,5.10,5.20,5.03,5.20,0.00,20793,106150,22
2022-03-15,TPEx,5315,光聯,18.20,18.25,17.80,17.85,-0.25,261842,4687192,279
2022-03-15,TPEx,5321,美而快,135.50,135.50,120.50,120.50,-13.00,2447680,299906112,1448
2022-03-15,TPEx,5324,士開,9.38,9.38,9.34,9.36,+0.05,48007,449026,31
2022-03-15,TPEx,5328,華容,12.35,12.35,11.95,11.95,-0.40,347643,4189776,232
2022-03-15,TPEx,5340,建榮,32.60,32.75,32.25,32.30,-0.30,52210,1689630,37
2022-03-15,TPEx,5344,立衛,23.00,23.35,22.05,22.05,-1.35,389412,8698328,267
2022-03-15,TPEx,5345,天揚,5.52,5.78,5.52,5.78,+0.04,2000,11300,2
2022-03-15,TPEx,5347,世界,122.50,123.00,115.50,116.50,-7.00,7477207,877806362,6650
2022-03-15,TPEx,5348,系通,7.52,7.52,7.31,7.32,-0.22,5000,36790,5
2022-03-15,TPEx,5351,鈺創,77.00,77.20,73.00,73.40,-4.30,12577931,941128017,8507
2022-03-15,TPEx,5353,台林,20.00,20.50,19.00,19.30,-1.00,407000,7954000,181
2022-03-15,TPEx,5355,佳總,6.44,6.47,6.44,6.44,-0.10,55474,357994,47
2022-03-15,TPEx,5356,協益,26.80,26.80,26.45,26.60,-0.25,147674,3935793,158
2022-03-15,TPEx,5364,力麗店,19.15,19.70,19.15,19.70,+0.50,2134,41364,7
2022-03-15,TPEx,5371,中光電,71.60,71.60,69.60,69.80,-1.70,781803,54839115,919
2022-03-15,TPEx,5381,合正,5.93,6.00,5.89,5.89,-0.04,24906,147213,20
2022-03-15,TPEx,5383,金利,38.50,38.50,37.95,38.15,-0.75,60418,2305718,67
2022-03-15,TPEx,5386,青雲,44.00,44.00,43.05,43.05,-0.55,45195,1953669,91
2022-03-15,TPEx,5392,能率,24.00,24.00,23.35,23.40,-0.40,163709,3856536,425
2022-03-15,TPEx,5398,慕康生醫,19.55,19.55,19.50,19.50,-0.15,20012,390878,28
2022-03-15,TPEx,5403,中菲,72.50,72.50,71.60,71.60,0.00,104958,7544267,116
2022-03-15,TPEx,5410,國眾,25.90,26.20,25.70,25.95,+0.05,454019,11757540,304
2022-03-15,TPEx,5425,台半,71.50,72.50,69.80,69.80,-1.80,3536359,250093665,2429
2022-03-15,TPEx,5426,振發,11.20,11.20,11.00,11.00,-0.30,119354,1316097,79
2022-03-15,TPEx,5432,新門,38.80,38.85,38.55,38.80,-0.45,9000,349000,8
2022-03-15,TPEx,5438,東友,14.60,14.60,14.35,14.50,-0.15,40029,578922,44
2022-03-15,TPEx,5439,高技,52.10,52.30,51.40,51.90,-0.80,331475,17149020,295
2022-03-15,TPEx,5443,均豪,29.55,29.60,28.75,28.75,-0.80,312833,9029600,248
2022-03-15,TPEx,5450,南良,16.90,17.35,16.90,17.15,+0.10,155006,2658947,79
2022-03-15,TPEx,5452,佶優,21.20,21.40,20.50,20.50,-0.70,422436,8745312,251
2022-03-15,TPEx,5455,昇益,29.50,29.55,29.50,29.50,-0.15,7256,214163,9
2022-03-15,TPEx,5457,宣德,58.40,58.40,56.00,56.10,-2.10,1351631,76274173,901
2022-03-15,TPEx,5460,同協,11.75,11.85,11.60,11.65,-0.20,47077,548554,69
2022-03-15,TPEx,5464,霖宏,22.85,23.00,22.80,22.80,-0.35,47650,1089061,53
2022-03-15,TPEx,5465,富驊,15.50,15.50,15.35,15.40,-0.30,44906,692853,34
2022-03-15,TPEx,5468,凱鈺,24.00,24.95,22.30,23.55,-0.45,1310461,30700723,803
2022-03-15,TPEx,5474,聰泰,97.40,97.50,95.00,95.20,-2.20,52654,5082871,96
2022-03-15,TPEx,5475,德宏,21.10,21.65,19.50,19.80,-1.65,4726569,94936000,2332
2022-03-15,TPEx,5478,智冠,90.50,90.50,88.20,88.80,-2.00,213594,18986345,246
2022-03-15,TPEx,5481,新華,13.00,13.00,12.95,12.95,-0.05,38980,506187,234
2022-03-15,TPEx,5483,中美晶,173.00,173.00,163.50,166.00,-7.00,7178296,1195388372,11288
2022-03-15,TPEx,5487,通泰,32.20,32.50,31.55,31.60,-0.85,7003,223599,10
2022-03-15,TPEx,5488,松普,8.15,8.15,8.00,8.00,-0.15,254544,2040182,128
2022-03-15,TPEx,5489,彩富,34.35,34.80,34.35,34.55,-0.05,16065,555998,15
2022-03-15,TPEx,5490,同亨,26.45,26.50,26.15,26.15,-0.35,164790,4329109,270
2022-03-15,TPEx,5493,三聯,43.95,43.95,43.50,43.50,-0.75,42497,1855367,13
2022-03-15,TPEx,5498,凱崴,12.45,12.45,11.90,11.95,-0.50,705083,8475725,439
2022-03-15,TPEx,5508,永信建,78.40,78.40,77.20,77.80,-0.50,214159,16632602,229
2022-03-15,TPEx,5511,德昌,30.65,30.70,30.55,30.70,+0.15,49008,1500503,23
2022-03-15,TPEx,5512,力麒,9.05,9.09,9.00,9.03,-0.03,353139,3183069,153
2022-03-15,TPEx,5514,三豐,19.60,20.20,19.60,20.20,0.00,21052,419049,9
2022-03-15,TPEx,5516,雙喜,15.50,15.50,15.30,15.40,+0.15,52543,807753,28
2022-03-15,TPEx,5520,力泰,58.30,58.30,58.10,58.30,-1.60,3020,175903,5
2022-03-15,TPEx,5523,豐謙,27.70,28.00,27.65,28.00,0.00,58101,1614991,31
2022-03-15,TPEx,5529,鉅陞,16.70,16.70,16.50,16.50,-0.25,137215,2268701,84
2022-03-15,TPEx,5530,龍巖,43.10,43.10,42.70,42.75,-0.35,180177,7716194,197
2022-03-15,TPEx,5536,聖暉,204.00,205.00,201.50,202.00,-4.00,254005,51461353,371
2022-03-15,TPEx,5543,桓鼎-KY,59.50,60.00,59.00,59.30,-0.70,20000,1189300,16
2022-03-15,TPEx,5601,台聯櫃,42.40,43.00,39.50,40.00,-2.30,18000,728300,16
2022-03-15,TPEx,5603,陸海,35.20,35.70,34.10,34.60,-1.20,2455725,85308886,1457
2022-03-15,TPEx,5604,中連,79.10,79.10,79.00,79.10,-0.80,13297,1051139,17
2022-03-15,TPEx,5609,中菲行,105.00,105.50,101.50,101.50,-2.50,1054462,108652763,856
2022-03-15,TPEx,5701,劍湖山,3.14,3.14,3.05,3.07,-0.08,283079,865641,81
2022-03-15,TPEx,5703,亞都,,,,,,0,0,0
2022-03-15,TPEx,5704,老爺知,29.80,29.80,29.10,29.40,+0.15,5019,147766,7
2022-03-15,TPEx,5820,日盛金,12.35,12.40,12.35,12.35,-0.05,430429,5323473,167
2022-03-15,TPEx,5864,致和證,16.35,16.35,16.05,16.20,-0.15,113649,1834704,65
2022-03-15,TPEx,5878,台名,47.50,47.50,47.45,47.45,-0.25,6838,324565,20
2022-03-15,TPEx,5902,德記,25.80,25.80,25.00,25.25,-0.55,56703,1426376,54
2022-03-15,TPEx,5903,全家,209.50,212.00,209.00,211.50,+2.00,60485,12724235,252
2022-03-15,TPEx,5904,寶雅,384.50,388.00,382.50,386.50,+1.50,54147,20904082,308
2022-03-15,TPEx,5905,南仁湖,14.00,14.10,13.80,13.85,-0.25,676361,9401008,356
2022-03-15,TPEx,6015,宏遠證,15.80,15.80,15.15,15.20,-0.50,1238419,19025123,649
2022-03-15,TPEx,6016,康和證,13.55,13.55,13.20,13.35,-0.25,1156117,15407619,376
2022-03-15,TPEx,6020,大展證,21.40,21.55,21.40,21.55,0.00,11185,240247,10
2022-03-15,TPEx,6021,美好證,20.60,20.70,20.60,20.60,-0.20,39095,805930,14
2022-03-15,TPEx,6023,元大期,49.70,49.70,49.40,49.45,-0.25,75117,3718654,90
2022-03-15,TPEx,6026,福邦證,20.50,20.50,20.05,20.15,-0.35,2418710,48806948,855
2022-03-15,TPEx,6101,寬魚國際,21.80,21.80,20.80,21.40,-0.10,21000,443250,20
2022-03-15,TPEx,6103,合邦,7.66,7.66,7.61,7.61,-0.20,8000,61030,4
2022-03-15,TPEx,6104,創惟,294.50,295.50,265.00,265.00,-29.00,30236864,8440202950,28168
2022-03-15,TPEx,6109,亞元,8.99,9.00,8.50,8.60,-0.33,283438,2492353,118
2022-03-15,TPEx,6111,大宇資,92.80,93.50,89.00,89.00,-4.20,1404396,126961690,1504
2022-03-15,TPEx,6113,亞矽,13.05,13.20,13.05,13.15,+0.10,55199,724255,35
2022-03-15,TPEx,6114,久威,22.85,22.85,22.35,22.70,-0.10,15000,337900,14
2022-03-15,TPEx,6118,建達,29.80,30.00,28.70,28.70,-1.40,1054924,30689887,770
2022-03-15,TPEx,6121,新普,317.00,317.00,308.00,308.00,-8.00,429934,133045273,577
2022-03-15,TPEx,6122,擎邦,12.90,14.05,12.80,14.05,+1.25,4772030,66207292,1622
2022-03-15,TPEx,6123,上奇,53.60,53.60,52.20,53.00,-0.60,84983,4510887,75
2022-03-15,TPEx,6124,業強,24.70,24.95,24.70,24.95,-0.05,4000,99050,4
2022-03-15,TPEx,6125,廣運,25.65,25.75,25.00,25.00,-0.80,1644761,41483109,872
2022-03-15,TPEx,6126,信音,25.15,25.20,24.60,24.65,-0.45,526671,13044446,447
2022-03-15,TPEx,6127,九豪,25.90,25.95,25.00,25.00,-1.05,554858,13997779,342
2022-03-15,TPEx,6129,普誠,34.15,34.15,33.05,33.05,-1.05,1648576,55068756,1190
2022-03-15,TPEx,6130,星寶國際,48.50,48.50,47.10,47.20,-1.20,126182,5999812,93
2022-03-15,TPEx,6134,萬旭,23.95,24.30,22.50,22.65,-1.35,1300803,30142548,685
2022-03-15,TPEx,6138,茂達,214.00,214.00,195.50,197.00,-17.00,3722539,747871096,5045
2022-03-15,TPEx,6140,訊達,16.80,17.05,16.40,16.40,-0.65,59338,985960,44
2022-03-15,TPEx,6143,振曜,46.80,47.15,45.45,45.90,-1.25,338788,15559215,302
2022-03-15,TPEx,6144,得利影,14.35,14.65,14.35,14.40,+0.40,3000,43400,3
2022-03-15,TPEx,6146,耕興,184.50,185.00,171.50,178.50,-6.00,361541,64524184,432
2022-03-15,TPEx,6147,頎邦,71.00,71.00,69.10,69.50,-1.50,5509167,383742371,4419
2022-03-15,TPEx,6148,驊宏資,14.20,15.05,14.20,14.45,+0.75,1430737,21003781,767
2022-03-15,TPEx,6150,撼訊,150.00,152.50,149.00,149.00,-0.50,1460222,219664977,1174
2022-03-15,TPEx,6151,晉倫,37.85,37.85,37.50,37.80,-0.05,49048,1848513,44
2022-03-15,TPEx,6154,順發,18.05,18.10,17.70,17.95,-0.10,117089,2092142,87
2022-03-15,TPEx,6156,松上,19.95,19.95,19.00,19.05,-0.75,559876,10768863,342
2022-03-15,TPEx,6158,禾昌,37.45,37.90,35.75,35.75,-1.65,465166,16880998,333
2022-03-15,TPEx,6160,欣技,15.00,15.10,14.80,15.10,0.00,95006,1420990,53
2022-03-15,TPEx,6161,捷波,33.65,33.80,32.70,32.85,-1.15,846695,28073344,543
2022-03-15,TPEx,6163,華電網,17.90,17.95,17.40,17.40,-0.30,475792,8343741,256
2022-03-15,TPEx,6167,久正,12.70,12.70,12.05,12.05,-0.45,687399,8386524,367
2022-03-15,TPEx,6169,昱泉,22.00,22.00,21.50,21.50,-0.50,96366,2086399,110
2022-03-15,TPEx,6170,統振,32.00,32.00,30.05,30.20,-1.85,690841,21146771,555
2022-03-15,TPEx,6171,大城地產,29.10,29.15,29.10,29.10,-0.20,41020,1193934,26
2022-03-15,TPEx,6173,信昌電,54.30,54.30,53.10,53.40,-0.90,286450,15321927,282
2022-03-15,TPEx,6174,安碁,27.55,28.55,27.55,27.70,-0.60,55241,1536181,54
2022-03-15,TPEx,6175,立敦,42.35,42.40,41.10,41.30,-1.30,594359,24614960,452
2022-03-15,TPEx,6179,亞通,28.25,28.25,27.80,27.90,-0.35,89263,2493678,194
2022-03-15,TPEx,6180,橘子,66.60,67.40,66.20,67.00,+0.50,2562523,171317286,1977
2022-03-15,TPEx,6182,合晶,71.80,72.00,70.10,70.20,-2.30,11462865,812409366,9037
2022-03-15,TPEx,6185,幃翔,13.90,13.90,13.60,13.75,+0.05,244380,3346255,218
2022-03-15,TPEx,6186,新潤,26.75,26.80,26.65,26.75,0.00,384429,10282414,197
2022-03-15,TPEx,6187,萬潤,138.50,139.50,131.50,131.50,-9.00,2736098,368934011,1905
2022-03-15,TPEx,6188,廣明,42.30,42.45,41.60,42.25,-0.05,1016225,42551946,648
2022-03-15,TPEx,6190,萬泰科,34.20,34.30,32.70,32.75,-1.45,1514573,50065016,1187
2022-03-15,TPEx,6194,育富,24.80,24.85,24.75,24.75,-0.05,13001,322224,8
2022-03-15,TPEx,6195,詩肯,53.50,53.50,53.00,53.20,-0.60,26028,1386100,27
2022-03-15,TPEx,6198,凌泰,35.00,35.00,33.50,33.50,-1.95,19153,651689,23
2022-03-15,TPEx,6199,天品,16.85,16.90,16.60,16.65,0.00,27100,455060,19
2022-03-15,TPEx,6203,海韻電,62.20,62.90,61.50,62.50,+0.10,350655,21841006,267
2022-03-15,TPEx,6204,艾華,72.20,72.20,71.20,71.50,-0.40,67098,4808996,96
2022-03-15,TPEx,6207,雷科,33.85,33.85,33.25,33.60,-0.25,346604,11612199,334
2022-03-15,TPEx,6208,日揚,53.50,54.00,53.20,53.50,,765033,40971607,442
2022-03-15,TPEx,6210,慶生,42.10,42.30,41.75,41.75,-0.35,22094,929065,26
2022-03-15,TPEx,6212,理銘,,,,,,0,0,0
2022-03-15,TPEx,6217,中探針,50.70,50.80,48.75,48.80,-1.90,1265863,62277094,1035
2022-03-15,TPEx,6218,豪勉,21.20,21.20,21.00,21.00,-0.25,177582,3737281,106
2022-03-15,TPEx,6219,富旺,18.10,18.20,17.70,17.95,-0.15,3507050,62710300,509
2022-03-15,TPEx,6220,岳豐,23.00,23.00,22.85,22.95,-0.25,67123,1540638,60
2022-03-15,TPEx,6221,晉泰,48.30,48.35,48.00,48.00,-0.30,18792,904311,81
2022-03-15,TPEx,6222,上揚,14.80,14.80,14.60,14.75,-0.10,24000,354050,8
2022-03-15,TPEx,6223,旺矽,100.50,101.00,97.70,97.70,-2.80,649708,64063250,1011
2022-03-15,TPEx,6227,茂綸,40.55,40.55,39.50,39.70,-0.80,584575,23233620,537
2022-03-15,TPEx,6228,全譜,19.50,19.50,17.75,17.75,-1.30,237025,4324473,172
2022-03-15,TPEx,6229,研通,38.40,38.40,37.00,37.35,-1.05,301143,11260038,198
2022-03-15,TPEx,6231,系微,98.10,100.00,94.80,95.00,-6.00,1710317,165165338,1386
2022-03-15,TPEx,6233,旺玖,28.90,28.90,27.20,27.30,-1.30,527716,14622562,315
2022-03-15,TPEx,6234,高僑,19.60,19.60,19.45,19.45,-0.35,43183,842170,33
2022-03-15,TPEx,6236,康呈,,,,,,0,0,0
2022-03-15,TPEx,6237,驊訊,71.70,71.70,68.00,68.00,-3.80,1339610,92784981,1186
2022-03-15,TPEx,6240,松崗,17.00,17.00,16.55,16.70,-0.30,16000,266200,12
2022-03-15,TPEx,6241,易通展,26.50,26.80,25.20,25.45,-1.40,889761,22976484,551
2022-03-15,TPEx,6242,立康,38.60,38.95,38.45,38.85,-0.15,14683,567365,18
2022-03-15,TPEx,6244,茂迪,33.35,34.00,32.05,32.05,-1.05,7456355,247354609,4180
2022-03-15,TPEx,6245,立端,54.00,54.00,53.00,53.60,-0.40,179932,9601722,150
2022-03-15,TPEx,6246,臺龍,16.15,16.15,15.60,15.70,-0.40,30031,474078,52
2022-03-15,TPEx,6247,淇譽電,10.40,10.40,10.40,10.40,0.00,1901,19909,22
2022-03-15,TPEx,6248,沛波,22.70,22.70,22.10,22.15,-0.55,160239,3569856,117
2022-03-15,TPEx,6259,百徽,42.30,44.20,42.30,44.20,+4.00,457596,20033335,341
2022-03-15,TPEx,6261,久元,80.20,80.40,78.70,79.00,-1.60,545999,43323520,732
2022-03-15,TPEx,6263,普萊德,72.00,72.00,71.50,71.60,-0.40,44131,3158602,51
2022-03-15,TPEx,6264,富裔,8.87,8.99,8.85,8.96,-0.03,81000,721900,31
2022-03-15,TPEx,6265,方土昶,13.20,13.25,12.70,12.70,-0.55,997901,12809261,439
2022-03-15,TPEx,6266,泰詠,25.85,25.95,24.80,24.80,-1.05,1173381,29549387,802
2022-03-15,TPEx,6270,倍微,25.05,25.05,24.70,24.80,-0.30,242670,6023768,176
2022-03-15,TPEx,6274,台燿,81.60,81.60,79.80,79.80,-1.90,1687672,135619989,1563
2022-03-15,TPEx,6275,元山,40.00,40.15,38.95,39.05,-0.95,1373954,53986067,904
2022-03-15,TPEx,6276,安鈦克,19.15,19.15,19.05,19.15,+0.05,37303,711903,30
2022-03-15,TPEx,6279,胡連,117.00,117.00,113.50,113.50,-3.50,343917,39249115,262
2022-03-15,TPEx,6284,佳邦,56.50,56.50,53.80,53.80,-2.70,1073661,58547486,800
2022-03-15,TPEx,6287,元隆,8.12,8.12,8.00,8.00,-0.12,28000,225730,18
2022-03-15,TPEx,6290,良維,50.20,50.20,49.50,49.65,-0.65,467469,23211519,424
2022-03-15,TPEx,6291,沛亨,42.25,42.25,41.00,42.00,-0.30,26821,1122149,23
2022-03-15,TPEx,6292,迅德,46.20,47.20,46.20,46.55,-0.75,121456,5659814,99
2022-03-15,TPEx,6294,智基,125.00,125.50,125.00,125.00,-0.50,22377,2799716,53
2022-03-15,TPEx,6404,通訊-KY,18.20,18.20,18.20,18.20,0.00,3407,61720,79
2022-03-15,TPEx,6411,晶焱,182.50,182.50,169.00,169.00,-12.00,2288119,395215460,3391
2022-03-15,TPEx,6417,韋僑,79.00,79.00,79.00,79.00,+0.10,1000,79000,1
2022-03-15,TPEx,6418,詠昇,19.50,19.50,19.00,19.50,-0.05,50000,960250,43
2022-03-15,TPEx,6419,京晨科,30.90,30.90,29.80,30.00,-0.95,38289,1147301,31
2022-03-15,TPEx,6425,易發,25.75,25.75,24.20,24.80,-0.30,19000,469150,16
2022-03-15,TPEx,6432,今展科,36.75,37.05,36.25,36.90,-0.20,39405,1438406,35
2022-03-15,TPEx,6435,大中,148.00,149.00,141.00,141.50,-6.50,937334,134893794,917
2022-03-15,TPEx,6441,廣錠,44.40,44.40,43.00,43.00,-1.40,92352,4008821,99
2022-03-15,TPEx,6446,藥華藥,315.00,315.00,307.50,308.50,-5.00,595765,184469891,677
2022-03-15,TPEx,6457,紘康,144.50,144.50,140.50,140.50,-5.50,312689,44216185,366
2022-03-15,TPEx,6461,益得,18.70,18.70,18.35,18.50,-0.15,63377,1174142,56
2022-03-15,TPEx,6462,神盾,97.20,97.20,93.50,93.80,-2.00,251771,23677043,324
2022-03-15,TPEx,6465,威潤,25.10,25.10,24.15,24.15,-0.95,91109,2217663,65
2022-03-15,TPEx,6469,大樹,280.00,284.00,272.50,273.50,-9.50,521738,143869249,2803
2022-03-15,TPEx,6470,宇智,43.20,43.80,42.70,43.80,+0.35,43104,1856760,63
2022-03-15,TPEx,6472,保瑞,170.00,170.00,165.00,165.00,-3.50,194821,32315573,343
2022-03-15,TPEx,6482,弘煜科,37.85,37.85,34.50,36.50,-0.10,50050,1760837,50
2022-03-15,TPEx,6485,點序,135.50,135.50,130.00,130.00,-7.00,1537214,202710538,1180
2022-03-15,TPEx,6486,互動,77.50,78.00,77.20,77.40,-0.40,77867,6030629,88
2022-03-15,TPEx,6488,環球晶,639.00,639.00,606.00,606.00,-36.00,2988477,1839793405,5501
2022-03-15,TPEx,6492,生華科,78.00,78.00,74.60,75.00,-3.30,770211,58361563,882
2022-03-15,TPEx,6494,九齊,144.00,144.00,138.50,139.50,-4.50,489642,68567845,668
2022-03-15,TPEx,6496,科懋,27.65,27.65,27.60,27.60,-0.05,23576,652729,146
2022-03-15,TPEx,6499,益安,79.90,80.00,77.00,77.40,-1.90,342911,26705844,284
2022-03-15,TPEx,6506,雙邦,19.05,19.15,18.90,18.90,-0.15,97115,1847329,58
2022-03-15,TPEx,6508,惠光,38.00,40.50,34.40,34.50,-2.60,24518917,936172241,14488
2022-03-15,TPEx,6509,聚和,56.70,56.70,54.50,54.60,-2.20,2516415,138813004,1929
2022-03-15,TPEx,6510,精測,603.00,603.00,590.00,591.00,-13.00,90702,54064070,194
2022-03-15,TPEx,6512,啟發電,18.15,18.85,18.10,18.85,+0.60,12324,226732,17
2022-03-15,TPEx,6514,芮特-KY,59.40,60.70,58.50,58.70,-1.00,188272,11147617,172
2022-03-15,TPEx,6516,勤崴國際,89.50,89.50,88.90,88.90,-0.70,35102,3127249,28
2022-03-15,TPEx,6523,達爾膚,94.70,94.80,93.20,93.40,-1.30,179393,16830890,176
2022-03-15,TPEx,6527,明達醫,46.50,46.90,46.50,46.70,+0.20,51000,2379900,43
2022-03-15,TPEx,6530,創威,21.10,21.15,20.75,21.00,-0.40,112155,2353167,66
2022-03-15,TPEx,6532,瑞耘,46.00,46.00,45.05,45.05,-1.25,137560,6233136,130
2022-03-15,TPEx,6535,順藥,35.35,35.35,34.60,34.80,-0.35,201844,7028437,157
2022-03-15,TPEx,6538,倉和,88.60,88.60,85.50,86.70,-1.90,305551,26488925,259
2022-03-15,TPEx,6542,隆中,,,,,,0,0,0
2022-03-15,TPEx,6547,高端疫苗,248.00,258.50,246.50,247.00,0.00,3556882,895532821,3505
2022-03-15,TPEx,6548,長科*,96.90,96.90,93.50,93.50,-3.40,831467,78541019,820
2022-03-15,TPEx,6556,勝品,59.00,59.00,59.00,59.00,0.00,1150,67579,3
2022-03-15,TPEx,6560,欣普羅,76.80,78.00,76.50,76.90,-0.80,169474,13047358,207
2022-03-15,TPEx,6561,是方,275.00,275.00,270.00,270.50,-6.50,31916,8666078,73
2022-03-15,TPEx,6568,宏觀,203.50,203.50,188.00,189.50,-15.50,720282,139401498,745
2022-03-15,TPEx,6569,醫揚,100.50,100.50,100.50,100.50,-1.00,2533,254566,17
2022-03-15,TPEx,6570,維田,42.55,42.75,42.15,42.30,-0.40,46112,1950312,46
2022-03-15,TPEx,6574,霈方,,,,,,0,0,0
2022-03-15,TPEx,6576,逸達,120.00,121.50,116.00,117.00,-1.00,621015,73365916,495
2022-03-15,TPEx,6577,勁豐,64.50,64.80,64.40,64.40,-0.40,19316,1246756,20
2022-03-15,TPEx,6578,達邦蛋白,16.80,16.85,16.30,16.50,+0.25,78878,1305847,59
2022-03-15,TPEx,6588,東典光電,40.90,40.90,39.20,40.75,-0.70,16025,640075,39
2022-03-15,TPEx,6589,台康生技,93.80,94.80,91.00,91.30,-1.80,889393,82102513,833
2022-03-15,TPEx,6590,普鴻,67.00,67.20,67.00,67.10,-1.60,7169,481464,17
2022-03-15,TPEx,6593,台灣銘板,43.65,43.65,43.65,43.65,+3.95,383627,16745296,251
2022-03-15,TPEx,6594,展匯科,40.50,40.50,38.85,39.00,-0.65,101126,3955422,73
2022-03-15,TPEx,6596,寬宏藝術,48.65,48.95,48.45,48.80,-0.20,10553,513416,24
2022-03-15,TPEx,6603,富強鑫,16.95,16.95,16.05,16.05,-0.90,1182105,19234041,539
2022-03-15,TPEx,6609,瀧澤科,31.70,31.70,30.75,31.00,-0.30,126162,3919310,94
2022-03-15,TPEx,6612,奈米醫材,84.10,84.80,79.30,79.30,-4.90,402131,32909909,380
2022-03-15,TPEx,6613,朋億,170.00,170.00,165.00,165.50,-4.50,99037,16445550,126
2022-03-15,TPEx,6615,慧智,46.00,46.00,45.75,46.00,-0.05,15100,693900,15
2022-03-15,TPEx,6616,特昇-KY,18.80,18.80,18.60,18.60,-0.30,4015,74931,5
2022-03-15,TPEx,6624,萬年清,41.00,41.00,40.55,41.00,0.00,7000,286550,7
2022-03-15,TPEx,6629,泰金-KY,58.20,59.80,58.20,59.80,+1.00,2000,118000,2
2022-03-15,TPEx,6640,均華,98.60,99.50,96.60,99.50,-0.50,15047,1486115,16
2022-03-15,TPEx,6642,富致,69.30,69.30,68.00,68.30,+0.30,15220,1039968,17
2022-03-15,TPEx,6643,M31,323.50,323.50,312.00,313.50,-10.00,192554,60508690,343
2022-03-15,TPEx,6649,台生材,22.75,22.75,22.25,22.30,-0.20,19223,430915,89
2022-03-15,TPEx,6651,全宇昕,94.80,94.80,92.00,92.10,-1.60,56050,5189779,46
2022-03-15,TPEx,6654,天正國際,76.00,76.00,72.60,72.70,-4.00,109684,8050381,101
2022-03-15,TPEx,6661,威健生技,21.50,21.50,20.85,21.00,0.00,15009,318207,19
2022-03-15,TPEx,6662,樂斯科,29.10,29.95,29.05,29.95,0.00,7000,205000,7
2022-03-15,TPEx,6664,群翊,88.70,88.70,82.00,82.50,-4.70,466317,39171607,411
2022-03-15,TPEx,6667,信紘科,84.90,85.50,83.10,83.20,-1.40,375955,31599814,306
2022-03-15,TPEx,6679,鈺太,415.00,415.00,389.50,393.50,-21.50,568032,224895724,574
2022-03-15,TPEx,6680,鑫創電子,45.00,45.15,45.00,45.15,-3.35,2121,95858,5
2022-03-15,TPEx,6683,雍智科技,229.00,229.00,222.00,222.00,-10.50,202489,45419558,451
2022-03-15,TPEx,6684,安格,135.50,135.50,126.00,126.50,-10.00,331179,42881149,365
2022-03-15,TPEx,6690,安碁資訊,122.00,122.00,116.50,120.00,+0.50,6136,731570,11
2022-03-15,TPEx,6693,廣閎科,98.00,100.00,95.60,97.00,0.00,188861,18362990,200
2022-03-15,TPEx,6697,東捷資訊,38.55,38.55,38.00,38.00,+0.20,5000,191500,5
2022-03-15,TPEx,6703,軒郁,79.50,80.80,79.20,80.80,+0.80,11649,928445,31
2022-03-15,TPEx,6712,長聖,191.00,191.00,184.50,184.50,-5.00,527519,98173902,583
2022-03-15,TPEx,6716,應廣,150.00,150.00,144.50,147.50,-2.50,77726,11360746,87
2022-03-15,TPEx,6727,亞泰金屬,74.50,74.50,73.00,73.00,-1.90,145007,10671131,122
2022-03-15,TPEx,6728,上洋,178.00,178.00,171.50,172.00,+10.00,537089,94953413,458
2022-03-15,TPEx,6732,昇佳電子,418.50,418.50,407.00,409.00,-11.00,96278,39584633,208
2022-03-15,TPEx,6733,博晟生醫,24.70,24.90,24.40,24.90,0.00,50000,1230100,30
2022-03-15,TPEx,6741,91APP*-KY,169.00,175.00,152.00,155.50,-11.00,1384074,225631333,1570
2022-03-15,TPEx,6747,亨泰光,222.50,222.50,215.00,217.00,-8.50,55306,12025368,462
2022-03-15,TPEx,6751,智聯服務,45.30,45.45,44.80,44.85,-0.65,79394,3580782,85
2022-03-15,TPEx,6752,叡揚,52.00,52.70,52.00,52.60,+0.60,10200,531820,10
2022-03-15,TPEx,6761,穩得,115.00,115.00,109.00,110.00,-7.00,142155,15764837,165
2022-03-15,TPEx,6762,達亞,,,,,,0,0,0
2022-03-15,TPEx,6763,綠界科技,831.00,831.00,762.00,774.00,+14.00,715544,557310847,1838
2022-03-15,TPEx,6767,台微醫,31.60,31.60,31.40,31.50,-0.50,31000,977350,17
2022-03-15,TPEx,6788,華景電,172.50,173.00,164.50,164.50,-9.00,177510,29726542,215
2022-03-15,TPEx,6803,崑鼎,240.00,241.00,239.50,241.00,+1.00,67776,16266138,231
2022-03-15,TPEx,6829,千附精密,74.00,75.50,73.50,75.50,+0.50,735772,55037779,427
2022-03-15,TPEx,7402,邑錡,48.55,48.60,48.50,48.50,-0.20,3025,146867,4
2022-03-15,TPEx,7556,意德士,111.50,111.50,109.00,111.00,-2.00,17120,1881140,18
2022-03-15,TPEx,8024,佑華,23.05,23.30,22.65,22.65,-0.60,133101,3046116,96
2022-03-15,TPEx,8027,鈦昇,69.50,69.50,66.90,67.00,-2.20,381159,25790955,330
2022-03-15,TPEx,8032,光菱,28.25,28.25,27.85,27.85,-0.45,16057,448088,68
2022-03-15,TPEx,8034,榮群,17.65,17.90,17.00,17.15,-0.70,577470,10000304,405
2022-03-15,TPEx,8038,長園科,38.40,39.10,37.35,37.40,-1.00,226928,8528352,202
2022-03-15,TPEx,8040,九暘,59.50,59.50,56.60,56.80,-2.70,839625,48336626,967
2022-03-15,TPEx,8042,金山電,41.35,42.00,41.30,41.55,0.00,171332,7113068,79
2022-03-15,TPEx,8043,蜜望實,25.70,25.75,24.80,25.05,-0.65,177177,4449878,210
2022-03-15,TPEx,8044,網家,81.40,81.50,77.20,77.40,-5.10,2915016,229590185,4322
2022-03-15,TPEx,8047,星雲,13.65,13.95,13.60,13.90,-0.05,78028,1077567,35
2022-03-15,TPEx,8048,德勝,34.70,35.00,34.20,35.00,+0.35,53232,1837412,48
2022-03-15,TPEx,8049,晶采,26.25,26.25,26.00,26.05,-0.20,316926,8263620,223
2022-03-15,TPEx,8050,廣積,40.80,40.80,40.00,40.10,-0.90,158213,6362204,110
2022-03-15,TPEx,8054,安國,57.10,57.30,53.50,53.60,-3.90,2824646,154493961,2449
2022-03-15,TPEx,8059,凱碩,10.05,10.10,10.00,10.00,-0.10,80005,800750,25
2022-03-15,TPEx,8064,東捷,18.90,19.00,18.30,18.35,-0.50,786629,14617529,437
2022-03-15,TPEx,8066,來思達,31.20,31.20,30.90,30.90,-0.30,24575,762307,80
2022-03-15,TPEx,8067,志旭,9.52,9.54,9.52,9.54,+0.02,2002,19079,4
2022-03-15,TPEx,8068,全達,32.20,32.80,31.10,31.65,-0.50,112199,3586897,85
2022-03-15,TPEx,8069,元太,135.00,135.50,126.50,126.50,-9.50,19180090,2487922397,13121
2022-03-15,TPEx,8071,能率網通,17.20,17.25,16.95,17.00,-0.20,371020,6328042,156
2022-03-15,TPEx,8074,鉅橡,20.00,20.15,19.80,20.05,-0.15,107474,2143592,60
2022-03-15,TPEx,8076,伍豐,29.70,29.70,29.00,29.25,-0.45,805065,23579388,582
2022-03-15,TPEx,8077,洛碁,12.00,12.85,11.70,12.75,+0.40,50000,602750,26
2022-03-15,TPEx,8080,永利聯合,16.85,16.85,16.55,16.55,-0.35,15296,256178,41
2022-03-15,TPEx,8083,瑞穎,178.00,178.00,177.00,178.00,0.00,24013,4264866,23
2022-03-15,TPEx,8084,巨虹,66.50,66.50,63.80,64.20,-1.10,88000,5695100,55
2022-03-15,TPEx,8085,福華,16.40,16.40,16.10,16.30,-0.15,64513,1049055,114
2022-03-15,TPEx,8086,宏捷科,97.70,97.70,93.50,93.50,-4.20,3030674,288342424,3079
2022-03-15,TPEx,8087,華鎂鑫,32.40,32.40,31.20,31.35,-1.25,64146,2021462,56
2022-03-15,TPEx,8088,品安,22.45,22.50,22.10,22.10,-0.40,96827,2145794,127
2022-03-15,TPEx,8089,康全電訊,26.55,26.55,24.95,24.95,-1.15,158008,3986717,310
2022-03-15,TPEx,8091,翔名,89.30,90.20,87.30,87.30,-3.80,1223839,108083897,1133
2022-03-15,TPEx,8092,建暐,10.05,10.25,10.00,10.00,-0.15,69600,704140,44
2022-03-15,TPEx,8093,保銳,7.86,7.98,7.82,7.83,-0.16,58120,456778,39
2022-03-15,TPEx,8096,擎亞,13.30,13.30,13.10,13.20,-0.10,460717,6073985,256
2022-03-15,TPEx,8097,常珵,38.25,38.90,38.00,38.10,-0.15,318674,12227974,203
2022-03-15,TPEx,8099,大世科,38.35,38.50,38.35,38.45,-0.10,25181,967513,33
2022-03-15,TPEx,8107,大億金茂,19.80,20.05,19.25,19.40,-0.50,169945,3313447,123
2022-03-15,TPEx,8109,博大,74.20,74.20,73.30,73.30,-0.90,12050,888510,12
2022-03-15,TPEx,8111,立碁,24.15,24.15,23.05,23.05,-1.00,1063138,24812220,573
2022-03-15,TPEx,8121,越峰,34.50,34.60,32.85,33.15,-1.70,1685508,56293160,1072
2022-03-15,TPEx,8147,正淩,62.50,62.60,61.10,61.30,-1.50,180784,11111705,161
2022-03-15,TPEx,8155,博智,192.50,195.00,189.00,189.50,-2.00,3435195,658445206,3901
2022-03-15,TPEx,8171,天宇,49.25,49.25,48.00,48.60,-0.55,156025,7525166,192
2022-03-15,TPEx,8176,智捷,8.77,8.77,8.50,8.51,-0.29,71091,612567,452
2022-03-15,TPEx,8182,加高,49.80,49.80,48.20,48.30,-1.50,283793,13803091,252
2022-03-15,TPEx,8183,精星,54.50,54.50,51.80,51.80,-2.10,1074523,56112520,824
2022-03-15,TPEx,8234,新漢,22.80,22.80,22.25,22.25,-0.45,79178,1769114,76
2022-03-15,TPEx,8240,華宏,31.85,32.00,31.50,32.00,0.00,55579,1762229,74
2022-03-15,TPEx,8255,朋程,217.00,220.00,208.50,210.00,-9.00,836734,178489519,3035
2022-03-15,TPEx,8277,商丞,11.80,11.80,11.50,11.50,-0.35,234301,2716014,160
2022-03-15,TPEx,8279,生展,121.00,124.00,121.00,123.00,+1.50,19291,2366869,22
2022-03-15,TPEx,8284,三竹,50.80,50.80,49.15,49.95,-0.85,224480,11148913,184
2022-03-15,TPEx,8289,泰藝,32.35,32.35,31.45,31.60,-1.10,396458,12552819,279
2022-03-15,TPEx,8291,尚茂,6.62,6.62,6.58,6.60,-0.58,101017,667471,39
2022-03-15,TPEx,8299,群聯,485.00,487.00,462.00,464.00,-23.00,4085135,1915807387,5765
2022-03-15,TPEx,8342,益張,53.80,54.00,53.50,53.50,-0.30,35219,1897318,29
2022-03-15,TPEx,8349,恒耀,57.50,57.80,57.30,57.70,-0.20,24000,1380200,17
2022-03-15,TPEx,8349A,恒耀甲特,46.30,46.30,46.30,46.30,-0.20,1000,46300,1
2022-03-15,TPEx,8354,冠好,14.15,14.15,14.00,14.05,-0.30,60188,845647,41
2022-03-15,TPEx,8358,金居,70.50,70.50,68.50,68.80,-1.80,3086983,213540568,2485
2022-03-15,TPEx,8383,千附,39.40,39.50,39.25,39.40,+0.05,486230,19125875,348
2022-03-15,TPEx,8390,金益鼎,36.00,36.00,34.10,34.10,-1.90,2556778,89069060,1652
2022-03-15,TPEx,8401,白紗科,20.10,20.20,19.50,19.70,-0.30,1100249,21802387,633
2022-03-15,TPEx,8403,盛弘,26.95,27.40,26.80,26.85,-0.05,135900,3663684,249
2022-03-15,TPEx,8406,金可-KY,277.00,277.00,276.50,277.00,0.00,304192,84147507,187
2022-03-15,TPEx,8409,商之器,16.30,16.30,16.15,16.15,-0.15,6030,97690,33
2022-03-15,TPEx,8410,森田,31.50,31.50,31.35,31.45,-0.35,7144,224678,11
2022-03-15,TPEx,8415,大國鋼,40.60,40.85,39.35,39.40,-1.45,3080944,123071748,2026
2022-03-15,TPEx,8416,實威,125.00,125.00,123.50,125.00,0.00,20025,2491054,31
2022-03-15,TPEx,8418,捷必勝-KY,10.10,10.10,10.10,10.10,+0.05,5000,50500,4
2022-03-15,TPEx,8420,明揚,38.50,38.50,38.20,38.35,-0.45,43479,1665096,36
2022-03-15,TPEx,8421,旭源,13.70,13.80,13.40,13.55,-0.20,134321,1824787,91
2022-03-15,TPEx,8423,保綠-KY,18.50,18.50,18.50,18.50,+0.45,4264,78609,40
2022-03-15,TPEx,8424,惠普,67.70,68.00,66.80,67.80,+0.10,22278,1504704,30
2022-03-15,TPEx,8426,紅木-KY,16.00,16.00,15.90,16.00,0.00,6000,95850,5
2022-03-15,TPEx,8431,匯鑽科,68.90,69.00,67.50,69.00,+0.10,270735,18513760,178
2022-03-15,TPEx,8432,東生華,42.50,42.50,42.10,42.45,-0.30,13220,558334,12
2022-03-15,TPEx,8433,弘帆,45.10,45.10,44.10,44.10,-0.35,3200,142350,5
2022-03-15,TPEx,8435,鉅邁,65.30,65.30,64.20,64.40,-0.90,91094,5884882,121
2022-03-15,TPEx,8436,大江,205.00,205.00,197.50,197.50,-7.50,744541,148401181,2996
2022-03-15,TPEx,8437,大地-KY,116.50,116.50,115.00,115.50,-1.00,41350,4774167,559
2022-03-15,TPEx,8440,綠電,53.90,53.90,48.70,49.10,-4.90,14871657,761914484,8789
2022-03-15,TPEx,8444,綠河-KY,100.00,100.00,99.50,99.50,-2.50,29000,2892500,25
2022-03-15,TPEx,8446,華研,86.10,86.30,85.00,85.60,-0.50,127667,10911680,138
2022-03-15,TPEx,8450,霹靂,38.35,38.35,37.00,37.00,-1.45,388330,14496370,361
2022-03-15,TPEx,8455,大拓-KY,29.45,29.45,29.45,29.45,-0.30,1000,29450,1
2022-03-15,TPEx,8472,夠麻吉,47.20,47.20,47.20,47.20,0.00,1000,47200,1
2022-03-15,TPEx,8476,台境,58.00,58.00,56.40,57.00,-1.10,302003,17199274,153
2022-03-15,TPEx,8477,創業家,28.10,28.65,27.70,28.00,-0.10,7372,207360,70
2022-03-15,TPEx,8489,三貝德,32.10,32.10,31.00,31.20,-1.10,110071,3457706,134
2022-03-15,TPEx,8905,裕國,23.25,23.35,22.80,23.05,-0.30,210627,4850100,121
2022-03-15,TPEx,8906,花王,19.50,19.50,18.60,18.85,0.00,8000,150950,8
2022-03-15,TPEx,8908,欣雄,72.00,72.00,70.70,70.90,-0.20,33351,2375933,47
2022-03-15,TPEx,8916,光隆,42.80,42.80,42.10,42.55,-0.35,122918,5231792,186
2022-03-15,TPEx,8916A,光隆甲特,50.00,50.10,49.90,50.10,0.00,21019,1050201,18
2022-03-15,TPEx,8917,欣泰,,,,,,180,16396,5
2022-03-15,TPEx,8921,沈氏,,,,,,2,29,1
2022-03-15,TPEx,8923,時報,19.65,19.65,18.20,18.60,+0.15,9001,168417,10
2022-03-15,TPEx,8924,大田,142.00,142.00,139.00,140.00,-1.50,705969,99020920,531
2022-03-15,TPEx,8927,北基,31.60,31.85,31.05,31.85,+0.20,159466,4996281,93
2022-03-15,TPEx,8928,鉅明,37.40,37.40,37.00,37.10,-0.30,98033,3638224,102
2022-03-15,TPEx,8929,富堡,20.75,20.80,20.65,20.65,-0.10,18340,380910,158
2022-03-15,TPEx,8930,青鋼,18.00,18.45,18.00,18.45,+1.65,4326097,79446505,1581
2022-03-15,TPEx,8931,大汽電,31.60,31.60,31.45,31.55,+0.05,32029,1009469,24
2022-03-15,TPEx,8932,宏大,26.00,26.00,26.00,26.00,0.00,5000,130000,5
2022-03-15,TPEx,8933,愛地雅,12.30,12.30,12.00,12.10,-0.20,683597,8274495,422
2022-03-15,TPEx,8935,邦泰,13.50,13.85,13.30,13.50,0.00,165927,2226201,110
2022-03-15,TPEx,8936,國統,21.15,21.15,20.70,20.80,-0.35,502702,10452876,268
2022-03-15,TPEx,8937,合騏,12.10,12.30,12.10,12.20,0.00,17140,209221,15
2022-03-15,TPEx,8938,明安,77.00,77.00,75.30,75.60,-1.20,677708,51329939,440
2022-03-15,TPEx,8941,關中,37.15,37.50,37.15,37.50,+0.40,2022,75475,3
2022-03-15,TPEx,8942,森鉅,67.30,67.30,66.60,67.00,-0.20,214666,14346852,164
2022-03-15,TPEx,9949,琉園,12.40,12.55,12.30,12.30,-0.25,62973,780180,110
2022-03-15,TPEx,9950,萬國通,11.80,11.95,11.80,11.95,-0.05,12250,145162,9
2022-03-15,TPEx,9951,皇田,74.10,74.10,73.60,73.60,-0.50,38542,2845018,50
2022-03-15,TPEx,9960,邁達康,25.70,25.85,25.60,25.80,-0.25,8475,217958,12
2022-03-15,TPEx,9962,有益,18.60,19.30,17.85,17.85,-0.60,5278334,98051090,2680
